Product Name,Recommended Product,CoOccurrence,Support,Confidence,Lift
"""While you Were Out"" Message Book, One Form per Page",4009 Highlighters by Sanford,1,0.0002,0.3333,208.71
"""While you Were Out"" Message Book, One Form per Page","Acco 7-Outlet Masterpiece Power Center, Wihtout Fax/Phone Line Protection",1,0.0002,0.3333,238.52
"""While you Were Out"" Message Book, One Form per Page",Avery 500,1,0.0002,0.3333,834.83
"""While you Were Out"" Message Book, One Form per Page",Geemarc AmpliPOWER60,1,0.0002,0.3333,151.79
"""While you Were Out"" Message Book, One Form per Page","Global Leather Task Chair, Black",1,0.0002,0.3333,208.71
"#10 Gummed Flap White Envelopes, 100/Box","Square Ring Data Binders, Rigid 75 Pt. Covers, 11"" x 14-7/8""",1,0.0002,0.25,178.89
"#10 Gummed Flap White Envelopes, 100/Box",Xerox 1959,1,0.0002,0.25,208.71
"#10 Gummed Flap White Envelopes, 100/Box","Adams Phone Message Book, 200 Message Capacity, 8 1/16 x 11",1,0.0002,0.25,156.53
"#10 Gummed Flap White Envelopes, 100/Box","Dixon Prang Watercolor Pencils, 10-Color Set with Brush",1,0.0002,0.25,178.89
"#10 Gummed Flap White Envelopes, 100/Box",Sauder Barrister Bookcases,1,0.0002,0.25,417.42
#10 Self-Seal White Envelopes,Canon PC-428 Personal Copier,1,0.0002,0.25,208.71
#10 Self-Seal White Envelopes,Catalog Binders with Expanding Posts,1,0.0002,0.25,156.53
#10 Self-Seal White Envelopes,GBC Twin Loop Wire Binding Elements,1,0.0002,0.25,125.22
#10 Self-Seal White Envelopes,Holmes Odor Grabber,1,0.0002,0.25,156.53
#10 Self-Seal White Envelopes,Hon Pagoda Stacking Chairs,1,0.0002,0.25,313.06
"#10 White Business Envelopes,4 1/8 x 9 1/2",Staples,3,0.000599,0.4286,9.67
"#10 White Business Envelopes,4 1/8 x 9 1/2",Newell 34,1,0.0002,0.1429,102.22
"#10 White Business Envelopes,4 1/8 x 9 1/2",Polycom CX300 Desktop Phone USB VoIP phone,1,0.0002,0.1429,143.11
"#10 White Business Envelopes,4 1/8 x 9 1/2","Wirebound Four 2-3/4 x 5 Forms per Page, 400 Sets per Book",1,0.0002,0.1429,119.26
"#10 White Business Envelopes,4 1/8 x 9 1/2",Xerox 1971,1,0.0002,0.1429,119.26
"#10- 4 1/8"" x 9 1/2"" Recycled Envelopes","DataProducts Ampli Magnifier Task Lamp, Black,",1,0.0002,0.1,100.18
"#10- 4 1/8"" x 9 1/2"" Recycled Envelopes","OIC Colored Binder Clips, Assorted Sizes",1,0.0002,0.1,71.56
"#10- 4 1/8"" x 9 1/2"" Recycled Envelopes",Newell 34,1,0.0002,0.1,71.56
"#10- 4 1/8"" x 9 1/2"" Recycled Envelopes",Wilson Jones data.warehouse D-Ring Binders with DublLock,1,0.0002,0.1,100.18
"#10- 4 1/8"" x 9 1/2"" Recycled Envelopes",Bevis Round Conference Table Top & Single Column Base,1,0.0002,0.1,100.18
"#10- 4 1/8"" x 9 1/2"" Security-Tint Envelopes","Global Deluxe Stacking Chair, Gray",1,0.0002,0.125,89.45
"#10- 4 1/8"" x 9 1/2"" Security-Tint Envelopes",Dax Clear Box Frame,1,0.0002,0.125,104.35
"#10- 4 1/8"" x 9 1/2"" Security-Tint Envelopes",SANFORD Liquid Accent Tank-Style Highlighters,1,0.0002,0.125,208.71
"#10- 4 1/8"" x 9 1/2"" Security-Tint Envelopes",Avery Durable Slant Ring Binders With Label Holder,1,0.0002,0.125,69.57
"#10- 4 1/8"" x 9 1/2"" Security-Tint Envelopes",Ibico Presentation Index for Binding Systems,1,0.0002,0.125,89.45
"#10-4 1/8"" x 9 1/2"" Premium Diagonal Seam Envelopes","Atlantic Metals Mobile 3-Shelf Bookcases, Custom Colors",1,0.0002,0.5,313.06
"#10-4 1/8"" x 9 1/2"" Premium Diagonal Seam Envelopes","Global Fabric Manager's Chair, Dark Gray",1,0.0002,0.5,278.28
"#10-4 1/8"" x 9 1/2"" Premium Diagonal Seam Envelopes",Plantronics HL10 Handset Lifter,1,0.0002,0.5,834.83
#6 3/4 Gummed Flap White Envelopes,Accohide Poly Flexible Ring Binders,1,0.0002,0.25,156.53
#6 3/4 Gummed Flap White Envelopes,"Avery 4027 File Folder Labels for Dot Matrix Printers, 5000 Labels per Box, White",1,0.0002,0.25,113.84
#6 3/4 Gummed Flap White Envelopes,Newell 347,1,0.0002,0.25,178.89
#6 3/4 Gummed Flap White Envelopes,"Tennsco Lockers, Sand",1,0.0002,0.25,250.45
#6 3/4 Gummed Flap White Envelopes,Nu-Dell Float Frame 11 x 14 1/2,1,0.0002,0.25,178.89
"1.7 Cubic Foot Compact ""Cube"" Office Refrigerators",Newell 310,1,0.0002,0.1667,119.26
"1.7 Cubic Foot Compact ""Cube"" Office Refrigerators","Southworth 100% Résumé Paper, 24lb.",1,0.0002,0.1667,119.26
"1.7 Cubic Foot Compact ""Cube"" Office Refrigerators",Avery Heavy-Duty EZD  Binder With Locking Rings,1,0.0002,0.1667,139.14
"1.7 Cubic Foot Compact ""Cube"" Office Refrigerators","Dixon Prang Watercolor Pencils, 10-Color Set with Brush",1,0.0002,0.1667,119.26
"1.7 Cubic Foot Compact ""Cube"" Office Refrigerators",Newell 331,1,0.0002,0.1667,208.71
"1/4 Fold Party Design Invitations & White Envelopes, 24 8-1/2"" X 11"" Cards, 25 Env./Pack",Nortel Meridian M3904 Professional Digital phone,1,0.0002,0.5,250.45
"1/4 Fold Party Design Invitations & White Envelopes, 24 8-1/2"" X 11"" Cards, 25 Env./Pack","Sanford Colorific Eraseable Coloring Pencils, 12 Count",1,0.0002,0.5,626.12
"1/4 Fold Party Design Invitations & White Envelopes, 24 8-1/2"" X 11"" Cards, 25 Env./Pack",Staples,1,0.0002,0.5,11.28
"1/4 Fold Party Design Invitations & White Envelopes, 24 8-1/2"" X 11"" Cards, 25 Env./Pack",Xerox 226,1,0.0002,0.5,227.68
12 Colored Short Pencils,"Master Caster Door Stop, Large Neon Orange",1,0.0002,0.3333,238.52
12 Colored Short Pencils,Xerox 1985,1,0.0002,0.3333,834.83
12-1/2 Diameter Round Wall Clock,Global Comet Stacking Arm Chair,1,0.0002,0.125,125.22
12-1/2 Diameter Round Wall Clock,Strathmore Photo Mount Cards,1,0.0002,0.125,69.57
12-1/2 Diameter Round Wall Clock,Wilson Electronics DB Pro Signal Booster,1,0.0002,0.125,62.61
12-1/2 Diameter Round Wall Clock,"Deflect-o SuperTray Unbreakable Stackable Tray, Letter, Black",1,0.0002,0.125,156.53
12-1/2 Diameter Round Wall Clock,Newell 343,1,0.0002,0.125,89.45
14-7/8 x 11 Blue Bar Computer Printout Paper,Advantus Push Pins,1,0.0002,0.25,178.89
14-7/8 x 11 Blue Bar Computer Printout Paper,"Angle-D Binders with Locking Rings, Label Holders",1,0.0002,0.25,125.22
14-7/8 x 11 Blue Bar Computer Printout Paper,AT&T 17929 Lendline Telephone,1,0.0002,0.25,125.22
14-7/8 x 11 Blue Bar Computer Printout Paper,Assorted Color Push Pins,1,0.0002,0.25,156.53
14-7/8 x 11 Blue Bar Computer Printout Paper,Xerox 1915,1,0.0002,0.25,139.14
2300 Heavy-Duty Transfer File Systems by Perma,Global Leather Executive Chair,1,0.0002,0.25,178.89
2300 Heavy-Duty Transfer File Systems by Perma,3M Replacement Filter for Office Air Cleaner for 20' x 33' Room,1,0.0002,0.25,313.06
2300 Heavy-Duty Transfer File Systems by Perma,GBC VeloBinder Electric Binding Machine,1,0.0002,0.25,313.06
2300 Heavy-Duty Transfer File Systems by Perma,Lock-Up Easel 'Spel-Binder',1,0.0002,0.25,178.89
2300 Heavy-Duty Transfer File Systems by Perma,Petty Cash Envelope,1,0.0002,0.25,417.42
"24 Capacity Maxi Data Binder Racks, Pearl","Avery 4027 File Folder Labels for Dot Matrix Printers, 5000 Labels per Box, White",1,0.0002,0.25,113.84
"24 Capacity Maxi Data Binder Racks, Pearl",Logitech Wireless Performance Mouse MX for PC and Mac,1,0.0002,0.25,178.89
"24 Capacity Maxi Data Binder Racks, Pearl",Satellite Sectional Post Binders,1,0.0002,0.25,113.84
"24 Capacity Maxi Data Binder Racks, Pearl",Wirebound Voice Message Log Book,1,0.0002,0.25,626.12
"24 Capacity Maxi Data Binder Racks, Pearl","Global Push Button Manager's Chair, Indigo",1,0.0002,0.25,139.14
24-Hour Round Wall Clock,Geemarc AmpliPOWER60,1,0.0002,0.1667,75.89
24-Hour Round Wall Clock,Things To Do Today Pad,1,0.0002,0.1667,119.26
24-Hour Round Wall Clock,Wilson Jones Turn Tabs Binder Tool for Ring Binders,1,0.0002,0.1667,64.22
24-Hour Round Wall Clock,Logitech Media Keyboard K200,1,0.0002,0.1667,208.71
24-Hour Round Wall Clock,Eldon Radial Chair Mat for Low to Medium Pile Carpets,1,0.0002,0.1667,139.14
3.6 Cubic Foot Counter Height Office Refrigerator,Xerox 1988,1,0.0002,0.2,111.31
3.6 Cubic Foot Counter Height Office Refrigerator,Cardinal Holdit Business Card Pockets,1,0.0002,0.2,125.22
3.6 Cubic Foot Counter Height Office Refrigerator,Global Enterprise Series Seating Low-Back Swivel/Tilt Chairs,1,0.0002,0.2,1001.8
3.6 Cubic Foot Counter Height Office Refrigerator,"Howard Miller 13-3/4"" Diameter Brushed Chrome Round Wall Clock",1,0.0002,0.2,111.31
3.6 Cubic Foot Counter Height Office Refrigerator,"Mead 1st Gear 2"" Zipper Binder, Asst. Colors",1,0.0002,0.2,333.93
36X48 HARDFLOOR CHAIRMAT,"Situations Contoured Folding Chairs, 4/Set",1,0.0002,0.1667,55.66
36X48 HARDFLOOR CHAIRMAT,G.E. Halogen Desk Lamp Bulbs,1,0.0002,0.1667,166.97
36X48 HARDFLOOR CHAIRMAT,Standard Rollaway File with Lock,1,0.0002,0.1667,83.48
36X48 HARDFLOOR CHAIRMAT,Acco Side-Punched Conventional Columnar Pads,1,0.0002,0.1667,208.71
36X48 HARDFLOOR CHAIRMAT,Avery Fluorescent Highlighter Four-Color Set,1,0.0002,0.1667,104.35
"3D Systems Cube Printer, 2nd Generation, Magenta","Global High-Back Leather Tilter, Burgundy",1,0.0002,0.5,178.89
"3D Systems Cube Printer, 2nd Generation, Magenta",Samsung HM1900 Bluetooth Headset,1,0.0002,0.5,357.79
"3D Systems Cube Printer, 2nd Generation, Magenta",Stacking Trays by OIC,1,0.0002,0.5,417.42
"3D Systems Cube Printer, 2nd Generation, Magenta",Wilson Jones Standard D-Ring Binders,1,0.0002,0.5,313.06
"3D Systems Cube Printer, 2nd Generation, White",Vinyl Sectional Post Binders,1,0.0002,0.5,227.68
"3D Systems Cube Printer, 2nd Generation, White",Xerox 209,1,0.0002,0.5,500.9
3M Hangers With Command Adhesive,Lexmark MarkNet N8150 Wireless Print Server,1,0.0002,0.125,313.06
3M Hangers With Command Adhesive,AT&T TR1909W,1,0.0002,0.125,156.53
3M Hangers With Command Adhesive,First Data FD10 PIN Pad,1,0.0002,0.125,125.22
3M Hangers With Command Adhesive,"Avery 3 1/2"" Diskette Storage Pages, 10/Pack",1,0.0002,0.125,104.35
3M Hangers With Command Adhesive,"Seth Thomas 14"" Day/Date Wall Clock",1,0.0002,0.125,104.35
3M Office Air Cleaner,Acco D-Ring Binder w/DublLock,1,0.0002,0.5,278.28
3M Office Air Cleaner,Logitech G700s Rechargeable Gaming Mouse,1,0.0002,0.5,278.28
3M Office Air Cleaner,Acco 3-Hole Punch,1,0.0002,0.5,278.28
3M Organizer Strips,"Peel & Seel Recycled Catalog Envelopes, Brown",1,0.0002,0.1429,119.26
3M Organizer Strips,Toshiba IPT2010-SD IP Telephone,1,0.0002,0.1429,89.45
3M Organizer Strips,Xerox 2000,1,0.0002,0.1429,143.11
3M Organizer Strips,Acco Suede Grain Vinyl Round Ring Binder,1,0.0002,0.1429,89.45
3M Organizer Strips,"Howard Miller 13-3/4"" Diameter Brushed Chrome Round Wall Clock",1,0.0002,0.1429,79.51
3M Polarizing Light Filter Sleeves,"White Dual Perf Computer Printout Paper, 2700 Sheets, 1 Part, Heavyweight, 20 lbs., 14 7/8 x 11",1,0.0002,0.25,208.71
3M Polarizing Light Filter Sleeves,"Wilson Jones Ledger-Size, Piano-Hinge Binder, 2"", Blue",1,0.0002,0.25,104.35
3M Polarizing Light Filter Sleeves,Logitech Z-906 Speaker sys - home theater - 5.1-CH,1,0.0002,0.25,313.06
3M Polarizing Light Filter Sleeves,GBC ProClick Spines for 32-Hole Punch,1,0.0002,0.25,250.45
3M Polarizing Light Filter Sleeves,Newell 333,1,0.0002,0.25,113.84
"3M Polarizing Task Lamp with Clamp Arm, Light Gray","Executive Impressions 13"" Clairmont Wall Clock",1,0.0002,0.25,156.53
"3M Polarizing Task Lamp with Clamp Arm, Light Gray","GBC Laser Imprintable Binding System Covers, Desert Sand",1,0.0002,0.25,208.71
"3M Polarizing Task Lamp with Clamp Arm, Light Gray",Plantronics Cordless Phone Headset with In-line Volume - M214C,1,0.0002,0.25,208.71
"3M Polarizing Task Lamp with Clamp Arm, Light Gray",Xerox 2000,1,0.0002,0.25,250.45
"3M Polarizing Task Lamp with Clamp Arm, Light Gray",Microsoft Natural Ergonomic Keyboard 4000,1,0.0002,0.25,250.45
3M Replacement Filter for Office Air Cleaner for 20' x 33' Room,2300 Heavy-Duty Transfer File Systems by Perma,1,0.0002,0.25,313.06
3M Replacement Filter for Office Air Cleaner for 20' x 33' Room,GBC VeloBinder Electric Binding Machine,1,0.0002,0.25,313.06
3M Replacement Filter for Office Air Cleaner for 20' x 33' Room,Lock-Up Easel 'Spel-Binder',1,0.0002,0.25,178.89
3M Replacement Filter for Office Air Cleaner for 20' x 33' Room,Petty Cash Envelope,1,0.0002,0.25,417.42
3M Replacement Filter for Office Air Cleaner for 20' x 33' Room,SAFCO Boltless Steel Shelving,1,0.0002,0.25,125.22
4009 Highlighters,Iceberg Mobile Mega Data/Printer Cart ,1,0.0002,1.0,626.12
4009 Highlighters,Logitech Wireless Marathon Mouse M705,1,0.0002,1.0,626.12
4009 Highlighters by Sanford,"O'Sullivan Elevations Bookcase, Cherry Finish",1,0.0002,0.125,125.22
4009 Highlighters by Sanford,Tennsco 6- and 18-Compartment Lockers,1,0.0002,0.125,56.92
4009 Highlighters by Sanford,"Atlantic Metals Mobile 3-Shelf Bookcases, Custom Colors",1,0.0002,0.125,78.27
4009 Highlighters by Sanford,"Atlantic Metals Mobile 4-Shelf Bookcases, Custom Colors",1,0.0002,0.125,104.35
4009 Highlighters by Sanford,I Need's 3d Hello Kitty Hybrid Silicone Case Cover for HTC One X 4g with 3d Hello Kitty Stylus Pen Green/pink,1,0.0002,0.125,62.61
50 Colored Long Pencils,Hon Olson Stacker Stools,1,0.0002,0.2,100.18
50 Colored Long Pencils,Brown Kraft Recycled Envelopes,1,0.0002,0.2,200.36
50 Colored Long Pencils,Belkin Grip Candy Sheer Case / Cover for iPhone 5 and 5S,1,0.0002,0.2,333.93
50 Colored Long Pencils,Boston 1645 Deluxe Heavier-Duty Electric Pencil Sharpener,1,0.0002,0.2,143.11
50 Colored Long Pencils,Fellowes Bankers Box Recycled Super Stor/Drawer,1,0.0002,0.2,143.11
"6"" Cubicle Wall Clock, Black",Canon PC1060 Personal Laser Copier,1,0.0002,0.25,313.06
"6"" Cubicle Wall Clock, Black",Global Comet Stacking Arm Chair,1,0.0002,0.25,250.45
"6"" Cubicle Wall Clock, Black","Global Task Chair, Black",1,0.0002,0.25,250.45
"6"" Cubicle Wall Clock, Black",Newell 329,1,0.0002,0.25,626.12
"6"" Cubicle Wall Clock, Black",Kensington 4 Outlet MasterPiece Compact Power Control Center,1,0.0002,0.25,178.89
9-3/4 Diameter Round Wall Clock,Honeywell Quietcare HEPA Air Cleaner,1,0.0002,0.125,104.35
9-3/4 Diameter Round Wall Clock,Self-Adhesive Address Labels for Typewriters by Universal,1,0.0002,0.125,89.45
9-3/4 Diameter Round Wall Clock,Xerox 1916,1,0.0002,0.125,89.45
9-3/4 Diameter Round Wall Clock,Avery 514,1,0.0002,0.125,156.53
9-3/4 Diameter Round Wall Clock,Cisco SPA508G,1,0.0002,0.125,125.22
"ACCOHIDE 3-Ring Binder, Blue, 1""",Belkin 8 Outlet Surge Protector,1,0.0002,0.0769,55.04
"ACCOHIDE 3-Ring Binder, Blue, 1""",Portable Personal File Box,1,0.0002,0.0769,64.22
"ACCOHIDE 3-Ring Binder, Blue, 1""",X-Rack File for Hanging Folders,1,0.0002,0.0769,42.81
"ACCOHIDE 3-Ring Binder, Blue, 1""",Staples,1,0.0002,0.0769,1.74
"ACCOHIDE 3-Ring Binder, Blue, 1""",Lenovo 17-Key USB Numeric Keypad,1,0.0002,0.0769,77.06
ACCOHIDE Binder by Acco,"Global Leather Task Chair, Black",1,0.0002,0.25,156.53
ACCOHIDE Binder by Acco,AT&T CL82213,1,0.0002,0.25,250.45
ACCOHIDE Binder by Acco,Logitech Desktop MK120 Mouse and keyboard Combo,1,0.0002,0.25,104.35
ACCOHIDE Binder by Acco,Xerox 1940,1,0.0002,0.25,313.06
APC 7 Outlet Network SurgeArrest Surge Protector,Case Logic 2.4GHz Wireless Keyboard,1,0.0002,0.125,78.27
APC 7 Outlet Network SurgeArrest Surge Protector,Xerox 1941,1,0.0002,0.125,125.22
APC 7 Outlet Network SurgeArrest Surge Protector,Okidata MB760 Printer,1,0.0002,0.125,313.06
APC 7 Outlet Network SurgeArrest Surge Protector,Xerox 189,1,0.0002,0.125,104.35
APC 7 Outlet Network SurgeArrest Surge Protector,"Acco Pressboard Covers with Storage Hooks, 14 7/8"" x 11"", Executive Red",1,0.0002,0.125,78.27
ARKON Windshield Dashboard Air Vent Car Mount Holder,"Lifetime Advantage Folding Chairs, 4/Carton",1,0.0002,0.25,178.89
ARKON Windshield Dashboard Air Vent Car Mount Holder,Bagged Rubber Bands,1,0.0002,0.25,250.45
ARKON Windshield Dashboard Air Vent Car Mount Holder,"DAX Charcoal/Nickel-Tone Document Frame, 5 x 7",1,0.0002,0.25,178.89
ARKON Windshield Dashboard Air Vent Car Mount Holder,Imation USB 2.0 Swivel Flash Drive USB flash drive - 4 GB - Pink,1,0.0002,0.25,417.42
ARKON Windshield Dashboard Air Vent Car Mount Holder,Microsoft Sculpt Comfort Mouse,1,0.0002,0.25,125.22
AT&T 1070 Corded Phone,Dana Halogen Swing-Arm Architect Lamp,1,0.0002,0.3333,278.28
AT&T 1070 Corded Phone,Fellowes Superior 10 Outlet Split Surge Protector,1,0.0002,0.3333,185.52
AT&T 1070 Corded Phone,Sharp AL-1530CS Digital Copier,1,0.0002,0.3333,417.42
AT&T 1070 Corded Phone,Xerox 21,1,0.0002,0.3333,238.52
AT&T 1070 Corded Phone,"Acco Clips to Go Binder Clips, 24 Clips in Two Sizes",1,0.0002,0.3333,333.93
AT&T 1080 Corded phone,Acco Hanging Data Binders,1,0.0002,0.1429,102.22
AT&T 1080 Corded phone,Fashion Color Clasp Envelopes,1,0.0002,0.1429,238.52
AT&T 1080 Corded phone,Logitech 910-002974 M325 Wireless Mouse for Web Scrolling,1,0.0002,0.1429,47.7
AT&T 1080 Corded phone,"Plantronics CS 50-USB - headset - Convertible, Monaural",1,0.0002,0.1429,143.11
AT&T 1080 Corded phone,O'Sullivan Living Dimensions 2-Shelf Bookcases,1,0.0002,0.1429,71.56
AT&T 1080 Phone,Staples,1,0.0002,0.3333,7.52
AT&T 17929 Lendline Telephone,Surelock Post Binders,1,0.0002,0.1,62.61
AT&T 17929 Lendline Telephone,Deflect-o Glass Clear Studded Chair Mats,1,0.0002,0.1,71.56
AT&T 17929 Lendline Telephone,"Holmes Replacement Filter for HEPA Air Cleaner, Large Room",1,0.0002,0.1,125.22
AT&T 17929 Lendline Telephone,"Hunt PowerHouse Electric Pencil Sharpener, Blue",1,0.0002,0.1,50.09
AT&T 17929 Lendline Telephone,Newell 314,1,0.0002,0.1,71.56
AT&T 841000 Phone,DAX Black Cherry Wood-Tone Poster Frame,1,0.0002,0.1429,89.45
AT&T 841000 Phone,GBC Linen Binding Covers,1,0.0002,0.1429,119.26
AT&T 841000 Phone,Round Specialty Laser Printer Labels,1,0.0002,0.1429,119.26
AT&T 841000 Phone,Ampad #10 Peel & Seel Holiday Envelopes,1,0.0002,0.1429,238.52
AT&T 841000 Phone,Bevis 36 x 72 Conference Tables,1,0.0002,0.1429,89.45
AT&T CL2909,Acme Softgrip Scissors,1,0.0002,0.3333,417.42
AT&T CL2909,Imation 8gb Micro Traveldrive Usb 2.0 Flash Drive,1,0.0002,0.3333,208.71
AT&T CL2909,VTech DS6151,1,0.0002,0.3333,208.71
AT&T CL2909,Rogers Handheld Barrel Pencil Sharpener,1,0.0002,0.3333,238.52
AT&T CL82213,Crayola Colored Pencils,1,0.0002,0.2,91.07
AT&T CL82213,Martin Yale Chadless Opener Electric Letter Opener,1,0.0002,0.2,166.97
AT&T CL82213,Newell 321,1,0.0002,0.2,250.45
AT&T CL82213,Xerox 1957,1,0.0002,0.2,166.97
AT&T CL82213,Adjustable Depth Letter/Legal Cart,1,0.0002,0.2,91.07
AT&T CL83451 4-Handset Telephone,Advantus Push Pins,1,0.0002,0.25,178.89
AT&T CL83451 4-Handset Telephone,Advantus Motivational Note Cards,1,0.0002,0.25,250.45
AT&T CL83451 4-Handset Telephone,"Fiskars 8"" Scissors, 2/Pack",1,0.0002,0.25,313.06
AT&T CL83451 4-Handset Telephone,"Hunt PowerHouse Electric Pencil Sharpener, Blue",1,0.0002,0.25,125.22
AT&T CL83451 4-Handset Telephone,I Need's 3d Hello Kitty Hybrid Silicone Case Cover for HTC One X 4g with 3d Hello Kitty Stylus Pen Green/pink,1,0.0002,0.25,125.22
AT&T SB67148 SynJ,Eldon Simplefile Box Office,1,0.0002,0.3333,208.71
AT&T SB67148 SynJ,Memorex Mini Travel Drive 64 GB USB 2.0 Flash Drive,1,0.0002,0.3333,278.28
AT&T SB67148 SynJ,"Eldon Base for stackable storage shelf, platinum",1,0.0002,0.3333,238.52
AT&T SB67148 SynJ,Ibico EB-19 Dual Function Manual Binding System,1,0.0002,0.3333,208.71
AT&T SB67148 SynJ,Jabra Supreme Plus Driver Edition Headset,1,0.0002,0.3333,333.93
AT&T TR1909W,Xerox 1945,1,0.0002,0.25,156.53
AT&T TR1909W,HP Standard 104 key PS/2 Keyboard,1,0.0002,0.25,208.71
AT&T TR1909W,Nokia Lumia 521 (T-Mobile),1,0.0002,0.25,250.45
AT&T TR1909W,3M Hangers With Command Adhesive,1,0.0002,0.25,156.53
AT&T TR1909W,First Data FD10 PIN Pad,1,0.0002,0.25,250.45
Aastra 57i VoIP phone,AT&T CL82213,1,0.0002,0.1429,143.11
Aastra 57i VoIP phone,Avery 480,1,0.0002,0.1429,119.26
Aastra 57i VoIP phone,Avery 476,1,0.0002,0.1429,71.56
Aastra 57i VoIP phone,Pizazz Global Quick File,1,0.0002,0.1429,119.26
Aastra 57i VoIP phone,Zebra GX420t Direct Thermal/Thermal Transfer Printer,1,0.0002,0.1429,238.52
Aastra 6757i CT Wireless VoIP phone,GBC Premium Transparent Covers with Diagonal Lined Pattern,1,0.0002,0.1667,59.63
Aastra 6757i CT Wireless VoIP phone,Accohide Poly Flexible Ring Binders,1,0.0002,0.1667,104.35
Aastra 6757i CT Wireless VoIP phone,Fellowes PB300 Plastic Comb Binding Machine,1,0.0002,0.1667,139.14
Aastra 6757i CT Wireless VoIP phone,Acco Suede Grain Vinyl Round Ring Binder,1,0.0002,0.1667,104.35
Acco 3-Hole Punch,Polycom SoundPoint Pro SE-225 Corded phone,1,0.0002,0.1111,139.14
Acco 3-Hole Punch,Avery Recycled Flexi-View Covers for Binding Systems,1,0.0002,0.1111,79.51
Acco 3-Hole Punch,Southworth 25% Cotton Granite Paper & Envelopes,1,0.0002,0.1111,185.52
Acco 3-Hole Punch,GBC Instant Report Kit,1,0.0002,0.1111,42.81
Acco 3-Hole Punch,Sabrent 4-Port USB 2.0 Hub,1,0.0002,0.1111,139.14
Acco 6 Outlet Guardian Basic Surge Suppressor,Acco Economy Flexible Poly Round Ring Binder,1,0.0002,0.5,626.12
Acco 6 Outlet Guardian Basic Surge Suppressor,Hon Every-Day Series Multi-Task Chairs,1,0.0002,0.5,250.45
Acco 6 Outlet Guardian Basic Surge Suppressor,"Inter-Office Recycled Envelopes, Brown Kraft, Button-String,10"" x 13"" , 100/Box",1,0.0002,0.5,834.83
Acco 6 Outlet Guardian Basic Surge Suppressor,24-Hour Round Wall Clock,1,0.0002,0.5,417.42
Acco 6 Outlet Guardian Basic Surge Suppressor,"Sanford Colorific Scented Colored Pencils, 12/Pack",1,0.0002,0.5,1252.25
Acco 6 Outlet Guardian Premium Plus Surge Suppressor,Acme Stainless Steel Office Snips,1,0.0002,0.1667,208.71
Acco 6 Outlet Guardian Premium Plus Surge Suppressor,Spiral Phone Message Books with Labels by Adams,1,0.0002,0.1667,208.71
Acco 6 Outlet Guardian Premium Plus Surge Suppressor,Fellowes Superior 10 Outlet Split Surge Protector,1,0.0002,0.1667,92.76
Acco 6 Outlet Guardian Premium Plus Surge Suppressor,OIC Thumb-Tacks,1,0.0002,0.1667,278.28
Acco 6 Outlet Guardian Premium Plus Surge Suppressor,Storex Dura Pro Binders,1,0.0002,0.1667,49.11
Acco 6 Outlet Guardian Premium Surge Suppressor,OIC Bulk Pack Metal Binder Clips,1,0.0002,0.125,78.27
Acco 6 Outlet Guardian Premium Surge Suppressor,Micropad Numeric Keypads,1,0.0002,0.125,156.53
Acco 6 Outlet Guardian Premium Surge Suppressor,Fellowes Binding Cases,1,0.0002,0.125,125.22
Acco 6 Outlet Guardian Premium Surge Suppressor,Avery Non-Stick Binders,1,0.0002,0.125,31.31
Acco 6 Outlet Guardian Premium Surge Suppressor,"Global Push Button Manager's Chair, Indigo",1,0.0002,0.125,69.57
Acco 6 Outlet Guardian Standard Surge Suppressor,Fellowes Basic Home/Office Series Surge Protectors,1,0.0002,0.2,111.31
Acco 6 Outlet Guardian Standard Surge Suppressor,Xerox 224,1,0.0002,0.2,166.97
Acco 6 Outlet Guardian Standard Surge Suppressor,DAX Clear Channel Poster Frame,1,0.0002,0.2,333.93
Acco 6 Outlet Guardian Standard Surge Suppressor,GBC DocuBind P400 Electric Binding System,1,0.0002,0.2,166.97
Acco 6 Outlet Guardian Standard Surge Suppressor,GBC Instant Index System for Binding Systems,1,0.0002,0.2,200.36
"Acco 7-Outlet Masterpiece Power Center, Wihtout Fax/Phone Line Protection",GBC VeloBinder Electric Binding Machine,1,0.0002,0.1429,178.89
"Acco 7-Outlet Masterpiece Power Center, Wihtout Fax/Phone Line Protection",Premier Automatic Letter Opener,1,0.0002,0.1429,143.11
"Acco 7-Outlet Masterpiece Power Center, Wihtout Fax/Phone Line Protection","DAX Charcoal/Nickel-Tone Document Frame, 5 x 7",1,0.0002,0.1429,102.22
"Acco 7-Outlet Masterpiece Power Center, Wihtout Fax/Phone Line Protection",Eldon Simplefile Box Office,1,0.0002,0.1429,89.45
"Acco 7-Outlet Masterpiece Power Center, Wihtout Fax/Phone Line Protection",Newell 333,1,0.0002,0.1429,65.05
"Acco Banker's Clasps, 5 3/4""-Long","Global Manager's Adjustable Task Chair, Storm",1,0.0002,0.2,166.97
"Acco Banker's Clasps, 5 3/4""-Long","White Envelopes, White Envelopes with Clear Poly Window",1,0.0002,0.2,200.36
"Acco Banker's Clasps, 5 3/4""-Long",High Speed Automatic Electric Letter Opener,1,0.0002,0.2,333.93
"Acco Banker's Clasps, 5 3/4""-Long",Polycom VVX 310 VoIP phone,1,0.0002,0.2,125.22
"Acco Banker's Clasps, 5 3/4""-Long","Verbatim 25 GB 6x Blu-ray Single Layer Recordable Disc, 1/Pack",1,0.0002,0.2,333.93
"Acco Clips to Go Binder Clips, 24 Clips in Two Sizes",Artistic Insta-Plaque,1,0.0002,0.2,333.93
"Acco Clips to Go Binder Clips, 24 Clips in Two Sizes",Belkin QODE FastFit Bluetooth Keyboard,1,0.0002,0.2,500.9
"Acco Clips to Go Binder Clips, 24 Clips in Two Sizes",GBC Ibimaster 500 Manual ProClick Binding System,1,0.0002,0.2,111.31
"Acco Clips to Go Binder Clips, 24 Clips in Two Sizes",KI Conference Tables,1,0.0002,0.2,125.22
"Acco Clips to Go Binder Clips, 24 Clips in Two Sizes",Longer-Life Soft White Bulbs,1,0.0002,0.2,100.18
Acco D-Ring Binder w/DublLock,I Need's 3d Hello Kitty Hybrid Silicone Case Cover for HTC One X 4g with 3d Hello Kitty Stylus Pen Green/pink,2,0.000399,0.2222,111.31
Acco D-Ring Binder w/DublLock,Polycom CX300 Desktop Phone USB VoIP phone,1,0.0002,0.1111,111.31
Acco D-Ring Binder w/DublLock,3M Office Air Cleaner,1,0.0002,0.1111,278.28
Acco D-Ring Binder w/DublLock,Logitech G700s Rechargeable Gaming Mouse,1,0.0002,0.1111,61.84
Acco D-Ring Binder w/DublLock,Global Commerce Series High-Back Swivel/Tilt Chairs,1,0.0002,0.1111,61.84
"Acco Data Flex Cable Posts For Top & Bottom Load Binders, 6"" Capacity",Avery 488,1,0.0002,0.1,83.48
"Acco Data Flex Cable Posts For Top & Bottom Load Binders, 6"" Capacity",Blackstonian Pencils,1,0.0002,0.1,125.22
"Acco Data Flex Cable Posts For Top & Bottom Load Binders, 6"" Capacity",Recycled Steel Personal File for Standard File Folders,1,0.0002,0.1,125.22
"Acco Data Flex Cable Posts For Top & Bottom Load Binders, 6"" Capacity",Avery Durable Binders,1,0.0002,0.1,41.74
"Acco Data Flex Cable Posts For Top & Bottom Load Binders, 6"" Capacity",Kensington 6 Outlet MasterPiece HOMEOFFICE Power Control Center,1,0.0002,0.1,250.45
Acco Economy Flexible Poly Round Ring Binder,GBC Standard Therm-A-Bind Covers,1,0.0002,0.25,104.35
Acco Economy Flexible Poly Round Ring Binder,"Howard Miller 13"" Diameter Pewter Finish Round Wall Clock",1,0.0002,0.25,178.89
Acco Economy Flexible Poly Round Ring Binder,Acco 6 Outlet Guardian Basic Surge Suppressor,1,0.0002,0.25,626.12
Acco Economy Flexible Poly Round Ring Binder,Hon Every-Day Series Multi-Task Chairs,1,0.0002,0.25,125.22
Acco Economy Flexible Poly Round Ring Binder,"Inter-Office Recycled Envelopes, Brown Kraft, Button-String,10"" x 13"" , 100/Box",1,0.0002,0.25,417.42
Acco Expandable Hanging Binders,Brother DCP1000 Digital 3 in 1 Multifunction Machine,1,0.0002,0.25,178.89
Acco Expandable Hanging Binders,Hoover Shoulder Vac Commercial Portable Vacuum,1,0.0002,0.25,208.71
Acco Expandable Hanging Binders,Shocksock Galaxy S4 Armband,1,0.0002,0.25,417.42
Acco Expandable Hanging Binders,Staples,1,0.0002,0.25,5.64
Acco Expandable Hanging Binders,Avery 486,1,0.0002,0.25,139.14
"Acco Flexible ACCOHIDE Square Ring Data Binder, Dark Blue, 11 1/2"" X 14"" 7/8""",Acco Perma 3000 Stacking Storage Drawers,1,0.0002,0.1,83.48
"Acco Flexible ACCOHIDE Square Ring Data Binder, Dark Blue, 11 1/2"" X 14"" 7/8""",Polycom VVX 310 VoIP phone,1,0.0002,0.1,62.61
"Acco Flexible ACCOHIDE Square Ring Data Binder, Dark Blue, 11 1/2"" X 14"" 7/8""",Safco Industrial Wire Shelving System,1,0.0002,0.1,62.61
"Acco Flexible ACCOHIDE Square Ring Data Binder, Dark Blue, 11 1/2"" X 14"" 7/8""",Samsung Galaxy S4 Active,1,0.0002,0.1,250.45
"Acco Flexible ACCOHIDE Square Ring Data Binder, Dark Blue, 11 1/2"" X 14"" 7/8""","Acco Four Pocket Poly Ring Binder with Label Holder, Smoke, 1""",1,0.0002,0.1,83.48
"Acco Four Pocket Poly Ring Binder with Label Holder, Smoke, 1""","Howard Miller 14-1/2"" Diameter Chrome Round Wall Clock",1,0.0002,0.1667,119.26
"Acco Four Pocket Poly Ring Binder with Label Holder, Smoke, 1""","Acco Flexible ACCOHIDE Square Ring Data Binder, Dark Blue, 11 1/2"" X 14"" 7/8""",1,0.0002,0.1667,83.48
"Acco Four Pocket Poly Ring Binder with Label Holder, Smoke, 1""",Stiletto Hand Letter Openers,1,0.0002,0.1667,208.71
"Acco Four Pocket Poly Ring Binder with Label Holder, Smoke, 1""",GBC Plastic Binding Combs,1,0.0002,0.1667,83.48
"Acco Four Pocket Poly Ring Binder with Label Holder, Smoke, 1""","Howard Miller 13-3/4"" Diameter Brushed Chrome Round Wall Clock",1,0.0002,0.1667,92.76
Acco Glide Clips,Hand-Finished Solid Wood Document Frame,1,0.0002,1.0,1669.67
Acco Hanging Data Binders,Newell 315,2,0.000399,0.2857,238.52
Acco Hanging Data Binders,AT&T 1080 Corded phone,1,0.0002,0.1429,102.22
Acco Hanging Data Binders,Fashion Color Clasp Envelopes,1,0.0002,0.1429,238.52
Acco Hanging Data Binders,Logitech 910-002974 M325 Wireless Mouse for Web Scrolling,1,0.0002,0.1429,47.7
Acco Hanging Data Binders,"Plantronics CS 50-USB - headset - Convertible, Monaural",1,0.0002,0.1429,143.11
Acco Hot Clips Clips to Go,Flat Face Poster Frame,2,0.000399,0.3333,139.14
Acco Hot Clips Clips to Go,Avery Heavy-Duty EZD View Binder with Locking Rings,1,0.0002,0.1667,83.48
Acco Hot Clips Clips to Go,Ibico Hi-Tech Manual Binding System,1,0.0002,0.1667,75.89
Acco Hot Clips Clips to Go,Global Ergonomic Managers Chair,1,0.0002,0.1667,75.89
Acco Hot Clips Clips to Go,Tops Wirebound Message Log Books,1,0.0002,0.1667,139.14
"Acco PRESSTEX Data Binder with Storage Hooks, Dark Blue, 14 7/8"" X 11""","Avery Address/Shipping Labels for Typewriters, 4"" x 2""",1,0.0002,0.1429,102.22
"Acco PRESSTEX Data Binder with Storage Hooks, Dark Blue, 14 7/8"" X 11""",Avery File Folder Labels,1,0.0002,0.1429,55.04
"Acco PRESSTEX Data Binder with Storage Hooks, Dark Blue, 14 7/8"" X 11""",ClearSounds CSC500 Amplified Spirit Phone Corded phone,1,0.0002,0.1429,119.26
"Acco PRESSTEX Data Binder with Storage Hooks, Dark Blue, 14 7/8"" X 11""",Pressboard Data Binders by Wilson Jones,1,0.0002,0.1429,89.45
"Acco PRESSTEX Data Binder with Storage Hooks, Dark Blue, 14 7/8"" X 11""",Balt Split Level Computer Training Table,1,0.0002,0.1429,143.11
"Acco PRESSTEX Data Binder with Storage Hooks, Dark Blue, 9 1/2"" X 11""",Acco Side-Punched Conventional Columnar Pads,1,0.0002,0.25,313.06
"Acco PRESSTEX Data Binder with Storage Hooks, Dark Blue, 9 1/2"" X 11""",Adjustable Personal File Tote,1,0.0002,0.25,250.45
"Acco PRESSTEX Data Binder with Storage Hooks, Dark Blue, 9 1/2"" X 11""",Avery 492,1,0.0002,0.25,250.45
"Acco PRESSTEX Data Binder with Storage Hooks, Dark Blue, 9 1/2"" X 11""",Avery 499,1,0.0002,0.25,113.84
"Acco PRESSTEX Data Binder with Storage Hooks, Dark Blue, 9 1/2"" X 11""",Samsung HM1900 Bluetooth Headset,1,0.0002,0.25,178.89
"Acco PRESSTEX Data Binder with Storage Hooks, Light Blue, 9 1/2"" X 11""",Turquoise Lead Holder with Pocket Clip,1,0.0002,0.2,333.93
"Acco PRESSTEX Data Binder with Storage Hooks, Light Blue, 9 1/2"" X 11""","Xerox Color Copier Paper, 11"" x 17"", Ream",1,0.0002,0.2,166.97
"Acco PRESSTEX Data Binder with Storage Hooks, Light Blue, 9 1/2"" X 11""",SanDisk Ultra 32 GB MicroSDHC Class 10 Memory Card,1,0.0002,0.2,91.07
"Acco PRESSTEX Data Binder with Storage Hooks, Light Blue, 9 1/2"" X 11""",Xerox 196,1,0.0002,0.2,125.22
"Acco PRESSTEX Data Binder with Storage Hooks, Light Blue, 9 1/2"" X 11""",Xerox 217,1,0.0002,0.2,125.22
Acco Perma 2700 Stacking Storage Drawers,Mitel MiVoice 5330e IP Phone,1,0.0002,0.25,139.14
Acco Perma 2700 Stacking Storage Drawers,Newell 314,1,0.0002,0.25,178.89
Acco Perma 2700 Stacking Storage Drawers,"Wirebound Message Books, Four 2 3/4 x 5 White Forms per Page",1,0.0002,0.25,178.89
Acco Perma 3000 Stacking Storage Drawers,"Avery Hi-Liter Comfort Grip Fluorescent Highlighter, Yellow Ink",1,0.0002,0.1667,417.42
Acco Perma 3000 Stacking Storage Drawers,Hon Every-Day Series Multi-Task Chairs,1,0.0002,0.1667,83.48
Acco Perma 3000 Stacking Storage Drawers,"Hot File 7-Pocket, Floor Stand",1,0.0002,0.1667,64.22
Acco Perma 3000 Stacking Storage Drawers,Xerox 199,1,0.0002,0.1667,208.71
Acco Perma 3000 Stacking Storage Drawers,Xerox 4200 Series MultiUse Premium Copy Paper (20Lb. and 84 Bright),1,0.0002,0.1667,104.35
Acco Perma 4000 Stacking Storage Drawers,Canon imageCLASS 2200 Advanced Copier,2,0.000399,0.1818,182.15
Acco Perma 4000 Stacking Storage Drawers,Avery Self-Adhesive Photo Pockets for Polaroid Photos,1,0.0002,0.0909,41.4
Acco Perma 4000 Stacking Storage Drawers,Hon Racetrack Conference Tables,1,0.0002,0.0909,75.89
Acco Perma 4000 Stacking Storage Drawers,Tenex Antistatic Computer Chair Mats,1,0.0002,0.0909,75.89
Acco Perma 4000 Stacking Storage Drawers,"Personal Filing Tote with Lid, Black/Gray",1,0.0002,0.0909,56.92
"Acco Pressboard Covers with Storage Hooks, 14 7/8"" x 11"", Dark Blue",Bretford CR4500 Series Slim Rectangular Table,1,0.0002,0.2,125.22
"Acco Pressboard Covers with Storage Hooks, 14 7/8"" x 11"", Dark Blue",Avery 483,1,0.0002,0.2,166.97
"Acco Pressboard Covers with Storage Hooks, 14 7/8"" x 11"", Dark Blue",Global Commerce Series High-Back Swivel/Tilt Chairs,1,0.0002,0.2,111.31
"Acco Pressboard Covers with Storage Hooks, 14 7/8"" x 11"", Dark Blue","Belkin 19"" Vented Equipment Shelf, Black",1,0.0002,0.2,100.18
"Acco Pressboard Covers with Storage Hooks, 14 7/8"" x 11"", Dark Blue",Cisco Desktop Collaboration Experience DX650 IP Video Phone,1,0.0002,0.2,1001.8
"Acco Pressboard Covers with Storage Hooks, 14 7/8"" x 11"", Executive Red",Bevis Steel Folding Chairs,1,0.0002,0.125,104.35
"Acco Pressboard Covers with Storage Hooks, 14 7/8"" x 11"", Executive Red",Hon Olson Stacker Stools,1,0.0002,0.125,62.61
"Acco Pressboard Covers with Storage Hooks, 14 7/8"" x 11"", Executive Red",APC 7 Outlet Network SurgeArrest Surge Protector,1,0.0002,0.125,78.27
"Acco Pressboard Covers with Storage Hooks, 14 7/8"" x 11"", Executive Red",Dax Clear Box Frame,1,0.0002,0.125,104.35
"Acco Pressboard Covers with Storage Hooks, 14 7/8"" x 11"", Executive Red",Global Enterprise Series Seating High-Back Swivel/Tilt Chairs,1,0.0002,0.125,156.53
"Acco Pressboard Covers with Storage Hooks, 14 7/8"" x 11"", Light Blue",Panasonic KX-TG9471B,1,0.0002,0.0909,65.05
"Acco Pressboard Covers with Storage Hooks, 14 7/8"" x 11"", Light Blue",Surelock Post Binders,1,0.0002,0.0909,56.92
"Acco Pressboard Covers with Storage Hooks, 14 7/8"" x 11"", Light Blue","Vinyl Coated Wire Paper Clips in Organizer Box, 800/Box",1,0.0002,0.0909,56.92
"Acco Pressboard Covers with Storage Hooks, 14 7/8"" x 11"", Light Blue",Acco Perma 4000 Stacking Storage Drawers,1,0.0002,0.0909,41.4
"Acco Pressboard Covers with Storage Hooks, 14 7/8"" x 11"", Light Blue",Canon imageCLASS 2200 Advanced Copier,1,0.0002,0.0909,91.07
"Acco Pressboard Covers with Storage Hooks, 9 1/2"" x 11"", Executive Red",Eldon ClusterMat Chair Mat with Cordless Antistatic Protection,1,0.0002,0.1111,111.31
"Acco Pressboard Covers with Storage Hooks, 9 1/2"" x 11"", Executive Red",Eldon Fold 'N Roll Cart System,1,0.0002,0.1111,111.31
"Acco Pressboard Covers with Storage Hooks, 9 1/2"" x 11"", Executive Red",Fellowes Bases and Tops For Staxonsteel/High-Stak Systems,1,0.0002,0.1111,55.66
"Acco Pressboard Covers with Storage Hooks, 9 1/2"" x 11"", Executive Red","Holmes Replacement Filter for HEPA Air Cleaner, Very Large Room, HEPA Filter",1,0.0002,0.1111,55.66
"Acco Pressboard Covers with Storage Hooks, 9 1/2"" x 11"", Executive Red",Panasonic KP-4ABK Battery-Operated Pencil Sharpener,1,0.0002,0.1111,139.14
"Acco Recycled 2"" Capacity Laser Printer Hanging Data Binders",Advantus Rolling Storage Box,1,0.0002,0.25,125.22
"Acco Recycled 2"" Capacity Laser Printer Hanging Data Binders",Avery 474,1,0.0002,0.25,139.14
"Acco Recycled 2"" Capacity Laser Printer Hanging Data Binders","GE 48"" Fluorescent Tube, Cool White Energy Saver, 34 Watts, 30/Box",1,0.0002,0.25,156.53
"Acco Recycled 2"" Capacity Laser Printer Hanging Data Binders","OIC Colored Binder Clips, Assorted Sizes",1,0.0002,0.25,178.89
"Acco Recycled 2"" Capacity Laser Printer Hanging Data Binders",Strathmore Photo Frame Cards,1,0.0002,0.25,313.06
Acco Side-Punched Conventional Columnar Pads,Avery Fluorescent Highlighter Four-Color Set,2,0.000399,0.5,313.06
Acco Side-Punched Conventional Columnar Pads,"Acco PRESSTEX Data Binder with Storage Hooks, Dark Blue, 9 1/2"" X 11""",1,0.0002,0.25,313.06
Acco Side-Punched Conventional Columnar Pads,Adjustable Personal File Tote,1,0.0002,0.25,250.45
Acco Side-Punched Conventional Columnar Pads,Avery 492,1,0.0002,0.25,250.45
Acco Side-Punched Conventional Columnar Pads,Avery 499,1,0.0002,0.25,113.84
"Acco Six-Outlet Power Strip, 4' Cord Length","Avery Durable Slant Ring Binders, No Labels",1,0.0002,0.1111,61.84
"Acco Six-Outlet Power Strip, 4' Cord Length",DAX Black Cherry Wood-Tone Poster Frame,1,0.0002,0.1111,69.57
"Acco Six-Outlet Power Strip, 4' Cord Length",Avanti 4.4 Cu. Ft. Refrigerator,1,0.0002,0.1111,79.51
"Acco Six-Outlet Power Strip, 4' Cord Length",Avery 474,1,0.0002,0.1111,61.84
"Acco Six-Outlet Power Strip, 4' Cord Length",Maxell LTO Ultrium - 800 GB,1,0.0002,0.1111,69.57
Acco Smartsocket Color-Coded Six-Outlet AC Adapter Model Surge Protectors,Acco Side-Punched Conventional Columnar Pads,1,0.0002,0.25,313.06
Acco Smartsocket Color-Coded Six-Outlet AC Adapter Model Surge Protectors,Avery 501,1,0.0002,0.25,156.53
Acco Smartsocket Color-Coded Six-Outlet AC Adapter Model Surge Protectors,Bulldog Vacuum Base Pencil Sharpener,1,0.0002,0.25,208.71
Acco Smartsocket Color-Coded Six-Outlet AC Adapter Model Surge Protectors,Maxell 4.7GB DVD-R,1,0.0002,0.25,113.84
Acco Smartsocket Color-Coded Six-Outlet AC Adapter Model Surge Protectors,Xerox 229,1,0.0002,0.25,417.42
"Acco Smartsocket Table Surge Protector, 6 Color-Coded Adapter Outlets",Globe Weis Peel & Seel First Class Envelopes,1,0.0002,0.3333,238.52
"Acco Smartsocket Table Surge Protector, 6 Color-Coded Adapter Outlets",Motorola Droid Maxx,1,0.0002,0.3333,417.42
"Acco Smartsocket Table Surge Protector, 6 Color-Coded Adapter Outlets",Nu-Dell Float Frame 11 x 14 1/2,1,0.0002,0.3333,238.52
"Acco Smartsocket Table Surge Protector, 6 Color-Coded Adapter Outlets",Sharp 1540cs Digital Laser Copier,1,0.0002,0.3333,238.52
"Acco Smartsocket Table Surge Protector, 6 Color-Coded Adapter Outlets",Acme Galleria Hot Forged Steel Scissors with Colored Handles,1,0.0002,0.3333,556.56
Acco Suede Grain Vinyl Round Ring Binder,3M Organizer Strips,1,0.0002,0.125,89.45
Acco Suede Grain Vinyl Round Ring Binder,"Howard Miller 13-3/4"" Diameter Brushed Chrome Round Wall Clock",1,0.0002,0.125,69.57
Acco Suede Grain Vinyl Round Ring Binder,"Master Big Foot Doorstop, Beige",1,0.0002,0.125,104.35
Acco Suede Grain Vinyl Round Ring Binder,Newell 333,1,0.0002,0.125,56.92
Acco Suede Grain Vinyl Round Ring Binder,Novimex Fabric Task Chair,1,0.0002,0.125,69.57
Acco Translucent Poly Ring Binders,"Maxell 74 Minute CD-R Spindle, 50/Pack",1,0.0002,0.125,125.22
Acco Translucent Poly Ring Binders,Staples,1,0.0002,0.125,2.82
Acco Translucent Poly Ring Binders,DXL Angle-View Binders with Locking Rings by Samsill,1,0.0002,0.125,62.61
Acco Translucent Poly Ring Binders,Carina Double Wide Media Storage Towers in Natural & Black,1,0.0002,0.125,52.18
Acco Translucent Poly Ring Binders,Logitech Illuminated - Keyboard,1,0.0002,0.125,104.35
Accohide Poly Flexible Ring Binders,Avery 480,1,0.0002,0.125,104.35
Accohide Poly Flexible Ring Binders,Avery Durable Slant Ring Binders With Label Holder,1,0.0002,0.125,69.57
Accohide Poly Flexible Ring Binders,Panasonic KX TS208W Corded phone,1,0.0002,0.125,104.35
Accohide Poly Flexible Ring Binders,Xerox 1917,1,0.0002,0.125,125.22
Accohide Poly Flexible Ring Binders,#6 3/4 Gummed Flap White Envelopes,1,0.0002,0.125,156.53
"Acme 10"" Easy Grip Assistive Scissors",Eldon Simplefile Box Office,1,0.0002,0.125,78.27
"Acme 10"" Easy Grip Assistive Scissors","GBC Twin Loop Wire Binding Elements, 9/16"" Spine, Black",1,0.0002,0.125,69.57
"Acme 10"" Easy Grip Assistive Scissors",Advantus Panel Wall Certificate Holder - 8.5x11,1,0.0002,0.125,104.35
"Acme 10"" Easy Grip Assistive Scissors",Avery 476,1,0.0002,0.125,62.61
"Acme 10"" Easy Grip Assistive Scissors",Avery 478,1,0.0002,0.125,156.53
Acme Box Cutter Scissors,Staples,1,0.0002,0.1667,3.76
Acme Box Cutter Scissors,Xerox 1884,1,0.0002,0.1667,104.35
Acme Box Cutter Scissors,Eldon 100 Class Desk Accessories,1,0.0002,0.1667,208.71
Acme Box Cutter Scissors,Logitech P710e Mobile Speakerphone,1,0.0002,0.1667,92.76
Acme Box Cutter Scissors,"Carina Mini System Audio Rack, Model AR050B",1,0.0002,0.1667,139.14
"Acme Design Line 8"" Stainless Steel Bent Scissors w/Champagne Handles, 3-1/8"" Cut",Avery Legal 4-Ring Binder,1,0.0002,0.3333,417.42
"Acme Design Line 8"" Stainless Steel Bent Scissors w/Champagne Handles, 3-1/8"" Cut","Message Book, Wirebound, Four 5 1/2"" X 4"" Forms/Pg., 200 Dupl. Sets/Book",1,0.0002,0.3333,278.28
"Acme Design Line 8"" Stainless Steel Bent Scissors w/Champagne Handles, 3-1/8"" Cut",American Pencil,1,0.0002,0.3333,278.28
Acme Design Stainless Steel Bent Scissors,Hon Pagoda Stacking Chairs,1,0.0002,0.3333,417.42
Acme Design Stainless Steel Bent Scissors,Southworth 25% Cotton Premium Laser Paper and Envelopes,1,0.0002,0.3333,333.93
Acme Design Stainless Steel Bent Scissors,Wilson Electronics DB Pro Signal Booster,1,0.0002,0.3333,166.97
Acme Elite Stainless Steel Scissors,GBC Imprintable Covers,1,0.0002,0.2,125.22
Acme Elite Stainless Steel Scissors,Self-Adhesive Address Labels for Typewriters by Universal,1,0.0002,0.2,143.11
Acme Elite Stainless Steel Scissors,"Wirebound Message Books, 5-1/2 x 4 Forms, 2 or 4 Forms per Page",1,0.0002,0.2,333.93
Acme Elite Stainless Steel Scissors,Boston 1645 Deluxe Heavier-Duty Electric Pencil Sharpener,1,0.0002,0.2,143.11
Acme Elite Stainless Steel Scissors,Newell 339,1,0.0002,0.2,333.93
Acme Forged Steel Scissors with Black Enamel Handles,GBC Wire Binding Combs,1,0.0002,0.125,89.45
Acme Forged Steel Scissors with Black Enamel Handles,Logitech Wireless Gaming Headset G930,1,0.0002,0.125,104.35
Acme Forged Steel Scissors with Black Enamel Handles,Newell 345,1,0.0002,0.125,69.57
Acme Forged Steel Scissors with Black Enamel Handles,Xerox 1891,1,0.0002,0.125,89.45
Acme Forged Steel Scissors with Black Enamel Handles,Storex DuraTech Recycled Plastic Frosted Binders,1,0.0002,0.125,78.27
Acme Galleria Hot Forged Steel Scissors with Colored Handles,"Acco Smartsocket Table Surge Protector, 6 Color-Coded Adapter Outlets",1,0.0002,0.3333,556.56
Acme Galleria Hot Forged Steel Scissors with Colored Handles,GBC Recycled VeloBinder Covers,1,0.0002,0.3333,208.71
Acme Galleria Hot Forged Steel Scissors with Colored Handles,Motorola HK250 Universal Bluetooth Headset,1,0.0002,0.3333,185.52
Acme Galleria Hot Forged Steel Scissors with Colored Handles,"Bush Cubix Conference Tables, Fully Assembled",1,0.0002,0.3333,417.42
Acme Galleria Hot Forged Steel Scissors with Colored Handles,Eldon 200 Class Desk Accessories,1,0.0002,0.3333,238.52
"Acme Hot Forged Carbon Steel Scissors with Nickel-Plated Handles, 3 7/8"" Cut, 8""L",Self-Adhesive Removable Labels,1,0.0002,0.1429,102.22
"Acme Hot Forged Carbon Steel Scissors with Nickel-Plated Handles, 3 7/8"" Cut, 8""L",Xerox 1911,1,0.0002,0.1429,143.11
"Acme Hot Forged Carbon Steel Scissors with Nickel-Plated Handles, 3 7/8"" Cut, 8""L",Jabra SPEAK 410,1,0.0002,0.1429,79.51
"Acme Hot Forged Carbon Steel Scissors with Nickel-Plated Handles, 3 7/8"" Cut, 8""L",Xerox 1913,1,0.0002,0.1429,143.11
"Acme Hot Forged Carbon Steel Scissors with Nickel-Plated Handles, 3 7/8"" Cut, 8""L",Logitech P710e Mobile Speakerphone,1,0.0002,0.1429,79.51
Acme Kleen Earth Office Shears,Xerox 1966,1,0.0002,0.2,166.97
Acme Kleen Earth Office Shears,BIC Brite Liner Grip Highlighters,1,0.0002,0.2,200.36
Acme Kleen Earth Office Shears,Fiskars Softgrip Scissors,1,0.0002,0.2,143.11
Acme Kleen Earth Office Shears,Gear Head AU3700S Headset,1,0.0002,0.2,333.93
Acme Kleen Earth Office Shears,Panasonic KP-380BK Classic Electric Pencil Sharpener,1,0.0002,0.2,166.97
Acme Kleencut Forged Steel Scissors,"Companion Letter/Legal File, Black",1,0.0002,0.3333,333.93
Acme Kleencut Forged Steel Scissors,Plantronics Encore H101 Dual Earpieces Headset,1,0.0002,0.3333,238.52
Acme Kleencut Forged Steel Scissors,GBC DocuBind P50 Personal Binding Machine,1,0.0002,0.3333,166.97
Acme Kleencut Forged Steel Scissors,Canon PC-428 Personal Copier,1,0.0002,0.3333,278.28
Acme Kleencut Forged Steel Scissors,"Situations Contoured Folding Chairs, 4/Set",1,0.0002,0.3333,111.31
Acme Office Executive Series Stainless Steel Trimmers,"Memorex 25GB 6X Branded Blu-Ray Recordable Disc, 30/Pack",1,0.0002,0.1429,178.89
Acme Office Executive Series Stainless Steel Trimmers,"Chromcraft Bull-Nose Wood 48"" x 96"" Rectangular Conference Tables",1,0.0002,0.1429,119.26
Acme Office Executive Series Stainless Steel Trimmers,Wilson Jones Century Plastic Molded Ring Binders,1,0.0002,0.1429,71.56
Acme Office Executive Series Stainless Steel Trimmers,Staples,1,0.0002,0.1429,3.22
Acme Office Executive Series Stainless Steel Trimmers,Avery 487,1,0.0002,0.1429,102.22
Acme Preferred Stainless Steel Scissors,"Howard Miller 16"" Diameter Gallery Wall Clock",1,0.0002,0.25,313.06
Acme Preferred Stainless Steel Scissors,Plastic Binding Combs,1,0.0002,0.25,250.45
Acme Preferred Stainless Steel Scissors,Avery 486,1,0.0002,0.25,139.14
Acme Preferred Stainless Steel Scissors,Fellowes Binding Cases,1,0.0002,0.25,250.45
Acme Preferred Stainless Steel Scissors,Ibico Plastic and Wire Spiral Binding Combs,1,0.0002,0.25,139.14
Acme Rosewood Handle Letter Opener,"Eldon Regeneration Recycled Desk Accessories, Smoke",1,0.0002,0.3333,333.93
Acme Rosewood Handle Letter Opener,"Acco Six-Outlet Power Strip, 4' Cord Length",1,0.0002,0.3333,185.52
Acme Rosewood Handle Letter Opener,Office Star Flex Back Scooter Chair with White Frame,1,0.0002,0.3333,238.52
Acme Rosewood Handle Letter Opener,Okidata C331dn Printer,1,0.0002,0.3333,333.93
Acme Rosewood Handle Letter Opener,"Tyvek  Top-Opening Peel & Seel Envelopes, Plain White",1,0.0002,0.3333,238.52
Acme Softgrip Scissors,AT&T CL2909,1,0.0002,0.25,417.42
Acme Softgrip Scissors,Imation 8gb Micro Traveldrive Usb 2.0 Flash Drive,1,0.0002,0.25,156.53
Acme Softgrip Scissors,VTech DS6151,1,0.0002,0.25,156.53
Acme Softgrip Scissors,Honeywell Enviracaire Portable HEPA Air Cleaner for 17' x 22' Room,1,0.0002,0.25,156.53
Acme Softgrip Scissors,Berol Giant Pencil Sharpener,1,0.0002,0.25,313.06
Acme Stainless Steel Office Snips,Canvas Sectional Post Binders,1,0.0002,0.25,208.71
Acme Stainless Steel Office Snips,High-Back Leather Manager's Chair,1,0.0002,0.25,139.14
Acme Stainless Steel Office Snips,"Avery Triangle Shaped Sheet Lifters, Black, 2/Pack",1,0.0002,0.25,208.71
Acme Stainless Steel Office Snips,"Hon Deluxe Fabric Upholstered Stacking Chairs, Squared Back",1,0.0002,0.25,626.12
Acme Stainless Steel Office Snips,Acco 6 Outlet Guardian Premium Plus Surge Suppressor,1,0.0002,0.25,208.71
Acme Tagit Stainless Steel Antibacterial Scissors,Staples,2,0.000399,0.3333,7.52
Acme Tagit Stainless Steel Antibacterial Scissors,Holmes Odor Grabber,1,0.0002,0.1667,104.35
Acme Tagit Stainless Steel Antibacterial Scissors,Xerox 206,1,0.0002,0.1667,166.97
Acme Tagit Stainless Steel Antibacterial Scissors,DMI Eclipse Executive Suite Bookcases,1,0.0002,0.1667,139.14
Acme Tagit Stainless Steel Antibacterial Scissors,GBC DocuBind P100 Manual Binding Machine,1,0.0002,0.1667,104.35
Acme Titanium Bonded Scissors,Cisco SPA525G2 IP Phone - Wireless,1,0.0002,0.2,200.36
Acme Titanium Bonded Scissors,Regeneration Desk Collection,1,0.0002,0.2,200.36
Acme Titanium Bonded Scissors,Xerox 1931,1,0.0002,0.2,125.22
Acme Titanium Bonded Scissors,Xerox 1976,1,0.0002,0.2,500.9
Acme Titanium Bonded Scissors,Xerox 1988,1,0.0002,0.2,111.31
Acme Value Line Scissors,Memorex Mini Travel Drive 64 GB USB 2.0 Flash Drive,2,0.000399,0.2,166.97
Acme Value Line Scissors,C-Line Cubicle Keepers Polyproplyene Holder With Velcro Backings,1,0.0002,0.1,62.61
Acme Value Line Scissors,"Holmes Replacement Filter for HEPA Air Cleaner, Medium Room",1,0.0002,0.1,125.22
Acme Value Line Scissors,Logitech Wireless Performance Mouse MX for PC and Mac,1,0.0002,0.1,71.56
Acme Value Line Scissors,OIC Thumb-Tacks,1,0.0002,0.1,166.97
Acrylic Self-Standing Desk Frames,Avoid Verbal Orders Carbonless Minifold Book,1,0.0002,0.125,125.22
Acrylic Self-Standing Desk Frames,Xerox 1978,1,0.0002,0.125,78.27
Acrylic Self-Standing Desk Frames,Convenience Packs of Business Envelopes,1,0.0002,0.125,104.35
Acrylic Self-Standing Desk Frames,"Eldon Expressions Desk Accessory, Wood Pencil Holder, Oak",1,0.0002,0.125,156.53
Acrylic Self-Standing Desk Frames,"HP Designjet T520 Inkjet Large Format Printer - 24"" Color",1,0.0002,0.125,208.71
"Adams ""While You Were Out"" Message Pads","Eldon Base for stackable storage shelf, platinum",1,0.0002,0.2,143.11
"Adams ""While You Were Out"" Message Pads","White Business Envelopes with Contemporary Seam, Recycled White Business Envelopes",1,0.0002,0.2,166.97
"Adams ""While You Were Out"" Message Pads",Newell 350,1,0.0002,0.2,166.97
"Adams ""While You Were Out"" Message Pads",Xerox 1933,1,0.0002,0.2,200.36
"Adams ""While You Were Out"" Message Pads","Adams Phone Message Book, 200 Message Capacity, 8 1/16 x 11",1,0.0002,0.2,125.22
"Adams Phone Message Book, 200 Message Capacity, 8 1/16 x 11",Avery 486,1,0.0002,0.125,69.57
"Adams Phone Message Book, 200 Message Capacity, 8 1/16 x 11",Hewlett Packard 610 Color Digital Copier / Printer,1,0.0002,0.125,89.45
"Adams Phone Message Book, 200 Message Capacity, 8 1/16 x 11",Xerox 1883,1,0.0002,0.125,89.45
"Adams Phone Message Book, 200 Message Capacity, 8 1/16 x 11","#10 Gummed Flap White Envelopes, 100/Box",1,0.0002,0.125,156.53
"Adams Phone Message Book, 200 Message Capacity, 8 1/16 x 11","Dixon Prang Watercolor Pencils, 10-Color Set with Brush",1,0.0002,0.125,89.45
"Adams Phone Message Book, Professional, 400 Message Capacity, 5 3/6 x 11","Global Value Steno Chair, Gray",1,0.0002,0.3333,166.97
"Adams Phone Message Book, Professional, 400 Message Capacity, 5 3/6 x 11",Xerox 1913,1,0.0002,0.3333,333.93
"Adams Phone Message Book, Professional, 400 Message Capacity, 5 3/6 x 11",Adjustable Depth Letter/Legal Cart,1,0.0002,0.3333,151.79
"Adams Phone Message Book, Professional, 400 Message Capacity, 5 3/6 x 11",Advantus Rolling Storage Box,1,0.0002,0.3333,166.97
"Adams Phone Message Book, Professional, 400 Message Capacity, 5 3/6 x 11","Global Wood Trimmed Manager's Task Chair, Khaki",1,0.0002,0.3333,119.26
"Adams Telephone Message Book W/Dividers/Space For Phone Numbers, 5 1/4""X8 1/2"", 200/Messages",Avery 518,1,0.0002,0.1429,89.45
"Adams Telephone Message Book W/Dividers/Space For Phone Numbers, 5 1/4""X8 1/2"", 200/Messages","Hot File 7-Pocket, Floor Stand",1,0.0002,0.1429,55.04
"Adams Telephone Message Book W/Dividers/Space For Phone Numbers, 5 1/4""X8 1/2"", 200/Messages",JM Magazine Binder,1,0.0002,0.1429,119.26
"Adams Telephone Message Book W/Dividers/Space For Phone Numbers, 5 1/4""X8 1/2"", 200/Messages","Lifetime Advantage Folding Chairs, 4/Carton",1,0.0002,0.1429,102.22
"Adams Telephone Message Book W/Dividers/Space For Phone Numbers, 5 1/4""X8 1/2"", 200/Messages",PayAnywhere Card Reader,1,0.0002,0.1429,143.11
"Adams Telephone Message Book W/Dividers/Space For Phone Numbers, 5 1/4""X8 1/2"", 300/Messages",Bose SoundLink Bluetooth Speaker,1,0.0002,0.1,100.18
"Adams Telephone Message Book W/Dividers/Space For Phone Numbers, 5 1/4""X8 1/2"", 300/Messages",Kingston Digital DataTraveler 16GB USB 2.0,1,0.0002,0.1,38.53
"Adams Telephone Message Book W/Dividers/Space For Phone Numbers, 5 1/4""X8 1/2"", 300/Messages",Letter or Legal Size Expandable Poly String Tie Envelopes,1,0.0002,0.1,125.22
"Adams Telephone Message Book W/Dividers/Space For Phone Numbers, 5 1/4""X8 1/2"", 300/Messages",Pyle PMP37LED,1,0.0002,0.1,50.09
"Adams Telephone Message Book W/Dividers/Space For Phone Numbers, 5 1/4""X8 1/2"", 300/Messages",Staples,1,0.0002,0.1,2.26
"Adams Telephone Message Book w/Frequently-Called Numbers Space, 400 Messages per Book",Global Deluxe High-Back Manager's Chair,1,0.0002,0.1429,89.45
"Adams Telephone Message Book w/Frequently-Called Numbers Space, 400 Messages per Book",Honeywell Enviracaire Portable HEPA Air Cleaner for 17' x 22' Room,1,0.0002,0.1429,89.45
"Adams Telephone Message Book w/Frequently-Called Numbers Space, 400 Messages per Book",Safco Steel Mobile File Cart,1,0.0002,0.1429,143.11
"Adams Telephone Message Book w/Frequently-Called Numbers Space, 400 Messages per Book",Xerox 205,1,0.0002,0.1429,178.89
"Adams Telephone Message Book w/Frequently-Called Numbers Space, 400 Messages per Book","GBC Standard Recycled Report Covers, Clear Plastic Sheets",1,0.0002,0.1429,59.63
"Adams Telephone Message Books, 5 1/4 x 11",Global Deluxe Steno Chair,1,0.0002,0.2,100.18
"Adams Telephone Message Books, 5 1/4 x 11",Ibico Plastic Spiral Binding Combs,1,0.0002,0.2,77.06
"Adams Telephone Message Books, 5 1/4 x 11",Staples,1,0.0002,0.2,4.51
"Adams Telephone Message Books, 5 1/4 x 11",Bestar Classic Bookcase,1,0.0002,0.2,125.22
"Adams Telephone Message Books, 5 1/4 x 11",BlackBerry Q10,1,0.0002,0.2,166.97
"Adams Write n' Stick Phone Message Book, 11"" X 5 1/4"", 200 Messages",Poly Designer Cover & Back,1,0.0002,0.3333,238.52
"Adams Write n' Stick Phone Message Book, 11"" X 5 1/4"", 200 Messages","Safco Chair Connectors, 6/Carton",1,0.0002,0.3333,417.42
"Adams Write n' Stick Phone Message Book, 11"" X 5 1/4"", 200 Messages",Avery 489,1,0.0002,0.3333,333.93
"Adams Write n' Stick Phone Message Book, 11"" X 5 1/4"", 200 Messages",Eldon Simplefile Box Office,1,0.0002,0.3333,208.71
"Adams Write n' Stick Phone Message Book, 11"" X 5 1/4"", 200 Messages","Post-it Important Message Note Pad, Neon Colors, 50 Sheets/Pad",1,0.0002,0.3333,834.83
Adjustable Depth Letter/Legal Cart,Staples,3,0.000599,0.2727,6.15
Adjustable Depth Letter/Legal Cart,AT&T CL82213,1,0.0002,0.0909,91.07
Adjustable Depth Letter/Legal Cart,Deflect-o Glass Clear Studded Chair Mats,1,0.0002,0.0909,65.05
Adjustable Depth Letter/Legal Cart,Deluxe Heavy-Duty Vinyl Round Ring Binder,1,0.0002,0.0909,65.05
Adjustable Depth Letter/Legal Cart,"Global Value Steno Chair, Gray",1,0.0002,0.0909,45.54
Adjustable Personal File Tote,"Acco PRESSTEX Data Binder with Storage Hooks, Dark Blue, 9 1/2"" X 11""",1,0.0002,0.2,250.45
Adjustable Personal File Tote,Acco Side-Punched Conventional Columnar Pads,1,0.0002,0.2,250.45
Adjustable Personal File Tote,Avery 492,1,0.0002,0.2,200.36
Adjustable Personal File Tote,Avery 499,1,0.0002,0.2,91.07
Adjustable Personal File Tote,Samsung HM1900 Bluetooth Headset,1,0.0002,0.2,143.11
Adtran 1202752G1,"Personal Filing Tote with Lid, Black/Gray",1,0.0002,0.2,125.22
Adtran 1202752G1,"Global High-Back Leather Tilter, Burgundy",1,0.0002,0.2,71.56
Adtran 1202752G1,3M Hangers With Command Adhesive,1,0.0002,0.2,125.22
Adtran 1202752G1,Cardinal EasyOpen D-Ring Binders,1,0.0002,0.2,125.22
Adtran 1202752G1,Case Logic 2.4GHz Wireless Keyboard,1,0.0002,0.2,125.22
"Advantus 10-Drawer Portable Organizer, Chrome Metal Frame, Smoke Drawers","Holmes Replacement Filter for HEPA Air Cleaner, Very Large Room, HEPA Filter",1,0.0002,0.25,125.22
"Advantus Employee of the Month Certificate Frame, 11 x 13-1/2","Chromcraft Bull-Nose Wood Round Conference Table Top, Wood Base",1,0.0002,0.2,166.97
"Advantus Employee of the Month Certificate Frame, 11 x 13-1/2","Lesro Sheffield Collection Coffee Table, End Table, Center Table, Corner Table",1,0.0002,0.2,111.31
"Advantus Employee of the Month Certificate Frame, 11 x 13-1/2",Logitech diNovo Edge Keyboard,1,0.0002,0.2,200.36
"Advantus Employee of the Month Certificate Frame, 11 x 13-1/2",Xerox 191,1,0.0002,0.2,100.18
"Advantus Employee of the Month Certificate Frame, 11 x 13-1/2",Fellowes Super Stor/Drawer Files,1,0.0002,0.2,111.31
Advantus Map Pennant Flags and Round Head Tacks,"Avery 05222 Permanent Self-Adhesive File Folder Labels for Typewriters, on Rolls, White, 250/Roll",1,0.0002,0.1667,417.42
Advantus Map Pennant Flags and Round Head Tacks,Eldon ClusterMat Chair Mat with Cordless Antistatic Protection,1,0.0002,0.1667,166.97
Advantus Map Pennant Flags and Round Head Tacks,Fellowes Powershred HS-440 4-Sheet High Security Shredder,1,0.0002,0.1667,278.28
Advantus Map Pennant Flags and Round Head Tacks,GBC Recycled VeloBinder Covers,1,0.0002,0.1667,104.35
Advantus Map Pennant Flags and Round Head Tacks,"Performers Binder/Pad Holder, Black",1,0.0002,0.1667,104.35
Advantus Motivational Note Cards,Global Italian Leather Office Chair,1,0.0002,0.2,500.9
Advantus Motivational Note Cards,Tennsco 6- and 18-Compartment Lockers,1,0.0002,0.2,91.07
Advantus Motivational Note Cards,Xerox 1913,1,0.0002,0.2,200.36
Advantus Motivational Note Cards,"Wilson Jones 1"" Hanging DublLock Ring Binders",1,0.0002,0.2,100.18
Advantus Motivational Note Cards,Wilson Jones Custom Binder Spines & Labels,1,0.0002,0.2,143.11
Advantus Panel Wall Acrylic Frame,Newell 319,1,0.0002,0.2,125.22
Advantus Panel Wall Acrylic Frame,"Sanitaire Vibra Groomer IR Commercial Upright Vacuum, Replacement Belts",1,0.0002,0.2,1001.8
Advantus Panel Wall Acrylic Frame,3.6 Cubic Foot Counter Height Office Refrigerator,1,0.0002,0.2,200.36
Advantus Panel Wall Certificate Holder - 8.5x11,Luxo Adjustable Task Clamp Lamp,1,0.0002,0.1667,208.71
Advantus Panel Wall Certificate Holder - 8.5x11,Wilson Jones Four-Pocket Poly Binders,1,0.0002,0.1667,208.71
Advantus Panel Wall Certificate Holder - 8.5x11,Carina Media Storage Towers in Natural & Black,1,0.0002,0.1667,166.97
Advantus Panel Wall Certificate Holder - 8.5x11,"DAX Contemporary Wood Frame with Silver Metal Mat, Desktop, 11 x 14 Size",1,0.0002,0.1667,166.97
Advantus Panel Wall Certificate Holder - 8.5x11,Fellowes Recycled Storage Drawers,1,0.0002,0.1667,278.28
Advantus Plastic Paper Clips,"Epson WorkForce WF-2530 All-in-One Printer, Copier Scanner",1,0.0002,0.1,250.45
Advantus Plastic Paper Clips,Prang Colored Pencils,1,0.0002,0.1,71.56
Advantus Plastic Paper Clips,Xerox 1933,1,0.0002,0.1,100.18
Advantus Plastic Paper Clips,Logitech G19 Programmable Gaming Keyboard,1,0.0002,0.1,62.61
Advantus Plastic Paper Clips,Toshiba IPT2010-SD IP Telephone,1,0.0002,0.1,62.61
Advantus Push Pins,Maxell 4.7GB DVD-R 5/Pack,1,0.0002,0.1429,143.11
Advantus Push Pins,Imation Secure Drive + Hardware Encrypted USB flash drive - 16 GB,1,0.0002,0.1429,119.26
Advantus Push Pins,Plantronics Audio 478 Stereo USB Headset,1,0.0002,0.1429,79.51
Advantus Push Pins,AT&T CL83451 4-Handset Telephone,1,0.0002,0.1429,178.89
Advantus Push Pins,14-7/8 x 11 Blue Bar Computer Printout Paper,1,0.0002,0.1429,178.89
"Advantus Push Pins, Aluminum Head",Ativa MDM8000 8-Sheet Micro-Cut Shredder,1,0.0002,0.2,500.9
"Advantus Push Pins, Aluminum Head","Binney & Smith inkTank Desk Highlighter, Chisel Tip, Yellow, 12/Box",1,0.0002,0.2,200.36
"Advantus Push Pins, Aluminum Head",Newell 351,1,0.0002,0.2,143.11
"Advantus Push Pins, Aluminum Head","Metal Folding Chairs, Beige, 4/Carton",1,0.0002,0.2,200.36
"Advantus Push Pins, Aluminum Head",Prestige Round Ring Binders,1,0.0002,0.2,125.22
Advantus Rolling Drawer Organizers,Imation 32GB Pocket Pro USB 3.0 Flash Drive - 32 GB - Black - 1 P ...,1,0.0002,0.1667,166.97
Advantus Rolling Drawer Organizers,DIXON Oriole Pencils,1,0.0002,0.1667,139.14
Advantus Rolling Storage Box,Great White Multi-Use Recycled Paper (20Lb. and 84 Bright),2,0.000399,0.2,125.22
Advantus Rolling Storage Box,GBC VeloBind Cover Sets,1,0.0002,0.1,45.54
Advantus Rolling Storage Box,Staples,1,0.0002,0.1,2.26
Advantus Rolling Storage Box,"Adams Phone Message Book, Professional, 400 Message Capacity, 5 3/6 x 11",1,0.0002,0.1,166.97
Advantus Rolling Storage Box,Adjustable Depth Letter/Legal Cart,1,0.0002,0.1,45.54
Advantus SlideClip Paper Clips,Xerox 1979,1,0.0002,0.3333,556.56
Advantus SlideClip Paper Clips,Avery 512,1,0.0002,0.3333,333.93
Advantus SlideClip Paper Clips,"Bush Westfield Collection Bookcases, Medium Cherry Finish",1,0.0002,0.3333,185.52
Advantus SlideClip Paper Clips,Logitech Wireless Gaming Headset G930,1,0.0002,0.3333,278.28
Advantus T-Pin Paper Clips,Avery 516,1,0.0002,0.2,250.45
Advantus T-Pin Paper Clips,Clarity 53712,1,0.0002,0.2,250.45
Advantus T-Pin Paper Clips,Wi-Ex zBoost YX540 Cellular Phone Signal Booster,1,0.0002,0.2,166.97
Advantus T-Pin Paper Clips,Avery 479,1,0.0002,0.2,333.93
Advantus T-Pin Paper Clips,DAX Solid Wood Frames,1,0.0002,0.2,333.93
Airmail Envelopes,"Global Stack Chair without Arms, Black",1,0.0002,0.1667,119.26
Airmail Envelopes,Innergie mMini Combo Duo USB Travel Charging Kit,1,0.0002,0.1667,139.14
Airmail Envelopes,Avery Durable Poly Binders,1,0.0002,0.1667,139.14
Airmail Envelopes,Tripp Lite Isotel 8 Ultra 8 Outlet Metal Surge,1,0.0002,0.1667,278.28
Airmail Envelopes,"LF Elite 3D Dazzle Designer Hard Case Cover, Lf Stylus Pen and Wiper For Apple Iphone 5c Mini Lite",1,0.0002,0.1667,104.35
Akro Stacking Bins,Boston KS Multi-Size Manual Pencil Sharpener,1,0.0002,0.1667,119.26
Akro Stacking Bins,Logitech Desktop MK120 Mouse and keyboard Combo,1,0.0002,0.1667,69.57
Akro Stacking Bins,Advantus Motivational Note Cards,1,0.0002,0.1667,166.97
Akro Stacking Bins,"Office Impressions End Table, 20-1/2""H x 24""W x 20""D",1,0.0002,0.1667,166.97
Akro Stacking Bins,Avery 502,1,0.0002,0.1667,278.28
Akro-Mils 12-Gallon Tote,Avery Recycled Flexi-View Covers for Binding Systems,1,0.0002,0.25,178.89
Akro-Mils 12-Gallon Tote,KI Adjustable-Height Table,1,0.0002,0.25,69.57
Akro-Mils 12-Gallon Tote,"Padded Folding Chairs, Black, 4/Carton",1,0.0002,0.25,156.53
Akro-Mils 12-Gallon Tote,"GBC Twin Loop Wire Binding Elements, 9/16"" Spine, Black",1,0.0002,0.25,139.14
Akro-Mils 12-Gallon Tote,Holmes Odor Grabber,1,0.0002,0.25,156.53
"Alliance Big Bands Rubber Bands, 12/Pack",Avery 509,1,0.0002,0.25,313.06
"Alliance Big Bands Rubber Bands, 12/Pack",Cisco SPA508G,1,0.0002,0.25,250.45
"Alliance Big Bands Rubber Bands, 12/Pack",Fellowes Powershred HS-440 4-Sheet High Security Shredder,1,0.0002,0.25,417.42
"Alliance Big Bands Rubber Bands, 12/Pack",Global Low Back Tilter Chair,1,0.0002,0.25,156.53
"Alliance Big Bands Rubber Bands, 12/Pack",Xerox 1946,1,0.0002,0.25,417.42
Alliance Rubber Bands,Deluxe Heavy-Duty Vinyl Round Ring Binder,1,0.0002,0.5,357.79
Alliance Rubber Bands,"Executive Impressions 14"" Contract Wall Clock",1,0.0002,0.5,357.79
Alliance Rubber Bands,Xerox 1988,1,0.0002,0.5,278.28
Alliance Rubber Bands,invisibleSHIELD by ZAGG Smudge-Free Screen Protector,1,0.0002,0.5,357.79
"Alliance Super-Size Bands, Assorted Sizes",GE 30524EE4,1,0.0002,0.25,139.14
"Alliance Super-Size Bands, Assorted Sizes",Global Deluxe High-Back Manager's Chair,1,0.0002,0.25,156.53
"Alliance Super-Size Bands, Assorted Sizes",Ibico Hi-Tech Manual Binding System,1,0.0002,0.25,113.84
"Alliance Super-Size Bands, Assorted Sizes",Rogers Handheld Barrel Pencil Sharpener,1,0.0002,0.25,178.89
"Alliance Super-Size Bands, Assorted Sizes",Southworth 25% Cotton Granite Paper & Envelopes,1,0.0002,0.25,417.42
Alphabetical Labels for Top Tab Filing,HTC One,1,0.0002,0.1111,139.14
Alphabetical Labels for Top Tab Filing,Avery Heavy-Duty EZD  Binder With Locking Rings,1,0.0002,0.1111,92.76
Alphabetical Labels for Top Tab Filing,Bady BDG101FRU Card Printer,1,0.0002,0.1111,139.14
Alphabetical Labels for Top Tab Filing,"GBC Twin Loop Wire Binding Elements, 9/16"" Spine, Black",1,0.0002,0.1111,61.84
Alphabetical Labels for Top Tab Filing,Hon Mobius Operator's Chair,1,0.0002,0.1111,111.31
Aluminum Document Frame,GBC Standard Therm-A-Bind Covers,1,0.0002,0.2,83.48
Aluminum Document Frame,Avery 520,1,0.0002,0.2,200.36
Aluminum Document Frame,Eldon Mobile Mega Data Cart  Mega Stackable  Add-On Trays,1,0.0002,0.2,166.97
Aluminum Document Frame,Fellowes Bankers Box Staxonsteel Drawer File/Stacking System,1,0.0002,0.2,125.22
Aluminum Document Frame,Office Star - Ergonomically Designed Knee Chair,1,0.0002,0.2,143.11
Aluminum Screw Posts,"GBC Clear Cover, 8-1/2 x 11, unpunched, 25 covers per pack",1,0.0002,0.0909,113.84
Aluminum Screw Posts,Ibico Plastic Spiral Binding Combs,1,0.0002,0.0909,35.03
Aluminum Screw Posts,Tuf-Vin Binders,1,0.0002,0.0909,65.05
Aluminum Screw Posts,Loose Memo Sheets,1,0.0002,0.0909,227.68
Aluminum Screw Posts,"Pressboard Covers with Storage Hooks, 9 1/2"" x 11"", Light Blue",1,0.0002,0.0909,37.95
AmazonBasics 3-Button USB Wired Mouse,"Eldon Expressions Wood Desk Accessories, Oak",1,0.0002,0.2,83.48
AmazonBasics 3-Button USB Wired Mouse,Newell 334,1,0.0002,0.2,166.97
AmazonBasics 3-Button USB Wired Mouse,Logitech VX Revolution Cordless Laser Mouse for Notebooks (Black),1,0.0002,0.2,200.36
AmazonBasics 3-Button USB Wired Mouse,Poly String Tie Envelopes,1,0.0002,0.2,91.07
AmazonBasics 3-Button USB Wired Mouse,Tennsco Industrial Shelving,1,0.0002,0.2,111.31
American Pencil,Avery 492,1,0.0002,0.1667,166.97
American Pencil,Samsung Galaxy S4 Active,1,0.0002,0.1667,417.42
American Pencil,"Wilson Jones Ledger-Size, Piano-Hinge Binder, 2"", Blue",1,0.0002,0.1667,69.57
American Pencil,Xerox 1919,1,0.0002,0.1667,92.76
American Pencil,"Acme Design Line 8"" Stainless Steel Bent Scissors w/Champagne Handles, 3-1/8"" Cut",1,0.0002,0.1667,278.28
Ames Color-File Green Diamond Border X-ray Mailers,Self-Adhesive Removable Labels,1,0.0002,0.25,178.89
Ames Color-File Green Diamond Border X-ray Mailers,"Crayola Anti Dust Chalk, 12/Pack",1,0.0002,0.25,178.89
Ames Color-File Green Diamond Border X-ray Mailers,O'Sullivan Plantations 2-Door Library in Landvery Oak,1,0.0002,0.25,250.45
Ames Color-File Green Diamond Border X-ray Mailers,Xerox 214,1,0.0002,0.25,139.14
Ames Color-File Green Diamond Border X-ray Mailers,Aastra 57i VoIP phone,1,0.0002,0.25,178.89
Ampad #10 Peel & Seel Holiday Envelopes,AT&T 841000 Phone,1,0.0002,0.3333,238.52
Ampad #10 Peel & Seel Holiday Envelopes,Bevis 36 x 72 Conference Tables,1,0.0002,0.3333,208.71
Ampad #10 Peel & Seel Holiday Envelopes,Digium D40 VoIP phone,1,0.0002,0.3333,185.52
Ampad #10 Peel & Seel Holiday Envelopes,Eureka Sanitaire  Commercial Upright,1,0.0002,0.3333,556.56
Ampad #10 Peel & Seel Holiday Envelopes,SanDisk Cruzer 32 GB USB Flash Drive,1,0.0002,0.3333,278.28
"Ampad Evidence Wirebond Steno Books, 6"" x 9""",Xerox 1884,1,0.0002,0.25,156.53
"Ampad Evidence Wirebond Steno Books, 6"" x 9""",Logitech G19 Programmable Gaming Keyboard,1,0.0002,0.25,156.53
"Ampad Evidence Wirebond Steno Books, 6"" x 9""",Security-Tint Envelopes,1,0.0002,0.25,139.14
"Ampad Evidence Wirebond Steno Books, 6"" x 9""",Xerox 1908,1,0.0002,0.25,178.89
"Ampad Evidence Wirebond Steno Books, 6"" x 9""","Eldon Regeneration Recycled Desk Accessories, Smoke",1,0.0002,0.25,250.45
"Ampad Gold Fibre Wirebound Steno Books, 6"" x 9"", Gregg Ruled","Howard Miller 11-1/2"" Diameter Grantwood Wall Clock",1,0.0002,0.125,104.35
"Ampad Gold Fibre Wirebound Steno Books, 6"" x 9"", Gregg Ruled","Avery 05222 Permanent Self-Adhesive File Folder Labels for Typewriters, on Rolls, White, 250/Roll",1,0.0002,0.125,313.06
"Ampad Gold Fibre Wirebound Steno Books, 6"" x 9"", Gregg Ruled",BPI Conference Tables,1,0.0002,0.125,125.22
"Ampad Gold Fibre Wirebound Steno Books, 6"" x 9"", Gregg Ruled","Carina Mini System Audio Rack, Model AR050B",1,0.0002,0.125,104.35
"Ampad Gold Fibre Wirebound Steno Books, 6"" x 9"", Gregg Ruled",GBC Instant Index System for Binding Systems,1,0.0002,0.125,125.22
"Ampad Phone Message Book, Recycled, 400 Message Capacity, 5 ¾ x 11",OIC Binder Clips,1,0.0002,0.2,143.11
"Ampad Phone Message Book, Recycled, 400 Message Capacity, 5 ¾ x 11",Premier Electric Letter Opener,1,0.0002,0.2,125.22
"Ampad Phone Message Book, Recycled, 400 Message Capacity, 5 ¾ x 11","Acco Flexible ACCOHIDE Square Ring Data Binder, Dark Blue, 11 1/2"" X 14"" 7/8""",1,0.0002,0.2,100.18
"Ampad Phone Message Book, Recycled, 400 Message Capacity, 5 ¾ x 11",Avery 50,1,0.0002,0.2,200.36
"Ampad Poly Cover Wirebound Steno Book, 6"" x 9"" Assorted Colors, Gregg Ruled","Pressboard Covers with Storage Hooks, 9 1/2"" x 11"", Light Blue",1,0.0002,0.25,104.35
"Ampad Poly Cover Wirebound Steno Book, 6"" x 9"" Assorted Colors, Gregg Ruled",Xerox 189,1,0.0002,0.25,208.71
"Ampad Poly Cover Wirebound Steno Book, 6"" x 9"" Assorted Colors, Gregg Ruled",Fluorescent Highlighters by Dixon,1,0.0002,0.25,250.45
"Ampad Poly Cover Wirebound Steno Book, 6"" x 9"" Assorted Colors, Gregg Ruled",Nortel Networks T7316 E Nt8 B27,1,0.0002,0.25,208.71
Anderson Hickey Conga Table Tops & Accessories,Eldon Shelf Savers Cubes and Bins,1,0.0002,0.5,313.06
Anderson Hickey Conga Table Tops & Accessories,Ampad #10 Peel & Seel Holiday Envelopes,1,0.0002,0.5,834.83
Anderson Hickey Conga Table Tops & Accessories,Avery 518,1,0.0002,0.5,313.06
Anderson Hickey Conga Table Tops & Accessories,"Linden 10"" Round Wall Clock, Black",1,0.0002,0.5,417.42
"Angle-D Binders with Locking Rings, Label Holders",Belkin Standard 104 key USB Keyboard,1,0.0002,0.1,83.48
"Angle-D Binders with Locking Rings, Label Holders",Dixon Ticonderoga Core-Lock Colored Pencils,1,0.0002,0.1,71.56
"Angle-D Binders with Locking Rings, Label Holders",Panasonic KX TS3282B Corded phone,1,0.0002,0.1,166.97
"Angle-D Binders with Locking Rings, Label Holders","Riverside Furniture Oval Coffee Table, Oval End Table, End Table with Drawer",1,0.0002,0.1,100.18
"Angle-D Binders with Locking Rings, Label Holders",Logitech 910-002974 M325 Wireless Mouse for Web Scrolling,1,0.0002,0.1,33.39
Angle-D Ring Binders,GBC Wire Binding Strips,1,0.0002,0.1667,166.97
Angle-D Ring Binders,Samsung Galaxy Note 3,1,0.0002,0.1667,278.28
Angle-D Ring Binders,Boston 1730 StandUp Electric Pencil Sharpener,1,0.0002,0.1667,278.28
Angle-D Ring Binders,Safco Contoured Stacking Chairs,1,0.0002,0.1667,104.35
Angle-D Ring Binders,"TOPS Voice Message Log Book, Flash Format",1,0.0002,0.1667,278.28
Anker 24W Portable Micro USB Car Charger,"BIC Brite Liner Highlighters, Chisel Tip",1,0.0002,0.5,417.42
Anker 24W Portable Micro USB Car Charger,GE 30524EE4,1,0.0002,0.5,278.28
Anker 24W Portable Micro USB Car Charger,LG Electronics Tone+ HBS-730 Bluetooth Headset,1,0.0002,0.5,626.12
Anker 24W Portable Micro USB Car Charger,SanDisk Cruzer 4 GB USB Flash Drive,1,0.0002,0.5,1252.25
Anker 24W Portable Micro USB Car Charger,GBC Standard Therm-A-Bind Covers,1,0.0002,0.5,208.71
Anker 36W 4-Port USB Wall Charger Travel Power Adapter for iPhone 5s 5c 5,Staples,2,0.000399,0.3333,7.52
Anker 36W 4-Port USB Wall Charger Travel Power Adapter for iPhone 5s 5c 5,Sony Micro Vault Click 16 GB USB 2.0 Flash Drive,1,0.0002,0.1667,92.76
Anker 36W 4-Port USB Wall Charger Travel Power Adapter for iPhone 5s 5c 5,"Telephone Message Books with Fax/Mobile Section, 5 1/2"" x 3 3/16""",1,0.0002,0.1667,139.14
Anker 36W 4-Port USB Wall Charger Travel Power Adapter for iPhone 5s 5c 5,Xerox 1916,1,0.0002,0.1667,119.26
Anker Astro 15000mAh USB Portable Charger,GBC Prestige Therm-A-Bind Covers,2,0.000399,0.4,200.36
Anker Astro 15000mAh USB Portable Charger,Avery 508,1,0.0002,0.2,166.97
Anker Astro 15000mAh USB Portable Charger,Chromcraft Round Conference Tables,1,0.0002,0.2,77.06
Anker Astro 15000mAh USB Portable Charger,"Fellowes Mobile File Cart, Black",1,0.0002,0.2,100.18
Anker Astro 15000mAh USB Portable Charger,"Hon Deluxe Fabric Upholstered Stacking Chairs, Rounded Back",1,0.0002,0.2,83.48
Anker Astro Mini 3000mAh Ultra-Compact Portable Charger,Bretford CR8500 Series Meeting Room Furniture,2,0.000399,0.5,417.42
Anker Astro Mini 3000mAh Ultra-Compact Portable Charger,"Global Manager's Adjustable Task Chair, Storm",1,0.0002,0.25,208.71
Anker Astro Mini 3000mAh Ultra-Compact Portable Charger,Fellowes PB500 Electric Punch Plastic Comb Binding Machine with Manual Bind,1,0.0002,0.25,125.22
Anker Astro Mini 3000mAh Ultra-Compact Portable Charger,Logitech Media Keyboard K200,1,0.0002,0.25,313.06
Anker Astro Mini 3000mAh Ultra-Compact Portable Charger,Avery Durable Slant Ring Binders,1,0.0002,0.25,250.45
Anker Ultra-Slim Mini Bluetooth 3.0 Wireless Keyboard,Cisco 9971 IP Video Phone Charcoal,1,0.0002,0.2,500.9
Anker Ultra-Slim Mini Bluetooth 3.0 Wireless Keyboard,LG G3,1,0.0002,0.2,250.45
Anker Ultra-Slim Mini Bluetooth 3.0 Wireless Keyboard,"Eldon Expressions Wood and Plastic Desk Accessories, Cherry Wood",1,0.0002,0.2,200.36
Anker Ultra-Slim Mini Bluetooth 3.0 Wireless Keyboard,"GBC Prepunched Paper, 19-Hole, for Binding Systems, 24-lb",1,0.0002,0.2,143.11
Anker Ultra-Slim Mini Bluetooth 3.0 Wireless Keyboard,"Plantronics CS 50-USB - headset - Convertible, Monaural",1,0.0002,0.2,200.36
Anker Ultrathin Bluetooth Wireless Keyboard Aluminum Cover with Stand ,JBL Micro Wireless Portable Bluetooth Speaker,1,0.0002,0.25,208.71
Anker Ultrathin Bluetooth Wireless Keyboard Aluminum Cover with Stand ,Newell 312,1,0.0002,0.25,113.84
Anker Ultrathin Bluetooth Wireless Keyboard Aluminum Cover with Stand ,Acco D-Ring Binder w/DublLock,1,0.0002,0.25,139.14
Apple EarPods with Remote and Mic,"Perixx PERIBOARD-512B, Ergonomic Split Keyboard",1,0.0002,0.25,417.42
Apple EarPods with Remote and Mic,"TOPS Voice Message Log Book, Flash Format",1,0.0002,0.25,417.42
Apple EarPods with Remote and Mic,"Acco Six-Outlet Power Strip, 4' Cord Length",1,0.0002,0.25,139.14
Apple EarPods with Remote and Mic,Hon 4-Shelf Metal Bookcases,1,0.0002,0.25,313.06
Apple EarPods with Remote and Mic,Poly Designer Cover & Back,1,0.0002,0.25,178.89
Apple iPhone 5,Belkin F5C206VTEL 6 Outlet Surge,1,0.0002,0.1667,119.26
Apple iPhone 5,Rediform Voice Mail Log Books,1,0.0002,0.1667,417.42
Apple iPhone 5,"Adams Phone Message Book, 200 Message Capacity, 8 1/16 x 11",1,0.0002,0.1667,104.35
Apple iPhone 5,Advantus Push Pins,1,0.0002,0.1667,119.26
Apple iPhone 5,"Global Leather Task Chair, Black",1,0.0002,0.1667,104.35
Apple iPhone 5C,"Eldon Expressions Desk Accessory, Wood Pencil Holder, Oak",1,0.0002,0.25,313.06
Apple iPhone 5C,Hon 4700 Series Mobuis Mid-Back Task Chairs with Adjustable Arms,1,0.0002,0.25,208.71
Apple iPhone 5C,Newell 327,1,0.0002,0.25,313.06
Apple iPhone 5C,Newell 351,1,0.0002,0.25,178.89
Apple iPhone 5C,Staples,1,0.0002,0.25,5.64
Apple iPhone 5S,O'Sullivan 3-Shelf Heavy-Duty Bookcases,1,0.0002,0.25,250.45
Apple iPhone 5S,Plantronics CS510 - Over-the-Head monaural Wireless Headset System,1,0.0002,0.25,125.22
Apple iPhone 5S,Plastic Stacking Crates & Casters,1,0.0002,0.25,313.06
Apple iPhone 5S,Xerox 216,1,0.0002,0.25,156.53
Apple iPhone 5S,Hon 2090 Pillow Soft Series Mid Back Swivel/Tilt Chairs,1,0.0002,0.25,208.71
Array Memo Cubes,Texas Instruments TI-34 Scientific Calculator,1,0.0002,0.3333,556.56
Array Memo Cubes,Avery Non-Stick Binders,1,0.0002,0.3333,83.48
Array Memo Cubes,Newell 334,1,0.0002,0.3333,278.28
Array Memo Cubes,Razer Kraken PRO Over Ear PC and Music Headset,1,0.0002,0.3333,208.71
Array Memo Cubes,"Tenex ""The Solids"" Textured Chair Mats",1,0.0002,0.3333,238.52
"Array Parchment Paper, Assorted Colors",Staples,1,0.0002,0.25,5.64
"Array Parchment Paper, Assorted Colors",HTC One Mini,1,0.0002,0.25,313.06
"Array Parchment Paper, Assorted Colors","Hon Metal Bookcases, Black",1,0.0002,0.25,250.45
"Array Parchment Paper, Assorted Colors",Okidata C331dn Printer,1,0.0002,0.25,250.45
"Array Parchment Paper, Assorted Colors",Safco Industrial Wire Shelving System,1,0.0002,0.25,156.53
Artistic Insta-Plaque,"Acco Clips to Go Binder Clips, 24 Clips in Two Sizes",1,0.0002,0.3333,333.93
Artistic Insta-Plaque,Belkin QODE FastFit Bluetooth Keyboard,1,0.0002,0.3333,834.83
Artistic Insta-Plaque,GBC Ibimaster 500 Manual ProClick Binding System,1,0.0002,0.3333,185.52
Artistic Insta-Plaque,KI Conference Tables,1,0.0002,0.3333,208.71
Artistic Insta-Plaque,Longer-Life Soft White Bulbs,1,0.0002,0.3333,166.97
Assorted Color Push Pins,Avery Heavy-Duty EZD View Binder with Locking Rings,1,0.0002,0.125,62.61
Assorted Color Push Pins,Belkin Standard 104 key USB Keyboard,1,0.0002,0.125,104.35
Assorted Color Push Pins,JBL Micro Wireless Portable Bluetooth Speaker,1,0.0002,0.125,104.35
Assorted Color Push Pins,"Plantronics CS 50-USB - headset - Convertible, Monaural",1,0.0002,0.125,125.22
Assorted Color Push Pins,Belkin F9H710-06 7 Outlet SurgeMaster Surge Protector,1,0.0002,0.125,78.27
Astroparche Fine Business Paper,Tripp Lite TLP810NET Broadband Surge for Modem/Fax,1,0.0002,0.1667,139.14
Astroparche Fine Business Paper,Newell 35,1,0.0002,0.1667,92.76
Astroparche Fine Business Paper,Novimex Fabric Task Chair,1,0.0002,0.1667,92.76
Astroparche Fine Business Paper,Cisco 8x8 Inc. 6753i IP Business Phone System,1,0.0002,0.1667,139.14
Astroparche Fine Business Paper,Global Ergonomic Managers Chair,1,0.0002,0.1667,75.89
"Ativa D5772 2-Line 5.8GHz Digital Expandable Corded/Cordless Phone System with Answering & Caller ID/Call Waiting, Black/Silver",Avery 50,1,0.0002,0.25,250.45
"Ativa D5772 2-Line 5.8GHz Digital Expandable Corded/Cordless Phone System with Answering & Caller ID/Call Waiting, Black/Silver",Avery Durable Binders,1,0.0002,0.25,104.35
"Ativa D5772 2-Line 5.8GHz Digital Expandable Corded/Cordless Phone System with Answering & Caller ID/Call Waiting, Black/Silver","Avery Flip-Chart Easel Binder, Black",1,0.0002,0.25,313.06
"Ativa D5772 2-Line 5.8GHz Digital Expandable Corded/Cordless Phone System with Answering & Caller ID/Call Waiting, Black/Silver",I.R.I.S IRISCard Anywhere 5 Card Scanner,1,0.0002,0.25,1252.25
"Ativa D5772 2-Line 5.8GHz Digital Expandable Corded/Cordless Phone System with Answering & Caller ID/Call Waiting, Black/Silver",Logitech G19 Programmable Gaming Keyboard,1,0.0002,0.25,156.53
Ativa MDM8000 8-Sheet Micro-Cut Shredder,"Advantus Push Pins, Aluminum Head",1,0.0002,0.5,500.9
Ativa MDM8000 8-Sheet Micro-Cut Shredder,"Binney & Smith inkTank Desk Highlighter, Chisel Tip, Yellow, 12/Box",1,0.0002,0.5,500.9
Ativa MDM8000 8-Sheet Micro-Cut Shredder,Newell 351,1,0.0002,0.5,357.79
Ativa MDM8000 8-Sheet Micro-Cut Shredder,GBC Imprintable Covers,1,0.0002,0.5,313.06
Ativa MDM8000 8-Sheet Micro-Cut Shredder,"Vinyl Coated Wire Paper Clips in Organizer Box, 800/Box",1,0.0002,0.5,313.06
Ativa V4110MDD Micro-Cut Shredder,Staples,2,0.000399,1.0,22.56
Ativa V4110MDD Micro-Cut Shredder,Honeywell Enviracaire Portable HEPA Air Cleaner for 17' x 22' Room,1,0.0002,0.5,313.06
Ativa V4110MDD Micro-Cut Shredder,KI Adjustable-Height Table,1,0.0002,0.5,139.14
Ativa V4110MDD Micro-Cut Shredder,Spigen Samsung Galaxy S5 Case Wallet,1,0.0002,0.5,500.9
Ativa V4110MDD Micro-Cut Shredder,Vtech CS6719,1,0.0002,0.5,357.79
"Atlantic Metals Mobile 3-Shelf Bookcases, Custom Colors","GE 4 Foot Flourescent Tube, 40 Watt",1,0.0002,0.125,208.71
"Atlantic Metals Mobile 3-Shelf Bookcases, Custom Colors",4009 Highlighters by Sanford,1,0.0002,0.125,78.27
"Atlantic Metals Mobile 3-Shelf Bookcases, Custom Colors","Atlantic Metals Mobile 4-Shelf Bookcases, Custom Colors",1,0.0002,0.125,104.35
"Atlantic Metals Mobile 3-Shelf Bookcases, Custom Colors",I Need's 3d Hello Kitty Hybrid Silicone Case Cover for HTC One X 4g with 3d Hello Kitty Stylus Pen Green/pink,1,0.0002,0.125,62.61
"Atlantic Metals Mobile 3-Shelf Bookcases, Custom Colors",Xerox 205,1,0.0002,0.125,156.53
"Atlantic Metals Mobile 4-Shelf Bookcases, Custom Colors",4009 Highlighters by Sanford,1,0.0002,0.1667,104.35
"Atlantic Metals Mobile 4-Shelf Bookcases, Custom Colors","Atlantic Metals Mobile 3-Shelf Bookcases, Custom Colors",1,0.0002,0.1667,104.35
"Atlantic Metals Mobile 4-Shelf Bookcases, Custom Colors",I Need's 3d Hello Kitty Hybrid Silicone Case Cover for HTC One X 4g with 3d Hello Kitty Stylus Pen Green/pink,1,0.0002,0.1667,83.48
"Atlantic Metals Mobile 4-Shelf Bookcases, Custom Colors",Xerox 205,1,0.0002,0.1667,208.71
"Atlantic Metals Mobile 4-Shelf Bookcases, Custom Colors",Plantronics Savi W720 Multi-Device Wireless Headset System,1,0.0002,0.1667,119.26
"Atlantic Metals Mobile 5-Shelf Bookcases, Custom Colors",Panasonic KP-350BK Electric Pencil Sharpener with Auto Stop,1,0.0002,0.125,208.71
"Atlantic Metals Mobile 5-Shelf Bookcases, Custom Colors",Maxell 4.7GB DVD+RW 3/Pack,1,0.0002,0.125,156.53
"Atlantic Metals Mobile 5-Shelf Bookcases, Custom Colors",Eldon Shelf Savers Cubes and Bins,1,0.0002,0.125,78.27
"Atlantic Metals Mobile 5-Shelf Bookcases, Custom Colors","Inter-Office Recycled Envelopes, Brown Kraft, Button-String,10"" x 13"" , 100/Box",1,0.0002,0.125,208.71
"Atlantic Metals Mobile 5-Shelf Bookcases, Custom Colors","Master Caster Door Stop, Brown",1,0.0002,0.125,69.57
Avanti 1.7 Cu. Ft. Refrigerator,Motorola HK250 Universal Bluetooth Headset,1,0.0002,0.25,139.14
Avanti 1.7 Cu. Ft. Refrigerator,"Universal Recycled Hanging Pressboard Report Binders, Letter Size",1,0.0002,0.25,250.45
Avanti 1.7 Cu. Ft. Refrigerator,"RSVP Cards & Envelopes, Blank White, 8-1/2"" X 11"", 24 Cards/25 Envelopes/Set",1,0.0002,0.25,208.71
Avanti 1.7 Cu. Ft. Refrigerator,"SlimView Poly Binder, 3/8""",1,0.0002,0.25,178.89
Avanti 1.7 Cu. Ft. Refrigerator,Xerox 1966,1,0.0002,0.25,208.71
Avanti 4.4 Cu. Ft. Refrigerator,Fellowes Advanced 8 Outlet Surge Suppressor with Phone/Fax Protection,1,0.0002,0.1429,238.52
Avanti 4.4 Cu. Ft. Refrigerator,Hoover Replacement Belt for Commercial Guardsman Heavy-Duty Upright Vacuum,1,0.0002,0.1429,178.89
Avanti 4.4 Cu. Ft. Refrigerator,"Companion Letter/Legal File, Black",1,0.0002,0.1429,143.11
Avanti 4.4 Cu. Ft. Refrigerator,Eldon Wave Desk Accessories,1,0.0002,0.1429,51.11
Avanti 4.4 Cu. Ft. Refrigerator,"Performers Binder/Pad Holder, Black",1,0.0002,0.1429,89.45
Avaya 4621SW VoIP phone,"Master Caster Door Stop, Brown",1,0.0002,0.25,139.14
Avaya 4621SW VoIP phone,OtterBox Defender Series Case - Samsung Galaxy S4,1,0.0002,0.25,156.53
Avaya 4621SW VoIP phone,"Snap-A-Way Black Print Carbonless Speed Message, No Reply Area, Duplicate",1,0.0002,0.25,1252.25
Avaya 5410 Digital phone,Avery Legal 4-Ring Binder,1,0.0002,0.25,313.06
Avaya 5410 Digital phone,Canon imageCLASS 2200 Advanced Copier,1,0.0002,0.25,250.45
Avaya 5410 Digital phone,Xerox 224,1,0.0002,0.25,208.71
Avaya 5410 Digital phone,"Alliance Big Bands Rubber Bands, 12/Pack",1,0.0002,0.25,313.06
Avaya 5410 Digital phone,Avery Durable Slant Ring Binders With Label Holder,1,0.0002,0.25,139.14
Avaya 5420 Digital phone,Avery 519,1,0.0002,0.3333,278.28
Avaya 5420 Digital phone,DAX Solid Wood Frames,1,0.0002,0.3333,556.56
Avaya 5420 Digital phone,Southworth 25% Cotton Premium Laser Paper and Envelopes,1,0.0002,0.3333,333.93
Avaya IP Phone 1140E VoIP phone,"Global Wood Trimmed Manager's Task Chair, Khaki",1,0.0002,1.0,357.79
Avaya IP Phone 1140E VoIP phone,"Gould Plastics 18-Pocket Panel Bin, 34w x 5-1/4d x 20-1/2h",1,0.0002,1.0,500.9
"Avery 05222 Permanent Self-Adhesive File Folder Labels for Typewriters, on Rolls, White, 250/Roll",Advantus Map Pennant Flags and Round Head Tacks,1,0.0002,0.5,417.42
"Avery 05222 Permanent Self-Adhesive File Folder Labels for Typewriters, on Rolls, White, 250/Roll",Eldon ClusterMat Chair Mat with Cordless Antistatic Protection,1,0.0002,0.5,500.9
"Avery 05222 Permanent Self-Adhesive File Folder Labels for Typewriters, on Rolls, White, 250/Roll",Fellowes Powershred HS-440 4-Sheet High Security Shredder,1,0.0002,0.5,834.83
"Avery 05222 Permanent Self-Adhesive File Folder Labels for Typewriters, on Rolls, White, 250/Roll",GBC Recycled VeloBinder Covers,1,0.0002,0.5,313.06
"Avery 05222 Permanent Self-Adhesive File Folder Labels for Typewriters, on Rolls, White, 250/Roll","Performers Binder/Pad Holder, Black",1,0.0002,0.5,313.06
"Avery 3 1/2"" Diskette Storage Pages, 10/Pack",3M Hangers With Command Adhesive,1,0.0002,0.1667,104.35
"Avery 3 1/2"" Diskette Storage Pages, 10/Pack","Seth Thomas 14"" Day/Date Wall Clock",1,0.0002,0.1667,139.14
"Avery 3 1/2"" Diskette Storage Pages, 10/Pack",Avery Recycled Flexi-View Covers for Binding Systems,1,0.0002,0.1667,119.26
"Avery 3 1/2"" Diskette Storage Pages, 10/Pack",Cisco CP-7937G Unified IP Conference Station Phone,1,0.0002,0.1667,417.42
"Avery 3 1/2"" Diskette Storage Pages, 10/Pack","Black Avery Memo-Size 3-Ring Binder, 5 1/2"" x 8 1/2""",1,0.0002,0.1667,208.71
"Avery 4027 File Folder Labels for Dot Matrix Printers, 5000 Labels per Box, White","24 Capacity Maxi Data Binder Racks, Pearl",1,0.0002,0.0909,113.84
"Avery 4027 File Folder Labels for Dot Matrix Printers, 5000 Labels per Box, White",Logitech Wireless Performance Mouse MX for PC and Mac,1,0.0002,0.0909,65.05
"Avery 4027 File Folder Labels for Dot Matrix Printers, 5000 Labels per Box, White",Satellite Sectional Post Binders,1,0.0002,0.0909,41.4
"Avery 4027 File Folder Labels for Dot Matrix Printers, 5000 Labels per Box, White",Wirebound Voice Message Log Book,1,0.0002,0.0909,227.68
"Avery 4027 File Folder Labels for Dot Matrix Printers, 5000 Labels per Box, White",Hon 61000 Series Interactive Training Tables,1,0.0002,0.0909,50.6
Avery 473,Bretford Just In Time Height-Adjustable Multi-Task Work Tables,1,0.0002,0.1667,208.71
Avery 473,Xerox 226,1,0.0002,0.1667,75.89
Avery 473,Hon Rectangular Conference Tables,1,0.0002,0.1667,208.71
Avery 473,Plantronics CS510 - Over-the-Head monaural Wireless Headset System,1,0.0002,0.1667,83.48
Avery 473,Acme Value Line Scissors,1,0.0002,0.1667,83.48
Avery 474,Adjustable Depth Letter/Legal Cart,1,0.0002,0.1111,50.6
Avery 474,"Belkin SportFit Armband For iPhone 5s/5c, Fuchsia",1,0.0002,0.1111,111.31
Avery 474,Xerox 227,1,0.0002,0.1111,69.57
Avery 474,Boston 19500 Mighty Mite Electric Pencil Sharpener,1,0.0002,0.1111,139.14
Avery 474,"Acco Six-Outlet Power Strip, 4' Cord Length",1,0.0002,0.1111,61.84
Avery 475,Staples,1,0.0002,0.25,5.64
Avery 475,Avery 476,1,0.0002,0.25,125.22
Avery 475,Logitech MX Performance Wireless Mouse,1,0.0002,0.25,178.89
Avery 475,Premium Transparent Presentation Covers by GBC,1,0.0002,0.25,125.22
Avery 475,Accohide Poly Flexible Ring Binders,1,0.0002,0.25,156.53
Avery 476,Aastra 57i VoIP phone,1,0.0002,0.1,71.56
Avery 476,Pizazz Global Quick File,1,0.0002,0.1,83.48
Avery 476,Zebra GX420t Direct Thermal/Thermal Transfer Printer,1,0.0002,0.1,166.97
Avery 476,GBC DocuBind TL200 Manual Binding Machine,1,0.0002,0.1,83.48
Avery 476,"Acme 10"" Easy Grip Assistive Scissors",1,0.0002,0.1,62.61
Avery 477,Avery Hanging File Binders,1,0.0002,0.25,208.71
Avery 477,DYMO CardScan Personal V9 Business Card Scanner,1,0.0002,0.25,417.42
Avery 477,"Executive Impressions 10"" Spectator Wall Clock",1,0.0002,0.25,250.45
Avery 477,Mophie Juice Pack Helium for iPhone,1,0.0002,0.25,208.71
Avery 477,Stacking Trays by OIC,1,0.0002,0.25,208.71
Avery 478,"Acme 10"" Easy Grip Assistive Scissors",1,0.0002,0.25,156.53
Avery 478,Advantus Panel Wall Certificate Holder - 8.5x11,1,0.0002,0.25,208.71
Avery 478,Avery 476,1,0.0002,0.25,125.22
Avery 478,Strathmore Photo Mount Cards,1,0.0002,0.25,139.14
Avery 479,Advantus T-Pin Paper Clips,1,0.0002,0.3333,333.93
Avery 48,"Dual Level, Single-Width Filing Carts",1,0.0002,0.3333,185.52
Avery 48,"Seth Thomas 14"" Putty-Colored Wall Clock",1,0.0002,0.3333,417.42
Avery 48,White Computer Printout Paper by Universal,1,0.0002,0.3333,208.71
Avery 48,Avery Arch Ring Binders,1,0.0002,0.3333,166.97
Avery 48,Xerox 1915,1,0.0002,0.3333,185.52
Avery 480,AT&T CL82213,1,0.0002,0.1667,166.97
Avery 480,Aastra 57i VoIP phone,1,0.0002,0.1667,119.26
Avery 480,Accohide Poly Flexible Ring Binders,1,0.0002,0.1667,104.35
Avery 480,Avery Durable Slant Ring Binders With Label Holder,1,0.0002,0.1667,92.76
Avery 480,Panasonic KX TS208W Corded phone,1,0.0002,0.1667,139.14
Avery 481,"Tenex Carpeted, Granite-Look or Clear Contemporary Contour Shape Chair Mats",1,0.0002,0.2,200.36
Avery 481,Logitech M510 Wireless Mouse,1,0.0002,0.2,333.93
Avery 481,Storex Dura Pro Binders,1,0.0002,0.2,58.93
Avery 481,iOttie XL Car Mount,1,0.0002,0.2,500.9
Avery 481,"Ativa D5772 2-Line 5.8GHz Digital Expandable Corded/Cordless Phone System with Answering & Caller ID/Call Waiting, Black/Silver",1,0.0002,0.2,250.45
Avery 482,"Howard Miller 11-1/2"" Diameter Ridgewood Wall Clock",1,0.0002,0.5,417.42
Avery 483,Fellowes Neat Ideas Storage Cubes,1,0.0002,0.1667,119.26
Avery 483,"Global Value Mid-Back Manager's Chair, Gray",1,0.0002,0.1667,83.48
Avery 483,"Rubbermaid ClusterMat Chairmats, Mat Size- 66"" x 60"", Lip 20"" x 11"" -90 Degree Angle",1,0.0002,0.1667,166.97
Avery 483,VariCap6 Expandable Binder,1,0.0002,0.1667,278.28
Avery 483,Wilson Jones Turn Tabs Binder Tool for Ring Binders,1,0.0002,0.1667,64.22
Avery 485,DMI Eclipse Executive Suite Bookcases,2,0.000399,0.25,208.71
Avery 485,"DAX Cubicle Frames, 8-1/2 x 11",1,0.0002,0.125,156.53
Avery 485,"Metal Folding Chairs, Beige, 4/Carton",1,0.0002,0.125,125.22
Avery 485,Euro-Pro Shark Turbo Vacuum,1,0.0002,0.125,104.35
Avery 485,Global Leather Executive Chair,1,0.0002,0.125,89.45
Avery 486,Logitech G35 7.1-Channel Surround Sound Headset,2,0.000399,0.2222,185.52
Avery 486,"Adams Phone Message Book, 200 Message Capacity, 8 1/16 x 11",1,0.0002,0.1111,69.57
Avery 486,Hewlett Packard 610 Color Digital Copier / Printer,1,0.0002,0.1111,79.51
Avery 486,Xerox 1883,1,0.0002,0.1111,79.51
Avery 486,Wilson Jones Turn Tabs Binder Tool for Ring Binders,1,0.0002,0.1111,42.81
Avery 487,Ibico Ibimaster 300 Manual Binding System,1,0.0002,0.1429,89.45
Avery 487,Acme Office Executive Series Stainless Steel Trimmers,1,0.0002,0.1429,102.22
Avery 487,GBC Instant Report Kit,1,0.0002,0.1429,55.04
Avery 487,OIC Bulk Pack Metal Binder Clips,1,0.0002,0.1429,89.45
Avery 487,JM Magazine Binder,1,0.0002,0.1429,119.26
Avery 488,"Acco Data Flex Cable Posts For Top & Bottom Load Binders, 6"" Capacity",1,0.0002,0.1667,83.48
Avery 488,Blackstonian Pencils,1,0.0002,0.1667,208.71
Avery 488,Recycled Steel Personal File for Standard File Folders,1,0.0002,0.1667,208.71
Avery 488,Memorex Micro Travel Drive 8 GB,1,0.0002,0.1667,104.35
Avery 488,Nokia Lumia 521 (T-Mobile),1,0.0002,0.1667,166.97
Avery 489,"Sauder Camden County Barrister Bookcase, Planked Cherry Finish",1,0.0002,0.2,333.93
Avery 489,Staples,1,0.0002,0.2,4.51
Avery 489,"Binney & Smith Crayola Metallic Colored Pencils, 8-Color Set",1,0.0002,0.2,143.11
Avery 489,"Gould Plastics 9-Pocket Panel Bin, 18-3/8w x 5-1/4d x 20-1/2h, Black",1,0.0002,0.2,166.97
Avery 489,HP Office Recycled Paper (20Lb. and 87 Bright),1,0.0002,0.2,250.45
Avery 49,"Perma STOR-ALL Hanging File Box, 13 1/8""W x 12 1/4""D x 10 1/2""H",1,0.0002,0.1667,104.35
Avery 49,Wilson Jones Leather-Like Binders with DublLock Round Rings,1,0.0002,0.1667,69.57
Avery 49,"Adams Telephone Message Book W/Dividers/Space For Phone Numbers, 5 1/4""X8 1/2"", 300/Messages",1,0.0002,0.1667,83.48
Avery 49,"BlueLounge Milo Smartphone Stand, White/Metallic",1,0.0002,0.1667,278.28
Avery 49,"Electrix Architect's Clamp-On Swing Arm Lamp, Black",1,0.0002,0.1667,208.71
Avery 490,Sterilite Show Offs Storage Containers,1,0.0002,0.2,200.36
Avery 490,"Avery 4027 File Folder Labels for Dot Matrix Printers, 5000 Labels per Box, White",1,0.0002,0.2,91.07
Avery 490,"Binney & Smith Crayola Metallic Crayons, 16-Color Pack",1,0.0002,0.2,500.9
Avery 490,"Boston School Pro Electric Pencil Sharpener, 1670",1,0.0002,0.2,143.11
Avery 490,GBC Linen Binding Covers,1,0.0002,0.2,166.97
Avery 491,Jabra Supreme Plus Driver Edition Headset,1,0.0002,0.3333,333.93
Avery 491,Catalog Binders with Expanding Posts,1,0.0002,0.3333,208.71
Avery 491,Polycom CX300 Desktop Phone USB VoIP phone,1,0.0002,0.3333,333.93
Avery 491,"iKross Bluetooth Portable Keyboard + Cell Phone Stand Holder + Brush for Apple iPhone 5S 5C 5, 4S 4",1,0.0002,0.3333,333.93
Avery 492,"Acco PRESSTEX Data Binder with Storage Hooks, Dark Blue, 9 1/2"" X 11""",1,0.0002,0.2,250.45
Avery 492,Acco Side-Punched Conventional Columnar Pads,1,0.0002,0.2,250.45
Avery 492,Adjustable Personal File Tote,1,0.0002,0.2,200.36
Avery 492,Avery 499,1,0.0002,0.2,91.07
Avery 492,Samsung HM1900 Bluetooth Headset,1,0.0002,0.2,143.11
Avery 493,Nortel Meridian M3904 Professional Digital phone,1,0.0002,0.25,125.22
Avery 493,Memorex Micro Travel Drive 32 GB,1,0.0002,0.25,250.45
Avery 493,iHome FM Clock Radio with Lightning Dock,1,0.0002,0.25,250.45
Avery 494,Boston 16701 Slimline Battery Pencil Sharpener,1,0.0002,0.1667,417.42
Avery 494,"Leather Task Chair, Black",1,0.0002,0.1667,139.14
Avery 494,Advantus Rolling Storage Box,1,0.0002,0.1667,83.48
Avery 494,Great White Multi-Use Recycled Paper (20Lb. and 84 Bright),1,0.0002,0.1667,104.35
Avery 494,SANFORD Major Accent Highlighters,1,0.0002,0.1667,119.26
Avery 495,Newell 347,1,0.0002,0.25,178.89
Avery 495,Eldon Shelf Savers Cubes and Bins,1,0.0002,0.25,156.53
Avery 495,O'Sullivan 4-Shelf Bookcase in Odessa Pine,1,0.0002,0.25,178.89
Avery 496,"Bush Heritage Pine Collection 5-Shelf Bookcase, Albany Pine Finish, *Special Order",1,0.0002,0.25,156.53
Avery 496,Xerox 1914,1,0.0002,0.25,250.45
Avery 496,Cisco 8961 IP Phone Charcoal,1,0.0002,0.25,1252.25
Avery 496,"Computer Room Manger, 14""",1,0.0002,0.25,178.89
Avery 496,Imation 16GB Mini TravelDrive USB 2.0 Flash Drive,1,0.0002,0.25,139.14
Avery 497,Belkin F9G930V10-GRY 9 Outlet Surge,1,0.0002,0.5,500.9
Avery 497,Crate-A-Files,1,0.0002,0.5,357.79
Avery 497,"Howard Miller 13-3/4"" Diameter Brushed Chrome Round Wall Clock",1,0.0002,0.5,278.28
Avery 498,Tennsco 16-Compartment Lockers with Coat Rack,1,0.0002,0.3333,333.93
Avery 498,Fellowes Binding Cases,1,0.0002,0.3333,333.93
Avery 499,Tensor Computer Mounted Lamp,1,0.0002,0.0909,56.92
Avery 499,"Acco PRESSTEX Data Binder with Storage Hooks, Dark Blue, 9 1/2"" X 11""",1,0.0002,0.0909,113.84
Avery 499,Acco Side-Punched Conventional Columnar Pads,1,0.0002,0.0909,113.84
Avery 499,Adjustable Personal File Tote,1,0.0002,0.0909,91.07
Avery 499,Avery 492,1,0.0002,0.0909,91.07
Avery 50,"Ativa D5772 2-Line 5.8GHz Digital Expandable Corded/Cordless Phone System with Answering & Caller ID/Call Waiting, Black/Silver",1,0.0002,0.2,250.45
Avery 50,Global Deluxe High-Back Office Chair in Storm,1,0.0002,0.2,333.93
Avery 50,Honeywell Enviracaire Portable HEPA Air Cleaner for 16' x 20' Room,1,0.0002,0.2,333.93
Avery 50,Kensington K72356US Mouse-in-a-Box USB Desktop Mouse,1,0.0002,0.2,166.97
Avery 50,"Acco Flexible ACCOHIDE Square Ring Data Binder, Dark Blue, 11 1/2"" X 14"" 7/8""",1,0.0002,0.2,100.18
Avery 500,"Wirebound Service Call Books, 5 1/2"" x 4""",1,0.0002,0.5,500.9
Avery 500,"""While you Were Out"" Message Book, One Form per Page",1,0.0002,0.5,834.83
Avery 500,4009 Highlighters by Sanford,1,0.0002,0.5,313.06
Avery 500,"Acco 7-Outlet Masterpiece Power Center, Wihtout Fax/Phone Line Protection",1,0.0002,0.5,357.79
Avery 500,Geemarc AmpliPOWER60,1,0.0002,0.5,227.68
Avery 501,"Avery Flip-Chart Easel Binder, Black",1,0.0002,0.125,156.53
Avery 501,Cisco 8x8 Inc. 6753i IP Business Phone System,1,0.0002,0.125,104.35
Avery 501,Crate-A-Files,1,0.0002,0.125,89.45
Avery 501,Document Clip Frames,1,0.0002,0.125,313.06
Avery 501,Eldon Wave Desk Accessories,1,0.0002,0.125,44.72
Avery 502,Akro Stacking Bins,1,0.0002,0.3333,278.28
Avery 502,Sterilite Show Offs Storage Containers,1,0.0002,0.3333,333.93
Avery 502,"Eldon Base for stackable storage shelf, platinum",1,0.0002,0.3333,238.52
Avery 502,"Premium Transparent Presentation Covers, No Pattern/Clear, 8 1/2"" x 11""",1,0.0002,0.3333,238.52
Avery 502,Xerox 19,1,0.0002,0.3333,417.42
Avery 503,Eldon Pizzaz Desk Accessories,1,0.0002,0.25,313.06
Avery 503,Fellowes Advanced 8 Outlet Surge Suppressor with Phone/Fax Protection,1,0.0002,0.25,417.42
Avery 503,Ibico Laser Imprintable Binding System Covers,1,0.0002,0.25,156.53
Avery 503,Xerox 208,1,0.0002,0.25,626.12
Avery 503,"Global Leather & Oak Executive Chair, Burgundy",1,0.0002,0.25,250.45
Avery 505,"OIC #2 Pencils, Medium Soft",2,0.000399,0.2857,204.45
Avery 505,Avery Hole Reinforcements,1,0.0002,0.1429,79.51
Avery 505,O'Sullivan Manor Hill 2-Door Library in Brianna Oak,1,0.0002,0.1429,178.89
Avery 505,Xerox 1906,1,0.0002,0.1429,102.22
Avery 505,Cisco 9971 IP Video Phone Charcoal,1,0.0002,0.1429,357.79
Avery 506,Avery 518,1,0.0002,0.3333,208.71
Avery 506,Fellowes Super Stor/Drawer,1,0.0002,0.3333,417.42
Avery 506,Weyerhaeuser First Choice Laser/Copy Paper (20Lb. and 88 Bright),1,0.0002,0.3333,333.93
Avery 506,Belkin Standard 104 key USB Keyboard,1,0.0002,0.3333,278.28
Avery 506,Fellowes Command Center 5-outlet power strip,1,0.0002,0.3333,417.42
Avery 507,"#10- 4 1/8"" x 9 1/2"" Recycled Envelopes",1,0.0002,0.5,250.45
Avery 507,"Master Caster Door Stop, Brown",1,0.0002,0.5,278.28
Avery 508,GBC Standard Plastic Binding Systems Combs,1,0.0002,0.1667,166.97
Avery 508,SAFCO Boltless Steel Shelving,1,0.0002,0.1667,83.48
Avery 508,Anker Astro 15000mAh USB Portable Charger,1,0.0002,0.1667,166.97
Avery 508,Chromcraft Round Conference Tables,1,0.0002,0.1667,64.22
Avery 508,"Fellowes Mobile File Cart, Black",1,0.0002,0.1667,83.48
Avery 509,"DAX Metal Frame, Desktop, Stepped-Edge",1,0.0002,0.25,250.45
Avery 509,"Global Stack Chair with Arms, Black",1,0.0002,0.25,178.89
Avery 509,Xerox 1942,1,0.0002,0.25,208.71
Avery 509,"Alliance Big Bands Rubber Bands, 12/Pack",1,0.0002,0.25,313.06
Avery 509,C-Line Cubicle Keepers Polyproplyene Holder With Velcro Backings,1,0.0002,0.25,156.53
Avery 51,"Verbatim 25 GB 6x Blu-ray Single Layer Recordable Disc, 10/Pack",1,0.0002,0.2,200.36
Avery 51,Poly String Tie Envelopes,1,0.0002,0.2,91.07
Avery 51,Kensington 7 Outlet MasterPiece HOMEOFFICE Power Control Center,1,0.0002,0.2,200.36
Avery 510,Newell 310,1,0.0002,0.3333,238.52
Avery 510,"Pressboard Data Binder, Crimson, 12"" X 8 1/2""",1,0.0002,0.3333,556.56
Avery 510,"Safco Wire Cube Shelving System, For Use as 4 or 5 14"" Cubes, Black",1,0.0002,0.3333,417.42
Avery 510,Tennsco Double-Tier Lockers,1,0.0002,0.3333,139.14
Avery 510,Wilson Jones Four-Pocket Poly Binders,1,0.0002,0.3333,417.42
Avery 511,Fiskars Softgrip Scissors,1,0.0002,0.1667,119.26
Avery 511,Xerox 1973,1,0.0002,0.1667,417.42
Avery 511,Newell 345,1,0.0002,0.1667,92.76
Avery 511,Logitech LS21 Speaker System - PC Multimedia - 2.1-CH - Wired,1,0.0002,0.1667,139.14
Avery 511,O'Sullivan 4-Shelf Bookcase in Odessa Pine,1,0.0002,0.1667,119.26
Avery 512,GBC Recycled Regency Composition Covers,1,0.0002,0.2,166.97
Avery 512,Advantus SlideClip Paper Clips,1,0.0002,0.2,333.93
Avery 512,"Bush Westfield Collection Bookcases, Medium Cherry Finish",1,0.0002,0.2,111.31
Avery 512,Logitech Wireless Gaming Headset G930,1,0.0002,0.2,166.97
Avery 512,"File Shuttle II and Handi-File, Black",1,0.0002,0.2,143.11
Avery 513,Cisco IP Phone 7961G VoIP phone - Dark gray,1,0.0002,0.2,333.93
Avery 513,Newell 320,1,0.0002,0.2,143.11
Avery 513,Staples,1,0.0002,0.2,4.51
Avery 513,"Contract Clock, 14"", Brown",1,0.0002,0.2,200.36
Avery 513,Recycled Steel Personal File for Standard File Folders,1,0.0002,0.2,250.45
Avery 514,9-3/4 Diameter Round Wall Clock,1,0.0002,0.25,156.53
Avery 514,Cisco SPA508G,1,0.0002,0.25,250.45
Avery 514,Global Commerce Series High-Back Swivel/Tilt Chairs,1,0.0002,0.25,139.14
Avery 514,Staples,1,0.0002,0.25,5.64
Avery 514,"Acco Pressboard Covers with Storage Hooks, 14 7/8"" x 11"", Light Blue",1,0.0002,0.25,113.84
Avery 515,Maxell 4.7GB DVD+R 5/Pack,1,0.0002,0.5,500.9
Avery 515,"Permanent Self-Adhesive File Folder Labels for Typewriters, 1 1/8 x 3 1/2, White",1,0.0002,0.5,417.42
Avery 515,Pizazz Global Quick File,1,0.0002,0.5,417.42
Avery 516,"Eldon Expressions Wood and Plastic Desk Accessories, Cherry Wood",1,0.0002,0.25,250.45
Avery 516,NETGEAR AC1750 Dual Band Gigabit Smart WiFi Router,1,0.0002,0.25,250.45
Avery 516,Xerox 1995,1,0.0002,0.25,208.71
Avery 516,Advantus T-Pin Paper Clips,1,0.0002,0.25,250.45
Avery 516,Clarity 53712,1,0.0002,0.25,313.06
Avery 517,Avery 477,1,0.0002,0.25,313.06
Avery 517,Design Ebony Sketching Pencil,1,0.0002,0.25,417.42
Avery 517,Eldon Simplefile Box Office,1,0.0002,0.25,156.53
Avery 517,"iKross Bluetooth Portable Keyboard + Cell Phone Stand Holder + Brush for Apple iPhone 5S 5C 5, 4S 4",1,0.0002,0.25,250.45
Avery 517,Avery 474,1,0.0002,0.25,139.14
Avery 518,Avery 506,1,0.0002,0.125,208.71
Avery 518,Fellowes Super Stor/Drawer,1,0.0002,0.125,156.53
Avery 518,Weyerhaeuser First Choice Laser/Copy Paper (20Lb. and 88 Bright),1,0.0002,0.125,125.22
Avery 518,"Adams Telephone Message Book W/Dividers/Space For Phone Numbers, 5 1/4""X8 1/2"", 200/Messages",1,0.0002,0.125,89.45
Avery 518,Ampad #10 Peel & Seel Holiday Envelopes,1,0.0002,0.125,208.71
Avery 519,Avaya 5420 Digital phone,1,0.0002,0.1667,278.28
Avery 519,Acme Forged Steel Scissors with Black Enamel Handles,1,0.0002,0.1667,104.35
Avery 519,Eldon Advantage Chair Mats for Low to Medium Pile Carpets,1,0.0002,0.1667,166.97
Avery 519,"Eureka Recycled Copy Paper 8 1/2"" x 11"", Ream",1,0.0002,0.1667,139.14
Avery 519,Poly String Tie Envelopes,1,0.0002,0.1667,75.89
Avery 52,Avery 520,1,0.0002,0.1667,166.97
Avery 52,Bretford CR4500 Series Slim Rectangular Table,1,0.0002,0.1667,104.35
Avery 52,KeyTronic KT400U2 - Keyboard - Black,1,0.0002,0.1667,278.28
Avery 52,"Master Caster Door Stop, Brown",1,0.0002,0.1667,92.76
Avery 52,Southworth 25% Cotton Granite Paper & Envelopes,1,0.0002,0.1667,278.28
Avery 520,Avery 52,1,0.0002,0.2,166.97
Avery 520,Bretford CR4500 Series Slim Rectangular Table,1,0.0002,0.2,125.22
Avery 520,KeyTronic KT400U2 - Keyboard - Black,1,0.0002,0.2,333.93
Avery 520,"Master Caster Door Stop, Brown",1,0.0002,0.2,111.31
Avery 520,Southworth 25% Cotton Granite Paper & Envelopes,1,0.0002,0.2,333.93
"Avery Address/Shipping Labels for Typewriters, 4"" x 2""","Acco PRESSTEX Data Binder with Storage Hooks, Dark Blue, 14 7/8"" X 11""",1,0.0002,0.1429,102.22
"Avery Address/Shipping Labels for Typewriters, 4"" x 2""",Avery File Folder Labels,1,0.0002,0.1429,55.04
"Avery Address/Shipping Labels for Typewriters, 4"" x 2""",ClearSounds CSC500 Amplified Spirit Phone Corded phone,1,0.0002,0.1429,119.26
"Avery Address/Shipping Labels for Typewriters, 4"" x 2""",Pressboard Data Binders by Wilson Jones,1,0.0002,0.1429,89.45
"Avery Address/Shipping Labels for Typewriters, 4"" x 2""",Acco Suede Grain Vinyl Round Ring Binder,1,0.0002,0.1429,89.45
Avery Arch Ring Binders,"Black Print Carbonless 8 1/2"" x 8 1/4"" Rapid Memo Book",1,0.0002,0.1,125.22
Avery Arch Ring Binders,"Global Armless Task Chair, Royal Blue",1,0.0002,0.1,62.61
Avery Arch Ring Binders,Xerox 188,1,0.0002,0.1,62.61
Avery Arch Ring Binders,Panasonic KX TS3282W Corded phone,1,0.0002,0.1,71.56
Avery Arch Ring Binders,Sanford 52201 APSCO Electric Pencil Sharpener,1,0.0002,0.1,125.22
Avery Binder Labels,Acrylic Self-Standing Desk Frames,1,0.0002,0.25,156.53
Avery Binder Labels,"Sauder Camden County Barrister Bookcase, Planked Cherry Finish",1,0.0002,0.25,417.42
Avery Binder Labels,"Adams Telephone Message Book W/Dividers/Space For Phone Numbers, 5 1/4""X8 1/2"", 200/Messages",1,0.0002,0.25,178.89
Avery Binder Labels,"Angle-D Binders with Locking Rings, Label Holders",1,0.0002,0.25,125.22
Avery Binder Labels,Newell 307,1,0.0002,0.25,417.42
Avery Binding System Hidden Tab Executive Style Index Sets,"Belkin 325VA UPS Surge Protector, 6'",1,0.0002,0.125,156.53
Avery Binding System Hidden Tab Executive Style Index Sets,"File Shuttle II and Handi-File, Black",1,0.0002,0.125,89.45
Avery Binding System Hidden Tab Executive Style Index Sets,Logitech G700s Rechargeable Gaming Mouse,1,0.0002,0.125,69.57
Avery Binding System Hidden Tab Executive Style Index Sets,Nu-Dell Oak Frame,1,0.0002,0.125,208.71
Avery Binding System Hidden Tab Executive Style Index Sets,OtterBox Defender Series Case - iPhone 5c,1,0.0002,0.125,313.06
Avery Durable Binders,Wilson SignalBoost 841262 DB PRO Amplifier Kit,1,0.0002,0.0833,69.57
Avery Durable Binders,Storex DuraTech Recycled Plastic Frosted Binders,1,0.0002,0.0833,52.18
Avery Durable Binders,"Acco Data Flex Cable Posts For Top & Bottom Load Binders, 6"" Capacity",1,0.0002,0.0833,41.74
Avery Durable Binders,Kensington 6 Outlet MasterPiece HOMEOFFICE Power Control Center,1,0.0002,0.0833,208.71
Avery Durable Binders,Xerox 1959,1,0.0002,0.0833,69.57
"Avery Durable Plastic 1"" Binders",GBC Poly Designer Binding Covers,1,0.0002,0.1429,119.26
"Avery Durable Plastic 1"" Binders",Hon Racetrack Conference Tables,1,0.0002,0.1429,119.26
"Avery Durable Plastic 1"" Binders","Hot File 7-Pocket, Floor Stand",1,0.0002,0.1429,55.04
"Avery Durable Plastic 1"" Binders",Space Solutions Commercial Steel Shelving,1,0.0002,0.1429,102.22
"Avery Durable Plastic 1"" Binders",Fellowes Black Plastic Comb Bindings,1,0.0002,0.1429,79.51
Avery Durable Poly Binders,Ibico Laser Imprintable Binding System Covers,1,0.0002,0.1667,104.35
Avery Durable Poly Binders,Airmail Envelopes,1,0.0002,0.1667,139.14
Avery Durable Poly Binders,Tripp Lite Isotel 8 Ultra 8 Outlet Metal Surge,1,0.0002,0.1667,278.28
Avery Durable Poly Binders,Fellowes Desktop Hanging File Manager,1,0.0002,0.1667,208.71
Avery Durable Poly Binders,"1.7 Cubic Foot Compact ""Cube"" Office Refrigerators",1,0.0002,0.1667,139.14
Avery Durable Slant Ring Binders,Tuff Stuff Recycled Round Ring Binders,1,0.0002,0.2,111.31
Avery Durable Slant Ring Binders,"Logitech B530 USB Headset - headset - Full size, Binaural",1,0.0002,0.2,100.18
Avery Durable Slant Ring Binders,"Universal Ultra Bright White Copier/Laser Paper, 8 1/2"" x 11"", Ream",1,0.0002,0.2,1001.8
Avery Durable Slant Ring Binders,Anker Astro Mini 3000mAh Ultra-Compact Portable Charger,1,0.0002,0.2,250.45
Avery Durable Slant Ring Binders,Bretford CR8500 Series Meeting Room Furniture,1,0.0002,0.2,166.97
Avery Durable Slant Ring Binders With Label Holder,Accohide Poly Flexible Ring Binders,1,0.0002,0.1111,69.57
Avery Durable Slant Ring Binders With Label Holder,Avery 480,1,0.0002,0.1111,92.76
Avery Durable Slant Ring Binders With Label Holder,Panasonic KX TS208W Corded phone,1,0.0002,0.1111,92.76
Avery Durable Slant Ring Binders With Label Holder,Xerox 1917,1,0.0002,0.1111,111.31
Avery Durable Slant Ring Binders With Label Holder,Digium D40 VoIP phone,1,0.0002,0.1111,61.84
"Avery Durable Slant Ring Binders, No Labels","Acco Six-Outlet Power Strip, 4' Cord Length",1,0.0002,0.1111,61.84
"Avery Durable Slant Ring Binders, No Labels",DAX Black Cherry Wood-Tone Poster Frame,1,0.0002,0.1111,69.57
"Avery Durable Slant Ring Binders, No Labels",Tennsco Double-Tier Lockers,1,0.0002,0.1111,46.38
"Avery Durable Slant Ring Binders, No Labels",Eldon Gobal File Keepers,1,0.0002,0.1111,92.76
"Avery Durable Slant Ring Binders, No Labels",Bestar Classic Bookcase,1,0.0002,0.1111,69.57
Avery File Folder Labels,"Acco PRESSTEX Data Binder with Storage Hooks, Dark Blue, 14 7/8"" X 11""",1,0.0002,0.0769,55.04
Avery File Folder Labels,"Avery Address/Shipping Labels for Typewriters, 4"" x 2""",1,0.0002,0.0769,55.04
Avery File Folder Labels,ClearSounds CSC500 Amplified Spirit Phone Corded phone,1,0.0002,0.0769,64.22
Avery File Folder Labels,Pressboard Data Binders by Wilson Jones,1,0.0002,0.0769,48.16
Avery File Folder Labels,"Carina Mini System Audio Rack, Model AR050B",1,0.0002,0.0769,64.22
"Avery Flip-Chart Easel Binder, Black",Avery 501,1,0.0002,0.25,156.53
"Avery Flip-Chart Easel Binder, Black",Cisco 8x8 Inc. 6753i IP Business Phone System,1,0.0002,0.25,208.71
"Avery Flip-Chart Easel Binder, Black",Crate-A-Files,1,0.0002,0.25,178.89
"Avery Flip-Chart Easel Binder, Black",Document Clip Frames,1,0.0002,0.25,626.12
"Avery Flip-Chart Easel Binder, Black",Eldon Wave Desk Accessories,1,0.0002,0.25,89.45
Avery Fluorescent Highlighter Four-Color Set,Acco Side-Punched Conventional Columnar Pads,2,0.000399,0.25,313.06
Avery Fluorescent Highlighter Four-Color Set,Cisco TelePresence System EX90 Videoconferencing Unit,1,0.0002,0.125,626.12
Avery Fluorescent Highlighter Four-Color Set,"Dana Fluorescent Magnifying Lamp, White, 36""",1,0.0002,0.125,156.53
Avery Fluorescent Highlighter Four-Color Set,"Executive Impressions 13"" Clairmont Wall Clock",1,0.0002,0.125,78.27
Avery Fluorescent Highlighter Four-Color Set,Hewlett-Packard Deskjet 6540 Color Inkjet Printer,1,0.0002,0.125,313.06
"Avery Framed View Binder, EZD Ring (Locking), Navy, 1 1/2""","Fellowes Twister Kit, Gray/Clear, 3/pkg",1,0.0002,0.1667,83.48
"Avery Framed View Binder, EZD Ring (Locking), Navy, 1 1/2""","Letter/Legal File Tote with Clear Snap-On Lid, Black Granite",1,0.0002,0.1667,208.71
"Avery Framed View Binder, EZD Ring (Locking), Navy, 1 1/2""",Maxell LTO Ultrium - 800 GB,1,0.0002,0.1667,104.35
"Avery Framed View Binder, EZD Ring (Locking), Navy, 1 1/2""",Newell 325,1,0.0002,0.1667,139.14
"Avery Framed View Binder, EZD Ring (Locking), Navy, 1 1/2""",Novimex Fabric Task Chair,1,0.0002,0.1667,92.76
Avery Hanging File Binders,Avery 477,1,0.0002,0.1667,208.71
Avery Hanging File Binders,DYMO CardScan Personal V9 Business Card Scanner,1,0.0002,0.1667,278.28
Avery Hanging File Binders,"Executive Impressions 10"" Spectator Wall Clock",1,0.0002,0.1667,166.97
Avery Hanging File Binders,Mophie Juice Pack Helium for iPhone,1,0.0002,0.1667,139.14
Avery Hanging File Binders,Stacking Trays by OIC,1,0.0002,0.1667,139.14
Avery Heavy-Duty EZD  Binder With Locking Rings,Alphabetical Labels for Top Tab Filing,1,0.0002,0.1667,92.76
Avery Heavy-Duty EZD  Binder With Locking Rings,"1.7 Cubic Foot Compact ""Cube"" Office Refrigerators",1,0.0002,0.1667,139.14
Avery Heavy-Duty EZD  Binder With Locking Rings,Fellowes Officeware Wire Shelving,1,0.0002,0.1667,75.89
Avery Heavy-Duty EZD  Binder With Locking Rings,SanDisk Ultra 16 GB MicroSDHC Class 10 Memory Card,1,0.0002,0.1667,119.26
Avery Heavy-Duty EZD  Binder With Locking Rings,"Wilson Jones Clip & Carry Folder Binder Tool for Ring Binders, Clear",1,0.0002,0.1667,92.76
Avery Heavy-Duty EZD View Binder with Locking Rings,Acco Hot Clips Clips to Go,1,0.0002,0.1,83.48
Avery Heavy-Duty EZD View Binder with Locking Rings,Ibico Hi-Tech Manual Binding System,1,0.0002,0.1,45.54
Avery Heavy-Duty EZD View Binder with Locking Rings,Assorted Color Push Pins,1,0.0002,0.1,62.61
Avery Heavy-Duty EZD View Binder with Locking Rings,Belkin Standard 104 key USB Keyboard,1,0.0002,0.1,83.48
Avery Heavy-Duty EZD View Binder with Locking Rings,Brother DCP1000 Digital 3 in 1 Multifunction Machine,1,0.0002,0.1,71.56
"Avery Hi-Liter Comfort Grip Fluorescent Highlighter, Yellow Ink",Acco Perma 3000 Stacking Storage Drawers,1,0.0002,0.5,417.42
"Avery Hi-Liter Comfort Grip Fluorescent Highlighter, Yellow Ink",Hon Every-Day Series Multi-Task Chairs,1,0.0002,0.5,250.45
"Avery Hi-Liter Comfort Grip Fluorescent Highlighter, Yellow Ink","Hot File 7-Pocket, Floor Stand",1,0.0002,0.5,192.65
"Avery Hi-Liter Comfort Grip Fluorescent Highlighter, Yellow Ink",Xerox 199,1,0.0002,0.5,626.12
"Avery Hi-Liter Comfort Grip Fluorescent Highlighter, Yellow Ink",Xerox 4200 Series MultiUse Premium Copy Paper (20Lb. and 84 Bright),1,0.0002,0.5,313.06
"Avery Hi-Liter EverBold Pen Style Fluorescent Highlighters, 4/Pack","Hunt BOSTON Vista Battery-Operated Pencil Sharpener, Black",1,0.0002,0.1667,208.71
"Avery Hi-Liter EverBold Pen Style Fluorescent Highlighters, 4/Pack",Plantronics 81402,1,0.0002,0.1667,208.71
"Avery Hi-Liter EverBold Pen Style Fluorescent Highlighters, 4/Pack","Atlantic Metals Mobile 3-Shelf Bookcases, Custom Colors",1,0.0002,0.1667,104.35
"Avery Hi-Liter EverBold Pen Style Fluorescent Highlighters, 4/Pack",GE DSL Phone Line Filter,1,0.0002,0.1667,208.71
"Avery Hi-Liter EverBold Pen Style Fluorescent Highlighters, 4/Pack",Wilson Jones Heavy-Duty Casebound Ring Binders with Metal Hinges,1,0.0002,0.1667,139.14
Avery Hi-Liter Fluorescent Desk Style Markers,Xerox 1972,1,0.0002,0.5,500.9
Avery Hi-Liter Fluorescent Desk Style Markers,"Eldon Image Series Desk Accessories, Burgundy",1,0.0002,0.5,313.06
"Avery Hi-Liter GlideStik Fluorescent Highlighter, Yellow Ink",Cardinal Holdit Business Card Pockets,1,0.0002,0.5,313.06
"Avery Hi-Liter GlideStik Fluorescent Highlighter, Yellow Ink","Computer Room Manger, 14""",1,0.0002,0.5,357.79
"Avery Hi-Liter GlideStik Fluorescent Highlighter, Yellow Ink",Office Star - Mid Back Dual function Ergonomic High Back Chair with 2-Way Adjustable Arms,1,0.0002,0.5,500.9
"Avery Hi-Liter GlideStik Fluorescent Highlighter, Yellow Ink",Fellowes PB500 Electric Punch Plastic Comb Binding Machine with Manual Bind,1,0.0002,0.5,250.45
"Avery Hi-Liter GlideStik Fluorescent Highlighter, Yellow Ink","Global Wood Trimmed Manager's Task Chair, Khaki",1,0.0002,0.5,178.89
Avery Hi-Liter Smear-Safe Highlighters,Clear Mylar Reinforcing Strips,1,0.0002,0.1667,119.26
Avery Hi-Liter Smear-Safe Highlighters,Zipper Ring Binder Pockets,1,0.0002,0.1667,64.22
Avery Hi-Liter Smear-Safe Highlighters,Blue Parrot B250XT Professional Grade Wireless Bluetooth Headset with,1,0.0002,0.1667,208.71
Avery Hi-Liter Smear-Safe Highlighters,Fellowes Command Center 5-outlet power strip,1,0.0002,0.1667,208.71
Avery Hi-Liter Smear-Safe Highlighters,Hon Deluxe Fabric Upholstered Stacking Chairs,1,0.0002,0.1667,208.71
Avery Hidden Tab Dividers for Binding Systems,"Bush Heritage Pine Collection 5-Shelf Bookcase, Albany Pine Finish, *Special Order",1,0.0002,0.1429,89.45
Avery Hidden Tab Dividers for Binding Systems,Prang Drawing Pencil Set,1,0.0002,0.1429,65.05
Avery Hidden Tab Dividers for Binding Systems,Xerox 1967,1,0.0002,0.1429,143.11
Avery Hidden Tab Dividers for Binding Systems,Colored Push Pins,1,0.0002,0.1429,143.11
Avery Hidden Tab Dividers for Binding Systems,DAX Natural Wood-Tone Poster Frame,1,0.0002,0.1429,143.11
Avery Hole Reinforcements,"Super Bands, 12/Pack",1,0.0002,0.1111,139.14
Avery Hole Reinforcements,Avery 505,1,0.0002,0.1111,79.51
Avery Hole Reinforcements,O'Sullivan Manor Hill 2-Door Library in Brianna Oak,1,0.0002,0.1111,139.14
Avery Hole Reinforcements,Xerox 1906,1,0.0002,0.1111,79.51
Avery Hole Reinforcements,"Vinyl Coated Wire Paper Clips in Organizer Box, 800/Box",1,0.0002,0.1111,69.57
Avery Legal 4-Ring Binder,"Acme Design Line 8"" Stainless Steel Bent Scissors w/Champagne Handles, 3-1/8"" Cut",1,0.0002,0.25,417.42
Avery Legal 4-Ring Binder,"Message Book, Wirebound, Four 5 1/2"" X 4"" Forms/Pg., 200 Dupl. Sets/Book",1,0.0002,0.25,208.71
Avery Legal 4-Ring Binder,Avaya 5410 Digital phone,1,0.0002,0.25,313.06
Avery Legal 4-Ring Binder,Canon imageCLASS 2200 Advanced Copier,1,0.0002,0.25,250.45
Avery Legal 4-Ring Binder,Xerox 224,1,0.0002,0.25,208.71
Avery Metallic Poly Binders,Xerox 1923,1,0.0002,0.1667,166.97
Avery Metallic Poly Binders,Logitech LS21 Speaker System - PC Multimedia - 2.1-CH - Wired,1,0.0002,0.1667,139.14
Avery Metallic Poly Binders,Compact Automatic Electric Letter Opener,1,0.0002,0.1667,104.35
Avery Metallic Poly Binders,Cyber Acoustics AC-202b Speech Recognition Stereo Headset,1,0.0002,0.1667,166.97
Avery Metallic Poly Binders,Razer Tiamat Over Ear 7.1 Surround Sound PC Gaming Headset,1,0.0002,0.1667,119.26
Avery Non-Stick Binders,Staples,2,0.000399,0.1,2.26
Avery Non-Stick Binders,Eldon Portable Mobile Manager,1,0.0002,0.05,27.83
Avery Non-Stick Binders,O'Sullivan Living Dimensions 2-Shelf Bookcases,1,0.0002,0.05,25.04
Avery Non-Stick Binders,Premier Automatic Letter Opener,1,0.0002,0.05,50.09
Avery Non-Stick Binders,Serrated Blade or Curved Handle Hand Letter Openers,1,0.0002,0.05,125.22
Avery Non-Stick Heavy Duty View Round Locking Ring Binders,Bionaire Personal Warm Mist Humidifier/Vaporizer,1,0.0002,0.3333,556.56
Avery Non-Stick Heavy Duty View Round Locking Ring Binders,"Memo Book, 100 Message Capacity, 5 3/8 x 11",1,0.0002,0.3333,556.56
Avery Non-Stick Heavy Duty View Round Locking Ring Binders,Newell 35,1,0.0002,0.3333,185.52
Avery Non-Stick Heavy Duty View Round Locking Ring Binders,Wilson Jones 14 Line Acrylic Coated Pressboard Data Binders,1,0.0002,0.3333,417.42
Avery Non-Stick Heavy Duty View Round Locking Ring Binders,"Global Stack Chair without Arms, Black",1,0.0002,0.3333,238.52
Avery Personal Creations Heavyweight Cards,Bevis Rectangular Conference Tables,1,0.0002,0.3333,417.42
Avery Personal Creations Heavyweight Cards,"Bush Westfield Collection Bookcases, Dark Cherry Finish",1,0.0002,0.3333,556.56
Avery Personal Creations Heavyweight Cards,DAX Wood Document Frame,1,0.0002,0.3333,185.52
Avery Personal Creations Heavyweight Cards,Logitech Keyboard K120,1,0.0002,0.3333,556.56
Avery Personal Creations Heavyweight Cards,"Master Caster Door Stop, Large Neon Orange",1,0.0002,0.3333,238.52
Avery Poly Binder Pockets,"Seth Thomas 14"" Day/Date Wall Clock",1,0.0002,0.125,104.35
Avery Poly Binder Pockets,Hon Every-Day Series Multi-Task Chairs,1,0.0002,0.125,62.61
Avery Poly Binder Pockets,Magnifier Swing Arm Lamp,1,0.0002,0.125,125.22
Avery Poly Binder Pockets,Catalog Binders with Expanding Posts,1,0.0002,0.125,78.27
Avery Poly Binder Pockets,Newell 311,1,0.0002,0.125,78.27
Avery Premier Heavy-Duty Binder with Round Locking Rings,Avery Reinforcements for Hole-Punch Pages,1,0.0002,0.1429,89.45
Avery Premier Heavy-Duty Binder with Round Locking Rings,Fellowes Bankers Box Staxonsteel Drawer File/Stacking System,1,0.0002,0.1429,89.45
Avery Premier Heavy-Duty Binder with Round Locking Rings,Xerox 225,1,0.0002,0.1429,79.51
Avery Premier Heavy-Duty Binder with Round Locking Rings,"Floodlight Indoor Halogen Bulbs, 1 Bulb per Pack, 60 Watts",1,0.0002,0.1429,119.26
Avery Premier Heavy-Duty Binder with Round Locking Rings,"Tennsco Stur-D-Stor Boltless Shelving, 5 Shelves, 24"" Deep, Sand",1,0.0002,0.1429,102.22
Avery Printable Repositionable Plastic Tabs,"Advantus Employee of the Month Certificate Frame, 11 x 13-1/2",1,0.0002,0.1667,166.97
Avery Printable Repositionable Plastic Tabs,Hon 4-Shelf Metal Bookcases,1,0.0002,0.1667,208.71
Avery Printable Repositionable Plastic Tabs,"Premium Transparent Presentation Covers, No Pattern/Clear, 8 1/2"" x 11""",1,0.0002,0.1667,119.26
Avery Printable Repositionable Plastic Tabs,Rogers Deluxe File Chest,1,0.0002,0.1667,104.35
Avery Printable Repositionable Plastic Tabs,Xerox 1893,1,0.0002,0.1667,75.89
Avery Recycled Flexi-View Covers for Binding Systems,Lumber Crayons,2,0.000399,0.2857,238.52
Avery Recycled Flexi-View Covers for Binding Systems,Akro-Mils 12-Gallon Tote,1,0.0002,0.1429,178.89
Avery Recycled Flexi-View Covers for Binding Systems,KI Adjustable-Height Table,1,0.0002,0.1429,39.75
Avery Recycled Flexi-View Covers for Binding Systems,"Padded Folding Chairs, Black, 4/Carton",1,0.0002,0.1429,89.45
Avery Recycled Flexi-View Covers for Binding Systems,Canon PC170 Desktop Personal Copier,1,0.0002,0.1429,357.79
Avery Reinforcements for Hole-Punch Pages,Avery Premier Heavy-Duty Binder with Round Locking Rings,1,0.0002,0.125,89.45
Avery Reinforcements for Hole-Punch Pages,Fellowes Bankers Box Staxonsteel Drawer File/Stacking System,1,0.0002,0.125,78.27
Avery Reinforcements for Hole-Punch Pages,Xerox 225,1,0.0002,0.125,69.57
Avery Reinforcements for Hole-Punch Pages,Okidata B401 Printer,1,0.0002,0.125,626.12
Avery Reinforcements for Hole-Punch Pages,"Acco Smartsocket Table Surge Protector, 6 Color-Coded Adapter Outlets",1,0.0002,0.125,208.71
Avery Round Ring Poly Binders,Samsung Convoy 3,1,0.0002,0.1667,417.42
Avery Round Ring Poly Binders,Sony 16GB Class 10 Micro SDHC R40 Memory Card,1,0.0002,0.1667,208.71
Avery Round Ring Poly Binders,DIXON Ticonderoga Erasable Checking Pencils,1,0.0002,0.1667,119.26
Avery Round Ring Poly Binders,Eldon Advantage Foldable Chair Mats for Low Pile Carpets,1,0.0002,0.1667,278.28
Avery Round Ring Poly Binders,GBC Prestige Therm-A-Bind Covers,1,0.0002,0.1667,83.48
Avery Self-Adhesive Photo Pockets for Polaroid Photos,Acco Perma 4000 Stacking Storage Drawers,1,0.0002,0.0909,41.4
Avery Self-Adhesive Photo Pockets for Polaroid Photos,Hon Racetrack Conference Tables,1,0.0002,0.0909,75.89
Avery Self-Adhesive Photo Pockets for Polaroid Photos,Tenex Antistatic Computer Chair Mats,1,0.0002,0.0909,75.89
Avery Self-Adhesive Photo Pockets for Polaroid Photos,"Eldon Expressions Wood Desk Accessories, Oak",1,0.0002,0.0909,37.95
Avery Self-Adhesive Photo Pockets for Polaroid Photos,"Perma STOR-ALL Hanging File Box, 13 1/8""W x 12 1/4""D x 10 1/2""H",1,0.0002,0.0909,56.92
"Avery Trapezoid Extra Heavy Duty 4"" Binders",Standard Rollaway File with Lock,1,0.0002,0.25,125.22
"Avery Trapezoid Extra Heavy Duty 4"" Binders",Xerox 1894,1,0.0002,0.25,250.45
"Avery Trapezoid Extra Heavy Duty 4"" Binders","Wilson Jones 1"" Hanging DublLock Ring Binders",1,0.0002,0.25,125.22
"Avery Trapezoid Ring Binder, 3"" Capacity, Black, 1040 sheets",Boston Home & Office Model 2000 Electric Pencil Sharpeners,1,0.0002,0.1429,119.26
"Avery Trapezoid Ring Binder, 3"" Capacity, Black, 1040 sheets",Razer Kraken 7.1 Surround Sound Over Ear USB Gaming Headset,1,0.0002,0.1429,119.26
"Avery Trapezoid Ring Binder, 3"" Capacity, Black, 1040 sheets","#10- 4 1/8"" x 9 1/2"" Recycled Envelopes",1,0.0002,0.1429,71.56
"Avery Trapezoid Ring Binder, 3"" Capacity, Black, 1040 sheets","Deflect-o DuraMat Lighweight, Studded, Beveled Mat for Low Pile Carpeting",1,0.0002,0.1429,119.26
"Avery Trapezoid Ring Binder, 3"" Capacity, Black, 1040 sheets",Logitech K350 2.4Ghz Wireless Keyboard,1,0.0002,0.1429,143.11
"Avery Triangle Shaped Sheet Lifters, Black, 2/Pack",Acme Stainless Steel Office Snips,1,0.0002,0.1667,208.71
"Avery Triangle Shaped Sheet Lifters, Black, 2/Pack","Hon Deluxe Fabric Upholstered Stacking Chairs, Squared Back",1,0.0002,0.1667,417.42
"Avery Triangle Shaped Sheet Lifters, Black, 2/Pack",Avery File Folder Labels,1,0.0002,0.1667,64.22
"Avery Triangle Shaped Sheet Lifters, Black, 2/Pack","GE General Use Halogen Bulbs, 100 Watts, 1 Bulb per Pack",1,0.0002,0.1667,278.28
"Avery Triangle Shaped Sheet Lifters, Black, 2/Pack",Xerox 1884,1,0.0002,0.1667,104.35
Avery White Multi-Purpose Labels,"Eldon Expressions Punched Metal & Wood Desk Accessories, Pewter & Cherry",1,0.0002,0.25,417.42
Avery White Multi-Purpose Labels,Jabra SPEAK 410,1,0.0002,0.25,139.14
Avery White Multi-Purpose Labels,Luxo Economy Swing Arm Lamp,1,0.0002,0.25,250.45
Avery White Multi-Purpose Labels,Memorex Froggy Flash Drive 4 GB,1,0.0002,0.25,250.45
Avery White Multi-Purpose Labels,"Southworth 100% Résumé Paper, 24lb.",1,0.0002,0.25,178.89
Avoid Verbal Orders Carbonless Minifold Book,Acrylic Self-Standing Desk Frames,1,0.0002,0.2,125.22
Avoid Verbal Orders Carbonless Minifold Book,Xerox 1978,1,0.0002,0.2,125.22
Avoid Verbal Orders Carbonless Minifold Book,"Howard Miller 11-1/2"" Diameter Ridgewood Wall Clock",1,0.0002,0.2,166.97
Avoid Verbal Orders Carbonless Minifold Book,Plantronics MX500i Earset,1,0.0002,0.2,143.11
Avoid Verbal Orders Carbonless Minifold Book,Razer Tiamat Over Ear 7.1 Surround Sound PC Gaming Headset,1,0.0002,0.2,143.11
BIC Brite Liner Grip Highlighters,Acme Kleen Earth Office Shears,1,0.0002,0.2,200.36
BIC Brite Liner Grip Highlighters,Fiskars Softgrip Scissors,1,0.0002,0.2,143.11
BIC Brite Liner Grip Highlighters,Gear Head AU3700S Headset,1,0.0002,0.2,333.93
BIC Brite Liner Grip Highlighters,Panasonic KP-380BK Classic Electric Pencil Sharpener,1,0.0002,0.2,166.97
BIC Brite Liner Grip Highlighters,Space Solutions HD Industrial Steel Shelving.,1,0.0002,0.2,125.22
"BIC Brite Liner Grip Highlighters, Assorted, 5/Pack",Sabrent 4-Port USB 2.0 Hub,1,0.0002,0.1667,208.71
"BIC Brite Liner Grip Highlighters, Assorted, 5/Pack","Eberhard Faber 3 1/2"" Golf Pencils",1,0.0002,0.1667,119.26
"BIC Brite Liner Grip Highlighters, Assorted, 5/Pack",Imation Swivel Flash Drive USB flash drive - 8 GB,1,0.0002,0.1667,417.42
"BIC Brite Liner Grip Highlighters, Assorted, 5/Pack",Newell 35,1,0.0002,0.1667,92.76
"BIC Brite Liner Grip Highlighters, Assorted, 5/Pack","Global Airflow Leather Mesh Back Chair, Black",1,0.0002,0.1667,92.76
BIC Brite Liner Highlighters,JBL Micro Wireless Portable Bluetooth Speaker,1,0.0002,0.1429,119.26
BIC Brite Liner Highlighters,Kensington 7 Outlet MasterPiece Power Center,1,0.0002,0.1429,143.11
BIC Brite Liner Highlighters,Lexmark MX611dhe Monochrome Laser Printer,1,0.0002,0.1429,178.89
BIC Brite Liner Highlighters,SAFCO Arco Folding Chair,1,0.0002,0.1429,55.04
BIC Brite Liner Highlighters,Sanford Liquid Accent Highlighters,1,0.0002,0.1429,143.11
"BIC Brite Liner Highlighters, Chisel Tip",Staples,2,0.000399,0.3333,7.52
"BIC Brite Liner Highlighters, Chisel Tip",Anker 24W Portable Micro USB Car Charger,1,0.0002,0.1667,417.42
"BIC Brite Liner Highlighters, Chisel Tip",GE 30524EE4,1,0.0002,0.1667,92.76
"BIC Brite Liner Highlighters, Chisel Tip",LG Electronics Tone+ HBS-730 Bluetooth Headset,1,0.0002,0.1667,208.71
"BIC Brite Liner Highlighters, Chisel Tip",SanDisk Cruzer 4 GB USB Flash Drive,1,0.0002,0.1667,417.42
BIC Liqua Brite Liner,Avery White Multi-Purpose Labels,1,0.0002,0.1667,208.71
BIC Liqua Brite Liner,Computer Printout Paper with Letter-Trim Perforations,1,0.0002,0.1667,119.26
BIC Liqua Brite Liner,Fellowes Bases and Tops For Staxonsteel/High-Stak Systems,1,0.0002,0.1667,83.48
BIC Liqua Brite Liner,Howard Miller Distant Time Traveler Alarm Clock,1,0.0002,0.1667,139.14
BIC Liqua Brite Liner,"Acco Pressboard Covers with Storage Hooks, 9 1/2"" x 11"", Executive Red",1,0.0002,0.1667,92.76
"BOSTON Model 1800 Electric Pencil Sharpeners, Putty/Woodgrain","Global Manager's Adjustable Task Chair, Storm",1,0.0002,0.1667,139.14
"BOSTON Model 1800 Electric Pencil Sharpeners, Putty/Woodgrain",Honeywell Enviracaire Portable HEPA Air Cleaner for up to 10 x 16 Room,1,0.0002,0.1667,278.28
"BOSTON Model 1800 Electric Pencil Sharpeners, Putty/Woodgrain","Mini 13-1/2 Capacity Data Binder Rack, Pearl",1,0.0002,0.1667,166.97
"BOSTON Model 1800 Electric Pencil Sharpeners, Putty/Woodgrain","Belkin 19"" Vented Equipment Shelf, Black",1,0.0002,0.1667,83.48
"BOSTON Model 1800 Electric Pencil Sharpeners, Putty/Woodgrain","Howard Miller 13"" Diameter Pewter Finish Round Wall Clock",1,0.0002,0.1667,119.26
"BOSTON Ranger #55 Pencil Sharpener, Black",Griffin GC36547 PowerJolt SE Lightning Charger,1,0.0002,0.1111,185.52
"BOSTON Ranger #55 Pencil Sharpener, Black",Tensor Track Tree Floor Lamp,1,0.0002,0.1111,139.14
"BOSTON Ranger #55 Pencil Sharpener, Black",iOttie HLCRIO102 Car Mount,1,0.0002,0.1111,111.31
"BOSTON Ranger #55 Pencil Sharpener, Black",O'Sullivan 2-Shelf Heavy-Duty Bookcases,1,0.0002,0.1111,92.76
"BOSTON Ranger #55 Pencil Sharpener, Black","Safco Value Mate Series Steel Bookcases, Baked Enamel Finish on Steel, Gray",1,0.0002,0.1111,92.76
BPI Conference Tables,Dana Swing-Arm Lamps,1,0.0002,0.2,143.11
BPI Conference Tables,Fellowes Stor/Drawer Steel Plus Storage Drawers,1,0.0002,0.2,125.22
BPI Conference Tables,Hon 4-Shelf Metal Bookcases,1,0.0002,0.2,250.45
BPI Conference Tables,Wilson Jones Turn Tabs Binder Tool for Ring Binders,1,0.0002,0.2,77.06
BPI Conference Tables,Eldon Portable Mobile Manager,1,0.0002,0.2,111.31
Bady BDG101FRU Card Printer,"Computer Room Manger, 14""",1,0.0002,0.25,178.89
Bady BDG101FRU Card Printer,Alphabetical Labels for Top Tab Filing,1,0.0002,0.25,139.14
Bady BDG101FRU Card Printer,"GBC Twin Loop Wire Binding Elements, 9/16"" Spine, Black",1,0.0002,0.25,139.14
Bady BDG101FRU Card Printer,Hon Mobius Operator's Chair,1,0.0002,0.25,250.45
Bady BDG101FRU Card Printer,SanDisk Ultra 64 GB MicroSDHC Class 10 Memory Card,1,0.0002,0.25,208.71
Bagged Rubber Bands,Self-Adhesive Ring Binder Labels,1,0.0002,0.2,250.45
Bagged Rubber Bands,White Computer Printout Paper by Universal,1,0.0002,0.2,125.22
Bagged Rubber Bands,ARKON Windshield Dashboard Air Vent Car Mount Holder,1,0.0002,0.2,250.45
Bagged Rubber Bands,"DAX Charcoal/Nickel-Tone Document Frame, 5 x 7",1,0.0002,0.2,143.11
Bagged Rubber Bands,Imation USB 2.0 Swivel Flash Drive USB flash drive - 4 GB - Pink,1,0.0002,0.2,333.93
Balt Solid Wood Rectangular Table,GBC DocuBind 200 Manual Binding Machine,1,0.0002,0.25,313.06
Balt Solid Wood Rectangular Table,Jiffy Padded Mailers with Self-Seal Closure,1,0.0002,0.25,1252.25
Balt Solid Wood Rectangular Table,Boston 19500 Mighty Mite Electric Pencil Sharpener,1,0.0002,0.25,313.06
Balt Solid Wood Round Tables,Memorex Mini Travel Drive 8 GB USB 2.0 Flash Drive,1,0.0002,0.25,250.45
Balt Solid Wood Round Tables,Bretford Rectangular Conference Table Tops,1,0.0002,0.25,104.35
Balt Solid Wood Round Tables,"Hon 30"" x 60"" Table with Locking Drawer",1,0.0002,0.25,417.42
Balt Solid Wood Round Tables,Xerox 1918,1,0.0002,0.25,1252.25
Balt Solid Wood Round Tables,Xerox 1926,1,0.0002,0.25,1252.25
Balt Split Level Computer Training Table,"Acco PRESSTEX Data Binder with Storage Hooks, Dark Blue, 14 7/8"" X 11""",1,0.0002,0.2,143.11
Balt Split Level Computer Training Table,"Lifetime Advantage Folding Chairs, 4/Carton",1,0.0002,0.2,143.11
Balt Split Level Computer Training Table,Newell 335,1,0.0002,0.2,250.45
Balt Split Level Computer Training Table,Anker Astro 15000mAh USB Portable Charger,1,0.0002,0.2,200.36
Balt Split Level Computer Training Table,Avery Premier Heavy-Duty Binder with Round Locking Rings,1,0.0002,0.2,143.11
Barrel Sharpener,"DXL Angle-View Binders with Locking Rings, Black",1,0.0002,0.25,313.06
Barrel Sharpener,Enermax Acrylux Wireless Keyboard,1,0.0002,0.25,208.71
Barrel Sharpener,Newell 32,1,0.0002,0.25,208.71
Barrel Sharpener,Acme Elite Stainless Steel Scissors,1,0.0002,0.25,250.45
Barrel Sharpener,"BIC Brite Liner Grip Highlighters, Assorted, 5/Pack",1,0.0002,0.25,208.71
"Barricks 18"" x 48"" Non-Folding Utility Table with Bottom Storage Shelf",i.Sound Portable Power - 8000 mAh,1,0.0002,0.2,200.36
"Barricks 18"" x 48"" Non-Folding Utility Table with Bottom Storage Shelf",Fellowes Black Plastic Comb Bindings,1,0.0002,0.2,111.31
"Barricks 18"" x 48"" Non-Folding Utility Table with Bottom Storage Shelf",O'Sullivan 5-Shelf Heavy-Duty Bookcases,1,0.0002,0.2,250.45
"Barricks 18"" x 48"" Non-Folding Utility Table with Bottom Storage Shelf",Revere Boxed Rubber Bands by Revere,1,0.0002,0.2,166.97
"Barricks 18"" x 48"" Non-Folding Utility Table with Bottom Storage Shelf",HTC One,1,0.0002,0.2,250.45
"Barricks Non-Folding Utility Table with Steel Legs, Laminate Tops",Nortel Business Series Terminal T7208 Digital phone,1,0.0002,1.0,1669.67
"Barricks Non-Folding Utility Table with Steel Legs, Laminate Tops",XtraLife ClearVue Slant-D Ring Binders by Cardinal,1,0.0002,1.0,1001.8
"Belkin 19"" Center-Weighted Shelf, Gray",Ultra Commercial Grade Dual Valve Door Closer,1,0.0002,0.25,1252.25
"Belkin 19"" Center-Weighted Shelf, Gray",Advantus Plastic Paper Clips,1,0.0002,0.25,125.22
"Belkin 19"" Center-Weighted Shelf, Gray",Belkin 7-Outlet SurgeMaster Home Series,1,0.0002,0.25,250.45
"Belkin 19"" Vented Equipment Shelf, Black","DAX Copper Panel Document Frame, 5 x 7 Size",1,0.0002,0.1,100.18
"Belkin 19"" Vented Equipment Shelf, Black","Eldon ""L"" Workstation Diamond Chairmat",1,0.0002,0.1,125.22
"Belkin 19"" Vented Equipment Shelf, Black",Xerox 1895,1,0.0002,0.1,71.56
"Belkin 19"" Vented Equipment Shelf, Black","BOSTON Model 1800 Electric Pencil Sharpeners, Putty/Woodgrain",1,0.0002,0.1,83.48
"Belkin 19"" Vented Equipment Shelf, Black","Howard Miller 13"" Diameter Pewter Finish Round Wall Clock",1,0.0002,0.1,71.56
"Belkin 325VA UPS Surge Protector, 6'",Acco Perma 4000 Stacking Storage Drawers,1,0.0002,0.25,113.84
"Belkin 325VA UPS Surge Protector, 6'","Elite 5"" Scissors",1,0.0002,0.25,178.89
"Belkin 325VA UPS Surge Protector, 6'","Lesro Round Back Collection Coffee Table, End Table",1,0.0002,0.25,156.53
"Belkin 325VA UPS Surge Protector, 6'","Office Star - Contemporary Task Swivel chair with Loop Arms, Charcoal",1,0.0002,0.25,139.14
"Belkin 325VA UPS Surge Protector, 6'","Metal Folding Chairs, Beige, 4/Carton",1,0.0002,0.25,250.45
Belkin 5 Outlet SurgeMaster Power Centers,Boston 1730 StandUp Electric Pencil Sharpener,1,0.0002,0.1,166.97
Belkin 5 Outlet SurgeMaster Power Centers,"Speediset Carbonless Redi-Letter 7"" x 8 1/2""",1,0.0002,0.1,100.18
Belkin 5 Outlet SurgeMaster Power Centers,Staples,1,0.0002,0.1,2.26
Belkin 5 Outlet SurgeMaster Power Centers,Newell 324,1,0.0002,0.1,71.56
Belkin 5 Outlet SurgeMaster Power Centers,Prismacolor Color Pencil Set,1,0.0002,0.1,71.56
Belkin 6 Outlet Metallic Surge Strip,KLD Oscar II Style Snap-on Ultra Thin Side Flip Synthetic Leather Cover Case for HTC One HTC M7,1,0.0002,0.1111,185.52
Belkin 6 Outlet Metallic Surge Strip,Logitech G19 Programmable Gaming Keyboard,1,0.0002,0.1111,69.57
Belkin 6 Outlet Metallic Surge Strip,Staples,1,0.0002,0.1111,2.51
Belkin 6 Outlet Metallic Surge Strip,Acme Value Line Scissors,1,0.0002,0.1111,55.66
Belkin 6 Outlet Metallic Surge Strip,Fellowes Bankers Box Recycled Super Stor/Drawer,1,0.0002,0.1111,79.51
Belkin 7 Outlet SurgeMaster II,Micro Innovations USB RF Wireless Keyboard with Mouse,1,0.0002,0.3333,278.28
Belkin 7 Outlet SurgeMaster II,Universal Premium White Copier/Laser Paper (20Lb. and 87 Bright),1,0.0002,0.3333,333.93
Belkin 7 Outlet SurgeMaster Surge Protector with Phone Protection,Jabra BIZ 2300 Duo QD Duo Corded Headset,1,0.0002,1.0,1252.25
Belkin 7-Outlet SurgeMaster Home Series,Eldon Jumbo ProFile Portable File Boxes Graphite/Black,1,0.0002,0.2,1001.8
Belkin 7-Outlet SurgeMaster Home Series,Advantus Plastic Paper Clips,1,0.0002,0.2,100.18
Belkin 7-Outlet SurgeMaster Home Series,"Belkin 19"" Center-Weighted Shelf, Gray",1,0.0002,0.2,250.45
Belkin 7-Outlet SurgeMaster Home Series,Xerox 1930,1,0.0002,0.2,200.36
Belkin 8 Outlet Surge Protector,"ACCOHIDE 3-Ring Binder, Blue, 1""",1,0.0002,0.1429,55.04
Belkin 8 Outlet Surge Protector,Portable Personal File Box,1,0.0002,0.1429,119.26
Belkin 8 Outlet Surge Protector,X-Rack File for Hanging Folders,1,0.0002,0.1429,79.51
Belkin 8 Outlet Surge Protector,Compact Automatic Electric Letter Opener,1,0.0002,0.1429,89.45
Belkin 8 Outlet Surge Protector,Logitech G600 MMO Gaming Mouse,1,0.0002,0.1429,89.45
Belkin 8 Outlet SurgeMaster II Gold Surge Protector,High-Back Leather Manager's Chair,1,0.0002,0.2,111.31
Belkin 8 Outlet SurgeMaster II Gold Surge Protector,Avery Printable Repositionable Plastic Tabs,1,0.0002,0.2,166.97
Belkin 8 Outlet SurgeMaster II Gold Surge Protector,Sterilite Officeware Hinged File Box,1,0.0002,0.2,91.07
Belkin 8 Outlet SurgeMaster II Gold Surge Protector,Hon 5100 Series Wood Tables,1,0.0002,0.2,143.11
Belkin 8 Outlet SurgeMaster II Gold Surge Protector,Xerox 1999,1,0.0002,0.2,143.11
Belkin 8 Outlet SurgeMaster II Gold Surge Protector with Phone Protection,"Avery Address/Shipping Labels for Typewriters, 4"" x 2""",1,0.0002,1.0,715.57
Belkin 8-Outlet Premiere SurgeMaster II Surge Protectors,Martin-Yale Premier Letter Opener,1,0.0002,0.5,357.79
Belkin F5C206VTEL 6 Outlet Surge,Chromcraft Rectangular Conference Tables,1,0.0002,0.1429,79.51
Belkin F5C206VTEL 6 Outlet Surge,DXL Angle-View Binders with Locking Rings by Samsill,1,0.0002,0.1429,71.56
Belkin F5C206VTEL 6 Outlet Surge,"Eldon Expressions Wood and Plastic Desk Accessories, Cherry Wood",1,0.0002,0.1429,143.11
Belkin F5C206VTEL 6 Outlet Surge,Konftel 250 Conference phone - Charcoal black,1,0.0002,0.1429,178.89
Belkin F5C206VTEL 6 Outlet Surge,Mitel 5320 IP Phone VoIP phone,1,0.0002,0.1429,178.89
Belkin F8E887 USB Wired Ergonomic Keyboard,"GBC White Gloss Covers, Plain Front",1,0.0002,0.125,89.45
Belkin F8E887 USB Wired Ergonomic Keyboard,Global Chrome Stack Chair,1,0.0002,0.125,104.35
Belkin F8E887 USB Wired Ergonomic Keyboard,Novimex Swivel Fabric Task Chair,1,0.0002,0.125,78.27
Belkin F8E887 USB Wired Ergonomic Keyboard,Pastel Pink Envelopes,1,0.0002,0.125,208.71
Belkin F8E887 USB Wired Ergonomic Keyboard,Safco Contoured Stacking Chairs,1,0.0002,0.125,78.27
Belkin F9G930V10-GRY 9 Outlet Surge,"Bevis Round Bullnose 29"" High Table Top",1,0.0002,0.2,200.36
Belkin F9G930V10-GRY 9 Outlet Surge,Newell 32,1,0.0002,0.2,166.97
Belkin F9G930V10-GRY 9 Outlet Surge,Sony 16GB Class 10 Micro SDHC R40 Memory Card,1,0.0002,0.2,250.45
Belkin F9G930V10-GRY 9 Outlet Surge,Staples,1,0.0002,0.2,4.51
Belkin F9G930V10-GRY 9 Outlet Surge,"Wirebound Message Books, Four 2 3/4 x 5 White Forms per Page",1,0.0002,0.2,143.11
Belkin F9H710-06 7 Outlet SurgeMaster Surge Protector,Hon 61000 Series Interactive Training Tables,1,0.0002,0.125,69.57
Belkin F9H710-06 7 Outlet SurgeMaster Surge Protector,Assorted Color Push Pins,1,0.0002,0.125,78.27
Belkin F9H710-06 7 Outlet SurgeMaster Surge Protector,Crayola Colored Pencils,1,0.0002,0.125,56.92
Belkin F9H710-06 7 Outlet SurgeMaster Surge Protector,"GBC Velobind Prepunched Cover Sets, Regency Series",1,0.0002,0.125,89.45
Belkin F9H710-06 7 Outlet SurgeMaster Surge Protector,Plantronics 81402,1,0.0002,0.125,156.53
Belkin F9M820V08 8 Outlet Surge,GBC Plasticlear Binding Covers,1,0.0002,0.3333,238.52
Belkin F9M820V08 8 Outlet Surge,Heavy-Duty E-Z-D Binders,1,0.0002,0.3333,208.71
Belkin F9M820V08 8 Outlet Surge,Hon Racetrack Conference Tables,1,0.0002,0.3333,278.28
Belkin F9M820V08 8 Outlet Surge,Plantronics Savi W720 Multi-Device Wireless Headset System,1,0.0002,0.3333,238.52
Belkin F9M820V08 8 Outlet Surge,Zebra Zazzle Fluorescent Highlighters,1,0.0002,0.3333,278.28
Belkin F9S820V06 8 Outlet Surge,DMI Eclipse Executive Suite Bookcases,1,0.0002,0.25,208.71
Belkin F9S820V06 8 Outlet Surge,"GE 48"" Fluorescent Tube, Cool White Energy Saver, 34 Watts, 30/Box",1,0.0002,0.25,156.53
Belkin F9S820V06 8 Outlet Surge,Newell 31,1,0.0002,0.25,250.45
Belkin F9S820V06 8 Outlet Surge,Embossed Ink Jet Note Cards,1,0.0002,0.25,313.06
Belkin F9S820V06 8 Outlet Surge,"Howard Miller 11-1/2"" Diameter Ridgewood Wall Clock",1,0.0002,0.25,208.71
Belkin Grip Candy Sheer Case / Cover for iPhone 5 and 5S,"Eureka The Boss Plus 12-Amp Hard Box Upright Vacuum, Red",1,0.0002,0.3333,278.28
Belkin Grip Candy Sheer Case / Cover for iPhone 5 and 5S,GBC Plastic Binding Combs,1,0.0002,0.3333,166.97
Belkin Grip Candy Sheer Case / Cover for iPhone 5 and 5S,Newell 315,1,0.0002,0.3333,278.28
Belkin Grip Candy Sheer Case / Cover for iPhone 5 and 5S,"Wilson Jones 1"" Hanging DublLock Ring Binders",1,0.0002,0.3333,166.97
Belkin Grip Candy Sheer Case / Cover for iPhone 5 and 5S,Wilson Jones Turn Tabs Binder Tool for Ring Binders,1,0.0002,0.3333,128.44
Belkin Premiere Surge Master II 8-outlet surge protector,SAFCO Optional Arm Kit for Workspace Cribbage Stacking Chair,2,0.000399,0.2857,286.23
Belkin Premiere Surge Master II 8-outlet surge protector,Logitech Desktop MK120 Mouse and keyboard Combo,1,0.0002,0.1429,59.63
Belkin Premiere Surge Master II 8-outlet surge protector,"DAX Value U-Channel Document Frames, Easel Back",1,0.0002,0.1429,71.56
Belkin Premiere Surge Master II 8-outlet surge protector,Nu-Dell Float Frame 11 x 14 1/2,1,0.0002,0.1429,102.22
Belkin Premiere Surge Master II 8-outlet surge protector,Recycled Easel Ring Binders,1,0.0002,0.1429,79.51
Belkin QODE FastFit Bluetooth Keyboard,"Acco Clips to Go Binder Clips, 24 Clips in Two Sizes",1,0.0002,0.5,500.9
Belkin QODE FastFit Bluetooth Keyboard,Artistic Insta-Plaque,1,0.0002,0.5,834.83
Belkin QODE FastFit Bluetooth Keyboard,GBC Ibimaster 500 Manual ProClick Binding System,1,0.0002,0.5,278.28
Belkin QODE FastFit Bluetooth Keyboard,KI Conference Tables,1,0.0002,0.5,313.06
Belkin QODE FastFit Bluetooth Keyboard,Longer-Life Soft White Bulbs,1,0.0002,0.5,250.45
"Belkin SportFit Armband For iPhone 5s/5c, Fuchsia",Adjustable Depth Letter/Legal Cart,1,0.0002,0.2,91.07
"Belkin SportFit Armband For iPhone 5s/5c, Fuchsia",Avery 474,1,0.0002,0.2,111.31
"Belkin SportFit Armband For iPhone 5s/5c, Fuchsia",Boston 1645 Deluxe Heavier-Duty Electric Pencil Sharpener,1,0.0002,0.2,143.11
"Belkin SportFit Armband For iPhone 5s/5c, Fuchsia",Fellowes Staxonsteel Drawer Files,1,0.0002,0.2,143.11
"Belkin SportFit Armband For iPhone 5s/5c, Fuchsia",Quality Park Security Envelopes,1,0.0002,0.2,250.45
Belkin Standard 104 key USB Keyboard,"Angle-D Binders with Locking Rings, Label Holders",1,0.0002,0.1667,83.48
Belkin Standard 104 key USB Keyboard,Dixon Ticonderoga Core-Lock Colored Pencils,1,0.0002,0.1667,119.26
Belkin Standard 104 key USB Keyboard,Panasonic KX TS3282B Corded phone,1,0.0002,0.1667,278.28
Belkin Standard 104 key USB Keyboard,"Riverside Furniture Oval Coffee Table, Oval End Table, End Table with Drawer",1,0.0002,0.1667,166.97
Belkin Standard 104 key USB Keyboard,Belkin F5C206VTEL 6 Outlet Surge,1,0.0002,0.1667,119.26
Belkin iPhone and iPad Lightning Cable,"Acco Four Pocket Poly Ring Binder with Label Holder, Smoke, 1""",1,0.0002,0.5,417.42
Berol Giant Pencil Sharpener,PayAnywhere Card Reader,1,0.0002,0.25,250.45
Berol Giant Pencil Sharpener,"Bush Westfield Collection Bookcases, Fully Assembled",1,0.0002,0.25,208.71
Berol Giant Pencil Sharpener,Cardinal Holdit Business Card Pockets,1,0.0002,0.25,156.53
Berol Giant Pencil Sharpener,Newell 35,1,0.0002,0.25,139.14
Berol Giant Pencil Sharpener,Nortel Networks T7316 E Nt8 B27,1,0.0002,0.25,208.71
Bestar Classic Bookcase,DIXON Ticonderoga Erasable Checking Pencils,1,0.0002,0.125,89.45
Bestar Classic Bookcase,Bretford Rectangular Conference Table Tops,1,0.0002,0.125,52.18
Bestar Classic Bookcase,Hon Non-Folding Utility Tables,1,0.0002,0.125,125.22
Bestar Classic Bookcase,"Adams Telephone Message Books, 5 1/4 x 11",1,0.0002,0.125,125.22
Bestar Classic Bookcase,BlackBerry Q10,1,0.0002,0.125,104.35
Bevis 36 x 72 Conference Tables,Logitech Wireless Headset h800,1,0.0002,0.125,104.35
Bevis 36 x 72 Conference Tables,Rogers Deluxe File Chest,1,0.0002,0.125,78.27
Bevis 36 x 72 Conference Tables,"Sanford Uni-Blazer View Highlighters, Chisel Tip, Yellow",1,0.0002,0.125,208.71
Bevis 36 x 72 Conference Tables,AT&T 841000 Phone,1,0.0002,0.125,89.45
Bevis 36 x 72 Conference Tables,Ampad #10 Peel & Seel Holiday Envelopes,1,0.0002,0.125,208.71
Bevis 44 x 96 Conference Tables,Avery 499,1,0.0002,0.2,91.07
Bevis 44 x 96 Conference Tables,Newell 3-Hole Punched Plastic Slotted Magazine Holders for Binders,1,0.0002,0.2,166.97
Bevis 44 x 96 Conference Tables,Hon GuestStacker Chair,1,0.0002,0.2,111.31
Bevis 44 x 96 Conference Tables,Logitech Gaming G510s - Keyboard,1,0.0002,0.2,125.22
Bevis 44 x 96 Conference Tables,Microsoft Wireless Mobile Mouse 4000,1,0.0002,0.2,250.45
Bevis Boat-Shaped Conference Table,Xerox 1974,1,0.0002,0.1667,208.71
Bevis Boat-Shaped Conference Table,Economy #2 Pencils,1,0.0002,0.1667,208.71
Bevis Boat-Shaped Conference Table,Regeneration Desk Collection,1,0.0002,0.1667,166.97
Bevis Boat-Shaped Conference Table,"Wirebound Message Books, Four 2 3/4 x 5 Forms per Page, 200 Sets per Book",1,0.0002,0.1667,139.14
Bevis Boat-Shaped Conference Table,Polycom VVX 310 VoIP phone,1,0.0002,0.1667,104.35
"Bevis Oval Conference Table, Walnut",Longer-Life Soft White Bulbs,1,0.0002,0.125,62.61
"Bevis Oval Conference Table, Walnut","Logitech B530 USB Headset - headset - Full size, Binaural",1,0.0002,0.125,62.61
"Bevis Oval Conference Table, Walnut",Hon 4070 Series Pagoda Round Back Stacking Chairs,1,0.0002,0.125,89.45
"Bevis Oval Conference Table, Walnut","Dual Level, Single-Width Filing Carts",1,0.0002,0.125,69.57
"Bevis Oval Conference Table, Walnut",Hoover Commercial SteamVac,1,0.0002,0.125,156.53
Bevis Rectangular Conference Tables,"Geographics Note Cards, Blank, White, 8 1/2"" x 11""",1,0.0002,0.25,417.42
Bevis Rectangular Conference Tables,Avery Personal Creations Heavyweight Cards,1,0.0002,0.25,417.42
Bevis Rectangular Conference Tables,"Bush Westfield Collection Bookcases, Dark Cherry Finish",1,0.0002,0.25,417.42
Bevis Rectangular Conference Tables,DAX Wood Document Frame,1,0.0002,0.25,139.14
Bevis Rectangular Conference Tables,Logitech Keyboard K120,1,0.0002,0.25,417.42
"Bevis Round Bullnose 29"" High Table Top",Belkin F9G930V10-GRY 9 Outlet Surge,1,0.0002,0.2,200.36
"Bevis Round Bullnose 29"" High Table Top",Newell 32,1,0.0002,0.2,166.97
"Bevis Round Bullnose 29"" High Table Top",Sony 16GB Class 10 Micro SDHC R40 Memory Card,1,0.0002,0.2,250.45
"Bevis Round Bullnose 29"" High Table Top",Plantronics CS510 - Over-the-Head monaural Wireless Headset System,1,0.0002,0.2,100.18
"Bevis Round Bullnose 29"" High Table Top",Xerox 212,1,0.0002,0.2,143.11
Bevis Round Conference Room Tables and Bases,"Global Deluxe Stacking Chair, Gray",1,0.0002,0.5,357.79
Bevis Round Conference Room Tables and Bases,Recycled Steel Personal File for Hanging File Folders,1,0.0002,0.5,417.42
Bevis Round Conference Table Top & Single Column Base,"#10- 4 1/8"" x 9 1/2"" Recycled Envelopes",1,0.0002,0.2,100.18
Bevis Round Conference Table Top & Single Column Base,Binder Posts,1,0.0002,0.2,166.97
Bevis Round Conference Table Top & Single Column Base,Xerox 1978,1,0.0002,0.2,125.22
Bevis Round Conference Table Top & Single Column Base,Harbour Creations 67200 Series Stacking Chairs,1,0.0002,0.2,125.22
Bevis Round Conference Table Top & Single Column Base,Belkin F9G930V10-GRY 9 Outlet Surge,1,0.0002,0.2,200.36
"Bevis Round Conference Table Top, X-Base",Cardinal EasyOpen D-Ring Binders,1,0.0002,0.1667,104.35
"Bevis Round Conference Table Top, X-Base",Hewlett-Packard Deskjet D4360 Printer,1,0.0002,0.1667,834.83
"Bevis Round Conference Table Top, X-Base",Polycom SoundPoint Pro SE-225 Corded phone,1,0.0002,0.1667,208.71
"Bevis Round Conference Table Top, X-Base",Xerox 2000,1,0.0002,0.1667,166.97
"Bevis Round Conference Table Top, X-Base","White Business Envelopes with Contemporary Seam, Recycled White Business Envelopes",1,0.0002,0.1667,139.14
Bevis Steel Folding Chairs,"Acco Pressboard Covers with Storage Hooks, 14 7/8"" x 11"", Executive Red",1,0.0002,0.1667,104.35
Bevis Steel Folding Chairs,NETGEAR N750 Dual Band Wi-Fi Gigabit Router,1,0.0002,0.1667,119.26
Bevis Steel Folding Chairs,APC 7 Outlet Network SurgeArrest Surge Protector,1,0.0002,0.1667,104.35
Bevis Steel Folding Chairs,Acme Preferred Stainless Steel Scissors,1,0.0002,0.1667,208.71
Bevis Steel Folding Chairs,GBC DocuBind 300 Electric Binding Machine,1,0.0002,0.1667,104.35
"Bevis Traditional Conference Table Top, Plinth Base",Avery 520,1,0.0002,0.3333,333.93
"Bevis Traditional Conference Table Top, Plinth Base","Global Leather Highback Executive Chair with Pneumatic Height Adjustment, Black",1,0.0002,0.3333,166.97
"Bevis Traditional Conference Table Top, Plinth Base","Personal Folder Holder, Ebony",1,0.0002,0.3333,278.28
"Bevis Traditional Conference Table Top, Plinth Base",Xerox 1964,1,0.0002,0.3333,417.42
Binder Clips by OIC,Riverleaf Stik-Withit Designer Note Cubes,1,0.0002,0.1429,143.11
Binder Clips by OIC,Things To Do Today Spiral Book,1,0.0002,0.1429,238.52
Binder Clips by OIC,Xerox 1995,1,0.0002,0.1429,119.26
Binder Clips by OIC,Eldon Portable Mobile Manager,1,0.0002,0.1429,79.51
Binder Clips by OIC,Fellowes Bankers Box Stor/Drawer Steel Plus,1,0.0002,0.1429,59.63
Binder Posts,"#10- 4 1/8"" x 9 1/2"" Recycled Envelopes",1,0.0002,0.1667,83.48
Binder Posts,Bevis Round Conference Table Top & Single Column Base,1,0.0002,0.1667,166.97
Binder Posts,Xerox 1978,1,0.0002,0.1667,104.35
Binder Posts,"Eldon Expressions Punched Metal & Wood Desk Accessories, Black & Cherry",1,0.0002,0.1667,166.97
Binder Posts,GBC DocuBind TL300 Electric Binding System,1,0.0002,0.1667,75.89
Binding Machine Supplies,"Deflect-o EconoMat Nonstudded, No Bevel Mat",1,0.0002,0.1111,185.52
Binding Machine Supplies,"Floodlight Indoor Halogen Bulbs, 1 Bulb per Pack, 60 Watts",1,0.0002,0.1111,92.76
Binding Machine Supplies,File Shuttle I and Handi-File,1,0.0002,0.1111,185.52
Binding Machine Supplies,"Wilson Jones Hanging View Binder, White, 1""",1,0.0002,0.1111,79.51
Binding Machine Supplies,Xerox 210,1,0.0002,0.1111,92.76
"Binney & Smith Crayola Metallic Colored Pencils, 8-Color Set",Staples,2,0.000399,0.2857,6.45
"Binney & Smith Crayola Metallic Colored Pencils, 8-Color Set","Binney & Smith inkTank Erasable Desk Highlighter, Chisel Tip, Yellow, 12/Box",1,0.0002,0.1429,238.52
"Binney & Smith Crayola Metallic Colored Pencils, 8-Color Set","Fellowes Twister Kit, Gray/Clear, 3/pkg",1,0.0002,0.1429,71.56
"Binney & Smith Crayola Metallic Colored Pencils, 8-Color Set",Space Solutions HD Industrial Steel Shelving.,1,0.0002,0.1429,89.45
"Binney & Smith Crayola Metallic Colored Pencils, 8-Color Set",Stanley Contemporary Battery Pencil Sharpeners,1,0.0002,0.1429,178.89
"Binney & Smith Crayola Metallic Crayons, 16-Color Pack","Avery 4027 File Folder Labels for Dot Matrix Printers, 5000 Labels per Box, White",1,0.0002,0.5,227.68
"Binney & Smith Crayola Metallic Crayons, 16-Color Pack",Avery 490,1,0.0002,0.5,500.9
"Binney & Smith Crayola Metallic Crayons, 16-Color Pack","Boston School Pro Electric Pencil Sharpener, 1670",1,0.0002,0.5,357.79
"Binney & Smith Crayola Metallic Crayons, 16-Color Pack",GBC Linen Binding Covers,1,0.0002,0.5,417.42
"Binney & Smith Crayola Metallic Crayons, 16-Color Pack",Jet-Pak Recycled Peel 'N' Seal Padded Mailers,1,0.0002,0.5,626.12
"Binney & Smith inkTank Desk Highlighter, Chisel Tip, Yellow, 12/Box","Advantus Push Pins, Aluminum Head",1,0.0002,0.2,200.36
"Binney & Smith inkTank Desk Highlighter, Chisel Tip, Yellow, 12/Box",Ativa MDM8000 8-Sheet Micro-Cut Shredder,1,0.0002,0.2,500.9
"Binney & Smith inkTank Desk Highlighter, Chisel Tip, Yellow, 12/Box",Newell 351,1,0.0002,0.2,143.11
"Binney & Smith inkTank Desk Highlighter, Chisel Tip, Yellow, 12/Box","BIC Brite Liner Highlighters, Chisel Tip",1,0.0002,0.2,166.97
"Binney & Smith inkTank Desk Highlighter, Chisel Tip, Yellow, 12/Box",Boston 1645 Deluxe Heavier-Duty Electric Pencil Sharpener,1,0.0002,0.2,143.11
"Binney & Smith inkTank Erasable Desk Highlighter, Chisel Tip, Yellow, 12/Box","Global Leather Highback Executive Chair with Pneumatic Height Adjustment, Black",1,0.0002,0.3333,166.97
"Binney & Smith inkTank Erasable Desk Highlighter, Chisel Tip, Yellow, 12/Box",Ibico Plastic and Wire Spiral Binding Combs,1,0.0002,0.3333,185.52
"Binney & Smith inkTank Erasable Desk Highlighter, Chisel Tip, Yellow, 12/Box","Binney & Smith Crayola Metallic Colored Pencils, 8-Color Set",1,0.0002,0.3333,238.52
"Binney & Smith inkTank Erasable Desk Highlighter, Chisel Tip, Yellow, 12/Box","BIC Brite Liner Highlighters, Chisel Tip",1,0.0002,0.3333,278.28
"Binney & Smith inkTank Erasable Desk Highlighter, Chisel Tip, Yellow, 12/Box",Staples,1,0.0002,0.3333,7.52
"Binney & Smith inkTank Erasable Pocket Highlighter, Chisel Tip, Yellow","Plantronics CS 50-USB - headset - Convertible, Monaural",1,0.0002,0.3333,333.93
"Binney & Smith inkTank Erasable Pocket Highlighter, Chisel Tip, Yellow",Logitech Trackman Marble Mouse,1,0.0002,0.3333,185.52
"Binney & Smith inkTank Erasable Pocket Highlighter, Chisel Tip, Yellow",Fellowes Advanced Computer Series Surge Protectors,1,0.0002,0.3333,278.28
"Binney & Smith inkTank Erasable Pocket Highlighter, Chisel Tip, Yellow",Hon GuestStacker Chair,1,0.0002,0.3333,185.52
Bionaire 99.97% HEPA Air Cleaner,"Bush Heritage Pine Collection 5-Shelf Bookcase, Albany Pine Finish, *Special Order",1,0.0002,0.25,156.53
Bionaire 99.97% HEPA Air Cleaner,Cardinal Slant-D Ring Binders,1,0.0002,0.25,250.45
Bionaire 99.97% HEPA Air Cleaner,Cush Cases Heavy Duty Rugged Cover Case for Samsung Galaxy S5 - Purple,1,0.0002,0.25,208.71
Bionaire 99.97% HEPA Air Cleaner,"DAX Charcoal/Nickel-Tone Document Frame, 5 x 7",1,0.0002,0.25,178.89
Bionaire 99.97% HEPA Air Cleaner,Fellowes High-Stak Drawer Files,1,0.0002,0.25,156.53
Bionaire Personal Warm Mist Humidifier/Vaporizer,Avery Non-Stick Heavy Duty View Round Locking Ring Binders,1,0.0002,0.3333,556.56
Bionaire Personal Warm Mist Humidifier/Vaporizer,"Memo Book, 100 Message Capacity, 5 3/8 x 11",1,0.0002,0.3333,556.56
Bionaire Personal Warm Mist Humidifier/Vaporizer,Newell 35,1,0.0002,0.3333,185.52
Bionaire Personal Warm Mist Humidifier/Vaporizer,Wilson Jones 14 Line Acrylic Coated Pressboard Data Binders,1,0.0002,0.3333,417.42
Bionaire Personal Warm Mist Humidifier/Vaporizer,"Dual Level, Single-Width Filing Carts",1,0.0002,0.3333,185.52
Black & Decker Filter for Double Action Dustbuster Cordless Vac BLDV7210,Tennsco 16-Compartment Lockers with Coat Rack,1,0.0002,0.1667,166.97
Black & Decker Filter for Double Action Dustbuster Cordless Vac BLDV7210,Colored Envelopes,1,0.0002,0.1667,166.97
Black & Decker Filter for Double Action Dustbuster Cordless Vac BLDV7210,Eldon Image Series Black Desk Accessories,1,0.0002,0.1667,166.97
Black & Decker Filter for Double Action Dustbuster Cordless Vac BLDV7210,Wilson Electronics DB Pro Signal Booster,1,0.0002,0.1667,83.48
Black & Decker Filter for Double Action Dustbuster Cordless Vac BLDV7210,Binding Machine Supplies,1,0.0002,0.1667,92.76
"Black Avery Memo-Size 3-Ring Binder, 5 1/2"" x 8 1/2""",Samsung Galaxy S4,1,0.0002,0.25,250.45
"Black Avery Memo-Size 3-Ring Binder, 5 1/2"" x 8 1/2""",Boston 16765 Mini Stand Up Battery Pencil Sharpener,1,0.0002,0.25,313.06
"Black Avery Memo-Size 3-Ring Binder, 5 1/2"" x 8 1/2""",Fellowes 8 Outlet Superior Workstation Surge Protector,1,0.0002,0.25,250.45
"Black Avery Memo-Size 3-Ring Binder, 5 1/2"" x 8 1/2""",GBC Recycled VeloBinder Covers,1,0.0002,0.25,156.53
"Black Avery Memo-Size 3-Ring Binder, 5 1/2"" x 8 1/2""","Global Wood Trimmed Manager's Task Chair, Khaki",1,0.0002,0.25,89.45
"Black Print Carbonless 8 1/2"" x 8 1/4"" Rapid Memo Book",Novimex Swivel Fabric Task Chair,1,0.0002,0.25,156.53
"Black Print Carbonless 8 1/2"" x 8 1/4"" Rapid Memo Book",Avery Arch Ring Binders,1,0.0002,0.25,125.22
"Black Print Carbonless 8 1/2"" x 8 1/4"" Rapid Memo Book",Large Capacity Hanging Post Binders,1,0.0002,0.25,250.45
"Black Print Carbonless 8 1/2"" x 8 1/4"" Rapid Memo Book",Lunatik TT5L-002 Taktik Strike Impact Protection System for iPhone 5,1,0.0002,0.25,417.42
"Black Print Carbonless 8 1/2"" x 8 1/4"" Rapid Memo Book",Panasonic KX T7736-B Digital phone,1,0.0002,0.25,250.45
"Black Print Carbonless Snap-Off Rapid Letter, 8 1/2"" x 7""",Spigen Samsung Galaxy S5 Case Wallet,1,0.0002,0.25,250.45
"Black Print Carbonless Snap-Off Rapid Letter, 8 1/2"" x 7""",Xerox 1910,1,0.0002,0.25,250.45
"Black Print Carbonless Snap-Off Rapid Letter, 8 1/2"" x 7""",Newell 311,1,0.0002,0.25,156.53
"Black Print Carbonless Snap-Off Rapid Letter, 8 1/2"" x 7""",Peel & Seel Envelopes,1,0.0002,0.25,313.06
"Black Print Carbonless Snap-Off Rapid Letter, 8 1/2"" x 7""",Office Star - Ergonomically Designed Knee Chair,1,0.0002,0.25,178.89
BlackBerry Q10,"Seth Thomas 14"" Day/Date Wall Clock",1,0.0002,0.1667,139.14
BlackBerry Q10,"Adams Telephone Message Books, 5 1/4 x 11",1,0.0002,0.1667,166.97
BlackBerry Q10,Bestar Classic Bookcase,1,0.0002,0.1667,104.35
BlackBerry Q10,Innergie mMini Combo Duo USB Travel Charging Kit,1,0.0002,0.1667,139.14
BlackBerry Q10,Ibico Covers for Plastic or Wire Binding Elements,1,0.0002,0.1667,119.26
Blackstonian Pencils,"Acco Data Flex Cable Posts For Top & Bottom Load Binders, 6"" Capacity",1,0.0002,0.25,125.22
Blackstonian Pencils,Avery 488,1,0.0002,0.25,208.71
Blackstonian Pencils,Recycled Steel Personal File for Standard File Folders,1,0.0002,0.25,313.06
Blackstonian Pencils,Akro Stacking Bins,1,0.0002,0.25,208.71
Blackstonian Pencils,Chromcraft Rectangular Conference Tables,1,0.0002,0.25,139.14
Blue Parrot B250XT Professional Grade Wireless Bluetooth Headset with,Xerox 1919,1,0.0002,0.25,139.14
Blue Parrot B250XT Professional Grade Wireless Bluetooth Headset with,Avery Hi-Liter Smear-Safe Highlighters,1,0.0002,0.25,208.71
Blue Parrot B250XT Professional Grade Wireless Bluetooth Headset with,Fellowes Command Center 5-outlet power strip,1,0.0002,0.25,313.06
Blue Parrot B250XT Professional Grade Wireless Bluetooth Headset with,Hon Deluxe Fabric Upholstered Stacking Chairs,1,0.0002,0.25,313.06
"Blue String-Tie & Button Interoffice Envelopes, 10 x 13",Design Ebony Sketching Pencil,1,0.0002,0.1429,238.52
"Blue String-Tie & Button Interoffice Envelopes, 10 x 13","Carina 42""Hx23 3/4""W Media Storage Unit",1,0.0002,0.1429,89.45
"Blue String-Tie & Button Interoffice Envelopes, 10 x 13",Xerox 1957,1,0.0002,0.1429,119.26
"Blue String-Tie & Button Interoffice Envelopes, 10 x 13",Electrix Halogen Magnifier Lamp,1,0.0002,0.1429,119.26
"Blue String-Tie & Button Interoffice Envelopes, 10 x 13",Honeywell Enviracaire Portable HEPA Air Cleaner for 17' x 22' Room,1,0.0002,0.1429,89.45
"BlueLounge Milo Smartphone Stand, White/Metallic","Adams Telephone Message Book W/Dividers/Space For Phone Numbers, 5 1/4""X8 1/2"", 300/Messages",1,0.0002,0.3333,166.97
"BlueLounge Milo Smartphone Stand, White/Metallic",Avery 49,1,0.0002,0.3333,278.28
"BlueLounge Milo Smartphone Stand, White/Metallic","Electrix Architect's Clamp-On Swing Arm Lamp, Black",1,0.0002,0.3333,417.42
"BlueLounge Milo Smartphone Stand, White/Metallic","Elite 5"" Scissors",1,0.0002,0.3333,238.52
"BlueLounge Milo Smartphone Stand, White/Metallic","Fellowes Mobile File Cart, Black",1,0.0002,0.3333,166.97
Bose SoundLink Bluetooth Speaker,"Adams Telephone Message Book W/Dividers/Space For Phone Numbers, 5 1/4""X8 1/2"", 300/Messages",1,0.0002,0.2,100.18
Bose SoundLink Bluetooth Speaker,Kingston Digital DataTraveler 16GB USB 2.0,1,0.0002,0.2,77.06
Bose SoundLink Bluetooth Speaker,Letter or Legal Size Expandable Poly String Tie Envelopes,1,0.0002,0.2,250.45
Bose SoundLink Bluetooth Speaker,Pyle PMP37LED,1,0.0002,0.2,100.18
Bose SoundLink Bluetooth Speaker,Staples,1,0.0002,0.2,4.51
Boston 1645 Deluxe Heavier-Duty Electric Pencil Sharpener,Logitech M510 Wireless Mouse,1,0.0002,0.1429,238.52
Boston 1645 Deluxe Heavier-Duty Electric Pencil Sharpener,Square Credit Card Reader,1,0.0002,0.1429,102.22
Boston 1645 Deluxe Heavier-Duty Electric Pencil Sharpener,"Belkin SportFit Armband For iPhone 5s/5c, Fuchsia",1,0.0002,0.1429,143.11
Boston 1645 Deluxe Heavier-Duty Electric Pencil Sharpener,Acme Elite Stainless Steel Scissors,1,0.0002,0.1429,143.11
Boston 1645 Deluxe Heavier-Duty Electric Pencil Sharpener,Newell 339,1,0.0002,0.1429,238.52
Boston 16701 Slimline Battery Pencil Sharpener,Newell 313,1,0.0002,0.5,834.83
Boston 16701 Slimline Battery Pencil Sharpener,Plantronics Single Ear Headset,1,0.0002,0.5,2504.5
Boston 16701 Slimline Battery Pencil Sharpener,Riverleaf Stik-Withit Designer Note Cubes,1,0.0002,0.5,500.9
Boston 16701 Slimline Battery Pencil Sharpener,"Verbatim 25 GB 6x Blu-ray Single Layer Recordable Disc, 3/Pack",1,0.0002,0.5,417.42
Boston 16701 Slimline Battery Pencil Sharpener,Xerox 1960,1,0.0002,0.5,417.42
Boston 16750 Black Compact Battery Pencil Sharpener,Ibico Standard Transparent Covers,1,0.0002,0.5,250.45
Boston 16750 Black Compact Battery Pencil Sharpener,Staples,1,0.0002,0.5,11.28
Boston 16750 Black Compact Battery Pencil Sharpener,Advantus Plastic Paper Clips,1,0.0002,0.5,250.45
Boston 16750 Black Compact Battery Pencil Sharpener,Economy #2 Pencils,1,0.0002,0.5,626.12
Boston 16750 Black Compact Battery Pencil Sharpener,Global Adaptabilities Conference Tables,1,0.0002,0.5,626.12
Boston 16765 Mini Stand Up Battery Pencil Sharpener,Microsoft Natural Ergonomic Keyboard 4000,2,0.000399,0.5,500.9
Boston 16765 Mini Stand Up Battery Pencil Sharpener,"Fellowes Mobile File Cart, Black",1,0.0002,0.25,125.22
Boston 16765 Mini Stand Up Battery Pencil Sharpener,Safco Steel Mobile File Cart,1,0.0002,0.25,250.45
Boston 16765 Mini Stand Up Battery Pencil Sharpener,"Wilson Jones 1"" Hanging DublLock Ring Binders",1,0.0002,0.25,125.22
Boston 16765 Mini Stand Up Battery Pencil Sharpener,"Black Avery Memo-Size 3-Ring Binder, 5 1/2"" x 8 1/2""",1,0.0002,0.25,313.06
Boston 16801 Nautilus Battery Pencil Sharpener,"Holmes Replacement Filter for HEPA Air Cleaner, Large Room",1,0.0002,0.1667,208.71
Boston 16801 Nautilus Battery Pencil Sharpener,Zebra GX420t Direct Thermal/Thermal Transfer Printer,1,0.0002,0.1667,278.28
Boston 16801 Nautilus Battery Pencil Sharpener,Digium D40 VoIP phone,1,0.0002,0.1667,92.76
Boston 16801 Nautilus Battery Pencil Sharpener,"It's Hot Message Books with Stickers, 2 3/4"" x 5""",1,0.0002,0.1667,139.14
Boston 16801 Nautilus Battery Pencil Sharpener,Fellowes Officeware Wire Shelving,1,0.0002,0.1667,75.89
Boston 1730 StandUp Electric Pencil Sharpener,Belkin 5 Outlet SurgeMaster Power Centers,1,0.0002,0.3333,166.97
Boston 1730 StandUp Electric Pencil Sharpener,"Speediset Carbonless Redi-Letter 7"" x 8 1/2""",1,0.0002,0.3333,333.93
Boston 1730 StandUp Electric Pencil Sharpener,Staples,1,0.0002,0.3333,7.52
Boston 1730 StandUp Electric Pencil Sharpener,"Logitech B530 USB Headset - headset - Full size, Binaural",1,0.0002,0.3333,166.97
Boston 1730 StandUp Electric Pencil Sharpener,Angle-D Ring Binders,1,0.0002,0.3333,278.28
Boston 1799 Powerhouse Electric Pencil Sharpener,DAX Two-Tone Silver Metal Document Frame,1,0.0002,0.3333,278.28
Boston 1799 Powerhouse Electric Pencil Sharpener,Konftel 250 Conference phone - Charcoal black,1,0.0002,0.3333,417.42
"Boston 1827 Commercial Additional Cutter, Drive Gear & Gear Rack for 1606","Conquest 14 Commercial Heavy-Duty Upright Vacuum, Collection System, Accessory Kit",1,0.0002,0.5,626.12
"Boston 1827 Commercial Additional Cutter, Drive Gear & Gear Rack for 1606",GBC DocuBind P50 Personal Binding Machine,1,0.0002,0.5,250.45
Boston 1900 Electric Pencil Sharpener,Deflect-o Glass Clear Studded Chair Mats,1,0.0002,1.0,715.57
Boston 1900 Electric Pencil Sharpener,Hon Mobius Operator's Chair,1,0.0002,1.0,1001.8
Boston 1900 Electric Pencil Sharpener,Nortel Meridian M3904 Professional Digital phone,1,0.0002,1.0,500.9
Boston 1900 Electric Pencil Sharpener,"Rush Hierlooms Collection 1"" Thick Stackable Bookcases",1,0.0002,1.0,1252.25
Boston 19500 Mighty Mite Electric Pencil Sharpener,Newell 335,1,0.0002,0.25,313.06
Boston 19500 Mighty Mite Electric Pencil Sharpener,O'Sullivan 3-Shelf Heavy-Duty Bookcases,1,0.0002,0.25,250.45
Boston 19500 Mighty Mite Electric Pencil Sharpener,Balt Solid Wood Rectangular Table,1,0.0002,0.25,313.06
Boston 19500 Mighty Mite Electric Pencil Sharpener,Avery 474,1,0.0002,0.25,139.14
Boston 19500 Mighty Mite Electric Pencil Sharpener,AT&T 841000 Phone,1,0.0002,0.25,178.89
"Boston Electric Pencil Sharpener, Model 1818, Charcoal Black",Classic Ivory Antique Telephone ZL1810,1,0.0002,0.125,313.06
"Boston Electric Pencil Sharpener, Model 1818, Charcoal Black",GBC DocuBind TL300 Electric Binding System,1,0.0002,0.125,56.92
"Boston Electric Pencil Sharpener, Model 1818, Charcoal Black",Geemarc AmpliPOWER60,1,0.0002,0.125,56.92
"Boston Electric Pencil Sharpener, Model 1818, Charcoal Black","Universal Recycled Hanging Pressboard Report Binders, Letter Size",1,0.0002,0.125,125.22
"Boston Electric Pencil Sharpener, Model 1818, Charcoal Black","Wirebound Message Book, 4 per Page",1,0.0002,0.125,89.45
Boston Heavy-Duty Trimline Electric Pencil Sharpeners,"GBC Clear Cover, 8-1/2 x 11, unpunched, 25 covers per pack",1,0.0002,0.2,250.45
Boston Heavy-Duty Trimline Electric Pencil Sharpeners,iOttie HLCRIO102 Car Mount,1,0.0002,0.2,200.36
Boston Heavy-Duty Trimline Electric Pencil Sharpeners,4009 Highlighters by Sanford,1,0.0002,0.2,125.22
Boston Heavy-Duty Trimline Electric Pencil Sharpeners,"Fellowes Strictly Business Drawer File, Letter/Legal Size",1,0.0002,0.2,143.11
Boston Home & Office Model 2000 Electric Pencil Sharpeners,OIC Thumb-Tacks,1,0.0002,0.1667,278.28
Boston Home & Office Model 2000 Electric Pencil Sharpeners,"Avery Trapezoid Ring Binder, 3"" Capacity, Black, 1040 sheets",1,0.0002,0.1667,119.26
Boston Home & Office Model 2000 Electric Pencil Sharpeners,Razer Kraken 7.1 Surround Sound Over Ear USB Gaming Headset,1,0.0002,0.1667,139.14
Boston Home & Office Model 2000 Electric Pencil Sharpeners,Ibico Hi-Tech Manual Binding System,1,0.0002,0.1667,75.89
Boston Home & Office Model 2000 Electric Pencil Sharpeners,Newell 31,1,0.0002,0.1667,166.97
Boston KS Multi-Size Manual Pencil Sharpener,Akro Stacking Bins,1,0.0002,0.1429,119.26
Boston KS Multi-Size Manual Pencil Sharpener,Logitech Desktop MK120 Mouse and keyboard Combo,1,0.0002,0.1429,59.63
Boston KS Multi-Size Manual Pencil Sharpener,Tripp Lite Isotel 8 Ultra 8 Outlet Metal Surge,1,0.0002,0.1429,238.52
Boston KS Multi-Size Manual Pencil Sharpener,Xerox 226,1,0.0002,0.1429,65.05
Boston KS Multi-Size Manual Pencil Sharpener,GBC Personal VeloBind Strips,1,0.0002,0.1429,102.22
"Boston Model 1800 Electric Pencil Sharpener, Gray",GBC Recycled Regency Composition Covers,1,0.0002,0.3333,278.28
"Boston School Pro Electric Pencil Sharpener, 1670","Avery 4027 File Folder Labels for Dot Matrix Printers, 5000 Labels per Box, White",1,0.0002,0.1429,65.05
"Boston School Pro Electric Pencil Sharpener, 1670",Avery 490,1,0.0002,0.1429,143.11
"Boston School Pro Electric Pencil Sharpener, 1670","Binney & Smith Crayola Metallic Crayons, 16-Color Pack",1,0.0002,0.1429,357.79
"Boston School Pro Electric Pencil Sharpener, 1670",GBC Linen Binding Covers,1,0.0002,0.1429,119.26
"Boston School Pro Electric Pencil Sharpener, 1670",Jet-Pak Recycled Peel 'N' Seal Padded Mailers,1,0.0002,0.1429,178.89
BoxOffice By Design Rectangular and Half-Moon Meeting Room Tables,"Bravo II Megaboss 12-Amp Hard Body Upright, Replacement Belts, 2 Belts per Pack",1,0.0002,0.3333,333.93
BoxOffice By Design Rectangular and Half-Moon Meeting Room Tables,"Global Geo Office Task Chair, Gray",1,0.0002,0.3333,238.52
BoxOffice By Design Rectangular and Half-Moon Meeting Room Tables,Motorola HK250 Universal Bluetooth Headset,1,0.0002,0.3333,185.52
BoxOffice By Design Rectangular and Half-Moon Meeting Room Tables,Stanley Bostitch Contemporary Electric Pencil Sharpeners,1,0.0002,0.3333,238.52
"Bravo II Megaboss 12-Amp Hard Body Upright, Replacement Belts, 2 Belts per Pack",BoxOffice By Design Rectangular and Half-Moon Meeting Room Tables,1,0.0002,0.2,333.93
"Bravo II Megaboss 12-Amp Hard Body Upright, Replacement Belts, 2 Belts per Pack",Fellowes Bankers Box Stor/Drawer Steel Plus,1,0.0002,0.2,83.48
"Bravo II Megaboss 12-Amp Hard Body Upright, Replacement Belts, 2 Belts per Pack","Global Leather Highback Executive Chair with Pneumatic Height Adjustment, Black",1,0.0002,0.2,100.18
"Bravo II Megaboss 12-Amp Hard Body Upright, Replacement Belts, 2 Belts per Pack","Holmes Replacement Filter for HEPA Air Cleaner, Large Room",1,0.0002,0.2,250.45
"Bravo II Megaboss 12-Amp Hard Body Upright, Replacement Belts, 2 Belts per Pack",SanDisk Cruzer 16 GB USB Flash Drive,1,0.0002,0.2,333.93
Bretford CR4500 Series Slim Rectangular Table,Avery 52,1,0.0002,0.125,104.35
Bretford CR4500 Series Slim Rectangular Table,Avery 520,1,0.0002,0.125,125.22
Bretford CR4500 Series Slim Rectangular Table,KeyTronic KT400U2 - Keyboard - Black,1,0.0002,0.125,208.71
Bretford CR4500 Series Slim Rectangular Table,"Master Caster Door Stop, Brown",1,0.0002,0.125,69.57
Bretford CR4500 Series Slim Rectangular Table,Southworth 25% Cotton Granite Paper & Envelopes,1,0.0002,0.125,208.71
Bretford CR8500 Series Meeting Room Furniture,Anker Astro Mini 3000mAh Ultra-Compact Portable Charger,2,0.000399,0.3333,417.42
Bretford CR8500 Series Meeting Room Furniture,GE 30522EE2,1,0.0002,0.1667,278.28
Bretford CR8500 Series Meeting Room Furniture,"Master Caster Door Stop, Large Neon Orange",1,0.0002,0.1667,119.26
Bretford CR8500 Series Meeting Room Furniture,"Global Manager's Adjustable Task Chair, Storm",1,0.0002,0.1667,139.14
Bretford CR8500 Series Meeting Room Furniture,"Avery Hi-Liter Comfort Grip Fluorescent Highlighter, Yellow Ink",1,0.0002,0.1667,417.42
Bretford Rectangular Conference Table Tops,Bestar Classic Bookcase,1,0.0002,0.0833,52.18
Bretford Rectangular Conference Table Tops,Hon Non-Folding Utility Tables,1,0.0002,0.0833,83.48
Bretford Rectangular Conference Table Tops,Avery Heavy-Duty EZD View Binder with Locking Rings,1,0.0002,0.0833,41.74
Bretford Rectangular Conference Table Tops,Fiskars Home & Office Scissors,1,0.0002,0.0833,139.14
Bretford Rectangular Conference Table Tops,"Global Armless Task Chair, Royal Blue",1,0.0002,0.0833,52.18
Bretford Just In Time Height-Adjustable Multi-Task Work Tables,Avery 473,1,0.0002,0.25,208.71
Bretford Just In Time Height-Adjustable Multi-Task Work Tables,Xerox 226,1,0.0002,0.25,113.84
Bretford Just In Time Height-Adjustable Multi-Task Work Tables,Avery Durable Binders,1,0.0002,0.25,104.35
Bretford Just In Time Height-Adjustable Multi-Task Work Tables,Nokia Lumia 1020,1,0.0002,0.25,1252.25
"Brites Rubber Bands, 1 1/2 oz. Box",SanDisk Ultra 32 GB MicroSDHC Class 10 Memory Card,1,0.0002,0.3333,151.79
"Brites Rubber Bands, 1 1/2 oz. Box",Xerox 200,1,0.0002,0.3333,333.93
Brother DCP1000 Digital 3 in 1 Multifunction Machine,Avery Heavy-Duty EZD View Binder with Locking Rings,1,0.0002,0.1429,71.56
Brother DCP1000 Digital 3 in 1 Multifunction Machine,Newell 31,1,0.0002,0.1429,143.11
Brother DCP1000 Digital 3 in 1 Multifunction Machine,Xerox 204,1,0.0002,0.1429,178.89
Brother DCP1000 Digital 3 in 1 Multifunction Machine,Great White Multi-Use Recycled Paper (20Lb. and 84 Bright),1,0.0002,0.1429,89.45
Brother DCP1000 Digital 3 in 1 Multifunction Machine,"Important Message Pads, 50 4-1/4 x 5-1/2 Forms per Pad",1,0.0002,0.1429,178.89
Brown Kraft Recycled Envelopes,Fellowes Stor/Drawer Steel Plus Storage Drawers,1,0.0002,0.2,125.22
Brown Kraft Recycled Envelopes,Plantronics S12 Corded Telephone Headset System,1,0.0002,0.2,166.97
Brown Kraft Recycled Envelopes,Staples,1,0.0002,0.2,4.51
Brown Kraft Recycled Envelopes,50 Colored Long Pencils,1,0.0002,0.2,200.36
Brown Kraft Recycled Envelopes,Honeywell Enviracaire Portable HEPA Air Cleaner for 16' x 20' Room,1,0.0002,0.2,333.93
Bulldog Table or Wall-Mount Pencil Sharpener,Accohide Poly Flexible Ring Binders,1,0.0002,0.3333,208.71
Bulldog Table or Wall-Mount Pencil Sharpener,Avery 475,1,0.0002,0.3333,417.42
Bulldog Table or Wall-Mount Pencil Sharpener,Imation Secure Drive + Hardware Encrypted USB flash drive - 16 GB,1,0.0002,0.3333,278.28
Bulldog Table or Wall-Mount Pencil Sharpener,Microsoft Natural Ergonomic Keyboard 4000,1,0.0002,0.3333,333.93
Bulldog Table or Wall-Mount Pencil Sharpener,"Office Star - Contemporary Task Swivel chair with Loop Arms, Charcoal",1,0.0002,0.3333,185.52
Bulldog Vacuum Base Pencil Sharpener,Acco Side-Punched Conventional Columnar Pads,1,0.0002,0.1667,208.71
Bulldog Vacuum Base Pencil Sharpener,Acco Smartsocket Color-Coded Six-Outlet AC Adapter Model Surge Protectors,1,0.0002,0.1667,208.71
Bulldog Vacuum Base Pencil Sharpener,Avery 501,1,0.0002,0.1667,104.35
Bulldog Vacuum Base Pencil Sharpener,Maxell 4.7GB DVD-R,1,0.0002,0.1667,75.89
Bulldog Vacuum Base Pencil Sharpener,Xerox 229,1,0.0002,0.1667,278.28
Bush Advantage Collection Racetrack Conference Table,Eldon Wave Desk Accessories,1,0.0002,0.1429,51.11
Bush Advantage Collection Racetrack Conference Table,"Fellowes Premier Superior Surge Suppressor, 10-Outlet, With Phone and Remote",1,0.0002,0.1429,102.22
Bush Advantage Collection Racetrack Conference Table,Poly Designer Cover & Back,1,0.0002,0.1429,102.22
Bush Advantage Collection Racetrack Conference Table,Premier Electric Letter Opener,1,0.0002,0.1429,89.45
Bush Advantage Collection Racetrack Conference Table,HON 5400 Series Task Chairs for Big and Tall,1,0.0002,0.1429,89.45
Bush Advantage Collection Round Conference Table,"Personal Folder Holder, Ebony",1,0.0002,0.25,208.71
Bush Advantage Collection Round Conference Table,Riverside Furniture Stanwyck Manor Table Series,1,0.0002,0.25,417.42
Bush Advantage Collection Round Conference Table,Global Troy Executive Leather Low-Back Tilter,1,0.0002,0.25,139.14
Bush Advantage Collection Round Conference Table,Tennsco Industrial Shelving,1,0.0002,0.25,139.14
Bush Advantage Collection Round Conference Table,Xerox 219,1,0.0002,0.25,313.06
"Bush Andora Bookcase, Maple/Graphite Gray Finish",OtterBox Commuter Series Case - Samsung Galaxy S4,1,0.0002,0.1111,139.14
"Bush Andora Bookcase, Maple/Graphite Gray Finish",Space Solutions HD Industrial Steel Shelving.,1,0.0002,0.1111,69.57
"Bush Andora Bookcase, Maple/Graphite Gray Finish",Dana Halogen Swing-Arm Architect Lamp,1,0.0002,0.1111,92.76
"Bush Andora Bookcase, Maple/Graphite Gray Finish","Global Leather and Oak Executive Chair, Black",1,0.0002,0.1111,69.57
"Bush Andora Bookcase, Maple/Graphite Gray Finish",Novimex Fabric Task Chair,1,0.0002,0.1111,61.84
"Bush Andora Conference Table, Maple/Graphite Gray Finish","GBC Laser Imprintable Binding System Covers, Desert Sand",1,0.0002,0.25,208.71
"Bush Andora Conference Table, Maple/Graphite Gray Finish",Ibico Recycled Grain-Textured Covers,1,0.0002,0.25,313.06
"Bush Andora Conference Table, Maple/Graphite Gray Finish",Xerox 23,1,0.0002,0.25,208.71
"Bush Andora Conference Table, Maple/Graphite Gray Finish",Peel-Off China Markers,1,0.0002,0.25,178.89
"Bush Andora Conference Table, Maple/Graphite Gray Finish",Xerox 189,1,0.0002,0.25,208.71
"Bush Birmingham Collection Bookcase, Dark Cherry","It's Hot Message Books with Stickers, 2 3/4"" x 5""",1,0.0002,1.0,834.83
"Bush Birmingham Collection Bookcase, Dark Cherry","Sanford Colorific Colored Pencils, 12/Box",1,0.0002,1.0,1001.8
"Bush Cubix Collection Bookcases, Fully Assembled",Global Highback Leather Tilter in Burgundy,1,0.0002,0.3333,185.52
"Bush Cubix Collection Bookcases, Fully Assembled",Newell 34,1,0.0002,0.3333,238.52
"Bush Cubix Collection Bookcases, Fully Assembled",Staples,1,0.0002,0.3333,7.52
"Bush Cubix Collection Bookcases, Fully Assembled",Premier Electric Letter Opener,1,0.0002,0.3333,208.71
"Bush Cubix Conference Tables, Fully Assembled",Acco Suede Grain Vinyl Round Ring Binder,1,0.0002,0.25,156.53
"Bush Cubix Conference Tables, Fully Assembled",Acme Galleria Hot Forged Steel Scissors with Colored Handles,1,0.0002,0.25,417.42
"Bush Cubix Conference Tables, Fully Assembled",Eldon 200 Class Desk Accessories,1,0.0002,0.25,178.89
"Bush Cubix Conference Tables, Fully Assembled",Fellowes Bankers Box Staxonsteel Drawer File/Stacking System,1,0.0002,0.25,156.53
"Bush Cubix Conference Tables, Fully Assembled",Xerox 216,1,0.0002,0.25,156.53
"Bush Heritage Pine Collection 5-Shelf Bookcase, Albany Pine Finish, *Special Order",Avery Hidden Tab Dividers for Binding Systems,1,0.0002,0.125,89.45
"Bush Heritage Pine Collection 5-Shelf Bookcase, Albany Pine Finish, *Special Order",Prang Drawing Pencil Set,1,0.0002,0.125,56.92
"Bush Heritage Pine Collection 5-Shelf Bookcase, Albany Pine Finish, *Special Order",Xerox 1967,1,0.0002,0.125,125.22
"Bush Heritage Pine Collection 5-Shelf Bookcase, Albany Pine Finish, *Special Order",QVS USB Car Charger 2-Port 2.1Amp for iPod/iPhone/iPad/iPad 2/iPad 3,1,0.0002,0.125,125.22
"Bush Heritage Pine Collection 5-Shelf Bookcase, Albany Pine Finish, *Special Order",Bionaire 99.97% HEPA Air Cleaner,1,0.0002,0.125,156.53
Bush Mission Pointe Library,"Bravo II Megaboss 12-Amp Hard Body Upright, Replacement Belts, 2 Belts per Pack",1,0.0002,0.3333,333.93
Bush Mission Pointe Library,"Eureka Sanitaire  Multi-Pro Heavy-Duty Upright, Disposable Bags",1,0.0002,0.3333,333.93
Bush Mission Pointe Library,Logitech P710e Mobile Speakerphone,1,0.0002,0.3333,185.52
Bush Mission Pointe Library,VTech DS6151,1,0.0002,0.3333,208.71
Bush Mission Pointe Library,WD My Passport Ultra 1TB Portable External Hard Drive,1,0.0002,0.3333,278.28
"Bush Saratoga Collection 5-Shelf Bookcase, Hanover Cherry, *Special Order",Binding Machine Supplies,1,0.0002,1.0,556.56
"Bush Saratoga Collection 5-Shelf Bookcase, Hanover Cherry, *Special Order",Logitech Illuminated - Keyboard,1,0.0002,1.0,834.83
Bush Somerset Collection Bookcase,"Hon Deluxe Fabric Upholstered Stacking Chairs, Rounded Back",1,0.0002,0.25,104.35
Bush Somerset Collection Bookcase,Avery 492,1,0.0002,0.25,250.45
"Bush Westfield Collection Bookcases, Dark Cherry Finish",Avery Personal Creations Heavyweight Cards,1,0.0002,0.3333,556.56
"Bush Westfield Collection Bookcases, Dark Cherry Finish",Bevis Rectangular Conference Tables,1,0.0002,0.3333,417.42
"Bush Westfield Collection Bookcases, Dark Cherry Finish",DAX Wood Document Frame,1,0.0002,0.3333,185.52
"Bush Westfield Collection Bookcases, Dark Cherry Finish",Logitech Keyboard K120,1,0.0002,0.3333,556.56
"Bush Westfield Collection Bookcases, Dark Cherry Finish","Master Caster Door Stop, Large Neon Orange",1,0.0002,0.3333,238.52
"Bush Westfield Collection Bookcases, Dark Cherry Finish, Fully Assembled","Global Manager's Adjustable Task Chair, Storm",1,0.0002,1.0,834.83
"Bush Westfield Collection Bookcases, Dark Cherry Finish, Fully Assembled",iOttie HLCRIO102 Car Mount,1,0.0002,1.0,1001.8
"Bush Westfield Collection Bookcases, Fully Assembled",Berol Giant Pencil Sharpener,1,0.0002,0.1667,208.71
"Bush Westfield Collection Bookcases, Fully Assembled",Cardinal Holdit Business Card Pockets,1,0.0002,0.1667,104.35
"Bush Westfield Collection Bookcases, Fully Assembled",Newell 35,1,0.0002,0.1667,92.76
"Bush Westfield Collection Bookcases, Fully Assembled",Nortel Networks T7316 E Nt8 B27,1,0.0002,0.1667,139.14
"Bush Westfield Collection Bookcases, Fully Assembled",Premier Electric Letter Opener,1,0.0002,0.1667,104.35
"Bush Westfield Collection Bookcases, Medium Cherry Finish",GBC Twin Loop Wire Binding Elements,1,0.0002,0.1111,55.66
"Bush Westfield Collection Bookcases, Medium Cherry Finish",Xerox 1967,1,0.0002,0.1111,111.31
"Bush Westfield Collection Bookcases, Medium Cherry Finish",Advantus SlideClip Paper Clips,1,0.0002,0.1111,185.52
"Bush Westfield Collection Bookcases, Medium Cherry Finish",Avery 512,1,0.0002,0.1111,111.31
"Bush Westfield Collection Bookcases, Medium Cherry Finish",Logitech Wireless Gaming Headset G930,1,0.0002,0.1111,92.76
C-Line Cubicle Keepers Polyproplyene Holder With Velcro Backings,Tenex B1-RE Series Chair Mats for Low Pile Carpets,1,0.0002,0.125,89.45
C-Line Cubicle Keepers Polyproplyene Holder With Velcro Backings,Xerox 194,1,0.0002,0.125,156.53
C-Line Cubicle Keepers Polyproplyene Holder With Velcro Backings,Xerox 211,1,0.0002,0.125,156.53
C-Line Cubicle Keepers Polyproplyene Holder With Velcro Backings,Acme Value Line Scissors,1,0.0002,0.125,62.61
C-Line Cubicle Keepers Polyproplyene Holder With Velcro Backings,"Holmes Replacement Filter for HEPA Air Cleaner, Medium Room",1,0.0002,0.125,156.53
"C-Line Cubicle Keepers Polyproplyene Holder w/Velcro Back, 8-1/2x11, 25/Bx",Logitech 910-002974 M325 Wireless Mouse for Web Scrolling,1,0.0002,0.25,83.48
"C-Line Cubicle Keepers Polyproplyene Holder w/Velcro Back, 8-1/2x11, 25/Bx",O'Sullivan Living Dimensions 2-Shelf Bookcases,1,0.0002,0.25,125.22
"C-Line Cubicle Keepers Polyproplyene Holder w/Velcro Back, 8-1/2x11, 25/Bx",Wi-Ex zBoost YX540 Cellular Phone Signal Booster,1,0.0002,0.25,208.71
"C-Line Cubicle Keepers Polyproplyene Holder w/Velcro Back, 8-1/2x11, 25/Bx",Iris Project Case,1,0.0002,0.25,208.71
"C-Line Cubicle Keepers Polyproplyene Holder w/Velcro Back, 8-1/2x11, 25/Bx",Safco Industrial Wire Shelving System,1,0.0002,0.25,156.53
"C-Line Magnetic Cubicle Keepers, Clear Polypropylene",AT&T 841000 Phone,1,0.0002,0.1429,102.22
"C-Line Magnetic Cubicle Keepers, Clear Polypropylene",Boston 19500 Mighty Mite Electric Pencil Sharpener,1,0.0002,0.1429,178.89
"C-Line Magnetic Cubicle Keepers, Clear Polypropylene",Cardinal EasyOpen D-Ring Binders,1,0.0002,0.1429,89.45
"C-Line Magnetic Cubicle Keepers, Clear Polypropylene",DXL Angle-View Binders with Locking Rings by Samsill,1,0.0002,0.1429,71.56
"C-Line Magnetic Cubicle Keepers, Clear Polypropylene",GBC Instant Report Kit,1,0.0002,0.1429,55.04
"C-Line Peel & Stick Add-On Filing Pockets, 8-3/4 x 5-1/8, 10/Pack",Avery 485,1,0.0002,0.25,156.53
"C-Line Peel & Stick Add-On Filing Pockets, 8-3/4 x 5-1/8, 10/Pack","Global Leather Task Chair, Black",1,0.0002,0.25,156.53
"C-Line Peel & Stick Add-On Filing Pockets, 8-3/4 x 5-1/8, 10/Pack",Longer-Life Soft White Bulbs,1,0.0002,0.25,125.22
"C-Line Peel & Stick Add-On Filing Pockets, 8-3/4 x 5-1/8, 10/Pack","Eldon Expressions Wood Desk Accessories, Oak",1,0.0002,0.25,104.35
"C-Line Peel & Stick Add-On Filing Pockets, 8-3/4 x 5-1/8, 10/Pack",Fellowes Officeware Wire Shelving,1,0.0002,0.25,113.84
Cameo Buff Policy Envelopes,Kensington Expert Mouse Optical USB Trackball for PC or Mac,1,0.0002,0.125,104.35
Cameo Buff Policy Envelopes,Fellowes Bankers Box Recycled Super Stor/Drawer,1,0.0002,0.125,89.45
Cameo Buff Policy Envelopes,Eldon 200 Class Desk Accessories,1,0.0002,0.125,89.45
Cameo Buff Policy Envelopes,Xerox 231,1,0.0002,0.125,125.22
Cameo Buff Policy Envelopes,"Sortfiler Multipurpose Personal File Organizer, Black",1,0.0002,0.125,104.35
"Canon Color ImageCLASS MF8580Cdw Wireless Laser All-In-One Printer, Copier, Scanner",Xerox 1908,1,0.0002,1.0,715.57
Canon Image Class D660 Copier,Avery Self-Adhesive Photo Pockets for Polaroid Photos,1,0.0002,0.5,227.68
Canon Image Class D660 Copier,Hunt Boston Vacuum Mount KS Pencil Sharpener,1,0.0002,0.5,500.9
Canon Image Class D660 Copier,Xerox 1923,1,0.0002,0.5,500.9
Canon Image Class D660 Copier,Advantus Rolling Storage Box,1,0.0002,0.5,250.45
Canon Image Class D660 Copier,Great White Multi-Use Recycled Paper (20Lb. and 84 Bright),1,0.0002,0.5,313.06
Canon Imageclass D680 Copier / Fax,Avery 492,1,0.0002,0.2,200.36
Canon Imageclass D680 Copier / Fax,"Avery Durable Slant Ring Binders, No Labels",1,0.0002,0.2,111.31
Canon Imageclass D680 Copier / Fax,Belkin F9M820V08 8 Outlet Surge,1,0.0002,0.2,333.93
Canon Imageclass D680 Copier / Fax,Eldon Gobal File Keepers,1,0.0002,0.2,166.97
Canon Imageclass D680 Copier / Fax,Logitech ClearChat Comfort/USB Headset H390,1,0.0002,0.2,166.97
Canon PC-428 Personal Copier,Ibico Plastic Spiral Binding Combs,1,0.0002,0.1667,64.22
Canon PC-428 Personal Copier,"TOPS 4 x 6 Fluorescent Color Memo Sheets, 500 Sheets per Pack",1,0.0002,0.1667,278.28
Canon PC-428 Personal Copier,#10 Self-Seal White Envelopes,1,0.0002,0.1667,208.71
Canon PC-428 Personal Copier,Staples,1,0.0002,0.1667,3.76
Canon PC-428 Personal Copier,Alphabetical Labels for Top Tab Filing,1,0.0002,0.1667,92.76
Canon PC1060 Personal Laser Copier,Deflect-o Glass Clear Studded Chair Mats,1,0.0002,0.25,178.89
Canon PC1060 Personal Laser Copier,"6"" Cubicle Wall Clock, Black",1,0.0002,0.25,313.06
Canon PC1060 Personal Laser Copier,"Global Leather Task Chair, Black",1,0.0002,0.25,156.53
Canon PC1060 Personal Laser Copier,Xerox 1942,1,0.0002,0.25,208.71
Canon PC1060 Personal Laser Copier,"Eldon Regeneration Recycled Desk Accessories, Black",1,0.0002,0.25,417.42
Canon PC1080F Personal Copier,"Acco Banker's Clasps, 5 3/4""-Long",1,0.0002,0.25,250.45
Canon PC1080F Personal Copier,Acme Office Executive Series Stainless Steel Trimmers,1,0.0002,0.25,178.89
Canon PC1080F Personal Copier,Bretford Rectangular Conference Table Tops,1,0.0002,0.25,104.35
Canon PC1080F Personal Copier,Safco Industrial Shelving,1,0.0002,0.25,250.45
Canon PC1080F Personal Copier,Nortel Meridian M3904 Professional Digital phone,1,0.0002,0.25,125.22
Canon PC170 Desktop Personal Copier,Avery Recycled Flexi-View Covers for Binding Systems,1,0.0002,0.5,357.79
Canon PC170 Desktop Personal Copier,Fellowes Recycled Storage Drawers,1,0.0002,0.5,834.83
Canon PC170 Desktop Personal Copier,"Gould Plastics 9-Pocket Panel Bin, 18-3/8w x 5-1/4d x 20-1/2h, Black",1,0.0002,0.5,417.42
Canon PC170 Desktop Personal Copier,Lumber Crayons,1,0.0002,0.5,417.42
Canon PC170 Desktop Personal Copier,Tenex Chairmats For Use with Hard Floors,1,0.0002,0.5,417.42
Canon PC940 Copier,Globe Weis Peel & Seel First Class Envelopes,1,0.0002,0.3333,238.52
Canon PC940 Copier,Deluxe Rollaway Locking File with Drawer,1,0.0002,0.3333,333.93
Canon PC940 Copier,Multicolor Computer Printout Paper,1,0.0002,0.3333,333.93
Canon PC940 Copier,Logitech Keyboard K120,1,0.0002,0.3333,556.56
Canon imageCLASS 2200 Advanced Copier,Acco Perma 4000 Stacking Storage Drawers,2,0.000399,0.4,182.15
Canon imageCLASS 2200 Advanced Copier,"Acco Pressboard Covers with Storage Hooks, 14 7/8"" x 11"", Light Blue",1,0.0002,0.2,91.07
Canon imageCLASS 2200 Advanced Copier,Ibico Ibimaster 300 Manual Binding System,1,0.0002,0.2,125.22
Canon imageCLASS 2200 Advanced Copier,Stanley Bostitch Contemporary Electric Pencil Sharpeners,1,0.0002,0.2,143.11
Canon imageCLASS 2200 Advanced Copier,Avaya 5410 Digital phone,1,0.0002,0.2,250.45
Canon imageCLASS MF7460 Monochrome Digital Laser Multifunction Copier,DMI Arturo Collection Mission-style Design Wood Chair,1,0.0002,1.0,455.36
Canon imageCLASS MF7460 Monochrome Digital Laser Multifunction Copier,NETGEAR N750 Dual Band Wi-Fi Gigabit Router,1,0.0002,1.0,715.57
Canon imageCLASS MF7460 Monochrome Digital Laser Multifunction Copier,Panasonic Kx-TS550,1,0.0002,1.0,715.57
Canon imageCLASS MF7460 Monochrome Digital Laser Multifunction Copier,"Trav-L-File Heavy-Duty Shuttle II, Black",1,0.0002,1.0,715.57
Canvas Sectional Post Binders,Acme Stainless Steel Office Snips,1,0.0002,0.1667,208.71
Canvas Sectional Post Binders,High-Back Leather Manager's Chair,1,0.0002,0.1667,92.76
Canvas Sectional Post Binders,Wilson Jones Century Plastic Molded Ring Binders,1,0.0002,0.1667,83.48
Canvas Sectional Post Binders,Newell 332,1,0.0002,0.1667,166.97
Canvas Sectional Post Binders,Maxell 4.7GB DVD-R 5/Pack,1,0.0002,0.1667,166.97
Cardinal EasyOpen D-Ring Binders,"Bevis Round Conference Table Top, X-Base",1,0.0002,0.125,104.35
Cardinal EasyOpen D-Ring Binders,Hewlett-Packard Deskjet D4360 Printer,1,0.0002,0.125,626.12
Cardinal EasyOpen D-Ring Binders,Polycom SoundPoint Pro SE-225 Corded phone,1,0.0002,0.125,156.53
Cardinal EasyOpen D-Ring Binders,Xerox 2000,1,0.0002,0.125,125.22
Cardinal EasyOpen D-Ring Binders,Konftel 250 Conference phone - Charcoal black,1,0.0002,0.125,156.53
"Cardinal HOLDit! Binder Insert Strips,Extra Strips",Ibico Laser Imprintable Binding System Covers,1,0.0002,0.1111,69.57
"Cardinal HOLDit! Binder Insert Strips,Extra Strips",PowerGen Dual USB Car Charger,1,0.0002,0.1111,139.14
"Cardinal HOLDit! Binder Insert Strips,Extra Strips",Kensington 6 Outlet SmartSocket Surge Protector,1,0.0002,0.1111,278.28
"Cardinal HOLDit! Binder Insert Strips,Extra Strips",Ibico EB-19 Dual Function Manual Binding System,1,0.0002,0.1111,69.57
"Cardinal HOLDit! Binder Insert Strips,Extra Strips",Surelock Post Binders,1,0.0002,0.1111,69.57
Cardinal Hold-It CD Pocket,"Eldon Spacemaker Box, Quick-Snap Lid, Clear",1,0.0002,0.25,208.71
Cardinal Hold-It CD Pocket,Kensington 6 Outlet SmartSocket Surge Protector,1,0.0002,0.25,626.12
Cardinal Hold-It CD Pocket,Storex DuraTech Recycled Plastic Frosted Binders,1,0.0002,0.25,156.53
Cardinal Hold-It CD Pocket,Iceberg Mobile Mega Data/Printer Cart ,1,0.0002,0.25,156.53
Cardinal Holdit Business Card Pockets,"Avery Hi-Liter GlideStik Fluorescent Highlighter, Yellow Ink",1,0.0002,0.125,313.06
Cardinal Holdit Business Card Pockets,"Computer Room Manger, 14""",1,0.0002,0.125,89.45
Cardinal Holdit Business Card Pockets,Office Star - Mid Back Dual function Ergonomic High Back Chair with 2-Way Adjustable Arms,1,0.0002,0.125,125.22
Cardinal Holdit Business Card Pockets,Contemporary Wood/Metal Frame,1,0.0002,0.125,156.53
Cardinal Holdit Business Card Pockets,GBC Premium Transparent Covers with Diagonal Lined Pattern,1,0.0002,0.125,44.72
Cardinal Holdit Data Disk Pockets,Eldon Mobile Mega Data Cart  Mega Stackable  Add-On Trays,1,0.0002,0.3333,278.28
Cardinal Holdit Data Disk Pockets,Newell 319,1,0.0002,0.3333,208.71
Cardinal Holdit Data Disk Pockets,"Howard Miller 13-3/4"" Diameter Brushed Chrome Round Wall Clock",1,0.0002,0.3333,185.52
Cardinal Poly Pocket Divider Pockets for Ring Binders,"Sanford Uni-Blazer View Highlighters, Chisel Tip, Yellow",1,0.0002,0.25,417.42
Cardinal Poly Pocket Divider Pockets for Ring Binders,Belkin 5 Outlet SurgeMaster Power Centers,1,0.0002,0.25,125.22
Cardinal Poly Pocket Divider Pockets for Ring Binders,"Leather Task Chair, Black",1,0.0002,0.25,208.71
Cardinal Poly Pocket Divider Pockets for Ring Binders,Peel-Off China Markers,1,0.0002,0.25,178.89
Cardinal Poly Pocket Divider Pockets for Ring Binders,"Tenex 46"" x 60"" Computer Anti-Static Chairmat, Rectangular Shaped",1,0.0002,0.25,178.89
"Cardinal Slant-D Ring Binder, Heavy Gauge Vinyl",Insertable Tab Indexes For Data Binders,1,0.0002,0.1,100.18
"Cardinal Slant-D Ring Binder, Heavy Gauge Vinyl",Wilson Jones Custom Binder Spines & Labels,1,0.0002,0.1,71.56
"Cardinal Slant-D Ring Binder, Heavy Gauge Vinyl","Electrix Incandescent Magnifying Lamp, Black",1,0.0002,0.1,250.45
"Cardinal Slant-D Ring Binder, Heavy Gauge Vinyl","SAFCO PlanMaster Boards, 60w x 37-1/2d, White Melamine",1,0.0002,0.1,100.18
"Cardinal Slant-D Ring Binder, Heavy Gauge Vinyl","Wilson Jones Clip & Carry Folder Binder Tool for Ring Binders, Clear",1,0.0002,0.1,55.66
Cardinal Slant-D Ring Binders,Bionaire 99.97% HEPA Air Cleaner,1,0.0002,0.2,250.45
Cardinal Slant-D Ring Binders,"Bush Heritage Pine Collection 5-Shelf Bookcase, Albany Pine Finish, *Special Order",1,0.0002,0.2,125.22
Cardinal Slant-D Ring Binders,Cush Cases Heavy Duty Rugged Cover Case for Samsung Galaxy S5 - Purple,1,0.0002,0.2,166.97
Cardinal Slant-D Ring Binders,"DAX Charcoal/Nickel-Tone Document Frame, 5 x 7",1,0.0002,0.2,143.11
Cardinal Slant-D Ring Binders,Fellowes High-Stak Drawer Files,1,0.0002,0.2,125.22
"Career Cubicle Clock, 8 1/4"", Black",Anker Astro 15000mAh USB Portable Charger,1,0.0002,0.3333,333.93
"Career Cubicle Clock, 8 1/4"", Black",Avery Premier Heavy-Duty Binder with Round Locking Rings,1,0.0002,0.3333,238.52
"Career Cubicle Clock, 8 1/4"", Black",Balt Split Level Computer Training Table,1,0.0002,0.3333,333.93
"Career Cubicle Clock, 8 1/4"", Black","Eaton Premium Continuous-Feed Paper, 25% Cotton, Letter Size, White, 1000 Shts/Box",1,0.0002,0.3333,166.97
"Career Cubicle Clock, 8 1/4"", Black",GBC Prestige Therm-A-Bind Covers,1,0.0002,0.3333,166.97
"Carina 42""Hx23 3/4""W Media Storage Unit",DAX Natural Wood-Tone Poster Frame,1,0.0002,0.125,125.22
"Carina 42""Hx23 3/4""W Media Storage Unit",StarTech.com 10/100 VDSL2 Ethernet Extender Kit,1,0.0002,0.125,156.53
"Carina 42""Hx23 3/4""W Media Storage Unit",invisibleSHIELD by ZAGG Smudge-Free Screen Protector,1,0.0002,0.125,89.45
"Carina 42""Hx23 3/4""W Media Storage Unit",Peel & Stick Add-On Corner Pockets,1,0.0002,0.125,89.45
"Carina 42""Hx23 3/4""W Media Storage Unit","Recycled Data-Pak for Archival Bound Computer Printouts, 12-1/2 x 12-1/2 x 16",1,0.0002,0.125,104.35
Carina Double Wide Media Storage Towers in Natural & Black,GBC Wire Binding Combs,2,0.000399,0.1667,119.26
Carina Double Wide Media Storage Towers in Natural & Black,"Hon Deluxe Fabric Upholstered Stacking Chairs, Rounded Back",1,0.0002,0.0833,34.78
Carina Double Wide Media Storage Towers in Natural & Black,"Hunt PowerHouse Electric Pencil Sharpener, Blue",1,0.0002,0.0833,41.74
Carina Double Wide Media Storage Towers in Natural & Black,Prang Colored Pencils,1,0.0002,0.0833,59.63
Carina Double Wide Media Storage Towers in Natural & Black,Imation 30456 USB Flash Drive 8GB,1,0.0002,0.0833,83.48
Carina Media Storage Towers in Natural & Black,Advantus Panel Wall Certificate Holder - 8.5x11,1,0.0002,0.2,166.97
Carina Media Storage Towers in Natural & Black,"DAX Contemporary Wood Frame with Silver Metal Mat, Desktop, 11 x 14 Size",1,0.0002,0.2,200.36
Carina Media Storage Towers in Natural & Black,Fellowes Recycled Storage Drawers,1,0.0002,0.2,333.93
Carina Media Storage Towers in Natural & Black,Office Star - Contemporary Swivel Chair with Padded Adjustable Arms and Flex Back,1,0.0002,0.2,143.11
Carina Media Storage Towers in Natural & Black,RCA ViSYS 25825 Wireless digital phone,1,0.0002,0.2,500.9
"Carina Mini System Audio Rack, Model AR050B",Avery File Folder Labels,1,0.0002,0.1667,64.22
"Carina Mini System Audio Rack, Model AR050B",X-Rack File for Hanging Folders,1,0.0002,0.1667,92.76
"Carina Mini System Audio Rack, Model AR050B",Acme Box Cutter Scissors,1,0.0002,0.1667,139.14
"Carina Mini System Audio Rack, Model AR050B",Plantronics Voyager Pro HD - Bluetooth Headset,1,0.0002,0.1667,166.97
"Carina Mini System Audio Rack, Model AR050B",Fiskars Softgrip Scissors,1,0.0002,0.1667,119.26
Case Logic 2.4GHz Wireless Keyboard,"GBC Standard Recycled Report Covers, Clear Plastic Sheets",1,0.0002,0.125,52.18
Case Logic 2.4GHz Wireless Keyboard,APC 7 Outlet Network SurgeArrest Surge Protector,1,0.0002,0.125,78.27
Case Logic 2.4GHz Wireless Keyboard,Xerox 1941,1,0.0002,0.125,125.22
Case Logic 2.4GHz Wireless Keyboard,Hon Multipurpose Stacking Arm Chairs,1,0.0002,0.125,104.35
Case Logic 2.4GHz Wireless Keyboard,Ultra Door Push Plate,1,0.0002,0.125,89.45
Catalog Binders with Expanding Posts,Grandstream GXP2100 Mainstream Business Phone,1,0.0002,0.125,156.53
Catalog Binders with Expanding Posts,Maxell LTO Ultrium - 800 GB,1,0.0002,0.125,78.27
Catalog Binders with Expanding Posts,#10 Self-Seal White Envelopes,1,0.0002,0.125,156.53
Catalog Binders with Expanding Posts,Avery Poly Binder Pockets,1,0.0002,0.125,78.27
Catalog Binders with Expanding Posts,"GBC Twin Loop Wire Binding Elements, 9/16"" Spine, Black",1,0.0002,0.125,69.57
"Chromcraft 48"" x 96"" Racetrack Double Pedestal Table","Hon Practical Foundations 30 x 60 Training Table, Light Gray/Charcoal",1,0.0002,0.1667,139.14
"Chromcraft 48"" x 96"" Racetrack Double Pedestal Table","SAFCO Commercial Wire Shelving, 72h",1,0.0002,0.1667,166.97
"Chromcraft 48"" x 96"" Racetrack Double Pedestal Table",Wilson Jones Century Plastic Molded Ring Binders,1,0.0002,0.1667,83.48
"Chromcraft 48"" x 96"" Racetrack Double Pedestal Table",Acco Hanging Data Binders,1,0.0002,0.1667,119.26
"Chromcraft 48"" x 96"" Racetrack Double Pedestal Table",Kensington 4 Outlet MasterPiece Compact Power Control Center,1,0.0002,0.1667,119.26
"Chromcraft Bull-Nose Wood 48"" x 96"" Rectangular Conference Tables","Eldon Expressions Wood Desk Accessories, Oak",1,0.0002,0.1667,69.57
"Chromcraft Bull-Nose Wood 48"" x 96"" Rectangular Conference Tables",Eldon Wave Desk Accessories,1,0.0002,0.1667,59.63
"Chromcraft Bull-Nose Wood 48"" x 96"" Rectangular Conference Tables",GBC Recycled VeloBinder Covers,1,0.0002,0.1667,104.35
"Chromcraft Bull-Nose Wood 48"" x 96"" Rectangular Conference Tables",Hon Pagoda Stacking Chairs,1,0.0002,0.1667,208.71
"Chromcraft Bull-Nose Wood 48"" x 96"" Rectangular Conference Tables",Lumber Crayons,1,0.0002,0.1667,139.14
Chromcraft Bull-Nose Wood Oval Conference Tables & Bases,"Recycled Data-Pak for Archival Bound Computer Printouts, 12-1/2 x 12-1/2 x 16",1,0.0002,0.2,166.97
Chromcraft Bull-Nose Wood Oval Conference Tables & Bases,Eldon 500 Class Desk Accessories,1,0.0002,0.2,166.97
Chromcraft Bull-Nose Wood Oval Conference Tables & Bases,"Eldon Expressions Wood Desk Accessories, Oak",1,0.0002,0.2,83.48
Chromcraft Bull-Nose Wood Oval Conference Tables & Bases,"Eldon Image Series Desk Accessories, Ebony",1,0.0002,0.2,200.36
Chromcraft Bull-Nose Wood Oval Conference Tables & Bases,Ibico Plastic Spiral Binding Combs,1,0.0002,0.2,77.06
"Chromcraft Bull-Nose Wood Round Conference Table Top, Wood Base",Kingston Digital DataTraveler 32GB USB 2.0,1,0.0002,0.1667,119.26
"Chromcraft Bull-Nose Wood Round Conference Table Top, Wood Base","Advantus Employee of the Month Certificate Frame, 11 x 13-1/2",1,0.0002,0.1667,166.97
"Chromcraft Bull-Nose Wood Round Conference Table Top, Wood Base","Lesro Sheffield Collection Coffee Table, End Table, Center Table, Corner Table",1,0.0002,0.1667,92.76
"Chromcraft Bull-Nose Wood Round Conference Table Top, Wood Base",Logitech diNovo Edge Keyboard,1,0.0002,0.1667,166.97
"Chromcraft Bull-Nose Wood Round Conference Table Top, Wood Base",Xerox 191,1,0.0002,0.1667,83.48
Chromcraft Rectangular Conference Tables,Belkin F5C206VTEL 6 Outlet Surge,1,0.0002,0.1111,79.51
Chromcraft Rectangular Conference Tables,DXL Angle-View Binders with Locking Rings by Samsill,1,0.0002,0.1111,55.66
Chromcraft Rectangular Conference Tables,"Eldon Expressions Wood and Plastic Desk Accessories, Cherry Wood",1,0.0002,0.1111,111.31
Chromcraft Rectangular Conference Tables,Konftel 250 Conference phone - Charcoal black,1,0.0002,0.1111,139.14
Chromcraft Rectangular Conference Tables,Mitel 5320 IP Phone VoIP phone,1,0.0002,0.1111,139.14
Chromcraft Round Conference Tables,Xerox 198,1,0.0002,0.0769,128.44
Chromcraft Round Conference Tables,Anker Astro 15000mAh USB Portable Charger,1,0.0002,0.0769,77.06
Chromcraft Round Conference Tables,Avery 508,1,0.0002,0.0769,64.22
Chromcraft Round Conference Tables,"Fellowes Mobile File Cart, Black",1,0.0002,0.0769,38.53
Chromcraft Round Conference Tables,Tennsco 6- and 18-Compartment Lockers,1,0.0002,0.0769,35.03
Cisco 8961 IP Phone Charcoal,Avery 496,1,0.0002,1.0,1252.25
Cisco 8961 IP Phone Charcoal,"Computer Room Manger, 14""",1,0.0002,1.0,715.57
Cisco 8961 IP Phone Charcoal,Imation 16GB Mini TravelDrive USB 2.0 Flash Drive,1,0.0002,1.0,556.56
Cisco 8961 IP Phone Charcoal,Logitech VX Revolution Cordless Laser Mouse for Notebooks (Black),1,0.0002,1.0,1001.8
Cisco 8961 IP Phone Charcoal,Tennsco Industrial Shelving,1,0.0002,1.0,556.56
Cisco 8x8 Inc. 6753i IP Business Phone System,Avery Non-Stick Binders,1,0.0002,0.1667,41.74
Cisco 8x8 Inc. 6753i IP Business Phone System,GBC Personal VeloBind Strips,1,0.0002,0.1667,119.26
Cisco 8x8 Inc. 6753i IP Business Phone System,Motorola Droid Maxx,1,0.0002,0.1667,208.71
Cisco 8x8 Inc. 6753i IP Business Phone System,Avery 501,1,0.0002,0.1667,104.35
Cisco 8x8 Inc. 6753i IP Business Phone System,"Avery Flip-Chart Easel Binder, Black",1,0.0002,0.1667,208.71
Cisco 9971 IP Video Phone Charcoal,Anker Ultra-Slim Mini Bluetooth 3.0 Wireless Keyboard,1,0.0002,0.5,500.9
Cisco 9971 IP Video Phone Charcoal,LG G3,1,0.0002,0.5,626.12
Cisco 9971 IP Video Phone Charcoal,Avery 505,1,0.0002,0.5,357.79
Cisco 9971 IP Video Phone Charcoal,O'Sullivan 2-Door Barrister Bookcase in Odessa Pine,1,0.0002,0.5,357.79
Cisco 9971 IP Video Phone Charcoal,Sony Micro Vault Click 16 GB USB 2.0 Flash Drive,1,0.0002,0.5,278.28
Cisco CP-7937G Unified IP Conference Station Phone,"Avery 3 1/2"" Diskette Storage Pages, 10/Pack",1,0.0002,0.5,417.42
Cisco CP-7937G Unified IP Conference Station Phone,Avery Recycled Flexi-View Covers for Binding Systems,1,0.0002,0.5,357.79
Cisco Desktop Collaboration Experience DX650 IP Video Phone,"Acco Pressboard Covers with Storage Hooks, 14 7/8"" x 11"", Dark Blue",1,0.0002,1.0,1001.8
Cisco Desktop Collaboration Experience DX650 IP Video Phone,"Belkin 19"" Vented Equipment Shelf, Black",1,0.0002,1.0,500.9
Cisco Desktop Collaboration Experience DX650 IP Video Phone,O'Sullivan 3-Shelf Heavy-Duty Bookcases,1,0.0002,1.0,1001.8
Cisco Desktop Collaboration Experience DX650 IP Video Phone,Xerox 1939,1,0.0002,1.0,1001.8
Cisco IP Phone 7961G-GE VoIP phone,Coloredge Poster Frame,1,0.0002,0.25,208.71
Cisco IP Phone 7961G-GE VoIP phone,Logitech Trackman Marble Mouse,1,0.0002,0.25,139.14
Cisco IP Phone 7961G-GE VoIP phone,Logitech G500s Laser Gaming Mouse with Adjustable Weight Tuning,1,0.0002,0.25,313.06
Cisco IP Phone 7961G-GE VoIP phone,Plantronics Voyager Pro Legend,1,0.0002,0.25,417.42
Cisco IP Phone 7961G-GE VoIP phone,Memorex Mini Travel Drive 8 GB USB 2.0 Flash Drive,1,0.0002,0.25,250.45
Cisco IP Phone 7961G VoIP phone - Dark gray,Avery 513,1,0.0002,0.3333,333.93
Cisco IP Phone 7961G VoIP phone - Dark gray,Newell 320,1,0.0002,0.3333,238.52
Cisco IP Phone 7961G VoIP phone - Dark gray,Staples,1,0.0002,0.3333,7.52
Cisco IP Phone 7961G VoIP phone - Dark gray,"Linden 10"" Round Wall Clock, Black",1,0.0002,0.3333,278.28
Cisco IP Phone 7961G VoIP phone - Dark gray,Ultra Door Push Plate,1,0.0002,0.3333,238.52
Cisco SPA 501G IP Phone,Newell 341,1,0.0002,1.0,715.57
Cisco SPA 501G IP Phone,"Wilson Jones Hanging View Binder, White, 1""",1,0.0002,1.0,715.57
Cisco SPA 502G IP Phone,2300 Heavy-Duty Transfer File Systems by Perma,1,0.0002,0.2,250.45
Cisco SPA 502G IP Phone,Tyvek Side-Opening Peel & Seel Expanding Envelopes,1,0.0002,0.2,200.36
Cisco SPA 502G IP Phone,Xerox 1929,1,0.0002,0.2,250.45
Cisco SPA 502G IP Phone,Zebra GX420t Direct Thermal/Thermal Transfer Printer,1,0.0002,0.2,333.93
Cisco SPA 502G IP Phone,Xerox 1917,1,0.0002,0.2,200.36
Cisco SPA112 2 Port Phone Adapter,Cisco SPA 502G IP Phone,1,0.0002,0.3333,333.93
Cisco SPA112 2 Port Phone Adapter,"GE General Purpose, Extra Long Life, Showcase & Floodlight Incandescent Bulbs",1,0.0002,0.3333,238.52
Cisco SPA112 2 Port Phone Adapter,"Permanent Self-Adhesive File Folder Labels for Typewriters, 1 1/8 x 3 1/2, White",1,0.0002,0.3333,278.28
Cisco SPA112 2 Port Phone Adapter,Wireless Extenders zBoost YX545 SOHO Signal Booster,1,0.0002,0.3333,238.52
Cisco SPA112 2 Port Phone Adapter,DMI Arturo Collection Mission-style Design Wood Chair,1,0.0002,0.3333,151.79
Cisco SPA301,"Seth Thomas 8 1/2"" Cubicle Clock",2,0.000399,0.2222,278.28
Cisco SPA301,Avery Non-Stick Binders,1,0.0002,0.1111,27.83
Cisco SPA301,Fellowes High-Stak Drawer Files,1,0.0002,0.1111,69.57
Cisco SPA301,GBC Standard Plastic Binding Systems' Combs,1,0.0002,0.1111,69.57
Cisco SPA301,Hon 2090 Pillow Soft Series Mid Back Swivel/Tilt Chairs,1,0.0002,0.1111,92.76
Cisco SPA508G,Global Commerce Series High-Back Swivel/Tilt Chairs,2,0.000399,0.4,222.62
Cisco SPA508G,9-3/4 Diameter Round Wall Clock,1,0.0002,0.2,125.22
Cisco SPA508G,Avery 514,1,0.0002,0.2,250.45
Cisco SPA508G,Staples,1,0.0002,0.2,4.51
Cisco SPA508G,"Alliance Big Bands Rubber Bands, 12/Pack",1,0.0002,0.2,250.45
Cisco SPA525G2 5-Line IP Phone,Global Comet Stacking Arm Chair,1,0.0002,1.0,1001.8
Cisco SPA525G2 5-Line IP Phone,Staples,1,0.0002,1.0,22.56
Cisco SPA525G2 IP Phone - Wireless,Acme Titanium Bonded Scissors,1,0.0002,0.2,200.36
Cisco SPA525G2 IP Phone - Wireless,Regeneration Desk Collection,1,0.0002,0.2,200.36
Cisco SPA525G2 IP Phone - Wireless,Xerox 1931,1,0.0002,0.2,125.22
Cisco SPA525G2 IP Phone - Wireless,Xerox 1976,1,0.0002,0.2,500.9
Cisco SPA525G2 IP Phone - Wireless,Xerox 1988,1,0.0002,0.2,111.31
Cisco Small Business SPA 502G VoIP phone,"Perma STOR-ALL Hanging File Box, 13 1/8""W x 12 1/4""D x 10 1/2""H",1,0.0002,0.25,156.53
Cisco Small Business SPA 502G VoIP phone,"Premium Transparent Presentation Covers, No Pattern/Clear, 8 1/2"" x 11""",1,0.0002,0.25,178.89
Cisco TelePresence System EX90 Videoconferencing Unit,Avery Fluorescent Highlighter Four-Color Set,1,0.0002,1.0,626.12
Cisco TelePresence System EX90 Videoconferencing Unit,"Dana Fluorescent Magnifying Lamp, White, 36""",1,0.0002,1.0,1252.25
Cisco TelePresence System EX90 Videoconferencing Unit,"Executive Impressions 13"" Clairmont Wall Clock",1,0.0002,1.0,626.12
Cisco TelePresence System EX90 Videoconferencing Unit,Hewlett-Packard Deskjet 6540 Color Inkjet Printer,1,0.0002,1.0,2504.5
Cisco TelePresence System EX90 Videoconferencing Unit,Staples,1,0.0002,1.0,22.56
Cisco Unified IP Phone 7945G VoIP phone,Jawbone MINI JAMBOX Wireless Bluetooth Speaker,1,0.0002,0.1667,166.97
Cisco Unified IP Phone 7945G VoIP phone,Akro Stacking Bins,1,0.0002,0.1667,139.14
Cisco Unified IP Phone 7945G VoIP phone,Blackstonian Pencils,1,0.0002,0.1667,208.71
Cisco Unified IP Phone 7945G VoIP phone,Chromcraft Rectangular Conference Tables,1,0.0002,0.1667,92.76
Cisco Unified IP Phone 7945G VoIP phone,SpineVue Locking Slant-D Ring Binders by Cardinal,1,0.0002,0.1667,104.35
Clarity 53712,Advantus T-Pin Paper Clips,1,0.0002,0.25,250.45
Clarity 53712,Avery 516,1,0.0002,0.25,313.06
Clarity 53712,Wi-Ex zBoost YX540 Cellular Phone Signal Booster,1,0.0002,0.25,208.71
Clarity 53712,Harbour Creations 67200 Series Stacking Chairs,1,0.0002,0.25,156.53
Clarity 53712,"Fellowes Smart Surge Ten-Outlet Protector, Platinum",1,0.0002,0.25,1252.25
Classic Ivory Antique Telephone ZL1810,"Boston Electric Pencil Sharpener, Model 1818, Charcoal Black",1,0.0002,0.5,313.06
Classic Ivory Antique Telephone ZL1810,GBC DocuBind TL300 Electric Binding System,1,0.0002,0.5,227.68
Classic Ivory Antique Telephone ZL1810,Geemarc AmpliPOWER60,1,0.0002,0.5,227.68
Classic Ivory Antique Telephone ZL1810,"Universal Recycled Hanging Pressboard Report Binders, Letter Size",1,0.0002,0.5,500.9
Classic Ivory Antique Telephone ZL1810,"Wirebound Message Book, 4 per Page",1,0.0002,0.5,357.79
Clear Mylar Reinforcing Strips,"Wirebound Message Books, Two 4 1/4"" x 5"" Forms per Page",1,0.0002,0.1429,119.26
Clear Mylar Reinforcing Strips,Avery Hi-Liter Smear-Safe Highlighters,1,0.0002,0.1429,119.26
Clear Mylar Reinforcing Strips,Zipper Ring Binder Pockets,1,0.0002,0.1429,55.04
Clear Mylar Reinforcing Strips,DMI Arturo Collection Mission-style Design Wood Chair,1,0.0002,0.1429,65.05
Clear Mylar Reinforcing Strips,Deflect-O Glasstique Clear Desk Accessories,1,0.0002,0.1429,238.52
ClearOne CHATAttach 160 - speaker phone,Model L Table or Wall-Mount Pencil Sharpener,1,0.0002,0.25,250.45
ClearOne CHATAttach 160 - speaker phone,Staples,1,0.0002,0.25,5.64
ClearOne CHATAttach 160 - speaker phone,Tenex B1-RE Series Chair Mats for Low Pile Carpets,1,0.0002,0.25,178.89
ClearOne Communications CHAT 70 OC Speaker Phone,"Iceberg Nesting Folding Chair, 19w x 6d x 43h",1,0.0002,0.25,208.71
ClearOne Communications CHAT 70 OC Speaker Phone,Eldon ClusterMat Chair Mat with Cordless Antistatic Protection,1,0.0002,0.25,250.45
ClearOne Communications CHAT 70 OC Speaker Phone,Honeywell Quietcare HEPA Air Cleaner,1,0.0002,0.25,208.71
ClearOne Communications CHAT 70 OC Speaker Phone,Polycom SoundPoint Pro SE-225 Corded phone,1,0.0002,0.25,313.06
ClearOne Communications CHAT 70 OC Speaker Phone,"#10 Gummed Flap White Envelopes, 100/Box",1,0.0002,0.25,313.06
ClearSounds CSC500 Amplified Spirit Phone Corded phone,"Acco PRESSTEX Data Binder with Storage Hooks, Dark Blue, 14 7/8"" X 11""",1,0.0002,0.1667,119.26
ClearSounds CSC500 Amplified Spirit Phone Corded phone,"Avery Address/Shipping Labels for Typewriters, 4"" x 2""",1,0.0002,0.1667,119.26
ClearSounds CSC500 Amplified Spirit Phone Corded phone,Avery File Folder Labels,1,0.0002,0.1667,64.22
ClearSounds CSC500 Amplified Spirit Phone Corded phone,Pressboard Data Binders by Wilson Jones,1,0.0002,0.1667,104.35
ClearSounds CSC500 Amplified Spirit Phone Corded phone,Computer Printout Paper with Letter-Trim Perforations,1,0.0002,0.1667,119.26
Clearsounds A400,"Bush Andora Bookcase, Maple/Graphite Gray Finish",1,0.0002,0.3333,185.52
Clearsounds A400,Premier Automatic Letter Opener,1,0.0002,0.3333,333.93
Clearsounds A400,Acco Smartsocket Color-Coded Six-Outlet AC Adapter Model Surge Protectors,1,0.0002,0.3333,417.42
Clearsounds A400,Avery Arch Ring Binders,1,0.0002,0.3333,166.97
Clearsounds A400,Hewlett Packard 310 Color Digital Copier,1,0.0002,0.3333,278.28
Col-Erase Pencils with Erasers,"Eberhard Faber 3 1/2"" Golf Pencils",1,0.0002,0.5,357.79
Col-Erase Pencils with Erasers,"HP Officejet Pro 8600 e-All-In-One Printer, Copier, Scanner, Fax",1,0.0002,0.5,1252.25
Col-Erase Pencils with Erasers,Hewlett Packard LaserJet 3310 Copier,1,0.0002,0.5,313.06
Col-Erase Pencils with Erasers,Plantronics MX500i Earset,1,0.0002,0.5,357.79
Col-Erase Pencils with Erasers,SAFCO Folding Chair Trolley,1,0.0002,0.5,834.83
Color-Coded Legal Exhibit Labels,Avery File Folder Labels,1,0.0002,0.5,192.65
Color-Coded Legal Exhibit Labels,Bulldog Vacuum Base Pencil Sharpener,1,0.0002,0.5,417.42
Color-Coded Legal Exhibit Labels,Computer Printout Paper with Letter-Trim Fine Perforations,1,0.0002,0.5,2504.5
Color-Coded Legal Exhibit Labels,Office Impressions Heavy Duty Welded Shelving & Multimedia Storage Drawers,1,0.0002,0.5,500.9
Color-Coded Legal Exhibit Labels,Xerox 212,1,0.0002,0.5,357.79
Colored Envelopes,Fellowes Officeware Wire Shelving,1,0.0002,0.2,91.07
Colored Envelopes,"Dot Matrix Printer Tape Reel Labels, White, 5000/Box",1,0.0002,0.2,125.22
Colored Envelopes,Black & Decker Filter for Double Action Dustbuster Cordless Vac BLDV7210,1,0.0002,0.2,166.97
Colored Envelopes,Eldon Image Series Black Desk Accessories,1,0.0002,0.2,200.36
Colored Envelopes,Wilson Electronics DB Pro Signal Booster,1,0.0002,0.2,100.18
Colored Push Pins,Avery Non-Stick Binders,1,0.0002,0.2,50.09
Colored Push Pins,Logitech Gaming G510s - Keyboard,1,0.0002,0.2,125.22
Colored Push Pins,Xerox 1929,1,0.0002,0.2,250.45
Colored Push Pins,Avery Hidden Tab Dividers for Binding Systems,1,0.0002,0.2,143.11
Colored Push Pins,DAX Natural Wood-Tone Poster Frame,1,0.0002,0.2,200.36
Coloredge Poster Frame,Cisco IP Phone 7961G-GE VoIP phone,1,0.0002,0.1667,208.71
Coloredge Poster Frame,Logitech Trackman Marble Mouse,1,0.0002,0.1667,92.76
Coloredge Poster Frame,Kensington SlimBlade Notebook Wireless Mouse with Nano Receiver ,1,0.0002,0.1667,208.71
Coloredge Poster Frame,Fellowes Neat Ideas Storage Cubes,1,0.0002,0.1667,119.26
Coloredge Poster Frame,Nontoxic Chalk,1,0.0002,0.1667,104.35
Colorific Watercolor Pencils,Xerox 209,1,0.0002,0.3333,333.93
"Commercial WindTunnel Clean Air Upright Vacuum, Replacement Belts, Filtration Bags",Mophie Juice Pack Helium for iPhone,1,0.0002,0.1429,119.26
"Commercial WindTunnel Clean Air Upright Vacuum, Replacement Belts, Filtration Bags",Xerox 1979,1,0.0002,0.1429,238.52
"Commercial WindTunnel Clean Air Upright Vacuum, Replacement Belts, Filtration Bags",G.E. Halogen Desk Lamp Bulbs,1,0.0002,0.1429,143.11
"Commercial WindTunnel Clean Air Upright Vacuum, Replacement Belts, Filtration Bags",O'Sullivan Living Dimensions 5-Shelf Bookcases,1,0.0002,0.1429,119.26
"Commercial WindTunnel Clean Air Upright Vacuum, Replacement Belts, Filtration Bags","Seth Thomas 14"" Day/Date Wall Clock",1,0.0002,0.1429,119.26
Compact Automatic Electric Letter Opener,Belkin 8 Outlet Surge Protector,1,0.0002,0.125,89.45
Compact Automatic Electric Letter Opener,Logitech G600 MMO Gaming Mouse,1,0.0002,0.125,78.27
Compact Automatic Electric Letter Opener,Avery Metallic Poly Binders,1,0.0002,0.125,104.35
Compact Automatic Electric Letter Opener,"DXL Angle-View Binders with Locking Rings, Black",1,0.0002,0.125,156.53
Compact Automatic Electric Letter Opener,Hoover Commercial Soft Guard Upright Vacuum And Disposable Filtration Bags,1,0.0002,0.125,156.53
"Companion Letter/Legal File, Black",Avanti 4.4 Cu. Ft. Refrigerator,1,0.0002,0.2,143.11
"Companion Letter/Legal File, Black",Eldon Wave Desk Accessories,1,0.0002,0.2,71.56
"Companion Letter/Legal File, Black","Performers Binder/Pad Holder, Black",1,0.0002,0.2,125.22
"Companion Letter/Legal File, Black",Artistic Insta-Plaque,1,0.0002,0.2,333.93
"Companion Letter/Legal File, Black",DXL Angle-View Binders with Locking Rings by Samsill,1,0.0002,0.2,100.18
Computer Printout Index Tabs,Xerox 1925,1,0.0002,0.25,208.71
Computer Printout Index Tabs,Bevis 36 x 72 Conference Tables,1,0.0002,0.25,156.53
Computer Printout Index Tabs,GBC Wire Binding Combs,1,0.0002,0.25,178.89
Computer Printout Index Tabs,"Stacking Tray, Side-Loading, Legal, Smoke",1,0.0002,0.25,313.06
Computer Printout Index Tabs,3M Hangers With Command Adhesive,1,0.0002,0.25,156.53
Computer Printout Paper with Letter-Trim Fine Perforations,Avery File Folder Labels,1,0.0002,1.0,385.31
Computer Printout Paper with Letter-Trim Fine Perforations,Bulldog Vacuum Base Pencil Sharpener,1,0.0002,1.0,834.83
Computer Printout Paper with Letter-Trim Fine Perforations,Color-Coded Legal Exhibit Labels,1,0.0002,1.0,2504.5
Computer Printout Paper with Letter-Trim Fine Perforations,Office Impressions Heavy Duty Welded Shelving & Multimedia Storage Drawers,1,0.0002,1.0,1001.8
Computer Printout Paper with Letter-Trim Fine Perforations,Xerox 212,1,0.0002,1.0,715.57
Computer Printout Paper with Letter-Trim Perforations,Acco Perma 3000 Stacking Storage Drawers,1,0.0002,0.1429,119.26
Computer Printout Paper with Letter-Trim Perforations,"Padded Folding Chairs, Black, 4/Carton",1,0.0002,0.1429,89.45
Computer Printout Paper with Letter-Trim Perforations,Prang Dustless Chalk Sticks,1,0.0002,0.1429,89.45
Computer Printout Paper with Letter-Trim Perforations,Tennsco 6- and 18-Compartment Lockers,1,0.0002,0.1429,65.05
Computer Printout Paper with Letter-Trim Perforations,ClearSounds CSC500 Amplified Spirit Phone Corded phone,1,0.0002,0.1429,119.26
"Computer Room Manger, 14""",Global Low Back Tilter Chair,1,0.0002,0.1429,89.45
"Computer Room Manger, 14""",Logitech 910-002974 M325 Wireless Mouse for Web Scrolling,1,0.0002,0.1429,47.7
"Computer Room Manger, 14""",Xerox 1888,1,0.0002,0.1429,119.26
"Computer Room Manger, 14""",Xerox 1954,1,0.0002,0.1429,178.89
"Computer Room Manger, 14""","Avery Hi-Liter GlideStik Fluorescent Highlighter, Yellow Ink",1,0.0002,0.1429,357.79
"Conquest 14 Commercial Heavy-Duty Upright Vacuum, Collection System, Accessory Kit",Maxell 4.7GB DVD-R 5/Pack,1,0.0002,0.25,250.45
"Conquest 14 Commercial Heavy-Duty Upright Vacuum, Collection System, Accessory Kit",Staples,1,0.0002,0.25,5.64
"Conquest 14 Commercial Heavy-Duty Upright Vacuum, Collection System, Accessory Kit","Boston 1827 Commercial Additional Cutter, Drive Gear & Gear Rack for 1606",1,0.0002,0.25,626.12
"Conquest 14 Commercial Heavy-Duty Upright Vacuum, Collection System, Accessory Kit",GBC DocuBind P50 Personal Binding Machine,1,0.0002,0.25,125.22
"Conquest 14 Commercial Heavy-Duty Upright Vacuum, Collection System, Accessory Kit",36X48 HARDFLOOR CHAIRMAT,1,0.0002,0.25,208.71
Contemporary Borderless Frame,Rogers Profile Extra Capacity Storage Tub,1,0.0002,0.5,357.79
Contemporary Borderless Frame,SanDisk Ultra 16 GB MicroSDHC Class 10 Memory Card,1,0.0002,0.5,357.79
Contemporary Borderless Frame,Xerox 213,1,0.0002,0.5,417.42
Contemporary Wood/Metal Frame,Cardinal Holdit Business Card Pockets,1,0.0002,0.25,156.53
Contemporary Wood/Metal Frame,GBC Premium Transparent Covers with Diagonal Lined Pattern,1,0.0002,0.25,89.45
Contemporary Wood/Metal Frame,O'Sullivan Living Dimensions 3-Shelf Bookcases,1,0.0002,0.25,313.06
Contemporary Wood/Metal Frame,Avery File Folder Labels,1,0.0002,0.25,96.33
Contemporary Wood/Metal Frame,Toshiba IPT2010-SD IP Telephone,1,0.0002,0.25,156.53
"Contico 72""H Heavy-Duty Storage System","Global Leather and Oak Executive Chair, Black",1,0.0002,0.2,125.22
"Contico 72""H Heavy-Duty Storage System",Newell Chalk Holder,1,0.0002,0.2,143.11
"Contico 72""H Heavy-Duty Storage System",Office Star - Task Chair with Contemporary Loop Arms,1,0.0002,0.2,500.9
"Contico 72""H Heavy-Duty Storage System","Lesro Round Back Collection Coffee Table, End Table",1,0.0002,0.2,125.22
"Contico 72""H Heavy-Duty Storage System",Kingston Digital DataTraveler 16GB USB 2.0,1,0.0002,0.2,77.06
"Contract Clock, 14"", Brown",Avery 513,1,0.0002,0.2,200.36
"Contract Clock, 14"", Brown",Recycled Steel Personal File for Standard File Folders,1,0.0002,0.2,250.45
"Contract Clock, 14"", Brown","Trav-L-File Heavy-Duty Shuttle II, Black",1,0.0002,0.2,143.11
"Contract Clock, 14"", Brown",Fellowes PB300 Plastic Comb Binding Machine,1,0.0002,0.2,166.97
"Contract Clock, 14"", Brown",Letter Size Cart,1,0.0002,0.2,125.22
Convenience Packs of Business Envelopes,Hunt Boston Vacuum Mount KS Pencil Sharpener,1,0.0002,0.1667,166.97
Convenience Packs of Business Envelopes,Logitech G105 Gaming Keyboard,1,0.0002,0.1667,166.97
Convenience Packs of Business Envelopes,Acrylic Self-Standing Desk Frames,1,0.0002,0.1667,104.35
Convenience Packs of Business Envelopes,"Eldon Expressions Desk Accessory, Wood Pencil Holder, Oak",1,0.0002,0.1667,208.71
Convenience Packs of Business Envelopes,Newell 343,1,0.0002,0.1667,119.26
Crate-A-Files,Avery 501,1,0.0002,0.1429,89.45
Crate-A-Files,"Avery Flip-Chart Easel Binder, Black",1,0.0002,0.1429,178.89
Crate-A-Files,Cisco 8x8 Inc. 6753i IP Business Phone System,1,0.0002,0.1429,119.26
Crate-A-Files,Document Clip Frames,1,0.0002,0.1429,357.79
Crate-A-Files,Eldon Wave Desk Accessories,1,0.0002,0.1429,51.11
"Crayola Anti Dust Chalk, 12/Pack","Hoover Replacement Belts For Soft Guard & Commercial Ltweight Upright Vacs, 2/Pk",1,0.0002,0.1429,143.11
"Crayola Anti Dust Chalk, 12/Pack",Imation Bio 2GB USB Flash Drive Imation Corp,1,0.0002,0.1429,238.52
"Crayola Anti Dust Chalk, 12/Pack",Ricoh - Ink Collector Unit for GX3000 Series Printers,1,0.0002,0.1429,238.52
"Crayola Anti Dust Chalk, 12/Pack",Great White Multi-Use Recycled Paper (20Lb. and 84 Bright),1,0.0002,0.1429,89.45
"Crayola Anti Dust Chalk, 12/Pack",Xerox 1976,1,0.0002,0.1429,357.79
Crayola Colored Pencils,AT&T CL82213,1,0.0002,0.0909,91.07
Crayola Colored Pencils,Martin Yale Chadless Opener Electric Letter Opener,1,0.0002,0.0909,75.89
Crayola Colored Pencils,Newell 321,1,0.0002,0.0909,113.84
Crayola Colored Pencils,Xerox 1957,1,0.0002,0.0909,75.89
Crayola Colored Pencils,Bretford CR4500 Series Slim Rectangular Table,1,0.0002,0.0909,56.92
Cubify CubeX 3D Printer Double Head Print,"Howard Miller 13"" Diameter Goldtone Round Wall Clock",1,0.0002,0.3333,278.28
Cubify CubeX 3D Printer Double Head Print,Panasonic KX TS3282W Corded phone,1,0.0002,0.3333,238.52
Cubify CubeX 3D Printer Double Head Print,Plantronics Savi W720 Multi-Device Wireless Headset System,1,0.0002,0.3333,238.52
Cubify CubeX 3D Printer Double Head Print,GBC Ibimaster 500 Manual ProClick Binding System,1,0.0002,0.3333,185.52
Cubify CubeX 3D Printer Double Head Print,NETGEAR RangeMax WNR1000 Wireless Router,1,0.0002,0.3333,1669.67
Cubify CubeX 3D Printer Triple Head Print,"Eureka The Boss Plus 12-Amp Hard Box Upright Vacuum, Red",1,0.0002,1.0,834.83
Cush Cases Heavy Duty Rugged Cover Case for Samsung Galaxy S5 - Purple,Newell 324,1,0.0002,0.1667,119.26
Cush Cases Heavy Duty Rugged Cover Case for Samsung Galaxy S5 - Purple,Bionaire 99.97% HEPA Air Cleaner,1,0.0002,0.1667,208.71
Cush Cases Heavy Duty Rugged Cover Case for Samsung Galaxy S5 - Purple,"Bush Heritage Pine Collection 5-Shelf Bookcase, Albany Pine Finish, *Special Order",1,0.0002,0.1667,104.35
Cush Cases Heavy Duty Rugged Cover Case for Samsung Galaxy S5 - Purple,Cardinal Slant-D Ring Binders,1,0.0002,0.1667,166.97
Cush Cases Heavy Duty Rugged Cover Case for Samsung Galaxy S5 - Purple,"DAX Charcoal/Nickel-Tone Document Frame, 5 x 7",1,0.0002,0.1667,119.26
Cyber Acoustics AC-202b Speech Recognition Stereo Headset,Xerox 1935,1,0.0002,0.2,250.45
Cyber Acoustics AC-202b Speech Recognition Stereo Headset,Xerox 2,1,0.0002,0.2,111.31
Cyber Acoustics AC-202b Speech Recognition Stereo Headset,Avery Metallic Poly Binders,1,0.0002,0.2,166.97
Cyber Acoustics AC-202b Speech Recognition Stereo Headset,Razer Tiamat Over Ear 7.1 Surround Sound PC Gaming Headset,1,0.0002,0.2,143.11
Cyber Acoustics AC-202b Speech Recognition Stereo Headset,Eldon Radial Chair Mat for Low to Medium Pile Carpets,1,0.0002,0.2,166.97
DAX Black Cherry Wood-Tone Poster Frame,AT&T 841000 Phone,1,0.0002,0.125,89.45
DAX Black Cherry Wood-Tone Poster Frame,GBC Linen Binding Covers,1,0.0002,0.125,104.35
DAX Black Cherry Wood-Tone Poster Frame,Round Specialty Laser Printer Labels,1,0.0002,0.125,104.35
DAX Black Cherry Wood-Tone Poster Frame,Fellowes Bankers Box Recycled Super Stor/Drawer,1,0.0002,0.125,89.45
DAX Black Cherry Wood-Tone Poster Frame,Harbour Creations Steel Folding Chair,1,0.0002,0.125,78.27
"DAX Charcoal/Nickel-Tone Document Frame, 5 x 7",Bionaire 99.97% HEPA Air Cleaner,1,0.0002,0.1429,178.89
"DAX Charcoal/Nickel-Tone Document Frame, 5 x 7","Bush Heritage Pine Collection 5-Shelf Bookcase, Albany Pine Finish, *Special Order",1,0.0002,0.1429,89.45
"DAX Charcoal/Nickel-Tone Document Frame, 5 x 7",Cardinal Slant-D Ring Binders,1,0.0002,0.1429,143.11
"DAX Charcoal/Nickel-Tone Document Frame, 5 x 7",Cush Cases Heavy Duty Rugged Cover Case for Samsung Galaxy S5 - Purple,1,0.0002,0.1429,119.26
"DAX Charcoal/Nickel-Tone Document Frame, 5 x 7",Fellowes High-Stak Drawer Files,1,0.0002,0.1429,89.45
DAX Clear Channel Poster Frame,Acco 6 Outlet Guardian Standard Surge Suppressor,1,0.0002,0.3333,333.93
DAX Clear Channel Poster Frame,GBC DocuBind P400 Electric Binding System,1,0.0002,0.3333,278.28
DAX Clear Channel Poster Frame,GBC Instant Index System for Binding Systems,1,0.0002,0.3333,333.93
DAX Clear Channel Poster Frame,GBC Premium Transparent Covers with Diagonal Lined Pattern,1,0.0002,0.3333,119.26
DAX Clear Channel Poster Frame,Microsoft Natural Keyboard Elite,1,0.0002,0.3333,417.42
"DAX Contemporary Wood Frame with Silver Metal Mat, Desktop, 11 x 14 Size",Xerox 1997,1,0.0002,0.2,125.22
"DAX Contemporary Wood Frame with Silver Metal Mat, Desktop, 11 x 14 Size",Advantus Panel Wall Certificate Holder - 8.5x11,1,0.0002,0.2,166.97
"DAX Contemporary Wood Frame with Silver Metal Mat, Desktop, 11 x 14 Size",Carina Media Storage Towers in Natural & Black,1,0.0002,0.2,200.36
"DAX Contemporary Wood Frame with Silver Metal Mat, Desktop, 11 x 14 Size",Fellowes Recycled Storage Drawers,1,0.0002,0.2,333.93
"DAX Contemporary Wood Frame with Silver Metal Mat, Desktop, 11 x 14 Size",Office Star - Contemporary Swivel Chair with Padded Adjustable Arms and Flex Back,1,0.0002,0.2,143.11
"DAX Copper Panel Document Frame, 5 x 7 Size","Belkin 19"" Vented Equipment Shelf, Black",1,0.0002,0.2,100.18
"DAX Copper Panel Document Frame, 5 x 7 Size","Eldon ""L"" Workstation Diamond Chairmat",1,0.0002,0.2,250.45
"DAX Copper Panel Document Frame, 5 x 7 Size",Xerox 1895,1,0.0002,0.2,143.11
"DAX Copper Panel Document Frame, 5 x 7 Size",Xerox 1907,1,0.0002,0.2,333.93
"DAX Copper Panel Document Frame, 5 x 7 Size",Motorla HX550 Universal Bluetooth Headset,1,0.0002,0.2,250.45
DAX Cubicle Frames - 8x10,WD My Passport Ultra 1TB Portable External Hard Drive,1,0.0002,0.2,166.97
DAX Cubicle Frames - 8x10,Xerox 1929,1,0.0002,0.2,250.45
DAX Cubicle Frames - 8x10,"ACCOHIDE 3-Ring Binder, Blue, 1""",1,0.0002,0.2,77.06
DAX Cubicle Frames - 8x10,Avery 518,1,0.0002,0.2,125.22
DAX Cubicle Frames - 8x10,BIC Brite Liner Grip Highlighters,1,0.0002,0.2,200.36
"DAX Cubicle Frames, 8-1/2 x 11",Avery 485,1,0.0002,0.25,156.53
"DAX Cubicle Frames, 8-1/2 x 11","Metal Folding Chairs, Beige, 4/Carton",1,0.0002,0.25,250.45
"DAX Cubicle Frames, 8-1/2 x 11",Acme Titanium Bonded Scissors,1,0.0002,0.25,250.45
"DAX Cubicle Frames, 8-1/2 x 11","Maxell Pro 80 Minute CD-R, 10/Pack",1,0.0002,0.25,313.06
"DAX Cubicle Frames, 8-1/2 x 11",Smead Alpha-Z Color-Coded Second Alphabetical Labels and Starter Set,1,0.0002,0.25,250.45
"DAX Executive Solid Wood Document Frame, Desktop or Hang, Mahogany, 5 x 7",AmazonBasics 3-Button USB Wired Mouse,1,0.0002,0.2,200.36
"DAX Executive Solid Wood Document Frame, Desktop or Hang, Mahogany, 5 x 7","Perixx PERIBOARD-512B, Ergonomic Split Keyboard",1,0.0002,0.2,333.93
"DAX Executive Solid Wood Document Frame, Desktop or Hang, Mahogany, 5 x 7",Advantus Map Pennant Flags and Round Head Tacks,1,0.0002,0.2,166.97
"DAX Executive Solid Wood Document Frame, Desktop or Hang, Mahogany, 5 x 7",Nu-Dell Float Frame 11 x 14 1/2,1,0.0002,0.2,143.11
"DAX Executive Solid Wood Document Frame, Desktop or Hang, Mahogany, 5 x 7","Seth Thomas 12"" Clock w/ Goldtone Case",1,0.0002,0.2,333.93
"DAX Metal Frame, Desktop, Stepped-Edge",Avery 509,1,0.0002,0.2,250.45
"DAX Metal Frame, Desktop, Stepped-Edge","Global Stack Chair with Arms, Black",1,0.0002,0.2,143.11
"DAX Metal Frame, Desktop, Stepped-Edge",Xerox 1942,1,0.0002,0.2,166.97
"DAX Metal Frame, Desktop, Stepped-Edge","DAX Value U-Channel Document Frames, Easel Back",1,0.0002,0.2,100.18
"DAX Metal Frame, Desktop, Stepped-Edge",Grandstream GXP1160 VoIP phone,1,0.0002,0.2,166.97
DAX Natural Wood-Tone Poster Frame,Avery Hidden Tab Dividers for Binding Systems,1,0.0002,0.2,143.11
DAX Natural Wood-Tone Poster Frame,Colored Push Pins,1,0.0002,0.2,200.36
DAX Natural Wood-Tone Poster Frame,Smead Alpha-Z Color-Coded Second Alphabetical Labels and Starter Set,1,0.0002,0.2,200.36
DAX Natural Wood-Tone Poster Frame,Sterling Rubber Bands by Alliance,1,0.0002,0.2,500.9
DAX Natural Wood-Tone Poster Frame,"Carina 42""Hx23 3/4""W Media Storage Unit",1,0.0002,0.2,125.22
DAX Solid Wood Frames,Advantus T-Pin Paper Clips,1,0.0002,0.3333,333.93
DAX Solid Wood Frames,Xerox 1951,1,0.0002,0.3333,278.28
DAX Solid Wood Frames,Avaya 5420 Digital phone,1,0.0002,0.3333,556.56
DAX Solid Wood Frames,Southworth 25% Cotton Premium Laser Paper and Envelopes,1,0.0002,0.3333,333.93
"DAX Two-Tone Rosewood/Black Document Frame, Desktop, 5 x 7","Global Leather Highback Executive Chair with Pneumatic Height Adjustment, Black",1,0.0002,0.125,62.61
"DAX Two-Tone Rosewood/Black Document Frame, Desktop, 5 x 7",Office Star - Ergonomically Designed Knee Chair,1,0.0002,0.125,89.45
"DAX Two-Tone Rosewood/Black Document Frame, Desktop, 5 x 7",Square Credit Card Reader,1,0.0002,0.125,89.45
"DAX Two-Tone Rosewood/Black Document Frame, Desktop, 5 x 7","Contico 72""H Heavy-Duty Storage System",1,0.0002,0.125,125.22
"DAX Two-Tone Rosewood/Black Document Frame, Desktop, 5 x 7",Plantronics 81402,1,0.0002,0.125,156.53
DAX Two-Tone Silver Metal Document Frame,"Acco Flexible ACCOHIDE Square Ring Data Binder, Dark Blue, 11 1/2"" X 14"" 7/8""",1,0.0002,0.1667,83.48
DAX Two-Tone Silver Metal Document Frame,"Eldon Expressions Wood and Plastic Desk Accessories, Oak",1,0.0002,0.1667,166.97
DAX Two-Tone Silver Metal Document Frame,Global Leather Executive Chair,1,0.0002,0.1667,119.26
DAX Two-Tone Silver Metal Document Frame,"Eldon Image Series Desk Accessories, Burgundy",1,0.0002,0.1667,104.35
DAX Two-Tone Silver Metal Document Frame,"Elite 5"" Scissors",1,0.0002,0.1667,119.26
"DAX Value U-Channel Document Frames, Easel Back",Recycled Easel Ring Binders,2,0.000399,0.2,111.31
"DAX Value U-Channel Document Frames, Easel Back",Hoover Upright Vacuum With Dirt Cup,1,0.0002,0.1,83.48
"DAX Value U-Channel Document Frames, Easel Back","iKross Bluetooth Portable Keyboard + Cell Phone Stand Holder + Brush for Apple iPhone 5S 5C 5, 4S 4",1,0.0002,0.1,100.18
"DAX Value U-Channel Document Frames, Easel Back",Belkin Premiere Surge Master II 8-outlet surge protector,1,0.0002,0.1,71.56
"DAX Value U-Channel Document Frames, Easel Back",Nu-Dell Float Frame 11 x 14 1/2,1,0.0002,0.1,71.56
DAX Wood Document Frame,Staples,1,0.0002,0.1111,2.51
DAX Wood Document Frame,Avery Personal Creations Heavyweight Cards,1,0.0002,0.1111,185.52
DAX Wood Document Frame,Bevis Rectangular Conference Tables,1,0.0002,0.1111,139.14
DAX Wood Document Frame,"Bush Westfield Collection Bookcases, Dark Cherry Finish",1,0.0002,0.1111,185.52
DAX Wood Document Frame,Logitech Keyboard K120,1,0.0002,0.1111,185.52
DAX Wood Document Frame.,Digium D40 VoIP phone,1,0.0002,0.25,139.14
DAX Wood Document Frame.,Xerox 1964,1,0.0002,0.25,313.06
DAX Wood Document Frame.,Prang Drawing Pencil Set,1,0.0002,0.25,113.84
DAX Wood Document Frame.,"REDIFORM Incoming/Outgoing Call Register, 11"" X 8 1/2"", 100 Messages",1,0.0002,0.25,156.53
DAX Wood Document Frame.,Woodgrain Magazine Files by Perma,1,0.0002,0.25,208.71
DIXON Oriole Pencils,"Executive Impressions 13-1/2"" Indoor/Outdoor Wall Clock",1,0.0002,0.1667,417.42
DIXON Oriole Pencils,Xerox 1909,1,0.0002,0.1667,92.76
DIXON Oriole Pencils,Xerox 202,1,0.0002,0.1667,104.35
DIXON Oriole Pencils,GBC Recycled VeloBinder Covers,1,0.0002,0.1667,104.35
DIXON Oriole Pencils,"Telephone Message Books with Fax/Mobile Section, 4 1/4"" x 6""",1,0.0002,0.1667,278.28
DIXON Ticonderoga Erasable Checking Pencils,"Logitech B530 USB Headset - headset - Full size, Binaural",1,0.0002,0.1429,71.56
DIXON Ticonderoga Erasable Checking Pencils,Bestar Classic Bookcase,1,0.0002,0.1429,89.45
DIXON Ticonderoga Erasable Checking Pencils,Global Commerce Series Low-Back Swivel/Tilt Chairs,1,0.0002,0.1429,102.22
DIXON Ticonderoga Erasable Checking Pencils,"SAFCO Mobile Desk Side File, Wire Frame",1,0.0002,0.1429,89.45
DIXON Ticonderoga Erasable Checking Pencils,Avery Round Ring Poly Binders,1,0.0002,0.1429,119.26
DMI Arturo Collection Mission-style Design Wood Chair,Xerox 1964,1,0.0002,0.0909,113.84
DMI Arturo Collection Mission-style Design Wood Chair,"Executive Impressions 14"" Contract Wall Clock",1,0.0002,0.0909,65.05
DMI Arturo Collection Mission-style Design Wood Chair,First Data FD10 PIN Pad,1,0.0002,0.0909,91.07
DMI Arturo Collection Mission-style Design Wood Chair,GE 30524EE4,1,0.0002,0.0909,50.6
DMI Arturo Collection Mission-style Design Wood Chair,Canon imageCLASS MF7460 Monochrome Digital Laser Multifunction Copier,1,0.0002,0.0909,455.36
DMI Eclipse Executive Suite Bookcases,Avery 485,2,0.000399,0.3333,208.71
DMI Eclipse Executive Suite Bookcases,Euro-Pro Shark Turbo Vacuum,1,0.0002,0.1667,139.14
DMI Eclipse Executive Suite Bookcases,Global Leather Executive Chair,1,0.0002,0.1667,119.26
DMI Eclipse Executive Suite Bookcases,Ooma Telo VoIP Home Phone System,1,0.0002,0.1667,166.97
DMI Eclipse Executive Suite Bookcases,Panasonic KX-TG9541B DECT 6.0 Digital 2-Line Expandable Cordless Phone With Digital Answering System,1,0.0002,0.1667,166.97
DXL Angle-View Binders with Locking Rings by Samsill,Belkin F5C206VTEL 6 Outlet Surge,1,0.0002,0.1,71.56
DXL Angle-View Binders with Locking Rings by Samsill,Chromcraft Rectangular Conference Tables,1,0.0002,0.1,55.66
DXL Angle-View Binders with Locking Rings by Samsill,"Eldon Expressions Wood and Plastic Desk Accessories, Cherry Wood",1,0.0002,0.1,100.18
DXL Angle-View Binders with Locking Rings by Samsill,Konftel 250 Conference phone - Charcoal black,1,0.0002,0.1,125.22
DXL Angle-View Binders with Locking Rings by Samsill,Mitel 5320 IP Phone VoIP phone,1,0.0002,0.1,125.22
"DXL Angle-View Binders with Locking Rings, Black","Sauder Camden County Barrister Bookcase, Planked Cherry Finish",1,0.0002,0.25,417.42
"DXL Angle-View Binders with Locking Rings, Black","Sauder Camden County Collection Libraries, Planked Cherry Finish",1,0.0002,0.25,178.89
"DXL Angle-View Binders with Locking Rings, Black",Barrel Sharpener,1,0.0002,0.25,313.06
"DXL Angle-View Binders with Locking Rings, Black",Enermax Acrylux Wireless Keyboard,1,0.0002,0.25,208.71
"DXL Angle-View Binders with Locking Rings, Black",Compact Automatic Electric Letter Opener,1,0.0002,0.25,156.53
DYMO CardScan Personal V9 Business Card Scanner,Avery 477,1,0.0002,0.3333,417.42
DYMO CardScan Personal V9 Business Card Scanner,Avery Hanging File Binders,1,0.0002,0.3333,278.28
DYMO CardScan Personal V9 Business Card Scanner,"Executive Impressions 10"" Spectator Wall Clock",1,0.0002,0.3333,333.93
DYMO CardScan Personal V9 Business Card Scanner,Mophie Juice Pack Helium for iPhone,1,0.0002,0.3333,278.28
DYMO CardScan Personal V9 Business Card Scanner,Stacking Trays by OIC,1,0.0002,0.3333,278.28
"Dana Fluorescent Magnifying Lamp, White, 36""",Kensington 6 Outlet Guardian Standard Surge Protector,1,0.0002,0.25,208.71
"Dana Fluorescent Magnifying Lamp, White, 36""",Avery Fluorescent Highlighter Four-Color Set,1,0.0002,0.25,156.53
"Dana Fluorescent Magnifying Lamp, White, 36""",Cisco TelePresence System EX90 Videoconferencing Unit,1,0.0002,0.25,1252.25
"Dana Fluorescent Magnifying Lamp, White, 36""","Executive Impressions 13"" Clairmont Wall Clock",1,0.0002,0.25,156.53
"Dana Fluorescent Magnifying Lamp, White, 36""",Hewlett-Packard Deskjet 6540 Color Inkjet Printer,1,0.0002,0.25,626.12
Dana Halogen Swing-Arm Architect Lamp,AT&T 1070 Corded Phone,1,0.0002,0.1667,278.28
Dana Halogen Swing-Arm Architect Lamp,Fellowes Superior 10 Outlet Split Surge Protector,1,0.0002,0.1667,92.76
Dana Halogen Swing-Arm Architect Lamp,Sharp AL-1530CS Digital Copier,1,0.0002,0.1667,208.71
Dana Halogen Swing-Arm Architect Lamp,"Bush Andora Bookcase, Maple/Graphite Gray Finish",1,0.0002,0.1667,92.76
Dana Halogen Swing-Arm Architect Lamp,"Global Leather and Oak Executive Chair, Black",1,0.0002,0.1667,104.35
Dana Swing-Arm Lamps,BPI Conference Tables,1,0.0002,0.1429,143.11
Dana Swing-Arm Lamps,Fellowes Stor/Drawer Steel Plus Storage Drawers,1,0.0002,0.1429,89.45
Dana Swing-Arm Lamps,Hon 4-Shelf Metal Bookcases,1,0.0002,0.1429,178.89
Dana Swing-Arm Lamps,Wilson Jones Turn Tabs Binder Tool for Ring Binders,1,0.0002,0.1429,55.04
Dana Swing-Arm Lamps,"Global High-Back Leather Tilter, Burgundy",1,0.0002,0.1429,51.11
"DataProducts Ampli Magnifier Task Lamp, Black,","#10- 4 1/8"" x 9 1/2"" Recycled Envelopes",1,0.0002,0.2,100.18
"DataProducts Ampli Magnifier Task Lamp, Black,","OIC Colored Binder Clips, Assorted Sizes",1,0.0002,0.2,143.11
"DataProducts Ampli Magnifier Task Lamp, Black,",Xerox 1946,1,0.0002,0.2,333.93
"DataProducts Ampli Magnifier Task Lamp, Black,",Xerox 1997,1,0.0002,0.2,125.22
"DataProducts Ampli Magnifier Task Lamp, Black,",Plantronics Calisto P620-M USB Wireless Speakerphone System,1,0.0002,0.2,250.45
Dax Clear Box Frame,Staples,2,0.000399,0.3333,7.52
Dax Clear Box Frame,APC 7 Outlet Network SurgeArrest Surge Protector,1,0.0002,0.1667,104.35
Dax Clear Box Frame,"Acco Pressboard Covers with Storage Hooks, 14 7/8"" x 11"", Executive Red",1,0.0002,0.1667,104.35
Dax Clear Box Frame,Global Enterprise Series Seating High-Back Swivel/Tilt Chairs,1,0.0002,0.1667,208.71
Dax Clear Box Frame,Nontoxic Chalk,1,0.0002,0.1667,104.35
"Decoflex Hanging Personal Folder File, Blue","Recycled Desk Saver Line ""While You Were Out"" Book, 5 1/2"" X 4""",1,0.0002,0.1111,111.31
"Decoflex Hanging Personal Folder File, Blue",SAFCO Boltless Steel Shelving,1,0.0002,0.1111,55.66
"Decoflex Hanging Personal Folder File, Blue",Samsung Galaxy Note 3,1,0.0002,0.1111,185.52
"Decoflex Hanging Personal Folder File, Blue","Sauder Mission Library with Doors, Fruitwood Finish",1,0.0002,0.1111,185.52
"Decoflex Hanging Personal Folder File, Blue",Xerox 1912,1,0.0002,0.1111,139.14
Deflect-O Glasstique Clear Desk Accessories,Holmes 99% HEPA Air Purifier,1,0.0002,0.3333,417.42
Deflect-O Glasstique Clear Desk Accessories,Panasonic Kx-TS550,1,0.0002,0.3333,238.52
Deflect-O Glasstique Clear Desk Accessories,Clear Mylar Reinforcing Strips,1,0.0002,0.3333,238.52
Deflect-O Glasstique Clear Desk Accessories,DMI Arturo Collection Mission-style Design Wood Chair,1,0.0002,0.3333,151.79
Deflect-O Glasstique Clear Desk Accessories,"Howard Miller 14-1/2"" Diameter Chrome Round Wall Clock",1,0.0002,0.3333,238.52
Deflect-o DuraMat Antistatic Studded Beveled Mat for Medium Pile Carpeting,Fellowes Staxonsteel Drawer Files,1,0.0002,0.2,143.11
Deflect-o DuraMat Antistatic Studded Beveled Mat for Medium Pile Carpeting,Logitech LS21 Speaker System - PC Multimedia - 2.1-CH - Wired,1,0.0002,0.2,166.97
Deflect-o DuraMat Antistatic Studded Beveled Mat for Medium Pile Carpeting,Space Solutions Industrial Galvanized Steel Shelving.,1,0.0002,0.2,333.93
Deflect-o DuraMat Antistatic Studded Beveled Mat for Medium Pile Carpeting,Magnifier Swing Arm Lamp,1,0.0002,0.2,200.36
Deflect-o DuraMat Antistatic Studded Beveled Mat for Medium Pile Carpeting,"Eldon 400 Class Desk Accessories, Black Carbon",1,0.0002,0.2,166.97
"Deflect-o DuraMat Lighweight, Studded, Beveled Mat for Low Pile Carpeting",Cisco Unified IP Phone 7945G VoIP phone,1,0.0002,0.1667,139.14
"Deflect-o DuraMat Lighweight, Studded, Beveled Mat for Low Pile Carpeting","Avery Trapezoid Ring Binder, 3"" Capacity, Black, 1040 sheets",1,0.0002,0.1667,119.26
"Deflect-o DuraMat Lighweight, Studded, Beveled Mat for Low Pile Carpeting",Logitech K350 2.4Ghz Wireless Keyboard,1,0.0002,0.1667,166.97
"Deflect-o EconoMat Nonstudded, No Bevel Mat",Binding Machine Supplies,1,0.0002,0.3333,185.52
"Deflect-o EconoMat Nonstudded, No Bevel Mat","Floodlight Indoor Halogen Bulbs, 1 Bulb per Pack, 60 Watts",1,0.0002,0.3333,278.28
"Deflect-o EconoMat Nonstudded, No Bevel Mat",Electrix Halogen Magnifier Lamp,1,0.0002,0.3333,278.28
"Deflect-o EconoMat Nonstudded, No Bevel Mat","LF Elite 3D Dazzle Designer Hard Case Cover, Lf Stylus Pen and Wiper For Apple Iphone 5c Mini Lite",1,0.0002,0.3333,208.71
"Deflect-o EconoMat Studded, No Bevel Mat for Low Pile Carpeting",SanDisk Cruzer 64 GB USB Flash Drive,1,0.0002,0.1111,61.84
"Deflect-o EconoMat Studded, No Bevel Mat for Low Pile Carpeting",Xblue XB-1670-86 X16 Small Office Telephone - Titanium,1,0.0002,0.1111,278.28
"Deflect-o EconoMat Studded, No Bevel Mat for Low Pile Carpeting",Satellite Sectional Post Binders,1,0.0002,0.1111,50.6
"Deflect-o EconoMat Studded, No Bevel Mat for Low Pile Carpeting",VTech DS6151,1,0.0002,0.1111,69.57
"Deflect-o EconoMat Studded, No Bevel Mat for Low Pile Carpeting",Wilson Jones Legal Size Ring Binders,1,0.0002,0.1111,61.84
Deflect-o Glass Clear Studded Chair Mats,Xerox 1949,1,0.0002,0.1429,89.45
Deflect-o Glass Clear Studded Chair Mats,Adjustable Depth Letter/Legal Cart,1,0.0002,0.1429,65.05
Deflect-o Glass Clear Studded Chair Mats,Deluxe Heavy-Duty Vinyl Round Ring Binder,1,0.0002,0.1429,102.22
Deflect-o Glass Clear Studded Chair Mats,"Global Value Steno Chair, Gray",1,0.0002,0.1429,71.56
Deflect-o Glass Clear Studded Chair Mats,Boston 1900 Electric Pencil Sharpener,1,0.0002,0.1429,715.57
"Deflect-o RollaMat Studded, Beveled Mat for Medium Pile Carpeting","Cardinal HOLDit! Binder Insert Strips,Extra Strips",1,0.0002,0.1667,92.76
"Deflect-o RollaMat Studded, Beveled Mat for Medium Pile Carpeting",Tuf-Vin Binders,1,0.0002,0.1667,119.26
"Deflect-o RollaMat Studded, Beveled Mat for Medium Pile Carpeting",Xerox 1966,1,0.0002,0.1667,139.14
"Deflect-o RollaMat Studded, Beveled Mat for Medium Pile Carpeting",Xerox 1975,1,0.0002,0.1667,166.97
"Deflect-o RollaMat Studded, Beveled Mat for Medium Pile Carpeting",Acco Suede Grain Vinyl Round Ring Binder,1,0.0002,0.1667,104.35
"Deflect-o SuperTray Unbreakable Stackable Tray, Letter, Black",12-1/2 Diameter Round Wall Clock,1,0.0002,0.25,156.53
"Deflect-o SuperTray Unbreakable Stackable Tray, Letter, Black",Newell 343,1,0.0002,0.25,178.89
Dell Slim USB Multimedia Keyboard,"Eldon Stackable Tray, Side-Load, Legal, Smoke",1,0.0002,0.5,500.9
Dell Slim USB Multimedia Keyboard,GBC DocuBind P100 Manual Binding Machine,1,0.0002,0.5,313.06
Deluxe Chalkboard Eraser Cleaner,Eldon Econocleat Chair Mats for Low Pile Carpets,1,0.0002,0.2,500.9
Deluxe Chalkboard Eraser Cleaner,Smead Adjustable Mobile File Trolley with Lockable Top,1,0.0002,0.2,333.93
Deluxe Chalkboard Eraser Cleaner,Staples,1,0.0002,0.2,4.51
Deluxe Chalkboard Eraser Cleaner,GBC Ibimaster 500 Manual ProClick Binding System,1,0.0002,0.2,111.31
Deluxe Heavy-Duty Vinyl Round Ring Binder,Adjustable Depth Letter/Legal Cart,1,0.0002,0.1429,65.05
Deluxe Heavy-Duty Vinyl Round Ring Binder,Deflect-o Glass Clear Studded Chair Mats,1,0.0002,0.1429,102.22
Deluxe Heavy-Duty Vinyl Round Ring Binder,"Global Value Steno Chair, Gray",1,0.0002,0.1429,71.56
Deluxe Heavy-Duty Vinyl Round Ring Binder,Alliance Rubber Bands,1,0.0002,0.1429,357.79
Deluxe Heavy-Duty Vinyl Round Ring Binder,"Executive Impressions 14"" Contract Wall Clock",1,0.0002,0.1429,102.22
Deluxe Rollaway Locking File with Drawer,Canon PC940 Copier,1,0.0002,0.2,333.93
Deluxe Rollaway Locking File with Drawer,Multicolor Computer Printout Paper,1,0.0002,0.2,200.36
Deluxe Rollaway Locking File with Drawer,Eldon 500 Class Desk Accessories,1,0.0002,0.2,166.97
Deluxe Rollaway Locking File with Drawer,VTech DS6151,1,0.0002,0.2,125.22
Deluxe Rollaway Locking File with Drawer,Chromcraft Rectangular Conference Tables,1,0.0002,0.2,111.31
Design Ebony Sketching Pencil,"Blue String-Tie & Button Interoffice Envelopes, 10 x 13",1,0.0002,0.3333,238.52
Design Ebony Sketching Pencil,Avery 517,1,0.0002,0.3333,417.42
Design Ebony Sketching Pencil,Eldon Simplefile Box Office,1,0.0002,0.3333,208.71
Design Ebony Sketching Pencil,"iKross Bluetooth Portable Keyboard + Cell Phone Stand Holder + Brush for Apple iPhone 5S 5C 5, 4S 4",1,0.0002,0.3333,333.93
Desktop 3-Pocket Hot File,"Avery Trapezoid Ring Binder, 3"" Capacity, Black, 1040 sheets",1,0.0002,0.5,357.79
Desktop 3-Pocket Hot File,KI Adjustable-Height Table,1,0.0002,0.5,139.14
Desktop 3-Pocket Hot File,Nortel Meridian M5316 Digital phone,1,0.0002,0.5,626.12
Dexim XPower Skin Super-Thin Power Case for iPhone 5 - Black,Luxo Adjustable Task Clamp Lamp,1,0.0002,0.3333,417.42
Dexim XPower Skin Super-Thin Power Case for iPhone 5 - Black,Clear Mylar Reinforcing Strips,1,0.0002,0.3333,238.52
Dexim XPower Skin Super-Thin Power Case for iPhone 5 - Black,Xerox 1895,1,0.0002,0.3333,238.52
Dexim XPower Skin Super-Thin Power Case for iPhone 5 - Black,Letter Size File,1,0.0002,0.3333,834.83
Dexim XPower Skin Super-Thin Power Case for iPhone 5 - Black,Vinyl Sectional Post Binders,1,0.0002,0.3333,151.79
Digium D40 VoIP phone,DAX Wood Document Frame.,1,0.0002,0.1111,139.14
Digium D40 VoIP phone,Xerox 1964,1,0.0002,0.1111,139.14
Digium D40 VoIP phone,Avery Durable Slant Ring Binders With Label Holder,1,0.0002,0.1111,61.84
Digium D40 VoIP phone,Pressboard Data Binders by Wilson Jones,1,0.0002,0.1111,69.57
Digium D40 VoIP phone,AT&T 841000 Phone,1,0.0002,0.1111,79.51
Disposable Triple-Filter Dust Bags,"Recycled Desk Saver Line ""While You Were Out"" Book, 5 1/2"" X 4""",1,0.0002,0.25,250.45
Disposable Triple-Filter Dust Bags,"Global Armless Task Chair, Royal Blue",1,0.0002,0.25,156.53
Disposable Triple-Filter Dust Bags,"Holmes Replacement Filter for HEPA Air Cleaner, Very Large Room, HEPA Filter",1,0.0002,0.25,125.22
Disposable Triple-Filter Dust Bags,Ibico Presentation Index for Binding Systems,1,0.0002,0.25,178.89
Disposable Triple-Filter Dust Bags,Xerox 1960,1,0.0002,0.25,208.71
"Dixon My First Ticonderoga Pencil, #2",Colored Push Pins,1,0.0002,0.25,250.45
"Dixon My First Ticonderoga Pencil, #2",Logitech G105 Gaming Keyboard,1,0.0002,0.25,250.45
"Dixon My First Ticonderoga Pencil, #2",Logitech G19 Programmable Gaming Keyboard,1,0.0002,0.25,156.53
"Dixon My First Ticonderoga Pencil, #2",Sterilite Officeware Hinged File Box,1,0.0002,0.25,113.84
"Dixon My First Ticonderoga Pencil, #2",Xerox 1925,1,0.0002,0.25,208.71
"Dixon Prang Watercolor Pencils, 10-Color Set with Brush","#10 Gummed Flap White Envelopes, 100/Box",1,0.0002,0.1429,178.89
"Dixon Prang Watercolor Pencils, 10-Color Set with Brush","Adams Phone Message Book, 200 Message Capacity, 8 1/16 x 11",1,0.0002,0.1429,89.45
"Dixon Prang Watercolor Pencils, 10-Color Set with Brush",Sauder Barrister Bookcases,1,0.0002,0.1429,238.52
"Dixon Prang Watercolor Pencils, 10-Color Set with Brush","1.7 Cubic Foot Compact ""Cube"" Office Refrigerators",1,0.0002,0.1429,119.26
"Dixon Prang Watercolor Pencils, 10-Color Set with Brush",Newell 331,1,0.0002,0.1429,178.89
Dixon Ticonderoga Core-Lock Colored Pencils,"Angle-D Binders with Locking Rings, Label Holders",1,0.0002,0.1429,71.56
Dixon Ticonderoga Core-Lock Colored Pencils,Belkin Standard 104 key USB Keyboard,1,0.0002,0.1429,119.26
Dixon Ticonderoga Core-Lock Colored Pencils,Panasonic KX TS3282B Corded phone,1,0.0002,0.1429,238.52
Dixon Ticonderoga Core-Lock Colored Pencils,"Riverside Furniture Oval Coffee Table, Oval End Table, End Table with Drawer",1,0.0002,0.1429,143.11
Dixon Ticonderoga Core-Lock Colored Pencils,Balt Split Level Computer Training Table,1,0.0002,0.1429,143.11
"Dixon Ticonderoga Core-Lock Colored Pencils, 48-Color Set",Jawbone MINI JAMBOX Wireless Bluetooth Speaker,1,0.0002,0.5,500.9
"Dixon Ticonderoga Core-Lock Colored Pencils, 48-Color Set","Sauder Mission Library with Doors, Fruitwood Finish",1,0.0002,0.5,834.83
"Dixon Ticonderoga Erasable Colored Pencil Set, 12-Color",SanDisk Ultra 64 GB MicroSDHC Class 10 Memory Card,1,0.0002,0.5,417.42
"Dixon Ticonderoga Erasable Colored Pencil Set, 12-Color",Ideal Clamps,1,0.0002,0.5,313.06
"Dixon Ticonderoga Maple Cedar Pencil, #2","Telephone Message Books with Fax/Mobile Section, 4 1/4"" x 6""",1,0.0002,0.3333,556.56
"Dixon Ticonderoga Maple Cedar Pencil, #2",Acme Forged Steel Scissors with Black Enamel Handles,1,0.0002,0.3333,208.71
"Dixon Ticonderoga Maple Cedar Pencil, #2",Avery 483,1,0.0002,0.3333,278.28
"Dixon Ticonderoga Maple Cedar Pencil, #2","Rubbermaid ClusterMat Chairmats, Mat Size- 66"" x 60"", Lip 20"" x 11"" -90 Degree Angle",1,0.0002,0.3333,333.93
Dixon Ticonderoga Pencils,SanDisk Ultra 64 GB MicroSDHC Class 10 Memory Card,1,0.0002,0.3333,278.28
Dixon Ticonderoga Pencils,Avery Heavy-Duty EZD  Binder With Locking Rings,1,0.0002,0.3333,278.28
Dixon Ticonderoga Pencils,"DAX Copper Panel Document Frame, 5 x 7 Size",1,0.0002,0.3333,333.93
Dixon Ticonderoga Pencils,GBC DocuBind P50 Personal Binding Machine,1,0.0002,0.3333,166.97
Dixon Ticonderoga Pencils,"LF Elite 3D Dazzle Designer Hard Case Cover, Lf Stylus Pen and Wiper For Apple Iphone 5c Mini Lite",1,0.0002,0.3333,208.71
Document Clip Frames,Avery 501,1,0.0002,0.5,313.06
Document Clip Frames,"Avery Flip-Chart Easel Binder, Black",1,0.0002,0.5,626.12
Document Clip Frames,Cisco 8x8 Inc. 6753i IP Business Phone System,1,0.0002,0.5,417.42
Document Clip Frames,Crate-A-Files,1,0.0002,0.5,357.79
Document Clip Frames,Eldon Wave Desk Accessories,1,0.0002,0.5,178.89
"Dot Matrix Printer Tape Reel Labels, White, 5000/Box",Novimex High-Tech Fabric Mesh Task Chair,1,0.0002,0.125,156.53
"Dot Matrix Printer Tape Reel Labels, White, 5000/Box",Colored Envelopes,1,0.0002,0.125,125.22
"Dot Matrix Printer Tape Reel Labels, White, 5000/Box","Adams Telephone Message Book w/Frequently-Called Numbers Space, 400 Messages per Book",1,0.0002,0.125,89.45
"Dot Matrix Printer Tape Reel Labels, White, 5000/Box",Global Enterprise Series Seating High-Back Swivel/Tilt Chairs,1,0.0002,0.125,156.53
"Dot Matrix Printer Tape Reel Labels, White, 5000/Box","Office Star - Contemporary Task Swivel chair with Loop Arms, Charcoal",1,0.0002,0.125,69.57
"Dual Level, Single-Width Filing Carts",Avery 48,1,0.0002,0.1111,185.52
"Dual Level, Single-Width Filing Carts","Seth Thomas 14"" Putty-Colored Wall Clock",1,0.0002,0.1111,139.14
"Dual Level, Single-Width Filing Carts",White Computer Printout Paper by Universal,1,0.0002,0.1111,69.57
"Dual Level, Single-Width Filing Carts",Bionaire Personal Warm Mist Humidifier/Vaporizer,1,0.0002,0.1111,185.52
"Dual Level, Single-Width Filing Carts",Pressboard Hanging Data Binders for Unburst Sheets,1,0.0002,0.1111,55.66
Durable Pressboard Binders,"O'Sullivan Elevations Bookcase, Cherry Finish",1,0.0002,0.5,500.9
Durable Pressboard Binders,Pressboard Data Binders by Wilson Jones,1,0.0002,0.5,313.06
Durable Pressboard Binders,"TOPS 4 x 6 Fluorescent Color Memo Sheets, 500 Sheets per Pack",1,0.0002,0.5,834.83
"Eaton Premium Continuous-Feed Paper, 25% Cotton, Letter Size, White, 1000 Shts/Box",Bose SoundLink Bluetooth Speaker,1,0.0002,0.1,100.18
"Eaton Premium Continuous-Feed Paper, 25% Cotton, Letter Size, White, 1000 Shts/Box",Kensington 4 Outlet MasterPiece Compact Power Control Center,1,0.0002,0.1,71.56
"Eaton Premium Continuous-Feed Paper, 25% Cotton, Letter Size, White, 1000 Shts/Box",Anker Astro 15000mAh USB Portable Charger,1,0.0002,0.1,100.18
"Eaton Premium Continuous-Feed Paper, 25% Cotton, Letter Size, White, 1000 Shts/Box",Avery Premier Heavy-Duty Binder with Round Locking Rings,1,0.0002,0.1,71.56
"Eaton Premium Continuous-Feed Paper, 25% Cotton, Letter Size, White, 1000 Shts/Box",Balt Split Level Computer Training Table,1,0.0002,0.1,100.18
"Eberhard Faber 3 1/2"" Golf Pencils","BIC Brite Liner Grip Highlighters, Assorted, 5/Pack",1,0.0002,0.1429,119.26
"Eberhard Faber 3 1/2"" Golf Pencils",Imation Swivel Flash Drive USB flash drive - 8 GB,1,0.0002,0.1429,357.79
"Eberhard Faber 3 1/2"" Golf Pencils",Newell 35,1,0.0002,0.1429,79.51
"Eberhard Faber 3 1/2"" Golf Pencils","Mini 13-1/2 Capacity Data Binder Rack, Pearl",1,0.0002,0.1429,143.11
"Eberhard Faber 3 1/2"" Golf Pencils",Xerox 1900,1,0.0002,0.1429,102.22
EcoTones Memo Sheets,"Iceberg Nesting Folding Chair, 19w x 6d x 43h",1,0.0002,0.3333,278.28
EcoTones Memo Sheets,"Acco Pressboard Covers with Storage Hooks, 9 1/2"" x 11"", Executive Red",1,0.0002,0.3333,185.52
EcoTones Memo Sheets,Belkin 6 Outlet Metallic Surge Strip,1,0.0002,0.3333,185.52
EcoTones Memo Sheets,"GBC Twin Loop Wire Binding Elements, 9/16"" Spine, Black",1,0.0002,0.3333,185.52
EcoTones Memo Sheets,Xerox 1957,1,0.0002,0.3333,278.28
Economy #2 Pencils,Bevis Boat-Shaped Conference Table,1,0.0002,0.25,208.71
Economy #2 Pencils,Regeneration Desk Collection,1,0.0002,0.25,250.45
Economy #2 Pencils,"Wirebound Message Books, Four 2 3/4 x 5 Forms per Page, 200 Sets per Book",1,0.0002,0.25,208.71
Economy #2 Pencils,Advantus Plastic Paper Clips,1,0.0002,0.25,125.22
Economy #2 Pencils,Boston 16750 Black Compact Battery Pencil Sharpener,1,0.0002,0.25,626.12
Economy Binders,"Eldon Expressions Wood Desk Accessories, Oak",1,0.0002,0.25,104.35
Economy Binders,"Plantronics CS 50-USB - headset - Convertible, Monaural",1,0.0002,0.25,250.45
Economy Binders,"Wirebound Message Books, Four 2 3/4 x 5 White Forms per Page",1,0.0002,0.25,178.89
Economy Binders,"6"" Cubicle Wall Clock, Black",1,0.0002,0.25,313.06
Economy Binders,"SimpliFile Personal File, Black Granite, 15w x 6-15/16d x 11-1/4h",1,0.0002,0.25,156.53
Economy Rollaway Files,Ooma Telo VoIP Home Phone System,1,0.0002,0.1429,143.11
Economy Rollaway Files,Recycled Easel Ring Binders,1,0.0002,0.1429,79.51
Economy Rollaway Files,White Computer Printout Paper by Universal,1,0.0002,0.1429,89.45
Economy Rollaway Files,Hunt Boston Vacuum Mount KS Pencil Sharpener,1,0.0002,0.1429,143.11
Economy Rollaway Files,Sharp 1540cs Digital Laser Copier,1,0.0002,0.1429,102.22
"Eldon ""L"" Workstation Diamond Chairmat","Belkin 19"" Vented Equipment Shelf, Black",1,0.0002,0.25,125.22
"Eldon ""L"" Workstation Diamond Chairmat","DAX Copper Panel Document Frame, 5 x 7 Size",1,0.0002,0.25,250.45
"Eldon ""L"" Workstation Diamond Chairmat",Xerox 1895,1,0.0002,0.25,178.89
"Eldon ""L"" Workstation Diamond Chairmat",Safco Industrial Shelving,1,0.0002,0.25,250.45
Eldon 100 Class Desk Accessories,Acme Box Cutter Scissors,1,0.0002,0.25,208.71
Eldon 100 Class Desk Accessories,Logitech P710e Mobile Speakerphone,1,0.0002,0.25,139.14
Eldon 100 Class Desk Accessories,Motorola L703CM,1,0.0002,0.25,208.71
Eldon 100 Class Desk Accessories,Xerox 1903,1,0.0002,0.25,208.71
Eldon 100 Class Desk Accessories,"Binney & Smith Crayola Metallic Colored Pencils, 8-Color Set",1,0.0002,0.25,178.89
Eldon 200 Class Desk Accessories,Cameo Buff Policy Envelopes,1,0.0002,0.1429,89.45
Eldon 200 Class Desk Accessories,Xerox 231,1,0.0002,0.1429,143.11
Eldon 200 Class Desk Accessories,"Howard Miller 13"" Diameter Pewter Finish Round Wall Clock",1,0.0002,0.1429,102.22
Eldon 200 Class Desk Accessories,Southworth Parchment Paper & Envelopes,1,0.0002,0.1429,119.26
Eldon 200 Class Desk Accessories,Vinyl Sectional Post Binders,1,0.0002,0.1429,65.05
"Eldon 200 Class Desk Accessories, Black",Aastra 57i VoIP phone,1,0.0002,0.5,357.79
"Eldon 200 Class Desk Accessories, Black",Ames Color-File Green Diamond Border X-ray Mailers,1,0.0002,0.5,626.12
"Eldon 200 Class Desk Accessories, Black","Belkin 19"" Vented Equipment Shelf, Black",1,0.0002,0.5,250.45
"Eldon 200 Class Desk Accessories, Black","Bush Andora Bookcase, Maple/Graphite Gray Finish",1,0.0002,0.5,278.28
"Eldon 200 Class Desk Accessories, Black","Carina 42""Hx23 3/4""W Media Storage Unit",1,0.0002,0.5,313.06
"Eldon 200 Class Desk Accessories, Burgundy",Samsung Galaxy S4,1,0.0002,0.2,200.36
"Eldon 200 Class Desk Accessories, Burgundy",Acco Suede Grain Vinyl Round Ring Binder,1,0.0002,0.2,125.22
"Eldon 200 Class Desk Accessories, Burgundy","BOSTON Model 1800 Electric Pencil Sharpeners, Putty/Woodgrain",1,0.0002,0.2,166.97
"Eldon 200 Class Desk Accessories, Burgundy","Deflect-o RollaMat Studded, Beveled Mat for Medium Pile Carpeting",1,0.0002,0.2,166.97
"Eldon 200 Class Desk Accessories, Burgundy",GE 30524EE4,1,0.0002,0.2,111.31
"Eldon 200 Class Desk Accessories, Smoke",Portable Personal File Box,1,0.0002,0.25,208.71
"Eldon 200 Class Desk Accessories, Smoke",SanDisk Cruzer 32 GB USB Flash Drive,1,0.0002,0.25,208.71
"Eldon 200 Class Desk Accessories, Smoke",Xerox 23,1,0.0002,0.25,208.71
"Eldon 200 Class Desk Accessories, Smoke",Staples,1,0.0002,0.25,5.64
"Eldon 200 Class Desk Accessories, Smoke",I Need's 3d Hello Kitty Hybrid Silicone Case Cover for HTC One X 4g with 3d Hello Kitty Stylus Pen Green/pink,1,0.0002,0.25,125.22
"Eldon 300 Class Desk Accessories, Black",Cyber Acoustics AC-202b Speech Recognition Stereo Headset,1,0.0002,0.5,500.9
"Eldon 300 Class Desk Accessories, Black",Eldon Image Series Black Desk Accessories,1,0.0002,0.5,500.9
"Eldon 300 Class Desk Accessories, Black",First Data TMFD35 PIN Pad,1,0.0002,0.5,1252.25
"Eldon 300 Class Desk Accessories, Black",Home/Office Personal File Carts,1,0.0002,0.5,357.79
"Eldon 300 Class Desk Accessories, Black","Pressboard Data Binder, Crimson, 12"" X 8 1/2""",1,0.0002,0.5,834.83
"Eldon 400 Class Desk Accessories, Black Carbon",Fellowes Black Plastic Comb Bindings,1,0.0002,0.1667,92.76
"Eldon 400 Class Desk Accessories, Black Carbon",Xerox 1970,1,0.0002,0.1667,139.14
"Eldon 400 Class Desk Accessories, Black Carbon","Wilson Jones Ledger-Size, Piano-Hinge Binder, 2"", Blue",1,0.0002,0.1667,69.57
"Eldon 400 Class Desk Accessories, Black Carbon",Lexmark 20R1285 X6650 Wireless All-in-One Printer,1,0.0002,0.1667,417.42
"Eldon 400 Class Desk Accessories, Black Carbon",Deflect-o DuraMat Antistatic Studded Beveled Mat for Medium Pile Carpeting,1,0.0002,0.1667,166.97
Eldon 500 Class Desk Accessories,Deluxe Rollaway Locking File with Drawer,1,0.0002,0.1667,166.97
Eldon 500 Class Desk Accessories,VTech DS6151,1,0.0002,0.1667,104.35
Eldon 500 Class Desk Accessories,Fiskars Home & Office Scissors,1,0.0002,0.1667,278.28
Eldon 500 Class Desk Accessories,Sanford Pocket Accent Highlighters,1,0.0002,0.1667,278.28
Eldon 500 Class Desk Accessories,"DAX Two-Tone Rosewood/Black Document Frame, Desktop, 5 x 7",1,0.0002,0.1667,104.35
Eldon Advantage Chair Mats for Low to Medium Pile Carpets,Xerox 1948,1,0.0002,0.2,333.93
Eldon Advantage Chair Mats for Low to Medium Pile Carpets,Acme Forged Steel Scissors with Black Enamel Handles,1,0.0002,0.2,125.22
Eldon Advantage Chair Mats for Low to Medium Pile Carpets,Avery 519,1,0.0002,0.2,166.97
Eldon Advantage Foldable Chair Mats for Low Pile Carpets,Avery Round Ring Poly Binders,1,0.0002,0.3333,278.28
Eldon Advantage Foldable Chair Mats for Low Pile Carpets,DIXON Ticonderoga Erasable Checking Pencils,1,0.0002,0.3333,238.52
Eldon Advantage Foldable Chair Mats for Low Pile Carpets,GBC Prestige Therm-A-Bind Covers,1,0.0002,0.3333,166.97
Eldon Advantage Foldable Chair Mats for Low Pile Carpets,"Verbatim Slim CD and DVD Storage Cases, 50/Pack",1,0.0002,0.3333,417.42
Eldon Antistatic Chair Mats for Low to Medium Pile Carpets,GBC Durable Plastic Covers,1,0.0002,0.25,156.53
Eldon Antistatic Chair Mats for Low to Medium Pile Carpets,"HP Officejet Pro 8600 e-All-In-One Printer, Copier, Scanner, Fax",1,0.0002,0.25,626.12
Eldon Antistatic Chair Mats for Low to Medium Pile Carpets,"Howard Miller 12"" Round Wall Clock",1,0.0002,0.25,626.12
Eldon Antistatic Chair Mats for Low to Medium Pile Carpets,"Important Message Pads, 50 4-1/4 x 5-1/2 Forms per Pad",1,0.0002,0.25,313.06
"Eldon Base for stackable storage shelf, platinum","Adams ""While You Were Out"" Message Pads",1,0.0002,0.1429,143.11
"Eldon Base for stackable storage shelf, platinum","White Business Envelopes with Contemporary Seam, Recycled White Business Envelopes",1,0.0002,0.1429,119.26
"Eldon Base for stackable storage shelf, platinum",AT&T SB67148 SynJ,1,0.0002,0.1429,238.52
"Eldon Base for stackable storage shelf, platinum",Ibico EB-19 Dual Function Manual Binding System,1,0.0002,0.1429,89.45
"Eldon Base for stackable storage shelf, platinum",Jabra Supreme Plus Driver Edition Headset,1,0.0002,0.1429,143.11
Eldon Cleatmat Chair Mats for Medium Pile Carpets,Standard Rollaway File with Lock,1,0.0002,0.25,125.22
Eldon Cleatmat Chair Mats for Medium Pile Carpets,Xerox 189,1,0.0002,0.25,208.71
Eldon Cleatmat Chair Mats for Medium Pile Carpets,Xerox 1893,1,0.0002,0.25,113.84
Eldon Cleatmat Chair Mats for Medium Pile Carpets,Xerox 2,1,0.0002,0.25,139.14
Eldon Cleatmat Chair Mats for Medium Pile Carpets,Swingline SM12-08 MicroCut Jam Free Shredder,1,0.0002,0.25,417.42
Eldon Cleatmat Plus Chair Mats for High Pile Carpets,Wilson Jones Snap Scratch Pad Binder Tool for Ring Binders,1,0.0002,0.2,200.36
Eldon Cleatmat Plus Chair Mats for High Pile Carpets,Bevis Rectangular Conference Tables,1,0.0002,0.2,250.45
Eldon Cleatmat Plus Chair Mats for High Pile Carpets,"Commercial WindTunnel Clean Air Upright Vacuum, Replacement Belts, Filtration Bags",1,0.0002,0.2,143.11
Eldon Cleatmat Plus Chair Mats for High Pile Carpets,Peel & Stick Add-On Corner Pockets,1,0.0002,0.2,143.11
Eldon Cleatmat Plus Chair Mats for High Pile Carpets,"Global Task Chair, Black",1,0.0002,0.2,200.36
Eldon ClusterMat Chair Mat with Cordless Antistatic Protection,Global Deluxe Office Fabric Chairs,1,0.0002,0.2,166.97
Eldon ClusterMat Chair Mat with Cordless Antistatic Protection,"Howard Miller 13"" Diameter Goldtone Round Wall Clock",1,0.0002,0.2,166.97
Eldon ClusterMat Chair Mat with Cordless Antistatic Protection,Ibico Laser Imprintable Binding System Covers,1,0.0002,0.2,125.22
Eldon ClusterMat Chair Mat with Cordless Antistatic Protection,"Vinyl Coated Wire Paper Clips in Organizer Box, 800/Box",1,0.0002,0.2,125.22
Eldon ClusterMat Chair Mat with Cordless Antistatic Protection,"Acco Pressboard Covers with Storage Hooks, 9 1/2"" x 11"", Executive Red",1,0.0002,0.2,111.31
"Eldon Delta Triangular Chair Mat, 52"" x 58"", Clear",SanDisk Ultra 64 GB MicroSDHC Class 10 Memory Card,1,0.0002,0.1667,139.14
"Eldon Delta Triangular Chair Mat, 52"" x 58"", Clear",Carina Media Storage Towers in Natural & Black,1,0.0002,0.1667,166.97
"Eldon Delta Triangular Chair Mat, 52"" x 58"", Clear",Enermax Aurora Lite Keyboard,1,0.0002,0.1667,166.97
"Eldon Delta Triangular Chair Mat, 52"" x 58"", Clear",Fellowes Econo/Stor Drawers,1,0.0002,0.1667,417.42
"Eldon Delta Triangular Chair Mat, 52"" x 58"", Clear",Peel & Stick Add-On Corner Pockets,1,0.0002,0.1667,119.26
Eldon Econocleat Chair Mats for Low Pile Carpets,Deluxe Chalkboard Eraser Cleaner,1,0.0002,0.5,500.9
Eldon Econocleat Chair Mats for Low Pile Carpets,Smead Adjustable Mobile File Trolley with Lockable Top,1,0.0002,0.5,834.83
Eldon Econocleat Chair Mats for Low Pile Carpets,"Acco Data Flex Cable Posts For Top & Bottom Load Binders, 6"" Capacity",1,0.0002,0.5,250.45
Eldon Econocleat Chair Mats for Low Pile Carpets,Flat Face Poster Frame,1,0.0002,0.5,208.71
Eldon Econocleat Chair Mats for Low Pile Carpets,Global Comet Stacking Armless Chair,1,0.0002,0.5,417.42
Eldon Executive Woodline II Cherry Finish Desk Accessories,"Global Value Mid-Back Manager's Chair, Gray",1,0.0002,0.5,250.45
"Eldon Executive Woodline II Desk Accessories, Mahogany",Nu-Dell EZ-Mount Plastic Wall Frames,1,0.0002,0.2,500.9
"Eldon Executive Woodline II Desk Accessories, Mahogany",Poly Designer Cover & Back,1,0.0002,0.2,143.11
"Eldon Executive Woodline II Desk Accessories, Mahogany",Avery 49,1,0.0002,0.2,166.97
"Eldon Executive Woodline II Desk Accessories, Mahogany",Xerox 1975,1,0.0002,0.2,200.36
"Eldon Executive Woodline II Desk Accessories, Mahogany",Xerox 1996,1,0.0002,0.2,125.22
"Eldon Expressions Desk Accessory, Wood Pencil Holder, Oak","Wirebound Service Call Books, 5 1/2"" x 4""",1,0.0002,0.25,250.45
"Eldon Expressions Desk Accessory, Wood Pencil Holder, Oak",Acrylic Self-Standing Desk Frames,1,0.0002,0.25,156.53
"Eldon Expressions Desk Accessory, Wood Pencil Holder, Oak",Convenience Packs of Business Envelopes,1,0.0002,0.25,208.71
"Eldon Expressions Desk Accessory, Wood Pencil Holder, Oak",Apple iPhone 5C,1,0.0002,0.25,313.06
"Eldon Expressions Desk Accessory, Wood Pencil Holder, Oak",Hon 4700 Series Mobuis Mid-Back Task Chairs with Adjustable Arms,1,0.0002,0.25,208.71
"Eldon Expressions Desk Accessory, Wood Photo Frame, Mahogany",GBC VeloBinder Manual Binding System,1,0.0002,0.1667,104.35
"Eldon Expressions Desk Accessory, Wood Photo Frame, Mahogany","Hot File 7-Pocket, Floor Stand",1,0.0002,0.1667,64.22
"Eldon Expressions Desk Accessory, Wood Photo Frame, Mahogany",Insertable Tab Post Binder Dividers,1,0.0002,0.1667,104.35
"Eldon Expressions Desk Accessory, Wood Photo Frame, Mahogany",Xerox 1889,1,0.0002,0.1667,278.28
"Eldon Expressions Desk Accessory, Wood Photo Frame, Mahogany",Avery 509,1,0.0002,0.1667,208.71
Eldon Expressions Mahogany Wood Desk Collection,"Fellowes Strictly Business Drawer File, Letter/Legal Size",1,0.0002,0.5,357.79
Eldon Expressions Mahogany Wood Desk Collection,"Wirebound Service Call Books, 5 1/2"" x 4""",1,0.0002,0.5,500.9
Eldon Expressions Mahogany Wood Desk Collection,"Global Fabric Manager's Chair, Dark Gray",1,0.0002,0.5,278.28
Eldon Expressions Mahogany Wood Desk Collection,Logitech Wireless Headset h800,1,0.0002,0.5,417.42
Eldon Expressions Mahogany Wood Desk Collection,Manco Dry-Lighter Erasable Highlighter,1,0.0002,0.5,357.79
"Eldon Expressions Punched Metal & Wood Desk Accessories, Black & Cherry",GBC DocuBind TL300 Electric Binding System,2,0.000399,0.4,182.15
"Eldon Expressions Punched Metal & Wood Desk Accessories, Black & Cherry",Binder Posts,1,0.0002,0.2,166.97
"Eldon Expressions Punched Metal & Wood Desk Accessories, Black & Cherry",Logitech 910-002974 M325 Wireless Mouse for Web Scrolling,1,0.0002,0.2,66.79
"Eldon Expressions Punched Metal & Wood Desk Accessories, Black & Cherry",Logitech Trackman Marble Mouse,1,0.0002,0.2,111.31
"Eldon Expressions Punched Metal & Wood Desk Accessories, Pewter & Cherry",Avery White Multi-Purpose Labels,1,0.0002,0.3333,417.42
"Eldon Expressions Punched Metal & Wood Desk Accessories, Pewter & Cherry",Jabra SPEAK 410,1,0.0002,0.3333,185.52
"Eldon Expressions Punched Metal & Wood Desk Accessories, Pewter & Cherry",Luxo Economy Swing Arm Lamp,1,0.0002,0.3333,333.93
"Eldon Expressions Punched Metal & Wood Desk Accessories, Pewter & Cherry",Memorex Froggy Flash Drive 4 GB,1,0.0002,0.3333,333.93
"Eldon Expressions Punched Metal & Wood Desk Accessories, Pewter & Cherry","Southworth 100% Résumé Paper, 24lb.",1,0.0002,0.3333,238.52
"Eldon Expressions Wood Desk Accessories, Oak","Chromcraft Bull-Nose Wood 48"" x 96"" Rectangular Conference Tables",1,0.0002,0.0833,69.57
"Eldon Expressions Wood Desk Accessories, Oak",Eldon Wave Desk Accessories,1,0.0002,0.0833,29.82
"Eldon Expressions Wood Desk Accessories, Oak",GBC Recycled VeloBinder Covers,1,0.0002,0.0833,52.18
"Eldon Expressions Wood Desk Accessories, Oak",Hon Pagoda Stacking Chairs,1,0.0002,0.0833,104.35
"Eldon Expressions Wood Desk Accessories, Oak",Lumber Crayons,1,0.0002,0.0833,69.57
"Eldon Expressions Wood and Plastic Desk Accessories, Cherry Wood",Belkin F5C206VTEL 6 Outlet Surge,1,0.0002,0.2,143.11
"Eldon Expressions Wood and Plastic Desk Accessories, Cherry Wood",Chromcraft Rectangular Conference Tables,1,0.0002,0.2,111.31
"Eldon Expressions Wood and Plastic Desk Accessories, Cherry Wood",DXL Angle-View Binders with Locking Rings by Samsill,1,0.0002,0.2,100.18
"Eldon Expressions Wood and Plastic Desk Accessories, Cherry Wood",Konftel 250 Conference phone - Charcoal black,1,0.0002,0.2,250.45
"Eldon Expressions Wood and Plastic Desk Accessories, Cherry Wood",Mitel 5320 IP Phone VoIP phone,1,0.0002,0.2,250.45
"Eldon Expressions Wood and Plastic Desk Accessories, Oak","Acco Flexible ACCOHIDE Square Ring Data Binder, Dark Blue, 11 1/2"" X 14"" 7/8""",1,0.0002,0.2,100.18
"Eldon Expressions Wood and Plastic Desk Accessories, Oak",DAX Two-Tone Silver Metal Document Frame,1,0.0002,0.2,166.97
"Eldon Expressions Wood and Plastic Desk Accessories, Oak",Logitech P710e Mobile Speakerphone,1,0.0002,0.2,111.31
"Eldon Expressions Wood and Plastic Desk Accessories, Oak",SanDisk Cruzer 64 GB USB Flash Drive,1,0.0002,0.2,111.31
"Eldon Expressions Wood and Plastic Desk Accessories, Oak",Newell Chalk Holder,1,0.0002,0.2,143.11
Eldon Fold 'N Roll Cart System,"Acco Pressboard Covers with Storage Hooks, 9 1/2"" x 11"", Executive Red",1,0.0002,0.2,111.31
Eldon Fold 'N Roll Cart System,Eldon ClusterMat Chair Mat with Cordless Antistatic Protection,1,0.0002,0.2,200.36
Eldon Fold 'N Roll Cart System,Fellowes Bases and Tops For Staxonsteel/High-Stak Systems,1,0.0002,0.2,100.18
Eldon Fold 'N Roll Cart System,"Holmes Replacement Filter for HEPA Air Cleaner, Very Large Room, HEPA Filter",1,0.0002,0.2,100.18
Eldon Fold 'N Roll Cart System,Panasonic KP-4ABK Battery-Operated Pencil Sharpener,1,0.0002,0.2,250.45
Eldon Gobal File Keepers,Eldon ProFile File 'N Store Portable File Tub Letter/Legal Size Black,1,0.0002,0.1667,119.26
Eldon Gobal File Keepers,"Executive Impressions 12"" Wall Clock",1,0.0002,0.1667,139.14
Eldon Gobal File Keepers,GBC Prestige Therm-A-Bind Covers,1,0.0002,0.1667,83.48
Eldon Gobal File Keepers,Hoover Shoulder Vac Commercial Portable Vacuum,1,0.0002,0.1667,139.14
Eldon Gobal File Keepers,"SAFCO Commercial Wire Shelving, Black",1,0.0002,0.1667,83.48
Eldon Image Series Black Desk Accessories,"Fellowes Mobile File Cart, Black",1,0.0002,0.2,100.18
Eldon Image Series Black Desk Accessories,Xerox 1889,1,0.0002,0.2,333.93
Eldon Image Series Black Desk Accessories,Black & Decker Filter for Double Action Dustbuster Cordless Vac BLDV7210,1,0.0002,0.2,166.97
Eldon Image Series Black Desk Accessories,Colored Envelopes,1,0.0002,0.2,200.36
Eldon Image Series Black Desk Accessories,Wilson Electronics DB Pro Signal Booster,1,0.0002,0.2,100.18
"Eldon Image Series Desk Accessories, Burgundy",Longer-Life Soft White Bulbs,1,0.0002,0.125,62.61
"Eldon Image Series Desk Accessories, Burgundy",Woodgrain Magazine Files by Perma,1,0.0002,0.125,104.35
"Eldon Image Series Desk Accessories, Burgundy",Avery Hi-Liter Fluorescent Desk Style Markers,1,0.0002,0.125,313.06
"Eldon Image Series Desk Accessories, Burgundy",BIC Brite Liner Grip Highlighters,1,0.0002,0.125,125.22
"Eldon Image Series Desk Accessories, Burgundy",Luxo Professional Fluorescent Magnifier Lamp with Clamp-Mount Base,1,0.0002,0.125,125.22
"Eldon Image Series Desk Accessories, Ebony",Sanford 52201 APSCO Electric Pencil Sharpener,1,0.0002,0.2,250.45
"Eldon Image Series Desk Accessories, Ebony","Vinyl Coated Wire Paper Clips in Organizer Box, 800/Box",1,0.0002,0.2,125.22
"Eldon Image Series Desk Accessories, Ebony","Tenex Chairmat w/ Average Lip, 45"" x 53""",1,0.0002,0.2,250.45
"Eldon Image Series Desk Accessories, Ebony",Chromcraft Bull-Nose Wood Oval Conference Tables & Bases,1,0.0002,0.2,200.36
"Eldon Image Series Desk Accessories, Ebony",Eldon 500 Class Desk Accessories,1,0.0002,0.2,166.97
"Eldon Imàge Series Desk Accessories, Clear",Staples,1,0.0002,0.3333,7.52
"Eldon Imàge Series Desk Accessories, Clear","DAX Two-Tone Rosewood/Black Document Frame, Desktop, 5 x 7",1,0.0002,0.3333,208.71
"Eldon Imàge Series Desk Accessories, Clear","Eldon 200 Class Desk Accessories, Burgundy",1,0.0002,0.3333,333.93
"Eldon Imàge Series Desk Accessories, Clear",Weyerhaeuser First Choice Laser/Copy Paper (20Lb. and 88 Bright),1,0.0002,0.3333,333.93
"Eldon Imàge Series Desk Accessories, Clear","iKross Bluetooth Portable Keyboard + Cell Phone Stand Holder + Brush for Apple iPhone 5S 5C 5, 4S 4",1,0.0002,0.3333,333.93
Eldon Jumbo ProFile Portable File Boxes Graphite/Black,Belkin 7-Outlet SurgeMaster Home Series,1,0.0002,1.0,1001.8
Eldon Mobile Mega Data Cart  Mega Stackable  Add-On Trays,Global Comet Stacking Armless Chair,1,0.0002,0.1667,139.14
Eldon Mobile Mega Data Cart  Mega Stackable  Add-On Trays,Newell 32,1,0.0002,0.1667,139.14
Eldon Mobile Mega Data Cart  Mega Stackable  Add-On Trays,Safco Drafting Table,1,0.0002,0.1667,208.71
Eldon Mobile Mega Data Cart  Mega Stackable  Add-On Trays,Cardinal Holdit Data Disk Pockets,1,0.0002,0.1667,278.28
Eldon Mobile Mega Data Cart  Mega Stackable  Add-On Trays,Newell 319,1,0.0002,0.1667,104.35
Eldon Pizzaz Desk Accessories,Self-Adhesive Address Labels for Typewriters by Universal,1,0.0002,0.25,178.89
Eldon Pizzaz Desk Accessories,Avery 503,1,0.0002,0.25,313.06
Eldon Pizzaz Desk Accessories,Fellowes Advanced 8 Outlet Surge Suppressor with Phone/Fax Protection,1,0.0002,0.25,417.42
Eldon Pizzaz Desk Accessories,Ibico Laser Imprintable Binding System Covers,1,0.0002,0.25,156.53
Eldon Pizzaz Desk Accessories,Xerox 208,1,0.0002,0.25,626.12
Eldon Portable Mobile Manager,Avery Non-Stick Binders,1,0.0002,0.1111,27.83
Eldon Portable Mobile Manager,O'Sullivan Living Dimensions 2-Shelf Bookcases,1,0.0002,0.1111,55.66
Eldon Portable Mobile Manager,Premier Automatic Letter Opener,1,0.0002,0.1111,111.31
Eldon Portable Mobile Manager,Serrated Blade or Curved Handle Hand Letter Openers,1,0.0002,0.1111,278.28
Eldon Portable Mobile Manager,Imation Bio 8GB USB Flash Drive Imation Corp,1,0.0002,0.1111,139.14
Eldon ProFile File 'N Store Portable File Tub Letter/Legal Size Black,Eldon Gobal File Keepers,1,0.0002,0.1429,119.26
Eldon ProFile File 'N Store Portable File Tub Letter/Legal Size Black,"Executive Impressions 12"" Wall Clock",1,0.0002,0.1429,119.26
Eldon ProFile File 'N Store Portable File Tub Letter/Legal Size Black,GBC Prestige Therm-A-Bind Covers,1,0.0002,0.1429,71.56
Eldon ProFile File 'N Store Portable File Tub Letter/Legal Size Black,Logitech Wireless Performance Mouse MX for PC and Mac,1,0.0002,0.1429,102.22
Eldon ProFile File 'N Store Portable File Tub Letter/Legal Size Black,"Bush Westfield Collection Bookcases, Fully Assembled",1,0.0002,0.1429,119.26
Eldon Radial Chair Mat for Low to Medium Pile Carpets,Advantus Plastic Paper Clips,1,0.0002,0.1667,83.48
Eldon Radial Chair Mat for Low to Medium Pile Carpets,Xerox 1993,1,0.0002,0.1667,104.35
Eldon Radial Chair Mat for Low to Medium Pile Carpets,24-Hour Round Wall Clock,1,0.0002,0.1667,139.14
Eldon Radial Chair Mat for Low to Medium Pile Carpets,"Howard Miller 13-1/2"" Diameter Rosebrook Wall Clock",1,0.0002,0.1667,166.97
Eldon Radial Chair Mat for Low to Medium Pile Carpets,Large Capacity Hanging Post Binders,1,0.0002,0.1667,166.97
"Eldon Regeneration Recycled Desk Accessories, Black",Canon PC1060 Personal Laser Copier,1,0.0002,0.3333,417.42
"Eldon Regeneration Recycled Desk Accessories, Black",Lexmark S315 Color Inkjet Printer,1,0.0002,0.3333,834.83
"Eldon Regeneration Recycled Desk Accessories, Black",OtterBox Commuter Series Case - iPhone 5 & 5s,1,0.0002,0.3333,417.42
"Eldon Regeneration Recycled Desk Accessories, Black",Sharp 1540cs Digital Laser Copier,1,0.0002,0.3333,238.52
"Eldon Regeneration Recycled Desk Accessories, Black",GBC VeloBind Cover Sets,1,0.0002,0.3333,151.79
"Eldon Regeneration Recycled Desk Accessories, Smoke",Acme Rosewood Handle Letter Opener,1,0.0002,0.2,333.93
"Eldon Regeneration Recycled Desk Accessories, Smoke","Ampad Evidence Wirebond Steno Books, 6"" x 9""",1,0.0002,0.2,250.45
"Eldon Regeneration Recycled Desk Accessories, Smoke",Fellowes 8 Outlet Superior Workstation Surge Protector w/o Phone/Fax/Modem Protection,1,0.0002,0.2,200.36
"Eldon Regeneration Recycled Desk Accessories, Smoke","IBM Multi-Purpose Copy Paper, 8 1/2 x 11"", Case",1,0.0002,0.2,166.97
"Eldon Regeneration Recycled Desk Accessories, Smoke",Samsung Galaxy Mega 6.3,1,0.0002,0.2,166.97
Eldon Shelf Savers Cubes and Bins,Anderson Hickey Conga Table Tops & Accessories,1,0.0002,0.125,313.06
Eldon Shelf Savers Cubes and Bins,Staples,1,0.0002,0.125,2.82
Eldon Shelf Savers Cubes and Bins,Xerox 1928,1,0.0002,0.125,156.53
Eldon Shelf Savers Cubes and Bins,"Atlantic Metals Mobile 5-Shelf Bookcases, Custom Colors",1,0.0002,0.125,78.27
Eldon Shelf Savers Cubes and Bins,"Inter-Office Recycled Envelopes, Brown Kraft, Button-String,10"" x 13"" , 100/Box",1,0.0002,0.125,208.71
Eldon Simplefile Box Office,AT&T SB67148 SynJ,1,0.0002,0.125,208.71
Eldon Simplefile Box Office,Memorex Mini Travel Drive 64 GB USB 2.0 Flash Drive,1,0.0002,0.125,104.35
Eldon Simplefile Box Office,"Acme 10"" Easy Grip Assistive Scissors",1,0.0002,0.125,78.27
Eldon Simplefile Box Office,"GBC Twin Loop Wire Binding Elements, 9/16"" Spine, Black",1,0.0002,0.125,69.57
Eldon Simplefile Box Office,"Boston Electric Pencil Sharpener, Model 1818, Charcoal Black",1,0.0002,0.125,78.27
"Eldon Spacemaker Box, Quick-Snap Lid, Clear",Cardinal Hold-It CD Pocket,1,0.0002,0.1667,208.71
"Eldon Spacemaker Box, Quick-Snap Lid, Clear",Kensington 6 Outlet SmartSocket Surge Protector,1,0.0002,0.1667,417.42
"Eldon Spacemaker Box, Quick-Snap Lid, Clear",Storex DuraTech Recycled Plastic Frosted Binders,1,0.0002,0.1667,104.35
"Eldon Spacemaker Box, Quick-Snap Lid, Clear","Pressboard Covers with Storage Hooks, 9 1/2"" x 11"", Light Blue",1,0.0002,0.1667,69.57
"Eldon Spacemaker Box, Quick-Snap Lid, Clear",Eldon Pizzaz Desk Accessories,1,0.0002,0.1667,208.71
"Eldon Stackable Tray, Side-Load, Legal, Smoke",Dell Slim USB Multimedia Keyboard,1,0.0002,0.2,500.9
"Eldon Stackable Tray, Side-Load, Legal, Smoke",GBC DocuBind P100 Manual Binding Machine,1,0.0002,0.2,125.22
"Eldon Stackable Tray, Side-Load, Legal, Smoke",Panasonic KX TS3282W Corded phone,1,0.0002,0.2,143.11
"Eldon Stackable Tray, Side-Load, Legal, Smoke",Belkin F9H710-06 7 Outlet SurgeMaster Surge Protector,1,0.0002,0.2,125.22
"Eldon Stackable Tray, Side-Load, Legal, Smoke",Wilson Jones Easy Flow II Sheet Lifters,1,0.0002,0.2,83.48
Eldon Wave Desk Accessories,OIC Binder Clips,2,0.000399,0.1429,102.22
Eldon Wave Desk Accessories,Poly Designer Cover & Back,2,0.000399,0.1429,102.22
Eldon Wave Desk Accessories,Avery 501,1,0.0002,0.0714,44.72
Eldon Wave Desk Accessories,"Avery Flip-Chart Easel Binder, Black",1,0.0002,0.0714,89.45
Eldon Wave Desk Accessories,Cisco 8x8 Inc. 6753i IP Business Phone System,1,0.0002,0.0714,59.63
Electrix 20W Halogen Replacement Bulb for Zoom-In Desk Lamp,Sensible Storage WireTech Storage Systems,1,0.0002,0.2,125.22
Electrix 20W Halogen Replacement Bulb for Zoom-In Desk Lamp,"#10 White Business Envelopes,4 1/8 x 9 1/2",1,0.0002,0.2,143.11
Electrix 20W Halogen Replacement Bulb for Zoom-In Desk Lamp,Staples,1,0.0002,0.2,4.51
"Electrix Architect's Clamp-On Swing Arm Lamp, Black","Adams Telephone Message Book W/Dividers/Space For Phone Numbers, 5 1/4""X8 1/2"", 300/Messages",1,0.0002,0.25,125.22
"Electrix Architect's Clamp-On Swing Arm Lamp, Black",Avery 49,1,0.0002,0.25,208.71
"Electrix Architect's Clamp-On Swing Arm Lamp, Black","BlueLounge Milo Smartphone Stand, White/Metallic",1,0.0002,0.25,417.42
"Electrix Architect's Clamp-On Swing Arm Lamp, Black","Elite 5"" Scissors",1,0.0002,0.25,178.89
"Electrix Architect's Clamp-On Swing Arm Lamp, Black","Fellowes Mobile File Cart, Black",1,0.0002,0.25,125.22
Electrix Fluorescent Magnifier Lamps & Weighted Base,Xerox 1882,1,0.0002,0.5,500.9
Electrix Halogen Magnifier Lamp,Avery 501,1,0.0002,0.1667,104.35
Electrix Halogen Magnifier Lamp,"Deflect-o EconoMat Nonstudded, No Bevel Mat",1,0.0002,0.1667,278.28
Electrix Halogen Magnifier Lamp,"Blue String-Tie & Button Interoffice Envelopes, 10 x 13",1,0.0002,0.1667,119.26
Electrix Halogen Magnifier Lamp,Honeywell Enviracaire Portable HEPA Air Cleaner for 17' x 22' Room,1,0.0002,0.1667,104.35
Electrix Halogen Magnifier Lamp,Xerox 210,1,0.0002,0.1667,139.14
"Electrix Incandescent Magnifying Lamp, Black","Cardinal Slant-D Ring Binder, Heavy Gauge Vinyl",1,0.0002,0.5,250.45
"Electrix Incandescent Magnifying Lamp, Black",Harmony Air Purifier,1,0.0002,0.5,500.9
"Elite 5"" Scissors",Advantus Panel Wall Certificate Holder - 8.5x11,1,0.0002,0.1429,119.26
"Elite 5"" Scissors","Quartet Omega Colored Chalk, 12/Pack",1,0.0002,0.1429,102.22
"Elite 5"" Scissors","Adams Telephone Message Book W/Dividers/Space For Phone Numbers, 5 1/4""X8 1/2"", 300/Messages",1,0.0002,0.1429,71.56
"Elite 5"" Scissors",Avery 49,1,0.0002,0.1429,119.26
"Elite 5"" Scissors","BlueLounge Milo Smartphone Stand, White/Metallic",1,0.0002,0.1429,238.52
Embossed Ink Jet Note Cards,Eldon Fold 'N Roll Cart System,1,0.0002,0.25,250.45
Embossed Ink Jet Note Cards,Xerox 1942,1,0.0002,0.25,208.71
Embossed Ink Jet Note Cards,Belkin F9S820V06 8 Outlet Surge,1,0.0002,0.25,313.06
Embossed Ink Jet Note Cards,"Howard Miller 11-1/2"" Diameter Ridgewood Wall Clock",1,0.0002,0.25,208.71
Embossed Ink Jet Note Cards,Newell 338,1,0.0002,0.25,626.12
Enermax Acrylux Wireless Keyboard,Xerox 1983,1,0.0002,0.1667,417.42
Enermax Acrylux Wireless Keyboard,Newell 317,1,0.0002,0.1667,119.26
Enermax Acrylux Wireless Keyboard,O'Sullivan Living Dimensions 5-Shelf Bookcases,1,0.0002,0.1667,139.14
Enermax Acrylux Wireless Keyboard,Barrel Sharpener,1,0.0002,0.1667,208.71
Enermax Acrylux Wireless Keyboard,"DXL Angle-View Binders with Locking Rings, Black",1,0.0002,0.1667,208.71
Enermax Aurora Lite Keyboard,Hon 2111 Invitation Series Corner Table,1,0.0002,0.2,250.45
Enermax Aurora Lite Keyboard,Wilson Jones Leather-Like Binders with DublLock Round Rings,1,0.0002,0.2,83.48
Enermax Aurora Lite Keyboard,Carina Media Storage Towers in Natural & Black,1,0.0002,0.2,200.36
Enermax Aurora Lite Keyboard,"Eldon Delta Triangular Chair Mat, 52"" x 58"", Clear",1,0.0002,0.2,166.97
Enermax Aurora Lite Keyboard,Fellowes Econo/Stor Drawers,1,0.0002,0.2,500.9
Enermax Briskie RF Wireless Keyboard and Mouse Combo,"Master Caster Door Stop, Brown",1,0.0002,0.2,111.31
Enermax Briskie RF Wireless Keyboard and Mouse Combo,Logitech G600 MMO Gaming Mouse,1,0.0002,0.2,125.22
Enermax Briskie RF Wireless Keyboard and Mouse Combo,Staples,1,0.0002,0.2,4.51
Enermax Briskie RF Wireless Keyboard and Mouse Combo,Tops White Computer Printout Paper,1,0.0002,0.2,250.45
Enermax Briskie RF Wireless Keyboard and Mouse Combo,GBC DocuBind TL200 Manual Binding Machine,1,0.0002,0.2,166.97
Epson Perfection V600 Photo Scanner,Fellowes Advanced 8 Outlet Surge Suppressor with Phone/Fax Protection,1,0.0002,1.0,1669.67
Epson Perfection V600 Photo Scanner,"GBC Prepunched Paper, 19-Hole, for Binding Systems, 24-lb",1,0.0002,1.0,715.57
Epson Perfection V600 Photo Scanner,Logitech 910-002974 M325 Wireless Mouse for Web Scrolling,1,0.0002,1.0,333.93
Epson Perfection V600 Photo Scanner,Stacking Trays by OIC,1,0.0002,1.0,834.83
Epson Perfection V600 Photo Scanner,Staples,1,0.0002,1.0,22.56
Epson TM-T88V Direct Thermal Printer - Monochrome - Desktop,Accohide Poly Flexible Ring Binders,1,0.0002,0.5,313.06
Epson TM-T88V Direct Thermal Printer - Monochrome - Desktop,SanDisk Cruzer 32 GB USB Flash Drive,1,0.0002,0.5,417.42
"Epson WorkForce WF-2530 All-in-One Printer, Copier Scanner",Advantus Plastic Paper Clips,1,0.0002,0.5,250.45
"Eureka Recycled Copy Paper 8 1/2"" x 11"", Ream",Xerox 1895,1,0.0002,0.1667,119.26
"Eureka Recycled Copy Paper 8 1/2"" x 11"", Ream",Premier Electric Letter Opener,1,0.0002,0.1667,104.35
"Eureka Recycled Copy Paper 8 1/2"" x 11"", Ream","Seth Thomas 12"" Clock w/ Goldtone Case",1,0.0002,0.1667,278.28
"Eureka Recycled Copy Paper 8 1/2"" x 11"", Ream",Avery 519,1,0.0002,0.1667,139.14
"Eureka Recycled Copy Paper 8 1/2"" x 11"", Ream",Poly String Tie Envelopes,1,0.0002,0.1667,75.89
Eureka Sanitaire  Commercial Upright,AT&T 841000 Phone,1,0.0002,0.3333,238.52
Eureka Sanitaire  Commercial Upright,Ampad #10 Peel & Seel Holiday Envelopes,1,0.0002,0.3333,556.56
Eureka Sanitaire  Commercial Upright,Bevis 36 x 72 Conference Tables,1,0.0002,0.3333,208.71
Eureka Sanitaire  Commercial Upright,Digium D40 VoIP phone,1,0.0002,0.3333,185.52
Eureka Sanitaire  Commercial Upright,SanDisk Cruzer 32 GB USB Flash Drive,1,0.0002,0.3333,278.28
"Eureka Sanitaire  Multi-Pro Heavy-Duty Upright, Disposable Bags","Sauder Forest Hills Library with Doors, Woodland Oak Finish",1,0.0002,0.2,333.93
"Eureka Sanitaire  Multi-Pro Heavy-Duty Upright, Disposable Bags","Bravo II Megaboss 12-Amp Hard Body Upright, Replacement Belts, 2 Belts per Pack",1,0.0002,0.2,200.36
"Eureka Sanitaire  Multi-Pro Heavy-Duty Upright, Disposable Bags",Bush Mission Pointe Library,1,0.0002,0.2,333.93
"Eureka Sanitaire  Multi-Pro Heavy-Duty Upright, Disposable Bags",Logitech P710e Mobile Speakerphone,1,0.0002,0.2,111.31
"Eureka Sanitaire  Multi-Pro Heavy-Duty Upright, Disposable Bags",VTech DS6151,1,0.0002,0.2,125.22
Eureka The Boss Cordless Rechargeable Stick Vac,Maxell 4.7GB DVD-R,1,0.0002,0.1667,75.89
Eureka The Boss Cordless Rechargeable Stick Vac,Southworth 25% Cotton Premium Laser Paper and Envelopes,1,0.0002,0.1667,166.97
Eureka The Boss Cordless Rechargeable Stick Vac,"Situations Contoured Folding Chairs, 4/Set",1,0.0002,0.1667,55.66
Eureka The Boss Cordless Rechargeable Stick Vac,"SKILCRAFT Telephone Shoulder Rest, 2"" x 6.5"" x 2.5"", Black",1,0.0002,0.1667,278.28
Eureka The Boss Cordless Rechargeable Stick Vac,"Eldon Expressions Wood and Plastic Desk Accessories, Cherry Wood",1,0.0002,0.1667,166.97
"Eureka The Boss Lite 10-Amp Upright Vacuum, Blue",Plantronics MX500i Earset,1,0.0002,0.25,178.89
"Eureka The Boss Lite 10-Amp Upright Vacuum, Blue",RCA H5401RE1 DECT 6.0 4-Line Cordless Handset With Caller ID/Call Waiting,1,0.0002,0.25,1252.25
"Eureka The Boss Lite 10-Amp Upright Vacuum, Blue",Memorex Micro Travel Drive 8 GB,1,0.0002,0.25,156.53
"Eureka The Boss Lite 10-Amp Upright Vacuum, Blue","Howard Miller 14-1/2"" Diameter Chrome Round Wall Clock",1,0.0002,0.25,178.89
"Eureka The Boss Lite 10-Amp Upright Vacuum, Blue",Ibico Covers for Plastic or Wire Binding Elements,1,0.0002,0.25,178.89
"Eureka The Boss Plus 12-Amp Hard Box Upright Vacuum, Red",Belkin Grip Candy Sheer Case / Cover for iPhone 5 and 5S,1,0.0002,0.1667,278.28
"Eureka The Boss Plus 12-Amp Hard Box Upright Vacuum, Red",GBC Plastic Binding Combs,1,0.0002,0.1667,83.48
"Eureka The Boss Plus 12-Amp Hard Box Upright Vacuum, Red",Newell 315,1,0.0002,0.1667,139.14
"Eureka The Boss Plus 12-Amp Hard Box Upright Vacuum, Red","Wilson Jones 1"" Hanging DublLock Ring Binders",1,0.0002,0.1667,83.48
"Eureka The Boss Plus 12-Amp Hard Box Upright Vacuum, Red",Wilson Jones Turn Tabs Binder Tool for Ring Binders,1,0.0002,0.1667,64.22
Euro Pro Shark Stick Mini Vacuum,Heavy-Duty E-Z-D Binders,1,0.0002,0.3333,208.71
Euro Pro Shark Stick Mini Vacuum,GBC VeloBind Cover Sets,1,0.0002,0.3333,151.79
Euro Pro Shark Stick Mini Vacuum,"Hot File 7-Pocket, Floor Stand",1,0.0002,0.3333,128.44
Euro Pro Shark Stick Mini Vacuum,Ibico Standard Transparent Covers,1,0.0002,0.3333,166.97
Euro Pro Shark Stick Mini Vacuum,Xerox 1911,1,0.0002,0.3333,333.93
Euro-Pro Shark Turbo Vacuum,Avery 485,1,0.0002,0.1667,104.35
Euro-Pro Shark Turbo Vacuum,DMI Eclipse Executive Suite Bookcases,1,0.0002,0.1667,139.14
Euro-Pro Shark Turbo Vacuum,Global Leather Executive Chair,1,0.0002,0.1667,119.26
Euro-Pro Shark Turbo Vacuum,Ooma Telo VoIP Home Phone System,1,0.0002,0.1667,166.97
Euro-Pro Shark Turbo Vacuum,Panasonic KX-TG9541B DECT 6.0 Digital 2-Line Expandable Cordless Phone With Digital Answering System,1,0.0002,0.1667,166.97
"Executive Impressions 10"" Spectator Wall Clock",Avery 477,1,0.0002,0.2,250.45
"Executive Impressions 10"" Spectator Wall Clock",Avery Hanging File Binders,1,0.0002,0.2,166.97
"Executive Impressions 10"" Spectator Wall Clock",DYMO CardScan Personal V9 Business Card Scanner,1,0.0002,0.2,333.93
"Executive Impressions 10"" Spectator Wall Clock",Mophie Juice Pack Helium for iPhone,1,0.0002,0.2,166.97
"Executive Impressions 10"" Spectator Wall Clock",Stacking Trays by OIC,1,0.0002,0.2,166.97
"Executive Impressions 12"" Wall Clock",Eldon Gobal File Keepers,1,0.0002,0.1667,139.14
"Executive Impressions 12"" Wall Clock",Eldon ProFile File 'N Store Portable File Tub Letter/Legal Size Black,1,0.0002,0.1667,119.26
"Executive Impressions 12"" Wall Clock",GBC Prestige Therm-A-Bind Covers,1,0.0002,0.1667,83.48
"Executive Impressions 12"" Wall Clock","Computer Room Manger, 14""",1,0.0002,0.1667,119.26
"Executive Impressions 12"" Wall Clock",Deluxe Rollaway Locking File with Drawer,1,0.0002,0.1667,166.97
"Executive Impressions 13"" Chairman Wall Clock","Hon Deluxe Fabric Upholstered Stacking Chairs, Rounded Back",1,0.0002,0.3333,139.14
"Executive Impressions 13"" Chairman Wall Clock","Avery Framed View Binder, EZD Ring (Locking), Navy, 1 1/2""",1,0.0002,0.3333,278.28
"Executive Impressions 13"" Clairmont Wall Clock","3M Polarizing Task Lamp with Clamp Arm, Light Gray",1,0.0002,0.125,156.53
"Executive Impressions 13"" Clairmont Wall Clock","GBC Laser Imprintable Binding System Covers, Desert Sand",1,0.0002,0.125,104.35
"Executive Impressions 13"" Clairmont Wall Clock",Plantronics Cordless Phone Headset with In-line Volume - M214C,1,0.0002,0.125,104.35
"Executive Impressions 13"" Clairmont Wall Clock",Xerox 2000,1,0.0002,0.125,125.22
"Executive Impressions 13"" Clairmont Wall Clock",Avery Fluorescent Highlighter Four-Color Set,1,0.0002,0.125,78.27
"Executive Impressions 13-1/2"" Indoor/Outdoor Wall Clock",DIXON Oriole Pencils,1,0.0002,0.5,417.42
"Executive Impressions 13-1/2"" Indoor/Outdoor Wall Clock",Xerox 1909,1,0.0002,0.5,278.28
"Executive Impressions 13-1/2"" Indoor/Outdoor Wall Clock","File Shuttle II and Handi-File, Black",1,0.0002,0.5,357.79
"Executive Impressions 14""",Chromcraft Round Conference Tables,1,0.0002,0.25,96.33
"Executive Impressions 14""",Honeywell Enviracaire Portable HEPA Air Cleaner for 17' x 22' Room,1,0.0002,0.25,156.53
"Executive Impressions 14""",Jensen SMPS-640 - speaker phone,1,0.0002,0.25,313.06
"Executive Impressions 14""",Steel Personal Filing/Posting Tote,1,0.0002,0.25,250.45
"Executive Impressions 14"" Contract Wall Clock",DMI Arturo Collection Mission-style Design Wood Chair,1,0.0002,0.1429,65.05
"Executive Impressions 14"" Contract Wall Clock",First Data FD10 PIN Pad,1,0.0002,0.1429,143.11
"Executive Impressions 14"" Contract Wall Clock",GE 30524EE4,1,0.0002,0.1429,79.51
"Executive Impressions 14"" Contract Wall Clock",Alliance Rubber Bands,1,0.0002,0.1429,357.79
"Executive Impressions 14"" Contract Wall Clock",Deluxe Heavy-Duty Vinyl Round Ring Binder,1,0.0002,0.1429,102.22
"Executive Impressions 14"" Contract Wall Clock with Quartz Movement",Maxell CD-R Discs,1,0.0002,0.5,834.83
"Executive Impressions 14"" Contract Wall Clock with Quartz Movement",O'Sullivan 5-Shelf Heavy-Duty Bookcases,1,0.0002,0.5,626.12
"Executive Impressions 14"" Contract Wall Clock with Quartz Movement",SanDisk Ultra 16 GB MicroSDHC Class 10 Memory Card,1,0.0002,0.5,357.79
"Executive Impressions 14"" Contract Wall Clock with Quartz Movement",Staples,1,0.0002,0.5,11.28
"Executive Impressions 14"" Contract Wall Clock with Quartz Movement","Mini 13-1/2 Capacity Data Binder Rack, Pearl",1,0.0002,0.5,500.9
"Executive Impressions 14"" Two-Color Numerals Wall Clock",Executive Impressions Supervisor Wall Clock,1,0.0002,0.1667,208.71
"Executive Impressions 14"" Two-Color Numerals Wall Clock",Staples,1,0.0002,0.1667,3.76
"Executive Impressions 14"" Two-Color Numerals Wall Clock",Ibico Standard Transparent Covers,1,0.0002,0.1667,83.48
"Executive Impressions 14"" Two-Color Numerals Wall Clock",OIC Bulk Pack Metal Binder Clips,1,0.0002,0.1667,104.35
"Executive Impressions 14"" Two-Color Numerals Wall Clock",Stanley Bostitch Contemporary Electric Pencil Sharpeners,1,0.0002,0.1667,119.26
"Executive Impressions 16-1/2"" Circular Wall Clock",Global Highback Leather Tilter in Burgundy,1,0.0002,0.5,278.28
"Executive Impressions 16-1/2"" Circular Wall Clock",Xerox 1899,1,0.0002,0.5,500.9
"Executive Impressions 16-1/2"" Circular Wall Clock",Xerox 212,1,0.0002,0.5,357.79
"Executive Impressions 16-1/2"" Circular Wall Clock",Memorex Mini Travel Drive 16 GB USB 2.0 Flash Drive,1,0.0002,0.5,417.42
"Executive Impressions 8-1/2"" Career Panel/Partition Cubicle Clock",Hon 5100 Series Wood Tables,1,0.0002,0.5,357.79
Executive Impressions Supervisor Wall Clock,"Executive Impressions 14"" Two-Color Numerals Wall Clock",1,0.0002,0.25,208.71
Executive Impressions Supervisor Wall Clock,Logitech P710e Mobile Speakerphone,1,0.0002,0.25,139.14
Executive Impressions Supervisor Wall Clock,Xerox 1997,1,0.0002,0.25,156.53
Executive Impressions Supervisor Wall Clock,SanDisk Cruzer 32 GB USB Flash Drive,1,0.0002,0.25,208.71
Faber Castell Col-Erase Pencils,Steel Personal Filing/Posting Tote,1,0.0002,0.2,200.36
Faber Castell Col-Erase Pencils,"BOSTON Ranger #55 Pencil Sharpener, Black",1,0.0002,0.2,111.31
Fashion Color Clasp Envelopes,AT&T 1080 Corded phone,1,0.0002,0.3333,238.52
Fashion Color Clasp Envelopes,Acco Hanging Data Binders,1,0.0002,0.3333,238.52
Fashion Color Clasp Envelopes,Logitech 910-002974 M325 Wireless Mouse for Web Scrolling,1,0.0002,0.3333,111.31
Fashion Color Clasp Envelopes,"Plantronics CS 50-USB - headset - Convertible, Monaural",1,0.0002,0.3333,333.93
Fashion Color Clasp Envelopes,GBC ProClick Punch Binding System,1,0.0002,0.3333,238.52
Fellowes 8 Outlet Superior Workstation Surge Protector,SanDisk Cruzer 32 GB USB Flash Drive,1,0.0002,0.2,166.97
Fellowes 8 Outlet Superior Workstation Surge Protector,Xerox 220,1,0.0002,0.2,125.22
Fellowes 8 Outlet Superior Workstation Surge Protector,"Black Avery Memo-Size 3-Ring Binder, 5 1/2"" x 8 1/2""",1,0.0002,0.2,250.45
Fellowes 8 Outlet Superior Workstation Surge Protector,Boston 16765 Mini Stand Up Battery Pencil Sharpener,1,0.0002,0.2,250.45
Fellowes 8 Outlet Superior Workstation Surge Protector,GBC Recycled VeloBinder Covers,1,0.0002,0.2,125.22
Fellowes 8 Outlet Superior Workstation Surge Protector w/o Phone/Fax/Modem Protection,Xerox 213,1,0.0002,0.2,166.97
Fellowes 8 Outlet Superior Workstation Surge Protector w/o Phone/Fax/Modem Protection,"Ampad Evidence Wirebond Steno Books, 6"" x 9""",1,0.0002,0.2,250.45
Fellowes 8 Outlet Superior Workstation Surge Protector w/o Phone/Fax/Modem Protection,"Eldon Regeneration Recycled Desk Accessories, Smoke",1,0.0002,0.2,200.36
Fellowes 8 Outlet Superior Workstation Surge Protector w/o Phone/Fax/Modem Protection,"IBM Multi-Purpose Copy Paper, 8 1/2 x 11"", Case",1,0.0002,0.2,166.97
Fellowes 8 Outlet Superior Workstation Surge Protector w/o Phone/Fax/Modem Protection,Samsung Galaxy Mega 6.3,1,0.0002,0.2,166.97
Fellowes Advanced 8 Outlet Surge Suppressor with Phone/Fax Protection,Epson Perfection V600 Photo Scanner,1,0.0002,0.3333,1669.67
Fellowes Advanced 8 Outlet Surge Suppressor with Phone/Fax Protection,"GBC Prepunched Paper, 19-Hole, for Binding Systems, 24-lb",1,0.0002,0.3333,238.52
Fellowes Advanced 8 Outlet Surge Suppressor with Phone/Fax Protection,Logitech 910-002974 M325 Wireless Mouse for Web Scrolling,1,0.0002,0.3333,111.31
Fellowes Advanced 8 Outlet Surge Suppressor with Phone/Fax Protection,Stacking Trays by OIC,1,0.0002,0.3333,278.28
Fellowes Advanced 8 Outlet Surge Suppressor with Phone/Fax Protection,Staples,1,0.0002,0.3333,7.52
Fellowes Advanced Computer Series Surge Protectors,GBC DocuBind 200 Manual Binding Machine,1,0.0002,0.1667,208.71
Fellowes Advanced Computer Series Surge Protectors,O'Sullivan Cherrywood Estates Traditional Bookcase,1,0.0002,0.1667,417.42
Fellowes Advanced Computer Series Surge Protectors,Tops Wirebound Message Log Books,1,0.0002,0.1667,139.14
Fellowes Advanced Computer Series Surge Protectors,Novimex Turbo Task Chair,1,0.0002,0.1667,139.14
Fellowes Advanced Computer Series Surge Protectors,Prang Dustless Chalk Sticks,1,0.0002,0.1667,104.35
Fellowes Bankers Box Recycled Super Stor/Drawer,Office Impressions Heavy Duty Welded Shelving & Multimedia Storage Drawers,1,0.0002,0.1429,143.11
Fellowes Bankers Box Recycled Super Stor/Drawer,Cameo Buff Policy Envelopes,1,0.0002,0.1429,89.45
Fellowes Bankers Box Recycled Super Stor/Drawer,DAX Black Cherry Wood-Tone Poster Frame,1,0.0002,0.1429,89.45
Fellowes Bankers Box Recycled Super Stor/Drawer,Harbour Creations Steel Folding Chair,1,0.0002,0.1429,89.45
Fellowes Bankers Box Recycled Super Stor/Drawer,Plymouth Boxed Rubber Bands by Plymouth,1,0.0002,0.1429,143.11
Fellowes Bankers Box Staxonsteel Drawer File/Stacking System,Avery Premier Heavy-Duty Binder with Round Locking Rings,1,0.0002,0.125,89.45
Fellowes Bankers Box Staxonsteel Drawer File/Stacking System,Avery Reinforcements for Hole-Punch Pages,1,0.0002,0.125,78.27
Fellowes Bankers Box Staxonsteel Drawer File/Stacking System,Xerox 225,1,0.0002,0.125,69.57
Fellowes Bankers Box Staxonsteel Drawer File/Stacking System,Samsung Galaxy S III - 16GB - pebble blue (T-Mobile),1,0.0002,0.125,104.35
Fellowes Bankers Box Staxonsteel Drawer File/Stacking System,Aluminum Document Frame,1,0.0002,0.125,125.22
Fellowes Bankers Box Stor/Drawer Steel Plus,Wilson Jones Standard D-Ring Binders,1,0.0002,0.0833,52.18
Fellowes Bankers Box Stor/Drawer Steel Plus,"Bravo II Megaboss 12-Amp Hard Body Upright, Replacement Belts, 2 Belts per Pack",1,0.0002,0.0833,83.48
Fellowes Bankers Box Stor/Drawer Steel Plus,"Global Leather Highback Executive Chair with Pneumatic Height Adjustment, Black",1,0.0002,0.0833,41.74
Fellowes Bankers Box Stor/Drawer Steel Plus,"Holmes Replacement Filter for HEPA Air Cleaner, Large Room",1,0.0002,0.0833,104.35
Fellowes Bankers Box Stor/Drawer Steel Plus,SanDisk Cruzer 16 GB USB Flash Drive,1,0.0002,0.0833,139.14
Fellowes Bases and Tops For Staxonsteel/High-Stak Systems,Mediabridge Sport Armband iPhone 5s,1,0.0002,0.1,71.56
Fellowes Bases and Tops For Staxonsteel/High-Stak Systems,"Acco Pressboard Covers with Storage Hooks, 9 1/2"" x 11"", Executive Red",1,0.0002,0.1,55.66
Fellowes Bases and Tops For Staxonsteel/High-Stak Systems,Eldon ClusterMat Chair Mat with Cordless Antistatic Protection,1,0.0002,0.1,100.18
Fellowes Bases and Tops For Staxonsteel/High-Stak Systems,Eldon Fold 'N Roll Cart System,1,0.0002,0.1,100.18
Fellowes Bases and Tops For Staxonsteel/High-Stak Systems,"Holmes Replacement Filter for HEPA Air Cleaner, Very Large Room, HEPA Filter",1,0.0002,0.1,50.09
Fellowes Basic Home/Office Series Surge Protectors,Acco 6 Outlet Guardian Standard Surge Suppressor,1,0.0002,0.1111,111.31
Fellowes Basic Home/Office Series Surge Protectors,Xerox 224,1,0.0002,0.1111,92.76
Fellowes Basic Home/Office Series Surge Protectors,"Adams Telephone Message Book w/Frequently-Called Numbers Space, 400 Messages per Book",1,0.0002,0.1111,79.51
Fellowes Basic Home/Office Series Surge Protectors,Xerox 1939,1,0.0002,0.1111,111.31
Fellowes Basic Home/Office Series Surge Protectors,AT&T SB67148 SynJ,1,0.0002,0.1111,185.52
Fellowes Binding Cases,Acco 6 Outlet Guardian Premium Surge Suppressor,1,0.0002,0.2,125.22
Fellowes Binding Cases,Acme Preferred Stainless Steel Scissors,1,0.0002,0.2,250.45
Fellowes Binding Cases,Avery 486,1,0.0002,0.2,111.31
Fellowes Binding Cases,Ibico Plastic and Wire Spiral Binding Combs,1,0.0002,0.2,111.31
Fellowes Binding Cases,Avery Durable Binders,1,0.0002,0.2,83.48
Fellowes Black Plastic Comb Bindings,"Avery Durable Plastic 1"" Binders",1,0.0002,0.1111,79.51
Fellowes Black Plastic Comb Bindings,Holmes 99% HEPA Air Purifier,1,0.0002,0.1111,139.14
Fellowes Black Plastic Comb Bindings,Multicolor Computer Printout Paper,1,0.0002,0.1111,111.31
Fellowes Black Plastic Comb Bindings,Stockwell Push Pins,1,0.0002,0.1111,69.57
Fellowes Black Plastic Comb Bindings,Xerox 1892,1,0.0002,0.1111,278.28
Fellowes Command Center 5-outlet power strip,Grandstream GXP2100 Mainstream Business Phone,1,0.0002,0.25,313.06
Fellowes Command Center 5-outlet power strip,Avery Hi-Liter Smear-Safe Highlighters,1,0.0002,0.25,208.71
Fellowes Command Center 5-outlet power strip,Blue Parrot B250XT Professional Grade Wireless Bluetooth Headset with,1,0.0002,0.25,313.06
Fellowes Command Center 5-outlet power strip,Hon Deluxe Fabric Upholstered Stacking Chairs,1,0.0002,0.25,313.06
Fellowes Command Center 5-outlet power strip,Avery 506,1,0.0002,0.25,417.42
Fellowes Desktop Hanging File Manager,Hon 4070 Series Pagoda Round Back Stacking Chairs,1,0.0002,0.25,178.89
Fellowes Desktop Hanging File Manager,Mitel MiVoice 5330e IP Phone,1,0.0002,0.25,139.14
Fellowes Desktop Hanging File Manager,Nu-Dell EZ-Mount Plastic Wall Frames,1,0.0002,0.25,626.12
Fellowes Desktop Hanging File Manager,Zebra ZM400 Thermal Label Printer,1,0.0002,0.25,626.12
Fellowes Desktop Hanging File Manager,Jabra SPEAK 410,1,0.0002,0.25,139.14
Fellowes Econo/Stor Drawers,Carina Media Storage Towers in Natural & Black,1,0.0002,0.5,500.9
Fellowes Econo/Stor Drawers,"Eldon Delta Triangular Chair Mat, 52"" x 58"", Clear",1,0.0002,0.5,417.42
Fellowes Econo/Stor Drawers,Enermax Aurora Lite Keyboard,1,0.0002,0.5,500.9
Fellowes Econo/Stor Drawers,Peel & Stick Add-On Corner Pockets,1,0.0002,0.5,357.79
Fellowes Econo/Stor Drawers,Staples,1,0.0002,0.5,11.28
Fellowes High-Stak Drawer Files,Cisco SPA301,1,0.0002,0.125,69.57
Fellowes High-Stak Drawer Files,GBC Standard Plastic Binding Systems' Combs,1,0.0002,0.125,78.27
Fellowes High-Stak Drawer Files,Hon 2090 Pillow Soft Series Mid Back Swivel/Tilt Chairs,1,0.0002,0.125,104.35
Fellowes High-Stak Drawer Files,"Hunt PowerHouse Electric Pencil Sharpener, Blue",1,0.0002,0.125,62.61
Fellowes High-Stak Drawer Files,Ibico Laser Imprintable Binding System Covers,1,0.0002,0.125,78.27
Fellowes Mighty 8 Compact Surge Protector,Xerox 194,1,0.0002,0.1667,208.71
Fellowes Mighty 8 Compact Surge Protector,SpineVue Locking Slant-D Ring Binders by Cardinal,1,0.0002,0.1667,104.35
Fellowes Mighty 8 Compact Surge Protector,Wilson Jones Easy Flow II Sheet Lifters,1,0.0002,0.1667,69.57
Fellowes Mighty 8 Compact Surge Protector,Xerox 1970,1,0.0002,0.1667,139.14
Fellowes Mighty 8 Compact Surge Protector,Eldon Pizzaz Desk Accessories,1,0.0002,0.1667,208.71
"Fellowes Mobile File Cart, Black",Luxo Professional Combination Clamp-On Lamps,1,0.0002,0.1,100.18
"Fellowes Mobile File Cart, Black",Star Micronics TSP800 TSP847IIU Receipt Printer,1,0.0002,0.1,250.45
"Fellowes Mobile File Cart, Black",Stockwell Push Pins,1,0.0002,0.1,62.61
"Fellowes Mobile File Cart, Black",Xerox 223,1,0.0002,0.1,166.97
"Fellowes Mobile File Cart, Black",Eldon Image Series Black Desk Accessories,1,0.0002,0.1,100.18
Fellowes Neat Ideas Storage Cubes,Ibico Plastic Spiral Binding Combs,1,0.0002,0.1429,55.04
Fellowes Neat Ideas Storage Cubes,Avery 483,1,0.0002,0.1429,119.26
Fellowes Neat Ideas Storage Cubes,"Global Value Mid-Back Manager's Chair, Gray",1,0.0002,0.1429,71.56
Fellowes Neat Ideas Storage Cubes,"Rubbermaid ClusterMat Chairmats, Mat Size- 66"" x 60"", Lip 20"" x 11"" -90 Degree Angle",1,0.0002,0.1429,143.11
Fellowes Neat Ideas Storage Cubes,VariCap6 Expandable Binder,1,0.0002,0.1429,238.52
Fellowes Officeware Wire Shelving,Colored Envelopes,1,0.0002,0.0909,91.07
Fellowes Officeware Wire Shelving,KI Conference Tables,1,0.0002,0.0909,56.92
Fellowes Officeware Wire Shelving,Avery 477,1,0.0002,0.0909,113.84
Fellowes Officeware Wire Shelving,Avery Self-Adhesive Photo Pockets for Polaroid Photos,1,0.0002,0.0909,41.4
Fellowes Officeware Wire Shelving,Tripp Lite TLP810NET Broadband Surge for Modem/Fax,1,0.0002,0.0909,75.89
Fellowes PB200 Plastic Comb Binding Machine,Newell 314,1,0.0002,0.1111,79.51
Fellowes PB200 Plastic Comb Binding Machine,"Square Credit Card Reader, 4 1/2"" x 4 1/2"" x 1"", White",1,0.0002,0.1111,111.31
Fellowes PB200 Plastic Comb Binding Machine,Staples,1,0.0002,0.1111,2.51
Fellowes PB200 Plastic Comb Binding Machine,Motorla HX550 Universal Bluetooth Headset,1,0.0002,0.1111,139.14
Fellowes PB200 Plastic Comb Binding Machine,Revere Boxed Rubber Bands by Revere,1,0.0002,0.1111,92.76
Fellowes PB300 Plastic Comb Binding Machine,Plantronics Voyager Pro Legend,1,0.0002,0.1667,278.28
Fellowes PB300 Plastic Comb Binding Machine,Aastra 6757i CT Wireless VoIP phone,1,0.0002,0.1667,139.14
Fellowes PB300 Plastic Comb Binding Machine,"Contract Clock, 14"", Brown",1,0.0002,0.1667,166.97
Fellowes PB300 Plastic Comb Binding Machine,Letter Size Cart,1,0.0002,0.1667,104.35
Fellowes PB300 Plastic Comb Binding Machine,"Fellowes Premier Superior Surge Suppressor, 10-Outlet, With Phone and Remote",1,0.0002,0.1667,119.26
Fellowes PB500 Electric Punch Plastic Comb Binding Machine with Manual Bind,Belkin F5C206VTEL 6 Outlet Surge,1,0.0002,0.1,71.56
Fellowes PB500 Electric Punch Plastic Comb Binding Machine with Manual Bind,Belkin Standard 104 key USB Keyboard,1,0.0002,0.1,83.48
Fellowes PB500 Electric Punch Plastic Comb Binding Machine with Manual Bind,Kensington 7 Outlet MasterPiece Power Center with Fax/Phone Line Protection,1,0.0002,0.1,125.22
Fellowes PB500 Electric Punch Plastic Comb Binding Machine with Manual Bind,Newell 344,1,0.0002,0.1,83.48
Fellowes PB500 Electric Punch Plastic Comb Binding Machine with Manual Bind,Personal File Boxes with Fold-Down Carry Handle,1,0.0002,0.1,100.18
"Fellowes Personal Hanging Folder Files, Navy",High Speed Automatic Electric Letter Opener,1,0.0002,0.25,417.42
"Fellowes Personal Hanging Folder Files, Navy",Staples,1,0.0002,0.25,5.64
"Fellowes Personal Hanging Folder Files, Navy",Hon 4070 Series Pagoda Armless Upholstered Stacking Chairs,1,0.0002,0.25,156.53
"Fellowes Personal Hanging Folder Files, Navy",Tyvek Side-Opening Peel & Seel Expanding Envelopes,1,0.0002,0.25,250.45
Fellowes Powershred HS-440 4-Sheet High Security Shredder,Advantus Map Pennant Flags and Round Head Tacks,1,0.0002,0.3333,278.28
Fellowes Powershred HS-440 4-Sheet High Security Shredder,"Avery 05222 Permanent Self-Adhesive File Folder Labels for Typewriters, on Rolls, White, 250/Roll",1,0.0002,0.3333,834.83
Fellowes Powershred HS-440 4-Sheet High Security Shredder,Eldon ClusterMat Chair Mat with Cordless Antistatic Protection,1,0.0002,0.3333,333.93
Fellowes Powershred HS-440 4-Sheet High Security Shredder,GBC Recycled VeloBinder Covers,1,0.0002,0.3333,208.71
Fellowes Powershred HS-440 4-Sheet High Security Shredder,"Performers Binder/Pad Holder, Black",1,0.0002,0.3333,208.71
"Fellowes Premier Superior Surge Suppressor, 10-Outlet, With Phone and Remote",Maxell DVD-RAM Discs,1,0.0002,0.1429,238.52
"Fellowes Premier Superior Surge Suppressor, 10-Outlet, With Phone and Remote",Panasonic KX-TG9471B,1,0.0002,0.1429,102.22
"Fellowes Premier Superior Surge Suppressor, 10-Outlet, With Phone and Remote",Xerox 198,1,0.0002,0.1429,238.52
"Fellowes Premier Superior Surge Suppressor, 10-Outlet, With Phone and Remote",Nortel Meridian M3904 Professional Digital phone,1,0.0002,0.1429,71.56
"Fellowes Premier Superior Surge Suppressor, 10-Outlet, With Phone and Remote",Bush Advantage Collection Racetrack Conference Table,1,0.0002,0.1429,102.22
Fellowes Recycled Storage Drawers,Advantus Panel Wall Certificate Holder - 8.5x11,1,0.0002,0.3333,278.28
Fellowes Recycled Storage Drawers,Carina Media Storage Towers in Natural & Black,1,0.0002,0.3333,333.93
Fellowes Recycled Storage Drawers,"DAX Contemporary Wood Frame with Silver Metal Mat, Desktop, 11 x 14 Size",1,0.0002,0.3333,333.93
Fellowes Recycled Storage Drawers,Office Star - Contemporary Swivel Chair with Padded Adjustable Arms and Flex Back,1,0.0002,0.3333,238.52
Fellowes Recycled Storage Drawers,RCA ViSYS 25825 Wireless digital phone,1,0.0002,0.3333,834.83
"Fellowes Smart Surge Ten-Outlet Protector, Platinum",Clarity 53712,1,0.0002,1.0,1252.25
"Fellowes Smart Surge Ten-Outlet Protector, Platinum","Global Airflow Leather Mesh Back Chair, Black",1,0.0002,1.0,556.56
"Fellowes Smart Surge Ten-Outlet Protector, Platinum",Pyle PMP37LED,1,0.0002,1.0,500.9
Fellowes Staxonsteel Drawer Files,Deflect-o DuraMat Antistatic Studded Beveled Mat for Medium Pile Carpeting,1,0.0002,0.1429,143.11
Fellowes Staxonsteel Drawer Files,Logitech LS21 Speaker System - PC Multimedia - 2.1-CH - Wired,1,0.0002,0.1429,119.26
Fellowes Staxonsteel Drawer Files,Space Solutions Industrial Galvanized Steel Shelving.,1,0.0002,0.1429,238.52
Fellowes Staxonsteel Drawer Files,3M Replacement Filter for Office Air Cleaner for 20' x 33' Room,1,0.0002,0.1429,178.89
Fellowes Staxonsteel Drawer Files,"GBC Prepunched Paper, 19-Hole, for Binding Systems, 24-lb",1,0.0002,0.1429,102.22
Fellowes Stor/Drawer Steel Plus Storage Drawers,Staples,2,0.000399,0.25,5.64
Fellowes Stor/Drawer Steel Plus Storage Drawers,Brown Kraft Recycled Envelopes,1,0.0002,0.125,125.22
Fellowes Stor/Drawer Steel Plus Storage Drawers,Plantronics S12 Corded Telephone Headset System,1,0.0002,0.125,104.35
Fellowes Stor/Drawer Steel Plus Storage Drawers,BPI Conference Tables,1,0.0002,0.125,125.22
Fellowes Stor/Drawer Steel Plus Storage Drawers,Dana Swing-Arm Lamps,1,0.0002,0.125,89.45
"Fellowes Strictly Business Drawer File, Letter/Legal Size",Hoover Upright Vacuum With Dirt Cup,1,0.0002,0.1429,119.26
"Fellowes Strictly Business Drawer File, Letter/Legal Size",Xerox 1906,1,0.0002,0.1429,102.22
"Fellowes Strictly Business Drawer File, Letter/Legal Size","Global Value Mid-Back Manager's Chair, Gray",1,0.0002,0.1429,71.56
"Fellowes Strictly Business Drawer File, Letter/Legal Size",Staples,1,0.0002,0.1429,3.22
"Fellowes Strictly Business Drawer File, Letter/Legal Size",Prang Colored Pencils,1,0.0002,0.1429,102.22
Fellowes Super Stor/Drawer,GE DSL Phone Line Filter,1,0.0002,0.25,313.06
Fellowes Super Stor/Drawer,Avery 506,1,0.0002,0.25,417.42
Fellowes Super Stor/Drawer,Avery 518,1,0.0002,0.25,156.53
Fellowes Super Stor/Drawer,Weyerhaeuser First Choice Laser/Copy Paper (20Lb. and 88 Bright),1,0.0002,0.25,250.45
Fellowes Super Stor/Drawer Files,GBC Standard Plastic Binding Systems' Combs,1,0.0002,0.1111,69.57
Fellowes Super Stor/Drawer Files,Geemarc AmpliPOWER60,1,0.0002,0.1111,50.6
Fellowes Super Stor/Drawer Files,O'Sullivan Living Dimensions 3-Shelf Bookcases,1,0.0002,0.1111,139.14
Fellowes Super Stor/Drawer Files,Self-Adhesive Removable Labels,1,0.0002,0.1111,79.51
Fellowes Super Stor/Drawer Files,"Advantus Employee of the Month Certificate Frame, 11 x 13-1/2",1,0.0002,0.1111,111.31
Fellowes Superior 10 Outlet Split Surge Protector,Xerox 1955,1,0.0002,0.1111,278.28
Fellowes Superior 10 Outlet Split Surge Protector,AT&T 1070 Corded Phone,1,0.0002,0.1111,185.52
Fellowes Superior 10 Outlet Split Surge Protector,Dana Halogen Swing-Arm Architect Lamp,1,0.0002,0.1111,92.76
Fellowes Superior 10 Outlet Split Surge Protector,Sharp AL-1530CS Digital Copier,1,0.0002,0.1111,139.14
Fellowes Superior 10 Outlet Split Surge Protector,"Hon Practical Foundations 30 x 60 Training Table, Light Gray/Charcoal",1,0.0002,0.1111,92.76
"Fellowes Twister Kit, Gray/Clear, 3/pkg","Avery Framed View Binder, EZD Ring (Locking), Navy, 1 1/2""",1,0.0002,0.1,83.48
"Fellowes Twister Kit, Gray/Clear, 3/pkg","Letter/Legal File Tote with Clear Snap-On Lid, Black Granite",1,0.0002,0.1,125.22
"Fellowes Twister Kit, Gray/Clear, 3/pkg",Maxell LTO Ultrium - 800 GB,1,0.0002,0.1,62.61
"Fellowes Twister Kit, Gray/Clear, 3/pkg",Newell 325,1,0.0002,0.1,83.48
"Fellowes Twister Kit, Gray/Clear, 3/pkg",Novimex Fabric Task Chair,1,0.0002,0.1,55.66
File Shuttle I and Handi-File,Binding Machine Supplies,1,0.0002,0.3333,185.52
File Shuttle I and Handi-File,Xerox 1930,1,0.0002,0.3333,333.93
File Shuttle I and Handi-File,"Chromcraft Bull-Nose Wood 48"" x 96"" Rectangular Conference Tables",1,0.0002,0.3333,278.28
"File Shuttle II and Handi-File, Black",Tennsco Commercial Shelving,1,0.0002,0.1429,79.51
"File Shuttle II and Handi-File, Black",Avery 512,1,0.0002,0.1429,143.11
"File Shuttle II and Handi-File, Black",GBC Wire Binding Strips,1,0.0002,0.1429,143.11
"File Shuttle II and Handi-File, Black","Executive Impressions 13-1/2"" Indoor/Outdoor Wall Clock",1,0.0002,0.1429,357.79
"File Shuttle II and Handi-File, Black",Avery Binding System Hidden Tab Executive Style Index Sets,1,0.0002,0.1429,89.45
First Data FD10 PIN Pad,DMI Arturo Collection Mission-style Design Wood Chair,1,0.0002,0.2,91.07
First Data FD10 PIN Pad,"Executive Impressions 14"" Contract Wall Clock",1,0.0002,0.2,143.11
First Data FD10 PIN Pad,GE 30524EE4,1,0.0002,0.2,111.31
First Data FD10 PIN Pad,Imation Clip USB flash drive - 8 GB,1,0.0002,0.2,143.11
First Data FD10 PIN Pad,Newell 336,1,0.0002,0.2,250.45
First Data TMFD35 PIN Pad,Cyber Acoustics AC-202b Speech Recognition Stereo Headset,1,0.0002,0.5,500.9
First Data TMFD35 PIN Pad,"Eldon 300 Class Desk Accessories, Black",1,0.0002,0.5,1252.25
First Data TMFD35 PIN Pad,Eldon Image Series Black Desk Accessories,1,0.0002,0.5,500.9
First Data TMFD35 PIN Pad,Home/Office Personal File Carts,1,0.0002,0.5,357.79
First Data TMFD35 PIN Pad,"Pressboard Data Binder, Crimson, 12"" X 8 1/2""",1,0.0002,0.5,834.83
"Fiskars 8"" Scissors, 2/Pack",DAX Black Cherry Wood-Tone Poster Frame,1,0.0002,0.25,156.53
"Fiskars 8"" Scissors, 2/Pack",Panasonic KP-380BK Classic Electric Pencil Sharpener,1,0.0002,0.25,208.71
"Fiskars 8"" Scissors, 2/Pack",AT&T CL83451 4-Handset Telephone,1,0.0002,0.25,313.06
"Fiskars 8"" Scissors, 2/Pack","Hunt PowerHouse Electric Pencil Sharpener, Blue",1,0.0002,0.25,125.22
"Fiskars 8"" Scissors, 2/Pack",I Need's 3d Hello Kitty Hybrid Silicone Case Cover for HTC One X 4g with 3d Hello Kitty Stylus Pen Green/pink,1,0.0002,0.25,125.22
Fiskars Home & Office Scissors,Bretford Rectangular Conference Table Tops,1,0.0002,0.3333,139.14
Fiskars Home & Office Scissors,"Global Armless Task Chair, Royal Blue",1,0.0002,0.3333,208.71
Fiskars Home & Office Scissors,"Hoover Replacement Belts For Soft Guard & Commercial Ltweight Upright Vacs, 2/Pk",1,0.0002,0.3333,333.93
Fiskars Home & Office Scissors,Mitel 5320 IP Phone VoIP phone,1,0.0002,0.3333,417.42
Fiskars Home & Office Scissors,Model L Table or Wall-Mount Pencil Sharpener,1,0.0002,0.3333,333.93
Fiskars Softgrip Scissors,Avery 511,1,0.0002,0.1429,119.26
Fiskars Softgrip Scissors,Xerox 1973,1,0.0002,0.1429,357.79
Fiskars Softgrip Scissors,Acme Kleen Earth Office Shears,1,0.0002,0.1429,143.11
Fiskars Softgrip Scissors,BIC Brite Liner Grip Highlighters,1,0.0002,0.1429,143.11
Fiskars Softgrip Scissors,Gear Head AU3700S Headset,1,0.0002,0.1429,238.52
Fiskars Spring-Action Scissors,Logitech G35 7.1-Channel Surround Sound Headset,1,0.0002,0.25,208.71
Fiskars Spring-Action Scissors,Xerox 1978,1,0.0002,0.25,156.53
Fiskars Spring-Action Scissors,Project Tote Personal File,1,0.0002,0.25,313.06
Fiskars Spring-Action Scissors,Iceberg Mobile Mega Data/Printer Cart ,1,0.0002,0.25,156.53
Fiskars Spring-Action Scissors,Safco Industrial Wire Shelving,1,0.0002,0.25,250.45
Flat Face Poster Frame,Acco Hot Clips Clips to Go,2,0.000399,0.1667,139.14
Flat Face Poster Frame,Aluminum Screw Posts,1,0.0002,0.0833,37.95
Flat Face Poster Frame,Peel & Stick Add-On Corner Pockets,1,0.0002,0.0833,59.63
Flat Face Poster Frame,Xerox 1922,1,0.0002,0.0833,417.42
Flat Face Poster Frame,Global Ergonomic Managers Chair,1,0.0002,0.0833,37.95
Flexible Leather- Look Classic Collection Ring Binder,"Global High-Back Leather Tilter, Burgundy",1,0.0002,0.1667,59.63
Flexible Leather- Look Classic Collection Ring Binder,Home/Office Personal File Carts,1,0.0002,0.1667,119.26
Flexible Leather- Look Classic Collection Ring Binder,Staples,1,0.0002,0.1667,3.76
Flexible Leather- Look Classic Collection Ring Binder,Xerox 222,1,0.0002,0.1667,119.26
"Floodlight Indoor Halogen Bulbs, 1 Bulb per Pack, 60 Watts",GE 2-Jack Phone Line Splitter,1,0.0002,0.1667,278.28
"Floodlight Indoor Halogen Bulbs, 1 Bulb per Pack, 60 Watts",Geemarc AmpliPOWER60,1,0.0002,0.1667,75.89
"Floodlight Indoor Halogen Bulbs, 1 Bulb per Pack, 60 Watts","Global Push Button Manager's Chair, Indigo",1,0.0002,0.1667,92.76
"Floodlight Indoor Halogen Bulbs, 1 Bulb per Pack, 60 Watts",Newell 32,1,0.0002,0.1667,139.14
"Floodlight Indoor Halogen Bulbs, 1 Bulb per Pack, 60 Watts",Tuff Stuff Recycled Round Ring Binders,1,0.0002,0.1667,92.76
Fluorescent Highlighters by Dixon,Hon Deluxe Fabric Upholstered Stacking Chairs,1,0.0002,0.2,250.45
Fluorescent Highlighters by Dixon,Stockwell Push Pins,1,0.0002,0.2,125.22
Fluorescent Highlighters by Dixon,Xerox 195,1,0.0002,0.2,125.22
Fluorescent Highlighters by Dixon,"Ampad Poly Cover Wirebound Steno Book, 6"" x 9"" Assorted Colors, Gregg Ruled",1,0.0002,0.2,250.45
Fluorescent Highlighters by Dixon,Nortel Networks T7316 E Nt8 B27,1,0.0002,0.2,166.97
G.E. Halogen Desk Lamp Bulbs,"Commercial WindTunnel Clean Air Upright Vacuum, Replacement Belts, Filtration Bags",1,0.0002,0.2,143.11
G.E. Halogen Desk Lamp Bulbs,O'Sullivan Living Dimensions 5-Shelf Bookcases,1,0.0002,0.2,166.97
G.E. Halogen Desk Lamp Bulbs,"Seth Thomas 14"" Day/Date Wall Clock",1,0.0002,0.2,166.97
G.E. Halogen Desk Lamp Bulbs,"Howard Miller 11-1/2"" Diameter Ridgewood Wall Clock",1,0.0002,0.2,166.97
G.E. Halogen Desk Lamp Bulbs,Iceberg Mobile Mega Data/Printer Cart ,1,0.0002,0.2,125.22
G.E. Longer-Life Indoor Recessed Floodlight Bulbs,"Wilson Jones 1"" Hanging DublLock Ring Binders",1,0.0002,0.1667,83.48
G.E. Longer-Life Indoor Recessed Floodlight Bulbs,"Global Wood Trimmed Manager's Task Chair, Khaki",1,0.0002,0.1667,59.63
G.E. Longer-Life Indoor Recessed Floodlight Bulbs,Logitech G700s Rechargeable Gaming Mouse,1,0.0002,0.1667,92.76
G.E. Longer-Life Indoor Recessed Floodlight Bulbs,Riverside Furniture Stanwyck Manor Table Series,1,0.0002,0.1667,278.28
G.E. Longer-Life Indoor Recessed Floodlight Bulbs,Xerox 1928,1,0.0002,0.1667,208.71
GBC Binding covers,"Personal Folder Holder, Ebony",1,0.0002,0.3333,278.28
GBC Binding covers,"Situations Contoured Folding Chairs, 4/Set",1,0.0002,0.3333,111.31
GBC Binding covers,Xerox 193,1,0.0002,0.3333,556.56
GBC Binding covers,"Cardinal Slant-D Ring Binder, Heavy Gauge Vinyl",1,0.0002,0.3333,166.97
"GBC Clear Cover, 8-1/2 x 11, unpunched, 25 covers per pack",Boston Heavy-Duty Trimline Electric Pencil Sharpeners,1,0.0002,0.25,250.45
"GBC Clear Cover, 8-1/2 x 11, unpunched, 25 covers per pack",Aluminum Screw Posts,1,0.0002,0.25,113.84
"GBC Clear Cover, 8-1/2 x 11, unpunched, 25 covers per pack",Ibico Plastic Spiral Binding Combs,1,0.0002,0.25,96.33
"GBC Clear Cover, 8-1/2 x 11, unpunched, 25 covers per pack",Tuf-Vin Binders,1,0.0002,0.25,178.89
"GBC Clear Cover, 8-1/2 x 11, unpunched, 25 covers per pack",Honeywell Enviracaire Portable HEPA Air Cleaner for up to 10 x 16 Room,1,0.0002,0.25,417.42
GBC DocuBind 200 Manual Binding Machine,Fellowes Advanced Computer Series Surge Protectors,1,0.0002,0.25,208.71
GBC DocuBind 200 Manual Binding Machine,Balt Solid Wood Rectangular Table,1,0.0002,0.25,313.06
GBC DocuBind 200 Manual Binding Machine,Jiffy Padded Mailers with Self-Seal Closure,1,0.0002,0.25,1252.25
GBC DocuBind 200 Manual Binding Machine,Wi-Ex zBoost YX540 Cellular Phone Signal Booster,1,0.0002,0.25,208.71
GBC DocuBind 200 Manual Binding Machine,Global Deluxe Steno Chair,1,0.0002,0.25,125.22
GBC DocuBind 300 Electric Binding Machine,APC 7 Outlet Network SurgeArrest Surge Protector,1,0.0002,0.125,78.27
GBC DocuBind 300 Electric Binding Machine,Acme Preferred Stainless Steel Scissors,1,0.0002,0.125,156.53
GBC DocuBind 300 Electric Binding Machine,Bevis Steel Folding Chairs,1,0.0002,0.125,104.35
GBC DocuBind 300 Electric Binding Machine,"GE 48"" Fluorescent Tube, Cool White Energy Saver, 34 Watts, 30/Box",1,0.0002,0.125,78.27
GBC DocuBind 300 Electric Binding Machine,Sensible Storage WireTech Storage Systems,1,0.0002,0.125,78.27
GBC DocuBind P100 Manual Binding Machine,Staples,2,0.000399,0.25,5.64
GBC DocuBind P100 Manual Binding Machine,Dell Slim USB Multimedia Keyboard,1,0.0002,0.125,313.06
GBC DocuBind P100 Manual Binding Machine,"Eldon Stackable Tray, Side-Load, Legal, Smoke",1,0.0002,0.125,125.22
GBC DocuBind P100 Manual Binding Machine,Acme Tagit Stainless Steel Antibacterial Scissors,1,0.0002,0.125,104.35
GBC DocuBind P100 Manual Binding Machine,DMI Eclipse Executive Suite Bookcases,1,0.0002,0.125,104.35
GBC DocuBind P400 Electric Binding System,Eldon Wave Desk Accessories,1,0.0002,0.1667,59.63
GBC DocuBind P400 Electric Binding System,OIC Binder Clips,1,0.0002,0.1667,119.26
GBC DocuBind P400 Electric Binding System,Acco 6 Outlet Guardian Standard Surge Suppressor,1,0.0002,0.1667,166.97
GBC DocuBind P400 Electric Binding System,DAX Clear Channel Poster Frame,1,0.0002,0.1667,278.28
GBC DocuBind P400 Electric Binding System,GBC Instant Index System for Binding Systems,1,0.0002,0.1667,166.97
GBC DocuBind P50 Personal Binding Machine,Newell 312,1,0.0002,0.1,45.54
GBC DocuBind P50 Personal Binding Machine,Panasonic KX-TG6844B Expandable Digital Cordless Telephone,1,0.0002,0.1,71.56
GBC DocuBind P50 Personal Binding Machine,"Seth Thomas 16"" Steel Case Clock",1,0.0002,0.1,100.18
GBC DocuBind P50 Personal Binding Machine,"Boston 1827 Commercial Additional Cutter, Drive Gear & Gear Rack for 1606",1,0.0002,0.1,250.45
GBC DocuBind P50 Personal Binding Machine,"Conquest 14 Commercial Heavy-Duty Upright Vacuum, Collection System, Accessory Kit",1,0.0002,0.1,125.22
GBC DocuBind TL200 Manual Binding Machine,Avery 476,1,0.0002,0.1667,83.48
GBC DocuBind TL200 Manual Binding Machine,Enermax Briskie RF Wireless Keyboard and Mouse Combo,1,0.0002,0.1667,166.97
GBC DocuBind TL200 Manual Binding Machine,Newell 328,1,0.0002,0.1667,278.28
GBC DocuBind TL200 Manual Binding Machine,"Trav-L-File Heavy-Duty Shuttle II, Black",1,0.0002,0.1667,119.26
GBC DocuBind TL200 Manual Binding Machine,Xerox 4200 Series MultiUse Premium Copy Paper (20Lb. and 84 Bright),1,0.0002,0.1667,104.35
GBC DocuBind TL300 Electric Binding System,"Eldon Expressions Punched Metal & Wood Desk Accessories, Black & Cherry",2,0.000399,0.1818,182.15
GBC DocuBind TL300 Electric Binding System,Riverleaf Stik-Withit Designer Note Cubes,1,0.0002,0.0909,91.07
GBC DocuBind TL300 Electric Binding System,"Safco Chair Connectors, 6/Carton",1,0.0002,0.0909,113.84
GBC DocuBind TL300 Electric Binding System,DMI Eclipse Executive Suite Bookcases,1,0.0002,0.0909,75.89
GBC DocuBind TL300 Electric Binding System,"Boston Electric Pencil Sharpener, Model 1818, Charcoal Black",1,0.0002,0.0909,56.92
GBC Durable Plastic Covers,Xerox 232,1,0.0002,0.125,156.53
GBC Durable Plastic Covers,Avery Durable Binders,1,0.0002,0.125,52.18
GBC Durable Plastic Covers,"Avery Hi-Liter EverBold Pen Style Fluorescent Highlighters, 4/Pack",1,0.0002,0.125,104.35
GBC Durable Plastic Covers,Nu-Dell Leatherette Frames,1,0.0002,0.125,208.71
GBC Durable Plastic Covers,Eldon Antistatic Chair Mats for Low to Medium Pile Carpets,1,0.0002,0.125,156.53
GBC Ibimaster 500 Manual ProClick Binding System,"Acco Clips to Go Binder Clips, 24 Clips in Two Sizes",1,0.0002,0.1111,111.31
GBC Ibimaster 500 Manual ProClick Binding System,Artistic Insta-Plaque,1,0.0002,0.1111,185.52
GBC Ibimaster 500 Manual ProClick Binding System,Belkin QODE FastFit Bluetooth Keyboard,1,0.0002,0.1111,278.28
GBC Ibimaster 500 Manual ProClick Binding System,KI Conference Tables,1,0.0002,0.1111,69.57
GBC Ibimaster 500 Manual ProClick Binding System,Longer-Life Soft White Bulbs,1,0.0002,0.1111,55.66
GBC Imprintable Covers,Acme Elite Stainless Steel Scissors,1,0.0002,0.125,125.22
GBC Imprintable Covers,Self-Adhesive Address Labels for Typewriters by Universal,1,0.0002,0.125,89.45
GBC Imprintable Covers,"Wirebound Message Books, 5-1/2 x 4 Forms, 2 or 4 Forms per Page",1,0.0002,0.125,208.71
GBC Imprintable Covers,Ativa MDM8000 8-Sheet Micro-Cut Shredder,1,0.0002,0.125,313.06
GBC Imprintable Covers,"Vinyl Coated Wire Paper Clips in Organizer Box, 800/Box",1,0.0002,0.125,78.27
GBC Instant Index System for Binding Systems,Acco 6 Outlet Guardian Standard Surge Suppressor,1,0.0002,0.2,200.36
GBC Instant Index System for Binding Systems,DAX Clear Channel Poster Frame,1,0.0002,0.2,333.93
GBC Instant Index System for Binding Systems,GBC DocuBind P400 Electric Binding System,1,0.0002,0.2,166.97
GBC Instant Index System for Binding Systems,GBC Premium Transparent Covers with Diagonal Lined Pattern,1,0.0002,0.2,71.56
GBC Instant Index System for Binding Systems,Microsoft Natural Keyboard Elite,1,0.0002,0.2,250.45
GBC Instant Report Kit,Carina Double Wide Media Storage Towers in Natural & Black,1,0.0002,0.0769,32.11
GBC Instant Report Kit,Ibico EPK-21 Electric Binding System,1,0.0002,0.0769,128.44
GBC Instant Report Kit,Xerox 217,1,0.0002,0.0769,48.16
GBC Instant Report Kit,Avery 487,1,0.0002,0.0769,55.04
GBC Instant Report Kit,OIC Bulk Pack Metal Binder Clips,1,0.0002,0.0769,48.16
"GBC Laser Imprintable Binding System Covers, Desert Sand","3M Polarizing Task Lamp with Clamp Arm, Light Gray",1,0.0002,0.1667,208.71
"GBC Laser Imprintable Binding System Covers, Desert Sand","Executive Impressions 13"" Clairmont Wall Clock",1,0.0002,0.1667,104.35
"GBC Laser Imprintable Binding System Covers, Desert Sand",Plantronics Cordless Phone Headset with In-line Volume - M214C,1,0.0002,0.1667,139.14
"GBC Laser Imprintable Binding System Covers, Desert Sand",Xerox 2000,1,0.0002,0.1667,166.97
"GBC Laser Imprintable Binding System Covers, Desert Sand",Honeywell Enviracaire Portable HEPA Air Cleaner for 17' x 22' Room,1,0.0002,0.1667,104.35
GBC Linen Binding Covers,AT&T 841000 Phone,1,0.0002,0.1667,119.26
GBC Linen Binding Covers,DAX Black Cherry Wood-Tone Poster Frame,1,0.0002,0.1667,104.35
GBC Linen Binding Covers,Round Specialty Laser Printer Labels,1,0.0002,0.1667,139.14
GBC Linen Binding Covers,"Avery 4027 File Folder Labels for Dot Matrix Printers, 5000 Labels per Box, White",1,0.0002,0.1667,75.89
GBC Linen Binding Covers,Avery 490,1,0.0002,0.1667,166.97
GBC Personal VeloBind Strips,Avery Non-Stick Binders,1,0.0002,0.1429,35.78
GBC Personal VeloBind Strips,Cisco 8x8 Inc. 6753i IP Business Phone System,1,0.0002,0.1429,119.26
GBC Personal VeloBind Strips,Motorola Droid Maxx,1,0.0002,0.1429,178.89
GBC Personal VeloBind Strips,"Seth Thomas 14"" Day/Date Wall Clock",1,0.0002,0.1429,119.26
GBC Personal VeloBind Strips,Boston KS Multi-Size Manual Pencil Sharpener,1,0.0002,0.1429,102.22
GBC Plastic Binding Combs,Hon Valutask Swivel Chairs,2,0.000399,0.2,250.45
GBC Plastic Binding Combs,Staples,2,0.000399,0.2,4.51
GBC Plastic Binding Combs,Safco Contoured Stacking Chairs,1,0.0002,0.1,62.61
GBC Plastic Binding Combs,Xerox 202,1,0.0002,0.1,62.61
GBC Plastic Binding Combs,Newell 340,1,0.0002,0.1,250.45
GBC Plasticlear Binding Covers,Belkin F9M820V08 8 Outlet Surge,1,0.0002,0.1429,238.52
GBC Plasticlear Binding Covers,Heavy-Duty E-Z-D Binders,1,0.0002,0.1429,89.45
GBC Plasticlear Binding Covers,Hon Racetrack Conference Tables,1,0.0002,0.1429,119.26
GBC Plasticlear Binding Covers,Plantronics Savi W720 Multi-Device Wireless Headset System,1,0.0002,0.1429,102.22
GBC Plasticlear Binding Covers,Zebra Zazzle Fluorescent Highlighters,1,0.0002,0.1429,119.26
GBC Poly Designer Binding Covers,"Avery Durable Plastic 1"" Binders",1,0.0002,0.1667,119.26
GBC Poly Designer Binding Covers,HTC One Mini,1,0.0002,0.1667,208.71
GBC Poly Designer Binding Covers,Pressboard Hanging Data Binders for Unburst Sheets,1,0.0002,0.1667,83.48
GBC Poly Designer Binding Covers,"REDIFORM Incoming/Outgoing Call Register, 11"" X 8 1/2"", 100 Messages",1,0.0002,0.1667,104.35
GBC Poly Designer Binding Covers,"Holmes Replacement Filter for HEPA Air Cleaner, Very Large Room, HEPA Filter",1,0.0002,0.1667,83.48
"GBC Pre-Punched Binding Paper, Plastic, White, 8-1/2"" x 11""",Geemarc AmpliPOWER60,1,0.0002,0.125,56.92
"GBC Pre-Punched Binding Paper, Plastic, White, 8-1/2"" x 11""",Honeywell Quietcare HEPA Air Cleaner,1,0.0002,0.125,104.35
"GBC Pre-Punched Binding Paper, Plastic, White, 8-1/2"" x 11""",Xerox 1948,1,0.0002,0.125,208.71
"GBC Pre-Punched Binding Paper, Plastic, White, 8-1/2"" x 11""",Newell 324,1,0.0002,0.125,89.45
"GBC Pre-Punched Binding Paper, Plastic, White, 8-1/2"" x 11""",Xerox 1945,1,0.0002,0.125,78.27
GBC Premium Transparent Covers with Diagonal Lined Pattern,Acco 6 Outlet Guardian Standard Surge Suppressor,1,0.0002,0.0714,71.56
GBC Premium Transparent Covers with Diagonal Lined Pattern,DAX Clear Channel Poster Frame,1,0.0002,0.0714,119.26
GBC Premium Transparent Covers with Diagonal Lined Pattern,GBC DocuBind P400 Electric Binding System,1,0.0002,0.0714,59.63
GBC Premium Transparent Covers with Diagonal Lined Pattern,GBC Instant Index System for Binding Systems,1,0.0002,0.0714,71.56
GBC Premium Transparent Covers with Diagonal Lined Pattern,Microsoft Natural Keyboard Elite,1,0.0002,0.0714,89.45
"GBC Prepunched Paper, 19-Hole, for Binding Systems, 24-lb",Epson Perfection V600 Photo Scanner,1,0.0002,0.1429,715.57
"GBC Prepunched Paper, 19-Hole, for Binding Systems, 24-lb",Fellowes Advanced 8 Outlet Surge Suppressor with Phone/Fax Protection,1,0.0002,0.1429,238.52
"GBC Prepunched Paper, 19-Hole, for Binding Systems, 24-lb",Logitech 910-002974 M325 Wireless Mouse for Web Scrolling,1,0.0002,0.1429,47.7
"GBC Prepunched Paper, 19-Hole, for Binding Systems, 24-lb",Stacking Trays by OIC,1,0.0002,0.1429,119.26
"GBC Prepunched Paper, 19-Hole, for Binding Systems, 24-lb",Staples,1,0.0002,0.1429,3.22
GBC Prestige Therm-A-Bind Covers,Anker Astro 15000mAh USB Portable Charger,2,0.000399,0.2,200.36
GBC Prestige Therm-A-Bind Covers,Eldon Gobal File Keepers,1,0.0002,0.1,83.48
GBC Prestige Therm-A-Bind Covers,Eldon ProFile File 'N Store Portable File Tub Letter/Legal Size Black,1,0.0002,0.1,71.56
GBC Prestige Therm-A-Bind Covers,"Executive Impressions 12"" Wall Clock",1,0.0002,0.1,83.48
GBC Prestige Therm-A-Bind Covers,Avery Round Ring Poly Binders,1,0.0002,0.1,83.48
GBC ProClick 150 Presentation Binding System,O'Sullivan Living Dimensions 2-Shelf Bookcases,1,0.0002,0.2,100.18
GBC ProClick 150 Presentation Binding System,Manco Dry-Lighter Erasable Highlighter,1,0.0002,0.2,143.11
GBC ProClick 150 Presentation Binding System,Belkin F9S820V06 8 Outlet Surge,1,0.0002,0.2,250.45
GBC ProClick 150 Presentation Binding System,Razer Kraken PRO Over Ear PC and Music Headset,1,0.0002,0.2,125.22
GBC ProClick 150 Presentation Binding System,Stacking Trays by OIC,1,0.0002,0.2,166.97
GBC ProClick Punch Binding System,Fashion Color Clasp Envelopes,1,0.0002,0.1429,238.52
GBC ProClick Punch Binding System,Holmes Harmony HEPA Air Purifier for 17 x 20 Room,1,0.0002,0.1429,715.57
GBC ProClick Punch Binding System,Staples,1,0.0002,0.1429,3.22
GBC ProClick Punch Binding System,Belkin 8 Outlet Surge Protector,1,0.0002,0.1429,102.22
GBC ProClick Punch Binding System,Xerox 1992,1,0.0002,0.1429,178.89
GBC ProClick Spines for 32-Hole Punch,"Angle-D Binders with Locking Rings, Label Holders",1,0.0002,0.2,100.18
GBC ProClick Spines for 32-Hole Punch,"Sauder Camden County Collection Libraries, Planked Cherry Finish",1,0.0002,0.2,143.11
GBC ProClick Spines for 32-Hole Punch,3M Polarizing Light Filter Sleeves,1,0.0002,0.2,250.45
GBC ProClick Spines for 32-Hole Punch,Newell 333,1,0.0002,0.2,91.07
GBC ProClick Spines for 32-Hole Punch,"Acco Smartsocket Table Surge Protector, 6 Color-Coded Adapter Outlets",1,0.0002,0.2,333.93
GBC Recycled Grain Textured Covers,"Message Book, Standard Line ""While You Were Out"", 5 1/2"" X 4"", 200 Sets/Book",1,0.0002,0.2,500.9
GBC Recycled Grain Textured Covers,Global Leather Executive Chair,1,0.0002,0.2,143.11
GBC Recycled Grain Textured Covers,Self-Adhesive Ring Binder Labels,1,0.0002,0.2,250.45
GBC Recycled Grain Textured Covers,Xerox 1941,1,0.0002,0.2,200.36
GBC Recycled Grain Textured Covers,Xerox 1995,1,0.0002,0.2,166.97
GBC Recycled Regency Composition Covers,Avery 512,1,0.0002,0.1667,166.97
GBC Recycled Regency Composition Covers,"Boston Model 1800 Electric Pencil Sharpener, Gray",1,0.0002,0.1667,278.28
GBC Recycled Regency Composition Covers,"Tenex Personal Self-Stacking Standard File Box, Black/Gray",1,0.0002,0.1667,166.97
GBC Recycled Regency Composition Covers,Xerox 1915,1,0.0002,0.1667,92.76
GBC Recycled VeloBinder Covers,Wilson Jones Active Use Binders,2,0.000399,0.25,208.71
GBC Recycled VeloBinder Covers,"Chromcraft Bull-Nose Wood 48"" x 96"" Rectangular Conference Tables",1,0.0002,0.125,104.35
GBC Recycled VeloBinder Covers,"Eldon Expressions Wood Desk Accessories, Oak",1,0.0002,0.125,52.18
GBC Recycled VeloBinder Covers,Eldon Wave Desk Accessories,1,0.0002,0.125,44.72
GBC Recycled VeloBinder Covers,Hon Pagoda Stacking Chairs,1,0.0002,0.125,156.53
GBC Standard Plastic Binding Systems Combs,Avery 508,1,0.0002,0.2,166.97
GBC Standard Plastic Binding Systems Combs,SAFCO Boltless Steel Shelving,1,0.0002,0.2,100.18
GBC Standard Plastic Binding Systems Combs,Hon 2111 Invitation Series Straight Table,1,0.0002,0.2,143.11
GBC Standard Plastic Binding Systems' Combs,Fellowes Super Stor/Drawer Files,1,0.0002,0.125,69.57
GBC Standard Plastic Binding Systems' Combs,Cisco SPA301,1,0.0002,0.125,69.57
GBC Standard Plastic Binding Systems' Combs,Fellowes High-Stak Drawer Files,1,0.0002,0.125,78.27
GBC Standard Plastic Binding Systems' Combs,Hon 2090 Pillow Soft Series Mid Back Swivel/Tilt Chairs,1,0.0002,0.125,104.35
GBC Standard Plastic Binding Systems' Combs,"Hunt PowerHouse Electric Pencil Sharpener, Blue",1,0.0002,0.125,62.61
"GBC Standard Recycled Report Covers, Clear Plastic Sheets",O'Sullivan 4-Shelf Bookcase in Odessa Pine,2,0.000399,0.1667,119.26
"GBC Standard Recycled Report Covers, Clear Plastic Sheets",Case Logic 2.4GHz Wireless Keyboard,1,0.0002,0.0833,52.18
"GBC Standard Recycled Report Covers, Clear Plastic Sheets","TOPS Carbonless Receipt Book, Four 2-3/4 x 7-1/4 Money Receipts per Page",1,0.0002,0.0833,104.35
"GBC Standard Recycled Report Covers, Clear Plastic Sheets","Tyvek  Top-Opening Peel & Seel Envelopes, Plain White",1,0.0002,0.0833,59.63
"GBC Standard Recycled Report Covers, Clear Plastic Sheets","Adams Telephone Message Book w/Frequently-Called Numbers Space, 400 Messages per Book",1,0.0002,0.0833,59.63
GBC Standard Therm-A-Bind Covers,Staples,2,0.000399,0.1667,3.76
GBC Standard Therm-A-Bind Covers,Google Nexus 5,2,0.000399,0.1667,166.97
GBC Standard Therm-A-Bind Covers,Aluminum Document Frame,1,0.0002,0.0833,83.48
GBC Standard Therm-A-Bind Covers,Acco Economy Flexible Poly Round Ring Binder,1,0.0002,0.0833,104.35
GBC Standard Therm-A-Bind Covers,"Howard Miller 13"" Diameter Pewter Finish Round Wall Clock",1,0.0002,0.0833,59.63
GBC Therma-A-Bind 250T Electric Binding System,Document Clip Frames,1,0.0002,0.5,1252.25
GBC Therma-A-Bind 250T Electric Binding System,Nontoxic Chalk,1,0.0002,0.5,313.06
GBC Therma-A-Bind 250T Electric Binding System,Space Solutions Commercial Steel Shelving,1,0.0002,0.5,357.79
GBC Therma-A-Bind 250T Electric Binding System,"Super Bands, 12/Pack",1,0.0002,0.5,626.12
GBC Therma-A-Bind 250T Electric Binding System,"White Business Envelopes with Contemporary Seam, Recycled White Business Envelopes",1,0.0002,0.5,417.42
GBC Twin Loop Wire Binding Elements,"Bush Westfield Collection Bookcases, Medium Cherry Finish",1,0.0002,0.1,55.66
GBC Twin Loop Wire Binding Elements,Xerox 1967,1,0.0002,0.1,100.18
GBC Twin Loop Wire Binding Elements,"Perma STOR-ALL Hanging File Box, 13 1/8""W x 12 1/4""D x 10 1/2""H",1,0.0002,0.1,62.61
GBC Twin Loop Wire Binding Elements,SAFCO Arco Folding Chair,1,0.0002,0.1,38.53
GBC Twin Loop Wire Binding Elements,Wilson Jones Active Use Binders,1,0.0002,0.1,83.48
"GBC Twin Loop Wire Binding Elements, 9/16"" Spine, Black","Memorex 25GB 6X Branded Blu-Ray Recordable Disc, 15/Pack",1,0.0002,0.1111,111.31
"GBC Twin Loop Wire Binding Elements, 9/16"" Spine, Black","Acme 10"" Easy Grip Assistive Scissors",1,0.0002,0.1111,69.57
"GBC Twin Loop Wire Binding Elements, 9/16"" Spine, Black",Eldon Simplefile Box Office,1,0.0002,0.1111,69.57
"GBC Twin Loop Wire Binding Elements, 9/16"" Spine, Black",Akro-Mils 12-Gallon Tote,1,0.0002,0.1111,139.14
"GBC Twin Loop Wire Binding Elements, 9/16"" Spine, Black",Holmes Odor Grabber,1,0.0002,0.1111,69.57
GBC VeloBind Cover Sets,Advantus Rolling Storage Box,1,0.0002,0.0909,45.54
GBC VeloBind Cover Sets,Staples,1,0.0002,0.0909,2.05
GBC VeloBind Cover Sets,Insertable Tab Indexes For Data Binders,1,0.0002,0.0909,91.07
GBC VeloBind Cover Sets,Polycom SoundPoint IP 450 VoIP phone,1,0.0002,0.0909,75.89
GBC VeloBind Cover Sets,Hoover Commercial Lightweight Upright Vacuum with E-Z Empty Dirt Cup,1,0.0002,0.0909,151.79
GBC VeloBinder Electric Binding Machine,2300 Heavy-Duty Transfer File Systems by Perma,1,0.0002,0.25,313.06
GBC VeloBinder Electric Binding Machine,3M Replacement Filter for Office Air Cleaner for 20' x 33' Room,1,0.0002,0.25,313.06
GBC VeloBinder Electric Binding Machine,Lock-Up Easel 'Spel-Binder',1,0.0002,0.25,178.89
GBC VeloBinder Electric Binding Machine,Petty Cash Envelope,1,0.0002,0.25,417.42
GBC VeloBinder Electric Binding Machine,SAFCO Boltless Steel Shelving,1,0.0002,0.25,125.22
GBC VeloBinder Manual Binding System,Insertable Tab Post Binder Dividers,2,0.000399,0.25,156.53
GBC VeloBinder Manual Binding System,"Eldon Expressions Desk Accessory, Wood Photo Frame, Mahogany",1,0.0002,0.125,104.35
GBC VeloBinder Manual Binding System,"Hot File 7-Pocket, Floor Stand",1,0.0002,0.125,48.16
GBC VeloBinder Manual Binding System,Xerox 1889,1,0.0002,0.125,208.71
GBC VeloBinder Manual Binding System,"Acco PRESSTEX Data Binder with Storage Hooks, Dark Blue, 9 1/2"" X 11""",1,0.0002,0.125,156.53
"GBC Velobind Prepunched Cover Sets, Regency Series",Staples,1,0.0002,0.1429,3.22
"GBC Velobind Prepunched Cover Sets, Regency Series",Tennsco Regal Shelving Units,1,0.0002,0.1429,178.89
"GBC Velobind Prepunched Cover Sets, Regency Series",Assorted Color Push Pins,1,0.0002,0.1429,89.45
"GBC Velobind Prepunched Cover Sets, Regency Series",Belkin F9H710-06 7 Outlet SurgeMaster Surge Protector,1,0.0002,0.1429,89.45
"GBC Velobind Prepunched Cover Sets, Regency Series",Crayola Colored Pencils,1,0.0002,0.1429,65.05
"GBC White Gloss Covers, Plain Front",Belkin F8E887 USB Wired Ergonomic Keyboard,1,0.0002,0.1429,89.45
"GBC White Gloss Covers, Plain Front","Dot Matrix Printer Tape Reel Labels, White, 5000/Box",1,0.0002,0.1429,89.45
"GBC White Gloss Covers, Plain Front","GE 48"" Fluorescent Tube, Cool White Energy Saver, 34 Watts, 30/Box",1,0.0002,0.1429,89.45
"GBC White Gloss Covers, Plain Front",Micro Innovations USB RF Wireless Keyboard with Mouse,1,0.0002,0.1429,119.26
"GBC White Gloss Covers, Plain Front",Hon Every-Day Series Multi-Task Chairs,1,0.0002,0.1429,71.56
GBC Wire Binding Combs,Carina Double Wide Media Storage Towers in Natural & Black,2,0.000399,0.2857,119.26
GBC Wire Binding Combs,Imation 30456 USB Flash Drive 8GB,1,0.0002,0.1429,143.11
GBC Wire Binding Combs,"Premium Transparent Presentation Covers, No Pattern/Clear, 8 1/2"" x 11""",1,0.0002,0.1429,102.22
GBC Wire Binding Combs,Staples,1,0.0002,0.1429,3.22
GBC Wire Binding Combs,Acme Forged Steel Scissors with Black Enamel Handles,1,0.0002,0.1429,89.45
GBC Wire Binding Strips,Angle-D Ring Binders,1,0.0002,0.2,166.97
GBC Wire Binding Strips,Samsung Galaxy Note 3,1,0.0002,0.2,333.93
GBC Wire Binding Strips,Zipper Ring Binder Pockets,1,0.0002,0.2,77.06
GBC Wire Binding Strips,Fiskars Softgrip Scissors,1,0.0002,0.2,143.11
GBC Wire Binding Strips,Ideal Clamps,1,0.0002,0.2,125.22
GE 2-Jack Phone Line Splitter,"Holmes Cool Mist Humidifier for the Whole House with 8-Gallon Output per Day, Extended Life Filter",1,0.0002,0.3333,417.42
GE 2-Jack Phone Line Splitter,"Message Book, Phone, Wirebound Standard Line Memo, 2 3/4"" X 5""",1,0.0002,0.3333,333.93
GE 2-Jack Phone Line Splitter,"Floodlight Indoor Halogen Bulbs, 1 Bulb per Pack, 60 Watts",1,0.0002,0.3333,278.28
GE 2-Jack Phone Line Splitter,Geemarc AmpliPOWER60,1,0.0002,0.3333,151.79
GE 2-Jack Phone Line Splitter,"Global Push Button Manager's Chair, Indigo",1,0.0002,0.3333,185.52
GE 30522EE2,Bretford CR8500 Series Meeting Room Furniture,1,0.0002,0.3333,278.28
GE 30522EE2,"Master Caster Door Stop, Large Neon Orange",1,0.0002,0.3333,238.52
GE 30522EE2,"Bush Westfield Collection Bookcases, Medium Cherry Finish",1,0.0002,0.3333,185.52
GE 30522EE2,DXL Angle-View Binders with Locking Rings by Samsill,1,0.0002,0.3333,166.97
GE 30522EE2,Iris Project Case,1,0.0002,0.3333,278.28
GE 30524EE4,DMI Arturo Collection Mission-style Design Wood Chair,1,0.0002,0.1111,50.6
GE 30524EE4,"Executive Impressions 14"" Contract Wall Clock",1,0.0002,0.1111,79.51
GE 30524EE4,First Data FD10 PIN Pad,1,0.0002,0.1111,111.31
GE 30524EE4,"Alliance Super-Size Bands, Assorted Sizes",1,0.0002,0.1111,139.14
GE 30524EE4,Global Deluxe High-Back Manager's Chair,1,0.0002,0.1111,69.57
"GE 4 Foot Flourescent Tube, 40 Watt","Atlantic Metals Mobile 3-Shelf Bookcases, Custom Colors",1,0.0002,0.3333,208.71
"GE 4 Foot Flourescent Tube, 40 Watt","Master Caster Door Stop, Brown",1,0.0002,0.3333,185.52
"GE 48"" Fluorescent Tube, Cool White Energy Saver, 34 Watts, 30/Box",Pyle PMP37LED,1,0.0002,0.125,62.61
"GE 48"" Fluorescent Tube, Cool White Energy Saver, 34 Watts, 30/Box",Xerox 2,1,0.0002,0.125,69.57
"GE 48"" Fluorescent Tube, Cool White Energy Saver, 34 Watts, 30/Box",Belkin F9S820V06 8 Outlet Surge,1,0.0002,0.125,156.53
"GE 48"" Fluorescent Tube, Cool White Energy Saver, 34 Watts, 30/Box",DMI Eclipse Executive Suite Bookcases,1,0.0002,0.125,104.35
"GE 48"" Fluorescent Tube, Cool White Energy Saver, 34 Watts, 30/Box",Newell 31,1,0.0002,0.125,125.22
GE DSL Phone Line Filter,Fellowes Super Stor/Drawer,1,0.0002,0.25,313.06
GE DSL Phone Line Filter,"Atlantic Metals Mobile 3-Shelf Bookcases, Custom Colors",1,0.0002,0.25,156.53
GE DSL Phone Line Filter,"Avery Hi-Liter EverBold Pen Style Fluorescent Highlighters, 4/Pack",1,0.0002,0.25,208.71
GE DSL Phone Line Filter,Wilson Jones Heavy-Duty Casebound Ring Binders with Metal Hinges,1,0.0002,0.25,208.71
GE DSL Phone Line Filter,Avery Printable Repositionable Plastic Tabs,1,0.0002,0.25,208.71
"GE General Purpose, Extra Long Life, Showcase & Floodlight Incandescent Bulbs",Logitech ClearChat Comfort/USB Headset H390,1,0.0002,0.1429,119.26
"GE General Purpose, Extra Long Life, Showcase & Floodlight Incandescent Bulbs",Newell 326,1,0.0002,0.1429,119.26
"GE General Purpose, Extra Long Life, Showcase & Floodlight Incandescent Bulbs",Newell 346,1,0.0002,0.1429,143.11
"GE General Purpose, Extra Long Life, Showcase & Floodlight Incandescent Bulbs",Cisco SPA 502G IP Phone,1,0.0002,0.1429,143.11
"GE General Purpose, Extra Long Life, Showcase & Floodlight Incandescent Bulbs",Cisco SPA112 2 Port Phone Adapter,1,0.0002,0.1429,238.52
"GE General Use Halogen Bulbs, 100 Watts, 1 Bulb per Pack",Logitech G602 Wireless Gaming Mouse,1,0.0002,0.3333,185.52
"GE General Use Halogen Bulbs, 100 Watts, 1 Bulb per Pack",Avery File Folder Labels,1,0.0002,0.3333,128.44
"GE General Use Halogen Bulbs, 100 Watts, 1 Bulb per Pack","Avery Triangle Shaped Sheet Lifters, Black, 2/Pack",1,0.0002,0.3333,278.28
"GE General Use Halogen Bulbs, 100 Watts, 1 Bulb per Pack",Xerox 1884,1,0.0002,0.3333,208.71
"GE General Use Halogen Bulbs, 100 Watts, 1 Bulb per Pack",Eldon Image Series Black Desk Accessories,1,0.0002,0.3333,333.93
Gear Head AU3700S Headset,Safco Contoured Stacking Chairs,1,0.0002,0.3333,208.71
Gear Head AU3700S Headset,Acme Kleen Earth Office Shears,1,0.0002,0.3333,333.93
Gear Head AU3700S Headset,BIC Brite Liner Grip Highlighters,1,0.0002,0.3333,333.93
Gear Head AU3700S Headset,Fiskars Softgrip Scissors,1,0.0002,0.3333,238.52
Gear Head AU3700S Headset,Panasonic KP-380BK Classic Electric Pencil Sharpener,1,0.0002,0.3333,278.28
Geemarc AmpliPOWER60,"GBC Pre-Punched Binding Paper, Plastic, White, 8-1/2"" x 11""",1,0.0002,0.0909,56.92
Geemarc AmpliPOWER60,Honeywell Quietcare HEPA Air Cleaner,1,0.0002,0.0909,75.89
Geemarc AmpliPOWER60,Xerox 1948,1,0.0002,0.0909,151.79
Geemarc AmpliPOWER60,"Boston Electric Pencil Sharpener, Model 1818, Charcoal Black",1,0.0002,0.0909,56.92
Geemarc AmpliPOWER60,Classic Ivory Antique Telephone ZL1810,1,0.0002,0.0909,227.68
"Geographics Note Cards, Blank, White, 8 1/2"" x 11""",SAFCO Arco Folding Chair,1,0.0002,0.3333,128.44
"Geographics Note Cards, Blank, White, 8 1/2"" x 11""","Snap-A-Way Black Print Carbonless Ruled Speed Letter, Triplicate",1,0.0002,0.3333,278.28
"Geographics Note Cards, Blank, White, 8 1/2"" x 11""",Bevis Rectangular Conference Tables,1,0.0002,0.3333,417.42
"Global Adaptabilites Bookcase, Cherry/Storm Gray Finish","Acco Pressboard Covers with Storage Hooks, 14 7/8"" x 11"", Light Blue",1,0.0002,0.5,227.68
"Global Adaptabilites Bookcase, Cherry/Storm Gray Finish",Avery 514,1,0.0002,0.5,626.12
"Global Adaptabilites Bookcase, Cherry/Storm Gray Finish",Avery Non-Stick Binders,1,0.0002,0.5,125.22
"Global Adaptabilites Bookcase, Cherry/Storm Gray Finish","GBC Pre-Punched Binding Paper, Plastic, White, 8-1/2"" x 11""",1,0.0002,0.5,313.06
"Global Adaptabilites Bookcase, Cherry/Storm Gray Finish",Green Bar Computer Printout Paper,1,0.0002,0.5,500.9
Global Adaptabilities Conference Tables,Panasonic KX TS3282W Corded phone,1,0.0002,0.25,178.89
Global Adaptabilities Conference Tables,Advantus Plastic Paper Clips,1,0.0002,0.25,125.22
Global Adaptabilities Conference Tables,Boston 16750 Black Compact Battery Pencil Sharpener,1,0.0002,0.25,626.12
Global Adaptabilities Conference Tables,Economy #2 Pencils,1,0.0002,0.25,313.06
Global Adaptabilities Conference Tables,Magna Visual Magnetic Picture Hangers,1,0.0002,0.25,208.71
"Global Airflow Leather Mesh Back Chair, Black","BIC Brite Liner Grip Highlighters, Assorted, 5/Pack",1,0.0002,0.1111,92.76
"Global Airflow Leather Mesh Back Chair, Black",Samsung Galaxy S III - 16GB - pebble blue (T-Mobile),1,0.0002,0.1111,92.76
"Global Airflow Leather Mesh Back Chair, Black",Xerox 201,1,0.0002,0.1111,111.31
"Global Airflow Leather Mesh Back Chair, Black",Clarity 53712,1,0.0002,0.1111,139.14
"Global Airflow Leather Mesh Back Chair, Black","Fellowes Smart Surge Ten-Outlet Protector, Platinum",1,0.0002,0.1111,556.56
"Global Armless Task Chair, Royal Blue",Avery Arch Ring Binders,1,0.0002,0.125,62.61
"Global Armless Task Chair, Royal Blue",Xerox 188,1,0.0002,0.125,78.27
"Global Armless Task Chair, Royal Blue","SAFCO Commercial Wire Shelving, Black",1,0.0002,0.125,62.61
"Global Armless Task Chair, Royal Blue",Wausau Papers Astrobrights Colored Envelopes,1,0.0002,0.125,208.71
"Global Armless Task Chair, Royal Blue",Wilson SignalBoost 841262 DB PRO Amplifier Kit,1,0.0002,0.125,104.35
Global Chrome Stack Chair,"Global Leather and Oak Executive Chair, Black",1,0.0002,0.1667,104.35
Global Chrome Stack Chair,Maxell DVD-RAM Discs,1,0.0002,0.1667,278.28
Global Chrome Stack Chair,Office Star - Professional Matrix Back Chair with 2-to-1 Synchro Tilt and Mesh Fabric Seat,1,0.0002,0.1667,104.35
Global Chrome Stack Chair,"Redi-Strip #10 Envelopes, 4 1/8 x 9 1/2",1,0.0002,0.1667,119.26
Global Chrome Stack Chair,Xerox 196,1,0.0002,0.1667,104.35
Global Comet Stacking Arm Chair,Cisco SPA525G2 5-Line IP Phone,1,0.0002,0.2,1001.8
Global Comet Stacking Arm Chair,Staples,1,0.0002,0.2,4.51
Global Comet Stacking Arm Chair,"Angle-D Binders with Locking Rings, Label Holders",1,0.0002,0.2,100.18
Global Comet Stacking Arm Chair,Fellowes Bankers Box Stor/Drawer Steel Plus,1,0.0002,0.2,83.48
Global Comet Stacking Arm Chair,Grandstream GXP1160 VoIP phone,1,0.0002,0.2,166.97
Global Comet Stacking Armless Chair,Eldon Mobile Mega Data Cart  Mega Stackable  Add-On Trays,1,0.0002,0.1667,139.14
Global Comet Stacking Armless Chair,Newell 32,1,0.0002,0.1667,139.14
Global Comet Stacking Armless Chair,Safco Drafting Table,1,0.0002,0.1667,208.71
Global Comet Stacking Armless Chair,Xerox 214,1,0.0002,0.1667,92.76
Global Comet Stacking Armless Chair,Memorex Froggy Flash Drive 8 GB,1,0.0002,0.1667,104.35
Global Commerce Series High-Back Swivel/Tilt Chairs,Cisco SPA508G,2,0.000399,0.2222,222.62
Global Commerce Series High-Back Swivel/Tilt Chairs,9-3/4 Diameter Round Wall Clock,1,0.0002,0.1111,69.57
Global Commerce Series High-Back Swivel/Tilt Chairs,Avery 514,1,0.0002,0.1111,139.14
Global Commerce Series High-Back Swivel/Tilt Chairs,Staples,1,0.0002,0.1111,2.51
Global Commerce Series High-Back Swivel/Tilt Chairs,Acco D-Ring Binder w/DublLock,1,0.0002,0.1111,61.84
Global Commerce Series Low-Back Swivel/Tilt Chairs,DIXON Ticonderoga Erasable Checking Pencils,1,0.0002,0.1429,102.22
Global Commerce Series Low-Back Swivel/Tilt Chairs,"SAFCO Mobile Desk Side File, Wire Frame",1,0.0002,0.1429,89.45
Global Commerce Series Low-Back Swivel/Tilt Chairs,"Wirebound Message Books, Four 2 3/4 x 5 White Forms per Page",1,0.0002,0.1429,102.22
Global Commerce Series Low-Back Swivel/Tilt Chairs,"Acco Pressboard Covers with Storage Hooks, 14 7/8"" x 11"", Executive Red",1,0.0002,0.1429,89.45
Global Commerce Series Low-Back Swivel/Tilt Chairs,Flat Face Poster Frame,1,0.0002,0.1429,59.63
Global Deluxe High-Back Manager's Chair,"Adams Telephone Message Book w/Frequently-Called Numbers Space, 400 Messages per Book",1,0.0002,0.125,89.45
Global Deluxe High-Back Manager's Chair,Honeywell Enviracaire Portable HEPA Air Cleaner for 17' x 22' Room,1,0.0002,0.125,78.27
Global Deluxe High-Back Manager's Chair,Safco Steel Mobile File Cart,1,0.0002,0.125,125.22
Global Deluxe High-Back Manager's Chair,Xerox 205,1,0.0002,0.125,156.53
Global Deluxe High-Back Manager's Chair,"Alliance Super-Size Bands, Assorted Sizes",1,0.0002,0.125,156.53
Global Deluxe High-Back Office Chair in Storm,Avery 50,1,0.0002,0.3333,333.93
Global Deluxe High-Back Office Chair in Storm,Honeywell Enviracaire Portable HEPA Air Cleaner for 16' x 20' Room,1,0.0002,0.3333,556.56
Global Deluxe High-Back Office Chair in Storm,Kensington K72356US Mouse-in-a-Box USB Desktop Mouse,1,0.0002,0.3333,278.28
Global Deluxe High-Back Office Chair in Storm,DAX Clear Channel Poster Frame,1,0.0002,0.3333,556.56
Global Deluxe High-Back Office Chair in Storm,"Hoover Replacement Belts For Soft Guard & Commercial Ltweight Upright Vacs, 2/Pk",1,0.0002,0.3333,333.93
Global Deluxe Office Fabric Chairs,Eldon ClusterMat Chair Mat with Cordless Antistatic Protection,1,0.0002,0.1667,166.97
Global Deluxe Office Fabric Chairs,"Howard Miller 13"" Diameter Goldtone Round Wall Clock",1,0.0002,0.1667,139.14
Global Deluxe Office Fabric Chairs,Ibico Laser Imprintable Binding System Covers,1,0.0002,0.1667,104.35
Global Deluxe Office Fabric Chairs,"Vinyl Coated Wire Paper Clips in Organizer Box, 800/Box",1,0.0002,0.1667,104.35
Global Deluxe Office Fabric Chairs,Jabra SPEAK 410,1,0.0002,0.1667,92.76
"Global Deluxe Stacking Chair, Gray","#10- 4 1/8"" x 9 1/2"" Security-Tint Envelopes",1,0.0002,0.1429,89.45
"Global Deluxe Stacking Chair, Gray",Bevis Round Conference Room Tables and Bases,1,0.0002,0.1429,357.79
"Global Deluxe Stacking Chair, Gray","DAX Two-Tone Rosewood/Black Document Frame, Desktop, 5 x 7",1,0.0002,0.1429,89.45
"Global Deluxe Stacking Chair, Gray","Global Value Steno Chair, Gray",1,0.0002,0.1429,71.56
"Global Deluxe Stacking Chair, Gray",Prestige Round Ring Binders,1,0.0002,0.1429,89.45
Global Deluxe Steno Chair,"Adams Telephone Message Books, 5 1/4 x 11",1,0.0002,0.1,100.18
Global Deluxe Steno Chair,Ibico Plastic Spiral Binding Combs,1,0.0002,0.1,38.53
Global Deluxe Steno Chair,Staples,1,0.0002,0.1,2.26
Global Deluxe Steno Chair,Square Credit Card Reader,1,0.0002,0.1,71.56
Global Deluxe Steno Chair,"ACCOHIDE 3-Ring Binder, Blue, 1""",1,0.0002,0.1,38.53
Global Enterprise Series Seating High-Back Swivel/Tilt Chairs,Iris Project Case,1,0.0002,0.25,208.71
Global Enterprise Series Seating High-Back Swivel/Tilt Chairs,APC 7 Outlet Network SurgeArrest Surge Protector,1,0.0002,0.25,156.53
Global Enterprise Series Seating High-Back Swivel/Tilt Chairs,"Acco Pressboard Covers with Storage Hooks, 14 7/8"" x 11"", Executive Red",1,0.0002,0.25,156.53
Global Enterprise Series Seating High-Back Swivel/Tilt Chairs,Dax Clear Box Frame,1,0.0002,0.25,208.71
Global Enterprise Series Seating High-Back Swivel/Tilt Chairs,Nontoxic Chalk,1,0.0002,0.25,156.53
Global Enterprise Series Seating Low-Back Swivel/Tilt Chairs,3.6 Cubic Foot Counter Height Office Refrigerator,1,0.0002,1.0,1001.8
Global Enterprise Series Seating Low-Back Swivel/Tilt Chairs,Cardinal Holdit Business Card Pockets,1,0.0002,1.0,626.12
Global Enterprise Series Seating Low-Back Swivel/Tilt Chairs,"Howard Miller 13-3/4"" Diameter Brushed Chrome Round Wall Clock",1,0.0002,1.0,556.56
Global Enterprise Series Seating Low-Back Swivel/Tilt Chairs,"Mead 1st Gear 2"" Zipper Binder, Asst. Colors",1,0.0002,1.0,1669.67
Global Enterprise Series Seating Low-Back Swivel/Tilt Chairs,Polycom VoiceStation 500 Conference phone,1,0.0002,1.0,1001.8
Global Ergonomic Managers Chair,Polycom VoiceStation 500 Conference phone,1,0.0002,0.0909,91.07
Global Ergonomic Managers Chair,"ACCOHIDE 3-Ring Binder, Blue, 1""",1,0.0002,0.0909,35.03
Global Ergonomic Managers Chair,Presstex Flexible Ring Binders,1,0.0002,0.0909,56.92
Global Ergonomic Managers Chair,"DAX Contemporary Wood Frame with Silver Metal Mat, Desktop, 11 x 14 Size",1,0.0002,0.0909,91.07
Global Ergonomic Managers Chair,Sharp AL-1530CS Digital Copier,1,0.0002,0.0909,113.84
Global Executive Mid-Back Manager's Chair,Samsung Galaxy S III - 16GB - pebble blue (T-Mobile),1,0.0002,0.1667,139.14
Global Executive Mid-Back Manager's Chair,"SAFCO PlanMaster Heigh-Adjustable Drafting Table Base, 43w x 30d x 30-37h, Black",1,0.0002,0.1667,166.97
Global Executive Mid-Back Manager's Chair,O'Sullivan 2-Shelf Heavy-Duty Bookcases,1,0.0002,0.1667,139.14
Global Executive Mid-Back Manager's Chair,Wilson Jones Century Plastic Molded Ring Binders,1,0.0002,0.1667,83.48
Global Executive Mid-Back Manager's Chair,Xerox 1946,1,0.0002,0.1667,278.28
"Global Fabric Manager's Chair, Dark Gray",Plantronics Savi W720 Multi-Device Wireless Headset System,1,0.0002,0.1111,79.51
"Global Fabric Manager's Chair, Dark Gray",Sauder Inglewood Library Bookcases,1,0.0002,0.1111,111.31
"Global Fabric Manager's Chair, Dark Gray",Xerox 1917,1,0.0002,0.1111,111.31
"Global Fabric Manager's Chair, Dark Gray",Xerox 1970,1,0.0002,0.1111,92.76
"Global Fabric Manager's Chair, Dark Gray","#10-4 1/8"" x 9 1/2"" Premium Diagonal Seam Envelopes",1,0.0002,0.1111,278.28
"Global Geo Office Task Chair, Gray",Aluminum Screw Posts,1,0.0002,0.1429,65.05
"Global Geo Office Task Chair, Gray",Xerox 206,1,0.0002,0.1429,143.11
"Global Geo Office Task Chair, Gray",G.E. Halogen Desk Lamp Bulbs,1,0.0002,0.1429,143.11
"Global Geo Office Task Chair, Gray",Okidata B400 Printer,1,0.0002,0.1429,357.79
"Global Geo Office Task Chair, Gray",BoxOffice By Design Rectangular and Half-Moon Meeting Room Tables,1,0.0002,0.1429,238.52
"Global High-Back Leather Tilter, Burgundy",Flexible Leather- Look Classic Collection Ring Binder,1,0.0002,0.0714,59.63
"Global High-Back Leather Tilter, Burgundy",Staples,1,0.0002,0.0714,1.61
"Global High-Back Leather Tilter, Burgundy","Howard Miller 16"" Diameter Gallery Wall Clock",1,0.0002,0.0714,89.45
"Global High-Back Leather Tilter, Burgundy",Tennsco 16-Compartment Lockers with Coat Rack,1,0.0002,0.0714,71.56
"Global High-Back Leather Tilter, Burgundy",Global Troy Executive Leather Low-Back Tilter,1,0.0002,0.0714,39.75
Global Highback Leather Tilter in Burgundy,"Bush Cubix Collection Bookcases, Fully Assembled",1,0.0002,0.1111,185.52
Global Highback Leather Tilter in Burgundy,"Executive Impressions 16-1/2"" Circular Wall Clock",1,0.0002,0.1111,278.28
Global Highback Leather Tilter in Burgundy,Xerox 1899,1,0.0002,0.1111,111.31
Global Highback Leather Tilter in Burgundy,Xerox 212,1,0.0002,0.1111,79.51
Global Highback Leather Tilter in Burgundy,"Global High-Back Leather Tilter, Burgundy",1,0.0002,0.1111,39.75
Global Italian Leather Office Chair,Advantus Motivational Note Cards,1,0.0002,0.5,500.9
Global Italian Leather Office Chair,Tennsco 6- and 18-Compartment Lockers,1,0.0002,0.5,227.68
Global Italian Leather Office Chair,Xerox 1913,1,0.0002,0.5,500.9
Global Italian Leather Office Chair,Xerox 1897,1,0.0002,0.5,626.12
"Global Leather & Oak Executive Chair, Burgundy",Avery 503,1,0.0002,0.2,250.45
"Global Leather & Oak Executive Chair, Burgundy","Atlantic Metals Mobile 5-Shelf Bookcases, Custom Colors",1,0.0002,0.2,125.22
"Global Leather & Oak Executive Chair, Burgundy",Global Deluxe High-Back Manager's Chair,1,0.0002,0.2,125.22
"Global Leather & Oak Executive Chair, Burgundy",Kensington SlimBlade Notebook Wireless Mouse with Nano Receiver ,1,0.0002,0.2,250.45
Global Leather Executive Chair,2300 Heavy-Duty Transfer File Systems by Perma,1,0.0002,0.1429,178.89
Global Leather Executive Chair,Avery 485,1,0.0002,0.1429,89.45
Global Leather Executive Chair,DMI Eclipse Executive Suite Bookcases,1,0.0002,0.1429,119.26
Global Leather Executive Chair,Euro-Pro Shark Turbo Vacuum,1,0.0002,0.1429,119.26
Global Leather Executive Chair,Ooma Telo VoIP Home Phone System,1,0.0002,0.1429,143.11
"Global Leather Highback Executive Chair with Pneumatic Height Adjustment, Black","Binney & Smith inkTank Erasable Desk Highlighter, Chisel Tip, Yellow, 12/Box",1,0.0002,0.1,166.97
"Global Leather Highback Executive Chair with Pneumatic Height Adjustment, Black",Ibico Plastic and Wire Spiral Binding Combs,1,0.0002,0.1,55.66
"Global Leather Highback Executive Chair with Pneumatic Height Adjustment, Black","Bravo II Megaboss 12-Amp Hard Body Upright, Replacement Belts, 2 Belts per Pack",1,0.0002,0.1,100.18
"Global Leather Highback Executive Chair with Pneumatic Height Adjustment, Black",Fellowes Bankers Box Stor/Drawer Steel Plus,1,0.0002,0.1,41.74
"Global Leather Highback Executive Chair with Pneumatic Height Adjustment, Black","Holmes Replacement Filter for HEPA Air Cleaner, Large Room",1,0.0002,0.1,125.22
"Global Leather Task Chair, Black",Avery 485,1,0.0002,0.125,78.27
"Global Leather Task Chair, Black","C-Line Peel & Stick Add-On Filing Pockets, 8-3/4 x 5-1/8, 10/Pack",1,0.0002,0.125,156.53
"Global Leather Task Chair, Black",Longer-Life Soft White Bulbs,1,0.0002,0.125,62.61
"Global Leather Task Chair, Black","Inter-Office Recycled Envelopes, Brown Kraft, Button-String,10"" x 13"" , 100/Box",1,0.0002,0.125,208.71
"Global Leather Task Chair, Black",Canon PC1060 Personal Laser Copier,1,0.0002,0.125,156.53
"Global Leather and Oak Executive Chair, Black","Contico 72""H Heavy-Duty Storage System",1,0.0002,0.125,125.22
"Global Leather and Oak Executive Chair, Black",Newell Chalk Holder,1,0.0002,0.125,89.45
"Global Leather and Oak Executive Chair, Black",Office Star - Task Chair with Contemporary Loop Arms,1,0.0002,0.125,313.06
"Global Leather and Oak Executive Chair, Black","Bush Andora Bookcase, Maple/Graphite Gray Finish",1,0.0002,0.125,69.57
"Global Leather and Oak Executive Chair, Black",Dana Halogen Swing-Arm Architect Lamp,1,0.0002,0.125,104.35
Global Low Back Tilter Chair,"Computer Room Manger, 14""",1,0.0002,0.125,89.45
Global Low Back Tilter Chair,Logitech 910-002974 M325 Wireless Mouse for Web Scrolling,1,0.0002,0.125,41.74
Global Low Back Tilter Chair,Xerox 1888,1,0.0002,0.125,104.35
Global Low Back Tilter Chair,Xerox 1954,1,0.0002,0.125,156.53
Global Low Back Tilter Chair,Newell 312,1,0.0002,0.125,56.92
"Global Manager's Adjustable Task Chair, Storm",Anker Astro Mini 3000mAh Ultra-Compact Portable Charger,1,0.0002,0.1667,208.71
"Global Manager's Adjustable Task Chair, Storm",Bretford CR8500 Series Meeting Room Furniture,1,0.0002,0.1667,139.14
"Global Manager's Adjustable Task Chair, Storm","BOSTON Model 1800 Electric Pencil Sharpeners, Putty/Woodgrain",1,0.0002,0.1667,139.14
"Global Manager's Adjustable Task Chair, Storm",Honeywell Enviracaire Portable HEPA Air Cleaner for up to 10 x 16 Room,1,0.0002,0.1667,278.28
"Global Manager's Adjustable Task Chair, Storm","Mini 13-1/2 Capacity Data Binder Rack, Pearl",1,0.0002,0.1667,166.97
"Global Push Button Manager's Chair, Indigo","Carina 42""Hx23 3/4""W Media Storage Unit",1,0.0002,0.1111,69.57
"Global Push Button Manager's Chair, Indigo",Newell 330,1,0.0002,0.1111,139.14
"Global Push Button Manager's Chair, Indigo",Newell 317,1,0.0002,0.1111,79.51
"Global Push Button Manager's Chair, Indigo","Office Star - Contemporary Task Swivel chair with Loop Arms, Charcoal",1,0.0002,0.1111,61.84
"Global Push Button Manager's Chair, Indigo","SlimView Poly Binder, 3/8""",1,0.0002,0.1111,79.51
"Global Stack Chair with Arms, Black",Avery 509,1,0.0002,0.1429,178.89
"Global Stack Chair with Arms, Black","DAX Metal Frame, Desktop, Stepped-Edge",1,0.0002,0.1429,143.11
"Global Stack Chair with Arms, Black",Xerox 1942,1,0.0002,0.1429,119.26
"Global Stack Chair with Arms, Black",Novimex Swivel Fabric Task Chair,1,0.0002,0.1429,89.45
"Global Stack Chair with Arms, Black",StarTech.com 10/100 VDSL2 Ethernet Extender Kit,1,0.0002,0.1429,178.89
"Global Stack Chair without Arms, Black",Avery Non-Stick Heavy Duty View Round Locking Ring Binders,1,0.0002,0.1429,238.52
"Global Stack Chair without Arms, Black",Airmail Envelopes,1,0.0002,0.1429,119.26
"Global Stack Chair without Arms, Black",Innergie mMini Combo Duo USB Travel Charging Kit,1,0.0002,0.1429,119.26
"Global Stack Chair without Arms, Black",Lunatik TT5L-002 Taktik Strike Impact Protection System for iPhone 5,1,0.0002,0.1429,238.52
Global Super Steno Chair,Nontoxic Chalk,1,0.0002,0.1429,89.45
Global Super Steno Chair,"Avery Hi-Liter Comfort Grip Fluorescent Highlighter, Yellow Ink",1,0.0002,0.1429,357.79
Global Super Steno Chair,Bretford CR8500 Series Meeting Room Furniture,1,0.0002,0.1429,119.26
Global Super Steno Chair,Permanent Self-Adhesive File Folder Labels for Typewriters by Universal,1,0.0002,0.1429,119.26
Global Super Steno Chair,Logitech G602 Wireless Gaming Mouse,1,0.0002,0.1429,79.51
"Global Task Chair, Black","Tenex Personal Project File with Scoop Front Design, Black",1,0.0002,0.2,100.18
"Global Task Chair, Black","6"" Cubicle Wall Clock, Black",1,0.0002,0.2,250.45
"Global Task Chair, Black",Global Comet Stacking Arm Chair,1,0.0002,0.2,200.36
"Global Task Chair, Black",Newell 329,1,0.0002,0.2,500.9
"Global Task Chair, Black",Eldon Cleatmat Plus Chair Mats for High Pile Carpets,1,0.0002,0.2,200.36
Global Troy Executive Leather Low-Back Tilter,"Hon 30"" x 60"" Table with Locking Drawer",1,0.0002,0.1111,185.52
Global Troy Executive Leather Low-Back Tilter,Newell 334,1,0.0002,0.1111,92.76
Global Troy Executive Leather Low-Back Tilter,Bush Advantage Collection Round Conference Table,1,0.0002,0.1111,139.14
Global Troy Executive Leather Low-Back Tilter,Tennsco Industrial Shelving,1,0.0002,0.1111,61.84
Global Troy Executive Leather Low-Back Tilter,Xerox 219,1,0.0002,0.1111,139.14
"Global Value Mid-Back Manager's Chair, Gray",Avery 483,1,0.0002,0.1,83.48
"Global Value Mid-Back Manager's Chair, Gray",Fellowes Neat Ideas Storage Cubes,1,0.0002,0.1,71.56
"Global Value Mid-Back Manager's Chair, Gray","Rubbermaid ClusterMat Chairmats, Mat Size- 66"" x 60"", Lip 20"" x 11"" -90 Degree Angle",1,0.0002,0.1,100.18
"Global Value Mid-Back Manager's Chair, Gray",VariCap6 Expandable Binder,1,0.0002,0.1,166.97
"Global Value Mid-Back Manager's Chair, Gray",Wilson Jones Turn Tabs Binder Tool for Ring Binders,1,0.0002,0.1,38.53
"Global Value Steno Chair, Gray","Adams Phone Message Book, Professional, 400 Message Capacity, 5 3/6 x 11",1,0.0002,0.1,166.97
"Global Value Steno Chair, Gray",Xerox 1913,1,0.0002,0.1,100.18
"Global Value Steno Chair, Gray",Adjustable Depth Letter/Legal Cart,1,0.0002,0.1,45.54
"Global Value Steno Chair, Gray",Deflect-o Glass Clear Studded Chair Mats,1,0.0002,0.1,71.56
"Global Value Steno Chair, Gray",Deluxe Heavy-Duty Vinyl Round Ring Binder,1,0.0002,0.1,71.56
"Global Wood Trimmed Manager's Task Chair, Khaki",Staples,2,0.000399,0.1429,3.22
"Global Wood Trimmed Manager's Task Chair, Khaki",Avaya IP Phone 1140E VoIP phone,1,0.0002,0.0714,357.79
"Global Wood Trimmed Manager's Task Chair, Khaki","Gould Plastics 18-Pocket Panel Bin, 34w x 5-1/4d x 20-1/2h",1,0.0002,0.0714,35.78
"Global Wood Trimmed Manager's Task Chair, Khaki","Adams Phone Message Book, Professional, 400 Message Capacity, 5 3/6 x 11",1,0.0002,0.0714,119.26
"Global Wood Trimmed Manager's Task Chair, Khaki",Adjustable Depth Letter/Legal Cart,1,0.0002,0.0714,32.53
Globe Weis Peel & Seel First Class Envelopes,"Acco Smartsocket Table Surge Protector, 6 Color-Coded Adapter Outlets",1,0.0002,0.1429,238.52
Globe Weis Peel & Seel First Class Envelopes,Motorola Droid Maxx,1,0.0002,0.1429,178.89
Globe Weis Peel & Seel First Class Envelopes,Nu-Dell Float Frame 11 x 14 1/2,1,0.0002,0.1429,102.22
Globe Weis Peel & Seel First Class Envelopes,Sharp 1540cs Digital Laser Copier,1,0.0002,0.1429,102.22
Globe Weis Peel & Seel First Class Envelopes,Canon PC940 Copier,1,0.0002,0.1429,238.52
Google Nexus 5,GBC Standard Therm-A-Bind Covers,2,0.000399,0.4,166.97
Google Nexus 5,X-Rack File for Hanging Folders,1,0.0002,0.2,111.31
Google Nexus 5,"Blue String-Tie & Button Interoffice Envelopes, 10 x 13",1,0.0002,0.2,143.11
Google Nexus 5,Acco Hanging Data Binders,1,0.0002,0.2,143.11
Google Nexus 5,Belkin F8E887 USB Wired Ergonomic Keyboard,1,0.0002,0.2,125.22
"Gould Plastics 18-Pocket Panel Bin, 34w x 5-1/4d x 20-1/2h",Avaya IP Phone 1140E VoIP phone,1,0.0002,0.1,500.9
"Gould Plastics 18-Pocket Panel Bin, 34w x 5-1/4d x 20-1/2h","Global Wood Trimmed Manager's Task Chair, Khaki",1,0.0002,0.1,35.78
"Gould Plastics 18-Pocket Panel Bin, 34w x 5-1/4d x 20-1/2h",Avery Hidden Tab Dividers for Binding Systems,1,0.0002,0.1,71.56
"Gould Plastics 18-Pocket Panel Bin, 34w x 5-1/4d x 20-1/2h",GBC Ibimaster 500 Manual ProClick Binding System,1,0.0002,0.1,55.66
"Gould Plastics 18-Pocket Panel Bin, 34w x 5-1/4d x 20-1/2h","Advantus Push Pins, Aluminum Head",1,0.0002,0.1,100.18
"Gould Plastics 9-Pocket Panel Bin, 18-3/8w x 5-1/4d x 20-1/2h, Black",Avery 489,1,0.0002,0.1667,166.97
"Gould Plastics 9-Pocket Panel Bin, 18-3/8w x 5-1/4d x 20-1/2h, Black","Binney & Smith Crayola Metallic Colored Pencils, 8-Color Set",1,0.0002,0.1667,119.26
"Gould Plastics 9-Pocket Panel Bin, 18-3/8w x 5-1/4d x 20-1/2h, Black",HP Office Recycled Paper (20Lb. and 87 Bright),1,0.0002,0.1667,208.71
"Gould Plastics 9-Pocket Panel Bin, 18-3/8w x 5-1/4d x 20-1/2h, Black","OIC Binder Clips, Mini, 1/4"" Capacity, Black",1,0.0002,0.1667,166.97
"Gould Plastics 9-Pocket Panel Bin, 18-3/8w x 5-1/4d x 20-1/2h, Black","Tyvek  Top-Opening Peel & Seel Envelopes, Plain White",1,0.0002,0.1667,119.26
Grandstream GXP1160 VoIP phone,Samsung Galaxy Note 3,1,0.0002,0.1667,278.28
Grandstream GXP1160 VoIP phone,"Angle-D Binders with Locking Rings, Label Holders",1,0.0002,0.1667,83.48
Grandstream GXP1160 VoIP phone,Fellowes Bankers Box Stor/Drawer Steel Plus,1,0.0002,0.1667,69.57
Grandstream GXP1160 VoIP phone,Global Comet Stacking Arm Chair,1,0.0002,0.1667,166.97
Grandstream GXP1160 VoIP phone,HTC One Mini,1,0.0002,0.1667,208.71
Grandstream GXP2100 Mainstream Business Phone,Catalog Binders with Expanding Posts,1,0.0002,0.25,156.53
Grandstream GXP2100 Mainstream Business Phone,Akro-Mils 12-Gallon Tote,1,0.0002,0.25,313.06
Grandstream GXP2100 Mainstream Business Phone,O'Sullivan 2-Door Barrister Bookcase in Odessa Pine,1,0.0002,0.25,178.89
Grandstream GXP2100 Mainstream Business Phone,Fellowes Command Center 5-outlet power strip,1,0.0002,0.25,313.06
Grandstream GXP2100 Mainstream Business Phone,"Boston School Pro Electric Pencil Sharpener, 1670",1,0.0002,0.25,178.89
Great White Multi-Use Recycled Paper (20Lb. and 84 Bright),Advantus Rolling Storage Box,2,0.000399,0.25,125.22
Great White Multi-Use Recycled Paper (20Lb. and 84 Bright),Brother DCP1000 Digital 3 in 1 Multifunction Machine,1,0.0002,0.125,89.45
Great White Multi-Use Recycled Paper (20Lb. and 84 Bright),"Important Message Pads, 50 4-1/4 x 5-1/2 Forms per Pad",1,0.0002,0.125,156.53
Great White Multi-Use Recycled Paper (20Lb. and 84 Bright),Storex Dura Pro Binders,1,0.0002,0.125,36.83
Great White Multi-Use Recycled Paper (20Lb. and 84 Bright),Novimex Fabric Task Chair,1,0.0002,0.125,69.57
Green Bar Computer Printout Paper,"Acco Pressboard Covers with Storage Hooks, 14 7/8"" x 11"", Light Blue",1,0.0002,0.2,91.07
Green Bar Computer Printout Paper,Avery 514,1,0.0002,0.2,250.45
Green Bar Computer Printout Paper,Avery Non-Stick Binders,1,0.0002,0.2,50.09
Green Bar Computer Printout Paper,"GBC Pre-Punched Binding Paper, Plastic, White, 8-1/2"" x 11""",1,0.0002,0.2,125.22
Green Bar Computer Printout Paper,"Global Adaptabilites Bookcase, Cherry/Storm Gray Finish",1,0.0002,0.2,500.9
"Green Canvas Binder for 8-1/2"" x 14"" Sheets","Tennsco Snap-Together Open Shelving Units, Starter Sets and Add-On Units",1,0.0002,0.2,166.97
"Green Canvas Binder for 8-1/2"" x 14"" Sheets",Logitech Keyboard K120,1,0.0002,0.2,333.93
"Green Canvas Binder for 8-1/2"" x 14"" Sheets","Wilson Jones Elliptical Ring 3 1/2"" Capacity Binders, 800 sheets",1,0.0002,0.2,125.22
"Green Canvas Binder for 8-1/2"" x 14"" Sheets",Newell 323,1,0.0002,0.2,333.93
Griffin GC17055 Auxiliary Audio Cable,Newell 308,1,0.0002,0.1667,417.42
Griffin GC17055 Auxiliary Audio Cable,Wilson Jones Leather-Like Binders with DublLock Round Rings,1,0.0002,0.1667,69.57
Griffin GC17055 Auxiliary Audio Cable,Pressboard Hanging Data Binders for Unburst Sheets,1,0.0002,0.1667,83.48
Griffin GC17055 Auxiliary Audio Cable,Xerox 192,1,0.0002,0.1667,139.14
Griffin GC17055 Auxiliary Audio Cable,Xerox 212,1,0.0002,0.1667,119.26
Griffin GC36547 PowerJolt SE Lightning Charger,"BOSTON Ranger #55 Pencil Sharpener, Black",1,0.0002,0.3333,185.52
Griffin GC36547 PowerJolt SE Lightning Charger,Tensor Track Tree Floor Lamp,1,0.0002,0.3333,417.42
Griffin GC36547 PowerJolt SE Lightning Charger,iOttie HLCRIO102 Car Mount,1,0.0002,0.3333,333.93
Griffin GC36547 PowerJolt SE Lightning Charger,Logitech G35 7.1-Channel Surround Sound Headset,1,0.0002,0.3333,278.28
GuestStacker Chair with Chrome Finish Legs,Peel & Seel Envelopes,1,0.0002,0.125,156.53
GuestStacker Chair with Chrome Finish Legs,Kensington 6 Outlet MasterPiece HOMEOFFICE Power Control Center,1,0.0002,0.125,313.06
GuestStacker Chair with Chrome Finish Legs,"Tenex Traditional Chairmats for Medium Pile Carpet, Standard Lip, 36"" x 48""",1,0.0002,0.125,104.35
GuestStacker Chair with Chrome Finish Legs,Kensington 6 Outlet Guardian Standard Surge Protector,1,0.0002,0.125,104.35
GuestStacker Chair with Chrome Finish Legs,Toshiba IPT2010-SD IP Telephone,1,0.0002,0.125,78.27
HON 5400 Series Task Chairs for Big and Tall,Letter Size Cart,1,0.0002,0.125,78.27
HON 5400 Series Task Chairs for Big and Tall,Westinghouse Clip-On Gooseneck Lamps,1,0.0002,0.125,69.57
HON 5400 Series Task Chairs for Big and Tall,Plantronics Audio 995 Wireless Stereo Headset,1,0.0002,0.125,156.53
HON 5400 Series Task Chairs for Big and Tall,Xerox 1910,1,0.0002,0.125,125.22
HON 5400 Series Task Chairs for Big and Tall,Xerox 1915,1,0.0002,0.125,69.57
"HP Designjet T520 Inkjet Large Format Printer - 24"" Color",Project Tote Personal File,1,0.0002,0.3333,417.42
"HP Designjet T520 Inkjet Large Format Printer - 24"" Color",Acrylic Self-Standing Desk Frames,1,0.0002,0.3333,208.71
"HP Designjet T520 Inkjet Large Format Printer - 24"" Color",Presstex Flexible Ring Binders,1,0.0002,0.3333,208.71
HP Office Paper (20Lb. and 87 Bright),"Eberhard Faber 3 1/2"" Golf Pencils",1,0.0002,0.5,357.79
HP Office Paper (20Lb. and 87 Bright),Imation Secure Drive + Hardware Encrypted USB flash drive - 16 GB,1,0.0002,0.5,417.42
HP Office Paper (20Lb. and 87 Bright),Poly String Tie Envelopes,1,0.0002,0.5,227.68
HP Office Paper (20Lb. and 87 Bright),Recycled Pressboard Report Cover with Reinforced Top Hinge,1,0.0002,0.5,313.06
HP Office Paper (20Lb. and 87 Bright),Wilson Jones Turn Tabs Binder Tool for Ring Binders,1,0.0002,0.5,192.65
HP Office Recycled Paper (20Lb. and 87 Bright),Avery 489,1,0.0002,0.25,250.45
HP Office Recycled Paper (20Lb. and 87 Bright),"Binney & Smith Crayola Metallic Colored Pencils, 8-Color Set",1,0.0002,0.25,178.89
HP Office Recycled Paper (20Lb. and 87 Bright),"Gould Plastics 9-Pocket Panel Bin, 18-3/8w x 5-1/4d x 20-1/2h, Black",1,0.0002,0.25,208.71
HP Office Recycled Paper (20Lb. and 87 Bright),"OIC Binder Clips, Mini, 1/4"" Capacity, Black",1,0.0002,0.25,250.45
HP Office Recycled Paper (20Lb. and 87 Bright),"Tyvek  Top-Opening Peel & Seel Envelopes, Plain White",1,0.0002,0.25,178.89
"HP Officejet Pro 8600 e-All-In-One Printer, Copier, Scanner, Fax",Eldon Antistatic Chair Mats for Low to Medium Pile Carpets,1,0.0002,0.5,626.12
"HP Officejet Pro 8600 e-All-In-One Printer, Copier, Scanner, Fax",GBC Durable Plastic Covers,1,0.0002,0.5,313.06
"HP Officejet Pro 8600 e-All-In-One Printer, Copier, Scanner, Fax",Col-Erase Pencils with Erasers,1,0.0002,0.5,1252.25
"HP Officejet Pro 8600 e-All-In-One Printer, Copier, Scanner, Fax","Eberhard Faber 3 1/2"" Golf Pencils",1,0.0002,0.5,357.79
"HP Officejet Pro 8600 e-All-In-One Printer, Copier, Scanner, Fax",Hewlett Packard LaserJet 3310 Copier,1,0.0002,0.5,313.06
HP Standard 104 key PS/2 Keyboard,AT&T TR1909W,1,0.0002,0.1667,208.71
HP Standard 104 key PS/2 Keyboard,Nokia Lumia 521 (T-Mobile),1,0.0002,0.1667,166.97
HP Standard 104 key PS/2 Keyboard,Acco Perma 4000 Stacking Storage Drawers,1,0.0002,0.1667,75.89
HP Standard 104 key PS/2 Keyboard,Dixon Ticonderoga Core-Lock Colored Pencils,1,0.0002,0.1667,119.26
HP Standard 104 key PS/2 Keyboard,Newell 317,1,0.0002,0.1667,119.26
HTC One,Alphabetical Labels for Top Tab Filing,1,0.0002,0.25,139.14
HTC One,"Howard Miller 11-1/2"" Diameter Brentwood Wall Clock",1,0.0002,0.25,313.06
HTC One,"Neat Ideas Personal Hanging Folder Files, Black",1,0.0002,0.25,178.89
HTC One,"Barricks 18"" x 48"" Non-Folding Utility Table with Bottom Storage Shelf",1,0.0002,0.25,250.45
HTC One,"Hot File 7-Pocket, Floor Stand",1,0.0002,0.25,96.33
HTC One Mini,"Array Parchment Paper, Assorted Colors",1,0.0002,0.25,313.06
HTC One Mini,"Hon Metal Bookcases, Black",1,0.0002,0.25,250.45
HTC One Mini,Okidata C331dn Printer,1,0.0002,0.25,250.45
HTC One Mini,Safco Industrial Wire Shelving System,1,0.0002,0.25,156.53
HTC One Mini,Storex DuraTech Recycled Plastic Frosted Binders,1,0.0002,0.25,156.53
Hammermill CopyPlus Copy Paper (20Lb. and 84 Bright),"Manila Recycled Extra-Heavyweight Clasp Envelopes, 6"" x 9""",1,0.0002,0.3333,417.42
Hammermill CopyPlus Copy Paper (20Lb. and 84 Bright),Ibico Hi-Tech Manual Binding System,1,0.0002,0.3333,151.79
Hammermill CopyPlus Copy Paper (20Lb. and 84 Bright),Plantronics Calisto P620-M USB Wireless Speakerphone System,1,0.0002,0.3333,417.42
Hammermill CopyPlus Copy Paper (20Lb. and 84 Bright),Tennsco 6- and 18-Compartment Lockers,1,0.0002,0.3333,151.79
Hammermill CopyPlus Copy Paper (20Lb. and 84 Bright),Tyvek Side-Opening Peel & Seel Expanding Envelopes,1,0.0002,0.3333,333.93
Hand-Finished Solid Wood Document Frame,DIXON Ticonderoga Erasable Checking Pencils,1,0.0002,0.3333,238.52
Hand-Finished Solid Wood Document Frame,Global Chrome Stack Chair,1,0.0002,0.3333,278.28
Hand-Finished Solid Wood Document Frame,Logitech G13 Programmable Gameboard with LCD Display,1,0.0002,0.3333,417.42
Hand-Finished Solid Wood Document Frame,Xerox 1956,1,0.0002,0.3333,834.83
Hand-Finished Solid Wood Document Frame,Acco Glide Clips,1,0.0002,0.3333,1669.67
Hanging Personal Folder File,SanDisk Cruzer 64 GB USB Flash Drive,1,0.0002,0.2,111.31
Hanging Personal Folder File,Smead Adjustable Mobile File Trolley with Lockable Top,1,0.0002,0.2,333.93
Hanging Personal Folder File,Xerox 1898,1,0.0002,0.2,91.07
Hanging Personal Folder File,Xerox 222,1,0.0002,0.2,143.11
Hanging Personal Folder File,Logitech Wireless Marathon Mouse M705,1,0.0002,0.2,125.22
Harbour Creations 67200 Series Stacking Chairs,Bevis Round Conference Table Top & Single Column Base,1,0.0002,0.125,125.22
Harbour Creations 67200 Series Stacking Chairs,KeyTronic E03601U1 - Keyboard - Beige,1,0.0002,0.125,104.35
Harbour Creations 67200 Series Stacking Chairs,"Strathmore #10 Envelopes, Ultimate White",1,0.0002,0.125,156.53
Harbour Creations 67200 Series Stacking Chairs,Clarity 53712,1,0.0002,0.125,156.53
Harbour Creations 67200 Series Stacking Chairs,Anker Astro 15000mAh USB Portable Charger,1,0.0002,0.125,125.22
Harbour Creations Steel Folding Chair,DAX Black Cherry Wood-Tone Poster Frame,1,0.0002,0.125,78.27
Harbour Creations Steel Folding Chair,Fellowes Bankers Box Recycled Super Stor/Drawer,1,0.0002,0.125,89.45
Harbour Creations Steel Folding Chair,Plymouth Boxed Rubber Bands by Plymouth,1,0.0002,0.125,125.22
Harbour Creations Steel Folding Chair,"Tennsco Lockers, Sand",1,0.0002,0.125,125.22
Harbour Creations Steel Folding Chair,JBL Micro Wireless Portable Bluetooth Speaker,1,0.0002,0.125,104.35
Harmony Air Purifier,Westinghouse Clip-On Gooseneck Lamps,1,0.0002,0.2,111.31
Harmony Air Purifier,"Adams Telephone Message Book W/Dividers/Space For Phone Numbers, 5 1/4""X8 1/2"", 300/Messages",1,0.0002,0.2,100.18
Harmony Air Purifier,Avery 49,1,0.0002,0.2,166.97
Harmony Air Purifier,"BlueLounge Milo Smartphone Stand, White/Metallic",1,0.0002,0.2,333.93
Harmony Air Purifier,"Electrix Architect's Clamp-On Swing Arm Lamp, Black",1,0.0002,0.2,250.45
Harmony HEPA Quiet Air Purifiers,GBC DocuBind P50 Personal Binding Machine,1,0.0002,0.25,125.22
Harmony HEPA Quiet Air Purifiers,Holmes HEPA Air Purifier,1,0.0002,0.25,208.71
Harmony HEPA Quiet Air Purifiers,Kingston Digital DataTraveler 16GB USB 2.0,1,0.0002,0.25,96.33
Harmony HEPA Quiet Air Purifiers,Xerox 1988,1,0.0002,0.25,139.14
Harmony HEPA Quiet Air Purifiers,"Howard Miller 11-1/2"" Diameter Grantwood Wall Clock",1,0.0002,0.25,208.71
Heavy-Duty E-Z-D Binders,Belkin F9M820V08 8 Outlet Surge,1,0.0002,0.125,208.71
Heavy-Duty E-Z-D Binders,GBC Plasticlear Binding Covers,1,0.0002,0.125,89.45
Heavy-Duty E-Z-D Binders,Hon Racetrack Conference Tables,1,0.0002,0.125,104.35
Heavy-Duty E-Z-D Binders,Plantronics Savi W720 Multi-Device Wireless Headset System,1,0.0002,0.125,89.45
Heavy-Duty E-Z-D Binders,Zebra Zazzle Fluorescent Highlighters,1,0.0002,0.125,104.35
Hewlett Packard 310 Color Digital Copier,Avery 520,1,0.0002,0.1667,166.97
Hewlett Packard 310 Color Digital Copier,DXL Angle-View Binders with Locking Rings by Samsill,1,0.0002,0.1667,83.48
Hewlett Packard 310 Color Digital Copier,Avery Legal 4-Ring Binder,1,0.0002,0.1667,208.71
Hewlett Packard 310 Color Digital Copier,Grandstream GXP1160 VoIP phone,1,0.0002,0.1667,139.14
Hewlett Packard 310 Color Digital Copier,"Perixx PERIBOARD-512B, Ergonomic Split Keyboard",1,0.0002,0.1667,278.28
Hewlett Packard 610 Color Digital Copier / Printer,"Hoover Replacement Belts For Soft Guard & Commercial Ltweight Upright Vacs, 2/Pk",1,0.0002,0.1429,143.11
Hewlett Packard 610 Color Digital Copier / Printer,"Adams Phone Message Book, 200 Message Capacity, 8 1/16 x 11",1,0.0002,0.1429,89.45
Hewlett Packard 610 Color Digital Copier / Printer,Avery 486,1,0.0002,0.1429,79.51
Hewlett Packard 610 Color Digital Copier / Printer,Xerox 1883,1,0.0002,0.1429,102.22
Hewlett Packard 610 Color Digital Copier / Printer,Logitech Media Keyboard K200,1,0.0002,0.1429,178.89
Hewlett Packard LaserJet 3310 Copier,Avery Non-Stick Binders,1,0.0002,0.125,31.31
Hewlett Packard LaserJet 3310 Copier,Storex Dura Pro Binders,1,0.0002,0.125,36.83
Hewlett Packard LaserJet 3310 Copier,Avery Recycled Flexi-View Covers for Binding Systems,1,0.0002,0.125,89.45
Hewlett Packard LaserJet 3310 Copier,Ibico Recycled Grain-Textured Covers,1,0.0002,0.125,156.53
Hewlett Packard LaserJet 3310 Copier,Vinyl Sectional Post Binders,1,0.0002,0.125,56.92
Hewlett-Packard 300S Scientific Calculator,"Chromcraft 48"" x 96"" Racetrack Double Pedestal Table",1,0.0002,0.5,417.42
Hewlett-Packard 300S Scientific Calculator,Xerox 188,1,0.0002,0.5,313.06
Hewlett-Packard Deskjet 3050a All-in-One Color Inkjet Printer,Staples,1,0.0002,1.0,22.56
Hewlett-Packard Deskjet 3050a All-in-One Color Inkjet Printer,Surelock Post Binders,1,0.0002,1.0,626.12
Hewlett-Packard Deskjet 3050a All-in-One Color Inkjet Printer,Wilson Jones DublLock D-Ring Binders,1,0.0002,1.0,2504.5
Hewlett-Packard Deskjet 5550 Printer,Xerox 1891,1,0.0002,1.0,715.57
Hewlett-Packard Deskjet 6540 Color Inkjet Printer,Avery Fluorescent Highlighter Four-Color Set,1,0.0002,0.5,313.06
Hewlett-Packard Deskjet 6540 Color Inkjet Printer,Cisco TelePresence System EX90 Videoconferencing Unit,1,0.0002,0.5,2504.5
Hewlett-Packard Deskjet 6540 Color Inkjet Printer,"Dana Fluorescent Magnifying Lamp, White, 36""",1,0.0002,0.5,626.12
Hewlett-Packard Deskjet 6540 Color Inkjet Printer,"Executive Impressions 13"" Clairmont Wall Clock",1,0.0002,0.5,313.06
Hewlett-Packard Deskjet 6540 Color Inkjet Printer,Staples,1,0.0002,0.5,11.28
Hewlett-Packard Deskjet D4360 Printer,"Bevis Round Conference Table Top, X-Base",1,0.0002,1.0,834.83
Hewlett-Packard Deskjet D4360 Printer,Cardinal EasyOpen D-Ring Binders,1,0.0002,1.0,626.12
Hewlett-Packard Deskjet D4360 Printer,Polycom SoundPoint Pro SE-225 Corded phone,1,0.0002,1.0,1252.25
Hewlett-Packard Deskjet D4360 Printer,Xerox 2000,1,0.0002,1.0,1001.8
Hewlett-Packard Deskjet F4180 All-in-One Color Ink-jet - Printer / copier / scanner,"Premier Elliptical Ring Binder, Black",1,0.0002,1.0,556.56
Hewlett-Packard Desktjet 6988DT Refurbished Printer,Kingston Digital DataTraveler 64GB USB 2.0,1,0.0002,1.0,2504.5
High Speed Automatic Electric Letter Opener,"Fellowes Personal Hanging Folder Files, Navy",1,0.0002,0.3333,417.42
High Speed Automatic Electric Letter Opener,Staples,1,0.0002,0.3333,7.52
High Speed Automatic Electric Letter Opener,"Acco Banker's Clasps, 5 3/4""-Long",1,0.0002,0.3333,333.93
High Speed Automatic Electric Letter Opener,Polycom VVX 310 VoIP phone,1,0.0002,0.3333,208.71
High Speed Automatic Electric Letter Opener,"Verbatim 25 GB 6x Blu-ray Single Layer Recordable Disc, 1/Pack",1,0.0002,0.3333,556.56
High-Back Leather Manager's Chair,Acme Stainless Steel Office Snips,1,0.0002,0.1111,139.14
High-Back Leather Manager's Chair,Canvas Sectional Post Binders,1,0.0002,0.1111,92.76
High-Back Leather Manager's Chair,Belkin 8 Outlet SurgeMaster II Gold Surge Protector,1,0.0002,0.1111,111.31
High-Back Leather Manager's Chair,Nortel Meridian M5316 Digital phone,1,0.0002,0.1111,139.14
High-Back Leather Manager's Chair,Polycom VVX 310 VoIP phone,1,0.0002,0.1111,69.57
Holmes 99% HEPA Air Purifier,Sensible Storage WireTech Storage Systems,1,0.0002,0.25,156.53
Holmes 99% HEPA Air Purifier,Tripp Lite TLP810NET Broadband Surge for Modem/Fax,1,0.0002,0.25,208.71
Holmes 99% HEPA Air Purifier,"Wirebound Message Books, Two 4 1/4"" x 5"" Forms per Page",1,0.0002,0.25,208.71
Holmes 99% HEPA Air Purifier,"Avery Durable Plastic 1"" Binders",1,0.0002,0.25,178.89
Holmes 99% HEPA Air Purifier,Fellowes Black Plastic Comb Bindings,1,0.0002,0.25,139.14
"Holmes Cool Mist Humidifier for the Whole House with 8-Gallon Output per Day, Extended Life Filter",Wilson Jones Easy Flow II Sheet Lifters,1,0.0002,0.25,104.35
"Holmes Cool Mist Humidifier for the Whole House with 8-Gallon Output per Day, Extended Life Filter",GE 2-Jack Phone Line Splitter,1,0.0002,0.25,417.42
"Holmes Cool Mist Humidifier for the Whole House with 8-Gallon Output per Day, Extended Life Filter","Message Book, Phone, Wirebound Standard Line Memo, 2 3/4"" X 5""",1,0.0002,0.25,250.45
"Holmes Cool Mist Humidifier for the Whole House with 8-Gallon Output per Day, Extended Life Filter","Tenex Carpeted, Granite-Look or Clear Contemporary Contour Shape Chair Mats",1,0.0002,0.25,250.45
"Holmes Cool Mist Humidifier for the Whole House with 8-Gallon Output per Day, Extended Life Filter","Eldon Regeneration Recycled Desk Accessories, Black",1,0.0002,0.25,417.42
Holmes HEPA Air Purifier,Holmes Odor Grabber,1,0.0002,0.1667,104.35
Holmes HEPA Air Purifier,GBC DocuBind P50 Personal Binding Machine,1,0.0002,0.1667,83.48
Holmes HEPA Air Purifier,Harmony HEPA Quiet Air Purifiers,1,0.0002,0.1667,208.71
Holmes HEPA Air Purifier,Kingston Digital DataTraveler 16GB USB 2.0,1,0.0002,0.1667,64.22
Holmes HEPA Air Purifier,Xerox 1988,1,0.0002,0.1667,92.76
Holmes Harmony HEPA Air Purifier for 17 x 20 Room,Fashion Color Clasp Envelopes,1,0.0002,1.0,1669.67
Holmes Harmony HEPA Air Purifier for 17 x 20 Room,GBC ProClick Punch Binding System,1,0.0002,1.0,715.57
Holmes Harmony HEPA Air Purifier for 17 x 20 Room,Staples,1,0.0002,1.0,22.56
Holmes Odor Grabber,Acme Tagit Stainless Steel Antibacterial Scissors,1,0.0002,0.125,104.35
Holmes Odor Grabber,Staples,1,0.0002,0.125,2.82
Holmes Odor Grabber,Xerox 206,1,0.0002,0.125,125.22
Holmes Odor Grabber,Newell 324,1,0.0002,0.125,89.45
Holmes Odor Grabber,Akro-Mils 12-Gallon Tote,1,0.0002,0.125,156.53
"Holmes Replacement Filter for HEPA Air Cleaner, Large Room",AT&T 17929 Lendline Telephone,1,0.0002,0.25,125.22
"Holmes Replacement Filter for HEPA Air Cleaner, Large Room",Deflect-o Glass Clear Studded Chair Mats,1,0.0002,0.25,178.89
"Holmes Replacement Filter for HEPA Air Cleaner, Large Room","Hunt PowerHouse Electric Pencil Sharpener, Blue",1,0.0002,0.25,125.22
"Holmes Replacement Filter for HEPA Air Cleaner, Large Room",Newell 314,1,0.0002,0.25,178.89
"Holmes Replacement Filter for HEPA Air Cleaner, Large Room","Bravo II Megaboss 12-Amp Hard Body Upright, Replacement Belts, 2 Belts per Pack",1,0.0002,0.25,250.45
"Holmes Replacement Filter for HEPA Air Cleaner, Medium Room",Acme Value Line Scissors,1,0.0002,0.25,125.22
"Holmes Replacement Filter for HEPA Air Cleaner, Medium Room",C-Line Cubicle Keepers Polyproplyene Holder With Velcro Backings,1,0.0002,0.25,156.53
"Holmes Replacement Filter for HEPA Air Cleaner, Medium Room",Logitech Wireless Performance Mouse MX for PC and Mac,1,0.0002,0.25,178.89
"Holmes Replacement Filter for HEPA Air Cleaner, Medium Room",Memorex Mini Travel Drive 64 GB USB 2.0 Flash Drive,1,0.0002,0.25,208.71
"Holmes Replacement Filter for HEPA Air Cleaner, Medium Room",OIC Thumb-Tacks,1,0.0002,0.25,417.42
"Holmes Replacement Filter for HEPA Air Cleaner, Very Large Room, HEPA Filter","Acco Pressboard Covers with Storage Hooks, 9 1/2"" x 11"", Executive Red",1,0.0002,0.1,55.66
"Holmes Replacement Filter for HEPA Air Cleaner, Very Large Room, HEPA Filter",Eldon ClusterMat Chair Mat with Cordless Antistatic Protection,1,0.0002,0.1,100.18
"Holmes Replacement Filter for HEPA Air Cleaner, Very Large Room, HEPA Filter",Eldon Fold 'N Roll Cart System,1,0.0002,0.1,100.18
"Holmes Replacement Filter for HEPA Air Cleaner, Very Large Room, HEPA Filter",Fellowes Bases and Tops For Staxonsteel/High-Stak Systems,1,0.0002,0.1,50.09
"Holmes Replacement Filter for HEPA Air Cleaner, Very Large Room, HEPA Filter",Panasonic KP-4ABK Battery-Operated Pencil Sharpener,1,0.0002,0.1,125.22
"Holmes Visible Mist Ultrasonic Humidifier with 2.3-Gallon Output per Day, Replacement Filter",Hoover Replacement Belt for Commercial Guardsman Heavy-Duty Upright Vacuum,1,0.0002,0.5,626.12
"Holmes Visible Mist Ultrasonic Humidifier with 2.3-Gallon Output per Day, Replacement Filter",Xerox 1982,1,0.0002,0.5,834.83
Home/Office Personal File Carts,Flexible Leather- Look Classic Collection Ring Binder,1,0.0002,0.1429,119.26
Home/Office Personal File Carts,Staples,1,0.0002,0.1429,3.22
Home/Office Personal File Carts,"Array Parchment Paper, Assorted Colors",1,0.0002,0.1429,178.89
Home/Office Personal File Carts,Imation 8gb Micro Traveldrive Usb 2.0 Flash Drive,1,0.0002,0.1429,89.45
Home/Office Personal File Carts,Novimex Turbo Task Chair,1,0.0002,0.1429,119.26
Hon 2090 Pillow Soft Series Mid Back Swivel/Tilt Chairs,Apple iPhone 5S,1,0.0002,0.1667,208.71
Hon 2090 Pillow Soft Series Mid Back Swivel/Tilt Chairs,Logitech Illuminated Ultrathin Keyboard with Backlighting,1,0.0002,0.1667,834.83
Hon 2090 Pillow Soft Series Mid Back Swivel/Tilt Chairs,Tensor Computer Mounted Lamp,1,0.0002,0.1667,104.35
Hon 2090 Pillow Soft Series Mid Back Swivel/Tilt Chairs,Hon 4070 Series Pagoda Armless Upholstered Stacking Chairs,1,0.0002,0.1667,104.35
Hon 2090 Pillow Soft Series Mid Back Swivel/Tilt Chairs,Cisco SPA301,1,0.0002,0.1667,92.76
Hon 2111 Invitation Series Corner Table,Enermax Aurora Lite Keyboard,1,0.0002,0.25,250.45
Hon 2111 Invitation Series Corner Table,Wilson Jones Leather-Like Binders with DublLock Round Rings,1,0.0002,0.25,104.35
Hon 2111 Invitation Series Corner Table,Prang Dustless Chalk Sticks,1,0.0002,0.25,156.53
Hon 2111 Invitation Series Corner Table,"Wilson Jones Ledger-Size, Piano-Hinge Binder, 2"", Blue",1,0.0002,0.25,104.35
Hon 2111 Invitation Series Straight Table,Mitel MiVoice 5330e IP Phone,1,0.0002,0.1429,79.51
Hon 2111 Invitation Series Straight Table,GBC Standard Plastic Binding Systems Combs,1,0.0002,0.1429,143.11
Hon 2111 Invitation Series Straight Table,Acco Translucent Poly Ring Binders,1,0.0002,0.1429,89.45
Hon 2111 Invitation Series Straight Table,"Eldon Base for stackable storage shelf, platinum",1,0.0002,0.1429,102.22
Hon 2111 Invitation Series Straight Table,SANFORD Liquid Accent Tank-Style Highlighters,1,0.0002,0.1429,238.52
"Hon 30"" x 60"" Table with Locking Drawer",Global Troy Executive Leather Low-Back Tilter,1,0.0002,0.3333,185.52
"Hon 30"" x 60"" Table with Locking Drawer",Newell 334,1,0.0002,0.3333,278.28
"Hon 30"" x 60"" Table with Locking Drawer",Hon 4060 Series Tables,1,0.0002,0.3333,417.42
"Hon 30"" x 60"" Table with Locking Drawer",Nontoxic Chalk,1,0.0002,0.3333,208.71
"Hon 30"" x 60"" Table with Locking Drawer","Permanent Self-Adhesive File Folder Labels for Typewriters, 1 1/8 x 3 1/2, White",1,0.0002,0.3333,278.28
Hon 4-Shelf Metal Bookcases,BPI Conference Tables,1,0.0002,0.25,250.45
Hon 4-Shelf Metal Bookcases,Dana Swing-Arm Lamps,1,0.0002,0.25,178.89
Hon 4-Shelf Metal Bookcases,Fellowes Stor/Drawer Steel Plus Storage Drawers,1,0.0002,0.25,156.53
Hon 4-Shelf Metal Bookcases,Wilson Jones Turn Tabs Binder Tool for Ring Binders,1,0.0002,0.25,96.33
Hon 4-Shelf Metal Bookcases,"Advantus Employee of the Month Certificate Frame, 11 x 13-1/2",1,0.0002,0.25,250.45
Hon 4060 Series Tables,"Hon 30"" x 60"" Table with Locking Drawer",1,0.0002,0.25,417.42
Hon 4060 Series Tables,Nontoxic Chalk,1,0.0002,0.25,156.53
Hon 4060 Series Tables,"Permanent Self-Adhesive File Folder Labels for Typewriters, 1 1/8 x 3 1/2, White",1,0.0002,0.25,208.71
Hon 4060 Series Tables,Southworth Parchment Paper & Envelopes,1,0.0002,0.25,208.71
Hon 4060 Series Tables,Tennsco Single-Tier Lockers,1,0.0002,0.25,156.53
Hon 4070 Series Pagoda Armless Upholstered Stacking Chairs,Hon 2090 Pillow Soft Series Mid Back Swivel/Tilt Chairs,1,0.0002,0.125,104.35
Hon 4070 Series Pagoda Armless Upholstered Stacking Chairs,"Adams Phone Message Book, Professional, 400 Message Capacity, 5 3/6 x 11",1,0.0002,0.125,208.71
Hon 4070 Series Pagoda Armless Upholstered Stacking Chairs,Adjustable Depth Letter/Legal Cart,1,0.0002,0.125,56.92
Hon 4070 Series Pagoda Armless Upholstered Stacking Chairs,Advantus Rolling Storage Box,1,0.0002,0.125,62.61
Hon 4070 Series Pagoda Armless Upholstered Stacking Chairs,"Global Wood Trimmed Manager's Task Chair, Khaki",1,0.0002,0.125,44.72
Hon 4070 Series Pagoda Round Back Stacking Chairs,Fellowes Desktop Hanging File Manager,1,0.0002,0.1429,178.89
Hon 4070 Series Pagoda Round Back Stacking Chairs,Mitel MiVoice 5330e IP Phone,1,0.0002,0.1429,79.51
Hon 4070 Series Pagoda Round Back Stacking Chairs,Nu-Dell EZ-Mount Plastic Wall Frames,1,0.0002,0.1429,357.79
Hon 4070 Series Pagoda Round Back Stacking Chairs,Zebra ZM400 Thermal Label Printer,1,0.0002,0.1429,357.79
Hon 4070 Series Pagoda Round Back Stacking Chairs,"Bevis Oval Conference Table, Walnut",1,0.0002,0.1429,89.45
Hon 4700 Series Mobuis Mid-Back Task Chairs with Adjustable Arms,Staples,2,0.000399,0.3333,7.52
Hon 4700 Series Mobuis Mid-Back Task Chairs with Adjustable Arms,"Fellowes Strictly Business Drawer File, Letter/Legal Size",1,0.0002,0.1667,119.26
Hon 4700 Series Mobuis Mid-Back Task Chairs with Adjustable Arms,Hon GuestStacker Chair,1,0.0002,0.1667,92.76
Hon 4700 Series Mobuis Mid-Back Task Chairs with Adjustable Arms,Round Ring Binders,1,0.0002,0.1667,139.14
Hon 4700 Series Mobuis Mid-Back Task Chairs with Adjustable Arms,"Sauder Facets Collection Locker/File Cabinet, Sky Alder Finish",1,0.0002,0.1667,417.42
Hon 5100 Series Wood Tables,Tuff Stuff Recycled Round Ring Binders,1,0.0002,0.1429,79.51
Hon 5100 Series Wood Tables,"Global Stack Chair with Arms, Black",1,0.0002,0.1429,102.22
Hon 5100 Series Wood Tables,Hon 2090 Pillow Soft Series Mid Back Swivel/Tilt Chairs,1,0.0002,0.1429,119.26
Hon 5100 Series Wood Tables,SanDisk Cruzer 64 GB USB Flash Drive,1,0.0002,0.1429,79.51
Hon 5100 Series Wood Tables,Motorola Moto X,1,0.0002,0.1429,357.79
Hon 61000 Series Interactive Training Tables,Belkin F9H710-06 7 Outlet SurgeMaster Surge Protector,1,0.0002,0.1111,69.57
Hon 61000 Series Interactive Training Tables,"Avery 4027 File Folder Labels for Dot Matrix Printers, 5000 Labels per Box, White",1,0.0002,0.1111,50.6
Hon 61000 Series Interactive Training Tables,"Hon Practical Foundations 30 x 60 Training Table, Light Gray/Charcoal",1,0.0002,0.1111,92.76
Hon 61000 Series Interactive Training Tables,"Acco Data Flex Cable Posts For Top & Bottom Load Binders, 6"" Capacity",1,0.0002,0.1111,55.66
Hon 61000 Series Interactive Training Tables,"Acco Pressboard Covers with Storage Hooks, 14 7/8"" x 11"", Light Blue",1,0.0002,0.1111,50.6
Hon 94000 Series Round Tables,Plantronics Audio 478 Stereo USB Headset,1,0.0002,0.2,111.31
Hon 94000 Series Round Tables,Newell 341,1,0.0002,0.2,143.11
Hon 94000 Series Round Tables,Xerox 204,1,0.0002,0.2,250.45
Hon 94000 Series Round Tables,GBC Standard Plastic Binding Systems' Combs,1,0.0002,0.2,125.22
Hon 94000 Series Round Tables,Poly String Tie Envelopes,1,0.0002,0.2,91.07
Hon Comfortask Task/Swivel Chairs,Xerox 1923,1,0.0002,0.1667,166.97
Hon Comfortask Task/Swivel Chairs,JM Magazine Binder,1,0.0002,0.1667,139.14
Hon Comfortask Task/Swivel Chairs,Avery 512,1,0.0002,0.1667,166.97
Hon Deluxe Fabric Upholstered Stacking Chairs,Fluorescent Highlighters by Dixon,1,0.0002,0.25,250.45
Hon Deluxe Fabric Upholstered Stacking Chairs,Stockwell Push Pins,1,0.0002,0.25,156.53
Hon Deluxe Fabric Upholstered Stacking Chairs,Xerox 195,1,0.0002,0.25,156.53
Hon Deluxe Fabric Upholstered Stacking Chairs,Logitech G700s Rechargeable Gaming Mouse,1,0.0002,0.25,139.14
Hon Deluxe Fabric Upholstered Stacking Chairs,Avery Hi-Liter Smear-Safe Highlighters,1,0.0002,0.25,208.71
"Hon Deluxe Fabric Upholstered Stacking Chairs, Rounded Back",Carina Double Wide Media Storage Towers in Natural & Black,1,0.0002,0.0833,34.78
"Hon Deluxe Fabric Upholstered Stacking Chairs, Rounded Back","Hunt PowerHouse Electric Pencil Sharpener, Blue",1,0.0002,0.0833,41.74
"Hon Deluxe Fabric Upholstered Stacking Chairs, Rounded Back",Prang Colored Pencils,1,0.0002,0.0833,59.63
"Hon Deluxe Fabric Upholstered Stacking Chairs, Rounded Back",Xerox 217,1,0.0002,0.0833,52.18
"Hon Deluxe Fabric Upholstered Stacking Chairs, Rounded Back","Padded Folding Chairs, Black, 4/Carton",1,0.0002,0.0833,52.18
"Hon Deluxe Fabric Upholstered Stacking Chairs, Squared Back",Acme Stainless Steel Office Snips,1,0.0002,0.5,626.12
"Hon Deluxe Fabric Upholstered Stacking Chairs, Squared Back","Avery Triangle Shaped Sheet Lifters, Black, 2/Pack",1,0.0002,0.5,417.42
Hon Every-Day Chair Series Swivel Task Chairs,Logitech 910-002974 M325 Wireless Mouse for Web Scrolling,1,0.0002,0.3333,111.31
Hon Every-Day Chair Series Swivel Task Chairs,Bulldog Vacuum Base Pencil Sharpener,1,0.0002,0.3333,278.28
Hon Every-Day Series Multi-Task Chairs,Acco Perma 3000 Stacking Storage Drawers,1,0.0002,0.1,83.48
Hon Every-Day Series Multi-Task Chairs,"Avery Hi-Liter Comfort Grip Fluorescent Highlighter, Yellow Ink",1,0.0002,0.1,250.45
Hon Every-Day Series Multi-Task Chairs,"Hot File 7-Pocket, Floor Stand",1,0.0002,0.1,38.53
Hon Every-Day Series Multi-Task Chairs,Xerox 199,1,0.0002,0.1,125.22
Hon Every-Day Series Multi-Task Chairs,Xerox 4200 Series MultiUse Premium Copy Paper (20Lb. and 84 Bright),1,0.0002,0.1,62.61
Hon GuestStacker Chair,Xerox 191,1,0.0002,0.1111,55.66
Hon GuestStacker Chair,Xerox 1927,1,0.0002,0.1111,111.31
Hon GuestStacker Chair,Xerox 1974,1,0.0002,0.1111,139.14
Hon GuestStacker Chair,"Fellowes Strictly Business Drawer File, Letter/Legal Size",1,0.0002,0.1111,79.51
Hon GuestStacker Chair,Hon 4700 Series Mobuis Mid-Back Task Chairs with Adjustable Arms,1,0.0002,0.1111,92.76
"Hon Metal Bookcases, Black","Array Parchment Paper, Assorted Colors",1,0.0002,0.2,250.45
"Hon Metal Bookcases, Black",HTC One Mini,1,0.0002,0.2,250.45
"Hon Metal Bookcases, Black",Okidata C331dn Printer,1,0.0002,0.2,200.36
"Hon Metal Bookcases, Black",Safco Industrial Wire Shelving System,1,0.0002,0.2,125.22
"Hon Metal Bookcases, Black",Storex DuraTech Recycled Plastic Frosted Binders,1,0.0002,0.2,125.22
"Hon Metal Bookcases, Putty","Square Ring Data Binders, Rigid 75 Pt. Covers, 11"" x 14-7/8""",1,0.0002,0.2,143.11
"Hon Metal Bookcases, Putty",Office Star - Contemporary Swivel Chair with Padded Adjustable Arms and Flex Back,1,0.0002,0.2,143.11
"Hon Metal Bookcases, Putty",SANFORD Liquid Accent Tank-Style Highlighters,1,0.0002,0.2,333.93
"Hon Metal Bookcases, Putty",Acme Box Cutter Scissors,1,0.0002,0.2,166.97
"Hon Metal Bookcases, Putty","DAX Executive Solid Wood Document Frame, Desktop or Hang, Mahogany, 5 x 7",1,0.0002,0.2,200.36
Hon Mobius Operator's Chair,Boston 1900 Electric Pencil Sharpener,1,0.0002,0.2,1001.8
Hon Mobius Operator's Chair,Deflect-o Glass Clear Studded Chair Mats,1,0.0002,0.2,143.11
Hon Mobius Operator's Chair,Nortel Meridian M3904 Professional Digital phone,1,0.0002,0.2,100.18
Hon Mobius Operator's Chair,"Rush Hierlooms Collection 1"" Thick Stackable Bookcases",1,0.0002,0.2,250.45
Hon Mobius Operator's Chair,Alphabetical Labels for Top Tab Filing,1,0.0002,0.2,111.31
Hon Multipurpose Stacking Arm Chairs,"Master Caster Door Stop, Brown",1,0.0002,0.1667,92.76
Hon Multipurpose Stacking Arm Chairs,Sharp 1540cs Digital Laser Copier,1,0.0002,0.1667,119.26
Hon Multipurpose Stacking Arm Chairs,Xerox 214,1,0.0002,0.1667,92.76
Hon Multipurpose Stacking Arm Chairs,Case Logic 2.4GHz Wireless Keyboard,1,0.0002,0.1667,104.35
Hon Multipurpose Stacking Arm Chairs,"Wirebound Message Books, Four 2 3/4"" x 5"" Forms per Page, 600 Sets per Book",1,0.0002,0.1667,92.76
Hon Non-Folding Utility Tables,Bestar Classic Bookcase,1,0.0002,0.2,125.22
Hon Non-Folding Utility Tables,Bretford Rectangular Conference Table Tops,1,0.0002,0.2,83.48
Hon Non-Folding Utility Tables,Logitech G35 7.1-Channel Surround Sound Headset,1,0.0002,0.2,166.97
Hon Non-Folding Utility Tables,"Rush Hierlooms Collection 1"" Thick Stackable Bookcases",1,0.0002,0.2,250.45
Hon Non-Folding Utility Tables,"Tensor ""Hersey Kiss"" Styled Floor Lamp",1,0.0002,0.2,333.93
Hon Olson Stacker Chairs,Staples,3,0.000599,0.75,16.92
Hon Olson Stacker Chairs,"Tennsco Stur-D-Stor Boltless Shelving, 5 Shelves, 24"" Deep, Sand",1,0.0002,0.25,178.89
Hon Olson Stacker Chairs,Imation 30456 USB Flash Drive 8GB,1,0.0002,0.25,250.45
Hon Olson Stacker Chairs,"Rogers Jumbo File, Granite",1,0.0002,0.25,178.89
Hon Olson Stacker Chairs,Belkin Premiere Surge Master II 8-outlet surge protector,1,0.0002,0.25,178.89
Hon Olson Stacker Stools,50 Colored Long Pencils,1,0.0002,0.1,100.18
Hon Olson Stacker Stools,"OIC Binder Clips, Mini, 1/4"" Capacity, Black",1,0.0002,0.1,100.18
Hon Olson Stacker Stools,"Acco Pressboard Covers with Storage Hooks, 14 7/8"" x 11"", Executive Red",1,0.0002,0.1,62.61
Hon Olson Stacker Stools,"Tyvek Interoffice Envelopes, 9 1/2"" x 12 1/2"", 100/Box",1,0.0002,0.1,100.18
Hon Olson Stacker Stools,GBC Premium Transparent Covers with Diagonal Lined Pattern,1,0.0002,0.1,35.78
Hon Pagoda Stacking Chairs,Acme Design Stainless Steel Bent Scissors,1,0.0002,0.25,417.42
Hon Pagoda Stacking Chairs,Southworth 25% Cotton Premium Laser Paper and Envelopes,1,0.0002,0.25,250.45
Hon Pagoda Stacking Chairs,Wilson Electronics DB Pro Signal Booster,1,0.0002,0.25,125.22
Hon Pagoda Stacking Chairs,"Chromcraft Bull-Nose Wood 48"" x 96"" Rectangular Conference Tables",1,0.0002,0.25,208.71
Hon Pagoda Stacking Chairs,"Eldon Expressions Wood Desk Accessories, Oak",1,0.0002,0.25,104.35
"Hon Practical Foundations 30 x 60 Training Table, Light Gray/Charcoal","Chromcraft 48"" x 96"" Racetrack Double Pedestal Table",1,0.0002,0.1667,139.14
"Hon Practical Foundations 30 x 60 Training Table, Light Gray/Charcoal","SAFCO Commercial Wire Shelving, 72h",1,0.0002,0.1667,166.97
"Hon Practical Foundations 30 x 60 Training Table, Light Gray/Charcoal",Wilson Jones Century Plastic Molded Ring Binders,1,0.0002,0.1667,83.48
"Hon Practical Foundations 30 x 60 Training Table, Light Gray/Charcoal",Fellowes Superior 10 Outlet Split Surge Protector,1,0.0002,0.1667,92.76
"Hon Practical Foundations 30 x 60 Training Table, Light Gray/Charcoal",Storex Dura Pro Binders,1,0.0002,0.1667,49.11
Hon Racetrack Conference Tables,Acco Perma 4000 Stacking Storage Drawers,1,0.0002,0.1667,75.89
Hon Racetrack Conference Tables,Avery Self-Adhesive Photo Pockets for Polaroid Photos,1,0.0002,0.1667,75.89
Hon Racetrack Conference Tables,Tenex Antistatic Computer Chair Mats,1,0.0002,0.1667,139.14
Hon Racetrack Conference Tables,"Avery Durable Plastic 1"" Binders",1,0.0002,0.1667,119.26
Hon Racetrack Conference Tables,"Hot File 7-Pocket, Floor Stand",1,0.0002,0.1667,64.22
Hon Rectangular Conference Tables,Plantronics CS510 - Over-the-Head monaural Wireless Headset System,2,0.000399,0.5,250.45
Hon Rectangular Conference Tables,Avery 473,1,0.0002,0.25,208.71
Hon Rectangular Conference Tables,Newell 35,1,0.0002,0.25,139.14
Hon Rectangular Conference Tables,Maxell 4.7GB DVD-R,1,0.0002,0.25,113.84
Hon Rectangular Conference Tables,Satellite Sectional Post Binders,1,0.0002,0.25,113.84
Hon Valutask Swivel Chairs,GBC Plastic Binding Combs,2,0.000399,0.5,250.45
Hon Valutask Swivel Chairs,Belkin 6 Outlet Metallic Surge Strip,1,0.0002,0.25,139.14
Hon Valutask Swivel Chairs,Fellowes Bankers Box Recycled Super Stor/Drawer,1,0.0002,0.25,178.89
Hon Valutask Swivel Chairs,Xerox 1898,1,0.0002,0.25,113.84
Hon Valutask Swivel Chairs,"Adams Phone Message Book, 200 Message Capacity, 8 1/16 x 11",1,0.0002,0.25,156.53
Honeywell Enviracaire Portable Air Cleaner for up to 8 x 10 Room,Advantus Push Pins,1,0.0002,0.5,357.79
Honeywell Enviracaire Portable Air Cleaner for up to 8 x 10 Room,"Global Stack Chair with Arms, Black",1,0.0002,0.5,357.79
Honeywell Enviracaire Portable Air Cleaner for up to 8 x 10 Room,Xerox 206,1,0.0002,0.5,500.9
Honeywell Enviracaire Portable Air Cleaner for up to 8 x 10 Room,Prang Drawing Pencil Set,1,0.0002,0.5,227.68
Honeywell Enviracaire Portable HEPA Air Cleaner for 16' x 20' Room,Brown Kraft Recycled Envelopes,1,0.0002,0.3333,333.93
Honeywell Enviracaire Portable HEPA Air Cleaner for 16' x 20' Room,Avery 50,1,0.0002,0.3333,333.93
Honeywell Enviracaire Portable HEPA Air Cleaner for 16' x 20' Room,Global Deluxe High-Back Office Chair in Storm,1,0.0002,0.3333,556.56
Honeywell Enviracaire Portable HEPA Air Cleaner for 16' x 20' Room,Kensington K72356US Mouse-in-a-Box USB Desktop Mouse,1,0.0002,0.3333,278.28
Honeywell Enviracaire Portable HEPA Air Cleaner for 16' x 20' Room,Panasonic KX-TG9541B DECT 6.0 Digital 2-Line Expandable Cordless Phone With Digital Answering System,1,0.0002,0.3333,333.93
Honeywell Enviracaire Portable HEPA Air Cleaner for 17' x 22' Room,"Adams Telephone Message Book w/Frequently-Called Numbers Space, 400 Messages per Book",1,0.0002,0.125,89.45
Honeywell Enviracaire Portable HEPA Air Cleaner for 17' x 22' Room,Global Deluxe High-Back Manager's Chair,1,0.0002,0.125,78.27
Honeywell Enviracaire Portable HEPA Air Cleaner for 17' x 22' Room,Safco Steel Mobile File Cart,1,0.0002,0.125,125.22
Honeywell Enviracaire Portable HEPA Air Cleaner for 17' x 22' Room,Xerox 205,1,0.0002,0.125,156.53
Honeywell Enviracaire Portable HEPA Air Cleaner for 17' x 22' Room,Ativa V4110MDD Micro-Cut Shredder,1,0.0002,0.125,313.06
Honeywell Enviracaire Portable HEPA Air Cleaner for up to 10 x 16 Room,"BOSTON Model 1800 Electric Pencil Sharpeners, Putty/Woodgrain",1,0.0002,0.3333,278.28
Honeywell Enviracaire Portable HEPA Air Cleaner for up to 10 x 16 Room,"Global Manager's Adjustable Task Chair, Storm",1,0.0002,0.3333,278.28
Honeywell Enviracaire Portable HEPA Air Cleaner for up to 10 x 16 Room,"Mini 13-1/2 Capacity Data Binder Rack, Pearl",1,0.0002,0.3333,333.93
Honeywell Enviracaire Portable HEPA Air Cleaner for up to 10 x 16 Room,"GBC Clear Cover, 8-1/2 x 11, unpunched, 25 covers per pack",1,0.0002,0.3333,417.42
Honeywell Quietcare HEPA Air Cleaner,"GBC Pre-Punched Binding Paper, Plastic, White, 8-1/2"" x 11""",1,0.0002,0.1667,104.35
Honeywell Quietcare HEPA Air Cleaner,Geemarc AmpliPOWER60,1,0.0002,0.1667,75.89
Honeywell Quietcare HEPA Air Cleaner,Xerox 1948,1,0.0002,0.1667,278.28
Honeywell Quietcare HEPA Air Cleaner,9-3/4 Diameter Round Wall Clock,1,0.0002,0.1667,104.35
Honeywell Quietcare HEPA Air Cleaner,Self-Adhesive Address Labels for Typewriters by Universal,1,0.0002,0.1667,119.26
Hoover Commercial Lightweight Upright Vacuum,Maxell CD-R Discs,1,0.0002,0.5,834.83
Hoover Commercial Lightweight Upright Vacuum,"Message Book, Wirebound, Four 5 1/2"" X 4"" Forms/Pg., 200 Dupl. Sets/Book",1,0.0002,0.5,417.42
Hoover Commercial Lightweight Upright Vacuum with E-Z Empty Dirt Cup,High-Back Leather Manager's Chair,1,0.0002,0.3333,185.52
Hoover Commercial Lightweight Upright Vacuum with E-Z Empty Dirt Cup,"Adams Telephone Message Book w/Frequently-Called Numbers Space, 400 Messages per Book",1,0.0002,0.3333,238.52
Hoover Commercial Lightweight Upright Vacuum with E-Z Empty Dirt Cup,Eldon Wave Desk Accessories,1,0.0002,0.3333,119.26
Hoover Commercial Lightweight Upright Vacuum with E-Z Empty Dirt Cup,Satellite Sectional Post Binders,1,0.0002,0.3333,151.79
Hoover Commercial Lightweight Upright Vacuum with E-Z Empty Dirt Cup,GBC VeloBind Cover Sets,1,0.0002,0.3333,151.79
Hoover Commercial Soft Guard Upright Vacuum And Disposable Filtration Bags,SAFCO Arco Folding Chair,1,0.0002,0.25,96.33
Hoover Commercial Soft Guard Upright Vacuum And Disposable Filtration Bags,Weyerhaeuser First Choice Laser/Copy Paper (20Lb. and 88 Bright),1,0.0002,0.25,250.45
Hoover Commercial Soft Guard Upright Vacuum And Disposable Filtration Bags,Compact Automatic Electric Letter Opener,1,0.0002,0.25,156.53
Hoover Commercial Soft Guard Upright Vacuum And Disposable Filtration Bags,"DXL Angle-View Binders with Locking Rings, Black",1,0.0002,0.25,313.06
Hoover Commercial Soft Guard Upright Vacuum And Disposable Filtration Bags,"Lesro Sheffield Collection Coffee Table, End Table, Center Table, Corner Table",1,0.0002,0.25,139.14
Hoover Commercial SteamVac,"Bevis Oval Conference Table, Walnut",1,0.0002,0.25,156.53
Hoover Commercial SteamVac,"Dual Level, Single-Width Filing Carts",1,0.0002,0.25,139.14
Hoover Commercial SteamVac,Newell 319,1,0.0002,0.25,156.53
Hoover Commercial SteamVac,Panasonic KX TS3282B Corded phone,1,0.0002,0.25,417.42
Hoover Commercial SteamVac,"Wirebound Message Books, Two 4 1/4"" x 5"" Forms per Page",1,0.0002,0.25,208.71
Hoover Portapower Portable Vacuum,Avery Self-Adhesive Photo Pockets for Polaroid Photos,1,0.0002,0.25,113.84
Hoover Portapower Portable Vacuum,Xerox 208,1,0.0002,0.25,626.12
Hoover Portapower Portable Vacuum,"Howard Miller 13-1/2"" Diameter Rosebrook Wall Clock",1,0.0002,0.25,250.45
Hoover Portapower Portable Vacuum,Ibico Hi-Tech Manual Binding System,1,0.0002,0.25,113.84
Hoover Portapower Portable Vacuum,"Verbatim 25 GB 6x Blu-ray Single Layer Recordable Disc, 10/Pack",1,0.0002,0.25,250.45
Hoover Replacement Belt for Commercial Guardsman Heavy-Duty Upright Vacuum,Avanti 4.4 Cu. Ft. Refrigerator,1,0.0002,0.25,178.89
Hoover Replacement Belt for Commercial Guardsman Heavy-Duty Upright Vacuum,Fellowes Advanced 8 Outlet Surge Suppressor with Phone/Fax Protection,1,0.0002,0.25,417.42
Hoover Replacement Belt for Commercial Guardsman Heavy-Duty Upright Vacuum,Deflect-o DuraMat Antistatic Studded Beveled Mat for Medium Pile Carpeting,1,0.0002,0.25,250.45
Hoover Replacement Belt for Commercial Guardsman Heavy-Duty Upright Vacuum,"Eldon 400 Class Desk Accessories, Black Carbon",1,0.0002,0.25,208.71
Hoover Replacement Belt for Commercial Guardsman Heavy-Duty Upright Vacuum,KI Adjustable-Height Table,1,0.0002,0.25,69.57
"Hoover Replacement Belts For Soft Guard & Commercial Ltweight Upright Vacs, 2/Pk",Hewlett Packard 610 Color Digital Copier / Printer,1,0.0002,0.2,143.11
"Hoover Replacement Belts For Soft Guard & Commercial Ltweight Upright Vacs, 2/Pk","Crayola Anti Dust Chalk, 12/Pack",1,0.0002,0.2,143.11
"Hoover Replacement Belts For Soft Guard & Commercial Ltweight Upright Vacs, 2/Pk",Imation Bio 2GB USB Flash Drive Imation Corp,1,0.0002,0.2,333.93
"Hoover Replacement Belts For Soft Guard & Commercial Ltweight Upright Vacs, 2/Pk",Ricoh - Ink Collector Unit for GX3000 Series Printers,1,0.0002,0.2,333.93
"Hoover Replacement Belts For Soft Guard & Commercial Ltweight Upright Vacs, 2/Pk",GBC Ibimaster 500 Manual ProClick Binding System,1,0.0002,0.2,111.31
Hoover Shoulder Vac Commercial Portable Vacuum,Staples,3,0.000599,0.5,11.28
Hoover Shoulder Vac Commercial Portable Vacuum,Acco Expandable Hanging Binders,1,0.0002,0.1667,208.71
Hoover Shoulder Vac Commercial Portable Vacuum,Brother DCP1000 Digital 3 in 1 Multifunction Machine,1,0.0002,0.1667,119.26
Hoover Shoulder Vac Commercial Portable Vacuum,Shocksock Galaxy S4 Armband,1,0.0002,0.1667,278.28
Hoover Shoulder Vac Commercial Portable Vacuum,GBC Standard Therm-A-Bind Covers,1,0.0002,0.1667,69.57
Hoover Upright Vacuum With Dirt Cup,"Fellowes Strictly Business Drawer File, Letter/Legal Size",1,0.0002,0.1667,119.26
Hoover Upright Vacuum With Dirt Cup,Xerox 1906,1,0.0002,0.1667,119.26
Hoover Upright Vacuum With Dirt Cup,"DAX Value U-Channel Document Frames, Easel Back",1,0.0002,0.1667,83.48
Hoover Upright Vacuum With Dirt Cup,Razer Kraken PRO Over Ear PC and Music Headset,1,0.0002,0.1667,104.35
Hoover Upright Vacuum With Dirt Cup,Plantronics Calisto P620-M USB Wireless Speakerphone System,1,0.0002,0.1667,208.71
Hoover WindTunnel Plus Canister Vacuum,Ibico Standard Transparent Covers,1,0.0002,0.3333,166.97
Hoover WindTunnel Plus Canister Vacuum,Newell 329,1,0.0002,0.3333,834.83
Hoover WindTunnel Plus Canister Vacuum,Panasonic KX T7731-B Digital phone,1,0.0002,0.3333,556.56
Hoover WindTunnel Plus Canister Vacuum,"Safco Wire Cube Shelving System, For Use as 4 or 5 14"" Cubes, Black",1,0.0002,0.3333,417.42
Hoover WindTunnel Plus Canister Vacuum,Xerox 1934,1,0.0002,0.3333,333.93
"Hot File 7-Pocket, Floor Stand",Acco Perma 3000 Stacking Storage Drawers,1,0.0002,0.0769,64.22
"Hot File 7-Pocket, Floor Stand","Avery Hi-Liter Comfort Grip Fluorescent Highlighter, Yellow Ink",1,0.0002,0.0769,192.65
"Hot File 7-Pocket, Floor Stand",Hon Every-Day Series Multi-Task Chairs,1,0.0002,0.0769,38.53
"Hot File 7-Pocket, Floor Stand",Xerox 199,1,0.0002,0.0769,96.33
"Hot File 7-Pocket, Floor Stand",Xerox 4200 Series MultiUse Premium Copy Paper (20Lb. and 84 Bright),1,0.0002,0.0769,48.16
"Howard Miller 11-1/2"" Diameter Brentwood Wall Clock",HTC One,1,0.0002,0.25,313.06
"Howard Miller 11-1/2"" Diameter Brentwood Wall Clock","Neat Ideas Personal Hanging Folder Files, Black",1,0.0002,0.25,178.89
"Howard Miller 11-1/2"" Diameter Grantwood Wall Clock",Enermax Acrylux Wireless Keyboard,1,0.0002,0.1667,139.14
"Howard Miller 11-1/2"" Diameter Grantwood Wall Clock","Sanford Prismacolor Professional Thick Lead Art Pencils, 36-Color Set",1,0.0002,0.1667,278.28
"Howard Miller 11-1/2"" Diameter Grantwood Wall Clock",Star Micronics TSP800 TSP847IIU Receipt Printer,1,0.0002,0.1667,417.42
"Howard Miller 11-1/2"" Diameter Grantwood Wall Clock","Ampad Gold Fibre Wirebound Steno Books, 6"" x 9"", Gregg Ruled",1,0.0002,0.1667,104.35
"Howard Miller 11-1/2"" Diameter Grantwood Wall Clock",Harmony HEPA Quiet Air Purifiers,1,0.0002,0.1667,208.71
"Howard Miller 11-1/2"" Diameter Ridgewood Wall Clock",Avery 482,1,0.0002,0.1667,417.42
"Howard Miller 11-1/2"" Diameter Ridgewood Wall Clock",G.E. Halogen Desk Lamp Bulbs,1,0.0002,0.1667,166.97
"Howard Miller 11-1/2"" Diameter Ridgewood Wall Clock",Iceberg Mobile Mega Data/Printer Cart ,1,0.0002,0.1667,104.35
"Howard Miller 11-1/2"" Diameter Ridgewood Wall Clock",OtterBox Commuter Series Case - Samsung Galaxy S4,1,0.0002,0.1667,208.71
"Howard Miller 11-1/2"" Diameter Ridgewood Wall Clock",Avoid Verbal Orders Carbonless Minifold Book,1,0.0002,0.1667,166.97
"Howard Miller 12"" Round Wall Clock",Eldon Antistatic Chair Mats for Low to Medium Pile Carpets,1,0.0002,0.5,626.12
"Howard Miller 12"" Round Wall Clock","Important Message Pads, 50 4-1/4 x 5-1/2 Forms per Pad",1,0.0002,0.5,626.12
"Howard Miller 13"" Diameter Goldtone Round Wall Clock",Eldon ClusterMat Chair Mat with Cordless Antistatic Protection,1,0.0002,0.1667,166.97
"Howard Miller 13"" Diameter Goldtone Round Wall Clock",Global Deluxe Office Fabric Chairs,1,0.0002,0.1667,139.14
"Howard Miller 13"" Diameter Goldtone Round Wall Clock",Ibico Laser Imprintable Binding System Covers,1,0.0002,0.1667,104.35
"Howard Miller 13"" Diameter Goldtone Round Wall Clock","Vinyl Coated Wire Paper Clips in Organizer Box, 800/Box",1,0.0002,0.1667,104.35
"Howard Miller 13"" Diameter Goldtone Round Wall Clock",Cubify CubeX 3D Printer Double Head Print,1,0.0002,0.1667,278.28
"Howard Miller 13"" Diameter Pewter Finish Round Wall Clock",Acco Economy Flexible Poly Round Ring Binder,1,0.0002,0.1429,178.89
"Howard Miller 13"" Diameter Pewter Finish Round Wall Clock",GBC Standard Therm-A-Bind Covers,1,0.0002,0.1429,59.63
"Howard Miller 13"" Diameter Pewter Finish Round Wall Clock",Belkin F5C206VTEL 6 Outlet Surge,1,0.0002,0.1429,102.22
"Howard Miller 13"" Diameter Pewter Finish Round Wall Clock",netTALK DUO VoIP Telephone Service,1,0.0002,0.1429,102.22
"Howard Miller 13"" Diameter Pewter Finish Round Wall Clock","BOSTON Model 1800 Electric Pencil Sharpeners, Putty/Woodgrain",1,0.0002,0.1429,119.26
"Howard Miller 13-1/2"" Diameter Rosebrook Wall Clock","Lesro Round Back Collection Coffee Table, End Table",1,0.0002,0.2,125.22
"Howard Miller 13-1/2"" Diameter Rosebrook Wall Clock",24-Hour Round Wall Clock,1,0.0002,0.2,166.97
"Howard Miller 13-1/2"" Diameter Rosebrook Wall Clock",Eldon Radial Chair Mat for Low to Medium Pile Carpets,1,0.0002,0.2,166.97
"Howard Miller 13-1/2"" Diameter Rosebrook Wall Clock",Large Capacity Hanging Post Binders,1,0.0002,0.2,200.36
"Howard Miller 13-1/2"" Diameter Rosebrook Wall Clock",Newell 327,1,0.0002,0.2,250.45
"Howard Miller 13-3/4"" Diameter Brushed Chrome Round Wall Clock",3M Organizer Strips,1,0.0002,0.1111,79.51
"Howard Miller 13-3/4"" Diameter Brushed Chrome Round Wall Clock",Acco Suede Grain Vinyl Round Ring Binder,1,0.0002,0.1111,69.57
"Howard Miller 13-3/4"" Diameter Brushed Chrome Round Wall Clock","Master Big Foot Doorstop, Beige",1,0.0002,0.1111,92.76
"Howard Miller 13-3/4"" Diameter Brushed Chrome Round Wall Clock",Newell 333,1,0.0002,0.1111,50.6
"Howard Miller 13-3/4"" Diameter Brushed Chrome Round Wall Clock",Novimex Fabric Task Chair,1,0.0002,0.1111,61.84
"Howard Miller 14-1/2"" Diameter Chrome Round Wall Clock","Acco Four Pocket Poly Ring Binder with Label Holder, Smoke, 1""",1,0.0002,0.1429,119.26
"Howard Miller 14-1/2"" Diameter Chrome Round Wall Clock",Clear Mylar Reinforcing Strips,1,0.0002,0.1429,102.22
"Howard Miller 14-1/2"" Diameter Chrome Round Wall Clock",DMI Arturo Collection Mission-style Design Wood Chair,1,0.0002,0.1429,65.05
"Howard Miller 14-1/2"" Diameter Chrome Round Wall Clock",Deflect-O Glasstique Clear Desk Accessories,1,0.0002,0.1429,238.52
"Howard Miller 14-1/2"" Diameter Chrome Round Wall Clock",Belkin F9H710-06 7 Outlet SurgeMaster Surge Protector,1,0.0002,0.1429,89.45
"Howard Miller 16"" Diameter Gallery Wall Clock",Acco Hanging Data Binders,1,0.0002,0.25,178.89
"Howard Miller 16"" Diameter Gallery Wall Clock",Acme Preferred Stainless Steel Scissors,1,0.0002,0.25,313.06
"Howard Miller 16"" Diameter Gallery Wall Clock",Plastic Binding Combs,1,0.0002,0.25,250.45
"Howard Miller 16"" Diameter Gallery Wall Clock","Global High-Back Leather Tilter, Burgundy",1,0.0002,0.25,89.45
"Howard Miller 16"" Diameter Gallery Wall Clock",Tennsco 16-Compartment Lockers with Coat Rack,1,0.0002,0.25,250.45
Howard Miller Distant Time Traveler Alarm Clock,GBC Imprintable Covers,1,0.0002,0.1667,104.35
Howard Miller Distant Time Traveler Alarm Clock,Avery White Multi-Purpose Labels,1,0.0002,0.1667,208.71
Howard Miller Distant Time Traveler Alarm Clock,BIC Liqua Brite Liner,1,0.0002,0.1667,139.14
Howard Miller Distant Time Traveler Alarm Clock,Computer Printout Paper with Letter-Trim Perforations,1,0.0002,0.1667,119.26
Howard Miller Distant Time Traveler Alarm Clock,Fellowes Bases and Tops For Staxonsteel/High-Stak Systems,1,0.0002,0.1667,83.48
"Hunt BOSTON Model 1606 High-Volume Electric Pencil Sharpener, Beige",netTALK DUO VoIP Telephone Service,1,0.0002,1.0,715.57
"Hunt BOSTON Vista Battery-Operated Pencil Sharpener, Black",Office Star - Professional Matrix Back Chair with 2-to-1 Synchro Tilt and Mesh Fabric Seat,1,0.0002,0.25,156.53
"Hunt BOSTON Vista Battery-Operated Pencil Sharpener, Black","Avery Hi-Liter EverBold Pen Style Fluorescent Highlighters, 4/Pack",1,0.0002,0.25,208.71
"Hunt BOSTON Vista Battery-Operated Pencil Sharpener, Black",Plantronics 81402,1,0.0002,0.25,313.06
"Hunt BOSTON Vista Battery-Operated Pencil Sharpener, Black",Things To Do Today Pad,1,0.0002,0.25,178.89
"Hunt BOSTON Vista Battery-Operated Pencil Sharpener, Black",O'Sullivan Living Dimensions 3-Shelf Bookcases,1,0.0002,0.25,313.06
Hunt Boston Vacuum Mount KS Pencil Sharpener,Convenience Packs of Business Envelopes,1,0.0002,0.2,166.97
Hunt Boston Vacuum Mount KS Pencil Sharpener,Logitech G105 Gaming Keyboard,1,0.0002,0.2,200.36
Hunt Boston Vacuum Mount KS Pencil Sharpener,Economy Rollaway Files,1,0.0002,0.2,143.11
Hunt Boston Vacuum Mount KS Pencil Sharpener,Avery Self-Adhesive Photo Pockets for Polaroid Photos,1,0.0002,0.2,91.07
Hunt Boston Vacuum Mount KS Pencil Sharpener,Canon Image Class D660 Copier,1,0.0002,0.2,500.9
"Hunt PowerHouse Electric Pencil Sharpener, Blue",Carina Double Wide Media Storage Towers in Natural & Black,1,0.0002,0.1,41.74
"Hunt PowerHouse Electric Pencil Sharpener, Blue","Hon Deluxe Fabric Upholstered Stacking Chairs, Rounded Back",1,0.0002,0.1,41.74
"Hunt PowerHouse Electric Pencil Sharpener, Blue",Prang Colored Pencils,1,0.0002,0.1,71.56
"Hunt PowerHouse Electric Pencil Sharpener, Blue",AT&T 17929 Lendline Telephone,1,0.0002,0.1,50.09
"Hunt PowerHouse Electric Pencil Sharpener, Blue",Deflect-o Glass Clear Studded Chair Mats,1,0.0002,0.1,71.56
Hypercom P1300 Pinpad,Xerox 1971,1,0.0002,0.1429,119.26
Hypercom P1300 Pinpad,Xerox 1985,1,0.0002,0.1429,357.79
Hypercom P1300 Pinpad,Longer-Life Soft White Bulbs,1,0.0002,0.1429,71.56
Hypercom P1300 Pinpad,ShoreTel ShorePhone IP 230 VoIP phone,1,0.0002,0.1429,178.89
Hypercom P1300 Pinpad,"Global Stack Chair with Arms, Black",1,0.0002,0.1429,102.22
I Need's 3d Hello Kitty Hybrid Silicone Case Cover for HTC One X 4g with 3d Hello Kitty Stylus Pen Green/pink,Acco D-Ring Binder w/DublLock,2,0.000399,0.2,111.31
I Need's 3d Hello Kitty Hybrid Silicone Case Cover for HTC One X 4g with 3d Hello Kitty Stylus Pen Green/pink,Polycom CX300 Desktop Phone USB VoIP phone,1,0.0002,0.1,100.18
I Need's 3d Hello Kitty Hybrid Silicone Case Cover for HTC One X 4g with 3d Hello Kitty Stylus Pen Green/pink,Imation 30456 USB Flash Drive 8GB,1,0.0002,0.1,100.18
I Need's 3d Hello Kitty Hybrid Silicone Case Cover for HTC One X 4g with 3d Hello Kitty Stylus Pen Green/pink,4009 Highlighters by Sanford,1,0.0002,0.1,62.61
I Need's 3d Hello Kitty Hybrid Silicone Case Cover for HTC One X 4g with 3d Hello Kitty Stylus Pen Green/pink,"Atlantic Metals Mobile 3-Shelf Bookcases, Custom Colors",1,0.0002,0.1,62.61
I.R.I.S IRISCard Anywhere 5 Card Scanner,"Ativa D5772 2-Line 5.8GHz Digital Expandable Corded/Cordless Phone System with Answering & Caller ID/Call Waiting, Black/Silver",1,0.0002,1.0,1252.25
I.R.I.S IRISCard Anywhere 5 Card Scanner,Avery Durable Binders,1,0.0002,1.0,417.42
I.R.I.S IRISCard Anywhere 5 Card Scanner,"Avery Flip-Chart Easel Binder, Black",1,0.0002,1.0,1252.25
I.R.I.S IRISCard Anywhere 5 Card Scanner,Logitech G19 Programmable Gaming Keyboard,1,0.0002,1.0,626.12
"IBM Multi-Purpose Copy Paper, 8 1/2 x 11"", Case",Xerox 228,1,0.0002,0.1667,208.71
"IBM Multi-Purpose Copy Paper, 8 1/2 x 11"", Case",Bionaire 99.97% HEPA Air Cleaner,1,0.0002,0.1667,208.71
"IBM Multi-Purpose Copy Paper, 8 1/2 x 11"", Case","Black Avery Memo-Size 3-Ring Binder, 5 1/2"" x 8 1/2""",1,0.0002,0.1667,208.71
"IBM Multi-Purpose Copy Paper, 8 1/2 x 11"", Case",Boston 16765 Mini Stand Up Battery Pencil Sharpener,1,0.0002,0.1667,208.71
"IBM Multi-Purpose Copy Paper, 8 1/2 x 11"", Case",Fellowes 8 Outlet Superior Workstation Surge Protector,1,0.0002,0.1667,166.97
Ibico Covers for Plastic or Wire Binding Elements,Newell 351,1,0.0002,0.1429,102.22
Ibico Covers for Plastic or Wire Binding Elements,"Fellowes Twister Kit, Gray/Clear, 3/pkg",1,0.0002,0.1429,71.56
Ibico Covers for Plastic or Wire Binding Elements,Maxell 4.7GB DVD-RW 3/Pack,1,0.0002,0.1429,178.89
Ibico Covers for Plastic or Wire Binding Elements,Newell 312,1,0.0002,0.1429,65.05
Ibico Covers for Plastic or Wire Binding Elements,Xerox 1949,1,0.0002,0.1429,89.45
Ibico EB-19 Dual Function Manual Binding System,"Cardinal HOLDit! Binder Insert Strips,Extra Strips",1,0.0002,0.125,69.57
Ibico EB-19 Dual Function Manual Binding System,Surelock Post Binders,1,0.0002,0.125,78.27
Ibico EB-19 Dual Function Manual Binding System,AT&T SB67148 SynJ,1,0.0002,0.125,208.71
Ibico EB-19 Dual Function Manual Binding System,"Eldon Base for stackable storage shelf, platinum",1,0.0002,0.125,89.45
Ibico EB-19 Dual Function Manual Binding System,Jabra Supreme Plus Driver Edition Headset,1,0.0002,0.125,125.22
Ibico EPK-21 Electric Binding System,Carina Double Wide Media Storage Towers in Natural & Black,1,0.0002,0.3333,139.14
Ibico EPK-21 Electric Binding System,GBC Instant Report Kit,1,0.0002,0.3333,128.44
Ibico EPK-21 Electric Binding System,Xerox 217,1,0.0002,0.3333,208.71
Ibico EPK-21 Electric Binding System,Panasonic KP-150 Electric Pencil Sharpener,1,0.0002,0.3333,417.42
Ibico EPK-21 Electric Binding System,Xerox 193,1,0.0002,0.3333,556.56
Ibico Hi-Tech Manual Binding System,Acco Hot Clips Clips to Go,1,0.0002,0.0909,75.89
Ibico Hi-Tech Manual Binding System,Avery Heavy-Duty EZD View Binder with Locking Rings,1,0.0002,0.0909,45.54
Ibico Hi-Tech Manual Binding System,Boston Home & Office Model 2000 Electric Pencil Sharpeners,1,0.0002,0.0909,75.89
Ibico Hi-Tech Manual Binding System,Newell 31,1,0.0002,0.0909,91.07
Ibico Hi-Tech Manual Binding System,"Premium Transparent Presentation Covers, No Pattern/Clear, 8 1/2"" x 11""",1,0.0002,0.0909,65.05
Ibico Ibimaster 300 Manual Binding System,Avery 487,1,0.0002,0.125,89.45
Ibico Ibimaster 300 Manual Binding System,Acco Perma 4000 Stacking Storage Drawers,1,0.0002,0.125,56.92
Ibico Ibimaster 300 Manual Binding System,"Acco Pressboard Covers with Storage Hooks, 14 7/8"" x 11"", Light Blue",1,0.0002,0.125,56.92
Ibico Ibimaster 300 Manual Binding System,Canon imageCLASS 2200 Advanced Copier,1,0.0002,0.125,125.22
Ibico Ibimaster 300 Manual Binding System,Stanley Bostitch Contemporary Electric Pencil Sharpeners,1,0.0002,0.125,89.45
Ibico Laser Imprintable Binding System Covers,Avery Durable Poly Binders,1,0.0002,0.125,104.35
Ibico Laser Imprintable Binding System Covers,Eldon ClusterMat Chair Mat with Cordless Antistatic Protection,1,0.0002,0.125,125.22
Ibico Laser Imprintable Binding System Covers,Global Deluxe Office Fabric Chairs,1,0.0002,0.125,104.35
Ibico Laser Imprintable Binding System Covers,"Howard Miller 13"" Diameter Goldtone Round Wall Clock",1,0.0002,0.125,104.35
Ibico Laser Imprintable Binding System Covers,"Vinyl Coated Wire Paper Clips in Organizer Box, 800/Box",1,0.0002,0.125,78.27
Ibico Plastic Spiral Binding Combs,"Adams Telephone Message Books, 5 1/4 x 11",1,0.0002,0.0769,77.06
Ibico Plastic Spiral Binding Combs,Global Deluxe Steno Chair,1,0.0002,0.0769,38.53
Ibico Plastic Spiral Binding Combs,Staples,1,0.0002,0.0769,1.74
Ibico Plastic Spiral Binding Combs,Fellowes Neat Ideas Storage Cubes,1,0.0002,0.0769,55.04
Ibico Plastic Spiral Binding Combs,Canon PC-428 Personal Copier,1,0.0002,0.0769,64.22
Ibico Plastic and Wire Spiral Binding Combs,Staples,2,0.000399,0.2222,5.01
Ibico Plastic and Wire Spiral Binding Combs,"Binney & Smith inkTank Erasable Desk Highlighter, Chisel Tip, Yellow, 12/Box",1,0.0002,0.1111,185.52
Ibico Plastic and Wire Spiral Binding Combs,"Global Leather Highback Executive Chair with Pneumatic Height Adjustment, Black",1,0.0002,0.1111,55.66
Ibico Plastic and Wire Spiral Binding Combs,"GBC Laser Imprintable Binding System Covers, Desert Sand",1,0.0002,0.1111,92.76
Ibico Plastic and Wire Spiral Binding Combs,Acme Preferred Stainless Steel Scissors,1,0.0002,0.1111,139.14
Ibico Presentation Index for Binding Systems,Okidata C331dn Printer,1,0.0002,0.1429,143.11
Ibico Presentation Index for Binding Systems,Newell 35,1,0.0002,0.1429,79.51
Ibico Presentation Index for Binding Systems,Wireless Extenders zBoost YX545 SOHO Signal Booster,1,0.0002,0.1429,102.22
Ibico Presentation Index for Binding Systems,Disposable Triple-Filter Dust Bags,1,0.0002,0.1429,178.89
Ibico Presentation Index for Binding Systems,"Global Armless Task Chair, Royal Blue",1,0.0002,0.1429,89.45
Ibico Recycled Grain-Textured Covers,"Bush Andora Conference Table, Maple/Graphite Gray Finish",1,0.0002,0.25,313.06
Ibico Recycled Grain-Textured Covers,"GBC Laser Imprintable Binding System Covers, Desert Sand",1,0.0002,0.25,208.71
Ibico Recycled Grain-Textured Covers,Xerox 23,1,0.0002,0.25,208.71
Ibico Recycled Grain-Textured Covers,Avery Recycled Flexi-View Covers for Binding Systems,1,0.0002,0.25,178.89
Ibico Recycled Grain-Textured Covers,Hewlett Packard LaserJet 3310 Copier,1,0.0002,0.25,156.53
Ibico Recycled Linen-Style Covers,GBC Linen Binding Covers,1,0.0002,0.25,208.71
Ibico Recycled Linen-Style Covers,Logitech Gaming G510s - Keyboard,1,0.0002,0.25,156.53
Ibico Recycled Linen-Style Covers,Newell 317,1,0.0002,0.25,178.89
Ibico Recycled Linen-Style Covers,Kensington 7 Outlet MasterPiece HOMEOFFICE Power Control Center,1,0.0002,0.25,250.45
Ibico Recycled Linen-Style Covers,Laser & Ink Jet Business Envelopes,1,0.0002,0.25,250.45
Ibico Standard Transparent Covers,Boston 16750 Black Compact Battery Pencil Sharpener,1,0.0002,0.1,250.45
Ibico Standard Transparent Covers,Staples,1,0.0002,0.1,2.26
Ibico Standard Transparent Covers,Hoover WindTunnel Plus Canister Vacuum,1,0.0002,0.1,166.97
Ibico Standard Transparent Covers,Newell 329,1,0.0002,0.1,250.45
Ibico Standard Transparent Covers,Panasonic KX T7731-B Digital phone,1,0.0002,0.1,166.97
Iceberg Mobile Mega Data/Printer Cart ,G.E. Halogen Desk Lamp Bulbs,1,0.0002,0.125,125.22
Iceberg Mobile Mega Data/Printer Cart ,"Howard Miller 11-1/2"" Diameter Ridgewood Wall Clock",1,0.0002,0.125,104.35
Iceberg Mobile Mega Data/Printer Cart ,OtterBox Commuter Series Case - Samsung Galaxy S4,1,0.0002,0.125,156.53
Iceberg Mobile Mega Data/Printer Cart ,"Executive Impressions 13"" Clairmont Wall Clock",1,0.0002,0.125,78.27
Iceberg Mobile Mega Data/Printer Cart ,Fiskars Spring-Action Scissors,1,0.0002,0.125,156.53
"Iceberg Nesting Folding Chair, 19w x 6d x 43h",EcoTones Memo Sheets,1,0.0002,0.1667,278.28
"Iceberg Nesting Folding Chair, 19w x 6d x 43h",ClearOne Communications CHAT 70 OC Speaker Phone,1,0.0002,0.1667,208.71
"Iceberg Nesting Folding Chair, 19w x 6d x 43h",DYMO CardScan Personal V9 Business Card Scanner,1,0.0002,0.1667,278.28
"Iceberg OfficeWorks 42"" Round Tables",Polycom CX600 IP Phone VoIP phone,1,0.0002,0.1429,178.89
"Iceberg OfficeWorks 42"" Round Tables",Avery White Multi-Purpose Labels,1,0.0002,0.1429,178.89
"Iceberg OfficeWorks 42"" Round Tables","Black Print Carbonless 8 1/2"" x 8 1/4"" Rapid Memo Book",1,0.0002,0.1429,178.89
"Iceberg OfficeWorks 42"" Round Tables",Macally Suction Cup Mount,1,0.0002,0.1429,178.89
"Iceberg OfficeWorks 42"" Round Tables",Newell 312,1,0.0002,0.1429,65.05
Ideal Clamps,"Holmes Replacement Filter for HEPA Air Cleaner, Medium Room",1,0.0002,0.125,156.53
Ideal Clamps,Pizazz Global Quick File,1,0.0002,0.125,104.35
Ideal Clamps,Novimex Swivel Fabric Task Chair,1,0.0002,0.125,78.27
Ideal Clamps,"Tensor ""Hersey Kiss"" Styled Floor Lamp",1,0.0002,0.125,208.71
Ideal Clamps,Acco Hanging Data Binders,1,0.0002,0.125,89.45
Imation Bio 2GB USB Flash Drive Imation Corp,"Crayola Anti Dust Chalk, 12/Pack",1,0.0002,0.3333,238.52
Imation Bio 2GB USB Flash Drive Imation Corp,"Hoover Replacement Belts For Soft Guard & Commercial Ltweight Upright Vacs, 2/Pk",1,0.0002,0.3333,333.93
Imation Bio 2GB USB Flash Drive Imation Corp,Ricoh - Ink Collector Unit for GX3000 Series Printers,1,0.0002,0.3333,556.56
Imation Bio 2GB USB Flash Drive Imation Corp,Novimex Turbo Task Chair,1,0.0002,0.3333,278.28
Imation Bio 2GB USB Flash Drive Imation Corp,"Global Airflow Leather Mesh Back Chair, Black",1,0.0002,0.3333,185.52
Imation Bio 8GB USB Flash Drive Imation Corp,Xerox 1977,1,0.0002,0.25,208.71
Imation Bio 8GB USB Flash Drive Imation Corp,Eldon Portable Mobile Manager,1,0.0002,0.25,139.14
Imation Bio 8GB USB Flash Drive Imation Corp,"Multi-Use Personal File Cart and Caster Set, Three Stacking Bins",1,0.0002,0.25,250.45
Imation Bio 8GB USB Flash Drive Imation Corp,Tops White Computer Printout Paper,1,0.0002,0.25,313.06
Imation Bio 8GB USB Flash Drive Imation Corp,"White Envelopes, White Envelopes with Clear Poly Window",1,0.0002,0.25,250.45
Imation 16GB Mini TravelDrive USB 2.0 Flash Drive,Staples,1,0.0002,0.1111,2.51
Imation 16GB Mini TravelDrive USB 2.0 Flash Drive,Avery 496,1,0.0002,0.1111,139.14
Imation 16GB Mini TravelDrive USB 2.0 Flash Drive,Cisco 8961 IP Phone Charcoal,1,0.0002,0.1111,556.56
Imation 16GB Mini TravelDrive USB 2.0 Flash Drive,"Computer Room Manger, 14""",1,0.0002,0.1111,79.51
Imation 16GB Mini TravelDrive USB 2.0 Flash Drive,Logitech VX Revolution Cordless Laser Mouse for Notebooks (Black),1,0.0002,0.1111,111.31
Imation 30456 USB Flash Drive 8GB,Staples,2,0.000399,0.4,9.03
Imation 30456 USB Flash Drive 8GB,Carina Double Wide Media Storage Towers in Natural & Black,1,0.0002,0.2,83.48
Imation 30456 USB Flash Drive 8GB,GBC Wire Binding Combs,1,0.0002,0.2,143.11
Imation 30456 USB Flash Drive 8GB,"Premium Transparent Presentation Covers, No Pattern/Clear, 8 1/2"" x 11""",1,0.0002,0.2,143.11
Imation 30456 USB Flash Drive 8GB,I Need's 3d Hello Kitty Hybrid Silicone Case Cover for HTC One X 4g with 3d Hello Kitty Stylus Pen Green/pink,1,0.0002,0.2,100.18
Imation 32GB Pocket Pro USB 3.0 Flash Drive - 32 GB - Black - 1 P ...,Recycled Eldon Regeneration Jumbo File,1,0.0002,0.2,166.97
Imation 32GB Pocket Pro USB 3.0 Flash Drive - 32 GB - Black - 1 P ...,Imation Clip USB flash drive - 8 GB,1,0.0002,0.2,143.11
Imation 32GB Pocket Pro USB 3.0 Flash Drive - 32 GB - Black - 1 P ...,"It's Hot Message Books with Stickers, 2 3/4"" x 5""",1,0.0002,0.2,166.97
Imation 32GB Pocket Pro USB 3.0 Flash Drive - 32 GB - Black - 1 P ...,Advantus Rolling Drawer Organizers,1,0.0002,0.2,166.97
Imation 32GB Pocket Pro USB 3.0 Flash Drive - 32 GB - Black - 1 P ...,Jabra SPEAK 410,1,0.0002,0.2,111.31
Imation 8GB Mini TravelDrive USB 2.0 Flash Drive,Wilson Jones Active Use Binders,1,0.0002,0.3333,278.28
Imation 8GB Mini TravelDrive USB 2.0 Flash Drive,Mobile Personal File Cube,1,0.0002,0.3333,333.93
Imation 8gb Micro Traveldrive Usb 2.0 Flash Drive,AT&T CL2909,1,0.0002,0.125,208.71
Imation 8gb Micro Traveldrive Usb 2.0 Flash Drive,Acme Softgrip Scissors,1,0.0002,0.125,156.53
Imation 8gb Micro Traveldrive Usb 2.0 Flash Drive,VTech DS6151,1,0.0002,0.125,78.27
Imation 8gb Micro Traveldrive Usb 2.0 Flash Drive,"Array Parchment Paper, Assorted Colors",1,0.0002,0.125,156.53
Imation 8gb Micro Traveldrive Usb 2.0 Flash Drive,Home/Office Personal File Carts,1,0.0002,0.125,89.45
Imation Clip USB flash drive - 8 GB,First Data FD10 PIN Pad,1,0.0002,0.1429,143.11
Imation Clip USB flash drive - 8 GB,Newell 336,1,0.0002,0.1429,178.89
Imation Clip USB flash drive - 8 GB,Xerox 21,1,0.0002,0.1429,102.22
Imation Clip USB flash drive - 8 GB,Imation 32GB Pocket Pro USB 3.0 Flash Drive - 32 GB - Black - 1 P ...,1,0.0002,0.1429,143.11
Imation Clip USB flash drive - 8 GB,"It's Hot Message Books with Stickers, 2 3/4"" x 5""",1,0.0002,0.1429,119.26
Imation Secure+ Hardware Encrypted USB 2.0 Flash Drive; 16GB,"Tenex File Box, Personal Filing Tote with Lid, Black",1,0.0002,0.2,143.11
Imation Secure+ Hardware Encrypted USB 2.0 Flash Drive; 16GB,Blackstonian Pencils,1,0.0002,0.2,250.45
Imation Secure+ Hardware Encrypted USB 2.0 Flash Drive; 16GB,KI Adjustable-Height Table,1,0.0002,0.2,55.66
Imation Secure+ Hardware Encrypted USB 2.0 Flash Drive; 16GB,Martin-Yale Premier Letter Opener,1,0.0002,0.2,143.11
Imation Secure+ Hardware Encrypted USB 2.0 Flash Drive; 16GB,GBC ProClick 150 Presentation Binding System,1,0.0002,0.2,200.36
Imation Secure Drive + Hardware Encrypted USB flash drive - 16 GB,Advantus Push Pins,1,0.0002,0.1667,119.26
Imation Secure Drive + Hardware Encrypted USB flash drive - 16 GB,Plantronics Audio 478 Stereo USB Headset,1,0.0002,0.1667,92.76
Imation Secure Drive + Hardware Encrypted USB flash drive - 16 GB,"Eberhard Faber 3 1/2"" Golf Pencils",1,0.0002,0.1667,119.26
Imation Secure Drive + Hardware Encrypted USB flash drive - 16 GB,HP Office Paper (20Lb. and 87 Bright),1,0.0002,0.1667,417.42
Imation Secure Drive + Hardware Encrypted USB flash drive - 16 GB,Poly String Tie Envelopes,1,0.0002,0.1667,75.89
Imation Swivel Flash Drive USB flash drive - 8 GB,"BIC Brite Liner Grip Highlighters, Assorted, 5/Pack",1,0.0002,0.5,417.42
Imation Swivel Flash Drive USB flash drive - 8 GB,"Eberhard Faber 3 1/2"" Golf Pencils",1,0.0002,0.5,357.79
Imation Swivel Flash Drive USB flash drive - 8 GB,Newell 35,1,0.0002,0.5,278.28
Imation USB 2.0 Swivel Flash Drive USB flash drive - 4 GB - Pink,ARKON Windshield Dashboard Air Vent Car Mount Holder,1,0.0002,0.3333,417.42
Imation USB 2.0 Swivel Flash Drive USB flash drive - 4 GB - Pink,Bagged Rubber Bands,1,0.0002,0.3333,333.93
Imation USB 2.0 Swivel Flash Drive USB flash drive - 4 GB - Pink,"DAX Charcoal/Nickel-Tone Document Frame, 5 x 7",1,0.0002,0.3333,238.52
Imation USB 2.0 Swivel Flash Drive USB flash drive - 4 GB - Pink,Microsoft Sculpt Comfort Mouse,1,0.0002,0.3333,166.97
Imation USB 2.0 Swivel Flash Drive USB flash drive - 4 GB - Pink,Staples,1,0.0002,0.3333,7.52
"Important Message Pads, 50 4-1/4 x 5-1/2 Forms per Pad",Brother DCP1000 Digital 3 in 1 Multifunction Machine,1,0.0002,0.25,178.89
"Important Message Pads, 50 4-1/4 x 5-1/2 Forms per Pad",Great White Multi-Use Recycled Paper (20Lb. and 84 Bright),1,0.0002,0.25,156.53
"Important Message Pads, 50 4-1/4 x 5-1/2 Forms per Pad",Logitech G700s Rechargeable Gaming Mouse,1,0.0002,0.25,139.14
"Important Message Pads, 50 4-1/4 x 5-1/2 Forms per Pad",Office Star Flex Back Scooter Chair with White Frame,1,0.0002,0.25,178.89
"Important Message Pads, 50 4-1/4 x 5-1/2 Forms per Pad",Plantronics MX500i Earset,1,0.0002,0.25,178.89
"Ink Jet Note and Greeting Cards, 8-1/2"" x 5-1/2"" Card Size",OIC Bulk Pack Metal Binder Clips,1,0.0002,0.3333,208.71
"Ink Jet Note and Greeting Cards, 8-1/2"" x 5-1/2"" Card Size","Ativa D5772 2-Line 5.8GHz Digital Expandable Corded/Cordless Phone System with Answering & Caller ID/Call Waiting, Black/Silver",1,0.0002,0.3333,417.42
"Ink Jet Note and Greeting Cards, 8-1/2"" x 5-1/2"" Card Size","Gould Plastics 18-Pocket Panel Bin, 34w x 5-1/4d x 20-1/2h",1,0.0002,0.3333,166.97
"Ink Jet Note and Greeting Cards, 8-1/2"" x 5-1/2"" Card Size","Personal Filing Tote with Lid, Black/Gray",1,0.0002,0.3333,208.71
"Ink Jet Note and Greeting Cards, 8-1/2"" x 5-1/2"" Card Size","Tyvek Interoffice Envelopes, 9 1/2"" x 12 1/2"", 100/Box",1,0.0002,0.3333,333.93
Innergie mMini Combo Duo USB Travel Charging Kit,Airmail Envelopes,1,0.0002,0.1667,139.14
Innergie mMini Combo Duo USB Travel Charging Kit,"Global Stack Chair without Arms, Black",1,0.0002,0.1667,119.26
Innergie mMini Combo Duo USB Travel Charging Kit,"Adams Telephone Message Books, 5 1/4 x 11",1,0.0002,0.1667,166.97
Innergie mMini Combo Duo USB Travel Charging Kit,Bestar Classic Bookcase,1,0.0002,0.1667,104.35
Innergie mMini Combo Duo USB Travel Charging Kit,BlackBerry Q10,1,0.0002,0.1667,139.14
Insertable Tab Indexes For Data Binders,"Cardinal Slant-D Ring Binder, Heavy Gauge Vinyl",1,0.0002,0.2,100.18
Insertable Tab Indexes For Data Binders,Wilson Jones Custom Binder Spines & Labels,1,0.0002,0.2,143.11
Insertable Tab Indexes For Data Binders,Smead Alpha-Z Color-Coded Name Labels First Letter Starter Set,1,0.0002,0.2,200.36
Insertable Tab Indexes For Data Binders,Hon Non-Folding Utility Tables,1,0.0002,0.2,200.36
Insertable Tab Indexes For Data Binders,"TOPS Carbonless Receipt Book, Four 2-3/4 x 7-1/4 Money Receipts per Page",1,0.0002,0.2,250.45
Insertable Tab Post Binder Dividers,GBC VeloBinder Manual Binding System,2,0.000399,0.25,156.53
Insertable Tab Post Binder Dividers,"Eldon Expressions Desk Accessory, Wood Photo Frame, Mahogany",1,0.0002,0.125,104.35
Insertable Tab Post Binder Dividers,"Hot File 7-Pocket, Floor Stand",1,0.0002,0.125,48.16
Insertable Tab Post Binder Dividers,Xerox 1889,1,0.0002,0.125,208.71
Insertable Tab Post Binder Dividers,"SAFCO Mobile Desk Side File, Wire Frame",1,0.0002,0.125,78.27
"Inter-Office Recycled Envelopes, Brown Kraft, Button-String,10"" x 13"" , 100/Box",Acco 6 Outlet Guardian Basic Surge Suppressor,1,0.0002,0.3333,834.83
"Inter-Office Recycled Envelopes, Brown Kraft, Button-String,10"" x 13"" , 100/Box",Acco Economy Flexible Poly Round Ring Binder,1,0.0002,0.3333,417.42
"Inter-Office Recycled Envelopes, Brown Kraft, Button-String,10"" x 13"" , 100/Box",Hon Every-Day Series Multi-Task Chairs,1,0.0002,0.3333,166.97
"Inter-Office Recycled Envelopes, Brown Kraft, Button-String,10"" x 13"" , 100/Box","Global Leather Task Chair, Black",1,0.0002,0.3333,208.71
"Inter-Office Recycled Envelopes, Brown Kraft, Button-String,10"" x 13"" , 100/Box","Atlantic Metals Mobile 5-Shelf Bookcases, Custom Colors",1,0.0002,0.3333,208.71
"Iris 3-Drawer Stacking Bin, Black",Logitech G602 Wireless Gaming Mouse,1,0.0002,0.3333,185.52
"Iris 3-Drawer Stacking Bin, Black",Fellowes Officeware Wire Shelving,1,0.0002,0.3333,151.79
"Iris 3-Drawer Stacking Bin, Black",Panasonic Business Telephones KX-T7736,1,0.0002,0.3333,1669.67
Iris Project Case,Global Enterprise Series Seating High-Back Swivel/Tilt Chairs,1,0.0002,0.1667,208.71
Iris Project Case,"C-Line Cubicle Keepers Polyproplyene Holder w/Velcro Back, 8-1/2x11, 25/Bx",1,0.0002,0.1667,208.71
Iris Project Case,Safco Industrial Wire Shelving System,1,0.0002,0.1667,104.35
Iris Project Case,Xerox 1996,1,0.0002,0.1667,104.35
Iris Project Case,O'Sullivan Plantations 2-Door Library in Landvery Oak,1,0.0002,0.1667,166.97
"It's Hot Message Books with Stickers, 2 3/4"" x 5""",Imation 32GB Pocket Pro USB 3.0 Flash Drive - 32 GB - Black - 1 P ...,1,0.0002,0.1667,166.97
"It's Hot Message Books with Stickers, 2 3/4"" x 5""",Imation Clip USB flash drive - 8 GB,1,0.0002,0.1667,119.26
"It's Hot Message Books with Stickers, 2 3/4"" x 5""",Recycled Pressboard Report Cover with Reinforced Top Hinge,1,0.0002,0.1667,104.35
"It's Hot Message Books with Stickers, 2 3/4"" x 5""",Xerox 214,1,0.0002,0.1667,92.76
"It's Hot Message Books with Stickers, 2 3/4"" x 5""",Aastra 57i VoIP phone,1,0.0002,0.1667,119.26
JBL Micro Wireless Portable Bluetooth Speaker,BIC Brite Liner Highlighters,1,0.0002,0.1667,119.26
JBL Micro Wireless Portable Bluetooth Speaker,Kensington 7 Outlet MasterPiece Power Center,1,0.0002,0.1667,166.97
JBL Micro Wireless Portable Bluetooth Speaker,Lexmark MX611dhe Monochrome Laser Printer,1,0.0002,0.1667,208.71
JBL Micro Wireless Portable Bluetooth Speaker,SAFCO Arco Folding Chair,1,0.0002,0.1667,64.22
JBL Micro Wireless Portable Bluetooth Speaker,Sanford Liquid Accent Highlighters,1,0.0002,0.1667,166.97
JM Magazine Binder,Cisco SPA301,1,0.0002,0.1667,92.76
JM Magazine Binder,"Seth Thomas 8 1/2"" Cubicle Clock",1,0.0002,0.1667,208.71
JM Magazine Binder,Tennsco Double-Tier Lockers,1,0.0002,0.1667,69.57
JM Magazine Binder,Wilson Jones International Size A4 Ring Binders,1,0.0002,0.1667,119.26
JM Magazine Binder,Sanyo 2.5 Cubic Foot Mid-Size Office Refrigerators,1,0.0002,0.1667,208.71
Jabra BIZ 2300 Duo QD Duo Corded Headset,Bretford CR4500 Series Slim Rectangular Table,1,0.0002,0.25,156.53
Jabra BIZ 2300 Duo QD Duo Corded Headset,Computer Printout Paper with Letter-Trim Perforations,1,0.0002,0.25,178.89
Jabra BIZ 2300 Duo QD Duo Corded Headset,"Global Leather Highback Executive Chair with Pneumatic Height Adjustment, Black",1,0.0002,0.25,125.22
Jabra BIZ 2300 Duo QD Duo Corded Headset,Belkin 7 Outlet SurgeMaster Surge Protector with Phone Protection,1,0.0002,0.25,1252.25
Jabra BIZ 2300 Duo QD Duo Corded Headset,AT&T SB67148 SynJ,1,0.0002,0.25,417.42
Jabra SPEAK 410,Recycled Steel Personal File for Standard File Folders,1,0.0002,0.1111,139.14
Jabra SPEAK 410,Avery White Multi-Purpose Labels,1,0.0002,0.1111,139.14
Jabra SPEAK 410,"Eldon Expressions Punched Metal & Wood Desk Accessories, Pewter & Cherry",1,0.0002,0.1111,185.52
Jabra SPEAK 410,Luxo Economy Swing Arm Lamp,1,0.0002,0.1111,111.31
Jabra SPEAK 410,Memorex Froggy Flash Drive 4 GB,1,0.0002,0.1111,111.31
Jabra SPEAK 410 Multidevice Speakerphone,Xerox 1921,1,0.0002,0.3333,556.56
Jabra SPEAK 410 Multidevice Speakerphone,Newell 320,1,0.0002,0.3333,238.52
Jabra SPEAK 410 Multidevice Speakerphone,Storex Dura Pro Binders,1,0.0002,0.3333,98.22
Jabra Supreme Plus Driver Edition Headset,AT&T SB67148 SynJ,1,0.0002,0.2,333.93
Jabra Supreme Plus Driver Edition Headset,"Eldon Base for stackable storage shelf, platinum",1,0.0002,0.2,143.11
Jabra Supreme Plus Driver Edition Headset,Ibico EB-19 Dual Function Manual Binding System,1,0.0002,0.2,125.22
Jabra Supreme Plus Driver Edition Headset,Xerox 23,1,0.0002,0.2,166.97
Jabra Supreme Plus Driver Edition Headset,Avery 491,1,0.0002,0.2,333.93
Jackery Bar Premium Fast-charging Portable Charger,Avery Hidden Tab Dividers for Binding Systems,1,0.0002,0.25,178.89
Jackery Bar Premium Fast-charging Portable Charger,Xerox 225,1,0.0002,0.25,139.14
Jackery Bar Premium Fast-charging Portable Charger,"O'Sullivan Elevations Bookcase, Cherry Finish",1,0.0002,0.25,250.45
Jawbone JAMBOX Wireless Bluetooth Speaker,Xerox 1895,1,0.0002,0.3333,238.52
Jawbone JAMBOX Wireless Bluetooth Speaker,OIC Stacking Trays,1,0.0002,0.3333,278.28
Jawbone MINI JAMBOX Wireless Bluetooth Speaker,Cisco Unified IP Phone 7945G VoIP phone,1,0.0002,0.2,166.97
Jawbone MINI JAMBOX Wireless Bluetooth Speaker,Office Impressions Heavy Duty Welded Shelving & Multimedia Storage Drawers,1,0.0002,0.2,200.36
Jawbone MINI JAMBOX Wireless Bluetooth Speaker,Xerox 2,1,0.0002,0.2,111.31
Jawbone MINI JAMBOX Wireless Bluetooth Speaker,"ACCOHIDE 3-Ring Binder, Blue, 1""",1,0.0002,0.2,77.06
Jawbone MINI JAMBOX Wireless Bluetooth Speaker,Logitech K350 2.4Ghz Wireless Keyboard,1,0.0002,0.2,200.36
Jensen SMPS-640 - speaker phone,"Master Caster Door Stop, Large Brown",1,0.0002,0.25,417.42
Jensen SMPS-640 - speaker phone,Tyvek Side-Opening Peel & Seel Expanding Envelopes,1,0.0002,0.25,250.45
Jensen SMPS-640 - speaker phone,Chromcraft Round Conference Tables,1,0.0002,0.25,96.33
Jensen SMPS-640 - speaker phone,"Executive Impressions 14""",1,0.0002,0.25,313.06
Jensen SMPS-640 - speaker phone,Honeywell Enviracaire Portable HEPA Air Cleaner for 17' x 22' Room,1,0.0002,0.25,156.53
Jet-Pak Recycled Peel 'N' Seal Padded Mailers,"Avery 4027 File Folder Labels for Dot Matrix Printers, 5000 Labels per Box, White",1,0.0002,0.25,113.84
Jet-Pak Recycled Peel 'N' Seal Padded Mailers,Avery 490,1,0.0002,0.25,250.45
Jet-Pak Recycled Peel 'N' Seal Padded Mailers,"Binney & Smith Crayola Metallic Crayons, 16-Color Pack",1,0.0002,0.25,626.12
Jet-Pak Recycled Peel 'N' Seal Padded Mailers,"Boston School Pro Electric Pencil Sharpener, 1670",1,0.0002,0.25,178.89
Jet-Pak Recycled Peel 'N' Seal Padded Mailers,GBC Linen Binding Covers,1,0.0002,0.25,208.71
Jiffy Padded Mailers with Self-Seal Closure,Balt Solid Wood Rectangular Table,1,0.0002,1.0,1252.25
Jiffy Padded Mailers with Self-Seal Closure,GBC DocuBind 200 Manual Binding Machine,1,0.0002,1.0,1252.25
KI Adjustable-Height Table,Staples,3,0.000599,0.1667,3.76
KI Adjustable-Height Table,Toshiba IPT2010-SD IP Telephone,2,0.000399,0.1111,69.57
KI Adjustable-Height Table,"SAFCO Commercial Wire Shelving, 72h",1,0.0002,0.0556,55.66
KI Adjustable-Height Table,Sony Micro Vault Click 16 GB USB 2.0 Flash Drive,1,0.0002,0.0556,30.92
KI Adjustable-Height Table,Akro-Mils 12-Gallon Tote,1,0.0002,0.0556,69.57
KI Conference Tables,Fellowes Officeware Wire Shelving,1,0.0002,0.125,56.92
KI Conference Tables,Xerox 1999,1,0.0002,0.125,89.45
KI Conference Tables,Xerox 2,1,0.0002,0.125,69.57
KI Conference Tables,"Acco Clips to Go Binder Clips, 24 Clips in Two Sizes",1,0.0002,0.125,125.22
KI Conference Tables,Artistic Insta-Plaque,1,0.0002,0.125,208.71
KLD Oscar II Style Snap-on Ultra Thin Side Flip Synthetic Leather Cover Case for HTC One HTC M7,Belkin 6 Outlet Metallic Surge Strip,1,0.0002,0.3333,185.52
KLD Oscar II Style Snap-on Ultra Thin Side Flip Synthetic Leather Cover Case for HTC One HTC M7,Logitech G19 Programmable Gaming Keyboard,1,0.0002,0.3333,208.71
KLD Oscar II Style Snap-on Ultra Thin Side Flip Synthetic Leather Cover Case for HTC One HTC M7,Staples,1,0.0002,0.3333,7.52
KLD Oscar II Style Snap-on Ultra Thin Side Flip Synthetic Leather Cover Case for HTC One HTC M7,Artistic Insta-Plaque,1,0.0002,0.3333,556.56
KLD Oscar II Style Snap-on Ultra Thin Side Flip Synthetic Leather Cover Case for HTC One HTC M7,"Companion Letter/Legal File, Black",1,0.0002,0.3333,333.93
Kensington 4 Outlet MasterPiece Compact Power Control Center,Maxell 4.7GB DVD-R,1,0.0002,0.1429,65.05
Kensington 4 Outlet MasterPiece Compact Power Control Center,OtterBox Commuter Series Case - iPhone 5 & 5s,1,0.0002,0.1429,178.89
Kensington 4 Outlet MasterPiece Compact Power Control Center,Acco Hanging Data Binders,1,0.0002,0.1429,102.22
Kensington 4 Outlet MasterPiece Compact Power Control Center,"Chromcraft 48"" x 96"" Racetrack Double Pedestal Table",1,0.0002,0.1429,119.26
Kensington 4 Outlet MasterPiece Compact Power Control Center,Bose SoundLink Bluetooth Speaker,1,0.0002,0.1429,143.11
Kensington 6 Outlet Guardian Standard Surge Protector,"Dana Fluorescent Magnifying Lamp, White, 36""",1,0.0002,0.1667,208.71
Kensington 6 Outlet Guardian Standard Surge Protector,GuestStacker Chair with Chrome Finish Legs,1,0.0002,0.1667,104.35
Kensington 6 Outlet Guardian Standard Surge Protector,Toshiba IPT2010-SD IP Telephone,1,0.0002,0.1667,104.35
Kensington 6 Outlet Guardian Standard Surge Protector,Xerox 1908,1,0.0002,0.1667,119.26
Kensington 6 Outlet Guardian Standard Surge Protector,Xerox 1924,1,0.0002,0.1667,208.71
Kensington 6 Outlet MasterPiece HOMEOFFICE Power Control Center,GuestStacker Chair with Chrome Finish Legs,1,0.0002,0.5,313.06
Kensington 6 Outlet MasterPiece HOMEOFFICE Power Control Center,"Tenex Traditional Chairmats for Medium Pile Carpet, Standard Lip, 36"" x 48""",1,0.0002,0.5,417.42
Kensington 6 Outlet MasterPiece HOMEOFFICE Power Control Center,"Acco Data Flex Cable Posts For Top & Bottom Load Binders, 6"" Capacity",1,0.0002,0.5,250.45
Kensington 6 Outlet MasterPiece HOMEOFFICE Power Control Center,Avery Durable Binders,1,0.0002,0.5,208.71
Kensington 6 Outlet MasterPiece HOMEOFFICE Power Control Center,Xerox 1959,1,0.0002,0.5,417.42
Kensington 6 Outlet SmartSocket Surge Protector,"Cardinal HOLDit! Binder Insert Strips,Extra Strips",1,0.0002,0.5,278.28
Kensington 6 Outlet SmartSocket Surge Protector,Cardinal Hold-It CD Pocket,1,0.0002,0.5,626.12
Kensington 6 Outlet SmartSocket Surge Protector,"Eldon Spacemaker Box, Quick-Snap Lid, Clear",1,0.0002,0.5,417.42
Kensington 6 Outlet SmartSocket Surge Protector,Storex DuraTech Recycled Plastic Frosted Binders,1,0.0002,0.5,313.06
Kensington 7 Outlet MasterPiece HOMEOFFICE Power Control Center,Imation Clip USB flash drive - 8 GB,1,0.0002,0.2,143.11
Kensington 7 Outlet MasterPiece HOMEOFFICE Power Control Center,Okidata C331dn Printer,1,0.0002,0.2,200.36
Kensington 7 Outlet MasterPiece HOMEOFFICE Power Control Center,"Wilson Jones Hanging View Binder, White, 1""",1,0.0002,0.2,143.11
Kensington 7 Outlet MasterPiece HOMEOFFICE Power Control Center,Xerox 1991,1,0.0002,0.2,166.97
Kensington 7 Outlet MasterPiece HOMEOFFICE Power Control Center,Office Star - Contemporary Swivel Chair with Padded Adjustable Arms and Flex Back,1,0.0002,0.2,143.11
Kensington 7 Outlet MasterPiece Power Center,BIC Brite Liner Highlighters,1,0.0002,0.2,143.11
Kensington 7 Outlet MasterPiece Power Center,JBL Micro Wireless Portable Bluetooth Speaker,1,0.0002,0.2,166.97
Kensington 7 Outlet MasterPiece Power Center,Lexmark MX611dhe Monochrome Laser Printer,1,0.0002,0.2,250.45
Kensington 7 Outlet MasterPiece Power Center,SAFCO Arco Folding Chair,1,0.0002,0.2,77.06
Kensington 7 Outlet MasterPiece Power Center,Sanford Liquid Accent Highlighters,1,0.0002,0.2,200.36
Kensington 7 Outlet MasterPiece Power Center with Fax/Phone Line Protection,Fellowes PB500 Electric Punch Plastic Comb Binding Machine with Manual Bind,1,0.0002,0.25,125.22
Kensington Expert Mouse Optical USB Trackball for PC or Mac,Cameo Buff Policy Envelopes,1,0.0002,0.1667,104.35
Kensington Expert Mouse Optical USB Trackball for PC or Mac,Tops Wirebound Message Log Books,1,0.0002,0.1667,139.14
Kensington Expert Mouse Optical USB Trackball for PC or Mac,"Master Caster Door Stop, Gray",1,0.0002,0.1667,208.71
Kensington Expert Mouse Optical USB Trackball for PC or Mac,Samsung HM1900 Bluetooth Headset,1,0.0002,0.1667,119.26
Kensington Expert Mouse Optical USB Trackball for PC or Mac,"Square Ring Data Binders, Rigid 75 Pt. Covers, 11"" x 14-7/8""",1,0.0002,0.1667,119.26
Kensington K72356US Mouse-in-a-Box USB Desktop Mouse,Avery 50,1,0.0002,0.1667,166.97
Kensington K72356US Mouse-in-a-Box USB Desktop Mouse,Global Deluxe High-Back Office Chair in Storm,1,0.0002,0.1667,278.28
Kensington K72356US Mouse-in-a-Box USB Desktop Mouse,Honeywell Enviracaire Portable HEPA Air Cleaner for 16' x 20' Room,1,0.0002,0.1667,278.28
Kensington K72356US Mouse-in-a-Box USB Desktop Mouse,Fellowes Stor/Drawer Steel Plus Storage Drawers,1,0.0002,0.1667,104.35
Kensington K72356US Mouse-in-a-Box USB Desktop Mouse,"Padded Folding Chairs, Black, 4/Carton",1,0.0002,0.1667,104.35
Kensington Orbit Wireless Mobile Trackball for PC and Mac,GBC DocuBind P400 Electric Binding System,1,0.0002,0.2,166.97
Kensington Orbit Wireless Mobile Trackball for PC and Mac,Global Chrome Stack Chair,1,0.0002,0.2,166.97
Kensington Orbit Wireless Mobile Trackball for PC and Mac,Petty Cash Envelope,1,0.0002,0.2,333.93
Kensington SlimBlade Notebook Wireless Mouse with Nano Receiver ,Coloredge Poster Frame,1,0.0002,0.25,208.71
Kensington SlimBlade Notebook Wireless Mouse with Nano Receiver ,"Atlantic Metals Mobile 5-Shelf Bookcases, Custom Colors",1,0.0002,0.25,156.53
Kensington SlimBlade Notebook Wireless Mouse with Nano Receiver ,Global Deluxe High-Back Manager's Chair,1,0.0002,0.25,156.53
Kensington SlimBlade Notebook Wireless Mouse with Nano Receiver ,"Global Leather & Oak Executive Chair, Burgundy",1,0.0002,0.25,250.45
Kensington SlimBlade Notebook Wireless Mouse with Nano Receiver ,Fellowes Black Plastic Comb Bindings,1,0.0002,0.25,139.14
KeyTronic E03601U1 - Keyboard - Beige,"Acco Pressboard Covers with Storage Hooks, 9 1/2"" x 11"", Executive Red",1,0.0002,0.1667,92.76
KeyTronic E03601U1 - Keyboard - Beige,Assorted Color Push Pins,1,0.0002,0.1667,104.35
KeyTronic E03601U1 - Keyboard - Beige,Bretford CR8500 Series Meeting Room Furniture,1,0.0002,0.1667,139.14
KeyTronic E03601U1 - Keyboard - Beige,Mobile Personal File Cube,1,0.0002,0.1667,166.97
KeyTronic E03601U1 - Keyboard - Beige,Harbour Creations 67200 Series Stacking Chairs,1,0.0002,0.1667,104.35
KeyTronic KT400U2 - Keyboard - Black,Avery 52,1,0.0002,0.3333,278.28
KeyTronic KT400U2 - Keyboard - Black,Avery 520,1,0.0002,0.3333,333.93
KeyTronic KT400U2 - Keyboard - Black,Bretford CR4500 Series Slim Rectangular Table,1,0.0002,0.3333,208.71
KeyTronic KT400U2 - Keyboard - Black,"Master Caster Door Stop, Brown",1,0.0002,0.3333,185.52
KeyTronic KT400U2 - Keyboard - Black,Southworth 25% Cotton Granite Paper & Envelopes,1,0.0002,0.3333,556.56
KeyTronic KT800P2 - Keyboard - Black,"Tenex Personal Self-Stacking Standard File Box, Black/Gray",1,0.0002,0.3333,333.93
KeyTronic KT800P2 - Keyboard - Black,Accohide Poly Flexible Ring Binders,1,0.0002,0.3333,208.71
KeyTronic KT800P2 - Keyboard - Black,Avery 494,1,0.0002,0.3333,278.28
KeyTronic KT800P2 - Keyboard - Black,Newell 348,1,0.0002,0.3333,278.28
KeyTronic KT800P2 - Keyboard - Black,Wilson Jones Impact Binders,1,0.0002,0.3333,185.52
Kingston Digital DataTraveler 16GB USB 2.0,"Adams Telephone Message Book W/Dividers/Space For Phone Numbers, 5 1/4""X8 1/2"", 300/Messages",1,0.0002,0.0769,38.53
Kingston Digital DataTraveler 16GB USB 2.0,Bose SoundLink Bluetooth Speaker,1,0.0002,0.0769,77.06
Kingston Digital DataTraveler 16GB USB 2.0,Letter or Legal Size Expandable Poly String Tie Envelopes,1,0.0002,0.0769,96.33
Kingston Digital DataTraveler 16GB USB 2.0,Pyle PMP37LED,1,0.0002,0.0769,38.53
Kingston Digital DataTraveler 16GB USB 2.0,Staples,1,0.0002,0.0769,1.74
Kingston Digital DataTraveler 32GB USB 2.0,"Chromcraft Bull-Nose Wood Round Conference Table Top, Wood Base",1,0.0002,0.1429,119.26
Kingston Digital DataTraveler 32GB USB 2.0,"24 Capacity Maxi Data Binder Racks, Pearl",1,0.0002,0.1429,178.89
Kingston Digital DataTraveler 32GB USB 2.0,"Global Push Button Manager's Chair, Indigo",1,0.0002,0.1429,79.51
Kingston Digital DataTraveler 32GB USB 2.0,Tennsco Single-Tier Lockers,1,0.0002,0.1429,89.45
Kingston Digital DataTraveler 32GB USB 2.0,Nokia Lumia 925,1,0.0002,0.1429,238.52
Kingston Digital DataTraveler 64GB USB 2.0,Hewlett-Packard Desktjet 6988DT Refurbished Printer,1,0.0002,0.5,2504.5
Kingston Digital DataTraveler 64GB USB 2.0,Wilson Jones Easy Flow II Sheet Lifters,1,0.0002,0.5,208.71
Kingston Digital DataTraveler 8GB USB 2.0,"RSVP Cards & Envelopes, Blank White, 8-1/2"" X 11"", 24 Cards/25 Envelopes/Set",1,0.0002,0.3333,278.28
Kingston Digital DataTraveler 8GB USB 2.0,Acme Office Executive Series Stainless Steel Trimmers,1,0.0002,0.3333,238.52
Kingston Digital DataTraveler 8GB USB 2.0,Belkin 6 Outlet Metallic Surge Strip,1,0.0002,0.3333,185.52
Kleencut Forged Office Shears by Acme United Corporation,Bush Advantage Collection Racetrack Conference Table,1,0.0002,0.5,357.79
Kleencut Forged Office Shears by Acme United Corporation,HON 5400 Series Task Chairs for Big and Tall,1,0.0002,0.5,313.06
Kleencut Forged Office Shears by Acme United Corporation,Cardinal Holdit Business Card Pockets,1,0.0002,0.5,313.06
Konftel 250 Conference phone - Charcoal black,Belkin F5C206VTEL 6 Outlet Surge,1,0.0002,0.25,178.89
Konftel 250 Conference phone - Charcoal black,Chromcraft Rectangular Conference Tables,1,0.0002,0.25,139.14
Konftel 250 Conference phone - Charcoal black,DXL Angle-View Binders with Locking Rings by Samsill,1,0.0002,0.25,125.22
Konftel 250 Conference phone - Charcoal black,"Eldon Expressions Wood and Plastic Desk Accessories, Cherry Wood",1,0.0002,0.25,250.45
Konftel 250 Conference phone - Charcoal black,Mitel 5320 IP Phone VoIP phone,1,0.0002,0.25,313.06
Konica Minolta magicolor 1690MF Multifunction Printer,"Fellowes Strictly Business Drawer File, Letter/Legal Size",1,0.0002,1.0,715.57
"LF Elite 3D Dazzle Designer Hard Case Cover, Lf Stylus Pen and Wiper For Apple Iphone 5c Mini Lite","Strathmore #10 Envelopes, Ultimate White",1,0.0002,0.125,156.53
"LF Elite 3D Dazzle Designer Hard Case Cover, Lf Stylus Pen and Wiper For Apple Iphone 5c Mini Lite","Holmes Replacement Filter for HEPA Air Cleaner, Very Large Room, HEPA Filter",1,0.0002,0.125,62.61
"LF Elite 3D Dazzle Designer Hard Case Cover, Lf Stylus Pen and Wiper For Apple Iphone 5c Mini Lite",Logitech Trackman Marble Mouse,1,0.0002,0.125,69.57
"LF Elite 3D Dazzle Designer Hard Case Cover, Lf Stylus Pen and Wiper For Apple Iphone 5c Mini Lite",Airmail Envelopes,1,0.0002,0.125,104.35
"LF Elite 3D Dazzle Designer Hard Case Cover, Lf Stylus Pen and Wiper For Apple Iphone 5c Mini Lite",Imation 8gb Micro Traveldrive Usb 2.0 Flash Drive,1,0.0002,0.125,78.27
LG Electronics Tone+ HBS-730 Bluetooth Headset,Anker 24W Portable Micro USB Car Charger,1,0.0002,0.25,626.12
LG Electronics Tone+ HBS-730 Bluetooth Headset,"BIC Brite Liner Highlighters, Chisel Tip",1,0.0002,0.25,208.71
LG Electronics Tone+ HBS-730 Bluetooth Headset,GE 30524EE4,1,0.0002,0.25,139.14
LG Electronics Tone+ HBS-730 Bluetooth Headset,SanDisk Cruzer 4 GB USB Flash Drive,1,0.0002,0.25,626.12
LG Electronics Tone+ HBS-730 Bluetooth Headset,Panasonic KX - TS880B Telephone,1,0.0002,0.25,417.42
LG Exalt,"Chromcraft 48"" x 96"" Racetrack Double Pedestal Table",1,0.0002,0.3333,278.28
LG Exalt,Anker Ultra-Slim Mini Bluetooth 3.0 Wireless Keyboard,1,0.0002,0.3333,333.93
LG G2,Xerox 1952,1,0.0002,1.0,1252.25
LG G3,Anker Ultra-Slim Mini Bluetooth 3.0 Wireless Keyboard,1,0.0002,0.25,250.45
LG G3,Cisco 9971 IP Video Phone Charcoal,1,0.0002,0.25,626.12
LG G3,"GBC Twin Loop Wire Binding Elements, 9/16"" Spine, Black",1,0.0002,0.25,139.14
LG G3,Microsoft Sculpt Comfort Mouse,1,0.0002,0.25,125.22
LG G3,Wilson Jones Heavy-Duty Casebound Ring Binders with Metal Hinges,1,0.0002,0.25,208.71
Laminate Occasional Tables,Logitech Wireless Headset H600 Over-The-Head Design,1,0.0002,0.3333,834.83
Laminate Occasional Tables,O'Sullivan Plantations 2-Door Library in Landvery Oak,1,0.0002,0.3333,333.93
Laminate Occasional Tables,Premium Transparent Presentation Covers by GBC,1,0.0002,0.3333,166.97
Laminate Occasional Tables,Storex Dura Pro Binders,1,0.0002,0.3333,98.22
Large Capacity Hanging Post Binders,"Black Print Carbonless 8 1/2"" x 8 1/4"" Rapid Memo Book",1,0.0002,0.2,250.45
Large Capacity Hanging Post Binders,Lunatik TT5L-002 Taktik Strike Impact Protection System for iPhone 5,1,0.0002,0.2,333.93
Large Capacity Hanging Post Binders,Panasonic KX T7736-B Digital phone,1,0.0002,0.2,200.36
Large Capacity Hanging Post Binders,Xerox 1893,1,0.0002,0.2,91.07
Large Capacity Hanging Post Binders,24-Hour Round Wall Clock,1,0.0002,0.2,166.97
Laser & Ink Jet Business Envelopes,C-Line Cubicle Keepers Polyproplyene Holder With Velcro Backings,1,0.0002,0.2,125.22
Laser & Ink Jet Business Envelopes,Magna Visual Magnetic Picture Hangers,1,0.0002,0.2,166.97
Laser & Ink Jet Business Envelopes,Portable Personal File Box,1,0.0002,0.2,166.97
Laser & Ink Jet Business Envelopes,Ibico Recycled Linen-Style Covers,1,0.0002,0.2,250.45
Laser & Ink Jet Business Envelopes,Kensington 7 Outlet MasterPiece HOMEOFFICE Power Control Center,1,0.0002,0.2,200.36
"Leather Task Chair, Black",Avery 494,1,0.0002,0.1667,139.14
"Leather Task Chair, Black",Advantus Plastic Paper Clips,1,0.0002,0.1667,83.48
"Leather Task Chair, Black",Binding Machine Supplies,1,0.0002,0.1667,92.76
"Leather Task Chair, Black","Fellowes Premier Superior Surge Suppressor, 10-Outlet, With Phone and Remote",1,0.0002,0.1667,119.26
"Leather Task Chair, Black","Howard Miller 13-3/4"" Diameter Brushed Chrome Round Wall Clock",1,0.0002,0.1667,92.76
Lenovo 17-Key USB Numeric Keypad,Accohide Poly Flexible Ring Binders,1,0.0002,0.2,125.22
Lenovo 17-Key USB Numeric Keypad,"ACCOHIDE 3-Ring Binder, Blue, 1""",1,0.0002,0.2,77.06
Lenovo 17-Key USB Numeric Keypad,Recycled Easel Ring Binders,1,0.0002,0.2,111.31
Lenovo 17-Key USB Numeric Keypad,"Tenex Personal Project File with Scoop Front Design, Black",1,0.0002,0.2,100.18
Lenovo 17-Key USB Numeric Keypad,Xerox 1910,1,0.0002,0.2,200.36
"Lesro Round Back Collection Coffee Table, End Table","Howard Miller 13-1/2"" Diameter Rosebrook Wall Clock",1,0.0002,0.125,125.22
"Lesro Round Back Collection Coffee Table, End Table","Contico 72""H Heavy-Duty Storage System",1,0.0002,0.125,125.22
"Lesro Round Back Collection Coffee Table, End Table",Acco Perma 4000 Stacking Storage Drawers,1,0.0002,0.125,56.92
"Lesro Round Back Collection Coffee Table, End Table","Belkin 325VA UPS Surge Protector, 6'",1,0.0002,0.125,156.53
"Lesro Round Back Collection Coffee Table, End Table","Elite 5"" Scissors",1,0.0002,0.125,89.45
"Lesro Sheffield Collection Coffee Table, End Table, Center Table, Corner Table","Advantus Employee of the Month Certificate Frame, 11 x 13-1/2",1,0.0002,0.1111,111.31
"Lesro Sheffield Collection Coffee Table, End Table, Center Table, Corner Table","Chromcraft Bull-Nose Wood Round Conference Table Top, Wood Base",1,0.0002,0.1111,92.76
"Lesro Sheffield Collection Coffee Table, End Table, Center Table, Corner Table",Logitech diNovo Edge Keyboard,1,0.0002,0.1111,111.31
"Lesro Sheffield Collection Coffee Table, End Table, Center Table, Corner Table",Xerox 191,1,0.0002,0.1111,55.66
"Lesro Sheffield Collection Coffee Table, End Table, Center Table, Corner Table",Tuf-Vin Binders,1,0.0002,0.1111,79.51
Letter Size Cart,HON 5400 Series Task Chairs for Big and Tall,1,0.0002,0.125,78.27
Letter Size Cart,Westinghouse Clip-On Gooseneck Lamps,1,0.0002,0.125,69.57
Letter Size Cart,"Contract Clock, 14"", Brown",1,0.0002,0.125,125.22
Letter Size Cart,Fellowes PB300 Plastic Comb Binding Machine,1,0.0002,0.125,104.35
Letter Size Cart,"Black Print Carbonless Snap-Off Rapid Letter, 8 1/2"" x 7""",1,0.0002,0.125,156.53
Letter Size File,Hewlett Packard LaserJet 3310 Copier,1,0.0002,0.5,313.06
Letter Size File,Ibico Plastic Spiral Binding Combs,1,0.0002,0.5,192.65
Letter Size File,Dexim XPower Skin Super-Thin Power Case for iPhone 5 - Black,1,0.0002,0.5,834.83
Letter Size File,Vinyl Sectional Post Binders,1,0.0002,0.5,227.68
Letter Slitter,Logitech Wireless Marathon Mouse M705,1,0.0002,0.5,313.06
Letter Slitter,"1.7 Cubic Foot Compact ""Cube"" Office Refrigerators",1,0.0002,0.5,417.42
Letter Slitter,Avery Non-Stick Binders,1,0.0002,0.5,125.22
Letter or Legal Size Expandable Poly String Tie Envelopes,"Adams Telephone Message Book W/Dividers/Space For Phone Numbers, 5 1/4""X8 1/2"", 300/Messages",1,0.0002,0.25,125.22
Letter or Legal Size Expandable Poly String Tie Envelopes,Bose SoundLink Bluetooth Speaker,1,0.0002,0.25,250.45
Letter or Legal Size Expandable Poly String Tie Envelopes,Kingston Digital DataTraveler 16GB USB 2.0,1,0.0002,0.25,96.33
Letter or Legal Size Expandable Poly String Tie Envelopes,Pyle PMP37LED,1,0.0002,0.25,125.22
Letter or Legal Size Expandable Poly String Tie Envelopes,Staples,1,0.0002,0.25,5.64
"Letter/Legal File Tote with Clear Snap-On Lid, Black Granite","Avery Framed View Binder, EZD Ring (Locking), Navy, 1 1/2""",1,0.0002,0.25,208.71
"Letter/Legal File Tote with Clear Snap-On Lid, Black Granite","Fellowes Twister Kit, Gray/Clear, 3/pkg",1,0.0002,0.25,125.22
"Letter/Legal File Tote with Clear Snap-On Lid, Black Granite",Maxell LTO Ultrium - 800 GB,1,0.0002,0.25,156.53
"Letter/Legal File Tote with Clear Snap-On Lid, Black Granite",Newell 325,1,0.0002,0.25,208.71
"Letter/Legal File Tote with Clear Snap-On Lid, Black Granite",Novimex Fabric Task Chair,1,0.0002,0.25,139.14
Lexmark 20R1285 X6650 Wireless All-in-One Printer,"Eldon 400 Class Desk Accessories, Black Carbon",1,0.0002,0.5,417.42
Lexmark 20R1285 X6650 Wireless All-in-One Printer,"SimpliFile Personal File, Black Granite, 15w x 6-15/16d x 11-1/4h",1,0.0002,0.5,313.06
Lexmark MX611dhe Monochrome Laser Printer,BIC Brite Liner Highlighters,1,0.0002,0.25,178.89
Lexmark MX611dhe Monochrome Laser Printer,JBL Micro Wireless Portable Bluetooth Speaker,1,0.0002,0.25,208.71
Lexmark MX611dhe Monochrome Laser Printer,Kensington 7 Outlet MasterPiece Power Center,1,0.0002,0.25,250.45
Lexmark MX611dhe Monochrome Laser Printer,SAFCO Arco Folding Chair,1,0.0002,0.25,96.33
Lexmark MX611dhe Monochrome Laser Printer,Sanford Liquid Accent Highlighters,1,0.0002,0.25,250.45
Lexmark MarkNet N8150 Wireless Print Server,3M Hangers With Command Adhesive,1,0.0002,0.5,313.06
Lexmark MarkNet N8150 Wireless Print Server,Aluminum Screw Posts,1,0.0002,0.5,227.68
Lexmark MarkNet N8150 Wireless Print Server,GBC Instant Report Kit,1,0.0002,0.5,192.65
Lexmark MarkNet N8150 Wireless Print Server,Office Star - Ergonomically Designed Knee Chair,1,0.0002,0.5,357.79
Lexmark MarkNet N8150 Wireless Print Server,Ricoh - Ink Collector Unit for GX3000 Series Printers,1,0.0002,0.5,834.83
Lexmark S315 Color Inkjet Printer,"Atlantic Metals Mobile 3-Shelf Bookcases, Custom Colors",1,0.0002,0.5,313.06
Lexmark S315 Color Inkjet Printer,GBC Prestige Therm-A-Bind Covers,1,0.0002,0.5,250.45
Lexmark S315 Color Inkjet Printer,Memorex Micro Travel Drive 32 GB,1,0.0002,0.5,500.9
Lexmark S315 Color Inkjet Printer,"Eldon Regeneration Recycled Desk Accessories, Black",1,0.0002,0.5,834.83
Lexmark S315 Color Inkjet Printer,OtterBox Commuter Series Case - iPhone 5 & 5s,1,0.0002,0.5,626.12
"Lifetime Advantage Folding Chairs, 4/Carton",ARKON Windshield Dashboard Air Vent Car Mount Holder,1,0.0002,0.1429,178.89
"Lifetime Advantage Folding Chairs, 4/Carton","Acco PRESSTEX Data Binder with Storage Hooks, Dark Blue, 14 7/8"" X 11""",1,0.0002,0.1429,102.22
"Lifetime Advantage Folding Chairs, 4/Carton",Balt Split Level Computer Training Table,1,0.0002,0.1429,143.11
"Lifetime Advantage Folding Chairs, 4/Carton",Newell 335,1,0.0002,0.1429,178.89
"Lifetime Advantage Folding Chairs, 4/Carton","Adams Telephone Message Book W/Dividers/Space For Phone Numbers, 5 1/4""X8 1/2"", 200/Messages",1,0.0002,0.1429,102.22
"Linden 10"" Round Wall Clock, Black",Cisco IP Phone 7961G VoIP phone - Dark gray,1,0.0002,0.1667,278.28
"Linden 10"" Round Wall Clock, Black",Ultra Door Push Plate,1,0.0002,0.1667,119.26
"Linden 10"" Round Wall Clock, Black",Panasonic KX MC6040 Color Laser Multifunction Printer,1,0.0002,0.1667,417.42
"Linden 10"" Round Wall Clock, Black",Sauder Inglewood Library Bookcases,1,0.0002,0.1667,166.97
"Linden 10"" Round Wall Clock, Black",Staples,1,0.0002,0.1667,3.76
"Linden 12"" Wall Clock With Oak Frame",Prang Drawing Pencil Set,1,0.0002,1.0,455.36
"Linden 12"" Wall Clock With Oak Frame",Xerox 1986,1,0.0002,1.0,1252.25
Lock-Up Easel 'Spel-Binder',2300 Heavy-Duty Transfer File Systems by Perma,1,0.0002,0.1429,178.89
Lock-Up Easel 'Spel-Binder',3M Replacement Filter for Office Air Cleaner for 20' x 33' Room,1,0.0002,0.1429,178.89
Lock-Up Easel 'Spel-Binder',GBC VeloBinder Electric Binding Machine,1,0.0002,0.1429,178.89
Lock-Up Easel 'Spel-Binder',Petty Cash Envelope,1,0.0002,0.1429,238.52
Lock-Up Easel 'Spel-Binder',SAFCO Boltless Steel Shelving,1,0.0002,0.1429,71.56
Logitech 910-002974 M325 Wireless Mouse for Web Scrolling,AT&T 1080 Corded phone,1,0.0002,0.0667,47.7
Logitech 910-002974 M325 Wireless Mouse for Web Scrolling,Acco Hanging Data Binders,1,0.0002,0.0667,47.7
Logitech 910-002974 M325 Wireless Mouse for Web Scrolling,Fashion Color Clasp Envelopes,1,0.0002,0.0667,111.31
Logitech 910-002974 M325 Wireless Mouse for Web Scrolling,"Plantronics CS 50-USB - headset - Convertible, Monaural",1,0.0002,0.0667,66.79
Logitech 910-002974 M325 Wireless Mouse for Web Scrolling,"Angle-D Binders with Locking Rings, Label Holders",1,0.0002,0.0667,33.39
"Logitech B530 USB Headset - headset - Full size, Binaural",Multicolor Computer Printout Paper,1,0.0002,0.1,100.18
"Logitech B530 USB Headset - headset - Full size, Binaural",Newell 322,1,0.0002,0.1,83.48
"Logitech B530 USB Headset - headset - Full size, Binaural",Space Solutions Commercial Steel Shelving,1,0.0002,0.1,71.56
"Logitech B530 USB Headset - headset - Full size, Binaural",DIXON Ticonderoga Erasable Checking Pencils,1,0.0002,0.1,71.56
"Logitech B530 USB Headset - headset - Full size, Binaural","Bevis Oval Conference Table, Walnut",1,0.0002,0.1,62.61
Logitech ClearChat Comfort/USB Headset H390,"GE General Purpose, Extra Long Life, Showcase & Floodlight Incandescent Bulbs",1,0.0002,0.1667,119.26
Logitech ClearChat Comfort/USB Headset H390,Newell 326,1,0.0002,0.1667,139.14
Logitech ClearChat Comfort/USB Headset H390,Newell 346,1,0.0002,0.1667,166.97
Logitech ClearChat Comfort/USB Headset H390,"Bevis Round Bullnose 29"" High Table Top",1,0.0002,0.1667,166.97
Logitech ClearChat Comfort/USB Headset H390,Crate-A-Files,1,0.0002,0.1667,119.26
Logitech Desktop MK120 Mouse and keyboard Combo,Belkin Premiere Surge Master II 8-outlet surge protector,1,0.0002,0.0833,59.63
Logitech Desktop MK120 Mouse and keyboard Combo,Akro Stacking Bins,1,0.0002,0.0833,69.57
Logitech Desktop MK120 Mouse and keyboard Combo,Boston KS Multi-Size Manual Pencil Sharpener,1,0.0002,0.0833,59.63
Logitech Desktop MK120 Mouse and keyboard Combo,Samsung Rugby III,1,0.0002,0.0833,52.18
Logitech Desktop MK120 Mouse and keyboard Combo,Insertable Tab Post Binder Dividers,1,0.0002,0.0833,52.18
Logitech G105 Gaming Keyboard,Convenience Packs of Business Envelopes,1,0.0002,0.2,166.97
Logitech G105 Gaming Keyboard,Hunt Boston Vacuum Mount KS Pencil Sharpener,1,0.0002,0.2,200.36
Logitech G105 Gaming Keyboard,Colored Push Pins,1,0.0002,0.2,200.36
Logitech G105 Gaming Keyboard,"Dixon My First Ticonderoga Pencil, #2",1,0.0002,0.2,250.45
Logitech G105 Gaming Keyboard,Logitech G19 Programmable Gaming Keyboard,1,0.0002,0.2,125.22
Logitech G13 Programmable Gameboard with LCD Display,Office Star Flex Back Scooter Chair with White Frame,1,0.0002,0.25,178.89
Logitech G13 Programmable Gameboard with LCD Display,Universal Premium White Copier/Laser Paper (20Lb. and 87 Bright),1,0.0002,0.25,250.45
Logitech G13 Programmable Gameboard with LCD Display,Xerox 212,1,0.0002,0.25,178.89
Logitech G13 Programmable Gameboard with LCD Display,"DAX Executive Solid Wood Document Frame, Desktop or Hang, Mahogany, 5 x 7",1,0.0002,0.25,250.45
Logitech G13 Programmable Gameboard with LCD Display,DIXON Ticonderoga Erasable Checking Pencils,1,0.0002,0.25,178.89
Logitech G19 Programmable Gaming Keyboard,Advantus Plastic Paper Clips,1,0.0002,0.125,62.61
Logitech G19 Programmable Gaming Keyboard,Belkin 6 Outlet Metallic Surge Strip,1,0.0002,0.125,69.57
Logitech G19 Programmable Gaming Keyboard,KLD Oscar II Style Snap-on Ultra Thin Side Flip Synthetic Leather Cover Case for HTC One HTC M7,1,0.0002,0.125,208.71
Logitech G19 Programmable Gaming Keyboard,Staples,1,0.0002,0.125,2.82
Logitech G19 Programmable Gaming Keyboard,"Ampad Evidence Wirebond Steno Books, 6"" x 9""",1,0.0002,0.125,156.53
Logitech G35 7.1-Channel Surround Sound Headset,Avery 486,2,0.000399,0.3333,185.52
Logitech G35 7.1-Channel Surround Sound Headset,Hon Non-Folding Utility Tables,1,0.0002,0.1667,166.97
Logitech G35 7.1-Channel Surround Sound Headset,"Rush Hierlooms Collection 1"" Thick Stackable Bookcases",1,0.0002,0.1667,208.71
Logitech G35 7.1-Channel Surround Sound Headset,"Tensor ""Hersey Kiss"" Styled Floor Lamp",1,0.0002,0.1667,278.28
Logitech G35 7.1-Channel Surround Sound Headset,Xerox 1884,1,0.0002,0.1667,104.35
Logitech G430 Surround Sound Gaming Headset with Dolby 7.1 Technology,Panasonic KX - TS880B Telephone,1,0.0002,0.25,417.42
Logitech G430 Surround Sound Gaming Headset with Dolby 7.1 Technology,First Data TMFD35 PIN Pad,1,0.0002,0.25,626.12
Logitech G430 Surround Sound Gaming Headset with Dolby 7.1 Technology,Newell 310,1,0.0002,0.25,178.89
Logitech G430 Surround Sound Gaming Headset with Dolby 7.1 Technology,"Adams Telephone Message Book W/Dividers/Space For Phone Numbers, 5 1/4""X8 1/2"", 200/Messages",1,0.0002,0.25,178.89
Logitech G430 Surround Sound Gaming Headset with Dolby 7.1 Technology,Space Solutions HD Industrial Steel Shelving.,1,0.0002,0.25,156.53
Logitech G500s Laser Gaming Mouse with Adjustable Weight Tuning,Premium Transparent Presentation Covers by GBC,1,0.0002,0.25,125.22
Logitech G500s Laser Gaming Mouse with Adjustable Weight Tuning,"Sanford Colorific Colored Pencils, 12/Box",1,0.0002,0.25,250.45
Logitech G500s Laser Gaming Mouse with Adjustable Weight Tuning,netTALK DUO VoIP Telephone Service,1,0.0002,0.25,178.89
Logitech G500s Laser Gaming Mouse with Adjustable Weight Tuning,Cisco IP Phone 7961G-GE VoIP phone,1,0.0002,0.25,313.06
Logitech G500s Laser Gaming Mouse with Adjustable Weight Tuning,Plantronics Voyager Pro Legend,1,0.0002,0.25,417.42
Logitech G600 MMO Gaming Mouse,Enermax Briskie RF Wireless Keyboard and Mouse Combo,1,0.0002,0.125,125.22
Logitech G600 MMO Gaming Mouse,Staples,1,0.0002,0.125,2.82
Logitech G600 MMO Gaming Mouse,Belkin 8 Outlet Surge Protector,1,0.0002,0.125,89.45
Logitech G600 MMO Gaming Mouse,Compact Automatic Electric Letter Opener,1,0.0002,0.125,78.27
Logitech G600 MMO Gaming Mouse,"TOPS Carbonless Receipt Book, Four 2-3/4 x 7-1/4 Money Receipts per Page",1,0.0002,0.125,156.53
Logitech G602 Wireless Gaming Mouse,"GE General Use Halogen Bulbs, 100 Watts, 1 Bulb per Pack",1,0.0002,0.1111,185.52
Logitech G602 Wireless Gaming Mouse,"Premium Writing Pencils, Soft, #2 by Central Association for the Blind",1,0.0002,0.1111,79.51
Logitech G602 Wireless Gaming Mouse,"Iris 3-Drawer Stacking Bin, Black",1,0.0002,0.1111,185.52
Logitech G602 Wireless Gaming Mouse,Global Super Steno Chair,1,0.0002,0.1111,79.51
Logitech G602 Wireless Gaming Mouse,"Permanent Self-Adhesive File Folder Labels for Typewriters, 1 1/8 x 3 1/2, White",1,0.0002,0.1111,92.76
Logitech G700s Rechargeable Gaming Mouse,3M Office Air Cleaner,1,0.0002,0.1111,278.28
Logitech G700s Rechargeable Gaming Mouse,Acco D-Ring Binder w/DublLock,1,0.0002,0.1111,61.84
Logitech G700s Rechargeable Gaming Mouse,"Important Message Pads, 50 4-1/4 x 5-1/2 Forms per Pad",1,0.0002,0.1111,139.14
Logitech G700s Rechargeable Gaming Mouse,Office Star Flex Back Scooter Chair with White Frame,1,0.0002,0.1111,79.51
Logitech G700s Rechargeable Gaming Mouse,Plantronics MX500i Earset,1,0.0002,0.1111,79.51
Logitech Illuminated Ultrathin Keyboard with Backlighting,Apple iPhone 5S,1,0.0002,1.0,1252.25
Logitech Illuminated Ultrathin Keyboard with Backlighting,Hon 2090 Pillow Soft Series Mid Back Swivel/Tilt Chairs,1,0.0002,1.0,834.83
Logitech Illuminated Ultrathin Keyboard with Backlighting,Tensor Computer Mounted Lamp,1,0.0002,1.0,626.12
Logitech K350 2.4Ghz Wireless Keyboard,"Angle-D Binders with Locking Rings, Label Holders",1,0.0002,0.2,100.18
Logitech K350 2.4Ghz Wireless Keyboard,Memorex Mini Travel Drive 64 GB USB 2.0 Flash Drive,1,0.0002,0.2,166.97
Logitech K350 2.4Ghz Wireless Keyboard,Plantronics Voyager Pro Legend,1,0.0002,0.2,333.93
Logitech K350 2.4Ghz Wireless Keyboard,"ACCOHIDE 3-Ring Binder, Blue, 1""",1,0.0002,0.2,77.06
Logitech K350 2.4Ghz Wireless Keyboard,Jawbone MINI JAMBOX Wireless Bluetooth Speaker,1,0.0002,0.2,200.36
Logitech Keyboard K120,"Green Canvas Binder for 8-1/2"" x 14"" Sheets",1,0.0002,0.3333,333.93
Logitech Keyboard K120,"Wilson Jones Elliptical Ring 3 1/2"" Capacity Binders, 800 sheets",1,0.0002,0.3333,208.71
Logitech Keyboard K120,Avery Personal Creations Heavyweight Cards,1,0.0002,0.3333,556.56
Logitech Keyboard K120,Bevis Rectangular Conference Tables,1,0.0002,0.3333,417.42
Logitech Keyboard K120,"Bush Westfield Collection Bookcases, Dark Cherry Finish",1,0.0002,0.3333,556.56
Logitech M510 Wireless Mouse,Boston 1645 Deluxe Heavier-Duty Electric Pencil Sharpener,1,0.0002,0.3333,238.52
Logitech M510 Wireless Mouse,Square Credit Card Reader,1,0.0002,0.3333,238.52
Logitech M510 Wireless Mouse,Avery 481,1,0.0002,0.3333,333.93
Logitech M510 Wireless Mouse,Storex Dura Pro Binders,1,0.0002,0.3333,98.22
Logitech M510 Wireless Mouse,iOttie XL Car Mount,1,0.0002,0.3333,834.83
Logitech Media Keyboard K200,24-Hour Round Wall Clock,1,0.0002,0.25,208.71
Logitech Media Keyboard K200,Anker Astro Mini 3000mAh Ultra-Compact Portable Charger,1,0.0002,0.25,313.06
Logitech Media Keyboard K200,Fellowes PB500 Electric Punch Plastic Comb Binding Machine with Manual Bind,1,0.0002,0.25,125.22
Logitech Media Keyboard K200,Hewlett Packard 610 Color Digital Copier / Printer,1,0.0002,0.25,178.89
Logitech Media Keyboard K200,Panasonic KP-380BK Classic Electric Pencil Sharpener,1,0.0002,0.25,208.71
Logitech Mobile Speakerphone P710e - speaker phone,Xerox 1987,1,0.0002,0.2,250.45
Logitech Mobile Speakerphone P710e - speaker phone,"Fellowes Twister Kit, Gray/Clear, 3/pkg",1,0.0002,0.2,100.18
Logitech Mobile Speakerphone P710e - speaker phone,"Executive Impressions 14"" Contract Wall Clock",1,0.0002,0.2,143.11
Logitech Mobile Speakerphone P710e - speaker phone,Hon GuestStacker Chair,1,0.0002,0.2,111.31
Logitech Mobile Speakerphone P710e - speaker phone,Staples,1,0.0002,0.2,4.51
Logitech Trackman Marble Mouse,Cisco IP Phone 7961G-GE VoIP phone,1,0.0002,0.1111,139.14
Logitech Trackman Marble Mouse,Coloredge Poster Frame,1,0.0002,0.1111,92.76
Logitech Trackman Marble Mouse,Xerox 206,1,0.0002,0.1111,111.31
Logitech Trackman Marble Mouse,"Deflect-o EconoMat Studded, No Bevel Mat for Low Pile Carpeting",1,0.0002,0.1111,61.84
Logitech Trackman Marble Mouse,"Tenex File Box, Personal Filing Tote with Lid, Black",1,0.0002,0.1111,79.51
Logitech Wireless Anywhere Mouse MX for PC and Mac,Logitech Z-906 Speaker sys - home theater - 5.1-CH,1,0.0002,0.3333,417.42
Logitech Wireless Anywhere Mouse MX for PC and Mac,Wilson Jones data.warehouse D-Ring Binders with DublLock,1,0.0002,0.3333,333.93
Logitech Wireless Anywhere Mouse MX for PC and Mac,"Acco Banker's Clasps, 5 3/4""-Long",1,0.0002,0.3333,333.93
Logitech Wireless Anywhere Mouse MX for PC and Mac,Logitech Wireless Gaming Headset G930,1,0.0002,0.3333,278.28
Logitech Wireless Anywhere Mouse MX for PC and Mac,Xerox 224,1,0.0002,0.3333,278.28
Logitech Wireless Gaming Headset G930,Acme Forged Steel Scissors with Black Enamel Handles,1,0.0002,0.1667,104.35
Logitech Wireless Gaming Headset G930,GBC Wire Binding Combs,1,0.0002,0.1667,119.26
Logitech Wireless Gaming Headset G930,Newell 345,1,0.0002,0.1667,92.76
Logitech Wireless Gaming Headset G930,Xerox 1891,1,0.0002,0.1667,119.26
Logitech Wireless Gaming Headset G930,Advantus SlideClip Paper Clips,1,0.0002,0.1667,278.28
Logitech Wireless Headset H600 Over-The-Head Design,OtterBox Commuter Series Case - iPhone 5 & 5s,1,0.0002,0.5,626.12
Logitech Wireless Headset H600 Over-The-Head Design,"SimpliFile Personal File, Black Granite, 15w x 6-15/16d x 11-1/4h",1,0.0002,0.5,313.06
Logitech Wireless Headset H600 Over-The-Head Design,Xerox 1885,1,0.0002,0.5,500.9
Logitech Wireless Headset H600 Over-The-Head Design,Xerox 230,1,0.0002,0.5,500.9
Logitech Wireless Headset H600 Over-The-Head Design,Laminate Occasional Tables,1,0.0002,0.5,834.83
Logitech Wireless Headset h800,Bevis 36 x 72 Conference Tables,1,0.0002,0.1667,104.35
Logitech Wireless Headset h800,Ibico Laser Imprintable Binding System Covers,1,0.0002,0.1667,104.35
Logitech Wireless Headset h800,Xerox 1981,1,0.0002,0.1667,208.71
Logitech Wireless Headset h800,Eldon Expressions Mahogany Wood Desk Collection,1,0.0002,0.1667,417.42
Logitech Wireless Headset h800,"Global Fabric Manager's Chair, Dark Gray",1,0.0002,0.1667,92.76
Logitech Wireless Marathon Mouse M705,Safco Commercial Shelving,1,0.0002,0.125,125.22
Logitech Wireless Marathon Mouse M705,Xerox 1966,1,0.0002,0.125,104.35
Logitech Wireless Marathon Mouse M705,Xerox 209,1,0.0002,0.125,125.22
Logitech Wireless Marathon Mouse M705,Staples,1,0.0002,0.125,2.82
Logitech Wireless Marathon Mouse M705,Letter Slitter,1,0.0002,0.125,313.06
Logitech Wireless Performance Mouse MX for PC and Mac,"24 Capacity Maxi Data Binder Racks, Pearl",1,0.0002,0.1429,178.89
Logitech Wireless Performance Mouse MX for PC and Mac,"Avery 4027 File Folder Labels for Dot Matrix Printers, 5000 Labels per Box, White",1,0.0002,0.1429,65.05
Logitech Wireless Performance Mouse MX for PC and Mac,Satellite Sectional Post Binders,1,0.0002,0.1429,65.05
Logitech Wireless Performance Mouse MX for PC and Mac,Wirebound Voice Message Log Book,1,0.0002,0.1429,357.79
Logitech Wireless Performance Mouse MX for PC and Mac,Plantronics HL10 Handset Lifter,1,0.0002,0.1429,238.52
Logitech Wireless Touch Keyboard K400,Avery 474,1,0.0002,0.3333,185.52
Logitech Wireless Touch Keyboard K400,Avery 517,1,0.0002,0.3333,417.42
Logitech Wireless Touch Keyboard K400,"Global Wood Trimmed Manager's Task Chair, Khaki",1,0.0002,0.3333,119.26
Logitech Wireless Touch Keyboard K400,"Rediform S.O.S. 1-Up Phone Message Bk, 4-1/4x3-1/16 Bk, 1 Form/Pg, 40 Messages/Bk, 3/Pk",1,0.0002,0.3333,333.93
Logitech Wireless Touch Keyboard K400,Stockwell Push Pins,1,0.0002,0.3333,208.71
Logitech diNovo Edge Keyboard,"Advantus Employee of the Month Certificate Frame, 11 x 13-1/2",1,0.0002,0.2,200.36
Logitech diNovo Edge Keyboard,"Chromcraft Bull-Nose Wood Round Conference Table Top, Wood Base",1,0.0002,0.2,166.97
Logitech diNovo Edge Keyboard,"Lesro Sheffield Collection Coffee Table, End Table, Center Table, Corner Table",1,0.0002,0.2,111.31
Logitech diNovo Edge Keyboard,Xerox 191,1,0.0002,0.2,100.18
Logitech diNovo Edge Keyboard,"ACCOHIDE 3-Ring Binder, Blue, 1""",1,0.0002,0.2,77.06
Logitech Gaming G510s - Keyboard,Avery Non-Stick Binders,1,0.0002,0.125,31.31
Logitech Gaming G510s - Keyboard,Colored Push Pins,1,0.0002,0.125,125.22
Logitech Gaming G510s - Keyboard,Xerox 1929,1,0.0002,0.125,156.53
Logitech Gaming G510s - Keyboard,GBC Linen Binding Covers,1,0.0002,0.125,104.35
Logitech Gaming G510s - Keyboard,Ibico Recycled Linen-Style Covers,1,0.0002,0.125,156.53
Logitech Illuminated - Keyboard,Digium D40 VoIP phone,1,0.0002,0.1667,92.76
Logitech Illuminated - Keyboard,KeyTronic E03601U1 - Keyboard - Beige,1,0.0002,0.1667,139.14
Logitech Illuminated - Keyboard,Tennsco Commercial Shelving,1,0.0002,0.1667,92.76
Logitech Illuminated - Keyboard,Acco Translucent Poly Ring Binders,1,0.0002,0.1667,104.35
Logitech Illuminated - Keyboard,Carina Double Wide Media Storage Towers in Natural & Black,1,0.0002,0.1667,69.57
Logitech LS21 Speaker System - PC Multimedia - 2.1-CH - Wired,Deflect-o DuraMat Antistatic Studded Beveled Mat for Medium Pile Carpeting,1,0.0002,0.1667,166.97
Logitech LS21 Speaker System - PC Multimedia - 2.1-CH - Wired,Fellowes Staxonsteel Drawer Files,1,0.0002,0.1667,119.26
Logitech LS21 Speaker System - PC Multimedia - 2.1-CH - Wired,Space Solutions Industrial Galvanized Steel Shelving.,1,0.0002,0.1667,278.28
Logitech LS21 Speaker System - PC Multimedia - 2.1-CH - Wired,"Adams Phone Message Book, 200 Message Capacity, 8 1/16 x 11",1,0.0002,0.1667,104.35
Logitech LS21 Speaker System - PC Multimedia - 2.1-CH - Wired,Advantus Push Pins,1,0.0002,0.1667,119.26
Logitech MX Performance Wireless Mouse,"Acco PRESSTEX Data Binder with Storage Hooks, Dark Blue, 9 1/2"" X 11""",1,0.0002,0.1429,178.89
Logitech MX Performance Wireless Mouse,"Logitech B530 USB Headset - headset - Full size, Binaural",1,0.0002,0.1429,71.56
Logitech MX Performance Wireless Mouse,Newell 337,1,0.0002,0.1429,357.79
Logitech MX Performance Wireless Mouse,Cardinal Slant-D Ring Binders,1,0.0002,0.1429,143.11
Logitech MX Performance Wireless Mouse,Hon 4070 Series Pagoda Round Back Stacking Chairs,1,0.0002,0.1429,102.22
Logitech P710e Mobile Speakerphone,Acme Box Cutter Scissors,1,0.0002,0.1111,92.76
Logitech P710e Mobile Speakerphone,Eldon 100 Class Desk Accessories,1,0.0002,0.1111,139.14
Logitech P710e Mobile Speakerphone,"Eldon Expressions Wood and Plastic Desk Accessories, Oak",1,0.0002,0.1111,111.31
Logitech P710e Mobile Speakerphone,SanDisk Cruzer 64 GB USB Flash Drive,1,0.0002,0.1111,61.84
Logitech P710e Mobile Speakerphone,"Wirebound Message Books, Two 4 1/4"" x 5"" Forms per Page",1,0.0002,0.1111,92.76
Logitech VX Revolution Cordless Laser Mouse for Notebooks (Black),Tennsco Industrial Shelving,2,0.000399,0.4,222.62
Logitech VX Revolution Cordless Laser Mouse for Notebooks (Black),AmazonBasics 3-Button USB Wired Mouse,1,0.0002,0.2,200.36
Logitech VX Revolution Cordless Laser Mouse for Notebooks (Black),Poly String Tie Envelopes,1,0.0002,0.2,91.07
Logitech VX Revolution Cordless Laser Mouse for Notebooks (Black),Micro Innovations USB RF Wireless Keyboard with Mouse,1,0.0002,0.2,166.97
Logitech VX Revolution Cordless Laser Mouse for Notebooks (Black),Avery 496,1,0.0002,0.2,250.45
"Logitech Wireless Boombox Speaker - portable - wireless, wired",Avery 501,1,0.0002,0.5,313.06
"Logitech Wireless Boombox Speaker - portable - wireless, wired","Avery Flip-Chart Easel Binder, Black",1,0.0002,0.5,626.12
"Logitech Wireless Boombox Speaker - portable - wireless, wired",Cisco 8x8 Inc. 6753i IP Business Phone System,1,0.0002,0.5,417.42
"Logitech Wireless Boombox Speaker - portable - wireless, wired",Crate-A-Files,1,0.0002,0.5,357.79
"Logitech Wireless Boombox Speaker - portable - wireless, wired",Document Clip Frames,1,0.0002,0.5,1252.25
Logitech Z-906 Speaker sys - home theater - 5.1-CH,Logitech Wireless Anywhere Mouse MX for PC and Mac,1,0.0002,0.25,417.42
Logitech Z-906 Speaker sys - home theater - 5.1-CH,3M Polarizing Light Filter Sleeves,1,0.0002,0.25,313.06
Logitech Z-906 Speaker sys - home theater - 5.1-CH,"Global Airflow Leather Mesh Back Chair, Black",1,0.0002,0.25,139.14
Longer-Life Soft White Bulbs,Razer Kraken 7.1 Surround Sound Over Ear USB Gaming Headset,1,0.0002,0.1,83.48
Longer-Life Soft White Bulbs,"Eldon Image Series Desk Accessories, Burgundy",1,0.0002,0.1,62.61
Longer-Life Soft White Bulbs,Woodgrain Magazine Files by Perma,1,0.0002,0.1,83.48
Longer-Life Soft White Bulbs,"Bevis Oval Conference Table, Walnut",1,0.0002,0.1,62.61
Longer-Life Soft White Bulbs,Xerox 1881,1,0.0002,0.1,45.54
Loose Memo Sheets,Aluminum Screw Posts,1,0.0002,0.5,227.68
Loose Memo Sheets,"Pressboard Covers with Storage Hooks, 9 1/2"" x 11"", Light Blue",1,0.0002,0.5,208.71
Loose Memo Sheets,"Tennsco Lockers, Sand",1,0.0002,0.5,500.9
Loose Memo Sheets,Rubber Band Ball,1,0.0002,0.5,626.12
Lumber Crayons,Avery Recycled Flexi-View Covers for Binding Systems,2,0.000399,0.3333,238.52
Lumber Crayons,"Chromcraft Bull-Nose Wood 48"" x 96"" Rectangular Conference Tables",1,0.0002,0.1667,139.14
Lumber Crayons,"Eldon Expressions Wood Desk Accessories, Oak",1,0.0002,0.1667,69.57
Lumber Crayons,Eldon Wave Desk Accessories,1,0.0002,0.1667,59.63
Lumber Crayons,GBC Recycled VeloBinder Covers,1,0.0002,0.1667,104.35
Lunatik TT5L-002 Taktik Strike Impact Protection System for iPhone 5,"Black Print Carbonless 8 1/2"" x 8 1/4"" Rapid Memo Book",1,0.0002,0.3333,417.42
Lunatik TT5L-002 Taktik Strike Impact Protection System for iPhone 5,Large Capacity Hanging Post Binders,1,0.0002,0.3333,333.93
Lunatik TT5L-002 Taktik Strike Impact Protection System for iPhone 5,Panasonic KX T7736-B Digital phone,1,0.0002,0.3333,333.93
Lunatik TT5L-002 Taktik Strike Impact Protection System for iPhone 5,Xerox 1893,1,0.0002,0.3333,151.79
Lunatik TT5L-002 Taktik Strike Impact Protection System for iPhone 5,"Global Stack Chair without Arms, Black",1,0.0002,0.3333,238.52
Luxo Adjustable Task Clamp Lamp,Advantus Panel Wall Certificate Holder - 8.5x11,1,0.0002,0.25,208.71
Luxo Adjustable Task Clamp Lamp,Wilson Jones Four-Pocket Poly Binders,1,0.0002,0.25,313.06
Luxo Adjustable Task Clamp Lamp,Dexim XPower Skin Super-Thin Power Case for iPhone 5 - Black,1,0.0002,0.25,417.42
Luxo Economy Swing Arm Lamp,DAX Natural Wood-Tone Poster Frame,1,0.0002,0.2,200.36
Luxo Economy Swing Arm Lamp,Avery White Multi-Purpose Labels,1,0.0002,0.2,250.45
Luxo Economy Swing Arm Lamp,"Eldon Expressions Punched Metal & Wood Desk Accessories, Pewter & Cherry",1,0.0002,0.2,333.93
Luxo Economy Swing Arm Lamp,Jabra SPEAK 410,1,0.0002,0.2,111.31
Luxo Economy Swing Arm Lamp,Memorex Froggy Flash Drive 4 GB,1,0.0002,0.2,200.36
Luxo Professional Combination Clamp-On Lamps,"Fellowes Mobile File Cart, Black",1,0.0002,0.2,100.18
Luxo Professional Combination Clamp-On Lamps,Star Micronics TSP800 TSP847IIU Receipt Printer,1,0.0002,0.2,500.9
Luxo Professional Combination Clamp-On Lamps,Stockwell Push Pins,1,0.0002,0.2,125.22
Luxo Professional Combination Clamp-On Lamps,Xerox 223,1,0.0002,0.2,333.93
Luxo Professional Combination Clamp-On Lamps,"Acco Six-Outlet Power Strip, 4' Cord Length",1,0.0002,0.2,111.31
Luxo Professional Fluorescent Magnifier Lamp with Clamp-Mount Base,Avery Durable Binders,1,0.0002,0.2,83.48
Luxo Professional Fluorescent Magnifier Lamp with Clamp-Mount Base,Belkin 8 Outlet Surge Protector,1,0.0002,0.2,143.11
Luxo Professional Fluorescent Magnifier Lamp with Clamp-Mount Base,Wilson Jones Turn Tabs Binder Tool for Ring Binders,1,0.0002,0.2,77.06
Luxo Professional Fluorescent Magnifier Lamp with Clamp-Mount Base,"Binney & Smith Crayola Metallic Colored Pencils, 8-Color Set",1,0.0002,0.2,143.11
Luxo Professional Fluorescent Magnifier Lamp with Clamp-Mount Base,Eldon 100 Class Desk Accessories,1,0.0002,0.2,250.45
Luxo Professional Magnifying Clamp-On Fluorescent Lamps,AT&T 841000 Phone,1,0.0002,0.25,178.89
Luxo Professional Magnifying Clamp-On Fluorescent Lamps,"Perma STOR-ALL Hanging File Box, 13 1/8""W x 12 1/4""D x 10 1/2""H",1,0.0002,0.25,156.53
Luxo Professional Magnifying Clamp-On Fluorescent Lamps,"Rediform S.O.S. 1-Up Phone Message Bk, 4-1/4x3-1/16 Bk, 1 Form/Pg, 40 Messages/Bk, 3/Pk",1,0.0002,0.25,250.45
Luxo Professional Magnifying Clamp-On Fluorescent Lamps,Bulldog Table or Wall-Mount Pencil Sharpener,1,0.0002,0.25,417.42
Luxo Professional Magnifying Clamp-On Fluorescent Lamps,Konftel 250 Conference phone - Charcoal black,1,0.0002,0.25,313.06
Macally Suction Cup Mount,Avery White Multi-Purpose Labels,1,0.0002,0.25,313.06
Macally Suction Cup Mount,"Black Print Carbonless 8 1/2"" x 8 1/4"" Rapid Memo Book",1,0.0002,0.25,313.06
Macally Suction Cup Mount,"Iceberg OfficeWorks 42"" Round Tables",1,0.0002,0.25,178.89
Macally Suction Cup Mount,Newell 312,1,0.0002,0.25,113.84
Macally Suction Cup Mount,Sony Micro Vault Click 8 GB USB 2.0 Flash Drive,1,0.0002,0.25,313.06
Magna Visual Magnetic Picture Hangers,ClearSounds CSC500 Amplified Spirit Phone Corded phone,1,0.0002,0.1667,139.14
Magna Visual Magnetic Picture Hangers,Computer Printout Paper with Letter-Trim Perforations,1,0.0002,0.1667,119.26
Magna Visual Magnetic Picture Hangers,C-Line Cubicle Keepers Polyproplyene Holder With Velcro Backings,1,0.0002,0.1667,104.35
Magna Visual Magnetic Picture Hangers,Laser & Ink Jet Business Envelopes,1,0.0002,0.1667,166.97
Magna Visual Magnetic Picture Hangers,Portable Personal File Box,1,0.0002,0.1667,139.14
Magnifier Swing Arm Lamp,Deflect-o DuraMat Antistatic Studded Beveled Mat for Medium Pile Carpeting,1,0.0002,0.2,200.36
Magnifier Swing Arm Lamp,Avery Poly Binder Pockets,1,0.0002,0.2,125.22
Magnifier Swing Arm Lamp,Hon Every-Day Series Multi-Task Chairs,1,0.0002,0.2,100.18
Magnifier Swing Arm Lamp,Logitech G19 Programmable Gaming Keyboard,1,0.0002,0.2,125.22
Magnifier Swing Arm Lamp,"Quartet Alpha White Chalk, 12/Pack",1,0.0002,0.2,500.9
Manco Dry-Lighter Erasable Highlighter,Fellowes Stor/Drawer Steel Plus Storage Drawers,1,0.0002,0.1429,89.45
Manco Dry-Lighter Erasable Highlighter,GBC ProClick 150 Presentation Binding System,1,0.0002,0.1429,143.11
Manco Dry-Lighter Erasable Highlighter,Astroparche Fine Business Paper,1,0.0002,0.1429,119.26
Manco Dry-Lighter Erasable Highlighter,Cisco 8x8 Inc. 6753i IP Business Phone System,1,0.0002,0.1429,119.26
Manco Dry-Lighter Erasable Highlighter,Global Ergonomic Managers Chair,1,0.0002,0.1429,65.05
"Manila Recycled Extra-Heavyweight Clasp Envelopes, 6"" x 9""",Hammermill CopyPlus Copy Paper (20Lb. and 84 Bright),1,0.0002,0.25,417.42
"Manila Recycled Extra-Heavyweight Clasp Envelopes, 6"" x 9""",Xerox 4200 Series MultiUse Premium Copy Paper (20Lb. and 84 Bright),1,0.0002,0.25,156.53
"Manila Recycled Extra-Heavyweight Clasp Envelopes, 6"" x 9""",ClearSounds CSC500 Amplified Spirit Phone Corded phone,1,0.0002,0.25,208.71
Martin Yale Chadless Opener Electric Letter Opener,AT&T CL82213,1,0.0002,0.1667,166.97
Martin Yale Chadless Opener Electric Letter Opener,Crayola Colored Pencils,1,0.0002,0.1667,75.89
Martin Yale Chadless Opener Electric Letter Opener,Newell 321,1,0.0002,0.1667,208.71
Martin Yale Chadless Opener Electric Letter Opener,Xerox 1957,1,0.0002,0.1667,139.14
Martin Yale Chadless Opener Electric Letter Opener,Clear Mylar Reinforcing Strips,1,0.0002,0.1667,119.26
Martin-Yale Premier Letter Opener,Belkin 8-Outlet Premiere SurgeMaster II Surge Protectors,1,0.0002,0.1429,357.79
Martin-Yale Premier Letter Opener,Xerox 1917,1,0.0002,0.1429,143.11
Martin-Yale Premier Letter Opener,Imation Secure+ Hardware Encrypted USB 2.0 Flash Drive; 16GB,1,0.0002,0.1429,143.11
Martin-Yale Premier Letter Opener,KI Adjustable-Height Table,1,0.0002,0.1429,39.75
Martin-Yale Premier Letter Opener,"Ampad Gold Fibre Wirebound Steno Books, 6"" x 9"", Gregg Ruled",1,0.0002,0.1429,89.45
"Master Big Foot Doorstop, Beige",3M Organizer Strips,1,0.0002,0.1667,119.26
"Master Big Foot Doorstop, Beige",Acco Suede Grain Vinyl Round Ring Binder,1,0.0002,0.1667,104.35
"Master Big Foot Doorstop, Beige","Howard Miller 13-3/4"" Diameter Brushed Chrome Round Wall Clock",1,0.0002,0.1667,92.76
"Master Big Foot Doorstop, Beige",Newell 333,1,0.0002,0.1667,75.89
"Master Big Foot Doorstop, Beige",Novimex Fabric Task Chair,1,0.0002,0.1667,92.76
"Master Caster Door Stop, Brown",Enermax Briskie RF Wireless Keyboard and Mouse Combo,1,0.0002,0.1111,111.31
"Master Caster Door Stop, Brown",Avery 52,1,0.0002,0.1111,92.76
"Master Caster Door Stop, Brown",Avery 520,1,0.0002,0.1111,111.31
"Master Caster Door Stop, Brown",Bretford CR4500 Series Slim Rectangular Table,1,0.0002,0.1111,69.57
"Master Caster Door Stop, Brown",KeyTronic KT400U2 - Keyboard - Black,1,0.0002,0.1111,185.52
"Master Caster Door Stop, Gray",Kensington Expert Mouse Optical USB Trackball for PC or Mac,1,0.0002,0.25,208.71
"Master Caster Door Stop, Gray",Samsung HM1900 Bluetooth Headset,1,0.0002,0.25,178.89
"Master Caster Door Stop, Gray",AT&T CL83451 4-Handset Telephone,1,0.0002,0.25,313.06
"Master Caster Door Stop, Gray","Fiskars 8"" Scissors, 2/Pack",1,0.0002,0.25,313.06
"Master Caster Door Stop, Gray","Hunt PowerHouse Electric Pencil Sharpener, Blue",1,0.0002,0.25,125.22
"Master Caster Door Stop, Large Brown",Jensen SMPS-640 - speaker phone,1,0.0002,0.3333,417.42
"Master Caster Door Stop, Large Brown",Tyvek Side-Opening Peel & Seel Expanding Envelopes,1,0.0002,0.3333,333.93
"Master Caster Door Stop, Large Neon Orange",Polycom SoundPoint IP 450 VoIP phone,1,0.0002,0.1429,119.26
"Master Caster Door Stop, Large Neon Orange",Rosewill 107 Normal Keys USB Wired Standard Keyboard,1,0.0002,0.1429,238.52
"Master Caster Door Stop, Large Neon Orange",Xerox 210,1,0.0002,0.1429,119.26
"Master Caster Door Stop, Large Neon Orange",Bretford CR8500 Series Meeting Room Furniture,1,0.0002,0.1429,119.26
"Master Caster Door Stop, Large Neon Orange",GE 30522EE2,1,0.0002,0.1429,238.52
Maxell 4.7GB DVD+R 5/Pack,"Snap-A-Way Black Print Carbonless Ruled Speed Letter, Triplicate",1,0.0002,0.2,166.97
Maxell 4.7GB DVD+R 5/Pack,Hoover Shoulder Vac Commercial Portable Vacuum,1,0.0002,0.2,166.97
Maxell 4.7GB DVD+R 5/Pack,3M Hangers With Command Adhesive,1,0.0002,0.2,125.22
Maxell 4.7GB DVD+R 5/Pack,Apple iPhone 5S,1,0.0002,0.2,250.45
Maxell 4.7GB DVD+R 5/Pack,Tensor Brushed Steel Torchiere Floor Lamp,1,0.0002,0.2,250.45
Maxell 4.7GB DVD+RW 3/Pack,BlackBerry Q10,1,0.0002,0.25,208.71
Maxell 4.7GB DVD+RW 3/Pack,Ibico Covers for Plastic or Wire Binding Elements,1,0.0002,0.25,178.89
Maxell 4.7GB DVD+RW 3/Pack,"Atlantic Metals Mobile 5-Shelf Bookcases, Custom Colors",1,0.0002,0.25,156.53
Maxell 4.7GB DVD+RW 3/Pack,Logitech 910-002974 M325 Wireless Mouse for Web Scrolling,1,0.0002,0.25,83.48
Maxell 4.7GB DVD-R,Staples,2,0.000399,0.1818,4.1
Maxell 4.7GB DVD-R,Eureka The Boss Cordless Rechargeable Stick Vac,1,0.0002,0.0909,75.89
Maxell 4.7GB DVD-R,Southworth 25% Cotton Premium Laser Paper and Envelopes,1,0.0002,0.0909,91.07
Maxell 4.7GB DVD-R,Acco Side-Punched Conventional Columnar Pads,1,0.0002,0.0909,113.84
Maxell 4.7GB DVD-R,Acco Smartsocket Color-Coded Six-Outlet AC Adapter Model Surge Protectors,1,0.0002,0.0909,113.84
Maxell 4.7GB DVD-R 5/Pack,Staples,2,0.000399,0.4,9.03
Maxell 4.7GB DVD-R 5/Pack,Advantus Push Pins,1,0.0002,0.2,143.11
Maxell 4.7GB DVD-R 5/Pack,"Conquest 14 Commercial Heavy-Duty Upright Vacuum, Collection System, Accessory Kit",1,0.0002,0.2,250.45
Maxell 4.7GB DVD-R 5/Pack,Canvas Sectional Post Binders,1,0.0002,0.2,166.97
Maxell 4.7GB DVD-R 5/Pack,Belkin Premiere Surge Master II 8-outlet surge protector,1,0.0002,0.2,143.11
Maxell 4.7GB DVD-RW 3/Pack,"Fellowes Twister Kit, Gray/Clear, 3/pkg",1,0.0002,0.25,125.22
Maxell 4.7GB DVD-RW 3/Pack,Ibico Covers for Plastic or Wire Binding Elements,1,0.0002,0.25,178.89
Maxell 4.7GB DVD-RW 3/Pack,Newell 312,1,0.0002,0.25,113.84
Maxell 4.7GB DVD-RW 3/Pack,Xerox 1949,1,0.0002,0.25,156.53
"Maxell 74 Minute CD-R Spindle, 50/Pack","Hot File 7-Pocket, Floor Stand",1,0.0002,0.2,77.06
"Maxell 74 Minute CD-R Spindle, 50/Pack",Newell 348,1,0.0002,0.2,166.97
"Maxell 74 Minute CD-R Spindle, 50/Pack",Xerox 1965,1,0.0002,0.2,250.45
"Maxell 74 Minute CD-R Spindle, 50/Pack",Samsung Rugby III,1,0.0002,0.2,125.22
"Maxell 74 Minute CD-R Spindle, 50/Pack",Acco Translucent Poly Ring Binders,1,0.0002,0.2,125.22
"Maxell 74 Minute CDR, 10/Pack",Tensor Track Tree Floor Lamp,1,0.0002,0.2,250.45
"Maxell 74 Minute CDR, 10/Pack",Acco D-Ring Binder w/DublLock,1,0.0002,0.2,111.31
"Maxell 74 Minute CDR, 10/Pack",Logitech 910-002974 M325 Wireless Mouse for Web Scrolling,1,0.0002,0.2,66.79
"Maxell 74 Minute CDR, 10/Pack","Wilson Jones Ledger-Size, Piano-Hinge Binder, 2"", Blue",1,0.0002,0.2,83.48
Maxell CD-R Discs,Hoover Commercial Lightweight Upright Vacuum,1,0.0002,0.3333,834.83
Maxell CD-R Discs,"Message Book, Wirebound, Four 5 1/2"" X 4"" Forms/Pg., 200 Dupl. Sets/Book",1,0.0002,0.3333,278.28
Maxell CD-R Discs,"Executive Impressions 14"" Contract Wall Clock with Quartz Movement",1,0.0002,0.3333,834.83
Maxell CD-R Discs,O'Sullivan 5-Shelf Heavy-Duty Bookcases,1,0.0002,0.3333,417.42
Maxell CD-R Discs,SanDisk Ultra 16 GB MicroSDHC Class 10 Memory Card,1,0.0002,0.3333,238.52
Maxell DVD-RAM Discs,"Fellowes Premier Superior Surge Suppressor, 10-Outlet, With Phone and Remote",1,0.0002,0.3333,238.52
Maxell DVD-RAM Discs,Panasonic KX-TG9471B,1,0.0002,0.3333,238.52
Maxell DVD-RAM Discs,Xerox 198,1,0.0002,0.3333,556.56
Maxell DVD-RAM Discs,Global Chrome Stack Chair,1,0.0002,0.3333,278.28
Maxell DVD-RAM Discs,"Global Leather and Oak Executive Chair, Black",1,0.0002,0.3333,208.71
"Maxell Pro 80 Minute CD-R, 10/Pack",BIC Liqua Brite Liner,1,0.0002,0.25,208.71
"Maxell Pro 80 Minute CD-R, 10/Pack",Ibico Plastic and Wire Spiral Binding Combs,1,0.0002,0.25,139.14
"Maxell Pro 80 Minute CD-R, 10/Pack",Staples,1,0.0002,0.25,5.64
"Maxell Pro 80 Minute CD-R, 10/Pack",Acme Titanium Bonded Scissors,1,0.0002,0.25,250.45
"Maxell Pro 80 Minute CD-R, 10/Pack","DAX Cubicle Frames, 8-1/2 x 11",1,0.0002,0.25,313.06
Maxell LTO Ultrium - 800 GB,"Avery Framed View Binder, EZD Ring (Locking), Navy, 1 1/2""",1,0.0002,0.125,104.35
Maxell LTO Ultrium - 800 GB,"Fellowes Twister Kit, Gray/Clear, 3/pkg",1,0.0002,0.125,62.61
Maxell LTO Ultrium - 800 GB,"Letter/Legal File Tote with Clear Snap-On Lid, Black Granite",1,0.0002,0.125,156.53
Maxell LTO Ultrium - 800 GB,Newell 325,1,0.0002,0.125,104.35
Maxell LTO Ultrium - 800 GB,Novimex Fabric Task Chair,1,0.0002,0.125,69.57
Maxell iVDR EX 500GB Cartridge,Fellowes High-Stak Drawer Files,1,0.0002,0.5,313.06
Maxell iVDR EX 500GB Cartridge,Polycom CX600 IP Phone VoIP phone,1,0.0002,0.5,626.12
Maxell iVDR EX 500GB Cartridge,Adjustable Depth Letter/Legal Cart,1,0.0002,0.5,227.68
Maxell iVDR EX 500GB Cartridge,Wilson Jones Turn Tabs Binder Tool for Ring Binders,1,0.0002,0.5,192.65
"Mead 1st Gear 2"" Zipper Binder, Asst. Colors",3.6 Cubic Foot Counter Height Office Refrigerator,1,0.0002,0.3333,333.93
"Mead 1st Gear 2"" Zipper Binder, Asst. Colors",Cardinal Holdit Business Card Pockets,1,0.0002,0.3333,208.71
"Mead 1st Gear 2"" Zipper Binder, Asst. Colors",Global Enterprise Series Seating Low-Back Swivel/Tilt Chairs,1,0.0002,0.3333,1669.67
"Mead 1st Gear 2"" Zipper Binder, Asst. Colors","Howard Miller 13-3/4"" Diameter Brushed Chrome Round Wall Clock",1,0.0002,0.3333,185.52
"Mead 1st Gear 2"" Zipper Binder, Asst. Colors",Polycom VoiceStation 500 Conference phone,1,0.0002,0.3333,333.93
Mediabridge Sport Armband iPhone 5s,Fellowes Bases and Tops For Staxonsteel/High-Stak Systems,1,0.0002,0.1429,71.56
Mediabridge Sport Armband iPhone 5s,"SKILCRAFT Telephone Shoulder Rest, 2"" x 6.5"" x 2.5"", Black",1,0.0002,0.1429,238.52
Mediabridge Sport Armband iPhone 5s,Sanford Liquid Accent Highlighters,1,0.0002,0.1429,143.11
Mediabridge Sport Armband iPhone 5s,"Adams Telephone Message Book W/Dividers/Space For Phone Numbers, 5 1/4""X8 1/2"", 300/Messages",1,0.0002,0.1429,71.56
Mediabridge Sport Armband iPhone 5s,Avery 49,1,0.0002,0.1429,119.26
"Memo Book, 100 Message Capacity, 5 3/8 x 11",Avery Non-Stick Heavy Duty View Round Locking Ring Binders,1,0.0002,0.3333,556.56
"Memo Book, 100 Message Capacity, 5 3/8 x 11",Bionaire Personal Warm Mist Humidifier/Vaporizer,1,0.0002,0.3333,556.56
"Memo Book, 100 Message Capacity, 5 3/8 x 11",Newell 35,1,0.0002,0.3333,185.52
"Memo Book, 100 Message Capacity, 5 3/8 x 11",Wilson Jones 14 Line Acrylic Coated Pressboard Data Binders,1,0.0002,0.3333,417.42
"Memo Book, 100 Message Capacity, 5 3/8 x 11","Acco Four Pocket Poly Ring Binder with Label Holder, Smoke, 1""",1,0.0002,0.3333,278.28
"Memorex 25GB 6X Branded Blu-Ray Recordable Disc, 15/Pack","GBC Twin Loop Wire Binding Elements, 9/16"" Spine, Black",1,0.0002,0.2,111.31
"Memorex 25GB 6X Branded Blu-Ray Recordable Disc, 15/Pack",Contemporary Wood/Metal Frame,1,0.0002,0.2,250.45
"Memorex 25GB 6X Branded Blu-Ray Recordable Disc, 15/Pack",Global Ergonomic Managers Chair,1,0.0002,0.2,91.07
"Memorex 25GB 6X Branded Blu-Ray Recordable Disc, 15/Pack",Staples,1,0.0002,0.2,4.51
"Memorex 25GB 6X Branded Blu-Ray Recordable Disc, 15/Pack",Xerox 201,1,0.0002,0.2,200.36
"Memorex 25GB 6X Branded Blu-Ray Recordable Disc, 30/Pack",Acme Office Executive Series Stainless Steel Trimmers,1,0.0002,0.25,178.89
"Memorex 25GB 6X Branded Blu-Ray Recordable Disc, 30/Pack",Avery File Folder Labels,1,0.0002,0.25,96.33
"Memorex 25GB 6X Branded Blu-Ray Recordable Disc, 30/Pack",DAX Natural Wood-Tone Poster Frame,1,0.0002,0.25,250.45
"Memorex 25GB 6X Branded Blu-Ray Recordable Disc, 30/Pack","Eureka The Boss Plus 12-Amp Hard Box Upright Vacuum, Red",1,0.0002,0.25,208.71
"Memorex 25GB 6X Branded Blu-Ray Recordable Disc, 30/Pack",GBC Twin Loop Wire Binding Elements,1,0.0002,0.25,125.22
Memorex Froggy Flash Drive 4 GB,Avery White Multi-Purpose Labels,1,0.0002,0.2,250.45
Memorex Froggy Flash Drive 4 GB,"Eldon Expressions Punched Metal & Wood Desk Accessories, Pewter & Cherry",1,0.0002,0.2,333.93
Memorex Froggy Flash Drive 4 GB,Jabra SPEAK 410,1,0.0002,0.2,111.31
Memorex Froggy Flash Drive 4 GB,Luxo Economy Swing Arm Lamp,1,0.0002,0.2,200.36
Memorex Froggy Flash Drive 4 GB,"Southworth 100% Résumé Paper, 24lb.",1,0.0002,0.2,143.11
Memorex Froggy Flash Drive 8 GB,Staples,1,0.0002,0.125,2.82
Memorex Froggy Flash Drive 8 GB,Global Comet Stacking Armless Chair,1,0.0002,0.125,104.35
Memorex Froggy Flash Drive 8 GB,Xerox 218,1,0.0002,0.125,125.22
Memorex Froggy Flash Drive 8 GB,G.E. Longer-Life Indoor Recessed Floodlight Bulbs,1,0.0002,0.125,104.35
Memorex Froggy Flash Drive 8 GB,Tops Wirebound Message Log Books,1,0.0002,0.125,104.35
Memorex Micro Travel Drive 16 GB,Tuff Stuff Recycled Round Ring Binders,1,0.0002,0.1667,92.76
Memorex Micro Travel Drive 16 GB,netTALK DUO VoIP Telephone Service,1,0.0002,0.1667,119.26
Memorex Micro Travel Drive 16 GB,DAX Two-Tone Silver Metal Document Frame,1,0.0002,0.1667,139.14
Memorex Micro Travel Drive 16 GB,"Eldon Image Series Desk Accessories, Burgundy",1,0.0002,0.1667,104.35
Memorex Micro Travel Drive 16 GB,"Elite 5"" Scissors",1,0.0002,0.1667,119.26
Memorex Micro Travel Drive 32 GB,Sony 16GB Class 10 Micro SDHC R40 Memory Card,1,0.0002,0.2,250.45
Memorex Micro Travel Drive 32 GB,Tenex Antistatic Computer Chair Mats,1,0.0002,0.2,166.97
Memorex Micro Travel Drive 32 GB,Tennsco Double-Tier Lockers,1,0.0002,0.2,83.48
Memorex Micro Travel Drive 32 GB,Wilson Jones Legal Size Ring Binders,1,0.0002,0.2,111.31
Memorex Micro Travel Drive 32 GB,"Atlantic Metals Mobile 3-Shelf Bookcases, Custom Colors",1,0.0002,0.2,125.22
Memorex Micro Travel Drive 4 GB,"Recycled Interoffice Envelopes with Re-Use-A-Seal Closure, 10 x 13",1,0.0002,0.3333,834.83
Memorex Micro Travel Drive 4 GB,Smead Adjustable Mobile File Trolley with Lockable Top,1,0.0002,0.3333,556.56
Memorex Micro Travel Drive 4 GB,Wilson Jones 14 Line Acrylic Coated Pressboard Data Binders,1,0.0002,0.3333,417.42
Memorex Micro Travel Drive 8 GB,Newell 312,1,0.0002,0.125,56.92
Memorex Micro Travel Drive 8 GB,Chromcraft Rectangular Conference Tables,1,0.0002,0.125,69.57
Memorex Micro Travel Drive 8 GB,Avery 488,1,0.0002,0.125,104.35
Memorex Micro Travel Drive 8 GB,"SAFCO Commercial Wire Shelving, 72h",1,0.0002,0.125,125.22
Memorex Micro Travel Drive 8 GB,Cush Cases Heavy Duty Rugged Cover Case for Samsung Galaxy S5 - Purple,1,0.0002,0.125,104.35
Memorex Mini Travel Drive 16 GB USB 2.0 Flash Drive,"Howard Miller 13"" Diameter Goldtone Round Wall Clock",1,0.0002,0.1667,139.14
Memorex Mini Travel Drive 16 GB USB 2.0 Flash Drive,"Executive Impressions 16-1/2"" Circular Wall Clock",1,0.0002,0.1667,417.42
Memorex Mini Travel Drive 32 GB USB 2.0 Flash Drive,Chromcraft Round Conference Tables,1,0.0002,0.5,192.65
Memorex Mini Travel Drive 32 GB USB 2.0 Flash Drive,Wilson Jones International Size A4 Ring Binders,1,0.0002,0.5,357.79
Memorex Mini Travel Drive 32 GB USB 2.0 Flash Drive,Staples,1,0.0002,0.5,11.28
Memorex Mini Travel Drive 64 GB USB 2.0 Flash Drive,Acme Value Line Scissors,2,0.000399,0.3333,166.97
Memorex Mini Travel Drive 64 GB USB 2.0 Flash Drive,AT&T SB67148 SynJ,1,0.0002,0.1667,278.28
Memorex Mini Travel Drive 64 GB USB 2.0 Flash Drive,Eldon Simplefile Box Office,1,0.0002,0.1667,104.35
Memorex Mini Travel Drive 64 GB USB 2.0 Flash Drive,C-Line Cubicle Keepers Polyproplyene Holder With Velcro Backings,1,0.0002,0.1667,104.35
Memorex Mini Travel Drive 64 GB USB 2.0 Flash Drive,"Holmes Replacement Filter for HEPA Air Cleaner, Medium Room",1,0.0002,0.1667,208.71
Memorex Mini Travel Drive 8 GB USB 2.0 Flash Drive,"Tennsco Snap-Together Open Shelving Units, Starter Sets and Add-On Units",1,0.0002,0.2,166.97
Memorex Mini Travel Drive 8 GB USB 2.0 Flash Drive,UniKeep View Case Binders,1,0.0002,0.2,200.36
Memorex Mini Travel Drive 8 GB USB 2.0 Flash Drive,Newell Chalk Holder,1,0.0002,0.2,143.11
Memorex Mini Travel Drive 8 GB USB 2.0 Flash Drive,Speck Products Candyshell Flip Case,1,0.0002,0.2,250.45
Memorex Mini Travel Drive 8 GB USB 2.0 Flash Drive,Cisco IP Phone 7961G-GE VoIP phone,1,0.0002,0.2,250.45
"Message Book, Phone, Wirebound Standard Line Memo, 2 3/4"" X 5""",GE 2-Jack Phone Line Splitter,1,0.0002,0.2,333.93
"Message Book, Phone, Wirebound Standard Line Memo, 2 3/4"" X 5""","Holmes Cool Mist Humidifier for the Whole House with 8-Gallon Output per Day, Extended Life Filter",1,0.0002,0.2,250.45
"Message Book, Phone, Wirebound Standard Line Memo, 2 3/4"" X 5""",Sony Micro Vault Click 8 GB USB 2.0 Flash Drive,1,0.0002,0.2,250.45
"Message Book, Phone, Wirebound Standard Line Memo, 2 3/4"" X 5""",Staples,1,0.0002,0.2,4.51
"Message Book, Phone, Wirebound Standard Line Memo, 2 3/4"" X 5""",Xerox 227,1,0.0002,0.2,125.22
"Message Book, Standard Line ""While You Were Out"", 5 1/2"" X 4"", 200 Sets/Book",GBC Recycled Grain Textured Covers,1,0.0002,0.5,500.9
"Message Book, Wirebound, Four 5 1/2"" X 4"" Forms/Pg., 200 Dupl. Sets/Book","Acme Design Line 8"" Stainless Steel Bent Scissors w/Champagne Handles, 3-1/8"" Cut",1,0.0002,0.1667,278.28
"Message Book, Wirebound, Four 5 1/2"" X 4"" Forms/Pg., 200 Dupl. Sets/Book",Avery Legal 4-Ring Binder,1,0.0002,0.1667,208.71
"Message Book, Wirebound, Four 5 1/2"" X 4"" Forms/Pg., 200 Dupl. Sets/Book",Hoover Commercial Lightweight Upright Vacuum,1,0.0002,0.1667,417.42
"Message Book, Wirebound, Four 5 1/2"" X 4"" Forms/Pg., 200 Dupl. Sets/Book",Maxell CD-R Discs,1,0.0002,0.1667,278.28
"Message Book, Wirebound, Four 5 1/2"" X 4"" Forms/Pg., 200 Dupl. Sets/Book","Verbatim 25 GB 6x Blu-ray Single Layer Recordable Disc, 25/Pack",1,0.0002,0.1667,166.97
"Metal Folding Chairs, Beige, 4/Carton",Avery 485,1,0.0002,0.2,125.22
"Metal Folding Chairs, Beige, 4/Carton","DAX Cubicle Frames, 8-1/2 x 11",1,0.0002,0.2,250.45
"Metal Folding Chairs, Beige, 4/Carton","Advantus Push Pins, Aluminum Head",1,0.0002,0.2,200.36
"Metal Folding Chairs, Beige, 4/Carton",Prestige Round Ring Binders,1,0.0002,0.2,125.22
"Metal Folding Chairs, Beige, 4/Carton",Rogers Profile Extra Capacity Storage Tub,1,0.0002,0.2,143.11
Micro Innovations USB RF Wireless Keyboard with Mouse,Permanent Self-Adhesive File Folder Labels for Typewriters by Universal,1,0.0002,0.1667,139.14
Micro Innovations USB RF Wireless Keyboard with Mouse,Logitech VX Revolution Cordless Laser Mouse for Notebooks (Black),1,0.0002,0.1667,166.97
Micro Innovations USB RF Wireless Keyboard with Mouse,Belkin 7 Outlet SurgeMaster II,1,0.0002,0.1667,278.28
Micro Innovations USB RF Wireless Keyboard with Mouse,Universal Premium White Copier/Laser Paper (20Lb. and 87 Bright),1,0.0002,0.1667,166.97
Micro Innovations USB RF Wireless Keyboard with Mouse,"Dot Matrix Printer Tape Reel Labels, White, 5000/Box",1,0.0002,0.1667,104.35
Micro Innovations Wireless Classic Keyboard with Mouse,Eldon ProFile File 'N Store Portable File Tub Letter/Legal Size Black,1,0.0002,0.5,357.79
Micropad Numeric Keypads,Acco 6 Outlet Guardian Premium Surge Suppressor,1,0.0002,0.25,156.53
Micropad Numeric Keypads,Safco Steel Mobile File Cart,1,0.0002,0.25,250.45
Micropad Numeric Keypads,Avery Durable Slant Ring Binders With Label Holder,1,0.0002,0.25,139.14
Micropad Numeric Keypads,Round Ring Binders,1,0.0002,0.25,208.71
Micropad Numeric Keypads,Xerox 1959,1,0.0002,0.25,208.71
Microsoft Arc Touch Mouse,Staples,1,0.0002,0.5,11.28
Microsoft Arc Touch Mouse,Xerox 216,1,0.0002,0.5,313.06
Microsoft Natural Ergonomic Keyboard 4000,Boston 16765 Mini Stand Up Battery Pencil Sharpener,2,0.000399,0.4,500.9
Microsoft Natural Ergonomic Keyboard 4000,"3M Polarizing Task Lamp with Clamp Arm, Light Gray",1,0.0002,0.2,250.45
Microsoft Natural Ergonomic Keyboard 4000,"Tenex Chairmat w/ Average Lip, 45"" x 53""",1,0.0002,0.2,250.45
Microsoft Natural Ergonomic Keyboard 4000,"Black Avery Memo-Size 3-Ring Binder, 5 1/2"" x 8 1/2""",1,0.0002,0.2,250.45
Microsoft Natural Ergonomic Keyboard 4000,Fellowes 8 Outlet Superior Workstation Surge Protector,1,0.0002,0.2,200.36
Microsoft Natural Keyboard Elite,Acco 6 Outlet Guardian Standard Surge Suppressor,1,0.0002,0.25,250.45
Microsoft Natural Keyboard Elite,DAX Clear Channel Poster Frame,1,0.0002,0.25,417.42
Microsoft Natural Keyboard Elite,GBC DocuBind P400 Electric Binding System,1,0.0002,0.25,208.71
Microsoft Natural Keyboard Elite,GBC Instant Index System for Binding Systems,1,0.0002,0.25,250.45
Microsoft Natural Keyboard Elite,GBC Premium Transparent Covers with Diagonal Lined Pattern,1,0.0002,0.25,89.45
Microsoft Sculpt Comfort Mouse,"GBC Twin Loop Wire Binding Elements, 9/16"" Spine, Black",1,0.0002,0.1,55.66
Microsoft Sculpt Comfort Mouse,LG G3,1,0.0002,0.1,125.22
Microsoft Sculpt Comfort Mouse,Wilson Jones Heavy-Duty Casebound Ring Binders with Metal Hinges,1,0.0002,0.1,83.48
Microsoft Sculpt Comfort Mouse,ARKON Windshield Dashboard Air Vent Car Mount Holder,1,0.0002,0.1,125.22
Microsoft Sculpt Comfort Mouse,Bagged Rubber Bands,1,0.0002,0.1,100.18
Microsoft Wireless Mobile Mouse 4000,Xerox 225,1,0.0002,0.25,139.14
Microsoft Wireless Mobile Mouse 4000,Bevis 44 x 96 Conference Tables,1,0.0002,0.25,250.45
Microsoft Wireless Mobile Mouse 4000,Hon GuestStacker Chair,1,0.0002,0.25,139.14
Microsoft Wireless Mobile Mouse 4000,Logitech Gaming G510s - Keyboard,1,0.0002,0.25,156.53
Microsoft Wireless Mobile Mouse 4000,Fellowes Bankers Box Stor/Drawer Steel Plus,1,0.0002,0.25,104.35
"Mini 13-1/2 Capacity Data Binder Rack, Pearl","BOSTON Model 1800 Electric Pencil Sharpeners, Putty/Woodgrain",1,0.0002,0.2,166.97
"Mini 13-1/2 Capacity Data Binder Rack, Pearl","Global Manager's Adjustable Task Chair, Storm",1,0.0002,0.2,166.97
"Mini 13-1/2 Capacity Data Binder Rack, Pearl",Honeywell Enviracaire Portable HEPA Air Cleaner for up to 10 x 16 Room,1,0.0002,0.2,333.93
"Mini 13-1/2 Capacity Data Binder Rack, Pearl","Eberhard Faber 3 1/2"" Golf Pencils",1,0.0002,0.2,143.11
"Mini 13-1/2 Capacity Data Binder Rack, Pearl",Xerox 1900,1,0.0002,0.2,143.11
Mitel 5320 IP Phone VoIP phone,Belkin F5C206VTEL 6 Outlet Surge,1,0.0002,0.25,178.89
Mitel 5320 IP Phone VoIP phone,Chromcraft Rectangular Conference Tables,1,0.0002,0.25,139.14
Mitel 5320 IP Phone VoIP phone,DXL Angle-View Binders with Locking Rings by Samsill,1,0.0002,0.25,125.22
Mitel 5320 IP Phone VoIP phone,"Eldon Expressions Wood and Plastic Desk Accessories, Cherry Wood",1,0.0002,0.25,250.45
Mitel 5320 IP Phone VoIP phone,Konftel 250 Conference phone - Charcoal black,1,0.0002,0.25,313.06
Mitel MiVoice 5330e IP Phone,Fellowes Desktop Hanging File Manager,1,0.0002,0.1111,139.14
Mitel MiVoice 5330e IP Phone,Hon 4070 Series Pagoda Round Back Stacking Chairs,1,0.0002,0.1111,79.51
Mitel MiVoice 5330e IP Phone,Nu-Dell EZ-Mount Plastic Wall Frames,1,0.0002,0.1111,278.28
Mitel MiVoice 5330e IP Phone,Zebra ZM400 Thermal Label Printer,1,0.0002,0.1111,278.28
Mitel MiVoice 5330e IP Phone,Hon 2111 Invitation Series Straight Table,1,0.0002,0.1111,79.51
Mobile Personal File Cube,Tensor Computer Mounted Lamp,1,0.0002,0.2,125.22
Mobile Personal File Cube,"Acco Pressboard Covers with Storage Hooks, 9 1/2"" x 11"", Executive Red",1,0.0002,0.2,111.31
Mobile Personal File Cube,Assorted Color Push Pins,1,0.0002,0.2,125.22
Mobile Personal File Cube,Bretford CR8500 Series Meeting Room Furniture,1,0.0002,0.2,166.97
Mobile Personal File Cube,KeyTronic E03601U1 - Keyboard - Beige,1,0.0002,0.2,166.97
Model L Table or Wall-Mount Pencil Sharpener,ClearOne CHATAttach 160 - speaker phone,1,0.0002,0.2,250.45
Model L Table or Wall-Mount Pencil Sharpener,Bretford Rectangular Conference Table Tops,1,0.0002,0.2,83.48
Model L Table or Wall-Mount Pencil Sharpener,Fiskars Home & Office Scissors,1,0.0002,0.2,333.93
Model L Table or Wall-Mount Pencil Sharpener,"Global Armless Task Chair, Royal Blue",1,0.0002,0.2,125.22
Model L Table or Wall-Mount Pencil Sharpener,"Hoover Replacement Belts For Soft Guard & Commercial Ltweight Upright Vacs, 2/Pk",1,0.0002,0.2,200.36
Mophie Juice Pack Helium for iPhone,Avery 477,1,0.0002,0.1667,208.71
Mophie Juice Pack Helium for iPhone,Avery Hanging File Binders,1,0.0002,0.1667,139.14
Mophie Juice Pack Helium for iPhone,DYMO CardScan Personal V9 Business Card Scanner,1,0.0002,0.1667,278.28
Mophie Juice Pack Helium for iPhone,"Executive Impressions 10"" Spectator Wall Clock",1,0.0002,0.1667,166.97
Mophie Juice Pack Helium for iPhone,Stacking Trays by OIC,1,0.0002,0.1667,139.14
Motorla HX550 Universal Bluetooth Headset,Fellowes PB200 Plastic Comb Binding Machine,1,0.0002,0.25,139.14
Motorla HX550 Universal Bluetooth Headset,Revere Boxed Rubber Bands by Revere,1,0.0002,0.25,208.71
Motorla HX550 Universal Bluetooth Headset,"Wilson Jones Ledger-Size, Piano-Hinge Binder, 2"", Blue",1,0.0002,0.25,104.35
Motorla HX550 Universal Bluetooth Headset,"DAX Copper Panel Document Frame, 5 x 7 Size",1,0.0002,0.25,250.45
Motorla HX550 Universal Bluetooth Headset,Avery 517,1,0.0002,0.25,313.06
Motorola Droid Maxx,Avery Non-Stick Binders,1,0.0002,0.25,62.61
Motorola Droid Maxx,Cisco 8x8 Inc. 6753i IP Business Phone System,1,0.0002,0.25,208.71
Motorola Droid Maxx,GBC Personal VeloBind Strips,1,0.0002,0.25,178.89
Motorola Droid Maxx,"Acco Smartsocket Table Surge Protector, 6 Color-Coded Adapter Outlets",1,0.0002,0.25,417.42
Motorola Droid Maxx,Globe Weis Peel & Seel First Class Envelopes,1,0.0002,0.25,178.89
Motorola HK250 Universal Bluetooth Headset,"Acco Smartsocket Table Surge Protector, 6 Color-Coded Adapter Outlets",1,0.0002,0.1111,185.52
Motorola HK250 Universal Bluetooth Headset,Acme Galleria Hot Forged Steel Scissors with Colored Handles,1,0.0002,0.1111,185.52
Motorola HK250 Universal Bluetooth Headset,GBC Recycled VeloBinder Covers,1,0.0002,0.1111,69.57
Motorola HK250 Universal Bluetooth Headset,Logitech G19 Programmable Gaming Keyboard,1,0.0002,0.1111,69.57
Motorola HK250 Universal Bluetooth Headset,"Square Credit Card Reader, 4 1/2"" x 4 1/2"" x 1"", White",1,0.0002,0.1111,111.31
Motorola L703CM,Eldon 100 Class Desk Accessories,1,0.0002,0.1667,208.71
Motorola L703CM,Xerox 1903,1,0.0002,0.1667,139.14
Motorola L703CM,Xerox 1908,1,0.0002,0.1667,119.26
Motorola L703CM,Logitech G602 Wireless Gaming Mouse,1,0.0002,0.1667,92.76
Motorola L703CM,Fellowes Basic Home/Office Series Surge Protectors,1,0.0002,0.1667,92.76
Motorola L804,"GE General Purpose, Extra Long Life, Showcase & Floodlight Incandescent Bulbs",1,0.0002,0.1667,119.26
Motorola L804,Bretford Rectangular Conference Table Tops,1,0.0002,0.1667,69.57
Motorola L804,Things To Do Today Pad,1,0.0002,0.1667,119.26
Motorola L804,Angle-D Ring Binders,1,0.0002,0.1667,139.14
Motorola L804,Newell 317,1,0.0002,0.1667,119.26
Motorola Moto X,Hon 5100 Series Wood Tables,1,0.0002,0.5,357.79
"Multi-Use Personal File Cart and Caster Set, Three Stacking Bins","OIC #2 Pencils, Medium Soft",1,0.0002,0.2,143.11
"Multi-Use Personal File Cart and Caster Set, Three Stacking Bins",Eldon Portable Mobile Manager,1,0.0002,0.2,111.31
"Multi-Use Personal File Cart and Caster Set, Three Stacking Bins",Imation Bio 8GB USB Flash Drive Imation Corp,1,0.0002,0.2,250.45
"Multi-Use Personal File Cart and Caster Set, Three Stacking Bins",Tops White Computer Printout Paper,1,0.0002,0.2,250.45
"Multi-Use Personal File Cart and Caster Set, Three Stacking Bins","White Envelopes, White Envelopes with Clear Poly Window",1,0.0002,0.2,200.36
Multicolor Computer Printout Paper,"Logitech B530 USB Headset - headset - Full size, Binaural",1,0.0002,0.2,100.18
Multicolor Computer Printout Paper,Newell 322,1,0.0002,0.2,166.97
Multicolor Computer Printout Paper,Space Solutions Commercial Steel Shelving,1,0.0002,0.2,143.11
Multicolor Computer Printout Paper,Canon PC940 Copier,1,0.0002,0.2,333.93
Multicolor Computer Printout Paper,Deluxe Rollaway Locking File with Drawer,1,0.0002,0.2,200.36
NETGEAR AC1750 Dual Band Gigabit Smart WiFi Router,Avery 516,1,0.0002,0.2,250.45
NETGEAR AC1750 Dual Band Gigabit Smart WiFi Router,Xerox 1995,1,0.0002,0.2,166.97
NETGEAR AC1750 Dual Band Gigabit Smart WiFi Router,ClearSounds CSC500 Amplified Spirit Phone Corded phone,1,0.0002,0.2,166.97
NETGEAR AC1750 Dual Band Gigabit Smart WiFi Router,Hon 4060 Series Tables,1,0.0002,0.2,250.45
NETGEAR AC1750 Dual Band Gigabit Smart WiFi Router,Newell 335,1,0.0002,0.2,250.45
NETGEAR N750 Dual Band Wi-Fi Gigabit Router,Canon imageCLASS MF7460 Monochrome Digital Laser Multifunction Copier,1,0.0002,0.1429,715.57
NETGEAR N750 Dual Band Wi-Fi Gigabit Router,DMI Arturo Collection Mission-style Design Wood Chair,1,0.0002,0.1429,65.05
NETGEAR N750 Dual Band Wi-Fi Gigabit Router,Panasonic Kx-TS550,1,0.0002,0.1429,102.22
NETGEAR N750 Dual Band Wi-Fi Gigabit Router,"Trav-L-File Heavy-Duty Shuttle II, Black",1,0.0002,0.1429,102.22
NETGEAR N750 Dual Band Wi-Fi Gigabit Router,"Sanyo Counter Height Refrigerator with Crisper, 3.6 Cubic Foot, Stainless Steel/Black",1,0.0002,0.1429,238.52
NETGEAR RangeMax WNR1000 Wireless Router,Cubify CubeX 3D Printer Double Head Print,1,0.0002,1.0,1669.67
NETGEAR RangeMax WNR1000 Wireless Router,GBC Ibimaster 500 Manual ProClick Binding System,1,0.0002,1.0,556.56
"Neat Ideas Personal Hanging Folder Files, Black",HTC One,1,0.0002,0.1429,178.89
"Neat Ideas Personal Hanging Folder Files, Black","Howard Miller 11-1/2"" Diameter Brentwood Wall Clock",1,0.0002,0.1429,178.89
"Neat Ideas Personal Hanging Folder Files, Black","Acco Pressboard Covers with Storage Hooks, 9 1/2"" x 11"", Executive Red",1,0.0002,0.1429,79.51
"Neat Ideas Personal Hanging Folder Files, Black",Avery 486,1,0.0002,0.1429,79.51
"Neat Ideas Personal Hanging Folder Files, Black",Avery 496,1,0.0002,0.1429,178.89
Newell 3-Hole Punched Plastic Slotted Magazine Holders for Binders,Xerox 1881,1,0.0002,0.1667,75.89
Newell 3-Hole Punched Plastic Slotted Magazine Holders for Binders,"Eldon Expressions Wood Desk Accessories, Oak",1,0.0002,0.1667,69.57
Newell 3-Hole Punched Plastic Slotted Magazine Holders for Binders,Avery 499,1,0.0002,0.1667,75.89
Newell 3-Hole Punched Plastic Slotted Magazine Holders for Binders,Bevis 44 x 96 Conference Tables,1,0.0002,0.1667,166.97
Newell 3-Hole Punched Plastic Slotted Magazine Holders for Binders,3M Organizer Strips,1,0.0002,0.1667,119.26
Newell 307,"Wirebound Message Books, Four 2 3/4"" x 5"" Forms per Page, 600 Sets per Book",1,0.0002,0.3333,185.52
Newell 307,Xerox 207,1,0.0002,0.3333,834.83
Newell 307,"Adams Telephone Message Book W/Dividers/Space For Phone Numbers, 5 1/4""X8 1/2"", 200/Messages",1,0.0002,0.3333,238.52
Newell 307,"Angle-D Binders with Locking Rings, Label Holders",1,0.0002,0.3333,166.97
Newell 307,Avery Binder Labels,1,0.0002,0.3333,417.42
Newell 308,Griffin GC17055 Auxiliary Audio Cable,1,0.0002,0.5,417.42
Newell 308,Wilson Jones Leather-Like Binders with DublLock Round Rings,1,0.0002,0.5,208.71
Newell 308,Acme Tagit Stainless Steel Antibacterial Scissors,1,0.0002,0.5,417.42
Newell 308,DMI Eclipse Executive Suite Bookcases,1,0.0002,0.5,417.42
Newell 308,GBC DocuBind P100 Manual Binding Machine,1,0.0002,0.5,313.06
Newell 309,Avery Fluorescent Highlighter Four-Color Set,1,0.0002,0.2,125.22
Newell 309,Global Commerce Series Low-Back Swivel/Tilt Chairs,1,0.0002,0.2,143.11
Newell 309,PayAnywhere Card Reader,1,0.0002,0.2,200.36
Newell 309,Xerox 1936,1,0.0002,0.2,333.93
Newell 309,Xerox 1937,1,0.0002,0.2,250.45
Newell 31,Boston Home & Office Model 2000 Electric Pencil Sharpeners,1,0.0002,0.2,166.97
Newell 31,Ibico Hi-Tech Manual Binding System,1,0.0002,0.2,91.07
Newell 31,"Premium Transparent Presentation Covers, No Pattern/Clear, 8 1/2"" x 11""",1,0.0002,0.2,143.11
Newell 31,Avery Heavy-Duty EZD View Binder with Locking Rings,1,0.0002,0.2,100.18
Newell 31,Brother DCP1000 Digital 3 in 1 Multifunction Machine,1,0.0002,0.2,143.11
Newell 310,"1.7 Cubic Foot Compact ""Cube"" Office Refrigerators",1,0.0002,0.1429,119.26
Newell 310,"Southworth 100% Résumé Paper, 24lb.",1,0.0002,0.1429,102.22
Newell 310,Avery 510,1,0.0002,0.1429,238.52
Newell 310,"Pressboard Data Binder, Crimson, 12"" X 8 1/2""",1,0.0002,0.1429,238.52
Newell 310,"Safco Wire Cube Shelving System, For Use as 4 or 5 14"" Cubes, Black",1,0.0002,0.1429,178.89
Newell 311,"Black Print Carbonless Snap-Off Rapid Letter, 8 1/2"" x 7""",1,0.0002,0.125,156.53
Newell 311,Peel & Seel Envelopes,1,0.0002,0.125,156.53
Newell 311,Razer Tiamat Over Ear 7.1 Surround Sound PC Gaming Headset,1,0.0002,0.125,89.45
Newell 311,"Tenex Contemporary Contur Chairmats for Low and Medium Pile Carpet, Computer, 39"" x 49""",1,0.0002,0.125,156.53
Newell 311,Avery Poly Binder Pockets,1,0.0002,0.125,78.27
Newell 312,Memorex Micro Travel Drive 8 GB,1,0.0002,0.0909,56.92
Newell 312,GBC DocuBind P50 Personal Binding Machine,1,0.0002,0.0909,45.54
Newell 312,Panasonic KX-TG6844B Expandable Digital Cordless Telephone,1,0.0002,0.0909,65.05
Newell 312,"Seth Thomas 16"" Steel Case Clock",1,0.0002,0.0909,91.07
Newell 312,"Fellowes Twister Kit, Gray/Clear, 3/pkg",1,0.0002,0.0909,45.54
Newell 313,Boston 16701 Slimline Battery Pencil Sharpener,1,0.0002,0.3333,834.83
Newell 313,Plantronics Single Ear Headset,1,0.0002,0.3333,1669.67
Newell 313,Riverleaf Stik-Withit Designer Note Cubes,1,0.0002,0.3333,333.93
Newell 313,"Verbatim 25 GB 6x Blu-ray Single Layer Recordable Disc, 3/Pack",1,0.0002,0.3333,278.28
Newell 313,Xerox 1960,1,0.0002,0.3333,278.28
Newell 314,Fellowes PB200 Plastic Comb Binding Machine,1,0.0002,0.1429,79.51
Newell 314,"Square Credit Card Reader, 4 1/2"" x 4 1/2"" x 1"", White",1,0.0002,0.1429,143.11
Newell 314,Staples,1,0.0002,0.1429,3.22
Newell 314,AT&T 17929 Lendline Telephone,1,0.0002,0.1429,71.56
Newell 314,Deflect-o Glass Clear Studded Chair Mats,1,0.0002,0.1429,102.22
Newell 315,Acco Hanging Data Binders,2,0.000399,0.3333,238.52
Newell 315,"Sanyo Counter Height Refrigerator with Crisper, 3.6 Cubic Foot, Stainless Steel/Black",1,0.0002,0.1667,278.28
Newell 315,Belkin Grip Candy Sheer Case / Cover for iPhone 5 and 5S,1,0.0002,0.1667,278.28
Newell 315,"Eureka The Boss Plus 12-Amp Hard Box Upright Vacuum, Red",1,0.0002,0.1667,139.14
Newell 315,GBC Plastic Binding Combs,1,0.0002,0.1667,83.48
Newell 316,Acco Smartsocket Color-Coded Six-Outlet AC Adapter Model Surge Protectors,1,0.0002,0.5,626.12
Newell 316,Heavy-Duty E-Z-D Binders,1,0.0002,0.5,313.06
Newell 317,"Global Push Button Manager's Chair, Indigo",1,0.0002,0.1429,79.51
Newell 317,"Office Star - Contemporary Task Swivel chair with Loop Arms, Charcoal",1,0.0002,0.1429,79.51
Newell 317,"SlimView Poly Binder, 3/8""",1,0.0002,0.1429,102.22
Newell 317,VTech DS6151,1,0.0002,0.1429,89.45
Newell 317,Wilson Jones Leather-Like Binders with DublLock Round Rings,1,0.0002,0.1429,59.63
Newell 318,"Acco Six-Outlet Power Strip, 4' Cord Length",1,0.0002,0.2,111.31
Newell 318,Avery File Folder Labels,1,0.0002,0.2,77.06
Newell 319,Advantus Panel Wall Acrylic Frame,1,0.0002,0.125,125.22
Newell 319,Cardinal Holdit Data Disk Pockets,1,0.0002,0.125,208.71
Newell 319,Eldon Mobile Mega Data Cart  Mega Stackable  Add-On Trays,1,0.0002,0.125,104.35
Newell 319,Staples,1,0.0002,0.125,2.82
Newell 319,"Bevis Oval Conference Table, Walnut",1,0.0002,0.125,78.27
Newell 32,Eldon Mobile Mega Data Cart  Mega Stackable  Add-On Trays,1,0.0002,0.1667,139.14
Newell 32,Global Comet Stacking Armless Chair,1,0.0002,0.1667,139.14
Newell 32,Safco Drafting Table,1,0.0002,0.1667,208.71
Newell 32,Belkin F9G930V10-GRY 9 Outlet Surge,1,0.0002,0.1667,166.97
Newell 32,"Bevis Round Bullnose 29"" High Table Top",1,0.0002,0.1667,166.97
Newell 320,Avery 513,1,0.0002,0.1429,143.11
Newell 320,Cisco IP Phone 7961G VoIP phone - Dark gray,1,0.0002,0.1429,238.52
Newell 320,Staples,1,0.0002,0.1429,3.22
Newell 320,Tensor Computer Mounted Lamp,1,0.0002,0.1429,89.45
Newell 320,Nu-Dell Executive Frame,1,0.0002,0.1429,119.26
Newell 321,AT&T CL82213,1,0.0002,0.25,250.45
Newell 321,Crayola Colored Pencils,1,0.0002,0.25,113.84
Newell 321,Martin Yale Chadless Opener Electric Letter Opener,1,0.0002,0.25,208.71
Newell 321,Xerox 1957,1,0.0002,0.25,208.71
Newell 321,Xerox 1996,1,0.0002,0.25,156.53
Newell 322,"Logitech B530 USB Headset - headset - Full size, Binaural",1,0.0002,0.1667,83.48
Newell 322,Multicolor Computer Printout Paper,1,0.0002,0.1667,166.97
Newell 322,Space Solutions Commercial Steel Shelving,1,0.0002,0.1667,119.26
Newell 322,Belkin F5C206VTEL 6 Outlet Surge,1,0.0002,0.1667,119.26
Newell 322,Chromcraft Rectangular Conference Tables,1,0.0002,0.1667,92.76
Newell 323,"Green Canvas Binder for 8-1/2"" x 14"" Sheets",1,0.0002,0.3333,333.93
Newell 324,Cush Cases Heavy Duty Rugged Cover Case for Samsung Galaxy S5 - Purple,1,0.0002,0.1429,119.26
Newell 324,Holmes Odor Grabber,1,0.0002,0.1429,89.45
Newell 324,Belkin 5 Outlet SurgeMaster Power Centers,1,0.0002,0.1429,71.56
Newell 324,"GBC Pre-Punched Binding Paper, Plastic, White, 8-1/2"" x 11""",1,0.0002,0.1429,89.45
Newell 324,Xerox 1945,1,0.0002,0.1429,89.45
Newell 325,"Avery Framed View Binder, EZD Ring (Locking), Navy, 1 1/2""",1,0.0002,0.1667,139.14
Newell 325,"Fellowes Twister Kit, Gray/Clear, 3/pkg",1,0.0002,0.1667,83.48
Newell 325,"Letter/Legal File Tote with Clear Snap-On Lid, Black Granite",1,0.0002,0.1667,208.71
Newell 325,Maxell LTO Ultrium - 800 GB,1,0.0002,0.1667,104.35
Newell 325,Novimex Fabric Task Chair,1,0.0002,0.1667,92.76
Newell 326,Avery Personal Creations Heavyweight Cards,1,0.0002,0.1667,278.28
Newell 326,Bevis Rectangular Conference Tables,1,0.0002,0.1667,208.71
Newell 326,"Bush Westfield Collection Bookcases, Dark Cherry Finish",1,0.0002,0.1667,278.28
Newell 326,DAX Wood Document Frame,1,0.0002,0.1667,92.76
Newell 326,Logitech Keyboard K120,1,0.0002,0.1667,278.28
Newell 327,"Howard Miller 13-1/2"" Diameter Rosebrook Wall Clock",1,0.0002,0.25,250.45
Newell 327,Razer Tiamat Over Ear 7.1 Surround Sound PC Gaming Headset,1,0.0002,0.25,178.89
Newell 327,Xerox 1906,1,0.0002,0.25,178.89
Newell 327,Xerox 1996,1,0.0002,0.25,156.53
Newell 327,Xerox 213,1,0.0002,0.25,208.71
Newell 328,Enermax Briskie RF Wireless Keyboard and Mouse Combo,1,0.0002,0.3333,333.93
Newell 328,GBC DocuBind TL200 Manual Binding Machine,1,0.0002,0.3333,278.28
Newell 328,"Trav-L-File Heavy-Duty Shuttle II, Black",1,0.0002,0.3333,238.52
Newell 329,Hoover WindTunnel Plus Canister Vacuum,1,0.0002,0.5,834.83
Newell 329,Ibico Standard Transparent Covers,1,0.0002,0.5,250.45
Newell 329,Panasonic KX T7731-B Digital phone,1,0.0002,0.5,834.83
Newell 329,"Safco Wire Cube Shelving System, For Use as 4 or 5 14"" Cubes, Black",1,0.0002,0.5,626.12
Newell 329,Xerox 1934,1,0.0002,0.5,500.9
Newell 33,Boston 16765 Mini Stand Up Battery Pencil Sharpener,1,0.0002,0.3333,417.42
Newell 33,Microsoft Natural Ergonomic Keyboard 4000,1,0.0002,0.3333,333.93
Newell 33,Avery Durable Slant Ring Binders,1,0.0002,0.3333,333.93
Newell 33,"Global Airflow Leather Mesh Back Chair, Black",1,0.0002,0.3333,185.52
Newell 330,"Carina 42""Hx23 3/4""W Media Storage Unit",1,0.0002,0.25,156.53
Newell 330,"Global Push Button Manager's Chair, Indigo",1,0.0002,0.25,139.14
Newell 330,Logitech Wireless Performance Mouse MX for PC and Mac,1,0.0002,0.25,178.89
Newell 330,"Ampad Gold Fibre Wirebound Steno Books, 6"" x 9"", Gregg Ruled",1,0.0002,0.25,156.53
Newell 330,AT&T 841000 Phone,1,0.0002,0.25,178.89
Newell 331,"1.7 Cubic Foot Compact ""Cube"" Office Refrigerators",1,0.0002,0.25,208.71
Newell 331,"Dixon Prang Watercolor Pencils, 10-Color Set with Brush",1,0.0002,0.25,178.89
Newell 332,Belkin F9H710-06 7 Outlet SurgeMaster Surge Protector,1,0.0002,0.2,125.22
Newell 332,Cardinal Slant-D Ring Binders,1,0.0002,0.2,200.36
Newell 332,"Tyvek  Top-Opening Peel & Seel  Envelopes, Gray",1,0.0002,0.2,333.93
Newell 332,Xerox 1896,1,0.0002,0.2,500.9
Newell 332,Canvas Sectional Post Binders,1,0.0002,0.2,166.97
Newell 333,Xerox 1966,1,0.0002,0.0909,75.89
Newell 333,Xerox 1967,1,0.0002,0.0909,91.07
Newell 333,3M Organizer Strips,1,0.0002,0.0909,65.05
Newell 333,Acco Suede Grain Vinyl Round Ring Binder,1,0.0002,0.0909,56.92
Newell 333,"Howard Miller 13-3/4"" Diameter Brushed Chrome Round Wall Clock",1,0.0002,0.0909,50.6
Newell 334,Global Troy Executive Leather Low-Back Tilter,1,0.0002,0.1667,92.76
Newell 334,"Hon 30"" x 60"" Table with Locking Drawer",1,0.0002,0.1667,278.28
Newell 334,AmazonBasics 3-Button USB Wired Mouse,1,0.0002,0.1667,166.97
Newell 334,"Eldon Expressions Wood Desk Accessories, Oak",1,0.0002,0.1667,69.57
Newell 334,"Acco Pressboard Covers with Storage Hooks, 9 1/2"" x 11"", Executive Red",1,0.0002,0.1667,92.76
Newell 335,"Acco PRESSTEX Data Binder with Storage Hooks, Dark Blue, 14 7/8"" X 11""",1,0.0002,0.25,178.89
Newell 335,Balt Split Level Computer Training Table,1,0.0002,0.25,250.45
Newell 335,"Lifetime Advantage Folding Chairs, 4/Carton",1,0.0002,0.25,178.89
Newell 335,Boston 19500 Mighty Mite Electric Pencil Sharpener,1,0.0002,0.25,313.06
Newell 335,O'Sullivan 3-Shelf Heavy-Duty Bookcases,1,0.0002,0.25,250.45
Newell 336,First Data FD10 PIN Pad,1,0.0002,0.25,250.45
Newell 336,Imation Clip USB flash drive - 8 GB,1,0.0002,0.25,178.89
Newell 336,Xerox 21,1,0.0002,0.25,178.89
Newell 336,Staples,1,0.0002,0.25,5.64
Newell 336,"Acco Flexible ACCOHIDE Square Ring Data Binder, Dark Blue, 11 1/2"" X 14"" 7/8""",1,0.0002,0.25,125.22
Newell 337,"Logitech B530 USB Headset - headset - Full size, Binaural",1,0.0002,0.5,250.45
Newell 337,Logitech MX Performance Wireless Mouse,1,0.0002,0.5,357.79
Newell 337,Cisco SPA525G2 IP Phone - Wireless,1,0.0002,0.5,500.9
Newell 337,Howard Miller Distant Time Traveler Alarm Clock,1,0.0002,0.5,417.42
Newell 337,Westinghouse Clip-On Gooseneck Lamps,1,0.0002,0.5,278.28
Newell 338,Belkin F9S820V06 8 Outlet Surge,1,0.0002,0.5,626.12
Newell 338,Embossed Ink Jet Note Cards,1,0.0002,0.5,626.12
Newell 338,"Howard Miller 11-1/2"" Diameter Ridgewood Wall Clock",1,0.0002,0.5,417.42
Newell 338,Peel & Stick Add-On Corner Pockets,1,0.0002,0.5,357.79
Newell 338,Standard Rollaway File with Lock,1,0.0002,0.5,250.45
Newell 339,Acme Elite Stainless Steel Scissors,1,0.0002,0.3333,333.93
Newell 339,Boston 1645 Deluxe Heavier-Duty Electric Pencil Sharpener,1,0.0002,0.3333,238.52
Newell 339,Storex Dura Pro Binders,1,0.0002,0.3333,98.22
Newell 339,Xerox 231,1,0.0002,0.3333,333.93
Newell 339,Staples,1,0.0002,0.3333,7.52
Newell 34,Staples,3,0.000599,0.4286,9.67
Newell 34,"#10 White Business Envelopes,4 1/8 x 9 1/2",1,0.0002,0.1429,102.22
Newell 34,Polycom CX300 Desktop Phone USB VoIP phone,1,0.0002,0.1429,143.11
Newell 34,"Wirebound Four 2-3/4 x 5 Forms per Page, 400 Sets per Book",1,0.0002,0.1429,119.26
Newell 34,Xerox 1971,1,0.0002,0.1429,119.26
Newell 340,GBC Plastic Binding Combs,1,0.0002,0.5,250.45
Newell 340,Plantronics Audio 478 Stereo USB Headset,1,0.0002,0.5,278.28
Newell 341,Cisco SPA 501G IP Phone,1,0.0002,0.1429,715.57
Newell 341,"Wilson Jones Hanging View Binder, White, 1""",1,0.0002,0.1429,102.22
Newell 341,Xerox 1936,1,0.0002,0.1429,238.52
Newell 341,Hon 94000 Series Round Tables,1,0.0002,0.1429,143.11
Newell 341,Xerox 204,1,0.0002,0.1429,178.89
Newell 342,50 Colored Long Pencils,1,0.0002,1.0,1001.8
Newell 342,Belkin Grip Candy Sheer Case / Cover for iPhone 5 and 5S,1,0.0002,1.0,1669.67
Newell 342,Boston 1645 Deluxe Heavier-Duty Electric Pencil Sharpener,1,0.0002,1.0,715.57
Newell 342,Fellowes Bankers Box Recycled Super Stor/Drawer,1,0.0002,1.0,715.57
Newell 342,Newell 345,1,0.0002,1.0,556.56
Newell 343,Fellowes PB200 Plastic Comb Binding Machine,1,0.0002,0.1429,79.51
Newell 343,Ibico Plastic Spiral Binding Combs,1,0.0002,0.1429,55.04
Newell 343,Strathmore Photo Frame Cards,1,0.0002,0.1429,178.89
Newell 343,Xerox 1944,1,0.0002,0.1429,119.26
Newell 343,"Acco 7-Outlet Masterpiece Power Center, Wihtout Fax/Phone Line Protection",1,0.0002,0.1429,102.22
Newell 344,Fellowes PB500 Electric Punch Plastic Comb Binding Machine with Manual Bind,1,0.0002,0.1667,83.48
Newell 344,Personal File Boxes with Fold-Down Carry Handle,1,0.0002,0.1667,166.97
Newell 344,Rogers Handheld Barrel Pencil Sharpener,1,0.0002,0.1667,119.26
Newell 344,"Advantus Employee of the Month Certificate Frame, 11 x 13-1/2",1,0.0002,0.1667,166.97
Newell 344,Fellowes Super Stor/Drawer Files,1,0.0002,0.1667,92.76
Newell 345,Acme Forged Steel Scissors with Black Enamel Handles,1,0.0002,0.1111,69.57
Newell 345,GBC Wire Binding Combs,1,0.0002,0.1111,79.51
Newell 345,Logitech Wireless Gaming Headset G930,1,0.0002,0.1111,92.76
Newell 345,Xerox 1891,1,0.0002,0.1111,79.51
Newell 345,GBC Premium Transparent Covers with Diagonal Lined Pattern,1,0.0002,0.1111,39.75
Newell 346,"GE General Purpose, Extra Long Life, Showcase & Floodlight Incandescent Bulbs",1,0.0002,0.2,143.11
Newell 346,Logitech ClearChat Comfort/USB Headset H390,1,0.0002,0.2,166.97
Newell 346,Newell 326,1,0.0002,0.2,166.97
Newell 346,Avery 488,1,0.0002,0.2,166.97
Newell 346,Samsung Galaxy S4 Mini,1,0.0002,0.2,200.36
Newell 347,Avery 495,1,0.0002,0.1429,178.89
Newell 347,#6 3/4 Gummed Flap White Envelopes,1,0.0002,0.1429,178.89
Newell 347,Accohide Poly Flexible Ring Binders,1,0.0002,0.1429,89.45
Newell 347,"Avery 4027 File Folder Labels for Dot Matrix Printers, 5000 Labels per Box, White",1,0.0002,0.1429,65.05
Newell 347,"Tennsco Lockers, Sand",1,0.0002,0.1429,143.11
Newell 348,"Hot File 7-Pocket, Floor Stand",1,0.0002,0.1667,64.22
Newell 348,"Maxell 74 Minute CD-R Spindle, 50/Pack",1,0.0002,0.1667,166.97
Newell 348,Xerox 1965,1,0.0002,0.1667,208.71
Newell 348,Safco Commercial Shelving,1,0.0002,0.1667,166.97
Newell 348,Telescoping Adjustable Floor Lamp,1,0.0002,0.1667,139.14
Newell 349,Avery 509,1,0.0002,0.3333,417.42
Newell 349,Hon Mobius Operator's Chair,1,0.0002,0.3333,333.93
Newell 349,Sony 32GB Class 10 Micro SDHC R40 Memory Card,1,0.0002,0.3333,417.42
Newell 349,Spiral Phone Message Books with Labels by Adams,1,0.0002,0.3333,417.42
Newell 35,Avery Non-Stick Heavy Duty View Round Locking Ring Binders,1,0.0002,0.1111,185.52
Newell 35,Bionaire Personal Warm Mist Humidifier/Vaporizer,1,0.0002,0.1111,185.52
Newell 35,"Memo Book, 100 Message Capacity, 5 3/8 x 11",1,0.0002,0.1111,185.52
Newell 35,Wilson Jones 14 Line Acrylic Coated Pressboard Data Binders,1,0.0002,0.1111,139.14
Newell 35,"BIC Brite Liner Grip Highlighters, Assorted, 5/Pack",1,0.0002,0.1111,92.76
Newell 350,"Adams ""While You Were Out"" Message Pads",1,0.0002,0.1667,166.97
Newell 350,Xerox 1933,1,0.0002,0.1667,166.97
Newell 350,Newell 333,1,0.0002,0.1667,75.89
Newell 350,Xerox 2,1,0.0002,0.1667,92.76
Newell 351,"Advantus Push Pins, Aluminum Head",1,0.0002,0.1429,143.11
Newell 351,Ativa MDM8000 8-Sheet Micro-Cut Shredder,1,0.0002,0.1429,357.79
Newell 351,"Binney & Smith inkTank Desk Highlighter, Chisel Tip, Yellow, 12/Box",1,0.0002,0.1429,143.11
Newell 351,Ibico Covers for Plastic or Wire Binding Elements,1,0.0002,0.1429,102.22
Newell 351,"Logitech B530 USB Headset - headset - Full size, Binaural",1,0.0002,0.1429,71.56
Newell Chalk Holder,"Contico 72""H Heavy-Duty Storage System",1,0.0002,0.1429,143.11
Newell Chalk Holder,"Global Leather and Oak Executive Chair, Black",1,0.0002,0.1429,89.45
Newell Chalk Holder,Office Star - Task Chair with Contemporary Loop Arms,1,0.0002,0.1429,357.79
Newell Chalk Holder,"Eldon Expressions Wood and Plastic Desk Accessories, Oak",1,0.0002,0.1429,143.11
Newell Chalk Holder,Office Star Flex Back Scooter Chair with Aluminum Finish Frame,1,0.0002,0.1429,119.26
Nokia Lumia 1020,Avery Durable Binders,1,0.0002,1.0,417.42
Nokia Lumia 1020,Bretford Just In Time Height-Adjustable Multi-Task Work Tables,1,0.0002,1.0,1252.25
Nokia Lumia 521 (T-Mobile),AT&T TR1909W,1,0.0002,0.2,250.45
Nokia Lumia 521 (T-Mobile),HP Standard 104 key PS/2 Keyboard,1,0.0002,0.2,166.97
Nokia Lumia 521 (T-Mobile),Avery 488,1,0.0002,0.2,166.97
Nokia Lumia 521 (T-Mobile),"Sauder Forest Hills Library with Doors, Woodland Oak Finish",1,0.0002,0.2,333.93
Nokia Lumia 925,Kingston Digital DataTraveler 32GB USB 2.0,1,0.0002,0.3333,238.52
Nokia Lumia 925,O'Sullivan 2-Door Barrister Bookcase in Odessa Pine,1,0.0002,0.3333,238.52
Nokia Lumia 925,Xerox 1945,1,0.0002,0.3333,208.71
Nokia Lumia 925,"Eldon 400 Class Desk Accessories, Black Carbon",1,0.0002,0.3333,278.28
Nokia Lumia 925,Fellowes Stor/Drawer Steel Plus Storage Drawers,1,0.0002,0.3333,208.71
Nontoxic Chalk,"Hon 30"" x 60"" Table with Locking Drawer",1,0.0002,0.125,208.71
Nontoxic Chalk,Hon 4060 Series Tables,1,0.0002,0.125,156.53
Nontoxic Chalk,"Permanent Self-Adhesive File Folder Labels for Typewriters, 1 1/8 x 3 1/2, White",1,0.0002,0.125,104.35
Nontoxic Chalk,Southworth Parchment Paper & Envelopes,1,0.0002,0.125,104.35
Nontoxic Chalk,Tennsco Single-Tier Lockers,1,0.0002,0.125,78.27
Nortel Business Series Terminal T7208 Digital phone,"Barricks Non-Folding Utility Table with Steel Legs, Laminate Tops",1,0.0002,0.3333,1669.67
Nortel Business Series Terminal T7208 Digital phone,XtraLife ClearVue Slant-D Ring Binders by Cardinal,1,0.0002,0.3333,333.93
Nortel Meridian M3904 Professional Digital phone,Boston 1900 Electric Pencil Sharpener,1,0.0002,0.1,500.9
Nortel Meridian M3904 Professional Digital phone,Deflect-o Glass Clear Studded Chair Mats,1,0.0002,0.1,71.56
Nortel Meridian M3904 Professional Digital phone,Hon Mobius Operator's Chair,1,0.0002,0.1,100.18
Nortel Meridian M3904 Professional Digital phone,"Rush Hierlooms Collection 1"" Thick Stackable Bookcases",1,0.0002,0.1,125.22
Nortel Meridian M3904 Professional Digital phone,"Fellowes Premier Superior Surge Suppressor, 10-Outlet, With Phone and Remote",1,0.0002,0.1,71.56
Nortel Meridian M5316 Digital phone,High-Back Leather Manager's Chair,1,0.0002,0.25,139.14
Nortel Meridian M5316 Digital phone,Polycom VVX 310 VoIP phone,1,0.0002,0.25,156.53
Nortel Meridian M5316 Digital phone,Storex Flexible Poly Binders with Double Pockets,1,0.0002,0.25,417.42
Nortel Meridian M5316 Digital phone,"Avery Trapezoid Ring Binder, 3"" Capacity, Black, 1040 sheets",1,0.0002,0.25,178.89
Nortel Meridian M5316 Digital phone,Desktop 3-Pocket Hot File,1,0.0002,0.25,626.12
Nortel Networks T7316 E Nt8 B27,Plantronics Encore H101 Dual Earpieces Headset,1,0.0002,0.1667,119.26
Nortel Networks T7316 E Nt8 B27,Staples,1,0.0002,0.1667,3.76
Nortel Networks T7316 E Nt8 B27,"Wilson Jones Ledger-Size, Piano-Hinge Binder, 2"", Blue",1,0.0002,0.1667,69.57
Nortel Networks T7316 E Nt8 B27,Xerox 1971,1,0.0002,0.1667,139.14
Nortel Networks T7316 E Nt8 B27,Berol Giant Pencil Sharpener,1,0.0002,0.1667,208.71
Novimex Fabric Task Chair,"Avery Framed View Binder, EZD Ring (Locking), Navy, 1 1/2""",1,0.0002,0.1111,92.76
Novimex Fabric Task Chair,"Fellowes Twister Kit, Gray/Clear, 3/pkg",1,0.0002,0.1111,55.66
Novimex Fabric Task Chair,"Letter/Legal File Tote with Clear Snap-On Lid, Black Granite",1,0.0002,0.1111,139.14
Novimex Fabric Task Chair,Maxell LTO Ultrium - 800 GB,1,0.0002,0.1111,69.57
Novimex Fabric Task Chair,Newell 325,1,0.0002,0.1111,92.76
Novimex High-Tech Fabric Mesh Task Chair,"Dot Matrix Printer Tape Reel Labels, White, 5000/Box",1,0.0002,0.25,156.53
Novimex High-Tech Fabric Mesh Task Chair,"Bevis Round Conference Table Top, X-Base",1,0.0002,0.25,208.71
Novimex High-Tech Fabric Mesh Task Chair,O'Sullivan 4-Shelf Bookcase in Odessa Pine,1,0.0002,0.25,178.89
Novimex High-Tech Fabric Mesh Task Chair,Self-Adhesive Removable Labels,1,0.0002,0.25,178.89
Novimex High-Tech Fabric Mesh Task Chair,Sharp AL-1530CS Digital Copier,1,0.0002,0.25,313.06
Novimex Swivel Fabric Task Chair,"Black Print Carbonless 8 1/2"" x 8 1/4"" Rapid Memo Book",1,0.0002,0.125,156.53
Novimex Swivel Fabric Task Chair,Ideal Clamps,1,0.0002,0.125,78.27
Novimex Swivel Fabric Task Chair,"Tensor ""Hersey Kiss"" Styled Floor Lamp",1,0.0002,0.125,208.71
Novimex Swivel Fabric Task Chair,"Global Stack Chair with Arms, Black",1,0.0002,0.125,89.45
Novimex Swivel Fabric Task Chair,StarTech.com 10/100 VDSL2 Ethernet Extender Kit,1,0.0002,0.125,156.53
Novimex Turbo Task Chair,"Array Parchment Paper, Assorted Colors",1,0.0002,0.1667,208.71
Novimex Turbo Task Chair,Home/Office Personal File Carts,1,0.0002,0.1667,119.26
Novimex Turbo Task Chair,Imation 8gb Micro Traveldrive Usb 2.0 Flash Drive,1,0.0002,0.1667,104.35
Novimex Turbo Task Chair,Plastic Binding Combs,1,0.0002,0.1667,166.97
Novimex Turbo Task Chair,Prang Dustless Chalk Sticks,1,0.0002,0.1667,104.35
Nu-Dell EZ-Mount Plastic Wall Frames,Fellowes Desktop Hanging File Manager,1,0.0002,0.5,626.12
Nu-Dell EZ-Mount Plastic Wall Frames,Hon 4070 Series Pagoda Round Back Stacking Chairs,1,0.0002,0.5,357.79
Nu-Dell EZ-Mount Plastic Wall Frames,Mitel MiVoice 5330e IP Phone,1,0.0002,0.5,278.28
Nu-Dell EZ-Mount Plastic Wall Frames,Zebra ZM400 Thermal Label Printer,1,0.0002,0.5,1252.25
Nu-Dell EZ-Mount Plastic Wall Frames,"Eldon Executive Woodline II Desk Accessories, Mahogany",1,0.0002,0.5,500.9
Nu-Dell Executive Frame,Cisco SPA508G,1,0.0002,0.1667,166.97
Nu-Dell Executive Frame,Newell 320,1,0.0002,0.1667,119.26
Nu-Dell Executive Frame,Imation Secure Drive + Hardware Encrypted USB flash drive - 16 GB,1,0.0002,0.1667,139.14
Nu-Dell Float Frame 11 x 14 1/2,"Acco Smartsocket Table Surge Protector, 6 Color-Coded Adapter Outlets",1,0.0002,0.1429,238.52
Nu-Dell Float Frame 11 x 14 1/2,Globe Weis Peel & Seel First Class Envelopes,1,0.0002,0.1429,102.22
Nu-Dell Float Frame 11 x 14 1/2,Motorola Droid Maxx,1,0.0002,0.1429,178.89
Nu-Dell Float Frame 11 x 14 1/2,Sharp 1540cs Digital Laser Copier,1,0.0002,0.1429,102.22
Nu-Dell Float Frame 11 x 14 1/2,#6 3/4 Gummed Flap White Envelopes,1,0.0002,0.1429,178.89
Nu-Dell Leatherette Frames,Wilson Jones Custom Binder Spines & Labels,1,0.0002,0.3333,238.52
Nu-Dell Leatherette Frames,Xerox 189,1,0.0002,0.3333,278.28
Nu-Dell Leatherette Frames,Xerox 1897,1,0.0002,0.3333,417.42
Nu-Dell Leatherette Frames,Avery Durable Binders,1,0.0002,0.3333,139.14
Nu-Dell Leatherette Frames,"Avery Hi-Liter EverBold Pen Style Fluorescent Highlighters, 4/Pack",1,0.0002,0.3333,278.28
Nu-Dell Oak Frame,"SAFCO PlanMaster Boards, 60w x 37-1/2d, White Melamine",1,0.0002,0.3333,333.93
Nu-Dell Oak Frame,Avery Binding System Hidden Tab Executive Style Index Sets,1,0.0002,0.3333,208.71
Nu-Dell Oak Frame,"File Shuttle II and Handi-File, Black",1,0.0002,0.3333,238.52
Nu-Dell Oak Frame,Logitech G700s Rechargeable Gaming Mouse,1,0.0002,0.3333,185.52
Nu-Dell Oak Frame,OtterBox Defender Series Case - iPhone 5c,1,0.0002,0.3333,834.83
O'Sullivan 2-Door Barrister Bookcase in Odessa Pine,Carina Double Wide Media Storage Towers in Natural & Black,1,0.0002,0.1429,59.63
O'Sullivan 2-Door Barrister Bookcase in Odessa Pine,Eldon Wave Desk Accessories,1,0.0002,0.1429,51.11
O'Sullivan 2-Door Barrister Bookcase in Odessa Pine,GBC Wire Binding Combs,1,0.0002,0.1429,102.22
O'Sullivan 2-Door Barrister Bookcase in Odessa Pine,"Hot File 7-Pocket, Floor Stand",1,0.0002,0.1429,55.04
O'Sullivan 2-Door Barrister Bookcase in Odessa Pine,invisibleSHIELD by ZAGG Smudge-Free Screen Protector,1,0.0002,0.1429,102.22
O'Sullivan 2-Shelf Heavy-Duty Bookcases,"BOSTON Ranger #55 Pencil Sharpener, Black",1,0.0002,0.1667,92.76
O'Sullivan 2-Shelf Heavy-Duty Bookcases,OIC Stacking Trays,1,0.0002,0.1667,139.14
O'Sullivan 2-Shelf Heavy-Duty Bookcases,Tennsco Industrial Shelving,1,0.0002,0.1667,92.76
O'Sullivan 2-Shelf Heavy-Duty Bookcases,Global Executive Mid-Back Manager's Chair,1,0.0002,0.1667,139.14
O'Sullivan 2-Shelf Heavy-Duty Bookcases,Longer-Life Soft White Bulbs,1,0.0002,0.1667,83.48
O'Sullivan 3-Shelf Heavy-Duty Bookcases,Apple iPhone 5S,1,0.0002,0.2,250.45
O'Sullivan 3-Shelf Heavy-Duty Bookcases,Plantronics CS510 - Over-the-Head monaural Wireless Headset System,1,0.0002,0.2,100.18
O'Sullivan 3-Shelf Heavy-Duty Bookcases,Plastic Stacking Crates & Casters,1,0.0002,0.2,250.45
O'Sullivan 3-Shelf Heavy-Duty Bookcases,Xerox 216,1,0.0002,0.2,125.22
O'Sullivan 3-Shelf Heavy-Duty Bookcases,Boston 19500 Mighty Mite Electric Pencil Sharpener,1,0.0002,0.2,250.45
O'Sullivan 4-Shelf Bookcase in Odessa Pine,"GBC Standard Recycled Report Covers, Clear Plastic Sheets",2,0.000399,0.2857,119.26
O'Sullivan 4-Shelf Bookcase in Odessa Pine,"TOPS Carbonless Receipt Book, Four 2-3/4 x 7-1/4 Money Receipts per Page",1,0.0002,0.1429,178.89
O'Sullivan 4-Shelf Bookcase in Odessa Pine,"Tyvek  Top-Opening Peel & Seel Envelopes, Plain White",1,0.0002,0.1429,102.22
O'Sullivan 4-Shelf Bookcase in Odessa Pine,"Bevis Round Conference Table Top, X-Base",1,0.0002,0.1429,119.26
O'Sullivan 4-Shelf Bookcase in Odessa Pine,Novimex High-Tech Fabric Mesh Task Chair,1,0.0002,0.1429,178.89
O'Sullivan 5-Shelf Heavy-Duty Bookcases,"Executive Impressions 14"" Contract Wall Clock with Quartz Movement",1,0.0002,0.25,626.12
O'Sullivan 5-Shelf Heavy-Duty Bookcases,Maxell CD-R Discs,1,0.0002,0.25,417.42
O'Sullivan 5-Shelf Heavy-Duty Bookcases,SanDisk Ultra 16 GB MicroSDHC Class 10 Memory Card,1,0.0002,0.25,178.89
O'Sullivan 5-Shelf Heavy-Duty Bookcases,Staples,1,0.0002,0.25,5.64
O'Sullivan 5-Shelf Heavy-Duty Bookcases,"Barricks 18"" x 48"" Non-Folding Utility Table with Bottom Storage Shelf",1,0.0002,0.25,250.45
O'Sullivan Cherrywood Estates Traditional Barrister Bookcase,"Atlantic Metals Mobile 3-Shelf Bookcases, Custom Colors",1,0.0002,0.5,313.06
O'Sullivan Cherrywood Estates Traditional Barrister Bookcase,Avery Durable Binders,1,0.0002,0.5,208.71
O'Sullivan Cherrywood Estates Traditional Barrister Bookcase,Pyle PMP37LED,1,0.0002,0.5,250.45
O'Sullivan Cherrywood Estates Traditional Bookcase,Fellowes Advanced Computer Series Surge Protectors,1,0.0002,0.5,417.42
O'Sullivan Cherrywood Estates Traditional Bookcase,Tops Wirebound Message Log Books,1,0.0002,0.5,417.42
O'Sullivan Cherrywood Estates Traditional Bookcase,Acco Translucent Poly Ring Binders,1,0.0002,0.5,313.06
O'Sullivan Cherrywood Estates Traditional Bookcase,Carina Double Wide Media Storage Towers in Natural & Black,1,0.0002,0.5,208.71
O'Sullivan Cherrywood Estates Traditional Bookcase,Logitech Illuminated - Keyboard,1,0.0002,0.5,417.42
"O'Sullivan Elevations Bookcase, Cherry Finish",4009 Highlighters by Sanford,1,0.0002,0.2,125.22
"O'Sullivan Elevations Bookcase, Cherry Finish",Tennsco 6- and 18-Compartment Lockers,1,0.0002,0.2,91.07
"O'Sullivan Elevations Bookcase, Cherry Finish",Jackery Bar Premium Fast-charging Portable Charger,1,0.0002,0.2,250.45
"O'Sullivan Elevations Bookcase, Cherry Finish",Durable Pressboard Binders,1,0.0002,0.2,500.9
"O'Sullivan Elevations Bookcase, Cherry Finish",Pressboard Data Binders by Wilson Jones,1,0.0002,0.2,125.22
O'Sullivan Living Dimensions 2-Shelf Bookcases,Avery Non-Stick Binders,1,0.0002,0.1,25.04
O'Sullivan Living Dimensions 2-Shelf Bookcases,Eldon Portable Mobile Manager,1,0.0002,0.1,55.66
O'Sullivan Living Dimensions 2-Shelf Bookcases,Premier Automatic Letter Opener,1,0.0002,0.1,100.18
O'Sullivan Living Dimensions 2-Shelf Bookcases,Serrated Blade or Curved Handle Hand Letter Openers,1,0.0002,0.1,250.45
O'Sullivan Living Dimensions 2-Shelf Bookcases,AT&T 1080 Corded phone,1,0.0002,0.1,71.56
O'Sullivan Living Dimensions 3-Shelf Bookcases,"Universal Recycled Hanging Pressboard Report Binders, Letter Size",1,0.0002,0.25,250.45
O'Sullivan Living Dimensions 3-Shelf Bookcases,Xerox 1900,1,0.0002,0.25,178.89
O'Sullivan Living Dimensions 3-Shelf Bookcases,Fellowes Super Stor/Drawer Files,1,0.0002,0.25,139.14
O'Sullivan Living Dimensions 3-Shelf Bookcases,Self-Adhesive Removable Labels,1,0.0002,0.25,178.89
O'Sullivan Living Dimensions 3-Shelf Bookcases,Cardinal Holdit Business Card Pockets,1,0.0002,0.25,156.53
O'Sullivan Living Dimensions 5-Shelf Bookcases,"Angle-D Binders with Locking Rings, Label Holders",1,0.0002,0.1667,83.48
O'Sullivan Living Dimensions 5-Shelf Bookcases,Logitech 910-002974 M325 Wireless Mouse for Web Scrolling,1,0.0002,0.1667,55.66
O'Sullivan Living Dimensions 5-Shelf Bookcases,"Commercial WindTunnel Clean Air Upright Vacuum, Replacement Belts, Filtration Bags",1,0.0002,0.1667,119.26
O'Sullivan Living Dimensions 5-Shelf Bookcases,G.E. Halogen Desk Lamp Bulbs,1,0.0002,0.1667,166.97
O'Sullivan Living Dimensions 5-Shelf Bookcases,"Seth Thomas 14"" Day/Date Wall Clock",1,0.0002,0.1667,139.14
O'Sullivan Manor Hill 2-Door Library in Brianna Oak,Self-Adhesive Address Labels for Typewriters by Universal,1,0.0002,0.25,178.89
O'Sullivan Manor Hill 2-Door Library in Brianna Oak,Sharp 1540cs Digital Laser Copier,1,0.0002,0.25,178.89
O'Sullivan Manor Hill 2-Door Library in Brianna Oak,Avery 505,1,0.0002,0.25,178.89
O'Sullivan Manor Hill 2-Door Library in Brianna Oak,Avery Hole Reinforcements,1,0.0002,0.25,139.14
O'Sullivan Manor Hill 2-Door Library in Brianna Oak,Xerox 1906,1,0.0002,0.25,178.89
O'Sullivan Plantations 2-Door Library in Landvery Oak,Belkin F9G930V10-GRY 9 Outlet Surge,1,0.0002,0.2,200.36
O'Sullivan Plantations 2-Door Library in Landvery Oak,Bevis Round Conference Table Top & Single Column Base,1,0.0002,0.2,200.36
O'Sullivan Plantations 2-Door Library in Landvery Oak,Ames Color-File Green Diamond Border X-ray Mailers,1,0.0002,0.2,250.45
O'Sullivan Plantations 2-Door Library in Landvery Oak,"Crayola Anti Dust Chalk, 12/Pack",1,0.0002,0.2,143.11
O'Sullivan Plantations 2-Door Library in Landvery Oak,Xerox 214,1,0.0002,0.2,111.31
"OIC #2 Pencils, Medium Soft",Avery 505,2,0.000399,0.2857,204.45
"OIC #2 Pencils, Medium Soft",Wireless Extenders zBoost YX545 SOHO Signal Booster,1,0.0002,0.1429,102.22
"OIC #2 Pencils, Medium Soft","Multi-Use Personal File Cart and Caster Set, Three Stacking Bins",1,0.0002,0.1429,143.11
"OIC #2 Pencils, Medium Soft",Holmes HEPA Air Purifier,1,0.0002,0.1429,119.26
"OIC #2 Pencils, Medium Soft",Ooma Telo VoIP Home Phone System,1,0.0002,0.1429,143.11
OIC Binder Clips,Eldon Wave Desk Accessories,2,0.000399,0.2857,102.22
OIC Binder Clips,GBC DocuBind P400 Electric Binding System,1,0.0002,0.1429,119.26
OIC Binder Clips,"Permanent Self-Adhesive File Folder Labels for Typewriters, 1 1/8 x 3 1/2, White",1,0.0002,0.1429,119.26
OIC Binder Clips,Poly Designer Cover & Back,1,0.0002,0.1429,102.22
OIC Binder Clips,"Ampad Phone Message Book, Recycled, 400 Message Capacity, 5 ¾ x 11",1,0.0002,0.1429,143.11
"OIC Binder Clips, Mini, 1/4"" Capacity, Black",Hon Olson Stacker Stools,1,0.0002,0.2,100.18
"OIC Binder Clips, Mini, 1/4"" Capacity, Black",Avery 489,1,0.0002,0.2,200.36
"OIC Binder Clips, Mini, 1/4"" Capacity, Black","Binney & Smith Crayola Metallic Colored Pencils, 8-Color Set",1,0.0002,0.2,143.11
"OIC Binder Clips, Mini, 1/4"" Capacity, Black","Gould Plastics 9-Pocket Panel Bin, 18-3/8w x 5-1/4d x 20-1/2h, Black",1,0.0002,0.2,166.97
"OIC Binder Clips, Mini, 1/4"" Capacity, Black",HP Office Recycled Paper (20Lb. and 87 Bright),1,0.0002,0.2,250.45
OIC Bulk Pack Metal Binder Clips,Acco 6 Outlet Guardian Premium Surge Suppressor,1,0.0002,0.125,78.27
OIC Bulk Pack Metal Binder Clips,Acme Tagit Stainless Steel Antibacterial Scissors,1,0.0002,0.125,104.35
OIC Bulk Pack Metal Binder Clips,DMI Eclipse Executive Suite Bookcases,1,0.0002,0.125,104.35
OIC Bulk Pack Metal Binder Clips,GBC DocuBind P100 Manual Binding Machine,1,0.0002,0.125,78.27
OIC Bulk Pack Metal Binder Clips,"Global Fabric Manager's Chair, Dark Gray",1,0.0002,0.125,69.57
"OIC Colored Binder Clips, Assorted Sizes","Redi-Strip #10 Envelopes, 4 1/8 x 9 1/2",1,0.0002,0.1429,102.22
"OIC Colored Binder Clips, Assorted Sizes","Tyvek  Top-Opening Peel & Seel Envelopes, Plain White",1,0.0002,0.1429,102.22
"OIC Colored Binder Clips, Assorted Sizes",Xerox 1921,1,0.0002,0.1429,238.52
"OIC Colored Binder Clips, Assorted Sizes","#10- 4 1/8"" x 9 1/2"" Recycled Envelopes",1,0.0002,0.1429,71.56
"OIC Colored Binder Clips, Assorted Sizes","DataProducts Ampli Magnifier Task Lamp, Black,",1,0.0002,0.1429,143.11
OIC Stacking Trays,Xerox 1885,1,0.0002,0.1667,166.97
OIC Stacking Trays,Jawbone JAMBOX Wireless Bluetooth Speaker,1,0.0002,0.1667,278.28
OIC Stacking Trays,Staples,1,0.0002,0.1667,3.76
OIC Stacking Trays,O'Sullivan 2-Shelf Heavy-Duty Bookcases,1,0.0002,0.1667,139.14
OIC Stacking Trays,Tennsco Industrial Shelving,1,0.0002,0.1667,92.76
OIC Thumb-Tacks,Boston Home & Office Model 2000 Electric Pencil Sharpeners,1,0.0002,0.3333,278.28
OIC Thumb-Tacks,Acme Value Line Scissors,1,0.0002,0.3333,166.97
OIC Thumb-Tacks,C-Line Cubicle Keepers Polyproplyene Holder With Velcro Backings,1,0.0002,0.3333,208.71
OIC Thumb-Tacks,"Holmes Replacement Filter for HEPA Air Cleaner, Medium Room",1,0.0002,0.3333,417.42
OIC Thumb-Tacks,Logitech Wireless Performance Mouse MX for PC and Mac,1,0.0002,0.3333,238.52
"Office Impressions End Table, 20-1/2""H x 24""W x 20""D",Advantus Motivational Note Cards,1,0.0002,0.2,200.36
"Office Impressions End Table, 20-1/2""H x 24""W x 20""D",Akro Stacking Bins,1,0.0002,0.2,166.97
"Office Impressions End Table, 20-1/2""H x 24""W x 20""D",Canon PC170 Desktop Personal Copier,1,0.0002,0.2,500.9
"Office Impressions End Table, 20-1/2""H x 24""W x 20""D","White Envelopes, White Envelopes with Clear Poly Window",1,0.0002,0.2,200.36
"Office Impressions End Table, 20-1/2""H x 24""W x 20""D",Deflect-o DuraMat Antistatic Studded Beveled Mat for Medium Pile Carpeting,1,0.0002,0.2,200.36
Office Impressions Heavy Duty Welded Shelving & Multimedia Storage Drawers,Fellowes Bankers Box Recycled Super Stor/Drawer,1,0.0002,0.2,143.11
Office Impressions Heavy Duty Welded Shelving & Multimedia Storage Drawers,Jawbone MINI JAMBOX Wireless Bluetooth Speaker,1,0.0002,0.2,200.36
Office Impressions Heavy Duty Welded Shelving & Multimedia Storage Drawers,Xerox 2,1,0.0002,0.2,111.31
Office Impressions Heavy Duty Welded Shelving & Multimedia Storage Drawers,Avery File Folder Labels,1,0.0002,0.2,77.06
Office Impressions Heavy Duty Welded Shelving & Multimedia Storage Drawers,Bulldog Vacuum Base Pencil Sharpener,1,0.0002,0.2,166.97
Office Star - Contemporary Swivel Chair with Padded Adjustable Arms and Flex Back,Staples,2,0.000399,0.2857,6.45
Office Star - Contemporary Swivel Chair with Padded Adjustable Arms and Flex Back,Xerox 188,1,0.0002,0.1429,89.45
Office Star - Contemporary Swivel Chair with Padded Adjustable Arms and Flex Back,Advantus Panel Wall Certificate Holder - 8.5x11,1,0.0002,0.1429,119.26
Office Star - Contemporary Swivel Chair with Padded Adjustable Arms and Flex Back,Carina Media Storage Towers in Natural & Black,1,0.0002,0.1429,143.11
Office Star - Contemporary Swivel Chair with Padded Adjustable Arms and Flex Back,"DAX Contemporary Wood Frame with Silver Metal Mat, Desktop, 11 x 14 Size",1,0.0002,0.1429,143.11
Office Star - Contemporary Task Swivel Chair,"Acco PRESSTEX Data Binder with Storage Hooks, Dark Blue, 9 1/2"" X 11""",1,0.0002,0.1667,208.71
Office Star - Contemporary Task Swivel Chair,"Decoflex Hanging Personal Folder File, Blue",1,0.0002,0.1667,92.76
Office Star - Contemporary Task Swivel Chair,GBC VeloBinder Manual Binding System,1,0.0002,0.1667,104.35
Office Star - Contemporary Task Swivel Chair,Fellowes Superior 10 Outlet Split Surge Protector,1,0.0002,0.1667,92.76
Office Star - Contemporary Task Swivel Chair,Fluorescent Highlighters by Dixon,1,0.0002,0.1667,166.97
"Office Star - Contemporary Task Swivel chair with Loop Arms, Charcoal","Global Push Button Manager's Chair, Indigo",1,0.0002,0.1111,61.84
"Office Star - Contemporary Task Swivel chair with Loop Arms, Charcoal",Newell 317,1,0.0002,0.1111,79.51
"Office Star - Contemporary Task Swivel chair with Loop Arms, Charcoal","SlimView Poly Binder, 3/8""",1,0.0002,0.1111,79.51
"Office Star - Contemporary Task Swivel chair with Loop Arms, Charcoal",VTech DS6151,1,0.0002,0.1111,69.57
"Office Star - Contemporary Task Swivel chair with Loop Arms, Charcoal",Wilson Jones Leather-Like Binders with DublLock Round Rings,1,0.0002,0.1111,46.38
Office Star - Ergonomic Mid Back Chair with 2-Way Adjustable Arms,"SimpliFile Personal File, Black Granite, 15w x 6-15/16d x 11-1/4h",1,0.0002,0.5,313.06
Office Star - Ergonomic Mid Back Chair with 2-Way Adjustable Arms,WD My Passport Ultra 500GB Portable External Hard Drive,1,0.0002,0.5,626.12
Office Star - Ergonomic Mid Back Chair with 2-Way Adjustable Arms,Storex Flexible Poly Binders with Double Pockets,1,0.0002,0.5,834.83
Office Star - Ergonomically Designed Knee Chair,"DAX Two-Tone Rosewood/Black Document Frame, Desktop, 5 x 7",1,0.0002,0.1429,89.45
Office Star - Ergonomically Designed Knee Chair,"Global Leather Highback Executive Chair with Pneumatic Height Adjustment, Black",1,0.0002,0.1429,71.56
Office Star - Ergonomically Designed Knee Chair,Square Credit Card Reader,1,0.0002,0.1429,102.22
Office Star - Ergonomically Designed Knee Chair,Aluminum Document Frame,1,0.0002,0.1429,143.11
Office Star - Ergonomically Designed Knee Chair,Avery 520,1,0.0002,0.1429,143.11
Office Star - Mesh Screen back chair with Vinyl seat,Xerox 1951,1,0.0002,0.1429,119.26
Office Star - Mesh Screen back chair with Vinyl seat,Xerox 1949,1,0.0002,0.1429,89.45
Office Star - Mid Back Dual function Ergonomic High Back Chair with 2-Way Adjustable Arms,"Avery Hi-Liter GlideStik Fluorescent Highlighter, Yellow Ink",1,0.0002,0.2,500.9
Office Star - Mid Back Dual function Ergonomic High Back Chair with 2-Way Adjustable Arms,Cardinal Holdit Business Card Pockets,1,0.0002,0.2,125.22
Office Star - Mid Back Dual function Ergonomic High Back Chair with 2-Way Adjustable Arms,"Computer Room Manger, 14""",1,0.0002,0.2,143.11
Office Star - Mid Back Dual function Ergonomic High Back Chair with 2-Way Adjustable Arms,"Rediform Wirebound ""Phone Memo"" Message Book, 11 x 5-3/4",1,0.0002,0.2,200.36
Office Star - Mid Back Dual function Ergonomic High Back Chair with 2-Way Adjustable Arms,Anker Astro 15000mAh USB Portable Charger,1,0.0002,0.2,200.36
Office Star - Professional Matrix Back Chair with 2-to-1 Synchro Tilt and Mesh Fabric Seat,"Hunt BOSTON Vista Battery-Operated Pencil Sharpener, Black",1,0.0002,0.125,156.53
Office Star - Professional Matrix Back Chair with 2-to-1 Synchro Tilt and Mesh Fabric Seat,Global Chrome Stack Chair,1,0.0002,0.125,104.35
Office Star - Professional Matrix Back Chair with 2-to-1 Synchro Tilt and Mesh Fabric Seat,"Global Leather and Oak Executive Chair, Black",1,0.0002,0.125,78.27
Office Star - Professional Matrix Back Chair with 2-to-1 Synchro Tilt and Mesh Fabric Seat,Maxell DVD-RAM Discs,1,0.0002,0.125,208.71
Office Star - Professional Matrix Back Chair with 2-to-1 Synchro Tilt and Mesh Fabric Seat,"Redi-Strip #10 Envelopes, 4 1/8 x 9 1/2",1,0.0002,0.125,89.45
Office Star - Task Chair with Contemporary Loop Arms,"Contico 72""H Heavy-Duty Storage System",1,0.0002,0.5,500.9
Office Star - Task Chair with Contemporary Loop Arms,"Global Leather and Oak Executive Chair, Black",1,0.0002,0.5,313.06
Office Star - Task Chair with Contemporary Loop Arms,Newell Chalk Holder,1,0.0002,0.5,357.79
Office Star - Task Chair with Contemporary Loop Arms,Tenex B1-RE Series Chair Mats for Low Pile Carpets,1,0.0002,0.5,357.79
Office Star - Task Chair with Contemporary Loop Arms,Xerox 1977,1,0.0002,0.5,417.42
Office Star Flex Back Scooter Chair with Aluminum Finish Frame,"Eldon Expressions Wood and Plastic Desk Accessories, Oak",1,0.0002,0.1667,166.97
Office Star Flex Back Scooter Chair with Aluminum Finish Frame,Newell Chalk Holder,1,0.0002,0.1667,119.26
Office Star Flex Back Scooter Chair with Aluminum Finish Frame,SAFCO Boltless Steel Shelving,1,0.0002,0.1667,83.48
Office Star Flex Back Scooter Chair with Aluminum Finish Frame,GBC DocuBind P400 Electric Binding System,1,0.0002,0.1667,139.14
Office Star Flex Back Scooter Chair with Aluminum Finish Frame,"TOPS Money Receipt Book, Consecutively Numbered in Red,",1,0.0002,0.1667,417.42
Office Star Flex Back Scooter Chair with White Frame,"Important Message Pads, 50 4-1/4 x 5-1/2 Forms per Pad",1,0.0002,0.1429,178.89
Office Star Flex Back Scooter Chair with White Frame,Logitech G700s Rechargeable Gaming Mouse,1,0.0002,0.1429,79.51
Office Star Flex Back Scooter Chair with White Frame,Plantronics MX500i Earset,1,0.0002,0.1429,102.22
Office Star Flex Back Scooter Chair with White Frame,Logitech G13 Programmable Gameboard with LCD Display,1,0.0002,0.1429,178.89
Office Star Flex Back Scooter Chair with White Frame,Universal Premium White Copier/Laser Paper (20Lb. and 87 Bright),1,0.0002,0.1429,143.11
Okidata B400 Printer,G.E. Halogen Desk Lamp Bulbs,1,0.0002,0.5,500.9
Okidata B400 Printer,"Global Geo Office Task Chair, Gray",1,0.0002,0.5,357.79
Okidata B401 Printer,Avery Reinforcements for Hole-Punch Pages,1,0.0002,1.0,626.12
Okidata C331dn Printer,"Array Parchment Paper, Assorted Colors",1,0.0002,0.2,250.45
Okidata C331dn Printer,HTC One Mini,1,0.0002,0.2,250.45
Okidata C331dn Printer,"Hon Metal Bookcases, Black",1,0.0002,0.2,200.36
Okidata C331dn Printer,Safco Industrial Wire Shelving System,1,0.0002,0.2,125.22
Okidata C331dn Printer,Storex DuraTech Recycled Plastic Frosted Binders,1,0.0002,0.2,125.22
Okidata C610n Printer,Rogers Deluxe File Chest,1,0.0002,0.5,313.06
Okidata C610n Printer,Self-Adhesive Address Labels for Typewriters by Universal,1,0.0002,0.5,357.79
Okidata MB491 Multifunction Printer,Logitech 910-002974 M325 Wireless Mouse for Web Scrolling,1,0.0002,0.5,166.97
Okidata MB491 Multifunction Printer,Plantronics Savi W720 Multi-Device Wireless Headset System,1,0.0002,0.5,357.79
Okidata MB491 Multifunction Printer,"Square Credit Card Reader, 4 1/2"" x 4 1/2"" x 1"", White",1,0.0002,0.5,500.9
Okidata MB491 Multifunction Printer,GBC VeloBind Cover Sets,1,0.0002,0.5,227.68
Okidata MB491 Multifunction Printer,Ibico EB-19 Dual Function Manual Binding System,1,0.0002,0.5,313.06
Okidata MB760 Printer,APC 7 Outlet Network SurgeArrest Surge Protector,1,0.0002,0.5,313.06
Okidata MB760 Printer,Xerox 189,1,0.0002,0.5,417.42
Okidata MB760 Printer,Kingston Digital DataTraveler 16GB USB 2.0,1,0.0002,0.5,192.65
Ooma Telo VoIP Home Phone System,Economy Rollaway Files,1,0.0002,0.2,143.11
Ooma Telo VoIP Home Phone System,Avery 485,1,0.0002,0.2,125.22
Ooma Telo VoIP Home Phone System,DMI Eclipse Executive Suite Bookcases,1,0.0002,0.2,166.97
Ooma Telo VoIP Home Phone System,Euro-Pro Shark Turbo Vacuum,1,0.0002,0.2,166.97
Ooma Telo VoIP Home Phone System,Global Leather Executive Chair,1,0.0002,0.2,143.11
OtterBox Commuter Series Case - Samsung Galaxy S4,"Bush Andora Bookcase, Maple/Graphite Gray Finish",1,0.0002,0.25,139.14
OtterBox Commuter Series Case - Samsung Galaxy S4,Space Solutions HD Industrial Steel Shelving.,1,0.0002,0.25,156.53
OtterBox Commuter Series Case - Samsung Galaxy S4,G.E. Halogen Desk Lamp Bulbs,1,0.0002,0.25,250.45
OtterBox Commuter Series Case - Samsung Galaxy S4,"Howard Miller 11-1/2"" Diameter Ridgewood Wall Clock",1,0.0002,0.25,208.71
OtterBox Commuter Series Case - Samsung Galaxy S4,Iceberg Mobile Mega Data/Printer Cart ,1,0.0002,0.25,156.53
OtterBox Commuter Series Case - iPhone 5 & 5s,Kensington 4 Outlet MasterPiece Compact Power Control Center,1,0.0002,0.25,178.89
OtterBox Commuter Series Case - iPhone 5 & 5s,Maxell 4.7GB DVD-R,1,0.0002,0.25,113.84
OtterBox Commuter Series Case - iPhone 5 & 5s,Logitech Wireless Headset H600 Over-The-Head Design,1,0.0002,0.25,626.12
OtterBox Commuter Series Case - iPhone 5 & 5s,"SimpliFile Personal File, Black Granite, 15w x 6-15/16d x 11-1/4h",1,0.0002,0.25,156.53
OtterBox Commuter Series Case - iPhone 5 & 5s,Xerox 1885,1,0.0002,0.25,250.45
OtterBox Defender Series Case - Samsung Galaxy S4,Avery Heavy-Duty EZD View Binder with Locking Rings,1,0.0002,0.125,62.61
OtterBox Defender Series Case - Samsung Galaxy S4,Avaya 4621SW VoIP phone,1,0.0002,0.125,156.53
OtterBox Defender Series Case - Samsung Galaxy S4,"Master Caster Door Stop, Brown",1,0.0002,0.125,69.57
OtterBox Defender Series Case - Samsung Galaxy S4,"Belkin 19"" Vented Equipment Shelf, Black",1,0.0002,0.125,62.61
OtterBox Defender Series Case - Samsung Galaxy S4,Global Super Steno Chair,1,0.0002,0.125,89.45
OtterBox Defender Series Case - iPhone 5c,Avery Binding System Hidden Tab Executive Style Index Sets,1,0.0002,0.5,313.06
OtterBox Defender Series Case - iPhone 5c,"File Shuttle II and Handi-File, Black",1,0.0002,0.5,357.79
OtterBox Defender Series Case - iPhone 5c,Logitech G700s Rechargeable Gaming Mouse,1,0.0002,0.5,278.28
OtterBox Defender Series Case - iPhone 5c,Nu-Dell Oak Frame,1,0.0002,0.5,834.83
PNY Rapid USB Car Charger - Black,Pressboard Hanging Data Binders for Unburst Sheets,1,0.0002,1.0,500.9
"Padded Folding Chairs, Black, 4/Carton",Akro-Mils 12-Gallon Tote,1,0.0002,0.125,156.53
"Padded Folding Chairs, Black, 4/Carton",Avery Recycled Flexi-View Covers for Binding Systems,1,0.0002,0.125,89.45
"Padded Folding Chairs, Black, 4/Carton",KI Adjustable-Height Table,1,0.0002,0.125,34.78
"Padded Folding Chairs, Black, 4/Carton",Acco Perma 3000 Stacking Storage Drawers,1,0.0002,0.125,104.35
"Padded Folding Chairs, Black, 4/Carton",Computer Printout Paper with Letter-Trim Perforations,1,0.0002,0.125,89.45
Panasonic Business Telephones KX-T7736,Fellowes Officeware Wire Shelving,1,0.0002,1.0,455.36
Panasonic Business Telephones KX-T7736,"Iris 3-Drawer Stacking Bin, Black",1,0.0002,1.0,1669.67
Panasonic KP-150 Electric Pencil Sharpener,Telescoping Adjustable Floor Lamp,1,0.0002,0.25,208.71
Panasonic KP-150 Electric Pencil Sharpener,Ibico EPK-21 Electric Binding System,1,0.0002,0.25,417.42
Panasonic KP-150 Electric Pencil Sharpener,Xerox 193,1,0.0002,0.25,417.42
Panasonic KP-150 Electric Pencil Sharpener,Xerox 1995,1,0.0002,0.25,208.71
Panasonic KP-350BK Electric Pencil Sharpener with Auto Stop,"Atlantic Metals Mobile 5-Shelf Bookcases, Custom Colors",1,0.0002,0.3333,208.71
Panasonic KP-350BK Electric Pencil Sharpener with Auto Stop,DMI Arturo Collection Mission-style Design Wood Chair,1,0.0002,0.3333,151.79
Panasonic KP-350BK Electric Pencil Sharpener with Auto Stop,GBC ProClick Spines for 32-Hole Punch,1,0.0002,0.3333,333.93
Panasonic KP-350BK Electric Pencil Sharpener with Auto Stop,"Global Leather and Oak Executive Chair, Black",1,0.0002,0.3333,208.71
Panasonic KP-350BK Electric Pencil Sharpener with Auto Stop,Harbour Creations Steel Folding Chair,1,0.0002,0.3333,208.71
Panasonic KP-380BK Classic Electric Pencil Sharpener,DAX Black Cherry Wood-Tone Poster Frame,1,0.0002,0.1667,104.35
Panasonic KP-380BK Classic Electric Pencil Sharpener,"Fiskars 8"" Scissors, 2/Pack",1,0.0002,0.1667,208.71
Panasonic KP-380BK Classic Electric Pencil Sharpener,Acme Kleen Earth Office Shears,1,0.0002,0.1667,166.97
Panasonic KP-380BK Classic Electric Pencil Sharpener,BIC Brite Liner Grip Highlighters,1,0.0002,0.1667,166.97
Panasonic KP-380BK Classic Electric Pencil Sharpener,Fiskars Softgrip Scissors,1,0.0002,0.1667,119.26
Panasonic KP-4ABK Battery-Operated Pencil Sharpener,"Acco Pressboard Covers with Storage Hooks, 9 1/2"" x 11"", Executive Red",1,0.0002,0.25,139.14
Panasonic KP-4ABK Battery-Operated Pencil Sharpener,Eldon ClusterMat Chair Mat with Cordless Antistatic Protection,1,0.0002,0.25,250.45
Panasonic KP-4ABK Battery-Operated Pencil Sharpener,Eldon Fold 'N Roll Cart System,1,0.0002,0.25,250.45
Panasonic KP-4ABK Battery-Operated Pencil Sharpener,Fellowes Bases and Tops For Staxonsteel/High-Stak Systems,1,0.0002,0.25,125.22
Panasonic KP-4ABK Battery-Operated Pencil Sharpener,"Holmes Replacement Filter for HEPA Air Cleaner, Very Large Room, HEPA Filter",1,0.0002,0.25,125.22
Panasonic KX - TS880B Telephone,"Ampad Gold Fibre Wirebound Steno Books, 6"" x 9"", Gregg Ruled",1,0.0002,0.3333,208.71
Panasonic KX - TS880B Telephone,"Avery 05222 Permanent Self-Adhesive File Folder Labels for Typewriters, on Rolls, White, 250/Roll",1,0.0002,0.3333,834.83
Panasonic KX - TS880B Telephone,BPI Conference Tables,1,0.0002,0.3333,333.93
Panasonic KX - TS880B Telephone,"Carina Mini System Audio Rack, Model AR050B",1,0.0002,0.3333,278.28
Panasonic KX - TS880B Telephone,GBC Instant Index System for Binding Systems,1,0.0002,0.3333,333.93
Panasonic KX MC6040 Color Laser Multifunction Printer,"Global Stack Chair with Arms, Black",1,0.0002,0.5,357.79
Panasonic KX MC6040 Color Laser Multifunction Printer,Hypercom P1300 Pinpad,1,0.0002,0.5,357.79
Panasonic KX MC6040 Color Laser Multifunction Printer,Imation Clip USB flash drive - 8 GB,1,0.0002,0.5,357.79
Panasonic KX MC6040 Color Laser Multifunction Printer,KI Conference Tables,1,0.0002,0.5,313.06
Panasonic KX MC6040 Color Laser Multifunction Printer,"Linden 10"" Round Wall Clock, Black",1,0.0002,0.5,417.42
Panasonic KX T7731-B Digital phone,Hoover WindTunnel Plus Canister Vacuum,1,0.0002,0.3333,556.56
Panasonic KX T7731-B Digital phone,Ibico Standard Transparent Covers,1,0.0002,0.3333,166.97
Panasonic KX T7731-B Digital phone,Newell 329,1,0.0002,0.3333,834.83
Panasonic KX T7731-B Digital phone,"Safco Wire Cube Shelving System, For Use as 4 or 5 14"" Cubes, Black",1,0.0002,0.3333,417.42
Panasonic KX T7731-B Digital phone,Xerox 1934,1,0.0002,0.3333,333.93
Panasonic KX T7736-B Digital phone,"Black Print Carbonless 8 1/2"" x 8 1/4"" Rapid Memo Book",1,0.0002,0.2,250.45
Panasonic KX T7736-B Digital phone,Large Capacity Hanging Post Binders,1,0.0002,0.2,200.36
Panasonic KX T7736-B Digital phone,Lunatik TT5L-002 Taktik Strike Impact Protection System for iPhone 5,1,0.0002,0.2,333.93
Panasonic KX T7736-B Digital phone,Xerox 1893,1,0.0002,0.2,91.07
Panasonic KX T7736-B Digital phone,Maxell 4.7GB DVD-R,1,0.0002,0.2,91.07
Panasonic KX TS208W Corded phone,Accohide Poly Flexible Ring Binders,1,0.0002,0.1667,104.35
Panasonic KX TS208W Corded phone,Avery 480,1,0.0002,0.1667,139.14
Panasonic KX TS208W Corded phone,Avery Durable Slant Ring Binders With Label Holder,1,0.0002,0.1667,92.76
Panasonic KX TS208W Corded phone,Xerox 1917,1,0.0002,0.1667,166.97
Panasonic KX TS208W Corded phone,Logitech Gaming G510s - Keyboard,1,0.0002,0.1667,104.35
Panasonic KX TS3282B Corded phone,"Angle-D Binders with Locking Rings, Label Holders",1,0.0002,0.3333,166.97
Panasonic KX TS3282B Corded phone,Belkin Standard 104 key USB Keyboard,1,0.0002,0.3333,278.28
Panasonic KX TS3282B Corded phone,Dixon Ticonderoga Core-Lock Colored Pencils,1,0.0002,0.3333,238.52
Panasonic KX TS3282B Corded phone,"Riverside Furniture Oval Coffee Table, Oval End Table, End Table with Drawer",1,0.0002,0.3333,333.93
Panasonic KX TS3282B Corded phone,Hoover Commercial SteamVac,1,0.0002,0.3333,417.42
Panasonic KX TS3282W Corded phone,Avery Arch Ring Binders,1,0.0002,0.1429,71.56
Panasonic KX TS3282W Corded phone,Sanford 52201 APSCO Electric Pencil Sharpener,1,0.0002,0.1429,178.89
Panasonic KX TS3282W Corded phone,"Sanford Colorific Eraseable Coloring Pencils, 12 Count",1,0.0002,0.1429,178.89
Panasonic KX TS3282W Corded phone,"Eldon Stackable Tray, Side-Load, Legal, Smoke",1,0.0002,0.1429,143.11
Panasonic KX TS3282W Corded phone,Cubify CubeX 3D Printer Double Head Print,1,0.0002,0.1429,238.52
Panasonic KX-TG6844B Expandable Digital Cordless Telephone,GBC DocuBind P50 Personal Binding Machine,1,0.0002,0.1429,71.56
Panasonic KX-TG6844B Expandable Digital Cordless Telephone,Newell 312,1,0.0002,0.1429,65.05
Panasonic KX-TG6844B Expandable Digital Cordless Telephone,"Seth Thomas 16"" Steel Case Clock",1,0.0002,0.1429,143.11
Panasonic KX-TG6844B Expandable Digital Cordless Telephone,Plantronics MX500i Earset,1,0.0002,0.1429,102.22
Panasonic KX-TG6844B Expandable Digital Cordless Telephone,"Cardinal HOLDit! Binder Insert Strips,Extra Strips",1,0.0002,0.1429,79.51
Panasonic KX-TG9471B,"Fellowes Premier Superior Surge Suppressor, 10-Outlet, With Phone and Remote",1,0.0002,0.1429,102.22
Panasonic KX-TG9471B,Maxell DVD-RAM Discs,1,0.0002,0.1429,238.52
Panasonic KX-TG9471B,Xerox 198,1,0.0002,0.1429,238.52
Panasonic KX-TG9471B,"Acco Pressboard Covers with Storage Hooks, 14 7/8"" x 11"", Light Blue",1,0.0002,0.1429,65.05
Panasonic KX-TG9471B,Surelock Post Binders,1,0.0002,0.1429,89.45
Panasonic KX-TG9541B DECT 6.0 Digital 2-Line Expandable Cordless Phone With Digital Answering System,Avery 485,1,0.0002,0.2,125.22
Panasonic KX-TG9541B DECT 6.0 Digital 2-Line Expandable Cordless Phone With Digital Answering System,DMI Eclipse Executive Suite Bookcases,1,0.0002,0.2,166.97
Panasonic KX-TG9541B DECT 6.0 Digital 2-Line Expandable Cordless Phone With Digital Answering System,Euro-Pro Shark Turbo Vacuum,1,0.0002,0.2,166.97
Panasonic KX-TG9541B DECT 6.0 Digital 2-Line Expandable Cordless Phone With Digital Answering System,Global Leather Executive Chair,1,0.0002,0.2,143.11
Panasonic KX-TG9541B DECT 6.0 Digital 2-Line Expandable Cordless Phone With Digital Answering System,Ooma Telo VoIP Home Phone System,1,0.0002,0.2,200.36
Panasonic Kx-TS550,"Hon Deluxe Fabric Upholstered Stacking Chairs, Rounded Back",1,0.0002,0.1429,59.63
Panasonic Kx-TS550,"Padded Folding Chairs, Black, 4/Carton",1,0.0002,0.1429,89.45
Panasonic Kx-TS550,Canon imageCLASS MF7460 Monochrome Digital Laser Multifunction Copier,1,0.0002,0.1429,715.57
Panasonic Kx-TS550,DMI Arturo Collection Mission-style Design Wood Chair,1,0.0002,0.1429,65.05
Panasonic Kx-TS550,NETGEAR N750 Dual Band Wi-Fi Gigabit Router,1,0.0002,0.1429,102.22
Pastel Pink Envelopes,SanDisk Cruzer 16 GB USB Flash Drive,1,0.0002,0.3333,556.56
Pastel Pink Envelopes,Space Solutions Industrial Galvanized Steel Shelving.,1,0.0002,0.3333,556.56
Pastel Pink Envelopes,Wilson Jones Standard D-Ring Binders,1,0.0002,0.3333,208.71
Pastel Pink Envelopes,Wilson Jones Easy Flow II Sheet Lifters,1,0.0002,0.3333,139.14
Pastel Pink Envelopes,Belkin F8E887 USB Wired Ergonomic Keyboard,1,0.0002,0.3333,208.71
PayAnywhere Card Reader,Berol Giant Pencil Sharpener,1,0.0002,0.2,250.45
PayAnywhere Card Reader,"Adams Telephone Message Book W/Dividers/Space For Phone Numbers, 5 1/4""X8 1/2"", 200/Messages",1,0.0002,0.2,143.11
PayAnywhere Card Reader,Global Commerce Series Low-Back Swivel/Tilt Chairs,1,0.0002,0.2,143.11
PayAnywhere Card Reader,Newell 309,1,0.0002,0.2,200.36
PayAnywhere Card Reader,Xerox 1936,1,0.0002,0.2,333.93
Peel & Seel Envelopes,GuestStacker Chair with Chrome Finish Legs,1,0.0002,0.25,156.53
Peel & Seel Envelopes,"Black Print Carbonless Snap-Off Rapid Letter, 8 1/2"" x 7""",1,0.0002,0.25,313.06
Peel & Seel Envelopes,Newell 311,1,0.0002,0.25,156.53
Peel & Seel Envelopes,Prang Drawing Pencil Set,1,0.0002,0.25,113.84
"Peel & Seel Recycled Catalog Envelopes, Brown",3M Organizer Strips,1,0.0002,0.1667,119.26
"Peel & Seel Recycled Catalog Envelopes, Brown",Toshiba IPT2010-SD IP Telephone,1,0.0002,0.1667,104.35
"Peel & Seel Recycled Catalog Envelopes, Brown",Xerox 2000,1,0.0002,0.1667,166.97
"Peel & Seel Recycled Catalog Envelopes, Brown","Atlantic Metals Mobile 4-Shelf Bookcases, Custom Colors",1,0.0002,0.1667,139.14
"Peel & Seel Recycled Catalog Envelopes, Brown",Sterilite Show Offs Storage Containers,1,0.0002,0.1667,166.97
Peel & Stick Add-On Corner Pockets,"Carina 42""Hx23 3/4""W Media Storage Unit",1,0.0002,0.1429,89.45
Peel & Stick Add-On Corner Pockets,"Recycled Data-Pak for Archival Bound Computer Printouts, 12-1/2 x 12-1/2 x 16",1,0.0002,0.1429,119.26
Peel & Stick Add-On Corner Pockets,Xerox 220,1,0.0002,0.1429,89.45
Peel & Stick Add-On Corner Pockets,Aluminum Screw Posts,1,0.0002,0.1429,65.05
Peel & Stick Add-On Corner Pockets,Flat Face Poster Frame,1,0.0002,0.1429,59.63
Peel-Off China Markers,Avery 480,1,0.0002,0.1429,119.26
Peel-Off China Markers,Avery 489,1,0.0002,0.1429,143.11
Peel-Off China Markers,"Bush Andora Conference Table, Maple/Graphite Gray Finish",1,0.0002,0.1429,178.89
Peel-Off China Markers,"Howard Miller 14-1/2"" Diameter Chrome Round Wall Clock",1,0.0002,0.1429,102.22
Peel-Off China Markers,Mophie Juice Pack Helium for iPhone,1,0.0002,0.1429,119.26
Pencil and Crayon Sharpener,Newell 321,1,0.0002,0.25,313.06
Pencil and Crayon Sharpener,Belkin 5 Outlet SurgeMaster Power Centers,1,0.0002,0.25,125.22
Pencil and Crayon Sharpener,"Executive Impressions 14"" Two-Color Numerals Wall Clock",1,0.0002,0.25,208.71
Pencil and Crayon Sharpener,Safco Industrial Wire Shelving System,1,0.0002,0.25,156.53
"Performers Binder/Pad Holder, Black",Advantus Map Pennant Flags and Round Head Tacks,1,0.0002,0.125,104.35
"Performers Binder/Pad Holder, Black","Avery 05222 Permanent Self-Adhesive File Folder Labels for Typewriters, on Rolls, White, 250/Roll",1,0.0002,0.125,313.06
"Performers Binder/Pad Holder, Black",Eldon ClusterMat Chair Mat with Cordless Antistatic Protection,1,0.0002,0.125,125.22
"Performers Binder/Pad Holder, Black",Fellowes Powershred HS-440 4-Sheet High Security Shredder,1,0.0002,0.125,208.71
"Performers Binder/Pad Holder, Black",GBC Recycled VeloBinder Covers,1,0.0002,0.125,78.27
"Perixx PERIBOARD-512B, Ergonomic Split Keyboard",Apple EarPods with Remote and Mic,1,0.0002,0.3333,417.42
"Perixx PERIBOARD-512B, Ergonomic Split Keyboard",AmazonBasics 3-Button USB Wired Mouse,1,0.0002,0.3333,333.93
"Perixx PERIBOARD-512B, Ergonomic Split Keyboard","DAX Executive Solid Wood Document Frame, Desktop or Hang, Mahogany, 5 x 7",1,0.0002,0.3333,333.93
"Perixx PERIBOARD-512B, Ergonomic Split Keyboard",Avery Legal 4-Ring Binder,1,0.0002,0.3333,417.42
"Perixx PERIBOARD-512B, Ergonomic Split Keyboard",Grandstream GXP1160 VoIP phone,1,0.0002,0.3333,278.28
"Perma STOR-ALL Hanging File Box, 13 1/8""W x 12 1/4""D x 10 1/2""H",Avery 49,1,0.0002,0.125,104.35
"Perma STOR-ALL Hanging File Box, 13 1/8""W x 12 1/4""D x 10 1/2""H",Wilson Jones Leather-Like Binders with DublLock Round Rings,1,0.0002,0.125,52.18
"Perma STOR-ALL Hanging File Box, 13 1/8""W x 12 1/4""D x 10 1/2""H",Avery Self-Adhesive Photo Pockets for Polaroid Photos,1,0.0002,0.125,56.92
"Perma STOR-ALL Hanging File Box, 13 1/8""W x 12 1/4""D x 10 1/2""H","Eldon Expressions Wood Desk Accessories, Oak",1,0.0002,0.125,52.18
"Perma STOR-ALL Hanging File Box, 13 1/8""W x 12 1/4""D x 10 1/2""H",Stiletto Hand Letter Openers,1,0.0002,0.125,156.53
Permanent Self-Adhesive File Folder Labels for Typewriters by Universal,"Avery Hi-Liter Comfort Grip Fluorescent Highlighter, Yellow Ink",1,0.0002,0.1667,417.42
Permanent Self-Adhesive File Folder Labels for Typewriters by Universal,Bretford CR8500 Series Meeting Room Furniture,1,0.0002,0.1667,139.14
Permanent Self-Adhesive File Folder Labels for Typewriters by Universal,Global Super Steno Chair,1,0.0002,0.1667,119.26
Permanent Self-Adhesive File Folder Labels for Typewriters by Universal,Micro Innovations USB RF Wireless Keyboard with Mouse,1,0.0002,0.1667,139.14
Permanent Self-Adhesive File Folder Labels for Typewriters by Universal,Deluxe Heavy-Duty Vinyl Round Ring Binder,1,0.0002,0.1667,119.26
"Permanent Self-Adhesive File Folder Labels for Typewriters, 1 1/8 x 3 1/2, White","Hon 30"" x 60"" Table with Locking Drawer",1,0.0002,0.1667,278.28
"Permanent Self-Adhesive File Folder Labels for Typewriters, 1 1/8 x 3 1/2, White",Hon 4060 Series Tables,1,0.0002,0.1667,208.71
"Permanent Self-Adhesive File Folder Labels for Typewriters, 1 1/8 x 3 1/2, White",Nontoxic Chalk,1,0.0002,0.1667,104.35
"Permanent Self-Adhesive File Folder Labels for Typewriters, 1 1/8 x 3 1/2, White",Southworth Parchment Paper & Envelopes,1,0.0002,0.1667,139.14
"Permanent Self-Adhesive File Folder Labels for Typewriters, 1 1/8 x 3 1/2, White",Tennsco Single-Tier Lockers,1,0.0002,0.1667,104.35
Personal Creations Ink Jet Cards and Labels,Xerox 1994,1,0.0002,0.25,313.06
Personal Creations Ink Jet Cards and Labels,Acme Value Line Scissors,1,0.0002,0.25,125.22
Personal Creations Ink Jet Cards and Labels,Rediform S.O.S. Phone Message Books,1,0.0002,0.25,1252.25
Personal Creations Ink Jet Cards and Labels,"GBC White Gloss Covers, Plain Front",1,0.0002,0.25,178.89
Personal Creations Ink Jet Cards and Labels,Hon Every-Day Series Multi-Task Chairs,1,0.0002,0.25,125.22
Personal File Boxes with Fold-Down Carry Handle,Fellowes PB500 Electric Punch Plastic Comb Binding Machine with Manual Bind,1,0.0002,0.2,100.18
Personal File Boxes with Fold-Down Carry Handle,Newell 344,1,0.0002,0.2,166.97
Personal File Boxes with Fold-Down Carry Handle,Rogers Handheld Barrel Pencil Sharpener,1,0.0002,0.2,143.11
Personal File Boxes with Fold-Down Carry Handle,"Ultra Door Kickplate, 8""H x 34""W",1,0.0002,0.2,500.9
Personal File Boxes with Fold-Down Carry Handle,"Office Impressions End Table, 20-1/2""H x 24""W x 20""D",1,0.0002,0.2,200.36
"Personal Filing Tote with Lid, Black/Gray",Acco Perma 4000 Stacking Storage Drawers,1,0.0002,0.125,56.92
"Personal Filing Tote with Lid, Black/Gray",Xerox 1916,1,0.0002,0.125,89.45
"Personal Filing Tote with Lid, Black/Gray",Xerox 226,1,0.0002,0.125,56.92
"Personal Filing Tote with Lid, Black/Gray",Adtran 1202752G1,1,0.0002,0.125,125.22
"Personal Filing Tote with Lid, Black/Gray",Southworth 25% Cotton Antique Laid Paper & Envelopes,1,0.0002,0.125,125.22
"Personal Folder Holder, Ebony",Bush Advantage Collection Round Conference Table,1,0.0002,0.1667,208.71
"Personal Folder Holder, Ebony",Riverside Furniture Stanwyck Manor Table Series,1,0.0002,0.1667,278.28
"Personal Folder Holder, Ebony",Xerox 1887,1,0.0002,0.1667,104.35
"Personal Folder Holder, Ebony",Xerox 1971,1,0.0002,0.1667,139.14
"Personal Folder Holder, Ebony",Acco Hanging Data Binders,1,0.0002,0.1667,119.26
Petty Cash Envelope,2300 Heavy-Duty Transfer File Systems by Perma,1,0.0002,0.3333,417.42
Petty Cash Envelope,3M Replacement Filter for Office Air Cleaner for 20' x 33' Room,1,0.0002,0.3333,417.42
Petty Cash Envelope,GBC VeloBinder Electric Binding Machine,1,0.0002,0.3333,417.42
Petty Cash Envelope,Lock-Up Easel 'Spel-Binder',1,0.0002,0.3333,238.52
Petty Cash Envelope,SAFCO Boltless Steel Shelving,1,0.0002,0.3333,166.97
Pizazz Global Quick File,"Holmes Replacement Filter for HEPA Air Cleaner, Medium Room",1,0.0002,0.1667,208.71
Pizazz Global Quick File,Ideal Clamps,1,0.0002,0.1667,104.35
Pizazz Global Quick File,Aastra 57i VoIP phone,1,0.0002,0.1667,119.26
Pizazz Global Quick File,Avery 476,1,0.0002,0.1667,83.48
Pizazz Global Quick File,Zebra GX420t Direct Thermal/Thermal Transfer Printer,1,0.0002,0.1667,278.28
Plantronics 81402,"Avery Hi-Liter EverBold Pen Style Fluorescent Highlighters, 4/Pack",1,0.0002,0.25,208.71
Plantronics 81402,"Hunt BOSTON Vista Battery-Operated Pencil Sharpener, Black",1,0.0002,0.25,313.06
Plantronics 81402,Assorted Color Push Pins,1,0.0002,0.25,156.53
Plantronics 81402,Belkin F9H710-06 7 Outlet SurgeMaster Surge Protector,1,0.0002,0.25,156.53
Plantronics 81402,Crayola Colored Pencils,1,0.0002,0.25,113.84
Plantronics Audio 478 Stereo USB Headset,Hon 94000 Series Round Tables,1,0.0002,0.1111,111.31
Plantronics Audio 478 Stereo USB Headset,Advantus Push Pins,1,0.0002,0.1111,79.51
Plantronics Audio 478 Stereo USB Headset,Imation Secure Drive + Hardware Encrypted USB flash drive - 16 GB,1,0.0002,0.1111,92.76
Plantronics Audio 478 Stereo USB Headset,Newell 340,1,0.0002,0.1111,278.28
Plantronics Audio 478 Stereo USB Headset,Samsung Replacement EH64AVFWE Premium Headset,1,0.0002,0.1111,111.31
Plantronics Audio 995 Wireless Stereo Headset,HON 5400 Series Task Chairs for Big and Tall,1,0.0002,0.25,156.53
Plantronics Audio 995 Wireless Stereo Headset,Avery Self-Adhesive Photo Pockets for Polaroid Photos,1,0.0002,0.25,113.84
Plantronics Audio 995 Wireless Stereo Headset,Avery Hi-Liter Smear-Safe Highlighters,1,0.0002,0.25,208.71
Plantronics Audio 995 Wireless Stereo Headset,Fellowes Staxonsteel Drawer Files,1,0.0002,0.25,178.89
Plantronics Audio 995 Wireless Stereo Headset,Xerox 192,1,0.0002,0.25,208.71
"Plantronics CS 50-USB - headset - Convertible, Monaural",AT&T 1080 Corded phone,1,0.0002,0.2,143.11
"Plantronics CS 50-USB - headset - Convertible, Monaural",Acco Hanging Data Binders,1,0.0002,0.2,143.11
"Plantronics CS 50-USB - headset - Convertible, Monaural",Fashion Color Clasp Envelopes,1,0.0002,0.2,333.93
"Plantronics CS 50-USB - headset - Convertible, Monaural",Logitech 910-002974 M325 Wireless Mouse for Web Scrolling,1,0.0002,0.2,66.79
"Plantronics CS 50-USB - headset - Convertible, Monaural","Binney & Smith inkTank Erasable Pocket Highlighter, Chisel Tip, Yellow",1,0.0002,0.2,333.93
Plantronics CS510 - Over-the-Head monaural Wireless Headset System,Hon Rectangular Conference Tables,2,0.000399,0.2,250.45
Plantronics CS510 - Over-the-Head monaural Wireless Headset System,Apple iPhone 5S,1,0.0002,0.1,125.22
Plantronics CS510 - Over-the-Head monaural Wireless Headset System,O'Sullivan 3-Shelf Heavy-Duty Bookcases,1,0.0002,0.1,100.18
Plantronics CS510 - Over-the-Head monaural Wireless Headset System,Plastic Stacking Crates & Casters,1,0.0002,0.1,125.22
Plantronics CS510 - Over-the-Head monaural Wireless Headset System,Xerox 216,1,0.0002,0.1,62.61
Plantronics Calisto P620-M USB Wireless Speakerphone System,Hoover Upright Vacuum With Dirt Cup,1,0.0002,0.25,208.71
Plantronics Calisto P620-M USB Wireless Speakerphone System,Plantronics S12 Corded Telephone Headset System,1,0.0002,0.25,208.71
Plantronics Calisto P620-M USB Wireless Speakerphone System,Prang Drawing Pencil Set,1,0.0002,0.25,113.84
Plantronics Calisto P620-M USB Wireless Speakerphone System,Xerox 1903,1,0.0002,0.25,208.71
Plantronics Calisto P620-M USB Wireless Speakerphone System,"DataProducts Ampli Magnifier Task Lamp, Black,",1,0.0002,0.25,250.45
Plantronics Cordless Phone Headset with In-line Volume - M214C,"3M Polarizing Task Lamp with Clamp Arm, Light Gray",1,0.0002,0.1667,208.71
Plantronics Cordless Phone Headset with In-line Volume - M214C,"Executive Impressions 13"" Clairmont Wall Clock",1,0.0002,0.1667,104.35
Plantronics Cordless Phone Headset with In-line Volume - M214C,"GBC Laser Imprintable Binding System Covers, Desert Sand",1,0.0002,0.1667,139.14
Plantronics Cordless Phone Headset with In-line Volume - M214C,Xerox 2000,1,0.0002,0.1667,166.97
Plantronics Cordless Phone Headset with In-line Volume - M214C,Anker Astro 15000mAh USB Portable Charger,1,0.0002,0.1667,166.97
Plantronics Encore H101 Dual Earpieces Headset,Nortel Networks T7316 E Nt8 B27,1,0.0002,0.1429,119.26
Plantronics Encore H101 Dual Earpieces Headset,Acme Kleencut Forged Steel Scissors,1,0.0002,0.1429,238.52
Plantronics Encore H101 Dual Earpieces Headset,"Companion Letter/Legal File, Black",1,0.0002,0.1429,143.11
Plantronics Encore H101 Dual Earpieces Headset,Fellowes Bases and Tops For Staxonsteel/High-Stak Systems,1,0.0002,0.1429,71.56
Plantronics Encore H101 Dual Earpieces Headset,"Tenex ""The Solids"" Textured Chair Mats",1,0.0002,0.1429,102.22
Plantronics HL10 Handset Lifter,Logitech Wireless Performance Mouse MX for PC and Mac,1,0.0002,0.3333,238.52
Plantronics HL10 Handset Lifter,"#10-4 1/8"" x 9 1/2"" Premium Diagonal Seam Envelopes",1,0.0002,0.3333,834.83
Plantronics HL10 Handset Lifter,"Atlantic Metals Mobile 3-Shelf Bookcases, Custom Colors",1,0.0002,0.3333,208.71
Plantronics HL10 Handset Lifter,"Global Fabric Manager's Chair, Dark Gray",1,0.0002,0.3333,185.52
Plantronics MX500i Earset,"Eureka The Boss Lite 10-Amp Upright Vacuum, Blue",1,0.0002,0.1429,178.89
Plantronics MX500i Earset,RCA H5401RE1 DECT 6.0 4-Line Cordless Handset With Caller ID/Call Waiting,1,0.0002,0.1429,715.57
Plantronics MX500i Earset,Avoid Verbal Orders Carbonless Minifold Book,1,0.0002,0.1429,143.11
Plantronics MX500i Earset,"Howard Miller 11-1/2"" Diameter Ridgewood Wall Clock",1,0.0002,0.1429,119.26
Plantronics MX500i Earset,Razer Tiamat Over Ear 7.1 Surround Sound PC Gaming Headset,1,0.0002,0.1429,102.22
Plantronics S12 Corded Telephone Headset System,Brown Kraft Recycled Envelopes,1,0.0002,0.1667,166.97
Plantronics S12 Corded Telephone Headset System,Fellowes Stor/Drawer Steel Plus Storage Drawers,1,0.0002,0.1667,104.35
Plantronics S12 Corded Telephone Headset System,Staples,1,0.0002,0.1667,3.76
Plantronics S12 Corded Telephone Headset System,Hoover Upright Vacuum With Dirt Cup,1,0.0002,0.1667,139.14
Plantronics S12 Corded Telephone Headset System,Plantronics Calisto P620-M USB Wireless Speakerphone System,1,0.0002,0.1667,208.71
Plantronics Savi W720 Multi-Device Wireless Headset System,"Global Fabric Manager's Chair, Dark Gray",1,0.0002,0.1429,79.51
Plantronics Savi W720 Multi-Device Wireless Headset System,Sauder Inglewood Library Bookcases,1,0.0002,0.1429,143.11
Plantronics Savi W720 Multi-Device Wireless Headset System,Xerox 1917,1,0.0002,0.1429,143.11
Plantronics Savi W720 Multi-Device Wireless Headset System,Xerox 1970,1,0.0002,0.1429,119.26
Plantronics Savi W720 Multi-Device Wireless Headset System,"Atlantic Metals Mobile 4-Shelf Bookcases, Custom Colors",1,0.0002,0.1429,119.26
Plantronics Single Ear Headset,Boston 16701 Slimline Battery Pencil Sharpener,1,0.0002,1.0,2504.5
Plantronics Single Ear Headset,Newell 313,1,0.0002,1.0,1669.67
Plantronics Single Ear Headset,Riverleaf Stik-Withit Designer Note Cubes,1,0.0002,1.0,1001.8
Plantronics Single Ear Headset,"Verbatim 25 GB 6x Blu-ray Single Layer Recordable Disc, 3/Pack",1,0.0002,1.0,834.83
Plantronics Single Ear Headset,Xerox 1960,1,0.0002,1.0,834.83
Plantronics Voyager Pro HD - Bluetooth Headset,"Carina Mini System Audio Rack, Model AR050B",1,0.0002,0.2,166.97
Plantronics Voyager Pro HD - Bluetooth Headset,"Acco Flexible ACCOHIDE Square Ring Data Binder, Dark Blue, 11 1/2"" X 14"" 7/8""",1,0.0002,0.2,100.18
Plantronics Voyager Pro HD - Bluetooth Headset,"Seth Thomas 13 1/2"" Wall Clock",1,0.0002,0.2,200.36
Plantronics Voyager Pro HD - Bluetooth Headset,Bose SoundLink Bluetooth Speaker,1,0.0002,0.2,200.36
Plantronics Voyager Pro Legend,Fellowes PB300 Plastic Comb Binding Machine,1,0.0002,0.3333,278.28
Plantronics Voyager Pro Legend,"Angle-D Binders with Locking Rings, Label Holders",1,0.0002,0.3333,166.97
Plantronics Voyager Pro Legend,Logitech K350 2.4Ghz Wireless Keyboard,1,0.0002,0.3333,333.93
Plantronics Voyager Pro Legend,Memorex Mini Travel Drive 64 GB USB 2.0 Flash Drive,1,0.0002,0.3333,278.28
Plantronics Voyager Pro Legend,Cisco IP Phone 7961G-GE VoIP phone,1,0.0002,0.3333,417.42
Plastic Binding Combs,"Array Parchment Paper, Assorted Colors",1,0.0002,0.2,250.45
Plastic Binding Combs,Home/Office Personal File Carts,1,0.0002,0.2,143.11
Plastic Binding Combs,Imation 8gb Micro Traveldrive Usb 2.0 Flash Drive,1,0.0002,0.2,125.22
Plastic Binding Combs,Novimex Turbo Task Chair,1,0.0002,0.2,166.97
Plastic Binding Combs,Prang Dustless Chalk Sticks,1,0.0002,0.2,125.22
Plastic Stacking Crates & Casters,Apple iPhone 5S,1,0.0002,0.25,313.06
Plastic Stacking Crates & Casters,O'Sullivan 3-Shelf Heavy-Duty Bookcases,1,0.0002,0.25,250.45
Plastic Stacking Crates & Casters,Plantronics CS510 - Over-the-Head monaural Wireless Headset System,1,0.0002,0.25,125.22
Plastic Stacking Crates & Casters,"Acco Pressboard Covers with Storage Hooks, 14 7/8"" x 11"", Light Blue",1,0.0002,0.25,113.84
Plastic Stacking Crates & Casters,"Avery Framed View Binder, EZD Ring (Locking), Navy, 1 1/2""",1,0.0002,0.25,208.71
Plymouth Boxed Rubber Bands by Plymouth,DAX Black Cherry Wood-Tone Poster Frame,1,0.0002,0.2,125.22
Plymouth Boxed Rubber Bands by Plymouth,Fellowes Bankers Box Recycled Super Stor/Drawer,1,0.0002,0.2,143.11
Plymouth Boxed Rubber Bands by Plymouth,Harbour Creations Steel Folding Chair,1,0.0002,0.2,125.22
Plymouth Boxed Rubber Bands by Plymouth,Office Star - Professional Matrix Back Chair with 2-to-1 Synchro Tilt and Mesh Fabric Seat,1,0.0002,0.2,125.22
Plymouth Boxed Rubber Bands by Plymouth,"Sauder Forest Hills Library, Woodland Oak Finish",1,0.0002,0.2,250.45
Poly Designer Cover & Back,Eldon Wave Desk Accessories,2,0.000399,0.2857,102.22
Poly Designer Cover & Back,"Adams Write n' Stick Phone Message Book, 11"" X 5 1/4"", 200 Messages",1,0.0002,0.1429,238.52
Poly Designer Cover & Back,OIC Binder Clips,1,0.0002,0.1429,102.22
Poly Designer Cover & Back,"Permanent Self-Adhesive File Folder Labels for Typewriters, 1 1/8 x 3 1/2, White",1,0.0002,0.1429,119.26
Poly Designer Cover & Back,"Eldon Executive Woodline II Desk Accessories, Mahogany",1,0.0002,0.1429,143.11
Poly String Tie Envelopes,AmazonBasics 3-Button USB Wired Mouse,1,0.0002,0.0909,91.07
Poly String Tie Envelopes,Logitech VX Revolution Cordless Laser Mouse for Notebooks (Black),1,0.0002,0.0909,91.07
Poly String Tie Envelopes,Tennsco Industrial Shelving,1,0.0002,0.0909,50.6
Poly String Tie Envelopes,Avery 51,1,0.0002,0.0909,91.07
Poly String Tie Envelopes,"Eberhard Faber 3 1/2"" Golf Pencils",1,0.0002,0.0909,65.05
Polycom CX300 Desktop Phone USB VoIP phone,Acco D-Ring Binder w/DublLock,1,0.0002,0.2,111.31
Polycom CX300 Desktop Phone USB VoIP phone,I Need's 3d Hello Kitty Hybrid Silicone Case Cover for HTC One X 4g with 3d Hello Kitty Stylus Pen Green/pink,1,0.0002,0.2,100.18
Polycom CX300 Desktop Phone USB VoIP phone,"#10 White Business Envelopes,4 1/8 x 9 1/2",1,0.0002,0.2,143.11
Polycom CX300 Desktop Phone USB VoIP phone,Newell 34,1,0.0002,0.2,143.11
Polycom CX300 Desktop Phone USB VoIP phone,Staples,1,0.0002,0.2,4.51
Polycom CX600 IP Phone VoIP phone,"Iceberg OfficeWorks 42"" Round Tables",1,0.0002,0.25,178.89
Polycom CX600 IP Phone VoIP phone,Canon imageCLASS 2200 Advanced Copier,1,0.0002,0.25,250.45
Polycom CX600 IP Phone VoIP phone,Globe Weis Peel & Seel First Class Envelopes,1,0.0002,0.25,178.89
Polycom CX600 IP Phone VoIP phone,i.Sound Portable Power - 8000 mAh,1,0.0002,0.25,250.45
Polycom CX600 IP Phone VoIP phone,Fellowes High-Stak Drawer Files,1,0.0002,0.25,156.53
Polycom SoundPoint IP 450 VoIP phone,"Master Caster Door Stop, Large Neon Orange",1,0.0002,0.1667,119.26
Polycom SoundPoint IP 450 VoIP phone,Rosewill 107 Normal Keys USB Wired Standard Keyboard,1,0.0002,0.1667,278.28
Polycom SoundPoint IP 450 VoIP phone,Xerox 210,1,0.0002,0.1667,139.14
Polycom SoundPoint IP 450 VoIP phone,"Rediform S.O.S. 1-Up Phone Message Bk, 4-1/4x3-1/16 Bk, 1 Form/Pg, 40 Messages/Bk, 3/Pk",1,0.0002,0.1667,166.97
Polycom SoundPoint IP 450 VoIP phone,Tensor Computer Mounted Lamp,1,0.0002,0.1667,104.35
Polycom SoundPoint Pro SE-225 Corded phone,Acco 3-Hole Punch,1,0.0002,0.25,139.14
Polycom SoundPoint Pro SE-225 Corded phone,"Bevis Round Conference Table Top, X-Base",1,0.0002,0.25,208.71
Polycom SoundPoint Pro SE-225 Corded phone,Cardinal EasyOpen D-Ring Binders,1,0.0002,0.25,156.53
Polycom SoundPoint Pro SE-225 Corded phone,Hewlett-Packard Deskjet D4360 Printer,1,0.0002,0.25,1252.25
Polycom SoundPoint Pro SE-225 Corded phone,Xerox 2000,1,0.0002,0.25,250.45
Polycom SoundStation2 EX Conference phone,Global Low Back Tilter Chair,1,0.0002,0.25,156.53
Polycom SoundStation2 EX Conference phone,Newell 312,1,0.0002,0.25,113.84
Polycom SoundStation2 EX Conference phone,Acme Tagit Stainless Steel Antibacterial Scissors,1,0.0002,0.25,208.71
Polycom SoundStation2 EX Conference phone,DMI Eclipse Executive Suite Bookcases,1,0.0002,0.25,208.71
Polycom SoundStation2 EX Conference phone,GBC DocuBind P100 Manual Binding Machine,1,0.0002,0.25,156.53
Polycom VVX 310 VoIP phone,Xerox 200,1,0.0002,0.125,125.22
Polycom VVX 310 VoIP phone,"Acco Flexible ACCOHIDE Square Ring Data Binder, Dark Blue, 11 1/2"" X 14"" 7/8""",1,0.0002,0.125,62.61
Polycom VVX 310 VoIP phone,Acco Perma 3000 Stacking Storage Drawers,1,0.0002,0.125,104.35
Polycom VVX 310 VoIP phone,Safco Industrial Wire Shelving System,1,0.0002,0.125,78.27
Polycom VVX 310 VoIP phone,Samsung Galaxy S4 Active,1,0.0002,0.125,313.06
Polycom VoiceStation 500 Conference phone,Global Ergonomic Managers Chair,1,0.0002,0.2,91.07
Polycom VoiceStation 500 Conference phone,"Global Wood Trimmed Manager's Task Chair, Khaki",1,0.0002,0.2,71.56
Polycom VoiceStation 500 Conference phone,Newell Chalk Holder,1,0.0002,0.2,143.11
Polycom VoiceStation 500 Conference phone,Wilson Jones Snap Scratch Pad Binder Tool for Ring Binders,1,0.0002,0.2,200.36
Polycom VoiceStation 500 Conference phone,Akro Stacking Bins,1,0.0002,0.2,166.97
Portable Personal File Box,"Eldon 200 Class Desk Accessories, Smoke",1,0.0002,0.1667,208.71
Portable Personal File Box,SanDisk Cruzer 32 GB USB Flash Drive,1,0.0002,0.1667,139.14
Portable Personal File Box,Xerox 23,1,0.0002,0.1667,139.14
Portable Personal File Box,"ACCOHIDE 3-Ring Binder, Blue, 1""",1,0.0002,0.1667,64.22
Portable Personal File Box,Belkin 8 Outlet Surge Protector,1,0.0002,0.1667,119.26
Portfile Personal File Boxes,Southworth 25% Cotton Premium Laser Paper and Envelopes,1,0.0002,0.5,500.9
"Post-it Important Message Note Pad, Neon Colors, 50 Sheets/Pad","Adams Write n' Stick Phone Message Book, 11"" X 5 1/4"", 200 Messages",1,0.0002,0.5,834.83
"Post-it Important Message Note Pad, Neon Colors, 50 Sheets/Pad",Avery 489,1,0.0002,0.5,500.9
"Post-it Important Message Note Pad, Neon Colors, 50 Sheets/Pad",Eldon Simplefile Box Office,1,0.0002,0.5,313.06
"Post-it Important Message Note Pad, Neon Colors, 50 Sheets/Pad",AT&T CL83451 4-Handset Telephone,1,0.0002,0.5,626.12
"Post-it Important Message Note Pad, Neon Colors, 50 Sheets/Pad","Fiskars 8"" Scissors, 2/Pack",1,0.0002,0.5,626.12
PowerGen Dual USB Car Charger,"Cardinal HOLDit! Binder Insert Strips,Extra Strips",1,0.0002,0.25,139.14
PowerGen Dual USB Car Charger,Ibico Laser Imprintable Binding System Covers,1,0.0002,0.25,156.53
PowerGen Dual USB Car Charger,"Adams Telephone Message Book W/Dividers/Space For Phone Numbers, 5 1/4""X8 1/2"", 200/Messages",1,0.0002,0.25,178.89
PowerGen Dual USB Car Charger,"Angle-D Binders with Locking Rings, Label Holders",1,0.0002,0.25,125.22
PowerGen Dual USB Car Charger,Avery Binder Labels,1,0.0002,0.25,313.06
Prang Colored Pencils,Carina Double Wide Media Storage Towers in Natural & Black,1,0.0002,0.1429,59.63
Prang Colored Pencils,"Hon Deluxe Fabric Upholstered Stacking Chairs, Rounded Back",1,0.0002,0.1429,59.63
Prang Colored Pencils,"Hunt PowerHouse Electric Pencil Sharpener, Blue",1,0.0002,0.1429,71.56
Prang Colored Pencils,Advantus Plastic Paper Clips,1,0.0002,0.1429,71.56
Prang Colored Pencils,Xerox 1933,1,0.0002,0.1429,143.11
Prang Drawing Pencil Set,Avery Hidden Tab Dividers for Binding Systems,1,0.0002,0.0909,65.05
Prang Drawing Pencil Set,"Bush Heritage Pine Collection 5-Shelf Bookcase, Albany Pine Finish, *Special Order",1,0.0002,0.0909,56.92
Prang Drawing Pencil Set,Xerox 1967,1,0.0002,0.0909,91.07
Prang Drawing Pencil Set,Hoover Upright Vacuum With Dirt Cup,1,0.0002,0.0909,75.89
Prang Drawing Pencil Set,Plantronics Calisto P620-M USB Wireless Speakerphone System,1,0.0002,0.0909,113.84
Prang Dustless Chalk Sticks,Acco Perma 3000 Stacking Storage Drawers,1,0.0002,0.125,104.35
Prang Dustless Chalk Sticks,Computer Printout Paper with Letter-Trim Perforations,1,0.0002,0.125,89.45
Prang Dustless Chalk Sticks,"Padded Folding Chairs, Black, 4/Carton",1,0.0002,0.125,78.27
Prang Dustless Chalk Sticks,Tennsco 6- and 18-Compartment Lockers,1,0.0002,0.125,56.92
Prang Dustless Chalk Sticks,Hon 2111 Invitation Series Corner Table,1,0.0002,0.125,156.53
Premier Automatic Letter Opener,Avery Non-Stick Binders,1,0.0002,0.2,50.09
Premier Automatic Letter Opener,Eldon Portable Mobile Manager,1,0.0002,0.2,111.31
Premier Automatic Letter Opener,O'Sullivan Living Dimensions 2-Shelf Bookcases,1,0.0002,0.2,100.18
Premier Automatic Letter Opener,Serrated Blade or Curved Handle Hand Letter Openers,1,0.0002,0.2,500.9
Premier Automatic Letter Opener,"Acco 7-Outlet Masterpiece Power Center, Wihtout Fax/Phone Line Protection",1,0.0002,0.2,143.11
Premier Electric Letter Opener,Bush Advantage Collection Racetrack Conference Table,1,0.0002,0.125,89.45
Premier Electric Letter Opener,Eldon Wave Desk Accessories,1,0.0002,0.125,44.72
Premier Electric Letter Opener,"Fellowes Premier Superior Surge Suppressor, 10-Outlet, With Phone and Remote",1,0.0002,0.125,89.45
Premier Electric Letter Opener,Poly Designer Cover & Back,1,0.0002,0.125,89.45
Premier Electric Letter Opener,"Ampad Phone Message Book, Recycled, 400 Message Capacity, 5 ¾ x 11",1,0.0002,0.125,125.22
"Premier Elliptical Ring Binder, Black","Advantus Employee of the Month Certificate Frame, 11 x 13-1/2",1,0.0002,0.1111,111.31
"Premier Elliptical Ring Binder, Black",Fellowes Super Stor/Drawer Files,1,0.0002,0.1111,61.84
"Premier Elliptical Ring Binder, Black",Newell 344,1,0.0002,0.1111,92.76
"Premier Elliptical Ring Binder, Black",Smead Alpha-Z Color-Coded Name Labels First Letter Starter Set,1,0.0002,0.1111,111.31
"Premier Elliptical Ring Binder, Black",Xerox 1951,1,0.0002,0.1111,92.76
Premium Transparent Presentation Covers by GBC,Logitech G500s Laser Gaming Mouse with Adjustable Weight Tuning,1,0.0002,0.1,125.22
Premium Transparent Presentation Covers by GBC,"Sanford Colorific Colored Pencils, 12/Box",1,0.0002,0.1,100.18
Premium Transparent Presentation Covers by GBC,"Square Ring Data Binders, Rigid 75 Pt. Covers, 11"" x 14-7/8""",1,0.0002,0.1,71.56
Premium Transparent Presentation Covers by GBC,Eldon 200 Class Desk Accessories,1,0.0002,0.1,71.56
Premium Transparent Presentation Covers by GBC,Cardinal EasyOpen D-Ring Binders,1,0.0002,0.1,62.61
"Premium Transparent Presentation Covers, No Pattern/Clear, 8 1/2"" x 11""",Carina Double Wide Media Storage Towers in Natural & Black,1,0.0002,0.1429,59.63
"Premium Transparent Presentation Covers, No Pattern/Clear, 8 1/2"" x 11""",GBC Wire Binding Combs,1,0.0002,0.1429,102.22
"Premium Transparent Presentation Covers, No Pattern/Clear, 8 1/2"" x 11""",Imation 30456 USB Flash Drive 8GB,1,0.0002,0.1429,143.11
"Premium Transparent Presentation Covers, No Pattern/Clear, 8 1/2"" x 11""",Staples,1,0.0002,0.1429,3.22
"Premium Transparent Presentation Covers, No Pattern/Clear, 8 1/2"" x 11""",Boston Home & Office Model 2000 Electric Pencil Sharpeners,1,0.0002,0.1429,119.26
"Premium Writing Pencils, Soft, #2 by Central Association for the Blind",Logitech G602 Wireless Gaming Mouse,1,0.0002,0.1429,79.51
"Premium Writing Pencils, Soft, #2 by Central Association for the Blind","Sortfiler Multipurpose Personal File Organizer, Black",1,0.0002,0.1429,119.26
"Premium Writing Pencils, Soft, #2 by Central Association for the Blind","Quartet Omega Colored Chalk, 12/Pack",1,0.0002,0.1429,102.22
"Pressboard Covers with Storage Hooks, 9 1/2"" x 11"", Light Blue","Eldon Spacemaker Box, Quick-Snap Lid, Clear",1,0.0002,0.0833,69.57
"Pressboard Covers with Storage Hooks, 9 1/2"" x 11"", Light Blue",Aluminum Screw Posts,1,0.0002,0.0833,37.95
"Pressboard Covers with Storage Hooks, 9 1/2"" x 11"", Light Blue",Loose Memo Sheets,1,0.0002,0.0833,208.71
"Pressboard Covers with Storage Hooks, 9 1/2"" x 11"", Light Blue","Tennsco Lockers, Sand",1,0.0002,0.0833,83.48
"Pressboard Covers with Storage Hooks, 9 1/2"" x 11"", Light Blue","Ampad Poly Cover Wirebound Steno Book, 6"" x 9"" Assorted Colors, Gregg Ruled",1,0.0002,0.0833,104.35
"Pressboard Data Binder, Crimson, 12"" X 8 1/2""",Avery 510,1,0.0002,0.3333,556.56
"Pressboard Data Binder, Crimson, 12"" X 8 1/2""",Newell 310,1,0.0002,0.3333,238.52
"Pressboard Data Binder, Crimson, 12"" X 8 1/2""","Safco Wire Cube Shelving System, For Use as 4 or 5 14"" Cubes, Black",1,0.0002,0.3333,417.42
"Pressboard Data Binder, Crimson, 12"" X 8 1/2""",Tennsco Double-Tier Lockers,1,0.0002,0.3333,139.14
"Pressboard Data Binder, Crimson, 12"" X 8 1/2""",Avery 490,1,0.0002,0.3333,333.93
Pressboard Data Binders by Wilson Jones,"Acco PRESSTEX Data Binder with Storage Hooks, Dark Blue, 14 7/8"" X 11""",1,0.0002,0.125,89.45
Pressboard Data Binders by Wilson Jones,"Avery Address/Shipping Labels for Typewriters, 4"" x 2""",1,0.0002,0.125,89.45
Pressboard Data Binders by Wilson Jones,Avery File Folder Labels,1,0.0002,0.125,48.16
Pressboard Data Binders by Wilson Jones,ClearSounds CSC500 Amplified Spirit Phone Corded phone,1,0.0002,0.125,104.35
Pressboard Data Binders by Wilson Jones,"Dana Fluorescent Magnifying Lamp, White, 36""",1,0.0002,0.125,156.53
Pressboard Hanging Data Binders for Unburst Sheets,PNY Rapid USB Car Charger - Black,1,0.0002,0.1,500.9
Pressboard Hanging Data Binders for Unburst Sheets,GBC Poly Designer Binding Covers,1,0.0002,0.1,83.48
Pressboard Hanging Data Binders for Unburst Sheets,HTC One Mini,1,0.0002,0.1,125.22
Pressboard Hanging Data Binders for Unburst Sheets,"Tyvek Interoffice Envelopes, 9 1/2"" x 12 1/2"", 100/Box",1,0.0002,0.1,100.18
Pressboard Hanging Data Binders for Unburst Sheets,"Verbatim 25 GB 6x Blu-ray Single Layer Recordable Disc, 3/Pack",1,0.0002,0.1,83.48
Presstex Flexible Ring Binders,Xerox 1944,1,0.0002,0.125,104.35
Presstex Flexible Ring Binders,Logitech 910-002974 M325 Wireless Mouse for Web Scrolling,1,0.0002,0.125,41.74
Presstex Flexible Ring Binders,Regeneration Desk Collection,1,0.0002,0.125,125.22
Presstex Flexible Ring Binders,"ACCOHIDE 3-Ring Binder, Blue, 1""",1,0.0002,0.125,48.16
Presstex Flexible Ring Binders,Global Ergonomic Managers Chair,1,0.0002,0.125,56.92
Prestige Round Ring Binders,Xerox 216,1,0.0002,0.125,78.27
Prestige Round Ring Binders,"Advantus Push Pins, Aluminum Head",1,0.0002,0.125,125.22
Prestige Round Ring Binders,"Metal Folding Chairs, Beige, 4/Carton",1,0.0002,0.125,125.22
Prestige Round Ring Binders,Rogers Profile Extra Capacity Storage Tub,1,0.0002,0.125,89.45
Prestige Round Ring Binders,"DAX Two-Tone Rosewood/Black Document Frame, Desktop, 5 x 7",1,0.0002,0.125,78.27
Prismacolor Color Pencil Set,Advantus Map Pennant Flags and Round Head Tacks,1,0.0002,0.1429,119.26
Prismacolor Color Pencil Set,"Avery 05222 Permanent Self-Adhesive File Folder Labels for Typewriters, on Rolls, White, 250/Roll",1,0.0002,0.1429,357.79
Prismacolor Color Pencil Set,Eldon ClusterMat Chair Mat with Cordless Antistatic Protection,1,0.0002,0.1429,143.11
Prismacolor Color Pencil Set,Fellowes Powershred HS-440 4-Sheet High Security Shredder,1,0.0002,0.1429,238.52
Prismacolor Color Pencil Set,GBC Recycled VeloBinder Covers,1,0.0002,0.1429,89.45
Project Tote Personal File,"HP Designjet T520 Inkjet Large Format Printer - 24"" Color",1,0.0002,0.25,417.42
Project Tote Personal File,Advantus Map Pennant Flags and Round Head Tacks,1,0.0002,0.25,208.71
Project Tote Personal File,"Avery 05222 Permanent Self-Adhesive File Folder Labels for Typewriters, on Rolls, White, 250/Roll",1,0.0002,0.25,626.12
Project Tote Personal File,Eldon ClusterMat Chair Mat with Cordless Antistatic Protection,1,0.0002,0.25,250.45
Project Tote Personal File,Fellowes Powershred HS-440 4-Sheet High Security Shredder,1,0.0002,0.25,417.42
PureGear Roll-On Screen Protector,Staples,2,0.000399,0.4,9.03
PureGear Roll-On Screen Protector,"SAFCO PlanMaster Heigh-Adjustable Drafting Table Base, 43w x 30d x 30-37h, Black",1,0.0002,0.2,200.36
PureGear Roll-On Screen Protector,Southworth 25% Cotton Linen-Finish Paper & Envelopes,1,0.0002,0.2,250.45
PureGear Roll-On Screen Protector,"Wilson Jones Clip & Carry Folder Binder Tool for Ring Binders, Clear",1,0.0002,0.2,111.31
PureGear Roll-On Screen Protector,Xerox 1919,1,0.0002,0.2,111.31
Pyle PMP37LED,"Adams Telephone Message Book W/Dividers/Space For Phone Numbers, 5 1/4""X8 1/2"", 300/Messages",1,0.0002,0.1,50.09
Pyle PMP37LED,Bose SoundLink Bluetooth Speaker,1,0.0002,0.1,100.18
Pyle PMP37LED,Kingston Digital DataTraveler 16GB USB 2.0,1,0.0002,0.1,38.53
Pyle PMP37LED,Letter or Legal Size Expandable Poly String Tie Envelopes,1,0.0002,0.1,125.22
Pyle PMP37LED,Staples,1,0.0002,0.1,2.26
QVS USB Car Charger 2-Port 2.1Amp for iPod/iPhone/iPad/iPad 2/iPad 3,"Bush Heritage Pine Collection 5-Shelf Bookcase, Albany Pine Finish, *Special Order",1,0.0002,0.2,125.22
QVS USB Car Charger 2-Port 2.1Amp for iPod/iPhone/iPad/iPad 2/iPad 3,Ibico Hi-Tech Manual Binding System,1,0.0002,0.2,91.07
QVS USB Car Charger 2-Port 2.1Amp for iPod/iPhone/iPad/iPad 2/iPad 3,"Trav-L-File Heavy-Duty Shuttle II, Black",1,0.0002,0.2,143.11
QVS USB Car Charger 2-Port 2.1Amp for iPod/iPhone/iPad/iPad 2/iPad 3,"Acco Six-Outlet Power Strip, 4' Cord Length",1,0.0002,0.2,111.31
QVS USB Car Charger 2-Port 2.1Amp for iPod/iPhone/iPad/iPad 2/iPad 3,Apple EarPods with Remote and Mic,1,0.0002,0.2,250.45
Quality Park Security Envelopes,American Pencil,1,0.0002,0.25,208.71
Quality Park Security Envelopes,Logitech Gaming G510s - Keyboard,1,0.0002,0.25,156.53
Quality Park Security Envelopes,"Belkin SportFit Armband For iPhone 5s/5c, Fuchsia",1,0.0002,0.25,250.45
"Quartet Alpha White Chalk, 12/Pack",Belkin F9S820V06 8 Outlet Surge,1,0.0002,0.5,626.12
"Quartet Alpha White Chalk, 12/Pack",Logitech G19 Programmable Gaming Keyboard,1,0.0002,0.5,313.06
"Quartet Alpha White Chalk, 12/Pack",Magnifier Swing Arm Lamp,1,0.0002,0.5,500.9
"Quartet Omega Colored Chalk, 12/Pack","Premium Writing Pencils, Soft, #2 by Central Association for the Blind",1,0.0002,0.1429,102.22
"Quartet Omega Colored Chalk, 12/Pack",Advantus Panel Wall Certificate Holder - 8.5x11,1,0.0002,0.1429,119.26
"Quartet Omega Colored Chalk, 12/Pack","Elite 5"" Scissors",1,0.0002,0.1429,102.22
"Quartet Omega Colored Chalk, 12/Pack",Staples,1,0.0002,0.1429,3.22
"Quartet Omega Colored Chalk, 12/Pack",Acme Tagit Stainless Steel Antibacterial Scissors,1,0.0002,0.1429,119.26
RCA H5401RE1 DECT 6.0 4-Line Cordless Handset With Caller ID/Call Waiting,"Eureka The Boss Lite 10-Amp Upright Vacuum, Blue",1,0.0002,1.0,1252.25
RCA H5401RE1 DECT 6.0 4-Line Cordless Handset With Caller ID/Call Waiting,Plantronics MX500i Earset,1,0.0002,1.0,715.57
RCA ViSYS 25425RE1 Corded phone,"Rogers Jumbo File, Granite",1,0.0002,1.0,715.57
RCA ViSYS 25425RE1 Corded phone,Xerox 229,1,0.0002,1.0,1669.67
RCA ViSYS 25825 Wireless digital phone,Advantus Panel Wall Certificate Holder - 8.5x11,1,0.0002,0.5,417.42
RCA ViSYS 25825 Wireless digital phone,Carina Media Storage Towers in Natural & Black,1,0.0002,0.5,500.9
RCA ViSYS 25825 Wireless digital phone,"DAX Contemporary Wood Frame with Silver Metal Mat, Desktop, 11 x 14 Size",1,0.0002,0.5,500.9
RCA ViSYS 25825 Wireless digital phone,Fellowes Recycled Storage Drawers,1,0.0002,0.5,834.83
RCA ViSYS 25825 Wireless digital phone,Office Star - Contemporary Swivel Chair with Padded Adjustable Arms and Flex Back,1,0.0002,0.5,357.79
RCA Visys Integrated PBX 8-Line Router,Xerox 226,1,0.0002,0.2,91.07
RCA Visys Integrated PBX 8-Line Router,Poly String Tie Envelopes,1,0.0002,0.2,91.07
RCA Visys Integrated PBX 8-Line Router,Fellowes PB500 Electric Punch Plastic Comb Binding Machine with Manual Bind,1,0.0002,0.2,100.18
"REDIFORM Incoming/Outgoing Call Register, 11"" X 8 1/2"", 100 Messages",GBC Poly Designer Binding Covers,1,0.0002,0.125,104.35
"REDIFORM Incoming/Outgoing Call Register, 11"" X 8 1/2"", 100 Messages","Tennsco Lockers, Gray",1,0.0002,0.125,104.35
"REDIFORM Incoming/Outgoing Call Register, 11"" X 8 1/2"", 100 Messages","Adams Phone Message Book, 200 Message Capacity, 8 1/16 x 11",1,0.0002,0.125,78.27
"REDIFORM Incoming/Outgoing Call Register, 11"" X 8 1/2"", 100 Messages",High-Back Leather Manager's Chair,1,0.0002,0.125,69.57
"REDIFORM Incoming/Outgoing Call Register, 11"" X 8 1/2"", 100 Messages",Sensible Storage WireTech Storage Systems,1,0.0002,0.125,78.27
"RSVP Cards & Envelopes, Blank White, 8-1/2"" X 11"", 24 Cards/25 Envelopes/Set",Kingston Digital DataTraveler 8GB USB 2.0,1,0.0002,0.1667,278.28
"RSVP Cards & Envelopes, Blank White, 8-1/2"" X 11"", 24 Cards/25 Envelopes/Set","Chromcraft Bull-Nose Wood 48"" x 96"" Rectangular Conference Tables",1,0.0002,0.1667,139.14
"RSVP Cards & Envelopes, Blank White, 8-1/2"" X 11"", 24 Cards/25 Envelopes/Set","Eldon Expressions Wood Desk Accessories, Oak",1,0.0002,0.1667,69.57
"RSVP Cards & Envelopes, Blank White, 8-1/2"" X 11"", 24 Cards/25 Envelopes/Set",Eldon Wave Desk Accessories,1,0.0002,0.1667,59.63
"RSVP Cards & Envelopes, Blank White, 8-1/2"" X 11"", 24 Cards/25 Envelopes/Set",GBC Recycled VeloBinder Covers,1,0.0002,0.1667,104.35
Razer Kraken 7.1 Surround Sound Over Ear USB Gaming Headset,Longer-Life Soft White Bulbs,1,0.0002,0.1667,83.48
Razer Kraken 7.1 Surround Sound Over Ear USB Gaming Headset,"Avery Trapezoid Ring Binder, 3"" Capacity, Black, 1040 sheets",1,0.0002,0.1667,119.26
Razer Kraken 7.1 Surround Sound Over Ear USB Gaming Headset,Boston Home & Office Model 2000 Electric Pencil Sharpeners,1,0.0002,0.1667,139.14
Razer Kraken 7.1 Surround Sound Over Ear USB Gaming Headset,"GBC Velobind Prepunched Cover Sets, Regency Series",1,0.0002,0.1667,119.26
Razer Kraken 7.1 Surround Sound Over Ear USB Gaming Headset,Home/Office Personal File Carts,1,0.0002,0.1667,119.26
Razer Kraken PRO Over Ear PC and Music Headset,Hoover Upright Vacuum With Dirt Cup,1,0.0002,0.125,104.35
Razer Kraken PRO Over Ear PC and Music Headset,Array Memo Cubes,1,0.0002,0.125,208.71
Razer Kraken PRO Over Ear PC and Music Headset,Avery Non-Stick Binders,1,0.0002,0.125,31.31
Razer Kraken PRO Over Ear PC and Music Headset,Newell 334,1,0.0002,0.125,104.35
Razer Kraken PRO Over Ear PC and Music Headset,"Tenex ""The Solids"" Textured Chair Mats",1,0.0002,0.125,89.45
Razer Tiamat Over Ear 7.1 Surround Sound PC Gaming Headset,Avoid Verbal Orders Carbonless Minifold Book,1,0.0002,0.1429,143.11
Razer Tiamat Over Ear 7.1 Surround Sound PC Gaming Headset,"Howard Miller 11-1/2"" Diameter Ridgewood Wall Clock",1,0.0002,0.1429,119.26
Razer Tiamat Over Ear 7.1 Surround Sound PC Gaming Headset,Plantronics MX500i Earset,1,0.0002,0.1429,102.22
Razer Tiamat Over Ear 7.1 Surround Sound PC Gaming Headset,Xblue XB-1670-86 X16 Small Office Telephone - Titanium,1,0.0002,0.1429,357.79
Razer Tiamat Over Ear 7.1 Surround Sound PC Gaming Headset,"Howard Miller 13-1/2"" Diameter Rosebrook Wall Clock",1,0.0002,0.1429,143.11
"Recycled Data-Pak for Archival Bound Computer Printouts, 12-1/2 x 12-1/2 x 16",Xerox 195,1,0.0002,0.1667,104.35
"Recycled Data-Pak for Archival Bound Computer Printouts, 12-1/2 x 12-1/2 x 16","Carina 42""Hx23 3/4""W Media Storage Unit",1,0.0002,0.1667,104.35
"Recycled Data-Pak for Archival Bound Computer Printouts, 12-1/2 x 12-1/2 x 16",Peel & Stick Add-On Corner Pockets,1,0.0002,0.1667,119.26
"Recycled Data-Pak for Archival Bound Computer Printouts, 12-1/2 x 12-1/2 x 16",Xerox 220,1,0.0002,0.1667,104.35
"Recycled Data-Pak for Archival Bound Computer Printouts, 12-1/2 x 12-1/2 x 16",Chromcraft Bull-Nose Wood Oval Conference Tables & Bases,1,0.0002,0.1667,166.97
"Recycled Desk Saver Line ""While You Were Out"" Book, 5 1/2"" X 4""","Decoflex Hanging Personal Folder File, Blue",1,0.0002,0.2,111.31
"Recycled Desk Saver Line ""While You Were Out"" Book, 5 1/2"" X 4""",SAFCO Boltless Steel Shelving,1,0.0002,0.2,100.18
"Recycled Desk Saver Line ""While You Were Out"" Book, 5 1/2"" X 4""",Samsung Galaxy Note 3,1,0.0002,0.2,333.93
"Recycled Desk Saver Line ""While You Were Out"" Book, 5 1/2"" X 4""","Sauder Mission Library with Doors, Fruitwood Finish",1,0.0002,0.2,333.93
"Recycled Desk Saver Line ""While You Were Out"" Book, 5 1/2"" X 4""",Xerox 1912,1,0.0002,0.2,250.45
Recycled Easel Ring Binders,"DAX Value U-Channel Document Frames, Easel Back",2,0.000399,0.2222,111.31
Recycled Easel Ring Binders,Economy Rollaway Files,1,0.0002,0.1111,79.51
Recycled Easel Ring Binders,White Computer Printout Paper by Universal,1,0.0002,0.1111,69.57
Recycled Easel Ring Binders,"ACCOHIDE 3-Ring Binder, Blue, 1""",1,0.0002,0.1111,42.81
Recycled Easel Ring Binders,Lenovo 17-Key USB Numeric Keypad,1,0.0002,0.1111,111.31
Recycled Eldon Regeneration Jumbo File,Imation 32GB Pocket Pro USB 3.0 Flash Drive - 32 GB - Black - 1 P ...,1,0.0002,0.1667,166.97
Recycled Eldon Regeneration Jumbo File,"Angle-D Binders with Locking Rings, Label Holders",1,0.0002,0.1667,83.48
Recycled Eldon Regeneration Jumbo File,Fellowes Bankers Box Stor/Drawer Steel Plus,1,0.0002,0.1667,69.57
Recycled Eldon Regeneration Jumbo File,Global Comet Stacking Arm Chair,1,0.0002,0.1667,166.97
Recycled Eldon Regeneration Jumbo File,Grandstream GXP1160 VoIP phone,1,0.0002,0.1667,139.14
"Recycled Interoffice Envelopes with Re-Use-A-Seal Closure, 10 x 13",Memorex Micro Travel Drive 4 GB,1,0.0002,0.5,834.83
"Recycled Interoffice Envelopes with Re-Use-A-Seal Closure, 10 x 13",Avery Hidden Tab Dividers for Binding Systems,1,0.0002,0.5,357.79
"Recycled Interoffice Envelopes with Re-Use-A-Seal Closure, 10 x 13","GBC Standard Recycled Report Covers, Clear Plastic Sheets",1,0.0002,0.5,208.71
"Recycled Interoffice Envelopes with Re-Use-A-Seal Closure, 10 x 13","GE General Purpose, Extra Long Life, Showcase & Floodlight Incandescent Bulbs",1,0.0002,0.5,357.79
"Recycled Interoffice Envelopes with Re-Use-A-Seal Closure, 10 x 13",Staples,1,0.0002,0.5,11.28
"Recycled Interoffice Envelopes with String and Button Closure, 10 x 13",Fellowes PB200 Plastic Comb Binding Machine,1,0.0002,0.2,111.31
"Recycled Interoffice Envelopes with String and Button Closure, 10 x 13",Panasonic KX T7731-B Digital phone,1,0.0002,0.2,333.93
"Recycled Interoffice Envelopes with String and Button Closure, 10 x 13","Tennsco Lockers, Sand",1,0.0002,0.2,200.36
"Recycled Interoffice Envelopes with String and Button Closure, 10 x 13",Wilson Jones Century Plastic Molded Ring Binders,1,0.0002,0.2,100.18
"Recycled Interoffice Envelopes with String and Button Closure, 10 x 13",Recycled Pressboard Report Cover with Reinforced Top Hinge,1,0.0002,0.2,125.22
Recycled Premium Regency Composition Covers,Staples,1,0.0002,0.3333,7.52
Recycled Premium Regency Composition Covers,Xerox 1881,1,0.0002,0.3333,151.79
Recycled Pressboard Report Cover with Reinforced Top Hinge,AT&T 1080 Corded phone,1,0.0002,0.125,89.45
Recycled Pressboard Report Cover with Reinforced Top Hinge,O'Sullivan Living Dimensions 2-Shelf Bookcases,1,0.0002,0.125,62.61
Recycled Pressboard Report Cover with Reinforced Top Hinge,Pyle PMP37LED,1,0.0002,0.125,62.61
Recycled Pressboard Report Cover with Reinforced Top Hinge,"It's Hot Message Books with Stickers, 2 3/4"" x 5""",1,0.0002,0.125,104.35
Recycled Pressboard Report Cover with Reinforced Top Hinge,"Recycled Interoffice Envelopes with String and Button Closure, 10 x 13",1,0.0002,0.125,125.22
Recycled Steel Personal File for Hanging File Folders,Bevis Round Conference Room Tables and Bases,1,0.0002,0.1667,417.42
Recycled Steel Personal File for Hanging File Folders,Logitech G700s Rechargeable Gaming Mouse,1,0.0002,0.1667,92.76
Recycled Steel Personal File for Hanging File Folders,Balt Split Level Computer Training Table,1,0.0002,0.1667,166.97
Recycled Steel Personal File for Hanging File Folders,Dixon Ticonderoga Core-Lock Colored Pencils,1,0.0002,0.1667,119.26
Recycled Steel Personal File for Standard File Folders,"Acco Data Flex Cable Posts For Top & Bottom Load Binders, 6"" Capacity",1,0.0002,0.25,125.22
Recycled Steel Personal File for Standard File Folders,Avery 488,1,0.0002,0.25,208.71
Recycled Steel Personal File for Standard File Folders,Blackstonian Pencils,1,0.0002,0.25,313.06
Recycled Steel Personal File for Standard File Folders,Jabra SPEAK 410,1,0.0002,0.25,139.14
Recycled Steel Personal File for Standard File Folders,Avery 513,1,0.0002,0.25,250.45
"Redi-Strip #10 Envelopes, 4 1/8 x 9 1/2","OIC Colored Binder Clips, Assorted Sizes",1,0.0002,0.1429,102.22
"Redi-Strip #10 Envelopes, 4 1/8 x 9 1/2","Tyvek  Top-Opening Peel & Seel Envelopes, Plain White",1,0.0002,0.1429,102.22
"Redi-Strip #10 Envelopes, 4 1/8 x 9 1/2",Xerox 1921,1,0.0002,0.1429,238.52
"Redi-Strip #10 Envelopes, 4 1/8 x 9 1/2",UniKeep View Case Binders,1,0.0002,0.1429,143.11
"Redi-Strip #10 Envelopes, 4 1/8 x 9 1/2",Global Chrome Stack Chair,1,0.0002,0.1429,119.26
"Rediform S.O.S. 1-Up Phone Message Bk, 4-1/4x3-1/16 Bk, 1 Form/Pg, 40 Messages/Bk, 3/Pk",AT&T 841000 Phone,1,0.0002,0.2,143.11
"Rediform S.O.S. 1-Up Phone Message Bk, 4-1/4x3-1/16 Bk, 1 Form/Pg, 40 Messages/Bk, 3/Pk",Luxo Professional Magnifying Clamp-On Fluorescent Lamps,1,0.0002,0.2,250.45
"Rediform S.O.S. 1-Up Phone Message Bk, 4-1/4x3-1/16 Bk, 1 Form/Pg, 40 Messages/Bk, 3/Pk","Perma STOR-ALL Hanging File Box, 13 1/8""W x 12 1/4""D x 10 1/2""H",1,0.0002,0.2,125.22
"Rediform S.O.S. 1-Up Phone Message Bk, 4-1/4x3-1/16 Bk, 1 Form/Pg, 40 Messages/Bk, 3/Pk",Polycom SoundPoint IP 450 VoIP phone,1,0.0002,0.2,166.97
"Rediform S.O.S. 1-Up Phone Message Bk, 4-1/4x3-1/16 Bk, 1 Form/Pg, 40 Messages/Bk, 3/Pk",Tensor Computer Mounted Lamp,1,0.0002,0.2,125.22
Rediform S.O.S. Phone Message Books,Acme Value Line Scissors,1,0.0002,1.0,500.9
Rediform S.O.S. Phone Message Books,Personal Creations Ink Jet Cards and Labels,1,0.0002,1.0,1252.25
Rediform Voice Mail Log Books,Apple iPhone 5,1,0.0002,0.5,417.42
"Rediform Wirebound ""Phone Memo"" Message Book, 11 x 5-3/4",Office Star - Mid Back Dual function Ergonomic High Back Chair with 2-Way Adjustable Arms,1,0.0002,0.2,200.36
"Rediform Wirebound ""Phone Memo"" Message Book, 11 x 5-3/4","Carina 42""Hx23 3/4""W Media Storage Unit",1,0.0002,0.2,125.22
"Rediform Wirebound ""Phone Memo"" Message Book, 11 x 5-3/4",Strathmore Photo Frame Cards,1,0.0002,0.2,250.45
"Rediform Wirebound ""Phone Memo"" Message Book, 11 x 5-3/4",Tennsco 6- and 18-Compartment Lockers,1,0.0002,0.2,91.07
"Rediform Wirebound ""Phone Memo"" Message Book, 11 x 5-3/4",Xerox 1993,1,0.0002,0.2,125.22
Regeneration Desk Collection,Acme Titanium Bonded Scissors,1,0.0002,0.2,200.36
Regeneration Desk Collection,Cisco SPA525G2 IP Phone - Wireless,1,0.0002,0.2,200.36
Regeneration Desk Collection,Xerox 1931,1,0.0002,0.2,125.22
Regeneration Desk Collection,Xerox 1976,1,0.0002,0.2,500.9
Regeneration Desk Collection,Xerox 1988,1,0.0002,0.2,111.31
Revere Boxed Rubber Bands by Revere,Fellowes PB200 Plastic Comb Binding Machine,1,0.0002,0.1667,92.76
Revere Boxed Rubber Bands by Revere,Motorla HX550 Universal Bluetooth Headset,1,0.0002,0.1667,208.71
Revere Boxed Rubber Bands by Revere,"Barricks 18"" x 48"" Non-Folding Utility Table with Bottom Storage Shelf",1,0.0002,0.1667,166.97
Revere Boxed Rubber Bands by Revere,Fellowes Black Plastic Comb Bindings,1,0.0002,0.1667,92.76
Revere Boxed Rubber Bands by Revere,O'Sullivan 5-Shelf Heavy-Duty Bookcases,1,0.0002,0.1667,208.71
Ricoh - Ink Collector Unit for GX3000 Series Printers,"Crayola Anti Dust Chalk, 12/Pack",1,0.0002,0.3333,238.52
Ricoh - Ink Collector Unit for GX3000 Series Printers,"Hoover Replacement Belts For Soft Guard & Commercial Ltweight Upright Vacs, 2/Pk",1,0.0002,0.3333,333.93
Ricoh - Ink Collector Unit for GX3000 Series Printers,Imation Bio 2GB USB Flash Drive Imation Corp,1,0.0002,0.3333,556.56
Ricoh - Ink Collector Unit for GX3000 Series Printers,Dax Clear Box Frame,1,0.0002,0.3333,278.28
Ricoh - Ink Collector Unit for GX3000 Series Printers,Aluminum Screw Posts,1,0.0002,0.3333,151.79
Riverleaf Stik-Withit Designer Note Cubes,GBC DocuBind TL300 Electric Binding System,1,0.0002,0.2,91.07
Riverleaf Stik-Withit Designer Note Cubes,"Safco Chair Connectors, 6/Carton",1,0.0002,0.2,250.45
Riverleaf Stik-Withit Designer Note Cubes,Boston 16701 Slimline Battery Pencil Sharpener,1,0.0002,0.2,500.9
Riverleaf Stik-Withit Designer Note Cubes,Newell 313,1,0.0002,0.2,333.93
Riverleaf Stik-Withit Designer Note Cubes,Plantronics Single Ear Headset,1,0.0002,0.2,1001.8
"Riverside Furniture Oval Coffee Table, Oval End Table, End Table with Drawer","Angle-D Binders with Locking Rings, Label Holders",1,0.0002,0.2,100.18
"Riverside Furniture Oval Coffee Table, Oval End Table, End Table with Drawer",Belkin Standard 104 key USB Keyboard,1,0.0002,0.2,166.97
"Riverside Furniture Oval Coffee Table, Oval End Table, End Table with Drawer",Dixon Ticonderoga Core-Lock Colored Pencils,1,0.0002,0.2,143.11
"Riverside Furniture Oval Coffee Table, Oval End Table, End Table with Drawer",Panasonic KX TS3282B Corded phone,1,0.0002,0.2,333.93
"Riverside Furniture Oval Coffee Table, Oval End Table, End Table with Drawer",Staples,1,0.0002,0.2,4.51
Riverside Furniture Stanwyck Manor Table Series,Bush Advantage Collection Round Conference Table,1,0.0002,0.3333,417.42
Riverside Furniture Stanwyck Manor Table Series,"Personal Folder Holder, Ebony",1,0.0002,0.3333,278.28
Riverside Furniture Stanwyck Manor Table Series,G.E. Longer-Life Indoor Recessed Floodlight Bulbs,1,0.0002,0.3333,278.28
Riverside Furniture Stanwyck Manor Table Series,"Global Wood Trimmed Manager's Task Chair, Khaki",1,0.0002,0.3333,119.26
Riverside Furniture Stanwyck Manor Table Series,Logitech G700s Rechargeable Gaming Mouse,1,0.0002,0.3333,185.52
"Riverside Palais Royal Lawyers Bookcase, Royale Cherry Finish","Contico 72""H Heavy-Duty Storage System",1,0.0002,0.2,200.36
"Riverside Palais Royal Lawyers Bookcase, Royale Cherry Finish",Sony 64GB Class 10 Micro SDHC R40 Memory Card,1,0.0002,0.2,111.31
"Riverside Palais Royal Lawyers Bookcase, Royale Cherry Finish",Super Decoflex Portable Personal File,1,0.0002,0.2,200.36
"Riverside Palais Royal Lawyers Bookcase, Royale Cherry Finish",ARKON Windshield Dashboard Air Vent Car Mount Holder,1,0.0002,0.2,250.45
"Riverside Palais Royal Lawyers Bookcase, Royale Cherry Finish",Avery 485,1,0.0002,0.2,125.22
Rogers Deluxe File Chest,Bevis 36 x 72 Conference Tables,1,0.0002,0.125,78.27
Rogers Deluxe File Chest,"Sanford Uni-Blazer View Highlighters, Chisel Tip, Yellow",1,0.0002,0.125,208.71
Rogers Deluxe File Chest,Xerox 1983,1,0.0002,0.125,313.06
Rogers Deluxe File Chest,Okidata C610n Printer,1,0.0002,0.125,313.06
Rogers Deluxe File Chest,Self-Adhesive Address Labels for Typewriters by Universal,1,0.0002,0.125,89.45
Rogers Handheld Barrel Pencil Sharpener,"Alliance Super-Size Bands, Assorted Sizes",1,0.0002,0.1429,178.89
Rogers Handheld Barrel Pencil Sharpener,GE 30524EE4,1,0.0002,0.1429,79.51
Rogers Handheld Barrel Pencil Sharpener,Global Deluxe High-Back Manager's Chair,1,0.0002,0.1429,89.45
Rogers Handheld Barrel Pencil Sharpener,Ibico Hi-Tech Manual Binding System,1,0.0002,0.1429,65.05
Rogers Handheld Barrel Pencil Sharpener,Southworth 25% Cotton Granite Paper & Envelopes,1,0.0002,0.1429,238.52
"Rogers Jumbo File, Granite",RCA ViSYS 25425RE1 Corded phone,1,0.0002,0.1429,715.57
"Rogers Jumbo File, Granite",Xerox 229,1,0.0002,0.1429,238.52
"Rogers Jumbo File, Granite","Adams Telephone Message Book W/Dividers/Space For Phone Numbers, 5 1/4""X8 1/2"", 300/Messages",1,0.0002,0.1429,71.56
"Rogers Jumbo File, Granite",Avery 49,1,0.0002,0.1429,119.26
"Rogers Jumbo File, Granite","BlueLounge Milo Smartphone Stand, White/Metallic",1,0.0002,0.1429,238.52
Rogers Profile Extra Capacity Storage Tub,Contemporary Borderless Frame,1,0.0002,0.1429,357.79
Rogers Profile Extra Capacity Storage Tub,SanDisk Ultra 16 GB MicroSDHC Class 10 Memory Card,1,0.0002,0.1429,102.22
Rogers Profile Extra Capacity Storage Tub,Xerox 213,1,0.0002,0.1429,119.26
Rogers Profile Extra Capacity Storage Tub,Zipper Ring Binder Pockets,1,0.0002,0.1429,55.04
Rogers Profile Extra Capacity Storage Tub,"Advantus Push Pins, Aluminum Head",1,0.0002,0.1429,143.11
Rosewill 107 Normal Keys USB Wired Standard Keyboard,"Master Caster Door Stop, Large Neon Orange",1,0.0002,0.3333,238.52
Rosewill 107 Normal Keys USB Wired Standard Keyboard,Polycom SoundPoint IP 450 VoIP phone,1,0.0002,0.3333,278.28
Rosewill 107 Normal Keys USB Wired Standard Keyboard,Xerox 210,1,0.0002,0.3333,278.28
Rosewill 107 Normal Keys USB Wired Standard Keyboard,Bose SoundLink Bluetooth Speaker,1,0.0002,0.3333,333.93
Rosewill 107 Normal Keys USB Wired Standard Keyboard,Samsung Galaxy Mega 6.3,1,0.0002,0.3333,278.28
Round Ring Binders,"Fellowes Strictly Business Drawer File, Letter/Legal Size",1,0.0002,0.1667,119.26
Round Ring Binders,Hon 4700 Series Mobuis Mid-Back Task Chairs with Adjustable Arms,1,0.0002,0.1667,139.14
Round Ring Binders,Hon GuestStacker Chair,1,0.0002,0.1667,92.76
Round Ring Binders,"Sauder Facets Collection Locker/File Cabinet, Sky Alder Finish",1,0.0002,0.1667,417.42
Round Ring Binders,Avery Durable Slant Ring Binders With Label Holder,1,0.0002,0.1667,92.76
Round Specialty Laser Printer Labels,AT&T 841000 Phone,1,0.0002,0.1667,119.26
Round Specialty Laser Printer Labels,DAX Black Cherry Wood-Tone Poster Frame,1,0.0002,0.1667,104.35
Round Specialty Laser Printer Labels,GBC Linen Binding Covers,1,0.0002,0.1667,139.14
Round Specialty Laser Printer Labels,"Dana Fluorescent Magnifying Lamp, White, 36""",1,0.0002,0.1667,208.71
Round Specialty Laser Printer Labels,Cyber Acoustics AC-202b Speech Recognition Stereo Headset,1,0.0002,0.1667,166.97
Rubber Band Ball,Loose Memo Sheets,1,0.0002,0.25,626.12
Rubber Band Ball,AT&T 17929 Lendline Telephone,1,0.0002,0.25,125.22
"Rubbermaid ClusterMat Chairmats, Mat Size- 66"" x 60"", Lip 20"" x 11"" -90 Degree Angle",Avery 483,1,0.0002,0.2,166.97
"Rubbermaid ClusterMat Chairmats, Mat Size- 66"" x 60"", Lip 20"" x 11"" -90 Degree Angle",Fellowes Neat Ideas Storage Cubes,1,0.0002,0.2,143.11
"Rubbermaid ClusterMat Chairmats, Mat Size- 66"" x 60"", Lip 20"" x 11"" -90 Degree Angle","Global Value Mid-Back Manager's Chair, Gray",1,0.0002,0.2,100.18
"Rubbermaid ClusterMat Chairmats, Mat Size- 66"" x 60"", Lip 20"" x 11"" -90 Degree Angle",VariCap6 Expandable Binder,1,0.0002,0.2,333.93
"Rubbermaid ClusterMat Chairmats, Mat Size- 66"" x 60"", Lip 20"" x 11"" -90 Degree Angle",Wilson Jones Turn Tabs Binder Tool for Ring Binders,1,0.0002,0.2,77.06
"Rush Hierlooms Collection 1"" Thick Stackable Bookcases",Boston 1900 Electric Pencil Sharpener,1,0.0002,0.25,1252.25
"Rush Hierlooms Collection 1"" Thick Stackable Bookcases",Deflect-o Glass Clear Studded Chair Mats,1,0.0002,0.25,178.89
"Rush Hierlooms Collection 1"" Thick Stackable Bookcases",Hon Mobius Operator's Chair,1,0.0002,0.25,250.45
"Rush Hierlooms Collection 1"" Thick Stackable Bookcases",Nortel Meridian M3904 Professional Digital phone,1,0.0002,0.25,125.22
"Rush Hierlooms Collection 1"" Thick Stackable Bookcases",Hon Non-Folding Utility Tables,1,0.0002,0.25,250.45
Rush Hierlooms Collection Rich Wood Bookcases,"Logitech B530 USB Headset - headset - Full size, Binaural",1,0.0002,0.5,250.45
Rush Hierlooms Collection Rich Wood Bookcases,Newell 351,1,0.0002,0.5,357.79
Rush Hierlooms Collection Rich Wood Bookcases,Xerox 1978,1,0.0002,0.5,313.06
Rush Hierlooms Collection Rich Wood Bookcases,"SlimView Poly Binder, 3/8""",1,0.0002,0.5,357.79
SAFCO Arco Folding Chair,Hoover Commercial Soft Guard Upright Vacuum And Disposable Filtration Bags,1,0.0002,0.0769,96.33
SAFCO Arco Folding Chair,Weyerhaeuser First Choice Laser/Copy Paper (20Lb. and 88 Bright),1,0.0002,0.0769,77.06
SAFCO Arco Folding Chair,BIC Brite Liner Highlighters,1,0.0002,0.0769,55.04
SAFCO Arco Folding Chair,JBL Micro Wireless Portable Bluetooth Speaker,1,0.0002,0.0769,64.22
SAFCO Arco Folding Chair,Kensington 7 Outlet MasterPiece Power Center,1,0.0002,0.0769,77.06
SAFCO Boltless Steel Shelving,Avery 508,1,0.0002,0.1,83.48
SAFCO Boltless Steel Shelving,GBC Standard Plastic Binding Systems Combs,1,0.0002,0.1,100.18
SAFCO Boltless Steel Shelving,"Decoflex Hanging Personal Folder File, Blue",1,0.0002,0.1,55.66
SAFCO Boltless Steel Shelving,"Recycled Desk Saver Line ""While You Were Out"" Book, 5 1/2"" X 4""",1,0.0002,0.1,100.18
SAFCO Boltless Steel Shelving,Samsung Galaxy Note 3,1,0.0002,0.1,166.97
"SAFCO Commercial Wire Shelving, 72h",KI Adjustable-Height Table,1,0.0002,0.2,55.66
"SAFCO Commercial Wire Shelving, 72h",Sony Micro Vault Click 16 GB USB 2.0 Flash Drive,1,0.0002,0.2,111.31
"SAFCO Commercial Wire Shelving, 72h","Chromcraft 48"" x 96"" Racetrack Double Pedestal Table",1,0.0002,0.2,166.97
"SAFCO Commercial Wire Shelving, 72h","Hon Practical Foundations 30 x 60 Training Table, Light Gray/Charcoal",1,0.0002,0.2,166.97
"SAFCO Commercial Wire Shelving, 72h",Wilson Jones Century Plastic Molded Ring Binders,1,0.0002,0.2,100.18
"SAFCO Commercial Wire Shelving, Black","Global Armless Task Chair, Royal Blue",1,0.0002,0.1,62.61
"SAFCO Commercial Wire Shelving, Black",Eldon Gobal File Keepers,1,0.0002,0.1,83.48
"SAFCO Commercial Wire Shelving, Black",Hoover Shoulder Vac Commercial Portable Vacuum,1,0.0002,0.1,83.48
"SAFCO Commercial Wire Shelving, Black",GBC DocuBind P100 Manual Binding Machine,1,0.0002,0.1,62.61
"SAFCO Commercial Wire Shelving, Black",Sabrent 4-Port USB 2.0 Hub,1,0.0002,0.1,125.22
SAFCO Folding Chair Trolley,Maxell 4.7GB DVD-R,1,0.0002,0.3333,151.79
SAFCO Folding Chair Trolley,Staples,1,0.0002,0.3333,7.52
SAFCO Folding Chair Trolley,"White Business Envelopes with Contemporary Seam, Recycled White Business Envelopes",1,0.0002,0.3333,278.28
SAFCO Folding Chair Trolley,Xerox 1916,1,0.0002,0.3333,238.52
SAFCO Folding Chair Trolley,Xerox 1944,1,0.0002,0.3333,278.28
"SAFCO Mobile Desk Side File, Wire Frame",DIXON Ticonderoga Erasable Checking Pencils,1,0.0002,0.125,89.45
"SAFCO Mobile Desk Side File, Wire Frame",Global Commerce Series Low-Back Swivel/Tilt Chairs,1,0.0002,0.125,89.45
"SAFCO Mobile Desk Side File, Wire Frame",Newell 313,1,0.0002,0.125,208.71
"SAFCO Mobile Desk Side File, Wire Frame",Xerox 1959,1,0.0002,0.125,104.35
"SAFCO Mobile Desk Side File, Wire Frame",Insertable Tab Post Binder Dividers,1,0.0002,0.125,78.27
SAFCO Optional Arm Kit for Workspace Cribbage Stacking Chair,Belkin Premiere Surge Master II 8-outlet surge protector,2,0.000399,0.4,286.23
SAFCO Optional Arm Kit for Workspace Cribbage Stacking Chair,GBC Premium Transparent Covers with Diagonal Lined Pattern,1,0.0002,0.2,71.56
SAFCO Optional Arm Kit for Workspace Cribbage Stacking Chair,Newell 345,1,0.0002,0.2,111.31
SAFCO Optional Arm Kit for Workspace Cribbage Stacking Chair,RCA ViSYS 25825 Wireless digital phone,1,0.0002,0.2,500.9
SAFCO Optional Arm Kit for Workspace Cribbage Stacking Chair,36X48 HARDFLOOR CHAIRMAT,1,0.0002,0.2,166.97
"SAFCO PlanMaster Boards, 60w x 37-1/2d, White Melamine",Nu-Dell Oak Frame,1,0.0002,0.2,333.93
"SAFCO PlanMaster Boards, 60w x 37-1/2d, White Melamine","Cardinal Slant-D Ring Binder, Heavy Gauge Vinyl",1,0.0002,0.2,100.18
"SAFCO PlanMaster Boards, 60w x 37-1/2d, White Melamine","Wilson Jones Clip & Carry Folder Binder Tool for Ring Binders, Clear",1,0.0002,0.2,111.31
"SAFCO PlanMaster Boards, 60w x 37-1/2d, White Melamine","Acco Pressboard Covers with Storage Hooks, 14 7/8"" x 11"", Executive Red",1,0.0002,0.2,125.22
"SAFCO PlanMaster Boards, 60w x 37-1/2d, White Melamine",Flat Face Poster Frame,1,0.0002,0.2,83.48
"SAFCO PlanMaster Heigh-Adjustable Drafting Table Base, 43w x 30d x 30-37h, Black",Global Executive Mid-Back Manager's Chair,1,0.0002,0.2,166.97
"SAFCO PlanMaster Heigh-Adjustable Drafting Table Base, 43w x 30d x 30-37h, Black",PureGear Roll-On Screen Protector,1,0.0002,0.2,200.36
"SAFCO PlanMaster Heigh-Adjustable Drafting Table Base, 43w x 30d x 30-37h, Black",Southworth 25% Cotton Linen-Finish Paper & Envelopes,1,0.0002,0.2,250.45
"SAFCO PlanMaster Heigh-Adjustable Drafting Table Base, 43w x 30d x 30-37h, Black",Staples,1,0.0002,0.2,4.51
"SAFCO PlanMaster Heigh-Adjustable Drafting Table Base, 43w x 30d x 30-37h, Black","Wilson Jones Clip & Carry Folder Binder Tool for Ring Binders, Clear",1,0.0002,0.2,111.31
SANFORD Liquid Accent Tank-Style Highlighters,"Hon Metal Bookcases, Putty",1,0.0002,0.3333,333.93
SANFORD Liquid Accent Tank-Style Highlighters,Office Star - Contemporary Swivel Chair with Padded Adjustable Arms and Flex Back,1,0.0002,0.3333,238.52
SANFORD Liquid Accent Tank-Style Highlighters,"#10- 4 1/8"" x 9 1/2"" Security-Tint Envelopes",1,0.0002,0.3333,208.71
SANFORD Liquid Accent Tank-Style Highlighters,Dax Clear Box Frame,1,0.0002,0.3333,278.28
SANFORD Liquid Accent Tank-Style Highlighters,"Eldon Base for stackable storage shelf, platinum",1,0.0002,0.3333,238.52
SANFORD Major Accent Highlighters,Advantus Rolling Storage Box,1,0.0002,0.1429,71.56
SANFORD Major Accent Highlighters,Avery 494,1,0.0002,0.1429,119.26
SANFORD Major Accent Highlighters,Great White Multi-Use Recycled Paper (20Lb. and 84 Bright),1,0.0002,0.1429,89.45
SANFORD Major Accent Highlighters,GBC DocuBind P50 Personal Binding Machine,1,0.0002,0.1429,71.56
"SKILCRAFT Telephone Shoulder Rest, 2"" x 6.5"" x 2.5"", Black",Mediabridge Sport Armband iPhone 5s,1,0.0002,0.3333,238.52
"SKILCRAFT Telephone Shoulder Rest, 2"" x 6.5"" x 2.5"", Black",Sanford Liquid Accent Highlighters,1,0.0002,0.3333,333.93
"SKILCRAFT Telephone Shoulder Rest, 2"" x 6.5"" x 2.5"", Black",Eureka The Boss Cordless Rechargeable Stick Vac,1,0.0002,0.3333,278.28
Sabrent 4-Port USB 2.0 Hub,"BIC Brite Liner Grip Highlighters, Assorted, 5/Pack",1,0.0002,0.25,208.71
Sabrent 4-Port USB 2.0 Hub,Acco Hanging Data Binders,1,0.0002,0.25,178.89
Sabrent 4-Port USB 2.0 Hub,GBC DocuBind P400 Electric Binding System,1,0.0002,0.25,208.71
Sabrent 4-Port USB 2.0 Hub,Xerox 1881,1,0.0002,0.25,113.84
Sabrent 4-Port USB 2.0 Hub,Acco 3-Hole Punch,1,0.0002,0.25,139.14
"Safco Chair Connectors, 6/Carton",GBC DocuBind TL300 Electric Binding System,1,0.0002,0.25,113.84
"Safco Chair Connectors, 6/Carton",Riverleaf Stik-Withit Designer Note Cubes,1,0.0002,0.25,250.45
"Safco Chair Connectors, 6/Carton",Self-Adhesive Ring Binder Labels,1,0.0002,0.25,313.06
"Safco Chair Connectors, 6/Carton","Adams Write n' Stick Phone Message Book, 11"" X 5 1/4"", 200 Messages",1,0.0002,0.25,417.42
Safco Commercial Shelving,Logitech Wireless Marathon Mouse M705,1,0.0002,0.2,125.22
Safco Commercial Shelving,Xerox 1966,1,0.0002,0.2,166.97
Safco Commercial Shelving,Xerox 209,1,0.0002,0.2,200.36
Safco Commercial Shelving,Newell 348,1,0.0002,0.2,166.97
Safco Commercial Shelving,Telescoping Adjustable Floor Lamp,1,0.0002,0.2,166.97
Safco Contoured Stacking Chairs,SAFCO Arco Folding Chair,1,0.0002,0.125,48.16
Safco Contoured Stacking Chairs,GBC Plastic Binding Combs,1,0.0002,0.125,62.61
Safco Contoured Stacking Chairs,Staples,1,0.0002,0.125,2.82
Safco Contoured Stacking Chairs,Gear Head AU3700S Headset,1,0.0002,0.125,208.71
Safco Contoured Stacking Chairs,Angle-D Ring Binders,1,0.0002,0.125,104.35
Safco Drafting Table,Eldon Mobile Mega Data Cart  Mega Stackable  Add-On Trays,1,0.0002,0.25,208.71
Safco Drafting Table,Global Comet Stacking Armless Chair,1,0.0002,0.25,208.71
Safco Drafting Table,Newell 32,1,0.0002,0.25,208.71
Safco Drafting Table,Prang Dustless Chalk Sticks,1,0.0002,0.25,156.53
Safco Industrial Shelving,Logitech K350 2.4Ghz Wireless Keyboard,1,0.0002,0.2,200.36
Safco Industrial Shelving,"Acco Banker's Clasps, 5 3/4""-Long",1,0.0002,0.2,200.36
Safco Industrial Shelving,Acme Office Executive Series Stainless Steel Trimmers,1,0.0002,0.2,143.11
Safco Industrial Shelving,Bretford Rectangular Conference Table Tops,1,0.0002,0.2,83.48
Safco Industrial Shelving,Canon PC1080F Personal Copier,1,0.0002,0.2,250.45
Safco Industrial Wire Shelving,"Adams Telephone Message Books, 5 1/4 x 11",1,0.0002,0.2,200.36
Safco Industrial Wire Shelving,Fiskars Spring-Action Scissors,1,0.0002,0.2,250.45
Safco Industrial Wire Shelving,"Eldon Executive Woodline II Desk Accessories, Mahogany",1,0.0002,0.2,200.36
Safco Industrial Wire Shelving,Fellowes PB200 Plastic Comb Binding Machine,1,0.0002,0.2,111.31
Safco Industrial Wire Shelving,Motorola Droid Maxx,1,0.0002,0.2,250.45
Safco Industrial Wire Shelving System,"Array Parchment Paper, Assorted Colors",1,0.0002,0.125,156.53
Safco Industrial Wire Shelving System,HTC One Mini,1,0.0002,0.125,156.53
Safco Industrial Wire Shelving System,"Hon Metal Bookcases, Black",1,0.0002,0.125,125.22
Safco Industrial Wire Shelving System,Okidata C331dn Printer,1,0.0002,0.125,125.22
Safco Industrial Wire Shelving System,Storex DuraTech Recycled Plastic Frosted Binders,1,0.0002,0.125,78.27
Safco Steel Mobile File Cart,"Adams Telephone Message Book w/Frequently-Called Numbers Space, 400 Messages per Book",1,0.0002,0.2,143.11
Safco Steel Mobile File Cart,Global Deluxe High-Back Manager's Chair,1,0.0002,0.2,125.22
Safco Steel Mobile File Cart,Honeywell Enviracaire Portable HEPA Air Cleaner for 17' x 22' Room,1,0.0002,0.2,125.22
Safco Steel Mobile File Cart,Xerox 205,1,0.0002,0.2,250.45
Safco Steel Mobile File Cart,Micropad Numeric Keypads,1,0.0002,0.2,250.45
"Safco Value Mate Series Steel Bookcases, Baked Enamel Finish on Steel, Gray",Wilson Jones 14 Line Acrylic Coated Pressboard Data Binders,1,0.0002,0.1667,208.71
"Safco Value Mate Series Steel Bookcases, Baked Enamel Finish on Steel, Gray",GBC Ibimaster 500 Manual ProClick Binding System,1,0.0002,0.1667,92.76
"Safco Value Mate Series Steel Bookcases, Baked Enamel Finish on Steel, Gray","Hoover Replacement Belts For Soft Guard & Commercial Ltweight Upright Vacs, 2/Pk",1,0.0002,0.1667,166.97
"Safco Value Mate Series Steel Bookcases, Baked Enamel Finish on Steel, Gray","BOSTON Ranger #55 Pencil Sharpener, Black",1,0.0002,0.1667,92.76
"Safco Value Mate Series Steel Bookcases, Baked Enamel Finish on Steel, Gray",Xerox 1993,1,0.0002,0.1667,104.35
"Safco Value Mate Steel Bookcase, Baked Enamel Finish on Steel, Black",Cubify CubeX 3D Printer Double Head Print,1,0.0002,0.3333,556.56
"Safco Wire Cube Shelving System, For Use as 4 or 5 14"" Cubes, Black",Hoover WindTunnel Plus Canister Vacuum,1,0.0002,0.25,417.42
"Safco Wire Cube Shelving System, For Use as 4 or 5 14"" Cubes, Black",Ibico Standard Transparent Covers,1,0.0002,0.25,125.22
"Safco Wire Cube Shelving System, For Use as 4 or 5 14"" Cubes, Black",Newell 329,1,0.0002,0.25,626.12
"Safco Wire Cube Shelving System, For Use as 4 or 5 14"" Cubes, Black",Panasonic KX T7731-B Digital phone,1,0.0002,0.25,417.42
"Safco Wire Cube Shelving System, For Use as 4 or 5 14"" Cubes, Black",Xerox 1934,1,0.0002,0.25,250.45
Samsung Convoy 3,Avery Round Ring Poly Binders,1,0.0002,0.5,417.42
Samsung Convoy 3,Sony 16GB Class 10 Micro SDHC R40 Memory Card,1,0.0002,0.5,626.12
Samsung Convoy 3,"Sauder Facets Collection Library, Sky Alder Finish",1,0.0002,0.5,626.12
Samsung Galaxy Mega 6.3,Bose SoundLink Bluetooth Speaker,1,0.0002,0.1667,166.97
Samsung Galaxy Mega 6.3,Rosewill 107 Normal Keys USB Wired Standard Keyboard,1,0.0002,0.1667,278.28
Samsung Galaxy Mega 6.3,Boston KS Multi-Size Manual Pencil Sharpener,1,0.0002,0.1667,119.26
Samsung Galaxy Mega 6.3,"Sauder Camden County Collection Libraries, Planked Cherry Finish",1,0.0002,0.1667,119.26
Samsung Galaxy Mega 6.3,Xerox 1968,1,0.0002,0.1667,166.97
Samsung Galaxy Note 2,SanDisk Cruzer 64 GB USB Flash Drive,1,0.0002,0.5,278.28
Samsung Galaxy Note 2,Xerox 225,1,0.0002,0.5,278.28
Samsung Galaxy Note 2,"Eldon Expressions Punched Metal & Wood Desk Accessories, Pewter & Cherry",1,0.0002,0.5,834.83
Samsung Galaxy Note 2,"GBC Prepunched Paper, 19-Hole, for Binding Systems, 24-lb",1,0.0002,0.5,357.79
Samsung Galaxy Note 2,Global Low Back Tilter Chair,1,0.0002,0.5,313.06
Samsung Galaxy Note 3,"Decoflex Hanging Personal Folder File, Blue",1,0.0002,0.3333,185.52
Samsung Galaxy Note 3,"Recycled Desk Saver Line ""While You Were Out"" Book, 5 1/2"" X 4""",1,0.0002,0.3333,333.93
Samsung Galaxy Note 3,SAFCO Boltless Steel Shelving,1,0.0002,0.3333,166.97
Samsung Galaxy Note 3,"Sauder Mission Library with Doors, Fruitwood Finish",1,0.0002,0.3333,556.56
Samsung Galaxy Note 3,Xerox 1912,1,0.0002,0.3333,417.42
Samsung Galaxy S III - 16GB - pebble blue (T-Mobile),Global Executive Mid-Back Manager's Chair,1,0.0002,0.1667,139.14
Samsung Galaxy S III - 16GB - pebble blue (T-Mobile),"BIC Brite Liner Grip Highlighters, Assorted, 5/Pack",1,0.0002,0.1667,139.14
Samsung Galaxy S III - 16GB - pebble blue (T-Mobile),"Global Airflow Leather Mesh Back Chair, Black",1,0.0002,0.1667,92.76
Samsung Galaxy S III - 16GB - pebble blue (T-Mobile),Innergie mMini Combo Duo USB Travel Charging Kit,1,0.0002,0.1667,139.14
Samsung Galaxy S III - 16GB - pebble blue (T-Mobile),Maxell LTO Ultrium - 800 GB,1,0.0002,0.1667,104.35
Samsung Galaxy S4,"Eldon 200 Class Desk Accessories, Burgundy",1,0.0002,0.2,200.36
Samsung Galaxy S4,"Black Avery Memo-Size 3-Ring Binder, 5 1/2"" x 8 1/2""",1,0.0002,0.2,250.45
Samsung Galaxy S4,Acme Tagit Stainless Steel Antibacterial Scissors,1,0.0002,0.2,166.97
Samsung Galaxy S4,Balt Split Level Computer Training Table,1,0.0002,0.2,200.36
Samsung Galaxy S4,"Quartet Omega Colored Chalk, 12/Pack",1,0.0002,0.2,143.11
Samsung Galaxy S4 Active,American Pencil,1,0.0002,0.5,417.42
Samsung Galaxy S4 Active,Avery 492,1,0.0002,0.5,500.9
Samsung Galaxy S4 Active,"Wilson Jones Ledger-Size, Piano-Hinge Binder, 2"", Blue",1,0.0002,0.5,208.71
Samsung Galaxy S4 Active,Xerox 1919,1,0.0002,0.5,278.28
Samsung Galaxy S4 Active,"Acco Flexible ACCOHIDE Square Ring Data Binder, Dark Blue, 11 1/2"" X 14"" 7/8""",1,0.0002,0.5,250.45
Samsung Galaxy S4 Mini,DAX Wood Document Frame,1,0.0002,0.2,111.31
Samsung Galaxy S4 Mini,Innergie mMini Combo Duo USB Travel Charging Kit,1,0.0002,0.2,166.97
Samsung Galaxy S4 Mini,KI Adjustable-Height Table,1,0.0002,0.2,55.66
Samsung Galaxy S4 Mini,SAFCO Arco Folding Chair,1,0.0002,0.2,77.06
Samsung Galaxy S4 Mini,"#10 White Business Envelopes,4 1/8 x 9 1/2",1,0.0002,0.2,143.11
Samsung HM1900 Bluetooth Headset,"Acco PRESSTEX Data Binder with Storage Hooks, Dark Blue, 9 1/2"" X 11""",1,0.0002,0.1429,178.89
Samsung HM1900 Bluetooth Headset,Acco Side-Punched Conventional Columnar Pads,1,0.0002,0.1429,178.89
Samsung HM1900 Bluetooth Headset,Adjustable Personal File Tote,1,0.0002,0.1429,143.11
Samsung HM1900 Bluetooth Headset,Avery 492,1,0.0002,0.1429,143.11
Samsung HM1900 Bluetooth Headset,Avery 499,1,0.0002,0.1429,65.05
Samsung Replacement EH64AVFWE Premium Headset,Avery 49,1,0.0002,0.2,166.97
Samsung Replacement EH64AVFWE Premium Headset,Avery 508,1,0.0002,0.2,166.97
Samsung Replacement EH64AVFWE Premium Headset,Hoover Upright Vacuum With Dirt Cup,1,0.0002,0.2,166.97
Samsung Replacement EH64AVFWE Premium Headset,Ibico Plastic Spiral Binding Combs,1,0.0002,0.2,77.06
Samsung Replacement EH64AVFWE Premium Headset,Xerox 1999,1,0.0002,0.2,143.11
Samsung Rugby III,"Maxell 74 Minute CD-R Spindle, 50/Pack",1,0.0002,0.125,125.22
Samsung Rugby III,Logitech Desktop MK120 Mouse and keyboard Combo,1,0.0002,0.125,52.18
Samsung Rugby III,Avery 501,1,0.0002,0.125,78.27
Samsung Rugby III,2300 Heavy-Duty Transfer File Systems by Perma,1,0.0002,0.125,156.53
Samsung Rugby III,3M Replacement Filter for Office Air Cleaner for 20' x 33' Room,1,0.0002,0.125,156.53
SanDisk Cruzer 16 GB USB Flash Drive,Pastel Pink Envelopes,1,0.0002,0.3333,556.56
SanDisk Cruzer 16 GB USB Flash Drive,Space Solutions Industrial Galvanized Steel Shelving.,1,0.0002,0.3333,556.56
SanDisk Cruzer 16 GB USB Flash Drive,Wilson Jones Standard D-Ring Binders,1,0.0002,0.3333,208.71
SanDisk Cruzer 16 GB USB Flash Drive,"Bravo II Megaboss 12-Amp Hard Body Upright, Replacement Belts, 2 Belts per Pack",1,0.0002,0.3333,333.93
SanDisk Cruzer 16 GB USB Flash Drive,Fellowes Bankers Box Stor/Drawer Steel Plus,1,0.0002,0.3333,139.14
SanDisk Cruzer 32 GB USB Flash Drive,"Eldon 200 Class Desk Accessories, Smoke",1,0.0002,0.1667,208.71
SanDisk Cruzer 32 GB USB Flash Drive,Portable Personal File Box,1,0.0002,0.1667,139.14
SanDisk Cruzer 32 GB USB Flash Drive,Xerox 23,1,0.0002,0.1667,139.14
SanDisk Cruzer 32 GB USB Flash Drive,Fellowes 8 Outlet Superior Workstation Surge Protector,1,0.0002,0.1667,166.97
SanDisk Cruzer 32 GB USB Flash Drive,Xerox 220,1,0.0002,0.1667,104.35
SanDisk Cruzer 4 GB USB Flash Drive,Anker 24W Portable Micro USB Car Charger,1,0.0002,0.5,1252.25
SanDisk Cruzer 4 GB USB Flash Drive,"BIC Brite Liner Highlighters, Chisel Tip",1,0.0002,0.5,417.42
SanDisk Cruzer 4 GB USB Flash Drive,GE 30524EE4,1,0.0002,0.5,278.28
SanDisk Cruzer 4 GB USB Flash Drive,LG Electronics Tone+ HBS-730 Bluetooth Headset,1,0.0002,0.5,626.12
SanDisk Cruzer 64 GB USB Flash Drive,"Deflect-o EconoMat Studded, No Bevel Mat for Low Pile Carpeting",1,0.0002,0.1111,61.84
SanDisk Cruzer 64 GB USB Flash Drive,Xblue XB-1670-86 X16 Small Office Telephone - Titanium,1,0.0002,0.1111,278.28
SanDisk Cruzer 64 GB USB Flash Drive,Hanging Personal Folder File,1,0.0002,0.1111,111.31
SanDisk Cruzer 64 GB USB Flash Drive,Smead Adjustable Mobile File Trolley with Lockable Top,1,0.0002,0.1111,185.52
SanDisk Cruzer 64 GB USB Flash Drive,Xerox 1898,1,0.0002,0.1111,50.6
SanDisk Ultra 16 GB MicroSDHC Class 10 Memory Card,"Acco PRESSTEX Data Binder with Storage Hooks, Dark Blue, 9 1/2"" X 11""",1,0.0002,0.1429,178.89
SanDisk Ultra 16 GB MicroSDHC Class 10 Memory Card,Acco Side-Punched Conventional Columnar Pads,1,0.0002,0.1429,178.89
SanDisk Ultra 16 GB MicroSDHC Class 10 Memory Card,Adjustable Personal File Tote,1,0.0002,0.1429,143.11
SanDisk Ultra 16 GB MicroSDHC Class 10 Memory Card,Avery 492,1,0.0002,0.1429,143.11
SanDisk Ultra 16 GB MicroSDHC Class 10 Memory Card,Avery 499,1,0.0002,0.1429,65.05
SanDisk Ultra 32 GB MicroSDHC Class 10 Memory Card,"Brites Rubber Bands, 1 1/2 oz. Box",1,0.0002,0.0909,151.79
SanDisk Ultra 32 GB MicroSDHC Class 10 Memory Card,"Acco PRESSTEX Data Binder with Storage Hooks, Light Blue, 9 1/2"" X 11""",1,0.0002,0.0909,91.07
SanDisk Ultra 32 GB MicroSDHC Class 10 Memory Card,Xerox 196,1,0.0002,0.0909,56.92
SanDisk Ultra 32 GB MicroSDHC Class 10 Memory Card,Xerox 217,1,0.0002,0.0909,56.92
SanDisk Ultra 32 GB MicroSDHC Class 10 Memory Card,LG G3,1,0.0002,0.0909,113.84
SanDisk Ultra 64 GB MicroSDHC Class 10 Memory Card,"Eldon Delta Triangular Chair Mat, 52"" x 58"", Clear",1,0.0002,0.1667,139.14
SanDisk Ultra 64 GB MicroSDHC Class 10 Memory Card,Dixon Ticonderoga Pencils,1,0.0002,0.1667,278.28
SanDisk Ultra 64 GB MicroSDHC Class 10 Memory Card,Alphabetical Labels for Top Tab Filing,1,0.0002,0.1667,92.76
SanDisk Ultra 64 GB MicroSDHC Class 10 Memory Card,Bady BDG101FRU Card Printer,1,0.0002,0.1667,208.71
SanDisk Ultra 64 GB MicroSDHC Class 10 Memory Card,"GBC Twin Loop Wire Binding Elements, 9/16"" Spine, Black",1,0.0002,0.1667,92.76
Sanford 52201 APSCO Electric Pencil Sharpener,"Eldon Image Series Desk Accessories, Ebony",1,0.0002,0.25,250.45
Sanford 52201 APSCO Electric Pencil Sharpener,"Vinyl Coated Wire Paper Clips in Organizer Box, 800/Box",1,0.0002,0.25,156.53
Sanford 52201 APSCO Electric Pencil Sharpener,Avery Arch Ring Binders,1,0.0002,0.25,125.22
Sanford 52201 APSCO Electric Pencil Sharpener,Panasonic KX TS3282W Corded phone,1,0.0002,0.25,178.89
Sanford 52201 APSCO Electric Pencil Sharpener,"Sanford Colorific Eraseable Coloring Pencils, 12 Count",1,0.0002,0.25,313.06
"Sanford Colorific Colored Pencils, 12/Box",Logitech G500s Laser Gaming Mouse with Adjustable Weight Tuning,1,0.0002,0.2,250.45
"Sanford Colorific Colored Pencils, 12/Box",Premium Transparent Presentation Covers by GBC,1,0.0002,0.2,100.18
"Sanford Colorific Colored Pencils, 12/Box",Fiskars Softgrip Scissors,1,0.0002,0.2,143.11
"Sanford Colorific Colored Pencils, 12/Box",GBC Wire Binding Strips,1,0.0002,0.2,200.36
"Sanford Colorific Colored Pencils, 12/Box",Ideal Clamps,1,0.0002,0.2,125.22
"Sanford Colorific Eraseable Coloring Pencils, 12 Count",Avery Arch Ring Binders,1,0.0002,0.25,125.22
"Sanford Colorific Eraseable Coloring Pencils, 12 Count",Panasonic KX TS3282W Corded phone,1,0.0002,0.25,178.89
"Sanford Colorific Eraseable Coloring Pencils, 12 Count",Sanford 52201 APSCO Electric Pencil Sharpener,1,0.0002,0.25,313.06
"Sanford Colorific Eraseable Coloring Pencils, 12 Count","1/4 Fold Party Design Invitations & White Envelopes, 24 8-1/2"" X 11"" Cards, 25 Env./Pack",1,0.0002,0.25,626.12
"Sanford Colorific Eraseable Coloring Pencils, 12 Count",Nortel Meridian M3904 Professional Digital phone,1,0.0002,0.25,125.22
"Sanford Colorific Scented Colored Pencils, 12/Pack",24-Hour Round Wall Clock,1,0.0002,0.5,417.42
"Sanford Colorific Scented Colored Pencils, 12/Pack",Acco 6 Outlet Guardian Basic Surge Suppressor,1,0.0002,0.5,1252.25
"Sanford Colorific Scented Colored Pencils, 12/Pack","Hot File 7-Pocket, Floor Stand",1,0.0002,0.5,192.65
"Sanford Colorific Scented Colored Pencils, 12/Pack",Mophie Juice Pack Helium for iPhone,1,0.0002,0.5,417.42
"Sanford EarthWrite Recycled Pencils, Medium Soft, #2",Computer Printout Paper with Letter-Trim Perforations,1,0.0002,0.3333,238.52
"Sanford EarthWrite Recycled Pencils, Medium Soft, #2",Newell 317,1,0.0002,0.3333,238.52
"Sanford EarthWrite Recycled Pencils, Medium Soft, #2",SAFCO Boltless Steel Shelving,1,0.0002,0.3333,166.97
"Sanford EarthWrite Recycled Pencils, Medium Soft, #2",Staples,1,0.0002,0.3333,7.52
"Sanford EarthWrite Recycled Pencils, Medium Soft, #2","Tennsco Snap-Together Open Shelving Units, Starter Sets and Add-On Units",1,0.0002,0.3333,278.28
Sanford Liquid Accent Highlighters,BIC Brite Liner Highlighters,1,0.0002,0.2,143.11
Sanford Liquid Accent Highlighters,JBL Micro Wireless Portable Bluetooth Speaker,1,0.0002,0.2,166.97
Sanford Liquid Accent Highlighters,Kensington 7 Outlet MasterPiece Power Center,1,0.0002,0.2,200.36
Sanford Liquid Accent Highlighters,Lexmark MX611dhe Monochrome Laser Printer,1,0.0002,0.2,250.45
Sanford Liquid Accent Highlighters,SAFCO Arco Folding Chair,1,0.0002,0.2,77.06
Sanford Pocket Accent Highlighters,Eldon 500 Class Desk Accessories,1,0.0002,0.3333,278.28
Sanford Pocket Accent Highlighters,Fiskars Home & Office Scissors,1,0.0002,0.3333,556.56
Sanford Pocket Accent Highlighters,Kensington 7 Outlet MasterPiece HOMEOFFICE Power Control Center,1,0.0002,0.3333,333.93
Sanford Pocket Accent Highlighters,Office Star - Contemporary Swivel Chair with Padded Adjustable Arms and Flex Back,1,0.0002,0.3333,238.52
Sanford Pocket Accent Highlighters,Staples,1,0.0002,0.3333,7.52
"Sanford Prismacolor Professional Thick Lead Art Pencils, 36-Color Set","Bravo II Megaboss 12-Amp Hard Body Upright, Replacement Belts, 2 Belts per Pack",1,0.0002,0.3333,333.93
"Sanford Prismacolor Professional Thick Lead Art Pencils, 36-Color Set",Fellowes Bankers Box Stor/Drawer Steel Plus,1,0.0002,0.3333,139.14
"Sanford Prismacolor Professional Thick Lead Art Pencils, 36-Color Set","Global Leather Highback Executive Chair with Pneumatic Height Adjustment, Black",1,0.0002,0.3333,166.97
"Sanford Prismacolor Professional Thick Lead Art Pencils, 36-Color Set","Holmes Replacement Filter for HEPA Air Cleaner, Large Room",1,0.0002,0.3333,417.42
"Sanford Prismacolor Professional Thick Lead Art Pencils, 36-Color Set",SanDisk Cruzer 16 GB USB Flash Drive,1,0.0002,0.3333,556.56
"Sanford Uni-Blazer View Highlighters, Chisel Tip, Yellow",Bevis 36 x 72 Conference Tables,1,0.0002,0.3333,208.71
"Sanford Uni-Blazer View Highlighters, Chisel Tip, Yellow",Rogers Deluxe File Chest,1,0.0002,0.3333,208.71
"Sanford Uni-Blazer View Highlighters, Chisel Tip, Yellow",Cardinal Poly Pocket Divider Pockets for Ring Binders,1,0.0002,0.3333,417.42
"Sanitaire Vibra Groomer IR Commercial Upright Vacuum, Replacement Belts",Advantus Panel Wall Acrylic Frame,1,0.0002,1.0,1001.8
Sannysis Cute Owl Design Soft Skin Case Cover for Samsung Galaxy S4,"Tyvek  Top-Opening Peel & Seel Envelopes, Plain White",1,0.0002,0.5,357.79
Sanyo 2.5 Cubic Foot Mid-Size Office Refrigerators,Ibico Standard Transparent Covers,1,0.0002,0.25,125.22
Sanyo 2.5 Cubic Foot Mid-Size Office Refrigerators,JM Magazine Binder,1,0.0002,0.25,208.71
Sanyo 2.5 Cubic Foot Mid-Size Office Refrigerators,"Wirebound Message Books, 2 7/8"" x 5"", 3 Forms per Page",1,0.0002,0.25,417.42
Sanyo 2.5 Cubic Foot Mid-Size Office Refrigerators,Xerox 202,1,0.0002,0.25,156.53
Sanyo 2.5 Cubic Foot Mid-Size Office Refrigerators,GBC Recycled Grain Textured Covers,1,0.0002,0.25,250.45
"Sanyo Counter Height Refrigerator with Crisper, 3.6 Cubic Foot, Stainless Steel/Black",Newell 315,1,0.0002,0.3333,278.28
"Sanyo Counter Height Refrigerator with Crisper, 3.6 Cubic Foot, Stainless Steel/Black",NETGEAR N750 Dual Band Wi-Fi Gigabit Router,1,0.0002,0.3333,238.52
"Sanyo Counter Height Refrigerator with Crisper, 3.6 Cubic Foot, Stainless Steel/Black",Geemarc AmpliPOWER60,1,0.0002,0.3333,151.79
Satellite Sectional Post Binders,Staples,3,0.000599,0.2727,6.15
Satellite Sectional Post Binders,"Deflect-o EconoMat Studded, No Bevel Mat for Low Pile Carpeting",1,0.0002,0.0909,50.6
Satellite Sectional Post Binders,"24 Capacity Maxi Data Binder Racks, Pearl",1,0.0002,0.0909,113.84
Satellite Sectional Post Binders,"Avery 4027 File Folder Labels for Dot Matrix Printers, 5000 Labels per Box, White",1,0.0002,0.0909,41.4
Satellite Sectional Post Binders,Logitech Wireless Performance Mouse MX for PC and Mac,1,0.0002,0.0909,65.05
Sauder Barrister Bookcases,"#10 Gummed Flap White Envelopes, 100/Box",1,0.0002,0.3333,417.42
Sauder Barrister Bookcases,"Adams Phone Message Book, 200 Message Capacity, 8 1/16 x 11",1,0.0002,0.3333,208.71
Sauder Barrister Bookcases,"Dixon Prang Watercolor Pencils, 10-Color Set with Brush",1,0.0002,0.3333,238.52
Sauder Barrister Bookcases,"Avery Address/Shipping Labels for Typewriters, 4"" x 2""",1,0.0002,0.3333,238.52
Sauder Barrister Bookcases,Wilson Jones 14 Line Acrylic Coated Pressboard Data Binders,1,0.0002,0.3333,417.42
"Sauder Camden County Barrister Bookcase, Planked Cherry Finish",Avery 489,1,0.0002,0.3333,333.93
"Sauder Camden County Barrister Bookcase, Planked Cherry Finish",Staples,1,0.0002,0.3333,7.52
"Sauder Camden County Barrister Bookcase, Planked Cherry Finish","DXL Angle-View Binders with Locking Rings, Black",1,0.0002,0.3333,417.42
"Sauder Camden County Barrister Bookcase, Planked Cherry Finish","Sauder Camden County Collection Libraries, Planked Cherry Finish",1,0.0002,0.3333,238.52
"Sauder Camden County Barrister Bookcase, Planked Cherry Finish",Acrylic Self-Standing Desk Frames,1,0.0002,0.3333,208.71
"Sauder Camden County Collection Libraries, Planked Cherry Finish","Tennsco Snap-Together Open Shelving Units, Starter Sets and Add-On Units",1,0.0002,0.1429,119.26
"Sauder Camden County Collection Libraries, Planked Cherry Finish","DXL Angle-View Binders with Locking Rings, Black",1,0.0002,0.1429,178.89
"Sauder Camden County Collection Libraries, Planked Cherry Finish","Sauder Camden County Barrister Bookcase, Planked Cherry Finish",1,0.0002,0.1429,238.52
"Sauder Camden County Collection Libraries, Planked Cherry Finish","Angle-D Binders with Locking Rings, Label Holders",1,0.0002,0.1429,71.56
"Sauder Camden County Collection Libraries, Planked Cherry Finish",GBC ProClick Spines for 32-Hole Punch,1,0.0002,0.1429,143.11
Sauder Camden County Collection Library,Carina Double Wide Media Storage Towers in Natural & Black,1,0.0002,0.5,208.71
Sauder Camden County Collection Library,Xerox 1962,1,0.0002,0.5,357.79
"Sauder Facets Collection Library, Sky Alder Finish",Samsung Convoy 3,1,0.0002,0.25,626.12
"Sauder Facets Collection Library, Sky Alder Finish",Apple iPhone 5C,1,0.0002,0.25,313.06
"Sauder Facets Collection Library, Sky Alder Finish",Logitech G600 MMO Gaming Mouse,1,0.0002,0.25,156.53
"Sauder Facets Collection Locker/File Cabinet, Sky Alder Finish","Fellowes Strictly Business Drawer File, Letter/Legal Size",1,0.0002,0.5,357.79
"Sauder Facets Collection Locker/File Cabinet, Sky Alder Finish",Hon 4700 Series Mobuis Mid-Back Task Chairs with Adjustable Arms,1,0.0002,0.5,417.42
"Sauder Facets Collection Locker/File Cabinet, Sky Alder Finish",Hon GuestStacker Chair,1,0.0002,0.5,278.28
"Sauder Facets Collection Locker/File Cabinet, Sky Alder Finish",Round Ring Binders,1,0.0002,0.5,417.42
"Sauder Facets Collection Locker/File Cabinet, Sky Alder Finish","#10- 4 1/8"" x 9 1/2"" Security-Tint Envelopes",1,0.0002,0.5,313.06
"Sauder Forest Hills Library with Doors, Woodland Oak Finish",Xerox 1999,1,0.0002,0.3333,238.52
"Sauder Forest Hills Library with Doors, Woodland Oak Finish","Eureka Sanitaire  Multi-Pro Heavy-Duty Upright, Disposable Bags",1,0.0002,0.3333,333.93
"Sauder Forest Hills Library with Doors, Woodland Oak Finish",Nokia Lumia 521 (T-Mobile),1,0.0002,0.3333,333.93
"Sauder Forest Hills Library, Woodland Oak Finish",Office Star - Professional Matrix Back Chair with 2-to-1 Synchro Tilt and Mesh Fabric Seat,1,0.0002,0.25,156.53
"Sauder Forest Hills Library, Woodland Oak Finish",Plymouth Boxed Rubber Bands by Plymouth,1,0.0002,0.25,250.45
"Sauder Forest Hills Library, Woodland Oak Finish",Xerox 228,1,0.0002,0.25,313.06
"Sauder Forest Hills Library, Woodland Oak Finish",Eldon Pizzaz Desk Accessories,1,0.0002,0.25,313.06
"Sauder Forest Hills Library, Woodland Oak Finish",Fellowes Mighty 8 Compact Surge Protector,1,0.0002,0.25,208.71
Sauder Inglewood Library Bookcases,"Global Fabric Manager's Chair, Dark Gray",1,0.0002,0.2,111.31
Sauder Inglewood Library Bookcases,Plantronics Savi W720 Multi-Device Wireless Headset System,1,0.0002,0.2,143.11
Sauder Inglewood Library Bookcases,Xerox 1917,1,0.0002,0.2,200.36
Sauder Inglewood Library Bookcases,Xerox 1970,1,0.0002,0.2,166.97
Sauder Inglewood Library Bookcases,VTech DS6151,1,0.0002,0.2,125.22
"Sauder Mission Library with Doors, Fruitwood Finish","Decoflex Hanging Personal Folder File, Blue",1,0.0002,0.3333,185.52
"Sauder Mission Library with Doors, Fruitwood Finish","Recycled Desk Saver Line ""While You Were Out"" Book, 5 1/2"" X 4""",1,0.0002,0.3333,333.93
"Sauder Mission Library with Doors, Fruitwood Finish",SAFCO Boltless Steel Shelving,1,0.0002,0.3333,166.97
"Sauder Mission Library with Doors, Fruitwood Finish",Samsung Galaxy Note 3,1,0.0002,0.3333,556.56
"Sauder Mission Library with Doors, Fruitwood Finish",Xerox 1912,1,0.0002,0.3333,417.42
Security-Tint Envelopes,"Ampad Evidence Wirebond Steno Books, 6"" x 9""",1,0.0002,0.1111,139.14
Security-Tint Envelopes,Logitech G19 Programmable Gaming Keyboard,1,0.0002,0.1111,69.57
Security-Tint Envelopes,Xerox 1908,1,0.0002,0.1111,79.51
Security-Tint Envelopes,Euro-Pro Shark Turbo Vacuum,1,0.0002,0.1111,92.76
Security-Tint Envelopes,Hon 4070 Series Pagoda Round Back Stacking Chairs,1,0.0002,0.1111,79.51
Seidio BD2-HK3IPH5-BK DILEX Case and Holster Combo for Apple iPhone 5/5s - Black,Avanti 4.4 Cu. Ft. Refrigerator,1,0.0002,0.3333,238.52
Seidio BD2-HK3IPH5-BK DILEX Case and Holster Combo for Apple iPhone 5/5s - Black,Cisco Unified IP Phone 7945G VoIP phone,1,0.0002,0.3333,278.28
Seidio BD2-HK3IPH5-BK DILEX Case and Holster Combo for Apple iPhone 5/5s - Black,Sony 32GB Class 10 Micro SDHC R40 Memory Card,1,0.0002,0.3333,417.42
Seidio BD2-HK3IPH5-BK DILEX Case and Holster Combo for Apple iPhone 5/5s - Black,Tennsco Commercial Shelving,1,0.0002,0.3333,185.52
Seidio BD2-HK3IPH5-BK DILEX Case and Holster Combo for Apple iPhone 5/5s - Black,"Westinghouse Floor Lamp with Metal Mesh Shade, Black",1,0.0002,0.3333,417.42
Self-Adhesive Address Labels for Typewriters by Universal,Eldon Pizzaz Desk Accessories,1,0.0002,0.1429,178.89
Self-Adhesive Address Labels for Typewriters by Universal,9-3/4 Diameter Round Wall Clock,1,0.0002,0.1429,89.45
Self-Adhesive Address Labels for Typewriters by Universal,Honeywell Quietcare HEPA Air Cleaner,1,0.0002,0.1429,119.26
Self-Adhesive Address Labels for Typewriters by Universal,Xerox 1916,1,0.0002,0.1429,102.22
Self-Adhesive Address Labels for Typewriters by Universal,O'Sullivan Manor Hill 2-Door Library in Brianna Oak,1,0.0002,0.1429,178.89
Self-Adhesive Removable Labels,"Acme Hot Forged Carbon Steel Scissors with Nickel-Plated Handles, 3 7/8"" Cut, 8""L",1,0.0002,0.1429,102.22
Self-Adhesive Removable Labels,Fellowes Super Stor/Drawer Files,1,0.0002,0.1429,79.51
Self-Adhesive Removable Labels,O'Sullivan Living Dimensions 3-Shelf Bookcases,1,0.0002,0.1429,178.89
Self-Adhesive Removable Labels,Ames Color-File Green Diamond Border X-ray Mailers,1,0.0002,0.1429,178.89
Self-Adhesive Removable Labels,"Bevis Round Conference Table Top, X-Base",1,0.0002,0.1429,119.26
Self-Adhesive Ring Binder Labels,"Safco Chair Connectors, 6/Carton",1,0.0002,0.25,313.06
Self-Adhesive Ring Binder Labels,GBC Recycled Grain Textured Covers,1,0.0002,0.25,250.45
Self-Adhesive Ring Binder Labels,Global Leather Executive Chair,1,0.0002,0.25,178.89
Self-Adhesive Ring Binder Labels,Xerox 1941,1,0.0002,0.25,250.45
Self-Adhesive Ring Binder Labels,Xerox 1995,1,0.0002,0.25,208.71
Sensible Storage WireTech Storage Systems,Holmes 99% HEPA Air Purifier,1,0.0002,0.125,156.53
Sensible Storage WireTech Storage Systems,Tripp Lite TLP810NET Broadband Surge for Modem/Fax,1,0.0002,0.125,104.35
Sensible Storage WireTech Storage Systems,"Wirebound Message Books, Two 4 1/4"" x 5"" Forms per Page",1,0.0002,0.125,104.35
Sensible Storage WireTech Storage Systems,Electrix 20W Halogen Replacement Bulb for Zoom-In Desk Lamp,1,0.0002,0.125,125.22
Sensible Storage WireTech Storage Systems,"Adams Phone Message Book, 200 Message Capacity, 8 1/16 x 11",1,0.0002,0.125,78.27
Serrated Blade or Curved Handle Hand Letter Openers,Avery Non-Stick Binders,1,0.0002,0.5,125.22
Serrated Blade or Curved Handle Hand Letter Openers,Eldon Portable Mobile Manager,1,0.0002,0.5,278.28
Serrated Blade or Curved Handle Hand Letter Openers,O'Sullivan Living Dimensions 2-Shelf Bookcases,1,0.0002,0.5,250.45
Serrated Blade or Curved Handle Hand Letter Openers,Premier Automatic Letter Opener,1,0.0002,0.5,500.9
Serrated Blade or Curved Handle Hand Letter Openers,"Dot Matrix Printer Tape Reel Labels, White, 5000/Box",1,0.0002,0.5,313.06
"Seth Thomas 12"" Clock w/ Goldtone Case","Eureka Recycled Copy Paper 8 1/2"" x 11"", Ream",1,0.0002,0.3333,278.28
"Seth Thomas 12"" Clock w/ Goldtone Case",Premier Electric Letter Opener,1,0.0002,0.3333,208.71
"Seth Thomas 12"" Clock w/ Goldtone Case","DAX Executive Solid Wood Document Frame, Desktop or Hang, Mahogany, 5 x 7",1,0.0002,0.3333,333.93
"Seth Thomas 12"" Clock w/ Goldtone Case",Xerox 1888,1,0.0002,0.3333,278.28
"Seth Thomas 13 1/2"" Wall Clock",Staples,1,0.0002,0.2,4.51
"Seth Thomas 13 1/2"" Wall Clock",Ibico Standard Transparent Covers,1,0.0002,0.2,100.18
"Seth Thomas 13 1/2"" Wall Clock",Xerox 1999,1,0.0002,0.2,143.11
"Seth Thomas 13 1/2"" Wall Clock",Plantronics Voyager Pro HD - Bluetooth Headset,1,0.0002,0.2,200.36
"Seth Thomas 13 1/2"" Wall Clock",Global Enterprise Series Seating High-Back Swivel/Tilt Chairs,1,0.0002,0.2,250.45
"Seth Thomas 14"" Day/Date Wall Clock",BlackBerry Q10,1,0.0002,0.1667,139.14
"Seth Thomas 14"" Day/Date Wall Clock","Commercial WindTunnel Clean Air Upright Vacuum, Replacement Belts, Filtration Bags",1,0.0002,0.1667,119.26
"Seth Thomas 14"" Day/Date Wall Clock",G.E. Halogen Desk Lamp Bulbs,1,0.0002,0.1667,166.97
"Seth Thomas 14"" Day/Date Wall Clock",O'Sullivan Living Dimensions 5-Shelf Bookcases,1,0.0002,0.1667,139.14
"Seth Thomas 14"" Day/Date Wall Clock",Avery Poly Binder Pockets,1,0.0002,0.1667,104.35
"Seth Thomas 14"" Putty-Colored Wall Clock",Avery 48,1,0.0002,0.25,417.42
"Seth Thomas 14"" Putty-Colored Wall Clock","Dual Level, Single-Width Filing Carts",1,0.0002,0.25,139.14
"Seth Thomas 14"" Putty-Colored Wall Clock",White Computer Printout Paper by Universal,1,0.0002,0.25,156.53
"Seth Thomas 14"" Putty-Colored Wall Clock","Eldon Expressions Wood and Plastic Desk Accessories, Cherry Wood",1,0.0002,0.25,250.45
"Seth Thomas 14"" Putty-Colored Wall Clock",Eureka The Boss Cordless Rechargeable Stick Vac,1,0.0002,0.25,208.71
"Seth Thomas 16"" Steel Case Clock",GBC DocuBind P50 Personal Binding Machine,1,0.0002,0.2,100.18
"Seth Thomas 16"" Steel Case Clock",Newell 312,1,0.0002,0.2,91.07
"Seth Thomas 16"" Steel Case Clock",Panasonic KX-TG6844B Expandable Digital Cordless Telephone,1,0.0002,0.2,143.11
"Seth Thomas 16"" Steel Case Clock","#10- 4 1/8"" x 9 1/2"" Security-Tint Envelopes",1,0.0002,0.2,125.22
"Seth Thomas 8 1/2"" Cubicle Clock",Cisco SPA301,2,0.000399,0.5,278.28
"Seth Thomas 8 1/2"" Cubicle Clock",Fellowes High-Stak Drawer Files,1,0.0002,0.25,156.53
"Seth Thomas 8 1/2"" Cubicle Clock",GBC Standard Plastic Binding Systems' Combs,1,0.0002,0.25,156.53
"Seth Thomas 8 1/2"" Cubicle Clock",Hon 2090 Pillow Soft Series Mid Back Swivel/Tilt Chairs,1,0.0002,0.25,208.71
"Seth Thomas 8 1/2"" Cubicle Clock","Hunt PowerHouse Electric Pencil Sharpener, Blue",1,0.0002,0.25,125.22
Sharp 1540cs Digital Laser Copier,"Acco Smartsocket Table Surge Protector, 6 Color-Coded Adapter Outlets",1,0.0002,0.1429,238.52
Sharp 1540cs Digital Laser Copier,Globe Weis Peel & Seel First Class Envelopes,1,0.0002,0.1429,102.22
Sharp 1540cs Digital Laser Copier,Motorola Droid Maxx,1,0.0002,0.1429,178.89
Sharp 1540cs Digital Laser Copier,Nu-Dell Float Frame 11 x 14 1/2,1,0.0002,0.1429,102.22
Sharp 1540cs Digital Laser Copier,Hon Multipurpose Stacking Arm Chairs,1,0.0002,0.1429,119.26
Sharp AL-1530CS Digital Copier,AT&T 1070 Corded Phone,1,0.0002,0.25,417.42
Sharp AL-1530CS Digital Copier,Dana Halogen Swing-Arm Architect Lamp,1,0.0002,0.25,208.71
Sharp AL-1530CS Digital Copier,Fellowes Superior 10 Outlet Split Surge Protector,1,0.0002,0.25,139.14
Sharp AL-1530CS Digital Copier,"DAX Contemporary Wood Frame with Silver Metal Mat, Desktop, 11 x 14 Size",1,0.0002,0.25,250.45
Sharp AL-1530CS Digital Copier,Global Ergonomic Managers Chair,1,0.0002,0.25,113.84
Shocksock Galaxy S4 Armband,Acco Expandable Hanging Binders,1,0.0002,0.3333,417.42
Shocksock Galaxy S4 Armband,Brother DCP1000 Digital 3 in 1 Multifunction Machine,1,0.0002,0.3333,238.52
Shocksock Galaxy S4 Armband,Hoover Shoulder Vac Commercial Portable Vacuum,1,0.0002,0.3333,278.28
Shocksock Galaxy S4 Armband,Staples,1,0.0002,0.3333,7.52
Shocksock Galaxy S4 Armband,Bionaire 99.97% HEPA Air Cleaner,1,0.0002,0.3333,417.42
ShoreTel ShorePhone IP 230 VoIP phone,Hypercom P1300 Pinpad,1,0.0002,0.25,178.89
ShoreTel ShorePhone IP 230 VoIP phone,Longer-Life Soft White Bulbs,1,0.0002,0.25,125.22
ShoreTel ShorePhone IP 230 VoIP phone,Plantronics Savi W720 Multi-Device Wireless Headset System,1,0.0002,0.25,178.89
ShoreTel ShorePhone IP 230 VoIP phone,Black & Decker Filter for Double Action Dustbuster Cordless Vac BLDV7210,1,0.0002,0.25,208.71
"SimpliFile Personal File, Black Granite, 15w x 6-15/16d x 11-1/4h",Office Star - Ergonomic Mid Back Chair with 2-Way Adjustable Arms,1,0.0002,0.125,313.06
"SimpliFile Personal File, Black Granite, 15w x 6-15/16d x 11-1/4h",WD My Passport Ultra 500GB Portable External Hard Drive,1,0.0002,0.125,156.53
"SimpliFile Personal File, Black Granite, 15w x 6-15/16d x 11-1/4h",Fellowes High-Stak Drawer Files,1,0.0002,0.125,78.27
"SimpliFile Personal File, Black Granite, 15w x 6-15/16d x 11-1/4h","Adams Phone Message Book, 200 Message Capacity, 8 1/16 x 11",1,0.0002,0.125,78.27
"SimpliFile Personal File, Black Granite, 15w x 6-15/16d x 11-1/4h",Advantus Push Pins,1,0.0002,0.125,89.45
"Situations Contoured Folding Chairs, 4/Set",36X48 HARDFLOOR CHAIRMAT,1,0.0002,0.0667,55.66
"Situations Contoured Folding Chairs, 4/Set",Eureka The Boss Cordless Rechargeable Stick Vac,1,0.0002,0.0667,55.66
"Situations Contoured Folding Chairs, 4/Set",GBC Plasticlear Binding Covers,1,0.0002,0.0667,47.7
"Situations Contoured Folding Chairs, 4/Set",Tennsco Commercial Shelving,1,0.0002,0.0667,37.1
"Situations Contoured Folding Chairs, 4/Set",Translucent Push Pins by OIC,1,0.0002,0.0667,111.31
"SlimView Poly Binder, 3/8""","Global Push Button Manager's Chair, Indigo",1,0.0002,0.1429,79.51
"SlimView Poly Binder, 3/8""",Newell 317,1,0.0002,0.1429,102.22
"SlimView Poly Binder, 3/8""","Office Star - Contemporary Task Swivel chair with Loop Arms, Charcoal",1,0.0002,0.1429,79.51
"SlimView Poly Binder, 3/8""",VTech DS6151,1,0.0002,0.1429,89.45
"SlimView Poly Binder, 3/8""",Wilson Jones Leather-Like Binders with DublLock Round Rings,1,0.0002,0.1429,59.63
"SmartStand Mobile Device Holder, Assorted Colors",Boston Home & Office Model 2000 Electric Pencil Sharpeners,1,0.0002,0.3333,278.28
"SmartStand Mobile Device Holder, Assorted Colors",Alphabetical Labels for Top Tab Filing,1,0.0002,0.3333,185.52
"SmartStand Mobile Device Holder, Assorted Colors","Ampad Evidence Wirebond Steno Books, 6"" x 9""",1,0.0002,0.3333,417.42
"SmartStand Mobile Device Holder, Assorted Colors",Avery 513,1,0.0002,0.3333,333.93
"SmartStand Mobile Device Holder, Assorted Colors",Canon PC-428 Personal Copier,1,0.0002,0.3333,278.28
Smead Adjustable Mobile File Trolley with Lockable Top,Deluxe Chalkboard Eraser Cleaner,1,0.0002,0.3333,333.93
Smead Adjustable Mobile File Trolley with Lockable Top,Eldon Econocleat Chair Mats for Low Pile Carpets,1,0.0002,0.3333,834.83
Smead Adjustable Mobile File Trolley with Lockable Top,Hanging Personal Folder File,1,0.0002,0.3333,333.93
Smead Adjustable Mobile File Trolley with Lockable Top,SanDisk Cruzer 64 GB USB Flash Drive,1,0.0002,0.3333,185.52
Smead Adjustable Mobile File Trolley with Lockable Top,Xerox 1898,1,0.0002,0.3333,151.79
Smead Alpha-Z Color-Coded Name Labels First Letter Starter Set,"Advantus Employee of the Month Certificate Frame, 11 x 13-1/2",1,0.0002,0.2,200.36
Smead Alpha-Z Color-Coded Name Labels First Letter Starter Set,Fellowes Super Stor/Drawer Files,1,0.0002,0.2,111.31
Smead Alpha-Z Color-Coded Name Labels First Letter Starter Set,Newell 344,1,0.0002,0.2,166.97
Smead Alpha-Z Color-Coded Name Labels First Letter Starter Set,"Premier Elliptical Ring Binder, Black",1,0.0002,0.2,111.31
Smead Alpha-Z Color-Coded Name Labels First Letter Starter Set,Xerox 1951,1,0.0002,0.2,166.97
Smead Alpha-Z Color-Coded Second Alphabetical Labels and Starter Set,Avery Hidden Tab Dividers for Binding Systems,1,0.0002,0.2,143.11
Smead Alpha-Z Color-Coded Second Alphabetical Labels and Starter Set,Colored Push Pins,1,0.0002,0.2,200.36
Smead Alpha-Z Color-Coded Second Alphabetical Labels and Starter Set,DAX Natural Wood-Tone Poster Frame,1,0.0002,0.2,200.36
Smead Alpha-Z Color-Coded Second Alphabetical Labels and Starter Set,Sterling Rubber Bands by Alliance,1,0.0002,0.2,500.9
Smead Alpha-Z Color-Coded Second Alphabetical Labels and Starter Set,Xerox 1887,1,0.0002,0.2,125.22
"Snap-A-Way Black Print Carbonless Ruled Speed Letter, Triplicate","Geographics Note Cards, Blank, White, 8 1/2"" x 11""",1,0.0002,0.1667,278.28
"Snap-A-Way Black Print Carbonless Ruled Speed Letter, Triplicate",SAFCO Arco Folding Chair,1,0.0002,0.1667,64.22
"Snap-A-Way Black Print Carbonless Ruled Speed Letter, Triplicate",Maxell 4.7GB DVD+R 5/Pack,1,0.0002,0.1667,166.97
"Snap-A-Way Black Print Carbonless Ruled Speed Letter, Triplicate",Sony 64GB Class 10 Micro SDHC R40 Memory Card,1,0.0002,0.1667,92.76
"Snap-A-Way Black Print Carbonless Ruled Speed Letter, Triplicate",GBC Standard Therm-A-Bind Covers,1,0.0002,0.1667,69.57
"Snap-A-Way Black Print Carbonless Speed Message, No Reply Area, Duplicate",Avaya 4621SW VoIP phone,1,0.0002,1.0,1252.25
Socket Bluetooth Cordless Hand Scanner (CHS),Wilson Electronics DB Pro Signal Booster,1,0.0002,1.0,500.9
Sony 16GB Class 10 Micro SDHC R40 Memory Card,Memorex Micro Travel Drive 32 GB,1,0.0002,0.25,250.45
Sony 16GB Class 10 Micro SDHC R40 Memory Card,Tenex Antistatic Computer Chair Mats,1,0.0002,0.25,208.71
Sony 16GB Class 10 Micro SDHC R40 Memory Card,Tennsco Double-Tier Lockers,1,0.0002,0.25,104.35
Sony 16GB Class 10 Micro SDHC R40 Memory Card,Wilson Jones Legal Size Ring Binders,1,0.0002,0.25,139.14
Sony 16GB Class 10 Micro SDHC R40 Memory Card,Belkin F9G930V10-GRY 9 Outlet Surge,1,0.0002,0.25,250.45
Sony 32GB Class 10 Micro SDHC R40 Memory Card,Avery 509,1,0.0002,0.25,313.06
Sony 32GB Class 10 Micro SDHC R40 Memory Card,Hon Mobius Operator's Chair,1,0.0002,0.25,250.45
Sony 32GB Class 10 Micro SDHC R40 Memory Card,Newell 349,1,0.0002,0.25,417.42
Sony 32GB Class 10 Micro SDHC R40 Memory Card,Spiral Phone Message Books with Labels by Adams,1,0.0002,0.25,313.06
Sony 32GB Class 10 Micro SDHC R40 Memory Card,Avanti 4.4 Cu. Ft. Refrigerator,1,0.0002,0.25,178.89
Sony 64GB Class 10 Micro SDHC R40 Memory Card,"Snap-A-Way Black Print Carbonless Ruled Speed Letter, Triplicate",1,0.0002,0.1111,92.76
Sony 64GB Class 10 Micro SDHC R40 Memory Card,"Contico 72""H Heavy-Duty Storage System",1,0.0002,0.1111,111.31
Sony 64GB Class 10 Micro SDHC R40 Memory Card,"Riverside Palais Royal Lawyers Bookcase, Royale Cherry Finish",1,0.0002,0.1111,111.31
Sony 64GB Class 10 Micro SDHC R40 Memory Card,Super Decoflex Portable Personal File,1,0.0002,0.1111,111.31
Sony 64GB Class 10 Micro SDHC R40 Memory Card,"Bevis Round Conference Table Top, X-Base",1,0.0002,0.1111,92.76
Sony 8GB Class 10 Micro SDHC R40 Memory Card,"Fellowes Twister Kit, Gray/Clear, 3/pkg",1,0.0002,1.0,500.9
Sony Micro Vault Click 16 GB USB 2.0 Flash Drive,KI Adjustable-Height Table,1,0.0002,0.1111,30.92
Sony Micro Vault Click 16 GB USB 2.0 Flash Drive,"SAFCO Commercial Wire Shelving, 72h",1,0.0002,0.1111,111.31
Sony Micro Vault Click 16 GB USB 2.0 Flash Drive,Avery 505,1,0.0002,0.1111,79.51
Sony Micro Vault Click 16 GB USB 2.0 Flash Drive,Cisco 9971 IP Video Phone Charcoal,1,0.0002,0.1111,278.28
Sony Micro Vault Click 16 GB USB 2.0 Flash Drive,O'Sullivan 2-Door Barrister Bookcase in Odessa Pine,1,0.0002,0.1111,79.51
Sony Micro Vault Click 4 GB USB 2.0 Flash Drive,"Tyvek  Top-Opening Peel & Seel Envelopes, Plain White",1,0.0002,0.3333,238.52
Sony Micro Vault Click 4 GB USB 2.0 Flash Drive,3.6 Cubic Foot Counter Height Office Refrigerator,1,0.0002,0.3333,333.93
Sony Micro Vault Click 4 GB USB 2.0 Flash Drive,Cardinal Holdit Business Card Pockets,1,0.0002,0.3333,208.71
Sony Micro Vault Click 4 GB USB 2.0 Flash Drive,Global Enterprise Series Seating Low-Back Swivel/Tilt Chairs,1,0.0002,0.3333,1669.67
Sony Micro Vault Click 4 GB USB 2.0 Flash Drive,"Howard Miller 13-3/4"" Diameter Brushed Chrome Round Wall Clock",1,0.0002,0.3333,185.52
Sony Micro Vault Click 8 GB USB 2.0 Flash Drive,Avery White Multi-Purpose Labels,1,0.0002,0.25,313.06
Sony Micro Vault Click 8 GB USB 2.0 Flash Drive,"Black Print Carbonless 8 1/2"" x 8 1/4"" Rapid Memo Book",1,0.0002,0.25,313.06
Sony Micro Vault Click 8 GB USB 2.0 Flash Drive,"Iceberg OfficeWorks 42"" Round Tables",1,0.0002,0.25,178.89
Sony Micro Vault Click 8 GB USB 2.0 Flash Drive,Macally Suction Cup Mount,1,0.0002,0.25,313.06
Sony Micro Vault Click 8 GB USB 2.0 Flash Drive,Newell 312,1,0.0002,0.25,113.84
"Sortfiler Multipurpose Personal File Organizer, Black","Premium Writing Pencils, Soft, #2 by Central Association for the Blind",1,0.0002,0.1667,119.26
"Sortfiler Multipurpose Personal File Organizer, Black",Cameo Buff Policy Envelopes,1,0.0002,0.1667,104.35
"Sortfiler Multipurpose Personal File Organizer, Black","Computer Room Manger, 14""",1,0.0002,0.1667,119.26
"Sortfiler Multipurpose Personal File Organizer, Black",Deluxe Rollaway Locking File with Drawer,1,0.0002,0.1667,166.97
"Sortfiler Multipurpose Personal File Organizer, Black","Executive Impressions 12"" Wall Clock",1,0.0002,0.1667,139.14
Southworth 100% Cotton The Best Paper,"Pressboard Covers with Storage Hooks, 9 1/2"" x 11"", Light Blue",1,0.0002,0.3333,139.14
"Southworth 100% Résumé Paper, 24lb.","1.7 Cubic Foot Compact ""Cube"" Office Refrigerators",1,0.0002,0.1429,119.26
"Southworth 100% Résumé Paper, 24lb.",Newell 310,1,0.0002,0.1429,102.22
"Southworth 100% Résumé Paper, 24lb.",Avery White Multi-Purpose Labels,1,0.0002,0.1429,178.89
"Southworth 100% Résumé Paper, 24lb.","Eldon Expressions Punched Metal & Wood Desk Accessories, Pewter & Cherry",1,0.0002,0.1429,238.52
"Southworth 100% Résumé Paper, 24lb.",Jabra SPEAK 410,1,0.0002,0.1429,79.51
Southworth 25% Cotton Antique Laid Paper & Envelopes,"Tenex Personal Project File with Scoop Front Design, Black",1,0.0002,0.2,100.18
Southworth 25% Cotton Antique Laid Paper & Envelopes,Xerox 1883,1,0.0002,0.2,143.11
Southworth 25% Cotton Antique Laid Paper & Envelopes,"Verbatim 25 GB 6x Blu-ray Single Layer Recordable Disc, 3/Pack",1,0.0002,0.2,166.97
Southworth 25% Cotton Antique Laid Paper & Envelopes,"Personal Filing Tote with Lid, Black/Gray",1,0.0002,0.2,125.22
Southworth 25% Cotton Antique Laid Paper & Envelopes,"DAX Charcoal/Nickel-Tone Document Frame, 5 x 7",1,0.0002,0.2,143.11
Southworth 25% Cotton Granite Paper & Envelopes,Avery 52,1,0.0002,0.3333,278.28
Southworth 25% Cotton Granite Paper & Envelopes,Avery 520,1,0.0002,0.3333,333.93
Southworth 25% Cotton Granite Paper & Envelopes,Bretford CR4500 Series Slim Rectangular Table,1,0.0002,0.3333,208.71
Southworth 25% Cotton Granite Paper & Envelopes,KeyTronic KT400U2 - Keyboard - Black,1,0.0002,0.3333,556.56
Southworth 25% Cotton Granite Paper & Envelopes,"Master Caster Door Stop, Brown",1,0.0002,0.3333,185.52
Southworth 25% Cotton Linen-Finish Paper & Envelopes,PureGear Roll-On Screen Protector,1,0.0002,0.25,250.45
Southworth 25% Cotton Linen-Finish Paper & Envelopes,"SAFCO PlanMaster Heigh-Adjustable Drafting Table Base, 43w x 30d x 30-37h, Black",1,0.0002,0.25,250.45
Southworth 25% Cotton Linen-Finish Paper & Envelopes,Staples,1,0.0002,0.25,5.64
Southworth 25% Cotton Linen-Finish Paper & Envelopes,"Wilson Jones Clip & Carry Folder Binder Tool for Ring Binders, Clear",1,0.0002,0.25,139.14
Southworth 25% Cotton Linen-Finish Paper & Envelopes,Xerox 1919,1,0.0002,0.25,139.14
Southworth 25% Cotton Premium Laser Paper and Envelopes,Acme Design Stainless Steel Bent Scissors,1,0.0002,0.2,333.93
Southworth 25% Cotton Premium Laser Paper and Envelopes,Hon Pagoda Stacking Chairs,1,0.0002,0.2,250.45
Southworth 25% Cotton Premium Laser Paper and Envelopes,Wilson Electronics DB Pro Signal Booster,1,0.0002,0.2,100.18
Southworth 25% Cotton Premium Laser Paper and Envelopes,Eureka The Boss Cordless Rechargeable Stick Vac,1,0.0002,0.2,166.97
Southworth 25% Cotton Premium Laser Paper and Envelopes,Maxell 4.7GB DVD-R,1,0.0002,0.2,91.07
Southworth Parchment Paper & Envelopes,"Hon 30"" x 60"" Table with Locking Drawer",1,0.0002,0.1667,278.28
Southworth Parchment Paper & Envelopes,Hon 4060 Series Tables,1,0.0002,0.1667,208.71
Southworth Parchment Paper & Envelopes,Nontoxic Chalk,1,0.0002,0.1667,104.35
Southworth Parchment Paper & Envelopes,"Permanent Self-Adhesive File Folder Labels for Typewriters, 1 1/8 x 3 1/2, White",1,0.0002,0.1667,139.14
Southworth Parchment Paper & Envelopes,Tennsco Single-Tier Lockers,1,0.0002,0.1667,104.35
Southworth Structures Collection,Zipper Ring Binder Pockets,1,0.0002,0.5,192.65
Southworth Structures Collection,"Square Ring Data Binders, Rigid 75 Pt. Covers, 11"" x 14-7/8""",1,0.0002,0.5,357.79
Space Solutions Commercial Steel Shelving,"Logitech B530 USB Headset - headset - Full size, Binaural",1,0.0002,0.1429,71.56
Space Solutions Commercial Steel Shelving,Multicolor Computer Printout Paper,1,0.0002,0.1429,143.11
Space Solutions Commercial Steel Shelving,Newell 322,1,0.0002,0.1429,119.26
Space Solutions Commercial Steel Shelving,"Avery Durable Plastic 1"" Binders",1,0.0002,0.1429,102.22
Space Solutions Commercial Steel Shelving,Hon Racetrack Conference Tables,1,0.0002,0.1429,119.26
Space Solutions HD Industrial Steel Shelving.,"Bush Andora Bookcase, Maple/Graphite Gray Finish",1,0.0002,0.125,69.57
Space Solutions HD Industrial Steel Shelving.,OtterBox Commuter Series Case - Samsung Galaxy S4,1,0.0002,0.125,156.53
Space Solutions HD Industrial Steel Shelving.,Xerox 1972,1,0.0002,0.125,125.22
Space Solutions HD Industrial Steel Shelving.,BIC Brite Liner Highlighters,1,0.0002,0.125,89.45
Space Solutions HD Industrial Steel Shelving.,JBL Micro Wireless Portable Bluetooth Speaker,1,0.0002,0.125,104.35
Space Solutions Industrial Galvanized Steel Shelving.,Pastel Pink Envelopes,1,0.0002,0.3333,556.56
Space Solutions Industrial Galvanized Steel Shelving.,SanDisk Cruzer 16 GB USB Flash Drive,1,0.0002,0.3333,556.56
Space Solutions Industrial Galvanized Steel Shelving.,Wilson Jones Standard D-Ring Binders,1,0.0002,0.3333,208.71
Space Solutions Industrial Galvanized Steel Shelving.,Deflect-o DuraMat Antistatic Studded Beveled Mat for Medium Pile Carpeting,1,0.0002,0.3333,333.93
Space Solutions Industrial Galvanized Steel Shelving.,Fellowes Staxonsteel Drawer Files,1,0.0002,0.3333,238.52
Speck Products Candyshell Flip Case,Avery 505,1,0.0002,0.25,178.89
Speck Products Candyshell Flip Case,Cisco 9971 IP Video Phone Charcoal,1,0.0002,0.25,626.12
Speck Products Candyshell Flip Case,O'Sullivan 2-Door Barrister Bookcase in Odessa Pine,1,0.0002,0.25,178.89
Speck Products Candyshell Flip Case,Sony Micro Vault Click 16 GB USB 2.0 Flash Drive,1,0.0002,0.25,139.14
Speck Products Candyshell Flip Case,Bionaire 99.97% HEPA Air Cleaner,1,0.0002,0.25,313.06
"Speediset Carbonless Redi-Letter 7"" x 8 1/2""",Staples,2,0.000399,0.4,9.03
"Speediset Carbonless Redi-Letter 7"" x 8 1/2""",Belkin 5 Outlet SurgeMaster Power Centers,1,0.0002,0.2,100.18
"Speediset Carbonless Redi-Letter 7"" x 8 1/2""",Boston 1730 StandUp Electric Pencil Sharpener,1,0.0002,0.2,333.93
"Speediset Carbonless Redi-Letter 7"" x 8 1/2""",GBC VeloBind Cover Sets,1,0.0002,0.2,91.07
"Speediset Carbonless Redi-Letter 7"" x 8 1/2""",Ibico EB-19 Dual Function Manual Binding System,1,0.0002,0.2,125.22
Spigen Samsung Galaxy S5 Case Wallet,Ativa V4110MDD Micro-Cut Shredder,1,0.0002,0.2,500.9
Spigen Samsung Galaxy S5 Case Wallet,Honeywell Enviracaire Portable HEPA Air Cleaner for 17' x 22' Room,1,0.0002,0.2,125.22
Spigen Samsung Galaxy S5 Case Wallet,KI Adjustable-Height Table,1,0.0002,0.2,55.66
Spigen Samsung Galaxy S5 Case Wallet,Staples,1,0.0002,0.2,4.51
Spigen Samsung Galaxy S5 Case Wallet,Vtech CS6719,1,0.0002,0.2,143.11
SpineVue Locking Slant-D Ring Binders by Cardinal,Fellowes Mighty 8 Compact Surge Protector,1,0.0002,0.125,104.35
SpineVue Locking Slant-D Ring Binders by Cardinal,Wilson Jones Easy Flow II Sheet Lifters,1,0.0002,0.125,52.18
SpineVue Locking Slant-D Ring Binders by Cardinal,Xerox 1970,1,0.0002,0.125,104.35
SpineVue Locking Slant-D Ring Binders by Cardinal,O'Sullivan Living Dimensions 5-Shelf Bookcases,1,0.0002,0.125,104.35
SpineVue Locking Slant-D Ring Binders by Cardinal,"Premium Transparent Presentation Covers, No Pattern/Clear, 8 1/2"" x 11""",1,0.0002,0.125,89.45
Spiral Phone Message Books with Labels by Adams,Acco 6 Outlet Guardian Premium Plus Surge Suppressor,1,0.0002,0.25,208.71
Spiral Phone Message Books with Labels by Adams,Avery 509,1,0.0002,0.25,313.06
Spiral Phone Message Books with Labels by Adams,Hon Mobius Operator's Chair,1,0.0002,0.25,250.45
Spiral Phone Message Books with Labels by Adams,Newell 349,1,0.0002,0.25,417.42
Spiral Phone Message Books with Labels by Adams,Sony 32GB Class 10 Micro SDHC R40 Memory Card,1,0.0002,0.25,313.06
Square Credit Card Reader,Boston 1645 Deluxe Heavier-Duty Electric Pencil Sharpener,1,0.0002,0.1429,102.22
Square Credit Card Reader,Logitech M510 Wireless Mouse,1,0.0002,0.1429,238.52
Square Credit Card Reader,Global Deluxe Steno Chair,1,0.0002,0.1429,71.56
Square Credit Card Reader,"DAX Two-Tone Rosewood/Black Document Frame, Desktop, 5 x 7",1,0.0002,0.1429,89.45
Square Credit Card Reader,"Global Leather Highback Executive Chair with Pneumatic Height Adjustment, Black",1,0.0002,0.1429,71.56
"Square Credit Card Reader, 4 1/2"" x 4 1/2"" x 1"", White",Staples,2,0.000399,0.4,9.03
"Square Credit Card Reader, 4 1/2"" x 4 1/2"" x 1"", White",Fellowes PB200 Plastic Comb Binding Machine,1,0.0002,0.2,111.31
"Square Credit Card Reader, 4 1/2"" x 4 1/2"" x 1"", White",Newell 314,1,0.0002,0.2,143.11
"Square Credit Card Reader, 4 1/2"" x 4 1/2"" x 1"", White",Logitech G19 Programmable Gaming Keyboard,1,0.0002,0.2,125.22
"Square Credit Card Reader, 4 1/2"" x 4 1/2"" x 1"", White",Motorola HK250 Universal Bluetooth Headset,1,0.0002,0.2,111.31
"Square Ring Data Binders, Rigid 75 Pt. Covers, 11"" x 14-7/8""","Wilson Jones Elliptical Ring 3 1/2"" Capacity Binders, 800 sheets",1,0.0002,0.1429,89.45
"Square Ring Data Binders, Rigid 75 Pt. Covers, 11"" x 14-7/8""","Hon Metal Bookcases, Putty",1,0.0002,0.1429,143.11
"Square Ring Data Binders, Rigid 75 Pt. Covers, 11"" x 14-7/8""",Premium Transparent Presentation Covers by GBC,1,0.0002,0.1429,71.56
"Square Ring Data Binders, Rigid 75 Pt. Covers, 11"" x 14-7/8""",Southworth Structures Collection,1,0.0002,0.1429,357.79
"Square Ring Data Binders, Rigid 75 Pt. Covers, 11"" x 14-7/8""","#10 Gummed Flap White Envelopes, 100/Box",1,0.0002,0.1429,178.89
Stackable Trays,Wilson Jones Turn Tabs Binder Tool for Ring Binders,1,0.0002,0.1429,55.04
Stackable Trays,"Boston Electric Pencil Sharpener, Model 1818, Charcoal Black",1,0.0002,0.1429,89.45
Stackable Trays,"Acco Pressboard Covers with Storage Hooks, 14 7/8"" x 11"", Light Blue",1,0.0002,0.1429,65.05
Stackable Trays,Avery 508,1,0.0002,0.1429,119.26
Stackable Trays,Fellowes PB300 Plastic Comb Binding Machine,1,0.0002,0.1429,119.26
"Stacking Tray, Side-Loading, Legal, Smoke",Computer Printout Index Tabs,1,0.0002,0.25,313.06
"Stacking Tray, Side-Loading, Legal, Smoke",GBC Wire Binding Combs,1,0.0002,0.25,178.89
"Stacking Tray, Side-Loading, Legal, Smoke",Deluxe Heavy-Duty Vinyl Round Ring Binder,1,0.0002,0.25,178.89
"Stacking Tray, Side-Loading, Legal, Smoke",Eldon Shelf Savers Cubes and Bins,1,0.0002,0.25,156.53
"Stacking Tray, Side-Loading, Legal, Smoke",First Data FD10 PIN Pad,1,0.0002,0.25,250.45
Stacking Trays by OIC,Avery 477,1,0.0002,0.1667,208.71
Stacking Trays by OIC,Avery Hanging File Binders,1,0.0002,0.1667,139.14
Stacking Trays by OIC,DYMO CardScan Personal V9 Business Card Scanner,1,0.0002,0.1667,278.28
Stacking Trays by OIC,"Executive Impressions 10"" Spectator Wall Clock",1,0.0002,0.1667,166.97
Stacking Trays by OIC,Mophie Juice Pack Helium for iPhone,1,0.0002,0.1667,139.14
Standard Line While You Were Out Hardbound Telephone Message Book,Memorex Froggy Flash Drive 4 GB,1,0.0002,0.5,500.9
Standard Line While You Were Out Hardbound Telephone Message Book,"Performers Binder/Pad Holder, Black",1,0.0002,0.5,313.06
Standard Line While You Were Out Hardbound Telephone Message Book,"SAFCO Mobile Desk Side File, Wire Frame",1,0.0002,0.5,313.06
Standard Line While You Were Out Hardbound Telephone Message Book,Vinyl Sectional Post Binders,1,0.0002,0.5,227.68
Standard Rollaway File with Lock,"Avery Trapezoid Extra Heavy Duty 4"" Binders",1,0.0002,0.1,125.22
Standard Rollaway File with Lock,Xerox 1894,1,0.0002,0.1,100.18
Standard Rollaway File with Lock,Eldon Cleatmat Chair Mats for Medium Pile Carpets,1,0.0002,0.1,125.22
Standard Rollaway File with Lock,36X48 HARDFLOOR CHAIRMAT,1,0.0002,0.1,83.48
Standard Rollaway File with Lock,G.E. Halogen Desk Lamp Bulbs,1,0.0002,0.1,100.18
Stanley Bostitch Contemporary Electric Pencil Sharpeners,"Executive Impressions 14"" Two-Color Numerals Wall Clock",1,0.0002,0.1429,119.26
Stanley Bostitch Contemporary Electric Pencil Sharpeners,Ibico Standard Transparent Covers,1,0.0002,0.1429,71.56
Stanley Bostitch Contemporary Electric Pencil Sharpeners,OIC Bulk Pack Metal Binder Clips,1,0.0002,0.1429,89.45
Stanley Bostitch Contemporary Electric Pencil Sharpeners,Swingline SM12-08 MicroCut Jam Free Shredder,1,0.0002,0.1429,238.52
Stanley Bostitch Contemporary Electric Pencil Sharpeners,"While You Were Out Pads, 50 per Pad, 4 x 5 1/4, Green Cycle",1,0.0002,0.1429,178.89
Stanley Contemporary Battery Pencil Sharpeners,"Binney & Smith Crayola Metallic Colored Pencils, 8-Color Set",1,0.0002,0.25,178.89
Stanley Contemporary Battery Pencil Sharpeners,"Fellowes Twister Kit, Gray/Clear, 3/pkg",1,0.0002,0.25,125.22
Stanley Contemporary Battery Pencil Sharpeners,Space Solutions HD Industrial Steel Shelving.,1,0.0002,0.25,156.53
Stanley Contemporary Battery Pencil Sharpeners,AT&T 1080 Corded phone,1,0.0002,0.25,178.89
Staples,Hon Olson Stacker Chairs,3,0.000599,0.0135,16.92
Staples,Satellite Sectional Post Binders,3,0.000599,0.0135,6.15
Staples,"#10 White Business Envelopes,4 1/8 x 9 1/2",3,0.000599,0.0135,9.67
Staples,Hoover Shoulder Vac Commercial Portable Vacuum,3,0.000599,0.0135,11.28
Staples,Newell 34,3,0.000599,0.0135,9.67
Star Micronics TSP800 TSP847IIU Receipt Printer,"Fellowes Mobile File Cart, Black",1,0.0002,0.5,250.45
Star Micronics TSP800 TSP847IIU Receipt Printer,Luxo Professional Combination Clamp-On Lamps,1,0.0002,0.5,500.9
Star Micronics TSP800 TSP847IIU Receipt Printer,Stockwell Push Pins,1,0.0002,0.5,313.06
Star Micronics TSP800 TSP847IIU Receipt Printer,Xerox 223,1,0.0002,0.5,834.83
Star Micronics TSP800 TSP847IIU Receipt Printer,Enermax Acrylux Wireless Keyboard,1,0.0002,0.5,417.42
StarTech.com 10/100 VDSL2 Ethernet Extender Kit,"Carina 42""Hx23 3/4""W Media Storage Unit",1,0.0002,0.25,156.53
StarTech.com 10/100 VDSL2 Ethernet Extender Kit,DAX Natural Wood-Tone Poster Frame,1,0.0002,0.25,250.45
StarTech.com 10/100 VDSL2 Ethernet Extender Kit,invisibleSHIELD by ZAGG Smudge-Free Screen Protector,1,0.0002,0.25,178.89
StarTech.com 10/100 VDSL2 Ethernet Extender Kit,"Global Stack Chair with Arms, Black",1,0.0002,0.25,178.89
StarTech.com 10/100 VDSL2 Ethernet Extender Kit,Novimex Swivel Fabric Task Chair,1,0.0002,0.25,156.53
Steel Personal Filing/Posting Tote,Faber Castell Col-Erase Pencils,1,0.0002,0.2,200.36
Steel Personal Filing/Posting Tote,Newell 326,1,0.0002,0.2,166.97
Steel Personal Filing/Posting Tote,Xerox 196,1,0.0002,0.2,125.22
Steel Personal Filing/Posting Tote,"Executive Impressions 14""",1,0.0002,0.2,250.45
Sterilite Officeware Hinged File Box,Kingston Digital DataTraveler 16GB USB 2.0,1,0.0002,0.0909,35.03
Sterilite Officeware Hinged File Box,"TRENDnet 56K USB 2.0 Phone, Internet and Fax Modem",1,0.0002,0.0909,91.07
Sterilite Officeware Hinged File Box,Colored Push Pins,1,0.0002,0.0909,91.07
Sterilite Officeware Hinged File Box,"Dixon My First Ticonderoga Pencil, #2",1,0.0002,0.0909,113.84
Sterilite Officeware Hinged File Box,Logitech G105 Gaming Keyboard,1,0.0002,0.0909,91.07
Sterilite Show Offs Storage Containers,Avery 490,1,0.0002,0.2,200.36
Sterilite Show Offs Storage Containers,Akro Stacking Bins,1,0.0002,0.2,166.97
Sterilite Show Offs Storage Containers,Avery 502,1,0.0002,0.2,333.93
Sterilite Show Offs Storage Containers,"Atlantic Metals Mobile 4-Shelf Bookcases, Custom Colors",1,0.0002,0.2,166.97
Sterilite Show Offs Storage Containers,"Peel & Seel Recycled Catalog Envelopes, Brown",1,0.0002,0.2,166.97
Sterling Rubber Bands by Alliance,Avery Hidden Tab Dividers for Binding Systems,1,0.0002,0.5,357.79
Sterling Rubber Bands by Alliance,Colored Push Pins,1,0.0002,0.5,500.9
Sterling Rubber Bands by Alliance,DAX Natural Wood-Tone Poster Frame,1,0.0002,0.5,500.9
Sterling Rubber Bands by Alliance,Smead Alpha-Z Color-Coded Second Alphabetical Labels and Starter Set,1,0.0002,0.5,500.9
Stiletto Hand Letter Openers,"Adams Telephone Message Book W/Dividers/Space For Phone Numbers, 5 1/4""X8 1/2"", 300/Messages",1,0.0002,0.25,125.22
Stiletto Hand Letter Openers,Bose SoundLink Bluetooth Speaker,1,0.0002,0.25,250.45
Stiletto Hand Letter Openers,Kingston Digital DataTraveler 16GB USB 2.0,1,0.0002,0.25,96.33
Stiletto Hand Letter Openers,Letter or Legal Size Expandable Poly String Tie Envelopes,1,0.0002,0.25,313.06
Stiletto Hand Letter Openers,Pyle PMP37LED,1,0.0002,0.25,125.22
Stockwell Push Pins,"Fellowes Mobile File Cart, Black",1,0.0002,0.125,62.61
Stockwell Push Pins,Luxo Professional Combination Clamp-On Lamps,1,0.0002,0.125,125.22
Stockwell Push Pins,Star Micronics TSP800 TSP847IIU Receipt Printer,1,0.0002,0.125,313.06
Stockwell Push Pins,Xerox 223,1,0.0002,0.125,208.71
Stockwell Push Pins,Fluorescent Highlighters by Dixon,1,0.0002,0.125,125.22
Storex Dura Pro Binders,Staples,1,0.0002,0.0588,1.33
Storex Dura Pro Binders,"Acco Pressboard Covers with Storage Hooks, 9 1/2"" x 11"", Executive Red",1,0.0002,0.0588,32.74
Storex Dura Pro Binders,Eldon ClusterMat Chair Mat with Cordless Antistatic Protection,1,0.0002,0.0588,58.93
Storex Dura Pro Binders,Eldon Fold 'N Roll Cart System,1,0.0002,0.0588,58.93
Storex Dura Pro Binders,Fellowes Bases and Tops For Staxonsteel/High-Stak Systems,1,0.0002,0.0588,29.46
Storex DuraTech Recycled Plastic Frosted Binders,Avery Durable Binders,1,0.0002,0.125,52.18
Storex DuraTech Recycled Plastic Frosted Binders,"Array Parchment Paper, Assorted Colors",1,0.0002,0.125,156.53
Storex DuraTech Recycled Plastic Frosted Binders,HTC One Mini,1,0.0002,0.125,156.53
Storex DuraTech Recycled Plastic Frosted Binders,"Hon Metal Bookcases, Black",1,0.0002,0.125,125.22
Storex DuraTech Recycled Plastic Frosted Binders,Okidata C331dn Printer,1,0.0002,0.125,125.22
Storex Flexible Poly Binders with Double Pockets,Nortel Meridian M5316 Digital phone,1,0.0002,0.3333,417.42
Storex Flexible Poly Binders with Double Pockets,Office Star - Ergonomic Mid Back Chair with 2-Way Adjustable Arms,1,0.0002,0.3333,834.83
Storex Flexible Poly Binders with Double Pockets,GBC Standard Therm-A-Bind Covers,1,0.0002,0.3333,139.14
Storex Flexible Poly Binders with Double Pockets,Global Troy Executive Leather Low-Back Tilter,1,0.0002,0.3333,185.52
Storex Flexible Poly Binders with Double Pockets,Vinyl Sectional Post Binders,1,0.0002,0.3333,151.79
"Strathmore #10 Envelopes, Ultimate White","LF Elite 3D Dazzle Designer Hard Case Cover, Lf Stylus Pen and Wiper For Apple Iphone 5c Mini Lite",1,0.0002,0.25,156.53
"Strathmore #10 Envelopes, Ultimate White",Xerox 1898,1,0.0002,0.25,113.84
"Strathmore #10 Envelopes, Ultimate White",Harbour Creations 67200 Series Stacking Chairs,1,0.0002,0.25,156.53
"Strathmore #10 Envelopes, Ultimate White",KeyTronic E03601U1 - Keyboard - Beige,1,0.0002,0.25,208.71
Strathmore Photo Frame Cards,Fellowes PB200 Plastic Comb Binding Machine,1,0.0002,0.25,139.14
Strathmore Photo Frame Cards,Ibico Plastic Spiral Binding Combs,1,0.0002,0.25,96.33
Strathmore Photo Frame Cards,Newell 343,1,0.0002,0.25,178.89
Strathmore Photo Frame Cards,Xerox 1944,1,0.0002,0.25,208.71
Strathmore Photo Frame Cards,"Carina 42""Hx23 3/4""W Media Storage Unit",1,0.0002,0.25,156.53
Strathmore Photo Mount Cards,Standard Rollaway File with Lock,1,0.0002,0.1111,55.66
Strathmore Photo Mount Cards,"Ampad Gold Fibre Wirebound Steno Books, 6"" x 9"", Gregg Ruled",1,0.0002,0.1111,69.57
Strathmore Photo Mount Cards,Staples,1,0.0002,0.1111,2.51
Strathmore Photo Mount Cards,"Verbatim 25 GB 6x Blu-ray Single Layer Recordable Disc, 10/Pack",1,0.0002,0.1111,111.31
Strathmore Photo Mount Cards,Avery 478,1,0.0002,0.1111,139.14
"Stride Job 150 Highlighters, Chisel Tip, Assorted Colors",Xerox 219,1,0.0002,1.0,1252.25
"Stur-D-Stor Shelving, Vertical 5-Shelf: 72""H x 36""W x 18 1/2""D",WD My Passport Ultra 500GB Portable External Hard Drive,1,0.0002,0.2,250.45
"Stur-D-Stor Shelving, Vertical 5-Shelf: 72""H x 36""W x 18 1/2""D","Angle-D Binders with Locking Rings, Label Holders",1,0.0002,0.2,100.18
"Stur-D-Stor Shelving, Vertical 5-Shelf: 72""H x 36""W x 18 1/2""D",Fellowes Bankers Box Stor/Drawer Steel Plus,1,0.0002,0.2,83.48
"Stur-D-Stor Shelving, Vertical 5-Shelf: 72""H x 36""W x 18 1/2""D",Global Comet Stacking Arm Chair,1,0.0002,0.2,200.36
"Stur-D-Stor Shelving, Vertical 5-Shelf: 72""H x 36""W x 18 1/2""D",Grandstream GXP1160 VoIP phone,1,0.0002,0.2,166.97
"Super Bands, 12/Pack",Avery Hole Reinforcements,1,0.0002,0.25,139.14
"Super Bands, 12/Pack",Assorted Color Push Pins,1,0.0002,0.25,156.53
"Super Bands, 12/Pack",Belkin F9H710-06 7 Outlet SurgeMaster Surge Protector,1,0.0002,0.25,156.53
"Super Bands, 12/Pack",Crayola Colored Pencils,1,0.0002,0.25,113.84
"Super Bands, 12/Pack","GBC Velobind Prepunched Cover Sets, Regency Series",1,0.0002,0.25,178.89
Super Decoflex Portable Personal File,"Contico 72""H Heavy-Duty Storage System",1,0.0002,0.2,200.36
Super Decoflex Portable Personal File,"Riverside Palais Royal Lawyers Bookcase, Royale Cherry Finish",1,0.0002,0.2,200.36
Super Decoflex Portable Personal File,Sony 64GB Class 10 Micro SDHC R40 Memory Card,1,0.0002,0.2,111.31
Super Decoflex Portable Personal File,Poly Designer Cover & Back,1,0.0002,0.2,143.11
Super Decoflex Portable Personal File,Wilson Electronics DB Pro Signal Booster,1,0.0002,0.2,100.18
Surelock Post Binders,"Acco Pressboard Covers with Storage Hooks, 14 7/8"" x 11"", Light Blue",1,0.0002,0.125,56.92
Surelock Post Binders,Panasonic KX-TG9471B,1,0.0002,0.125,89.45
Surelock Post Binders,AT&T 17929 Lendline Telephone,1,0.0002,0.125,62.61
Surelock Post Binders,"Cardinal HOLDit! Binder Insert Strips,Extra Strips",1,0.0002,0.125,69.57
Surelock Post Binders,Ibico EB-19 Dual Function Manual Binding System,1,0.0002,0.125,78.27
Swingline SM12-08 MicroCut Jam Free Shredder,"Executive Impressions 14"" Two-Color Numerals Wall Clock",1,0.0002,0.3333,278.28
Swingline SM12-08 MicroCut Jam Free Shredder,Ibico Standard Transparent Covers,1,0.0002,0.3333,166.97
Swingline SM12-08 MicroCut Jam Free Shredder,OIC Bulk Pack Metal Binder Clips,1,0.0002,0.3333,208.71
Swingline SM12-08 MicroCut Jam Free Shredder,Stanley Bostitch Contemporary Electric Pencil Sharpeners,1,0.0002,0.3333,238.52
Swingline SM12-08 MicroCut Jam Free Shredder,"While You Were Out Pads, 50 per Pad, 4 x 5 1/4, Green Cycle",1,0.0002,0.3333,417.42
"TOPS ""Important Message"" Pads, Canary, 4-1/4 x 5-1/2, 50 Sheets per Pad",Fellowes Bankers Box Recycled Super Stor/Drawer,1,0.0002,0.3333,238.52
"TOPS ""Important Message"" Pads, Canary, 4-1/4 x 5-1/2, 50 Sheets per Pad",Fellowes Bankers Box Staxonsteel Drawer File/Stacking System,1,0.0002,0.3333,208.71
"TOPS ""Important Message"" Pads, Canary, 4-1/4 x 5-1/2, 50 Sheets per Pad","Adams Phone Message Book, 200 Message Capacity, 8 1/16 x 11",1,0.0002,0.3333,208.71
"TOPS ""Important Message"" Pads, Canary, 4-1/4 x 5-1/2, 50 Sheets per Pad",Advantus Push Pins,1,0.0002,0.3333,238.52
"TOPS ""Important Message"" Pads, Canary, 4-1/4 x 5-1/2, 50 Sheets per Pad",Apple iPhone 5,1,0.0002,0.3333,278.28
"TOPS 4 x 6 Fluorescent Color Memo Sheets, 500 Sheets per Pack",Canon PC-428 Personal Copier,1,0.0002,0.3333,278.28
"TOPS 4 x 6 Fluorescent Color Memo Sheets, 500 Sheets per Pack",Ibico Plastic Spiral Binding Combs,1,0.0002,0.3333,128.44
"TOPS 4 x 6 Fluorescent Color Memo Sheets, 500 Sheets per Pack",Durable Pressboard Binders,1,0.0002,0.3333,834.83
"TOPS 4 x 6 Fluorescent Color Memo Sheets, 500 Sheets per Pack","O'Sullivan Elevations Bookcase, Cherry Finish",1,0.0002,0.3333,333.93
"TOPS 4 x 6 Fluorescent Color Memo Sheets, 500 Sheets per Pack",Pressboard Data Binders by Wilson Jones,1,0.0002,0.3333,208.71
"TOPS Carbonless Receipt Book, Four 2-3/4 x 7-1/4 Money Receipts per Page","GBC Standard Recycled Report Covers, Clear Plastic Sheets",1,0.0002,0.25,104.35
"TOPS Carbonless Receipt Book, Four 2-3/4 x 7-1/4 Money Receipts per Page",O'Sullivan 4-Shelf Bookcase in Odessa Pine,1,0.0002,0.25,178.89
"TOPS Carbonless Receipt Book, Four 2-3/4 x 7-1/4 Money Receipts per Page","Tyvek  Top-Opening Peel & Seel Envelopes, Plain White",1,0.0002,0.25,178.89
"TOPS Carbonless Receipt Book, Four 2-3/4 x 7-1/4 Money Receipts per Page",Hon Non-Folding Utility Tables,1,0.0002,0.25,250.45
"TOPS Carbonless Receipt Book, Four 2-3/4 x 7-1/4 Money Receipts per Page",Insertable Tab Indexes For Data Binders,1,0.0002,0.25,250.45
"TOPS Money Receipt Book, Consecutively Numbered in Red,",GBC DocuBind P400 Electric Binding System,1,0.0002,0.5,417.42
"TOPS Money Receipt Book, Consecutively Numbered in Red,",Office Star Flex Back Scooter Chair with Aluminum Finish Frame,1,0.0002,0.5,417.42
"TOPS Voice Message Log Book, Flash Format",Apple EarPods with Remote and Mic,1,0.0002,0.3333,417.42
"TOPS Voice Message Log Book, Flash Format",Angle-D Ring Binders,1,0.0002,0.3333,278.28
"TOPS Voice Message Log Book, Flash Format",Boston 1730 StandUp Electric Pencil Sharpener,1,0.0002,0.3333,556.56
"TOPS Voice Message Log Book, Flash Format",Safco Contoured Stacking Chairs,1,0.0002,0.3333,208.71
"TRENDnet 56K USB 2.0 Phone, Internet and Fax Modem",Kingston Digital DataTraveler 16GB USB 2.0,1,0.0002,0.2,77.06
"TRENDnet 56K USB 2.0 Phone, Internet and Fax Modem",Sterilite Officeware Hinged File Box,1,0.0002,0.2,91.07
"TRENDnet 56K USB 2.0 Phone, Internet and Fax Modem","Boston School Pro Electric Pencil Sharpener, 1670",1,0.0002,0.2,143.11
"TRENDnet 56K USB 2.0 Phone, Internet and Fax Modem",GBC Plastic Binding Combs,1,0.0002,0.2,100.18
"TRENDnet 56K USB 2.0 Phone, Internet and Fax Modem","GBC Standard Recycled Report Covers, Clear Plastic Sheets",1,0.0002,0.2,83.48
"Telephone Message Books with Fax/Mobile Section, 4 1/4"" x 6""","Dixon Ticonderoga Maple Cedar Pencil, #2",1,0.0002,0.3333,556.56
"Telephone Message Books with Fax/Mobile Section, 4 1/4"" x 6""",DIXON Oriole Pencils,1,0.0002,0.3333,278.28
"Telephone Message Books with Fax/Mobile Section, 4 1/4"" x 6""",GBC Recycled VeloBinder Covers,1,0.0002,0.3333,208.71
"Telephone Message Books with Fax/Mobile Section, 4 1/4"" x 6""",Wilson Jones Active Use Binders,1,0.0002,0.3333,278.28
"Telephone Message Books with Fax/Mobile Section, 4 1/4"" x 6""",Avery 52,1,0.0002,0.3333,278.28
"Telephone Message Books with Fax/Mobile Section, 5 1/2"" x 3 3/16""",Anker 36W 4-Port USB Wall Charger Travel Power Adapter for iPhone 5s 5c 5,1,0.0002,0.1667,139.14
"Telephone Message Books with Fax/Mobile Section, 5 1/2"" x 3 3/16""",Staples,1,0.0002,0.1667,3.76
"Telephone Message Books with Fax/Mobile Section, 5 1/2"" x 3 3/16""",9-3/4 Diameter Round Wall Clock,1,0.0002,0.1667,104.35
"Telephone Message Books with Fax/Mobile Section, 5 1/2"" x 3 3/16""",Weyerhaeuser First Choice Laser/Copy Paper (20Lb. and 88 Bright),1,0.0002,0.1667,166.97
"Telephone Message Books with Fax/Mobile Section, 5 1/2"" x 3 3/16""",Wilson Jones Turn Tabs Binder Tool for Ring Binders,1,0.0002,0.1667,64.22
Telescoping Adjustable Floor Lamp,Panasonic KP-150 Electric Pencil Sharpener,1,0.0002,0.1667,208.71
Telescoping Adjustable Floor Lamp,Newell 348,1,0.0002,0.1667,139.14
Telescoping Adjustable Floor Lamp,Safco Commercial Shelving,1,0.0002,0.1667,166.97
Telescoping Adjustable Floor Lamp,Xerox 1927,1,0.0002,0.1667,166.97
Telescoping Adjustable Floor Lamp,Innergie mMini Combo Duo USB Travel Charging Kit,1,0.0002,0.1667,139.14
"Tenex ""The Solids"" Textured Chair Mats",Global Deluxe Office Fabric Chairs,1,0.0002,0.1429,119.26
"Tenex ""The Solids"" Textured Chair Mats",Jabra SPEAK 410,1,0.0002,0.1429,79.51
"Tenex ""The Solids"" Textured Chair Mats","Wilson Jones Hanging View Binder, White, 1""",1,0.0002,0.1429,102.22
"Tenex ""The Solids"" Textured Chair Mats",Array Memo Cubes,1,0.0002,0.1429,238.52
"Tenex ""The Solids"" Textured Chair Mats",Avery Non-Stick Binders,1,0.0002,0.1429,35.78
"Tenex 46"" x 60"" Computer Anti-Static Chairmat, Rectangular Shaped",Newell 310,1,0.0002,0.1429,102.22
"Tenex 46"" x 60"" Computer Anti-Static Chairmat, Rectangular Shaped","Howard Miller 13-1/2"" Diameter Rosebrook Wall Clock",1,0.0002,0.1429,143.11
"Tenex 46"" x 60"" Computer Anti-Static Chairmat, Rectangular Shaped","Avery Durable Plastic 1"" Binders",1,0.0002,0.1429,102.22
"Tenex 46"" x 60"" Computer Anti-Static Chairmat, Rectangular Shaped",Avery Durable Slant Ring Binders With Label Holder,1,0.0002,0.1429,79.51
"Tenex 46"" x 60"" Computer Anti-Static Chairmat, Rectangular Shaped",Cisco IP Phone 7961G-GE VoIP phone,1,0.0002,0.1429,178.89
Tenex Antistatic Computer Chair Mats,Memorex Micro Travel Drive 32 GB,1,0.0002,0.1667,166.97
Tenex Antistatic Computer Chair Mats,Sony 16GB Class 10 Micro SDHC R40 Memory Card,1,0.0002,0.1667,208.71
Tenex Antistatic Computer Chair Mats,Tennsco Double-Tier Lockers,1,0.0002,0.1667,69.57
Tenex Antistatic Computer Chair Mats,Wilson Jones Legal Size Ring Binders,1,0.0002,0.1667,92.76
Tenex Antistatic Computer Chair Mats,Acco Perma 4000 Stacking Storage Drawers,1,0.0002,0.1667,75.89
Tenex B1-RE Series Chair Mats for Low Pile Carpets,C-Line Cubicle Keepers Polyproplyene Holder With Velcro Backings,1,0.0002,0.1429,89.45
Tenex B1-RE Series Chair Mats for Low Pile Carpets,Xerox 194,1,0.0002,0.1429,178.89
Tenex B1-RE Series Chair Mats for Low Pile Carpets,Xerox 211,1,0.0002,0.1429,178.89
Tenex B1-RE Series Chair Mats for Low Pile Carpets,Chromcraft Round Conference Tables,1,0.0002,0.1429,55.04
Tenex B1-RE Series Chair Mats for Low Pile Carpets,"GBC Standard Recycled Report Covers, Clear Plastic Sheets",1,0.0002,0.1429,59.63
"Tenex Carpeted, Granite-Look or Clear Contemporary Contour Shape Chair Mats",Xerox 224,1,0.0002,0.2,166.97
"Tenex Carpeted, Granite-Look or Clear Contemporary Contour Shape Chair Mats","Holmes Cool Mist Humidifier for the Whole House with 8-Gallon Output per Day, Extended Life Filter",1,0.0002,0.2,250.45
"Tenex Carpeted, Granite-Look or Clear Contemporary Contour Shape Chair Mats",Avery 481,1,0.0002,0.2,200.36
"Tenex Carpeted, Granite-Look or Clear Contemporary Contour Shape Chair Mats",Fellowes Superior 10 Outlet Split Surge Protector,1,0.0002,0.2,111.31
"Tenex Carpeted, Granite-Look or Clear Contemporary Contour Shape Chair Mats",Fluorescent Highlighters by Dixon,1,0.0002,0.2,200.36
"Tenex Chairmat w/ Average Lip, 45"" x 53""","3M Polarizing Task Lamp with Clamp Arm, Light Gray",1,0.0002,0.25,313.06
"Tenex Chairmat w/ Average Lip, 45"" x 53""",Microsoft Natural Ergonomic Keyboard 4000,1,0.0002,0.25,250.45
"Tenex Chairmat w/ Average Lip, 45"" x 53""","Eldon Image Series Desk Accessories, Ebony",1,0.0002,0.25,250.45
Tenex Chairmats For Use With Carpeted Floors,Vtech CS6719,1,0.0002,0.25,178.89
Tenex Chairmats For Use With Carpeted Floors,"#10- 4 1/8"" x 9 1/2"" Security-Tint Envelopes",1,0.0002,0.25,156.53
Tenex Chairmats For Use With Carpeted Floors,"Sauder Facets Collection Locker/File Cabinet, Sky Alder Finish",1,0.0002,0.25,626.12
Tenex Chairmats For Use With Carpeted Floors,Xerox 1886,1,0.0002,0.25,250.45
Tenex Chairmats For Use with Hard Floors,Acco D-Ring Binder w/DublLock,1,0.0002,0.1667,92.76
Tenex Chairmats For Use with Hard Floors,Global Commerce Series High-Back Swivel/Tilt Chairs,1,0.0002,0.1667,92.76
Tenex Chairmats For Use with Hard Floors,Avery Recycled Flexi-View Covers for Binding Systems,1,0.0002,0.1667,119.26
Tenex Chairmats For Use with Hard Floors,Canon PC170 Desktop Personal Copier,1,0.0002,0.1667,417.42
Tenex Chairmats For Use with Hard Floors,Fellowes Recycled Storage Drawers,1,0.0002,0.1667,278.28
"Tenex Contemporary Contur Chairmats for Low and Medium Pile Carpet, Computer, 39"" x 49""",Logitech 910-002974 M325 Wireless Mouse for Web Scrolling,1,0.0002,0.25,83.48
"Tenex Contemporary Contur Chairmats for Low and Medium Pile Carpet, Computer, 39"" x 49""",Logitech G19 Programmable Gaming Keyboard,1,0.0002,0.25,156.53
"Tenex Contemporary Contur Chairmats for Low and Medium Pile Carpet, Computer, 39"" x 49""",Newell 311,1,0.0002,0.25,156.53
"Tenex Contemporary Contur Chairmats for Low and Medium Pile Carpet, Computer, 39"" x 49""",Razer Tiamat Over Ear 7.1 Surround Sound PC Gaming Headset,1,0.0002,0.25,178.89
"Tenex Contemporary Contur Chairmats for Low and Medium Pile Carpet, Computer, 39"" x 49""",Bretford Rectangular Conference Table Tops,1,0.0002,0.25,104.35
"Tenex File Box, Personal Filing Tote with Lid, Black",Adjustable Personal File Tote,1,0.0002,0.1429,143.11
"Tenex File Box, Personal Filing Tote with Lid, Black",Imation Secure+ Hardware Encrypted USB 2.0 Flash Drive; 16GB,1,0.0002,0.1429,143.11
"Tenex File Box, Personal Filing Tote with Lid, Black","Boston Electric Pencil Sharpener, Model 1818, Charcoal Black",1,0.0002,0.1429,89.45
"Tenex File Box, Personal Filing Tote with Lid, Black",Eldon Simplefile Box Office,1,0.0002,0.1429,89.45
"Tenex File Box, Personal Filing Tote with Lid, Black",Portable Personal File Box,1,0.0002,0.1429,119.26
"Tenex Personal Filing Tote With Secure Closure Lid, Black/Frost","BIC Brite Liner Grip Highlighters, Assorted, 5/Pack",1,0.0002,0.2,166.97
"Tenex Personal Filing Tote With Secure Closure Lid, Black/Frost",Barrel Sharpener,1,0.0002,0.2,250.45
"Tenex Personal Filing Tote With Secure Closure Lid, Black/Frost",Plantronics Encore H101 Dual Earpieces Headset,1,0.0002,0.2,143.11
"Tenex Personal Filing Tote With Secure Closure Lid, Black/Frost",Self-Adhesive Removable Labels,1,0.0002,0.2,143.11
"Tenex Personal Project File with Scoop Front Design, Black",Southworth 25% Cotton Antique Laid Paper & Envelopes,1,0.0002,0.1,100.18
"Tenex Personal Project File with Scoop Front Design, Black",Xerox 1883,1,0.0002,0.1,71.56
"Tenex Personal Project File with Scoop Front Design, Black",Hon GuestStacker Chair,1,0.0002,0.1,55.66
"Tenex Personal Project File with Scoop Front Design, Black",Lenovo 17-Key USB Numeric Keypad,1,0.0002,0.1,100.18
"Tenex Personal Project File with Scoop Front Design, Black",Xerox 1910,1,0.0002,0.1,100.18
"Tenex Personal Self-Stacking Standard File Box, Black/Gray",KeyTronic KT800P2 - Keyboard - Black,1,0.0002,0.2,333.93
"Tenex Personal Self-Stacking Standard File Box, Black/Gray",GBC Recycled Regency Composition Covers,1,0.0002,0.2,166.97
"Tenex Personal Self-Stacking Standard File Box, Black/Gray",Xerox 1915,1,0.0002,0.2,111.31
"Tenex Personal Self-Stacking Standard File Box, Black/Gray","Black Print Carbonless Snap-Off Rapid Letter, 8 1/2"" x 7""",1,0.0002,0.2,250.45
"Tenex Personal Self-Stacking Standard File Box, Black/Gray",Letter Size Cart,1,0.0002,0.2,125.22
"Tenex Traditional Chairmats for Hard Floors, Average Lip, 36"" x 48""",Avery 501,1,0.0002,0.5,313.06
"Tenex Traditional Chairmats for Hard Floors, Average Lip, 36"" x 48""",Storex Dura Pro Binders,1,0.0002,0.5,147.32
"Tenex Traditional Chairmats for Hard Floors, Average Lip, 36"" x 48""",Xerox 1988,1,0.0002,0.5,278.28
"Tenex Traditional Chairmats for Hard Floors, Average Lip, 36"" x 48""",Akro-Mils 12-Gallon Tote,1,0.0002,0.5,626.12
"Tenex Traditional Chairmats for Hard Floors, Average Lip, 36"" x 48""",Xerox 1968,1,0.0002,0.5,500.9
"Tenex Traditional Chairmats for Medium Pile Carpet, Standard Lip, 36"" x 48""",GuestStacker Chair with Chrome Finish Legs,1,0.0002,0.1667,104.35
"Tenex Traditional Chairmats for Medium Pile Carpet, Standard Lip, 36"" x 48""",Kensington 6 Outlet MasterPiece HOMEOFFICE Power Control Center,1,0.0002,0.1667,417.42
"Tenex Traditional Chairmats for Medium Pile Carpet, Standard Lip, 36"" x 48""",Aastra 57i VoIP phone,1,0.0002,0.1667,119.26
"Tenex Traditional Chairmats for Medium Pile Carpet, Standard Lip, 36"" x 48""",Staples,1,0.0002,0.1667,3.76
"Tenex Traditional Chairmats for Medium Pile Carpet, Standard Lip, 36"" x 48""",High-Back Leather Manager's Chair,1,0.0002,0.1667,92.76
"Tenex V2T-RE Standard Weight Series Chair Mat, 45"" x 53"", Lip 25"" x 12""",Cush Cases Heavy Duty Rugged Cover Case for Samsung Galaxy S5 - Purple,1,0.0002,0.3333,278.28
"Tenex V2T-RE Standard Weight Series Chair Mat, 45"" x 53"", Lip 25"" x 12""",Harbour Creations 67200 Series Stacking Chairs,1,0.0002,0.3333,208.71
"Tenex V2T-RE Standard Weight Series Chair Mat, 45"" x 53"", Lip 25"" x 12""",Memorex Micro Travel Drive 8 GB,1,0.0002,0.3333,208.71
"Tenex V2T-RE Standard Weight Series Chair Mat, 45"" x 53"", Lip 25"" x 12""",Samsung Galaxy Mega 6.3,1,0.0002,0.3333,278.28
"Tenex V2T-RE Standard Weight Series Chair Mat, 45"" x 53"", Lip 25"" x 12""",Xerox 1978,1,0.0002,0.3333,208.71
Tennsco 16-Compartment Lockers with Coat Rack,Cisco SPA301,1,0.0002,0.2,111.31
Tennsco 16-Compartment Lockers with Coat Rack,Fellowes High-Stak Drawer Files,1,0.0002,0.2,125.22
Tennsco 16-Compartment Lockers with Coat Rack,GBC Standard Plastic Binding Systems' Combs,1,0.0002,0.2,125.22
Tennsco 16-Compartment Lockers with Coat Rack,Hon 2090 Pillow Soft Series Mid Back Swivel/Tilt Chairs,1,0.0002,0.2,166.97
Tennsco 16-Compartment Lockers with Coat Rack,"Hunt PowerHouse Electric Pencil Sharpener, Blue",1,0.0002,0.2,100.18
Tennsco 6- and 18-Compartment Lockers,Advantus Motivational Note Cards,1,0.0002,0.0909,91.07
Tennsco 6- and 18-Compartment Lockers,Global Italian Leather Office Chair,1,0.0002,0.0909,227.68
Tennsco 6- and 18-Compartment Lockers,Xerox 1913,1,0.0002,0.0909,91.07
Tennsco 6- and 18-Compartment Lockers,Acco Perma 3000 Stacking Storage Drawers,1,0.0002,0.0909,75.89
Tennsco 6- and 18-Compartment Lockers,Computer Printout Paper with Letter-Trim Perforations,1,0.0002,0.0909,65.05
Tennsco Commercial Shelving,"File Shuttle II and Handi-File, Black",1,0.0002,0.1111,79.51
Tennsco Commercial Shelving,GBC Plasticlear Binding Covers,1,0.0002,0.1111,79.51
Tennsco Commercial Shelving,"Situations Contoured Folding Chairs, 4/Set",1,0.0002,0.1111,37.1
Tennsco Commercial Shelving,Translucent Push Pins by OIC,1,0.0002,0.1111,185.52
Tennsco Commercial Shelving,Wireless Extenders zBoost YX545 SOHO Signal Booster,1,0.0002,0.1111,79.51
Tennsco Double-Tier Lockers,Memorex Micro Travel Drive 32 GB,1,0.0002,0.0833,83.48
Tennsco Double-Tier Lockers,Sony 16GB Class 10 Micro SDHC R40 Memory Card,1,0.0002,0.0833,104.35
Tennsco Double-Tier Lockers,Tenex Antistatic Computer Chair Mats,1,0.0002,0.0833,69.57
Tennsco Double-Tier Lockers,Wilson Jones Legal Size Ring Binders,1,0.0002,0.0833,46.38
Tennsco Double-Tier Lockers,Avery 510,1,0.0002,0.0833,139.14
Tennsco Industrial Shelving,Logitech VX Revolution Cordless Laser Mouse for Notebooks (Black),2,0.000399,0.2222,222.62
Tennsco Industrial Shelving,Xerox 1920,1,0.0002,0.1111,139.14
Tennsco Industrial Shelving,Xerox 211,1,0.0002,0.1111,139.14
Tennsco Industrial Shelving,Bush Advantage Collection Round Conference Table,1,0.0002,0.1111,139.14
Tennsco Industrial Shelving,Global Troy Executive Leather Low-Back Tilter,1,0.0002,0.1111,61.84
"Tennsco Lockers, Gray","Acco Clips to Go Binder Clips, 24 Clips in Two Sizes",1,0.0002,0.1667,166.97
"Tennsco Lockers, Gray",Artistic Insta-Plaque,1,0.0002,0.1667,278.28
"Tennsco Lockers, Gray",Belkin QODE FastFit Bluetooth Keyboard,1,0.0002,0.1667,417.42
"Tennsco Lockers, Gray",GBC Ibimaster 500 Manual ProClick Binding System,1,0.0002,0.1667,92.76
"Tennsco Lockers, Gray",KI Conference Tables,1,0.0002,0.1667,104.35
"Tennsco Lockers, Sand",#6 3/4 Gummed Flap White Envelopes,1,0.0002,0.2,250.45
"Tennsco Lockers, Sand",Accohide Poly Flexible Ring Binders,1,0.0002,0.2,125.22
"Tennsco Lockers, Sand","Avery 4027 File Folder Labels for Dot Matrix Printers, 5000 Labels per Box, White",1,0.0002,0.2,91.07
"Tennsco Lockers, Sand",Newell 347,1,0.0002,0.2,143.11
"Tennsco Lockers, Sand",Aluminum Screw Posts,1,0.0002,0.2,91.07
Tennsco Regal Shelving Units,Staples,2,0.000399,0.5,11.28
Tennsco Regal Shelving Units,"Avery Framed View Binder, EZD Ring (Locking), Navy, 1 1/2""",1,0.0002,0.25,208.71
Tennsco Regal Shelving Units,"Fellowes Twister Kit, Gray/Clear, 3/pkg",1,0.0002,0.25,125.22
Tennsco Regal Shelving Units,"Letter/Legal File Tote with Clear Snap-On Lid, Black Granite",1,0.0002,0.25,313.06
Tennsco Regal Shelving Units,Maxell LTO Ultrium - 800 GB,1,0.0002,0.25,156.53
Tennsco Single-Tier Lockers,"Hon 30"" x 60"" Table with Locking Drawer",1,0.0002,0.125,208.71
Tennsco Single-Tier Lockers,Hon 4060 Series Tables,1,0.0002,0.125,156.53
Tennsco Single-Tier Lockers,Nontoxic Chalk,1,0.0002,0.125,78.27
Tennsco Single-Tier Lockers,"Permanent Self-Adhesive File Folder Labels for Typewriters, 1 1/8 x 3 1/2, White",1,0.0002,0.125,104.35
Tennsco Single-Tier Lockers,Southworth Parchment Paper & Envelopes,1,0.0002,0.125,104.35
"Tennsco Snap-Together Open Shelving Units, Starter Sets and Add-On Units","Green Canvas Binder for 8-1/2"" x 14"" Sheets",1,0.0002,0.1667,166.97
"Tennsco Snap-Together Open Shelving Units, Starter Sets and Add-On Units","Sauder Camden County Collection Libraries, Planked Cherry Finish",1,0.0002,0.1667,119.26
"Tennsco Snap-Together Open Shelving Units, Starter Sets and Add-On Units",Memorex Mini Travel Drive 8 GB USB 2.0 Flash Drive,1,0.0002,0.1667,166.97
"Tennsco Snap-Together Open Shelving Units, Starter Sets and Add-On Units",UniKeep View Case Binders,1,0.0002,0.1667,166.97
"Tennsco Snap-Together Open Shelving Units, Starter Sets and Add-On Units",Computer Printout Paper with Letter-Trim Perforations,1,0.0002,0.1667,119.26
"Tennsco Stur-D-Stor Boltless Shelving, 5 Shelves, 24"" Deep, Sand",Hon Olson Stacker Chairs,1,0.0002,0.1429,178.89
"Tennsco Stur-D-Stor Boltless Shelving, 5 Shelves, 24"" Deep, Sand",Staples,1,0.0002,0.1429,3.22
"Tennsco Stur-D-Stor Boltless Shelving, 5 Shelves, 24"" Deep, Sand",Xerox 19,1,0.0002,0.1429,178.89
"Tennsco Stur-D-Stor Boltless Shelving, 5 Shelves, 24"" Deep, Sand",Euro-Pro Shark Turbo Vacuum,1,0.0002,0.1429,119.26
"Tennsco Stur-D-Stor Boltless Shelving, 5 Shelves, 24"" Deep, Sand",Hon 4070 Series Pagoda Round Back Stacking Chairs,1,0.0002,0.1429,102.22
"Tensor ""Hersey Kiss"" Styled Floor Lamp",Ideal Clamps,1,0.0002,0.3333,208.71
"Tensor ""Hersey Kiss"" Styled Floor Lamp",Novimex Swivel Fabric Task Chair,1,0.0002,0.3333,208.71
"Tensor ""Hersey Kiss"" Styled Floor Lamp",Hon Non-Folding Utility Tables,1,0.0002,0.3333,333.93
"Tensor ""Hersey Kiss"" Styled Floor Lamp",Logitech G35 7.1-Channel Surround Sound Headset,1,0.0002,0.3333,278.28
"Tensor ""Hersey Kiss"" Styled Floor Lamp","Rush Hierlooms Collection 1"" Thick Stackable Bookcases",1,0.0002,0.3333,417.42
Tensor Brushed Steel Torchiere Floor Lamp,Apple iPhone 5S,1,0.0002,0.25,313.06
Tensor Brushed Steel Torchiere Floor Lamp,Maxell 4.7GB DVD+R 5/Pack,1,0.0002,0.25,250.45
Tensor Brushed Steel Torchiere Floor Lamp,LG G3,1,0.0002,0.25,313.06
Tensor Brushed Steel Torchiere Floor Lamp,SanDisk Ultra 32 GB MicroSDHC Class 10 Memory Card,1,0.0002,0.25,113.84
Tensor Computer Mounted Lamp,Avery 499,1,0.0002,0.125,56.92
Tensor Computer Mounted Lamp,Apple iPhone 5S,1,0.0002,0.125,156.53
Tensor Computer Mounted Lamp,Hon 2090 Pillow Soft Series Mid Back Swivel/Tilt Chairs,1,0.0002,0.125,104.35
Tensor Computer Mounted Lamp,Logitech Illuminated Ultrathin Keyboard with Backlighting,1,0.0002,0.125,626.12
Tensor Computer Mounted Lamp,Mobile Personal File Cube,1,0.0002,0.125,125.22
Tensor Track Tree Floor Lamp,"BOSTON Ranger #55 Pencil Sharpener, Black",1,0.0002,0.25,139.14
Tensor Track Tree Floor Lamp,Griffin GC36547 PowerJolt SE Lightning Charger,1,0.0002,0.25,417.42
Tensor Track Tree Floor Lamp,iOttie HLCRIO102 Car Mount,1,0.0002,0.25,250.45
Tensor Track Tree Floor Lamp,36X48 HARDFLOOR CHAIRMAT,1,0.0002,0.25,208.71
Tensor Track Tree Floor Lamp,Hunt Boston Vacuum Mount KS Pencil Sharpener,1,0.0002,0.25,250.45
Texas Instrument TI-15 Fraction Calculator,"Computer Room Manger, 14""",1,0.0002,0.5,357.79
Texas Instrument TI-15 Fraction Calculator,"Global Value Steno Chair, Gray",1,0.0002,0.5,250.45
Texas Instrument TI-15 Fraction Calculator,Wilson Jones International Size A4 Ring Binders,1,0.0002,0.5,357.79
Texas Instruments TI-34 Scientific Calculator,Array Memo Cubes,1,0.0002,0.3333,556.56
Things To Do Today Pad,24-Hour Round Wall Clock,1,0.0002,0.1429,119.26
Things To Do Today Pad,Geemarc AmpliPOWER60,1,0.0002,0.1429,65.05
Things To Do Today Pad,Wilson Jones Turn Tabs Binder Tool for Ring Binders,1,0.0002,0.1429,55.04
Things To Do Today Pad,"Adams Telephone Message Book W/Dividers/Space For Phone Numbers, 5 1/4""X8 1/2"", 300/Messages",1,0.0002,0.1429,71.56
Things To Do Today Pad,Avery 49,1,0.0002,0.1429,119.26
Things To Do Today Spiral Book,Binder Clips by OIC,1,0.0002,0.3333,238.52
Tops White Computer Printout Paper,Eldon Portable Mobile Manager,1,0.0002,0.25,139.14
Tops White Computer Printout Paper,Imation Bio 8GB USB Flash Drive Imation Corp,1,0.0002,0.25,313.06
Tops White Computer Printout Paper,"Multi-Use Personal File Cart and Caster Set, Three Stacking Bins",1,0.0002,0.25,250.45
Tops White Computer Printout Paper,"White Envelopes, White Envelopes with Clear Poly Window",1,0.0002,0.25,250.45
Tops White Computer Printout Paper,Xerox 1981,1,0.0002,0.25,313.06
Tops Wirebound Message Log Books,Kensington Expert Mouse Optical USB Trackball for PC or Mac,1,0.0002,0.1667,139.14
Tops Wirebound Message Log Books,"Wilson Jones Ledger-Size, Piano-Hinge Binder, 2"", Blue",1,0.0002,0.1667,69.57
Tops Wirebound Message Log Books,Fellowes Advanced Computer Series Surge Protectors,1,0.0002,0.1667,139.14
Tops Wirebound Message Log Books,O'Sullivan Cherrywood Estates Traditional Bookcase,1,0.0002,0.1667,417.42
Tops Wirebound Message Log Books,Acco Hot Clips Clips to Go,1,0.0002,0.1667,139.14
Toshiba IPT2010-SD IP Telephone,KI Adjustable-Height Table,2,0.000399,0.25,69.57
Toshiba IPT2010-SD IP Telephone,3M Organizer Strips,1,0.0002,0.125,89.45
Toshiba IPT2010-SD IP Telephone,"Peel & Seel Recycled Catalog Envelopes, Brown",1,0.0002,0.125,104.35
Toshiba IPT2010-SD IP Telephone,Xerox 2000,1,0.0002,0.125,125.22
Toshiba IPT2010-SD IP Telephone,Advantus Plastic Paper Clips,1,0.0002,0.125,62.61
Translucent Push Pins by OIC,GBC Plasticlear Binding Covers,1,0.0002,0.3333,238.52
Translucent Push Pins by OIC,"Situations Contoured Folding Chairs, 4/Set",1,0.0002,0.3333,111.31
Translucent Push Pins by OIC,Tennsco Commercial Shelving,1,0.0002,0.3333,185.52
Translucent Push Pins by OIC,Wireless Extenders zBoost YX545 SOHO Signal Booster,1,0.0002,0.3333,238.52
Translucent Push Pins by OIC,"Avery 4027 File Folder Labels for Dot Matrix Printers, 5000 Labels per Box, White",1,0.0002,0.3333,151.79
"Trav-L-File Heavy-Duty Shuttle II, Black",Canon imageCLASS MF7460 Monochrome Digital Laser Multifunction Copier,1,0.0002,0.1429,715.57
"Trav-L-File Heavy-Duty Shuttle II, Black",DMI Arturo Collection Mission-style Design Wood Chair,1,0.0002,0.1429,65.05
"Trav-L-File Heavy-Duty Shuttle II, Black",NETGEAR N750 Dual Band Wi-Fi Gigabit Router,1,0.0002,0.1429,102.22
"Trav-L-File Heavy-Duty Shuttle II, Black",Panasonic Kx-TS550,1,0.0002,0.1429,102.22
"Trav-L-File Heavy-Duty Shuttle II, Black","Contract Clock, 14"", Brown",1,0.0002,0.1429,143.11
Trimflex Flexible Post Binders,Brother DCP1000 Digital 3 in 1 Multifunction Machine,1,0.0002,0.25,178.89
Trimflex Flexible Post Binders,Ibico EB-19 Dual Function Manual Binding System,1,0.0002,0.25,156.53
Trimflex Flexible Post Binders,Revere Boxed Rubber Bands by Revere,1,0.0002,0.25,208.71
Trimflex Flexible Post Binders,Stacking Trays by OIC,1,0.0002,0.25,208.71
Trimflex Flexible Post Binders,Xerox 1900,1,0.0002,0.25,178.89
Tripp Lite Isotel 6 Outlet Surge Protector with Fax/Modem Protection,"Verbatim Slim CD and DVD Storage Cases, 50/Pack",1,0.0002,0.1667,208.71
Tripp Lite Isotel 6 Outlet Surge Protector with Fax/Modem Protection,"Acme 10"" Easy Grip Assistive Scissors",1,0.0002,0.1667,104.35
Tripp Lite Isotel 6 Outlet Surge Protector with Fax/Modem Protection,"Linden 10"" Round Wall Clock, Black",1,0.0002,0.1667,139.14
Tripp Lite Isotel 6 Outlet Surge Protector with Fax/Modem Protection,Convenience Packs of Business Envelopes,1,0.0002,0.1667,139.14
Tripp Lite Isotel 8 Ultra 8 Outlet Metal Surge,Boston KS Multi-Size Manual Pencil Sharpener,1,0.0002,0.3333,238.52
Tripp Lite Isotel 8 Ultra 8 Outlet Metal Surge,Airmail Envelopes,1,0.0002,0.3333,278.28
Tripp Lite Isotel 8 Ultra 8 Outlet Metal Surge,Avery Durable Poly Binders,1,0.0002,0.3333,278.28
Tripp Lite TLP810NET Broadband Surge for Modem/Fax,Holmes 99% HEPA Air Purifier,1,0.0002,0.1667,208.71
Tripp Lite TLP810NET Broadband Surge for Modem/Fax,Sensible Storage WireTech Storage Systems,1,0.0002,0.1667,104.35
Tripp Lite TLP810NET Broadband Surge for Modem/Fax,"Wirebound Message Books, Two 4 1/4"" x 5"" Forms per Page",1,0.0002,0.1667,139.14
Tripp Lite TLP810NET Broadband Surge for Modem/Fax,Astroparche Fine Business Paper,1,0.0002,0.1667,139.14
Tripp Lite TLP810NET Broadband Surge for Modem/Fax,Avery 477,1,0.0002,0.1667,208.71
Tuf-Vin Binders,Aluminum Screw Posts,1,0.0002,0.1429,65.05
Tuf-Vin Binders,"GBC Clear Cover, 8-1/2 x 11, unpunched, 25 covers per pack",1,0.0002,0.1429,178.89
Tuf-Vin Binders,Ibico Plastic Spiral Binding Combs,1,0.0002,0.1429,55.04
Tuf-Vin Binders,"Lesro Sheffield Collection Coffee Table, End Table, Center Table, Corner Table",1,0.0002,0.1429,79.51
Tuf-Vin Binders,Wilson Electronics DB Pro Signal Booster,1,0.0002,0.1429,71.56
Tuff Stuff Recycled Round Ring Binders,Hon 5100 Series Wood Tables,1,0.0002,0.1111,79.51
Tuff Stuff Recycled Round Ring Binders,"Floodlight Indoor Halogen Bulbs, 1 Bulb per Pack, 60 Watts",1,0.0002,0.1111,92.76
Tuff Stuff Recycled Round Ring Binders,GE 2-Jack Phone Line Splitter,1,0.0002,0.1111,185.52
Tuff Stuff Recycled Round Ring Binders,Geemarc AmpliPOWER60,1,0.0002,0.1111,50.6
Tuff Stuff Recycled Round Ring Binders,"Global Push Button Manager's Chair, Indigo",1,0.0002,0.1111,61.84
Turquoise Lead Holder with Pocket Clip,"Acco PRESSTEX Data Binder with Storage Hooks, Light Blue, 9 1/2"" X 11""",1,0.0002,0.3333,333.93
Turquoise Lead Holder with Pocket Clip,"Xerox Color Copier Paper, 11"" x 17"", Ream",1,0.0002,0.3333,278.28
Turquoise Lead Holder with Pocket Clip,Panasonic Kx-TS550,1,0.0002,0.3333,238.52
Turquoise Lead Holder with Pocket Clip,Xerox 1995,1,0.0002,0.3333,278.28
"Tyvek  Top-Opening Peel & Seel  Envelopes, Gray","#10- 4 1/8"" x 9 1/2"" Recycled Envelopes",1,0.0002,0.3333,166.97
"Tyvek  Top-Opening Peel & Seel  Envelopes, Gray",Belkin F9H710-06 7 Outlet SurgeMaster Surge Protector,1,0.0002,0.3333,208.71
"Tyvek  Top-Opening Peel & Seel  Envelopes, Gray",Cardinal Slant-D Ring Binders,1,0.0002,0.3333,333.93
"Tyvek  Top-Opening Peel & Seel  Envelopes, Gray",Newell 332,1,0.0002,0.3333,333.93
"Tyvek  Top-Opening Peel & Seel  Envelopes, Gray",Xerox 1896,1,0.0002,0.3333,834.83
"Tyvek  Top-Opening Peel & Seel Envelopes, Plain White","OIC Colored Binder Clips, Assorted Sizes",1,0.0002,0.1429,102.22
"Tyvek  Top-Opening Peel & Seel Envelopes, Plain White","Redi-Strip #10 Envelopes, 4 1/8 x 9 1/2",1,0.0002,0.1429,102.22
"Tyvek  Top-Opening Peel & Seel Envelopes, Plain White",Xerox 1921,1,0.0002,0.1429,238.52
"Tyvek  Top-Opening Peel & Seel Envelopes, Plain White","GBC Standard Recycled Report Covers, Clear Plastic Sheets",1,0.0002,0.1429,59.63
"Tyvek  Top-Opening Peel & Seel Envelopes, Plain White",O'Sullivan 4-Shelf Bookcase in Odessa Pine,1,0.0002,0.1429,102.22
"Tyvek Interoffice Envelopes, 9 1/2"" x 12 1/2"", 100/Box","Angle-D Binders with Locking Rings, Label Holders",1,0.0002,0.2,100.18
"Tyvek Interoffice Envelopes, 9 1/2"" x 12 1/2"", 100/Box",Fellowes Bankers Box Stor/Drawer Steel Plus,1,0.0002,0.2,83.48
"Tyvek Interoffice Envelopes, 9 1/2"" x 12 1/2"", 100/Box",Global Comet Stacking Arm Chair,1,0.0002,0.2,200.36
"Tyvek Interoffice Envelopes, 9 1/2"" x 12 1/2"", 100/Box",Grandstream GXP1160 VoIP phone,1,0.0002,0.2,166.97
"Tyvek Interoffice Envelopes, 9 1/2"" x 12 1/2"", 100/Box",HTC One Mini,1,0.0002,0.2,250.45
Tyvek Side-Opening Peel & Seel Expanding Envelopes,Jensen SMPS-640 - speaker phone,1,0.0002,0.2,250.45
Tyvek Side-Opening Peel & Seel Expanding Envelopes,"Master Caster Door Stop, Large Brown",1,0.0002,0.2,333.93
Tyvek Side-Opening Peel & Seel Expanding Envelopes,2300 Heavy-Duty Transfer File Systems by Perma,1,0.0002,0.2,250.45
Tyvek Side-Opening Peel & Seel Expanding Envelopes,Cisco SPA 502G IP Phone,1,0.0002,0.2,200.36
Tyvek Side-Opening Peel & Seel Expanding Envelopes,Xerox 1929,1,0.0002,0.2,250.45
Ultra Commercial Grade Dual Valve Door Closer,"Belkin 19"" Center-Weighted Shelf, Gray",1,0.0002,1.0,1252.25
"Ultra Door Kickplate, 8""H x 34""W",Personal File Boxes with Fold-Down Carry Handle,1,0.0002,0.5,500.9
Ultra Door Pull Handle,Akro Stacking Bins,1,0.0002,0.1667,139.14
Ultra Door Pull Handle,Blackstonian Pencils,1,0.0002,0.1667,208.71
Ultra Door Pull Handle,Chromcraft Rectangular Conference Tables,1,0.0002,0.1667,92.76
Ultra Door Pull Handle,Cisco Unified IP Phone 7945G VoIP phone,1,0.0002,0.1667,139.14
Ultra Door Pull Handle,SpineVue Locking Slant-D Ring Binders by Cardinal,1,0.0002,0.1667,104.35
Ultra Door Push Plate,Cisco IP Phone 7961G VoIP phone - Dark gray,1,0.0002,0.1429,238.52
Ultra Door Push Plate,"Linden 10"" Round Wall Clock, Black",1,0.0002,0.1429,119.26
Ultra Door Push Plate,"Acco Pressboard Covers with Storage Hooks, 9 1/2"" x 11"", Executive Red",1,0.0002,0.1429,79.51
Ultra Door Push Plate,Eldon ClusterMat Chair Mat with Cordless Antistatic Protection,1,0.0002,0.1429,143.11
Ultra Door Push Plate,Eldon Fold 'N Roll Cart System,1,0.0002,0.1429,143.11
UniKeep View Case Binders,"Redi-Strip #10 Envelopes, 4 1/8 x 9 1/2",1,0.0002,0.2,143.11
UniKeep View Case Binders,Memorex Mini Travel Drive 8 GB USB 2.0 Flash Drive,1,0.0002,0.2,200.36
UniKeep View Case Binders,"Tennsco Snap-Together Open Shelving Units, Starter Sets and Add-On Units",1,0.0002,0.2,166.97
UniKeep View Case Binders,Kingston Digital DataTraveler 16GB USB 2.0,1,0.0002,0.2,77.06
UniKeep View Case Binders,Xerox 1947,1,0.0002,0.2,200.36
Universal Premium White Copier/Laser Paper (20Lb. and 87 Bright),Logitech G13 Programmable Gameboard with LCD Display,1,0.0002,0.2,250.45
Universal Premium White Copier/Laser Paper (20Lb. and 87 Bright),Office Star Flex Back Scooter Chair with White Frame,1,0.0002,0.2,143.11
Universal Premium White Copier/Laser Paper (20Lb. and 87 Bright),Xerox 212,1,0.0002,0.2,143.11
Universal Premium White Copier/Laser Paper (20Lb. and 87 Bright),Home/Office Personal File Carts,1,0.0002,0.2,143.11
Universal Premium White Copier/Laser Paper (20Lb. and 87 Bright),Belkin 7 Outlet SurgeMaster II,1,0.0002,0.2,333.93
"Universal Recycled Hanging Pressboard Report Binders, Letter Size","Boston Electric Pencil Sharpener, Model 1818, Charcoal Black",1,0.0002,0.2,125.22
"Universal Recycled Hanging Pressboard Report Binders, Letter Size",Classic Ivory Antique Telephone ZL1810,1,0.0002,0.2,500.9
"Universal Recycled Hanging Pressboard Report Binders, Letter Size",GBC DocuBind TL300 Electric Binding System,1,0.0002,0.2,91.07
"Universal Recycled Hanging Pressboard Report Binders, Letter Size",Geemarc AmpliPOWER60,1,0.0002,0.2,91.07
"Universal Recycled Hanging Pressboard Report Binders, Letter Size","Wirebound Message Book, 4 per Page",1,0.0002,0.2,143.11
"Universal Ultra Bright White Copier/Laser Paper, 8 1/2"" x 11"", Ream",Avery Durable Slant Ring Binders,1,0.0002,1.0,1001.8
"Universal Ultra Bright White Copier/Laser Paper, 8 1/2"" x 11"", Ream","Logitech B530 USB Headset - headset - Full size, Binaural",1,0.0002,1.0,500.9
Unpadded Memo Slips,Xerox 1913,1,0.0002,0.5,500.9
Unpadded Memo Slips,Xerox 1982,1,0.0002,0.5,834.83
V7 USB Numeric Keypad,Brown Kraft Recycled Envelopes,1,0.0002,0.25,250.45
V7 USB Numeric Keypad,"Boston Electric Pencil Sharpener, Model 1818, Charcoal Black",1,0.0002,0.25,156.53
VTech DS6151,AT&T CL2909,1,0.0002,0.125,208.71
VTech DS6151,Acme Softgrip Scissors,1,0.0002,0.125,156.53
VTech DS6151,Imation 8gb Micro Traveldrive Usb 2.0 Flash Drive,1,0.0002,0.125,78.27
VTech DS6151,Sauder Inglewood Library Bookcases,1,0.0002,0.125,125.22
VTech DS6151,netTALK DUO VoIP Telephone Service,1,0.0002,0.125,89.45
VariCap6 Expandable Binder,Avery 483,1,0.0002,0.3333,278.28
VariCap6 Expandable Binder,Fellowes Neat Ideas Storage Cubes,1,0.0002,0.3333,238.52
VariCap6 Expandable Binder,"Global Value Mid-Back Manager's Chair, Gray",1,0.0002,0.3333,166.97
VariCap6 Expandable Binder,"Rubbermaid ClusterMat Chairmats, Mat Size- 66"" x 60"", Lip 20"" x 11"" -90 Degree Angle",1,0.0002,0.3333,333.93
VariCap6 Expandable Binder,Wilson Jones Turn Tabs Binder Tool for Ring Binders,1,0.0002,0.3333,128.44
"Verbatim 25 GB 6x Blu-ray Single Layer Recordable Disc, 1/Pack",Xerox 1949,1,0.0002,0.3333,208.71
"Verbatim 25 GB 6x Blu-ray Single Layer Recordable Disc, 1/Pack","Acco Banker's Clasps, 5 3/4""-Long",1,0.0002,0.3333,333.93
"Verbatim 25 GB 6x Blu-ray Single Layer Recordable Disc, 1/Pack",High Speed Automatic Electric Letter Opener,1,0.0002,0.3333,556.56
"Verbatim 25 GB 6x Blu-ray Single Layer Recordable Disc, 1/Pack",Polycom VVX 310 VoIP phone,1,0.0002,0.3333,208.71
"Verbatim 25 GB 6x Blu-ray Single Layer Recordable Disc, 1/Pack","Dot Matrix Printer Tape Reel Labels, White, 5000/Box",1,0.0002,0.3333,208.71
"Verbatim 25 GB 6x Blu-ray Single Layer Recordable Disc, 10/Pack",Avery 51,1,0.0002,0.2,200.36
"Verbatim 25 GB 6x Blu-ray Single Layer Recordable Disc, 10/Pack",Strathmore Photo Mount Cards,1,0.0002,0.2,111.31
"Verbatim 25 GB 6x Blu-ray Single Layer Recordable Disc, 10/Pack",Hoover Portapower Portable Vacuum,1,0.0002,0.2,250.45
"Verbatim 25 GB 6x Blu-ray Single Layer Recordable Disc, 10/Pack","Howard Miller 13-1/2"" Diameter Rosebrook Wall Clock",1,0.0002,0.2,200.36
"Verbatim 25 GB 6x Blu-ray Single Layer Recordable Disc, 10/Pack",Ibico Hi-Tech Manual Binding System,1,0.0002,0.2,91.07
"Verbatim 25 GB 6x Blu-ray Single Layer Recordable Disc, 25/Pack","Message Book, Wirebound, Four 5 1/2"" X 4"" Forms/Pg., 200 Dupl. Sets/Book",1,0.0002,0.2,166.97
"Verbatim 25 GB 6x Blu-ray Single Layer Recordable Disc, 25/Pack",Carina Double Wide Media Storage Towers in Natural & Black,1,0.0002,0.2,83.48
"Verbatim 25 GB 6x Blu-ray Single Layer Recordable Disc, 25/Pack",XtraLife ClearVue Slant-D Ring Binders by Cardinal,1,0.0002,0.2,200.36
"Verbatim 25 GB 6x Blu-ray Single Layer Recordable Disc, 25/Pack",Wilson Jones Leather-Like Binders with DublLock Round Rings,1,0.0002,0.2,83.48
"Verbatim 25 GB 6x Blu-ray Single Layer Recordable Disc, 25/Pack",Panasonic Kx-TS550,1,0.0002,0.2,143.11
"Verbatim 25 GB 6x Blu-ray Single Layer Recordable Disc, 3/Pack",Boston 16701 Slimline Battery Pencil Sharpener,1,0.0002,0.1667,417.42
"Verbatim 25 GB 6x Blu-ray Single Layer Recordable Disc, 3/Pack",Newell 313,1,0.0002,0.1667,278.28
"Verbatim 25 GB 6x Blu-ray Single Layer Recordable Disc, 3/Pack",Plantronics Single Ear Headset,1,0.0002,0.1667,834.83
"Verbatim 25 GB 6x Blu-ray Single Layer Recordable Disc, 3/Pack",Riverleaf Stik-Withit Designer Note Cubes,1,0.0002,0.1667,166.97
"Verbatim 25 GB 6x Blu-ray Single Layer Recordable Disc, 3/Pack",Xerox 1960,1,0.0002,0.1667,139.14
"Verbatim Slim CD and DVD Storage Cases, 50/Pack",Tripp Lite Isotel 6 Outlet Surge Protector with Fax/Modem Protection,1,0.0002,0.25,208.71
"Verbatim Slim CD and DVD Storage Cases, 50/Pack",GBC Twin Loop Wire Binding Elements,1,0.0002,0.25,125.22
"Verbatim Slim CD and DVD Storage Cases, 50/Pack",Eldon Advantage Foldable Chair Mats for Low Pile Carpets,1,0.0002,0.25,417.42
"Vinyl Coated Wire Paper Clips in Organizer Box, 800/Box",Eldon ClusterMat Chair Mat with Cordless Antistatic Protection,1,0.0002,0.125,125.22
"Vinyl Coated Wire Paper Clips in Organizer Box, 800/Box",Global Deluxe Office Fabric Chairs,1,0.0002,0.125,104.35
"Vinyl Coated Wire Paper Clips in Organizer Box, 800/Box","Howard Miller 13"" Diameter Goldtone Round Wall Clock",1,0.0002,0.125,104.35
"Vinyl Coated Wire Paper Clips in Organizer Box, 800/Box",Ibico Laser Imprintable Binding System Covers,1,0.0002,0.125,78.27
"Vinyl Coated Wire Paper Clips in Organizer Box, 800/Box","Eldon Image Series Desk Accessories, Ebony",1,0.0002,0.125,125.22
Vinyl Sectional Post Binders,Avery White Multi-Purpose Labels,1,0.0002,0.0909,113.84
Vinyl Sectional Post Binders,"Black Print Carbonless 8 1/2"" x 8 1/4"" Rapid Memo Book",1,0.0002,0.0909,113.84
Vinyl Sectional Post Binders,"Iceberg OfficeWorks 42"" Round Tables",1,0.0002,0.0909,65.05
Vinyl Sectional Post Binders,Macally Suction Cup Mount,1,0.0002,0.0909,113.84
Vinyl Sectional Post Binders,Newell 312,1,0.0002,0.0909,41.4
Vtech CS6719,Ativa V4110MDD Micro-Cut Shredder,1,0.0002,0.1429,357.79
Vtech CS6719,Honeywell Enviracaire Portable HEPA Air Cleaner for 17' x 22' Room,1,0.0002,0.1429,89.45
Vtech CS6719,KI Adjustable-Height Table,1,0.0002,0.1429,39.75
Vtech CS6719,Spigen Samsung Galaxy S5 Case Wallet,1,0.0002,0.1429,143.11
Vtech CS6719,Staples,1,0.0002,0.1429,3.22
WD My Passport Ultra 1TB Portable External Hard Drive,DAX Cubicle Frames - 8x10,1,0.0002,0.1667,166.97
WD My Passport Ultra 1TB Portable External Hard Drive,Xerox 214,1,0.0002,0.1667,92.76
WD My Passport Ultra 1TB Portable External Hard Drive,"Acco Flexible ACCOHIDE Square Ring Data Binder, Dark Blue, 11 1/2"" X 14"" 7/8""",1,0.0002,0.1667,83.48
WD My Passport Ultra 1TB Portable External Hard Drive,Advantus Rolling Storage Box,1,0.0002,0.1667,83.48
WD My Passport Ultra 1TB Portable External Hard Drive,"Carina 42""Hx23 3/4""W Media Storage Unit",1,0.0002,0.1667,104.35
WD My Passport Ultra 2TB Portable External Hard Drive,Wilson Jones Hanging Recycled Pressboard Data Binders,1,0.0002,0.125,313.06
WD My Passport Ultra 2TB Portable External Hard Drive,"ACCOHIDE 3-Ring Binder, Blue, 1""",1,0.0002,0.125,48.16
WD My Passport Ultra 2TB Portable External Hard Drive,Avery 518,1,0.0002,0.125,78.27
WD My Passport Ultra 2TB Portable External Hard Drive,BIC Brite Liner Grip Highlighters,1,0.0002,0.125,125.22
WD My Passport Ultra 2TB Portable External Hard Drive,Bush Advantage Collection Racetrack Conference Table,1,0.0002,0.125,89.45
WD My Passport Ultra 500GB Portable External Hard Drive,Acme Value Line Scissors,1,0.0002,0.25,125.22
WD My Passport Ultra 500GB Portable External Hard Drive,C-Line Cubicle Keepers Polyproplyene Holder With Velcro Backings,1,0.0002,0.25,156.53
WD My Passport Ultra 500GB Portable External Hard Drive,"Holmes Replacement Filter for HEPA Air Cleaner, Medium Room",1,0.0002,0.25,313.06
WD My Passport Ultra 500GB Portable External Hard Drive,Logitech Wireless Performance Mouse MX for PC and Mac,1,0.0002,0.25,178.89
WD My Passport Ultra 500GB Portable External Hard Drive,Memorex Mini Travel Drive 64 GB USB 2.0 Flash Drive,1,0.0002,0.25,208.71
Wasp CCD Handheld Bar Code Reader,"#10- 4 1/8"" x 9 1/2"" Recycled Envelopes",1,0.0002,1.0,500.9
Wasp CCD Handheld Bar Code Reader,Avery 499,1,0.0002,1.0,455.36
Wausau Papers Astrobrights Colored Envelopes,"Global Armless Task Chair, Royal Blue",1,0.0002,0.3333,208.71
Wausau Papers Astrobrights Colored Envelopes,Wilson SignalBoost 841262 DB PRO Amplifier Kit,1,0.0002,0.3333,278.28
Westinghouse Clip-On Gooseneck Lamps,HON 5400 Series Task Chairs for Big and Tall,1,0.0002,0.1111,69.57
Westinghouse Clip-On Gooseneck Lamps,Letter Size Cart,1,0.0002,0.1111,69.57
Westinghouse Clip-On Gooseneck Lamps,Harmony Air Purifier,1,0.0002,0.1111,111.31
Westinghouse Clip-On Gooseneck Lamps,Fellowes Desktop Hanging File Manager,1,0.0002,0.1111,139.14
Westinghouse Clip-On Gooseneck Lamps,Jabra SPEAK 410,1,0.0002,0.1111,61.84
"Westinghouse Floor Lamp with Metal Mesh Shade, Black",Xerox 214,1,0.0002,0.25,139.14
"Westinghouse Floor Lamp with Metal Mesh Shade, Black",Xerox 1883,1,0.0002,0.25,178.89
"Westinghouse Floor Lamp with Metal Mesh Shade, Black",Avanti 4.4 Cu. Ft. Refrigerator,1,0.0002,0.25,178.89
"Westinghouse Floor Lamp with Metal Mesh Shade, Black",Cisco Unified IP Phone 7945G VoIP phone,1,0.0002,0.25,208.71
"Westinghouse Floor Lamp with Metal Mesh Shade, Black",Seidio BD2-HK3IPH5-BK DILEX Case and Holster Combo for Apple iPhone 5/5s - Black,1,0.0002,0.25,417.42
"Westinghouse Mesh Shade Clip-On Gooseneck Lamp, Black",High Speed Automatic Electric Letter Opener,1,0.0002,0.5,834.83
"Westinghouse Mesh Shade Clip-On Gooseneck Lamp, Black",Crate-A-Files,1,0.0002,0.5,357.79
Weyerhaeuser First Choice Laser/Copy Paper (20Lb. and 88 Bright),Hoover Commercial Soft Guard Upright Vacuum And Disposable Filtration Bags,1,0.0002,0.2,250.45
Weyerhaeuser First Choice Laser/Copy Paper (20Lb. and 88 Bright),SAFCO Arco Folding Chair,1,0.0002,0.2,77.06
Weyerhaeuser First Choice Laser/Copy Paper (20Lb. and 88 Bright),Avery 506,1,0.0002,0.2,333.93
Weyerhaeuser First Choice Laser/Copy Paper (20Lb. and 88 Bright),Avery 518,1,0.0002,0.2,125.22
Weyerhaeuser First Choice Laser/Copy Paper (20Lb. and 88 Bright),Fellowes Super Stor/Drawer,1,0.0002,0.2,250.45
"While You Were Out Pads, 50 per Pad, 4 x 5 1/4, Green Cycle",Staples,1,0.0002,0.25,5.64
"While You Were Out Pads, 50 per Pad, 4 x 5 1/4, Green Cycle","Executive Impressions 14"" Two-Color Numerals Wall Clock",1,0.0002,0.25,208.71
"While You Were Out Pads, 50 per Pad, 4 x 5 1/4, Green Cycle",Ibico Standard Transparent Covers,1,0.0002,0.25,125.22
"While You Were Out Pads, 50 per Pad, 4 x 5 1/4, Green Cycle",OIC Bulk Pack Metal Binder Clips,1,0.0002,0.25,156.53
"While You Were Out Pads, 50 per Pad, 4 x 5 1/4, Green Cycle",Stanley Bostitch Contemporary Electric Pencil Sharpeners,1,0.0002,0.25,178.89
"White Business Envelopes with Contemporary Seam, Recycled White Business Envelopes","Adams ""While You Were Out"" Message Pads",1,0.0002,0.1667,166.97
"White Business Envelopes with Contemporary Seam, Recycled White Business Envelopes","Eldon Base for stackable storage shelf, platinum",1,0.0002,0.1667,119.26
"White Business Envelopes with Contemporary Seam, Recycled White Business Envelopes","Bevis Round Conference Table Top, X-Base",1,0.0002,0.1667,139.14
"White Business Envelopes with Contemporary Seam, Recycled White Business Envelopes",Maxell 4.7GB DVD-R,1,0.0002,0.1667,75.89
"White Business Envelopes with Contemporary Seam, Recycled White Business Envelopes",SAFCO Folding Chair Trolley,1,0.0002,0.1667,278.28
White Computer Printout Paper by Universal,Avery 48,1,0.0002,0.125,208.71
White Computer Printout Paper by Universal,"Dual Level, Single-Width Filing Carts",1,0.0002,0.125,69.57
White Computer Printout Paper by Universal,"Seth Thomas 14"" Putty-Colored Wall Clock",1,0.0002,0.125,156.53
White Computer Printout Paper by Universal,Economy Rollaway Files,1,0.0002,0.125,89.45
White Computer Printout Paper by Universal,Recycled Easel Ring Binders,1,0.0002,0.125,69.57
"White Dual Perf Computer Printout Paper, 2700 Sheets, 1 Part, Heavyweight, 20 lbs., 14 7/8 x 11",3M Polarizing Light Filter Sleeves,1,0.0002,0.1667,208.71
"White Dual Perf Computer Printout Paper, 2700 Sheets, 1 Part, Heavyweight, 20 lbs., 14 7/8 x 11",Insertable Tab Post Binder Dividers,1,0.0002,0.1667,104.35
"White Dual Perf Computer Printout Paper, 2700 Sheets, 1 Part, Heavyweight, 20 lbs., 14 7/8 x 11","SAFCO Mobile Desk Side File, Wire Frame",1,0.0002,0.1667,104.35
"White Dual Perf Computer Printout Paper, 2700 Sheets, 1 Part, Heavyweight, 20 lbs., 14 7/8 x 11",Wilson Jones Four-Pocket Poly Binders,1,0.0002,0.1667,208.71
"White Dual Perf Computer Printout Paper, 2700 Sheets, 1 Part, Heavyweight, 20 lbs., 14 7/8 x 11",GBC Standard Therm-A-Bind Covers,1,0.0002,0.1667,69.57
"White Envelopes, White Envelopes with Clear Poly Window","Acco Banker's Clasps, 5 3/4""-Long",1,0.0002,0.2,200.36
"White Envelopes, White Envelopes with Clear Poly Window","Global Manager's Adjustable Task Chair, Storm",1,0.0002,0.2,166.97
"White Envelopes, White Envelopes with Clear Poly Window",Eldon Portable Mobile Manager,1,0.0002,0.2,111.31
"White Envelopes, White Envelopes with Clear Poly Window",Imation Bio 8GB USB Flash Drive Imation Corp,1,0.0002,0.2,250.45
"White Envelopes, White Envelopes with Clear Poly Window","Multi-Use Personal File Cart and Caster Set, Three Stacking Bins",1,0.0002,0.2,200.36
White GlueTop Scratch Pads,Xerox 195,1,0.0002,0.5,313.06
Wi-Ex zBoost YX540 Cellular Phone Signal Booster,Advantus T-Pin Paper Clips,1,0.0002,0.1667,166.97
Wi-Ex zBoost YX540 Cellular Phone Signal Booster,Avery 516,1,0.0002,0.1667,208.71
Wi-Ex zBoost YX540 Cellular Phone Signal Booster,Clarity 53712,1,0.0002,0.1667,208.71
Wi-Ex zBoost YX540 Cellular Phone Signal Booster,KI Adjustable-Height Table,1,0.0002,0.1667,46.38
Wi-Ex zBoost YX540 Cellular Phone Signal Booster,GBC DocuBind 200 Manual Binding Machine,1,0.0002,0.1667,208.71
Wilson Electronics DB Pro Signal Booster,Acme Design Stainless Steel Bent Scissors,1,0.0002,0.1,166.97
Wilson Electronics DB Pro Signal Booster,Hon Pagoda Stacking Chairs,1,0.0002,0.1,125.22
Wilson Electronics DB Pro Signal Booster,Southworth 25% Cotton Premium Laser Paper and Envelopes,1,0.0002,0.1,100.18
Wilson Electronics DB Pro Signal Booster,Xerox 1945,1,0.0002,0.1,62.61
Wilson Electronics DB Pro Signal Booster,"Lesro Sheffield Collection Coffee Table, End Table, Center Table, Corner Table",1,0.0002,0.1,55.66
"Wilson Jones 1"" Hanging DublLock Ring Binders",G.E. Longer-Life Indoor Recessed Floodlight Bulbs,1,0.0002,0.1,83.48
"Wilson Jones 1"" Hanging DublLock Ring Binders",Advantus Motivational Note Cards,1,0.0002,0.1,100.18
"Wilson Jones 1"" Hanging DublLock Ring Binders",Wilson Jones Custom Binder Spines & Labels,1,0.0002,0.1,71.56
"Wilson Jones 1"" Hanging DublLock Ring Binders",Wilson Jones data.warehouse D-Ring Binders with DublLock,1,0.0002,0.1,100.18
"Wilson Jones 1"" Hanging DublLock Ring Binders",Belkin Grip Candy Sheer Case / Cover for iPhone 5 and 5S,1,0.0002,0.1,166.97
Wilson Jones 14 Line Acrylic Coated Pressboard Data Binders,Avery Non-Stick Heavy Duty View Round Locking Ring Binders,1,0.0002,0.25,417.42
Wilson Jones 14 Line Acrylic Coated Pressboard Data Binders,Bionaire Personal Warm Mist Humidifier/Vaporizer,1,0.0002,0.25,417.42
Wilson Jones 14 Line Acrylic Coated Pressboard Data Binders,"Memo Book, 100 Message Capacity, 5 3/8 x 11",1,0.0002,0.25,417.42
Wilson Jones 14 Line Acrylic Coated Pressboard Data Binders,Newell 35,1,0.0002,0.25,139.14
Wilson Jones 14 Line Acrylic Coated Pressboard Data Binders,"Safco Value Mate Series Steel Bookcases, Baked Enamel Finish on Steel, Gray",1,0.0002,0.25,208.71
Wilson Jones Active Use Binders,GBC Recycled VeloBinder Covers,2,0.000399,0.3333,208.71
Wilson Jones Active Use Binders,Advantus Map Pennant Flags and Round Head Tacks,1,0.0002,0.1667,139.14
Wilson Jones Active Use Binders,"Avery 05222 Permanent Self-Adhesive File Folder Labels for Typewriters, on Rolls, White, 250/Roll",1,0.0002,0.1667,417.42
Wilson Jones Active Use Binders,Eldon ClusterMat Chair Mat with Cordless Antistatic Protection,1,0.0002,0.1667,166.97
Wilson Jones Active Use Binders,Fellowes Powershred HS-440 4-Sheet High Security Shredder,1,0.0002,0.1667,278.28
Wilson Jones Century Plastic Molded Ring Binders,"Chromcraft 48"" x 96"" Racetrack Double Pedestal Table",1,0.0002,0.1,83.48
Wilson Jones Century Plastic Molded Ring Binders,"Hon Practical Foundations 30 x 60 Training Table, Light Gray/Charcoal",1,0.0002,0.1,83.48
Wilson Jones Century Plastic Molded Ring Binders,"SAFCO Commercial Wire Shelving, 72h",1,0.0002,0.1,100.18
Wilson Jones Century Plastic Molded Ring Binders,Acme Office Executive Series Stainless Steel Trimmers,1,0.0002,0.1,71.56
Wilson Jones Century Plastic Molded Ring Binders,"Chromcraft Bull-Nose Wood 48"" x 96"" Rectangular Conference Tables",1,0.0002,0.1,83.48
"Wilson Jones Clip & Carry Folder Binder Tool for Ring Binders, Clear",Staples,2,0.000399,0.2222,5.01
"Wilson Jones Clip & Carry Folder Binder Tool for Ring Binders, Clear",Acme Kleen Earth Office Shears,1,0.0002,0.1111,111.31
"Wilson Jones Clip & Carry Folder Binder Tool for Ring Binders, Clear",BIC Brite Liner Grip Highlighters,1,0.0002,0.1111,111.31
"Wilson Jones Clip & Carry Folder Binder Tool for Ring Binders, Clear",Fiskars Softgrip Scissors,1,0.0002,0.1111,79.51
"Wilson Jones Clip & Carry Folder Binder Tool for Ring Binders, Clear",Gear Head AU3700S Headset,1,0.0002,0.1111,185.52
Wilson Jones Custom Binder Spines & Labels,"Cardinal Slant-D Ring Binder, Heavy Gauge Vinyl",1,0.0002,0.1429,71.56
Wilson Jones Custom Binder Spines & Labels,Insertable Tab Indexes For Data Binders,1,0.0002,0.1429,143.11
Wilson Jones Custom Binder Spines & Labels,Nu-Dell Leatherette Frames,1,0.0002,0.1429,238.52
Wilson Jones Custom Binder Spines & Labels,Xerox 189,1,0.0002,0.1429,119.26
Wilson Jones Custom Binder Spines & Labels,Xerox 1897,1,0.0002,0.1429,178.89
Wilson Jones DublLock D-Ring Binders,Hewlett-Packard Deskjet 3050a All-in-One Color Inkjet Printer,1,0.0002,0.5,2504.5
Wilson Jones DublLock D-Ring Binders,Staples,1,0.0002,0.5,11.28
Wilson Jones DublLock D-Ring Binders,Surelock Post Binders,1,0.0002,0.5,313.06
Wilson Jones Easy Flow II Sheet Lifters,"Holmes Cool Mist Humidifier for the Whole House with 8-Gallon Output per Day, Extended Life Filter",1,0.0002,0.0833,104.35
Wilson Jones Easy Flow II Sheet Lifters,Fellowes Mighty 8 Compact Surge Protector,1,0.0002,0.0833,69.57
Wilson Jones Easy Flow II Sheet Lifters,SpineVue Locking Slant-D Ring Binders by Cardinal,1,0.0002,0.0833,52.18
Wilson Jones Easy Flow II Sheet Lifters,Xerox 1970,1,0.0002,0.0833,69.57
Wilson Jones Easy Flow II Sheet Lifters,"#10 White Business Envelopes,4 1/8 x 9 1/2",1,0.0002,0.0833,59.63
"Wilson Jones Elliptical Ring 3 1/2"" Capacity Binders, 800 sheets","Square Ring Data Binders, Rigid 75 Pt. Covers, 11"" x 14-7/8""",1,0.0002,0.125,89.45
"Wilson Jones Elliptical Ring 3 1/2"" Capacity Binders, 800 sheets","Green Canvas Binder for 8-1/2"" x 14"" Sheets",1,0.0002,0.125,125.22
"Wilson Jones Elliptical Ring 3 1/2"" Capacity Binders, 800 sheets",Logitech Keyboard K120,1,0.0002,0.125,208.71
"Wilson Jones Elliptical Ring 3 1/2"" Capacity Binders, 800 sheets",Advantus Plastic Paper Clips,1,0.0002,0.125,62.61
"Wilson Jones Elliptical Ring 3 1/2"" Capacity Binders, 800 sheets",Bevis 36 x 72 Conference Tables,1,0.0002,0.125,78.27
Wilson Jones Four-Pocket Poly Binders,Advantus Panel Wall Certificate Holder - 8.5x11,1,0.0002,0.25,208.71
Wilson Jones Four-Pocket Poly Binders,Luxo Adjustable Task Clamp Lamp,1,0.0002,0.25,313.06
Wilson Jones Four-Pocket Poly Binders,"White Dual Perf Computer Printout Paper, 2700 Sheets, 1 Part, Heavyweight, 20 lbs., 14 7/8 x 11",1,0.0002,0.25,208.71
Wilson Jones Four-Pocket Poly Binders,Avery 510,1,0.0002,0.25,417.42
Wilson Jones Hanging Recycled Pressboard Data Binders,WD My Passport Ultra 2TB Portable External Hard Drive,1,0.0002,0.5,313.06
"Wilson Jones Hanging View Binder, White, 1""",Cisco SPA 501G IP Phone,1,0.0002,0.1429,715.57
"Wilson Jones Hanging View Binder, White, 1""",Newell 341,1,0.0002,0.1429,102.22
"Wilson Jones Hanging View Binder, White, 1""",Global Deluxe Office Fabric Chairs,1,0.0002,0.1429,119.26
"Wilson Jones Hanging View Binder, White, 1""",Jabra SPEAK 410,1,0.0002,0.1429,79.51
"Wilson Jones Hanging View Binder, White, 1""","Tenex ""The Solids"" Textured Chair Mats",1,0.0002,0.1429,102.22
Wilson Jones Heavy-Duty Casebound Ring Binders with Metal Hinges,"GBC Twin Loop Wire Binding Elements, 9/16"" Spine, Black",1,0.0002,0.1667,92.76
Wilson Jones Heavy-Duty Casebound Ring Binders with Metal Hinges,LG G3,1,0.0002,0.1667,208.71
Wilson Jones Heavy-Duty Casebound Ring Binders with Metal Hinges,Microsoft Sculpt Comfort Mouse,1,0.0002,0.1667,83.48
Wilson Jones Heavy-Duty Casebound Ring Binders with Metal Hinges,"Atlantic Metals Mobile 3-Shelf Bookcases, Custom Colors",1,0.0002,0.1667,104.35
Wilson Jones Heavy-Duty Casebound Ring Binders with Metal Hinges,"Avery Hi-Liter EverBold Pen Style Fluorescent Highlighters, 4/Pack",1,0.0002,0.1667,139.14
Wilson Jones Impact Binders,SAFCO Arco Folding Chair,1,0.0002,0.1111,42.81
Wilson Jones Impact Binders,Xerox 226,1,0.0002,0.1111,50.6
Wilson Jones Impact Binders,GBC Standard Plastic Binding Systems' Combs,1,0.0002,0.1111,69.57
Wilson Jones Impact Binders,Rogers Deluxe File Chest,1,0.0002,0.1111,69.57
Wilson Jones Impact Binders,Self-Adhesive Ring Binder Labels,1,0.0002,0.1111,139.14
Wilson Jones International Size A4 Ring Binders,Cisco SPA301,1,0.0002,0.1429,79.51
Wilson Jones International Size A4 Ring Binders,JM Magazine Binder,1,0.0002,0.1429,119.26
Wilson Jones International Size A4 Ring Binders,"Seth Thomas 8 1/2"" Cubicle Clock",1,0.0002,0.1429,178.89
Wilson Jones International Size A4 Ring Binders,Tennsco Double-Tier Lockers,1,0.0002,0.1429,59.63
Wilson Jones International Size A4 Ring Binders,Texas Instrument TI-15 Fraction Calculator,1,0.0002,0.1429,357.79
Wilson Jones Leather-Like Binders with DublLock Round Rings,Avery 49,1,0.0002,0.0833,69.57
Wilson Jones Leather-Like Binders with DublLock Round Rings,"Perma STOR-ALL Hanging File Box, 13 1/8""W x 12 1/4""D x 10 1/2""H",1,0.0002,0.0833,52.18
Wilson Jones Leather-Like Binders with DublLock Round Rings,Enermax Aurora Lite Keyboard,1,0.0002,0.0833,83.48
Wilson Jones Leather-Like Binders with DublLock Round Rings,Hon 2111 Invitation Series Corner Table,1,0.0002,0.0833,104.35
Wilson Jones Leather-Like Binders with DublLock Round Rings,Griffin GC17055 Auxiliary Audio Cable,1,0.0002,0.0833,69.57
"Wilson Jones Ledger-Size, Piano-Hinge Binder, 2"", Blue",Staples,2,0.000399,0.1667,3.76
"Wilson Jones Ledger-Size, Piano-Hinge Binder, 2"", Blue",American Pencil,1,0.0002,0.0833,69.57
"Wilson Jones Ledger-Size, Piano-Hinge Binder, 2"", Blue",Avery 492,1,0.0002,0.0833,83.48
"Wilson Jones Ledger-Size, Piano-Hinge Binder, 2"", Blue",Samsung Galaxy S4 Active,1,0.0002,0.0833,208.71
"Wilson Jones Ledger-Size, Piano-Hinge Binder, 2"", Blue",Xerox 1919,1,0.0002,0.0833,46.38
Wilson Jones Legal Size Ring Binders,Memorex Micro Travel Drive 32 GB,1,0.0002,0.1111,111.31
Wilson Jones Legal Size Ring Binders,Sony 16GB Class 10 Micro SDHC R40 Memory Card,1,0.0002,0.1111,139.14
Wilson Jones Legal Size Ring Binders,Tenex Antistatic Computer Chair Mats,1,0.0002,0.1111,92.76
Wilson Jones Legal Size Ring Binders,Tennsco Double-Tier Lockers,1,0.0002,0.1111,46.38
Wilson Jones Legal Size Ring Binders,"Deflect-o EconoMat Studded, No Bevel Mat for Low Pile Carpeting",1,0.0002,0.1111,61.84
Wilson Jones Standard D-Ring Binders,Pastel Pink Envelopes,1,0.0002,0.125,208.71
Wilson Jones Standard D-Ring Binders,SanDisk Cruzer 16 GB USB Flash Drive,1,0.0002,0.125,208.71
Wilson Jones Standard D-Ring Binders,Space Solutions Industrial Galvanized Steel Shelving.,1,0.0002,0.125,208.71
Wilson Jones Standard D-Ring Binders,Fellowes Bankers Box Stor/Drawer Steel Plus,1,0.0002,0.125,52.18
Wilson Jones Standard D-Ring Binders,"Bravo II Megaboss 12-Amp Hard Body Upright, Replacement Belts, 2 Belts per Pack",1,0.0002,0.125,125.22
Wilson Jones Turn Tabs Binder Tool for Ring Binders,BPI Conference Tables,1,0.0002,0.0769,77.06
Wilson Jones Turn Tabs Binder Tool for Ring Binders,Dana Swing-Arm Lamps,1,0.0002,0.0769,55.04
Wilson Jones Turn Tabs Binder Tool for Ring Binders,Fellowes Stor/Drawer Steel Plus Storage Drawers,1,0.0002,0.0769,48.16
Wilson Jones Turn Tabs Binder Tool for Ring Binders,Hon 4-Shelf Metal Bookcases,1,0.0002,0.0769,96.33
Wilson Jones Turn Tabs Binder Tool for Ring Binders,Avery 483,1,0.0002,0.0769,64.22
Wilson Jones data.warehouse D-Ring Binders with DublLock,"#10- 4 1/8"" x 9 1/2"" Recycled Envelopes",1,0.0002,0.2,100.18
Wilson Jones data.warehouse D-Ring Binders with DublLock,Newell 34,1,0.0002,0.2,143.11
Wilson Jones data.warehouse D-Ring Binders with DublLock,Advantus Motivational Note Cards,1,0.0002,0.2,200.36
Wilson Jones data.warehouse D-Ring Binders with DublLock,"Wilson Jones 1"" Hanging DublLock Ring Binders",1,0.0002,0.2,100.18
Wilson Jones data.warehouse D-Ring Binders with DublLock,Wilson Jones Custom Binder Spines & Labels,1,0.0002,0.2,143.11
Wilson Jones Snap Scratch Pad Binder Tool for Ring Binders,Eldon Cleatmat Plus Chair Mats for High Pile Carpets,1,0.0002,0.2,200.36
Wilson Jones Snap Scratch Pad Binder Tool for Ring Binders,"Atlantic Metals Mobile 3-Shelf Bookcases, Custom Colors",1,0.0002,0.2,125.22
Wilson Jones Snap Scratch Pad Binder Tool for Ring Binders,Pizazz Global Quick File,1,0.0002,0.2,166.97
Wilson Jones Snap Scratch Pad Binder Tool for Ring Binders,Staples,1,0.0002,0.2,4.51
Wilson Jones Snap Scratch Pad Binder Tool for Ring Binders,"Global Wood Trimmed Manager's Task Chair, Khaki",1,0.0002,0.2,71.56
Wilson SignalBoost 841262 DB PRO Amplifier Kit,Staples,1,0.0002,0.1667,3.76
Wilson SignalBoost 841262 DB PRO Amplifier Kit,Avery Durable Binders,1,0.0002,0.1667,69.57
Wilson SignalBoost 841262 DB PRO Amplifier Kit,"Global Armless Task Chair, Royal Blue",1,0.0002,0.1667,104.35
Wilson SignalBoost 841262 DB PRO Amplifier Kit,Wausau Papers Astrobrights Colored Envelopes,1,0.0002,0.1667,278.28
Wilson SignalBoost 841262 DB PRO Amplifier Kit,Bulldog Table or Wall-Mount Pencil Sharpener,1,0.0002,0.1667,278.28
"Wirebound Four 2-3/4 x 5 Forms per Page, 400 Sets per Book",Staples,2,0.000399,0.3333,7.52
"Wirebound Four 2-3/4 x 5 Forms per Page, 400 Sets per Book","#10 White Business Envelopes,4 1/8 x 9 1/2",1,0.0002,0.1667,119.26
"Wirebound Four 2-3/4 x 5 Forms per Page, 400 Sets per Book",Newell 34,1,0.0002,0.1667,119.26
"Wirebound Four 2-3/4 x 5 Forms per Page, 400 Sets per Book",Polycom CX300 Desktop Phone USB VoIP phone,1,0.0002,0.1667,166.97
"Wirebound Four 2-3/4 x 5 Forms per Page, 400 Sets per Book",Xerox 1971,1,0.0002,0.1667,139.14
"Wirebound Message Book, 4 per Page",Avery 499,1,0.0002,0.1429,65.05
"Wirebound Message Book, 4 per Page","Boston Electric Pencil Sharpener, Model 1818, Charcoal Black",1,0.0002,0.1429,89.45
"Wirebound Message Book, 4 per Page",Classic Ivory Antique Telephone ZL1810,1,0.0002,0.1429,357.79
"Wirebound Message Book, 4 per Page",GBC DocuBind TL300 Electric Binding System,1,0.0002,0.1429,65.05
"Wirebound Message Book, 4 per Page",Geemarc AmpliPOWER60,1,0.0002,0.1429,65.05
"Wirebound Message Books, 2 7/8"" x 5"", 3 Forms per Page",JM Magazine Binder,1,0.0002,0.3333,278.28
"Wirebound Message Books, 2 7/8"" x 5"", 3 Forms per Page",Sanyo 2.5 Cubic Foot Mid-Size Office Refrigerators,1,0.0002,0.3333,417.42
"Wirebound Message Books, 2 7/8"" x 5"", 3 Forms per Page",Xerox 202,1,0.0002,0.3333,208.71
"Wirebound Message Books, 5-1/2 x 4 Forms, 2 or 4 Forms per Page",Acme Elite Stainless Steel Scissors,1,0.0002,0.3333,333.93
"Wirebound Message Books, 5-1/2 x 4 Forms, 2 or 4 Forms per Page",GBC Imprintable Covers,1,0.0002,0.3333,208.71
"Wirebound Message Books, 5-1/2 x 4 Forms, 2 or 4 Forms per Page",Self-Adhesive Address Labels for Typewriters by Universal,1,0.0002,0.3333,238.52
"Wirebound Message Books, 5-1/2 x 4 Forms, 2 or 4 Forms per Page",Tennsco Double-Tier Lockers,1,0.0002,0.3333,139.14
"Wirebound Message Books, 5-1/2 x 4 Forms, 2 or 4 Forms per Page",Xerox 197,1,0.0002,0.3333,556.56
"Wirebound Message Books, Four 2 3/4 x 5 Forms per Page, 200 Sets per Book",Bevis Boat-Shaped Conference Table,1,0.0002,0.1667,139.14
"Wirebound Message Books, Four 2 3/4 x 5 Forms per Page, 200 Sets per Book",Economy #2 Pencils,1,0.0002,0.1667,208.71
"Wirebound Message Books, Four 2 3/4 x 5 Forms per Page, 200 Sets per Book",Regeneration Desk Collection,1,0.0002,0.1667,166.97
"Wirebound Message Books, Four 2 3/4 x 5 Forms per Page, 200 Sets per Book","Advantus Push Pins, Aluminum Head",1,0.0002,0.1667,166.97
"Wirebound Message Books, Four 2 3/4 x 5 Forms per Page, 200 Sets per Book","Sanford Colorific Colored Pencils, 12/Box",1,0.0002,0.1667,166.97
"Wirebound Message Books, Four 2 3/4 x 5 White Forms per Page",Belkin F9G930V10-GRY 9 Outlet Surge,1,0.0002,0.1429,143.11
"Wirebound Message Books, Four 2 3/4 x 5 White Forms per Page",Staples,1,0.0002,0.1429,3.22
"Wirebound Message Books, Four 2 3/4 x 5 White Forms per Page",Global Commerce Series Low-Back Swivel/Tilt Chairs,1,0.0002,0.1429,102.22
"Wirebound Message Books, Four 2 3/4 x 5 White Forms per Page",Economy Binders,1,0.0002,0.1429,178.89
"Wirebound Message Books, Four 2 3/4 x 5 White Forms per Page",Acco Perma 2700 Stacking Storage Drawers,1,0.0002,0.1429,178.89
"Wirebound Message Books, Four 2 3/4"" x 5"" Forms per Page, 600 Sets per Book",Xerox 1882,2,0.000399,0.2222,222.62
"Wirebound Message Books, Four 2 3/4"" x 5"" Forms per Page, 600 Sets per Book",Newell 307,1,0.0002,0.1111,185.52
"Wirebound Message Books, Four 2 3/4"" x 5"" Forms per Page, 600 Sets per Book",Xerox 207,1,0.0002,0.1111,278.28
"Wirebound Message Books, Four 2 3/4"" x 5"" Forms per Page, 600 Sets per Book",Fellowes PB200 Plastic Comb Binding Machine,1,0.0002,0.1111,61.84
"Wirebound Message Books, Four 2 3/4"" x 5"" Forms per Page, 600 Sets per Book",Avery File Folder Labels,1,0.0002,0.1111,42.81
"Wirebound Message Books, Two 4 1/4"" x 5"" Forms per Page",Holmes 99% HEPA Air Purifier,1,0.0002,0.1667,208.71
"Wirebound Message Books, Two 4 1/4"" x 5"" Forms per Page",Sensible Storage WireTech Storage Systems,1,0.0002,0.1667,104.35
"Wirebound Message Books, Two 4 1/4"" x 5"" Forms per Page",Tripp Lite TLP810NET Broadband Surge for Modem/Fax,1,0.0002,0.1667,139.14
"Wirebound Message Books, Two 4 1/4"" x 5"" Forms per Page",Clear Mylar Reinforcing Strips,1,0.0002,0.1667,119.26
"Wirebound Message Books, Two 4 1/4"" x 5"" Forms per Page",Logitech P710e Mobile Speakerphone,1,0.0002,0.1667,92.76
"Wirebound Message Forms, Four 2 3/4 x 5 Forms per Page, Pink Paper",GBC Premium Transparent Covers with Diagonal Lined Pattern,1,0.0002,0.5,178.89
"Wirebound Message Forms, Four 2 3/4 x 5 Forms per Page, Pink Paper",Hon Olson Stacker Stools,1,0.0002,0.5,250.45
"Wirebound Message Forms, Four 2 3/4 x 5 Forms per Page, Pink Paper",Avery Reinforcements for Hole-Punch Pages,1,0.0002,0.5,313.06
"Wirebound Service Call Books, 5 1/2"" x 4""","Eldon Expressions Desk Accessory, Wood Pencil Holder, Oak",1,0.0002,0.2,250.45
"Wirebound Service Call Books, 5 1/2"" x 4""",Avery 500,1,0.0002,0.2,500.9
"Wirebound Service Call Books, 5 1/2"" x 4""",Eldon Expressions Mahogany Wood Desk Collection,1,0.0002,0.2,500.9
"Wirebound Service Call Books, 5 1/2"" x 4""","Fellowes Strictly Business Drawer File, Letter/Legal Size",1,0.0002,0.2,143.11
"Wirebound Service Call Books, 5 1/2"" x 4""","Bevis Round Conference Table Top, X-Base",1,0.0002,0.2,166.97
Wirebound Voice Message Log Book,"24 Capacity Maxi Data Binder Racks, Pearl",1,0.0002,0.5,626.12
Wirebound Voice Message Log Book,"Avery 4027 File Folder Labels for Dot Matrix Printers, 5000 Labels per Box, White",1,0.0002,0.5,227.68
Wirebound Voice Message Log Book,Logitech Wireless Performance Mouse MX for PC and Mac,1,0.0002,0.5,357.79
Wirebound Voice Message Log Book,Satellite Sectional Post Binders,1,0.0002,0.5,227.68
Wirebound Voice Message Log Book,GuestStacker Chair with Chrome Finish Legs,1,0.0002,0.5,313.06
Wireless Extenders zBoost YX545 SOHO Signal Booster,"OIC #2 Pencils, Medium Soft",1,0.0002,0.1429,102.22
Wireless Extenders zBoost YX545 SOHO Signal Booster,"Alliance Super-Size Bands, Assorted Sizes",1,0.0002,0.1429,178.89
Wireless Extenders zBoost YX545 SOHO Signal Booster,GE 30524EE4,1,0.0002,0.1429,79.51
Wireless Extenders zBoost YX545 SOHO Signal Booster,Global Deluxe High-Back Manager's Chair,1,0.0002,0.1429,89.45
Wireless Extenders zBoost YX545 SOHO Signal Booster,Ibico Hi-Tech Manual Binding System,1,0.0002,0.1429,65.05
Woodgrain Magazine Files by Perma,"Eldon Image Series Desk Accessories, Burgundy",1,0.0002,0.1667,104.35
Woodgrain Magazine Files by Perma,Longer-Life Soft White Bulbs,1,0.0002,0.1667,83.48
Woodgrain Magazine Files by Perma,Pyle PMP37LED,1,0.0002,0.1667,83.48
Woodgrain Magazine Files by Perma,"iKross Bluetooth Portable Keyboard + Cell Phone Stand Holder + Brush for Apple iPhone 5S 5C 5, 4S 4",1,0.0002,0.1667,166.97
Woodgrain Magazine Files by Perma,DAX Wood Document Frame.,1,0.0002,0.1667,208.71
X-Rack File for Hanging Folders,Xerox 192,2,0.000399,0.2222,185.52
X-Rack File for Hanging Folders,"ACCOHIDE 3-Ring Binder, Blue, 1""",1,0.0002,0.1111,42.81
X-Rack File for Hanging Folders,Belkin 8 Outlet Surge Protector,1,0.0002,0.1111,79.51
X-Rack File for Hanging Folders,Portable Personal File Box,1,0.0002,0.1111,92.76
X-Rack File for Hanging Folders,Avery File Folder Labels,1,0.0002,0.1111,42.81
Xblue XB-1670-86 X16 Small Office Telephone - Titanium,"Deflect-o EconoMat Studded, No Bevel Mat for Low Pile Carpeting",1,0.0002,0.5,278.28
Xblue XB-1670-86 X16 Small Office Telephone - Titanium,SanDisk Cruzer 64 GB USB Flash Drive,1,0.0002,0.5,278.28
Xblue XB-1670-86 X16 Small Office Telephone - Titanium,Avoid Verbal Orders Carbonless Minifold Book,1,0.0002,0.5,500.9
Xblue XB-1670-86 X16 Small Office Telephone - Titanium,"Howard Miller 11-1/2"" Diameter Ridgewood Wall Clock",1,0.0002,0.5,417.42
Xblue XB-1670-86 X16 Small Office Telephone - Titanium,Plantronics MX500i Earset,1,0.0002,0.5,357.79
Xerox 188,Staples,2,0.000399,0.25,5.64
Xerox 188,Avery Arch Ring Binders,1,0.0002,0.125,62.61
Xerox 188,"Global Armless Task Chair, Royal Blue",1,0.0002,0.125,78.27
Xerox 188,Office Star - Contemporary Swivel Chair with Padded Adjustable Arms and Flex Back,1,0.0002,0.125,89.45
Xerox 188,GBC Premium Transparent Covers with Diagonal Lined Pattern,1,0.0002,0.125,44.72
Xerox 1880,Fiskars Softgrip Scissors,1,0.0002,0.2,143.11
Xerox 1880,GBC Wire Binding Strips,1,0.0002,0.2,200.36
Xerox 1880,Ideal Clamps,1,0.0002,0.2,125.22
Xerox 1880,Longer-Life Soft White Bulbs,1,0.0002,0.2,100.18
Xerox 1880,"Sanford Colorific Colored Pencils, 12/Box",1,0.0002,0.2,200.36
Xerox 1881,Newell 3-Hole Punched Plastic Slotted Magazine Holders for Binders,1,0.0002,0.0909,75.89
Xerox 1881,Longer-Life Soft White Bulbs,1,0.0002,0.0909,45.54
Xerox 1881,Avery 485,1,0.0002,0.0909,56.92
Xerox 1881,Recycled Premium Regency Composition Covers,1,0.0002,0.0909,151.79
Xerox 1881,4009 Highlighters by Sanford,1,0.0002,0.0909,56.92
Xerox 1882,"Wirebound Message Books, Four 2 3/4"" x 5"" Forms per Page, 600 Sets per Book",2,0.000399,0.4,222.62
Xerox 1882,Electrix Fluorescent Magnifier Lamps & Weighted Base,1,0.0002,0.2,500.9
Xerox 1882,Avery File Folder Labels,1,0.0002,0.2,77.06
Xerox 1882,DAX Natural Wood-Tone Poster Frame,1,0.0002,0.2,200.36
Xerox 1882,"Eureka The Boss Plus 12-Amp Hard Box Upright Vacuum, Red",1,0.0002,0.2,166.97
Xerox 1883,"GBC Laser Imprintable Binding System Covers, Desert Sand",1,0.0002,0.1429,119.26
Xerox 1883,Honeywell Enviracaire Portable HEPA Air Cleaner for 17' x 22' Room,1,0.0002,0.1429,89.45
Xerox 1883,Southworth 25% Cotton Antique Laid Paper & Envelopes,1,0.0002,0.1429,143.11
Xerox 1883,"Tenex Personal Project File with Scoop Front Design, Black",1,0.0002,0.1429,71.56
Xerox 1883,"Adams Phone Message Book, 200 Message Capacity, 8 1/16 x 11",1,0.0002,0.1429,89.45
Xerox 1884,Acme Box Cutter Scissors,1,0.0002,0.125,104.35
Xerox 1884,Staples,1,0.0002,0.125,2.82
Xerox 1884,"Ampad Evidence Wirebond Steno Books, 6"" x 9""",1,0.0002,0.125,156.53
Xerox 1884,Avery File Folder Labels,1,0.0002,0.125,48.16
Xerox 1884,"Avery Triangle Shaped Sheet Lifters, Black, 2/Pack",1,0.0002,0.125,104.35
Xerox 1885,OIC Stacking Trays,1,0.0002,0.2,166.97
Xerox 1885,Logitech Wireless Headset H600 Over-The-Head Design,1,0.0002,0.2,500.9
Xerox 1885,OtterBox Commuter Series Case - iPhone 5 & 5s,1,0.0002,0.2,250.45
Xerox 1885,"SimpliFile Personal File, Black Granite, 15w x 6-15/16d x 11-1/4h",1,0.0002,0.2,125.22
Xerox 1885,Xerox 230,1,0.0002,0.2,200.36
Xerox 1886,"Acco Clips to Go Binder Clips, 24 Clips in Two Sizes",1,0.0002,0.2,200.36
Xerox 1886,Artistic Insta-Plaque,1,0.0002,0.2,333.93
Xerox 1886,Belkin QODE FastFit Bluetooth Keyboard,1,0.0002,0.2,500.9
Xerox 1886,GBC Ibimaster 500 Manual ProClick Binding System,1,0.0002,0.2,111.31
Xerox 1886,KI Conference Tables,1,0.0002,0.2,125.22
Xerox 1887,Smead Alpha-Z Color-Coded Second Alphabetical Labels and Starter Set,1,0.0002,0.125,125.22
Xerox 1887,Xerox 1967,1,0.0002,0.125,125.22
Xerox 1887,"Personal Folder Holder, Ebony",1,0.0002,0.125,104.35
Xerox 1887,Xerox 1971,1,0.0002,0.125,104.35
Xerox 1887,"Dot Matrix Printer Tape Reel Labels, White, 5000/Box",1,0.0002,0.125,78.27
Xerox 1888,"Computer Room Manger, 14""",1,0.0002,0.1667,119.26
Xerox 1888,Global Low Back Tilter Chair,1,0.0002,0.1667,104.35
Xerox 1888,Logitech 910-002974 M325 Wireless Mouse for Web Scrolling,1,0.0002,0.1667,55.66
Xerox 1888,Xerox 1954,1,0.0002,0.1667,208.71
Xerox 1888,"DAX Executive Solid Wood Document Frame, Desktop or Hang, Mahogany, 5 x 7",1,0.0002,0.1667,166.97
Xerox 1889,"Eldon Expressions Desk Accessory, Wood Photo Frame, Mahogany",1,0.0002,0.3333,278.28
Xerox 1889,GBC VeloBinder Manual Binding System,1,0.0002,0.3333,208.71
Xerox 1889,"Hot File 7-Pocket, Floor Stand",1,0.0002,0.3333,128.44
Xerox 1889,Insertable Tab Post Binder Dividers,1,0.0002,0.3333,208.71
Xerox 1889,Eldon Image Series Black Desk Accessories,1,0.0002,0.3333,333.93
Xerox 189,Nu-Dell Leatherette Frames,1,0.0002,0.1667,278.28
Xerox 189,Wilson Jones Custom Binder Spines & Labels,1,0.0002,0.1667,119.26
Xerox 189,Xerox 1897,1,0.0002,0.1667,208.71
Xerox 189,"Ampad Poly Cover Wirebound Steno Book, 6"" x 9"" Assorted Colors, Gregg Ruled",1,0.0002,0.1667,208.71
Xerox 189,"Pressboard Covers with Storage Hooks, 9 1/2"" x 11"", Light Blue",1,0.0002,0.1667,69.57
Xerox 1890,"Acco Six-Outlet Power Strip, 4' Cord Length",1,0.0002,0.5,278.28
Xerox 1890,Avanti 4.4 Cu. Ft. Refrigerator,1,0.0002,0.5,357.79
Xerox 1890,Avery 474,1,0.0002,0.5,278.28
Xerox 1890,Maxell LTO Ultrium - 800 GB,1,0.0002,0.5,313.06
Xerox 1890,Xerox 1944,1,0.0002,0.5,417.42
Xerox 1891,Acme Forged Steel Scissors with Black Enamel Handles,1,0.0002,0.1429,89.45
Xerox 1891,GBC Wire Binding Combs,1,0.0002,0.1429,102.22
Xerox 1891,Logitech Wireless Gaming Headset G930,1,0.0002,0.1429,119.26
Xerox 1891,Newell 345,1,0.0002,0.1429,79.51
Xerox 1891,Global Deluxe High-Back Manager's Chair,1,0.0002,0.1429,89.45
Xerox 1892,"Avery Durable Plastic 1"" Binders",1,0.0002,0.5,357.79
Xerox 1892,Fellowes Black Plastic Comb Bindings,1,0.0002,0.5,278.28
Xerox 1892,Holmes 99% HEPA Air Purifier,1,0.0002,0.5,626.12
Xerox 1892,Multicolor Computer Printout Paper,1,0.0002,0.5,500.9
Xerox 1892,Stockwell Push Pins,1,0.0002,0.5,313.06
Xerox 1893,"Black Print Carbonless 8 1/2"" x 8 1/4"" Rapid Memo Book",1,0.0002,0.0909,113.84
Xerox 1893,Large Capacity Hanging Post Binders,1,0.0002,0.0909,91.07
Xerox 1893,Lunatik TT5L-002 Taktik Strike Impact Protection System for iPhone 5,1,0.0002,0.0909,151.79
Xerox 1893,Panasonic KX T7736-B Digital phone,1,0.0002,0.0909,91.07
Xerox 1893,"Boston Electric Pencil Sharpener, Model 1818, Charcoal Black",1,0.0002,0.0909,56.92
Xerox 1894,Xerox 225,2,0.000399,0.4,222.62
Xerox 1894,"Avery Trapezoid Extra Heavy Duty 4"" Binders",1,0.0002,0.2,250.45
Xerox 1894,Standard Rollaway File with Lock,1,0.0002,0.2,100.18
Xerox 1894,Logitech MX Performance Wireless Mouse,1,0.0002,0.2,143.11
Xerox 1894,Clear Mylar Reinforcing Strips,1,0.0002,0.2,143.11
Xerox 1895,"Eureka Recycled Copy Paper 8 1/2"" x 11"", Ream",1,0.0002,0.1429,119.26
Xerox 1895,"Belkin 19"" Vented Equipment Shelf, Black",1,0.0002,0.1429,71.56
Xerox 1895,"DAX Copper Panel Document Frame, 5 x 7 Size",1,0.0002,0.1429,143.11
Xerox 1895,"Eldon ""L"" Workstation Diamond Chairmat",1,0.0002,0.1429,178.89
Xerox 1895,Jawbone JAMBOX Wireless Bluetooth Speaker,1,0.0002,0.1429,238.52
Xerox 1896,"Wilson Jones Ledger-Size, Piano-Hinge Binder, 2"", Blue",1,0.0002,0.5,208.71
Xerox 1896,Belkin F9H710-06 7 Outlet SurgeMaster Surge Protector,1,0.0002,0.5,313.06
Xerox 1896,Cardinal Slant-D Ring Binders,1,0.0002,0.5,500.9
Xerox 1896,Newell 332,1,0.0002,0.5,500.9
Xerox 1896,"Tyvek  Top-Opening Peel & Seel  Envelopes, Gray",1,0.0002,0.5,834.83
Xerox 1897,Nu-Dell Leatherette Frames,1,0.0002,0.25,417.42
Xerox 1897,Wilson Jones Custom Binder Spines & Labels,1,0.0002,0.25,178.89
Xerox 1897,Xerox 189,1,0.0002,0.25,208.71
Xerox 1897,"Bravo II Megaboss 12-Amp Hard Body Upright, Replacement Belts, 2 Belts per Pack",1,0.0002,0.25,250.45
Xerox 1897,Fellowes Bankers Box Stor/Drawer Steel Plus,1,0.0002,0.25,104.35
Xerox 1898,"Strathmore #10 Envelopes, Ultimate White",1,0.0002,0.0909,113.84
Xerox 1898,Hanging Personal Folder File,1,0.0002,0.0909,91.07
Xerox 1898,SanDisk Cruzer 64 GB USB Flash Drive,1,0.0002,0.0909,50.6
Xerox 1898,Smead Adjustable Mobile File Trolley with Lockable Top,1,0.0002,0.0909,151.79
Xerox 1898,Xerox 222,1,0.0002,0.0909,65.05
Xerox 1899,"Hon Metal Bookcases, Black",1,0.0002,0.2,200.36
Xerox 1899,SAFCO Arco Folding Chair,1,0.0002,0.2,77.06
Xerox 1899,SAFCO Boltless Steel Shelving,1,0.0002,0.2,100.18
Xerox 1899,"Executive Impressions 16-1/2"" Circular Wall Clock",1,0.0002,0.2,500.9
Xerox 1899,Global Highback Leather Tilter in Burgundy,1,0.0002,0.2,111.31
Xerox 19,"Tennsco Stur-D-Stor Boltless Shelving, 5 Shelves, 24"" Deep, Sand",1,0.0002,0.25,178.89
Xerox 19,Avery 502,1,0.0002,0.25,417.42
Xerox 19,"Premium Transparent Presentation Covers, No Pattern/Clear, 8 1/2"" x 11""",1,0.0002,0.25,178.89
Xerox 1900,O'Sullivan Living Dimensions 3-Shelf Bookcases,1,0.0002,0.1429,178.89
Xerox 1900,"Universal Recycled Hanging Pressboard Report Binders, Letter Size",1,0.0002,0.1429,143.11
Xerox 1900,Global Deluxe High-Back Manager's Chair,1,0.0002,0.1429,89.45
Xerox 1900,Smead Alpha-Z Color-Coded Second Alphabetical Labels and Starter Set,1,0.0002,0.1429,143.11
Xerox 1900,Xerox 1891,1,0.0002,0.1429,102.22
Xerox 1901,Acme Elite Stainless Steel Scissors,1,0.0002,1.0,1001.8
Xerox 1901,"Boston School Pro Electric Pencil Sharpener, 1670",1,0.0002,1.0,715.57
Xerox 1901,Telescoping Adjustable Floor Lamp,1,0.0002,1.0,834.83
Xerox 1903,Eldon 100 Class Desk Accessories,1,0.0002,0.1667,208.71
Xerox 1903,Motorola L703CM,1,0.0002,0.1667,139.14
Xerox 1903,Hoover Upright Vacuum With Dirt Cup,1,0.0002,0.1667,139.14
Xerox 1903,Plantronics Calisto P620-M USB Wireless Speakerphone System,1,0.0002,0.1667,208.71
Xerox 1903,Plantronics S12 Corded Telephone Headset System,1,0.0002,0.1667,139.14
Xerox 1905,"Cardinal HOLDit! Binder Insert Strips,Extra Strips",1,0.0002,0.2,111.31
Xerox 1905,Avery Hidden Tab Dividers for Binding Systems,1,0.0002,0.2,143.11
Xerox 1905,"GBC Standard Recycled Report Covers, Clear Plastic Sheets",1,0.0002,0.2,83.48
Xerox 1905,"GE General Purpose, Extra Long Life, Showcase & Floodlight Incandescent Bulbs",1,0.0002,0.2,143.11
Xerox 1905,"Recycled Interoffice Envelopes with Re-Use-A-Seal Closure, 10 x 13",1,0.0002,0.2,500.9
Xerox 1906,"Fellowes Strictly Business Drawer File, Letter/Legal Size",1,0.0002,0.1429,102.22
Xerox 1906,Hoover Upright Vacuum With Dirt Cup,1,0.0002,0.1429,119.26
Xerox 1906,Avery 505,1,0.0002,0.1429,102.22
Xerox 1906,Avery Hole Reinforcements,1,0.0002,0.1429,79.51
Xerox 1906,O'Sullivan Manor Hill 2-Door Library in Brianna Oak,1,0.0002,0.1429,178.89
Xerox 1907,"DAX Copper Panel Document Frame, 5 x 7 Size",1,0.0002,0.3333,333.93
Xerox 1907,Case Logic 2.4GHz Wireless Keyboard,1,0.0002,0.3333,208.71
Xerox 1908,"Ampad Evidence Wirebond Steno Books, 6"" x 9""",1,0.0002,0.1429,178.89
Xerox 1908,Logitech G19 Programmable Gaming Keyboard,1,0.0002,0.1429,89.45
Xerox 1908,Security-Tint Envelopes,1,0.0002,0.1429,79.51
Xerox 1908,Motorola L703CM,1,0.0002,0.1429,119.26
Xerox 1908,"Canon Color ImageCLASS MF8580Cdw Wireless Laser All-In-One Printer, Copier, Scanner",1,0.0002,0.1429,715.57
Xerox 1909,DIXON Oriole Pencils,1,0.0002,0.1111,92.76
Xerox 1909,"Executive Impressions 13-1/2"" Indoor/Outdoor Wall Clock",1,0.0002,0.1111,278.28
Xerox 1909,GuestStacker Chair with Chrome Finish Legs,1,0.0002,0.1111,69.57
Xerox 1909,Ibico Plastic Spiral Binding Combs,1,0.0002,0.1111,42.81
Xerox 1909,GBC DocuBind P100 Manual Binding Machine,1,0.0002,0.1111,69.57
Xerox 191,"Advantus Employee of the Month Certificate Frame, 11 x 13-1/2",1,0.0002,0.1,100.18
Xerox 191,"Chromcraft Bull-Nose Wood Round Conference Table Top, Wood Base",1,0.0002,0.1,83.48
Xerox 191,"Lesro Sheffield Collection Coffee Table, End Table, Center Table, Corner Table",1,0.0002,0.1,55.66
Xerox 191,Logitech diNovo Edge Keyboard,1,0.0002,0.1,100.18
Xerox 191,Hon GuestStacker Chair,1,0.0002,0.1,55.66
Xerox 1910,"Black Print Carbonless Snap-Off Rapid Letter, 8 1/2"" x 7""",1,0.0002,0.2,250.45
Xerox 1910,Spigen Samsung Galaxy S5 Case Wallet,1,0.0002,0.2,200.36
Xerox 1910,HON 5400 Series Task Chairs for Big and Tall,1,0.0002,0.2,125.22
Xerox 1910,Xerox 1915,1,0.0002,0.2,111.31
Xerox 1910,Lenovo 17-Key USB Numeric Keypad,1,0.0002,0.2,200.36
Xerox 1911,Computer Printout Paper with Letter-Trim Perforations,1,0.0002,0.2,143.11
Xerox 1911,Newell 317,1,0.0002,0.2,143.11
Xerox 1911,SAFCO Boltless Steel Shelving,1,0.0002,0.2,100.18
Xerox 1911,"Sanford EarthWrite Recycled Pencils, Medium Soft, #2",1,0.0002,0.2,333.93
Xerox 1911,Staples,1,0.0002,0.2,4.51
Xerox 1912,"Decoflex Hanging Personal Folder File, Blue",1,0.0002,0.25,139.14
Xerox 1912,"Recycled Desk Saver Line ""While You Were Out"" Book, 5 1/2"" X 4""",1,0.0002,0.25,250.45
Xerox 1912,SAFCO Boltless Steel Shelving,1,0.0002,0.25,125.22
Xerox 1912,Samsung Galaxy Note 3,1,0.0002,0.25,417.42
Xerox 1912,"Sauder Mission Library with Doors, Fruitwood Finish",1,0.0002,0.25,417.42
Xerox 1913,"Adams Phone Message Book, Professional, 400 Message Capacity, 5 3/6 x 11",1,0.0002,0.2,333.93
Xerox 1913,"Global Value Steno Chair, Gray",1,0.0002,0.2,100.18
Xerox 1913,Advantus Motivational Note Cards,1,0.0002,0.2,200.36
Xerox 1913,Global Italian Leather Office Chair,1,0.0002,0.2,500.9
Xerox 1913,Tennsco 6- and 18-Compartment Lockers,1,0.0002,0.2,91.07
Xerox 1914,Avery 477,1,0.0002,0.2,250.45
Xerox 1914,Avery Self-Adhesive Photo Pockets for Polaroid Photos,1,0.0002,0.2,91.07
Xerox 1914,Fellowes Officeware Wire Shelving,1,0.0002,0.2,91.07
Xerox 1914,Tripp Lite TLP810NET Broadband Surge for Modem/Fax,1,0.0002,0.2,166.97
Xerox 1914,DIXON Ticonderoga Erasable Checking Pencils,1,0.0002,0.2,143.11
Xerox 1915,GBC Recycled Regency Composition Covers,1,0.0002,0.1111,92.76
Xerox 1915,"Tenex Personal Self-Stacking Standard File Box, Black/Gray",1,0.0002,0.1111,111.31
Xerox 1915,HON 5400 Series Task Chairs for Big and Tall,1,0.0002,0.1111,69.57
Xerox 1915,Xerox 1910,1,0.0002,0.1111,111.31
Xerox 1915,"Acco 7-Outlet Masterpiece Power Center, Wihtout Fax/Phone Line Protection",1,0.0002,0.1111,79.51
Xerox 1916,Staples,3,0.000599,0.4286,9.67
Xerox 1916,9-3/4 Diameter Round Wall Clock,1,0.0002,0.1429,89.45
Xerox 1916,Honeywell Quietcare HEPA Air Cleaner,1,0.0002,0.1429,119.26
Xerox 1916,Self-Adhesive Address Labels for Typewriters by Universal,1,0.0002,0.1429,102.22
Xerox 1916,Xerox 1930,1,0.0002,0.1429,143.11
Xerox 1917,"Global Fabric Manager's Chair, Dark Gray",1,0.0002,0.2,111.31
Xerox 1917,Plantronics Savi W720 Multi-Device Wireless Headset System,1,0.0002,0.2,143.11
Xerox 1917,Sauder Inglewood Library Bookcases,1,0.0002,0.2,200.36
Xerox 1917,Xerox 1970,1,0.0002,0.2,166.97
Xerox 1917,Accohide Poly Flexible Ring Binders,1,0.0002,0.2,125.22
Xerox 1918,Balt Solid Wood Round Tables,1,0.0002,1.0,1252.25
Xerox 1918,Bretford Rectangular Conference Table Tops,1,0.0002,1.0,417.42
Xerox 1918,"Hon 30"" x 60"" Table with Locking Drawer",1,0.0002,1.0,1669.67
Xerox 1918,Xerox 1926,1,0.0002,1.0,5009.0
Xerox 1919,American Pencil,1,0.0002,0.1111,92.76
Xerox 1919,Avery 492,1,0.0002,0.1111,111.31
Xerox 1919,Samsung Galaxy S4 Active,1,0.0002,0.1111,278.28
Xerox 1919,"Wilson Jones Ledger-Size, Piano-Hinge Binder, 2"", Blue",1,0.0002,0.1111,46.38
Xerox 1919,Prang Colored Pencils,1,0.0002,0.1111,79.51
Xerox 192,X-Rack File for Hanging Folders,2,0.000399,0.3333,185.52
Xerox 192,Griffin GC17055 Auxiliary Audio Cable,1,0.0002,0.1667,139.14
Xerox 192,Pressboard Hanging Data Binders for Unburst Sheets,1,0.0002,0.1667,83.48
Xerox 192,Xerox 212,1,0.0002,0.1667,119.26
Xerox 192,OtterBox Defender Series Case - Samsung Galaxy S4,1,0.0002,0.1667,104.35
Xerox 1920,Tennsco Industrial Shelving,1,0.0002,0.25,139.14
Xerox 1921,"OIC Colored Binder Clips, Assorted Sizes",1,0.0002,0.3333,238.52
Xerox 1921,"Redi-Strip #10 Envelopes, 4 1/8 x 9 1/2",1,0.0002,0.3333,238.52
Xerox 1921,"Tyvek  Top-Opening Peel & Seel Envelopes, Plain White",1,0.0002,0.3333,238.52
Xerox 1921,Jabra SPEAK 410 Multidevice Speakerphone,1,0.0002,0.3333,556.56
Xerox 1922,Aluminum Screw Posts,1,0.0002,1.0,455.36
Xerox 1922,Flat Face Poster Frame,1,0.0002,1.0,417.42
Xerox 1922,Peel & Stick Add-On Corner Pockets,1,0.0002,1.0,715.57
Xerox 1923,Avery Metallic Poly Binders,1,0.0002,0.2,166.97
Xerox 1923,Hon Comfortask Task/Swivel Chairs,1,0.0002,0.2,166.97
Xerox 1923,Fellowes Neat Ideas Storage Cubes,1,0.0002,0.2,143.11
Xerox 1923,Xerox 1931,1,0.0002,0.2,125.22
Xerox 1923,Avery Self-Adhesive Photo Pockets for Polaroid Photos,1,0.0002,0.2,91.07
Xerox 1924,Avery File Folder Labels,1,0.0002,0.25,96.33
Xerox 1924,DAX Natural Wood-Tone Poster Frame,1,0.0002,0.25,250.45
Xerox 1924,"Eureka The Boss Plus 12-Amp Hard Box Upright Vacuum, Red",1,0.0002,0.25,208.71
Xerox 1924,GBC Twin Loop Wire Binding Elements,1,0.0002,0.25,125.22
Xerox 1924,"Memorex 25GB 6X Branded Blu-Ray Recordable Disc, 30/Pack",1,0.0002,0.25,313.06
Xerox 1925,Computer Printout Index Tabs,1,0.0002,0.1667,208.71
Xerox 1925,Colored Push Pins,1,0.0002,0.1667,166.97
Xerox 1925,"Dixon My First Ticonderoga Pencil, #2",1,0.0002,0.1667,208.71
Xerox 1925,Logitech G105 Gaming Keyboard,1,0.0002,0.1667,166.97
Xerox 1925,Logitech G19 Programmable Gaming Keyboard,1,0.0002,0.1667,104.35
Xerox 1926,Balt Solid Wood Round Tables,1,0.0002,1.0,1252.25
Xerox 1926,Bretford Rectangular Conference Table Tops,1,0.0002,1.0,417.42
Xerox 1926,"Hon 30"" x 60"" Table with Locking Drawer",1,0.0002,1.0,1669.67
Xerox 1926,Xerox 1918,1,0.0002,1.0,5009.0
Xerox 1927,Hon GuestStacker Chair,1,0.0002,0.2,111.31
Xerox 1927,Xerox 191,1,0.0002,0.2,100.18
Xerox 1927,Xerox 1974,1,0.0002,0.2,250.45
Xerox 1927,Acco Hot Clips Clips to Go,1,0.0002,0.2,166.97
Xerox 1927,Newell 348,1,0.0002,0.2,166.97
Xerox 1928,Eldon Shelf Savers Cubes and Bins,1,0.0002,0.25,156.53
Xerox 1928,G.E. Longer-Life Indoor Recessed Floodlight Bulbs,1,0.0002,0.25,208.71
Xerox 1928,"Global Wood Trimmed Manager's Task Chair, Khaki",1,0.0002,0.25,89.45
Xerox 1928,Logitech G700s Rechargeable Gaming Mouse,1,0.0002,0.25,139.14
Xerox 1928,Riverside Furniture Stanwyck Manor Table Series,1,0.0002,0.25,417.42
Xerox 1929,Avery Non-Stick Binders,1,0.0002,0.25,62.61
Xerox 1929,Colored Push Pins,1,0.0002,0.25,250.45
Xerox 1929,Logitech Gaming G510s - Keyboard,1,0.0002,0.25,156.53
Xerox 1929,2300 Heavy-Duty Transfer File Systems by Perma,1,0.0002,0.25,313.06
Xerox 1929,Cisco SPA 502G IP Phone,1,0.0002,0.25,250.45
Xerox 193,"Angle-D Binders with Locking Rings, Label Holders",1,0.0002,0.3333,166.97
Xerox 193,Fellowes Bankers Box Stor/Drawer Steel Plus,1,0.0002,0.3333,139.14
Xerox 193,Global Comet Stacking Arm Chair,1,0.0002,0.3333,333.93
Xerox 193,Grandstream GXP1160 VoIP phone,1,0.0002,0.3333,278.28
Xerox 193,HTC One Mini,1,0.0002,0.3333,417.42
Xerox 1930,Xerox 1916,1,0.0002,0.2,143.11
Xerox 1930,Staples,1,0.0002,0.2,4.51
Xerox 1930,Xerox 202,1,0.0002,0.2,125.22
Xerox 1930,File Shuttle I and Handi-File,1,0.0002,0.2,333.93
Xerox 1930,"Bush Andora Bookcase, Maple/Graphite Gray Finish",1,0.0002,0.2,111.31
Xerox 1931,Acme Titanium Bonded Scissors,1,0.0002,0.125,125.22
Xerox 1931,Cisco SPA525G2 IP Phone - Wireless,1,0.0002,0.125,125.22
Xerox 1931,Regeneration Desk Collection,1,0.0002,0.125,125.22
Xerox 1931,Xerox 1976,1,0.0002,0.125,313.06
Xerox 1931,Xerox 1988,1,0.0002,0.125,69.57
Xerox 1932,Avery Personal Creations Heavyweight Cards,1,0.0002,1.0,1669.67
Xerox 1932,Bevis Rectangular Conference Tables,1,0.0002,1.0,1252.25
Xerox 1932,"Bush Westfield Collection Bookcases, Dark Cherry Finish",1,0.0002,1.0,1669.67
Xerox 1932,DAX Wood Document Frame,1,0.0002,1.0,556.56
Xerox 1932,Logitech Keyboard K120,1,0.0002,1.0,1669.67
Xerox 1933,Advantus Plastic Paper Clips,1,0.0002,0.2,100.18
Xerox 1933,Prang Colored Pencils,1,0.0002,0.2,143.11
Xerox 1933,"Adams ""While You Were Out"" Message Pads",1,0.0002,0.2,200.36
Xerox 1933,Newell 350,1,0.0002,0.2,166.97
Xerox 1933,Belkin F9S820V06 8 Outlet Surge,1,0.0002,0.2,250.45
Xerox 1934,Hoover WindTunnel Plus Canister Vacuum,1,0.0002,0.2,333.93
Xerox 1934,Ibico Standard Transparent Covers,1,0.0002,0.2,100.18
Xerox 1934,Newell 329,1,0.0002,0.2,500.9
Xerox 1934,Panasonic KX T7731-B Digital phone,1,0.0002,0.2,333.93
Xerox 1934,"Safco Wire Cube Shelving System, For Use as 4 or 5 14"" Cubes, Black",1,0.0002,0.2,250.45
Xerox 1935,Cyber Acoustics AC-202b Speech Recognition Stereo Headset,1,0.0002,0.25,250.45
Xerox 1935,Xerox 2,1,0.0002,0.25,139.14
Xerox 1936,Newell 341,1,0.0002,0.3333,238.52
Xerox 1936,"Computer Room Manger, 14""",1,0.0002,0.3333,238.52
Xerox 1936,"Gould Plastics 18-Pocket Panel Bin, 34w x 5-1/4d x 20-1/2h",1,0.0002,0.3333,166.97
Xerox 1936,Global Commerce Series Low-Back Swivel/Tilt Chairs,1,0.0002,0.3333,238.52
Xerox 1936,Newell 309,1,0.0002,0.3333,333.93
Xerox 1937,Avery Legal 4-Ring Binder,1,0.0002,0.25,313.06
Xerox 1937,Grandstream GXP1160 VoIP phone,1,0.0002,0.25,208.71
Xerox 1937,Hewlett Packard 310 Color Digital Copier,1,0.0002,0.25,208.71
Xerox 1937,"Perixx PERIBOARD-512B, Ergonomic Split Keyboard",1,0.0002,0.25,417.42
Xerox 1937,Personal File Boxes with Fold-Down Carry Handle,1,0.0002,0.25,250.45
Xerox 1938,Plantronics S12 Corded Telephone Headset System,1,0.0002,1.0,834.83
Xerox 1939,Avery Premier Heavy-Duty Binder with Round Locking Rings,1,0.0002,0.2,143.11
Xerox 1939,"Floodlight Indoor Halogen Bulbs, 1 Bulb per Pack, 60 Watts",1,0.0002,0.2,166.97
Xerox 1939,"Tennsco Stur-D-Stor Boltless Shelving, 5 Shelves, 24"" Deep, Sand",1,0.0002,0.2,143.11
Xerox 1939,Xerox 223,1,0.0002,0.2,333.93
Xerox 1939,Xerox 1893,1,0.0002,0.2,91.07
Xerox 194,C-Line Cubicle Keepers Polyproplyene Holder With Velcro Backings,1,0.0002,0.25,156.53
Xerox 194,Tenex B1-RE Series Chair Mats for Low Pile Carpets,1,0.0002,0.25,178.89
Xerox 194,Xerox 211,1,0.0002,0.25,313.06
Xerox 194,Fellowes Mighty 8 Compact Surge Protector,1,0.0002,0.25,208.71
Xerox 194,GBC ProClick Punch Binding System,1,0.0002,0.25,178.89
Xerox 1940,Xerox 1986,1,0.0002,0.25,313.06
Xerox 1940,"Fellowes Mobile File Cart, Black",1,0.0002,0.25,125.22
Xerox 1940,Xerox 1962,1,0.0002,0.25,178.89
Xerox 1940,Wilson Jones International Size A4 Ring Binders,1,0.0002,0.25,178.89
Xerox 1940,ACCOHIDE Binder by Acco,1,0.0002,0.25,313.06
Xerox 1941,APC 7 Outlet Network SurgeArrest Surge Protector,1,0.0002,0.2,125.22
Xerox 1941,Case Logic 2.4GHz Wireless Keyboard,1,0.0002,0.2,125.22
Xerox 1941,GBC Recycled Grain Textured Covers,1,0.0002,0.2,200.36
Xerox 1941,Global Leather Executive Chair,1,0.0002,0.2,143.11
Xerox 1941,Self-Adhesive Ring Binder Labels,1,0.0002,0.2,250.45
Xerox 1942,Acme Value Line Scissors,1,0.0002,0.1667,83.48
Xerox 1942,C-Line Cubicle Keepers Polyproplyene Holder With Velcro Backings,1,0.0002,0.1667,104.35
Xerox 1942,"Holmes Replacement Filter for HEPA Air Cleaner, Medium Room",1,0.0002,0.1667,208.71
Xerox 1942,Logitech Wireless Performance Mouse MX for PC and Mac,1,0.0002,0.1667,119.26
Xerox 1942,Memorex Mini Travel Drive 64 GB USB 2.0 Flash Drive,1,0.0002,0.1667,139.14
Xerox 1943,"Acco PRESSTEX Data Binder with Storage Hooks, Dark Blue, 14 7/8"" X 11""",1,0.0002,0.25,178.89
Xerox 1943,Luxo Economy Swing Arm Lamp,1,0.0002,0.25,250.45
Xerox 1943,"Verbatim 25 GB 6x Blu-ray Single Layer Recordable Disc, 3/Pack",1,0.0002,0.25,208.71
Xerox 1943,Sony 16GB Class 10 Micro SDHC R40 Memory Card,1,0.0002,0.25,313.06
Xerox 1943,Aastra 57i VoIP phone,1,0.0002,0.25,178.89
Xerox 1944,Presstex Flexible Ring Binders,1,0.0002,0.1667,104.35
Xerox 1944,"Acco Six-Outlet Power Strip, 4' Cord Length",1,0.0002,0.1667,92.76
Xerox 1944,Avanti 4.4 Cu. Ft. Refrigerator,1,0.0002,0.1667,119.26
Xerox 1944,Avery 474,1,0.0002,0.1667,92.76
Xerox 1944,Maxell LTO Ultrium - 800 GB,1,0.0002,0.1667,104.35
Xerox 1945,AT&T TR1909W,1,0.0002,0.125,156.53
Xerox 1945,Wilson Electronics DB Pro Signal Booster,1,0.0002,0.125,62.61
Xerox 1945,Globe Weis Peel & Seel First Class Envelopes,1,0.0002,0.125,89.45
Xerox 1945,KI Adjustable-Height Table,1,0.0002,0.125,34.78
Xerox 1945,"GBC Pre-Punched Binding Paper, Plastic, White, 8-1/2"" x 11""",1,0.0002,0.125,78.27
Xerox 1946,"DataProducts Ampli Magnifier Task Lamp, Black,",1,0.0002,0.3333,333.93
Xerox 1946,"Alliance Big Bands Rubber Bands, 12/Pack",1,0.0002,0.3333,417.42
Xerox 1946,Cisco SPA508G,1,0.0002,0.3333,333.93
Xerox 1946,Fellowes Powershred HS-440 4-Sheet High Security Shredder,1,0.0002,0.3333,556.56
Xerox 1946,Global Low Back Tilter Chair,1,0.0002,0.3333,208.71
Xerox 1947,Kingston Digital DataTraveler 16GB USB 2.0,1,0.0002,0.2,77.06
Xerox 1947,UniKeep View Case Binders,1,0.0002,0.2,200.36
Xerox 1947,"Hon Metal Bookcases, Putty",1,0.0002,0.2,200.36
Xerox 1947,Xerox 1898,1,0.0002,0.2,91.07
Xerox 1947,Luxo Professional Magnifying Clamp-On Fluorescent Lamps,1,0.0002,0.2,250.45
Xerox 1948,"GBC Pre-Punched Binding Paper, Plastic, White, 8-1/2"" x 11""",1,0.0002,0.3333,208.71
Xerox 1948,Geemarc AmpliPOWER60,1,0.0002,0.3333,151.79
Xerox 1948,Honeywell Quietcare HEPA Air Cleaner,1,0.0002,0.3333,278.28
Xerox 1948,Eldon Advantage Chair Mats for Low to Medium Pile Carpets,1,0.0002,0.3333,333.93
Xerox 1948,Storex Dura Pro Binders,1,0.0002,0.3333,98.22
Xerox 1949,"Verbatim 25 GB 6x Blu-ray Single Layer Recordable Disc, 1/Pack",1,0.0002,0.125,208.71
Xerox 1949,Deflect-o Glass Clear Studded Chair Mats,1,0.0002,0.125,89.45
Xerox 1949,"Fellowes Twister Kit, Gray/Clear, 3/pkg",1,0.0002,0.125,62.61
Xerox 1949,Ibico Covers for Plastic or Wire Binding Elements,1,0.0002,0.125,89.45
Xerox 1949,Maxell 4.7GB DVD-RW 3/Pack,1,0.0002,0.125,156.53
Xerox 195,"Recycled Data-Pak for Archival Bound Computer Printouts, 12-1/2 x 12-1/2 x 16",1,0.0002,0.125,104.35
Xerox 195,White GlueTop Scratch Pads,1,0.0002,0.125,313.06
Xerox 195,Avery Fluorescent Highlighter Four-Color Set,1,0.0002,0.125,78.27
Xerox 195,Cisco TelePresence System EX90 Videoconferencing Unit,1,0.0002,0.125,626.12
Xerox 195,"Dana Fluorescent Magnifying Lamp, White, 36""",1,0.0002,0.125,156.53
Xerox 1950,Kensington 7 Outlet MasterPiece Power Center,1,0.0002,0.3333,333.93
Xerox 1950,ClearSounds CSC500 Amplified Spirit Phone Corded phone,1,0.0002,0.3333,278.28
Xerox 1950,Hon 4060 Series Tables,1,0.0002,0.3333,417.42
Xerox 1950,NETGEAR AC1750 Dual Band Gigabit Smart WiFi Router,1,0.0002,0.3333,333.93
Xerox 1950,Newell 335,1,0.0002,0.3333,417.42
Xerox 1951,Office Star - Mesh Screen back chair with Vinyl seat,1,0.0002,0.1667,119.26
Xerox 1951,"Advantus Employee of the Month Certificate Frame, 11 x 13-1/2",1,0.0002,0.1667,166.97
Xerox 1951,Fellowes Super Stor/Drawer Files,1,0.0002,0.1667,92.76
Xerox 1951,Newell 344,1,0.0002,0.1667,139.14
Xerox 1951,"Premier Elliptical Ring Binder, Black",1,0.0002,0.1667,92.76
Xerox 1952,"Avery Framed View Binder, EZD Ring (Locking), Navy, 1 1/2""",1,0.0002,0.25,208.71
Xerox 1952,"Fellowes Twister Kit, Gray/Clear, 3/pkg",1,0.0002,0.25,125.22
Xerox 1952,"Letter/Legal File Tote with Clear Snap-On Lid, Black Granite",1,0.0002,0.25,313.06
Xerox 1952,Maxell LTO Ultrium - 800 GB,1,0.0002,0.25,156.53
Xerox 1952,Newell 325,1,0.0002,0.25,208.71
Xerox 1953,Xerox 1962,1,0.0002,0.25,178.89
Xerox 1953,Eldon Mobile Mega Data Cart  Mega Stackable  Add-On Trays,1,0.0002,0.25,208.71
Xerox 1953,Bevis Round Conference Table Top & Single Column Base,1,0.0002,0.25,250.45
Xerox 1953,"Commercial WindTunnel Clean Air Upright Vacuum, Replacement Belts, Filtration Bags",1,0.0002,0.25,178.89
Xerox 1954,"Computer Room Manger, 14""",1,0.0002,0.25,178.89
Xerox 1954,Global Low Back Tilter Chair,1,0.0002,0.25,156.53
Xerox 1954,Logitech 910-002974 M325 Wireless Mouse for Web Scrolling,1,0.0002,0.25,83.48
Xerox 1954,Xerox 1888,1,0.0002,0.25,208.71
Xerox 1954,Avery Self-Adhesive Photo Pockets for Polaroid Photos,1,0.0002,0.25,113.84
Xerox 1955,Fellowes Superior 10 Outlet Split Surge Protector,1,0.0002,0.5,278.28
Xerox 1955,"Barricks 18"" x 48"" Non-Folding Utility Table with Bottom Storage Shelf",1,0.0002,0.5,500.9
Xerox 1955,HTC One,1,0.0002,0.5,626.12
Xerox 1955,"Hot File 7-Pocket, Floor Stand",1,0.0002,0.5,192.65
Xerox 1955,Samsung Galaxy S III - 16GB - pebble blue (T-Mobile),1,0.0002,0.5,417.42
Xerox 1956,DIXON Ticonderoga Erasable Checking Pencils,1,0.0002,0.5,357.79
Xerox 1956,Global Chrome Stack Chair,1,0.0002,0.5,417.42
Xerox 1956,Hand-Finished Solid Wood Document Frame,1,0.0002,0.5,834.83
Xerox 1956,Logitech G13 Programmable Gameboard with LCD Display,1,0.0002,0.5,626.12
Xerox 1957,Staples,2,0.000399,0.3333,7.52
Xerox 1957,AT&T CL82213,1,0.0002,0.1667,166.97
Xerox 1957,Crayola Colored Pencils,1,0.0002,0.1667,75.89
Xerox 1957,Martin Yale Chadless Opener Electric Letter Opener,1,0.0002,0.1667,139.14
Xerox 1957,Newell 321,1,0.0002,0.1667,208.71
Xerox 1958,2300 Heavy-Duty Transfer File Systems by Perma,1,0.0002,0.5,626.12
Xerox 1959,Newell 313,1,0.0002,0.1667,278.28
Xerox 1959,"SAFCO Mobile Desk Side File, Wire Frame",1,0.0002,0.1667,104.35
Xerox 1959,"Acco Data Flex Cable Posts For Top & Bottom Load Binders, 6"" Capacity",1,0.0002,0.1667,83.48
Xerox 1959,Avery Durable Binders,1,0.0002,0.1667,69.57
Xerox 1959,Kensington 6 Outlet MasterPiece HOMEOFFICE Power Control Center,1,0.0002,0.1667,417.42
Xerox 196,Global Chrome Stack Chair,1,0.0002,0.125,104.35
Xerox 196,"Global Leather and Oak Executive Chair, Black",1,0.0002,0.125,78.27
Xerox 196,Maxell DVD-RAM Discs,1,0.0002,0.125,208.71
Xerox 196,Office Star - Professional Matrix Back Chair with 2-to-1 Synchro Tilt and Mesh Fabric Seat,1,0.0002,0.125,78.27
Xerox 196,"Redi-Strip #10 Envelopes, 4 1/8 x 9 1/2",1,0.0002,0.125,89.45
Xerox 1960,Boston 16701 Slimline Battery Pencil Sharpener,1,0.0002,0.1667,417.42
Xerox 1960,Newell 313,1,0.0002,0.1667,278.28
Xerox 1960,Plantronics Single Ear Headset,1,0.0002,0.1667,834.83
Xerox 1960,Riverleaf Stik-Withit Designer Note Cubes,1,0.0002,0.1667,166.97
Xerox 1960,"Verbatim 25 GB 6x Blu-ray Single Layer Recordable Disc, 3/Pack",1,0.0002,0.1667,139.14
Xerox 1962,Xerox 1953,1,0.0002,0.1429,178.89
Xerox 1962,"Acco Six-Outlet Power Strip, 4' Cord Length",1,0.0002,0.1429,79.51
Xerox 1962,Avanti 4.4 Cu. Ft. Refrigerator,1,0.0002,0.1429,102.22
Xerox 1962,Avery 474,1,0.0002,0.1429,79.51
Xerox 1962,Maxell LTO Ultrium - 800 GB,1,0.0002,0.1429,89.45
Xerox 1963,Hewlett-Packard Deskjet 6540 Color Inkjet Printer,1,0.0002,0.3333,834.83
Xerox 1963,"Advantus Employee of the Month Certificate Frame, 11 x 13-1/2",1,0.0002,0.3333,333.93
Xerox 1963,Fellowes Super Stor/Drawer Files,1,0.0002,0.3333,185.52
Xerox 1963,Newell 344,1,0.0002,0.3333,278.28
Xerox 1963,"Premier Elliptical Ring Binder, Black",1,0.0002,0.3333,185.52
Xerox 1964,DMI Arturo Collection Mission-style Design Wood Chair,1,0.0002,0.25,113.84
Xerox 1964,DAX Wood Document Frame.,1,0.0002,0.25,313.06
Xerox 1964,Digium D40 VoIP phone,1,0.0002,0.25,139.14
Xerox 1964,Avery 520,1,0.0002,0.25,250.45
Xerox 1964,"Bevis Traditional Conference Table Top, Plinth Base",1,0.0002,0.25,417.42
Xerox 1965,"Hot File 7-Pocket, Floor Stand",1,0.0002,0.25,96.33
Xerox 1965,"Maxell 74 Minute CD-R Spindle, 50/Pack",1,0.0002,0.25,250.45
Xerox 1965,Newell 348,1,0.0002,0.25,208.71
Xerox 1965,"Binney & Smith Crayola Metallic Colored Pencils, 8-Color Set",1,0.0002,0.25,178.89
Xerox 1966,Acme Kleen Earth Office Shears,1,0.0002,0.1667,166.97
Xerox 1966,Logitech Wireless Marathon Mouse M705,1,0.0002,0.1667,104.35
Xerox 1966,Safco Commercial Shelving,1,0.0002,0.1667,166.97
Xerox 1966,Xerox 209,1,0.0002,0.1667,166.97
Xerox 1966,Newell 333,1,0.0002,0.1667,75.89
Xerox 1967,Avery Hidden Tab Dividers for Binding Systems,1,0.0002,0.2,143.11
Xerox 1967,"Bush Heritage Pine Collection 5-Shelf Bookcase, Albany Pine Finish, *Special Order",1,0.0002,0.2,125.22
Xerox 1967,Prang Drawing Pencil Set,1,0.0002,0.2,91.07
Xerox 1967,Newell 333,1,0.0002,0.2,91.07
Xerox 1967,Xerox 1966,1,0.0002,0.2,166.97
Xerox 1968,Boston KS Multi-Size Manual Pencil Sharpener,1,0.0002,0.2,143.11
Xerox 1968,Samsung Galaxy Mega 6.3,1,0.0002,0.2,166.97
Xerox 1968,"Sauder Camden County Collection Libraries, Planked Cherry Finish",1,0.0002,0.2,143.11
Xerox 1968,Akro-Mils 12-Gallon Tote,1,0.0002,0.2,250.45
Xerox 1968,"Tenex Traditional Chairmats for Hard Floors, Average Lip, 36"" x 48""",1,0.0002,0.2,500.9
Xerox 1969,"Eldon 200 Class Desk Accessories, Smoke",1,0.0002,1.0,1252.25
Xerox 1969,I Need's 3d Hello Kitty Hybrid Silicone Case Cover for HTC One X 4g with 3d Hello Kitty Stylus Pen Green/pink,1,0.0002,1.0,500.9
Xerox 1969,Xerox 4200 Series MultiUse Premium Copy Paper (20Lb. and 84 Bright),1,0.0002,1.0,626.12
Xerox 197,Hon Non-Folding Utility Tables,1,0.0002,0.3333,333.93
Xerox 197,Logitech G35 7.1-Channel Surround Sound Headset,1,0.0002,0.3333,278.28
Xerox 197,"Rush Hierlooms Collection 1"" Thick Stackable Bookcases",1,0.0002,0.3333,417.42
Xerox 197,"Tensor ""Hersey Kiss"" Styled Floor Lamp",1,0.0002,0.3333,556.56
Xerox 197,Xerox 1884,1,0.0002,0.3333,208.71
Xerox 1970,"Global Fabric Manager's Chair, Dark Gray",1,0.0002,0.1667,92.76
Xerox 1970,Plantronics Savi W720 Multi-Device Wireless Headset System,1,0.0002,0.1667,119.26
Xerox 1970,Sauder Inglewood Library Bookcases,1,0.0002,0.1667,166.97
Xerox 1970,Xerox 1917,1,0.0002,0.1667,166.97
Xerox 1970,Fellowes Mighty 8 Compact Surge Protector,1,0.0002,0.1667,139.14
Xerox 1971,Staples,2,0.000399,0.3333,7.52
Xerox 1971,Hypercom P1300 Pinpad,1,0.0002,0.1667,119.26
Xerox 1971,"#10 White Business Envelopes,4 1/8 x 9 1/2",1,0.0002,0.1667,119.26
Xerox 1971,Newell 34,1,0.0002,0.1667,119.26
Xerox 1971,Polycom CX300 Desktop Phone USB VoIP phone,1,0.0002,0.1667,166.97
Xerox 1972,Space Solutions HD Industrial Steel Shelving.,1,0.0002,0.2,125.22
Xerox 1972,Avery Hi-Liter Fluorescent Desk Style Markers,1,0.0002,0.2,500.9
Xerox 1972,Cisco 8x8 Inc. 6753i IP Business Phone System,1,0.0002,0.2,166.97
Xerox 1972,Recycled Eldon Regeneration Jumbo File,1,0.0002,0.2,166.97
Xerox 1972,#6 3/4 Gummed Flap White Envelopes,1,0.0002,0.2,250.45
Xerox 1973,Xerox 210,1,0.0002,0.5,417.42
Xerox 1973,Avery 511,1,0.0002,0.5,417.42
Xerox 1973,Fiskars Softgrip Scissors,1,0.0002,0.5,357.79
Xerox 1974,Bevis Boat-Shaped Conference Table,1,0.0002,0.25,208.71
Xerox 1974,Hon GuestStacker Chair,1,0.0002,0.25,139.14
Xerox 1974,Xerox 191,1,0.0002,0.25,125.22
Xerox 1974,Xerox 1927,1,0.0002,0.25,250.45
Xerox 1975,APC 7 Outlet Network SurgeArrest Surge Protector,1,0.0002,0.2,125.22
Xerox 1975,"Acco Pressboard Covers with Storage Hooks, 14 7/8"" x 11"", Executive Red",1,0.0002,0.2,125.22
Xerox 1975,Dax Clear Box Frame,1,0.0002,0.2,166.97
Xerox 1975,Global Enterprise Series Seating High-Back Swivel/Tilt Chairs,1,0.0002,0.2,250.45
Xerox 1975,Nontoxic Chalk,1,0.0002,0.2,125.22
Xerox 1976,Acme Titanium Bonded Scissors,1,0.0002,0.5,500.9
Xerox 1976,Cisco SPA525G2 IP Phone - Wireless,1,0.0002,0.5,500.9
Xerox 1976,Regeneration Desk Collection,1,0.0002,0.5,500.9
Xerox 1976,Xerox 1931,1,0.0002,0.5,313.06
Xerox 1976,Xerox 1988,1,0.0002,0.5,278.28
Xerox 1977,Hon Non-Folding Utility Tables,1,0.0002,0.1667,166.97
Xerox 1977,Logitech G35 7.1-Channel Surround Sound Headset,1,0.0002,0.1667,139.14
Xerox 1977,"Rush Hierlooms Collection 1"" Thick Stackable Bookcases",1,0.0002,0.1667,208.71
Xerox 1977,"Tensor ""Hersey Kiss"" Styled Floor Lamp",1,0.0002,0.1667,278.28
Xerox 1977,Xerox 1884,1,0.0002,0.1667,104.35
Xerox 1978,Acrylic Self-Standing Desk Frames,1,0.0002,0.125,78.27
Xerox 1978,Avoid Verbal Orders Carbonless Minifold Book,1,0.0002,0.125,125.22
Xerox 1978,"#10- 4 1/8"" x 9 1/2"" Recycled Envelopes",1,0.0002,0.125,62.61
Xerox 1978,Bevis Round Conference Table Top & Single Column Base,1,0.0002,0.125,125.22
Xerox 1978,Binder Posts,1,0.0002,0.125,104.35
Xerox 1979,"Commercial WindTunnel Clean Air Upright Vacuum, Replacement Belts, Filtration Bags",1,0.0002,0.3333,238.52
Xerox 1979,Mophie Juice Pack Helium for iPhone,1,0.0002,0.3333,278.28
Xerox 1979,Advantus SlideClip Paper Clips,1,0.0002,0.3333,556.56
Xerox 1979,GBC DocuBind P100 Manual Binding Machine,1,0.0002,0.3333,208.71
Xerox 1979,"SAFCO Commercial Wire Shelving, Black",1,0.0002,0.3333,166.97
Xerox 198,"Fellowes Premier Superior Surge Suppressor, 10-Outlet, With Phone and Remote",1,0.0002,0.3333,238.52
Xerox 198,Maxell DVD-RAM Discs,1,0.0002,0.3333,556.56
Xerox 198,Panasonic KX-TG9471B,1,0.0002,0.3333,238.52
Xerox 198,Ativa V4110MDD Micro-Cut Shredder,1,0.0002,0.3333,834.83
Xerox 198,Honeywell Enviracaire Portable HEPA Air Cleaner for 17' x 22' Room,1,0.0002,0.3333,208.71
Xerox 1980,Xerox 1987,1,0.0002,0.5,626.12
Xerox 1981,Avery 477,1,0.0002,0.25,313.06
Xerox 1981,Avery Hanging File Binders,1,0.0002,0.25,208.71
Xerox 1981,DYMO CardScan Personal V9 Business Card Scanner,1,0.0002,0.25,417.42
Xerox 1981,"Executive Impressions 10"" Spectator Wall Clock",1,0.0002,0.25,250.45
Xerox 1981,Mophie Juice Pack Helium for iPhone,1,0.0002,0.25,208.71
Xerox 1982,"Acco Data Flex Cable Posts For Top & Bottom Load Binders, 6"" Capacity",1,0.0002,0.3333,166.97
Xerox 1982,"Recycled Desk Saver Line ""While You Were Out"" Book, 5 1/2"" X 4""",1,0.0002,0.3333,333.93
Xerox 1982,Xerox 1986,1,0.0002,0.3333,417.42
Xerox 1982,Unpadded Memo Slips,1,0.0002,0.3333,834.83
Xerox 1982,Xerox 1913,1,0.0002,0.3333,333.93
Xerox 1983,Enermax Acrylux Wireless Keyboard,1,0.0002,0.5,417.42
Xerox 1983,Rogers Deluxe File Chest,1,0.0002,0.5,313.06
Xerox 1985,Hypercom P1300 Pinpad,1,0.0002,0.5,357.79
Xerox 1985,12 Colored Short Pencils,1,0.0002,0.5,834.83
Xerox 1986,Xerox 1940,1,0.0002,0.25,313.06
Xerox 1986,"Acco Data Flex Cable Posts For Top & Bottom Load Binders, 6"" Capacity",1,0.0002,0.25,125.22
Xerox 1986,"Recycled Desk Saver Line ""While You Were Out"" Book, 5 1/2"" X 4""",1,0.0002,0.25,250.45
Xerox 1986,Xerox 1982,1,0.0002,0.25,417.42
Xerox 1986,"Linden 12"" Wall Clock With Oak Frame",1,0.0002,0.25,1252.25
Xerox 1987,Logitech Mobile Speakerphone P710e - speaker phone,1,0.0002,0.25,250.45
Xerox 1987,Xerox 1980,1,0.0002,0.25,626.12
Xerox 1988,Acme Titanium Bonded Scissors,1,0.0002,0.1111,111.31
Xerox 1988,Cisco SPA525G2 IP Phone - Wireless,1,0.0002,0.1111,111.31
Xerox 1988,Regeneration Desk Collection,1,0.0002,0.1111,111.31
Xerox 1988,Xerox 1931,1,0.0002,0.1111,69.57
Xerox 1988,Xerox 1976,1,0.0002,0.1111,278.28
Xerox 199,Acco Perma 3000 Stacking Storage Drawers,1,0.0002,0.25,208.71
Xerox 199,"Avery Hi-Liter Comfort Grip Fluorescent Highlighter, Yellow Ink",1,0.0002,0.25,626.12
Xerox 199,Hon Every-Day Series Multi-Task Chairs,1,0.0002,0.25,125.22
Xerox 199,"Hot File 7-Pocket, Floor Stand",1,0.0002,0.25,96.33
Xerox 199,Xerox 4200 Series MultiUse Premium Copy Paper (20Lb. and 84 Bright),1,0.0002,0.25,156.53
Xerox 1990,Euro-Pro Shark Turbo Vacuum,1,0.0002,0.5,417.42
Xerox 1990,Motorola Droid Maxx,1,0.0002,0.5,626.12
Xerox 1991,Imation Clip USB flash drive - 8 GB,1,0.0002,0.1667,119.26
Xerox 1991,Kensington 7 Outlet MasterPiece HOMEOFFICE Power Control Center,1,0.0002,0.1667,166.97
Xerox 1991,Okidata C331dn Printer,1,0.0002,0.1667,166.97
Xerox 1991,"Wilson Jones Hanging View Binder, White, 1""",1,0.0002,0.1667,119.26
Xerox 1991,Acme Preferred Stainless Steel Scissors,1,0.0002,0.1667,208.71
Xerox 1992,Belkin 8 Outlet Surge Protector,1,0.0002,0.25,178.89
Xerox 1992,GBC ProClick Punch Binding System,1,0.0002,0.25,178.89
Xerox 1992,Avery 490,1,0.0002,0.25,250.45
Xerox 1992,"Tenex Personal Self-Stacking Standard File Box, Black/Gray",1,0.0002,0.25,250.45
Xerox 1992,Dana Halogen Swing-Arm Architect Lamp,1,0.0002,0.25,208.71
Xerox 1993,"Carina 42""Hx23 3/4""W Media Storage Unit",1,0.0002,0.125,78.27
Xerox 1993,"Rediform Wirebound ""Phone Memo"" Message Book, 11 x 5-3/4",1,0.0002,0.125,125.22
Xerox 1993,Strathmore Photo Frame Cards,1,0.0002,0.125,156.53
Xerox 1993,Tennsco 6- and 18-Compartment Lockers,1,0.0002,0.125,56.92
Xerox 1993,Advantus Plastic Paper Clips,1,0.0002,0.125,62.61
Xerox 1994,Personal Creations Ink Jet Cards and Labels,1,0.0002,0.25,313.06
Xerox 1994,DIXON Ticonderoga Erasable Checking Pencils,1,0.0002,0.25,178.89
Xerox 1994,Xerox 1914,1,0.0002,0.25,250.45
Xerox 1994,"Boston School Pro Electric Pencil Sharpener, 1670",1,0.0002,0.25,178.89
Xerox 1994,GBC Plastic Binding Combs,1,0.0002,0.25,125.22
Xerox 1995,GBC Recycled Grain Textured Covers,1,0.0002,0.1667,166.97
Xerox 1995,Global Leather Executive Chair,1,0.0002,0.1667,119.26
Xerox 1995,Self-Adhesive Ring Binder Labels,1,0.0002,0.1667,208.71
Xerox 1995,Xerox 1941,1,0.0002,0.1667,166.97
Xerox 1995,Avery 516,1,0.0002,0.1667,208.71
Xerox 1996,Newell 321,1,0.0002,0.125,156.53
Xerox 1996,"ACCOHIDE 3-Ring Binder, Blue, 1""",1,0.0002,0.125,48.16
Xerox 1996,Newell 327,1,0.0002,0.125,156.53
Xerox 1996,Xerox 213,1,0.0002,0.125,104.35
Xerox 1996,Avery 49,1,0.0002,0.125,104.35
Xerox 1997,"DAX Contemporary Wood Frame with Silver Metal Mat, Desktop, 11 x 14 Size",1,0.0002,0.125,125.22
Xerox 1997,"DataProducts Ampli Magnifier Task Lamp, Black,",1,0.0002,0.125,125.22
Xerox 1997,Executive Impressions Supervisor Wall Clock,1,0.0002,0.125,156.53
Xerox 1997,Logitech P710e Mobile Speakerphone,1,0.0002,0.125,69.57
Xerox 1997,"DAX Value U-Channel Document Frames, Easel Back",1,0.0002,0.125,62.61
Xerox 1998,Bady BDG101FRU Card Printer,1,0.0002,0.5,626.12
Xerox 1999,KI Conference Tables,1,0.0002,0.1429,89.45
Xerox 1999,Xerox 2,1,0.0002,0.1429,79.51
Xerox 1999,Southworth Parchment Paper & Envelopes,1,0.0002,0.1429,119.26
Xerox 1999,Ibico Standard Transparent Covers,1,0.0002,0.1429,71.56
Xerox 1999,"Seth Thomas 13 1/2"" Wall Clock",1,0.0002,0.1429,143.11
Xerox 2,Staples,1,0.0002,0.1111,2.51
Xerox 2,"Array Parchment Paper, Assorted Colors",1,0.0002,0.1111,139.14
Xerox 2,HTC One Mini,1,0.0002,0.1111,139.14
Xerox 2,"Hon Metal Bookcases, Black",1,0.0002,0.1111,111.31
Xerox 2,Okidata C331dn Printer,1,0.0002,0.1111,111.31
Xerox 20,Avery 483,1,0.0002,1.0,834.83
Xerox 20,Tennsco 6- and 18-Compartment Lockers,1,0.0002,1.0,455.36
Xerox 200,Polycom VVX 310 VoIP phone,1,0.0002,0.2,125.22
Xerox 200,Aluminum Screw Posts,1,0.0002,0.2,91.07
Xerox 200,Avery Fluorescent Highlighter Four-Color Set,1,0.0002,0.2,125.22
Xerox 200,"Brites Rubber Bands, 1 1/2 oz. Box",1,0.0002,0.2,333.93
Xerox 2000,"Bevis Round Conference Table Top, X-Base",1,0.0002,0.2,166.97
Xerox 2000,Cardinal EasyOpen D-Ring Binders,1,0.0002,0.2,125.22
Xerox 2000,Hewlett-Packard Deskjet D4360 Printer,1,0.0002,0.2,1001.8
Xerox 2000,Polycom SoundPoint Pro SE-225 Corded phone,1,0.0002,0.2,250.45
Xerox 2000,"3M Polarizing Task Lamp with Clamp Arm, Light Gray",1,0.0002,0.2,250.45
Xerox 201,"Global Airflow Leather Mesh Back Chair, Black",1,0.0002,0.2,111.31
Xerox 201,Belkin 6 Outlet Metallic Surge Strip,1,0.0002,0.2,111.31
Xerox 201,Ibico Plastic Spiral Binding Combs,1,0.0002,0.2,77.06
Xerox 201,"Memorex 25GB 6X Branded Blu-Ray Recordable Disc, 15/Pack",1,0.0002,0.2,200.36
Xerox 201,Staples,1,0.0002,0.2,4.51
Xerox 202,GBC Plastic Binding Combs,1,0.0002,0.125,62.61
Xerox 202,Avery Hanging File Binders,1,0.0002,0.125,104.35
Xerox 202,"Premium Transparent Presentation Covers, No Pattern/Clear, 8 1/2"" x 11""",1,0.0002,0.125,89.45
Xerox 202,JM Magazine Binder,1,0.0002,0.125,104.35
Xerox 202,Sanyo 2.5 Cubic Foot Mid-Size Office Refrigerators,1,0.0002,0.125,156.53
Xerox 203,Advantus Panel Wall Certificate Holder - 8.5x11,1,0.0002,0.1667,139.14
Xerox 203,Carina Media Storage Towers in Natural & Black,1,0.0002,0.1667,166.97
Xerox 203,"DAX Contemporary Wood Frame with Silver Metal Mat, Desktop, 11 x 14 Size",1,0.0002,0.1667,166.97
Xerox 203,Fellowes Recycled Storage Drawers,1,0.0002,0.1667,278.28
Xerox 203,Office Star - Contemporary Swivel Chair with Padded Adjustable Arms and Flex Back,1,0.0002,0.1667,119.26
Xerox 204,Avery Heavy-Duty EZD View Binder with Locking Rings,1,0.0002,0.25,125.22
Xerox 204,Brother DCP1000 Digital 3 in 1 Multifunction Machine,1,0.0002,0.25,178.89
Xerox 204,Newell 31,1,0.0002,0.25,250.45
Xerox 204,Hon 94000 Series Round Tables,1,0.0002,0.25,250.45
Xerox 204,Newell 341,1,0.0002,0.25,178.89
Xerox 205,"Adams Telephone Message Book w/Frequently-Called Numbers Space, 400 Messages per Book",1,0.0002,0.25,178.89
Xerox 205,Global Deluxe High-Back Manager's Chair,1,0.0002,0.25,156.53
Xerox 205,Honeywell Enviracaire Portable HEPA Air Cleaner for 17' x 22' Room,1,0.0002,0.25,156.53
Xerox 205,Safco Steel Mobile File Cart,1,0.0002,0.25,250.45
Xerox 205,4009 Highlighters by Sanford,1,0.0002,0.25,156.53
Xerox 206,Acme Tagit Stainless Steel Antibacterial Scissors,1,0.0002,0.2,166.97
Xerox 206,Holmes Odor Grabber,1,0.0002,0.2,125.22
Xerox 206,Staples,1,0.0002,0.2,4.51
Xerox 206,Logitech Trackman Marble Mouse,1,0.0002,0.2,111.31
Xerox 206,Aluminum Screw Posts,1,0.0002,0.2,91.07
Xerox 207,Newell 307,1,0.0002,0.5,834.83
Xerox 207,"Wirebound Message Books, Four 2 3/4"" x 5"" Forms per Page, 600 Sets per Book",1,0.0002,0.5,278.28
Xerox 208,Avery 503,1,0.0002,0.5,626.12
Xerox 208,Eldon Pizzaz Desk Accessories,1,0.0002,0.5,626.12
Xerox 208,Fellowes Advanced 8 Outlet Surge Suppressor with Phone/Fax Protection,1,0.0002,0.5,834.83
Xerox 208,Ibico Laser Imprintable Binding System Covers,1,0.0002,0.5,313.06
Xerox 208,Hoover Portapower Portable Vacuum,1,0.0002,0.5,626.12
Xerox 209,Logitech Wireless Marathon Mouse M705,1,0.0002,0.2,125.22
Xerox 209,Safco Commercial Shelving,1,0.0002,0.2,200.36
Xerox 209,Xerox 1966,1,0.0002,0.2,166.97
Xerox 209,Colorific Watercolor Pencils,1,0.0002,0.2,333.93
Xerox 209,Aluminum Screw Posts,1,0.0002,0.2,91.07
Xerox 21,AT&T 1070 Corded Phone,1,0.0002,0.1429,238.52
Xerox 21,First Data FD10 PIN Pad,1,0.0002,0.1429,143.11
Xerox 21,Imation Clip USB flash drive - 8 GB,1,0.0002,0.1429,102.22
Xerox 21,Newell 336,1,0.0002,0.1429,178.89
Xerox 21,Avery Self-Adhesive Photo Pockets for Polaroid Photos,1,0.0002,0.1429,65.05
Xerox 210,"Master Caster Door Stop, Large Neon Orange",1,0.0002,0.1667,119.26
Xerox 210,Polycom SoundPoint IP 450 VoIP phone,1,0.0002,0.1667,139.14
Xerox 210,Rosewill 107 Normal Keys USB Wired Standard Keyboard,1,0.0002,0.1667,278.28
Xerox 210,Xerox 1973,1,0.0002,0.1667,417.42
Xerox 210,Binding Machine Supplies,1,0.0002,0.1667,92.76
Xerox 211,C-Line Cubicle Keepers Polyproplyene Holder With Velcro Backings,1,0.0002,0.25,156.53
Xerox 211,Tenex B1-RE Series Chair Mats for Low Pile Carpets,1,0.0002,0.25,178.89
Xerox 211,Xerox 194,1,0.0002,0.25,313.06
Xerox 211,Tennsco Industrial Shelving,1,0.0002,0.25,139.14
Xerox 211,"Acco 7-Outlet Masterpiece Power Center, Wihtout Fax/Phone Line Protection",1,0.0002,0.25,178.89
Xerox 212,Jabra SPEAK 410,1,0.0002,0.1429,79.51
Xerox 212,"Bevis Round Bullnose 29"" High Table Top",1,0.0002,0.1429,143.11
Xerox 212,Plantronics CS510 - Over-the-Head monaural Wireless Headset System,1,0.0002,0.1429,71.56
Xerox 212,Logitech G13 Programmable Gameboard with LCD Display,1,0.0002,0.1429,178.89
Xerox 212,Office Star Flex Back Scooter Chair with White Frame,1,0.0002,0.1429,102.22
Xerox 213,Contemporary Borderless Frame,1,0.0002,0.1667,417.42
Xerox 213,Rogers Profile Extra Capacity Storage Tub,1,0.0002,0.1667,119.26
Xerox 213,SanDisk Ultra 16 GB MicroSDHC Class 10 Memory Card,1,0.0002,0.1667,119.26
Xerox 213,Fellowes 8 Outlet Superior Workstation Surge Protector w/o Phone/Fax/Modem Protection,1,0.0002,0.1667,166.97
Xerox 213,Newell 327,1,0.0002,0.1667,208.71
Xerox 214,Hon Multipurpose Stacking Arm Chairs,1,0.0002,0.1111,92.76
Xerox 214,"Master Caster Door Stop, Brown",1,0.0002,0.1111,61.84
Xerox 214,Sharp 1540cs Digital Laser Copier,1,0.0002,0.1111,79.51
Xerox 214,"Westinghouse Floor Lamp with Metal Mesh Shade, Black",1,0.0002,0.1111,139.14
Xerox 214,WD My Passport Ultra 1TB Portable External Hard Drive,1,0.0002,0.1111,92.76
Xerox 215,"GBC Pre-Punched Binding Paper, Plastic, White, 8-1/2"" x 11""",1,0.0002,0.5,313.06
Xerox 215,Newell 324,1,0.0002,0.5,357.79
Xerox 215,Xerox 1945,1,0.0002,0.5,313.06
Xerox 215,Acme Elite Stainless Steel Scissors,1,0.0002,0.5,500.9
Xerox 215,Xerox 1885,1,0.0002,0.5,500.9
Xerox 216,Apple iPhone 5S,1,0.0002,0.125,156.53
Xerox 216,O'Sullivan 3-Shelf Heavy-Duty Bookcases,1,0.0002,0.125,125.22
Xerox 216,Plantronics CS510 - Over-the-Head monaural Wireless Headset System,1,0.0002,0.125,62.61
Xerox 216,Prestige Round Ring Binders,1,0.0002,0.125,78.27
Xerox 216,Microsoft Arc Touch Mouse,1,0.0002,0.125,313.06
Xerox 217,Carina Double Wide Media Storage Towers in Natural & Black,1,0.0002,0.125,52.18
Xerox 217,GBC Instant Report Kit,1,0.0002,0.125,48.16
Xerox 217,Ibico EPK-21 Electric Binding System,1,0.0002,0.125,208.71
Xerox 217,"Hon Deluxe Fabric Upholstered Stacking Chairs, Rounded Back",1,0.0002,0.125,52.18
Xerox 217,"Acco PRESSTEX Data Binder with Storage Hooks, Light Blue, 9 1/2"" X 11""",1,0.0002,0.125,125.22
Xerox 218,Global Comet Stacking Armless Chair,1,0.0002,0.2,166.97
Xerox 218,Memorex Froggy Flash Drive 8 GB,1,0.0002,0.2,125.22
Xerox 219,"Acco Pressboard Covers with Storage Hooks, 9 1/2"" x 11"", Executive Red",1,0.0002,0.25,139.14
Xerox 219,"Hot File 7-Pocket, Floor Stand",1,0.0002,0.25,96.33
Xerox 219,Panasonic Kx-TS550,1,0.0002,0.25,178.89
Xerox 219,Bush Advantage Collection Round Conference Table,1,0.0002,0.25,313.06
Xerox 219,Global Troy Executive Leather Low-Back Tilter,1,0.0002,0.25,139.14
Xerox 22,"Acco Data Flex Cable Posts For Top & Bottom Load Binders, 6"" Capacity",1,0.0002,0.3333,166.97
Xerox 22,Avery Durable Binders,1,0.0002,0.3333,139.14
Xerox 22,Kensington 6 Outlet MasterPiece HOMEOFFICE Power Control Center,1,0.0002,0.3333,834.83
Xerox 22,Xerox 1959,1,0.0002,0.3333,278.28
Xerox 22,"Avery Durable Plastic 1"" Binders",1,0.0002,0.3333,238.52
Xerox 220,"Carina 42""Hx23 3/4""W Media Storage Unit",1,0.0002,0.125,78.27
Xerox 220,Peel & Stick Add-On Corner Pockets,1,0.0002,0.125,89.45
Xerox 220,"Recycled Data-Pak for Archival Bound Computer Printouts, 12-1/2 x 12-1/2 x 16",1,0.0002,0.125,104.35
Xerox 220,Fellowes 8 Outlet Superior Workstation Surge Protector,1,0.0002,0.125,125.22
Xerox 220,SanDisk Cruzer 32 GB USB Flash Drive,1,0.0002,0.125,104.35
Xerox 221,"Acco 7-Outlet Masterpiece Power Center, Wihtout Fax/Phone Line Protection",1,0.0002,0.25,178.89
Xerox 221,Ibico Plastic and Wire Spiral Binding Combs,1,0.0002,0.25,139.14
Xerox 221,Tennsco Commercial Shelving,1,0.0002,0.25,139.14
Xerox 221,Xerox 211,1,0.0002,0.25,313.06
Xerox 221,"Atlantic Metals Mobile 4-Shelf Bookcases, Custom Colors",1,0.0002,0.25,208.71
Xerox 222,Flexible Leather- Look Classic Collection Ring Binder,1,0.0002,0.1429,119.26
Xerox 222,Hanging Personal Folder File,1,0.0002,0.1429,143.11
Xerox 222,SanDisk Cruzer 64 GB USB Flash Drive,1,0.0002,0.1429,79.51
Xerox 222,Smead Adjustable Mobile File Trolley with Lockable Top,1,0.0002,0.1429,238.52
Xerox 222,Xerox 1898,1,0.0002,0.1429,65.05
Xerox 223,"Fellowes Mobile File Cart, Black",1,0.0002,0.3333,166.97
Xerox 223,Luxo Professional Combination Clamp-On Lamps,1,0.0002,0.3333,333.93
Xerox 223,Star Micronics TSP800 TSP847IIU Receipt Printer,1,0.0002,0.3333,834.83
Xerox 223,Stockwell Push Pins,1,0.0002,0.3333,208.71
Xerox 223,Avery Premier Heavy-Duty Binder with Round Locking Rings,1,0.0002,0.3333,238.52
Xerox 224,"Tenex Carpeted, Granite-Look or Clear Contemporary Contour Shape Chair Mats",1,0.0002,0.1667,166.97
Xerox 224,Acco 6 Outlet Guardian Standard Surge Suppressor,1,0.0002,0.1667,166.97
Xerox 224,Fellowes Basic Home/Office Series Surge Protectors,1,0.0002,0.1667,92.76
Xerox 224,Avaya 5410 Digital phone,1,0.0002,0.1667,208.71
Xerox 224,Avery Legal 4-Ring Binder,1,0.0002,0.1667,208.71
Xerox 225,Xerox 1894,2,0.000399,0.2222,222.62
Xerox 225,Staples,1,0.0002,0.1111,2.51
Xerox 225,Avery Premier Heavy-Duty Binder with Round Locking Rings,1,0.0002,0.1111,79.51
Xerox 225,Avery Reinforcements for Hole-Punch Pages,1,0.0002,0.1111,69.57
Xerox 225,Fellowes Bankers Box Staxonsteel Drawer File/Stacking System,1,0.0002,0.1111,69.57
Xerox 226,RCA Visys Integrated PBX 8-Line Router,1,0.0002,0.0909,91.07
Xerox 226,"1/4 Fold Party Design Invitations & White Envelopes, 24 8-1/2"" X 11"" Cards, 25 Env./Pack",1,0.0002,0.0909,227.68
Xerox 226,Nortel Meridian M3904 Professional Digital phone,1,0.0002,0.0909,45.54
Xerox 226,"Sanford Colorific Eraseable Coloring Pencils, 12 Count",1,0.0002,0.0909,113.84
Xerox 226,Staples,1,0.0002,0.0909,2.05
Xerox 227,Avery 474,1,0.0002,0.125,69.57
Xerox 227,"Wilson Jones Clip & Carry Folder Binder Tool for Ring Binders, Clear",1,0.0002,0.125,69.57
Xerox 227,Wilson Jones Leather-Like Binders with DublLock Round Rings,1,0.0002,0.125,52.18
Xerox 227,G.E. Longer-Life Indoor Recessed Floodlight Bulbs,1,0.0002,0.125,104.35
Xerox 227,"Global Wood Trimmed Manager's Task Chair, Khaki",1,0.0002,0.125,44.72
Xerox 228,Office Star - Professional Matrix Back Chair with 2-to-1 Synchro Tilt and Mesh Fabric Seat,1,0.0002,0.25,156.53
Xerox 228,Plymouth Boxed Rubber Bands by Plymouth,1,0.0002,0.25,250.45
Xerox 228,"Sauder Forest Hills Library, Woodland Oak Finish",1,0.0002,0.25,313.06
Xerox 228,"IBM Multi-Purpose Copy Paper, 8 1/2 x 11"", Case",1,0.0002,0.25,208.71
Xerox 229,Acco Side-Punched Conventional Columnar Pads,1,0.0002,0.3333,417.42
Xerox 229,Acco Smartsocket Color-Coded Six-Outlet AC Adapter Model Surge Protectors,1,0.0002,0.3333,417.42
Xerox 229,Avery 501,1,0.0002,0.3333,208.71
Xerox 229,Bulldog Vacuum Base Pencil Sharpener,1,0.0002,0.3333,278.28
Xerox 229,Maxell 4.7GB DVD-R,1,0.0002,0.3333,151.79
Xerox 23,"Eldon 200 Class Desk Accessories, Smoke",1,0.0002,0.1667,208.71
Xerox 23,Portable Personal File Box,1,0.0002,0.1667,139.14
Xerox 23,SanDisk Cruzer 32 GB USB Flash Drive,1,0.0002,0.1667,139.14
Xerox 23,"Bush Andora Conference Table, Maple/Graphite Gray Finish",1,0.0002,0.1667,208.71
Xerox 23,"GBC Laser Imprintable Binding System Covers, Desert Sand",1,0.0002,0.1667,139.14
Xerox 230,Logitech Wireless Headset H600 Over-The-Head Design,1,0.0002,0.2,500.9
Xerox 230,OtterBox Commuter Series Case - iPhone 5 & 5s,1,0.0002,0.2,250.45
Xerox 230,"SimpliFile Personal File, Black Granite, 15w x 6-15/16d x 11-1/4h",1,0.0002,0.2,125.22
Xerox 230,Xerox 1885,1,0.0002,0.2,200.36
Xerox 230,Logitech LS21 Speaker System - PC Multimedia - 2.1-CH - Wired,1,0.0002,0.2,166.97
Xerox 231,Cameo Buff Policy Envelopes,1,0.0002,0.2,125.22
Xerox 231,Eldon 200 Class Desk Accessories,1,0.0002,0.2,143.11
Xerox 231,Acme Elite Stainless Steel Scissors,1,0.0002,0.2,200.36
Xerox 231,Boston 1645 Deluxe Heavier-Duty Electric Pencil Sharpener,1,0.0002,0.2,143.11
Xerox 231,Newell 339,1,0.0002,0.2,333.93
Xerox 232,"Acco PRESSTEX Data Binder with Storage Hooks, Dark Blue, 9 1/2"" X 11""",1,0.0002,0.25,313.06
Xerox 232,Acco Side-Punched Conventional Columnar Pads,1,0.0002,0.25,313.06
Xerox 232,Adjustable Personal File Tote,1,0.0002,0.25,250.45
Xerox 232,Avery 492,1,0.0002,0.25,250.45
Xerox 232,Avery 499,1,0.0002,0.25,113.84
Xerox 4200 Series MultiUse Premium Copy Paper (20Lb. and 84 Bright),Acco Perma 3000 Stacking Storage Drawers,1,0.0002,0.125,104.35
Xerox 4200 Series MultiUse Premium Copy Paper (20Lb. and 84 Bright),"Avery Hi-Liter Comfort Grip Fluorescent Highlighter, Yellow Ink",1,0.0002,0.125,313.06
Xerox 4200 Series MultiUse Premium Copy Paper (20Lb. and 84 Bright),Hon Every-Day Series Multi-Task Chairs,1,0.0002,0.125,62.61
Xerox 4200 Series MultiUse Premium Copy Paper (20Lb. and 84 Bright),"Hot File 7-Pocket, Floor Stand",1,0.0002,0.125,48.16
Xerox 4200 Series MultiUse Premium Copy Paper (20Lb. and 84 Bright),Xerox 199,1,0.0002,0.125,156.53
Xerox Blank Computer Paper,Avery 488,1,0.0002,1.0,834.83
"Xerox Color Copier Paper, 11"" x 17"", Ream",Bush Advantage Collection Round Conference Table,1,0.0002,0.1667,208.71
"Xerox Color Copier Paper, 11"" x 17"", Ream",Global Troy Executive Leather Low-Back Tilter,1,0.0002,0.1667,92.76
"Xerox Color Copier Paper, 11"" x 17"", Ream",Tennsco Industrial Shelving,1,0.0002,0.1667,92.76
"Xerox Color Copier Paper, 11"" x 17"", Ream",Xerox 219,1,0.0002,0.1667,208.71
"Xerox Color Copier Paper, 11"" x 17"", Ream","Acco PRESSTEX Data Binder with Storage Hooks, Light Blue, 9 1/2"" X 11""",1,0.0002,0.1667,166.97
Xerox WorkCentre 6505DN Laser Multifunction Printer,Lexmark MX611dhe Monochrome Laser Printer,1,0.0002,1.0,1252.25
Xiaomi Mi3,Avery 499,1,0.0002,1.0,455.36
"XtraLife ClearVue Slant-D Ring Binder, White, 3""","Boston School Pro Electric Pencil Sharpener, 1670",1,0.0002,0.1,71.56
"XtraLife ClearVue Slant-D Ring Binder, White, 3""",Deluxe Heavy-Duty Vinyl Round Ring Binder,1,0.0002,0.1,71.56
"XtraLife ClearVue Slant-D Ring Binder, White, 3""","Global Wood Trimmed Manager's Task Chair, Khaki",1,0.0002,0.1,35.78
"XtraLife ClearVue Slant-D Ring Binder, White, 3""",KeyTronic E03601U1 - Keyboard - Beige,1,0.0002,0.1,83.48
"XtraLife ClearVue Slant-D Ring Binder, White, 3""",Staples,1,0.0002,0.1,2.26
XtraLife ClearVue Slant-D Ring Binders by Cardinal,Carina Double Wide Media Storage Towers in Natural & Black,1,0.0002,0.2,83.48
XtraLife ClearVue Slant-D Ring Binders by Cardinal,"Verbatim 25 GB 6x Blu-ray Single Layer Recordable Disc, 25/Pack",1,0.0002,0.2,200.36
XtraLife ClearVue Slant-D Ring Binders by Cardinal,"Barricks Non-Folding Utility Table with Steel Legs, Laminate Tops",1,0.0002,0.2,1001.8
XtraLife ClearVue Slant-D Ring Binders by Cardinal,Nortel Business Series Terminal T7208 Digital phone,1,0.0002,0.2,333.93
XtraLife ClearVue Slant-D Ring Binders by Cardinal,Xerox 195,1,0.0002,0.2,125.22
Zebra GK420t Direct Thermal/Thermal Transfer Printer,"Avery Framed View Binder, EZD Ring (Locking), Navy, 1 1/2""",1,0.0002,1.0,834.83
Zebra GK420t Direct Thermal/Thermal Transfer Printer,"Memorex 25GB 6X Branded Blu-Ray Recordable Disc, 15/Pack",1,0.0002,1.0,1001.8
Zebra GK420t Direct Thermal/Thermal Transfer Printer,Recycled Easel Ring Binders,1,0.0002,1.0,556.56
Zebra GX420t Direct Thermal/Thermal Transfer Printer,2300 Heavy-Duty Transfer File Systems by Perma,1,0.0002,0.3333,417.42
Zebra GX420t Direct Thermal/Thermal Transfer Printer,Cisco SPA 502G IP Phone,1,0.0002,0.3333,333.93
Zebra GX420t Direct Thermal/Thermal Transfer Printer,Tyvek Side-Opening Peel & Seel Expanding Envelopes,1,0.0002,0.3333,333.93
Zebra GX420t Direct Thermal/Thermal Transfer Printer,Xerox 1929,1,0.0002,0.3333,417.42
Zebra GX420t Direct Thermal/Thermal Transfer Printer,Aastra 57i VoIP phone,1,0.0002,0.3333,238.52
Zebra ZM400 Thermal Label Printer,Fellowes Desktop Hanging File Manager,1,0.0002,0.5,626.12
Zebra ZM400 Thermal Label Printer,Hon 4070 Series Pagoda Round Back Stacking Chairs,1,0.0002,0.5,357.79
Zebra ZM400 Thermal Label Printer,Mitel MiVoice 5330e IP Phone,1,0.0002,0.5,278.28
Zebra ZM400 Thermal Label Printer,Nu-Dell EZ-Mount Plastic Wall Frames,1,0.0002,0.5,1252.25
Zebra ZM400 Thermal Label Printer,"Perma STOR-ALL Hanging File Box, 13 1/8""W x 12 1/4""D x 10 1/2""H",1,0.0002,0.5,313.06
Zebra Zazzle Fluorescent Highlighters,Belkin F9M820V08 8 Outlet Surge,1,0.0002,0.1667,278.28
Zebra Zazzle Fluorescent Highlighters,GBC Plasticlear Binding Covers,1,0.0002,0.1667,119.26
Zebra Zazzle Fluorescent Highlighters,Heavy-Duty E-Z-D Binders,1,0.0002,0.1667,104.35
Zebra Zazzle Fluorescent Highlighters,Hon Racetrack Conference Tables,1,0.0002,0.1667,139.14
Zebra Zazzle Fluorescent Highlighters,Plantronics Savi W720 Multi-Device Wireless Headset System,1,0.0002,0.1667,119.26
Zipper Ring Binder Pockets,Rogers Profile Extra Capacity Storage Tub,1,0.0002,0.0769,55.04
Zipper Ring Binder Pockets,Southworth Structures Collection,1,0.0002,0.0769,192.65
Zipper Ring Binder Pockets,Avery Hi-Liter Smear-Safe Highlighters,1,0.0002,0.0769,64.22
Zipper Ring Binder Pockets,Clear Mylar Reinforcing Strips,1,0.0002,0.0769,55.04
Zipper Ring Binder Pockets,GBC Wire Binding Strips,1,0.0002,0.0769,77.06
i.Sound Portable Power - 8000 mAh,"Barricks 18"" x 48"" Non-Folding Utility Table with Bottom Storage Shelf",1,0.0002,0.2,200.36
i.Sound Portable Power - 8000 mAh,Staples,1,0.0002,0.2,4.51
i.Sound Portable Power - 8000 mAh,Canon imageCLASS 2200 Advanced Copier,1,0.0002,0.2,200.36
i.Sound Portable Power - 8000 mAh,Globe Weis Peel & Seel First Class Envelopes,1,0.0002,0.2,143.11
i.Sound Portable Power - 8000 mAh,Polycom CX600 IP Phone VoIP phone,1,0.0002,0.2,250.45
iHome FM Clock Radio with Lightning Dock,"#10- 4 1/8"" x 9 1/2"" Security-Tint Envelopes",1,0.0002,0.2,125.22
iHome FM Clock Radio with Lightning Dock,Avery Durable Slant Ring Binders With Label Holder,1,0.0002,0.2,111.31
iHome FM Clock Radio with Lightning Dock,Ibico Presentation Index for Binding Systems,1,0.0002,0.2,143.11
iHome FM Clock Radio with Lightning Dock,Xerox 1931,1,0.0002,0.2,125.22
iHome FM Clock Radio with Lightning Dock,Alphabetical Labels for Top Tab Filing,1,0.0002,0.2,111.31
"iKross Bluetooth Portable Keyboard + Cell Phone Stand Holder + Brush for Apple iPhone 5S 5C 5, 4S 4","DAX Value U-Channel Document Frames, Easel Back",1,0.0002,0.2,100.18
"iKross Bluetooth Portable Keyboard + Cell Phone Stand Holder + Brush for Apple iPhone 5S 5C 5, 4S 4",Pyle PMP37LED,1,0.0002,0.2,100.18
"iKross Bluetooth Portable Keyboard + Cell Phone Stand Holder + Brush for Apple iPhone 5S 5C 5, 4S 4",Woodgrain Magazine Files by Perma,1,0.0002,0.2,166.97
"iKross Bluetooth Portable Keyboard + Cell Phone Stand Holder + Brush for Apple iPhone 5S 5C 5, 4S 4",Avery 517,1,0.0002,0.2,250.45
"iKross Bluetooth Portable Keyboard + Cell Phone Stand Holder + Brush for Apple iPhone 5S 5C 5, 4S 4",Design Ebony Sketching Pencil,1,0.0002,0.2,333.93
iOttie HLCRIO102 Car Mount,Boston Heavy-Duty Trimline Electric Pencil Sharpeners,1,0.0002,0.2,200.36
iOttie HLCRIO102 Car Mount,"BOSTON Ranger #55 Pencil Sharpener, Black",1,0.0002,0.2,111.31
iOttie HLCRIO102 Car Mount,Griffin GC36547 PowerJolt SE Lightning Charger,1,0.0002,0.2,333.93
iOttie HLCRIO102 Car Mount,Tensor Track Tree Floor Lamp,1,0.0002,0.2,250.45
iOttie HLCRIO102 Car Mount,"Bush Westfield Collection Bookcases, Dark Cherry Finish, Fully Assembled",1,0.0002,0.2,1001.8
iOttie XL Car Mount,Avery 481,1,0.0002,0.5,500.9
iOttie XL Car Mount,Logitech M510 Wireless Mouse,1,0.0002,0.5,834.83
iOttie XL Car Mount,Storex Dura Pro Binders,1,0.0002,0.5,147.32
iOttie XL Car Mount,Ibico Ibimaster 300 Manual Binding System,1,0.0002,0.5,313.06
iOttie XL Car Mount,Office Star - Contemporary Task Swivel Chair,1,0.0002,0.5,417.42
invisibleSHIELD by ZAGG Smudge-Free Screen Protector,"Carina 42""Hx23 3/4""W Media Storage Unit",1,0.0002,0.1429,89.45
invisibleSHIELD by ZAGG Smudge-Free Screen Protector,DAX Natural Wood-Tone Poster Frame,1,0.0002,0.1429,143.11
invisibleSHIELD by ZAGG Smudge-Free Screen Protector,StarTech.com 10/100 VDSL2 Ethernet Extender Kit,1,0.0002,0.1429,178.89
invisibleSHIELD by ZAGG Smudge-Free Screen Protector,Carina Double Wide Media Storage Towers in Natural & Black,1,0.0002,0.1429,59.63
invisibleSHIELD by ZAGG Smudge-Free Screen Protector,Eldon Wave Desk Accessories,1,0.0002,0.1429,51.11
netTALK DUO VoIP Telephone Service,"Hunt BOSTON Model 1606 High-Volume Electric Pencil Sharpener, Beige",1,0.0002,0.1429,715.57
netTALK DUO VoIP Telephone Service,Sauder Inglewood Library Bookcases,1,0.0002,0.1429,143.11
netTALK DUO VoIP Telephone Service,VTech DS6151,1,0.0002,0.1429,89.45
netTALK DUO VoIP Telephone Service,"Howard Miller 13"" Diameter Pewter Finish Round Wall Clock",1,0.0002,0.1429,102.22
netTALK DUO VoIP Telephone Service,Memorex Micro Travel Drive 16 GB,1,0.0002,0.1429,119.26
