Order Date,Total amount
abc,2309.65
s,3709.395
abc,5175.171
abc,2892.51
abc,2832.96
abc,2862.675
abc,1822.08
abc,5244.84
abc,5083.96
abc,4297.644
abc,4164.05
abc,4626.15
abc,2616.96
abc,2221.8
abc,3701.52
abc,1869.588
abc,2249.91
abc,7958.58
abc,2565.594
abc,3409.74
abc,1977.72
abc,2735.952
abc,2754
abc,5273.7
abc,1713.84
abc,2106.496
abc,1715.16
abc,3069.738
abc,4158.912
abc,1878.72
abc,1696.64
abc,2402.865
abc,2453.43
abc,2526.93
abc,3610.848
abc,3817.26
abc,2799.96
abc,7999.98
abc,4141.02
abc,2875.095
abc,3200.5962
abc,4518.78
abc,5667.87
abc,5785.02
abc,3018.624
abc,9449.95
abc,2092.5
abc,2761.2
abc,2174.13
abc,3473.14
abc,3050.376
abc,2108.64
abc,2399.96
abc,2197.5
abc,2582.16
abc,1526.52
abc,3149.93
abc,1745.34
abc,4191.507
abc,4367.896
abc,3063.27
abc,4643.8
abc,4473
abc,1502.01
abc,5049
abc,2104.55
abc,2188.05
abc,1920.36
abc,1704
abc,1858.68
abc,3298.26
abc,2443.48
abc,3808.8
abc,3427.1496
abc,3441.69
abc,2863.35
abc,6354.95
abc,1487.4
abc,3200.04
abc,2301
abc,5729.346
abc,5301.24
abc,5443.96
abc,4416.174
abc,3219.9
abc,2487.8088
abc,2266.44
abc,3068.361
abc,3728.43
abc,1581.48
abc,1916.73
abc,1685.88
abc,2432.16
abc,3863.88
abc,2465.82
abc,1847.52
abc,2899.89
abc,2891.7
abc,2016.846
abc,3155.544
abc,3856.14
abc,3524.472
abc,2167.296
abc,2556
abc,1469.25
abc,4448.832
abc,2036.86
abc,2472.66
abc,3739.176
abc,2570.865
abc,9099.93
abc,2875.77
abc,1741.8
abc,1601.64
abc,3670.8
abc,2973.32
abc,1900.95
abc,1261.33
abc,4544.1
abc,1455.12
abc,1943.19
abc,6999.96
abc,9892.74
abc,1695.87
abc,1505.979
abc,1954.17
abc,2244.48
abc,8399.976
abc,1628.82
abc,1213.18876
abc,1590.6
abc,2330.64
abc,3278.5848
abc,3741.5238
abc,1603.136
abc,3637.602
abc,2455.88
abc,1024.68
abc,2807.84
abc,4476.8
abc,2297.96
abc,2671.41
abc,3834
abc,2054.272
abc,3501.7368
abc,1725.462
abc,1583.7
abc,1931.04
abc,2760.345
abc,3078.72
abc,1983.135
abc,1112.778
abc,3616.5
abc,3059.982
abc,2892.105
abc,3263.4
abc,2396.2656
abc,3117.088
abc,4899.93
abc,1888.7
abc,3000.78
abc,3801.63
abc,5211.12
abc,1356.03
abc,3569.643
abc,1287.45
abc,2910.0816
abc,3126.4002
abc,5276.988
abc,2645.376
abc,1637.01
abc,4499.985
abc,2645.376
abc,2399.6
abc,3238.305
abc,2291.814
abc,2124.5
abc,2757.78
abc,1549.98
abc,2624.985
abc,3146.4
abc,2456.619
abc,2228.6355
abc,2999.95
abc,4001.04
abc,4876.875
abc,1788.822
abc,3622.29
abc,1242.585
abc,4453.05
abc,2673.36
abc,2046.195
abc,5451.3
abc,4535.976
abc,1722.2832
abc,2575.944
abc,1007.424
abc,2934.33
abc,4624.29
abc,1066.446
abc,957.6
abc,4864.32
abc,2154.9
abc,1433.8395
abc,2784.6
abc,3063.27
abc,3404.5
abc,1606.23
abc,2044.8
abc,1214.85
abc,1521
abc,2443.905
abc,1348.704
abc,1141.8
abc,1865.97
abc,6998.64
abc,1091.25
abc,1094.22
abc,1320.624
abc,2555.64
abc,3498.72
abc,1439.976
abc,2272.86
abc,5211.12
abc,2582.16
abc,3194.55
abc,1704.996
abc,1538.721
abc,1381.32
abc,1181.547
abc,1696.248
abc,3359.952
abc,4663.736
abc,1237.56
abc,1274.7
abc,3172.14
abc,4305.552
abc,3979.29
abc,1586.69
abc,2395.2
abc,1259.97
abc,2058
abc,2539.8765
abc,2898.21
abc,1320.0075
abc,2171.16
abc,4448.223
abc,1913.4
abc,2300.616
abc,2615.94
abc,1066.68
abc,3504.9
abc,2544.6
abc,3694.68
abc,2214.849
abc,1236.48
abc,1805.9
abc,3059.982
abc,1687.8
abc,2715.93
abc,1810.3
abc,2120.5
abc,1275
abc,1593.648
abc,1114.236
abc,2944.08
abc,3309.2598
abc,897.48
abc,2056.05
abc,2365.6592
abc,1336.356
abc,3038.64
abc,2698.65
abc,3799.08
abc,2756.34
abc,983.88
abc,1719.807
abc,1421.541
abc,1053.6884
abc,1440.84
abc,2544.372
abc,2625.12
abc,1554.48
abc,1278
abc,3474.08
abc,2550
abc,1101.48
abc,1016.792
abc,1199.976
abc,934.248
abc,10499.97
abc,3908.88
abc,2142.3
abc,1900.584
abc,1840.68
abc,2624.04
abc,3076.5
abc,3181.7718
abc,1392.633
abc,1296.24
abc,1682.91
abc,1278
abc,2570.76
abc,2332.96
abc,1582.2
abc,1801.632
abc,1512
abc,695.7
abc,2550
abc,2025.36
abc,2285.7
abc,1029.2589
abc,1058.2792
abc,5751.54
abc,2442.069
abc,1190.52
abc,3150.819
abc,1599.9
abc,2063.4
abc,1269.9
abc,3274.02
abc,848.32
abc,3080
abc,2847.36
abc,1725.75
abc,1479.3138
abc,4899.93
abc,1282.23
abc,2478.6
abc,17499.95
abc,959.76
abc,1090.782
abc,4135.641
abc,2325.28
abc,5486.67
abc,1523.664
abc,1625.2425
abc,1319.96
abc,734.94
abc,2065.32
abc,1391.52
abc,1552.831
abc,2461.06
abc,2939.93
abc,8159.952
abc,1226.19
abc,1809.255
abc,1863
abc,4548.81
abc,1244.187
abc,2364.102
abc,1946.313
abc,895.92
abc,2283.714
abc,2549.76
abc,3299.562
abc,2489.4
abc,3406.664
abc,999.98
abc,1189.242
abc,2879.952
abc,1269.6
abc,3499.155
abc,2993.025
abc,815.949
abc,1245
abc,1027.728
abc,1703.025
abc,1803.0837
abc,676.485
abc,969.36
abc,1637.01
abc,1655.96144
abc,976.96
abc,731.34
abc,1239
abc,1680.606
abc,2190.75
abc,935.172
abc,1026.96
abc,2550
abc,1224.714
abc,2667.537
abc,2605.92
abc,2962.68
abc,2664
abc,1513.56
abc,1233.63
abc,855.15
abc,956.34
abc,1801.632
abc,1838.52
abc,4498.83
abc,1824.144
abc,2344
abc,2043.72
abc,856.8
abc,2509.36
abc,819.936
abc,2797.248
abc,1455.08
abc,2189.0898
abc,5451.3
abc,1291.08
abc,1526.52
abc,1079.85
abc,1869.72
abc,1815.24
abc,959.76
abc,3045.84
abc,2125
abc,976.08
abc,1266.36
abc,1458.65
abc,2134.44
abc,4748.436
abc,1867.5
abc,1001.7
abc,899.136
abc,663.92
abc,4306.32
abc,899.55
abc,763.92
abc,2544.24
abc,1136.664
abc,2301
abc,3908.88
abc,1951.84
abc,2479.96
abc,2249.16
abc,2528.26
abc,1461.135
abc,3045.84
abc,3785.292
abc,1399.93
abc,2152.956
abc,1244.1
abc,2226.816
abc,1586.412
abc,3040
abc,3425.4
abc,1136.94
abc,677.6352
abc,731.34
abc,3499.93
abc,1272.72
abc,1856.34
abc,2295
abc,1622.1825
abc,1063.44
abc,3449.88
abc,585.456
abc,1429.44
abc,1057.8
abc,1092.96
abc,1483
abc,1792.4
abc,2455.677
abc,1900.44
abc,3712.59
abc,2372.22
abc,5725.35
abc,2553.18
abc,2003.52
abc,1188.36
abc,2875.095
abc,2380.5
abc,1619.1
abc,2821.7178
abc,2991.1032
abc,1798.6764
abc,2544.84
abc,951.72
abc,2575.92
abc,1699.83
abc,2634.552
abc,3707.352
abc,4298.85
abc,3417.48
abc,2080.32
abc,840.6
abc,1369.764
abc,1288.8
abc,660.69
abc,3234.24
abc,2171.3
abc,2074.734
abc,849.8
abc,1177.173
abc,2270.34
abc,2665.62
abc,2863.08
abc,1253.07
abc,3369.24
abc,1464.12
abc,1273.125
abc,1704.89
abc,1258.7774
abc,2584.008
abc,1482.39
abc,1274.7
abc,1604.9
abc,2818.08
abc,1046.25
abc,3187.2
abc,4099.68
abc,703.35
abc,2293.488
abc,1238.6115
abc,1715.056
abc,1665.62
abc,2841.66
abc,3399.66
abc,1607.76
abc,840.15
abc,1236.33
abc,2488.56
abc,1124.256
abc,3999.95
abc,726.72
abc,2799.96
abc,1519.92
abc,1279.32
abc,723.3
abc,642.69
abc,2619
abc,1704.87
abc,1715.91
abc,1278
abc,1234.56
abc,4195.2
abc,1765.395
abc,1480.368
abc,2968.98
abc,2301.138
abc,1100.52
abc,2518.95
abc,996.3
abc,1919.976
abc,922.95
abc,1850.445
abc,664.56
abc,1547.1
abc,2190.951
abc,3242.88
abc,2544.6
abc,2605.56
abc,1271.457
abc,876.3
abc,1207.56
abc,2051.1
abc,2544.24
abc,1421.664
abc,1314.45
abc,3991.98
abc,980.32
abc,1799.97
abc,2470.5
abc,1499.95
abc,877.02
abc,1618.37
abc,1917.36
abc,2173.5
abc,1927.59
abc,1799.1
abc,1814.25
abc,1293.675
abc,2477.55
abc,1399.944
abc,723.3
abc,2097.12
abc,1350.12
abc,3242.88
abc,1044.63
abc,1793.98
abc,597.36
abc,3955.14
abc,796.824
abc,2305.26
abc,2833.76
abc,2077.32
abc,1916.88
abc,1212.5
abc,2404.704
abc,1622.565
abc,856.44
abc,2887.056
abc,1361.043
abc,3391.74
abc,2375.296
abc,889.02
abc,1782.48
abc,667.7685
abc,1612.845
abc,845.208
abc,2799.63
abc,1549.1286
abc,1696.4
abc,935.5
abc,2036.8125
abc,980.52
abc,1654.644
abc,1525.188
abc,2063.7684
abc,1457.28
abc,1693.23
abc,4164.05
abc,1411.2
abc,2039.796
abc,5737.5
abc,1641.087
abc,1380.9
abc,1917
abc,823.5
abc,872.32
abc,3180.75
abc,2910.1875
abc,2348.82
abc,1924.16
abc,910.35
abc,856.68
abc,1731.072
abc,1330.992
abc,2573.82
abc,1914.08
abc,3393.12
abc,1079.316
abc,1446.6
abc,3272.01
abc,3386.859
abc,728.532
abc,2498.526
abc,2575.92
abc,2546.46
abc,2888.76
abc,1031.4
abc,1237.44
abc,1018.32
abc,600.6
abc,2756.943
abc,1534.869
abc,1781.136
abc,6439.8
abc,1363.2
abc,3315.27
abc,1266.86
abc,2123.028
abc,2478.84
abc,1894.536
abc,1006.056
abc,5399.91
abc,1317.9
abc,1350.09
abc,1839.18
abc,2799.96
abc,1908.18
abc,1264.466
abc,3930.072
abc,965.16
abc,748.116
abc,943.866
abc,1447.44
abc,1552.5
abc,1999.96
abc,2405.2
abc,1212.96
abc,919.26
abc,3045.84
abc,766.872
abc,2880.18
abc,1403.36
abc,1819.104
abc,2249.91
abc,2018.331
abc,2065.5
abc,1274.16
abc,2485.62
abc,1560.24
abc,3271.2
abc,751.488
abc,2120.8
abc,2102.832
abc,820.488
abc,2803.92
abc,1718.172
abc,553.44
abc,2794.2525
abc,1242.54
abc,1626.192
abc,1274.7
abc,1553.76
abc,2205.568
abc,2690.97
abc,3227.7
abc,1395
abc,2291.835
abc,1660.8
abc,2436.672
abc,899.43
abc,954.6
abc,1903
abc,2621.322
abc,1590.9
abc,1467.36
abc,1091.2806
abc,2014.3632
abc,3877.68
abc,1673.184
abc,3083.43
abc,2863.35
abc,2841.66
abc,765.459
abc,1887.84
abc,742.336
abc,795.408
abc,1801.6
abc,779.28
abc,613.26
abc,979.95
abc,1837.56
abc,3979.29
abc,1349.85
abc,1198.2986
abc,3393.68
abc,1864.215
abc,1142.64
abc,1630.8
abc,1172.664
abc,2021.88
abc,836.928
abc,1302.78
abc,2243.88
abc,1221.561
abc,1609.29
abc,1596.51
abc,975.92
abc,2018.88
abc,1885.32
abc,3119.34
abc,1964.25
abc,1202.94
abc,1653.804
abc,621
abc,2673.81
abc,1307.97
abc,1145.232
abc,1504.52
abc,1902.10816
abc,1913.4
abc,1854.72
abc,2958.984
abc,810.72
abc,2953.584
abc,2593.8
abc,2051.013
abc,2504.74
abc,1318.65
abc,1120.77
abc,1983.968
abc,3044.8
abc,656.856
abc,2518.95
abc,1669.248
abc,2476.08
abc,1687.8
abc,1302.78
abc,2125.32
abc,1954.44
abc,856.92
abc,3696.0315
abc,1302.96
abc,1136.664
abc,1043.9304
abc,1720.116
abc,1253.76
abc,2180.244
abc,1306.467
abc,1704.96
abc,1633.14
abc,775.536
abc,2012.049
abc,2166.8976
abc,3271.2
abc,755.80536
abc,2182.68
abc,1285.56
abc,1479.36
abc,740.184
abc,1533.15
abc,2563.92
abc,2897.91
abc,1582.11
abc,1497.666
abc,2616.96
abc,1399.113
abc,3421.71
abc,1322.93
abc,820.08
abc,2678.94
abc,1198.56
abc,1832.607
abc,1857.06
abc,1752.6
abc,1850.46
abc,2337.15
abc,788.4
abc,715.53
abc,1478.272
abc,3094.56
abc,882.0324
abc,959.984
abc,953.82
abc,2871.54
abc,2544.6
abc,886.1412
abc,473.847
abc,1767.6
abc,780.608
abc,892.136
abc,2711.7
abc,2111.97
abc,1189.2825
abc,1908.45
abc,1793.98
abc,909.12
abc,1854.9297
abc,924.66
abc,1760.43
abc,827.28
abc,1510.96
abc,2098.32
abc,1938.24
abc,803.52
abc,1391.76
abc,942.784
abc,952.29
abc,2927.28
abc,1619.91
abc,1999.96
abc,2117.22
abc,799.984
abc,2747.7
abc,1014.72
abc,1591.56
abc,533.22
abc,2124.5
abc,1053.8676
abc,1087.936
abc,1248.84
abc,2040.92
abc,1068.714
abc,875.22
abc,1403.082
abc,1743.96
abc,1071.84
abc,925.02
abc,1682.748
abc,1944.9
abc,3040.8
abc,1799.994
abc,1003.34928
abc,825.174
abc,808.731
abc,2764.3275
abc,2563.056
abc,457.14
abc,599.98
abc,1933.2
abc,704.052
abc,1355.13
abc,1198.33
abc,1295.84
abc,2819.52
abc,2571.12
abc,976.08
abc,607.32
abc,1159.056
abc,1649.95
abc,1697.584
abc,2063.4
abc,632.043
abc,2906.4
abc,2572.74
abc,2022.272
abc,1583.82
abc,2003.92
abc,826.11
abc,1656.72
abc,2015.496
abc,2219.184
abc,2533.92
abc,1410.4
abc,1773.72
abc,1377.9
abc,2582.16
abc,589.41
abc,1257.456
abc,1294.75
abc,2429.44
abc,1439.92
abc,977.022
abc,2891.7
abc,901.95
abc,2042.82
abc,997.8004
abc,1411.344
abc,1647
abc,972.567
abc,1313.712
abc,1273.56
abc,1908.18
abc,1256.22
abc,2398.374
abc,680.28
abc,964.08
abc,5199.96
abc,1709.235
abc,929.34
abc,1119.888
abc,1799.97
abc,2383.857
abc,1891.5
abc,912.24
abc,947.22176
abc,1983.015
abc,2146.6
abc,2879.82
abc,1622.01
abc,1503.684
abc,1454.9
abc,893.5614
abc,1143.44
abc,2280.6
abc,1401.84
abc,2088.24
abc,2194.53
abc,1527.12
abc,972.615
abc,794.7
abc,2761.2
abc,3312.24
abc,825.792
abc,538.194
abc,3180.3
abc,1860
abc,2582.16
abc,881.1
abc,1622.1825
abc,1677.186
abc,1001.88
abc,2519.958
abc,554.526
abc,2120.8
abc,1531.2
abc,1572.84
abc,1236.33
abc,3023.928
abc,759.66
abc,2951.991
abc,1282.41
abc,627.276
abc,756.8
abc,553.92
abc,3873.24
abc,791.19
abc,2470.5
abc,2120.7
abc,759.06
abc,1581.03
abc,1161.1971
abc,642.72
abc,1308.48
abc,3547.44
abc,724.8
abc,1487.04
abc,803.52
abc,839.988
abc,1011.696
abc,2419.2
abc,803.04
abc,1773.72
abc,777.24
abc,1893.3
abc,689.094
abc,737.91
abc,2570.76
abc,1199.76
abc,3216.24
abc,1274.24
abc,2145.72
abc,895.92
abc,882.15
abc,2793.528
abc,895.05
abc,1570.176
abc,2614.689
abc,569.536
abc,636.78
abc,2751.2
abc,1587.0015
abc,1037.7096
abc,2279.96
abc,1487.4
abc,908.608
abc,1241.001
abc,1121.688
abc,1838.52
abc,899.136
abc,783.96
abc,2605.392
abc,803.52
abc,584.2
abc,1679.616
abc,1148.7825
abc,681.72
abc,3633.9
abc,1229.6865
abc,2637
abc,1764.165
abc,757.32
abc,3720
abc,985.2
abc,2367.954
abc,837.864
abc,824.22
abc,723.66
abc,4618.215
abc,1212.56
abc,1299.99
abc,1075.44
abc,883.95
abc,1209.84
abc,1926.72
abc,703.71
abc,804.768
abc,470.112
abc,1447.44
abc,1028.16
abc,1519.32
abc,935.172
abc,3256.95
abc,952.722
abc,2968.7
abc,2584.386
abc,891.756
abc,1134.81
abc,634.8
abc,722.36
abc,491.136
abc,2842.83
abc,642.72
abc,947.22
abc,2076
abc,1309.203
abc,2266.1475
abc,1081.71
abc,3606.336
abc,2367.36
abc,1113.264
abc,1285.44
abc,1718.1
abc,544.38
abc,1971.675
abc,578.238
abc,900.08
abc,755.0868
abc,714.3
abc,510.24
abc,498.36
abc,2069.55
abc,1836
abc,1001.7
abc,624.42
abc,859.68
abc,750.195
abc,1269.9
abc,535.653
abc,2182.68
abc,1181.88
abc,2614.689
abc,1429.05
abc,826
abc,1431.3375
abc,959.984
abc,3407.94
abc,752.21256
abc,1584.387
abc,2548.56
abc,781.02
abc,1559.16
abc,771.228
abc,967.32
abc,1241.001
abc,3266.376
abc,1352.376
abc,1508.04
abc,738.63
abc,694.47
abc,874.02
abc,629.958
abc,2396.4
abc,3709.26
abc,1245.86
abc,528.93
abc,1828.35
abc,1487.808
abc,1029.6
abc,1317.3096
abc,1987.32
abc,1471.1157
abc,3028.8
abc,1713.096
abc,1245.861
abc,2266.1475
abc,886.221
abc,2683.8
abc,2752.8525
abc,1629.756
abc,1070.685
abc,1444.548
abc,907.011
abc,2147.6
abc,822.42
abc,1921.968
abc,1563.552
abc,704.9
abc,1378.17
abc,1196.86
abc,2453.04
abc,1007.979
abc,1332.639
abc,2147.46
abc,759.78
abc,637.896
abc,512.568
abc,2605.56
abc,865.9
abc,2605.92
abc,1111.725
abc,778.5
abc,1035.3
abc,915.68
abc,2198.7
abc,1272.12
abc,1207.67296
abc,1821.6
abc,1325.85
abc,535.8
abc,954.54
abc,816.72
abc,1754.298
abc,683.988
abc,721.8534
abc,1770.2524
abc,1922.3379
abc,636.21
abc,5759.964
abc,579.95
abc,868.95
abc,2003.168
abc,1227.57992
abc,1620.3
abc,2399.96
abc,1169.694
abc,3048.15
abc,914.28
abc,1232.28
abc,709.69776
abc,1219.04
abc,1993.08
abc,1819.86
abc,559.62
abc,595.17
abc,1781.19
abc,2289.75
abc,2070.15
abc,780.6912
abc,1157.58
abc,1513.56
abc,911.574
abc,1058.022
abc,1094.22
abc,2472.6933
abc,4404.9
abc,1570.6
abc,2019.6
abc,1852.032
abc,3139.128
abc,599.88
abc,1954.44
abc,2056.95
abc,1022.56
abc,1981.044
abc,538.488
abc,590.904
abc,1150.038
abc,1770.67156
abc,1284.822
abc,1621.953
abc,905.13
abc,1859.13
abc,1429.44
abc,987.957
abc,1136.64
abc,1141.8
abc,2973.06
abc,1026.54
abc,1104.408
abc,903.006
abc,775.62
abc,1393.524
abc,617.55
abc,2060.7
abc,646.4988
abc,1743.96
abc,890.4285
abc,1229.904
abc,2066.4
abc,1274.88
abc,1717.848
abc,1321.92
abc,630.15
abc,619.95
abc,1113.504
abc,2470.5
abc,2363.757
abc,2981.58
abc,1461.7
abc,1167.168
abc,966.4
abc,528.009
abc,1424.9
abc,1125.6
abc,1034.94
abc,775.56576
abc,946.764
abc,439.68
abc,585.552
abc,1138.83
abc,676.0305
abc,1455.12
abc,2060.7
abc,1217.568
abc,1591.11
abc,1384.29
abc,1013.832
abc,1215.36
abc,1822.08
abc,1649.214
abc,1266.03
abc,1703.14688
abc,1845.72
abc,637.35
abc,2671.452
abc,1126.02
abc,1264.466
abc,3029.28
abc,1121.67216
abc,521.184
abc,511.56
abc,2186.7
abc,1458.96
abc,641.97
abc,1925.88
abc,447.944
abc,584.82
abc,556.704
abc,2300.076
abc,863.928
abc,946.344
abc,795.6
abc,1652.94
abc,757.08
abc,2888.127
abc,701.47424
abc,467.04
abc,1953.666
abc,826.62
abc,875.22
abc,1399.98
abc,991.02
abc,858.64
abc,996.54
abc,1836
abc,753.888
abc,1002.6
abc,764.928
abc,1199.76
abc,1252.584
abc,821.88
abc,1285.44
abc,2076.48
abc,755.73
abc,927.72
abc,525.48
abc,2194.836
abc,861.6
abc,1976.562
abc,803.52
abc,1954.44
abc,714.15
abc,766.95
abc,1062.534
abc,2254.41
abc,1272.6
abc,1679.96
abc,390.96
abc,2115.216
abc,570.9
abc,1523.46696
abc,976.08
abc,529.74
abc,617.976
abc,976.08
abc,2970.9
abc,761.73348
abc,522.48
abc,956.88
abc,1913.52
abc,1123.92
abc,409.08
abc,2518.29
abc,1508.04
abc,1347.57
abc,1411.02
abc,2357.488
abc,1849.32
abc,586.08
abc,1274.7
abc,791.93296
abc,508.68
abc,1266.96
abc,1000.02
abc,1123.956
abc,1527.12
abc,782.28
abc,968.4
abc,2096.4555
abc,840.15
abc,1025.52
abc,1184.0272
abc,2177.584
abc,1327.347
abc,563.904
abc,1207.08
abc,1136.43
abc,698.64
abc,1089.75
abc,1888.7
abc,2804.58
abc,543.92
abc,1363.96
abc,1282.8
abc,1904.4
abc,776.25
abc,1599.156
abc,1224.9
abc,858.06
abc,1652.4
abc,1899.15
abc,2049.84
abc,2039.0715
abc,1272.6
abc,1938.15
abc,758.979
abc,900.72
abc,1112.697
abc,1144.89
abc,1287.96
abc,2120.8
abc,1196.3
abc,2092.752
abc,1324.35
abc,454.95
abc,1869.72
abc,346.29
abc,1908.72
abc,688.95
abc,1312.64
abc,993.66
abc,2415.42
abc,1685.90144
abc,1088.792
abc,2509.36
abc,1448.16
abc,1060.44
abc,1115.37
abc,616.44
abc,442.372
abc,1071.84
abc,1136.664
abc,1081.302
abc,1308.48
abc,1375.6
abc,1622.3355
abc,2092.5
abc,1340.3421
abc,1607.202
abc,1333.44
abc,552.501
abc,1181.0325
abc,788.22
abc,1900.5
abc,2713.41
abc,810.15
abc,2217.78
abc,687.852
abc,1141.47
abc,1241.28
abc,960
abc,4627.368
abc,933.536
abc,1524.2058
abc,918.459
abc,799.272
abc,2550
abc,1299.684
abc,1448.82
abc,1052.16
abc,766.5246
abc,509.16
abc,1836.03
abc,1460.5
abc,2544.24
abc,2068.335
abc,2220.534
abc,2583.18
abc,428.274
abc,395.44752
abc,730.32
abc,1243.98
abc,1884.6
abc,561.568
abc,1715.16
abc,1795.92
abc,1182.6
abc,2830.425
abc,627.168
abc,2885.085
abc,2863.35
abc,1085.42
abc,1099.96
abc,651.708
abc,724.8
abc,1289.5659
abc,1015.92
abc,726.78
abc,3177.711
abc,1388.94
abc,874.68
abc,1119.36
abc,829.22
abc,551.16
abc,1729.14
abc,2077.32
abc,1395
abc,932.985
abc,772.47
abc,1587.0015
abc,1551.6
abc,1704.56
abc,703.968
abc,965.0475
abc,1274.7
abc,1123.08
abc,1487.976
abc,1274.7
abc,2423.54
abc,474.984
abc,1358.28
abc,1471.96
abc,2534.0175
abc,1060.8
abc,485.888
abc,1674.45
abc,967.896
abc,1855.68
abc,811.23
abc,1046.25
abc,750.68
abc,1121.94
abc,1962
abc,663.936
abc,709.56
abc,1111.56
abc,1161.16
abc,393.5727
abc,920.88
abc,1061.04
abc,1114.4
abc,1888.236
abc,628.44
abc,3547.44
abc,1762.68
abc,610.6
abc,1057.38
abc,3024.189
abc,1912.5
abc,1808.757
abc,2386.125
abc,1367.4
abc,1413.45
abc,731.94
abc,1718.4
abc,825.12
abc,1473.1
abc,578.2
abc,1578.636
abc,501.9
abc,1614.87
abc,2672.517
abc,1699.56
abc,1286.145
abc,1961.82
abc,2016.846
abc,497.88
abc,1564.56
abc,870.24
abc,695.7
abc,626.352
abc,1275
abc,837.6
abc,1054.74
abc,757.2
abc,1411.55124
abc,1490.7
abc,756.6
abc,783.99
abc,2472.93
abc,321.728
abc,1181.16
abc,743.13
abc,776.412
abc,1049.2
abc,1462.14
abc,1083.75
abc,963.9
abc,464.2785
abc,672.448
abc,478.24
abc,1091.412
abc,1305.882
abc,677.76
abc,1652.4
abc,842.76
abc,1770.6
abc,1263.3
abc,2131.245
abc,1721.25
abc,1268.784
abc,1958.04
abc,1779.12
abc,1168.65
abc,520.464
abc,1567.44
abc,652.68
abc,698.04112
abc,1648.44
abc,1532.1
abc,581.4
abc,1447.8135
abc,1889.946
abc,1275
abc,1535.814
abc,571.83
abc,1767.552
abc,885.528
abc,561.3
abc,954.09
abc,523.8
abc,843.318
abc,704.76
abc,979.95
abc,798.75
abc,846.6
abc,727.45
abc,725.84
abc,632.145
abc,1002.9105
abc,527.31
abc,830.7
abc,1830.78
abc,1895.388
abc,1071
abc,452.088
abc,2452.275
abc,1023.332
abc,1216.53
abc,1353.6
abc,391.98
abc,1536.84
abc,979.95
abc,1266.96
abc,1441.3
abc,832.93
abc,1358.28
abc,2172.0768
abc,1892.25
abc,1035.8
abc,1795.92
abc,2129.4954
abc,1052.31
abc,512.76
abc,1201.095
abc,2173.5
abc,951.6
abc,1038.492
abc,972.81048
abc,1402.29
abc,404.73
abc,696.75
abc,1904.4
abc,1429.26
abc,2571.12
abc,1322.352
abc,931.77
abc,751.92
abc,868.95
abc,899.208
abc,897.225
abc,677.778
abc,1315.68
abc,520.8
abc,418.464
abc,1175.12
abc,763.28
abc,1388.73
abc,1501.2
abc,785.61
abc,852.48
abc,871.71
abc,882.75096
abc,1158.12
abc,963.136
abc,1899.54
abc,1272.63
abc,1253.07
abc,899.91
abc,1704.87
abc,1219.96
abc,1012.68
abc,1658.64
abc,1043.92
abc,786.744
abc,2124.5
abc,760.38
abc,575.968
abc,1251.936
abc,648.576
abc,1961.0352
abc,954.36
abc,482.76
abc,2104.74
abc,636.3
abc,504
abc,1940.064
abc,576.2
abc,566.2308
abc,1199.98
abc,785.34
abc,590.352
abc,1068.768
abc,1206.84
abc,513.72
abc,1232.88
abc,897.156
abc,719.07
abc,1078.08
abc,1314.45
abc,1111.725
abc,543.186
abc,1228.465
abc,586.08
abc,1361.9304
abc,774.18
abc,1308.48
abc,1086.18
abc,1409.04
abc,517.80624
abc,834.9
abc,893.8104
abc,425.833
abc,1428.8
abc,1917
abc,635.04
abc,1180.44
abc,1548.99
abc,840.56
abc,542.484
abc,1269.72
abc,852.48
abc,1878.72
abc,899.43
abc,1443.96
abc,1115.37
abc,1935.104
abc,697.86
abc,837.2376
abc,2153.16
abc,557.76
abc,2052.54
abc,346.92
abc,286.86
abc,1196.02
abc,1021.14
abc,883.264
abc,433.92
abc,393.2388
abc,1954.17
abc,636.24
abc,524.28
abc,1629.9075
abc,1210.626
abc,2878.47
abc,920.4
abc,1003.17
abc,1726.335
abc,1502.784
abc,477.8424
abc,439.92
abc,871.4
abc,1652.4
abc,1776.544
abc,1630.125
abc,1181.67
abc,331.84
abc,378.66
abc,1052.16
abc,1214.72
abc,1093.4112
abc,1568.8365
abc,947.22
abc,1658.88
abc,1095.8025
abc,2035.5816
abc,861.408
abc,2679.12
abc,1936.62
abc,454.71
abc,504.36
abc,404.676
abc,1076.58
abc,500.202
abc,1298.55
abc,2050.488
abc,1798.6764
abc,2276.0388
abc,1470.78
abc,627.192
abc,1439.968
abc,572.58
abc,1232.1
abc,636.06
abc,355.482
abc,1102.08
abc,801.568
abc,398.352
abc,1125.488
abc,1218.24
abc,2855.16
abc,617.97
abc,583.8
abc,1487.628
abc,1952.16
abc,1625.76
abc,2277.6
abc,1792.98
abc,530.52
abc,1067.6772
abc,601.32
abc,1774.224
abc,1145.6
abc,967.552
abc,931.176
abc,1592.7
abc,959.968
abc,1607.202
abc,1032.48
abc,1314.45
abc,728.568
abc,2365.605
abc,1255.5
abc,1467.36
abc,417.9
abc,1037.52
abc,2129.7
abc,1086.18
abc,872.13
abc,1680.3
abc,1068.984
abc,596.28
abc,565.515
abc,868.077
abc,473.84
abc,339.12
abc,1601.73
abc,429.48
abc,1395.54
abc,826.2
abc,1000.9125
abc,717.84
abc,1516.32
abc,2194.92
abc,758.484
abc,474.95
abc,1979.928
abc,1931.958
abc,837.63
abc,3217.41
abc,1180.44
abc,1863.54
abc,2011.92
abc,2076.606
abc,461.104
abc,532.5
abc,741.888
abc,645.138
abc,2799.944
abc,860.895
abc,399.95
abc,1496.16
abc,1464.12
abc,478.8
abc,761.4
abc,1198.32
abc,2676.672
abc,1971.3456
abc,1908.72
abc,1995.3
abc,2290.14
abc,1685.16
abc,629.1
abc,1029.375
abc,1454.49
abc,411.21
abc,1952.424
abc,646.74
abc,1156.68
abc,1513.56
abc,1075.44
abc,494.376
abc,1362.9
abc,392.93256
abc,637.08
abc,2477.55
abc,507.276
abc,599.9
abc,1773.9
abc,1486.26
abc,1727.46
abc,823.8591
abc,698.8995
abc,1194.165
abc,565.02
abc,991.8124
abc,678.771
abc,1717.335
abc,1097.544
abc,1046.376
abc,1264.466
abc,634.95
abc,1036.624
abc,613.095
abc,1007.232
abc,447.3
abc,1394.95
abc,758.352
abc,1236.42
abc,1468.44
abc,962.7345
abc,969.0228
abc,1649.214
abc,594.96
abc,1349.91
abc,1553.76
abc,1718.1
abc,492.912
abc,1573.488
abc,1199.96
abc,561.54
abc,630.36
abc,795.48
abc,625.644
abc,717.72
abc,967.56
abc,1653.12
abc,578.79
abc,752.51196
abc,1207.84
abc,951.72
abc,347.22
abc,2321.514
abc,465
abc,1063.44
abc,1236.06
abc,499.98
abc,490.32
abc,2123.13
abc,1406.86
abc,527.868
abc,1179.2625
abc,1152.6459
abc,1457.28
abc,1599.92
abc,1281.834
abc,2278.32
abc,1162.89
abc,1127.28
abc,1459.68
abc,611.2
abc,928.2
abc,334.9288
abc,1115.7768
abc,1451.136
abc,1371.42
abc,990.468
abc,1287.96
abc,865.62
abc,1166.96
abc,1488.424
abc,786.96
abc,1661.499
abc,798.75
abc,1117.92
abc,744
abc,659.178
abc,904.9
abc,1692.76768
abc,336.24
abc,1116.84
abc,1199.976
abc,1696.64
abc,1232.1
abc,827.9733
abc,539.775
abc,1279.165
abc,756.9
abc,470.376
abc,1264.965
abc,2722.86
abc,2272.86
abc,1011.9
abc,1053.164
abc,822.852
abc,808.731
abc,1846.11
abc,584.352
abc,802.2
abc,2286.88
abc,956.025
abc,1762.3
abc,453.438
abc,483.136
abc,1035.84
abc,2841.66
abc,2737.98
abc,403.56
abc,1075.23
abc,655.56
abc,938.145
abc,1397.169
abc,668.34
abc,596.7
abc,892.98
abc,1325.85
abc,552.56
abc,654.24
abc,2086.98
abc,900.072
abc,1383.12
abc,729.54
abc,1669.6
abc,1190.28
abc,1609.29
abc,892.269
abc,775.728
abc,2313.8325
abc,1272.3
abc,1731.1
abc,1093.92
abc,3200.73
abc,714.72
abc,731.34
abc,448.02
abc,696.192
abc,1422.72
abc,729.48
abc,662.775
abc,911.04
abc,1236.33
abc,1123.128
abc,1049.97
abc,2052.54
abc,363.39
abc,556.6
abc,1282.8
abc,2549.4
abc,544.008
abc,620.64
abc,700.152
abc,828.96
abc,570.5
abc,1356.72
abc,2003.52
abc,488.16
abc,1541.43
abc,1066.44
abc,1423.68
abc,1903.284
abc,3062.631
abc,822.42
abc,1292.34
abc,1334.64
abc,2591.56
abc,1242.54
abc,640.74
abc,1000.26
abc,560.97
abc,969.084
abc,516.96
abc,1811.34
abc,533.61
abc,909.72
abc,1122.174
abc,2756.943
abc,1652.4
abc,655.52
abc,795.6
abc,513.12
abc,767.214
abc,1629.45
abc,1451.4
abc,1109.556
abc,1516.2
abc,767.52
abc,2135.28
abc,623.96
abc,1026.24
abc,892.08
abc,1590.66
abc,541.518
abc,746.388
abc,607.38
abc,1023.2904
abc,1208
abc,2069.88
abc,378.4
abc,2280.4
abc,771.968
abc,1377
abc,1272.6
abc,578.502
abc,785.79
abc,1718.0004
abc,1314.24
abc,1737.18
abc,845.46
abc,1227.9984
abc,603.92
abc,950.22
abc,2152.776
abc,1162.89
abc,1414.611
abc,698.544
abc,1177.173
abc,596.16
abc,523.764
abc,1928.34
abc,1879.96
abc,503.664
abc,747.36
abc,1571.22
abc,752.51196
abc,592.56
abc,1703.76
abc,825.1
abc,815.292
abc,1926.72
abc,1759.5135
abc,2320.64
abc,1001.76
abc,719.28
abc,1919.976
abc,298.62
abc,394.272
abc,678.79968
abc,616.815
abc,678.96
abc,631.176
abc,1226.3445
abc,553.92
abc,1842.66
abc,1058.2792
abc,1513.56
abc,1106.91
abc,1031.1
abc,343.0971
abc,620.1585
abc,1285.56
abc,866.1
abc,990.12
abc,1889.99
abc,1085.553
abc,950.4
abc,1026.24
abc,355.725
abc,1271.97
abc,445.62
abc,737.64
abc,1270.17456
abc,1542.24
abc,1519.14
abc,1013.488
abc,2131.92
abc,1277.82
abc,1487.04
abc,1040.55
abc,1431.54
abc,2571.12
abc,939.36
abc,1573.92
abc,1587.168
abc,723.72
abc,1235.25
abc,705.072
abc,846.288
abc,1319.6502
abc,537.4
abc,1121.568
abc,576
abc,985.284
abc,266.58
abc,475.944
abc,534.9555
abc,744.1
abc,1621.953
abc,1249.857
abc,1711.125
abc,1298.241
abc,380.19
abc,878.223
abc,1022.97
abc,327.18
abc,921.375
abc,1440.84
abc,1006.0641
abc,697.584
abc,313.35
abc,1187.64
abc,949.104
abc,1469.25
abc,2636.85
abc,729.48
abc,990.9516
abc,636.489
abc,1190.17488
abc,741.852
abc,895.92
abc,394.98
abc,1513.2
abc,1564.56
abc,1591.02
abc,1302.96
abc,1598.058
abc,892.44
abc,1575.14
abc,1633.188
abc,850.95
abc,1666.656
abc,1630.8
abc,1380.6
abc,1285.56
abc,631.782
abc,917.9235
abc,961.8
abc,649.20492
abc,802.2
abc,490.5
abc,842.94
abc,585.98568
abc,949.77
abc,2033.584
abc,471
abc,309.8844
abc,949.6872
abc,2438.667
abc,437.34
abc,626.56
abc,624.18
abc,1503.744
abc,2075.04
abc,2070
abc,1636.956
abc,1690.04
abc,871.98
abc,583.48
abc,1076.247
abc,1054.02
abc,985.68
abc,788.4
abc,1751.625
abc,1053.1894
abc,452.55444
abc,1611
abc,565.11
abc,1363.905
abc,666.84
abc,1198.32
abc,739.44
abc,276.102
abc,1049.616
abc,666.72
abc,760.38
abc,589.41
abc,513.81
abc,821.94
abc,318.675
abc,358.02
abc,537.544
abc,1616.0625
abc,393.54
abc,527.01
abc,867.96
abc,1497.9
abc,2068.335
abc,690.48
abc,433.98
abc,1128.72
abc,1979.89
abc,1955.124
abc,590.94
abc,1184.391
abc,1743.96
abc,793.5879
abc,1487.724
abc,587.7
abc,1134.9
abc,566.61
abc,1285.44
abc,899.55
abc,1117.701
abc,1345.329
abc,874.962
abc,1242.9
abc,1838.1
abc,1436.5212
abc,1272.48
abc,1000.26
abc,464
abc,738.288
abc,972.567
abc,607.9
abc,869.1
abc,398.88
abc,290.7
abc,1006.5897
abc,660.312
abc,1415.76
abc,1325.76
abc,1140.3
abc,825.1
abc,972.81048
abc,723.72
abc,879.6
abc,1281.75
abc,2275.5
abc,674.058
abc,782.94
abc,1839.18
abc,1272.48
abc,807.084
abc,902.712
abc,1272.6
abc,891.9
abc,849.8
abc,994.5
abc,1590.66
abc,805.5
abc,898.38
abc,479.984
abc,683.064
abc,1593.375
abc,1275.12
abc,447.552
abc,1102.536
abc,591.948
abc,496.584
abc,896.886
abc,2003.92
abc,1294.8
abc,412.8
abc,547.83
abc,415.08
abc,1008
abc,1889.055
abc,701.54
abc,883.92
abc,1451.4
abc,1679.616
abc,460.98
abc,1117.92
abc,485.94
abc,1001.7
abc,675.54
abc,689.136
abc,601.3
abc,410.88
abc,865.98
abc,1508.256
abc,773.94
abc,397.6
abc,1482.84836
abc,1003.62
abc,1724.928
abc,1526.5
abc,380.0736
abc,471.18
abc,1838.52
abc,642
abc,370.899
abc,736.5
abc,1323.9
abc,2142
abc,2999.95
abc,1192.8
abc,631.96
abc,465
abc,733.95
abc,1854.495
abc,778.6935
abc,851.57344
abc,1272.6
abc,541.296
abc,743.58
abc,1761.8692
abc,1503.25
abc,388.8
abc,700.65
abc,716.1
abc,1758
abc,797.232
abc,403.866
abc,855.225
abc,862.0878
abc,1223.7912
abc,1236.96
abc,1499.7
abc,2549.985
abc,484.83
abc,655.9
abc,602.76
abc,654.6
abc,842.32
abc,1236.96
abc,550.128
abc,2544.96
abc,760.116
abc,1352.3976
abc,1553.76
abc,789.93
abc,831.789
abc,1708.14
abc,794.3562
abc,743.7
abc,1140.75
abc,1912.5
abc,831.1122
abc,1060.56
abc,665.55
abc,580.72
abc,877.92
abc,712.8
abc,989.04
abc,1403.244
abc,413.64
abc,1144.89
abc,1292.1
abc,1998.24
abc,887.271
abc,558.9552
abc,455.1
abc,1837.56
abc,3445.344
abc,442.638
abc,679.671
abc,1235.286
abc,503.96
abc,792.36
abc,1516.28136
abc,727.5
abc,1057.8
abc,587.16
abc,659.54
abc,1134.21
abc,1439.968
abc,1666.656
abc,911.04
abc,848.32
abc,1028.601
abc,1871.88
abc,1199.8
abc,645.138
abc,1649.75
abc,443.07
abc,417.34
abc,1054.02
abc,1027.2
abc,873.2928
abc,561.12
abc,724.12
abc,644.076
abc,612.684
abc,546
abc,1078.08
abc,751.872
abc,1495.35
abc,2243.88
abc,657.84
abc,578.136
abc,1057.9798
abc,578.976
abc,710.76
abc,877.38
abc,666.96
abc,671.984
abc,899.82
abc,815.796
abc,363.92
abc,348.56
abc,529.8
abc,1070.16
abc,681.92
abc,1058.1
abc,1101.33
abc,667.539
abc,633.48
abc,2478.6
abc,1115.91
abc,628.11
abc,1395
abc,848.07
abc,1970.496
abc,931.77
abc,1867.136
abc,572.8
abc,2567.84
abc,378.405
abc,1019.904
abc,720.42
abc,1133.35
abc,381.44
abc,394.704
abc,1354.95
abc,532.77
abc,956.16
abc,1111.56
abc,1899.54
abc,846.78304
abc,640.725
abc,1725.057
abc,1019.7
abc,699.2
abc,868.959
abc,700.68
abc,464.292
abc,569.568
abc,1011.738
abc,486.324
abc,947.22
abc,720.48
abc,1447.65
abc,1799.75
abc,1523.664
abc,1272.3
abc,413.37
abc,2239.936
abc,1820.7
abc,387.396
abc,650.72
abc,900.96
abc,639
abc,380.864
abc,762.93
abc,588.6
abc,1428.3
abc,3187.5
abc,738.36
abc,1091.04
abc,496.83
abc,1140.75
abc,645.2775
abc,735.408
abc,780.423
abc,1828.98
abc,1408.1
abc,573.615
abc,519.66
abc,1142.064
abc,1140.3
abc,715.64
abc,314.0046
abc,359.235
abc,1781.682
abc,307.152
abc,2080.32
abc,682.5
abc,640.08
abc,1603.314
abc,911.328
abc,1274.3625
abc,444.5415
abc,459.52
abc,1512.20952
abc,1210.86
abc,772.68
abc,275.52
abc,1052.433
abc,274.995
abc,892.224
abc,985.824
abc,2408.0925
abc,930
abc,1301.44
abc,507.84
abc,918.78
abc,445.44
abc,1549.98
abc,2180.34
abc,963.9
abc,766.8
abc,672.19292
abc,3221.4
abc,3232.845
abc,724.536
abc,621.45
abc,1387.68
abc,858.96
abc,613.89
abc,998.85
abc,1239.3
abc,881.93
abc,743.265
abc,511.623
abc,1162.485
abc,627.168
abc,1218.45
abc,395.4
abc,1393.875
abc,767.952
abc,1058.1
abc,770.85
abc,384.72
abc,1040.22
abc,1380.6
abc,971.5
abc,870.24
abc,583.92
abc,832.842
abc,2276.4825
abc,1533.33
abc,1894.4205
abc,1087.2
abc,635.80584
abc,816.264
abc,1676.259
abc,548.64
abc,770.3064
abc,1192.56
abc,532.8
abc,423.24
abc,354.9
abc,659.424
abc,621.18
abc,762.075
abc,1094.22
abc,575.96
abc,785.91
abc,450.66
abc,1017.927
abc,280.872
abc,911.358
abc,1287.432
abc,1543.44
abc,723.3
abc,1091.34
abc,629.424
abc,970.048
abc,1109.052
abc,1502.376
abc,2223.99
abc,1167.48
abc,735.048
abc,796.425
abc,451.6
abc,1431.135
abc,393.96
abc,951.0426
abc,1297.62
abc,1023.36
abc,485.856
abc,2570.94
abc,3421.467
abc,724.248
abc,1822.536
abc,863.2
abc,920.4
abc,1022.256
abc,440.37
abc,381.76
abc,1139.16
abc,2052.54
abc,1497.44
abc,602.651
abc,967.552
abc,1649.95
abc,612.9
abc,1250.235
abc,598.104
abc,555.6
abc,1813.5
abc,500.13
abc,1269.912
abc,1431.4725
abc,1621.9275
abc,975.92
abc,1591.11
abc,898.74
abc,1707.264
abc,1603.136
abc,1084.68
abc,993.25408
abc,1016.64
abc,1236.6
abc,476.28
abc,2525.184
abc,1845.72
abc,552.204
abc,1208.25
abc,526.40508
abc,1000.98
abc,674.352
abc,1252.704
abc,884.952
abc,569.22
abc,461.484
abc,765
abc,370.02
abc,583.92
abc,1648.44
abc,1100.16
abc,630.336
abc,1258.7774
abc,913.43
abc,872.5514
abc,527.76
abc,462.834
abc,483.2
abc,461.052
abc,402.96
abc,262.278
abc,1184.72
abc,955.5
abc,735.39
abc,785.61
abc,1000.98
abc,642.6336
abc,401.28
abc,1455.12
abc,1010.34
abc,1362.72
abc,870.24
abc,781.47
abc,1232.1
abc,655.35
abc,757.5795
abc,1481.7
abc,1110.267
abc,1837.206
abc,497.64
abc,1422.24
abc,988.008
abc,1168.83
abc,769.68
abc,1860
abc,719.96
abc,384.21
abc,1702.12
abc,1059.237
abc,618.56
abc,1601.46
abc,1063.9678
abc,714.204
abc,474.18
abc,1051.38
abc,826.2
abc,1318.38
abc,988.3194
abc,900.9
abc,609.52
abc,1187.64
abc,866.4
abc,2042.544
abc,1270.99
abc,1657.08
abc,1205.54
abc,757.32
abc,1096.326
abc,1567.62
abc,619.02
abc,912.456
abc,1859.55
abc,965.58
abc,535.68
abc,1414.53
abc,799.848
abc,828.36
abc,1352.032
abc,307.314
abc,569.88
abc,951.72
abc,333.576
abc,2346.84
abc,414.75
abc,215.976
abc,406.6
abc,758.85924
abc,1969.596
abc,590.1174
abc,671.93
abc,756.78
abc,1649.25488
abc,388.8
abc,545.4
abc,414.666
abc,396.84
abc,955.17
abc,914.34
abc,1245.024
abc,240
abc,1250.04
abc,676.8
abc,1112.778
abc,1241.28
abc,750.06
abc,1536.489
abc,707.88
abc,552.24
abc,689.22
abc,332.43
abc,970.272
abc,854.28
abc,762.075
abc,1852.875
abc,714.42
abc,881.55
abc,724.248
abc,1119.582
abc,1290.6
abc,364.284
abc,967.032
abc,415.62
abc,1058.25
abc,743.04
abc,1220.31
abc,1302.696
abc,1417.3578
abc,1715.91
abc,720.76
abc,1277.82
abc,616.2
abc,414.66
abc,1078.08
abc,820.665
abc,488.88
abc,1198.32
abc,514.548
abc,1744.64
abc,1107.2
abc,664.2
abc,852.48
abc,1117.92
abc,632.21304
abc,629.58
abc,1549.296
abc,729.5295
abc,918
abc,1537.074
abc,339.96
abc,605.61
abc,494.6088
abc,1134.94556
abc,545.85
abc,1022.528
abc,614.272
abc,1603.071
abc,822.96
abc,773.28
abc,1057.14
abc,2171.3
abc,586.944
abc,485.1288
abc,587.16
abc,757.2
abc,677.4075
abc,536.43
abc,1113.024
abc,542.646
abc,566.52
abc,1280.08
abc,793.56
abc,925.92
abc,1048.56
abc,265.74
abc,500.7
abc,1024.716
abc,1174.08
abc,583.44
abc,342.09
abc,633.18
abc,659.424
abc,723.12
abc,2124.72
abc,1236.2
abc,706.86
abc,1180.095
abc,1917.24
abc,351.9
abc,872.94
abc,447.93
abc,568.728
abc,900.234
abc,569.07
abc,579.45
abc,361.584
abc,826.56
abc,306.992
abc,657.006
abc,969.36
abc,338.4
abc,688.743
abc,1697.25
abc,345.23736
abc,228.33
abc,319.98
abc,1459.68
abc,1322.8
abc,274.5
abc,654.102
abc,1828.71
abc,987.957
abc,1281.75
abc,292.2
abc,1439.982
abc,939.84
abc,1051.7175
abc,619.2
abc,1337.634
abc,284.16
abc,579.136
abc,838.38
abc,1502.976
abc,1048.35
abc,785.088
abc,1219.61588
abc,383.95056
abc,445.2369
abc,794.736
abc,1693.3
abc,773.4
abc,538.24
abc,1130.76
abc,366.75
abc,747.054
abc,717.408
abc,991.2
abc,1474.802
abc,863.2
abc,2491.2
abc,820.44
abc,2314.116
abc,552.96
abc,1094.22
abc,931.176
abc,1293.75
abc,830.88
abc,992.16
abc,323.136
abc,985.2
abc,3812.97
abc,254.85
abc,517.92
abc,541.92
abc,997.29
abc,999.9639
abc,856.8
abc,1388.88
abc,252.558
abc,1034.8938
abc,513.12
abc,1195.2
abc,964.17
abc,767.52
abc,598.458
abc,759.6
abc,716.55
abc,881.685
abc,425.28
abc,1242.36
abc,1174.56
abc,1589.4
abc,1565.88
abc,2189.52
abc,487.38
abc,391.86
abc,1332.496
abc,1192.3106
abc,1771.74
abc,457.164
abc,910.98
abc,2379.618
abc,252.48
abc,965.0475
abc,782.28
abc,772.776
abc,657.216
abc,596.4
abc,1060.8
abc,1031.04
abc,1885.428
abc,802.07264
abc,636.15
abc,780.165
abc,559.93
abc,394.56
abc,1166.92
abc,383.4656
abc,1419.6636
abc,1268.96
abc,654.48
abc,2078.64
abc,756.9
abc,286.8
abc,613.89
abc,1053.6884
abc,362.151
abc,1286.67
abc,879.6
abc,683.952
abc,418.32
abc,2079.4
abc,1579.746
abc,1285.56
abc,359.058
abc,1047.948
abc,296.4884
abc,1825.6182
abc,2171.6
abc,620.298
abc,618.78
abc,479.984
abc,849.75
abc,661.905
abc,815.6286
abc,1105.92
abc,1095.66
abc,1113.264
abc,704.76
abc,1285.05
abc,749.49
abc,1065.96
abc,1747.25
abc,1810.26
abc,1207.08
abc,639.84
abc,683.5785
abc,980.91
abc,1708.74
abc,591.948
abc,383.976
abc,1088.235
abc,1331.253
abc,610.47
abc,551.04
abc,458.16
abc,395.82
abc,651.48
abc,861.9
abc,246.48
abc,770.3811
abc,457.7616
abc,562.08
abc,1640.7
abc,785.88
abc,305.92
abc,410.184
abc,169.1208
abc,862.344
abc,825.36
abc,879
abc,414.66
abc,715.86
abc,656.56
abc,795.6
abc,831.24
abc,1534.96
abc,913.05
abc,876.3
abc,2430.08
abc,812.88
abc,1420.416
abc,607.512
abc,1227.03
abc,459.63
abc,448.48
abc,1112.208
abc,490.32
abc,324.52
abc,876.3
abc,457.326
abc,305.9745
abc,629.95
abc,527.92
abc,891.5256
abc,487.88
abc,1082.48
abc,646.2
abc,1325.76
abc,993.06
abc,1494.6
abc,362.151
abc,607.2
abc,824.95
abc,378.45
abc,1193.4
abc,454.779
abc,829.52
abc,383.76
abc,1359.96
abc,618.56
abc,586.764
abc,1128.735
abc,1275
abc,2004.156
abc,1639.872
abc,1483.704
abc,523.86
abc,425.5695
abc,1320
abc,409.9992
abc,795.6
abc,266.25
abc,670.752
abc,259.524
abc,469.12
abc,1548.36
abc,759.66
abc,512.7
abc,1293.488
abc,1065.96
abc,908.82
abc,1396.92056
abc,259.83
abc,1137.75
abc,924.21
abc,895.05
abc,718.116
abc,1240.12
abc,705.348
abc,669.222
abc,437.58
abc,1099.5
abc,1515.24
abc,768.366
abc,984.9
abc,470.772
abc,292.8
abc,1325.85
abc,1777.8
abc,1272.6
abc,250.2
abc,706.806
abc,242.856
abc,507.6
abc,523.602
abc,611.058
abc,788.9256
abc,533.1588
abc,1241.28
abc,667.539
abc,719.9874
abc,454.272
abc,741.96
abc,685.44
abc,429.92
abc,1571.724
abc,1147.23
abc,412.56
abc,424.2
abc,602.28
abc,469.287
abc,338.1
abc,914.49
abc,333.78
abc,1056.86
abc,831.24
abc,973.32
abc,875.376
abc,525.51
abc,461.6
abc,690.48
abc,915.12
abc,1621.44
abc,1302.96
abc,1025.4
abc,1564.29
abc,1785.78
abc,3810.996
abc,549.927
abc,497.16
abc,538.44
abc,287.94
abc,901.95
abc,1880.64
abc,403.92
abc,1402.29
abc,465.24
abc,724.8
abc,972.648
abc,520.56
abc,252.18
abc,500.49
abc,635.08728
abc,1301.25
abc,888.93
abc,919.89
abc,684.16
abc,2811.45
abc,727.056
abc,435.168
abc,805.707
abc,773.12
abc,776.79
abc,801.568
abc,477.54
abc,651.06
abc,1785.2304
abc,1302.78
abc,1104.48
abc,1002.95008
abc,729.135
abc,657.776
abc,576.6
abc,418.446
abc,526.08
abc,616.14
abc,747.36
abc,453.06
abc,746.82
abc,1877.16
abc,674.244
abc,439.2
abc,527.46
abc,799.47
abc,521.82
abc,1121.832
abc,716.1
abc,723.3
abc,2503.872
abc,971.88
abc,1420.83264
abc,764.28
abc,863.31
abc,414.72
abc,768.144
abc,575.856
abc,1463.64
abc,300.18
abc,2906.766
abc,481.14
abc,980.91
abc,439.5
abc,767.952
abc,818.376
abc,392.67
abc,374.85
abc,419.4
abc,617.97
abc,616.572
abc,839.43
abc,1252.584
abc,1220.87336
abc,977.292
abc,1577.94
abc,620.64
abc,1093.248
abc,961.43328
abc,682.95
abc,587.97
abc,1350.99
abc,572.454
abc,697.32
abc,402.39
abc,1285.38
abc,670.14
abc,633.48
abc,865.62
abc,434.16
abc,646.272
abc,251.944
abc,887.976
abc,863.128
abc,1031.04
abc,1380.1
abc,910.35
abc,850.35
abc,537.6
abc,479.97
abc,526.62
abc,713.15088
abc,1444.128
abc,295.4
abc,1519.32
abc,246.6
abc,335.52
abc,717.72
abc,806.336
abc,529.32
abc,714.72
abc,449.1
abc,1074.06
abc,718.2
abc,663.39
abc,583.308
abc,476.361
abc,489.96
abc,431.976
abc,386.68
abc,850
abc,463.176
abc,1195.2
abc,875.61
abc,727.296
abc,645.948
abc,1232.352
abc,770.4
abc,1856.19
abc,1243.9044
abc,607.14
abc,638.91
abc,296.34
abc,956.664
abc,401.976
abc,1918.98
abc,987.56
abc,1173.42
abc,606.1328
abc,2070.9
abc,1473.408
abc,442.26
abc,494.1
abc,1557
abc,876.528
abc,410.88
abc,714.204
abc,616.998
abc,1578.636
abc,624.24
abc,426.3
abc,1395.24392
abc,1234.359
abc,364.14
abc,692.73176
abc,825.792
abc,245.13
abc,330.64
abc,351.09
abc,636.3
abc,1135.8
abc,575.92
abc,1539.36
abc,899.16
abc,1016.64
abc,892.5768
abc,643.8852
abc,1206.84
abc,579.6
abc,541.44
abc,843.9
abc,342.51
abc,793.8
abc,914.28
abc,527.0085
abc,528.444
abc,548.694
abc,822.852
abc,334.3035
abc,1745.34
abc,603.54
abc,2114.64
abc,1707.21
abc,1695.87
abc,627.9
abc,555.228
abc,1168.44
abc,1158.408
abc,1260.1746
abc,664.35
abc,1236.465
abc,218.16
abc,881.34
abc,353.16
abc,2321.9
abc,915.9
abc,1039.27728
abc,1081.08
abc,385.76
abc,526.62
abc,1157.22
abc,359.32
abc,1227.717
abc,1100.16
abc,677.817
abc,398.352
abc,1262.925
abc,1255.5
abc,1579.86
abc,1174.56
abc,728.64
abc,1316.448
abc,1801.632
abc,885.87
abc,636.36
abc,381.78
abc,1035.72
abc,756.6
abc,1463.64
abc,823.96
abc,1226.52
abc,1126.296
abc,1758.12
abc,799.83
abc,958.63888
abc,717.12
abc,637.5
abc,516
abc,706.65
abc,1691.235
abc,370.62
abc,878.904
abc,1272.12
abc,680.562
abc,491.456
abc,919.89
abc,714.42
abc,637.335
abc,504.06984
abc,2541.98
abc,504.36
abc,740.34
abc,636.3
abc,967.2
abc,853.344
abc,1360.62
abc,622.86
abc,408.3
abc,567
abc,575.16
abc,1599.9
abc,828.06
abc,1285.56
abc,637.35
abc,764.28
abc,540.192
abc,578.61
abc,848.4
abc,1074.8
abc,868.64
abc,558.4
abc,245.514
abc,397.89
abc,744
abc,986.904
abc,1092.72
abc,852.498
abc,1362.06
abc,634.95
abc,449.496
abc,698.352
abc,505.32
abc,824.28
abc,874.02
abc,672.72
abc,620.055
abc,1050.732
abc,603.92
abc,591.7032
abc,1047.48
abc,497.7
abc,1391.76
abc,504.0756
abc,2060.744
abc,956.16
abc,709.3125
abc,1109.16
abc,685.8
abc,568.47
abc,256.74
abc,371.97
abc,463.68
abc,412.695
abc,505.95
abc,1025.88
abc,972.864
abc,370.944
abc,653.13
abc,1533.33
abc,1700
abc,594.27
abc,822.852
abc,744.066
abc,520.11
abc,1291.65
abc,925.23
abc,574.47
abc,714.24
abc,344.91
abc,335.744
abc,389.655
abc,1567.62
abc,910.35
abc,318.08256
abc,1193.4
abc,345.28
abc,887.103
abc,643.977
abc,315.98
abc,667.56
abc,560.916
abc,1781.19
abc,1268.96
abc,881.9326
abc,1199.976
abc,333.9
abc,1279.968
abc,1225.65
abc,516.9
abc,262.528
abc,736.218
abc,1268.82
abc,899.982
abc,961.48
abc,1079.568
abc,1262.061
abc,494.982
abc,1034.88
abc,628.44
abc,1369.2
abc,826.56
abc,634.24
abc,1259.93
abc,308.7
abc,956.13
abc,588.784
abc,429.48
abc,566.4
abc,825.36
abc,1393.92
abc,1022.22
abc,896.76
abc,1138.44
abc,1568.61
abc,1127.76
abc,397.44
abc,731.424
abc,1486.53
abc,512.96
abc,895.92
abc,492.84
abc,2190.72
abc,1000.98
abc,1432
abc,1199.76
abc,528.43
abc,1244.16
abc,432.6
abc,687.48
abc,652.32
abc,1788.588
abc,1744.64
abc,1336.829
abc,479.04
abc,1274.7
abc,327.12
abc,229.056
abc,380.88
abc,685.44
abc,347.97
abc,520.464
abc,748.752
abc,825.6
abc,625.02
abc,672
abc,371.52
abc,434.352
abc,853.93
abc,2447.55
abc,667.92
abc,481.52
abc,1360.56
abc,1114.9656
abc,512.0436
abc,244.26
abc,370.782
abc,773.55
abc,829.44
abc,609.98
abc,538.44
abc,1239.84
abc,1297.62
abc,625.02
abc,494.376
abc,1282.8
abc,786.8232
abc,611.745
abc,1156.896
abc,550.08
abc,619.2
abc,805.896
abc,672.448
abc,338.94
abc,631.91364
abc,634.1192
abc,319.56
abc,692.472
abc,447.264
abc,745.686
abc,828.06
abc,332.28
abc,1292.1
abc,651.48
abc,881.55
abc,715.64
abc,1039.992
abc,1285.56
abc,1609.29
abc,1579.92
abc,264.384
abc,709.0275
abc,769.86
abc,1212.848
abc,740.7
abc,1231.05
abc,1091.168
abc,692.44
abc,1094.22
abc,458.4
abc,1319.8
abc,4007.84
abc,968.4
abc,1324.88
abc,230.352
abc,1952.424
abc,1272.186
abc,963.36
abc,1272.12
abc,1726.65
abc,509.868
abc,509.88
abc,370.818
abc,386.1
abc,1169.36
abc,199.08
abc,1272.42
abc,424.8
abc,446.04
abc,464.049
abc,821.52
abc,972.64
abc,780.84
abc,214.455
abc,639.45
abc,1248.8625
abc,1181.016
abc,546.66
abc,575.928
abc,1058.58
abc,215.46
abc,1107.9369
abc,959.104
abc,526.5
abc,1048.7313
abc,814.374
abc,322.44
abc,1044.2166
abc,630.024
abc,406.2888
abc,190.92
abc,424.158
abc,781.224
abc,1221.48
abc,189.6
abc,872.13
abc,887.46
abc,1085.42
abc,1656.72
abc,406.98
abc,575.64
abc,672.96
abc,341.9766
abc,531.36
abc,728.595
abc,835.056
abc,463.68
abc,917.73
abc,929.988
abc,488.16
abc,370.6425
abc,591.3
abc,811.104
abc,316.296
abc,695.16
abc,690
abc,547.128
abc,294.66
abc,850.5
abc,509.88
abc,467.43
abc,452.55
abc,406.44
abc,962.4712
abc,751.6299
abc,824.04
abc,755.2
abc,1227.2
abc,599.16
abc,828.8811
abc,1292.7
abc,1075.088
abc,1378.56
abc,763.26
abc,2544.24
abc,782.0328
abc,1314.45
abc,1676.88
abc,720.064
abc,348.81
abc,1715.16
abc,1067.94
abc,848.124
abc,542.1
abc,333.84
abc,743.58
abc,476.982
abc,1519.32
abc,1893.888
abc,779.58
abc,914.5125
abc,749.07
abc,801.568
abc,1188.36
abc,910.8
abc,554.16
abc,573.48
abc,437.7171
abc,853.092
abc,892.35
abc,525.69
abc,406.44
abc,815.796
abc,1466.88
abc,2348.4
abc,981.372
abc,826.56
abc,245.13
abc,696.42
abc,5100
abc,1285.56
abc,248.796
abc,1272.42
abc,877.02
abc,381.63
abc,848.08
abc,559.062
abc,758.484
abc,632.34
abc,410.8
abc,816.72
abc,844.116
abc,1244.16
abc,1526.56
abc,760.2
abc,622.2
abc,546
abc,521.96
abc,517.405
abc,505.90616
abc,823.8591
abc,458.208
abc,495.42
abc,1256.445
abc,1741.8
abc,950.4
abc,421.27576
abc,972.864
abc,275.4
abc,677.58
abc,1841.67
abc,578.79
abc,1516.28136
abc,1026.90208
abc,643.136
abc,477.24
abc,783.96
abc,643.1508
abc,223.398
abc,365.283
abc,3357.6
abc,848.544
abc,655.452
abc,911.424
abc,806.68
abc,1454.832
abc,780.3
abc,1409.76
abc,1314.432
abc,286.848
abc,899.91
abc,1076.406
abc,396.9
abc,1136.94
abc,477.6
abc,911.04
abc,1359.864
abc,1162.89
abc,1023.936
abc,1484.544
abc,1209.45
abc,829.32
abc,531.36
abc,478.8404
abc,381.576
abc,319.968
abc,853.65
abc,603.42
abc,850.95
abc,951.8376
abc,437.688
abc,1123.1703
abc,743.904
abc,275.58
abc,642.69
abc,888.4755
abc,1267.65
abc,1533.9
abc,434.4
abc,950.4
abc,891.99
abc,578.976
abc,780.75
abc,821.88
abc,820.7
abc,236.97
abc,523.602
abc,248.85
abc,269.64
abc,1038.84
abc,435.45
abc,1244.16
abc,283.26
abc,692.7
abc,673.05
abc,468.72
abc,327.24
abc,492.1236
abc,532.72
abc,877.02
abc,554.76
abc,447.86
abc,325.86
abc,1182.8296
abc,230.74428
abc,400.848
abc,323.82
abc,1175.4
abc,1123.08
abc,729.99
abc,1106.46
abc,493.38
abc,1063.9678
abc,2858.52
abc,1267.53
abc,915.136
abc,849.92
abc,697.584
abc,568.32
abc,1322.01
abc,338.7
abc,496.53
abc,568.269
abc,261.48
abc,494.464
abc,496.53
abc,740.775
abc,604.768
abc,269.865
abc,720.42
abc,1409.04
abc,1048.194
abc,2615.94
abc,652.45
abc,1440.96
abc,636.06
abc,1978.56
abc,1079.784
abc,1107.432
abc,305.1
abc,433.568
abc,4355.168
abc,1238.55
abc,372.28
abc,741.96
abc,961.8
abc,756.54
abc,546.588
abc,430.848
abc,1026.24
abc,319.2
abc,1017.522
abc,457.14
abc,297.48
abc,246.3
abc,636.24
abc,944.93
abc,534.6
abc,449.874
abc,637.08
abc,302.4
abc,824.97
abc,470.376
abc,218.25
abc,347.8377
abc,527.16
abc,541.24
abc,712.65
abc,788.4
abc,204.912
abc,683.256
abc,765
abc,613.56
abc,1161.54
abc,1706.184
abc,747.558
abc,346.761
abc,783.72
abc,723.92
abc,986.37
abc,583.872
abc,979.695
abc,657.552
abc,498.744
abc,465.24
abc,970.2
abc,341.55
abc,487.38
abc,328.59
abc,967.56
abc,382.41
abc,1322.01
abc,243.69
abc,344.5425
abc,577.888
abc,1137.2235
abc,686.32
abc,357.3648
abc,536.43
abc,499.56
abc,397.8
abc,589.815
abc,1277.82
abc,287.4456
abc,764.82
abc,351.339
abc,831.936
abc,979.95
abc,663.072
abc,1247.4
abc,248.82
abc,911.358
abc,776
abc,533.82
abc,318.4
abc,766.8
abc,1745.34
abc,1078.0455
abc,1173.0492
abc,457.95
abc,497.6556
abc,2001.86
abc,492.3
abc,637.416
abc,826.2
abc,439.2
abc,628.44
abc,1018.104
abc,666.84
abc,379.287
abc,551.872
abc,880.32
abc,756.8
abc,1327.2
abc,785.79
abc,837
abc,864
abc,524.64
abc,756
abc,496.64472
abc,367.83
abc,284.4
abc,734.4
abc,1164.375
abc,769.176
abc,517.92
abc,460.1688
abc,506.43
abc,940.914
abc,247.455
abc,1071.576
abc,958.68
abc,1805.88
abc,691.96
abc,415.08
abc,636.408
abc,1979.7
abc,831.24
abc,688.74
abc,833.94
abc,377.6
abc,500.576
abc,890.595
abc,364.416
abc,246.48
abc,664.767
abc,1269.84
abc,514.2348
abc,639.06
abc,555.516
abc,339.39984
abc,799.2
abc,837.6
abc,634.848
abc,912.6
abc,435.12
abc,1474.128
abc,437.157
abc,1894.05
abc,516.66
abc,369.09
abc,511.84
abc,461.43
abc,637.184
abc,661.851
abc,286.8
abc,471.96
abc,336.72
abc,477.12384
abc,330.04
abc,941.77824
abc,607.824
abc,751.984
abc,594.54
abc,272.76
abc,523.341
abc,537.4
abc,967.98
abc,340.86
abc,805.56
abc,764.28
abc,1375.8456
abc,458.43
abc,302.94
abc,259.74
abc,228.744
abc,543.456
abc,857.1
abc,730.6173
abc,1287.45
abc,666.08
abc,612.45
abc,428.4765
abc,1085.94
abc,683.88
abc,1056.1086
abc,1171.53
abc,275.68
abc,319.968
abc,773.7975
abc,651.96
abc,450.48
abc,308.745
abc,239.97
abc,957.5775
abc,1001.584
abc,765.36
abc,1115.17
abc,1725.462
abc,924.966
abc,292.7592
abc,1495.92
abc,500.94
abc,640.656
abc,263.52
abc,210.68
abc,453.12
abc,449.9145
abc,1105.956
abc,616.14
abc,468.6381
abc,1275
abc,846.612
abc,210.48
abc,568.29
abc,725.67
abc,525.69
abc,676.2
abc,830.2158
abc,927.84
abc,776.88
abc,940.0716
abc,189.98
abc,187.68
abc,1157.22
abc,396.18
abc,912.75
abc,604.752
abc,1252.48
abc,692.03316
abc,317.16
abc,517.95
abc,474.8301
abc,551.36
abc,601.536
abc,612.45
abc,825.1
abc,743.25
abc,1403.92
abc,163.908
abc,344.34
abc,1287.45
abc,1419.363
abc,825.36
abc,1305.36
abc,1167.48
abc,1190.49
abc,264.222
abc,687.6
abc,266.94
abc,403.83
abc,822.906
abc,754.05
abc,444.204
abc,668.925
abc,916.272
abc,293.58
abc,249.84
abc,861.9
abc,322
abc,990.36
abc,314.1
abc,511.623
abc,1189.728
abc,1048.8
abc,1238.688
abc,439.74
abc,732.06
abc,889.536
abc,883.8
abc,1422.24
abc,388.92
abc,874.68
abc,1330.29
abc,463.84
abc,1175.4
abc,600.3
abc,637.08
abc,1023.36
abc,1243.98
abc,716.40432
abc,493.92
abc,325.36
abc,910.6
abc,564.36
abc,793.584
abc,461.9
abc,866.0644
abc,396.72496
abc,301.41
abc,803.25
abc,868.59
abc,249.15
abc,986.202
abc,344.981
abc,662.448
abc,703.29
abc,380.457
abc,395.88
abc,558.4
abc,1015.9848
abc,2120.79
abc,1334.55
abc,631.91364
abc,870.24
abc,1053.405
abc,288.54
abc,692.85
abc,637.08
abc,874.68
abc,1091.25
abc,1119.36
abc,710.964
abc,400.784
abc,423.24
abc,454.48
abc,248.28
abc,435.294
abc,321.824
abc,660.8
abc,930
abc,741.96
abc,1818.84
abc,587.412
abc,517.5
abc,577.764
abc,583.8
abc,391.14
abc,1265.85
abc,818.08
abc,1336.86
abc,1295.78
abc,745.416
abc,595.17
abc,761.832
abc,657.396
abc,585.12
abc,491.55
abc,512.7
abc,825.36
abc,872.67
abc,1373.52
abc,955.17
abc,601.65
abc,1117.92
abc,982.912
abc,796.48
abc,503.4
abc,455.1876
abc,528.66
abc,426.24
abc,311.304
abc,1002.72
abc,764.688
abc,227.34
abc,258.9
abc,659.3625
abc,1640.7
abc,516.132
abc,287.55
abc,659.976
abc,1028.16
abc,1533.33
abc,463.84
abc,523.41
abc,388.08
abc,577.68
abc,919.26
abc,471.33
abc,185.52
abc,759.66
abc,1236.96
abc,755.0946
abc,1186.65
abc,1010.16
abc,551.61
abc,513.12
abc,485.43
abc,797.944
abc,537.28
abc,667.68
abc,633.92
abc,414.72
abc,612.84
abc,1184.94
abc,451.152
abc,447.2
abc,534.357
abc,358.41
abc,789.9525
abc,639.66
abc,1292.94
abc,209.93
abc,261.96
abc,825.36
abc,1192.737
abc,846.6
abc,709.56
abc,928.256
abc,940.914
abc,459.513
abc,863.82
abc,591.3
abc,370.53
abc,1490.7
abc,582.336
abc,836.64
abc,245.55
abc,456.96
abc,467.1576
abc,1133.22
abc,671.25
abc,582
abc,1250.04
abc,972.24
abc,314.352
abc,479.988
abc,217.584
abc,1987.32
abc,755.73
abc,415.44
abc,370.35
abc,227.28
abc,1311.552
abc,714.42
abc,355.482
abc,1912.32
abc,1133.04
abc,793.68
abc,705.348
abc,1131.03
abc,1744.64
abc,893.025
abc,682.08
abc,1269.72
abc,470.48
abc,987.12
abc,515.88
abc,324.36
abc,656.532
abc,333.84
abc,533.79
abc,632.07
abc,1785.888
abc,572.67
abc,657.4815
abc,788.868
abc,899.55
abc,1080.63
abc,1083.54
abc,392.31
abc,998.82
abc,253.02
abc,928.2
abc,353.85
abc,330.696
abc,353.76
abc,307.62
abc,1383.36
abc,304.71
abc,568.47
abc,254.52
abc,687.6
abc,861.21
abc,342.08
abc,593.568
abc,831.456
abc,773.55
abc,713.124
abc,499.99
abc,636.5244
abc,1099.96
abc,575.64
abc,763.917
abc,1362.825
abc,445.554
abc,999.12
abc,1200.888
abc,289.8
abc,357.12
abc,156.168
abc,1379.92
abc,956.124
abc,916.41
abc,255.42
abc,1280.286
abc,309.36
abc,657.15
abc,913.43
abc,488.6258
abc,597.915
abc,618.24
abc,824.22
abc,737.64
abc,1235.25
abc,360
abc,1009.44
abc,747.405
abc,796.1355
abc,531.18
abc,217.28
abc,526.582
abc,1545.0825
abc,515.184
abc,332.01
abc,710.964
abc,873
abc,1758
abc,1032
abc,696.762
abc,287.968
abc,598.68024
abc,1032.5
abc,987.45
abc,520.56
abc,455.712
abc,267.36
abc,772.605
abc,1059.12
abc,327.312
abc,969.36
abc,1279.32
abc,1106.19
abc,525.042
abc,255.22
abc,720.42
abc,1272.48
abc,1080.63
abc,1001.584
abc,928.256
abc,890.73
abc,1272.92
abc,331.8
abc,198.9
abc,352.44
abc,327.24
abc,651.348
abc,667.539
abc,370.152
abc,556.665
abc,656.91
abc,1428.84
abc,672.48
abc,754.758
abc,259.2
abc,706.4
abc,535.734
abc,323.976
abc,569.184
abc,932.992
abc,715.86
abc,413.37
abc,1008.063
abc,769.14
abc,677.8776
abc,523.25
abc,323.79112
abc,989.97
abc,219.84
abc,753.72
abc,1035
abc,621
abc,952.7
abc,1577.94
abc,1003.02
abc,306.81
abc,712.584
abc,458.136
abc,1054.68
abc,826.902
abc,354.9
abc,906.68
abc,249.99
abc,1740.06
abc,370.818
abc,514.165
abc,413.904
abc,872.32
abc,890.15612
abc,509.4
abc,450.441
abc,735.156
abc,756.81
abc,316.74
abc,664.36
abc,1629.2205
abc,332.64
abc,838.62
abc,356.16
abc,680.76
abc,373.08
abc,569.55
abc,234.276
abc,1020.612
abc,297.96
abc,988.632
abc,347.67
abc,457.92
abc,645.54
abc,244.2
abc,335.944
abc,639.84
abc,1154.90556
abc,284.1
abc,590.058
abc,599.34
abc,366.84
abc,495.42
abc,535.05
abc,750.97504
abc,227.28
abc,264.6
abc,459.513
abc,235.95
abc,348.488
abc,1635.255
abc,511.92
abc,973.32
abc,410.76
abc,370.26
abc,293.112
abc,239.97
abc,653.52
abc,513.72
abc,538.56
abc,294.729
abc,859.2
abc,166.275
abc,1447.56
abc,769.662
abc,1101.5676
abc,899.97
abc,350.93672
abc,557.2
abc,354.564
abc,376.128
abc,954.36
abc,493.56
abc,231.132
abc,743.988
abc,897.372
abc,698.04112
abc,712.8
abc,659.52
abc,262.14
abc,460.08
abc,484.176
abc,681.408
abc,357.36
abc,580.56
abc,328.776
abc,343.95
abc,457.95
abc,915.9
abc,360.3915
abc,578.421
abc,366.744
abc,515.862
abc,930
abc,427.68
abc,440.19
abc,333.6
abc,382.14
abc,666
abc,379.89
abc,391.36
abc,705.072
abc,183.968
abc,680.848
abc,604.908
abc,592.3
abc,258.9
abc,286.79
abc,848.4
abc,332.496
abc,453.4788
abc,303.984
abc,1592.7
abc,572.58
abc,2803.92
abc,654.24
abc,667.9215
abc,337.68
abc,327.564
abc,793.206
abc,343.83
abc,627.228
abc,1062.36
abc,553.92
abc,1003.02
abc,1133.22
abc,735.408
abc,1140.75
abc,288.4
abc,390.15
abc,947.079
abc,343.74
abc,1162.64
abc,886.41
abc,1233.63
abc,292.44
abc,1127.808
abc,697.5
abc,438.368
abc,1275.12
abc,657.84
abc,669.12
abc,337.23
abc,195.76
abc,277.89
abc,196.668
abc,566.2062
abc,1021.14
abc,550.2
abc,1091.25
abc,1078.08
abc,1215.36
abc,1034.4
abc,494.04
abc,756.135
abc,819.6975
abc,2610.72
abc,966.4
abc,741.852
abc,839.889
abc,1141.938
abc,883.84
abc,204.85
abc,216.888
abc,478.48
abc,727.5
abc,708.15
abc,643.824
abc,587.79
abc,205.8
abc,1239
abc,907.2
abc,735.48
abc,743.4
abc,444.42
abc,339.192
abc,409.8
abc,563.808
abc,1126.02
abc,520.11
abc,632.34
abc,342.37
abc,1144.5
abc,793.68
abc,1181.547
abc,429.6
abc,1005.156
abc,734.94
abc,856.44
abc,623.4648
abc,328.28
abc,610.077
abc,826.56
abc,1175.58
abc,923.76
abc,880.146
abc,1682.748
abc,772.776
abc,304.56
abc,437.94
abc,1155.6
abc,462.348
abc,1141.8
abc,254.52
abc,417.42
abc,473.976
abc,636.06
abc,1140.48
abc,904.032
abc,459.24
abc,583.12
abc,1285.47
abc,1158.3
abc,779.58
abc,741.852
abc,724.08
abc,622.14
abc,332.181
abc,1508.85
abc,751.2579
abc,533.82
abc,869.7
abc,369.1125
abc,302.46
abc,566.97
abc,308.556
abc,759.44
abc,378.81
abc,275.7
abc,355.36
abc,907.011
abc,485.904
abc,198.72
abc,266.72
abc,5726.16
abc,1931.94
abc,583.12
abc,300.18
abc,1270.41
abc,338.04
abc,254.496
abc,1116.36
abc,263.296
abc,634.68
abc,195.39
abc,609.66
abc,581.96
abc,883.792
abc,964.53
abc,1243.9044
abc,561.087
abc,535.68
abc,867.5
abc,412.8
abc,457.14
abc,295.92
abc,680.5
abc,788.67
abc,1039.08
abc,254.16
abc,459
abc,761.6
abc,246.48
abc,705.544
abc,1267.76
abc,423.3
abc,370.575
abc,207.36
abc,596.4
abc,480.522
abc,761.544
abc,549.24
abc,709.0275
abc,267.36
abc,333.153
abc,276.6
abc,723.168
abc,569.058
abc,583.38
abc,653.55
abc,1480.68
abc,692.328
abc,373.59
abc,458.4
abc,293.85
abc,580.608
abc,911.52
abc,763.92
abc,759.96
abc,432.6
abc,333.6
abc,2190.848
abc,637.335
abc,575.92584
abc,346.74
abc,833.7
abc,717.633
abc,711.12
abc,212.76
abc,468.315
abc,233.28
abc,892.224
abc,750.735
abc,947.916
abc,467.04
abc,167.96
abc,1367.84
abc,189.405
abc,274.407
abc,456.192
abc,385.11
abc,634.392
abc,818.25
abc,956.6648
abc,1461.2895
abc,1467.36
abc,295.056
abc,730.44
abc,751.872
abc,693.84
abc,564.76
abc,670.14
abc,552.96
abc,975.12
abc,700.68
abc,899.95
abc,696.762
abc,1399.93
abc,799.83
abc,481.32
abc,680.6
abc,402.9
abc,842.376
abc,1247.64
abc,1470.78
abc,1272.12
abc,963.2
abc,415.62
abc,580.6
abc,538.203
abc,677.6352
abc,653.1
abc,555.552
abc,379.96
abc,788.4
abc,692.58
abc,634.116
abc,521.82
abc,725.49
abc,435.99
abc,666.4
abc,667.32
abc,413.52
abc,332.96
abc,664.36
abc,302.94
abc,182.196
abc,340.08
abc,245.484
abc,534.8
abc,412.8
abc,381.375
abc,793.476
abc,596.052
abc,519.68
abc,1019.52
abc,705.72
abc,486.642
abc,521.37
abc,1064.2672
abc,807.732
abc,859.3065
abc,883.2861
abc,999.432
abc,180.075
abc,386.4
abc,254.88
abc,1713.96
abc,655.776
abc,823.96
abc,735.12
abc,501.47504
abc,596.7
abc,292.44
abc,466.768
abc,733.44
abc,486.999
abc,497.28
abc,634.96752
abc,421.27576
abc,509.04
abc,728.64
abc,517.65
abc,583.92
abc,315.2
abc,269.82
abc,287.94
abc,1031.4
abc,915.1155
abc,954.45
abc,513.12
abc,379.809
abc,1314.45
abc,530.22
abc,863.128
abc,820.992
abc,351.2892
abc,1031.82
abc,293.28
abc,535.14
abc,934.185
abc,922.86
abc,511.3962
abc,298.92
abc,561.87
abc,835.17
abc,533.82
abc,663
abc,542.94
abc,221.454
abc,731.82
abc,528.43
abc,916.8
abc,870.588
abc,1073.024
abc,985.68
abc,520.68
abc,435.0024
abc,737.586
abc,1144.2048
abc,342.072
abc,487.38
abc,366.84
abc,628.81
abc,479.97
abc,462.642
abc,410.22
abc,989.7
abc,321.36
abc,940.32
abc,887.84
abc,583.12
abc,540.36
abc,571.374
abc,387.261
abc,615.24
abc,591.3
abc,584.352
abc,340.2
abc,786.618
abc,451.818
abc,1793.98
abc,552.96
abc,519.96
abc,631.512
abc,545.37
abc,293.04
abc,183.84
abc,755.3862
abc,506.88
abc,712.3428
abc,433.62
abc,639.6
abc,231.36
abc,697.08304
abc,826.2
abc,252.84
abc,413.1
abc,396
abc,861.76
abc,359.97
abc,859.2
abc,683.4
abc,1420.8
abc,643.02
abc,415.44
abc,622.62
abc,1035.909
abc,396.333
abc,437.724
abc,911.52
abc,1200.312
abc,383.952
abc,1114.272
abc,2120.8
abc,985.11
abc,1285.44
abc,1567.2
abc,431.976
abc,422.625
abc,872.32
abc,704.88
abc,955.8675
abc,768.51
abc,931.77
abc,449.04
abc,368.5302
abc,271.7631
abc,465.16
abc,1212.96
abc,797.04
abc,1081.302
abc,293.085
abc,869.76
abc,240.744
abc,834.75
abc,646.5375
abc,785.79
abc,726.144
abc,815.103
abc,414.72
abc,821.52
abc,580.672
abc,582.912
abc,914.28
abc,437.481
abc,686.7
abc,923.58
abc,426.6
abc,487.62
abc,520.08
abc,985.248
abc,447.944
abc,441.9
abc,662.832
abc,697.584
abc,142.38
abc,1317.492
abc,453.681
abc,525.78
abc,666.84
abc,884.448
abc,809.7
abc,577.665
abc,197.88
abc,743.58
abc,1614.582
abc,264.56
abc,409.239
abc,220.32
abc,861.6
abc,570.24
abc,884.52
abc,509.04
abc,575.694
abc,989.04
abc,1403.92
abc,672.72
abc,735.98
abc,680.82
abc,497.64
abc,182.58
abc,263.88
abc,527.46
abc,400.788
abc,566
abc,439.02
abc,1297.368
abc,565.362
abc,798.75
abc,305.3925
abc,604.656
abc,879.984
abc,424.272
abc,420.864
abc,513.12
abc,587.97
abc,629.95
abc,600.53
abc,710.832
abc,799.92
abc,1421.52
abc,402.78
abc,743.13
abc,681.744
abc,408.744
abc,562.68
abc,426.79
abc,607.36
abc,342.54
abc,628.2
abc,727.5
abc,992.9955
abc,1214.72
abc,536.8
abc,1731.1
abc,633.18
abc,637.2
abc,639.66
abc,409.7
abc,1386.88
abc,1124.58
abc,811.134
abc,661.905
abc,1199.76
abc,934.86
abc,215.592
abc,595
abc,312.912
abc,593.64
abc,413.28
abc,587.16
abc,659.52
abc,974.988
abc,753.72
abc,280.26
abc,562.68
abc,1079.976
abc,695.76
abc,1002.95008
abc,711.858
abc,591.0156
abc,870.24
abc,333.96
abc,346.113
abc,666.72
abc,468.9
abc,570.96
abc,603.72
abc,863.4951
abc,1217.568
abc,316.05
abc,624.18
abc,1218.735
abc,601.55448
abc,699.98
abc,274.416
abc,482.48
abc,481.68
abc,588.36
abc,735.39
abc,368.226
abc,967.56
abc,619.4205
abc,552.56
abc,558.6315
abc,1098.96
abc,1215.92
abc,192.8
abc,1039.728
abc,254.16
abc,1715.056
abc,330.156
abc,402.894
abc,535.734
abc,535.68
abc,567.8
abc,1478.25
abc,1178.01
abc,699.98
abc,411.8
abc,324
abc,399.5775
abc,798.84
abc,1217.58
abc,236.952
abc,750.6
abc,343.17
abc,325.68
abc,1892.25
abc,235.3086
abc,342.225
abc,487.984
abc,921.978
abc,396.802
abc,1025.4
abc,1190.304
abc,324.06
abc,249.372
abc,502.0836
abc,674.6904
abc,671.892
abc,591.3
abc,890.052
abc,440.88
abc,1053.6884
abc,577.584
abc,947.7
abc,241.568
abc,524.58
abc,930
abc,629.064
abc,581.67432
abc,210.008
abc,646.776
abc,1335.68
abc,335.502
abc,623.7
abc,955.17
abc,831.4608
abc,625.02
abc,443.475
abc,876.8428
abc,851.57344
abc,871.08
abc,333.48
abc,822.3
abc,352.6587
abc,766.692
abc,246.48
abc,311.136
abc,661.176
abc,800.208
abc,255.78
abc,590.22
abc,409.59
abc,540.048
abc,367
abc,351.68
abc,319.41
abc,899.16
abc,784.782
abc,620.496
abc,433.95
abc,620.6145
abc,986.904
abc,490.3059
abc,426.36
abc,354.9
abc,478.48
abc,720.64
abc,473.472
abc,445.95
abc,1488.24
abc,262.864
abc,506.64
abc,310.88
abc,360.96
abc,534.357
abc,343.785
abc,513.213
abc,783.54976
abc,256.095
abc,637.08
abc,309.3825
abc,553.635
abc,446.068
abc,338.688
abc,335.64
abc,729.48
abc,344.682
abc,212.1
abc,154.77
abc,256.74
abc,617.28
abc,897.2
abc,528.444
abc,1021.14
abc,232.08
abc,547.11
abc,952.29
abc,424.944
abc,384.3
abc,706.158
abc,657.93
abc,348.34192
abc,791.964
abc,261.954
abc,517.92
abc,688.95
abc,1879.96
abc,875.7
abc,417
abc,382.56
abc,288.84
abc,243.3
abc,684.606
abc,346.74
abc,830.574
abc,643.977
abc,246.15
abc,476.49
abc,960.64
abc,358
abc,285.20844
abc,529.92
abc,364.59
abc,413.316
abc,827.268
abc,507.492
abc,1050.96
abc,478.7406
abc,666.248
abc,879
abc,431.37
abc,447.84
abc,686.76
abc,307.008
abc,697.2
abc,1001.1366
abc,501.248
abc,890.595
abc,724.8
abc,902.712
abc,395.82
abc,550.4
abc,506.43
abc,579.528
abc,1103.04
abc,702.27
abc,1120.77
abc,379.53
abc,244.768
abc,646.3044
abc,387.136
abc,1968.03
abc,381.915
abc,503.51096
abc,1085.42
abc,783.96
abc,704.55
abc,546.06
abc,1564.56
abc,467.32
abc,661.851
abc,634.74
abc,182.76
abc,419.944
abc,1256.88
abc,760.38
abc,195.444
abc,567.12
abc,418.716
abc,827.55
abc,449.64
abc,640.656
abc,211.92
abc,227.745
abc,800.64
abc,273.18
abc,312.576
abc,1036.624
abc,644.448
abc,522.48
abc,375.165
abc,207.648
abc,626.80224
abc,725.3415
abc,830.7
abc,370.52
abc,229.2
abc,866.4
abc,836.592
abc,1239.462
abc,269.22
abc,523.23144
abc,859.32
abc,507.924
abc,334.68
abc,1071.441
abc,518.85
abc,1522.638
abc,574.91
abc,246.6945
abc,547.136
abc,228.78
abc,1103.97
abc,600.84
abc,636.3
abc,1076.004
abc,541.77
abc,1188
abc,542.34
abc,474.8
abc,707
abc,540.324
abc,676.2
abc,2105.04
abc,657.216
abc,395.88
abc,770.22
abc,813.8325
abc,634.96752
abc,239.666
abc,351.68
abc,499.56
abc,747.63
abc,462.24
abc,728.64
abc,991.44
abc,704.76
abc,177.66
abc,239.98
abc,456.192
abc,644.436
abc,962.08
abc,278.46
abc,551.286
abc,217.89
abc,370.56
abc,977.022
abc,587.79
abc,493.43
abc,705.72
abc,291.792
abc,298.2
abc,602.28
abc,523.48
abc,635.90848
abc,410.76
abc,254.94
abc,422.928
abc,468.792
abc,1049.44
abc,2460.96
abc,509.488
abc,225.72
abc,1000.02
abc,340.38
abc,210.78
abc,504
abc,565.32
abc,426.24
abc,1001.76
abc,669.78
abc,364.92
abc,161.892
abc,849.95
abc,157.92
abc,434.04
abc,1112.94
abc,296.64
abc,324.819
abc,207
abc,489.0858
abc,647.84
abc,632.07
abc,764.928
abc,495.18
abc,859.653
abc,576
abc,626.1
abc,1100.52
abc,273.564
abc,354.12
abc,613.71
abc,725.7
abc,632.07
abc,263.106
abc,789.936
abc,780.57
abc,776.16
abc,195.78
abc,1233.84
abc,483.552
abc,325.44
abc,544.38
abc,334.8
abc,840.15
abc,879
abc,555.138
abc,810.54
abc,685.8
abc,1592.85
abc,513.12
abc,435.999
abc,348.84
abc,698.04112
abc,671.94
abc,504.9
abc,336.36
abc,339.36
abc,597.84
abc,499.2
abc,966.3444
abc,332
abc,195.12
abc,271.9
abc,383.607
abc,827.334
abc,413.3943
abc,178.254
abc,212.94
abc,761.832
abc,279.74624
abc,198.24
abc,512.76
abc,703.16
abc,473.616
abc,391.98
abc,1140.3
abc,764.775
abc,205.68
abc,472.518
abc,656.532
abc,1017.936
abc,171.312
abc,1409.04
abc,493.32
abc,672.5115
abc,891.405
abc,190.89
abc,512.19
abc,384.34656
abc,579.136
abc,1024.38
abc,1582.95
abc,242.298
abc,552
abc,397.8
abc,561.54
abc,565.32
abc,336.06
abc,637.44
abc,837
abc,1130.832
abc,748.116
abc,286.26
abc,319.92
abc,799.83
abc,395.88
abc,303.84
abc,548.9046
abc,228.15
abc,804.168
abc,207.984
abc,896.76
abc,342.72
abc,981.36
abc,218.52
abc,1317.3264
abc,469.92
abc,508.38
abc,701.616
abc,1012.62
abc,423.24
abc,589.815
abc,627.1722
abc,1415.88
abc,370.008
abc,170.64
abc,1490.685
abc,221.292
abc,459.24
abc,1518.183
abc,1928.78
abc,518.4
abc,467.46
abc,339.795
abc,217.35
abc,668.4
abc,762.594
abc,328.16
abc,685.248
abc,383.76
abc,339.15
abc,907.152
abc,347.58
abc,796.32
abc,450.36
abc,677.58
abc,508.32
abc,513.48
abc,546.48
abc,701.622
abc,719.4825
abc,617.895
abc,375.9
abc,1022.04
abc,1038.339
abc,764.82
abc,428.76
abc,462.348
abc,476.49
abc,861.6
abc,412.56
abc,256.16664
abc,618.72
abc,438.3
abc,786.48
abc,749.72
abc,744
abc,602.3808
abc,801.96
abc,842.352
abc,460.44
abc,533.67912
abc,998.1
abc,840.9
abc,1028.9175
abc,381.76
abc,1236.465
abc,159.84
abc,164.88
abc,616.4
abc,423.3
abc,1026.24
abc,488.04
abc,479.92
abc,366.21
abc,1071.84
abc,362.136
abc,627.12
abc,909
abc,674.4
abc,1391.04
abc,597
abc,308.112
abc,1502.784
abc,663.11112
abc,1363.96
abc,314.532
abc,527.16
abc,880.416
abc,808.92
abc,349.944
abc,224.4
abc,593.73
abc,1011.972
abc,332.496
abc,204.96
abc,587.76
abc,427.41
abc,426.972
abc,344.169
abc,911.984
abc,933.21
abc,863.88
abc,622.5
abc,736.5
abc,990.15
abc,571.455
abc,674.244
abc,573.174
abc,619.95
abc,370.575
abc,427.41
abc,266.28
abc,687.48
abc,701.96
abc,851.7
abc,214.608
abc,666.344
abc,987.7
abc,704.92
abc,299.052
abc,362.88
abc,829.32
abc,404.514
abc,558.42
abc,347.49
abc,311.07
abc,285.804
abc,1050.48
abc,1244.16
abc,879.06
abc,727.536
abc,762.615
abc,662.175
abc,450.16
abc,558
abc,1430.77272
abc,347.232
abc,982.125
abc,657.396
abc,662.112
abc,765.639
abc,297.576
abc,1230.66
abc,676.9728
abc,396.408
abc,242.838
abc,596.196
abc,508.26144
abc,870.24
abc,327.981
abc,963.36
abc,346.74
abc,492.273
abc,383.8
abc,519.792
abc,764.8
abc,218.352
abc,177.984
abc,556.665
abc,1016.1
abc,306.072
abc,714.3
abc,706.32
abc,669.33
abc,639.968
abc,735.048
abc,786.2868
abc,517.347
abc,1250.04
abc,529.0005
abc,1057.32
abc,161.94
abc,267.912
abc,234.9
abc,560.52
abc,302.376
abc,230.256
abc,880.95
abc,1247.64
abc,298.44
abc,659.988
abc,650.72
abc,379.44
abc,955.62
abc,623.43
abc,868.842
abc,654.24
abc,394.98
abc,457.95
abc,797.944
abc,653.175
abc,168.81
abc,328.644
abc,816.6
abc,1116.45
abc,351.09
abc,1022.04
abc,333.48
abc,637.35
abc,831.2
abc,471.92
abc,1094.5449
abc,363.8466
abc,833.328
abc,713.61
abc,636.3
abc,605.1
abc,464.778
abc,859.2
abc,173.304
abc,224.748
abc,332.28
abc,498.36
abc,209.76
abc,515.52
abc,537.408
abc,931.446
abc,189.522
abc,509.76
abc,634.8
abc,537.516
abc,928.17
abc,549.48
abc,573.21
abc,711.12
abc,728.946
abc,735.84
abc,553.0896
abc,341.9982
abc,432.456
abc,779.22
abc,368.91
abc,365.958
abc,716.85
abc,808.92
abc,849.6
abc,1062.81
abc,410.88
abc,590.22
abc,512.91
abc,477.576
abc,695.88
abc,519.93804
abc,187.88
abc,304.92
abc,331.452
abc,548.28
abc,927.84
abc,648
abc,209.7
abc,469.2156
abc,674.4
abc,1072.86
abc,582
abc,269.28
abc,292.44
abc,385.02
abc,238.4824
abc,157.84
abc,447.74272
abc,1154.9616
abc,439.56
abc,434.04
abc,501.81
abc,1039.32
abc,142.9758
abc,286.464
abc,142.83
abc,437.67
abc,460.593
abc,313.9641
abc,538.38
abc,489
abc,551.76
abc,597
abc,1654.668
abc,495.42
abc,311.01
abc,762.48
abc,593.892
abc,191.82
abc,207.9
abc,585.06
abc,400.95
abc,304.71
abc,530.52
abc,718.0186
abc,642
abc,494.97
abc,734.4
abc,517.86
abc,754.45
abc,388.608
abc,149.22
abc,351.09
abc,538.755
abc,418.26512
abc,906.24
abc,847.53
abc,1213.758
abc,288.66
abc,483.57
abc,475.2486
abc,372.96
abc,182.07
abc,642.06
abc,299.94
abc,360.38
abc,589.32
abc,694.8
abc,240.96
abc,352.8
abc,449.97
abc,1122.6
abc,871.182
abc,561.584
abc,315.63
abc,367.902
abc,539.91
abc,1176
abc,642
abc,484.52
abc,615.72
abc,362.352
abc,866.52
abc,597.96168
abc,720
abc,755.26644
abc,217.584
abc,262.14
abc,1057.38
abc,333.09
abc,327.12
abc,275.24
abc,707.52
abc,1019.52
abc,256.86
abc,511.68
abc,286.85
abc,990.432
abc,316.44
abc,1451.511
abc,960.64
abc,177
abc,346.08
abc,148.32
abc,492.42
abc,379.08
abc,687.4
abc,154.17
abc,993.615
abc,381.456
abc,384.912
abc,266.352
abc,437.61
abc,773.6496
abc,885.168
abc,751.872
abc,455.04
abc,209.01296
abc,604.92
abc,453.12
abc,380.97
abc,513.52
abc,489.2
abc,697.16
abc,328.5306
abc,740.46
abc,652.37264
abc,600.558
abc,284.37012
abc,327.5802
abc,776.85
abc,493.8
abc,241.785
abc,676.368
abc,183.789
abc,594.1638
abc,876.3
abc,460.971
abc,379.7
abc,1600.96
abc,1234.278
abc,560.6
abc,328.8
abc,954.72
abc,289.92
abc,243.747
abc,1582.38
abc,508.32
abc,448.2
abc,897.15
abc,953.82
abc,540.432
abc,852.813
abc,606.6396
abc,398.61
abc,876.3
abc,724.104
abc,710.964
abc,220.5144
abc,563.24
abc,154.98
abc,220.56
abc,597.66
abc,195.66
abc,272.76
abc,145.26
abc,573.696
abc,283.611
abc,380.97
abc,265.3
abc,339.6
abc,356.238
abc,262.4274
abc,303.3
abc,589.2
abc,159
abc,975.186
abc,700.4046
abc,498.96
abc,236.88
abc,229.5216
abc,1145.28
abc,511.44
abc,369.45
abc,315.776
abc,334.611
abc,518.272
abc,1631.916
abc,666.225
abc,1119.582
abc,636.86
abc,826.2
abc,725.84
abc,417.42
abc,719.976
abc,1035.84
abc,336.393
abc,274.064
abc,848.28
abc,714.312
abc,209.592
abc,394.98
abc,372.168
abc,435.504
abc,603.72
abc,238
abc,624.24
abc,138.45
abc,793.68
abc,853.5
abc,866.646
abc,391.545
abc,467.289
abc,757.32
abc,1345.329
abc,681.1506
abc,610.6
abc,321.75
abc,457.812
abc,933.471
abc,333.66
abc,427.68
abc,397.8
abc,499.95
abc,451.6
abc,311.76
abc,799.83
abc,821.52
abc,675.12
abc,561.54
abc,272.72
abc,521.184
abc,363.6
abc,341.46
abc,651.96
abc,644.76
abc,583.584
abc,195.72
abc,563.4
abc,350.85688
abc,266.22
abc,735.98
abc,272.61
abc,268.164
abc,558.18
abc,679.884
abc,971.808
abc,203.256
abc,492.264
abc,527.01
abc,641.85
abc,841.568
abc,1145.34
abc,963.63
abc,657.765
abc,894.42
abc,439.3116
abc,361.557
abc,556.92
abc,169.44
abc,508.68
abc,335.64
abc,203.388
abc,330.939
abc,944.2
abc,356.616
abc,692.328
abc,672.10416
abc,190.56
abc,891.108
abc,275.94
abc,217.44
abc,285.78
abc,680.28
abc,582.84
abc,493.047
abc,151.56
abc,366.84
abc,379.7388
abc,720.42
abc,369.576
abc,830.574
abc,577.9
abc,1847.34
abc,238.65
abc,158.76
abc,411.8
abc,594.816
abc,874.68
abc,590.58
abc,512.19
abc,1077.066
abc,254.16
abc,449.496
abc,616.005
abc,2616.96
abc,1102.86
abc,730.0125
abc,945.828
abc,388.43
abc,151.76
abc,455.52
abc,1035.84
abc,289.92
abc,516.636
abc,769.44
abc,1246.48
abc,771.282
abc,417.144
abc,346.68
abc,413.64
abc,467.568
abc,1056.86
abc,673.344
abc,370.926
abc,765.625
abc,739.536
abc,622.944
abc,450.684
abc,812.736
abc,712.992
abc,978.84
abc,585.6
abc,448.74
abc,283.56
abc,507.82232
abc,449.46
abc,779.796
abc,199.75968
abc,155.08
abc,194.31
abc,1244.187
abc,129.32
abc,595.296
abc,453.6
abc,954.52
abc,450.792
abc,481.32
abc,491.82
abc,380.916
abc,612.84
abc,439.6
abc,881.34
abc,216.216
abc,143.4
abc,262.24
abc,443.9104
abc,276.24
abc,1560.24
abc,434.46
abc,1200.72
abc,186.948
abc,394.98
abc,779.27832
abc,733.44
abc,536.1375
abc,340.35
abc,594.72
abc,737.019
abc,354.15
abc,275.88
abc,341.73
abc,397.143
abc,455.9418
abc,605.25
abc,704.25
abc,318.09
abc,298.62
abc,800.928
abc,256.74
abc,1097.28
abc,357.552
abc,1278
abc,396.92
abc,204.876
abc,175.23
abc,558.576
abc,572.76
abc,211.168
abc,485.88
abc,345.96
abc,259.7
abc,479.72
abc,679.68
abc,487.38
abc,307.872
abc,625.99
abc,678.96
abc,610.6
abc,1158.12
abc,290.52
abc,295.7175
abc,695.28
abc,862.464
abc,298.116
abc,769.65
abc,4912.59
abc,795.6
abc,366.12
abc,529.011
abc,778.1499
abc,504.54
abc,1676.5515
abc,434.16
abc,863.64
abc,729.48
abc,439.02
abc,466.32
abc,210.288
abc,780.57
abc,898.59
abc,890.841
abc,303.96
abc,545.652
abc,1003.986
abc,312.09
abc,513.29136
abc,290.898
abc,309.75
abc,988.86
abc,201.96
abc,389.25
abc,373.68
abc,287.97
abc,400.88
abc,326.55
abc,1086.18
abc,343.83
abc,976.5
abc,229.152
abc,1151.928
abc,256.16664
abc,408.3
abc,215.968
abc,336.36
abc,257.004
abc,844.2
abc,1421.664
abc,421.47536
abc,144.99
abc,1216.65
abc,214.758
abc,549.36
abc,185.92
abc,945.945
abc,1071.441
abc,501.81
abc,1199.76
abc,287.94
abc,525.42
abc,604.07568
abc,533.2527
abc,575.96
abc,174.17096
abc,238.293
abc,337.68
abc,465
abc,601.888
abc,377.45
abc,354.9
abc,544.95
abc,380.058
abc,306.16
abc,298.08
abc,233.766
abc,239.97
abc,513.12
abc,636.3
abc,787.92
abc,999.98
abc,308.718
abc,720.76
abc,455.52
abc,1582.11
abc,486.324
abc,513.024
abc,686.4
abc,957.18
abc,575.4
abc,639.96
abc,799.95
abc,246.48
abc,214.2
abc,481.815
abc,150.384
abc,462.672
abc,316.764
abc,185.01
abc,341.84
abc,131.568
abc,271.05
abc,900.234
abc,455.52
abc,566.787
abc,247.84
abc,393.84
abc,419.68
abc,328.14
abc,1733.6
abc,585.15
abc,173.097
abc,743.028
abc,298.032
abc,133.824
abc,413.775
abc,483.78
abc,551.556
abc,946.26368
abc,371.07
abc,351.54
abc,1049.2
abc,302.08
abc,417
abc,239.22
abc,392.67
abc,509.9575
abc,428.1
abc,424.89
abc,169.92
abc,168.96
abc,221.904
abc,182.76
abc,169.092
abc,479.97
abc,1274.7
abc,511.575
abc,464.76
abc,352.512
abc,484.029
abc,673.568
abc,532.56
abc,429.48
abc,688.92
abc,861.15
abc,615.24
abc,431.55
abc,704.34
abc,546.944
abc,369.84
abc,261.63
abc,1024.38
abc,541.184
abc,487.728
abc,626.625
abc,517.08
abc,502.2
abc,677.4
abc,362.4
abc,389.28
abc,573.48
abc,414.36
abc,2109.36
abc,790.416
abc,693.84
abc,533.76
abc,363.384
abc,554.85
abc,359.976
abc,485
abc,1127.52
abc,412.02
abc,624.96
abc,764.802
abc,293.58
abc,634.78788
abc,472.992
abc,344.034
abc,198.045
abc,517.08
abc,459.39
abc,327.981
abc,290.666
abc,663.11112
abc,791.88
abc,299.52
abc,175.17
abc,622.14
abc,549.48
abc,1100.608
abc,219.28
abc,1816.95
abc,535.41
abc,599.97
abc,495.06
abc,900.207
abc,503.5908
abc,415.44
abc,424.116
abc,201.584
abc,599.4
abc,395.8875
abc,760.98
abc,624.42
abc,147.84
abc,443.92
abc,323.37
abc,613.56
abc,453.681
abc,355.455
abc,209.792
abc,846.48
abc,1033.32
abc,845.856
abc,460.2
abc,457.14
abc,504
abc,367.74
abc,170.64
abc,393.165
abc,1088.76
abc,539.97
abc,697.16
abc,489
abc,963.9
abc,698.058
abc,563.76
abc,483.66
abc,272.76
abc,309.12
abc,989.04
abc,449.15
abc,1085.58
abc,307.86
abc,405.3
abc,750.195
abc,437.61
abc,242.352
abc,263.55
abc,838.593
abc,805.707
abc,464.04
abc,605.88
abc,445.986
abc,390.78
abc,378.81
abc,211.728
abc,469.854
abc,697.86
abc,300.416
abc,648.54032
abc,874.68
abc,714.15
abc,261.96
abc,528.57
abc,307.56336
abc,394.6455
abc,577.08
abc,317.142
abc,681.72
abc,358.92
abc,398.52
abc,799.56
abc,731.424
abc,613.9992
abc,323.976
abc,354.24
abc,447.74272
abc,691.983
abc,1217.673
abc,642.72
abc,298.68
abc,763.26
abc,1091.168
abc,297.96
abc,915.1155
abc,1275
abc,388.608
abc,565.32
abc,419.9
abc,586.092
abc,407.976
abc,316.1664
abc,111.84
abc,943.704
abc,646.38
abc,673.568
abc,638.56032
abc,501.81
abc,900.08
abc,1080.096
abc,579.3
abc,214.848
abc,297.84
abc,801.96
abc,583.872
abc,618.084
abc,662.84
abc,145.98
abc,418.02592
abc,369.18
abc,469.233
abc,385.86
abc,438.96
abc,768.49992
abc,1284.822
abc,426.249
abc,276.489
abc,758.96
abc,534.438
abc,239.24
abc,1302.78
abc,525.69
abc,1004.976
abc,1014.741
abc,398.6631
abc,196.8
abc,127.302
abc,456.588
abc,413.04
abc,3172.14
abc,490.08
abc,189.576
abc,568.863
abc,506.38
abc,531.48
abc,825.36
abc,302.616
abc,308.07
abc,799.6
abc,136.701
abc,448.8
abc,171.558
abc,732.78
abc,405.12
abc,427.9
abc,659.976
abc,557.728
abc,612.54
abc,495.3375
abc,256.446
abc,385.29
abc,567.6204
abc,615.276
abc,262.926
abc,990.12
abc,689.82
abc,741.006
abc,399.96
abc,1128.39
abc,561.495
abc,1008.13968
abc,340.443
abc,674.4
abc,820.44
abc,512.28
abc,855.36
abc,552.501
abc,424.35
abc,707.049
abc,772.68
abc,240.12
abc,251.1966
abc,486.6
abc,368.271
abc,744
abc,1040.8
abc,421.38
abc,263.36
abc,596.82
abc,1299.66
abc,415.2
abc,1533.33
abc,551.205
abc,1050.246
abc,1307.97
abc,559.926
abc,680.76
abc,370.17
abc,867.3
abc,715.2
abc,232.344
abc,423.3
abc,554.04
abc,1220.94
abc,379.242
abc,363.447
abc,339.6
abc,206.4
abc,372.9132
abc,383.796
abc,385.398
abc,634.96752
abc,715.89
abc,576.384
abc,485.73
abc,1973.295
abc,288.84
abc,1075.23
abc,500.85
abc,332.85
abc,612.6
abc,840.6
abc,871.8
abc,600.36
abc,414.72
abc,178.1595
abc,464.94
abc,369.72
abc,621.76
abc,468.765
abc,747.054
abc,369.72
abc,487.96
abc,1812.72
abc,156.24
abc,946.344
abc,704.25
abc,256.719
abc,382.51668
abc,465.102
abc,428.04
abc,756.78
abc,604.752
abc,887.922
abc,378.32184
abc,304.776
abc,1058.25
abc,329.85
abc,147.568
abc,260.592
abc,593.82
abc,412.673
abc,705.072
abc,1349.325
abc,507.6
abc,637.35
abc,1378.728
abc,358.272
abc,245.07
abc,187.76
abc,485.55
abc,1180.2348
abc,183.372
abc,185.528
abc,516.488
abc,508.77
abc,182.376
abc,477.84
abc,494.97
abc,338.4
abc,203.76
abc,466.128
abc,540.048
abc,705.72
abc,352.98
abc,823.5675
abc,138.39
abc,497.76
abc,623.96
abc,672.48
abc,264.96
abc,207.12
abc,661.3
abc,397.8
abc,942.36
abc,574.47
abc,737.6
abc,436.05
abc,249.75
abc,2057.13
abc,209.986
abc,381.63
abc,523.86
abc,803.52
abc,820.7
abc,866.0644
abc,299.1
abc,667.9215
abc,414.9
abc,1289.76
abc,255.744
abc,542.94
abc,732.72
abc,722.4714
abc,991.764
abc,464.85
abc,255.84
abc,647.76
abc,619.974
abc,424.89
abc,315.432
abc,339.48
abc,137.79
abc,331.8
abc,245.862
abc,317.058
abc,307.4625
abc,652.68
abc,447.744
abc,297.55
abc,206.604
abc,191.6
abc,447.876
abc,545.94
abc,672.12
abc,2544.96
abc,701.372
abc,438.51
abc,394.92
abc,848.4
abc,534.762
abc,260.82
abc,1714.365
abc,453.6
abc,551.556
abc,155.7
abc,310.688
abc,337.2
abc,224.4
abc,393.25
abc,255.285
abc,367.2
abc,593.9895
abc,496.44
abc,319.92
abc,911.52
abc,190.8
abc,277.89
abc,561.344
abc,356.292
abc,241.17
abc,572.52
abc,269.85
abc,151.1976
abc,341.9982
abc,195.444
abc,1136.664
abc,425.25
abc,775.278
abc,735.98
abc,435.999
abc,292.7592
abc,339.18
abc,291.96
abc,217.755
abc,1086.147
abc,477.3411
abc,251.2
abc,549.36
abc,595
abc,307.548
abc,883.84
abc,311.25
abc,650.7
abc,406.368
abc,322.2
abc,277.08
abc,325.269
abc,976.56
abc,297.18
abc,264.8268
abc,549.99
abc,348.93
abc,788.4
abc,731.82
abc,729.84
abc,1431.81
abc,378.39
abc,340.92
abc,470.302
abc,952.2
abc,985.248
abc,3085.344
abc,165.88
abc,473.61
abc,509.85
abc,149.58
abc,1023.12
abc,503.96
abc,459.513
abc,861.84
abc,244.74
abc,647.904
abc,195.417
abc,143.37
abc,915.136
abc,369.144
abc,364.32
abc,557.28
abc,159.48
abc,691.1163
abc,568.62
abc,350.088
abc,274.9545
abc,871.98
abc,793.206
abc,895.18
abc,976.08
abc,248.82
abc,227.08
abc,414
abc,410.76
abc,535.8825
abc,636.36
abc,487.984
abc,557.28
abc,369.117
abc,133.35
abc,410.346
abc,660.312
abc,491.76
abc,182.55
abc,567.135
abc,543.0168
abc,690.48
abc,183.95496
abc,337.2
abc,244.74
abc,646.569
abc,405.09
abc,691.4706
abc,669.06
abc,687.36
abc,599.16
abc,333.9
abc,1291.446
abc,607.716
abc,725.344
abc,531.522
abc,643.98
abc,448.77
abc,700.176
abc,769.176
abc,589.68
abc,247.32
abc,876.3
abc,141.825
abc,337.92
abc,231.72
abc,701.6625
abc,601.47
abc,307.776
abc,1554.936
abc,333.92
abc,593.53056
abc,117.62
abc,829.1325
abc,853.93
abc,1283.52
abc,366.84
abc,756.6
abc,656.46
abc,303.92
abc,281.82
abc,521.43
abc,566.61
abc,502.95
abc,500.88
abc,769.95
abc,230.742
abc,295.452
abc,163.98
abc,176.04
abc,675.06
abc,496.86
abc,140.98
abc,182.304
abc,648.9
abc,504.12
abc,530.145
abc,424.9575
abc,311.25
abc,164.772
abc,312.51
abc,584.22
abc,171.882
abc,302.376
abc,309.24
abc,341.8
abc,533.1588
abc,145.68
abc,256.86
abc,238.5
abc,654.102
abc,643.248
abc,776.466
abc,367.2
abc,143.52
abc,332.748
abc,677.4
abc,147.24
abc,252.828
abc,1318.752
abc,428.22
abc,711.828
abc,378.88
abc,196.08
abc,642.72
abc,177.824
abc,456.66
abc,437.724
abc,251.52
abc,335.52
abc,633.528
abc,695.88
abc,191.49624
abc,382.725
abc,139.944
abc,464.13
abc,457.485
abc,706.32
abc,705.72
abc,769.184
abc,538.44
abc,491.64
abc,384.944
abc,1527.12
abc,325.632
abc,439.56
abc,238.14
abc,623.168
abc,366.744
abc,566.916
abc,626.184
abc,438.15
abc,1687.392
abc,195.264
abc,679.96
abc,563.517
abc,845.856
abc,510.306
abc,747.3
abc,479.115
abc,119.64
abc,256.284
abc,409.272
abc,811.28
abc,665.88
abc,342.3
abc,526.62
abc,575.6634
abc,156.249
abc,463.32
abc,872.94
abc,327.76
abc,166.56
abc,683.332
abc,716.96
abc,630.585
abc,499.584
abc,928.8
abc,671.544
abc,671.9265
abc,770.7
abc,417.456
abc,435.78
abc,459.24
abc,147.3
abc,543.92
abc,492.96
abc,323.028
abc,321.72
abc,412.8
abc,494.532
abc,1428.3
abc,362.46
abc,763.44
abc,387.63
abc,438.84
abc,364.32
abc,4486.86
abc,405.144
abc,281.88
abc,1339.416
abc,780.3
abc,454.71
abc,828.306
abc,680.76
abc,401.04
abc,410.8
abc,1429.44
abc,454.965
abc,556.1
abc,423.19192
abc,444.042
abc,249.84
abc,241.96
abc,652.995
abc,339
abc,776.88
abc,798.66
abc,182.112
abc,532.98
abc,328.0824
abc,740.178
abc,322.2
abc,432.9612
abc,629.93
abc,354.48
abc,659.9
abc,146.736
abc,382.41
abc,259.98
abc,380.19
abc,776.412
abc,307.44
abc,463.104
abc,784.782
abc,683.496
abc,116.34
abc,338.4
abc,373.23
abc,167.1
abc,375.4
abc,473.9502
abc,240.3
abc,449.91
abc,760.2
abc,439.452
abc,189.96
abc,747.3
abc,1236.42
abc,236.1
abc,267.09
abc,486.09
abc,459
abc,356.238
abc,344.61
abc,278.82
abc,1021.14
abc,203.184
abc,439.56
abc,628.2
abc,303.69
abc,916.11
abc,272.76
abc,370.98
abc,340.08
abc,273.321
abc,636.24
abc,880.8
abc,396.4
abc,294.3
abc,235.71
abc,563.4
abc,850.9872
abc,364.74
abc,549.24
abc,244.5
abc,318.03
abc,240.37
abc,362.4
abc,692.718
abc,379.08
abc,445.28
abc,459.95
abc,211.3
abc,380.16
abc,528.66
abc,348.429
abc,369.45
abc,567.6
abc,523.98
abc,329.76
abc,332.28
abc,244.56
abc,480.24
abc,361.68
abc,446.4
abc,354.15
abc,256.52592
abc,333.6
abc,1612.872
abc,350.48
abc,161.514
abc,184.758
abc,321.36
abc,511.68
abc,573.48
abc,327.6
abc,268.935
abc,352.35
abc,384.45
abc,993.531
abc,323.46
abc,313.44
abc,396.84
abc,743.25
abc,756.9
abc,179.97
abc,491.64
abc,649.32
abc,620.32
abc,942.36
abc,364.416
abc,933.262
abc,635.6262
abc,176.256
abc,637.2
abc,892.8
abc,639
abc,650.88
abc,978.48
abc,781.864
abc,594.36
abc,414.24
abc,873.072
abc,618.56
abc,338.1
abc,660.312
abc,607.92
abc,219.84
abc,150.24
abc,333.96
abc,244.2
abc,289.44
abc,675.8775
abc,712.35
abc,375.9
abc,762.48
abc,555.21
abc,336
abc,185.22
abc,464.128
abc,387.09
abc,607.36
abc,659.34
abc,546.975
abc,340.86
abc,531.58
abc,299.58
abc,675.54
abc,566.61
abc,337.92
abc,821.3
abc,545.52
abc,743.04
abc,517.5
abc,307.656
abc,856.8
abc,255.84
abc,500.4
abc,966.7
abc,166.62
abc,372.036
abc,121.575
abc,207.036
abc,451.1295
abc,196.98
abc,618.86
abc,467.43
abc,356.94
abc,267.84
abc,855.75
abc,827.52
abc,448.578
abc,539.244
abc,500.67
abc,442.476
abc,877.905
abc,646.8
abc,141.12
abc,200.76
abc,341.82
abc,209.6
abc,528.93
abc,120
abc,385.92
abc,348.624
abc,1037.19
abc,217.2
abc,1004.1672
abc,856.656
abc,527.34
abc,360
abc,307.44
abc,390.96
abc,471.9
abc,1054.02
abc,354.9
abc,607.68
abc,349.2
abc,335.1465
abc,319.83
abc,332.832
abc,282.18
abc,433.62
abc,770.352
abc,423.67096
abc,559.92
abc,603.92
abc,933.408
abc,261.48
abc,646.425
abc,1004.024
abc,301.77
abc,735.048
abc,309.996
abc,285.696
abc,454.8
abc,397.74
abc,414.9
abc,199.44
abc,556.704
abc,828.6
abc,344.8152
abc,404.676
abc,682.4478
abc,532.8
abc,655.35
abc,717.336
abc,112.05
abc,224.75
abc,629.184
abc,361.96
abc,396.9
abc,567.6
abc,312.06
abc,533.88
abc,791.1
abc,430.575
abc,198.272
abc,169.92
abc,414.27
abc,344.704
abc,1461.7
abc,541.188
abc,865.242
abc,359.568
abc,249.06
abc,440.88
abc,349.44
abc,533.22
abc,249.18
abc,310.5
abc,422.82
abc,530.22
abc,486.368
abc,152
abc,843.9
abc,728.64
abc,208.11
abc,407.2626
abc,360.712
abc,511.056
abc,561.4125
abc,469.92
abc,444.624
abc,241.28
abc,158.58
abc,363.447
abc,391.14
abc,647.76
abc,758.484
abc,841.8
abc,145.962
abc,333.78
abc,498.42
abc,274.14
abc,182.28
abc,517.08
abc,226.257
abc,690.12
abc,441.9
abc,168.04
abc,353.568
abc,356.238
abc,384.38064
abc,273.472
abc,152.25
abc,728.82
abc,682.992
abc,1875.258
abc,408.3
abc,695.808
abc,197.94
abc,182.94
abc,572.481
abc,735.75
abc,489.96
abc,1015.68
abc,221.4
abc,656.991
abc,415.968
abc,471.21568
abc,976.7772
abc,887.271
abc,344.22
abc,329.76
abc,401.355
abc,602.76
abc,716
abc,447.696
abc,785.088
abc,709.128
abc,304.3776
abc,205.44
abc,682.08
abc,530.22
abc,830.7
abc,247.6
abc,425.91
abc,396.78
abc,364.32
abc,227.16
abc,204.3
abc,230.256
abc,206.784
abc,166.68
abc,568.215
abc,513.72
abc,526.635
abc,155.82
abc,634.78788
abc,1128.384
abc,457.568
abc,891.54
abc,207.9
abc,236.1765
abc,803.04
abc,368.334
abc,154.44
abc,183.136
abc,422.73
abc,2596.293
abc,636.21
abc,124.68
abc,1168.4
abc,154.26
abc,449.568
abc,351.216
abc,435.84
abc,301.38
abc,157.95
abc,248.832
abc,359.76
abc,854.784
abc,1684.752
abc,390.08
abc,422.01
abc,1007.944
abc,761.4
abc,1089.75
abc,443.7
abc,537.705
abc,391.14
abc,1166.94
abc,148.44
abc,282.9
abc,341.577
abc,696.654
abc,245.484
abc,310.14
abc,424.35
abc,136.35
abc,421.38
abc,378.39
abc,730.2
abc,285.3
abc,243.6
abc,263.1
abc,358.92
abc,423.24
abc,880.74
abc,632.61
abc,513.6
abc,457.95
abc,298.68
abc,532.98
abc,251.006
abc,599.165
abc,281.88
abc,455.328
abc,446.148
abc,879.6
abc,718.794
abc,423.6
abc,578.34
abc,457.812
abc,762.48
abc,448.578
abc,547.136
abc,806.10768
abc,119.25
abc,346.761
abc,352.86
abc,701.298
abc,170.24
abc,142.08
abc,747.36
abc,453.747
abc,1113.408
abc,560.115
abc,181.986
abc,419.4
abc,496
abc,670.95
abc,381.84
abc,379.134
abc,452.94
abc,181.26
abc,364.392
abc,224.856
abc,333.48
abc,94.98
abc,484.03
abc,504.972
abc,256.86
abc,270.54
abc,572.67
abc,920.4
abc,332.28
abc,539.472
abc,626.175
abc,242.52
abc,370.44
abc,313.248
abc,317.058
abc,225.568
abc,246.384
abc,234
abc,445.96
abc,504.09
abc,667.4244
abc,653.94
abc,909.552
abc,204.36
abc,584.2
abc,270.96
abc,351.66
abc,726.84
abc,241.434
abc,468.9
abc,563.92
abc,1031.355
abc,661.32
abc,660.08
abc,254.352
abc,504.09
abc,439.992
abc,809.04432
abc,553.92
abc,719.136
abc,618.3
abc,706.158
abc,296.64
abc,149.232
abc,318.36
abc,495.36
abc,244.65
abc,490.4802
abc,445.41
abc,415.287
abc,384.592
abc,239.94
abc,545.52
abc,377.352
abc,439.74
abc,398.31
abc,343.02
abc,598.995
abc,865.62
abc,486
abc,662.88
abc,723.92
abc,159.84
abc,379.314
abc,336.6
abc,659.97
abc,675.72
abc,161.7
abc,651.96
abc,548.505
abc,302.76
abc,208.16
abc,671.93
abc,669.21888
abc,361.86
abc,308.16
abc,424.2
abc,749.49
abc,196.98
abc,516
abc,1451.5
abc,479.36
abc,252.72
abc,408.78
abc,239.952
abc,388.62
abc,276.6
abc,321.568
abc,408.42
abc,442.884
abc,122.76
abc,492.399
abc,276.18
abc,465.156
abc,395.88
abc,352.9575
abc,414.96
abc,529.9
abc,293.85
abc,375.9
abc,348.39
abc,469.99
abc,391.86
abc,442.692
abc,345.096
abc,191.31
abc,410.352
abc,192.9
abc,246.84
abc,259.05
abc,258.576
abc,1183.6296
abc,524.896
abc,324
abc,279.9
abc,311.85
abc,671.814
abc,662.448
abc,539.97
abc,390.24
abc,1119.195
abc,649.35
abc,225.24
abc,519.525
abc,287.52
abc,420.687
abc,123.24
abc,348.04
abc,304.8
abc,274.992
abc,408.42
abc,1587.12
abc,736.29
abc,198.24
abc,334.3035
abc,397.89
abc,349.6
abc,547.74
abc,272.76
abc,773.4
abc,458.64
abc,795.2064
abc,468.44
abc,253.92
abc,339.18
abc,606.9
abc,535.78
abc,291
abc,379.08
abc,297.18
abc,846.288
abc,740.7
abc,555.03
abc,551.16
abc,607.824
abc,583.47
abc,621.504
abc,688.32
abc,503.96
abc,406.44
abc,512.064
abc,258.12
abc,263.64
abc,532.704
abc,315.72
abc,475.944
abc,230.22
abc,198.528
abc,280.792
abc,493.32
abc,858.24
abc,290.64
abc,154.26
abc,281.34
abc,225.296
abc,306.24
abc,876.681
abc,11199.968
abc,569.97
abc,220.24
abc,418.8
abc,545.916
abc,301.71
abc,359.475
abc,1226.52
abc,589.1364
abc,501.67464
abc,781.47
abc,379.38
abc,173.94
abc,511.56
abc,904.65
abc,845.488
abc,556.704
abc,169.1
abc,560.1
abc,426.4
abc,430.88
abc,212.04
abc,395.32776
abc,271.68
abc,674.4
abc,339.18
abc,333.6
abc,375.6069
abc,409.26
abc,273.456
abc,747
abc,245.22
abc,383.96
abc,698.352
abc,291
abc,657.93
abc,395.82
abc,920.4
abc,718.72
abc,377.46
abc,517.92
abc,330.84
abc,668.16
abc,286.38
abc,322.2
abc,284.16
abc,326.835
abc,486.6
abc,617.895
abc,423.3
abc,311.29488
abc,454.5
abc,422.928
abc,694.32
abc,581.55
abc,215.64
abc,541.77
abc,344
abc,254.19
abc,524.178
abc,918.96
abc,973.35
abc,560.655
abc,543.09
abc,206.28
abc,674.352
abc,113.82
abc,304.38
abc,585.552
abc,335.72
abc,228.78
abc,650.352
abc,613.224
abc,519.48
abc,270.72
abc,387.96
abc,382.14
abc,255.85
abc,369.9
abc,454.6
abc,230.5098
abc,559.872
abc,459.39
abc,771.72
abc,607.52
abc,837.63
abc,595.92
abc,252
abc,447.2
abc,576.72
abc,854.352
abc,478.56
abc,634.95
abc,633.18
abc,327.408
abc,703.04
abc,615.15
abc,207.48
abc,271.242
abc,862.812
abc,157.5
abc,340.86
abc,149.95
abc,327.564
abc,1054.02
abc,108.56
abc,625.3875
abc,350.406
abc,545.094
abc,172.62
abc,161.94
abc,241.44
abc,135.09
abc,822.42
abc,320.544
abc,149.97
abc,354.15
abc,780.3
abc,517.47
abc,847.872
abc,215.475
abc,1843.17
abc,319.984
abc,405.12
abc,699.744
abc,358
abc,621.99
abc,204.16
abc,228.285
abc,403.168
abc,447.627
abc,222.56
abc,559.872
abc,119.94
abc,497.94
abc,271.46
abc,189.7
abc,582.894
abc,320.37
abc,219.834
abc,512.28
abc,925.92
abc,430.5708
abc,346.14
abc,273.24
abc,959.984
abc,259.77
abc,574.02
abc,415.2
abc,283.8
abc,362.5047
abc,262.14
abc,330.4
abc,492.835
abc,505.17
abc,275.58
abc,600.48
abc,250.2
abc,263.96
abc,607.9
abc,276.912
abc,888.14016
abc,218.844
abc,453.84
abc,521.82
abc,599.292
abc,408.006
abc,145.9
abc,795.51
abc,575.64
abc,411.75
abc,486.09
abc,566
abc,327.4446
abc,408.75
abc,152.22
abc,182.88
abc,263.58
abc,835.056
abc,298.566
abc,603.92
abc,300.24
abc,423.28
abc,559.71
abc,669.08
abc,728.832
abc,221.94
abc,339.36
abc,228.42
abc,466.722
abc,302.832
abc,406.704
abc,532.864
abc,259.92
abc,216.04
abc,856.35
abc,408.744
abc,394.56
abc,244.26
abc,358.88
abc,176.1435
abc,144.585
abc,462.348
abc,355.968
abc,119.52
abc,139.65
abc,237.3219
abc,364.14
abc,309.12
abc,731.82
abc,355.3425
abc,374.058
abc,247.86
abc,125.99
abc,629.64
abc,684.36
abc,757.8454
abc,594.22
abc,342.5136
abc,231.36
abc,575.64
abc,145.8
abc,756.6
abc,688.32
abc,547.3
abc,318.43
abc,574.02
abc,968.744
abc,250.68
abc,429.7293
abc,497.16
abc,507.6
abc,609.66
abc,264.492
abc,901.908
abc,139.44
abc,324.744
abc,848.4
abc,537.03
abc,365.796
abc,356.13
abc,693.198
abc,793.6875
abc,490.26
abc,126.3
abc,1762.3
abc,394.98
abc,423.1755
abc,162.72
abc,263.736
abc,341.55552
abc,486.1725
abc,535.815
abc,295.29
abc,215.322
abc,157.86
abc,511.29
abc,541.44
abc,306.126
abc,505.08
abc,670.14
abc,333.36
abc,299.9
abc,881.93
abc,533.2527
abc,266.58
abc,739.8
abc,643.8393
abc,330.144
abc,507.84
abc,414.102
abc,391.86
abc,430.575
abc,736.8225
abc,380.36388
abc,657.84
abc,167.58
abc,1240.974
abc,844.02
abc,140.96
abc,479.196
abc,194.4
abc,235.92
abc,546.3612
abc,403.68
abc,108.784
abc,399.672
abc,477.6
abc,549.98
abc,570.15
abc,437.688
abc,1165.68
abc,410.5
abc,722.36
abc,576.7112
abc,362.85
abc,227.136
abc,253.764
abc,294.3
abc,644.88
abc,386.3
abc,357.68
abc,204.6
abc,386.91
abc,911.88
abc,276.6
abc,536.64
abc,559.992
abc,439.5
abc,520.11
abc,722.352
abc,395.82
abc,158.22
abc,366.84
abc,287.97
abc,638.73
abc,578.34
abc,176.49
abc,246
abc,665.88
abc,846.6
abc,825.216
abc,372.192
abc,232.62
abc,307.395
abc,327.3
abc,151.83
abc,318.48
abc,595.38
abc,419.4
abc,388.872
abc,311.688
abc,350.352
abc,1392.384
abc,316.656
abc,795.6
abc,529.15956
abc,333.66
abc,229.284
abc,518.4
abc,248.7
abc,214.2
abc,497.592
abc,220.95
abc,424.2
abc,1281.45
abc,206.784
abc,226.557
abc,240.64
abc,162
abc,367.902
abc,1151.22
abc,529.9884
abc,237.3
abc,465
abc,263.136
abc,541.44
abc,465.0372
abc,191.28
abc,281.61564
abc,385.686
abc,304.45
abc,253.98256
abc,194.448
abc,532.5
abc,264.99
abc,642.6
abc,363.4902
abc,477.15
abc,483.552
abc,816.72
abc,844.02
abc,790.65552
abc,705.8805
abc,252
abc,880.32
abc,253.692
abc,172.2
abc,1139.92
abc,474.48
abc,265.44
abc,669.21888
abc,254.526
abc,600.558
abc,599.28
abc,491.94
abc,587.28
abc,297.48
abc,504
abc,166.04
abc,420.96
abc,457.14
abc,1057.38
abc,597.36
abc,638.288
abc,349.068
abc,537.4
abc,760.38
abc,190.72
abc,500.576
abc,248.88
abc,118
abc,179.2
abc,450.36
abc,142.56
abc,181.764
abc,595.08744
abc,319.77
abc,306.9
abc,504.36
abc,205.7
abc,264.6
abc,264.9
abc,120.24
abc,325.98
abc,221.96
abc,755.0868
abc,892.755
abc,355.11
abc,653.55
abc,236.25
abc,98.352
abc,1065
abc,184.5
abc,693.198
abc,418.6728
abc,664.146
abc,612.981
abc,574.56
abc,771.72
abc,608.58
abc,1310.7
abc,415.872
abc,274.32
abc,663.84
abc,225.072
abc,256.74
abc,571.32
abc,775.26
abc,324.66
abc,239.9
abc,600.558
abc,646.38
abc,222.345
abc,397.89
abc,536.58
abc,402.7824
abc,845.46
abc,544.275
abc,303.12
abc,141.993
abc,482.112
abc,327.3
abc,329.67
abc,232.2
abc,349.44
abc,597.84
abc,362
abc,799.96
abc,268.03
abc,758.979
abc,370.737
abc,636.06
abc,287.28
abc,629.95
abc,777.21
abc,622.14
abc,192
abc,251.64
abc,398.352
abc,343.02
abc,347.2875
abc,231.72
abc,525.132
abc,257.076
abc,341.49564
abc,234.78
abc,341.52
abc,869.7
abc,1269.9
abc,657.93
abc,337.2
abc,254.352
abc,184.068
abc,350.85688
abc,1015.168
abc,785.79
abc,346.92
abc,664.56
abc,310.38
abc,477.666
abc,753.888
abc,501.3
abc,454.86
abc,523.23144
abc,256.392
abc,341.88
abc,784.8
abc,473.61
abc,274.8
abc,528.69
abc,505.7864
abc,247.77
abc,428.28
abc,378.4
abc,773.388
abc,557.2188
abc,603.3
abc,684.606
abc,1045.44
abc,409.8
abc,907.416
abc,333.576
abc,940.96
abc,792.0045
abc,266.352
abc,256.16664
abc,620.1585
abc,377.01
abc,140.976
abc,480.2232
abc,587.7
abc,384.34656
abc,357.21
abc,303.84
abc,425.91
abc,415.1
abc,883.71
abc,191.6
abc,384.72
abc,423.67096
abc,312.444
abc,221.024
abc,384.96852
abc,303.3
abc,474.984
abc,149.1
abc,757.32
abc,399.168
abc,517.92
abc,1044.63
abc,260.28
abc,208.56
abc,777.96
abc,347.2056
abc,204.75
abc,299.97
abc,481.568
abc,164.2
abc,486
abc,984.84
abc,324.27016
abc,236.76
abc,718.72
abc,290.52
abc,447.876
abc,802.2645
abc,198.528
abc,213.92
abc,142.74
abc,121.2
abc,551.3886
abc,428.34
abc,1552.77
abc,356.6196
abc,273.8298
abc,246.12
abc,428.4
abc,381.591
abc,457.4628
abc,399.54
abc,613.908
abc,769.44
abc,449.64
abc,241.89
abc,408.36
abc,485.73
abc,413.424
abc,355.56
abc,488.04
abc,508.26144
abc,572.616
abc,534.18
abc,354.564
abc,346.08
abc,270.594
abc,494.424
abc,733.635
abc,554.3736
abc,177.12
abc,287.58
abc,248.022
abc,155.34
abc,752.76
abc,500.992
abc,606.933
abc,513.108
abc,199.368
abc,719.952
abc,513.36
abc,145.35
abc,480.96
abc,586.398
abc,304.99
abc,135.48
abc,141.12
abc,374.58
abc,567.486
abc,448.341
abc,281.88
abc,231.92
abc,333.66
abc,455.97
abc,491.94
abc,492.42
abc,412.95
abc,222.56
abc,511.02
abc,334.8222
abc,342.72
abc,341.46
abc,427.42
abc,638.82
abc,687.4
abc,210.5685
abc,113.92
abc,524.4
abc,173.82
abc,789.6
abc,474.2496
abc,368.34
abc,188.7975
abc,362.4
abc,455.52
abc,378.39
abc,852.48
abc,169.65
abc,273.702
abc,338.31
abc,584.61
abc,1116.99
abc,845.728
abc,1093.2
abc,823.5
abc,539.92
abc,189.225
abc,637.749
abc,467.43
abc,363.924
abc,211.12
abc,296.784
abc,299.115
abc,636.36
abc,588.978
abc,504.72
abc,256.86
abc,650.7
abc,239.97
abc,616.92
abc,267.96
abc,132.15
abc,622.14
abc,276.69
abc,245.13
abc,318.96
abc,577.53
abc,138.3
abc,138.57
abc,697.86
abc,447.84
abc,750.864
abc,183
abc,710.76
abc,883.8
abc,487.616
abc,485.88
abc,521.96
abc,485.676
abc,102.24
abc,429.6
abc,729.48
abc,383.64
abc,214.896
abc,548.2
abc,573.102
abc,364.74
abc,149.82
abc,331.728
abc,336.24
abc,312.822
abc,3408
abc,360
abc,509.88
abc,863.31
abc,270.72
abc,292.896
abc,105.06
abc,444.768
abc,251.16
abc,151.83
abc,895.944
abc,243
abc,363.92
abc,189.65992
abc,346.68
abc,332.856
abc,488.88
abc,320.88
abc,100.95
abc,241.96
abc,382.624
abc,398.52
abc,534.72
abc,484.08
abc,242.298
abc,504.36
abc,311.25
abc,636.264
abc,514.188
abc,450.912
abc,825.216
abc,385.2
abc,495.99
abc,225.24
abc,482.2
abc,447.3
abc,331.536
abc,148.98
abc,133.92
abc,301.38
abc,914.97
abc,546.72
abc,317.7045
abc,268.704
abc,267.12
abc,286.8
abc,523.26
abc,268.848
abc,494.64
abc,411.93
abc,502.02
abc,116.784
abc,844.116
abc,309.456
abc,180.18
abc,206.76
abc,819.54
abc,883.8
abc,586.5246
abc,251.55
abc,268.704
abc,691.95
abc,402.39
abc,260.25
abc,218.16
abc,459.63
abc,324.66
abc,540.189
abc,1032.75
abc,191.968
abc,273.96
abc,495.3606
abc,256.74
abc,145.536
abc,260.4
abc,124.428
abc,414.66
abc,418.6
abc,614.85
abc,291.06
abc,359.772
abc,497.76
abc,703.8
abc,825.36
abc,352.404
abc,518.0694
abc,207.81
abc,260.52
abc,381.63
abc,485.28
abc,359.88
abc,587.97
abc,559.872
abc,537.696
abc,239.344
abc,222.81
abc,369.72
abc,1084.95
abc,278.88
abc,636.15
abc,163.1331
abc,87.237
abc,408.422
abc,295.2
abc,352.44
abc,378.92064
abc,331.776
abc,402.96
abc,674.901
abc,886.95
abc,424.5315
abc,387.224
abc,190.512
abc,173.46
abc,242.88
abc,746.24
abc,498
abc,161.568
abc,877.3418
abc,423.9
abc,437.088
abc,371.79
abc,409.08
abc,123.12
abc,333.774
abc,366.08
abc,179.496
abc,735.024
abc,85.44
abc,485.82
abc,706.86
abc,260.34
abc,734.94
abc,244.2
abc,618.48
abc,169.064
abc,436.704
abc,403.2
abc,526.10568
abc,583.48
abc,231.48
abc,576
abc,148.96
abc,599.472
abc,190.92
abc,255.968
abc,317.16
abc,469.84
abc,274.704
abc,373.68
abc,603.3
abc,623.3175
abc,479.976
abc,476.928
abc,318.43
abc,229.57992
abc,745.686
abc,432.81
abc,630.15
abc,308.07
abc,494.22
abc,632.07
abc,883.71
abc,454.086
abc,256.8
abc,580.635
abc,303.2712
abc,364.74
abc,415.44
abc,222.9795
abc,166.08
abc,339.84
abc,538.44
abc,377.01
abc,445.326
abc,592.68
abc,181.797
abc,236.4
abc,510.18
abc,597
abc,371.168
abc,378.39
abc,552.36
abc,414.18
abc,281.97
abc,197.72
abc,357.6
abc,493.452
abc,787.92
abc,196.98
abc,518.784
abc,139.032
abc,250.02
abc,288
abc,255.936
abc,598.32
abc,676.485
abc,191.13
abc,597.132
abc,137.88
abc,496.53
abc,531.9
abc,272.52
abc,221.98
abc,124.5
abc,642.69
abc,508.92
abc,342.54
abc,315.18
abc,550.08
abc,157.815
abc,195.66
abc,527.46
abc,477.3
abc,396.78
abc,447.876
abc,294.368
abc,509.796
abc,538.056
abc,402.084
abc,331.92
abc,333.96
abc,340.704
abc,365.22
abc,239.976
abc,125.1
abc,341.577
abc,579.51
abc,490.26
abc,659.7
abc,325.08
abc,546.96
abc,727.536
abc,409.14
abc,528.12
abc,639.66
abc,395.94
abc,115.8
abc,431.976
abc,1950.372
abc,1119.984
abc,437.04
abc,239.372
abc,423.19192
abc,1027.152
abc,755.944
abc,702.3
abc,347.64
abc,165.42
abc,290.196
abc,404.9
abc,215.976
abc,414.72
abc,429.6
abc,543.105
abc,334.4418
abc,612.198
abc,216.945
abc,199.98
abc,333.999
abc,149.4
abc,346.113
abc,271.264
abc,389.61
abc,286.605
abc,999.96
abc,435.672
abc,421.95
abc,423.27
abc,417.42
abc,723.324
abc,221.292
abc,263.96
abc,516.66
abc,264.96
abc,721.8534
abc,130.2
abc,443.73
abc,513.48
abc,232.875
abc,291.6
abc,520.02
abc,345.9
abc,230.376
abc,447.84
abc,216.8442
abc,408.42
abc,360.128
abc,209.658
abc,237.33
abc,159.99
abc,160.93
abc,859.04
abc,673.647
abc,195.885
abc,101.7
abc,978.39
abc,226.56
abc,383.96
abc,540.804
abc,645.948
abc,101.94
abc,395.12
abc,823.5801
abc,293.52
abc,473.6
abc,342.792
abc,312.48
abc,310.35
abc,389.48
abc,520.38
abc,439.2
abc,343.68
abc,507.84
abc,696.762
abc,696.852
abc,520.68
abc,111.12
abc,573.48
abc,478.08
abc,211.68
abc,328.64
abc,213.36
abc,277.056
abc,265.44
abc,385.76
abc,623.16
abc,818.28
abc,247.424
abc,268.62
abc,274.14
abc,567.528
abc,526.45
abc,359.976
abc,278.64
abc,723.72
abc,136.14
abc,211.464
abc,204.83064
abc,126.846
abc,414.72
abc,529.15956
abc,235.008
abc,622.45
abc,383.952
abc,324
abc,318.816
abc,948.051
abc,130.56
abc,378
abc,344.6
abc,807.24
abc,324.45
abc,381.72
abc,387.18
abc,175.1
abc,250.263
abc,212.13
abc,256.68
abc,288.36
abc,636.768
abc,283.26
abc,127.008
abc,691.56
abc,149.28
abc,139.95
abc,988.2327
abc,199.95
abc,220.56
abc,236.16
abc,413.82
abc,529.8
abc,334.8
abc,215.376
abc,345.24
abc,507.663
abc,801.568
abc,147.712
abc,222.24
abc,590.1174
abc,448.96
abc,250.65
abc,869.7
abc,226.56
abc,414.33
abc,84.6
abc,409.032
abc,757.5
abc,242.94
abc,504
abc,254.94
abc,408.36
abc,405.891
abc,714.42
abc,680.01
abc,242.55
abc,170.1
abc,477.3006
abc,340.38
abc,241.74
abc,107.73
abc,412.02
abc,732.9
abc,558
abc,391.98
abc,376.866
abc,385.02
abc,225.82
abc,173.61
abc,731.82
abc,967.98
abc,740.85
abc,190.998
abc,276.69
abc,439.992
abc,297.9036
abc,685.755
abc,492.768
abc,340.35
abc,586.4
abc,642.992
abc,154.35
abc,219.6
abc,282.744
abc,604.575
abc,312.336
abc,177.48
abc,634.5
abc,265.26
abc,99.84
abc,418.728
abc,865.053
abc,459.92
abc,270.9
abc,457.893
abc,1160.784
abc,161.7
abc,444.798
abc,254.9
abc,594.18
abc,527.76
abc,445.176
abc,645.966
abc,123.93
abc,437.472
abc,342.624
abc,299.98
abc,500.13
abc,877.1422
abc,142.623
abc,346.92
abc,527.34
abc,428.175
abc,349.965
abc,546
abc,477.12384
abc,988.08
abc,720.064
abc,209.76
abc,418.296
abc,639
abc,253.32
abc,501.47504
abc,176.38652
abc,875.016
abc,248.82
abc,259.74
abc,658.638
abc,156.744
abc,457.84
abc,572.67
abc,2768.58
abc,689.96
abc,248.22
abc,210.9
abc,275.49
abc,954.09
abc,409.77
abc,343.92
abc,98.64
abc,350.808
abc,179.88
abc,504.09
abc,278.6652
abc,338.7
abc,931.392
abc,263.488
abc,648.324
abc,239.85
abc,558.42
abc,149.46
abc,168.288
abc,727.56
abc,409.5441
abc,623.6685
abc,533.376
abc,671.0598
abc,520.2
abc,491.832
abc,647.84
abc,715.38636
abc,287.94
abc,718.64
abc,868.644
abc,557.0475
abc,373.275
abc,282.18
abc,379.809
abc,271.992
abc,285.6
abc,166.8
abc,234.816
abc,349.32
abc,1369.764
abc,567.9
abc,299.04
abc,212.04
abc,555.66
abc,561.087
abc,934.86
abc,408.3
abc,319.984
abc,273.472
abc,444.624
abc,330.1384
abc,510.12
abc,190.44
abc,244.5
abc,729.48
abc,776.25
abc,251.91
abc,113.28
abc,235.944
abc,859.5
abc,679.8
abc,316.476
abc,292.1
abc,211.168
abc,490.14
abc,348.46168
abc,207.18
abc,95.688
abc,544.725
abc,355.38
abc,502.92
abc,249.18
abc,333.8
abc,298.14
abc,135.84
abc,654.102
abc,948.618
abc,486.36
abc,152.82
abc,515.646
abc,422.73
abc,114.6
abc,463.968
abc,131.868
abc,119.96
abc,658.746
abc,665.145
abc,170.46
abc,179.991
abc,258.264
abc,321.075
abc,726.3486
abc,401.646
abc,298.14
abc,260.415
abc,523.98
abc,509.97
abc,278.88
abc,378.66
abc,1301.25
abc,301.96
abc,415.008
abc,246.72
abc,619.152
abc,333.9
abc,228.906
abc,391.608
abc,631.5
abc,349.056
abc,392.22
abc,581.25
abc,1091.04
abc,298.26
abc,404.16
abc,505.90616
abc,284.1098
abc,342.06
abc,284.1
abc,523.92
abc,647.872
abc,342.72
abc,352.38
abc,829.728
abc,371.28
abc,161.28
abc,480.03
abc,220.44
abc,259.248
abc,299.97
abc,627.696
abc,177.45
abc,424.2
abc,680.76
abc,535.68
abc,570.15
abc,634.86
abc,718.95
abc,358.68
abc,93.0762
abc,579.51
abc,672.57
abc,333.36
abc,428.28
abc,197.19
abc,303
abc,449.64
abc,256.74
abc,390.72
abc,199.08
abc,915.9
abc,345.06
abc,116.28
abc,235.188
abc,607.14
abc,145.896
abc,254.52
abc,364.32
abc,429.4125
abc,207.76
abc,526.64
abc,282.6
abc,314.496
abc,364.8483
abc,415.2
abc,190.65
abc,157.392
abc,551.7504
abc,1983.015
abc,202.92
abc,199.98
abc,612.48
abc,392.94
abc,198.39
abc,224.82
abc,242.94
abc,1799.64
abc,155.52
abc,303.84
abc,919.05
abc,700.056
abc,212.32
abc,852.498
abc,436.704
abc,438.84
abc,226.12
abc,227.4
abc,238.272
abc,232.4
abc,333.96
abc,406.35
abc,483.6
abc,600.48
abc,437.34
abc,740.34
abc,278.9298
abc,624.736
abc,281.34
abc,487.728
abc,272.97
abc,194.64
abc,251.37
abc,234.45
abc,435.99
abc,375.84
abc,613.56
abc,162.06
abc,319.644
abc,250.992
abc,507.276
abc,422.058
abc,146.56
abc,492.42
abc,551.205
abc,268.32
abc,889.92
abc,512.34
abc,219.618
abc,415.44
abc,404.73
abc,484.65
abc,512.163
abc,507.6
abc,197.97
abc,920.4
abc,984.18
abc,392.31
abc,208.5
abc,326.835
abc,323.136
abc,151.72
abc,453.576
abc,508.32
abc,551.985
abc,188.552
abc,307.272
abc,394.98
abc,197.7
abc,441.96
abc,348.81
abc,493.83
abc,479.9
abc,549.75
abc,494.64
abc,384.96852
abc,628.24
abc,246.024
abc,265.824
abc,199.9
abc,329.4
abc,199.26
abc,698.352
abc,98.376
abc,207.12
abc,185.04
abc,360.24
abc,257.76
abc,317.52
abc,414.66
abc,291.792
abc,685.44
abc,314.64
abc,440.5275
abc,364.92
abc,284.76
abc,241.38
abc,281.34
abc,283.92
abc,321.9426
abc,341.96
abc,407.904
abc,288.08268
abc,255.108
abc,250.83732
abc,850.35
abc,277.398
abc,598.23
abc,879.15
abc,386.388
abc,729.84
abc,148.68
abc,418.05
abc,146.82
abc,291.06
abc,529.2
abc,548.604
abc,435.357
abc,603.92
abc,135.72
abc,429.9
abc,115.44
abc,245.56
abc,1462.1445
abc,99.28
abc,311.25
abc,148.014
abc,422.82
abc,211.65
abc,509.696
abc,664.56
abc,468.792
abc,96.48
abc,339.18
abc,146.96
abc,573.9498
abc,132.79
abc,563.024
abc,168.48
abc,207
abc,119.92
abc,332.163
abc,674.55
abc,392.88
abc,257.499
abc,192.16
abc,204.63
abc,322.44
abc,222.384
abc,411.75
abc,269.9
abc,404.73
abc,170.07
abc,248.832
abc,363.3
abc,233.7
abc,406.44
abc,190.863
abc,269.82
abc,431.968
abc,430.92
abc,156.88
abc,154.764
abc,811.72
abc,272.52
abc,618.732
abc,631.91364
abc,199.392
abc,185.76
abc,435.294
abc,528.43
abc,140.736
abc,592.74
abc,262.74
abc,368.172
abc,340.08
abc,124.44
abc,1049.93
abc,589.9
abc,299.52
abc,217.6
abc,207.81
abc,633.48
abc,298.62
abc,496.16568
abc,355.38
abc,382.32
abc,276.72
abc,314.9601
abc,516.96
abc,244.65
abc,408.456
abc,408.3
abc,244.615
abc,126.8
abc,371.808
abc,198.9
abc,246.84
abc,264.9384
abc,293.29224
abc,191.88
abc,179.392
abc,459.918
abc,337.2456
abc,643.365
abc,342.792
abc,659.168
abc,243.81
abc,670.41
abc,217.2
abc,170.786
abc,184.194
abc,527.16
abc,425.7
abc,419.944
abc,281.88
abc,302.376
abc,464.97
abc,493.452
abc,132.3
abc,220.08
abc,1081.647
abc,135.8
abc,364.5
abc,447.2
abc,325.08
abc,244.8
abc,313.722
abc,372.96
abc,341.7471
abc,155.34
abc,593.46
abc,318.132
abc,445.28
abc,380.97
abc,1072.08
abc,479.984
abc,418.8
abc,382.32
abc,127.9
abc,727.536
abc,497.4
abc,340.86
abc,156.1032
abc,725.7
abc,571.44
abc,299.975
abc,157.9
abc,169.38
abc,396.78
abc,243
abc,247.36428
abc,326.97
abc,134.946
abc,128.37
abc,281.82
abc,1219.7
abc,258.9
abc,105.18
abc,293
abc,377.568
abc,276.8
abc,529.15956
abc,129.132
abc,359.499
abc,335.664
abc,209.7
abc,416.592
abc,82.86
abc,394.2
abc,323.19
abc,110.1132
abc,466.7007
abc,846.1992
abc,408.7215
abc,207.81
abc,410.7
abc,424.062
abc,200.394
abc,328.14
abc,387.84
abc,578.64
abc,394.98
abc,212.592
abc,459.918
abc,243.92
abc,572.192
abc,1107.516
abc,254.97
abc,146.28
abc,326.84
abc,152.55
abc,328.3992
abc,244.56
abc,516
abc,976.08
abc,131.85
abc,168.6
abc,421.372
abc,479.97
abc,96.96
abc,81.63
abc,144
abc,137.58
abc,389.9928
abc,804.56
abc,332.28
abc,100.62
abc,223.92
abc,171.36
abc,332.019
abc,173.349
abc,655.776
abc,277.56
abc,400.32
abc,333.96
abc,651
abc,139.8
abc,183.72
abc,371.328
abc,160.92
abc,382.9
abc,295.776
abc,232.624
abc,252.27
abc,319.984
abc,478.17
abc,245.07
abc,493.68
abc,214.02
abc,380.538
abc,508.32
abc,249.885
abc,366.84
abc,620.055
abc,539.658
abc,238.62
abc,554.16
abc,110.856
abc,270.56
abc,189
abc,361.998
abc,146.6775
abc,735.66
abc,563.808
abc,183.735
abc,193.68
abc,698.85
abc,373.41
abc,626.184
abc,121.23
abc,1164.6975
abc,260.82
abc,135.9333
abc,189.54
abc,829.32
abc,995.28
abc,947.17
abc,245.82
abc,294.6
abc,117.558
abc,111.384
abc,375.9
abc,197.883
abc,542.94
abc,131.88
abc,269.244
abc,151.056
abc,250.26
abc,273.18
abc,123.39
abc,266.91
abc,392.4
abc,132.696
abc,388.68
abc,267.192
abc,204.63
abc,450.48
abc,1347.52
abc,131.648
abc,509.4
abc,511.5
abc,225.54
abc,130.212
abc,403.272
abc,186.624
abc,984.18
abc,585.69
abc,232.4
abc,142.36
abc,1487.16
abc,147.04
abc,244.8
abc,231.6312
abc,268.32
abc,220.44
abc,351.84
abc,285.075
abc,442.764
abc,719.7
abc,565.32
abc,333.6
abc,396.78
abc,163.425
abc,177.12
abc,171.16
abc,68.769
abc,515.61
abc,274.491
abc,371.3364
abc,247.35
abc,266.22
abc,737.019
abc,295.29
abc,266.04
abc,144.9
abc,351.216
abc,196.45
abc,249
abc,373.08
abc,293.52
abc,566.712
abc,329.9886
abc,127
abc,762.39216
abc,600.64
abc,486.12
abc,232.55
abc,602.76
abc,418.392
abc,572.616
abc,304.2405
abc,308.7
abc,166.44
abc,182.61
abc,487.593
abc,283.56
abc,362.664
abc,127.104
abc,200.1
abc,377.68
abc,617.1
abc,417.216
abc,464.13
abc,622.14
abc,224.289
abc,204.672
abc,317.9925
abc,95.202
abc,478.44
abc,713.29056
abc,243.7
abc,357.21
abc,352.35
abc,345.6
abc,242.04
abc,218.025
abc,512.499
abc,398.972
abc,716
abc,409.4604
abc,555.072
abc,280.35
abc,879.984
abc,312.03
abc,354.12
abc,494.22
abc,113.76
abc,201.36
abc,529.98
abc,184.86
abc,588.0225
abc,219.78
abc,303.66
abc,172.752
abc,508.32
abc,487.92
abc,284.94
abc,533.799
abc,509.3634
abc,822.42
abc,468.93
abc,319.68
abc,302.67
abc,297.918
abc,805.86
abc,646.38
abc,525.72
abc,166.536
abc,512.19
abc,311.4
abc,235.05
abc,595.17
abc,654.102
abc,261.03
abc,377.97
abc,268.8
abc,275.97
abc,896.99
abc,758.85924
abc,729.99
abc,182.91
abc,256.8
abc,928.8
abc,241.65
abc,381.96
abc,389.97
abc,585.98568
abc,528.69
abc,314.55
abc,207.24
abc,451.08
abc,339.18
abc,173.488
abc,238.2
abc,330.075
abc,489
abc,265.65
abc,487.728
abc,718.794
abc,249.264
abc,189.93936
abc,281.3265
abc,551.61
abc,250.4046
abc,149.76
abc,636.21
abc,846.48
abc,174.96
abc,641.96
abc,371.97
abc,146.688
abc,331.92
abc,485.73
abc,219.84
abc,147.75
abc,285.48
abc,211.44
abc,667.56
abc,761.886
abc,453.48
abc,248.52
abc,605.1
abc,422.82
abc,673.2
abc,175.26
abc,646.38
abc,184.66
abc,236.52096
abc,278.7
abc,152.64
abc,650.97
abc,394.704
abc,169.5
abc,530.34
abc,568.608
abc,454.5
abc,158.328
abc,434.16
abc,197.49
abc,418.5
abc,362.92
abc,550.24
abc,321.21
abc,539.964
abc,269.28
abc,358.96
abc,273.48
abc,199.99
abc,607.32
abc,194.796
abc,268.812
abc,166.617
abc,324.072
abc,571.374
abc,446.4
abc,245.97
abc,396.84
abc,533.8935
abc,382.401
abc,333.24
abc,369.28
abc,555.39
abc,248.022
abc,1274.24
abc,152.55
abc,119.952
abc,248.94
abc,459.88
abc,193.14
abc,313.9641
abc,439.344
abc,457.056
abc,562.2925
abc,259.136
abc,293.22
abc,546.6
abc,486.09
abc,493.452
abc,567.42
abc,361.86
abc,156.204
abc,506.64
abc,556.1
abc,334.68
abc,519.66
abc,462.348
abc,380.688
abc,180.36
abc,407.232
abc,562.887
abc,520.98
abc,469.962
abc,171.558
abc,381.91464
abc,164.48
abc,314.352
abc,683.6
abc,381.636
abc,513.6
abc,274.68
abc,408.3
abc,211.95
abc,629.95
abc,1232.28
abc,228.528
abc,210.048
abc,577.665
abc,821.4
abc,399.9159
abc,196.776
abc,598.2
abc,322.44
abc,186.786
abc,282.66
abc,508.768
abc,370.368
abc,349.965
abc,380.4
abc,185.536
abc,517.9
abc,437.52
abc,208.272
abc,399.54
abc,291.654
abc,639.6
abc,154.848
abc,426.06
abc,398.688
abc,204.95
abc,365.91
abc,581.04
abc,244.35
abc,313.488
abc,297.36
abc,343.8
abc,357.156
abc,1034.16
abc,401.58
abc,585.63
abc,302.4816
abc,190.62
abc,575.505
abc,497.7
abc,185.055
abc,401.088
abc,613.287
abc,382.4253
abc,228.8808
abc,828.84
abc,605.34
abc,467.97
abc,398.52
abc,529.32
abc,757.32
abc,146.82
abc,362.352
abc,264.96
abc,825.0606
abc,217.02
abc,629.1
abc,112.52
abc,246.72
abc,218.862
abc,292.53
abc,196.752
abc,491
abc,283.92
abc,174.12
abc,194.0805
abc,166.4316
abc,128.76
abc,286.44
abc,409.95
abc,1661.049
abc,210.996
abc,248.98
abc,110.72
abc,578.2
abc,669.06
abc,387.136
abc,266.832
abc,157.86
abc,283.68
abc,435.4
abc,698.04112
abc,385.56
abc,423.39152
abc,489.44
abc,322.44
abc,465.24
abc,213.36
abc,372.15
abc,397.17
abc,621.18
abc,239.148
abc,242.1
abc,406.6
abc,460.08
abc,380.55
abc,477.51
abc,239.28
abc,528.24
abc,553.365
abc,860.79
abc,108.48
abc,236.528
abc,636.15
abc,496.048
abc,457.5465
abc,265.68
abc,253.692
abc,239.7372
abc,312.228
abc,401.04
abc,431.136
abc,2799.96
abc,218.16
abc,106.26
abc,268.32
abc,343.0971
abc,590.352
abc,190.92
abc,102.72
abc,167.28
abc,515.52
abc,289.248
abc,604.16
abc,236.79
abc,243.384
abc,364.41
abc,651.39
abc,222.56
abc,217.32
abc,139.1
abc,249.885
abc,574.41488
abc,122.76
abc,409.824
abc,748.72
abc,135.96
abc,457.4628
abc,392.85
abc,554.28
abc,256.95
abc,323.325
abc,300.9234
abc,247.53
abc,429.48
abc,215.055
abc,667.84
abc,246.72
abc,87.96
abc,462.132
abc,130.71
abc,259.56
abc,314.364
abc,335.205
abc,435.45
abc,391.32
abc,166.14
abc,296.34
abc,221.112
abc,215.19
abc,94.44
abc,283.26
abc,209.76
abc,428.52
abc,336.36
abc,550.08
abc,173.34
abc,413.82
abc,118.62
abc,375.3
abc,160.02
abc,174.33
abc,352.512
abc,483.136
abc,98.96
abc,259.5
abc,211.92
abc,1198.2986
abc,186.048
abc,391.68
abc,1086.156
abc,290.34
abc,361.2
abc,267.732
abc,1114.8
abc,268.848
abc,379.44
abc,199.9
abc,691.4706
abc,164.7
abc,266.64
abc,401.355
abc,379.38
abc,355.455
abc,470.448
abc,200.9
abc,251.262
abc,399.98
abc,177.536
abc,262.17
abc,389.97
abc,369.28
abc,153.81
abc,795.33
abc,383.438
abc,249.3
abc,147.69
abc,358.8498
abc,312.6006
abc,330.4
abc,271.44
abc,555.0336
abc,629.95
abc,314.6
abc,330.22
abc,430.11
abc,329.94
abc,481.248
abc,370.44
abc,606.18
abc,168.72
abc,245.22
abc,477.09
abc,283.92
abc,290.7
abc,162
abc,364.32
abc,202.8
abc,393.9372
abc,834.432
abc,677.4
abc,137.2986
abc,242.1
abc,282.6
abc,201.24
abc,631.782
abc,236
abc,299.9
abc,1104.72
abc,316.44
abc,158.76
abc,302.45
abc,166.32
abc,205.666
abc,440.1
abc,279.6
abc,385.2
abc,533.22
abc,816.72
abc,275.616
abc,209.88
abc,289.35
abc,450.912
abc,690.768
abc,214.9
abc,373.23
abc,221.62
abc,138.696
abc,115.5
abc,157.98
abc,273.564
abc,335.58
abc,343.74
abc,317.16
abc,230.28
abc,697.86
abc,354.15
abc,751.653
abc,280.44
abc,489.12
abc,121.792
abc,362.92
abc,494.64
abc,558.9
abc,170.88
abc,247.86
abc,388.704
abc,162.54
abc,229.23
abc,200.196
abc,473.85
abc,257.25
abc,845.424
abc,305.01
abc,292.99608
abc,353.88
abc,256.68
abc,162.84
abc,210.69
abc,280.3275
abc,365.55
abc,442.2
abc,465
abc,423.19192
abc,717.12
abc,388.08
abc,487.6
abc,452.45
abc,332.94
abc,561.5379
abc,302.72
abc,172.2
abc,295.92
abc,145.86
abc,512.34
abc,119.232
abc,899.82
abc,821.214
abc,167.82
abc,310.752
abc,206.43
abc,441.855
abc,602.208
abc,181.656
abc,479.96
abc,213.81152
abc,182.688
abc,146.34
abc,479.988
abc,231.36
abc,385.9002
abc,271.32
abc,595.986
abc,382.4
abc,86.382
abc,451.152
abc,84
abc,573.9
abc,464.67
abc,360.15
abc,264.222
abc,261.03
abc,514.4004
abc,441
abc,591.32
abc,336.24
abc,259.77
abc,336.6
abc,166.032
abc,183.75
abc,274.32
abc,301.96
abc,268.576
abc,379.16016
abc,617.895
abc,331.84
abc,314.784
abc,214.7514
abc,468.6
abc,640.332
abc,492.4215
abc,550.431
abc,177.664
abc,379.242
abc,358.533
abc,219.9
abc,95.28
abc,333.66
abc,176.6
abc,300.98
abc,235.116
abc,391.58
abc,543.201
abc,328.995
abc,236.088
abc,195.76
abc,223.888
abc,204.36
abc,182.898
abc,109.32
abc,183.8
abc,395.32776
abc,180.224
abc,371.79
abc,193.8
abc,1278
abc,570.285
abc,945.828
abc,115.02
abc,173.1
abc,551.872
abc,279.944
abc,196.2
abc,254.88
abc,1309.608
abc,238.9
abc,238.8
abc,223.65
abc,262.5
abc,234.36
abc,1715.952
abc,709.665
abc,120.042
abc,117.99
abc,187.76
abc,282.51
abc,378.39
abc,115.56
abc,228.825
abc,228.75
abc,264.33
abc,247.158
abc,588.6
abc,848.4
abc,368.97
abc,475.2
abc,222.64
abc,464.5344
abc,230.56488
abc,179.508
abc,232.95
abc,1622.565
abc,426.3
abc,224.8911
abc,418.5
abc,360
abc,965.0475
abc,336.45
abc,179.85
abc,251.1
abc,465.24
abc,166.24
abc,193.0656
abc,250.38
abc,239.976
abc,227.24
abc,218.76
abc,721.008
abc,320.64
abc,248.22
abc,575.1474
abc,513.72
abc,337.6395
abc,326.72
abc,350.649
abc,442.4
abc,330.12
abc,260.19
abc,305.046
abc,105.48
abc,438.336
abc,144.12
abc,406.44
abc,99.488
abc,250.2
abc,149.58
abc,303.84
abc,143.73
abc,540.57
abc,225.54
abc,315.306
abc,272.84
abc,396.9
abc,346.761
abc,760.5
abc,472.8
abc,314.991
abc,419.016
abc,288
abc,214.2645
abc,100.368
abc,967.56
abc,406.368
abc,346.08
abc,311.4
abc,137.88
abc,148.14
abc,128.37
abc,648.18
abc,176.61
abc,526.08
abc,408.422
abc,364.704
abc,475.1916
abc,344.372
abc,217.89
abc,888.72
abc,667.9215
abc,345.06
abc,642.96
abc,314.1
abc,438.15
abc,616.14
abc,370.53
abc,445.23
abc,97.8
abc,344.16
abc,428.4
abc,370.71
abc,401.59
abc,637.5
abc,176.88
abc,269.784
abc,144.95
abc,195.93
abc,303.84
abc,258.3
abc,323.1
abc,175.92
abc,144.6
abc,222.36
abc,297
abc,322.59
abc,226.4022
abc,223.96
abc,433.872
abc,238.14
abc,413.424
abc,252.828
abc,458.3628
abc,109.32
abc,332.94
abc,279.86
abc,339.96
abc,435.42
abc,332.4195
abc,356.16
abc,193.68
abc,250.44
abc,1628.82
abc,340.86
abc,282.3
abc,274.68
abc,267.228
abc,275.76
abc,392.445
abc,241.5
abc,575.64
abc,363.75
abc,345.384
abc,462.105
abc,201.0675
abc,259.83
abc,339.885
abc,178.32
abc,444.72
abc,142.47
abc,228.06
abc,785.34
abc,398.61
abc,213.216
abc,307.98
abc,195.84
abc,434.88
abc,199.344
abc,166.62
abc,450.792
abc,497.61
abc,268.26
abc,381.68
abc,108.6288
abc,474.984
abc,300.93
abc,225.24
abc,244.5
abc,179.739
abc,505.2
abc,464.61
abc,201.584
abc,325.92
abc,636.21
abc,345.303
abc,230.796
abc,206.4
abc,342.5136
abc,430.704
abc,237.072
abc,820.665
abc,254.97
abc,204.15
abc,258
abc,565.32
abc,130.44
abc,544.008
abc,1134.9
abc,362.94
abc,274.8
abc,270.144
abc,483.516
abc,331.536
abc,642.6
abc,111.12
abc,248.5
abc,248.13
abc,910.35
abc,352.35
abc,230.04
abc,618.24
abc,360.288
abc,214.92
abc,440.64
abc,385.02
abc,364.92
abc,332.28
abc,363.447
abc,629.1
abc,139.93
abc,616.92
abc,399.6
abc,196.74
abc,349.6986
abc,100.764
abc,179.25
abc,243.06
abc,498.26
abc,503.5908
abc,475.44
abc,171.42
abc,199.2
abc,183.12
abc,557.585
abc,446.4
abc,323.064
abc,209.97
abc,325.062
abc,108.24
abc,264.06
abc,369.72
abc,258.279
abc,592.99164
abc,947.7
abc,120.98
abc,145.836
abc,683.144
abc,466.158
abc,89.92
abc,289.92
abc,219.4275
abc,333.6255
abc,171.87
abc,210.54
abc,307.98
abc,571.455
abc,498.42
abc,75.114
abc,151.92
abc,297.84
abc,399
abc,529.8
abc,206.56
abc,579.45
abc,319.56
abc,414.24
abc,504.72
abc,375.12
abc,473.148
abc,380.97
abc,447.84
abc,414.66
abc,339.296
abc,194.766
abc,717.12
abc,439.8
abc,248.08
abc,346.5
abc,223.83
abc,251.25
abc,364.581
abc,179.208
abc,327.12
abc,394.98
abc,201.568
abc,176.202
abc,213.43
abc,520.68
abc,357.102
abc,140.88
abc,160.7877
abc,721.875
abc,568.47
abc,245.862
abc,445.71
abc,229.392
abc,292.928
abc,336.24
abc,455.436
abc,205.44
abc,273.384
abc,219.792
abc,381.19608
abc,218.025
abc,491.76
abc,122.352
abc,359.648
abc,490.26
abc,262.278
abc,244.44
abc,225.24
abc,138.4
abc,322.218
abc,342.08
abc,215.376
abc,221.44
abc,369.09
abc,393.39
abc,222.36
abc,257.25
abc,443.808
abc,376.509
abc,492.96
abc,430.92
abc,215.1
abc,195.84
abc,98
abc,307.168
abc,435.51
abc,446.796
abc,417.5976
abc,440.91
abc,442.32
abc,431.928
abc,105.98
abc,385.02
abc,127.96
abc,255.78
abc,562.518
abc,340.38
abc,296.922
abc,367.71
abc,115.92
abc,184.32
abc,261.45
abc,190.2
abc,230.202
abc,255.84
abc,626.352
abc,243.168
abc,267.48
abc,860.93
abc,244.14
abc,183.33
abc,535.44
abc,484.596
abc,1732.71
abc,826.2
abc,373.23
abc,205.104
abc,261.24
abc,97.632
abc,230.16
abc,461.43
abc,231.417
abc,167.44
abc,317.94
abc,716.04
abc,339.36
abc,156.06
abc,545.04
abc,301.96
abc,289.24
abc,170.43
abc,403.2
abc,98.016
abc,196.704
abc,269.028
abc,203.14
abc,112.95
abc,83.84
abc,576.828
abc,226.8
abc,526.344
abc,133.44
abc,300.402
abc,243
abc,145.32
abc,263.196
abc,311.15
abc,346.92
abc,191.85552
abc,401.76
abc,493.2
abc,105.6
abc,378.92064
abc,338.3154
abc,623.7
abc,375.66
abc,549.24
abc,683.6
abc,576.6525
abc,345.96
abc,238
abc,370.4
abc,395.82
abc,424.2
abc,870.9
abc,194.4
abc,474.4116
abc,307.86
abc,636.36
abc,375.3675
abc,203.76
abc,441.9
abc,248.55
abc,136.6605
abc,194.32
abc,276.28
abc,170.07
abc,1242.81
abc,254.016
abc,255.42
abc,681.72
abc,248.82
abc,269.49
abc,238.944
abc,154.44
abc,3347.37
abc,158.58
abc,266.58
abc,139.6815
abc,415.62
abc,203.2
abc,234.06
abc,214.176
abc,490.44
abc,222.345
abc,364.932
abc,439.344
abc,720
abc,239.184
abc,343.74
abc,842.72
abc,375.744
abc,505.42712
abc,229.446
abc,116.22
abc,155.277
abc,263.88
abc,159.12
abc,263.58
abc,522.06
abc,388.608
abc,307.26
abc,428.274
abc,230.28
abc,179.82
abc,339.84
abc,281.754
abc,474.552
abc,314.55
abc,239.984
abc,389.97
abc,408.36
abc,135.2
abc,425.187
abc,292.5252
abc,248.7237
abc,249.06
abc,147
abc,148.932
abc,742.824
abc,636.948
abc,674.163
abc,339.9
abc,195.84
abc,267.84
abc,267.744
abc,581.55
abc,206.685
abc,222.021
abc,235.008
abc,502.488
abc,348.792
abc,546.96
abc,195.6
abc,375.84
abc,320.166
abc,225.24
abc,246.6
abc,280.2834
abc,313.362
abc,102.48
abc,529.47
abc,223.182
abc,275.76
abc,206.4
abc,351.864
abc,379
abc,233.8875
abc,83.55
abc,354.861
abc,764.82
abc,254.604
abc,271.984
abc,277.695
abc,93.18
abc,257.25
abc,167.94
abc,294.896
abc,81.756
abc,331.02
abc,393.504
abc,177.568
abc,387.136
abc,276.864
abc,168.03
abc,447.72
abc,302.76
abc,342.864
abc,369.544
abc,661.32
abc,705.6
abc,649
abc,152.1
abc,299.97
abc,319.76
abc,518.112
abc,303.84
abc,582.12
abc,496.584
abc,725.67
abc,195
abc,155.34
abc,354.861
abc,538.92
abc,331.728
abc,109.53
abc,854.94
abc,465.18
abc,209.568
abc,301.68
abc,489.45912
abc,201.26
abc,659.424
abc,246.69
abc,251.7
abc,650.034
abc,193.68
abc,485.904
abc,662.19296
abc,203.184
abc,524.28
abc,332.16
abc,226.56
abc,498.12
abc,194.766
abc,1345.485
abc,188.192
abc,196.92
abc,87.21
abc,85.14
abc,666.72
abc,409.824
abc,450.765
abc,243.27
abc,317.058
abc,101.754
abc,344.91
abc,239.92
abc,513.12
abc,494.0658
abc,595.38
abc,486.3
abc,170.94
abc,88.768
abc,323.2125
abc,675.96
abc,292.8
abc,137.12
abc,359.04
abc,607.32
abc,549.52
abc,434.88
abc,807.84
abc,339.15
abc,204.18
abc,262.14
abc,394.956
abc,263.96
abc,413
abc,459.156
abc,262.336
abc,301.38
abc,209.0136
abc,366.72
abc,329.28
abc,194.1975
abc,255.68
abc,449.568
abc,357
abc,636.15
abc,286.74
abc,505.386
abc,209.952
abc,174.33
abc,545.4
abc,665.1
abc,152.64
abc,319.68
abc,223.83
abc,587.97
abc,155.372
abc,378
abc,260.49
abc,170.14956
abc,492.624
abc,286.8
abc,535.653
abc,621.18
abc,312.12
abc,242.64
abc,329.22
abc,699.93
abc,300.768
abc,106.272
abc,239.1
abc,263.7492
abc,385.6
abc,184.752
abc,332.28
abc,507.6
abc,170.28
abc,124.593
abc,453.576
abc,319.92
abc,222.777
abc,292.734
abc,196.62
abc,167.97
abc,364.32
abc,207.12
abc,208.911
abc,239.952
abc,198.56
abc,266.22
abc,269.98
abc,166.83
abc,306.342
abc,300.63
abc,406.14
abc,399.735
abc,313.024
abc,498
abc,224.48
abc,519.93804
abc,440.82
abc,582.426
abc,308.64
abc,333.78
abc,75.9
abc,97.568
abc,896.328
abc,570.9
abc,349.52
abc,201.285
abc,341.523
abc,341.6
abc,173.94
abc,321.3
abc,446.24
abc,558.954
abc,124.8237
abc,152.25
abc,104.58
abc,276.48
abc,255.285
abc,247.2768
abc,110.6
abc,854.49
abc,332.01
abc,103.2
abc,222.56
abc,468.612
abc,399.672
abc,192.78
abc,379.4
abc,311.25
abc,329.55
abc,552.501
abc,324.921
abc,66.69
abc,479.94
abc,74.88
abc,221.92
abc,190.98
abc,354.861
abc,279
abc,364.74
abc,242.176
abc,166.92
abc,249.72
abc,425.187
abc,223.056
abc,599.985
abc,219.808
abc,80.352
abc,598.995
abc,634.86
abc,199.206
abc,309.12
abc,248.64
abc,379.386
abc,351.3
abc,310.32
abc,245.97
abc,464.04
abc,113.52
abc,517.14
abc,277.5
abc,241.368
abc,259.136
abc,138.57
abc,268.704
abc,175.68
abc,504
abc,698.058
abc,152.64
abc,229.56
abc,148.5
abc,150.39
abc,213.3
abc,124.74
abc,462.564
abc,300.564
abc,340.86
abc,200.76
abc,311.4
abc,385.984
abc,352.584
abc,248.82
abc,170.55
abc,206.517
abc,535.41
abc,190.08
abc,228.42
abc,219.48
abc,807.597
abc,98.352
abc,222.24
abc,364.32
abc,127.68
abc,212.4
abc,184.704
abc,304.8
abc,294.3
abc,443.988
abc,266.328
abc,377.97
abc,256.14
abc,743.58
abc,375.4575
abc,133.11
abc,327.312
abc,196.12
abc,253.02
abc,249.426
abc,323.46
abc,359.98
abc,159.12
abc,271.6
abc,329.712
abc,415.62
abc,499.168
abc,230.16
abc,504.54
abc,152.928
abc,128.223
abc,293.112
abc,136.95
abc,256.8
abc,347.88
abc,414.72
abc,235.24
abc,342.672
abc,243.168
abc,98.9
abc,78.6424
abc,142.44
abc,144
abc,256.64568
abc,344.4
abc,82.95
abc,117.882
abc,262.14
abc,481.6098
abc,475.2
abc,159.968
abc,143.7
abc,286.93
abc,428.68
abc,495.72
abc,180.12
abc,424.14
abc,200.64
abc,165.96
abc,341.488
abc,138.82
abc,372.555
abc,73.5402
abc,367.578
abc,123.24
abc,200.52
abc,113.58
abc,498.2988
abc,382.68
abc,496
abc,174.528
abc,388.125
abc,100.8
abc,172.38
abc,220.704
abc,206.52
abc,83.34
abc,348.48
abc,682.584
abc,246.9
abc,546.96
abc,488.6208
abc,142.8
abc,427.8816
abc,520.68
abc,871.2
abc,361.376
abc,396.92
abc,121.59
abc,163.1
abc,599.16
abc,473.61088
abc,248.265
abc,428.67
abc,321.6591
abc,344
abc,133.728
abc,193.32
abc,396.252
abc,378.88
abc,214.368
abc,492.84
abc,605.7525
abc,522.144
abc,458.1564
abc,222.666
abc,296.712
abc,152.1
abc,245.7
abc,1063.692
abc,295.47
abc,362.94
abc,448.48
abc,280.92
abc,392.76
abc,1391.76
abc,470.36
abc,328.14
abc,396.78
abc,455.76
abc,229.608
abc,97.56
abc,2183.979
abc,402.48
abc,688.734
abc,224.259
abc,288.9
abc,280.422
abc,184.14
abc,443.0706
abc,508.704
abc,392.85
abc,532.8
abc,199.95
abc,143.952
abc,427.644
abc,479.976
abc,171.5
abc,286.44
abc,156.512
abc,638.91
abc,607.2
abc,245.76
abc,82.368
abc,190.9332
abc,814.17
abc,413.1
abc,499.44
abc,305.408
abc,449.793
abc,296.028
abc,364.74
abc,363.39
abc,463.44
abc,340.86
abc,309.5568
abc,359.499
abc,331.92
abc,370.53
abc,216.144
abc,378.66
abc,128.88
abc,262.29
abc,245.82
abc,123.9
abc,171.27
abc,171.2
abc,108.51
abc,251.55
abc,197.64
abc,225.24
abc,249.06
abc,94.392
abc,334.53
abc,555.2442
abc,403.68
abc,445.281
abc,495.06
abc,163.968
abc,279.68
abc,260.28
abc,394.72896
abc,126.36
abc,277.4
abc,481.6
abc,304.704
abc,537.544
abc,807.75
abc,248.82
abc,654.804
abc,317.94
abc,163.32
abc,194.34
abc,121.02
abc,138.3
abc,313.69884
abc,311.976
abc,494.22
abc,189.63
abc,68.634
abc,286.212
abc,366.786
abc,450
abc,357.36
abc,230.384
abc,859.05
abc,692.94
abc,238.14
abc,520.38
abc,301.5
abc,377.19
abc,493.68
abc,269.55
abc,116.04
abc,192.78
abc,258.15
abc,245.484
abc,330.912
abc,406.44
abc,74.49
abc,137.79
abc,225.18
abc,251.1
abc,570.15
abc,122.742
abc,159.3
abc,385.077
abc,164.08
abc,365.76
abc,143.1
abc,208.035
abc,264.06
abc,224.07
abc,265.792
abc,374.058
abc,1110.267
abc,317.058
abc,480.69
abc,310.443
abc,154.08
abc,358.992
abc,339.48
abc,483.408
abc,266.4
abc,266.4
abc,227.96
abc,306.84
abc,248.88
abc,197.64
abc,209.3394
abc,98.64
abc,187.92
abc,534.357
abc,448.188
abc,89.424
abc,288.54
abc,226.2
abc,284.364
abc,114.84
abc,211.464
abc,189.54
abc,262.912
abc,312.15
abc,803.52972
abc,260.52
abc,417.204
abc,431.976
abc,181.92
abc,231.066
abc,610.6725
abc,244.74
abc,589.2
abc,392.0144
abc,199.2
abc,426.24
abc,451.136
abc,196.272
abc,202.08
abc,194.544
abc,402.72
abc,384.11024
abc,234.3519
abc,402.75
abc,147.3
abc,566.52
abc,377.37
abc,407.115
abc,259.56
abc,518.496
abc,218.75
abc,104.16
abc,559.791
abc,222.384
abc,209.979
abc,199.9
abc,845.019
abc,217.056
abc,153.04
abc,201.69
abc,147.663
abc,174.6
abc,276.16
abc,264.168
abc,332.5296
abc,463.44
abc,517.5
abc,204.876
abc,249.18
abc,273.568
abc,344.4
abc,210.288
abc,164.2
abc,155.34
abc,371.6
abc,463.248
abc,526.40508
abc,371.2
abc,303.3
abc,187.08
abc,515.904
abc,259.146
abc,133.5
abc,532.56
abc,167.28
abc,298.68
abc,177.16
abc,266.355
abc,312.51
abc,362.952
abc,464.464
abc,509.868
abc,118.1007
abc,490.32
abc,344.36988
abc,470.88
abc,364.08
abc,170.52
abc,487.88
abc,332.01
abc,294.3
abc,226.8
abc,278.85
abc,373.284
abc,378.31584
abc,122.97
abc,310.32
abc,976.08
abc,266.49
abc,223.47
abc,121.188
abc,161.1
abc,414.072
abc,450.792
abc,219.6
abc,474
abc,293.58
abc,252.27
abc,87.075
abc,160.38
abc,617.976
abc,155.568
abc,342.18
abc,221.06
abc,568.728
abc,350.848
abc,218.592
abc,1790.7582
abc,160.32
abc,485.024
abc,487.984
abc,251.296
abc,177.2
abc,545.88
abc,195.93
abc,119.028
abc,333.9
abc,269.22
abc,245.94
abc,118.17
abc,411.332
abc,563.94
abc,385.86
abc,299.64
abc,157.32
abc,658.672
abc,72.948
abc,293.328
abc,148.68
abc,204.15
abc,546.336
abc,396.84
abc,222.56
abc,105.06
abc,199.2375
abc,130.56
abc,241.568
abc,156.4
abc,120.45
abc,367.83
abc,147.92
abc,150.696
abc,419.136
abc,122.4
abc,636.06
abc,223.329
abc,200.97
abc,137.31
abc,597.744
abc,152.94
abc,299.97
abc,204.96
abc,340.92
abc,360.21
abc,257.952
abc,191.472
abc,475.52704
abc,153.828
abc,175.77
abc,494.64
abc,254.24
abc,161.89556
abc,408.744
abc,494.91
abc,533.94
abc,392.445
abc,483.7095
abc,323.028
abc,275.58
abc,584.6445
abc,354.72
abc,398.56
abc,264.56
abc,887.8208
abc,216.8775
abc,329.3772
abc,940.32
abc,304.8
abc,141.96
abc,447.86
abc,387.09
abc,339.18
abc,307.557
abc,415.1826
abc,256.8
abc,149.832
abc,98.85
abc,286.92
abc,435.45
abc,181.47
abc,383.796
abc,307.26
abc,154.656
abc,69.3
abc,286.32
abc,115.8
abc,631.89
abc,419.136
abc,296.235
abc,356.562
abc,297.48
abc,349.272
abc,214.14
abc,517.08
abc,395.82
abc,327.7328
abc,364.5
abc,221.712
abc,465.18
abc,282.66
abc,308.34
abc,139.5
abc,276.9378
abc,183.36
abc,226.5165
abc,354.861
abc,122.94
abc,439.8
abc,321.912
abc,294.62
abc,284.07
abc,246.48
abc,244.8
abc,784.728
abc,373.47
abc,451.2
abc,266.544
abc,137.22
abc,216.3
abc,343.2
abc,109.8
abc,207.732
abc,263.58
abc,144.9
abc,148.95
abc,226.59
abc,110.28
abc,126.9
abc,362.67
abc,470.9799
abc,207.81
abc,95.5413
abc,165.6
abc,423.36
abc,405.86
abc,249.543
abc,182.58
abc,119.96
abc,470.155
abc,500.24
abc,211.476
abc,683.91
abc,312.912
abc,193.32
abc,183.735
abc,153.657
abc,503.96
abc,261.468
abc,506.5848
abc,91.746
abc,355.92
abc,615.384
abc,845.64
abc,243.684
abc,192
abc,367.74
abc,159.66
abc,959.412
abc,259.4274
abc,372.12
abc,245.13
abc,440.67
abc,270.96
abc,571.428
abc,111.9
abc,204.63
abc,308.16
abc,318.12
abc,509.04
abc,523.908
abc,117.75
abc,138.096
abc,137.6
abc,228.825
abc,264.9
abc,207.36
abc,347.553
abc,593.568
abc,154.35
abc,333.576
abc,408.168
abc,198
abc,312.012
abc,263.73
abc,422.76208
abc,136.5525
abc,259.74
abc,249.93
abc,207.12
abc,168.075
abc,416.32
abc,191.04
abc,132.048
abc,142.452
abc,155.34
abc,303.03
abc,184.92
abc,237.87
abc,530.22
abc,143.91
abc,225.84
abc,770.4
abc,330.5367
abc,323.1
abc,200.736
abc,501.69
abc,210.24
abc,128.37
abc,263.52
abc,486.66
abc,238.62
abc,257.52
abc,268.62
abc,185.64
abc,294.57
abc,104.85
abc,312.09
abc,288.08268
abc,447.147
abc,164.736
abc,318.816
abc,174.51
abc,257.04
abc,144.084
abc,281.37008
abc,316.1664
abc,212.64
abc,105.72
abc,328.224
abc,449.372
abc,163.98
abc,272.646
abc,356.4
abc,258.96
abc,212.1
abc,530.25
abc,595.68
abc,225.84
abc,155.628
abc,100.56
abc,224.4
abc,147.84
abc,181.98
abc,289.32
abc,166.05
abc,353.22
abc,102.168
abc,571.32
abc,409.86
abc,95
abc,448.3665
abc,130.14
abc,189.6
abc,360
abc,166.71
abc,621.18
abc,206.844
abc,163.62
abc,327.879
abc,254.058
abc,270.34
abc,94.38
abc,145.44
abc,257.85
abc,149.97
abc,276.6
abc,137.68
abc,543.09
abc,273.8298
abc,506.28
abc,402.6456
abc,503.96
abc,299.96
abc,250.5
abc,82.764
abc,445.2
abc,280.65
abc,228.78
abc,597.24
abc,299.295
abc,182.994
abc,89.04
abc,169.65
abc,277.185
abc,140.94
abc,511.02
abc,201.6
abc,1071.468
abc,176.88
abc,265.475
abc,69.9
abc,144.96
abc,223.92
abc,524.28
abc,450.33
abc,64.8
abc,148.16
abc,274.68
abc,136.464
abc,233.568
abc,135.744
abc,151.164
abc,354.9
abc,291.96
abc,178.56
abc,112.698
abc,229.2
abc,409.26
abc,115.008
abc,259.038
abc,153.04
abc,242.16
abc,549.24
abc,249.18
abc,301.96
abc,348.54152
abc,152.4
abc,281.34
abc,141.6
abc,140.96
abc,330.075
abc,127.296
abc,205.632
abc,219.8
abc,197.424
abc,200.16
abc,1336.44
abc,1272.42
abc,414.9
abc,124.92
abc,503.82
abc,234.36
abc,522.06
abc,143.28
abc,158.22
abc,113.04
abc,101.04
abc,309.36
abc,79.38
abc,278.7
abc,494.8
abc,436.8
abc,475.328
abc,268.164
abc,478.08
abc,266.976
abc,128.88
abc,263.96
abc,609.98
abc,404.04
abc,431.976
abc,356.79
abc,185.376
abc,781.776
abc,440.64
abc,171.36
abc,272.94
abc,347.361
abc,316.305
abc,226.59
abc,210.68
abc,211.62
abc,495.99
abc,173.25
abc,385.56
abc,75.28
abc,464.5
abc,826.56
abc,224.3504
abc,659.9
abc,275.712
abc,327
abc,261.873
abc,178.0857
abc,323.028
abc,440.88
abc,164.792
abc,205.8
abc,326.3643
abc,315.75
abc,193.56
abc,182.304
abc,2951.442
abc,94.85
abc,185.92
abc,81.98
abc,190.836
abc,350.848
abc,274.176
abc,197.28
abc,721.395
abc,224.916
abc,219.48
abc,341.088
abc,142.074
abc,199.53
abc,6517.08
abc,362.232
abc,705.4
abc,397.74
abc,504.09
abc,523.764
abc,268.24
abc,496.44
abc,132.768
abc,341.46
abc,390.89664
abc,212.382
abc,119.85
abc,418.8
abc,681.408
abc,366
abc,256.23
abc,239.984
abc,212.592
abc,336.36
abc,125.415
abc,356.64
abc,347.22
abc,138.16
abc,201.12
abc,347.16
abc,309.42
abc,100.24
abc,390.272
abc,414.36
abc,126.9
abc,363.648
abc,284.94
abc,588.816
abc,479.984
abc,227.328
abc,158.58
abc,102.48
abc,246.9
abc,137.31
abc,480.1356
abc,667.08
abc,178.08
abc,93.51
abc,228.42
abc,166.536
abc,389.696
abc,236.5
abc,385.42
abc,246.456
abc,112.52
abc,523.974
abc,157.95
abc,142.89
abc,343.02
abc,443.988
abc,260.715
abc,765.855
abc,195.48
abc,454.41
abc,140.2
abc,144.9
abc,469.68
abc,139.032
abc,592.99164
abc,440.88
abc,215.46
abc,126.56
abc,251.964
abc,173.7
abc,87.84
abc,420.42
abc,409.032
abc,202.095
abc,513.7704
abc,173.592
abc,100.125
abc,281.82
abc,95.16
abc,257.742
abc,623.592
abc,159.2
abc,599.676
abc,158.13
abc,97.632
abc,224.0028
abc,131.0955
abc,331.02
abc,933.4014
abc,267.381
abc,253.32
abc,382.5
abc,205.8
abc,205.4025
abc,137.24
abc,344.22
abc,336.08
abc,341.6
abc,145.1
abc,366.72
abc,158.1
abc,637.896
abc,248.85
abc,302.67
abc,371.79
abc,461.3625
abc,246.48
abc,237.6
abc,184.76
abc,404.4
abc,377.928
abc,132.87
abc,144
abc,496.2
abc,260.34
abc,103.92
abc,137.25
abc,498.36
abc,291.78
abc,307.23
abc,366.1296
abc,219.096
abc,227.28
abc,105.498
abc,89.16
abc,147.04
abc,178.248
abc,306.774
abc,258.9
abc,105.78
abc,118.17
abc,98.94
abc,356.4
abc,238.734
abc,506.04
abc,394.2
abc,128.52
abc,224.154
abc,379.44
abc,325.08
abc,220.968
abc,284.94
abc,125.93
abc,417.231
abc,189.435
abc,322.1271
abc,247.8
abc,81.9
abc,226.56
abc,82.62
abc,369.84
abc,131.52
abc,268.92
abc,527.688
abc,264.384
abc,594.6
abc,276.18
abc,97.74
abc,298.83
abc,293.88
abc,486.66
abc,128.304
abc,298.44
abc,309.36
abc,290.52
abc,223.2
abc,201.123
abc,281.82
abc,396.336
abc,146.367
abc,1051.824
abc,277.8
abc,251.586
abc,211.62
abc,322.38
abc,217.84
abc,601.92
abc,99.099
abc,155.25
abc,447.968
abc,561.3
abc,115.74
abc,476.8
abc,366.009
abc,276.96
abc,317.66
abc,78.288
abc,239.976
abc,485
abc,350.64
abc,195.64
abc,167.94
abc,316.32
abc,391.32
abc,353.124
abc,120
abc,340.68
abc,229.32
abc,215.544
abc,456.84
abc,424.2
abc,364.8
abc,81.84
abc,314.46
abc,241.65
abc,201.584
abc,136.08
abc,409.5
abc,101.1
abc,300.48304
abc,287.712
abc,287.58
abc,277.14
abc,186.93
abc,170.64
abc,279.54
abc,242.1
abc,145.2
abc,104.67
abc,124.416
abc,158.58
abc,508.92
abc,248.856
abc,347.88
abc,179.352
abc,278.2
abc,201.285
abc,147.9654
abc,169.44
abc,267.55344
abc,413.1297
abc,256.74
abc,260.352
abc,441.45
abc,110.673
abc,248.022
abc,206.3475
abc,367.47
abc,227.24
abc,81.3
abc,206.4
abc,631.96
abc,197.1
abc,79.8
abc,92.304
abc,221.76
abc,301.896
abc,378.27
abc,228
abc,379.372
abc,204.95
abc,305.6
abc,210.96
abc,307.44
abc,348.3
abc,668.8638
abc,380.7
abc,497.64
abc,205.104
abc,324.9
abc,198.45
abc,235.569
abc,152.28
abc,439.344
abc,697.2
abc,336.24
abc,398.52
abc,209.37
abc,468.6
abc,165.348
abc,292.56
abc,200.76
abc,239.97
abc,111.168
abc,592.875
abc,123.34
abc,346.08
abc,277.263
abc,139.8
abc,336.6
abc,359.85
abc,382.26
abc,501.66
abc,166.68
abc,572.76
abc,339.012
abc,317.52
abc,425
abc,179.88
abc,244.006
abc,257.952
abc,489.27948
abc,426.24
abc,498.744
abc,151.11
abc,391.14
abc,189
abc,396.09
abc,218.79
abc,288
abc,553.8
abc,375.34
abc,306.16
abc,514.53
abc,132.3
abc,110.484
abc,169.7961
abc,246.12
abc,347.802
abc,393.48
abc,230.16
abc,308.64
abc,149.31
abc,285.576
abc,226.08
abc,533.22
abc,358.02
abc,361.44
abc,286.2
abc,117.84
abc,572.16
abc,239.456
abc,204.93
abc,232.686
abc,254.352
abc,474.43
abc,193.8
abc,114.76
abc,90.36
abc,619.95
abc,152.94
abc,182.352
abc,235.116
abc,335.988
abc,308.28
abc,279.72
abc,428.544
abc,427.41
abc,496.16568
abc,414.72
abc,110.241
abc,505.656
abc,119.04
abc,230.742
abc,491.76
abc,354.48
abc,358
abc,382.68
abc,472.122
abc,118.4
abc,164.28
abc,195.44832
abc,349.44
abc,734.22
abc,103.95
abc,356.57544
abc,346.5
abc,795.8295
abc,679.5495
abc,459.36
abc,256.74
abc,216.108
abc,168.6
abc,140.67
abc,310.59
abc,285.48
abc,604.08
abc,113.76
abc,166.14
abc,123.92
abc,415.62
abc,419.904
abc,199.53
abc,264.735
abc,225.909
abc,769.68
abc,183.372
abc,393.48
abc,200.64
abc,234.576
abc,95.64
abc,84.42
abc,178.0857
abc,326.76
abc,713.124
abc,130.41
abc,126.08
abc,475.86
abc,320.544
abc,344.16
abc,191.82
abc,347.82
abc,357.93
abc,91.5
abc,112.509
abc,272.76
abc,211.65
abc,146.88
abc,345.72
abc,168.96
abc,396.84
abc,772.68
abc,429.318
abc,532.704
abc,369.28
abc,137.6
abc,100.95
abc,198
abc,347.76
abc,464.67
abc,389.61
abc,172.62
abc,825.1
abc,153.45
abc,109.935
abc,177.72
abc,465.24
abc,237.528
abc,319.9
abc,136.944
abc,535.782
abc,338.688
abc,264.6
abc,206.988
abc,220.56
abc,275.94
abc,314.415
abc,179.94
abc,81.9
abc,140.616
abc,157.68
abc,167.8
abc,326.13
abc,236.376
abc,480
abc,154.6
abc,284.07
abc,555.06
abc,227.66376
abc,121.32
abc,111.75
abc,340.2585
abc,165.18
abc,225.6
abc,731.472
abc,223.5
abc,59.724
abc,313.95
abc,111.24
abc,422.5032
abc,480.69
abc,107.244
abc,186.912
abc,157.8
abc,410.22
abc,90.3
abc,115.96
abc,360.24
abc,303
abc,238.788
abc,141.696
abc,82.32
abc,333.78
abc,504.6
abc,207.35
abc,172.62
abc,455.664
abc,281.04
abc,340.62
abc,515.088
abc,302.376
abc,527.46
abc,724.104
abc,332.32
abc,479.97
abc,512.28
abc,100.32
abc,395.12
abc,277.8
abc,398.52
abc,165.9
abc,319.842
abc,136.59
abc,248.43
abc,266.4
abc,283.8
abc,763.929
abc,429.48
abc,168.24
abc,318.54
abc,218.034
abc,321.552
abc,419.89168
abc,185.52
abc,158.76
abc,156.222
abc,192.72
abc,129.76
abc,219.456
abc,369.856
abc,482.04
abc,1027.62
abc,249.72
abc,124.416
abc,339.3
abc,92
abc,461.484
abc,324.06
abc,276.15
abc,341.46
abc,290.336
abc,495.06
abc,321.3
abc,244.56
abc,289.8
abc,177
abc,652.68
abc,176.508
abc,342.08
abc,225.2952
abc,128.385
abc,258.75
abc,157.68
abc,226.2
abc,132.624
abc,264.512
abc,1629.27
abc,874.3635
abc,259.281
abc,341.991
abc,195.44832
abc,550.4
abc,382.9
abc,248.22
abc,125.1
abc,385.8
abc,202.2
abc,179
abc,332.94
abc,96.84
abc,200.66508
abc,250.65
abc,301.96
abc,1007.74048
abc,638.56032
abc,327.12
abc,131.85
abc,260.88
abc,324.921
abc,306.63
abc,441.609
abc,381.22
abc,282.4
abc,362.88
abc,342.72
abc,1055.457
abc,218.352
abc,291.136
abc,489.12
abc,256.44
abc,184.011
abc,122.688
abc,601.536
abc,272.736
abc,344.76
abc,300.78
abc,228.68
abc,211.93528
abc,120.042
abc,354.15
abc,104.79
abc,292.68
abc,232.62
abc,323.46
abc,561.33
abc,293.58
abc,390.75
abc,111.45
abc,126.624
abc,110.28
abc,100.56
abc,727.536
abc,373.896
abc,251.55
abc,284.4
abc,479.984
abc,779.58
abc,415.3
abc,106.092
abc,174.45
abc,159.48
abc,308.112
abc,382.14
abc,440.8794
abc,92.64
abc,517.5
abc,388.8
abc,118.62
abc,159.138
abc,404.76
abc,254.0343
abc,588.9225
abc,435.168
abc,148.968
abc,165.2136
abc,603.24
abc,428.4
abc,437.85
abc,187.02
abc,144.18
abc,351.675
abc,233.6664
abc,273.552
abc,347.88
abc,434.646
abc,434.04
abc,153.584
abc,124.68
abc,408.36
abc,358.92
abc,222.24
abc,175.16
abc,255.78
abc,397.44
abc,415.62
abc,176.38652
abc,131.868
abc,243.84
abc,231.15
abc,362.85
abc,73.629
abc,118.44
abc,207.184
abc,155.4
abc,579.9378
abc,256.56
abc,256.23
abc,88.41
abc,204.15
abc,69.444
abc,130.3488
abc,307.98
abc,239.28
abc,244
abc,561.087
abc,326.3
abc,777.87
abc,685.584
abc,159.768
abc,140.952
abc,168.84
abc,126.36
abc,157.98
abc,109.53
abc,205.8
abc,192.834
abc,111.88
abc,194.4
abc,214.02
abc,109.92
abc,382.116
abc,216.72
abc,232.62
abc,126.9
abc,184.92
abc,253.92
abc,203.688
abc,472.7514
abc,94.284
abc,350.6193
abc,243.06
abc,397.224
abc,227.24
abc,112.176
abc,227.6
abc,366.21
abc,154.872
abc,513.12
abc,83.9
abc,182.55
abc,122.25
abc,242.4
abc,178.08
abc,136.26
abc,94.05
abc,214.8
abc,277.38
abc,83.9
abc,149.58
abc,179.1
abc,135.54
abc,98.328
abc,189.69
abc,828.546
abc,291.78
abc,411.624
abc,69.3
abc,272.94
abc,588.6
abc,398.88
abc,1333.92
abc,378.39
abc,337.62
abc,152.24
abc,200.544
abc,127.68
abc,175.92
abc,256.86
abc,168.78
abc,240.45
abc,243.36
abc,431.94
abc,114.72
abc,404.88
abc,69.75
abc,479.898
abc,404.16
abc,195.72
abc,136.6
abc,425.24976
abc,285.89184
abc,225.45
abc,542.94
abc,400.608
abc,323.1
abc,341.28
abc,812.88
abc,302.376
abc,288
abc,228.75
abc,200.64
abc,306.24
abc,102.9
abc,306.81
abc,370.6425
abc,328.64
abc,131.58
abc,136.38
abc,150.12
abc,243.648
abc,173.94
abc,325.3617
abc,514.41
abc,220.56
abc,76.5
abc,524.28
abc,689.408
abc,564.195
abc,383.13
abc,217.85
abc,306.63
abc,163.98
abc,635.80584
abc,215.88
abc,327.232
abc,254.88
abc,468.12
abc,126
abc,405.1
abc,256.74
abc,212.85
abc,289.32
abc,369.6
abc,359.397
abc,203.22
abc,136.59
abc,129.696
abc,545.52
abc,470.232
abc,348.16
abc,600.588
abc,309.36
abc,135.945
abc,178.68
abc,446.04
abc,189.882
abc,918.785
abc,335.52
abc,278.4
abc,213.12
abc,110.7
abc,492.96
abc,133.11
abc,193.185
abc,223.452
abc,204.228
abc,131.64
abc,423.24
abc,160.578
abc,119.96
abc,319.98
abc,307.67688
abc,372.96
abc,287.49
abc,262.24
abc,414.03
abc,237.492
abc,365.25
abc,292.824
abc,361.96
abc,330.24
abc,175.24
abc,167.832
abc,164.7135
abc,286.0263
abc,81.6
abc,272.88
abc,755.3862
abc,108.288
abc,120.744
abc,137.25
abc,399.95
abc,500.4
abc,225.342
abc,239.1
abc,167.944
abc,713.88
abc,190.32
abc,426.5514
abc,402.75
abc,288.24
abc,357.12
abc,418.35
abc,159.984
abc,199.836
abc,135.552
abc,311.184
abc,292.8
abc,267.72
abc,182.304
abc,471
abc,250.2
abc,355.96
abc,130.464
abc,321.568
abc,242.214
abc,157.56
abc,202.032
abc,182.088
abc,100.17
abc,318.09
abc,237.72
abc,207.84
abc,346.08
abc,200.544
abc,154.98
abc,327.84
abc,287.92
abc,537.705
abc,482.34
abc,322.192
abc,350.136
abc,270.378
abc,319.2084
abc,235.05
abc,169.92
abc,169.4445
abc,135.432
abc,458.43
abc,335.808
abc,288.944
abc,148.56
abc,505.176
abc,424.2
abc,192.78
abc,202.2
abc,162.54
abc,207.9
abc,338.418
abc,159.3
abc,724.9338
abc,497.64
abc,355.56
abc,211.62
abc,930
abc,207.864
abc,228.48
abc,244.35
abc,256.35
abc,414.66
abc,266.91
abc,298.68
abc,364.776
abc,115.68
abc,76.92
abc,349.872
abc,262.95
abc,226.839
abc,105.52
abc,193.9275
abc,432.288
abc,242.2035
abc,367.704
abc,212.22
abc,379.68
abc,100.5
abc,100.92
abc,408.36
abc,237.168
abc,153.78
abc,505.986
abc,344.64
abc,118.44
abc,546.885
abc,387.5175
abc,497.7
abc,220.65
abc,97.984
abc,528.003
abc,149.58
abc,374.376
abc,181.86
abc,155.12
abc,234.32032
abc,195.72
abc,215.55
abc,796.1355
abc,195.96
abc,367.96
abc,340.182
abc,390.368
abc,95.936
abc,834.624
abc,512.163
abc,318.3
abc,332.28
abc,190.44
abc,310.12
abc,308.34
abc,378.32184
abc,302.03784
abc,224.046
abc,74.52
abc,187.68
abc,263.6
abc,206.82
abc,124.2
abc,251.79
abc,197.49
abc,93.114
abc,165.51
abc,78.66
abc,390.6
abc,249.904
abc,417.216
abc,195.264
abc,194.292
abc,219.9
abc,167.22
abc,216.3294
abc,678.7512
abc,382.21404
abc,396.45
abc,264.32
abc,164.754
abc,689.9292
abc,183.42
abc,512.94
abc,123.858
abc,165.12
abc,206.74584
abc,230.88
abc,173.79
abc,136.581
abc,161.312
abc,333.9
abc,240.16
abc,303.3
abc,1199.976
abc,111.12
abc,341.49564
abc,378.888
abc,224.37
abc,225.36
abc,205.68
abc,159.296
abc,283.986
abc,197.64
abc,258.9
abc,167.832
abc,211.968
abc,273.1968
abc,399.735
abc,231.48
abc,105.72
abc,171.42
abc,134.91
abc,191.976
abc,280.44
abc,134.46
abc,222.56
abc,446.58
abc,62.208
abc,598.68024
abc,283.2
abc,160.224
abc,369.912
abc,199.764
abc,157.968
abc,164.133
abc,144.784
abc,306.936
abc,290.98
abc,132.555
abc,250.8
abc,315
abc,478.332
abc,313.176
abc,641.4
abc,136.8
abc,391.86
abc,133.2
abc,116.544
abc,293.58
abc,476.361
abc,231.15
abc,222.384
abc,152.496
abc,283.26
abc,84
abc,421.96
abc,185.04
abc,232.08
abc,133.98
abc,336.06
abc,80.73
abc,517.92
abc,182.72
abc,219.75
abc,287.28
abc,159.8
abc,512.28
abc,520.38
abc,359.85
abc,153
abc,383.904
abc,171.18
abc,226.4
abc,191.49
abc,113.16
abc,155.52
abc,297.183
abc,185.88
abc,459
abc,691.641
abc,168.6
abc,479.95
abc,389.79
abc,172.98
abc,336.8
abc,173.88
abc,375.4098
abc,481.68
abc,379.044
abc,298.776
abc,167.888
abc,587.79
abc,204.624
abc,415.62
abc,274.68
abc,74.49
abc,244.35
abc,88.26
abc,162.3978
abc,130.92
abc,519.33
abc,107.82
abc,159.408
abc,346.32
abc,214.92
abc,113.52
abc,81.69
abc,103.68
abc,341.6
abc,558.576
abc,656.6
abc,335.583
abc,4242.3624
abc,186.8895
abc,220.776
abc,211.168
abc,281.952
abc,149.508
abc,221.7
abc,136.14
abc,293.44
abc,304.884
abc,210.98
abc,150.8
abc,173.488
abc,444.88
abc,66.624
abc,97.92
abc,363.06
abc,75.69
abc,295.65
abc,234.92
abc,730.6173
abc,787.53
abc,581.55
abc,384.21
abc,299.052
abc,371.7
abc,309.576
abc,128.85
abc,387.63
abc,307.728
abc,342.51
abc,207.45
abc,129.98
abc,255.84
abc,284.88
abc,96.66
abc,109.08
abc,252.936
abc,170.77776
abc,345.28
abc,378.45
abc,247.104
abc,249.72
abc,295.92
abc,453.747
abc,408.72
abc,170.76
abc,910.752
abc,153.12
abc,340.38
abc,63.3
abc,139.65
abc,354.32
abc,151.936
abc,194.796
abc,242.25
abc,109.38
abc,398.4
abc,364.65
abc,593.73
abc,488.3214
abc,78.57
abc,255.42
abc,424.1
abc,368.352
abc,388.161
abc,473.847
abc,166.56
abc,290.1312
abc,319.968
abc,259.75944
abc,183.36
abc,455.9688
abc,199.26
abc,201.48
abc,203.14
abc,273.664
abc,348.66
abc,342.63
abc,218.352
abc,294.3
abc,153.063
abc,384.174
abc,304.38
abc,157.44
abc,333.54
abc,416.745
abc,186.786
abc,397.44
abc,339.6858
abc,523.392
abc,169.56
abc,111.4
abc,218.3868
abc,148.32
abc,242.64
abc,347.4375
abc,152.5125
abc,422.6028
abc,575.88
abc,248.82
abc,237.42
abc,92.34
abc,253.5
abc,462.132
abc,153.584
abc,159.98
abc,381.6
abc,416.7
abc,148.5
abc,426.6
abc,173.82
abc,291.06
abc,193.68
abc,334.768
abc,100.92
abc,1295.28
abc,263.5416
abc,255.744
abc,356.6178
abc,663.8766
abc,65.584
abc,395.88
abc,251.16
abc,381.76
abc,194.64
abc,132.03
abc,227.64
abc,204.12
abc,427.68
abc,497.16
abc,81.405
abc,191.976
abc,175.92
abc,84.8406
abc,157.41
abc,266.352
abc,170.19
abc,461.16
abc,338.4
abc,232.1676
abc,340.4826
abc,301.47
abc,521.22
abc,342.09
abc,143.4
abc,321.84
abc,583.12
abc,124.056
abc,131.922
abc,243.16
abc,171.51
abc,282.66
abc,512.19
abc,86.346
abc,234.816
abc,340.68
abc,3916.08
abc,340.62
abc,91.95
abc,373.2
abc,535.35
abc,442.935
abc,285.552
abc,165.88
abc,164.322
abc,165.24
abc,270.27
abc,161.61
abc,359.97
abc,115.8
abc,108.9
abc,341.96
abc,227.28
abc,217.2
abc,233.76
abc,378.39
abc,154.368
abc,135.63
abc,265.59
abc,604.5
abc,140.376
abc,371.268
abc,458.976
abc,243.81
abc,150.98
abc,324.06
abc,158.976
abc,167.28
abc,362.25
abc,148.08
abc,122.688
abc,402.96
abc,510.57
abc,122.52
abc,354.12
abc,365.535
abc,244.8
abc,211.68
abc,522.72
abc,276.24
abc,379.08
abc,1036.8
abc,199.32
abc,245.52
abc,207.12
abc,237.51
abc,136.1034
abc,559.984
abc,242.136
abc,163.98
abc,78.12
abc,145.05
abc,107.4
abc,354.96
abc,85.23
abc,71.4378
abc,626.7
abc,225.36
abc,342.09
abc,187.839
abc,119.04
abc,126.09
abc,222.36
abc,583.308
abc,243.972
abc,90.18
abc,319.98
abc,409.824
abc,281.82
abc,194.64
abc,145.35
abc,163.36
abc,218.208
abc,78.96
abc,295.515
abc,552.501
abc,278.88
abc,191.8455
abc,124.25
abc,431.46
abc,155.034
abc,195.885
abc,244.55
abc,265.65
abc,206.4
abc,423.31168
abc,112.9392
abc,256.473
abc,102.9
abc,144
abc,156.24
abc,332.24
abc,160.956
abc,444.42
abc,235.872
abc,179.46
abc,280.782
abc,496.08
abc,623.7
abc,274.8
abc,186.8832
abc,339.96
abc,304.92
abc,286.26
abc,191.28
abc,466.704
abc,551.1
abc,318.132
abc,302.376
abc,431.928
abc,261.74
abc,182.3
abc,523.98
abc,98.388
abc,567.45
abc,260.6976
abc,504.9
abc,327.408
abc,366.75
abc,213.36
abc,257.98
abc,329.584
abc,475.86
abc,201.12
abc,78.534
abc,158.94
abc,162.81
abc,254.1792
abc,337.088
abc,326.646
abc,119.472
abc,262.8
abc,411.98
abc,232.88
abc,263.1
abc,205.52
abc,271.44
abc,410.67
abc,358.668
abc,358.92
abc,501.228
abc,526.45
abc,446.4
abc,99.2
abc,275.88
abc,353.22
abc,182.898
abc,474.3
abc,243.9
abc,251.01
abc,139.96
abc,98
abc,210.78
abc,123.99
abc,527.49
abc,341.172
abc,422.856
abc,409.26
abc,141.3
abc,470.394
abc,218.352
abc,306.98928
abc,206.604
abc,155.7
abc,262.65
abc,136.62
abc,132.264
abc,151.74
abc,529.98
abc,206.76
abc,247.86
abc,196.74
abc,261.792
abc,824.22
abc,360.38
abc,111
abc,580.392
abc,302.25312
abc,376.02
abc,116.712
abc,191.976
abc,196.21
abc,248.64
abc,144.9
abc,195.12
abc,100.26
abc,172.179
abc,184.8
abc,330.966
abc,361.764
abc,128.34
abc,497.64
abc,263.31
abc,126.15
abc,79.92
abc,321.75
abc,795.33
abc,358.56
abc,119.184
abc,381.78
abc,107.136
abc,276.96
abc,292.896
abc,291.96
abc,516.66
abc,254.058
abc,170.64
abc,214.14
abc,112.56
abc,260.496
abc,238.5
abc,679.5495
abc,1357.725
abc,118.665
abc,228.78
abc,203.952
abc,47.61
abc,117
abc,764.802
abc,340.62
abc,109.8
abc,189.576
abc,317.52
abc,178.2
abc,313.7265
abc,113.97
abc,106.92
abc,297.3
abc,202.56
abc,357.68
abc,153.414
abc,246.6945
abc,259.136
abc,95.232
abc,208.44
abc,260.288
abc,431.2182
abc,94.8
abc,447.86
abc,209.97
abc,406.44
abc,292.64
abc,364.48
abc,116.04
abc,210.924
abc,113.76
abc,312.21
abc,190.8816
abc,87.96
abc,229.2
abc,265.26
abc,236.16
abc,354.348
abc,207.81
abc,142.452
abc,165.456
abc,307.136
abc,156.816
abc,91.71
abc,96
abc,252.41416
abc,210.24
abc,364.74
abc,269.19
abc,238.5
abc,279
abc,344.64
abc,141.3
abc,324.45
abc,384.192
abc,255
abc,97.68
abc,220.3578
abc,351.936
abc,275.952
abc,156.88
abc,483.2
abc,60.6
abc,180.8
abc,312.18
abc,411.93
abc,429.6
abc,128.43
abc,398.7
abc,348.0273
abc,275.886
abc,129.888
abc,141.96
abc,297.3
abc,463.2
abc,366.66
abc,170.98
abc,92.16
abc,340.2585
abc,103.3725
abc,102.9
abc,207.18
abc,244.89
abc,169.8
abc,275.58
abc,196.784
abc,332.94
abc,178.56
abc,438.56
abc,243.15
abc,164.025
abc,355.32
abc,212.94
abc,160.992
abc,328.608
abc,460.50984
abc,413.82
abc,311.472
abc,213.1938
abc,234.24
abc,199.28
abc,244.65
abc,241.05
abc,387.136
abc,379.44
abc,115.44
abc,533.2212
abc,509.88
abc,161.94
abc,361.56
abc,186.84
abc,451.605
abc,76.864
abc,184.92
abc,109.38
abc,166.08
abc,185.01
abc,106.974
abc,317.142
abc,266.4
abc,204.15
abc,354.942
abc,239.84
abc,278.304
abc,134.16
abc,399.648
abc,505.90616
abc,179.856
abc,168.4
abc,80
abc,132.8
abc,177.6
abc,315.36
abc,136.14
abc,362.232
abc,476.763
abc,95.64
abc,315.87
abc,107.82
abc,409.216
abc,103.6
abc,162.84
abc,255.744
abc,119.271
abc,154.24
abc,382.21404
abc,235.024
abc,631.071
abc,177.225
abc,364.428
abc,198.24
abc,90.936
abc,308.499
abc,214.95
abc,636.36
abc,325.8
abc,293.52
abc,205.3328
abc,66.688
abc,341.46
abc,198.576
abc,448.8
abc,118.68
abc,92.79
abc,119.976
abc,305.312
abc,286.93
abc,259.896
abc,459.39
abc,330.24
abc,164.4
abc,298.62
abc,162.06
abc,178.2
abc,329.07
abc,479.984
abc,254.88
abc,99.54
abc,94.8
abc,95.28
abc,1386.63
abc,121.3128
abc,348.81
abc,132.5925
abc,100.5
abc,52.65
abc,259.7
abc,180.873
abc,324.9
abc,22638.48
abc,272.28
abc,198.45
abc,144.99
abc,231.6
abc,259.05
abc,195.39
abc,210.75
abc,87.12
abc,339.885
abc,133.02
abc,818.28
abc,229.44
abc,375.48752
abc,165.408
abc,150.8
abc,94.5
abc,154.2
abc,244.14
abc,333.84
abc,236.376
abc,281.04
abc,231.456
abc,79.38
abc,416.721
abc,198.75
abc,720.36
abc,287.88
abc,277.14
abc,122
abc,334.88
abc,286.4
abc,370.14
abc,123.92
abc,86.94
abc,237.492
abc,180.2262
abc,279.3375
abc,395.4
abc,404.832
abc,260.49
abc,224.82
abc,99.66
abc,438.96
abc,504.9
abc,137.784
abc,74.22
abc,177.96
abc,223.83
abc,390.582
abc,192.06
abc,227.28
abc,320.4585
abc,99.48
abc,352.38
abc,73.26
abc,333.963
abc,281.88
abc,54.66
abc,304.3
abc,265.26
abc,303.84
abc,102.3
abc,162.576
abc,333.48
abc,257.76
abc,254.88
abc,222.258
abc,454.41
abc,178.32
abc,130.212
abc,307.0494
abc,308.259
abc,244.55
abc,206.92
abc,111.078
abc,204.225
abc,162.6
abc,314.22
abc,323.79112
abc,290.52
abc,362.85
abc,65.4
abc,102.08
abc,161.82
abc,147.24
abc,256.16664
abc,338.94
abc,321.5088
abc,368.334
abc,140.13
abc,113.888
abc,314.1
abc,151.92
abc,147.96
abc,140.32
abc,264.6
abc,260.52
abc,254.16
abc,148.104
abc,151.2
abc,247.98
abc,374.76
abc,510.12
abc,273.96
abc,319.968
abc,255.06
abc,205.53
abc,414.9
abc,240.624
abc,388.125
abc,373.23
abc,349.02
abc,268.26
abc,318.33
abc,158.1
abc,447.678
abc,147.184
abc,228.48
abc,103.2
abc,300.24
abc,161.514
abc,362.88
abc,180.588
abc,154.7
abc,142.152
abc,3195
abc,365.712
abc,52.8
abc,157.95
abc,355.482
abc,101.094
abc,396.72496
abc,279.72
abc,316.8492
abc,59.752
abc,318.09
abc,132.5
abc,247.296
abc,241.32
abc,482.4855
abc,97.05
abc,349.6828
abc,309.84
abc,246
abc,208.656
abc,226.839
abc,364.14
abc,478.98
abc,378.9045
abc,574.02
abc,91.824
abc,231.44
abc,244.55
abc,220.704
abc,393.6
abc,136.44
abc,269.4
abc,102.18
abc,445.96
abc,88.074
abc,202.08
abc,151.875
abc,338.91
abc,232.68
abc,324.45
abc,598.23
abc,137.25
abc,571.32
abc,205.56
abc,276.784
abc,226.08
abc,198.612
abc,143.96
abc,111.672
abc,172.764
abc,186.54
abc,174.33
abc,204.93
abc,134.61
abc,309.39
abc,298.92
abc,371.28
abc,313.176
abc,74.871
abc,98.388
abc,222.618
abc,167.184
abc,86.3052
abc,200.64
abc,269.028
abc,775.62
abc,190.08
abc,347.355
abc,338.04
abc,291.792
abc,226.6
abc,174.6
abc,165.672
abc,66.696
abc,255.84
abc,183.6
abc,311.7825
abc,369.45
abc,195.72
abc,129.84
abc,95.64
abc,261.12
abc,164.76
abc,87.28
abc,135.672
abc,296.34
abc,148.05
abc,177.93
abc,221.024
abc,289.98
abc,389.056
abc,131.184
abc,167.94
abc,330.48
abc,662.2
abc,245.88
abc,154.08
abc,411.75
abc,109.008
abc,73.584
abc,58.86
abc,266.496
abc,689.52
abc,223.2
abc,293.04
abc,87.92
abc,324.27016
abc,134.082
abc,269.36
abc,204.15
abc,283.611
abc,243.33
abc,1252.3455
abc,84.648
abc,214.92
abc,211.803
abc,423.648
abc,301.89
abc,244
abc,122.97
abc,249.584
abc,272.76
abc,334.68
abc,222.021
abc,670.65
abc,128.85
abc,387.3
abc,239.12
abc,296.82
abc,52.05
abc,248.64
abc,180.144
abc,264.9942
abc,369.544
abc,281.94
abc,227.955
abc,126.3
abc,359.32
abc,637.0234
abc,158.6
abc,312.0435
abc,217.701
abc,75.6
abc,190.32
abc,129.12
abc,117.48
abc,207.168
abc,334.773
abc,479.952
abc,144.99
abc,695.28
abc,169.92
abc,260.88
abc,325.8
abc,172.53
abc,133.2
abc,99.96
abc,147.04
abc,100.92
abc,255.15
abc,333.6903
abc,277.0374
abc,229.74
abc,161.59616
abc,183.42
abc,117.12
abc,300.51
abc,302.376
abc,201.24
abc,461.97
abc,148.17
abc,519.33
abc,248.3
abc,57.75
abc,201.447
abc,150.66
abc,263.64
abc,98.64
abc,319.98
abc,641.835
abc,495.51
abc,87.9
abc,195.156
abc,336.15
abc,151.04
abc,447.74272
abc,215.1
abc,296.352
abc,123.753
abc,553.2
abc,150.66
abc,100.56
abc,350.649
abc,518.67
abc,338.4
abc,365.22
abc,327.3
abc,920.88
abc,46
abc,231.525
abc,299.16
abc,390.42
abc,484.5114
abc,158.76
abc,317.331
abc,83.97
abc,186.54
abc,154.224
abc,69.6
abc,247.212
abc,115.5
abc,246.66
abc,243.09
abc,333
abc,240.784
abc,230.352
abc,238
abc,260.52
abc,226.32
abc,325.44
abc,537
abc,189.7
abc,253.69552
abc,620.415
abc,439.5
abc,263.96
abc,142.56
abc,248.778
abc,285.06
abc,83.34
abc,166.05
abc,244.08
abc,146.688
abc,110.4855
abc,52.731
abc,238.152
abc,106.32
abc,183
abc,241.704
abc,484.596
abc,275.13
abc,122.616
abc,105.48
abc,132.256
abc,356.4135
abc,528.66
abc,156.249
abc,131.625
abc,262.86
abc,388.62
abc,174.906
abc,400.8
abc,117.36
abc,179.712
abc,956.6648
abc,120.024
abc,184.66
abc,290.826
abc,80.432
abc,207.54
abc,142.5
abc,178.875
abc,435.504
abc,198.9
abc,329.94
abc,251.91
abc,256.56
abc,469.92
abc,310.65
abc,109.32
abc,334.125
abc,368.91
abc,341.523
abc,208.548
abc,343.74
abc,129.28092
abc,311.01
abc,216
abc,114.45
abc,339.96
abc,409.26
abc,275.3
abc,296.88
abc,393.21
abc,98.64
abc,83.88
abc,368.226
abc,91.68
abc,308.7
abc,170.52
abc,112.752
abc,412.8
abc,196.776
abc,194.64
abc,337.2
abc,339.52
abc,164.88
abc,183.756
abc,225.84
abc,152.37
abc,357.76
abc,154.89
abc,146.352
abc,197.49
abc,176.256
abc,158.376
abc,133.472
abc,256.56
abc,81.42
abc,180
abc,274.68
abc,75.88
abc,486.6
abc,281.34
abc,348.32
abc,271.764
abc,232.88
abc,228.15
abc,43.605
abc,299.052
abc,840.15
abc,75.87
abc,46.305
abc,464.8
abc,88.47
abc,203.22
abc,583.872
abc,157.95
abc,330.966
abc,255.968
abc,231.84
abc,328.608
abc,474
abc,261.63
abc,236.88
abc,268.26
abc,148.878
abc,245.13
abc,296.34
abc,511.68
abc,439.416
abc,324.216
abc,304.9
abc,378.45
abc,319.98
abc,130.08
abc,1640.16
abc,331.96
abc,320.448
abc,314.64
abc,142.68
abc,184.167
abc,238.56
abc,229.056
abc,237.33
abc,208.95
abc,136.485
abc,132.52
abc,175.83
abc,485.856
abc,262.14
abc,231.084
abc,197.37
abc,286.299
abc,115.992
abc,137.62
abc,284.97
abc,284.16
abc,424.2
abc,283.8
abc,130.104
abc,121.05
abc,243.992
abc,104.4
abc,215.64
abc,213.75
abc,289.30044
abc,618.56
abc,65.824
abc,310.16
abc,240.84
abc,180.6
abc,217.89
abc,377.97
abc,54.96
abc,122.382
abc,170.964
abc,387.099
abc,105.12
abc,54.18
abc,79.632
abc,193.9902
abc,196.056
abc,161.91
abc,203.952
abc,260.76
abc,402.246
abc,271.731
abc,250.95708
abc,208.728
abc,150.48
abc,84.75
abc,214.8
abc,96.12
abc,179.76
abc,1136.331
abc,362.46
abc,351.84
abc,991.92
abc,154.44
abc,234.92
abc,388.608
abc,80.22
abc,736.452
abc,201.08
abc,220.44
abc,275.616
abc,158.22
abc,81.9
abc,249.75
abc,444.312
abc,138.08
abc,321
abc,241.176
abc,148.17
abc,145.836
abc,134.4
abc,130.32
abc,196.2
abc,321.84
abc,296.34
abc,287.94
abc,307.62
abc,333.27
abc,153.9
abc,286.44
abc,157.824
abc,477.12384
abc,99.98
abc,199.056
abc,156.672
abc,167.976
abc,104.85
abc,81.99
abc,284.4
abc,110.25
abc,348.928
abc,215.148
abc,254.94
abc,490.26
abc,235.48
abc,199.08
abc,89.712
abc,195.66
abc,323.79112
abc,252
abc,752.9193
abc,283.92
abc,274.2
abc,195.408
abc,176.148
abc,169.344
abc,668.22
abc,132.111
abc,200.88
abc,161.91
abc,177.849
abc,252.045
abc,511.65
abc,138.6
abc,256.74
abc,282.24
abc,187.68
abc,609.4026
abc,83.7322
abc,359.7795
abc,271.44
abc,87.96
abc,135.558
abc,190.2
abc,60.6315
abc,377.79
abc,408.24
abc,241.32
abc,118.272
abc,342.495
abc,289.35
abc,58.98
abc,137.538
abc,339.12
abc,166.32
abc,137.31
abc,170.7
abc,347.88
abc,440.64
abc,539.04
abc,809.109
abc,229.3
abc,245.88
abc,172.62
abc,311.6
abc,92.952
abc,212.058
abc,298.14
abc,467.04
abc,612.357
abc,219.75
abc,569.99
abc,250.74
abc,212.4
abc,255.45
abc,454.08
abc,211.246
abc,649.593
abc,106.8
abc,190.62
abc,195.44
abc,109.08
abc,99.48
abc,528.9
abc,221.4
abc,340.65
abc,152.1
abc,154.95
abc,217.32
abc,213.12
abc,394.065
abc,300.5328
abc,62.16
abc,225.12
abc,224.85
abc,270.594
abc,335.61
abc,233.352
abc,76.8
abc,69.3
abc,199.98
abc,226.12
abc,336.06
abc,216.3
abc,314.16
abc,98.16
abc,95.94
abc,197.82
abc,202.2
abc,384.48
abc,146.4
abc,78.15
abc,207.648
abc,251.7
abc,164.46
abc,336.48
abc,157.95
abc,352.38
abc,101.58
abc,486.12
abc,259.47
abc,141.372
abc,220.08
abc,333.54
abc,396
abc,151.548
abc,229.68
abc,146.88
abc,179.97
abc,1584.0783
abc,331.023
abc,528.7425
abc,273.36
abc,209.67
abc,229.94
abc,146.73
abc,209.16
abc,162.576
abc,499.56
abc,163.2
abc,175.52
abc,170.96
abc,138.24
abc,261.48
abc,345.06
abc,170.46
abc,296.37
abc,57.96
abc,191.5155
abc,644.88
abc,136.5147
abc,235.05
abc,256.86
abc,385.02
abc,61.64
abc,349.02056
abc,358.2
abc,314.262
abc,97.8
abc,77.04
abc,66.096
abc,617.7
abc,267.96
abc,64
abc,346.62536
abc,367.47
abc,141.63
abc,205.8
abc,522.48
abc,205.856
abc,334.8
abc,152.964
abc,104.16
abc,312.09
abc,993.66
abc,245.916
abc,313.74
abc,110.64
abc,256.08
abc,155.43
abc,130.248
abc,259.875
abc,540.57
abc,74.352
abc,232.08
abc,380.1
abc,168.6
abc,1029.95
abc,238.8
abc,198.64
abc,230.48
abc,441.774
abc,82.8258
abc,221.5353
abc,71.88
abc,181.986
abc,188.1
abc,210.192
abc,264.9
abc,499.68
abc,342.495
abc,148.5
abc,152.1
abc,243.44
abc,136.1781
abc,323.46
abc,505.986
abc,97.02
abc,414.03
abc,153.568
abc,151.464
abc,161.59616
abc,400.032
abc,116.289
abc,436.0728
abc,148.92
abc,144.2
abc,142.76
abc,94.128
abc,253.854
abc,770.3811
abc,179.97
abc,136.9368
abc,143.264
abc,103.122
abc,647.13
abc,190.44
abc,346.92
abc,155.07
abc,76.776
abc,212.1
abc,275.88
abc,287.96292
abc,117.9
abc,273.36
abc,225.33
abc,303.66
abc,166.8051
abc,243.18
abc,367.2
abc,90.3
abc,261.03
abc,302.94
abc,305.37
abc,235.32
abc,182.304
abc,153.42
abc,440.964
abc,121.53
abc,78
abc,145.5
abc,226.557
abc,138.48
abc,214.2
abc,178.8
abc,146.475
abc,462.132
abc,131.274
abc,217.32
abc,244.768
abc,78.84
abc,124.59
abc,284.37012
abc,294.08
abc,244.98
abc,130.23
abc,260.352
abc,80.352
abc,170.46
abc,293.382
abc,105.84
abc,139.56
abc,395.82
abc,115.38
abc,296.226
abc,435.99
abc,321.02
abc,142.08
abc,209.7
abc,302.625
abc,167.535
abc,255.168
abc,515.862
abc,241.92
abc,107.772
abc,380.54328
abc,190.17
abc,262.14
abc,403.34112
abc,163.62
abc,157.77
abc,109.74
abc,246.56
abc,218.4
abc,342.08
abc,243.808
abc,163.56
abc,165.456
abc,156.1728
abc,205.68
abc,287.847
abc,206.4
abc,102.624
abc,212.64
abc,278.28
abc,97.16
abc,228.84264
abc,252.3
abc,485.68668
abc,81.108
abc,387
abc,73.2
abc,332.64
abc,359.058
abc,358.58
abc,92.3
abc,161.91
abc,231.6
abc,139.32
abc,200.016
abc,239.112
abc,455.868
abc,360.38
abc,504.711
abc,380.7
abc,149.898
abc,277.56
abc,125.76
abc,63.312
abc,190.863
abc,225.6
abc,89.73
abc,109.674
abc,314.55
abc,69
abc,268.5
abc,103.26
abc,93.12
abc,1171.53
abc,269.97
abc,119.68
abc,203.88
abc,104.976
abc,99.42
abc,163.88
abc,76.8
abc,105.3
abc,97.68
abc,152.496
abc,1214.22
abc,261.468
abc,259.248
abc,113.82
abc,356.238
abc,77.4
abc,249.95
abc,167.82
abc,227.52
abc,289.968
abc,145.896
abc,135.48
abc,228.36
abc,602.76
abc,422.586
abc,234.36
abc,188.04
abc,393.165
abc,349.95
abc,143.856
abc,389.97
abc,211.248
abc,195.64
abc,144.33
abc,107.505
abc,288.9
abc,243.81
abc,235.152
abc,245.44
abc,122.04
abc,662.4396
abc,156.654
abc,389.97
abc,995.6
abc,151.02
abc,268.5
abc,345
abc,125.22
abc,263.73
abc,62.31
abc,74.736
abc,53.52
abc,443.43
abc,318.888
abc,290.775
abc,364.2975
abc,182.88
abc,414.9
abc,494.316
abc,230.202
abc,117.18
abc,279.54
abc,383.46
abc,179.88
abc,205.92
abc,371.976
abc,540.1
abc,132.8
abc,90.36
abc,418.818
abc,365.25
abc,166.176
abc,195.96
abc,387.09
abc,338.47968
abc,172.44
abc,146.7
abc,571.32
abc,448.65
abc,217.188
abc,221.056
abc,481.176
abc,152.88
abc,263.52
abc,75.384
abc,231.516
abc,75.384
abc,246.84
abc,642.78
abc,65.68
abc,286.65
abc,81.96
abc,129.387
abc,372.6
abc,95.256
abc,154.38
abc,162
abc,311.976
abc,276.784
abc,138.08
abc,339.36
abc,150.147
abc,169.92
abc,268.812
abc,286.5
abc,169.95
abc,202.44
abc,78.12
abc,492.3261
abc,151.65
abc,218.844
abc,62.65
abc,539.964
abc,136.08
abc,211.716
abc,202.23
abc,1356.8328
abc,113.6
abc,110.052
abc,104.733
abc,127.96
abc,199.75
abc,109.38
abc,397.71
abc,128.304
abc,151.92
abc,360.24
abc,563.94
abc,58.374
abc,414
abc,270.18
abc,312.0435
abc,202.2
abc,85.056
abc,222.352
abc,176.94
abc,912.6
abc,115.5
abc,175.68
abc,95.12
abc,257.7
abc,158.368
abc,141.44
abc,248.184
abc,130.41
abc,129.76
abc,359.04
abc,152.8
abc,158.16
abc,132.048
abc,77.46
abc,281.34
abc,316.47
abc,207.12
abc,249.6
abc,478.8
abc,316
abc,69.5
abc,248.418
abc,313.92
abc,230.256
abc,276.6
abc,112.104
abc,271.764
abc,767.52
abc,171.9
abc,157.95
abc,197.94
abc,198.24
abc,195.76
abc,136.92
abc,75.744
abc,512.358
abc,266.22
abc,309.54
abc,241.8
abc,478.08
abc,67.41
abc,1076.406
abc,262.764
abc,367.524
abc,137.07
abc,321.912
abc,230.88
abc,124.47
abc,155.85
abc,151.2
abc,119.808
abc,113.52
abc,276.444
abc,117.15
abc,100.8
abc,88.48
abc,222.705
abc,173.58
abc,242.1
abc,204.384
abc,211.104
abc,146.76
abc,90.8
abc,226.125
abc,232.47
abc,87.534
abc,104.436
abc,309.75
abc,346.42576
abc,194.25
abc,164.85
abc,148.17
abc,163.32
abc,111.22
abc,159.768
abc,257.98
abc,342.08
abc,122.4
abc,255.08
abc,171.396
abc,369.99
abc,399.96
abc,244.98
abc,249.7725
abc,129.22
abc,457.2
abc,67.64
abc,67.44
abc,133.11
abc,142.488
abc,387.72
abc,488.96
abc,206.85
abc,77.832
abc,165.888
abc,319.616
abc,247.7514
abc,292.8
abc,264.9384
abc,88.563
abc,330
abc,126.27
abc,92.52
abc,160.929
abc,203.22
abc,143.472
abc,135.3
abc,353.568
abc,149.6
abc,191.592
abc,396.9
abc,333.6
abc,244.8
abc,190.5
abc,238.491
abc,272.76
abc,437.85
abc,256.14
abc,284.48988
abc,229.32
abc,109.08
abc,515.5794
abc,440.64
abc,153.09
abc,153.552
abc,323.37
abc,116.312
abc,95.1
abc,95.1
abc,425
abc,295.8
abc,281.372
abc,167.86
abc,265.824
abc,123.24
abc,307.683
abc,243.8208
abc,362.85
abc,197.76
abc,307.44
abc,68.97
abc,279.9
abc,369.16
abc,48.45
abc,119.56
abc,82.14
abc,180.288
abc,264.5958
abc,239.436
abc,299.58
abc,284.256
abc,201.96
abc,480.74
abc,381.36
abc,263.92
abc,345
abc,137.25
abc,250.74
abc,195.84
abc,126.5382
abc,364.95
abc,179.9
abc,175.32
abc,59.22
abc,169.38
abc,279.72
abc,346.698
abc,269.49
abc,158.376
abc,246.21
abc,344.34
abc,119.556
abc,258.696
abc,148.257
abc,89.97
abc,290.83716
abc,260.592
abc,344.37
abc,267.984
abc,148.8
abc,470.7624
abc,558
abc,67.14
abc,158.994
abc,88.06
abc,161.91
abc,243.27
abc,264.87
abc,115.05
abc,123.8526
abc,180.4572
abc,161.16
abc,489.92
abc,216.3294
abc,323.976
abc,236.4
abc,319.68
abc,222.66
abc,440.16
abc,191.52
abc,236.97
abc,147.3
abc,131.136
abc,210.69
abc,304.3
abc,79.8
abc,294.18
abc,352.45
abc,182.76
abc,187.8
abc,381.91464
abc,410.8
abc,267.84
abc,299.295
abc,138.645
abc,375.66
abc,329.76
abc,321.3
abc,460.26
abc,245.76
abc,219.3
abc,235.515
abc,299.97
abc,205.992
abc,343.8
abc,132.72
abc,329.67
abc,169.308
abc,599.28
abc,308.16
abc,122.22
abc,173.25
abc,512.163
abc,138.75
abc,130.977
abc,175.824
abc,193.86
abc,280.782
abc,167.28
abc,400.704
abc,202.72
abc,151.02
abc,68.2011
abc,212.706
abc,277.08
abc,115.032
abc,205.392
abc,172.6
abc,376.74
abc,445.802
abc,95.84
abc,176.61
abc,147.96
abc,292.734
abc,152.64
abc,412.2
abc,141.96
abc,160.02
abc,98.736
abc,331.695
abc,203.6322
abc,273.9729
abc,163.96
abc,213.228
abc,735.777
abc,239.22
abc,173.88
abc,211.1805
abc,415.2
abc,70.35
abc,207.18
abc,392.22
abc,292.977
abc,282.18
abc,221.832
abc,61.74
abc,169.02
abc,165.42
abc,287.94
abc,318.3
abc,154.24
abc,293.4
abc,263.736
abc,231.98
abc,455.97
abc,209.94
abc,448.38
abc,220.185
abc,100.8
abc,352.536
abc,181.818
abc,260.4
abc,76.776
abc,88.608
abc,288.84
abc,170.73
abc,257.94
abc,224.262
abc,168.72
abc,229.62
abc,364.257
abc,197.4942
abc,660.288
abc,278.397
abc,258.852
abc,84.84
abc,300.72
abc,244.49004
abc,146.16
abc,83.4
abc,163.38
abc,246.105
abc,934.956
abc,90.76
abc,312.498
abc,128.466
abc,489.23
abc,192.3978
abc,306.342
abc,219.321
abc,286.902
abc,132.48
abc,100.92
abc,97.32
abc,263.655
abc,143.22
abc,285.84
abc,82.44
abc,206.384
abc,181.26
abc,96.88
abc,723.72
abc,120.42
abc,209.34
abc,149.9712
abc,194.58
abc,267.48
abc,191.7
abc,182.3
abc,90.096
abc,188.4
abc,356.85
abc,583.02
abc,136.89
abc,239.598
abc,272.673
abc,346.5882
abc,51.3774
abc,117.03
abc,118.8
abc,540.288
abc,163.5
abc,92.52
abc,330.27
abc,170.46
abc,105.45
abc,502.578
abc,124.3755
abc,159.68
abc,274.74
abc,270.96
abc,76.707
abc,159.192
abc,254.88
abc,114.87
abc,244.23
abc,127.89
abc,287.94
abc,273.896
abc,227.88
abc,73.536
abc,96
abc,185.92
abc,248.58
abc,371.952
abc,176.43
abc,398.52
abc,182.94
abc,364.92
abc,130.52
abc,540.82
abc,333.072
abc,143.982
abc,279.944
abc,210.564
abc,287.28
abc,107.982
abc,231.92
abc,58.32
abc,252.828
abc,202.56
abc,108.48
abc,152.064
abc,158.76
abc,162.54
abc,168.03
abc,88.56
abc,240.336
abc,128.736
abc,368.352
abc,127.725
abc,419.31
abc,214.65
abc,358.16
abc,271.08
abc,140.535
abc,99.84
abc,306.78
abc,381.96
abc,360.24
abc,139.5
abc,239.04
abc,255.84
abc,449.91
abc,474.444
abc,116.937
abc,212.208
abc,189.36
abc,341.523
abc,282.0672
abc,201.584
abc,90.3
abc,145.89
abc,930
abc,284.25
abc,207.6
abc,131.76
abc,192.16
abc,194.784
abc,273.3
abc,247.32
abc,418.6188
abc,290.352
abc,292.8
abc,103.122
abc,350.58
abc,278.9
abc,189.621
abc,201.584
abc,683.6
abc,95.424
abc,323.46
abc,194.472
abc,150.48
abc,105.48
abc,105.6
abc,198.396
abc,755.0946
abc,191.205
abc,310.88
abc,86.04
abc,345.24
abc,128.52
abc,140.91
abc,83.6
abc,84.34
abc,289.068
abc,187.936
abc,138.567
abc,278.64
abc,479.97
abc,288.36
abc,344.64
abc,87.6
abc,811.944
abc,466.956
abc,183.75
abc,381.591
abc,210.112
abc,146.61
abc,68.175
abc,240.912
abc,411.4
abc,243
abc,148.59
abc,178.776
abc,359.85
abc,85.23
abc,96.66
abc,142.47
abc,199.26
abc,215.73
abc,91.665
abc,242.9
abc,266.4
abc,223.104
abc,293.76
abc,394.2
abc,148.68
abc,99.96
abc,59.28
abc,954.225
abc,391.2
abc,192.6
abc,187.68
abc,79.59
abc,164.64
abc,272.848
abc,195.72
abc,58.8
abc,272.76
abc,1341.63
abc,263.67
abc,118.95
abc,185.58
abc,224.82
abc,277.92
abc,318.03
abc,148.32
abc,56.3736
abc,113.372
abc,382.21404
abc,379.8
abc,509.52
abc,206.4
abc,87.03
abc,259.605
abc,302.384
abc,86.562
abc,64
abc,98.1
abc,260.415
abc,340.83
abc,392.94
abc,166.71
abc,242.1
abc,110.88
abc,284.82
abc,154.9
abc,76.14
abc,288.192
abc,106.96
abc,202.38
abc,202.56
abc,211.38104
abc,216.3
abc,208.44
abc,248.08284
abc,133.76
abc,321.9426
abc,128.76
abc,110.5062
abc,170.04
abc,292.64
abc,108.15
abc,92.88
abc,166.68
abc,1954.17
abc,659.178
abc,211.5
abc,260.34
abc,145.05
abc,248.64
abc,213.84
abc,526.26
abc,394.98
abc,108.24
abc,185.0175
abc,272.94
abc,348.82096
abc,242.944
abc,160.356
abc,311.796
abc,378.81
abc,450.04
abc,175.8
abc,203.76
abc,71.19
abc,181.44
abc,129.8871
abc,289.35
abc,470.376
abc,243.88
abc,177.48
abc,117.12
abc,207.12
abc,71.46
abc,276.885
abc,143.1
abc,66.32
abc,291.924
abc,186.66
abc,190.89
abc,599.16
abc,111.051
abc,177.55
abc,555.96
abc,213.12
abc,162.18
abc,159.68
abc,180.7
abc,129.12
abc,137.295
abc,174.204
abc,369.99
abc,400.32
abc,178.384
abc,240.784
abc,219.184
abc,172.62
abc,246.42
abc,210.288
abc,117.666
abc,209.52
abc,113.372
abc,178.88
abc,222.615
abc,769.65
abc,409.95
abc,294.57
abc,118.95
abc,415.152
abc,122.94
abc,285.48
abc,131.811
abc,109.92
abc,247.44
abc,317.37
abc,84
abc,169.9
abc,151.65
abc,47.52
abc,273.18
abc,418.05
abc,110.28
abc,199.74
abc,338.4
abc,135.45
abc,166.68
abc,220.2656
abc,384.768
abc,88.92
abc,197.94
abc,64.776
abc,102.72
abc,75.18
abc,122.37
abc,73.206
abc,164.7
abc,212.2875
abc,199.665
abc,58.17
abc,204.6664
abc,98.304
abc,191.85552
abc,368.91
abc,212.1
abc,254.9
abc,136.53
abc,222.66
abc,130.704
abc,151.992
abc,168.68
abc,278.7
abc,717.4764
abc,529.29
abc,169.568
abc,140.97
abc,175.32
abc,336.36
abc,290.3502
abc,115.287
abc,340.08
abc,330.588
abc,325.26
abc,77.58
abc,159.984
abc,153.024
abc,76.248
abc,520.776
abc,211.96
abc,78.6
abc,269.91
abc,152.91
abc,102.9
abc,113.68
abc,111.12
abc,341.475
abc,250.992
abc,219.9
abc,166.68
abc,149.1
abc,553.5
abc,161.532
abc,51.156
abc,239.96
abc,144.18
abc,143.728
abc,104.28
abc,278.88
abc,208.572
abc,180.252
abc,101.1936
abc,164.088
abc,343.728
abc,224.3504
abc,137.2
abc,130.32
abc,875.16
abc,344.16
abc,444.51
abc,363.825
abc,138.696
abc,231.72
abc,308.46
abc,235.3812
abc,158.376
abc,189.63
abc,512.91
abc,265.74
abc,215.04
abc,192
abc,293.58
abc,207.12
abc,357.6
abc,74.56
abc,326.88
abc,140.94
abc,137.736
abc,118.44
abc,262.74
abc,187.36
abc,98.08
abc,248.9004
abc,179.46
abc,215.976
abc,149.28
abc,114.81
abc,67.78928
abc,238.455
abc,520.38
abc,241.568
abc,113.94
abc,275.58
abc,439.92
abc,496.332
abc,215.65
abc,171.04
abc,290.88
abc,292.68
abc,112.698
abc,326.64
abc,86.58
abc,99
abc,150.528
abc,159.66
abc,138.06
abc,243.7
abc,168.63
abc,102.9
abc,203.904
abc,337.176
abc,303.84
abc,291.024
abc,304.44
abc,247.188
abc,215.1
abc,117.408
abc,248.52
abc,113.52
abc,169.38
abc,211.96
abc,258.528
abc,127.95
abc,259.75944
abc,124.875
abc,45.69
abc,121.428
abc,79.712
abc,417.42
abc,123.42
abc,459.3
abc,428.22
abc,265.17
abc,199.96
abc,200.4
abc,207.69736
abc,161.4
abc,142.74
abc,48.816
abc,482.94
abc,174.6
abc,139.86
abc,197.97
abc,245.82
abc,159.732
abc,275.072
abc,532.8
abc,207.33
abc,193.83
abc,89.28
abc,251.16
abc,115.44
abc,132.3
abc,199.056
abc,373.896
abc,345.735
abc,317.574
abc,99.144
abc,135.95
abc,117.96
abc,327.816
abc,170.424
abc,238.512
abc,279.68
abc,264.816
abc,206.16
abc,271.96
abc,135.99
abc,172.5
abc,289.98
abc,159.296
abc,198.96
abc,93.2502
abc,258.072
abc,376.74
abc,185.28
abc,271.136
abc,122.496
abc,192.78
abc,57.93
abc,446.4
abc,1779.9
abc,154.68
abc,278.16
abc,268.1748
abc,67.136
abc,165.7
abc,423.31168
abc,102.78
abc,175.92
abc,114
abc,301.89
abc,460.356
abc,635.96
abc,192.22
abc,276.96
abc,135.576
abc,300.32
abc,146.736
abc,191.6
abc,103.518
abc,115.9344
abc,311.76
abc,271.968
abc,313.44
abc,256.16664
abc,171.288
abc,99.66
abc,322.974
abc,366.84
abc,48.68
abc,123.75
abc,192.6324
abc,123.42
abc,189.588
abc,100
abc,124.53
abc,57.06
abc,110.25
abc,315.54
abc,82.044
abc,226.53
abc,310.554
abc,97.68
abc,192.84
abc,130.62
abc,389.04
abc,226.8735
abc,645.966
abc,188.37
abc,174.95
abc,301.77
abc,230.256
abc,545.94
abc,238.62
abc,163.2
abc,284.8274
abc,92.64
abc,249.93
abc,143.172
abc,261.54
abc,388.92
abc,124.32
abc,112.12
abc,312.51
abc,177.52
abc,350.244
abc,175.8
abc,157.872
abc,358.2
abc,130.56
abc,221.568
abc,450.603
abc,102.9
abc,642
abc,89.768
abc,256.56
abc,168.24
abc,546.56
abc,246.78
abc,245.94
abc,258.9
abc,72.48
abc,349.32
abc,420.42
abc,185.28
abc,214.8
abc,187.74376
abc,123.06
abc,225.08
abc,107.4
abc,82.38
abc,316.8
abc,374.2
abc,249.21
abc,481.32
abc,161.6
abc,13999.96
abc,310.716
abc,121.8855
abc,214.515
abc,443.92
abc,263.73
abc,316.59
abc,90.6
abc,173.25
abc,177.876
abc,638.82
abc,333.66
abc,284.76
abc,225.6
abc,152.28
abc,169.8
abc,95.04
abc,84.132
abc,218.3868
abc,127.984
abc,118.16
abc,137.6
abc,70.755
abc,170.28
abc,594.86
abc,340.992
abc,642.72
abc,175.68
abc,323.4
abc,248.022
abc,855.45
abc,177.2
abc,294.6
abc,102.96
abc,130.98
abc,73.944
abc,286.44
abc,97.44
abc,478.764
abc,537.6
abc,318.24
abc,305.928
abc,68.48
abc,111.12
abc,245.88
abc,149.58
abc,321.492
abc,369.1992
abc,257.76
abc,66.99
abc,101.88
abc,85.185
abc,241.434
abc,249.264
abc,60.552
abc,287.97
abc,191.7
abc,101.04
abc,236.34
abc,283.2
abc,91.92
abc,122.325
abc,147.92
abc,98.46
abc,396.72496
abc,101.04
abc,154.392
abc,278.28
abc,147.582
abc,94.9935
abc,179.886
abc,82.98
abc,118.62
abc,181.12
abc,92.76
abc,158
abc,522.72
abc,43.92
abc,67.89
abc,245.13
abc,253.32
abc,260.415
abc,163.62
abc,274.44
abc,205.44
abc,154.3752
abc,270.96
abc,200.44
abc,382.4
abc,84.96
abc,274.4658
abc,351.9
abc,103.32
abc,96.81
abc,122.67
abc,143.58
abc,182.3
abc,283.49984
abc,126.27
abc,166.617
abc,137.25
abc,263.412
abc,333.84
abc,149.04
abc,69.03
abc,373.68
abc,386.64
abc,214.3791
abc,327.84
abc,206.604
abc,151.929
abc,246.15
abc,176.76
abc,242.48
abc,76.11
abc,355.56
abc,132.352
abc,221.2
abc,288.684
abc,759.66
abc,228.204
abc,122.37
abc,314.91876
abc,292.734
abc,462.96
abc,249.72
abc,223.47
abc,66.42
abc,396.78
abc,119.04
abc,244.14
abc,186.36
abc,86.96
abc,84.4608
abc,279.95
abc,412.695
abc,143.532
abc,100.08
abc,339.136
abc,199.98
abc,141.6
abc,90.64
abc,269.12
abc,448.6344
abc,225.576
abc,344.372
abc,137.16
abc,194.848
abc,82.98
abc,1272.3
abc,268.2
abc,153.6
abc,175.35
abc,278.07
abc,301.96
abc,113.568
abc,122.88
abc,83.46
abc,205.8
abc,144.99
abc,333.66
abc,236.7
abc,254.34
abc,138.96
abc,133.893
abc,253.746
abc,146.5425
abc,131.98
abc,146.688
abc,373.98
abc,118.62
abc,205.44
abc,167.805
abc,96
abc,327.3
abc,170.94
abc,141.96
abc,256.14
abc,212.52
abc,383.607
abc,291.792
abc,405.92
abc,262.95
abc,767.34
abc,100.0611
abc,363.75
abc,193.2
abc,113
abc,131.301
abc,292.11
abc,83.4
abc,242.16
abc,274.8
abc,225.612
abc,230.526
abc,61.2
abc,157.68
abc,116.04
abc,289.71
abc,113.4
abc,146.367
abc,510.12
abc,246.48
abc,121.96
abc,115.136
abc,309.6
abc,147
abc,238.32
abc,89.97
abc,648.24
abc,328.185
abc,127.656
abc,287.58
abc,93.06
abc,213.444
abc,143.88
abc,207.432
abc,300.402
abc,297.6
abc,200.795
abc,55.74
abc,132.972
abc,242.55
abc,211.84
abc,139.44
abc,59.184
abc,100.5
abc,147.84
abc,258.54
abc,281.34
abc,241.65
abc,241.893
abc,99.6
abc,346.44
abc,272.7
abc,208.53
abc,300.72
abc,99
abc,49.5
abc,140.9922
abc,335.52
abc,92.64
abc,218.79
abc,241.968
abc,235.24
abc,95.28
abc,262.74
abc,125.82
abc,218.76
abc,239.96
abc,50.88
abc,305.235
abc,482.664
abc,511.68
abc,138.18
abc,142.623
abc,103.59
abc,68.72
abc,78.75
abc,595.6578
abc,277.4
abc,126.15
abc,344.034
abc,125.064
abc,429.48
abc,115.74
abc,121.776
abc,518.88
abc,56.916
abc,150
abc,307.136
abc,75.72
abc,612.48
abc,272.94
abc,62.13
abc,129.519
abc,260.28
abc,169.047
abc,96.53
abc,327.996
abc,100.44
abc,282.8
abc,128.34
abc,94.35
abc,309.042
abc,167.28
abc,88.86
abc,50.34
abc,224.37648
abc,634.23
abc,250.272
abc,140.736
abc,118.44
abc,318.18
abc,141.44
abc,284.19048
abc,359.64
abc,292.95
abc,121.8
abc,428.706
abc,168.81
abc,143.52
abc,295.456
abc,75.06
abc,298.8
abc,429.12
abc,285.20844
abc,96.6
abc,111.12
abc,253.8
abc,203.16
abc,86.058
abc,175.8
abc,135.48
abc,658.24
abc,256.74
abc,224.937
abc,174.12
abc,211.62
abc,153.24
abc,391.0164
abc,249.12
abc,292.68
abc,311.58
abc,185.46
abc,377.97
abc,84.784
abc,347.88
abc,274.8
abc,79.8
abc,327.402
abc,333.42
abc,299.85
abc,365.52
abc,61.44
abc,282.948
abc,227.8314
abc,239.96
abc,479.952
abc,391.86
abc,124.14
abc,82.08
abc,235.332
abc,344.034
abc,88.2
abc,219.84
abc,264.32
abc,90.558
abc,1105.76
abc,303.912
abc,80.1
abc,193.104
abc,89.97
abc,138.456
abc,255.45
abc,177.48
abc,236.7
abc,57.12
abc,199.08
abc,329.1
abc,475.794
abc,339.92
abc,49.47
abc,248.292
abc,333.9
abc,444.88
abc,353.76
abc,200.64
abc,401.646
abc,122.48
abc,79.45
abc,1499.97
abc,122.49
abc,319.984
abc,222.624
abc,134.64
abc,344.61
abc,220.2156
abc,106.02
abc,263.96
abc,89.73
abc,245.13
abc,198.024
abc,191.984
abc,172.224
abc,123.12
abc,227.8872
abc,202.0635
abc,396.9
abc,93.048
abc,221.85
abc,275.7
abc,102.675
abc,52.08
abc,76.05
abc,500.22
abc,257.568
abc,135.984
abc,172.62
abc,145.68
abc,392.4
abc,182.385
abc,313.5204
abc,103.68
abc,192.88
abc,74.64
abc,153.657
abc,562.68
abc,421.7
abc,141.12
abc,379.87872
abc,339.36
abc,254.934
abc,412.02
abc,110.3103
abc,95.994
abc,287.88
abc,245.13
abc,196.8
abc,139.65
abc,175.824
abc,293.7
abc,192.2382
abc,56.7
abc,233.058
abc,286.15
abc,271.96
abc,170.34
abc,192.618
abc,209.088
abc,291.456
abc,385.2
abc,244.2069
abc,263.73
abc,572.16
abc,245.16
abc,57.06
abc,183.96
abc,108.6
abc,151.01892
abc,142.68
abc,117.525
abc,289.8
abc,136.59
abc,99.3
abc,304.2
abc,356.508
abc,191.034
abc,201.312
abc,350.37784
abc,115.02
abc,94.5
abc,143.475
abc,193.32
abc,221.92
abc,132.224
abc,232.2
abc,244.728
abc,117.03
abc,224.82
abc,198.84
abc,80.46
abc,127.28
abc,116.22
abc,151.56
abc,157.74
abc,71
abc,164.2
abc,268.512
abc,133.02
abc,121.2
abc,284.364
abc,108.84
abc,162.84
abc,204.96
abc,141.912
abc,127.44
abc,119.052
abc,224.98
abc,115.02
abc,141.288
abc,161.109
abc,292.2
abc,331.8
abc,363.68
abc,89.24
abc,238.2
abc,110.16
abc,182.32
abc,144
abc,718.97916
abc,428.544
abc,135.84
abc,226.608
abc,218.16
abc,122.4
abc,336.24
abc,112.32
abc,1114.854
abc,250.4046
abc,93.7236
abc,148.98
abc,88.4
abc,151.98
abc,426.04
abc,131.52
abc,46.08
abc,955.8675
abc,204.984
abc,79.14
abc,64.96
abc,136.68
abc,193.68
abc,106.56
abc,58.98
abc,145.98
abc,256.77
abc,55.48
abc,170.058
abc,81.54
abc,58.644
abc,460.08
abc,279.86
abc,308.34
abc,163.92
abc,72.54
abc,241.056
abc,173.448
abc,208.332
abc,161.94
abc,321.03
abc,271.96
abc,80.55
abc,246.78
abc,214.8
abc,159.408
abc,222.44
abc,173.16
abc,145.8
abc,240.669
abc,449.15
abc,174.56
abc,194.4
abc,82.14
abc,165.42
abc,190.512
abc,253.176
abc,126.96
abc,165.24
abc,258.93
abc,623.43
abc,519.3
abc,271.764
abc,224.937
abc,242.8
abc,391.86
abc,138.45
abc,89.4906
abc,206.1
abc,321.3
abc,269.088
abc,125.856
abc,170.24
abc,153.42
abc,205.524
abc,330.12
abc,763.92
abc,726.39
abc,108.405
abc,185.472
abc,231.936
abc,279.72
abc,232.2
abc,243.8424
abc,130.44
abc,248.64
abc,336.393
abc,502.92
abc,202.2
abc,492.42
abc,239.28
abc,78.3
abc,220.56
abc,259.146
abc,279.576
abc,188.192
abc,259.248
abc,124.32
abc,771.39
abc,742.59
abc,70.95
abc,49.26
abc,201.14
abc,270.3
abc,303.66
abc,180.6
abc,169.068
abc,292.8
abc,49.568
abc,284.08
abc,126.9
abc,175.92
abc,102.088
abc,163.2
abc,207.33
abc,175.608
abc,175.68
abc,548.865
abc,338.04
abc,169.95
abc,329.4
abc,145.17
abc,95.04
abc,218.178
abc,216.72
abc,273.48
abc,389.16
abc,260.064
abc,124.29
abc,163.35
abc,86.76
abc,140.192
abc,164.46
abc,238.32
abc,90.18
abc,408.42
abc,37.752
abc,305.3625
abc,247.5
abc,262.86
abc,164.28
abc,383.22
abc,81.2
abc,136.5
abc,152.688
abc,274.68
abc,120.66
abc,73.52
abc,226.4
abc,193.872
abc,86.4
abc,62.64
abc,227.61
abc,283.14
abc,399.52
abc,145.95
abc,98.88
abc,229.2
abc,104.97
abc,292.176
abc,259.605
abc,373.194
abc,407.862
abc,192.16
abc,405.64
abc,164.88
abc,70.98
abc,243
abc,81.69
abc,199.344
abc,105.6
abc,98.8875
abc,95.648
abc,125.976
abc,107.1
abc,420.81732
abc,79.506
abc,135.99
abc,556.3
abc,234.2
abc,55.62
abc,328.698
abc,122.12
abc,145.356
abc,170.92
abc,268.32
abc,87.84
abc,211.293
abc,110.376
abc,445.6
abc,262.956
abc,131.4876
abc,99.954
abc,128.058
abc,58.83
abc,283.14
abc,45.75
abc,58.05
abc,258.72
abc,78.327
abc,104.112
abc,143.7
abc,329.988
abc,108
abc,173.17296
abc,211.89
abc,132.288
abc,193.158
abc,163.136
abc,195.64
abc,152.04
abc,97.74
abc,131.74
abc,73.152
abc,246.3
abc,286.008
abc,247.212
abc,108.3393
abc,321.552
abc,246.21
abc,301.77
abc,369.468
abc,116.544
abc,193.18
abc,192.78
abc,155.34
abc,388.62
abc,243.54
abc,138.693
abc,188.192
abc,296.55
abc,241.488
abc,724.8
abc,80.64
abc,177.69
abc,200.16
abc,210.24
abc,196.8
abc,51.63
abc,141.4
abc,191.31
abc,163.968
abc,183.6
abc,333.48
abc,254.94
abc,109.152
abc,183.951
abc,89.76
abc,170.1168
abc,161.352
abc,249.84
abc,129.12
abc,126.75
abc,138.51
abc,254.34
abc,262.872
abc,214.7
abc,298.62
abc,230.04
abc,164.32
abc,166.12
abc,127.1
abc,186.69
abc,119.5425
abc,97.68
abc,170.64
abc,290.1
abc,220.644
abc,70.448
abc,132.48
abc,289.32
abc,201.5775
abc,118.44
abc,247.44
abc,456.42948
abc,126.88
abc,145.544
abc,147.582
abc,314.22
abc,170.04
abc,111.72
abc,147.63
abc,129.1224
abc,264.9942
abc,146.88
abc,371.97
abc,75.96
abc,297.09
abc,110.12
abc,146.064
abc,148.014
abc,149.526
abc,184.0902
abc,145.728
abc,84.96
abc,201.96
abc,487.2285
abc,48.789
abc,90.96
abc,92.94
abc,172.186
abc,210.84
abc,174.66
abc,44.1
abc,321.636
abc,72
abc,195.184
abc,193.8
abc,138.48
abc,132.336
abc,174.42
abc,302.376
abc,124.32
abc,319.842
abc,136.404
abc,53.952
abc,332.94
abc,187.92
abc,95.712
abc,182.214
abc,120.288
abc,324.06
abc,56.448
abc,125.4045
abc,173.46
abc,211.68
abc,94.992
abc,223.056
abc,184.76
abc,83.4
abc,92.556
abc,269.22
abc,241.65
abc,279.9
abc,97.2
abc,235.32
abc,250.72
abc,158.58
abc,79.29
abc,245.052
abc,166.68
abc,72.09
abc,156.792
abc,228.36
abc,238.448
abc,153.52452
abc,373.896
abc,148.5
abc,238.464
abc,492.12
abc,52.92
abc,258.96
abc,513.45104
abc,688.73976
abc,228.6
abc,287.1
abc,254.16
abc,182.94
abc,98.04
abc,102.84
abc,165.9
abc,297.84
abc,261.24
abc,191.88
abc,416.64
abc,192.1284
abc,191.28
abc,123.543
abc,124.92
abc,338.7
abc,212.94
abc,676.55
abc,310.24
abc,333.66
abc,148.014
abc,373.248
abc,261.78
abc,178.884
abc,77.88
abc,210.58
abc,105.84
abc,134.16
abc,497.64
abc,132.03
abc,197.58
abc,85.92
abc,94.86
abc,357.102
abc,88.44
abc,160.992
abc,495.42
abc,101.4
abc,254.85
abc,120.712
abc,252
abc,307.92
abc,196.776
abc,197.94
abc,260.793
abc,96.78
abc,190.269
abc,172.08
abc,273.915
abc,418.7682
abc,191.88
abc,435.99
abc,279.72
abc,274.32
abc,136.701
abc,155.456
abc,272.28
abc,71.928
abc,228.24
abc,263.31
abc,318.2
abc,154.98
abc,148.32
abc,293.88
abc,52.98
abc,711.84
abc,212.22
abc,157.464
abc,73.44
abc,86.4
abc,160.416
abc,171.99
abc,70.308
abc,55.8
abc,207.36
abc,195.84
abc,138.105
abc,71.118
abc,193.41
abc,119.52
abc,154.413
abc,244.35
abc,108.24
abc,316
abc,209.7
abc,262.86
abc,110.48
abc,272.16
abc,89.127
abc,140.664
abc,244.74
abc,131.64
abc,177.3
abc,131.6
abc,284.37012
abc,55.296
abc,773.865
abc,153.09
abc,283.92
abc,217.44
abc,227.1
abc,162.54
abc,182.898
abc,339.6
abc,180.96
abc,287.91
abc,73.2
abc,60.24
abc,87.12
abc,799.83
abc,169.4445
abc,123.92
abc,189.44
abc,181.44
abc,124.7424
abc,125.685
abc,95.1
abc,198.432
abc,215.856
abc,128.88
abc,196.92
abc,1248.912
abc,47.6
abc,179.442
abc,227.853
abc,153.81
abc,110.5062
abc,635.6262
abc,159.894
abc,568.332
abc,257.094
abc,461.106
abc,142.803
abc,299.1
abc,196.98
abc,515.7
abc,124.32
abc,194.8
abc,678.592
abc,117.66
abc,204.63
abc,182.4048
abc,239.97
abc,168.12
abc,172.08
abc,251.0676
abc,90.981
abc,159.84
abc,211.2
abc,88.06
abc,69.84
abc,227.4315
abc,549.54
abc,116.832
abc,166.89
abc,237.072
abc,216.99
abc,315.36
abc,213.84
abc,138.4
abc,207.36
abc,157.86
abc,288.192
abc,254.88
abc,232.65
abc,243.992
abc,344.91
abc,95.16
abc,206.01
abc,119.88
abc,160.2
abc,248.82
abc,801.6
abc,550.144
abc,264.816
abc,111.96
abc,203.952
abc,209.508
abc,245.04
abc,493.2
abc,64.242
abc,336.96
abc,232.203
abc,96.66
abc,81.99
abc,166.83
abc,286.092
abc,241.2774
abc,185.376
abc,165.312
abc,181.536
abc,273.24
abc,379.47
abc,145.35
abc,254.934
abc,220.064
abc,321.87496
abc,246.12
abc,437.481
abc,281.34
abc,149.97
abc,71.76
abc,382.806
abc,241.8
abc,246.12
abc,102.9
abc,283.26
abc,169.5
abc,117.072
abc,206.976
abc,73.2
abc,264.303
abc,144.6
abc,177.48
abc,323.1
abc,230.28
abc,95.2
abc,99.792
abc,153.27
abc,118.8
abc,352.98
abc,244.55
abc,896.99
abc,124.26
abc,203.52
abc,422.352
abc,305.472
abc,207.84
abc,113.76
abc,49.104
abc,222.855
abc,206.9535
abc,145.98
abc,383.976
abc,121.5
abc,170.92
abc,267.392
abc,344.547
abc,130.56
abc,112.35
abc,287.968
abc,131.94
abc,258.75
abc,177.48
abc,275.88
abc,136.95
abc,116.235
abc,132.921
abc,246.21
abc,98.2
abc,193.158
abc,731.07
abc,197.76
abc,294.66
abc,164.88
abc,257.1
abc,295.05
abc,336
abc,251.01
abc,637.7
abc,107.94
abc,269.97
abc,524.28
abc,111.96
abc,322.2
abc,208.53
abc,317.88
abc,117.74
abc,89.04
abc,101.01
abc,125.944
abc,162.54
abc,103.86
abc,239.96
abc,151.632
abc,252.84
abc,93.18
abc,233.766
abc,457.11
abc,279.54
abc,191.85552
abc,96
abc,153.84
abc,200.44
abc,92.46
abc,87.156
abc,159.84
abc,222.36
abc,228.48
abc,84.132
abc,293.4
abc,109.104
abc,121.92
abc,98.808
abc,182.295
abc,166.92
abc,131.0058
abc,184.66
abc,176.22
abc,217.1
abc,355.5
abc,215.25
abc,612.825
abc,289.32
abc,121.44
abc,140.94
abc,132.972
abc,150.48
abc,251.91
abc,129.39
abc,69.28
abc,170.352
abc,196.92
abc,49.2
abc,124.14
abc,223.92
abc,182.72
abc,159.92
abc,281.97
abc,51.6
abc,390.72
abc,61.392
abc,166.536
abc,54.54
abc,72.784
abc,87.168
abc,239.358
abc,182.61
abc,237.504
abc,114.84
abc,64.08
abc,698.64
abc,172.89
abc,77.5
abc,146.22
abc,159
abc,58.32
abc,195.78
abc,554.16
abc,113.4
abc,198.504
abc,94.5
abc,259.4712
abc,215.01
abc,274.59
abc,309.987
abc,575.92
abc,133.2
abc,251.58
abc,238.08
abc,275.12
abc,292.64
abc,256.35
abc,145.584
abc,333.48
abc,367.56
abc,105.52
abc,101.76
abc,138.096
abc,179.48
abc,296.64
abc,160.866
abc,520.05
abc,113.568
abc,272.4
abc,891.12
abc,183.12
abc,166.1
abc,93.06
abc,120.87
abc,104.856
abc,298.68
abc,247.14
abc,188.16
abc,65.34
abc,8749.95
abc,53.4
abc,71.46
abc,267.3
abc,174.33
abc,231
abc,283.2
abc,156.624
abc,230.733
abc,231.97512
abc,51.21
abc,131.88
abc,381.78
abc,219.78
abc,199.98
abc,287.976
abc,276.858
abc,96.84
abc,148.344
abc,235.32
abc,188.472
abc,677.46
abc,293.64
abc,262.14
abc,252
abc,83.31
abc,101.76
abc,334.74
abc,202.6845
abc,322.59
abc,199.95
abc,194.016
abc,141.15
abc,227.28
abc,145.98
abc,208.16
abc,322.44
abc,172.8
abc,115.92
abc,174.06
abc,109.92
abc,345.303
abc,200.79
abc,133.596
abc,226.24
abc,65.88
abc,136.736
abc,233.86
abc,97.224
abc,67.815
abc,427.14
abc,311.98
abc,184.66
abc,166.92
abc,188.84
abc,99.48
abc,63.3297
abc,45.45
abc,288.54
abc,489.81
abc,146.76
abc,147.712
abc,89.52
abc,84.6
abc,298.68
abc,389.28
abc,71.91
abc,172.152
abc,83.42
abc,56.064
abc,50.4
abc,161.91
abc,311.688
abc,346.68
abc,117.96
abc,250.8
abc,220.08
abc,46.62
abc,266.49
abc,263.7
abc,250.8
abc,396.495
abc,535.41
abc,173.82
abc,124.26
abc,171.87
abc,89.46
abc,124.68
abc,476.3619
abc,269.46
abc,60.12
abc,344.91
abc,154.2
abc,204.15
abc,50.79
abc,89.472
abc,306.32
abc,102.312
abc,91.824
abc,50.97
abc,99.432
abc,47.01
abc,138.56
abc,168.78
abc,387.9825
abc,145.98
abc,187.98
abc,116.1
abc,162.84
abc,79.29
abc,90.7854
abc,171.51
abc,179.28
abc,98.568
abc,97.02
abc,167.751
abc,141.882
abc,508.4082
abc,138.672
abc,185.28
abc,333.66
abc,143.22
abc,136.584
abc,126.208
abc,96.64
abc,122.4
abc,43.56
abc,503.4
abc,301.5
abc,277.6
abc,90.855
abc,380.538
abc,89.568
abc,235.332
abc,50.4
abc,301.041
abc,235.6965
abc,366.87
abc,55.176
abc,104.85
abc,103.26
abc,162
abc,79.695
abc,173.124
abc,300.024
abc,101.64
abc,71.64
abc,49.12
abc,153.728
abc,195.5082
abc,313.488
abc,321.84
abc,279.72
abc,130.95
abc,364.9815
abc,160.704
abc,241.6008
abc,166.44
abc,100.14
abc,236.4
abc,91.04
abc,231
abc,176.88
abc,346.248
abc,197.72376
abc,712.2
abc,184.437
abc,145.5
abc,189.54
abc,304.32
abc,111.84
abc,144
abc,141.912
abc,234.864
abc,341.55552
abc,147.33
abc,287.94
abc,139.14
abc,119.568
abc,95.28
abc,260.28
abc,242.25
abc,61.02
abc,221.832
abc,414.72
abc,535.41
abc,137.79
abc,194.4
abc,244.98
abc,96.12
abc,496.044
abc,108.864
abc,251.64
abc,235.92
abc,169.68
abc,261.84
abc,393.96
abc,197.28
abc,89.01
abc,308.556
abc,90.828
abc,79.14
abc,204.18
abc,248.08284
abc,249.06
abc,272.28
abc,197.352
abc,131.904
abc,79.68
abc,122.04
abc,188.775
abc,224.748
abc,333.66
abc,128.9
abc,256.17
abc,202.92
abc,494.1
abc,217.4
abc,127.008
abc,106.95
abc,211.716
abc,83.691
abc,248.937
abc,106.8
abc,218.376
abc,479.97
abc,326.18632
abc,124.26
abc,338.94
abc,348.687
abc,382.41
abc,210.6
abc,142.9758
abc,207
abc,61.392
abc,565.8
abc,88.074
abc,83.64
abc,244.14
abc,166.12
abc,283.32
abc,267.57
abc,111.96
abc,137.94
abc,268.848
abc,72.2178
abc,291.168
abc,159.98
abc,166.68
abc,108.56
abc,300.09996
abc,133.2
abc,107.595
abc,56.943
abc,205.666
abc,169.5
abc,177.876
abc,310.14
abc,61.44
abc,166.24
abc,279.96
abc,138.6
abc,104.166
abc,221.346
abc,100.92
abc,162.18
abc,102.84
abc,92.592
abc,119.763
abc,206.658
abc,163.96
abc,109.52
abc,309.555
abc,109.8
abc,162.4476
abc,551.4
abc,47.04
abc,408.006
abc,291.96
abc,209.97
abc,219.78
abc,165.24
abc,110.856
abc,124.32
abc,353.22
abc,235.0755
abc,158.6025
abc,219.9
abc,83.82
abc,498.24
abc,98.88
abc,181.62
abc,169.128
abc,143.0754
abc,368.532
abc,230.016
abc,142.848
abc,341.52
abc,169.236
abc,63.99
abc,339.48
abc,228.78
abc,86.4174
abc,222.56
abc,383.04
abc,105.088
abc,220.0905
abc,91.92
abc,132.336
abc,87.96
abc,151.56
abc,147
abc,117.36
abc,104.712
abc,169.68
abc,338.1
abc,181.35
abc,150.84
abc,346.92
abc,102.576
abc,203.98
abc,59.58
abc,221.76
abc,197.856
abc,123.93
abc,76.368
abc,118.88
abc,457.7
abc,67.92
abc,158.22
abc,177.768
abc,168.464
abc,413.1
abc,195.72
abc,84
abc,255.744
abc,325.68
abc,170.352
abc,267.072
abc,61.92
abc,243.78
abc,285.66
abc,251.64
abc,118.584
abc,113.52
abc,56.76
abc,111.96
abc,68.448
abc,88.74
abc,423.24
abc,119.85
abc,132.6
abc,129.92
abc,227.96
abc,150.255
abc,181.0977
abc,231.48
abc,161.22
abc,156.18456
abc,246.9
abc,78.84
abc,380.64
abc,136.5
abc,342.624
abc,165.6
abc,190.344
abc,125.5
abc,99
abc,262.602
abc,166.0815
abc,80.46
abc,205.74
abc,55.032
abc,199.584
abc,388.773
abc,182.08
abc,396.9
abc,92.5
abc,165.96
abc,136.1781
abc,265.93
abc,395
abc,48.58
abc,255.78
abc,328.14
abc,144.06
abc,189
abc,132.912
abc,692.03316
abc,264.384
abc,58.464
abc,207.36
abc,239.04
abc,119.94
abc,58.44
abc,53.7
abc,131.76
abc,205.8
abc,49.44
abc,131.84
abc,407.04
abc,390.72
abc,231.12
abc,184.68
abc,306.2
abc,62.496
abc,247.02
abc,171.84
abc,350.07
abc,254.9745
abc,299.16
abc,124.29
abc,47.61
abc,103.88
abc,378.6
abc,179.46
abc,221.4
abc,139.86
abc,203.52
abc,229.392
abc,259.248
abc,99.66
abc,200.16
abc,89.1918
abc,133.5
abc,172.11
abc,105.84
abc,285.36
abc,205.1
abc,96.012
abc,75.195
abc,168.21
abc,216.96
abc,189.63
abc,155.925
abc,222.66
abc,242.55
abc,841.568
abc,125.22
abc,210.12
abc,52.74
abc,205.6
abc,87.16
abc,145.68
abc,64.08
abc,106.8
abc,176.6808
abc,196.776
abc,211.168
abc,103.26
abc,86.94
abc,195.648
abc,153.81
abc,79.12
abc,142.8
abc,135.297
abc,264.384
abc,268.596
abc,190.92
abc,304.74
abc,88.74
abc,88.3722
abc,114.156
abc,189.95
abc,224.82
abc,53.82
abc,379.809
abc,137.34
abc,73.536
abc,241.488
abc,46.53
abc,199.26
abc,350.98
abc,85.71
abc,136.68
abc,168.18
abc,193.68
abc,109.92
abc,206.4
abc,84.3
abc,306.774
abc,133.02
abc,375.76
abc,96.42
abc,159.6
abc,429.32
abc,281.52
abc,69.066
abc,332.704
abc,244.98
abc,415.62
abc,121.5
abc,81.48
abc,275.616
abc,181.26
abc,111.84
abc,88.53
abc,214.92
abc,482.328
abc,163.5
abc,404.94
abc,47.1
abc,89.46
abc,268.65
abc,610.35
abc,146.34
abc,391.22748
abc,244.98
abc,148.17
abc,339.48
abc,226.56
abc,109.2
abc,163.32
abc,64.96
abc,345.384
abc,246.48
abc,359.64
abc,72.09
abc,195.104
abc,114.84
abc,101.94
abc,175.44
abc,118.65
abc,78.312
abc,239.97
abc,44.67
abc,40.98
abc,231.97512
abc,246.6
abc,95.55
abc,333.84
abc,177.66
abc,212.49
abc,203.58
abc,218.76
abc,401.94
abc,121.52
abc,208.44
abc,57.6
abc,89.04
abc,121.584
abc,263.67
abc,438.27
abc,145.26
abc,133.29
abc,306.24
abc,219.96
abc,147.888
abc,248.5
abc,249
abc,166.5
abc,242.94
abc,85.5
abc,279.72
abc,369.72
abc,165.8
abc,204.876
abc,332.748
abc,256.392
abc,92.934
abc,232.4133
abc,142.884
abc,365.52
abc,194.292
abc,47.1
abc,101.6
abc,41.64
abc,232.44
abc,37.98
abc,103.425
abc,209.1
abc,191.976
abc,194.352
abc,153.192
abc,130.104
abc,91.44
abc,556.632
abc,139.86
abc,284.55
abc,357.36
abc,293.16
abc,347.58
abc,66.9
abc,84.375
abc,57.75
abc,198.744
abc,559.68
abc,181.8
abc,158.76
abc,42.66
abc,169.6188
abc,255.45
abc,57.87
abc,199.68
abc,180.6
abc,257.688
abc,155.763
abc,61.38
abc,201.584
abc,175.26
abc,205.8
abc,153.36
abc,72
abc,713.79
abc,106.56
abc,286.47
abc,213.552
abc,217.6
abc,190.98
abc,100.49
abc,124.836
abc,244.8
abc,170.46
abc,451.8
abc,167.37
abc,251.79
abc,123.36
abc,396.9
abc,231.984
abc,97.578
abc,165.24
abc,113.79
abc,185.28
abc,206.685
abc,103.68
abc,91.53
abc,107.184
abc,215.424
abc,290.85
abc,143.127
abc,86.94
abc,213.228
abc,171.55
abc,245.94
abc,186.96
abc,65.3013
abc,150.894
abc,166.6557
abc,146.82
abc,326.18632
abc,8187.65
abc,167.34
abc,171.96
abc,139.44
abc,106.92
abc,166.12
abc,168.21
abc,50.4
abc,344.94
abc,96.96
abc,88.86
abc,274.8
abc,222.64
abc,244.48
abc,150.6
abc,248.85
abc,409.95
abc,218.16
abc,110.916
abc,218.52
abc,170.73
abc,284.634
abc,141.48
abc,225.396
abc,270.96
abc,82.16
abc,245.94
abc,241.5
abc,84.51
abc,142.56
abc,256.932
abc,270.62
abc,89.82
abc,284.16
abc,186
abc,240.57
abc,68.94
abc,336.528
abc,253.53
abc,227.82
abc,132.256
abc,562.68
abc,69.04
abc,64.08
abc,155.7528
abc,203.184
abc,170.28
abc,232.62
abc,348.66
abc,471.92
abc,57.39
abc,197.1
abc,195.1884
abc,75.792
abc,321.858
abc,206.64
abc,123.552
abc,204.54
abc,188.84
abc,222.52
abc,97.89
abc,161.94
abc,108.864
abc,264.276
abc,465.16
abc,99
abc,183.735
abc,338.04
abc,211.69576
abc,190.54
abc,79.76
abc,173.94
abc,94.815
abc,257.25
abc,245.673
abc,108.24
abc,171.99
abc,156.06
abc,97.44
abc,180.096
abc,456.654
abc,62.4
abc,129.92
abc,945.036
abc,195.136
abc,264.6
abc,129.76
abc,124.32
abc,78.9828
abc,102.54
abc,271.3554
abc,106.56
abc,97.86
abc,163.56
abc,389.52
abc,84.66
abc,78
abc,173.68
abc,237.75
abc,191.34
abc,146.52
abc,239.976
abc,146.16
abc,178.32
abc,92.43
abc,317.952
abc,172.704
abc,217.98
abc,81.84
abc,346.74
abc,654.102
abc,203.31
abc,191.968
abc,178.32
abc,133.14
abc,79.9
abc,348.36
abc,80.1
abc,298.7325
abc,204.21
abc,58.23
abc,48.42
abc,227.4
abc,163.98
abc,223.12
abc,341.72
abc,202.8
abc,236.1
abc,368.97
abc,76.26
abc,121.32
abc,165.38856
abc,38.736
abc,82.89
abc,155.52
abc,80.82
abc,52.704
abc,103.5
abc,66.96
abc,444.96
abc,279.21
abc,116.937
abc,140.4
abc,137.2986
abc,310.12
abc,268.32
abc,86.265
abc,104.4
abc,245.673
abc,119.718
abc,215.55
abc,219.168
abc,266.61
abc,149.6
abc,259.74
abc,383.616
abc,239.76
abc,167.751
abc,126.51
abc,204.63
abc,147.15
abc,201.816
abc,129.438
abc,132.87
abc,169.2
abc,165.8
abc,308.22
abc,149.58
abc,416.664
abc,116.1
abc,347.88
abc,275.928
abc,57.584
abc,71.976
abc,332.028
abc,170.88
abc,213.12
abc,166.71
abc,520.5
abc,97.86
abc,223.68
abc,314.55
abc,173.796
abc,382.32
abc,59.25
abc,493.68
abc,191.61
abc,87.8316
abc,248.58
abc,291.1
abc,182.88
abc,245.13
abc,99.54
abc,119.96
abc,124.53
abc,345.597
abc,124.86
abc,247.212
abc,99.48
abc,106.8
abc,134.514
abc,50.94
abc,271.44
abc,161
abc,286.9204
abc,273.12
abc,155.34
abc,151.83
abc,229.544
abc,221.382
abc,295.92
abc,127.467
abc,161.64
abc,231.39
abc,86.4
abc,100.1925
abc,120.825
abc,146.88
abc,118.8
abc,274.8
abc,84.978
abc,295.65
abc,224.82
abc,100.02
abc,183.6
abc,483.462
abc,370.251
abc,50.94
abc,255.84
abc,100.26
abc,190.8
abc,184.14
abc,116.3
abc,59.4
abc,123.24
abc,89.88
abc,263.92
abc,333.48
abc,217.2
abc,125.46
abc,127.44
abc,169.092
abc,143.64
abc,267.96
abc,56.88
abc,132.72
abc,412.2
abc,200.64
abc,136.935
abc,85.5
abc,141.9
abc,323.595
abc,257.25
abc,31.68
abc,152.28
abc,119.55
abc,231.6
abc,463.077
abc,69.0945
abc,188.7
abc,327.96
abc,248.52
abc,137.16
abc,56.3
abc,185.76
abc,88.56
abc,160.65
abc,115.2
abc,122.22
abc,84.9
abc,178.02
abc,387.99
abc,271.0155
abc,357.93
abc,100.68
abc,291.56
abc,369.84
abc,163.656
abc,129
abc,328.266
abc,143.16
abc,145.5
abc,1171.97136
abc,242.512
abc,155.8
abc,213.57
abc,178.605
abc,63.84
abc,294.93
abc,99.2
abc,110.9776
abc,355.32
abc,230.13
abc,206.112
abc,289.568
abc,247.98
abc,186.9
abc,166.74
abc,159.3
abc,60.864
abc,206.991
abc,117.488
abc,74.352
abc,63.48
abc,97.632
abc,214.11
abc,182.94
abc,211.68
abc,107.46
abc,159.066
abc,56.736
abc,117
abc,152.19
abc,92.304
abc,114.81
abc,156.492
abc,218.025
abc,72.72
abc,139.34676
abc,226.8
abc,303.3
abc,154.26
abc,219.96
abc,298.464
abc,150.6
abc,95.94
abc,191.646
abc,111.98
abc,141.63
abc,146.475
abc,286.32
abc,253.95
abc,255.564
abc,117.6
abc,197.92
abc,80.1
abc,274.5
abc,239.28
abc,298.56
abc,241.488
abc,53.01
abc,98.88
abc,264.672
abc,126.96
abc,84.84
abc,146.6
abc,285.20844
abc,360
abc,124.56
abc,116.64
abc,62.12
abc,170.73
abc,325.8
abc,187.83
abc,172.53
abc,191.205
abc,118.8
abc,132.88
abc,315.36
abc,152.28
abc,973.12
abc,106.5
abc,47.984
abc,105.98
abc,134.61
abc,678.72
abc,211.65
abc,143.97
abc,206.26
abc,297.84
abc,242.04
abc,191.96
abc,89.696
abc,148.68
abc,444.88
abc,171.828
abc,237.75
abc,205.6491
abc,266.25
abc,112.49576
abc,377.6
abc,186.36
abc,176.4
abc,201.816
abc,113.568
abc,50.784
abc,143.52
abc,112.563
abc,103.968
abc,273.666
abc,476.208
abc,286.8
abc,176.144
abc,119.5
abc,71.94
abc,119.64
abc,94.5
abc,134.298
abc,146.34
abc,164.07
abc,113.2452
abc,302.616
abc,243.18
abc,295.8
abc,182.07
abc,81.69
abc,258.9
abc,83.7
abc,166.56
abc,237.72
abc,90.801
abc,225.296
abc,89.73
abc,262.14
abc,138
abc,290.7
abc,210.392
abc,125.88
abc,71.96
abc,59.94
abc,163.32
abc,94.08
abc,62.34
abc,132.87
abc,63.84
abc,135.96
abc,286.008
abc,137.8962
abc,110.98
abc,68.541
abc,258.75
abc,211.65
abc,54.544
abc,169.956
abc,208.95
abc,253.692
abc,135.72
abc,185.58
abc,67.36
abc,297.96
abc,248.85
abc,311.07
abc,286.92
abc,142.074
abc,329.4
abc,97.02
abc,59.92
abc,223.2
abc,43.344
abc,250.68
abc,338.352
abc,212.22
abc,242.046
abc,196.65
abc,298.62
abc,307.98
abc,136.14
abc,98.88
abc,56.28
abc,77.28
abc,163.92
abc,145.071
abc,329.103
abc,252.6
abc,139.5
abc,145.89
abc,96.84
abc,120.6
abc,54.552
abc,153
abc,162.18
abc,111.06
abc,168.8625
abc,129.06
abc,132.15
abc,206.962
abc,201.432
abc,180.12
abc,248.82
abc,258.90312
abc,72.9
abc,333.36
abc,107.325
abc,63.992
abc,190.32
abc,126.45
abc,253.8
abc,264.18
abc,195.72
abc,170.04
abc,210.64
abc,61.84
abc,424.2
abc,312.21
abc,127.71
abc,458.298
abc,323.982
abc,150.408
abc,191.28
abc,53.16
abc,272.52
abc,164.724
abc,224.289
abc,62.64
abc,163.62
abc,240.3306
abc,207.846
abc,43.8
abc,318.08
abc,164.48
abc,128.484
abc,150.66
abc,63.24
abc,173.5
abc,112.32
abc,107.94
abc,100.56
abc,101.46
abc,442.8
abc,123.12
abc,180
abc,112.648
abc,436.4
abc,175.24
abc,181.26
abc,164.88
abc,106.32
abc,167.16
abc,107.424
abc,109.38
abc,254.16
abc,268.32
abc,205.9038
abc,59.94
abc,62.592
abc,191.8
abc,180.12
abc,56.58
abc,107.55
abc,191.73
abc,101.97
abc,326.97
abc,129.98
abc,97.32
abc,498.528
abc,205.578
abc,163.98
abc,158.76
abc,187.056
abc,54.66
abc,249.57
abc,119.08
abc,128.25
abc,117
abc,333.84
abc,46.44
abc,158.8845
abc,124.14
abc,134.496
abc,146.22
abc,196.032
abc,109.64
abc,370.4
abc,70.2
abc,212.445
abc,573.728
abc,199.304
abc,218.844
abc,86.592
abc,311.62
abc,104.1
abc,130.944
abc,245.7
abc,95.718
abc,90.48
abc,54.696
abc,232.62
abc,124.44
abc,210
abc,67.86
abc,269.98
abc,411.75
abc,165.96
abc,170.9
abc,220.59
abc,155.85
abc,173.34
abc,104.6925
abc,155.82
abc,368.97
abc,165.6
abc,74.49
abc,86.688
abc,53.4
abc,80.04
abc,280.665
abc,113.916
abc,162.864
abc,97.776
abc,122.97
abc,70.2
abc,287.78328
abc,784.74
abc,113.64
abc,222.36
abc,118.71
abc,167.832
abc,178.119
abc,351.75
abc,257.256
abc,194.34
abc,119.94
abc,64.08
abc,95.04
abc,87.504
abc,146.988
abc,239.733
abc,126.6912
abc,117.288
abc,228.75
abc,307.666
abc,192.36
abc,201.36
abc,137.16
abc,132.52
abc,107.04
abc,56.46
abc,64.44
abc,111.12
abc,74.88
abc,117.234
abc,180.12
abc,176.22
abc,60.6
abc,173.6
abc,297.84
abc,126.27
abc,113.1975
abc,286.344
abc,726.78
abc,128.43
abc,127.08
abc,54.96
abc,219.6
abc,203.52
abc,57.645
abc,488.646
abc,115.74
abc,171.36
abc,103.302
abc,373.896
abc,181.92
abc,599.97
abc,71.076
abc,68.076
abc,159.12
abc,896.025
abc,248.274
abc,103.56
abc,398.16
abc,380.916
abc,126.64
abc,114.3
abc,76.08
abc,85.52
abc,161.96
abc,81.92
abc,94.068
abc,774.18
abc,343.656
abc,108.24
abc,52.2
abc,109.6845
abc,144.096
abc,194.76
abc,568.32
abc,99.54
abc,260.82
abc,156.744
abc,258.39
abc,272.4
abc,136.584
abc,83.56
abc,105.48
abc,164.52
abc,233.7
abc,100.62
abc,89.358
abc,109.6305
abc,158.28
abc,127.2
abc,53.64
abc,187.5735
abc,372.144
abc,197.1
abc,40.416
abc,127.47
abc,103.56
abc,197.28
abc,85.644
abc,258.426
abc,149.931
abc,314.352
abc,148.5
abc,90.24
abc,311.04
abc,207.45
abc,99.036
abc,318.276
abc,87.21
abc,177.2
abc,50.4
abc,147.9
abc,270.96
abc,164.46
abc,91.84
abc,163.56
abc,124.68
abc,100.08
abc,122.58
abc,62.4
abc,160.704
abc,53.7
abc,236.88
abc,100.5039
abc,47.82
abc,90.3
abc,90.48
abc,116.85
abc,437.67
abc,64.68
abc,129.56
abc,55.26
abc,235.2
abc,97.2
abc,248.292
abc,63.96
abc,153.864
abc,104.02
abc,76.16
abc,382.806
abc,446.4
abc,218.025
abc,142.35
abc,164.88
abc,191.28
abc,343.85
abc,44.7
abc,147.94
abc,227.745
abc,128.628
abc,401.436
abc,280.7361
abc,389.691
abc,166.84
abc,61.44
abc,97.68
abc,49.62
abc,95.013
abc,189.96
abc,146.79
abc,73.95
abc,41.958
abc,220.2
abc,258.696
abc,80.3
abc,146.73
abc,192.186
abc,207.984
abc,42.24
abc,183
abc,185.568
abc,87.04
abc,107.4
abc,249.584
abc,196.98
abc,218.4
abc,138.51
abc,77.025
abc,182.214
abc,47.844
abc,134.55
abc,149.04
abc,71.372
abc,71.976
abc,303.96
abc,316.2
abc,156.249
abc,109.74
abc,302.454
abc,310.0797
abc,189.72
abc,68.28
abc,98.388
abc,180.792
abc,258.48
abc,211.04
abc,140.67
abc,52.104
abc,168.81
abc,157.68
abc,338.31
abc,91.5
abc,149.4
abc,201.7647
abc,118.0629
abc,51.354
abc,70.44
abc,107.28
abc,206.43
abc,204.6
abc,219.84
abc,141.57
abc,378.45
abc,385.02
abc,114.66
abc,87.84
abc,333
abc,149.22
abc,341.94
abc,437.94
abc,112.509
abc,61.02
abc,135.84
abc,163.908
abc,256.72552
abc,111.888
abc,180.12
abc,330.399
abc,195.64
abc,140.6
abc,288.3556
abc,59.24
abc,134.48
abc,195.466
abc,41.904
abc,226.56
abc,184.8
abc,246.3
abc,99.0522
abc,150.012
abc,257.98
abc,599.99
abc,93.15
abc,78.288
abc,270.144
abc,157.12
abc,165.8
abc,212.8
abc,132.52
abc,146.22
abc,166.89
abc,301.77
abc,50.76
abc,190.88
abc,58.3
abc,164
abc,99.696
abc,246.3
abc,771.336
abc,242.109
abc,83.168
abc,220.08
abc,231.92
abc,180.64
abc,216
abc,125.865
abc,123.7032
abc,146.04
abc,113.4
abc,551.76
abc,137.016
abc,284.37012
abc,69.04
abc,220.8045
abc,243.54
abc,79.59
abc,416.058
abc,773.28
abc,159.12
abc,55.32
abc,102.9
abc,290.142
abc,188.895
abc,153.6
abc,194.0625
abc,239.97
abc,61.68
abc,101.58
abc,246.48
abc,174.465
abc,103.2
abc,43.5
abc,199.98
abc,145.8
abc,112.92
abc,266.688
abc,130.458
abc,98.352
abc,99.87
abc,198
abc,192.84
abc,102.84
abc,160.956
abc,135.45
abc,99.252
abc,262.95
abc,257.04
abc,121.419
abc,128.7
abc,66.36
abc,757.755
abc,231.255
abc,162.89
abc,113.04
abc,137.88
abc,223.12
abc,285.7
abc,46.92
abc,230.256
abc,130.44
abc,293.199
abc,172.736
abc,103.572
abc,154.48
abc,63.792
abc,98.04
abc,171.42
abc,143.7
abc,119.98
abc,168.6
abc,154.143
abc,207.12
abc,319.83
abc,71.208
abc,422.9775
abc,329.28
abc,52.83
abc,239.7
abc,186.144
abc,101.4
abc,98.96
abc,393.84
abc,600.3
abc,121.792
abc,144.42
abc,122.37
abc,176.88
abc,271.92
abc,88.032
abc,145.557
abc,109.98
abc,182.24
abc,113.16
abc,199.12
abc,127.116
abc,318.96
abc,61.47
abc,252.585
abc,209.175
abc,134.595
abc,105.552
abc,174.0585
abc,484.704
abc,241.68
abc,446.658
abc,168.96
abc,115.296
abc,198.72
abc,116.31
abc,137.856
abc,103.68
abc,62.7
abc,209.736
abc,229.176
abc,113.1
abc,114.192
abc,719.88
abc,204.408
abc,107.28
abc,96.768
abc,82.296
abc,337.104
abc,228.6
abc,81.162
abc,98.592
abc,248.64
abc,120.784
abc,278.304
abc,224.4
abc,144.342
abc,272.79
abc,242.352
abc,135.744
abc,44.08
abc,145.8
abc,359.1
abc,215.64
abc,83.43
abc,433.92
abc,198.45
abc,198.42
abc,129.68
abc,187.54416
abc,196.1
abc,47.92
abc,268.164
abc,73.53
abc,98.88
abc,219.33
abc,292.272
abc,45.36
abc,148.224
abc,131.64
abc,157.23
abc,138.3
abc,115.68
abc,83.92
abc,138.429
abc,111
abc,256.8
abc,185.88
abc,394.56
abc,97.656
abc,97.02
abc,347
abc,142.464
abc,291.42
abc,264.9
abc,158.848
abc,370.737
abc,543.3507
abc,212.355
abc,141.9
abc,166.92
abc,114.96
abc,43.56
abc,278.88
abc,142.848
abc,325.8
abc,157.95
abc,160.2
abc,80.58
abc,154.26
abc,136.65
abc,131.274
abc,193.32
abc,130.815
abc,60.48
abc,290.666
abc,469.95
abc,82.5
abc,165.24
abc,58.02
abc,173.2
abc,85.44
abc,53.136
abc,74.352
abc,139.92
abc,231.72
abc,207.81
abc,239.28
abc,89.55
abc,158.1
abc,295.95
abc,123.256
abc,159.984
abc,158.9
abc,217.32
abc,193.245
abc,149.9
abc,164.7
abc,170.92
abc,133.2
abc,78.3
abc,341.46
abc,71.361
abc,51.96
abc,124.056
abc,87.9
abc,118.782
abc,255.968
abc,90.64
abc,229.2
abc,197.92
abc,194.8
abc,240.16
abc,738.63
abc,67.284
abc,166.16
abc,509.88
abc,230.48
abc,47.52
abc,203.22
abc,62.4
abc,77.1
abc,117.6
abc,207.35004
abc,134.72
abc,85.32
abc,181.3266
abc,283.2
abc,209.16
abc,163.38
abc,195.72
abc,65.22
abc,198.96
abc,207.12
abc,82.56
abc,58.104
abc,342.54
abc,49.95
abc,191.1
abc,151.2
abc,124.32
abc,61.12
abc,128.385
abc,170.91
abc,206.685
abc,75.9
abc,104.004
abc,241.056
abc,173.24
abc,239.04
abc,100.26
abc,101.52
abc,139.152
abc,276.15
abc,113.7
abc,148.56
abc,245.862
abc,146.7
abc,89.97
abc,40.608
abc,50.8
abc,209.76
abc,177.98
abc,359.98
abc,199.08
abc,156.64
abc,189.72
abc,175.68
abc,50.7
abc,123.48
abc,256.784
abc,195.12
abc,136.38
abc,64.5
abc,133.11
abc,268.32
abc,183.8
abc,312.6555
abc,73.71
abc,305.532
abc,80.98
abc,70.686
abc,134.376
abc,123.57
abc,225
abc,111.72
abc,189.58008
abc,124.32
abc,123.84
abc,210.36
abc,275.4198
abc,245.16
abc,226.92
abc,304.248
abc,133.2
abc,226.32
abc,103.224
abc,142.89
abc,96.6
abc,113.169
abc,647.595
abc,165.375
abc,110.7702
abc,183.2475
abc,110.7
abc,137.62
abc,178.11
abc,110.3103
abc,137.136
abc,158.9
abc,362.4
abc,109.8
abc,124.86
abc,148.59
abc,87.06
abc,110.96
abc,99.672
abc,140.232
abc,177.888
abc,248.94
abc,48.06
abc,85.14
abc,145.89
abc,127.47
abc,263.31
abc,170.96
abc,121.28
abc,137.88
abc,181.008
abc,243.33
abc,204.63
abc,244.48
abc,40.8
abc,345.24
abc,252.3
abc,125.4
abc,123.24
abc,111.888
abc,169.92
abc,88.02
abc,274.24
abc,381.76
abc,224.01
abc,193.32
abc,306.225
abc,73.782
abc,197.36448
abc,96
abc,161.59616
abc,149.49
abc,101.76
abc,79.78
abc,141.33
abc,192.0288
abc,340.144
abc,212.64
abc,79.96
abc,107.4
abc,258.75
abc,345.28
abc,107.4
abc,80.475
abc,106.65
abc,475.86
abc,170.208
abc,125.1
abc,217.4
abc,72.0606
abc,238.929
abc,134.0955
abc,239.976
abc,282.84
abc,60.96
abc,111.12
abc,57.36
abc,999.09
abc,111.51
abc,300.904
abc,197.76
abc,170.487
abc,271.88
abc,258.56184
abc,103.6
abc,304.384
abc,46.65
abc,121.59
abc,194.67
abc,180.96
abc,281.34
abc,171.288
abc,299.16
abc,2636.85
abc,178.68
abc,102.48
abc,95.256
abc,99.136
abc,375.34
abc,204.95
abc,144.66
abc,148.392
abc,239.4
abc,148.878
abc,223.38
abc,104.9
abc,79.5
abc,189.58008
abc,208.6
abc,83.88
abc,151.52
abc,68.6
abc,167.34
abc,99.5004
abc,141.4
abc,276.784
abc,247.71
abc,116.28
abc,120.84
abc,253.64768
abc,412.896
abc,265.26
abc,90.72
abc,186.93
abc,165.048
abc,266.22
abc,101.76
abc,72.252
abc,345.303
abc,141.48
abc,139.8
abc,126.948
abc,108.925
abc,28.4
abc,364.74
abc,78.288
abc,165.816
abc,192.807
abc,151.5
abc,131.76
abc,88.56
abc,291.36
abc,151.38
abc,204.768
abc,177.648
abc,194.34
abc,89.25
abc,62.805
abc,174.06
abc,255.76
abc,177.48
abc,140.67
abc,175.44
abc,47.58
abc,200.76
abc,228.744
abc,293.58
abc,120.96
abc,427.59
abc,231.525
abc,146.94
abc,143.432
abc,82.368
abc,74.24
abc,96.84
abc,161.28
abc,186.06
abc,237.6
abc,91.53
abc,80.88
abc,131.376
abc,234
abc,229.02204
abc,165
abc,199.9
abc,52.86
abc,246.402
abc,57.984
abc,59.28
abc,169.74
abc,566.4
abc,338.88
abc,71.84
abc,207.9
abc,139.0914
abc,134.64
abc,153.82952
abc,224.91
abc,291.654
abc,165.6516
abc,140.75
abc,107.976
abc,301.47
abc,98.04
abc,195.93
abc,127.968
abc,128.32284
abc,110.08
abc,130.26
abc,144.9678
abc,122.71
abc,244.006
abc,248.22
abc,171.09
abc,119.28
abc,267.36
abc,193.68
abc,207.36
abc,125.64
abc,206.4
abc,253.372
abc,60.12
abc,110.721
abc,209.76
abc,123.52
abc,150
abc,44.388
abc,170.072
abc,98.64
abc,120.08
abc,124.59
abc,220.44
abc,138.69
abc,93.87
abc,136.2
abc,102.5868
abc,185.58
abc,182.736
abc,273.06
abc,186.48
abc,107.1
abc,328.59
abc,160.2
abc,147.712
abc,195.6
abc,159.75
abc,327.24
abc,66.45
abc,207.33
abc,242.838
abc,88.44
abc,56.268
abc,227.04
abc,76.11
abc,191.205
abc,302.22
abc,127
abc,195.52816
abc,78.304
abc,523.92
abc,91.36
abc,58.83
abc,158.912
abc,129.132
abc,216
abc,66.528
abc,208.08
abc,241.44
abc,62.61
abc,387.09
abc,168.464
abc,185.13
abc,285.804
abc,287.136
abc,182.268
abc,168.3
abc,273.18
abc,74.64
abc,272.2
abc,143.475
abc,91.26
abc,117.5625
abc,181.989
abc,213.48
abc,190.848
abc,165.312
abc,35.7
abc,195
abc,88.965
abc,308.52
abc,70.44
abc,112.16
abc,173.376
abc,108.24
abc,196.884
abc,271.215
abc,96.9
abc,166.83
abc,352.86
abc,191.85
abc,204.66
abc,126.9
abc,191.96
abc,104.58
abc,315.252
abc,98.7471
abc,304.9
abc,98.28
abc,243.81
abc,83.97
abc,157.77
abc,85.9548
abc,433.3098
abc,470.376
abc,161.568
abc,160.98
abc,56.73
abc,182.61
abc,165.68
abc,238.272
abc,164.7
abc,204.6
abc,207.36
abc,192.87
abc,140.94
abc,176.268
abc,80.32
abc,95.904
abc,261.954
abc,80.28
abc,378.92064
abc,178.32
abc,195.84
abc,246.105
abc,166.176
abc,1401.84
abc,164.388
abc,166.44
abc,123.9
abc,207.846
abc,634.96752
abc,225.8025
abc,205.965
abc,152.76
abc,71.52
abc,158.912
abc,93.66
abc,55.908
abc,177.952
abc,151.5
abc,321.84
abc,275.502
abc,137.58
abc,67.96
abc,115.74
abc,245.04
abc,202.38
abc,287.24436
abc,204.96
abc,91.125
abc,314.1135
abc,175.4703
abc,139.68
abc,108.486
abc,484.596
abc,144.342
abc,100.008
abc,141.63
abc,136.74
abc,58.83
abc,146.72
abc,189.46032
abc,109.8
abc,220.185
abc,91.96
abc,192.128
abc,215.872
abc,45.12
abc,53.76
abc,250.614
abc,141.96
abc,307.666
abc,104.93
abc,738.288
abc,230.5
abc,192
abc,50.7
abc,138.672
abc,281.151
abc,128.43
abc,161.94
abc,136.152
abc,374.4
abc,198.64
abc,253.2924
abc,97.2
abc,109.1853
abc,92.82
abc,47.43
abc,274.62
abc,216.72
abc,63.68
abc,160.692
abc,90.9
abc,156.87
abc,101.1
abc,86.2
abc,153.6
abc,116.52
abc,243.33
abc,169.74
abc,102.09
abc,97.184
abc,74.052
abc,97.74
abc,192.528
abc,163.32
abc,403.785
abc,299.16
abc,182.37
abc,149.184
abc,90.63
abc,149.31
abc,203.52
abc,238.6503
abc,387.36
abc,59.94
abc,172.5
abc,198.272
abc,67.15
abc,180.12
abc,218.64
abc,221.76
abc,225.828
abc,198.42
abc,88.2
abc,88.965
abc,195.534
abc,247.716
abc,50.46
abc,174.06
abc,259.56
abc,134.7
abc,148.512
abc,101.96
abc,114.78
abc,147.45
abc,173.88
abc,180.96
abc,111.84
abc,224.82
abc,154.953
abc,262.11
abc,44.94
abc,318.03
abc,165.312
abc,173.94
abc,142.68
abc,109.12
abc,70.08
abc,86.4
abc,231.12
abc,215.46
abc,87.9504
abc,113.832
abc,384.5738
abc,56.064
abc,93.18
abc,78.57
abc,164.7135
abc,156.654
abc,116.28
abc,89.0664
abc,94.85
abc,432.16
abc,186.3
abc,114.84
abc,135.72
abc,312.552
abc,155.916
abc,106.56
abc,169.3
abc,46.152
abc,217.12
abc,170.55
abc,340.116
abc,272.048
abc,276.224
abc,77
abc,161.16
abc,220.482
abc,186.705
abc,84.45
abc,95.16
abc,409.26
abc,97.26
abc,70.65
abc,189.72
abc,90.9
abc,203.76
abc,99.09
abc,198.46
abc,242.94
abc,55.984
abc,265.86
abc,492.96
abc,144.42
abc,226.6
abc,209.01296
abc,57.12
abc,113.4
abc,161.04
abc,176.148
abc,186.84
abc,111.88
abc,101.85
abc,69.3
abc,100.65
abc,163.68
abc,99.98
abc,111.93
abc,187.56
abc,152.1
abc,200.984
abc,63.04
abc,93.84
abc,149.1
abc,105.18
abc,35.34
abc,70.56
abc,77.56
abc,123.21
abc,175.77
abc,449.3475
abc,154.278
abc,109.89
abc,173.94
abc,149.1
abc,53.472
abc,158.94
abc,60.9
abc,207.144
abc,54.54
abc,135.54
abc,93.3
abc,252.585
abc,104.22
abc,146.952
abc,385.86
abc,88.02
abc,106.2
abc,266.814
abc,59.88
abc,159.984
abc,81.27
abc,158.22
abc,170.92
abc,193.68
abc,111.84
abc,153.36
abc,190.08
abc,169.28
abc,174.312
abc,194.4
abc,126.18
abc,100.5
abc,232.875
abc,155.8989
abc,39.852
abc,139.032
abc,78.4188
abc,171.51
abc,269.28
abc,169.5
abc,44.28
abc,73.2
abc,265.5
abc,289.2
abc,182.07
abc,360.96
abc,303.66
abc,55.86
abc,172.044
abc,145.86
abc,169.74
abc,143.64
abc,234
abc,75.87
abc,64.12
abc,176.22
abc,144.096
abc,184.68
abc,167.832
abc,109.9485
abc,83.592
abc,397.74
abc,99.7326
abc,108.48
abc,1124.1
abc,118.8
abc,43.2
abc,168.93
abc,106.869
abc,76.32
abc,76.32
abc,62.46
abc,109.8
abc,57.96
abc,219.75
abc,171.045
abc,61.47
abc,129.033
abc,329.94
abc,111.738
abc,212.88
abc,314.088
abc,93.48
abc,132.48
abc,92.6
abc,204.57
abc,103.32
abc,213.975
abc,286.32
abc,119.799
abc,109.8054
abc,145.216
abc,130.44
abc,180.285
abc,582.912
abc,45.6
abc,231.97512
abc,187.38
abc,1234.56
abc,171.288
abc,388.704
abc,146.79
abc,49.728
abc,298.68
abc,245.04
abc,270.288
abc,145.76
abc,147.28
abc,65.37
abc,56.64
abc,265.26
abc,148.8
abc,362.733
abc,174.66
abc,184.92
abc,247.02
abc,153.40752
abc,101.808
abc,81.6
abc,231.39
abc,82.6182
abc,230.1033
abc,59.004
abc,114.46
abc,104.274
abc,107.82
abc,86.19
abc,126.72
abc,263.676
abc,125.79
abc,151.362
abc,111.96
abc,288.54
abc,63.315
abc,145.98
abc,105.84
abc,139.032
abc,129.12712
abc,96.02756
abc,126.819
abc,163.4436
abc,720.3348
abc,348.93
abc,94.71
abc,260.64
abc,177.568
abc,149.46
abc,108.51
abc,255.96
abc,54.12
abc,133.35
abc,62.34
abc,103.437
abc,352.59
abc,68.472
abc,94.8
abc,271.488
abc,285.89184
abc,184.86
abc,105.525
abc,204.975
abc,424.71
abc,213.115
abc,122.4
abc,122.76
abc,53.784
abc,121.6
abc,230.28
abc,278.88
abc,118.56
abc,61.44
abc,163.15304
abc,215.46
abc,94.4
abc,130.24
abc,340.41
abc,372.897
abc,89.37
abc,120.784
abc,189
abc,86.76
abc,92.544
abc,268.2
abc,414.72
abc,88.92
abc,122.031
abc,219.51
abc,93.51
abc,253.4862
abc,125.22
abc,41.28
abc,151.92
abc,121.263
abc,74.7747
abc,149.352
abc,438.336
abc,65.88
abc,109.2
abc,230.22
abc,185.28
abc,376.86
abc,263.7
abc,45.3678
abc,218.4
abc,175.17
abc,33
abc,120.48
abc,98.85
abc,139.14
abc,174.6
abc,145.86
abc,176.256
abc,659.9
abc,79.74
abc,180.12
abc,81.816
abc,232.389
abc,127.92
abc,181.96
abc,56.61
abc,95.85
abc,248.82
abc,134.61
abc,117.6
abc,102.582
abc,137.772
abc,122.25
abc,103.8
abc,203.14
abc,264.816
abc,167.496
abc,414
abc,105.24
abc,176.4
abc,145.98
abc,346.32
abc,198.045
abc,418.2
abc,167.292
abc,107.118
abc,249.18
abc,231.12
abc,148.23
abc,233.28
abc,214.83
abc,159.354
abc,401.76
abc,164.4975
abc,101.88
abc,75.12
abc,209.763
abc,158.1
abc,113.82
abc,46.76
abc,252.784
abc,257.98
abc,92.96
abc,128.43
abc,74.79
abc,97.32
abc,158.58
abc,236.952
abc,158.58
abc,169.296
abc,147.663
abc,78.32
abc,47.96
abc,291.96
abc,224.55
abc,102.7776
abc,164.754
abc,217.764
abc,77.52
abc,112.2
abc,103.56
abc,58.68
abc,130.34
abc,245.7
abc,204.15
abc,187.572
abc,137.07
abc,432.6615
abc,509.22
abc,97.968
abc,77.46
abc,80.55
abc,85.428
abc,49.32
abc,229.86
abc,190.89
abc,90.3
abc,159.75
abc,44.037
abc,65.24
abc,85.32
abc,199.26
abc,236.1
abc,68.6
abc,140.24
abc,191.49
abc,68.3
abc,218.16
abc,155.7744
abc,72.504
abc,158.928
abc,115.5
abc,212.4
abc,105.324
abc,114.057
abc,129.033
abc,206.76
abc,159.354
abc,139.59
abc,152.991
abc,144.54
abc,180.6
abc,43.83
abc,184.167
abc,181.35
abc,276.784
abc,146.45
abc,92.502
abc,73.926
abc,142.89
abc,137.136
abc,57.45
abc,124.44
abc,112.98
abc,97.3674
abc,233.568
abc,102.72
abc,200.544
abc,218.736
abc,250.44
abc,198
abc,147.96
abc,186.8895
abc,196.92
abc,277.14
abc,91.872
abc,234.3
abc,272.28
abc,105.72
abc,172.788
abc,55.92
abc,174.24
abc,154.764
abc,249.95
abc,48.87
abc,280.26
abc,173.46
abc,218.4
abc,261.09
abc,262.14
abc,449.9154
abc,143.82
abc,46.98
abc,60.03
abc,134.01
abc,119.04
abc,265.74
abc,152.19
abc,200.16
abc,112.158
abc,113.4
abc,98.16
abc,148.02
abc,177.48
abc,74.76
abc,220.08
abc,166.83
abc,78.78
abc,217.2
abc,286.9204
abc,194.01512
abc,355
abc,157.584
abc,131.85
abc,127.008
abc,41.85
abc,195.93
abc,305.91
abc,49.77
abc,102.54
abc,126
abc,121.5
abc,356.562
abc,55.92
abc,245.43
abc,100.008
abc,204.96
abc,136.782
abc,71.28
abc,205.44
abc,164.808
abc,67.74
abc,134.9829
abc,207.24
abc,120.576
abc,108.24
abc,258.33
abc,127.50556
abc,346.3656
abc,50.4
abc,121.78
abc,73.02
abc,298.62
abc,94.35
abc,180.72
abc,145.0674
abc,65.96
abc,272.88
abc,199.71
abc,161.0034
abc,184.536
abc,185.1645
abc,141.372
abc,197.94
abc,132.26
abc,106.4
abc,178.08
abc,42.48
abc,152.712
abc,104.01
abc,78.372
abc,114.372
abc,146.52
abc,196.884
abc,114.95
abc,87.92
abc,74.784
abc,137.34
abc,47.64
abc,189.69
abc,90.336
abc,203.20272
abc,80.52
abc,102.546
abc,87.42
abc,136.08
abc,201.648
abc,166
abc,107.4
abc,44.7
abc,119.88
abc,101.754
abc,136.728
abc,214.8
abc,147.663
abc,79.38
abc,89.46
abc,755.96
abc,113.76
abc,308.16
abc,218.76
abc,220.2
abc,144.42
abc,272.84
abc,79.68
abc,130.95
abc,167.96
abc,183.92
abc,188.4
abc,308.7
abc,54.6
abc,217.89
abc,157.86
abc,221.16
abc,200.064
abc,139.8
abc,109.44
abc,219.84
abc,258.96
abc,304.2
abc,108.48
abc,139
abc,122.76
abc,509.868
abc,212.16
abc,268.1535
abc,210.24
abc,192.807
abc,39.096
abc,209.37
abc,53.01
abc,85.96
abc,63.9
abc,74.48
abc,199.44
abc,116.52
abc,277.56
abc,47.36
abc,119.02
abc,400.032
abc,267.36
abc,171.828
abc,297.36
abc,160.72
abc,207
abc,103.56
abc,81.672
abc,185.28
abc,127.89
abc,297.3
abc,57.6
abc,500.1666
abc,365.22
abc,134.73
abc,160.32
abc,45.888
abc,217.584
abc,110.96
abc,102.13
abc,134.91
abc,255.78
abc,98.64
abc,301.77
abc,184.47
abc,155.34
abc,78.57
abc,73.44
abc,187.83
abc,143.4
abc,99.3012
abc,146.4
abc,80.64
abc,272.3
abc,140.94
abc,168.3
abc,204.39
abc,52.65
abc,156.87
abc,310.744
abc,44.376
abc,139.08
abc,48.93
abc,225.28
abc,118.71
abc,97.32
abc,52.86
abc,209.88
abc,173.76
abc,41.742
abc,207.24
abc,59.12
abc,127.296
abc,173.34
abc,138.6
abc,189.42
abc,1227.717
abc,54.9
abc,46.224
abc,82.16
abc,140.448
abc,94.22
abc,146.1
abc,143.856
abc,256.74
abc,100.65
abc,116.397
abc,205.038
abc,267.3
abc,347.802
abc,44.7
abc,146.6
abc,123.48
abc,246.3
abc,250.02
abc,131.76
abc,148.878
abc,193.05
abc,199.584
abc,74.85
abc,106.128
abc,116.04
abc,216.72
abc,100.8
abc,135.0573
abc,1195.56
abc,279
abc,98.04
abc,217.89
abc,164.7
abc,153.657
abc,95.22
abc,108.42
abc,199.8
abc,175.92
abc,83.6
abc,39.78
abc,135.882
abc,84.99
abc,137.24
abc,155.88
abc,113.22
abc,241.424
abc,58.176
abc,35.088
abc,157.464
abc,85.482
abc,122.328
abc,63.12
abc,166.74
abc,152.22
abc,231.417
abc,273.87
abc,169.38
abc,149.58
abc,123.96
abc,155.052
abc,188.88
abc,149.31
abc,42.66
abc,71.04
abc,117.558
abc,78.75
abc,144.54
abc,128.744
abc,204.15
abc,70.56
abc,149.184
abc,198.2
abc,228.33
abc,256.74
abc,213.0942
abc,121.248
abc,199.96
abc,146.22
abc,105.84
abc,200.88
abc,135.54
abc,277.65
abc,34.02
abc,101.64
abc,178.875
abc,172.368
abc,58.83
abc,115.0131
abc,253.02
abc,86.895
abc,252.06
abc,122.97
abc,104.94
abc,194.4
abc,143.22
abc,46.32
abc,159
abc,157.95
abc,58.8
abc,272.736
abc,96.9
abc,234.6
abc,242.56
abc,173.61
abc,47.61
abc,139.68
abc,249.584
abc,54.69
abc,100.5
abc,154.35
abc,293.6208
abc,139.35
abc,124.95
abc,100.68
abc,204.21
abc,44.4087
abc,339.96
abc,47.984
abc,274.89
abc,299.99
abc,263.92
abc,145.17
abc,350.88
abc,47.04
abc,135.72
abc,90.024
abc,219.78
abc,128.124
abc,106.92
abc,248.64
abc,113.64
abc,84.6
abc,87.96
abc,137.136
abc,125.7
abc,171
abc,100.92
abc,118.0629
abc,224.24
abc,1715.91
abc,158.376
abc,201.96
abc,102
abc,266.736
abc,119.9
abc,122.16
abc,95.13
abc,45.96
abc,81.27
abc,182.994
abc,93.18
abc,215.19
abc,298.8
abc,139.86
abc,359.97
abc,107.76
abc,97.02
abc,49.86
abc,83.754
abc,78.372
abc,86.4
abc,222.384
abc,113.88
abc,163.5
abc,198.09
abc,140.22
abc,130.977
abc,102.18
abc,104.8764
abc,195.78
abc,192.78
abc,309.042
abc,743.04
abc,154.2
abc,227.84
abc,97.86
abc,149.436
abc,169.74
abc,185.4
abc,99.54
abc,172.86
abc,83.88
abc,89.97
abc,48.84
abc,333.48
abc,220.56
abc,123.34
abc,60.156
abc,73.08
abc,96.6
abc,119.833
abc,115.2
abc,185.376
abc,173.52
abc,114.34
abc,289.17
abc,251.73
abc,76.3
abc,113.52
abc,55.584
abc,585.456
abc,96.9
abc,83.754
abc,245.484
abc,84.159
abc,102.87
abc,36.3474
abc,186.948
abc,246.168
abc,239.97
abc,38.52
abc,252.16
abc,48.72
abc,138.768
abc,295.424
abc,83.07
abc,43.65
abc,147.45
abc,53.76
abc,201.04
abc,265.65
abc,122.25
abc,170.34
abc,198.45
abc,437.85
abc,273.92
abc,178.776
abc,96.9
abc,216.72
abc,161.19
abc,42.84
abc,39.36
abc,94.98
abc,88.26
abc,75.24
abc,245.268
abc,211.65
abc,120.933
abc,191.82
abc,38.4
abc,157
abc,42.96
abc,49.02
abc,73.44
abc,130.221
abc,148.68
abc,78.8
abc,102.8
abc,82.28
abc,172.62
abc,129.843
abc,73.2336
abc,333.84
abc,255.744
abc,184.59
abc,182.7
abc,51.84
abc,63.882
abc,86.97
abc,92.88
abc,145.53
abc,162.54
abc,86.562
abc,281.82
abc,232.848
abc,128.85
abc,138.6
abc,206.664
abc,51.84
abc,95.76
abc,91.44
abc,159.6
abc,183.924
abc,79.968
abc,246.168
abc,76.74
abc,175.46836
abc,129.06
abc,139.77
abc,195.786
abc,103.12
abc,179.94
abc,40.2
abc,127.2
abc,66.4976
abc,77.4
abc,100.26
abc,163.5
abc,41.2596
abc,116.04
abc,138.4
abc,153.36
abc,95.64
abc,102.72
abc,166.89
abc,80.736
abc,417.59536
abc,235.344
abc,76.92
abc,290.7
abc,176.256
abc,43.936
abc,101.52
abc,93.6
abc,168
abc,107.4
abc,44.94
abc,87.84
abc,63.2025
abc,56.52
abc,243.92
abc,35.24
abc,94.08
abc,269.19
abc,140.49
abc,73.89
abc,79.96
abc,114.81
abc,244.74
abc,285.376
abc,781.7208
abc,227.328
abc,166.8
abc,80.9205
abc,232.96
abc,109.92
abc,99.3
abc,122.94
abc,62.61
abc,139.77
abc,59.84
abc,362.46
abc,99.48
abc,221.13
abc,71.04
abc,171.9744
abc,197.97
abc,95.984
abc,161.568
abc,146.352
abc,262.89
abc,152.32
abc,40.464
abc,136.68
abc,131.88
abc,221.535
abc,133.3341
abc,185.265
abc,327.3
abc,194.64
abc,77.472
abc,174.27076
abc,111.6
abc,112.92
abc,171.45
abc,155.88
abc,137.4
abc,188.532
abc,70.32
abc,2472.66
abc,143.046
abc,294.0795
abc,223.104
abc,140.2
abc,172
abc,66.6
abc,780.75
abc,352.38
abc,146.82
abc,84.66
abc,93.42
abc,78.12
abc,106.542
abc,284.97
abc,58.98
abc,145.26
abc,129.92
abc,383.84
abc,115.5
abc,169.8
abc,79.08
abc,131.1
abc,101.9445
abc,342.51
abc,204.552
abc,145.05
abc,71.976
abc,67.98
abc,49.74
abc,262.72
abc,59.52
abc,221.508
abc,122.49
abc,128.52
abc,61.398
abc,173.61
abc,39.96
abc,394.816
abc,131.94
abc,467.1
abc,144.42
abc,107.304
abc,215.856
abc,114.28
abc,75.75
abc,90.585
abc,265.26
abc,95.1
abc,122.92
abc,95.97
abc,99.48
abc,123.24
abc,256.52592
abc,152.442
abc,99
abc,223.668
abc,108.66
abc,212.583
abc,66.852
abc,195.72
abc,93.68
abc,274.8
abc,145.5
abc,63.66
abc,97.68
abc,216.04
abc,118.752
abc,56.052
abc,102.45
abc,146.79
abc,44.64
abc,104.79
abc,131.88
abc,128.37
abc,171.16
abc,191.6
abc,156.528
abc,278.64
abc,129.762
abc,159.84
abc,104.76
abc,111.06
abc,49.848
abc,91.68
abc,708.96
abc,179.5878
abc,193.05
abc,209.655
abc,48.492
abc,84.12
abc,302.04
abc,125.36
abc,158.04
abc,130.455
abc,295.326
abc,250.38
abc,45.0288
abc,145.05
abc,118.92
abc,125.4
abc,226.08
abc,159.48
abc,54.12
abc,50.64
abc,177.792
abc,59.184
abc,292.1
abc,41.472
abc,101.52
abc,64.8
abc,91.728
abc,142.05
abc,351.864
abc,194.04
abc,289.32
abc,200.76
abc,48.84
abc,251.1
abc,62.1
abc,145.35
abc,135.351
abc,85.464
abc,163.05
abc,185.64
abc,129.54
abc,119.448
abc,381.96
abc,62.61
abc,132.72
abc,50.22
abc,103.95
abc,129.87
abc,205.08
abc,295.95
abc,98.88
abc,170.352
abc,54.18
abc,42.6
abc,358.668
abc,94.98
abc,90.6
abc,213.795
abc,169.047
abc,39.15
abc,126.9
abc,81.424
abc,83.92
abc,206.4
abc,90.3
abc,76.356
abc,55.98
abc,143.22
abc,103.95
abc,254.744
abc,93.032
abc,41.7
abc,134.61
abc,207.06
abc,183.72
abc,76.56
abc,205.44
abc,215.73
abc,223.938
abc,463.563
abc,102.336
abc,122.49
abc,124.26
abc,76.62
abc,192
abc,74.64
abc,97.6
abc,292.34
abc,162.54
abc,163.296
abc,106.9704
abc,107.97
abc,54.336
abc,87.84
abc,171
abc,136.485
abc,97.83
abc,167.328
abc,47.04
abc,171.42
abc,95.92776
abc,172.3
abc,229.44
abc,95.76
abc,216.432
abc,98.82
abc,94.74
abc,48.93
abc,96.806
abc,188.8
abc,170.28
abc,90.72
abc,79.92
abc,84.784
abc,85.2
abc,111.72
abc,136.26
abc,57
abc,67.44
abc,61.44
abc,935.76
abc,67.23
abc,146.88
abc,121.86
abc,242.7252
abc,740.6685
abc,152.1
abc,180.98
abc,78.759
abc,187.2
abc,97.92
abc,97.02
abc,85.36
abc,46.2
abc,142.02
abc,147.75
abc,110.7
abc,100.08
abc,199.2
abc,305.06
abc,229.62
abc,140.784
abc,103.38
abc,90.828
abc,154.9
abc,40.56
abc,156.24
abc,80.352
abc,118.26
abc,187.83
abc,126.63
abc,170.73
abc,177.48
abc,90.06
abc,239.984
abc,102.54
abc,174.96
abc,63.24
abc,139.18856
abc,144.56
abc,42.768
abc,29.736
abc,130.56
abc,148.41
abc,183.42
abc,202.716
abc,136.1781
abc,80.109
abc,102.114
abc,153.3555
abc,196.704
abc,71.7
abc,248.856
abc,225.54
abc,119.64
abc,206.784
abc,214.95
abc,79.2
abc,135.72
abc,292.944
abc,250.83
abc,102.54
abc,74.0304
abc,50.94
abc,231.92
abc,217.02
abc,251.93512
abc,164.724
abc,162.54
abc,122.352
abc,536.52
abc,123.696
abc,164.2
abc,181.248
abc,137.22
abc,84.3
abc,103.86
abc,96.78
abc,314.388
abc,48.4
abc,112.2
abc,176.1
abc,200.52
abc,172.32
abc,97.56
abc,56.46
abc,127.8
abc,155.7
abc,157.59
abc,181.134
abc,186.048
abc,125.1
abc,129.78
abc,119.568
abc,136.14
abc,194.106
abc,88.83
abc,131.904
abc,159.56
abc,84.978
abc,187.56
abc,464.52
abc,130.56
abc,246.9
abc,69.648
abc,138.72
abc,60.48
abc,133.245
abc,188.784
abc,136.242
abc,122.625
abc,182.52
abc,171.2
abc,39.96
abc,99.9
abc,195.84
abc,165.24
abc,121.92
abc,319.2
abc,153.2
abc,183.18
abc,359.64
abc,140.76
abc,92.16
abc,209.508
abc,220.464
abc,133.7877
abc,112.86
abc,51.42
abc,64.44416
abc,200.544
abc,35.94
abc,31.14
abc,43.2
abc,167.968
abc,85.44
abc,145.98
abc,105.84
abc,96.84
abc,118.2
abc,86.265
abc,138.3942
abc,117.488
abc,126.15
abc,41.202
abc,79.5
abc,41.832
abc,84.672
abc,63.948
abc,115.5006
abc,220.752
abc,164.22
abc,148.32
abc,84.18
abc,136.1
abc,224.82
abc,221.4
abc,135.3
abc,195.156
abc,169.8678
abc,113.76
abc,95.64
abc,277.7166
abc,156.792
abc,89.248
abc,123.42
abc,151.65
abc,65.22
abc,124.011
abc,27.765
abc,120.45
abc,243.495
abc,197.3985
abc,130.74
abc,276.9378
abc,131.7708
abc,217.02
abc,58.68
abc,152.1
abc,131.94
abc,159.624
abc,273.888
abc,65.16
abc,88.26
abc,123.96
abc,108.48
abc,204.15
abc,263.376
abc,80.32
abc,74.64
abc,84.3
abc,148.014
abc,102.18
abc,86.4
abc,178.56
abc,225.747
abc,364.32
abc,252.06
abc,172.44
abc,194.4
abc,118.5
abc,63.072
abc,149.95
abc,203.983
abc,67.144
abc,70.368
abc,59.58
abc,81
abc,63.504
abc,120.128
abc,219.84
abc,85.428
abc,145.836
abc,113.76
abc,72.36
abc,51.9
abc,39.06
abc,217.728
abc,131.868
abc,241.299
abc,90.45
abc,146.736
abc,89.88
abc,158.04
abc,159.4
abc,58.94
abc,141.12
abc,144.99
abc,56.124
abc,146.88
abc,141.28
abc,90
abc,119.034
abc,86.292
abc,253.8
abc,83.4
abc,198.4797
abc,170.586
abc,207.33
abc,183.24
abc,155.392
abc,149.58
abc,304.08
abc,30.84
abc,116.4
abc,180.12
abc,88.11
abc,285.48
abc,96.714
abc,129.45
abc,82.98
abc,96.9
abc,179.352
abc,145.5
abc,248.08284
abc,274.68
abc,253.56
abc,194.64
abc,150.084
abc,164.88
abc,344.704
abc,278.28
abc,97.8
abc,105.48
abc,33.264
abc,63.2502
abc,140.81
abc,108.96
abc,170.46
abc,224.04
abc,290.73
abc,155.43
abc,50.04
abc,232.95
abc,95.688
abc,93.45
abc,273.568
abc,181.884
abc,38.784
abc,70.95
abc,69.228
abc,67.92
abc,61.95
abc,150.12
abc,115.83
abc,37.476
abc,153.738
abc,177.48
abc,287.91
abc,59.2
abc,176.43
abc,90.02
abc,35.22
abc,98.76
abc,86.4
abc,77.76
abc,222.345
abc,180.6
abc,81.9882
abc,156.87
abc,267.54
abc,129.696
abc,347.88
abc,33.939
abc,187.758
abc,170.964
abc,340.08
abc,542.94
abc,179.94
abc,40.92
abc,306.78
abc,52.6
abc,40.28
abc,155.34
abc,63.3456
abc,200.943
abc,172.14
abc,175.29
abc,318.03
abc,94.56
abc,254.33856
abc,139.563
abc,48.057
abc,71.199
abc,210.24
abc,50.94
abc,160.32
abc,253.32
abc,100.8
abc,37.5
abc,96.064
abc,315.936
abc,137.25
abc,103.38
abc,80.22
abc,171.4116
abc,152.604
abc,37.376
abc,171.288
abc,159.968
abc,193.95
abc,143.76
abc,94.02
abc,160.992
abc,167.4
abc,112.86
abc,57.42
abc,166.74
abc,62.64
abc,44.037
abc,112.14
abc,291.654
abc,3410.82
abc,75.18
abc,90.24
abc,165.92
abc,124.62
abc,81.96
abc,79.11
abc,79.29
abc,134.784
abc,68.1156
abc,82.6068
abc,148.48
abc,198.46
abc,105.584
abc,337.98
abc,198.09
abc,158.76
abc,107.4
abc,139.68
abc,434.91
abc,147.258
abc,164.088
abc,193.68
abc,90.06
abc,251.73
abc,170.73
abc,244.728
abc,173.34
abc,194.52
abc,63.504
abc,164.016
abc,220.98
abc,83.25
abc,25.984
abc,104.58
abc,100.152
abc,107.28
abc,158.4
abc,179.88
abc,156.04
abc,259.248
abc,66.744
abc,111.84
abc,170.928
abc,115.36
abc,273.96
abc,66.6
abc,60.42
abc,162.12
abc,66.96
abc,76.68
abc,95.04
abc,168.96
abc,56.652
abc,139.68
abc,116.04
abc,122.432
abc,225.728
abc,60.6
abc,248.88
abc,221.7
abc,94.08
abc,68.88
abc,167.58
abc,131.94
abc,179.46
abc,111.72
abc,63.84
abc,151.96
abc,60.75
abc,141.33
abc,168.03
abc,175.17
abc,252.16
abc,64.638
abc,234.36
abc,221.184
abc,177.525
abc,231.36
abc,267.96
abc,81.98
abc,90.48
abc,105.4
abc,47.904
abc,152.28
abc,854.49
abc,97.86
abc,35.196
abc,182.625
abc,207.18
abc,517.59
abc,92.52
abc,299.98
abc,273
abc,146.82
abc,89.4
abc,129.12
abc,207.12
abc,134.55
abc,132.165
abc,94.122
abc,93.024
abc,117.456
abc,166.92
abc,417.456
abc,162.24
abc,268.74
abc,141.192
abc,82.524
abc,57.12
abc,93.636
abc,147.45
abc,155.34
abc,126.198
abc,146.79
abc,131.84
abc,45.216
abc,195.84
abc,256.16664
abc,113.82
abc,61.56
abc,79.68
abc,127.413
abc,333.78
abc,140.736
abc,166.44
abc,110.88
abc,84.3
abc,325.16
abc,202.608
abc,303.57
abc,79.512
abc,156.456
abc,88.096
abc,172.17
abc,41.94
abc,186.39
abc,63.968
abc,56.64
abc,58.04
abc,130.896
abc,122.325
abc,146.9052
abc,164.025
abc,307.557
abc,84.2274
abc,137.772
abc,166.44
abc,48
abc,304.56
abc,251.46
abc,59.64
abc,68.04
abc,99.48
abc,71.361
abc,156.006
abc,166.05
abc,228.36
abc,59.8794
abc,129.15
abc,62.4
abc,65.6352
abc,151.192
abc,104.85
abc,74.52
abc,78.75
abc,345.33
abc,169.29
abc,95.94
abc,70.71
abc,249.72
abc,74.34
abc,61.04
abc,161.514
abc,237.51
abc,212.1
abc,95.85
abc,227.718
abc,181.86
abc,83.46
abc,156.96
abc,142.08
abc,162
abc,292.176
abc,127.9
abc,322.8
abc,116.64
abc,95.28
abc,138.834
abc,131.904
abc,123.92
abc,161.376
abc,170.352
abc,131.07
abc,61.44
abc,154.304
abc,48.24
abc,122.22
abc,374.058
abc,93.51
abc,87.381
abc,54.72
abc,42.15
abc,272.544
abc,232.4
abc,188.8
abc,174.636
abc,100.272
abc,83.28
abc,310.5
abc,284.25
abc,88.128
abc,94.2
abc,133.12
abc,120
abc,85.104
abc,137.31
abc,282.24
abc,60
abc,126.684
abc,27.5706
abc,166.72
abc,136.256
abc,137.07
abc,154.89
abc,63.504
abc,107.82
abc,122.88
abc,216.1125
abc,87.804
abc,45.0288
abc,128.628
abc,162.1488
abc,131.94
abc,95.1
abc,142.8
abc,129.552
abc,60.24
abc,309.24
abc,173.92
abc,56.448
abc,158.76
abc,123.9
abc,196.74
abc,63.27
abc,447.876
abc,153.584
abc,189.7
abc,128.34
abc,127.824
abc,108.42
abc,136.36
abc,248.892
abc,105.84
abc,72.75
abc,33.96
abc,245.88
abc,187.92
abc,26.64
abc,124.53
abc,133.6455
abc,187.02
abc,47.61
abc,135.48
abc,96.84
abc,121.074
abc,99.5181
abc,53.91
abc,286.29
abc,89.584
abc,72
abc,49.02
abc,151.44
abc,141.192
abc,108.7
abc,190.815
abc,185.58
abc,334.611
abc,150.633
abc,314.22
abc,99.24
abc,54.192
abc,48.9
abc,180.84
abc,113.64
abc,52.86
abc,113.004
abc,139.35
abc,145.32
abc,44.1
abc,174.42
abc,62.46
abc,80.7756
abc,173.488
abc,136.5
abc,196.74
abc,337.68
abc,76.068
abc,583.8
abc,134.56
abc,225.9
abc,306.24
abc,92.46
abc,279.936
abc,500.4
abc,90.558
abc,76.58
abc,209.148
abc,41.43
abc,353.76
abc,76.5
abc,175.56
abc,163.2
abc,48.86
abc,175.68
abc,97.92
abc,194.94
abc,239.976
abc,169.2
abc,295.1
abc,111.2
abc,33.57
abc,84.8625
abc,41.22
abc,201.48
abc,179.9658
abc,169.2
abc,234.276
abc,149.112
abc,81.69
abc,164.07
abc,74.55
abc,203.55
abc,169.44
abc,229.5612
abc,355.48
abc,239.3
abc,99
abc,115.992
abc,103.68
abc,246.84
abc,110.376
abc,126
abc,191.88
abc,99.99
abc,341.96
abc,148.32
abc,137.16
abc,96.78
abc,109.44
abc,220.08
abc,95.2
abc,88.074
abc,126.45
abc,344.82
abc,170.07
abc,245.7
abc,184.92
abc,163.62
abc,99.45
abc,104.247
abc,104.4
abc,62.85
abc,454.6242
abc,4228.704
abc,75.88
abc,141.6
abc,48.63
abc,128.43
abc,134.3
abc,204.36
abc,148.41
abc,206.4
abc,125.1
abc,167.58
abc,76.14
abc,133.812
abc,61.116
abc,66.6
abc,221.94
abc,88.08
abc,109.764
abc,113.73
abc,51.897
abc,108.912
abc,153.576
abc,141.7059
abc,95.04
abc,64.152
abc,108.92
abc,140.192
abc,41.04
abc,139.8
abc,76.8
abc,319.56
abc,213.3
abc,300.42
abc,189.54
abc,49.35
abc,108.4
abc,206.352
abc,35.184
abc,50.13
abc,65.82
abc,211.62
abc,109.8
abc,163.62
abc,148.23
abc,47.64
abc,144.9
abc,129.12
abc,111.22
abc,54.82
abc,65.6
abc,117
abc,75.36
abc,33.9
abc,419.4
abc,186.304
abc,109.38
abc,128.43
abc,48.16
abc,93.68
abc,155.4
abc,99.72
abc,45.45
abc,244.8
abc,143.1
abc,152.2584
abc,61.8
abc,99.6
abc,64.56
abc,105.2
abc,77.49
abc,54.9
abc,93.15
abc,60.9
abc,108.08
abc,89.88
abc,126.9
abc,54.96
abc,125.36
abc,124.08
abc,59.52
abc,293.52
abc,84.6
abc,201.6
abc,195.048
abc,208.032
abc,253.944
abc,97.56
abc,54.72
abc,154.08
abc,204.93
abc,89.91
abc,151.362
abc,27.6
abc,275.058
abc,45.78
abc,107.072
abc,73.52
abc,179.9
abc,72.88
abc,98.46
abc,231.15
abc,97.44
abc,140.5854
abc,81.81
abc,305.01
abc,150.66
abc,102.15
abc,94.68
abc,348.208
abc,79.14
abc,248.08
abc,37.17
abc,207.144
abc,142.38
abc,47.61
abc,4363.35
abc,54.24
abc,158.208
abc,115.6356
abc,138.24
abc,76.92
abc,71.28
abc,186.15
abc,174.08
abc,355.38
abc,91.53
abc,194.4
abc,143.43
abc,115.857
abc,336.63
abc,289.92
abc,43.26
abc,146.176
abc,103.481
abc,83.92
abc,74.64
abc,82.59
abc,194.6
abc,59.4
abc,211.41
abc,219.78
abc,301.77
abc,146.88
abc,106.32
abc,71.98
abc,108.84
abc,49.2
abc,130.458
abc,153.2844
abc,118.08
abc,54.224
abc,330.04
abc,121.5
abc,98.5
abc,43.92
abc,197.61
abc,48.33
abc,240.3
abc,47.736
abc,58.8
abc,138.348
abc,98.64
abc,252.27
abc,191.96
abc,155.372
abc,228.24
abc,56.652
abc,295.65
abc,47.8
abc,65.34
abc,267.36
abc,100.32
abc,121.5
abc,146.9598
abc,123.24
abc,217.02
abc,193.92
abc,99.396
abc,248.82
abc,73.53
abc,93.024
abc,59.98
abc,143.4
abc,90.402
abc,72.672
abc,53.28
abc,113.28
abc,91.68
abc,85.455
abc,154.116
abc,60.64
abc,60.672
abc,148.92
abc,77.688
abc,128.8
abc,101.136
abc,315.24168
abc,109.08
abc,150.66
abc,115.71
abc,126.927
abc,52.857
abc,101.1
abc,226.12
abc,86.94
abc,457.056
abc,100.8
abc,177.66
abc,163.65
abc,285.36
abc,235.8528
abc,115.2
abc,163.62
abc,44.712
abc,161.244
abc,68.76
abc,131.58
abc,151.92
abc,69.48
abc,168
abc,132.72
abc,27.44
abc,142.83
abc,57.3
abc,73.92
abc,193.41
abc,114.5151
abc,142.776
abc,73.85
abc,117.024
abc,166.92
abc,44.64
abc,162
abc,146.4
abc,199.92
abc,175.725
abc,128.9322
abc,35.952
abc,175.8
abc,55.104
abc,73.68
abc,148.392
abc,68.1
abc,154.3374
abc,215.541
abc,146.592
abc,302.94
abc,30.81
abc,122.94
abc,59.1
abc,168.96
abc,84.48
abc,96.78
abc,148.48
abc,139.5
abc,142.74
abc,113.8599
abc,94.5
abc,119.8
abc,149.95
abc,256.17
abc,111.027
abc,154.044
abc,190.512
abc,254.88
abc,111.024
abc,327.76
abc,46.76
abc,296.37
abc,270
abc,56.907
abc,257.25
abc,123.9
abc,74.76
abc,164.7
abc,105.52
abc,205.9992
abc,114.39
abc,252.672
abc,136.584
abc,143.91
abc,93.03
abc,70.065
abc,218.64
abc,83.976
abc,36.24
abc,227.976
abc,139.96
abc,156.744
abc,193.008
abc,258.336
abc,75.825
abc,92.583
abc,56.565
abc,155.35
abc,143.856
abc,66.112
abc,146.1
abc,63.39
abc,239.28
abc,183.6
abc,94.65
abc,73.44
abc,152.25
abc,129.06
abc,202.776
abc,149.985
abc,120.96
abc,139.2
abc,148.704
abc,179.064
abc,146.28
abc,81.69
abc,204.63
abc,109.38
abc,334.88
abc,130.56
abc,144.27
abc,104.004
abc,147.168
abc,191.98
abc,144.12
abc,114.2
abc,244.08
abc,194.528
abc,141.4
abc,134.4
abc,71.52
abc,121.3
abc,95.984
abc,91
abc,224.4
abc,240.3
abc,140.265
abc,87.03
abc,154.26
abc,99.136
abc,81.576
abc,149.73
abc,415.176
abc,102.336
abc,107.94
abc,69.624
abc,259.44
abc,204.96
abc,72.294
abc,71.67
abc,174.396
abc,86
abc,110.76
abc,42.84
abc,535.782
abc,224.565
abc,139.944
abc,165.408
abc,48.78
abc,194.616
abc,77.1
abc,54.12
abc,125.685
abc,102.9
abc,128.43
abc,77.14
abc,245.52
abc,157.14
abc,212.976
abc,111.7263
abc,84.98
abc,78.6
abc,287.64
abc,90.56
abc,196.8
abc,213.84
abc,32.346
abc,140.22
abc,704.76
abc,173.94
abc,30.21
abc,55.14
abc,180.81
abc,160.65
abc,97.82
abc,144.12
abc,169.38
abc,310.32
abc,144.68
abc,199.12
abc,68.28
abc,94.08
abc,166.311
abc,158.76
abc,117.612
abc,166.89
abc,229.68
abc,107.4
abc,281.904
abc,259.96
abc,386.34
abc,48.33
abc,82.98
abc,221.4
abc,126.45
abc,243.81
abc,117.3
abc,80.46
abc,113.888
abc,120.768
abc,206.1
abc,51.6
abc,84.12
abc,131.568
abc,136.272
abc,116.1
abc,55.98
abc,220.6206
abc,119.52
abc,169.68
abc,99.6
abc,73.95
abc,92.2
abc,239.5
abc,239.76
abc,71.46
abc,125.895
abc,129.8871
abc,206.52
abc,144.66
abc,47.25
abc,91.68
abc,151.96
abc,391.86
abc,200.52
abc,110.124
abc,73.8
abc,77.445
abc,76.005
abc,178.2
abc,84.056
abc,84.272
abc,67.136
abc,109.44
abc,148.92
abc,89.4
abc,108.36
abc,173.61
abc,117.45
abc,86.913
abc,120.33
abc,76.56
abc,146.367
abc,106.38
abc,66.672
abc,64.96
abc,86.04
abc,70.08
abc,146.79
abc,163.8
abc,79.35
abc,113.91
abc,139.44
abc,99.108
abc,240.1
abc,123.72
abc,73.92
abc,108.54
abc,62.625
abc,110.7
abc,143.16
abc,33.024
abc,377.97
abc,491.55
abc,189.93936
abc,243.06
abc,67.56
abc,115.821
abc,151.02
abc,65.34
abc,177.5844
abc,37.8
abc,119.16
abc,115.032
abc,176.49
abc,139.8
abc,55.8885
abc,56.4
abc,155.37
abc,123.03
abc,193.2
abc,82.8
abc,140.94
abc,122.4
abc,100.02
abc,58.56
abc,103.5
abc,65.13
abc,79.38
abc,71.98
abc,239.976
abc,84.402
abc,182.37
abc,192.6
abc,73.76
abc,193.32
abc,97.56
abc,117
abc,82.035
abc,53.136
abc,49.8465
abc,232.5
abc,338.4
abc,91.2
abc,63.2
abc,72.704
abc,312.09
abc,53.28
abc,184.464
abc,81.168
abc,82.84
abc,161.4
abc,222.24
abc,68.25
abc,102.45
abc,104.76
abc,48.492
abc,166.8
abc,351.84
abc,242.94
abc,107.88
abc,378.3
abc,95.616
abc,119.28
abc,74.88
abc,136.72
abc,32.5
abc,34.425
abc,153.684
abc,40.26
abc,199.96
abc,148.48
abc,58.194
abc,105.96
abc,66.015
abc,196.92
abc,37.566
abc,110.25
abc,61.44
abc,239.8
abc,279.456
abc,31.984
abc,94.02
abc,77.16
abc,228.48
abc,78.72
abc,171.2
abc,130.896
abc,145.44
abc,85.14
abc,137.808
abc,568.608
abc,50.64
abc,270.594
abc,69.3
abc,131.94
abc,62.8
abc,156.024
abc,102.72
abc,173.21288
abc,67.86
abc,78.64
abc,126.84
abc,70.56
abc,76.815
abc,109.95
abc,58.68
abc,215.82
abc,29.88
abc,105.12
abc,258.12
abc,185.55
abc,49.44
abc,220.96
abc,105.66
abc,183
abc,194.04
abc,35.88
abc,63.375
abc,60.57
abc,167.34
abc,117.504
abc,186.69
abc,333.056
abc,49.5
abc,1091.93
abc,41.931
abc,195.36
abc,332.28
abc,111.06
abc,160
abc,48.93
abc,227.07
abc,139.23
abc,101.84
abc,138.588
abc,243.69
abc,48.51
abc,136.736
abc,126.927
abc,201.48
abc,244.08
abc,154.278
abc,342.792
abc,183.136
abc,189.5
abc,74.97
abc,130.734
abc,78.12
abc,119.61
abc,148.2516
abc,64.384
abc,129.87
abc,44.97
abc,164.32
abc,127.12524
abc,189.65992
abc,221.7
abc,243.864
abc,108.6
abc,192.6
abc,61.446
abc,213.12
abc,168.237
abc,75.114
abc,63.92
abc,59.52
abc,202.86
abc,71.04
abc,90.63
abc,219.33
abc,64.7625
abc,46.59
abc,150.255
abc,131.98
abc,99.98
abc,96.96
abc,168.12
abc,107.4
abc,100.92
abc,200.6888
abc,74.08
abc,245.016
abc,39.96
abc,54.75
abc,64.784
abc,77.55
abc,62.18
abc,103.56
abc,45.03
abc,113.52
abc,56.1
abc,228.45
abc,117.18
abc,174.42
abc,69.15
abc,94.08
abc,102.339
abc,143.58
abc,108.96
abc,115.722
abc,64.44
abc,84.48
abc,96.78
abc,583.872
abc,85.536
abc,55.944
abc,87.71
abc,163.88
abc,89.97
abc,94.4
abc,58.96
abc,74.48
abc,90.9
abc,107.28
abc,109.8
abc,140.1
abc,197.637
abc,79.695
abc,125.22
abc,167.30472
abc,97.632
abc,60
abc,55.62
abc,173.25
abc,183.885
abc,132.51
abc,97.6
abc,148.68
abc,87.3
abc,146.4
abc,191.241
abc,271.44
abc,146.61
abc,228.92
abc,99.99
abc,47.64
abc,333.6
abc,109.848
abc,65.92
abc,123.24
abc,175.9914
abc,93.24
abc,85.056
abc,379.242
abc,64.2
abc,116.712
abc,332.64
abc,90.072
abc,84.186
abc,106.96
abc,166.68
abc,40.26
abc,217.7
abc,171.396
abc,137.25
abc,122.94
abc,157.95
abc,97.2
abc,239.28
abc,51.84
abc,53.248
abc,97.84
abc,65.31
abc,234.3
abc,126.72
abc,38.76
abc,48.86
abc,144.732
abc,128.22
abc,239.166
abc,57.06
abc,153.6
abc,222.24
abc,106.974
abc,107.676
abc,134.352
abc,55.029
abc,212.94
abc,104.82
abc,173.16
abc,181.44
abc,54.6
abc,101.358
abc,197.372
abc,158.13
abc,83.46
abc,137.04
abc,112.5
abc,58.752
abc,80.55
abc,99.972
abc,35.36
abc,121.68
abc,42.336
abc,253.92
abc,152.652
abc,130.272
abc,94.96
abc,115.2
abc,241.5
abc,57.096
abc,176.88
abc,173.64
abc,89.248
abc,233.7
abc,205.6065
abc,118.68
abc,95.2674
abc,135.9
abc,197.49
abc,88.56
abc,233.04
abc,67.8
abc,78.08
abc,119.04
abc,117.504
abc,44.94
abc,280.44
abc,217.32
abc,104.184
abc,103.2
abc,71.04
abc,243.5
abc,142.08
abc,59.24
abc,98.64
abc,164.7
abc,112.212
abc,148.17
abc,126.54
abc,80.96
abc,127.47
abc,100.008
abc,147.09
abc,49.83
abc,35.44
abc,203.616
abc,97.632
abc,241.92
abc,205.176
abc,438.368
abc,84.192
abc,40.26
abc,172.38
abc,109.32
abc,134.13
abc,223.632
abc,61.28
abc,102.54
abc,254.13072
abc,89.28
abc,166.05
abc,121.68
abc,198.7644
abc,463.2225
abc,89.046
abc,98.64
abc,50.5
abc,138.9
abc,247.158
abc,88.896
abc,204.12
abc,47.88
abc,96.39
abc,43.038
abc,83.664
abc,157.968
abc,57.4308
abc,105.18
abc,31.95
abc,126
abc,173.7
abc,109.08
abc,113.256
abc,134.82
abc,561.54
abc,67.1
abc,161.532
abc,73.494
abc,93.48
abc,58.32
abc,197.28
abc,136.65
abc,122.13
abc,88.768
abc,303.25
abc,258.576
abc,102.48
abc,259.74
abc,197.352
abc,168.03
abc,118.8
abc,24.55
abc,148.32
abc,211.65
abc,269.22
abc,48
abc,45.09
abc,253.65
abc,39.75
abc,449.874
abc,83.984
abc,191.82
abc,141.76
abc,110.4
abc,118.25
abc,61.544
abc,126.348
abc,50.73
abc,45.2
abc,201.285
abc,42.976
abc,62.16
abc,246.78
abc,65.16
abc,145.76
abc,58.59
abc,84.9
abc,143.1
abc,129.6
abc,62.1
abc,234.792
abc,84.75
abc,34.36
abc,89.95
abc,141.63
abc,153.568
abc,47.36
abc,58.9
abc,719.85
abc,197.88
abc,87.48
abc,104.94
abc,158.472
abc,42.525
abc,105.4011
abc,115.02
abc,48.96
abc,138.08
abc,134.61
abc,138.6
abc,410.346
abc,113.7486
abc,71.4378
abc,98.028
abc,106.32
abc,40.158
abc,309.78
abc,71.34
abc,127.5
abc,77.472
abc,111.04
abc,107.82
abc,145.98
abc,110.187
abc,80.43
abc,192.726
abc,108.48
abc,121.536
abc,122.58
abc,76.44
abc,146.61
abc,100.68
abc,142.08
abc,114.3
abc,173.61
abc,147.69
abc,185.0688
abc,46.512
abc,116.64
abc,62.3712
abc,304.23
abc,137.54
abc,169.38
abc,47.58
abc,135.96
abc,272.2
abc,70.56
abc,135.92
abc,162.6
abc,128.22
abc,140.265
abc,207.33
abc,231
abc,166.92
abc,42.675
abc,114.78
abc,118.2
abc,128.5515
abc,85.293
abc,128.82
abc,138.56
abc,170.19
abc,91
abc,235.116
abc,94.98
abc,86.94
abc,179.232
abc,126.927
abc,143.37
abc,38.88
abc,241.96
abc,129.3
abc,156.8
abc,130.62
abc,39.32
abc,71.82
abc,81.69
abc,191.13
abc,135.9333
abc,77.1
abc,136.89
abc,128.744
abc,64.784
abc,115.56
abc,107.46
abc,436.32
abc,156.24
abc,130.34
abc,87.99
abc,219.78
abc,101.76
abc,112.8
abc,119.616
abc,148.74
abc,56.628
abc,163.2
abc,69.92
abc,87.22
abc,204.084
abc,171.639
abc,101.412
abc,63.312
abc,182.112
abc,173.88
abc,520.98
abc,86.96
abc,82.08
abc,258.9
abc,88.128
abc,96.798
abc,254.07
abc,163.92
abc,241.6446
abc,40.05
abc,207.12
abc,105.32
abc,76.8
abc,43.12
abc,100.44
abc,117.396
abc,96.75
abc,123.12
abc,118.2
abc,34.2
abc,54.224
abc,182.72
abc,130.944
abc,87.84
abc,81.66
abc,93.555
abc,123.12
abc,122.94
abc,147.987
abc,412.02
abc,252.0378
abc,252
abc,65.5557
abc,121.104
abc,116.88
abc,103.56
abc,98.4
abc,144.9
abc,111.72
abc,61.62
abc,43.95
abc,95.004
abc,25.47
abc,138.96
abc,158.22
abc,211.05
abc,96.552
abc,111
abc,114.864
abc,94.192
abc,114.78
abc,47.04
abc,211.41
abc,42.03
abc,92.43
abc,55.17
abc,46.5
abc,221.508
abc,206.388
abc,85.5414
abc,159.88
abc,137.79
abc,60.96
abc,132.84
abc,149.82
abc,146.1
abc,114.528
abc,254.88
abc,28.96
abc,128.8
abc,156.6
abc,64.38
abc,187.515
abc,103.584
abc,109.65
abc,134.97
abc,421.1
abc,165.6
abc,130.62
abc,28.68
abc,158.4
abc,67.44
abc,153.42
abc,146.9052
abc,139.77
abc,248.57
abc,221.568
abc,77
abc,174.84
abc,95.04
abc,289.35
abc,40.68
abc,110.28
abc,124.338
abc,325.92
abc,49.44
abc,59.4
abc,563.43
abc,48.712
abc,137.31
abc,34.02
abc,107.1
abc,109.8
abc,124.32
abc,98.46
abc,69.516
abc,54.384
abc,129.92
abc,51.968
abc,189.12
abc,38.28
abc,192.128
abc,199.44
abc,168.12
abc,151.38
abc,98.46
abc,147.9
abc,132.867
abc,266.688
abc,75.492
abc,93.18
abc,66.744
abc,32.85
abc,141.9
abc,52.512
abc,69.93
abc,221.024
abc,257.85
abc,140.52
abc,44.94
abc,147.9
abc,111.78
abc,303.858
abc,160.5366
abc,114.66
abc,130.41
abc,77.526
abc,38.88
abc,154.7784
abc,96.3
abc,296.85
abc,166.44
abc,83.7
abc,143.1
abc,130.56
abc,66.72
abc,253.44
abc,185.28
abc,145.35
abc,178.74
abc,158.94
abc,37.94
abc,96
abc,139.8
abc,74.64
abc,85.62
abc,80.1
abc,111.84
abc,108.42
abc,166.5
abc,116.88
abc,54
abc,117.15
abc,96.18
abc,126.8
abc,659.424
abc,170.64
abc,226.9
abc,110.6
abc,75.15
abc,178.56
abc,69.498
abc,101.12
abc,186.54
abc,40.4
abc,187.848
abc,96.66
abc,147.45
abc,108
abc,166.74
abc,167.268
abc,112.2
abc,109.32
abc,196.884
abc,95.85
abc,191.079
abc,62.61
abc,171
abc,130.68
abc,35.8
abc,145.152
abc,144.096
abc,190.44
abc,92.052
abc,88.35
abc,65.052
abc,73.26
abc,149.97
abc,115.96
abc,65.31
abc,34.68
abc,38.58
abc,102.33
abc,149.28
abc,137.94
abc,49.47
abc,124.56
abc,149.38
abc,210.69
abc,168.3
abc,53.406
abc,99.6
abc,91.134
abc,32.4
abc,50.22
abc,31.752
abc,162.96
abc,132.87
abc,108.36
abc,80.32
abc,88.44
abc,200.088
abc,123.8664
abc,276.2613
abc,181.8
abc,109.592
abc,92.88
abc,84.672
abc,238.08
abc,63.84
abc,85.47
abc,146.121
abc,169.68
abc,70.88
abc,48.96
abc,120
abc,122.58
abc,98.4
abc,161.1
abc,129.6
abc,121.92
abc,88.83
abc,138.96
abc,81.408
abc,156.1032
abc,145.32
abc,177.93
abc,195.72
abc,61.96
abc,124.32
abc,40.32
abc,169.68
abc,123.12
abc,91.68
abc,63.24
abc,99.2
abc,86.4
abc,154.5
abc,165.888
abc,73.92
abc,208.2375
abc,121.6116
abc,248.688
abc,273.3
abc,58.32
abc,160.92
abc,222.81
abc,41.463
abc,43.83
abc,133.488
abc,200.04
abc,179.46
abc,52.0566
abc,122.328
abc,249.95
abc,81.552
abc,74.352
abc,110.1
abc,74.49
abc,161.5
abc,67.92
abc,89.94
abc,55.86
abc,99.84
abc,70.2
abc,101.7
abc,91.176
abc,123.088
abc,105.72
abc,65.043
abc,63.504
abc,68.985
abc,435.26
abc,61.96
abc,138
abc,174.95
abc,61.44
abc,93.84
abc,217.32
abc,112.86
abc,92.04
abc,95.42
abc,94.32
abc,92.88
abc,185.8
abc,114.17
abc,146.58
abc,231.642
abc,256.5
abc,83.88
abc,146.352
abc,99.588
abc,75.48
abc,158.736
abc,99.3
abc,167.4
abc,126.96
abc,64
abc,74.208
abc,97.92
abc,85.5
abc,275.13
abc,117.126
abc,445.5
abc,93.888
abc,99.87
abc,48.6
abc,97.56
abc,144.2
abc,246.9
abc,84.9
abc,193.68
abc,169.44
abc,242.352
abc,36.784
abc,300.904
abc,91.475
abc,297.09
abc,121.84
abc,81.84
abc,135.48
abc,97.56
abc,188.76
abc,123.66
abc,133.29
abc,82.5
abc,42.84
abc,1113.264
abc,129.568
abc,115.74
abc,77.52
abc,168.2
abc,32.576
abc,184.76
abc,52.72
abc,118.2
abc,227.82
abc,190.296
abc,109.62
abc,145.557
abc,95.64
abc,95.616
abc,136.5
abc,124.146
abc,93.42
abc,136.38
abc,54.9
abc,62.72
abc,133.392
abc,88.68
abc,78.246
abc,80.46
abc,244.26
abc,34.101
abc,169.68
abc,85.3
abc,65.17
abc,71.632
abc,239.96
abc,184.752
abc,237.096
abc,82.32
abc,141.33
abc,93.84
abc,105.952
abc,166.92
abc,291
abc,192.375
abc,119.799
abc,107.94
abc,120.96
abc,68.892
abc,186
abc,134.91
abc,43.08
abc,96.84
abc,161.16
abc,55.5
abc,144.9
abc,162.64
abc,140.75
abc,115.89
abc,103.92
abc,224.82
abc,117.504
abc,88.3
abc,88.3
abc,57.3
abc,172.53
abc,78.84
abc,93.195
abc,94.38
abc,54.18
abc,57.528
abc,275.16
abc,53.9325
abc,94.98
abc,85.14
abc,152.118
abc,130.56
abc,88.776
abc,180.96
abc,109.53
abc,119.976
abc,194.7
abc,178.5
abc,96.256
abc,68.6
abc,158.6
abc,154.8
abc,123.93
abc,101.4135
abc,62.04
abc,70.308
abc,99.198
abc,128.9025
abc,163.3275
abc,169.56
abc,101.46
abc,66.48
abc,177.75
abc,67.92
abc,61.86
abc,177.68
abc,142.68
abc,124.416
abc,98.64
abc,64.8
abc,167.58
abc,137.44
abc,35.28
abc,80.1
abc,149.931
abc,118.32
abc,145.719
abc,155.372
abc,176.784
abc,155.34
abc,67.71
abc,36.792
abc,88.86
abc,107.82
abc,107.48
abc,78.8
abc,135.54
abc,137.16
abc,54.513
abc,140.436
abc,291.78
abc,186.786
abc,201.123
abc,257.64
abc,174.3
abc,60.75
abc,45
abc,49.6
abc,154.08
abc,95.28
abc,187.839
abc,73.35
abc,94.875
abc,101.412
abc,145.2168
abc,205.7286
abc,141.552
abc,214.656
abc,96.12
abc,169.28
abc,128
abc,121.5
abc,206.16
abc,104.16
abc,101.4
abc,131.49
abc,163.68
abc,147.96
abc,68.526
abc,324.48
abc,156.3728
abc,145.356
abc,200.04
abc,61.71
abc,52.86
abc,160
abc,83.016
abc,171.36
abc,79.11
abc,134.1
abc,195.39
abc,61.56
abc,155.04
abc,162.6093
abc,120.96
abc,157.8
abc,103.68
abc,223.96
abc,99.372
abc,114.72
abc,151.2
abc,56.76
abc,173.31268
abc,107.44
abc,139.77
abc,99.12
abc,125.82
abc,213.136
abc,221.16
abc,110.28
abc,72.567
abc,62.28
abc,67.36
abc,151.56
abc,155.34
abc,103.2
abc,206.712
abc,138.69
abc,75.04
abc,151.2
abc,172.98
abc,80.46
abc,101.88
abc,231.9
abc,118.713
abc,41.13
abc,53.91
abc,186.462
abc,96.42
abc,87.54
abc,52.08
abc,72.45
abc,148.17
abc,146.4
abc,40.32
abc,184.38
abc,109.92
abc,118.746
abc,313.56
abc,276.4656
abc,104.625
abc,103.77
abc,25.2
abc,176.4
abc,70.434
abc,98.64
abc,318.2544
abc,100
abc,46.2
abc,89.9
abc,59.82
abc,70.992
abc,178.38
abc,33.72
abc,135.2
abc,94.02
abc,82.6
abc,285.48
abc,31.08
abc,73.8
abc,49.08
abc,78.246
abc,118.1943
abc,49.02
abc,79.5
abc,112.92
abc,29.99
abc,98.352
abc,123.36
abc,229.56
abc,234.92
abc,154.624
abc,944.2
abc,125.36
abc,161.4
abc,284.16
abc,143.04
abc,89.55
abc,57.825
abc,60.696
abc,137.88
abc,108
abc,100.2
abc,90.99
abc,63.207
abc,38.46
abc,48.93
abc,76.96
abc,75.6
abc,296.73
abc,145.35
abc,143.79
abc,106.8
abc,59.16
abc,45.69
abc,118.44
abc,69.861
abc,31.74
abc,130.24
abc,333.234
abc,158.976
abc,115.5
abc,209.16
abc,85.905
abc,129.45
abc,102.93
abc,116.98
abc,184.752
abc,141.45
abc,87.76
abc,60.372
abc,164.7
abc,173.85
abc,57.84
abc,532.3992
abc,111.104
abc,34.944
abc,94.38
abc,87.96
abc,78.288
abc,62.34
abc,64.692
abc,77.4
abc,74.601
abc,85.995
abc,199.92
abc,94.5
abc,41.16
abc,168.372
abc,173.656
abc,101.328
abc,110.16
abc,69.04
abc,108.36
abc,80.1
abc,105.3375
abc,79.29
abc,34.2
abc,48.944
abc,128.52
abc,349.32
abc,136.64
abc,95.16
abc,163.98
abc,118.1565
abc,128.898
abc,83.862
abc,158.13
abc,101.34
abc,176.772
abc,204.9
abc,48.6
abc,98.52
abc,74.16
abc,130
abc,104.328
abc,152.28
abc,339.48
abc,110.2572
abc,57.825
abc,45.04
abc,103.68
abc,137.16
abc,415.71
abc,174.5184
abc,199.98
abc,47.976
abc,213.08
abc,68.112
abc,217.6
abc,76.544
abc,84.18
abc,266.22
abc,277.92
abc,24.12
abc,188.58
abc,72.675
abc,114.912
abc,158.571
abc,130.815
abc,76.776
abc,111.888
abc,128.058
abc,159.6
abc,76.51152
abc,382.21404
abc,77.472
abc,51.4
abc,200.97
abc,145.044
abc,204.66
abc,235.32
abc,82.8
abc,145.74
abc,90.86
abc,134.946
abc,37.296
abc,129.6
abc,154.044
abc,39.96
abc,164.025
abc,75.96
abc,121.905
abc,139.44
abc,91.512
abc,61.8
abc,170.28
abc,52.8
abc,69.15
abc,139.59
abc,73.92
abc,151.56
abc,139.968
abc,105.36
abc,124.62
abc,141.57
abc,100.95
abc,95.22
abc,115.83
abc,252.54
abc,219.075
abc,119.904
abc,108.66
abc,88.992
abc,75
abc,600.36
abc,58.44
abc,115.8
abc,122.985
abc,168.6825
abc,178.92
abc,111.84
abc,30.72
abc,176.94
abc,39.39
abc,55.74
abc,132.44
abc,91.08
abc,97.92
abc,90
abc,103.56
abc,67.86
abc,46.725
abc,125.73
abc,69.57
abc,200.88
abc,111.834
abc,54.6
abc,143.22
abc,68.4018
abc,154.08
abc,175.77
abc,89.64
abc,99.92
abc,115.02
abc,155.712
abc,88.224
abc,37.8
abc,74.08
abc,77.5
abc,151.38
abc,111.96
abc,93.18
abc,138.69
abc,66.96
abc,33.444
abc,71.97
abc,118.25
abc,177.536
abc,75.18
abc,103.04
abc,99.288
abc,134.46
abc,97.74
abc,129.285
abc,298.62
abc,161.64
abc,50.46
abc,124.02
abc,216.4
abc,175.95
abc,180.48
abc,73.1
abc,171.18
abc,123.579
abc,101.4408
abc,81.8712
abc,43.146
abc,83.34
abc,48.96
abc,319.56
abc,58.8
abc,50.8
abc,213.108
abc,163.44
abc,79.632
abc,126.48
abc,49.32
abc,242.25
abc,82.8
abc,138.6
abc,39.825
abc,113.04
abc,114.768
abc,147.184
abc,161.22
abc,154.98
abc,115.44
abc,67.1
abc,132.8319
abc,170.97
abc,99.9
abc,115.84
abc,87.78
abc,65.28
abc,40.368
abc,303.0664
abc,232.389
abc,116.8425
abc,23.16
abc,34.92
abc,190.98
abc,164.46
abc,115.74
abc,1371.42
abc,35.607
abc,203.88
abc,117.576
abc,192.5
abc,214.2
abc,123.12
abc,132.108
abc,142.592
abc,131.96
abc,87.3
abc,67.98
abc,87.156
abc,111.48
abc,70.794
abc,93.18
abc,82.386
abc,138.48
abc,305.472
abc,108.216
abc,42.16
abc,274.6407
abc,35.175
abc,95.904
abc,47.984
abc,181.68
abc,98.5
abc,97.578
abc,49.95
abc,143.37
abc,99.84
abc,85.32
abc,77.16
abc,160.776
abc,102.93
abc,109.69
abc,109.8
abc,124.32
abc,99.36
abc,132.15
abc,207.825
abc,186.84
abc,152.442
abc,130.59
abc,73.26
abc,78.304
abc,162.84
abc,138.48
abc,122.88
abc,167.58
abc,93.18
abc,99.4
abc,200.51816
abc,39.7
abc,152.766
abc,43.2
abc,116.1675
abc,121.104
abc,60.72
abc,117.48
abc,79.884
abc,32.96
abc,70.88
abc,78.96
abc,106.08
abc,49.929
abc,145.65
abc,71.928
abc,127.47
abc,158.58
abc,98.64
abc,158.76
abc,277.08
abc,90.3
abc,252
abc,309.12
abc,63.18
abc,105.312
abc,116
abc,77.98
abc,92.88
abc,158.328
abc,49.32
abc,194.1867
abc,147.96
abc,132.3
abc,209.6
abc,44.4
abc,101.76
abc,113.76
abc,112.92
abc,273.45
abc,192.87
abc,47.3
abc,60.54
abc,25.74
abc,137.208
abc,146.58
abc,64.824
abc,77.36
abc,107.4
abc,71.28
abc,178.605
abc,214.656
abc,94.2
abc,126.9
abc,77.52
abc,194.528
abc,108.72
abc,126.9
abc,171.968
abc,174
abc,52.38
abc,168
abc,91.152
abc,148.96
abc,75.78
abc,97.02
abc,79.38
abc,34.83
abc,112.725
abc,88.83
abc,120.024
abc,115.68
abc,143.976
abc,79.872
abc,51.63
abc,123.24
abc,258.24
abc,473.84
abc,84.69
abc,166.83
abc,124.95
abc,160.089
abc,58.104
abc,79.96
abc,163.62
abc,127.32
abc,251.008
abc,148.5
abc,178.78
abc,51.57
abc,108.2736
abc,98.88
abc,97.68
abc,33.66
abc,69.08
abc,48.94
abc,220.56
abc,165.12
abc,80.58
abc,52.104
abc,194.64
abc,201.84
abc,268.11
abc,108.36
abc,166.14
abc,151.2
abc,238.896
abc,54.9
abc,166.83
abc,29.268
abc,178.56
abc,137.472
abc,173.16
abc,4799.984
abc,311.04
abc,117.12
abc,93.18
abc,50.46
abc,116.88
abc,31.4
abc,37.44
abc,159.8
abc,156.744
abc,166.48
abc,145.8
abc,177.84
abc,78.57
abc,80.01
abc,53.676
abc,85.59
abc,146.82
abc,182.07
abc,52.2
abc,526.40508
abc,103.56
abc,144.75
abc,178.2
abc,230.5098
abc,90.9321
abc,169.725
abc,74.0781
abc,361.92
abc,454.9
abc,105.52
abc,32.19
abc,81.78
abc,195.264
abc,52.47
abc,88.74
abc,130.23
abc,116.76
abc,165.51
abc,141.04
abc,156.168
abc,141.825
abc,122.76
abc,111.9525
abc,337.23
abc,66.96
abc,157.41
abc,168.1
abc,55.328
abc,107.46
abc,90.36
abc,35.04
abc,63.808
abc,66
abc,33.57
abc,53.217
abc,188.37
abc,162.3228
abc,251.01
abc,247.59
abc,104.88
abc,278.7
abc,136.38
abc,81.45
abc,74.655
abc,86.94
abc,90.4617
abc,142.86
abc,227.36
abc,97.56
abc,141.48
abc,101.16
abc,98.82
abc,64.8
abc,30.352
abc,113.76
abc,209.5
abc,87.264
abc,88.44
abc,182.16
abc,256.8
abc,115.92
abc,146.79
abc,73.656
abc,302.2908
abc,137.916
abc,123.24
abc,80.16
abc,168.2
abc,117.92
abc,125.82
abc,34.02
abc,100.74
abc,105.96
abc,55.4751
abc,51.138
abc,147.33
abc,39.54
abc,166.92
abc,75.92
abc,167.34
abc,54.432
abc,247.5
abc,222.6
abc,66.9
abc,129.93
abc,122.94
abc,148.65
abc,86.604
abc,27.864
abc,219.28
abc,148.284
abc,72.99
abc,127.26
abc,129.15
abc,98.22
abc,87.96
abc,86.352
abc,198.9
abc,60.6
abc,421.47536
abc,99.108
abc,382.14
abc,134.37
abc,316.3275
abc,144.72
abc,283.662
abc,76.7169
abc,81.324
abc,35.1
abc,139.92
abc,42.76
abc,146.04
abc,37.76
abc,350.58
abc,101.76
abc,96.84
abc,72
abc,67.05
abc,33.3
abc,114.075
abc,127.08
abc,69.516
abc,58.752
abc,90.48
abc,53.04
abc,168.1
abc,143.97
abc,96.6
abc,50.52
abc,195.76
abc,156.624
abc,57.78
abc,103.356
abc,80.1
abc,155.88
abc,93.03
abc,112.08
abc,89.4408
abc,75.708
abc,79.96
abc,181.95
abc,158.376
abc,109.9
abc,105.584
abc,200.64
abc,121.92
abc,141.354
abc,169.92
abc,223.87136
abc,88.56
abc,122.13
abc,173.556
abc,109.9485
abc,120.96
abc,60.768
abc,119.96
abc,818.02
abc,125.44
abc,145.32
abc,146.523
abc,146.7
abc,76.482
abc,62.925
abc,114.9384
abc,48.48
abc,142.08
abc,43.95
abc,63.168
abc,87.78
abc,77.94
abc,53.04
abc,159.624
abc,253.95
abc,109.998
abc,114.84
abc,160.38
abc,87.9
abc,61.632
abc,30.072
abc,104.68
abc,350.352
abc,116.28
abc,128.85
abc,108.66
abc,275.58
abc,126.8
abc,64.84
abc,522.51288
abc,84.564
abc,74.556
abc,55.188
abc,81.84
abc,121.08
abc,56.82
abc,86.76
abc,202.1808
abc,108
abc,158.4
abc,43.86
abc,43.176
abc,158.22
abc,97.56
abc,58.56
abc,137.58
abc,157.23
abc,100.404
abc,199.95
abc,64.784
abc,199.44
abc,97.36
abc,60.06
abc,75.536
abc,59.4
abc,110.1
abc,318.5622
abc,125.73
abc,73.224
abc,123.93
abc,89.4
abc,105.24
abc,253.206
abc,91.962
abc,297.432
abc,97.82
abc,93.6
abc,64.4
abc,747.18
abc,75.36
abc,62.46
abc,26.76
abc,99.792
abc,138.8241
abc,164.349
abc,287.9436
abc,134.288
abc,143.1
abc,137.34
abc,94.44
abc,136.64
abc,175.875
abc,41.92
abc,84.96
abc,193.56
abc,52.92
abc,55.824
abc,54.6
abc,141.288
abc,34.7
abc,103.14
abc,83.4
abc,82.89
abc,70.05
abc,65.28
abc,34.29
abc,51.111
abc,159.165
abc,96.36
abc,75.96
abc,54.18
abc,48.06
abc,128.8
abc,60.39
abc,268.812
abc,124.44
abc,121.275
abc,104.463
abc,88.74
abc,118.935
abc,175.9176
abc,84.96
abc,137.58
abc,122.76
abc,84.48
abc,36.32
abc,121.92
abc,132.15
abc,77.7
abc,244.8
abc,47.25
abc,78.327
abc,37.38
abc,68.607
abc,157.8225
abc,178.32
abc,142.4
abc,78.99
abc,127.8
abc,341.94
abc,66.88
abc,55.92
abc,85.62
abc,105.72
abc,216
abc,119.25
abc,168.3
abc,159.444
abc,70.68
abc,60.89
abc,73.2
abc,147.663
abc,380.916
abc,338.6616
abc,53.16
abc,123.92
abc,41.4
abc,206.4
abc,77.472
abc,97.236
abc,146.736
abc,194.4
abc,121.9212
abc,36.288
abc,74.79
abc,89.97
abc,85.32
abc,43.92
abc,130.32
abc,85.464
abc,201
abc,114.78
abc,67.8
abc,142.2
abc,136.95
abc,149.58
abc,149.28
abc,95.736
abc,27.36
abc,111.79
abc,101.34
abc,65.568
abc,102.696
abc,64.3
abc,76.08
abc,54.12
abc,112.62
abc,101.58
abc,162.54
abc,50.7
abc,120.5658
abc,122.94
abc,111.3
abc,255.984
abc,119.833
abc,156.456
abc,56.46
abc,121.32
abc,25.29
abc,88.155
abc,35.44
abc,109.848
abc,143.325
abc,151.875
abc,262.14
abc,97.88
abc,43.02
abc,66.96
abc,150.744
abc,112.32
abc,79.74
abc,124.593
abc,74.655
abc,95.976
abc,170.136
abc,96.42
abc,109.98
abc,126.375
abc,72.009
abc,74.565
abc,253.3635
abc,56.448
abc,69.98
abc,58.08
abc,230.22
abc,194.4
abc,109.272
abc,255.45
abc,123.6534
abc,142.182
abc,89.442
abc,51.9
abc,44.496
abc,196.02
abc,123.93
abc,172.98
abc,132.84
abc,95.418
abc,64.233
abc,31.0365
abc,155.7
abc,54.918
abc,81.08
abc,109.74
abc,122.88
abc,175.32
abc,139.572
abc,170.3
abc,73.44
abc,29.55
abc,179.172
abc,315.18
abc,94.65
abc,92.94
abc,96.9
abc,64.68
abc,117.4472
abc,51.68
abc,86.688
abc,149.58
abc,39.54
abc,168.318
abc,136.5
abc,136.784
abc,56.736
abc,266.895
abc,41.352
abc,59.85
abc,115.425
abc,102.42
abc,99.696
abc,128.4
abc,68.52
abc,59.98
abc,61.02
abc,47.952
abc,136.74
abc,46.41
abc,37.5
abc,124.32
abc,115.08
abc,79.74
abc,125.37
abc,64.2765
abc,192.555
abc,236.97
abc,166.92
abc,74.72
abc,48.7
abc,123.76
abc,88.11
abc,85.23
abc,462.132
abc,170.88
abc,106.1055
abc,70.08
abc,56.64
abc,127.869
abc,162.54
abc,70.95
abc,100.8
abc,110.808
abc,260.88
abc,111.984
abc,98.88
abc,84.978
abc,45.216
abc,176.94
abc,142.2
abc,122.892
abc,24.72
abc,51.81
abc,102.1149
abc,110.096
abc,125.99
abc,196.784
abc,145.32
abc,84.84
abc,53.64
abc,163.32
abc,138.36
abc,152.704
abc,80.01
abc,172.692
abc,77.67
abc,126.78
abc,226.08
abc,132.15
abc,343.77
abc,135.594
abc,31.104
abc,103.14
abc,133.2
abc,145.26
abc,114.34
abc,153.6
abc,87.42
abc,105.552
abc,99.95
abc,159.98
abc,45.75
abc,41.73
abc,97.74
abc,136.5936
abc,132.048
abc,172.8
abc,94.05
abc,78.57
abc,122.12
abc,153.36
abc,145.9
abc,152.22
abc,104.02
abc,82.84
abc,111.84
abc,155.7
abc,146.85
abc,118.35
abc,120.096
abc,137.088
abc,94.788
abc,93.98
abc,110.352
abc,83.7
abc,197.05
abc,96.6
abc,94.896
abc,102.72
abc,67.176
abc,23.94
abc,128.88
abc,157.2848
abc,55.36
abc,166.1
abc,42.72
abc,107.82
abc,151.56
abc,58.56
abc,127.88
abc,65.22
abc,117.96
abc,63.84
abc,183.92
abc,114.3
abc,65.28
abc,146.736
abc,82.35
abc,187.986
abc,74.52
abc,126.9135
abc,74.6505
abc,84.06
abc,59.52
abc,69.5
abc,61
abc,83.92
abc,203.92
abc,61.2
abc,102.84
abc,168.3
abc,146.736
abc,104.196
abc,107.64
abc,48.632
abc,64.68
abc,382.51668
abc,85.14
abc,52.74
abc,39.555
abc,280.125
abc,116.55
abc,81.66
abc,63.18
abc,81.92
abc,44.67
abc,87.96
abc,61.38
abc,97.32
abc,142.08
abc,57
abc,127.47
abc,65.28
abc,49.968
abc,143.04
abc,83.88
abc,97.578
abc,95.49
abc,143.316
abc,87.71
abc,102.24
abc,74.55
abc,44.784
abc,148.104
abc,66.015
abc,120.888
abc,102.9
abc,150.09
abc,132.0495
abc,53.676
abc,109.8
abc,27.216
abc,89.34
abc,46.98
abc,30.4
abc,82.22
abc,49.296
abc,119.55
abc,84.159
abc,116.4
abc,174.96
abc,289.26
abc,73.3785
abc,100.116
abc,189.432
abc,43.8
abc,230.67252
abc,112.54
abc,96
abc,219.996
abc,36.882
abc,105.584
abc,38.388
abc,195.136
abc,66.048
abc,101.58
abc,91.424
abc,79.44
abc,97.8
abc,114.76728
abc,147.712
abc,135.57856
abc,98.76
abc,109.38
abc,149.22
abc,127.17
abc,101.412
abc,87.2496
abc,51.81
abc,56.46
abc,94.38
abc,272.5
abc,124.5
abc,102.32
abc,152.28
abc,37.26
abc,87.84
abc,116.64
abc,109.48
abc,49.842
abc,108.42
abc,100.864
abc,122.43
abc,82.32
abc,125.064
abc,33.9
abc,146.364
abc,100.2
abc,272.24
abc,154.89
abc,313.4205
abc,110.784
abc,142.68
abc,37.395
abc,51.48
abc,69.264
abc,149.95
abc,69.84
abc,49.32
abc,79.875
abc,48
abc,80.952
abc,59.52
abc,325.08
abc,253.92
abc,56.124
abc,245.98
abc,41.91
abc,64.02
abc,89.6
abc,132.84
abc,116.76
abc,97.6
abc,114.66
abc,114.75
abc,135.999
abc,57.6
abc,51.968
abc,71.96
abc,169.74
abc,95
abc,150.72
abc,311.4
abc,70.05
abc,33.39
abc,61.8
abc,190.8
abc,68.4
abc,34.95
abc,259.896
abc,75.76
abc,74.88
abc,89.73
abc,72.765
abc,269.244
abc,120.366
abc,118.65
abc,90.24
abc,158.4
abc,114
abc,100.26
abc,98.04
abc,134.136
abc,98.7525
abc,60.8334
abc,94.8
abc,109.095
abc,159.98
abc,101.016
abc,28.26
abc,98.46
abc,146.064
abc,159.84
abc,113.304
abc,137.22
abc,95.22
abc,88.128
abc,115.11
abc,201.447
abc,39.816
abc,192.16
abc,246.3
abc,115.92
abc,122.61
abc,174.24
abc,173.76
abc,101.76
abc,168.24
abc,98.4
abc,147.492
abc,117.18
abc,82.89
abc,125.793
abc,322.1271
abc,50.112
abc,115.296
abc,32.368
abc,62.07
abc,37.2
abc,154.7
abc,117.6
abc,115.56
abc,47.01
abc,135.28
abc,73.2
abc,136.62
abc,65.16
abc,225.84
abc,88.35
abc,76.32
abc,90.93
abc,67.56
abc,70.7
abc,197.7
abc,47.82
abc,58.4073
abc,115.44
abc,76.9401
abc,262.935
abc,119.96
abc,66.976
abc,197.91
abc,151.2
abc,506.6
abc,82.86
abc,97.26
abc,100.62
abc,59.7
abc,244.08
abc,71.685
abc,161.94
abc,49.53
abc,79.4
abc,79.92
abc,134.99
abc,100.24
abc,76.12
abc,50.46
abc,100.26
abc,80.3
abc,79.456
abc,114.92
abc,108.48
abc,150.304
abc,54.216
abc,191.49
abc,89.568
abc,49.848
abc,254.58
abc,43.164
abc,75.6
abc,44.1
abc,77.91
abc,204.9
abc,193.95
abc,118.16
abc,159.98
abc,55.776
abc,90.3
abc,75.36
abc,193.28
abc,180.736
abc,59.4
abc,195.78
abc,83.79
abc,158.58
abc,96.66
abc,108.396
abc,80.01
abc,123.552
abc,113.94
abc,52.59
abc,121.05
abc,206.4
abc,150.804
abc,121.32
abc,81.6
abc,158.58
abc,92.7
abc,62.85
abc,60.42
abc,42.45
abc,72
abc,70.308
abc,31.935
abc,97.713
abc,51.408
abc,103.3461
abc,65.124
abc,79.984
abc,62.94
abc,102.54
abc,90.96
abc,100.92
abc,122.91
abc,146.52
abc,122.91
abc,51.4
abc,129.06
abc,166.8
abc,89.58
abc,83.88
abc,87.534
abc,134.37
abc,196.83
abc,77.88
abc,167.968
abc,127.554
abc,135.09
abc,144.27
abc,90.936
abc,74.7
abc,149.13
abc,91.44
abc,69.3
abc,37.764
abc,42.784
abc,59.7
abc,153.552
abc,151.92
abc,143.976
abc,50.12
abc,124.29
abc,144.56
abc,89.4
abc,88.65
abc,60.6
abc,133.5
abc,138.96
abc,138.915
abc,70.875
abc,106.68
abc,242.624
abc,71.22
abc,55.14
abc,98.86188
abc,100.992
abc,120.64
abc,27.36
abc,219.672
abc,58.44
abc,58.44
abc,38.85
abc,83.4
abc,118.224
abc,31.44
abc,33.94
abc,99.98
abc,148.59
abc,63
abc,196.968
abc,84.52
abc,99.54
abc,229.446
abc,122.115
abc,102.78
abc,66.75
abc,150.66
abc,322.1271
abc,316.764
abc,251.7
abc,34.79
abc,196.8
abc,57.402
abc,111.552
abc,130.26
abc,87.42
abc,60.6
abc,84.78
abc,92.82
abc,155.25
abc,82.7595
abc,69.52
abc,214.2
abc,65.22
abc,100.08
abc,139.77
abc,387.224
abc,84.8
abc,90.848
abc,136.38
abc,88.83
abc,91.35
abc,249.1344
abc,159.4098
abc,42.1191
abc,108.336
abc,55.6
abc,28.23
abc,137.16
abc,54.636
abc,165.54824
abc,127.296
abc,38.34
abc,49.5
abc,47.52
abc,149.76
abc,180.396
abc,143.37
abc,176.8
abc,88.04
abc,68.07
abc,161.22
abc,29.55
abc,287.24436
abc,90.3
abc,144.48
abc,131.2
abc,142.2
abc,100.17
abc,176.49
abc,132.9075
abc,51.312
abc,105.552
abc,60.12
abc,103.08
abc,220.536
abc,108.42
abc,61.38
abc,105.06
abc,54.18
abc,46.2
abc,47.856
abc,57
abc,136.2
abc,134.9478
abc,41.58
abc,128.334
abc,48.804
abc,123.72
abc,46.9974
abc,57.6
abc,111.79
abc,81.568
abc,113.28
abc,97.26
abc,30.48
abc,103.68
abc,153.81
abc,107.4
abc,254.6772
abc,103.92
abc,145.568
abc,56.328
abc,40.32
abc,79.29
abc,56.58
abc,683.25
abc,76.14
abc,504.36
abc,96.66
abc,87.6
abc,109.8
abc,30.564
abc,155.94
abc,38.16
abc,70.47
abc,180.72
abc,130.5
abc,84.672
abc,356.16
abc,121.2
abc,80.865
abc,85.05
abc,387
abc,92.064
abc,246.1328
abc,129.93
abc,111.04
abc,203.16
abc,170.19
abc,46.494
abc,146.94
abc,95.76
abc,70.596
abc,171.2
abc,79.92
abc,143.046
abc,107.44
abc,100.5
abc,125.34
abc,78.12
abc,118.2
abc,80
abc,191.85552
abc,130.56
abc,67.584
abc,141.288
abc,57.4
abc,135.7
abc,102.72
abc,171.153
abc,109.8
abc,53.568
abc,147.69
abc,118.746
abc,144.1458
abc,80.622
abc,57.8925
abc,66.294
abc,87.84
abc,32.64
abc,161.1
abc,47.776
abc,144.27
abc,72.27
abc,136.566
abc,54.6405
abc,61.92
abc,83.984
abc,241.332
abc,35.568
abc,114.52
abc,70.464
abc,128.22
abc,76.85496
abc,85.44
abc,136.35
abc,51.63
abc,176.4
abc,162.84
abc,117.288
abc,160.96
abc,31.05
abc,97.56
abc,121.5
abc,81.42
abc,37.08
abc,107.82
abc,88.68
abc,59.64
abc,102.87
abc,165.9
abc,53.91
abc,105.72
abc,157.464
abc,304.2405
abc,79.992
abc,109.998
abc,229.544
abc,57.96
abc,54.12
abc,146.82
abc,121.08
abc,41.7
abc,198.732
abc,30.528
abc,205.92
abc,111.28
abc,34.38
abc,125.1
abc,113.64
abc,267.3
abc,124.092
abc,145.89
abc,40.68
abc,83.88
abc,101.976
abc,81.28
abc,52.44
abc,117.12
abc,130.62
abc,106.68
abc,124.41
abc,113.952
abc,112.86
abc,81.9
abc,44.928
abc,26.22
abc,61.62
abc,45.36
abc,74
abc,81.96
abc,330.588
abc,38.112
abc,203.52
abc,29.85
abc,144.096
abc,40.576
abc,131.58
abc,122.067
abc,100.92
abc,175.92
abc,124.68
abc,119.07
abc,218.64
abc,86.22
abc,132
abc,159.2
abc,97.24
abc,80.28
abc,112.35
abc,303.825
abc,135.72
abc,33.66
abc,88.128
abc,140.7597
abc,71.172
abc,58.0509
abc,96.66
abc,40.176
abc,85.246
abc,92.94
abc,54
abc,363.06
abc,30.48
abc,64.96
abc,156.28032
abc,69.12
abc,102.9
abc,130.458
abc,125.25
abc,62.4
abc,188.16
abc,71.52
abc,136.242
abc,98.9175
abc,85.32
abc,110.04
abc,126.4
abc,40.14
abc,127.7
abc,97.2
abc,111.06
abc,126.45
abc,184.8
abc,58.2
abc,180.6
abc,205.03
abc,159.984
abc,55.44
abc,111.984
abc,52.86
abc,213.528
abc,55.92
abc,561
abc,112.824
abc,49.08
abc,86.4
abc,73.95
abc,123.48
abc,151.236
abc,33.18
abc,47.682
abc,67.5
abc,54.72
abc,109.665
abc,97.264
abc,166.45
abc,62.88
abc,83.46
abc,86.96
abc,169.92
abc,252.3
abc,283.2
abc,61.84
abc,263.655
abc,152.82
abc,88.74
abc,49.0779
abc,127.584
abc,115.416
abc,91.152
abc,30.288
abc,48.84
abc,47.04
abc,96.6
abc,42.18
abc,105.52
abc,238.68
abc,136.152
abc,173.79
abc,52.218
abc,120.666
abc,167.84
abc,195.136
abc,62.16
abc,116.04
abc,29.28
abc,110.48
abc,116.025
abc,193.68
abc,102.69
abc,91.2024
abc,86.94
abc,64.557
abc,85.056
abc,79.992
abc,58.416
abc,206.76
abc,81.03
abc,120.84
abc,111.84
abc,137.088
abc,141.678
abc,171.9096
abc,125.19
abc,133.02
abc,116.388
abc,81.96
abc,93
abc,44.13
abc,151.52
abc,37.32
abc,219.6
abc,50.25
abc,151.74
abc,135.324
abc,133.65
abc,174.42
abc,191.968
abc,88.44
abc,130.62
abc,43.92
abc,229.12
abc,225.24
abc,109.08
abc,126.75
abc,149.58
abc,134.217
abc,83.439
abc,98.07
abc,105.912
abc,146.7
abc,144.18
abc,83.4
abc,177.36
abc,77.52
abc,118.86
abc,155.52
abc,47.304
abc,87.7476
abc,52.8
abc,47.52
abc,122.352
abc,158.928
abc,100.02
abc,70.728
abc,97.74
abc,110.16
abc,53.28
abc,74.094
abc,93.96
abc,106.08
abc,166.89
abc,95.04
abc,70.34252
abc,73.536
abc,124.8
abc,125.37
abc,27.2
abc,79.356
abc,30.744
abc,285.12
abc,143.13
abc,109.95
abc,54.66
abc,97.02
abc,93.06
abc,164.6
abc,42.96
abc,211.992
abc,66.22
abc,62.64
abc,170.52
abc,455.49
abc,148.8
abc,38.31
abc,88.53
abc,144.096
abc,99.72
abc,121.2
abc,54.48
abc,99.72
abc,103.95
abc,135.63
abc,49.3515
abc,89.16
abc,76.896
abc,34.47
abc,55.35
abc,90.9348
abc,83.7894
abc,42.616
abc,95.984
abc,159.96
abc,340.38
abc,131.568
abc,101.04
abc,178.56
abc,176.84
abc,106.816
abc,116.712
abc,100.4
abc,64.26
abc,75.006
abc,83.28
abc,185.598
abc,49.59
abc,164.99
abc,156.512
abc,99.98
abc,118.8
abc,140.76
abc,53.12
abc,65.7
abc,68.67
abc,121.8
abc,146.475
abc,133.29
abc,368.55
abc,100.2
abc,29.28
abc,82.863
abc,79.08
abc,46.32
abc,54.792
abc,102.018
abc,151.2
abc,142.74
abc,73.44
abc,67.28
abc,80.352
abc,69.444
abc,180.0837
abc,55.506
abc,261.74
abc,84.96
abc,59.6
abc,151.68
abc,96.165
abc,83.67
abc,286.8
abc,108.276
abc,94.284
abc,106.542
abc,148.41
abc,204.85
abc,113.82
abc,106.8
abc,76.176
abc,319.77
abc,113.76
abc,99.48
abc,58.8
abc,69.12
abc,94.08
abc,126.45
abc,93.6006
abc,77.72
abc,97.8
abc,609.48
abc,94.9
abc,109.008
abc,79.596
abc,135.09
abc,159.732
abc,157.32
abc,97.696
abc,35.808
abc,49.32
abc,134.16
abc,103.584
abc,148.44
abc,60.92
abc,195.66
abc,91.38
abc,85.35
abc,106.32
abc,136.14
abc,122.148
abc,143.13
abc,88.2
abc,112.68
abc,74.624
abc,116.55
abc,184.95
abc,84.96
abc,74.763
abc,79.56
abc,110.25
abc,141.507
abc,169.65
abc,103.92
abc,99
abc,51.75
abc,130.32
abc,95.16
abc,60.66
abc,68.56
abc,181.116
abc,129.519
abc,70.2
abc,170.91
abc,44.55
abc,114.2
abc,88.832
abc,230.376
abc,90.48
abc,37.59
abc,163.38
abc,336.24
abc,190.62
abc,229.44
abc,146.448
abc,69.3399
abc,172.206
abc,1127.976
abc,244.55
abc,93.456
abc,97.568
abc,67.86
abc,62.65
abc,113.76
abc,100.5
abc,461.3
abc,132.132
abc,163.38
abc,54.456
abc,114.24
abc,122.22
abc,74.49
abc,53.4
abc,201.84
abc,67.86
abc,33.48
abc,77.4
abc,102.546
abc,147.69
abc,157.59
abc,283.608
abc,154.9
abc,36.624
abc,76.452
abc,143.13
abc,66.24
abc,44.752
abc,87.984
abc,53.496
abc,146.79
abc,108.24
abc,149.352
abc,36.192
abc,81.94
abc,198.272
abc,40.5
abc,38.52
abc,138.432
abc,118.65
abc,75.96
abc,146.79
abc,136.344
abc,123.06
abc,103.302
abc,91.476
abc,47.385
abc,37.92
abc,97.86
abc,142.74
abc,96.984
abc,45.7662
abc,87.582
abc,129.276
abc,63.984
abc,81.2
abc,32.54
abc,145.764
abc,56.58
abc,128.88
abc,96
abc,109.92
abc,53.208
abc,43.164
abc,72.144
abc,41.16
abc,90.96
abc,112.62
abc,126.24
abc,52.272
abc,53.622
abc,226.56
abc,71.92
abc,127.785
abc,198.45
abc,94.08
abc,83.2
abc,129.12
abc,136.608
abc,122.7
abc,106.218
abc,321.568
abc,265.11
abc,189.6
abc,137.34
abc,175.36856
abc,103.08
abc,44.2
abc,83.52
abc,155.52
abc,71.1
abc,274.8
abc,189.96
abc,50.46
abc,76.923
abc,123.8526
abc,51.624
abc,39.3324
abc,32.4
abc,65.232
abc,53.04
abc,103.77
abc,51.54
abc,78.816
abc,212.94
abc,62.136
abc,59.78
abc,84.1
abc,151.875
abc,104.463
abc,63.27
abc,62.64
abc,129.843
abc,31.36
abc,270.9
abc,76.74
abc,99.7248
abc,173.37
abc,40.99
abc,65.13
abc,51.66
abc,52.02
abc,84.84
abc,132.39
abc,69.84
abc,36.27
abc,102.592
abc,79.984
abc,27.92
abc,52.792
abc,194.352
abc,48.96
abc,220.08
abc,126.384
abc,115.86
abc,151.92
abc,175.56
abc,100.2
abc,87.318
abc,139.125
abc,60.312
abc,58.408
abc,110.232
abc,70.56
abc,115.065
abc,52.2
abc,108.216
abc,166.131
abc,56.85
abc,137.94
abc,65.12
abc,142.152
abc,68.172
abc,110.28
abc,113.04
abc,101.46
abc,58.2
abc,108.92
abc,494.64
abc,105.72
abc,74.205
abc,107.76
abc,90.5877
abc,66.9312
abc,32.4
abc,110.97
abc,151.188
abc,273.48
abc,103.2
abc,146.1
abc,252.3
abc,81.45
abc,79.74
abc,134.622
abc,75.84
abc,141.63
abc,112
abc,69.3
abc,51.16
abc,103.5
abc,68.67
abc,114.84
abc,54.6
abc,89.46
abc,62.568
abc,48.195
abc,166.284
abc,411.332
abc,180.016
abc,35
abc,95.976
abc,125.13
abc,57.6
abc,166.92
abc,49.32
abc,90.24
abc,143.36
abc,41.44
abc,204.75
abc,110.484
abc,80.676
abc,121.8855
abc,95.1
abc,91.36
abc,44.604
abc,54.18
abc,26.46
abc,57.39
abc,108.912
abc,70.38
abc,88.47
abc,42.09
abc,258
abc,93.18
abc,128.37
abc,63.87
abc,155.1165
abc,30.51
abc,106.232
abc,120
abc,115.36
abc,67.572
abc,58.74
abc,178.24
abc,74.4
abc,50.96
abc,96.6
abc,48.357
abc,26.325
abc,119.46
abc,147.69
abc,121.104
abc,79.92
abc,22.8
abc,117.12
abc,80.832
abc,175.68
abc,50.58
abc,75.8
abc,74.07
abc,90.45
abc,132.9
abc,141.03
abc,48.96
abc,98.64
abc,64.8
abc,101.04
abc,114.225
abc,43.362
abc,183.0648
abc,48.96
abc,116.883
abc,220.2
abc,55.944
abc,126.09
abc,65.22
abc,110.04
abc,110.04
abc,254.94
abc,75.42
abc,46.1
abc,55.36
abc,61.18
abc,795.2064
abc,103.2
abc,138.96
abc,146.88
abc,131.22
abc,207.36
abc,56.412
abc,113.82
abc,107.4
abc,107.55
abc,121.08
abc,205.74
abc,49.59
abc,142.02
abc,109.296
abc,144.42
abc,49.02
abc,102.84
abc,79.74
abc,261.78
abc,47.52
abc,61.56
abc,1048.8
abc,99.528
abc,135.45
abc,174.286
abc,122.97
abc,101.994
abc,52.59
abc,95.28
abc,44.82
abc,217.98
abc,103.896
abc,133.2
abc,123.072
abc,262.089
abc,80.757
abc,75.6
abc,46.44
abc,88.404
abc,62.4
abc,58.9632
abc,80.28
abc,110.96
abc,23.4
abc,35.76
abc,151.68
abc,65.28
abc,49.56
abc,61.08
abc,194.74
abc,101.7
abc,112.6755
abc,55.0539
abc,180.48
abc,454.56
abc,83.97
abc,151.98
abc,41.7
abc,96.9
abc,90.048
abc,106.05
abc,47.49
abc,109.095
abc,107.46
abc,85.32
abc,86.304
abc,46.64
abc,60.312
abc,59.52
abc,38.16
abc,127.89
abc,44.256
abc,108.6288
abc,87.4
abc,146.544
abc,179.7
abc,113.76
abc,146.76
abc,43.011
abc,48.576
abc,75
abc,272.7
abc,80.1
abc,120
abc,118.86
abc,57.87
abc,62.55
abc,141.66
abc,112.05
abc,225.99
abc,97.038
abc,119.8
abc,218.352
abc,65.28
abc,232.62
abc,73.08
abc,84.5
abc,100.764
abc,146.688
abc,73.52
abc,102.78
abc,102.78
abc,55.92
abc,63.3
abc,139.14
abc,62.58
abc,174.24
abc,103.08
abc,44.64
abc,88.1
abc,82.16
abc,94.2
abc,109.32
abc,93.33
abc,222.282
abc,75.5988
abc,73.656
abc,70.56
abc,110.11
abc,91.71
abc,444.88
abc,119.472
abc,87.3
abc,511.264
abc,101.52
abc,39.6
abc,88.2
abc,57.195
abc,103.2
abc,127.71
abc,47.1753
abc,167.952
abc,47.98
abc,37.84
abc,94.68
abc,197.28
abc,93.42
abc,95.85
abc,83.84
abc,133.696
abc,66.768
abc,35.712
abc,108.04
abc,156.546
abc,27.06
abc,191.835
abc,29.1
abc,82.56
abc,175.4703
abc,140.67
abc,160.272
abc,63.84
abc,76.68
abc,157.794
abc,34.944
abc,229.56
abc,133.11
abc,23.34
abc,69.804
abc,320.6115
abc,29.4
abc,48.5109
abc,74.55
abc,69.012
abc,88.83
abc,166.8
abc,49.44
abc,49.95
abc,117
abc,109.35
abc,134.73
abc,159.96
abc,78.304
abc,71.976
abc,40.122
abc,57.36
abc,61.92
abc,56.112
abc,26.88
abc,137.84
abc,59.94
abc,90.12
abc,168.63
abc,91.692
abc,78.66
abc,80.52
abc,86.96
abc,87.84
abc,72.24
abc,112.35
abc,152.4
abc,58.44
abc,45.846
abc,34.5114
abc,40.095
abc,179.82
abc,206.43
abc,96.96
abc,50.46
abc,123.6
abc,264.06
abc,47.4
abc,85.26
abc,68.72
abc,50.52
abc,31.86
abc,67.776
abc,85.32
abc,136.9
abc,63.48
abc,56.97
abc,73.425
abc,69.84
abc,84.3972
abc,32.508
abc,85.224
abc,147.184
abc,51.98
abc,18.48
abc,115.96
abc,90.882
abc,86.928
abc,90.96
abc,105.6
abc,58.32
abc,58.02
abc,48.06
abc,135.72
abc,171.84
abc,47.4
abc,66.36
abc,94.08
abc,255.42
abc,155.88
abc,228.96
abc,92.7
abc,79.36
abc,60.6
abc,196.98
abc,99.96
abc,51.948
abc,78.048
abc,252.41416
abc,82.032
abc,27
abc,67.92
abc,47.64
abc,58.752
abc,26.73
abc,111.375
abc,41.85
abc,266.04
abc,60.45
abc,61.776
abc,59.904
abc,209.97
abc,97.88
abc,175.44
abc,110.528
abc,70.95
abc,134.61
abc,124.5
abc,138.24
abc,57.96
abc,58.8
abc,176.88
abc,84.84
abc,215.541
abc,38.556
abc,195.64
abc,100.8
abc,53.7
abc,76.74
abc,218.592
abc,67.92
abc,70.2
abc,56.97
abc,139.125
abc,136.2
abc,65.772
abc,131.76
abc,94.428
abc,77.6
abc,190.896
abc,70.74
abc,77.616
abc,188.256
abc,90
abc,63.36
abc,43.83
abc,101.4
abc,97.68
abc,94.65
abc,130.284
abc,73.8
abc,95.64
abc,184.464
abc,52.776
abc,96.784
abc,69.456
abc,48.87
abc,62.16
abc,98.88
abc,146.64
abc,51.7
abc,185.856
abc,40.008
abc,181.17
abc,249.9
abc,127.71
abc,71.199
abc,31.92
abc,79.533
abc,50.22
abc,59.04
abc,204.15
abc,80.736
abc,133.12
abc,80.58
abc,102.72
abc,97.52
abc,106.16
abc,52.488
abc,53.28
abc,52.86
abc,100.74
abc,81.375
abc,67.23
abc,152.442
abc,60.3
abc,221.85
abc,147.78
abc,68.796
abc,89.99
abc,99.918
abc,124.032
abc,91.098
abc,54.66
abc,84.256
abc,174.12
abc,33
abc,93.69
abc,64.2
abc,86.535
abc,74.9988
abc,43.8
abc,642.78
abc,49.1787
abc,101.61
abc,89.568
abc,134.85
abc,61.4
abc,70.97
abc,90.612
abc,144.33
abc,69.96
abc,58.716
abc,137.22
abc,131.76
abc,396.252
abc,154.872
abc,123.72
abc,99.12
abc,45.248
abc,62.016
abc,65.16
abc,41.43
abc,118.2
abc,114.78
abc,73.08
abc,57.28
abc,213.78
abc,51.78
abc,81.42
abc,186.36
abc,92.421
abc,143.1
abc,50.94
abc,146.79
abc,131.223
abc,68.67
abc,98.22
abc,84.56
abc,25.12
abc,20.2
abc,199.392
abc,103.38
abc,55.566
abc,165.42
abc,101.1
abc,135.168
abc,111.3
abc,108.42
abc,549.99
abc,108.576
abc,141.9
abc,195.444
abc,97.92
abc,105.44
abc,80.82
abc,79.2
abc,137.34
abc,123.9405
abc,115.236
abc,86.97
abc,109.9
abc,25.99
abc,112.92
abc,117.66
abc,93.94
abc,1245.6
abc,50.16
abc,99.3012
abc,53.55
abc,166.5
abc,71.2161
abc,67.35
abc,124.2
abc,163.764
abc,52.59
abc,65.136
abc,88.68
abc,51.12
abc,82.863
abc,56.52
abc,177.3
abc,59.994
abc,121.9848
abc,90.504
abc,188.76
abc,39.66
abc,48.45
abc,172.08
abc,141.63
abc,72.54
abc,167.86
abc,105.12
abc,84.159
abc,184.437
abc,122.796
abc,249.7257
abc,50.868
abc,131.7708
abc,120.816
abc,54.648
abc,67.98
abc,67.9
abc,64.68
abc,80.28
abc,84.69
abc,98.64
abc,53.4
abc,876.231
abc,109.38
abc,101.88
abc,108.756
abc,99.39
abc,47.88
abc,143.13
abc,30.69
abc,63.2
abc,43.11
abc,142.905
abc,73.2
abc,131.85
abc,116.04
abc,153.12
abc,22.05
abc,46.17
abc,101.268
abc,59.52
abc,58.24
abc,127.764
abc,164.688
abc,111.96
abc,268.32
abc,121.536
abc,336.36
abc,109.08
abc,87.72
abc,107.94
abc,52.98
abc,57.6
abc,39.6
abc,106.1775
abc,61.12
abc,114.2
abc,44.84
abc,53.76
abc,169.76
abc,45.2
abc,23.6
abc,136.5
abc,229.5
abc,50.625
abc,54.45
abc,54.864
abc,108.99
abc,117.18
abc,153.657
abc,103.572
abc,145.85
abc,65.16
abc,157.68
abc,26.28
abc,133.2
abc,77.28
abc,164.2
abc,146.79
abc,105.408
abc,66.45
abc,28.23
abc,112.896
abc,127.413
abc,60.9765
abc,35.478
abc,19.9
abc,50.454
abc,96.08
abc,144.6
abc,49.32
abc,45.69
abc,127.92
abc,86.04
abc,150.12
abc,119.16
abc,56.76
abc,102.192
abc,62.316
abc,147.888
abc,125.22
abc,169.92
abc,81.315
abc,52.86
abc,78.66
abc,119.976
abc,62.31
abc,197.49
abc,228.78
abc,75.28
abc,63.488
abc,32.22
abc,103.2
abc,45.72
abc,95.94
abc,211.372
abc,105.72
abc,118.32
abc,98.3
abc,126.72
abc,83.97
abc,71.361
abc,170.34
abc,127.26
abc,95.04
abc,55.98
abc,51.66
abc,76.62
abc,108.3648
abc,124.11
abc,90.24
abc,91.032
abc,101.46
abc,58.14
abc,101.4
abc,107.856
abc,98.64
abc,99.32
abc,252.71356
abc,92.12
abc,110.952
abc,80.5
abc,147.672
abc,56.46
abc,73.41
abc,59.94
abc,77.3394
abc,38.7693
abc,55.56
abc,103.599
abc,63.9
abc,56.3
abc,143.96
abc,194.352
abc,101.208
abc,84.672
abc,59.96
abc,193.4124
abc,232.62
abc,150.57
abc,115.11
abc,114.3
abc,87.912
abc,701.96
abc,66.24
abc,116.25
abc,87.72
abc,227.7
abc,151.36
abc,91.314
abc,218.16
abc,105.72
abc,29.079
abc,28.8
abc,149.34
abc,81.99
abc,62.8
abc,62.56
abc,79.2
abc,86.52
abc,65.7
abc,225.471
abc,99.54
abc,101.952
abc,137.352
abc,143.7
abc,74.352
abc,79.29
abc,36.6
abc,72.96
abc,56.64
abc,27.3
abc,74.97
abc,110.76
abc,150.03
abc,78.75
abc,121.94
abc,50.52
abc,92.64
abc,94.38
abc,137.31
abc,40.16
abc,303.3
abc,82.8
abc,59.4
abc,94.35
abc,151.2
abc,65.584
abc,61.44
abc,28.98
abc,110.7
abc,43.008
abc,42.92
abc,63.9
abc,140.76
abc,100.8
abc,45.36
abc,177.7275
abc,71.94
abc,81.0975
abc,507.12
abc,75.78
abc,79.884
abc,70.008
abc,49.792
abc,127.936
abc,68.13
abc,304.2
abc,115.008
abc,100.48
abc,54.32
abc,48.3
abc,33.36
abc,75.78
abc,278.424
abc,73.2336
abc,52.947
abc,90.84
abc,109.8
abc,25.02
abc,134.8
abc,144.33
abc,69.264
abc,82.86
abc,31.08
abc,150.066
abc,99.12
abc,45.66
abc,89.991
abc,74.52
abc,141.09
abc,74.61
abc,109.98
abc,41.16
abc,40.96
abc,65.48
abc,46.6
abc,195.2
abc,59.36
abc,112.95
abc,61.236
abc,53.568
abc,386.856
abc,100.8
abc,76.128
abc,139.5
abc,86.7
abc,42.48
abc,43.2
abc,55.36
abc,50.4
abc,336.72
abc,169.5
abc,101.76
abc,100.26
abc,113.7
abc,56.52
abc,146.7
abc,48.4632
abc,101.04
abc,21.9
abc,183.84
abc,52.096
abc,98.94
abc,97.74
abc,123.36
abc,134.16
abc,99.72
abc,36.288
abc,160.224
abc,88.26
abc,413.451
abc,119.07
abc,109.95
abc,97.86
abc,124.75
abc,63.18
abc,50.436
abc,122.58
abc,311.4
abc,69.78
abc,88.02
abc,134.7
abc,98.4
abc,166.8
abc,107.775
abc,83.8248
abc,227.82
abc,168.6
abc,101.52
abc,45.4176
abc,187.0239
abc,72.704
abc,66.58
abc,33.29
abc,99.72
abc,133.2
abc,110.784
abc,41.6
abc,88.032
abc,65.6
abc,93.42
abc,23.64
abc,109.08
abc,295.56
abc,84.69
abc,127.95
abc,61.2
abc,50.58
abc,124.41
abc,97.02
abc,248.28
abc,100.8
abc,59.136
abc,49.68
abc,203.14
abc,51.72
abc,58.65
abc,250.2732
abc,61.96
abc,68.64
abc,108.66
abc,76.905
abc,55.86
abc,45.72
abc,77.28
abc,97.2
abc,151.38
abc,163.704
abc,50.5
abc,92.64
abc,41.472
abc,180.252
abc,81.7218
abc,94.05
abc,109.7895
abc,117.18
abc,62.31
abc,125.22
abc,21.222
abc,172.89
abc,54.66
abc,59.4
abc,118.8
abc,61.392
abc,40.36
abc,119.16
abc,117.6
abc,52.704
abc,55.74
abc,76.86
abc,196.7715
abc,137.565
abc,82.782
abc,205.08
abc,84.24
abc,41.16
abc,110.025
abc,73.65
abc,34.98
abc,80.244
abc,99
abc,114.3
abc,72.45
abc,170.1
abc,36.882
abc,123.21
abc,46.26
abc,112.8
abc,116.04
abc,78.272
abc,113.94
abc,46.32
abc,40.4
abc,82.26
abc,49.76
abc,36
abc,76.05
abc,148.5
abc,174.33
abc,91.935
abc,95.616
abc,69.3
abc,225.296
abc,40.032
abc,191.898
abc,85.32
abc,200.88
abc,120.08
abc,131.52
abc,41.6
abc,133.02
abc,74.48
abc,85.48
abc,52
abc,37.44
abc,68.04
abc,54.75
abc,73.872
abc,108.7881
abc,69.786
abc,284.4
abc,99
abc,49.98
abc,50.1
abc,58.74
abc,93.12
abc,97.26
abc,78.44
abc,157.86
abc,88.695
abc,97.68
abc,161.16
abc,107.784
abc,100.38
abc,209.3
abc,80.46
abc,97.68
abc,79.08
abc,90.42
abc,105.06
abc,100.54
abc,101.1
abc,154.92984
abc,64.88
abc,32.208
abc,123.456
abc,79.8
abc,303.66
abc,53.217
abc,66.36
abc,160.5741
abc,191.808
abc,82.98
abc,46.344
abc,51.168
abc,41.364
abc,124.011
abc,71.1
abc,96.42
abc,52.98
abc,102.88
abc,134.92
abc,175.7
abc,88.47
abc,66.6
abc,26.1
abc,74.0658
abc,103.2
abc,85.752
abc,130.896
abc,55.992
abc,40.32
abc,36.459
abc,44.7
abc,53.64
abc,62.4
abc,55.44
abc,64.38
abc,241.38
abc,52.4223
abc,315.252
abc,80.0415
abc,114.95
abc,43.56
abc,136.96
abc,31.104
abc,129.6
abc,155.142
abc,24.09
abc,49
abc,232.32
abc,111.06
abc,141.12
abc,84.36
abc,137.16
abc,56.9214
abc,50.16
abc,78
abc,119.3772
abc,141.15
abc,43.6
abc,100.26
abc,705.072
abc,88.536
abc,150.93
abc,98.055
abc,308.718
abc,47.0799
abc,69.0945
abc,110.646
abc,41.568
abc,75.6
abc,16.192
abc,244.5
abc,181.884
abc,53.28
abc,32.19
abc,63.04
abc,89.504
abc,78.48
abc,88.1
abc,154.2
abc,123.6
abc,82.35
abc,111.72
abc,317.4003
abc,101.76
abc,207.684
abc,37.7982
abc,43.5
abc,141.96
abc,46.656
abc,100.74
abc,200.88
abc,97.86
abc,59.19
abc,29.98
abc,117.6
abc,108.6288
abc,85.14
abc,156.744
abc,65.79
abc,104.85
abc,72
abc,97.12
abc,87.456
abc,95.06948
abc,158.1
abc,88.76
abc,84.12
abc,280.92
abc,84.375
abc,228.744
abc,113.04
abc,62.9004
abc,96.2505
abc,52.74
abc,39.42
abc,98.16
abc,154.44
abc,122.91
abc,262.14
abc,78.309
abc,100.32
abc,79.74
abc,140.56
abc,54
abc,87.3
abc,131.67
abc,85.14
abc,31.482
abc,87.42
abc,53.7
abc,134.46
abc,114.84
abc,114.9
abc,139.86
abc,83.36
abc,64.944
abc,79.47
abc,76.864
abc,44.79
abc,25.38
abc,100.02
abc,121.14
abc,84.32
abc,60.16
abc,464.64
abc,53.64
abc,63.36
abc,153.972
abc,105.3
abc,90.36
abc,105.48
abc,75.24
abc,136.62
abc,158.4198
abc,102.9
abc,146.412
abc,95.688
abc,149.97
abc,165.98
abc,34.77
abc,65.592
abc,104.88
abc,96.78
abc,102.27
abc,78.288
abc,58.98
abc,140.76
abc,39
abc,97.335
abc,139.23
abc,68.64
abc,149.445
abc,95.76
abc,100.792
abc,69.52
abc,70.92
abc,101.46
abc,52.92
abc,58.28
abc,48.96
abc,72.54
abc,90.84
abc,101.97
abc,185.76
abc,95.904
abc,69.039
abc,60.6
abc,67.752
abc,29.01
abc,82.044
abc,35.397
abc,163.1448
abc,78.256
abc,61.96
abc,145.764
abc,45.68
abc,47.76
abc,53.52
abc,162.06
abc,109.04
abc,73.53
abc,133.5
abc,141.33
abc,50.4
abc,248.22
abc,95.28
abc,70.92
abc,119.8
abc,71.976
abc,129.3
abc,107.28
abc,50.52
abc,30.204
abc,79.62
abc,131.28
abc,85.6284
abc,159.296
abc,88.8
abc,22.005
abc,68.295
abc,34.65
abc,44.52
abc,110.7
abc,99.6135
abc,97.32
abc,145.53
abc,70.95
abc,85.9
abc,30.98
abc,36.384
abc,107.28
abc,137.16
abc,51.6
abc,45.48
abc,104.1
abc,137.712
abc,143.91
abc,163.8
abc,68.868
abc,64.26
abc,121.05
abc,66.12
abc,97.92
abc,188.16
abc,82.7
abc,131.94
abc,93.42
abc,32.04
abc,103.62
abc,83.79
abc,44.28
abc,65.34
abc,150.606
abc,213.705
abc,45.98
abc,36.624
abc,62.808
abc,172.764
abc,128.37
abc,98.1
abc,38.904
abc,55.56
abc,84.69
abc,85.02
abc,139.23
abc,34.74
abc,113.46
abc,131.868
abc,82.656
abc,198.744
abc,34.92
abc,107.07
abc,136.38
abc,43.86
abc,74.2
abc,288.08268
abc,19.332
abc,133.584
abc,375.9
abc,65.34
abc,65.934
abc,23.841
abc,30.7665
abc,167.76
abc,177.225
abc,29.74
abc,49.86
abc,44.964
abc,53.5
abc,176.64
abc,94.72
abc,69.84
abc,67.84
abc,96
abc,55.86
abc,102.72
abc,163.62
abc,87.966
abc,33.615
abc,111.024
abc,166.14
abc,53.97
abc,86.5926
abc,47.412
abc,35.9976
abc,43.47
abc,56.46
abc,102.9
abc,92.817
abc,85.68
abc,105.84
abc,58.6
abc,66.48
abc,50.949
abc,71.3433
abc,112.8
abc,46.94
abc,141.42
abc,103.56
abc,106.044
abc,244.98
abc,109.2
abc,112.62
abc,96.42
abc,219.78
abc,54.12
abc,110.16
abc,136.26
abc,116.508
abc,40.176
abc,166.72
abc,59.994
abc,105.52
abc,103.572
abc,118.8
abc,504
abc,44.94
abc,55.14
abc,90.234
abc,65.92
abc,133.344
abc,53.28
abc,109.52
abc,154.26
abc,29.01
abc,21.48
abc,105.42
abc,54.816
abc,46.51
abc,122.352
abc,98.64
abc,174.96
abc,157.2848
abc,66.72
abc,183.15
abc,189.756
abc,96.84
abc,115.11
abc,66.33
abc,157.302
abc,81.18
abc,77.535
abc,43.98
abc,143.046
abc,66.36
abc,24.48
abc,66.684
abc,94.02
abc,100.2
abc,89.248
abc,96.95
abc,163.05
abc,37.8
abc,24.84
abc,75.87
abc,70.308
abc,182.7546
abc,149.931
abc,213.12
abc,117.126
abc,35.154
abc,56.304
abc,146.82
abc,55.968
abc,91.008
abc,55.176
abc,48.33
abc,95.28
abc,112.92
abc,96.12
abc,44.24
abc,130
abc,50.04
abc,137.4
abc,125.8485
abc,47.52
abc,117.6
abc,63.9
abc,104.9
abc,61.96
abc,120.666
abc,90.48
abc,152.652
abc,175.83
abc,95.517
abc,107.94
abc,52.38
abc,119.52
abc,132.84
abc,104.328
abc,74.115
abc,100.38
abc,60.2928
abc,165.9
abc,133.44
abc,177.6
abc,65.92
abc,124.32
abc,51.78
abc,35.55
abc,93.6
abc,214.14
abc,187.785
abc,35.97
abc,47.516
abc,95.144
abc,95.976
abc,63.84
abc,71.6
abc,132.58
abc,113.82
abc,103.2
abc,88.128
abc,188.16
abc,38.367
abc,107.07
abc,42.48
abc,26.64
abc,104.112
abc,63.84
abc,58.52
abc,145.472
abc,63.552
abc,123.06
abc,85.46
abc,70.56
abc,57.12
abc,147.96
abc,84.6
abc,174.7728
abc,82.944
abc,44.46
abc,53.568
abc,86.928
abc,135.84
abc,138.24
abc,118.24
abc,110.88
abc,40.92
abc,70.48
abc,119.472
abc,248.022
abc,1010.94
abc,64.56
abc,192.06
abc,58.5
abc,50.6892
abc,47.952
abc,171.96
abc,59.52
abc,67.9
abc,119.64
abc,65.2
abc,61.308
abc,102.9
abc,51.45
abc,141.8055
abc,46.9368
abc,62.88
abc,37.35
abc,111.93568
abc,75.69
abc,185.76
abc,24.72
abc,25.137
abc,71.376
abc,58.05
abc,129.552
abc,174.33
abc,47.4
abc,79.92
abc,29.6
abc,33.5
abc,77.04
abc,84.06
abc,193.89144
abc,52.92
abc,96.84
abc,99.96
abc,97.02
abc,34.2
abc,91.98
abc,121.8
abc,61.4376
abc,67.89
abc,55.14
abc,211.96
abc,49.536
abc,104.8
abc,96
abc,53.91
abc,75.96
abc,116.34
abc,61.68
abc,74.55
abc,48
abc,95.688
abc,102.54
abc,144.42
abc,97.86
abc,88.47
abc,58.32
abc,44.856
abc,123.92
abc,171.09
abc,52.866
abc,64.488
abc,79.368
abc,52.2
abc,52.74
abc,116.25
abc,95.22
abc,78.354
abc,111.84
abc,29.565
abc,88.254
abc,64.624
abc,107.772
abc,67.8
abc,87.84
abc,148.8
abc,68.67
abc,122.985
abc,58.98
abc,102.3
abc,29.12
abc,67.344
abc,48.896
abc,137.208
abc,48.66
abc,126.96
abc,95.04
abc,153.192
abc,54.18
abc,131.66
abc,95.88
abc,22.05
abc,47.52
abc,137.0262
abc,30.144
abc,123.066
abc,110.1
abc,49.848
abc,99.54
abc,60.24
abc,87.96
abc,73.92
abc,227.12
abc,67.72
abc,65.28
abc,108.48
abc,268.5
abc,45.846
abc,54.1824
abc,29.79
abc,44.4
abc,63.64848
abc,68.676
abc,59.1
abc,54.66
abc,71.28
abc,52.38
abc,33.45
abc,50.46
abc,40.38
abc,86.256
abc,120.06
abc,71.4
abc,80.2314
abc,123.753
abc,105.98
abc,131.104
abc,48.87
abc,59.82
abc,84.3
abc,54.711
abc,86.04
abc,130.48
abc,97.92
abc,154.953
abc,157.59
abc,86.115
abc,148.17
abc,61.192
abc,87.84
abc,48
abc,33.18
abc,104.412
abc,140.94
abc,50.46
abc,127.68
abc,81
abc,37.44
abc,66.48
abc,111.96
abc,49.77
abc,56.16
abc,88.668
abc,79.5804
abc,116.391
abc,90.414
abc,81.48
abc,88.08
abc,177.282
abc,80.865
abc,154.953
abc,90.99
abc,81.27
abc,176.19
abc,36.72
abc,113.949
abc,63.24
abc,122.136
abc,88.8
abc,182.22
abc,50.73
abc,59.82
abc,144.64
abc,62.4
abc,73.1
abc,35.1
abc,112.833
abc,88.11
abc,65.99
abc,54.18
abc,47.64
abc,39.36
abc,175.68
abc,46.17
abc,39.56
abc,70.096
abc,97.92
abc,454.24
abc,75.42
abc,117.6
abc,103.2
abc,100.92
abc,62.6142
abc,201.3165
abc,52.56
abc,80.1
abc,129.92
abc,119.56
abc,39.4
abc,103.08
abc,122.28
abc,94.02
abc,31.512
abc,128.385
abc,59.58
abc,76.44
abc,84.78
abc,42.6786
abc,85.23
abc,54.54
abc,82.2
abc,65.55
abc,47.7
abc,61.344
abc,173.8
abc,85.246
abc,66.6
abc,81.744
abc,45.09
abc,43.68
abc,65.6613
abc,123.12
abc,55.92
abc,49.68
abc,25.584
abc,127.386
abc,146.73
abc,241.32
abc,49.74
abc,55.14
abc,82.656
abc,121.12
abc,65.7
abc,341.46
abc,28.779
abc,81.672
abc,268.4538
abc,119.1
abc,93.042
abc,96.39
abc,99
abc,26.94
abc,78.35
abc,36.112
abc,91.92
abc,68.04
abc,97.74
abc,74.52
abc,48
abc,164
abc,78.44
abc,129.04
abc,170.112
abc,82.35
abc,93.24
abc,109.9485
abc,78.507
abc,143.7678
abc,163.96
abc,173.208
abc,74.16
abc,59.22
abc,131.283
abc,70.74
abc,40.92
abc,132.03
abc,92.64
abc,117.18
abc,30.84
abc,99.63
abc,73.2
abc,73.176
abc,81.69
abc,109.08
abc,51.84
abc,105.96
abc,29.88
abc,100.26
abc,172.029
abc,86.346
abc,146.61
abc,71.1
abc,99.765
abc,94.44
abc,84.78
abc,77.6
abc,38.52
abc,242.352
abc,541.24
abc,134.272
abc,58.32
abc,204.54
abc,36.882
abc,30.45
abc,20.292
abc,50
abc,51.36
abc,90.2
abc,131.52
abc,36.4
abc,91.38
abc,59.22
abc,178.551
abc,81.42
abc,84.078
abc,40.74
abc,68.46
abc,84.416
abc,55.98
abc,119.88
abc,30.15
abc,106.32
abc,27.936
abc,100.176
abc,90.666
abc,136.38
abc,95.4954
abc,113.64
abc,33.9465
abc,83.808
abc,72.45
abc,79.974
abc,102.96
abc,25.032
abc,58.08
abc,27.297
abc,31.2
abc,126.348
abc,46.32
abc,127.92
abc,118.48
abc,150.3
abc,97.5
abc,148.5
abc,75.6
abc,116.34
abc,315.981
abc,99.54
abc,80.1
abc,73.5
abc,120.717
abc,123.504
abc,141.75
abc,65.5875
abc,58.38
abc,263.88
abc,83.79
abc,35.2
abc,46.74
abc,106.56
abc,105.3
abc,87.912
abc,57.75
abc,206.4
abc,87.21
abc,72.93
abc,68.352
abc,113.76
abc,54.4416
abc,103.56
abc,97.82
abc,80.991
abc,59.976
abc,128.43
abc,69.84
abc,96
abc,67
abc,102.4
abc,205.44
abc,95.64
abc,89.19
abc,176.88
abc,22.14
abc,80.3772
abc,119.88
abc,101.493
abc,129
abc,60.156
abc,78.84
abc,143.952
abc,67.15
abc,139.968
abc,85.68
abc,113.7
abc,167.34
abc,81.27
abc,67.08
abc,86.625
abc,95.76
abc,83.25
abc,71.91
abc,33.39
abc,73.35
abc,83.58
abc,142.992
abc,79.92
abc,209.94
abc,58.17
abc,166.14
abc,229.3
abc,121.716
abc,102.72
abc,73.52
abc,30.816
abc,122.4
abc,48.3
abc,52.47
abc,144
abc,72.708
abc,59.8158
abc,51.52
abc,49.632
abc,97.3
abc,106.2
abc,90.96
abc,41.28
abc,104.904
abc,56.94
abc,52.86
abc,36.024
abc,146.7
abc,119.61
abc,103.302
abc,219.3
abc,135.1182
abc,109.89
abc,94.99
abc,118.05
abc,78.12
abc,48.3
abc,37.716
abc,31.8
abc,50.12
abc,113.28
abc,79.28
abc,63.32
abc,52.86
abc,37.98
abc,29.91
abc,41.514
abc,65.55
abc,60.654
abc,108.576
abc,84.96
abc,47.49
abc,76.74
abc,101.43
abc,38.1
abc,166.8
abc,83.4
abc,67.92
abc,143.52
abc,61.47
abc,99.828
abc,32.64
abc,87.36
abc,427.59
abc,132.84
abc,72
abc,184.76
abc,193.98
abc,94.128
abc,75.76
abc,124.26
abc,113.88
abc,50.31
abc,74.25
abc,150.606
abc,125.3325
abc,125.235
abc,99
abc,34.504
abc,152.65
abc,99.72
abc,98.64
abc,140.76
abc,71.85
abc,175.68
abc,47.04
abc,70.08
abc,73.2
abc,100.68
abc,34.236
abc,93.84
abc,80.58
abc,131.85
abc,162.06
abc,32.736
abc,54
abc,30
abc,104.85
abc,89.97
abc,39.042
abc,47.49
abc,97.44
abc,100.92
abc,67.44
abc,107.1
abc,92.82
abc,133.164
abc,84.96
abc,294.3
abc,126.6912
abc,37.485
abc,133.785
abc,177.3
abc,91.96
abc,65.08
abc,48.848
abc,103.192
abc,63.98
abc,93.18
abc,73.02
abc,102.54
abc,81.62
abc,67.28
abc,220.92
abc,90.63
abc,102.195
abc,91.98
abc,174.33
abc,101.016
abc,121.376
abc,56.46
abc,206.4
abc,54.54
abc,117.72
abc,48.45
abc,50.28
abc,42.84
abc,102.54
abc,94.92
abc,113.64
abc,289.8
abc,88.02
abc,118.665
abc,82.8
abc,124.608
abc,41.88
abc,42.616
abc,36.432
abc,132.84
abc,98.5
abc,110.592
abc,84.9
abc,20.25
abc,51.63
abc,88.785
abc,97.8
abc,106.08
abc,78.66
abc,106.704
abc,90.0384
abc,113.552
abc,167.97
abc,46.872
abc,73.36
abc,105.686
abc,101.832
abc,40.104
abc,43.173
abc,115.68
abc,82.26
abc,82.8
abc,114.324
abc,25.62
abc,407.133
abc,51.9
abc,77.49
abc,47.04
abc,72.66
abc,174.51
abc,108.8355
abc,85.05
abc,165.28
abc,241.568
abc,28.23
abc,171.42
abc,36.9
abc,450.117
abc,88.47
abc,45.6
abc,98.88
abc,111.72
abc,53.28
abc,73.08
abc,88.47
abc,48
abc,121.23
abc,72.66
abc,62.96
abc,89.98
abc,37.68
abc,110.352
abc,90.96
abc,44.448
abc,201.84
abc,85.02
abc,42.12
abc,44.736
abc,88.1
abc,103.68
abc,274.32
abc,42.16
abc,132.6
abc,46.17
abc,79.056
abc,304.7166
abc,74.22
abc,48.16
abc,29.79
abc,45.528
abc,67.136
abc,206.4
abc,52.74
abc,43.56
abc,183.92
abc,17.73
abc,56.76
abc,136.728
abc,58.176
abc,56.88
abc,132.72
abc,44.28
abc,102.15
abc,124.011
abc,77.04
abc,87.3
abc,258.9
abc,94.896
abc,111.12
abc,78.12
abc,258.33
abc,50.52
abc,145.32
abc,75.8
abc,112.92
abc,304.38
abc,119.232
abc,200.34
abc,361.557
abc,59.82
abc,115.11
abc,69.96
abc,138.5436
abc,125.064
abc,49.626
abc,49.926
abc,240.6591
abc,61.02
abc,119.616
abc,56.82
abc,60.144
abc,64.14
abc,48.66
abc,168.12
abc,89.127
abc,109.2
abc,42.24
abc,85.02
abc,97.92
abc,35.76
abc,62.58
abc,52.866
abc,73.458
abc,75.72
abc,43.254
abc,50.796
abc,74.49
abc,76.8924
abc,147.184
abc,72.96
abc,125.73
abc,44.568
abc,18.36
abc,141.9
abc,114.8
abc,60.012
abc,113.52
abc,144.3
abc,55.6
abc,99.72
abc,167.76
abc,80.85
abc,61.32
abc,108.594
abc,72
abc,71.82
abc,72.684
abc,125.496
abc,68.704
abc,47.4
abc,79.92
abc,115.02
abc,98.46
abc,39.36
abc,72.36
abc,96.806
abc,89.64
abc,236.52
abc,97.86
abc,38.772
abc,44.1228
abc,198.66
abc,70.467
abc,60.588
abc,258
abc,50.436
abc,49.83
abc,44.208
abc,29.61
abc,41.664
abc,75.36
abc,94.08
abc,104.166
abc,118.4232
abc,69.2286
abc,52.8
abc,114.345
abc,61.128
abc,104.98
abc,43.7
abc,111.84
abc,88.26
abc,58.98
abc,149.58
abc,101.388
abc,147.3
abc,52.92
abc,58.64
abc,94.704
abc,75.69
abc,56.4768
abc,105.3
abc,66.87
abc,121.1634
abc,40.587
abc,54.18
abc,51.96
abc,127.372
abc,19.75
abc,186.54
abc,47.976
abc,44.028
abc,83.4
abc,47.7
abc,80.064
abc,60.544
abc,338.94
abc,144.825
abc,78.3
abc,87.03
abc,99.495
abc,155.7
abc,157.68
abc,336.51
abc,77.56
abc,31.56
abc,111.12
abc,50.52
abc,174.66
abc,92.64
abc,54.18
abc,32.88
abc,49.02
abc,32.8
abc,108.36
abc,113.88
abc,32.04
abc,183.951
abc,119.43
abc,79.11
abc,86.62
abc,139.95
abc,35.06
abc,71.976
abc,122.382
abc,75.98
abc,105.584
abc,57.594
abc,48.45
abc,101.328
abc,84.768
abc,51.81
abc,96.36
abc,56.91
abc,63.76
abc,100.68
abc,77.7
abc,119.04
abc,217.2375
abc,80.433
abc,57.3
abc,86.304
abc,99.2
abc,25.96
abc,71.96
abc,40.68
abc,221.16
abc,143.04
abc,73.224
abc,130.24
abc,86.265
abc,65.7
abc,82.95
abc,31.17
abc,43.65
abc,57.753
abc,181.8945
abc,68.79
abc,67.662
abc,171.36
abc,45.92
abc,46.9
abc,49.632
abc,101.58
abc,52.62
abc,93.06
abc,52.5
abc,78.312
abc,116.592
abc,78.64
abc,54.18
abc,63.792
abc,40.88
abc,321.92
abc,31.14
abc,86.994
abc,165.38856
abc,43.74
abc,35.2
abc,118.575
abc,89.55
abc,112.62
abc,117.1545
abc,346.74
abc,227.28
abc,54.816
abc,105.52
abc,54.66
abc,89.4
abc,66.684
abc,34.2
abc,44.96
abc,103.56
abc,118.59536
abc,53.28
abc,217.1
abc,645.711
abc,56.8905
abc,207.36
abc,74.91
abc,59.85
abc,63.7938
abc,54.66
abc,146.4
abc,67.2
abc,48.66
abc,48.45
abc,53.52
abc,49.08
abc,55.52
abc,65.34
abc,271.39
abc,39.48
abc,45.6
abc,89.28
abc,96.714
abc,171.36
abc,122.13
abc,95.92
abc,42.12
abc,100.26
abc,70.74
abc,81.9
abc,294.0108
abc,53.55
abc,60.6
abc,56.106
abc,61.8
abc,91.56
abc,47.952
abc,190.944
abc,108.96
abc,79.12
abc,60.048
abc,39.992
abc,90.96
abc,122.496
abc,126.15
abc,87.96
abc,36.44
abc,34.02
abc,35.883
abc,37.08
abc,89.208
abc,67.92
abc,114.21
abc,95.28
abc,66
abc,162.864
abc,38.97
abc,43.2
abc,50.94
abc,62.61
abc,104.364
abc,86.04
abc,89.504
abc,20.04
abc,86.25
abc,206.85
abc,111.078
abc,101.94
abc,226.8
abc,123.72
abc,88.776
abc,71.96
abc,68.704
abc,142.08
abc,121.86
abc,146.08
abc,23.1
abc,158.25936
abc,27.92
abc,95.94
abc,131.58
abc,155.22
abc,160.992
abc,81.54
abc,19.71
abc,51.648
abc,63.968
abc,143.4
abc,56.82
abc,159.66
abc,83.664
abc,34.56
abc,93
abc,66.672
abc,95.94
abc,29.61
abc,276.192
abc,87.936
abc,220.08
abc,71.328
abc,144.9
abc,78.84
abc,105.12
abc,50.28
abc,96.57
abc,27.81
abc,94.77
abc,110.0757
abc,155.007
abc,44.22
abc,154.278
abc,154.9
abc,113.888
abc,58.17
abc,135.3
abc,51.42
abc,52.53
abc,102.762
abc,61.0791
abc,51.45
abc,223.58
abc,277.14
abc,60.96
abc,113.46
abc,51.3084
abc,110.64
abc,230.05896
abc,64.2
abc,228.825
abc,57.96
abc,30.96
abc,144
abc,92.34
abc,105.57
abc,70.38
abc,56.052
abc,223.074
abc,122.88
abc,66.45
abc,113.76
abc,81.9
abc,37.68
abc,106.75
abc,83.92
abc,154.764
abc,50.784
abc,23.16
abc,103.68
abc,109.38
abc,37.2
abc,103.76496
abc,60.288
abc,55.14
abc,43.497
abc,512.622
abc,49.608
abc,109.8
abc,81.9
abc,100
abc,33.568
abc,29.36
abc,34.5
abc,109.8
abc,58.83
abc,19.02
abc,65.36
abc,141.36
abc,88.02
abc,102.54
abc,86.535
abc,132.03
abc,47.025
abc,102.84
abc,182.76
abc,86.496
abc,94.284
abc,95.364
abc,61.2
abc,75.75
abc,49.104
abc,280.44
abc,170.37
abc,185.0175
abc,124.092
abc,96
abc,102.024
abc,44.91
abc,49.08
abc,304.776
abc,33.29
abc,63.552
abc,120.96
abc,96.84
abc,41.58
abc,94.34192
abc,177.888
abc,74.22
abc,97.632
abc,104.04
abc,216.27
abc,103.275
abc,200.984
abc,69.008
abc,36.544
abc,55.76
abc,24.36
abc,98.82
abc,143.22
abc,82.8
abc,134.1
abc,248.022
abc,72.765
abc,76.95
abc,97.2345
abc,135.03
abc,58.05
abc,79.384
abc,160
abc,170.19
abc,199.08
abc,75.06
abc,112.92
abc,50.4
abc,131.64
abc,133.272
abc,105.14036
abc,67.92
abc,129.06
abc,84.672
abc,489.96
abc,68.04
abc,61.128
abc,316.035
abc,59.22
abc,77.6133
abc,48.7812
abc,130.32
abc,60.876
abc,76.2
abc,95.28
abc,122.04
abc,62.199
abc,82.548
abc,101.8
abc,50.94
abc,45.576
abc,258
abc,61.44
abc,42.24
abc,55.6017
abc,45.225
abc,75.24
abc,55.08
abc,99.21
abc,58.6044
abc,87.48
abc,97.424
abc,235.536
abc,128.16
abc,42.24
abc,127.89
abc,169.92
abc,109.32
abc,67.28
abc,93.18
abc,148.224
abc,100.22
abc,83.34
abc,162.12
abc,36.12
abc,75.96
abc,60.48
abc,52.83
abc,73.53
abc,83.088
abc,66.57
abc,84.375
abc,160.356
abc,140.22
abc,179.95
abc,103.056
abc,74.52
abc,56.652
abc,168.2
abc,55.92
abc,79.5
abc,98.4
abc,54.24
abc,106.56
abc,97.56
abc,67.77
abc,90.9
abc,50.94
abc,70.95
abc,104.706
abc,727.6878
abc,135.516
abc,121.96
abc,95.28
abc,56.73
abc,83.91
abc,207.12
abc,34.8
abc,35.76
abc,49.5
abc,32.1
abc,107.448
abc,105.18
abc,29.98
abc,101.94
abc,97.12
abc,74.8
abc,49.44
abc,132.3
abc,33.93
abc,121.2534
abc,72.784
abc,102.72
abc,39
abc,122.58
abc,109.32
abc,49.56
abc,169.344
abc,440.28
abc,135.96
abc,146.4
abc,171.99
abc,135.09
abc,107.982
abc,71.12
abc,73.02
abc,99
abc,87.732
abc,74.016
abc,89.76
abc,18.048
abc,46.74
abc,40.32
abc,187.029
abc,102.384
abc,164.34
abc,73.56
abc,82.161
abc,151.68
abc,143.1
abc,87.168
abc,71.04
abc,72.32
abc,52.22
abc,56.64
abc,53.84
abc,85.14
abc,42.039
abc,256.8
abc,67.41
abc,163.38
abc,104.166
abc,76.32
abc,56.214
abc,53.424
abc,100.872
abc,50.34
abc,47.1
abc,142.83
abc,40.62
abc,30.45
abc,40.98
abc,330.24
abc,92.64
abc,50.26
abc,33.075
abc,46.44
abc,119.64
abc,82.593
abc,59.58
abc,59.25
abc,81.99
abc,82.64
abc,46.23
abc,180.432
abc,163.68
abc,141.144
abc,162.2
abc,104.76
abc,119.52
abc,386.37
abc,23.91
abc,98.85
abc,80.2314
abc,113.0697
abc,101.64
abc,152.46
abc,35.892
abc,75.6
abc,84.95
abc,102.624
abc,151.62
abc,107.7
abc,59.1
abc,84.6
abc,82.69428
abc,37.98
abc,115.8
abc,43.65
abc,75.006
abc,142.2
abc,27.6888
abc,49.12
abc,92.34
abc,123.24
abc,55.24
abc,53.82
abc,97.92
abc,52.56
abc,68.736
abc,158.76
abc,22.47
abc,21.96
abc,71.28
abc,71.73
abc,59.6604
abc,52.86
abc,19.44
abc,67.176
abc,75.888
abc,124.29
abc,33.12
abc,110.592
abc,171
abc,31.76
abc,33.42
abc,95.16
abc,168.18
abc,47.88
abc,40.905
abc,173.61
abc,25.23
abc,106.164
abc,37.17
abc,66.45
abc,53.64
abc,75.96
abc,48.94
abc,149.95
abc,100.704
abc,142.04
abc,43.6
abc,51.75
abc,66.42
abc,50.55
abc,59.517
abc,171.69
abc,70.92
abc,33.3
abc,197.3
abc,78.84
abc,72.9
abc,51.66
abc,35.34
abc,108
abc,74.16
abc,49.5
abc,80.1
abc,60.39
abc,33.6
abc,38.136
abc,84.55
abc,44.75
abc,227.976
abc,122.97
abc,82.4
abc,252.8
abc,114.144
abc,39.156
abc,100.92
abc,50.048
abc,56.97
abc,110.25
abc,138.96
abc,75.39
abc,165.42
abc,53.901
abc,88.2
abc,28.512
abc,111.888
abc,52.776
abc,45.68
abc,146.136
abc,79.96
abc,31.176
abc,193.8
abc,60.24
abc,88.56
abc,30.48
abc,128.304
abc,104.496
abc,61.281
abc,169.38
abc,33.63
abc,67.572
abc,86.928
abc,159.68
abc,67.2
abc,65.92
abc,62.85
abc,56.49
abc,53.7
abc,127.47
abc,71.96
abc,61.792
abc,87.71
abc,41.22
abc,69.456
abc,51.264
abc,97.8
abc,48.93
abc,39.816
abc,40.71
abc,51.63
abc,55.56
abc,163.38
abc,55.36
abc,92.304
abc,103.302
abc,100.08
abc,47.82
abc,77.04
abc,151.0182
abc,85.698
abc,193.8
abc,81.96
abc,139.04
abc,197.94
abc,79.5
abc,133.38
abc,45.456
abc,100.44
abc,65.584
abc,108.42
abc,115.968
abc,26.28
abc,60.54
abc,123.756
abc,160.92
abc,28.95
abc,21.825
abc,122.49
abc,43.65
abc,114.03
abc,127.984
abc,128.37
abc,52.68
abc,50.88
abc,95.28
abc,96.84
abc,44
abc,106.08
abc,86.416
abc,59.22
abc,163.98
abc,268.5
abc,487.62
abc,61.128
abc,140.403
abc,22.98
abc,79.59
abc,61.47
abc,37.2
abc,76.869
abc,17.226
abc,62.316
abc,56.28
abc,45.24
abc,77.952
abc,59.64
abc,145.32
abc,71.28
abc,65.79
abc,59.16
abc,395.901
abc,65.34
abc,26.4
abc,127.95
abc,71.76
abc,79.368
abc,106.56
abc,134.13
abc,32.84
abc,146.1
abc,179.52
abc,111.51
abc,88.44
abc,94.08
abc,68.0652
abc,39.6
abc,163.839
abc,41.28
abc,50
abc,23.82
abc,105.52
abc,83.592
abc,59.913
abc,74.1258
abc,272.3562
abc,119.94
abc,86.85
abc,110.232
abc,49.77
abc,20.292
abc,94.98
abc,38.64
abc,97.632
abc,108.48
abc,96.78
abc,66.48
abc,57
abc,103.86
abc,162.56
abc,61.53
abc,92.7
abc,112.158
abc,39.87
abc,50.94
abc,26.58
abc,91.14
abc,45.2682
abc,46.672
abc,63.94
abc,124.62
abc,96.66
abc,59.616
abc,120.072
abc,131.456
abc,50.5
abc,51.27
abc,79.2
abc,98.4
abc,125.46
abc,125.19
abc,166.83
abc,54.1326
abc,60.7698
abc,65.0628
abc,105.6
abc,85.455
abc,81.324
abc,107.448
abc,44.4564
abc,68.04
abc,227.16
abc,33
abc,67.28
abc,64.152
abc,67.8
abc,97.92
abc,88.209
abc,239.3139
abc,26.8173
abc,84.784
abc,27.72
abc,140.736
abc,47.82
abc,328.56
abc,40.92
abc,41.43
abc,57.33
abc,160.65
abc,174.23084
abc,96.84
abc,99.408
abc,72.6
abc,78.273
abc,117
abc,71.37
abc,51.948
abc,41.6898
abc,25.08
abc,110.3103
abc,53.46
abc,224.01
abc,77.715
abc,74.28
abc,64.96
abc,78.304
abc,163.96
abc,53.01
abc,109.95
abc,139.68
abc,121.32
abc,59.84
abc,81.48
abc,75.28
abc,30.93
abc,90.18
abc,40.2135
abc,77.952
abc,70.368
abc,42.96
abc,51.93
abc,123.3
abc,22.26
abc,111.28
abc,74.232
abc,80.1
abc,143.616
abc,53.568
abc,71.1
abc,40.2
abc,111.72
abc,103.95
abc,45.0288
abc,38.5659
abc,31.623
abc,65.52
abc,75.18
abc,32.784
abc,115.296
abc,29.268
abc,71.46
abc,91.04
abc,208.96
abc,55.62
abc,53.28
abc,39.3
abc,71.1
abc,116.31
abc,56.52
abc,65.025
abc,108.405
abc,94.65
abc,78.003
abc,44.75
abc,47.79
abc,78.12
abc,113.664
abc,35.36
abc,140.52
abc,82.572
abc,44.8
abc,30.96
abc,164.46
abc,43.2
abc,56.448
abc,106.128
abc,210.996
abc,38.2077
abc,41.958
abc,271.44
abc,87.168
abc,76.14
abc,80.96
abc,50.22
abc,116.88
abc,96
abc,124.68
abc,105.06
abc,92.76
abc,35.34
abc,81.8
abc,74.304
abc,67.872
abc,84.3
abc,98.442
abc,27.39
abc,71.1
abc,41.19
abc,52.65
abc,93.0969
abc,24.402
abc,130.2528
abc,122.724
abc,67.8
abc,431.16
abc,85.68
abc,51.78
abc,107.52
abc,151.92
abc,53.73
abc,57.72
abc,50.28
abc,66.15
abc,26.775
abc,149.4
abc,31.05
abc,154.8
abc,62.613
abc,89.478
abc,20.46
abc,27.76
abc,105.24
abc,59.58
abc,51.276
abc,99.192
abc,27.6
abc,130.4
abc,70.44
abc,69.6
abc,81.45
abc,133.2
abc,112.08
abc,83.976
abc,32.4
abc,46.32
abc,79.5
abc,44.448
abc,35.6
abc,137.136
abc,48.84
abc,99.12
abc,112.95
abc,49.734
abc,33.96
abc,155.34
abc,77.76
abc,60.48
abc,99.372
abc,89.988
abc,79.44
abc,94.68
abc,97.56
abc,99.72
abc,109.89
abc,29.28
abc,204.68
abc,63.04
abc,101.04
abc,84.24
abc,39.51
abc,41.49
abc,76.56
abc,21.3219
abc,63
abc,86.88
abc,68.04
abc,47.992
abc,146.76
abc,99.98
abc,108.6
abc,50.985
abc,166.92
abc,46.56
abc,66.78
abc,145.35
abc,22.74
abc,107.76
abc,104.76
abc,118.935
abc,101.0904
abc,49.194
abc,84.75
abc,49.632
abc,41.88
abc,25.44
abc,84.96
abc,79.368
abc,40.656
abc,44.82
abc,151.76
abc,181.696
abc,52.224
abc,87.48
abc,139.8
abc,89.64
abc,87.3
abc,368.91
abc,53.82
abc,31.744
abc,41.28
abc,71.88
abc,40.71
abc,122.148
abc,103.56
abc,83.088
abc,42.384
abc,42.72
abc,88.16
abc,51.28
abc,51.84
abc,59.1
abc,27.4125
abc,67.032
abc,56.61
abc,98.172
abc,47.584
abc,136.12
abc,77.312
abc,57.15
abc,70.5
abc,63.36
abc,122.12
abc,67.64
abc,199.75
abc,109.08
abc,187.02
abc,205.08
abc,66.684
abc,63.24
abc,51.28
abc,28.38
abc,153.63
abc,83.79
abc,42.3
abc,50.94
abc,58.9548
abc,57.96
abc,146.73
abc,95.952
abc,173.94
abc,47.92
abc,141.9
abc,33.18
abc,34.02
abc,87.9
abc,97.2
abc,111.156
abc,25.4
abc,85.92
abc,53.55
abc,108.36
abc,142.884
abc,71.28
abc,175.56
abc,69
abc,102.833
abc,26.136
abc,52
abc,59.1
abc,114.66
abc,48
abc,46.8
abc,100.44
abc,109.95
abc,84.256
abc,78.78
abc,78.3
abc,100.68
abc,33.8
abc,83.07
abc,66.348
abc,50.28
abc,40.32
abc,412.8
abc,72.27
abc,75.18
abc,68.4
abc,31.59
abc,98.1558
abc,180.98
abc,74
abc,34.76
abc,163.44
abc,22.752
abc,115.2
abc,66.672
abc,60.9
abc,48.9
abc,34.128
abc,56.196
abc,52.5
abc,101.6
abc,94.1
abc,66.4
abc,55.872
abc,111.84
abc,33.75
abc,41.553
abc,128.0745
abc,58.35
abc,35.7075
abc,47.88
abc,95.968
abc,62.94
abc,32.4
abc,61.71
abc,102.624
abc,28.5
abc,115.38
abc,21.876
abc,52.056
abc,86.88
abc,130.44
abc,102.18
abc,83.016
abc,69.3
abc,118.2
abc,44.9295
abc,65.0628
abc,156
abc,46.72
abc,87.6
abc,18.84
abc,40.26
abc,44.28
abc,27.44
abc,94.7
abc,49.28
abc,142.848
abc,66.464
abc,90.48
abc,38.68
abc,145.8
abc,83.34
abc,217.35
abc,151.38
abc,121.5
abc,90.81
abc,120.3624
abc,34.722
abc,110.6955
abc,85.98
abc,238.62
abc,91.36
abc,29.9
abc,64.2
abc,97.56
abc,48.93
abc,51.84
abc,35.34
abc,58.66
abc,58.68
abc,57.6
abc,72.03
abc,89.82
abc,88.83
abc,90.9
abc,134.61
abc,59.31
abc,63.24
abc,125.6454
abc,155.52
abc,76.792
abc,45.216
abc,33.552
abc,64.784
abc,90.86
abc,57.6
abc,50.01
abc,40.56
abc,85.44
abc,89.388
abc,21.18
abc,79.56
abc,124.24
abc,23.4
abc,39
abc,47.56
abc,101.7
abc,56.82
abc,180.672
abc,51.78
abc,33.312
abc,127.0896
abc,52.9788
abc,75.519
abc,89.676
abc,29.29
abc,98.376
abc,132.16
abc,63.9
abc,140.67
abc,49.62
abc,52.44
abc,96.99
abc,148.8
abc,32.92
abc,93.3
abc,52.86
abc,63.9
abc,217.512
abc,27.36
abc,36.36
abc,154.9
abc,56.46
abc,71.7
abc,56.46
abc,57.36
abc,39.168
abc,50.988
abc,221.16
abc,48.96
abc,87.264
abc,49.944
abc,102.9
abc,49.9
abc,97.36
abc,58.56
abc,109.8
abc,88.128
abc,42.21
abc,59.22
abc,176.61
abc,26.46
abc,34.2
abc,133.2
abc,58.752
abc,45.48
abc,85.92
abc,37.86
abc,25.272
abc,92.4
abc,146.52
abc,75.33
abc,43.335
abc,43.68
abc,87.48
abc,38.43
abc,34.14
abc,125.4045
abc,38.4
abc,47.466
abc,361.376
abc,58.02
abc,34.92
abc,44.16
abc,75.72
abc,91.944
abc,65.37
abc,39.44
abc,59.44
abc,97.272
abc,75.36
abc,110.7
abc,98.8344
abc,67
abc,38.784
abc,97.82
abc,177.06
abc,104.76
abc,50.46
abc,123.39
abc,70.944
abc,296.76528
abc,47.856
abc,22
abc,140.56
abc,44.112
abc,23.94
abc,100.926
abc,145.44
abc,140.028
abc,119.85
abc,170.04
abc,20.52
abc,17.712
abc,148.5
abc,33.24
abc,121.2822
abc,70.308
abc,67.752
abc,32.432
abc,114.95
abc,51.81
abc,41.28
abc,67.28
abc,43.1
abc,103.8
abc,100.92
abc,133.488
abc,43.2
abc,62.7
abc,84
abc,149.4
abc,79.92
abc,52.2315
abc,138.348
abc,39
abc,70.368
abc,63.84
abc,44.784
abc,34.8
abc,16.98
abc,67.28
abc,35.616
abc,105.552
abc,64.78
abc,130.212
abc,86.52
abc,75.15
abc,61.56
abc,21.72
abc,88.128
abc,95.94
abc,42.85
abc,88.44
abc,76.74
abc,48.96
abc,50.04
abc,71.55
abc,30.816
abc,67.8
abc,40.896
abc,140.5
abc,56.43
abc,108.36
abc,427.41
abc,107.55
abc,122.88
abc,29.76
abc,71.28
abc,36
abc,56.268
abc,59.52
abc,79.56
abc,27.12
abc,101.1
abc,60.4
abc,61.8
abc,41.2
abc,51.4
abc,124.72
abc,59.5
abc,80.32
abc,81.2
abc,89.76
abc,64.44
abc,40.64
abc,86.16
abc,109.92
abc,37.86
abc,78.33
abc,71.4
abc,64.2
abc,56.7
abc,69.15
abc,178.3098
abc,184.32
abc,115.89
abc,37.392
abc,23.32
abc,116.82
abc,37.128
abc,102.54
abc,51.94
abc,45.6
abc,85.5
abc,81.66
abc,71.37
abc,36
abc,57.708
abc,173.94
abc,84.784
abc,70.12
abc,64.96
abc,118.44
abc,50.04
abc,60
abc,74.64
abc,158.868
abc,149.6
abc,60.264
abc,59.22
abc,61.08
abc,67.14
abc,51.6
abc,40.86
abc,19.08
abc,62.775
abc,126.9675
abc,50.22
abc,56.52
abc,45.68
abc,57.78
abc,33.18
abc,21.96
abc,101.58
abc,137.52
abc,107.184
abc,327.96
abc,96.064
abc,113.58
abc,62.3475
abc,47.175
abc,74.925
abc,136.869
abc,84.78
abc,196.98
abc,59.184
abc,104.85
abc,46.384
abc,93.36
abc,93.96
abc,70.8
abc,108.56
abc,34.8
abc,95.04
abc,85.92
abc,37.8
abc,151.11
abc,88.398
abc,29.799
abc,69.8328
abc,80.64
abc,76.23
abc,62.64
abc,93.8259
abc,99
abc,59.82
abc,101.304
abc,79.96
abc,58.32
abc,66.36
abc,30.53
abc,69.864
abc,25.464
abc,39.96
abc,18.68
abc,73.872
abc,75.36
abc,75.9
abc,71.34
abc,84.78
abc,473.31
abc,76.32
abc,127.74
abc,66.6
abc,83.484
abc,31.08
abc,31.3866
abc,53.655
abc,111.06
abc,96.84
abc,51.184
abc,41.28
abc,56.56
abc,102.438
abc,101.52
abc,168.96
abc,24.024
abc,95.94
abc,140.32
abc,104.496
abc,55.65
abc,93.2283
abc,50.7
abc,33.63
abc,97.184
abc,95.796
abc,98.94
abc,105.72
abc,65.232
abc,62.72
abc,115.64
abc,45.975
abc,66.69
abc,82.08
abc,61.44
abc,51.78
abc,66.906
abc,65.04
abc,64.74
abc,59.994
abc,41.24
abc,72.744
abc,54.32
abc,94.2
abc,62.16
abc,29.88
abc,47.49
abc,40.83
abc,29.2
abc,49.696
abc,78.4917
abc,47.1
abc,300.132
abc,60.021
abc,68.95
abc,57.69
abc,158.76
abc,94.68
abc,102.3
abc,77.856
abc,36.864
abc,77.16
abc,118.48
abc,66.352
abc,88.83
abc,68.97
abc,90.936
abc,267.84
abc,48.789
abc,105.06
abc,93.3
abc,113.562
abc,100.92
abc,141.474
abc,121.1634
abc,28.1112
abc,57.69
abc,76.12
abc,47.3
abc,93.344
abc,40.08
abc,30.48
abc,49.26
abc,50.13
abc,84.84
abc,67.92
abc,163.2
abc,45.312
abc,80
abc,86.016
abc,30.68
abc,37.86
abc,188.8
abc,102.4
abc,94.9
abc,88.56
abc,83.88
abc,70.8
abc,132.63
abc,66
abc,87.84
abc,55.404
abc,209.16
abc,29.2
abc,76.728
abc,76.64
abc,36.4
abc,99.568
abc,116.883
abc,51.36
abc,48.87
abc,29.7
abc,116.31
abc,143.22
abc,22.68
abc,164.36
abc,77.4
abc,77.4
abc,50.58
abc,23.436
abc,75.48
abc,41.472
abc,141.63
abc,62.496
abc,164.4
abc,90.2
abc,59.58
abc,434.4
abc,82.17
abc,174.42
abc,67.5
abc,95.976
abc,89.98
abc,63.686
abc,70.008
abc,79.056
abc,79.974
abc,71.12
abc,34.506
abc,56.91
abc,69.84
abc,73.95
abc,82.86
abc,64.56
abc,19.968
abc,53.34
abc,53.7
abc,135.6
abc,84.015
abc,96.6
abc,71.424
abc,73.44
abc,26.5815
abc,56.85
abc,29.238
abc,189.576
abc,38.88
abc,67.44
abc,64.488
abc,60.48
abc,142.848
abc,166.176
abc,78.144
abc,65.76
abc,37.38
abc,123.984
abc,37.08
abc,56.52
abc,46.44
abc,129.978
abc,47.976
abc,83.952
abc,37.98
abc,59.82
abc,44.2
abc,183.12
abc,609.52
abc,159.408
abc,100.26
abc,38.46
abc,39.78
abc,59.58
abc,90.63
abc,71.1
abc,45.252
abc,293.4
abc,54.54
abc,106.92
abc,37.26
abc,49.248
abc,69.39
abc,22.0365
abc,52.2
abc,60.858
abc,49.77
abc,39.76
abc,97.86
abc,65.24
abc,26.448
abc,162.76
abc,77.76
abc,67.2
abc,37.86
abc,59.22
abc,107.82
abc,169.992
abc,118.965
abc,77.1705
abc,102.72
abc,35.12
abc,79.36
abc,62.16
abc,81.288
abc,81.24
abc,60.48
abc,41.12
abc,64.4
abc,51.27
abc,186.624
abc,127.2
abc,91.44
abc,75.51
abc,67.068
abc,26.874
abc,24.048
abc,46.672
abc,106.32
abc,79.38
abc,22.29
abc,103.56
abc,77.46
abc,110.64
abc,50.58
abc,91.77
abc,116.31
abc,53.082
abc,59.7
abc,86.94
abc,69.174
abc,54.1326
abc,54.537
abc,60.579
abc,61.86
abc,19.152
abc,91.36
abc,124.36
abc,45.92
abc,111.15
abc,35.856
abc,44.688
abc,169.45
abc,51.8
abc,167.94
abc,93.02
abc,48.48
abc,58.56
abc,41.12
abc,192.3
abc,77.532
abc,147.42
abc,36.12
abc,96.32
abc,101.208
abc,124.62
abc,59.775
abc,55.8
abc,50.7
abc,47.88
abc,162.432
abc,55.044
abc,87
abc,72.45
abc,34.92
abc,29.58
abc,102.18
abc,64.6
abc,40.96
abc,221.2
abc,112.24
abc,91.8
abc,225.495
abc,45.45
abc,207.33
abc,24.3522
abc,41.985
abc,137.88
abc,48.64
abc,56.3
abc,35
abc,37.8
abc,39.6
abc,119.34
abc,97.66428
abc,106.02
abc,44.48
abc,66.56
abc,61.76
abc,41.4
abc,53.55
abc,583.92
abc,43.29
abc,117.6
abc,87.03
abc,53.4
abc,99.42
abc,78.66
abc,30.456
abc,108.4
abc,21.4
abc,180.96
abc,25.83
abc,91.96
abc,56.916
abc,38.7
abc,88.6
abc,72.32
abc,89.37
abc,68.58
abc,48
abc,131.7708
abc,140.67
abc,73.02
abc,42.075
abc,71.442
abc,124.36
abc,129.3
abc,64.784
abc,40.5
abc,131.598
abc,183
abc,267.12
abc,96.9
abc,62.352
abc,52.8
abc,66.36
abc,75.6
abc,34.29
abc,45.15
abc,95.04
abc,48.5523
abc,69
abc,75.978
abc,107.53
abc,82.38
abc,91.275
abc,93.24
abc,101.76
abc,60
abc,79.24
abc,154.24
abc,73.944
abc,98.16
abc,61.536
abc,77.04
abc,63.76
abc,50.25
abc,64.56
abc,174.51
abc,86.94
abc,60.48
abc,88.74
abc,165.456
abc,36.6168
abc,63.4005
abc,40.5
abc,26.88
abc,1034.964
abc,70.02
abc,131.382
abc,68.76
abc,115.86
abc,126.9
abc,26.7
abc,54.42
abc,138.132
abc,54.66
abc,95.28
abc,97.86
abc,143.7
abc,89.58
abc,40.032
abc,103.68
abc,70.38
abc,117.234
abc,66.6
abc,75.87
abc,105.24
abc,61.215
abc,122.49
abc,102.42
abc,150.1278
abc,123.9975
abc,70.83
abc,79.8
abc,72.9
abc,23.968
abc,41.86
abc,46.53
abc,55.176
abc,39
abc,22.26
abc,35.97
abc,141.6
abc,55.38
abc,63.52
abc,158.58
abc,180.36
abc,79.11
abc,39.78
abc,33.9624
abc,36.855
abc,48.45
abc,24.56
abc,26.976
abc,46.84
abc,91.392
abc,108.66
abc,45.48
abc,83.34
abc,86.04
abc,22.32
abc,108.92
abc,90.112
abc,22.86
abc,88.224
abc,35.94
abc,17.112
abc,53
abc,106.65
abc,26.76
abc,73.2
abc,27.69
abc,57.6
abc,62.7255
abc,179.334
abc,29.8
abc,46.864
abc,44.82
abc,51.84
abc,56.704
abc,96.84
abc,31.482
abc,79.722
abc,128.736
abc,55.56
abc,96.96
abc,78.048
abc,38.62
abc,87.03
abc,59.7
abc,58.74
abc,114.78
abc,49.5
abc,107.424
abc,59.52
abc,51.12
abc,51.84
abc,41.72
abc,52.08
abc,131.8
abc,42.84
abc,40.56
abc,61.32
abc,30.48
abc,70.575
abc,88.65
abc,73.47
abc,38.412
abc,88.0215
abc,40.14
abc,44.496
abc,75.519
abc,42.255
abc,282.888
abc,76.752
abc,47.96
abc,148.5
abc,97.32
abc,19.224
abc,21.84
abc,90.624
abc,155
abc,126.336
abc,109.242
abc,51.651
abc,147.849
abc,193.8
abc,43.65
abc,123.21
abc,122.76
abc,31.788
abc,75.24
abc,109.48
abc,29.16
abc,57.75
abc,89.544
abc,475.2
abc,16.86
abc,87.6
abc,120.312
abc,170.52
abc,111.72
abc,103.356
abc,91.62
abc,466.128
abc,106.02
abc,32.34
abc,78.288
abc,43.08
abc,30.348
abc,88.04
abc,98.21
abc,67.84
abc,57.51
abc,33.9
abc,62.86
abc,127.68
abc,46.4
abc,67.968
abc,75.216
abc,113.12
abc,66.72
abc,22.536
abc,68.4
abc,136.26
abc,79.92
abc,90.8
abc,94.032
abc,84.39
abc,144.54
abc,139.8
abc,99.96
abc,191.2
abc,138.16
abc,113.68
abc,143.76
abc,61.2
abc,83.592
abc,45.846
abc,77.1
abc,32.04
abc,44.52
abc,71.55
abc,35.52
abc,239.666
abc,79.14
abc,127.26
abc,66.57
abc,76.68
abc,33.64
abc,109.32
abc,88.938
abc,44.235
abc,103.5
abc,56.43
abc,23.64
abc,65.1
abc,127.6989
abc,60.102
abc,247.8
abc,63.56
abc,95.968
abc,89.568
abc,159.98
abc,37.44
abc,29.91
abc,92.817
abc,44.43
abc,52.182
abc,124.32
abc,50.52
abc,97.74
abc,43.56
abc,91.332
abc,75.36
abc,58.32
abc,55.92
abc,114.78
abc,63.45
abc,67.788
abc,131.598
abc,93.744
abc,71.928
abc,109.35
abc,47.25
abc,30.348
abc,56.98
abc,91.96
abc,71.976
abc,47.952
abc,61.96
abc,107.648
abc,67.9932
abc,68.46
abc,95.68
abc,91.36
abc,122.07
abc,94.08
abc,50.088
abc,182.58
abc,71.736
abc,30.3
abc,33.39
abc,86.4
abc,29.04
abc,95.16
abc,37.827
abc,107.325
abc,78.99
abc,81.424
abc,57.576
abc,139.424
abc,54.896
abc,123.136
abc,81.54
abc,24.424
abc,48.96
abc,160.5
abc,100.26
abc,109.28
abc,87.96
abc,119.133
abc,36.18
abc,66.51
abc,88.86
abc,101.58
abc,87.48
abc,67.92
abc,55.38
abc,54.36
abc,200.16
abc,72.54
abc,29.7
abc,127.984
abc,44.46
abc,58.56
abc,112.872
abc,16.74
abc,33.42
abc,48.06
abc,73.104
abc,117.99
abc,30.3
abc,18.24
abc,47.55
abc,48.96
abc,59.34
abc,48.42
abc,55.242
abc,67.992
abc,54.992
abc,64.848
abc,82.64
abc,168.18
abc,72
abc,81.66
abc,61.2
abc,141.12
abc,73.32
abc,84.84
abc,499.44
abc,29.6
abc,142.592
abc,60.24
abc,206.01
abc,94.02
abc,166.89
abc,70.956
abc,153.657
abc,123.33
abc,39.123
abc,125.34
abc,115.506
abc,219.184
abc,51.84
abc,91.38
abc,30.132
abc,103.104
abc,61.68
abc,166.83
abc,37.32
abc,31.536
abc,49.14
abc,68.8
abc,39.04
abc,75.72
abc,57.75
abc,42.36
abc,82.17
abc,36
abc,113.568
abc,89.52
abc,142.776
abc,52.92
abc,115.728
abc,82.32
abc,45.09
abc,57.096
abc,32.04
abc,72.252
abc,121.32
abc,73.8
abc,62.72
abc,29.96
abc,130.734
abc,96.66
abc,65.772
abc,42.822
abc,21.48
abc,26.43
abc,53.16
abc,23.1
abc,74.61
abc,101.94
abc,129.45156
abc,37
abc,17.84
abc,142.688
abc,129.6
abc,47.49
abc,162
abc,93.48
abc,44.835
abc,74.304
abc,34.02
abc,69.336
abc,93.7125
abc,44.1228
abc,45.696
abc,60.69
abc,52.34
abc,55.98
abc,94.6
abc,22.83
abc,41.6
abc,38.76
abc,29.58
abc,96.78
abc,50.176
abc,44
abc,126.4
abc,467.586
abc,87.84
abc,62.775
abc,95.796
abc,89.16
abc,54.2826
abc,81.0738
abc,75.78
abc,134.19
abc,99.98
abc,91.96
abc,154.9
abc,68.52
abc,30.88
abc,73.968
abc,44.6
abc,94.86
abc,97.56
abc,97.74
abc,50.382
abc,141.75
abc,57.6
abc,184.896
abc,61.1667
abc,102.168
abc,65.232
abc,33.75
abc,55.572
abc,473.04
abc,94.932
abc,93.06
abc,44.4
abc,120.78
abc,142.47
abc,46.2
abc,130.56
abc,46.08
abc,29.28
abc,53.55
abc,74.28
abc,91.38
abc,325.8
abc,246.3
abc,82.6164
abc,58.8
abc,73.05
abc,70.88
abc,38.34
abc,27.24
abc,57.87
abc,49.06
abc,40.38
abc,58.74
abc,76.7
abc,165.54824
abc,40.26
abc,68.4
abc,112.14
abc,67.8
abc,73.53
abc,47.76
abc,33.72
abc,92.205
abc,82.65
abc,51.45
abc,44.1702
abc,90.57
abc,41.86
abc,70.56
abc,21.24
abc,30.93
abc,59.94
abc,83.988
abc,39.81
abc,61.08
abc,54.54
abc,87.768
abc,74.736
abc,58.608
abc,265.74
abc,51.084
abc,54.56
abc,74.7
abc,58.2
abc,115.71
abc,49.568
abc,58.344
abc,52.59
abc,102.48
abc,44.58
abc,42.24
abc,123.2
abc,62.976
abc,69.12
abc,120.84
abc,94.5
abc,81.36
abc,87.9
abc,30.3
abc,46.44
abc,79.92
abc,87.96
abc,23
abc,53.72
abc,79.99
abc,44.43
abc,26.88
abc,30.93
abc,38.31
abc,123.9
abc,52.78
abc,79.4
abc,207.15
abc,53.52
abc,27.324
abc,100.92
abc,152.766
abc,40.98
abc,50.85
abc,169.99
abc,84.09
abc,71.976
abc,124.792
abc,45.78
abc,310.392
abc,78.624
abc,101.268
abc,39.96
abc,39.54
abc,73.95
abc,46.08
abc,40.995
abc,85.5
abc,224.4
abc,141.66
abc,209.952
abc,20.7
abc,57.024
abc,58.58
abc,41.96
abc,199.9
abc,43.767
abc,84.48
abc,30.12
abc,55.2
abc,88.74
abc,99
abc,160.23888
abc,49.62
abc,49.68
abc,56.7
abc,46.32
abc,55.458
abc,42.39
abc,221.4
abc,60.6
abc,47.25
abc,43.605
abc,19.332
abc,63.3615
abc,88.752
abc,45.576
abc,83.92
abc,61.12
abc,67.44
abc,56.652
abc,97.92
abc,62.343
abc,97.8
abc,65.4
abc,65.232
abc,25.936
abc,50.52
abc,26.955
abc,86.94
abc,47.5728
abc,105.18
abc,31.845
abc,41.04
abc,93.03
abc,59.97
abc,68.62
abc,82.95
abc,25.38
abc,123.3
abc,49.74
abc,41.832
abc,33.18
abc,61.92
abc,45.69
abc,43.44
abc,14.6
abc,65.9
abc,85.95
abc,48.78
abc,84.3
abc,87.264
abc,43.44
abc,48.09
abc,72
abc,93.48
abc,115.5
abc,85.2876
abc,93.24
abc,62.982
abc,73.28
abc,52.68
abc,56.686
abc,58.416
abc,34.2
abc,55.35
abc,109.32
abc,82.56
abc,92.82
abc,68.32
abc,38.46
abc,93.42
abc,19.48
abc,167.724
abc,58.275
abc,45.72
abc,294.3
abc,61.8
abc,77.7
abc,112.92
abc,110.1
abc,114.048
abc,60.48
abc,70.98
abc,63.924
abc,31.96
abc,50.46
abc,92.16
abc,81.96
abc,47.64
abc,114.96
abc,86.1
abc,72.56
abc,100.92
abc,53.55
abc,34.47
abc,44.13
abc,44.82
abc,59.211
abc,132.5178
abc,99.68
abc,22.18
abc,19.44
abc,28.62
abc,106.32
abc,137.88
abc,107.1
abc,100.44
abc,73.864
abc,64.4
abc,108.36
abc,81.27
abc,61.74
abc,66.54
abc,60.1656
abc,35.865
abc,27.552
abc,27.46
abc,34.176
abc,87.92
abc,64.96
abc,146.352
abc,48.69
abc,58.98
abc,279.3
abc,206.2
abc,39.32
abc,151.02
abc,36.765
abc,44.64
abc,17.82
abc,116.97
abc,40.527
abc,102.36
abc,49.12
abc,118.99
abc,38.08
abc,115.86
abc,97.32
abc,99.96
abc,70.68
abc,99.696
abc,52.56
abc,92.304
abc,112.86
abc,81.984
abc,37.04
abc,99.252
abc,106.05
abc,77.16
abc,56.85
abc,52.98
abc,96.57
abc,81.27
abc,200.25
abc,83.5704
abc,73.71
abc,82.23
abc,16.0605
abc,69.84
abc,124.14
abc,138.024
abc,33.28
abc,64.17
abc,87.444
abc,42.76
abc,101.16
abc,93
abc,45.09
abc,142.944
abc,64.08
abc,60.9
abc,112.12
abc,131.868
abc,76.92
abc,132.64
abc,50.16
abc,49.7
abc,1047.948
abc,96.12
abc,83.55
abc,85.59
abc,96.6
abc,50.1984
abc,58.806
abc,90.42
abc,93.18
abc,109.92
abc,37.59
abc,52.92
abc,51.93
abc,136.08
abc,73.28
abc,87.072
abc,14.976
abc,82.77412
abc,95.1
abc,639.96
abc,45.72
abc,79.62
abc,138.4689
abc,29.322
abc,51.921
abc,314.352
abc,95.16
abc,70.48
abc,49.248
abc,90.18
abc,158.94
abc,44.1
abc,59.724
abc,53.19
abc,49.5126
abc,85.5414
abc,75.792
abc,85.14
abc,21.78
abc,55.264
abc,57
abc,95.04
abc,69.804
abc,57.88
abc,139.328
abc,84
abc,41.04
abc,69.516
abc,100.764
abc,28.917
abc,42.309
abc,48.84
abc,25.08
abc,36.12
abc,60.48
abc,148.104
abc,59.25
abc,47.52
abc,36.1566
abc,31.5
abc,70.128
abc,160.146
abc,78.336
abc,65.16
abc,56.98
abc,227.47788
abc,92.34
abc,90.99
abc,147.84
abc,335.664
abc,100.278
abc,94.68
abc,50.94
abc,133.2
abc,83.92
abc,62.4
abc,83.07
abc,37.5
abc,44.7
abc,78.24
abc,32.06
abc,92.448
abc,71.73
abc,165.9
abc,90.96
abc,44.0847
abc,80.22
abc,382.98
abc,86.352
abc,70.98
abc,62.82
abc,73.98
abc,49.568
abc,42.8
abc,114.848
abc,139.96
abc,111.9
abc,34.8
abc,91.71
abc,115.74
abc,63.18
abc,56.2
abc,58.52028
abc,61.38
abc,46.872
abc,104.82
abc,61.86
abc,147.9
abc,123.12
abc,48.06
abc,66.3
abc,50.166
abc,64.656
abc,62.91
abc,48.36
abc,94.86
abc,167.44
abc,58.56
abc,58.698
abc,32.544
abc,29.88
abc,101.283
abc,47.586
abc,34.11
abc,25.12
abc,46.38
abc,61.56
abc,57.72
abc,45.3
abc,87.08
abc,64.4
abc,74.4
abc,178.08
abc,59.13
abc,19.665
abc,87.03
abc,77.1756
abc,94.86
abc,68.4
abc,83.952
abc,98.352
abc,86.88
abc,50.96
abc,34.7
abc,73.784
abc,33.44
abc,50.52
abc,26.22
abc,73.35
abc,221.9552
abc,50.48
abc,52.128
abc,86.96
abc,138.8
abc,43.8
abc,154.7
abc,94.77
abc,224.289
abc,93.48
abc,88.224
abc,90.9726
abc,37.26
abc,67.4
abc,106.05
abc,41.544
abc,106.08
abc,102.9
abc,31.5
abc,49.47
abc,284.166
abc,29.67
abc,22.923
abc,109.38
abc,123.72
abc,62.72
abc,94.608
abc,79
abc,44.6
abc,52.224
abc,468.18
abc,39.78
abc,98.442
abc,38.76
abc,46.92
abc,151.38
abc,179.46
abc,52.353
abc,103.9326
abc,35.6094
abc,106.56
abc,87.42
abc,53.2
abc,80.48
abc,43.98
abc,29.403
abc,15.15
abc,20.13
abc,109.95
abc,47.49
abc,54.18
abc,111.08
abc,46.53
abc,97.038
abc,94.2
abc,39.096
abc,57.576
abc,81.438
abc,97.32
abc,50.436
abc,107.4
abc,100.02
abc,93.48
abc,94.8
abc,15.68
abc,46.62
abc,52.86
abc,81.66
abc,40.86
abc,90.96
abc,78.12
abc,118.782
abc,56.7
abc,37.44
abc,89.88
abc,83.88
abc,118.656
abc,46.41
abc,166.8
abc,64.44
abc,70.32
abc,60.12
abc,84.462
abc,38.4
abc,114
abc,63.474
abc,84.18
abc,73.35
abc,131.382
abc,81.1965
abc,50.4
abc,35.97
abc,41.568
abc,57.584
abc,140.952
abc,61.92
abc,27.738
abc,62.16
abc,78.66
abc,41.28
abc,44.88
abc,89.1
abc,144.56
abc,65.96
abc,139.328
abc,25.06
abc,100.152
abc,131.85
abc,131.88
abc,82.86
abc,268.5
abc,56.7
abc,29.97
abc,94.02
abc,76.86
abc,40.23
abc,47.4
abc,120.48
abc,74.95
abc,58.98
abc,55.35
abc,23.76
abc,84.6
abc,136.164
abc,76.51152
abc,336.36
abc,77.12
abc,37.44
abc,163.15304
abc,45.06
abc,59.31
abc,23.88
abc,96.9
abc,54.432
abc,74.25
abc,29.862
abc,67.32
abc,78.35
abc,34.54
abc,96.08
abc,24.14
abc,75.33
abc,31.95
abc,120.06
abc,50.46
abc,58.8
abc,69.54
abc,51.78
abc,95.64
abc,60.6
abc,105.894
abc,152.928
abc,97.86
abc,156.15
abc,25.92
abc,26.73
abc,105.96
abc,41.904
abc,88.776
abc,102.368
abc,239.5
abc,47.68
abc,105.12
abc,40.98
abc,95.04
abc,59.7
abc,75.84
abc,72.6
abc,78.3
abc,49.77
abc,91.53
abc,148.878
abc,43.2
abc,141.76
abc,77.031
abc,60.12
abc,52.4
abc,32.34
abc,51.336
abc,24
abc,48.48
abc,103.32
abc,55.888
abc,73.5
abc,66.36
abc,64.24
abc,43.072
abc,48.42
abc,39.42
abc,87.03
abc,45.72
abc,88.2
abc,76.68
abc,47.142
abc,80.595
abc,97.92
abc,98.46
abc,75.36
abc,104.696
abc,45.45
abc,91.989
abc,51.75
abc,47.97
abc,29.34
abc,73.04
abc,22.704
abc,38.64
abc,100.692
abc,65.28
abc,36.4
abc,144.9
abc,150.501
abc,101.58
abc,98.388
abc,91.56
abc,172.14
abc,60.9
abc,84.24
abc,60.48
abc,149.13
abc,37.842
abc,168.03
abc,30
abc,61.04
abc,50.52
abc,44.28
abc,87.966
abc,50.22
abc,78.696
abc,275.88
abc,156.88
abc,99.6
abc,23.76
abc,135.96
abc,47.56
abc,150.3
abc,81.03
abc,36.0801
abc,102.4386
abc,78.66
abc,51.66
abc,67.04
abc,135.98
abc,95.22
abc,123.34
abc,103.36
abc,91.935
abc,42.984
abc,34.5
abc,113.64
abc,148.5
abc,68.79
abc,56.79
abc,207.18
abc,66.96
abc,48.87
abc,82.89
abc,94.5
abc,82.368
abc,103.92
abc,205.164
abc,14.43
abc,71.496
abc,55.32
abc,24.48
abc,53.28
abc,87.84
abc,66.852
abc,52.92
abc,47.58
abc,58.74
abc,55.56
abc,48.45
abc,77.28
abc,66.96
abc,58.716
abc,58.5
abc,601.32
abc,45.36
abc,39.528
abc,103.356
abc,87.96
abc,219.78
abc,54.9
abc,64.152
abc,70.35
abc,44.649
abc,35.808
abc,67.4
abc,42.528
abc,33.96
abc,84.78
abc,26.4
abc,63
abc,50.94
abc,78.246
abc,1324.0224
abc,108.216
abc,227.64
abc,120.9
abc,45.432
abc,39.78
abc,145.98
abc,53.088
abc,43.44
abc,33.568
abc,89.97
abc,104.75
abc,54.66
abc,25.38
abc,110.22
abc,182.76
abc,49.44
abc,235.32
abc,58.44
abc,85.2
abc,23.616
abc,43.7
abc,115.416
abc,69.624
abc,80
abc,48.16
abc,94.77
abc,56.88
abc,99.54
abc,45.72
abc,273
abc,86.805
abc,17.88
abc,129.6
abc,49.47
abc,96.36
abc,62.073
abc,51.84
abc,27.2745
abc,38.97
abc,100.792
abc,27.81
abc,169.45
abc,81.792
abc,43.05
abc,137.16
abc,198.45
abc,15.96
abc,107.28
abc,34.92
abc,40.4
abc,37.38
abc,85.904
abc,17.22
abc,105.12
abc,555.741
abc,65.1
abc,158.352
abc,52.44
abc,88.398
abc,53.037
abc,106.596
abc,73.305
abc,88.101
abc,33.372
abc,26.4
abc,47.331
abc,39.9
abc,24.3
abc,42.636
abc,57.384
abc,65.424
abc,79.36
abc,28.4
abc,31.752
abc,58.32
abc,83.67
abc,51.45
abc,37.59
abc,75.168
abc,45.504
abc,64.88
abc,49.38
abc,157.584
abc,63.36
abc,43.29
abc,103.68
abc,87.21
abc,84.24
abc,55.278
abc,65.34
abc,29.97
abc,42.2802
abc,90.018
abc,44.82
abc,67.344
abc,47.984
abc,40.635
abc,90.882
abc,228.92
abc,47.7
abc,40.29
abc,31.88
abc,53.109
abc,22.47
abc,79.29
abc,68.04
abc,80.16
abc,54.66
abc,49.02
abc,51.03
abc,23.82
abc,88.47
abc,46.26
abc,23.2
abc,60.416
abc,62.24
abc,69.84
abc,163.5
abc,128.52
abc,114.816
abc,38.88
abc,48.736
abc,21.96
abc,76.62
abc,100.404
abc,44.22
abc,101.1
abc,53.568
abc,71.55
abc,34.92
abc,111.51
abc,46.71
abc,49.8465
abc,28.32
abc,43.02
abc,64.08
abc,42.12
abc,78.288
abc,56.76
abc,44.496
abc,58.8
abc,26.49
abc,50.13
abc,18.954
abc,84.5778
abc,98.112
abc,67.92
abc,74.352
abc,67.32
abc,51.84
abc,65.88
abc,97.17
abc,93
abc,80.58
abc,51.3
abc,115.38
abc,136.242
abc,79.68
abc,95.64
abc,50.04
abc,100.5
abc,249.2658
abc,59.48
abc,42.81
abc,180.96
abc,45.584
abc,86.58
abc,48.66
abc,53.28
abc,65.13
abc,105.4
abc,26.24
abc,14.364
abc,74.592
abc,28.08
abc,74.34
abc,77.4
abc,80.1
abc,62.25
abc,78
abc,38.376
abc,78.66
abc,79.44
abc,36.909
abc,27.09
abc,54.69
abc,195.84
abc,47.4
abc,54.78
abc,53.652
abc,72.608
abc,62.4
abc,39.68
abc,78.7
abc,104.625
abc,23.16
abc,26.7
abc,59.4
abc,30.78
abc,23.598
abc,29.5812
abc,141.9
abc,61.74
abc,80.136
abc,70.95
abc,72.784
abc,62.352
abc,51.39
abc,48.72
abc,134.82
abc,92.16
abc,41.28
abc,124.59
abc,74.22
abc,38.016
abc,86.04
abc,68.58
abc,59.82
abc,39.78
abc,115.101
abc,139.59
abc,120
abc,59.22
abc,59.7102
abc,100.6524
abc,46.68
abc,96.8112
abc,29.835
abc,35.28
abc,40.29
abc,42.408
abc,56.16
abc,46.32
abc,48.87
abc,99.54
abc,66.132
abc,55.584
abc,320.49
abc,78.99
abc,57.288
abc,52.08
abc,66.456
abc,50.412
abc,69.624
abc,39.64
abc,65.8
abc,147.072
abc,79.08
abc,88.032
abc,84.6
abc,76.05
abc,44.1
abc,62.208
abc,71.1
abc,118.56
abc,46.62
abc,154.08
abc,25.92
abc,71.97
abc,86.4
abc,70.068
abc,42.096
abc,42.84
abc,80.256
abc,19.48
abc,86.256
abc,111.96
abc,69.552
abc,130.32
abc,66.96
abc,72.24
abc,48.93
abc,81.27
abc,1147.203
abc,53.4
abc,49.32
abc,139.806
abc,45.981
abc,121.92
abc,40.14
abc,16.02
abc,66.42
abc,29.67
abc,72.93
abc,143.79
abc,96
abc,54.72
abc,78.4
abc,79.36
abc,71.296
abc,143.736
abc,23.16
abc,79.4682
abc,41.58
abc,126.279
abc,108.7881
abc,103.194
abc,47.04
abc,117.7872
abc,57.6
abc,29.9
abc,47.32
abc,45.84
abc,31.984
abc,17.64
abc,114.12
abc,39.84
abc,132.96
abc,49.86
abc,29.61
abc,116.775
abc,24.72
abc,79.368
abc,84
abc,54
abc,63.12
abc,167.724
abc,34.3
abc,37.776
abc,55.32
abc,96.57
abc,57.852
abc,56.7
abc,96.9
abc,54.9
abc,96.18
abc,104.8815
abc,50.52
abc,125.793
abc,69.5544
abc,40.95
abc,35.34
abc,22.512
abc,27.744
abc,125.7
abc,119.98
abc,59.373
abc,81.12
abc,95.6
abc,130.74
abc,27.96
abc,111.078
abc,101.46
abc,137.808
abc,78.048
abc,76.059
abc,53.136
abc,48.78
abc,30.48
abc,111.72
abc,49.44
abc,22.5
abc,164.46
abc,75.348
abc,63.072
abc,27.32
abc,57
abc,96.6
abc,117.12
abc,63
abc,145.98
abc,85.05
abc,107.325
abc,49.68
abc,75.15
abc,58.112
abc,28.4
abc,58.48
abc,39.88
abc,42.93
abc,77.952
abc,26.7
abc,75.96
abc,29.94
abc,67.98
abc,29.01
abc,19.8
abc,31.95
abc,40.64
abc,85.44
abc,36.12
abc,65.712
abc,31.28
abc,117.12
abc,126.75
abc,60.804
abc,57.06
abc,29.97
abc,43.176
abc,84.784
abc,65.52
abc,111.12
abc,22.41
abc,24.597
abc,106.92
abc,69.3
abc,155.7
abc,110.64
abc,96.6
abc,62
abc,21.024
abc,150.255
abc,44.1
abc,19.98
abc,25.2
abc,78.84
abc,54.855
abc,82.6944
abc,119.88
abc,56.56
abc,65.99
abc,27.92
abc,100.94
abc,48.816
abc,52.08
abc,56.76
abc,34.56
abc,30.45
abc,18.336
abc,88.224
abc,67.36
abc,56.46
abc,79.2
abc,82.89
abc,69.84
abc,36.48
abc,83.88
abc,102.28
abc,17.88
abc,93.048
abc,211.44
abc,101.25
abc,115.02
abc,245.13
abc,139.806
abc,57.2949
abc,50.352
abc,48.72
abc,48.63
abc,32.319
abc,71.34
abc,75.48
abc,68.56
abc,148.662
abc,56.52
abc,49.68
abc,50.58
abc,45.54
abc,105.12
abc,92.16
abc,25.32
abc,51.381
abc,50.652
abc,113.76
abc,91.1
abc,59.7
abc,60.16
abc,30.84
abc,133.6455
abc,90
abc,41.25
abc,44.28
abc,54.18
abc,74.07
abc,24.696
abc,73.4052
abc,58.59
abc,45.4104
abc,38.772
abc,60.984
abc,33.62
abc,77.56
abc,13.68
abc,58.128
abc,24.327
abc,48.78
abc,58.32
abc,137.22
abc,133.2
abc,139.44
abc,78
abc,43.4
abc,102.16
abc,39.72
abc,106.488
abc,145.584
abc,82.5
abc,27.45
abc,71.172
abc,33.93
abc,25.8
abc,42
abc,138.753
abc,82.2
abc,97.5
abc,94.8
abc,71.28
abc,422.5032
abc,72.675
abc,37.08
abc,58.72
abc,76.14
abc,40.41
abc,81.852
abc,24
abc,115.74
abc,86
abc,33.48
abc,66.6
abc,13.59
abc,59.46
abc,51.3
abc,14.52
abc,50.94
abc,111.537
abc,83.25
abc,152.352
abc,70.4529
abc,74.4756
abc,136.26
abc,127.1325
abc,33.372
abc,86.45
abc,104.23
abc,40.48
abc,30.12
abc,66.948
abc,140.52
abc,23.7
abc,58.416
abc,88.2
abc,155.358
abc,76.788
abc,203.88
abc,77.04
abc,81.48
abc,70.56
abc,91.68
abc,50.76
abc,73.95
abc,105.72
abc,41.571
abc,97.86
abc,41.08
abc,100.54
abc,20.5
abc,135.48
abc,60.92
abc,38.58
abc,351.36
abc,30.69
abc,47.46
abc,54.78
abc,62.04
abc,89.64
abc,41.88
abc,129.114
abc,75.429
abc,64.53
abc,92.2995
abc,58.83
abc,61.568
abc,92.34
abc,59.376
abc,29.01
abc,49.77
abc,57.36
abc,79.44
abc,26.28
abc,88.704
abc,58.2
abc,53.84
abc,28.48
abc,66.636
abc,104.976
abc,20.574
abc,45.42
abc,110.88
abc,62.7
abc,44.94
abc,56.56
abc,68.94
abc,79.36
abc,39.816
abc,158.76
abc,66.93
abc,169.68
abc,27.72
abc,89.82
abc,45
abc,113.2
abc,37.38
abc,100.32
abc,68.904
abc,30.48
abc,87.06
abc,82.5192
abc,49.56
abc,45.3678
abc,100.704
abc,68.72
abc,51.56
abc,57.264
abc,97.332
abc,82.674
abc,55.14
abc,95.28
abc,96
abc,77.7
abc,60.552
abc,141.12
abc,123.8535
abc,91.35
abc,42.039
abc,49.1946
abc,42.7707
abc,17.45
abc,57.75
abc,66.3
abc,68.238
abc,73.915
abc,69.3
abc,97.92
abc,50.7
abc,53.7
abc,37.71
abc,42.3
abc,114.336
abc,47.19
abc,19.77
abc,57.8925
abc,26.946
abc,84.42
abc,97.038
abc,82.0599
abc,62.18
abc,31.44
abc,202.2
abc,48.24
abc,66.44
abc,32.8
abc,58.536
abc,67.84
abc,90.76
abc,57.36
abc,39.2
abc,139.68
abc,65.55
abc,41.04
abc,39.98
abc,67.8
abc,186.732
abc,51.756
abc,38.88
abc,28.784
abc,101.4
abc,215.52
abc,76.56
abc,71.1
abc,49.7
abc,67.68
abc,68.12
abc,67.608
abc,131.94
abc,117.46
abc,57.072
abc,54.36
abc,80.1
abc,39.285
abc,45.06
abc,25.0266
abc,59.76
abc,72.8
abc,31.968
abc,79.36
abc,45.36
abc,32.34
abc,106.32
abc,68.48
abc,74.16
abc,81.756
abc,74.49
abc,140.67
abc,95.6
abc,93.42
abc,66.48
abc,95.44
abc,42.96
abc,57.36
abc,55.944
abc,92.5275
abc,214.3791
abc,60.48
abc,38.04
abc,70.467
abc,79.08
abc,86.376
abc,55.32
abc,64.242
abc,58.32
abc,72.32
abc,35.06
abc,56.94
abc,113.46
abc,65.28
abc,85.608
abc,49.42
abc,68.816
abc,118.2
abc,110.28
abc,66.51
abc,121.905
abc,33.048
abc,510.57
abc,41.58
abc,122.283
abc,97.2
abc,93.51
abc,169.092
abc,60.74
abc,70.26
abc,39.992
abc,25.8
abc,128.88
abc,40.08
abc,73.536
abc,93.06
abc,125.82
abc,97.8
abc,132.15
abc,141.12
abc,47.025
abc,84.15
abc,39.87
abc,62.92
abc,34.24
abc,15.552
abc,59.52
abc,62.16
abc,54.936
abc,37.17
abc,81.66
abc,97.656
abc,65.24
abc,46.272
abc,127.7
abc,114.66
abc,121.905
abc,109.728
abc,23.1
abc,34.14
abc,56.76
abc,138.69
abc,59.508
abc,51.465
abc,113.92
abc,55.936
abc,36.6
abc,85.96
abc,33.568
abc,146.86
abc,84.978
abc,22.956
abc,54.18
abc,126.03
abc,57.84
abc,85.92
abc,111.312
abc,73.5
abc,117.96
abc,126.4
abc,69.18
abc,15.32
abc,86.7
abc,60.48
abc,57.9
abc,72.675
abc,59.34
abc,89.4
abc,29.268
abc,46.53
abc,34.5861
abc,138.24
abc,63.729
abc,29.68
abc,230.376
abc,48.3
abc,49.6
abc,29.88
abc,78
abc,52.59
abc,115.83
abc,46.845
abc,92.64
abc,55.48
abc,56.65
abc,82.56
abc,47.984
abc,134.61
abc,29.76
abc,27.3
abc,107.928
abc,76.08
abc,35.2
abc,22.68
abc,177.3
abc,29.01
abc,74.25
abc,65.925
abc,76.41
abc,55.95
abc,46.845
abc,44.781
abc,17.712
abc,41.9
abc,21.56
abc,159.56
abc,31.008
abc,69.15
abc,30.3
abc,64.3
abc,126.96
abc,47.16
abc,131.28
abc,172.43928
abc,90.18
abc,45.846
abc,142.53
abc,73.95
abc,25.29
abc,1001.1366
abc,57
abc,40.425
abc,78.246
abc,125.19
abc,53.703
abc,90.0576
abc,25.344
abc,67.56
abc,116.28
abc,55.992
abc,67.88
abc,45.528
abc,46.44
abc,74.52
abc,71.52
abc,142.08
abc,49.32
abc,112.92
abc,102.48
abc,53.7
abc,59.526
abc,84.276
abc,46.59
abc,132.96
abc,46.848
abc,190.4
abc,68.076
abc,70.88
abc,45.84
abc,95.72
abc,36.3
abc,130.72
abc,77.16
abc,105.24
abc,45.72
abc,62.16
abc,55.56
abc,45.72
abc,37.68
abc,31.92
abc,67.128
abc,75.18
abc,27.392
abc,196.08
abc,75.6
abc,97.824
abc,81.18
abc,121.86
abc,109.62
abc,55.98
abc,148.92
abc,78.12
abc,50.4
abc,132.1425
abc,73.1022
abc,45.36
abc,51.6285
abc,71.82
abc,41.85
abc,40.096
abc,149.544
abc,35.06
abc,46.74
abc,45.69
abc,51.78
abc,62.31
abc,47.96
abc,40.64
abc,130.08232
abc,73.8
abc,36
abc,66.6
abc,35.82
abc,88.2
abc,33.6
abc,47.88
abc,45.48
abc,62.2965
abc,58.212
abc,71.4
abc,64.719
abc,92.64
abc,59.778
abc,56.349
abc,40.2522
abc,173.76
abc,30.456
abc,71.9361
abc,58.02
abc,94.92
abc,44.4
abc,73.008
abc,34.656
abc,42.68
abc,65.584
abc,14
abc,46.74
abc,166.8
abc,107.28
abc,69.84
abc,76.08
abc,50.79
abc,38.61
abc,39.072
abc,87.3
abc,53.22
abc,66.96
abc,94.6305
abc,120.366
abc,115.56
abc,40.1475
abc,42.7869
abc,54.36
abc,61.8
abc,48.852
abc,53.72
abc,47.9
abc,72.78
abc,52.5
abc,59.52
abc,57.75
abc,142.848
abc,16.716
abc,50.58
abc,76.5
abc,105.568
abc,252
abc,66.936
abc,46.98
abc,46.98
abc,78.9
abc,111.42
abc,39.92
abc,50.292
abc,26.4
abc,34.98
abc,97.92
abc,59.76
abc,103.26
abc,54.82
abc,68.88
abc,65.88
abc,16.48
abc,78.84
abc,55.74
abc,65.784
abc,89.94
abc,47.7
abc,36.96
abc,85.02
abc,26.712
abc,35.7
abc,58.392
abc,37.68
abc,30.816
abc,67.9
abc,71.952
abc,26.64
abc,32.19
abc,80.55
abc,64.824
abc,53.28
abc,22.29
abc,32.88
abc,27.5
abc,26.04
abc,61.92
abc,62.72
abc,71.361
abc,59.292
abc,62.16
abc,42.84
abc,41.04
abc,51.273
abc,26.91
abc,75.69
abc,90.6222
abc,80.838
abc,59.4
abc,75.9
abc,60.96
abc,63.18
abc,28.0125
abc,29.7
abc,37.4
abc,19.456
abc,98.392
abc,97.44
abc,195.6
abc,51.84
abc,73.2
abc,82.84
abc,61.86
abc,217.32
abc,32.68
abc,106.8
abc,87.84
abc,76.2
abc,49.44
abc,64.26
abc,97.2
abc,73.35
abc,49.44
abc,46.92
abc,83.88
abc,23.25
abc,93
abc,171.036
abc,63.77
abc,164.646
abc,54.9
abc,70.26
abc,60
abc,44.4
abc,25.308
abc,58.83
abc,44.2
abc,248.22
abc,36.84
abc,79.08
abc,80.1
abc,82.89
abc,60.42
abc,49.5
abc,79.92
abc,125.22
abc,44.22
abc,40.8312
abc,37.152
abc,47.82
abc,71.6
abc,39.92
abc,69.12
abc,27.88
abc,110.376
abc,44.7
abc,51.72
abc,39.12
abc,48.39
abc,83.46
abc,82.08
abc,55.56
abc,65.68
abc,81.66
abc,37.62
abc,68.364
abc,40
abc,52.86
abc,47.952
abc,145.05
abc,40.05
abc,38.4
abc,90.42
abc,187.986
abc,43.2
abc,87.92
abc,59.94
abc,36.27
abc,18.96
abc,61.392
abc,81.852
abc,153.42
abc,72.864
abc,28.24
abc,49.356
abc,70.56
abc,39.4
abc,56.352
abc,26.76
abc,66.948
abc,43.2
abc,78.75
abc,79.11
abc,31.488
abc,56.97
abc,90.81
abc,99.72
abc,83.4
abc,163.56
abc,60.588
abc,69.336
abc,79.9
abc,26.49
abc,23.4
abc,61.6
abc,70.64
abc,38.04
abc,98.88
abc,34.06
abc,105.18
abc,113.94
abc,65.61
abc,60.6
abc,139.59
abc,56.52
abc,78.354
abc,51.36
abc,83.8248
abc,84.5604
abc,127.1076
abc,51.03
abc,127.32
abc,17.712
abc,37.608
abc,23.97
abc,25.05
abc,64.2
abc,59.76
abc,87.408
abc,62.61
abc,218.592
abc,100.4
abc,100.7
abc,42.12
abc,75.33
abc,98.388
abc,58.2
abc,119.07
abc,80.865
abc,42.66
abc,24.354
abc,152.4
abc,30.12
abc,89.46
abc,79.99
abc,51.016
abc,45.21
abc,98.04
abc,97.38
abc,26.88
abc,46.32
abc,58
abc,61.668
abc,47.268
abc,31.66
abc,19.88
abc,60.2
abc,77.1
abc,39.72
abc,34.92
abc,31.84
abc,90.64
abc,82.08
abc,36.08
abc,80.28
abc,113.68
abc,14.256
abc,114.81
abc,82.35
abc,75.6
abc,18.99
abc,66.462
abc,122.94
abc,58.248
abc,56.76
abc,45.84
abc,80.46
abc,49.248
abc,59.16
abc,116.52
abc,102.45
abc,71.1
abc,53.526
abc,26.38
abc,85.52
abc,106.32
abc,14.4
abc,141.6
abc,30.3
abc,75.68
abc,101.94
abc,72
abc,84.48
abc,40.635
abc,60.24
abc,59.4
abc,53.04
abc,45.252
abc,94.8
abc,90.0576
abc,159.66
abc,15.96
abc,111.48
abc,40.296
abc,110.22
abc,86.112
abc,91.44
abc,105.72
abc,121.5
abc,88.68
abc,44.94
abc,76.48
abc,48.7
abc,41.74
abc,36.8
abc,80.192
abc,44.16
abc,61.44
abc,51.48
abc,74.952
abc,83.76
abc,37.68
abc,31.92
abc,127.764
abc,53.91
abc,57.87
abc,29.58
abc,69.15
abc,117.4472
abc,104.472
abc,45.927
abc,56.349
abc,42.12
abc,43.83
abc,50.7
abc,97.32
abc,57.8925
abc,87.06
abc,23.4
abc,121.5
abc,106.32
abc,155.7
abc,23.652
abc,59.328
abc,20.04
abc,30.976
abc,39.984
abc,87.36
abc,40.704
abc,59.04
abc,50.28
abc,50.94
abc,34.074
abc,72.88
abc,104.44
abc,57.864
abc,53.68
abc,77.1
abc,63.76
abc,83.34
abc,63
abc,76.8
abc,158.58
abc,85.92
abc,33.876
abc,63.9975
abc,109.08
abc,25.92
abc,43.512
abc,123.144
abc,91.59
abc,52.752
abc,57.87
abc,124.272
abc,42.96
abc,164.76
abc,103.5
abc,43.52
abc,60.9
abc,46.44
abc,41.64
abc,53.34
abc,27.96
abc,23.97
abc,103.56
abc,49.5
abc,39.992
abc,45
abc,33.74
abc,14.4
abc,200.97
abc,37.94
abc,82.26
abc,17.12
abc,45.75
abc,40.752
abc,49.152
abc,84.36
abc,99.54
abc,38.04
abc,98.46
abc,43.47
abc,60.75
abc,15.76
abc,99.96
abc,64
abc,49.8
abc,52.38
abc,42.96
abc,56.7
abc,95.16
abc,46.116
abc,154.4208
abc,409.32
abc,91.84
abc,92.94
abc,51.63
abc,31.74
abc,24.92
abc,33.36
abc,67.7
abc,96.8
abc,45.216
abc,172.08
abc,90.72
abc,57.15
abc,68.148
abc,27.6
abc,104.7045
abc,44.46
abc,73.26
abc,130.41
abc,59.5455
abc,180.66
abc,28.854
abc,17.76
abc,79.47
abc,87.8
abc,48.06
abc,35.304
abc,58.17
abc,46.74
abc,52.98
abc,58.2
abc,138.6
abc,57.984
abc,37.86
abc,138.04
abc,78.78
abc,122.88
abc,59.1
abc,48.78
abc,79.974
abc,110.76
abc,258.9
abc,114.03
abc,86.88
abc,46.5
abc,72.4245
abc,210.12
abc,64.764
abc,66.96
abc,82.296
abc,83.358
abc,38.16
abc,27.5892
abc,113.2452
abc,149.73
abc,23.76
abc,41.472
abc,17.52
abc,143.928
abc,57.78
abc,24.36
abc,50.4
abc,57.87
abc,86.256
abc,66.88
abc,263.6
abc,98.22
abc,169.92
abc,33.18
abc,58.02
abc,96.36
abc,107.55
abc,58.44
abc,32.4
abc,42.66
abc,57.84
abc,34.95
abc,47.82
abc,101.88
abc,37.62
abc,43.02
abc,42.384
abc,32.448
abc,74.4
abc,56.988
abc,53.01
abc,55.98
abc,56.43
abc,44.58
abc,26.2944
abc,62.34
abc,287.4
abc,34.2
abc,44.2338
abc,33.6
abc,44.388
abc,64.96
abc,25.032
abc,107.97
abc,53.88
abc,36.288
abc,50.352
abc,14.52
abc,24
abc,56.34
abc,99.288
abc,32.32
abc,146.4
abc,65.1
abc,57.72
abc,26.92
abc,44.624
abc,48.9
abc,73.875
abc,68.025
abc,64.26
abc,26.04
abc,42.66
abc,93.24
abc,142.56
abc,81.99
abc,71.37
abc,86.4
abc,49.68
abc,149.95
abc,41.7
abc,84.84
abc,15.36
abc,86.352
abc,119.96
abc,79.533
abc,61.38
abc,51.36
abc,86.31
abc,51.6
abc,51.08
abc,84.84
abc,151.236
abc,64.56
abc,79.11
abc,58.08
abc,2039.796
abc,57.87
abc,75.78
abc,83.6976
abc,46.305
abc,87.9504
abc,51.975
abc,78.66
abc,86.97
abc,64.864
abc,62.1
abc,69.52
abc,64.08
abc,45.03
abc,19.908
abc,28.89
abc,58.66
abc,67.84
abc,51.24
abc,14.24
abc,67.96
abc,94.5
abc,23.355
abc,95.04
abc,210.84
abc,124.65
abc,66.24
abc,115.71
abc,22.65
abc,71.4378
abc,76.2
abc,68.22
abc,94.02
abc,47.52
abc,38.976
abc,98.4
abc,51.63
abc,158.58
abc,23.25
abc,133.2
abc,50.12
abc,21.96
abc,60.06
abc,67.2152
abc,139.152
abc,54
abc,25.14
abc,70.815
abc,27.4752
abc,95.88
abc,281.424
abc,44.43
abc,72
abc,72.048
abc,50.73
abc,38.7
abc,42.6
abc,120.08
abc,109.8
abc,60.264
abc,60.032
abc,38.4
abc,183.87
abc,107.775
abc,103.56
abc,51.6
abc,48.96
abc,36.288
abc,38.34
abc,99.924
abc,1654.668
abc,82.242
abc,51.84
abc,27.44
abc,74.416
abc,24.56
abc,79.11
abc,25.8
abc,50.76
abc,59.76
abc,54
abc,56.46
abc,121.44
abc,42.12
abc,68.184
abc,78.84
abc,66.672
abc,185.26
abc,66.51
abc,27.18
abc,81.378
abc,223.722
abc,87.72
abc,34.29
abc,61.32
abc,124.92
abc,89.856
abc,18.588
abc,21.48
abc,38.29
abc,105.584
abc,107.44
abc,20.808
abc,49.56
abc,54.24
abc,42.06
abc,84.6
abc,48.45
abc,16.59
abc,64.89
abc,44.34
abc,26.8
abc,66.6
abc,94.8
abc,56.52
abc,88.44
abc,62.1
abc,26.37
abc,80.73
abc,27.9522
abc,16.8
abc,64.557
abc,92.205
abc,50.298
abc,90.57
abc,59.712
abc,52.272
abc,21.184
abc,40.68
abc,50.4
abc,30.54
abc,73.2
abc,51.27
abc,51.2
abc,63.2
abc,30.64
abc,133.344
abc,35.24
abc,81.9
abc,42.48
abc,78.57
abc,41.16
abc,39.609
abc,46.71
abc,66.87
abc,167.34
abc,25.92
abc,31.776
abc,88.768
abc,62.82
abc,69.375
abc,39.96
abc,88.44
abc,136.59
abc,134.688
abc,50.52
abc,15.54
abc,75.18
abc,117.32
abc,45.408
abc,72.54
abc,70.56
abc,40.86
abc,56.94
abc,32.25
abc,85.32
abc,115.92
abc,99.48
abc,62.4
abc,61.47
abc,92.1825
abc,129.978
abc,61.62
abc,74.9988
abc,67.95
abc,26.96
abc,114.78
abc,61.56
abc,49.32
abc,44.595
abc,53.01
abc,87.792
abc,31.34
abc,56.5
abc,30.684
abc,258.9
abc,49.08
abc,28.08
abc,103.68
abc,57.6
abc,69.6
abc,56.16
abc,170.34
abc,39.6
abc,41.055
abc,41.19
abc,45.36
abc,77.728
abc,59.76
abc,43.86
abc,77.472
abc,56.032
abc,41.94
abc,74.48
abc,60.96
abc,24
abc,172.6
abc,64.38
abc,172.8
abc,27.702
abc,79.2
abc,91.14
abc,57.96
abc,19.44
abc,49.616
abc,185.376
abc,70.74
abc,51.372
abc,66.93
abc,55.92
abc,149.6
abc,61.32
abc,115.58
abc,161.59616
abc,47.82
abc,20.72
abc,30.528
abc,121.932
abc,70.92
abc,67.5
abc,17.4
abc,148.32
abc,127.05
abc,50.7
abc,28.908
abc,87.3372
abc,39.99
abc,15.84
abc,81.54
abc,61.29
abc,48.573
abc,123.72
abc,37.11
abc,58.8
abc,36.66
abc,82.88
abc,61.368
abc,21.408
abc,86.88
abc,76.05
abc,79.5
abc,30.618
abc,87.6
abc,52.245
abc,45.09
abc,96.45
abc,270.54
abc,141.03
abc,44.82
abc,46.5
abc,33.06
abc,33.39
abc,92.46
abc,91.6
abc,72
abc,36.018
abc,95.16
abc,162.96
abc,46.32
abc,49.296
abc,101.58
abc,132.84
abc,32
abc,39.48
abc,40.64
abc,109.28
abc,56.16
abc,50.7
abc,120.42
abc,80.2395
abc,152.28
abc,48.33
abc,96.9
abc,62.1
abc,28.692
abc,38.62
abc,60.35
abc,106.32
abc,74.76
abc,61.776
abc,42.96
abc,47.64
abc,52.736
abc,64.8
abc,50.84
abc,46.62
abc,161.73
abc,42.18
abc,34.44
abc,55.38
abc,56.55
abc,72.99
abc,54
abc,82.704
abc,56.52
abc,38.61
abc,84.78
abc,40.5
abc,71.55
abc,61.29
abc,59.4
abc,89.352
abc,46.26
abc,88.02
abc,30.36
abc,33.48
abc,48
abc,105.492
abc,59.58
abc,54.336
abc,118.8
abc,70.4
abc,36.12
abc,56.76
abc,78.312
abc,72.576
abc,56.97
abc,57.159
abc,42.21
abc,21.6
abc,46.62
abc,74.655
abc,68.16
abc,74.352
abc,965.85
abc,43.96
abc,114.288
abc,127.904
abc,153.824
abc,48.6
abc,39.6
abc,60.54
abc,43.29
abc,62.34
abc,94.02
abc,53.88
abc,55.2
abc,95.04
abc,50.46
abc,80.685
abc,29.78
abc,69.456
abc,25.92
abc,186.69
abc,61.1
abc,51.56
abc,79.99
abc,74.7
abc,69.36
abc,96.6
abc,71.04
abc,82.008
abc,30.27
abc,60.696
abc,12.6
abc,48.4
abc,50.82
abc,82.1
abc,189.46032
abc,65.2
abc,50.79
abc,56.76
abc,26.22
abc,106.974
abc,44.064
abc,51.66
abc,71.73
abc,100.4964
abc,43.7568
abc,46.6875
abc,56.9214
abc,40.096
abc,99.372
abc,72.744
abc,55.984
abc,51.156
abc,186.12
abc,46.92
abc,61.76
abc,152.352
abc,33.66
abc,53.91
abc,41.85
abc,99
abc,61.503
abc,24.03
abc,74.4759
abc,71.766
abc,46.62
abc,61.96
abc,47.208
abc,20.46
abc,166.5
abc,71.76
abc,72.828
abc,46.92
abc,29.862
abc,21.52
abc,84.3
abc,56.46
abc,40.32
abc,15.76
abc,40.584
abc,112.584
abc,70.56
abc,56.2
abc,52.56
abc,29.88
abc,59.598
abc,50.625
abc,68.25
abc,50.328
abc,49.71
abc,37.665
abc,208.5
abc,33.36
abc,36.51
abc,35.12
abc,30.816
abc,21.99
abc,23.592
abc,30.624
abc,28.38
abc,135.744
abc,21.36
abc,25.36
abc,77.04
abc,78.66
abc,44.688
abc,54
abc,76.224
abc,41.49
abc,51.6
abc,37.86
abc,44.469
abc,86.04
abc,80.757
abc,153.72
abc,55.98
abc,41.55
abc,67.5
abc,39.9
abc,26.85
abc,72.6
abc,58.924
abc,40.2
abc,63.24
abc,55.26
abc,81.24
abc,53.4
abc,49.74
abc,63.432
abc,86.52
abc,107.4
abc,32.4
abc,32
abc,50.988
abc,50.72
abc,98.172
abc,35.73
abc,52.86
abc,79.56
abc,39.45
abc,30.735
abc,46.62
abc,48.2088
abc,62.28
abc,23.92
abc,63.96
abc,19.44
abc,30.384
abc,32.19
abc,81.99
abc,26.37
abc,59.16
abc,60.42
abc,65.16
abc,296.88504
abc,33.6
abc,55.5
abc,84.672
abc,84.96
abc,80.64
abc,80.76
abc,30.66
abc,87.84
abc,36.72
abc,84.321
abc,42.735
abc,29.88
abc,53.46
abc,23.7
abc,97.92
abc,57.996
abc,36.972
abc,34.848
abc,81.98
abc,59.913
abc,105.996
abc,61.2
abc,50.022
abc,48.93
abc,137.772
abc,98.7
abc,80
abc,28.96
abc,85.59
abc,55.92
abc,73.62
abc,44.91
abc,106.8
abc,379.242
abc,66.45
abc,31.806
abc,126.5382
abc,30.861
abc,35.883
abc,114.39
abc,50.148
abc,88.752
abc,32.4
abc,32.952
abc,113.04
abc,98.592
abc,40.64
abc,87.76
abc,77.48
abc,41.52
abc,41.232
abc,107.82
abc,75.0321
abc,55.3161
abc,33.36
abc,34.092
abc,28.44
abc,52.416
abc,35.208
abc,39.861
abc,49.5
abc,19.464
abc,114.03
abc,45.69
abc,60.42
abc,18.36
abc,59.16
abc,33.336
abc,57.6
abc,41.36
abc,29
abc,86.346
abc,44.94
abc,24.6
abc,30.96
abc,76.41
abc,21.36
abc,75.69
abc,48.0321
abc,41.202
abc,56.97
abc,76.275
abc,50.274
abc,34.5
abc,11.85
abc,109.98
abc,33.9
abc,62.13
abc,17.88
abc,48.78
abc,53.34
abc,21.144
abc,37.9
abc,77.04
abc,35.76
abc,37
abc,58.608
abc,48.3
abc,28.64
abc,35.136
abc,100.7
abc,49.02
abc,54.12
abc,54.56
abc,53.76
abc,58.32
abc,53.82
abc,53.19
abc,80.46
abc,53.217
abc,28.611
abc,17.4324
abc,88.47
abc,40.6368
abc,85.56
abc,58.68
abc,43.86
abc,59.2
abc,69.98
abc,76.608
abc,54.576
abc,58.68
abc,90.18
abc,18.816
abc,33
abc,85.968
abc,38.961
abc,112.0791
abc,43.71
abc,55.8
abc,90.72
abc,66
abc,97.04
abc,69.3
abc,55.48
abc,42.048
abc,64.864
abc,87.71
abc,71.976
abc,29.304
abc,65.94
abc,25.05
abc,55.14
abc,38.52
abc,20.16
abc,39.36
abc,58.48
abc,111.56
abc,52.92
abc,63.18
abc,17.088
abc,45.024
abc,59.76
abc,71.715
abc,53.28
abc,41.25
abc,98.46
abc,31.35
abc,81.27
abc,228.831
abc,21.54
abc,90.24
abc,50.88
abc,81.54
abc,40.29
abc,28.512
abc,40.32
abc,28.12
abc,82.16
abc,161.1
abc,47.88
abc,36.8
abc,27
abc,42.96
abc,50.46
abc,101.85
abc,208.332
abc,81.27
abc,54.42
abc,117.504
abc,78.246
abc,13.5786
abc,106.02
abc,58.0635
abc,22.41
abc,81.324
abc,38.88
abc,15.872
abc,58.34
abc,55.008
abc,62.16
abc,48.93
abc,29.37
abc,13.851
abc,48.93
abc,52.428
abc,76.11
abc,41.568
abc,108.48
abc,65.952
abc,99.972
abc,46.32
abc,121.74
abc,31.536
abc,96.9
abc,58.7
abc,74.64
abc,57.15
abc,97.2
abc,49.95
abc,133.65
abc,68.55
abc,29.88
abc,90.24
abc,105.66
abc,43.188
abc,196.62
abc,19.44
abc,72.588
abc,40.83
abc,118.2
abc,101.208
abc,94.02
abc,49.872
abc,63.18
abc,49.28
abc,39.33
abc,40.38
abc,185.28
abc,69.444
abc,110.25
abc,49.425
abc,58.671
abc,45.633
abc,66.744
abc,29.34
abc,72.588
abc,45.75
abc,84.3
abc,59.82
abc,84.72
abc,63.9
abc,59.9
abc,55.36
abc,45.28
abc,65.22
abc,90.624
abc,15.072
abc,31.92
abc,89.73
abc,38.16
abc,24.42
abc,22.05
abc,93.7236
abc,70.6035
abc,49.83
abc,105.84
abc,15.552
abc,34.65
abc,57.93
abc,53.25
abc,72.48
abc,56.3
abc,286.256
abc,42.208
abc,67.84
abc,180.96
abc,35.928
abc,120.9
abc,65.4
abc,56.76
abc,54.69
abc,109.8
abc,34.3
abc,43.7
abc,68.8
abc,279.6
abc,84.52
abc,79.56
abc,49.95
abc,96.6
abc,55.5
abc,45.288
abc,35.64
abc,50.997
abc,62.79
abc,79.512
abc,57.36
abc,72.9
abc,83.28
abc,68.184
abc,67.86
abc,33.468
abc,32.58
abc,26.64
abc,47.472
abc,21.48
abc,524.58
abc,35.46
abc,58.05
abc,42.84
abc,67.662
abc,77.49
abc,25.029
abc,33.3105
abc,51.55
abc,43.41
abc,29.196
abc,66.42
abc,28.02
abc,43.26
abc,15.51
abc,60.24
abc,93.1
abc,29.4
abc,37.696
abc,40.5
abc,73.44
abc,80.01
abc,35.406
abc,87.03
abc,99.54
abc,18
abc,22.29
abc,233.6625
abc,66.2838
abc,40.32
abc,89.584
abc,163.96
abc,46.62
abc,96.78
abc,43.47
abc,89.04
abc,44
abc,46.44
abc,144.528
abc,27
abc,55.56
abc,48.006
abc,46.656
abc,67.86
abc,59.664
abc,153.171
abc,19.44
abc,103.6
abc,168.624
abc,50.97
abc,40.48
abc,55.26
abc,109.74
abc,92.88
abc,30.78
abc,45
abc,57.39
abc,63.66
abc,50.73
abc,79.5
abc,50.5
abc,35.32
abc,54.54
abc,54.252
abc,53.04
abc,59.76
abc,108.36
abc,22.38
abc,58.428
abc,40.71
abc,69.0696
abc,32.25
abc,79.47
abc,37.66
abc,37.74
abc,19.52
abc,56.686
abc,158.99
abc,96.3
abc,47.61
abc,50.79
abc,34.968
abc,49.8
abc,98
abc,84.3
abc,66.96
abc,60.6
abc,61.128
abc,26.28
abc,98.388
abc,48.15
abc,33.966
abc,14.94
abc,33.264
abc,27.4752
abc,58.4166
abc,84.1005
abc,81.54
abc,71.34
abc,97.92
abc,146.73
abc,63.552
abc,51.168
abc,127.764
abc,81.96
abc,51.84
abc,44.73
abc,29.55
abc,73.95
abc,19.86
abc,112.2
abc,37.92
abc,46.38
abc,189.36
abc,37.98
abc,56.28
abc,75.744
abc,37.872
abc,31.2
abc,21
abc,77.4
abc,409.968
abc,19.35
abc,69.9
abc,25.704
abc,47.1753
abc,53.823
abc,34.58
abc,104.28
abc,34.384
abc,13.36
abc,73.2
abc,18.176
abc,33.3
abc,66
abc,52.62
abc,44.802
abc,77.04
abc,26.22
abc,54.18
abc,62.92
abc,97.152
abc,32
abc,81.99
abc,94.38
abc,55.14
abc,52.56
abc,44.22
abc,48.15
abc,53.298
abc,34.251
abc,85.5
abc,58.56
abc,63.0912
abc,103.86
abc,114.9
abc,49.12
abc,74.94
abc,25.76
abc,25.5
abc,100.74
abc,11.832
abc,97.92
abc,40.14
abc,35.52
abc,30.72
abc,64.44
abc,66.636
abc,138.24
abc,65.016
abc,30.6
abc,51.3
abc,15.24
abc,47.04
abc,60.6411
abc,201.36
abc,63.88
abc,66.645
abc,94.85
abc,99.2
abc,99.9
abc,35.46
abc,74.76
abc,141.888
abc,57.504
abc,107.4
abc,108.768
abc,108.45
abc,64.44
abc,81
abc,24.96
abc,45.18
abc,141.831
abc,22.26
abc,161.568
abc,38.88
abc,17.9
abc,31.17
abc,42.66
abc,45.06
abc,54
abc,61.92
abc,29.016
abc,77.24
abc,63.36
abc,26.976
abc,29.4
abc,161.3
abc,47.88
abc,46.62
abc,110.16
abc,51.6
abc,74.7
abc,17.28
abc,88.074
abc,48.705
abc,66.45
abc,47.574
abc,55.188
abc,18.76
abc,54.768
abc,43.92
abc,32.96
abc,30.816
abc,110.52
abc,9.84
abc,40.83
abc,102.744
abc,39.54
abc,19.05
abc,48.33
abc,59.136
abc,49.84
abc,49.824
abc,26.36
abc,41.352
abc,27.264
abc,39.42
abc,78.66
abc,39.15
abc,62.328
abc,74.34
abc,80.352
abc,54
abc,110.28
abc,31.104
abc,67.4
abc,41.28
abc,19.572
abc,53.76
abc,49.47
abc,29.052
abc,41.16
abc,74.9
abc,118.2
abc,74.08
abc,67.86
abc,37.044
abc,63.18
abc,48.96
abc,27.96
abc,13.23
abc,19.98
abc,45
abc,90.2325
abc,34.128
abc,79.2
abc,33.488
abc,87.08
abc,27.87
abc,38.04
abc,51.78
abc,48.66
abc,87.3
abc,15.534
abc,20.712
abc,49.2
abc,55.04
abc,50.46
abc,85.92
abc,44.112
abc,132.552
abc,80.52
abc,73.488
abc,36.828
abc,104.76
abc,86.52
abc,25.08
abc,36.3474
abc,57.618
abc,92.988
abc,64.11
abc,75.78
abc,85.23
abc,42.408
abc,54
abc,52.136
abc,203.92
abc,59.96
abc,108.768
abc,55.35
abc,57.42
abc,41.04
abc,48.66
abc,65.88
abc,43.98
abc,37.92
abc,51.6
abc,64.38
abc,73.2
abc,114.72
abc,65.22
abc,39.888
abc,80.36
abc,115.89
abc,82.08
abc,32.208
abc,86.26
abc,227.46
abc,58.374
abc,54
abc,41.304
abc,47.4
abc,58.56
abc,56.82
abc,56.46
abc,953.84848
abc,29.8
abc,87.16
abc,26.88
abc,85.46
abc,139.56
abc,14.28
abc,20.07
abc,66.84
abc,80.58
abc,27.6024
abc,28.7595
abc,61.96
abc,88.776
abc,45
abc,47.49
abc,17.04
abc,44.046
abc,65.592
abc,54.96
abc,57.6
abc,41.7
abc,54.936
abc,97.32
abc,13.44
abc,23.94
abc,58.14
abc,41.42
abc,52.092
abc,44.865
abc,31.5
abc,20.52
abc,59.52
abc,43.86
abc,90.153
abc,47.142
abc,50.2281
abc,122.256
abc,72.45
abc,28.98
abc,27.24
abc,99.99
abc,29.52
abc,40.98
abc,55.3
abc,59.78
abc,29.76
abc,30.51
abc,30.69
abc,49.5
abc,39.69
abc,61.8
abc,74.34
abc,61.155
abc,80.244
abc,56.88
abc,31.92
abc,45.68
abc,22.392
abc,59.535
abc,27.09
abc,18.39
abc,49.176
abc,25.84
abc,60.704
abc,93.1
abc,36.78
abc,63.9
abc,37.35
abc,34.65
abc,49.98
abc,78.156
abc,79.128
abc,34.11
abc,52.35
abc,54.27
abc,89.2308
abc,49.734
abc,55.2
abc,34.05
abc,67.8
abc,48.42
abc,48.96
abc,61.74
abc,59.832
abc,51.84
abc,51.96
abc,58.52
abc,64.4
abc,48.36
abc,47.58
abc,50.1
abc,28.395
abc,31.68
abc,24.12
abc,26.352
abc,58.2
abc,22.58
abc,68.46
abc,50
abc,19.14
abc,27.63
abc,59.25
abc,17.772
abc,29.49
abc,50.04
abc,53.408
abc,24.408
abc,96.8
abc,92.736
abc,49.44
abc,47.52
abc,73.05
abc,89.73
abc,36.48
abc,50.4
abc,67.35
abc,81.42
abc,65.1582
abc,134.892
abc,79.92
abc,45.36
abc,26.64
abc,87.92
abc,15.552
abc,50.79
abc,55.26
abc,52.92
abc,45.75
abc,69.4
abc,51.68
abc,41.424
abc,115.536
abc,24.12
abc,51.66
abc,61.56
abc,145.2
abc,15.795
abc,40.02
abc,33.939
abc,46.44
abc,34.506
abc,95.16
abc,22.0752
abc,119.07
abc,27.68
abc,66.26
abc,26.046
abc,88.752
abc,99.6
abc,34.02
abc,54.552
abc,25.86
abc,50.16
abc,64.44
abc,52.74
abc,76.392
abc,59.4
abc,17.664
abc,67.2
abc,15.984
abc,62.64
abc,131.58
abc,37.62
abc,111.888
abc,133.68
abc,74.25
abc,50.8956
abc,85.752
abc,47.736
abc,72.24
abc,50.625
abc,43.065
abc,59.808
abc,51.45
abc,31.992
abc,69.144
abc,117.045
abc,52.8
abc,33.96
abc,97.92
abc,51.6
abc,60.192
abc,25.26
abc,34.38
abc,31.455
abc,84.96
abc,61.32
abc,60.06
abc,114.0825
abc,30.6
abc,61.695
abc,37.44
abc,20.04
abc,52.44
abc,43.8
abc,60.42
abc,77.172
abc,67.86
abc,31.14
abc,84.75
abc,168.18
abc,38.376
abc,75.44
abc,106.272
abc,56.76
abc,81.144
abc,41.985
abc,78.288
abc,77.49
abc,79.47
abc,68.985
abc,42.03
abc,88.884
abc,55.3605
abc,54.18
abc,55.86
abc,55.98
abc,31.56
abc,47.36
abc,62.28
abc,98.16
abc,57.9
abc,31.984
abc,71.67
abc,34.056
abc,93.18
abc,49.32
abc,43.68
abc,51.42
abc,66.88
abc,29.76
abc,50.12436
abc,60.732
abc,46.56
abc,43.84
abc,125.37
abc,98.04
abc,62.37
abc,293.22
abc,521.856
abc,56.34
abc,20.52
abc,953.94
abc,44.76
abc,59.184
abc,79.1
abc,56.7
abc,35.168
abc,51.968
abc,62.04
abc,81.36
abc,56.96
abc,97.98
abc,49.23
abc,56.58
abc,19.02
abc,40.248
abc,81.78
abc,69.456
abc,47.184
abc,107.4
abc,54.75
abc,65.79
abc,34.56
abc,54
abc,109.38
abc,44.874
abc,237.84
abc,64.3314
abc,43.1526
abc,54.36
abc,42.795
abc,141.912
abc,76.176
abc,69.99
abc,222.32
abc,44.22
abc,28.026
abc,110.052
abc,169.59
abc,56.88
abc,56.12
abc,56.82
abc,63.192
abc,53
abc,44.784
abc,29.32
abc,79.296
abc,144.18
abc,66.72
abc,31.68
abc,61.92
abc,100.8
abc,105.894
abc,159.12
abc,72
abc,51.45
abc,44.46
abc,62.72
abc,94.192
abc,81.96
abc,50.52
abc,100.68
abc,77.1
abc,12.96
abc,61.36
abc,62.316
abc,53.4
abc,20.964
abc,38.4
abc,116.04
abc,44.4
abc,30.96
abc,60.12
abc,133.29
abc,34.875
abc,53.16
abc,21.285
abc,113.67
abc,88.65
abc,50.1984
abc,95.22
abc,60.948
abc,47.984
abc,20.736
abc,63.936
abc,48.94
abc,42.06
abc,68.928
abc,73.944
abc,83.25
abc,95.364
abc,44.22
abc,61.236
abc,42.984
abc,27.04
abc,36.18
abc,87.3
abc,76.74
abc,34.11
abc,50.286
abc,133.407
abc,139.68
abc,31.44
abc,37.008
abc,47.984
abc,80.98
abc,51.016
abc,87.8
abc,94.2
abc,52.2
abc,54.636
abc,92.16
abc,65.6
abc,133.392
abc,37.992
abc,50.436
abc,47.64
abc,73.68
abc,45.6
abc,25
abc,39.56
abc,74.34
abc,105.3
abc,82.89
abc,105.8001
abc,51.651
abc,27.12
abc,46.2
abc,96.18
abc,95.968
abc,60.12
abc,25.488
abc,51.27
abc,21.588
abc,43.56
abc,48.66
abc,80.16
abc,35.712
abc,25.84
abc,58.02
abc,44.16
abc,79.5
abc,75.88
abc,97.038
abc,42.66
abc,124.08
abc,32.4
abc,62.34
abc,210.78
abc,56.46
abc,107.2275
abc,43.038
abc,78.12
abc,37.584
abc,29.889
abc,67.635
abc,44.022
abc,23.175
abc,63
abc,22.815
abc,42.24
abc,50.88
abc,36.44
abc,77.22
abc,81.432
abc,52.74
abc,48.39
abc,34.96
abc,44.432
abc,64.824
abc,37.152
abc,32.96
abc,29.232
abc,66.48
abc,43.128
abc,92.64
abc,53.16
abc,49.728
abc,51.408
abc,29.0334
abc,19.8
abc,43.2087
abc,22.53
abc,47.844
abc,136.998
abc,50.8
abc,111.96
abc,36.48
abc,66.6
abc,50.76
abc,45.6
abc,95.64
abc,39.6
abc,54.66
abc,38.736
abc,39.8
abc,132.912
abc,40.32
abc,56.2
abc,66.36
abc,26.016
abc,93.744
abc,96.81
abc,48.42
abc,60.48
abc,28.998
abc,65.52
abc,33.8415
abc,46.2
abc,86.376
abc,49.44
abc,13.38
abc,24.93
abc,51.69
abc,29.1
abc,60.96
abc,53.4
abc,31.716
abc,111.12
abc,44.28
abc,26.43
abc,34.14
abc,78.12
abc,105.57
abc,17.58
abc,29.58
abc,55.92
abc,70.56
abc,132.48
abc,99.84
abc,86.76
abc,45.885
abc,85.14
abc,82.344
abc,13.76
abc,38.88
abc,40.032
abc,33.568
abc,95.992
abc,41.94
abc,51.36
abc,82.704
abc,27.96
abc,50.94
abc,59.76
abc,173.16
abc,22
abc,41.2
abc,45.4
abc,48
abc,277.9245
abc,57.9
abc,73.35
abc,108.96
abc,54.999
abc,27.96
abc,80.25
abc,84.06
abc,47.43
abc,36.072
abc,65.016
abc,78.12
abc,165.078
abc,41.04
abc,41.72
abc,58.34
abc,39.936
abc,48.81
abc,16.8
abc,116.64
abc,78.3
abc,88.38
abc,56.04
abc,113
abc,23.36
abc,41.568
abc,192.8
abc,35.976
abc,75.216
abc,46.92
abc,45.54
abc,71.3502
abc,21.36
abc,64.11
abc,42.84
abc,70.8504
abc,54.9
abc,53.34
abc,37.68
abc,34.236
abc,26.4
abc,36.4
abc,139.58
abc,30.96
abc,30.96
abc,42.624
abc,34.8
abc,14.103
abc,43.98
abc,82.032
abc,34.68
abc,54.72
abc,44.22
abc,51.6
abc,48.4
abc,63.52
abc,68.1
abc,348.3045
abc,77.85
abc,101.46
abc,70.2
abc,17.46
abc,73.05
abc,97.56
abc,68.121
abc,29.2401
abc,33.99
abc,57.96
abc,25.92
abc,61.2
abc,59.4
abc,60.24
abc,57.12
abc,58.6
abc,58.28
abc,61.08
abc,18.48
abc,22.64
abc,59.78
abc,28.38
abc,115.2
abc,26.22
abc,66.33
abc,79.08
abc,55.92
abc,33.78
abc,59.76
abc,250.38
abc,27.72
abc,79.29
abc,73.4103
abc,20.9244
abc,56.067
abc,67.455
abc,54.582
abc,70.488
abc,91.99
abc,63.87
abc,61.92
abc,50.22
abc,67.64
abc,54.66
abc,72.9
abc,54.64
abc,59.88
abc,132.96
abc,73.53
abc,59.82
abc,131.76
abc,39.6
abc,145.98
abc,99.6
abc,45.6012
abc,87.6
abc,31.212
abc,78.3552
abc,49.5
abc,74.112
abc,110.96
abc,31.92
abc,28.352
abc,30.96
abc,25.4
abc,85.246
abc,25.824
abc,71.52
abc,63.84
abc,35.76
abc,24.69
abc,48.93
abc,45.48
abc,45.216
abc,33.78
abc,52.56
abc,76.92
abc,28.02
abc,67.68
abc,73.344
abc,30.66
abc,58.536
abc,70.416
abc,51.111
abc,138.39
abc,75.75
abc,55.98
abc,139.95
abc,60.48
abc,115.74
abc,17.7126
abc,120.7899
abc,35.96
abc,44.58
abc,36.396
abc,48
abc,47.4
abc,78.92
abc,70.56
abc,192.9
abc,89.64
abc,25.84
abc,51.84
abc,57.36
abc,78.192
abc,26.67
abc,112.05
abc,41.49
abc,43.65
abc,63.072
abc,31.83
abc,78.7845
abc,61.2
abc,30.69
abc,33.72
abc,52.704
abc,45.696
abc,23.976
abc,43.584
abc,16.95
abc,98.46
abc,45.98
abc,136.38
abc,24.96
abc,38.376
abc,73.44
abc,35.12
abc,81.4
abc,84.84
abc,94.704
abc,62.8
abc,52.992
abc,58.752
abc,57.15
abc,21.438
abc,59.34
abc,60.84
abc,45.072
abc,32.4
abc,52.5
abc,213.759
abc,58.3848
abc,18.9
abc,201.6
abc,62.31
abc,29.04
abc,43.404
abc,128.37
abc,37.5
abc,396.576
abc,76.08
abc,89.16
abc,26
abc,19.272
abc,133.5
abc,20.16
abc,51.78
abc,540.54
abc,40.35
abc,135.432
abc,102.357
abc,33.96
abc,87.912
abc,79.56
abc,117
abc,65.01
abc,42.3576
abc,35.892
abc,46.384
abc,43.19
abc,24.784
abc,40.74
abc,56.88
abc,40.6
abc,44.928
abc,81.408
abc,15.12
abc,97.264
abc,41.76
abc,64.26
abc,36.666
abc,151.038
abc,100.26
abc,17.55
abc,50.625
abc,81.525
abc,28.2
abc,57.42
abc,26.82
abc,43.902
abc,76.14
abc,46.6032
abc,44.2179
abc,81.9486
abc,62.0646
abc,144.27
abc,285.12
abc,69.48
abc,70.08
abc,82.8
abc,36.96
abc,56.34
abc,46.77
abc,55.908
abc,48.45
abc,53.04
abc,18.87
abc,51.36
abc,48.18
abc,41.64
abc,88.128
abc,36.72
abc,16.5
abc,101.628
abc,59.16
abc,29.58
abc,51.03
abc,43.8
abc,41.6898
abc,89.97
abc,39.68
abc,108.42
abc,65.82
abc,73.05
abc,22.68
abc,42.3
abc,111.96
abc,25.308
abc,24.72
abc,48.6
abc,31.968
abc,23.7
abc,34.32
abc,41.088
abc,140.24
abc,38.664
abc,61.11
abc,97.2
abc,28.8
abc,94.05
abc,72.45
abc,141.426
abc,15.6
abc,74.79
abc,33.96
abc,40.824
abc,65.16
abc,18.588
abc,92.94
abc,56.568
abc,99.2
abc,18.24
abc,34.65
abc,138.57
abc,55.92
abc,43.92
abc,98.85
abc,48.708
abc,20.496
abc,44
abc,48.912
abc,26.36
abc,50.784
abc,79.9
abc,55.92
abc,52.2
abc,44.82
abc,63
abc,113.58
abc,46.17
abc,40.26
abc,35.52
abc,55.323
abc,30.36
abc,113.4
abc,64.5
abc,47.4345
abc,85.932
abc,25.344
abc,29.24
abc,85.98
abc,47.64
abc,72.672
abc,52.587
abc,104.1
abc,92.352
abc,27.32
abc,30.9
abc,47.4
abc,30.32
abc,72
abc,48.33
abc,39.54
abc,157.98
abc,50.4
abc,39.375
abc,53.838
abc,53.46
abc,27.42
abc,22.2
abc,46.02
abc,37.94
abc,73.164
abc,40.416
abc,151.932
abc,105.12
abc,55.908
abc,46.53
abc,69.84
abc,59.31
abc,48.42
abc,41.04
abc,65.34
abc,45.36
abc,58.968
abc,57.024
abc,41.55
abc,31.95
abc,68.25
abc,54.36
abc,52.2792
abc,52.5
abc,26.064
abc,78.75
abc,58.41
abc,54.6324
abc,35.216
abc,19.98
abc,63.96
abc,67.96
abc,47.94
abc,53.97
abc,69.864
abc,22.62
abc,58.56
abc,29.04
abc,44.76
abc,20.466
abc,39.168
abc,60.336
abc,65.6
abc,40.416
abc,83.16
abc,96.6
abc,76.14
abc,20.43
abc,70.56
abc,20.97
abc,21.3
abc,38.502
abc,45.6417
abc,53.082
abc,47.682
abc,80.3772
abc,39.717
abc,99.39
abc,72.588
abc,39.68
abc,101.94
abc,73.568
abc,54.6
abc,25.08
abc,41.337
abc,22.29
abc,19.332
abc,80.46
abc,19.8
abc,73.92
abc,22.29
abc,75.76
abc,21.072
abc,97.74
abc,18.12
abc,29.052
abc,68.4
abc,48
abc,43.335
abc,64.8
abc,40.86
abc,33.3
abc,24.84
abc,129.6
abc,95.85
abc,60.6
abc,87.48
abc,152.28
abc,34.182
abc,33.72
abc,33.93
abc,54.432
abc,10.92
abc,17.46
abc,47.04
abc,114.2
abc,51.75
abc,39.9
abc,25.38
abc,16.98
abc,110.34
abc,24.48
abc,98.64
abc,51.6
abc,41.2
abc,54.6
abc,32
abc,69
abc,63.24
abc,30.27
abc,25.23
abc,61.02
abc,41.877
abc,49.8465
abc,20.52
abc,54.66
abc,53.838
abc,32.121
abc,60.696
abc,28.4
abc,57.582
abc,60.6
abc,47.04
abc,71.088
abc,79.92
abc,53.64
abc,42.84
abc,35.104
abc,41.16
abc,18.528
abc,16.72
abc,66.36
abc,117.18
abc,31.72
abc,122.76
abc,129.519
abc,20.034
abc,72.84
abc,14.4
abc,34.344
abc,210.357
abc,71.04
abc,61.568
abc,35.44
abc,151.752
abc,31.17
abc,53.73
abc,14.34
abc,23.61
abc,50.16
abc,12.66
abc,40
abc,143.52
abc,147.1
abc,47.96
abc,54.432
abc,217.98
abc,48.384
abc,27.216
abc,24.462
abc,120.15
abc,42.6
abc,62.24
abc,85.96
abc,33.9
abc,41.96
abc,40.248
abc,28.8
abc,35.37
abc,52.2
abc,41.28
abc,43.92
abc,38.064
abc,63.04
abc,17.78
abc,465
abc,43.04
abc,36.8
abc,38.07
abc,75.24
abc,49.35
abc,100.44
abc,34.47
abc,58.608
abc,70.848
abc,39.54
abc,68.81
abc,43.176
abc,77.52
abc,45.98
abc,81.4
abc,56.52
abc,68.31
abc,48.72
abc,32.28
abc,24.78
abc,43.2
abc,26.4
abc,29.52
abc,30.21
abc,49.68
abc,13.032
abc,43.794
abc,52.59
abc,25.62
abc,64.64
abc,96.48
abc,179.52
abc,51.68
abc,17.028
abc,45.52
abc,29.64
abc,38.88
abc,56.82
abc,85.59
abc,26.18
abc,40
abc,60.84
abc,64.96
abc,31.896
abc,38.7
abc,48.48
abc,166.12
abc,107.4
abc,63.54
abc,31.14
abc,54.44
abc,58.3
abc,58.716
abc,37.08
abc,62.61
abc,27.84
abc,36.882
abc,47.709
abc,54.675
abc,101.535
abc,46.71
abc,59.16
abc,81.84
abc,25.92
abc,29.312
abc,75
abc,25.92
abc,39.624
abc,17.49
abc,26.67
abc,22.86
abc,20.64
abc,37.68
abc,50.48
abc,24.48
abc,58.98
abc,79.44
abc,59.88
abc,43.98
abc,29.55
abc,195.21
abc,76.92
abc,111.3279
abc,47.19
abc,53.217
abc,113.04
abc,127.92
abc,33
abc,80.1
abc,50.2758
abc,30.96
abc,31.872
abc,59.9
abc,37.296
abc,13.89
abc,90
abc,28.38
abc,93.96
abc,48.492
abc,62.5
abc,25.56
abc,53.9
abc,41.4
abc,47.4
abc,25.38
abc,48.66
abc,18.873
abc,68.31
abc,79.29
abc,88.938
abc,51.165
abc,34.02
abc,90.18
abc,53.64
abc,63.54
abc,27.936
abc,24.672
abc,55.92
abc,32.4
abc,32.712
abc,49.616
abc,100.704
abc,51.021
abc,90.891
abc,24.51
abc,391.68
abc,32.3
abc,79.5
abc,118.752
abc,31.248
abc,111.12
abc,44.048
abc,46.98
abc,25.08
abc,46.65
abc,77.67
abc,64.6425
abc,55.26
abc,34.56
abc,57.51
abc,35.721
abc,43.56
abc,93.03
abc,17.01
abc,144.576
abc,73.32
abc,47.82
abc,29.04
abc,85.02
abc,25.38
abc,42.18
abc,63.6
abc,96.012
abc,66.48
abc,66.384
abc,102.6168
abc,130.56
abc,82.76
abc,15.1
abc,36.8
abc,97.12
abc,26.46
abc,56.25
abc,141.3
abc,55.296
abc,26.64
abc,37.2
abc,27.63
abc,43.146
abc,74.16
abc,22.11
abc,53.25
abc,141.9
abc,31.14
abc,17.216
abc,119.7
abc,19.44
abc,25.5
abc,48.87
abc,78.96
abc,113.76
abc,51.6
abc,44.595
abc,33.18
abc,26.46
abc,79.38
abc,70.208
abc,51.264
abc,44.7
abc,30.78
abc,323.064
abc,26.736
abc,55.152
abc,136.272
abc,59.34
abc,121.72
abc,32.04
abc,39.78
abc,20.9244
abc,41.6295
abc,67.8
abc,35.64
abc,39.15
abc,57.33
abc,25.29
abc,42.1986
abc,47.5092
abc,59.025
abc,52.452
abc,22.48
abc,65.78
abc,13.52
abc,49.568
abc,25.92
abc,91.38
abc,48.66
abc,45.36
abc,24.84
abc,46.62
abc,32.112
abc,60.192
abc,37.28
abc,53.088
abc,60.48
abc,48.3
abc,46.44
abc,75.411
abc,110.28
abc,74.85
abc,30.78
abc,50.9952
abc,54.747
abc,61.38
abc,27.66
abc,60.96
abc,41.9
abc,21.48
abc,47.976
abc,23.472
abc,33.29
abc,33.11
abc,41.472
abc,44.46
abc,54.864
abc,12.648
abc,54.9
abc,55.92
abc,29.91
abc,39.76
abc,34.52
abc,83.04
abc,43
abc,35.16
abc,139.296
abc,23.31
abc,45.675
abc,16.32
abc,39.72
abc,39.5661
abc,81.36
abc,39.96
abc,16.02
abc,114.0315
abc,20.4156
abc,59.52
abc,48.91
abc,105.408
abc,33.32
abc,845.904
abc,48.3
abc,53.568
abc,25.08
abc,85.23
abc,54.432
abc,123.36
abc,79.2297
abc,67.68
abc,35.4411
abc,40.905
abc,26.163
abc,97.86
abc,99.72
abc,39.296
abc,34.75
abc,38.34
abc,53.28
abc,48.66
abc,13.26
abc,16.224
abc,52.2
abc,12.24
abc,20.724
abc,47.94
abc,93.915
abc,33.3
abc,50.4
abc,89.37
abc,33.72
abc,23.9085
abc,33.21
abc,32.3406
abc,44.848
abc,60.83
abc,69.216
abc,18.9
abc,70.56
abc,34.02
abc,59.24
abc,16.59
abc,34.5
abc,49.5
abc,51.6
abc,37.11
abc,64.4
abc,34.92
abc,46.08
abc,52.8
abc,59.4
abc,10.824
abc,23.472
abc,78.96
abc,42.6
abc,51.678
abc,30.6
abc,39.33
abc,47.58
abc,52.08
abc,53.28
abc,32.121
abc,45.414
abc,43.47
abc,52.305
abc,91.98
abc,42.828
abc,77.88
abc,83.72
abc,99.136
abc,44.128
abc,52.99
abc,15.51
abc,12.672
abc,40.08
abc,53.28
abc,48.48
abc,27.09
abc,50.16
abc,51.6
abc,29.28
abc,34.16
abc,51.156
abc,66
abc,164.7
abc,26.64
abc,101.04
abc,67.92
abc,48.384
abc,137.07
abc,56.52
abc,26.91
abc,54.24
abc,26.88
abc,118.38
abc,33.264
abc,155.88
abc,40.99
abc,17.12
abc,20.421
abc,75.8
abc,13.296
abc,55.92
abc,37.64
abc,56.2
abc,122.22
abc,63.84
abc,90.828
abc,53.046
abc,55.65
abc,88.44
abc,31.2
abc,103.2
abc,52.8
abc,32.22
abc,60.81
abc,57.42
abc,17.94
abc,46.688
abc,54.18
abc,30.456
abc,59.82
abc,52.86
abc,24.72
abc,48.09
abc,123.36
abc,49.56
abc,48.9
abc,24.36
abc,67.344
abc,42
abc,16.62
abc,63.27
abc,53.76
abc,28.08
abc,122.985
abc,24.2526
abc,42.93
abc,37.908
abc,79.8294
abc,72.459
abc,56.46
abc,64.7364
abc,32.1
abc,29.76
abc,20.19
abc,52.86
abc,56.84
abc,48.4
abc,243.1
abc,45.408
abc,52.224
abc,47.52
abc,32.55
abc,80.28
abc,31.14
abc,83.58
abc,11.61
abc,59.25
abc,24.984
abc,47.88
abc,21.56
abc,77.55
abc,47.952
abc,72.42
abc,49.44
abc,45.528
abc,37.14
abc,56.16
abc,54.88
abc,85.12
abc,38.1
abc,49.248
abc,56.652
abc,50.4
abc,39.168
abc,67.08
abc,46.98
abc,43.104
abc,47.52
abc,27.702
abc,33.6
abc,31.92
abc,64.56
abc,44.1
abc,73.62
abc,48.78
abc,39.78
abc,53.1
abc,41.37
abc,54.2322
abc,161.1
abc,63.6444
abc,127.74
abc,20.559
abc,24.3
abc,33.9885
abc,52.596
abc,69.471
abc,23.976
abc,22.58
abc,279.96
abc,96.96
abc,36.72
abc,29.34
abc,15.54
abc,14.526
abc,23.46
abc,31.068
abc,17.88
abc,52.2
abc,44.76
abc,41.904
abc,38.26
abc,36.6
abc,43.5
abc,33.54
abc,44.91
abc,21.54
abc,78.3
abc,79.02
abc,51.03
abc,107.28
abc,92.43
abc,70.272
abc,28.672
abc,25.16
abc,33.93
abc,33.96
abc,25.29
abc,61.71
abc,38.28
abc,24.588
abc,22.6
abc,60.9
abc,61.76
abc,47.76
abc,38.82
abc,54.18
abc,39.123
abc,44.064
abc,47.4138
abc,434.64
abc,59.98
abc,67.78
abc,59.98
abc,78.256
abc,26.37
abc,50.7
abc,78.99
abc,52.92
abc,74.7
abc,79.68
abc,34.064
abc,37.82
abc,40.44
abc,58.536
abc,88.83
abc,33.795
abc,104.166
abc,33.075
abc,27.96
abc,48.384
abc,28.95
abc,44.75
abc,40.56
abc,194.32
abc,136.2
abc,23.22
abc,43.65
abc,26.37
abc,49.86
abc,17.49
abc,14.949
abc,28
abc,50.4
abc,17.28
abc,63.36
abc,46.44
abc,37.98
abc,51.63
abc,44.94
abc,56.448
abc,54.27
abc,27.888
abc,66.84
abc,22.275
abc,37.71
abc,45
abc,57.69
abc,69.52
abc,148.288
abc,20.034
abc,57.48
abc,39.384
abc,59.4
abc,48.3
abc,50.52
abc,65.28
abc,39.87
abc,92.4
abc,40.64
abc,67.12
abc,60.72
abc,57.96
abc,65.76
abc,59.31
abc,64.8
abc,94.2
abc,50.34
abc,85.32
abc,71.04
abc,27.06
abc,61.8
abc,38.0472
abc,137.268
abc,45.36
abc,15.072
abc,43.32
abc,48.784
abc,26.352
abc,46.62
abc,39.96
abc,121.08
abc,16.848
abc,27.24
abc,194.34
abc,66.24
abc,31.17
abc,47.04
abc,34.98
abc,18.99
abc,133.02
abc,19.992
abc,55.6
abc,44.52
abc,100.44
abc,34.38
abc,24.894
abc,39.96
abc,31.68
abc,74.7
abc,62.325
abc,57.93
abc,82.08
abc,43.8
abc,43.38
abc,89.4
abc,34.47
abc,94.86
abc,53.082
abc,18.09
abc,53.76
abc,38.0184
abc,15.0672
abc,51.66
abc,87.03
abc,66.168
abc,35.91
abc,46.26
abc,33.28
abc,21.248
abc,42.096
abc,60.6
abc,41.04
abc,81.09
abc,129.528
abc,48.66
abc,80.736
abc,53.97
abc,30.48
abc,13.344
abc,43.44
abc,54.44
abc,45.6
abc,31.1
abc,88.912
abc,44.55
abc,30.24
abc,208.95
abc,44.01
abc,80.1
abc,12.24
abc,72.1605
abc,81.27
abc,50.274
abc,65.475
abc,116.0775
abc,43.164
abc,44.75
abc,104.58
abc,23.376
abc,20.388
abc,95.994
abc,49.92
abc,68.28
abc,26.36
abc,44.4
abc,21.34
abc,73.52
abc,23.22
abc,60.57
abc,41.04
abc,44.82
abc,66.42
abc,39.33
abc,39.96
abc,30.564
abc,62.7
abc,47.586
abc,69.876
abc,38.8944
abc,85.32
abc,82.8258
abc,100.8
abc,41.96
abc,45.216
abc,44.4
abc,74.352
abc,53.91
abc,45.18
abc,31.95
abc,23.64
abc,38.52
abc,35.664
abc,52.86
abc,72.92
abc,58.816
abc,52.2
abc,34.6
abc,23.4
abc,42.96
abc,34.56
abc,29.04
abc,70.956
abc,86.4
abc,33.96
abc,64.719
abc,54.78
abc,137.25
abc,66.339
abc,40.3
abc,39.96
abc,22
abc,117.96
abc,52.59
abc,18.27
abc,44.088
abc,16.26
abc,17.01
abc,43.56
abc,63.036
abc,18.58
abc,22.6
abc,55.44
abc,37.64
abc,60.6
abc,34.146
abc,37.8
abc,45.24
abc,60.54
abc,52.74
abc,49.32
abc,99.54
abc,22.86
abc,86.04
abc,135.0576
abc,57.75
abc,71.442
abc,42.57
abc,28.224
abc,31.104
abc,14.96
abc,13.12
abc,15.984
abc,149.95
abc,60.24
abc,57.372
abc,38.2
abc,67.7
abc,48.48
abc,35.52
abc,29.82
abc,50.7
abc,59.76
abc,53.64
abc,51.3888
abc,29.535
abc,26.52
abc,77.16
abc,25.584
abc,14.94
abc,59.52
abc,18.69
abc,23.79
abc,34.32
abc,47.52
abc,64.02
abc,43.02
abc,45.75
abc,31.36
abc,20.48
abc,124.064
abc,41.42
abc,47.88
abc,65.16
abc,35.04
abc,79.29
abc,44.34
abc,49.02
abc,78.3
abc,43.86
abc,45.36
abc,43.65
abc,51.78
abc,39.33
abc,78.6825
abc,43.329
abc,94.65
abc,43.2
abc,42.0714
abc,23.724
abc,34.992
abc,58.68
abc,64.704
abc,42.6
abc,24.85
abc,40.98
abc,52.74
abc,30.21
abc,58.02
abc,49.056
abc,59.1
abc,34.98
abc,41.424
abc,54.976
abc,47.34
abc,51.45
abc,72
abc,40.86
abc,36.882
abc,92.34
abc,90.36
abc,26.82
abc,63.68
abc,51.712
abc,20.7
abc,25.92
abc,28.782
abc,15.192
abc,154.344
abc,28.14
abc,60.966
abc,24.09
abc,22.05
abc,45
abc,31.28
abc,38.256
abc,98.46
abc,49.6
abc,35.55
abc,54.6
abc,44.1
abc,38.5878
abc,364.59
abc,111.96
abc,40.4178
abc,41.94
abc,52.272
abc,18.688
abc,63.96
abc,87.168
abc,30.21
abc,97.8
abc,75.132
abc,86.24
abc,23.184
abc,43.86
abc,44.64
abc,44.736
abc,52.668
abc,56.76
abc,46.08
abc,50.16
abc,54.42
abc,54.78
abc,39.447
abc,28.86
abc,35.64
abc,74.52
abc,28.107
abc,33.75
abc,53.28
abc,111.06
abc,13.53
abc,59.652
abc,60.336
abc,52.272
abc,68.28
abc,45.584
abc,51.75
abc,46.24
abc,54.208
abc,300.66
abc,66.42
abc,47.97
abc,56.12
abc,43.52
abc,44.34
abc,22.512
abc,83.65236
abc,56.052
abc,100.26
abc,62.36
abc,25.84
abc,52.72
abc,88.53
abc,125.85
abc,27.39
abc,67.8
abc,61.2
abc,35.82
abc,60.183
abc,83.25
abc,59.94
abc,165.2364
abc,43.68
abc,59.97
abc,93.78
abc,33.04
abc,62.296
abc,103.936
abc,12.96
abc,30.21
abc,39.96
abc,49.74
abc,58.9
abc,30.96
abc,47.3
abc,80.64
abc,23.1
abc,57.87
abc,27
abc,82.5
abc,52.83
abc,70.95
abc,17.226
abc,67.2
abc,39.69
abc,18.468
abc,22.8
abc,65.25
abc,29.9796
abc,102.9
abc,83.664
abc,52.448
abc,23.1
abc,18.656
abc,67.176
abc,51.184
abc,15.24
abc,11.43
abc,53.7
abc,16.02
abc,75.72
abc,59.25
abc,78.996
abc,86.352
abc,58.56
abc,53.5
abc,30.144
abc,19.056
abc,66.072
abc,51.904
abc,72.792
abc,33.06
abc,55.08
abc,13.62
abc,52.2
abc,29.04
abc,66.177
abc,54.39
abc,51.1344
abc,126.96
abc,37.224
abc,58.112
abc,73.344
abc,29.7
abc,51.968
abc,36.558
abc,77.256
abc,378.81
abc,65.76
abc,50.13
abc,41.28
abc,44.832
abc,59.4
abc,54.9
abc,77.16
abc,109.26
abc,85.041
abc,57.36
abc,21.42
abc,100.32
abc,51.651
abc,38.9
abc,64.704
abc,245.646
abc,50.31
abc,29.76
abc,25.29
abc,94.44
abc,50.094
abc,38.4
abc,48
abc,78.96
abc,48.86
abc,23.96
abc,16.236
abc,35.856
abc,56.32
abc,34.64
abc,62.4
abc,54.4
abc,63.84
abc,59.44
abc,56.384
abc,60.32
abc,49.2
abc,50.7
abc,44.52
abc,73.98
abc,30.96
abc,75.5988
abc,64.1088
abc,129.33
abc,26.892
abc,67.2
abc,51.48
abc,22.41
abc,139.08
abc,46.41
abc,49.2
abc,51.63
abc,48.6
abc,29.79
abc,85.26
abc,24.408
abc,22.32
abc,61.848
abc,81.96
abc,85.5
abc,21.856
abc,53.28
abc,30.66
abc,53.4
abc,41.04
abc,88.074
abc,39.6
abc,69.84
abc,55.14
abc,46.8
abc,30.96
abc,65.97
abc,73.68
abc,59.99
abc,37.52
abc,55.44
abc,42.51
abc,46.296
abc,29.49
abc,49.842
abc,71.64
abc,53.307
abc,49.176
abc,12.24
abc,34.8
abc,54.28
abc,102.96
abc,52.08
abc,48.4
abc,97.2
abc,38.88
abc,37.125
abc,32.1
abc,55.26
abc,85.05
abc,94.8
abc,14.445
abc,27.2844
abc,46.41
abc,28.8
abc,42
abc,74.79
abc,74.45
abc,39.48
abc,36.84
abc,26.7
abc,56.34
abc,65.22
abc,33.96
abc,48.852
abc,26.46
abc,63.072
abc,20.82
abc,29.34
abc,43.2
abc,36.135
abc,43.56
abc,64.08
abc,28.98
abc,76.65
abc,138.96
abc,26.43
abc,26.37
abc,42.42
abc,25.326
abc,64.3665
abc,66
abc,17.145
abc,67.716
abc,99.84
abc,48.6
abc,35.856
abc,37.88
abc,44.76
abc,22.92
abc,105.52
abc,53.04
abc,101.04
abc,30.432
abc,48.66
abc,56.832
abc,46.1
abc,98.64
abc,109.92
abc,53.136
abc,45
abc,47.43
abc,97.2
abc,33.57
abc,39.33
abc,86.94
abc,46.17
abc,24.3
abc,201.6
abc,29.4
abc,16.74
abc,37.425
abc,25.99
abc,51.588
abc,33.568
abc,30.48
abc,23.84
abc,32.64
abc,27.66
abc,45.06
abc,16.398
abc,100.98
abc,32.676
abc,53.64
abc,29.244
abc,56.46
abc,46.77
abc,16.02
abc,60.54
abc,41.088
abc,28.912
abc,22.5
abc,55.52
abc,50.2
abc,30.42
abc,250.38
abc,23.16
abc,34.29
abc,27.96
abc,53.136
abc,54.27
abc,42.75
abc,51.75
abc,51.5478
abc,44.8857
abc,55.92
abc,70.755
abc,28.4
abc,58.368
abc,77.55
abc,50.232
abc,47.968
abc,99.592
abc,31.716
abc,12.69
abc,33.44
abc,44.08
abc,49.56
abc,56.304
abc,60.66
abc,85.185
abc,69.66
abc,75.573
abc,73.08
abc,40.38
abc,55.44
abc,25.029
abc,99.3822
abc,55.86
abc,40.5
abc,36.045
abc,35.532
abc,83.92
abc,32.35
abc,21.56
abc,25.344
abc,69.888
abc,57.23
abc,64.4
abc,96.08
abc,23.52
abc,78.288
abc,21.915
abc,27.36
abc,29.58
abc,74.016
abc,61.62
abc,45.264
abc,19.04
abc,38.28
abc,74.16
abc,20.232
abc,26.82
abc,38.52
abc,76.14
abc,45.45
abc,60
abc,55.35
abc,44.571
abc,49.26
abc,39.42
abc,35.16
abc,13.284
abc,33.75
abc,129.568
abc,99.846
abc,83.56
abc,51.84
abc,30.312
abc,12.72
abc,33.72
abc,85.752
abc,58.02
abc,74.7
abc,59.24
abc,78.048
abc,108.48
abc,31.36
abc,39.36
abc,117.855
abc,54.75
abc,38.4
abc,41.49
abc,30.36
abc,44.31
abc,48.951
abc,36.1725
abc,48.3945
abc,47.4
abc,340.14
abc,49.44
abc,43.56
abc,43.68
abc,31.96
abc,46.35
abc,63
abc,35.94
abc,55.44
abc,18.768
abc,47.82
abc,72.84
abc,66.672
abc,41.08
abc,65.36
abc,69.18
abc,58.8
abc,14.6
abc,52.596
abc,28.716
abc,19.08
abc,79.38
abc,48.63
abc,49.221
abc,12.096
abc,56.25
abc,46.143
abc,46.6188
abc,23.7546
abc,73.2
abc,26.52
abc,16.62
abc,96.6
abc,39.132
abc,44.46
abc,66.54
abc,62.31
abc,56.704
abc,34.5
abc,48.87
abc,39.222
abc,86.07
abc,46.32
abc,125.34
abc,27.09
abc,22.2
abc,114.6
abc,48.768
abc,66.84
abc,85.12
abc,57.6
abc,49.344
abc,66.6
abc,29.64
abc,97.56
abc,22.2
abc,38.7
abc,57.4875
abc,36.855
abc,50.9454
abc,46.4634
abc,18.576
abc,121.59
abc,72
abc,29.664
abc,21.98
abc,117.12
abc,53.73
abc,50.22
abc,42.201
abc,149.94
abc,51.12
abc,69.49956
abc,35.664
abc,42.984
abc,60.096
abc,59.592
abc,14.19
abc,31.14
abc,59.22
abc,65.22
abc,44.874
abc,68.61
abc,207.6
abc,87.45
abc,125.307
abc,36.45
abc,44.307
abc,56.91
abc,23.976
abc,43.68
abc,39.76
abc,40.176
abc,44.4
abc,19.29
abc,20.676
abc,56.88
abc,71.67
abc,37.8
abc,51.96
abc,32.508
abc,65.2
abc,41.94
abc,88.2
abc,51.9
abc,28.23
abc,37.86
abc,39.42
abc,28.998
abc,177.471
abc,68.6
abc,45.84
abc,39.872
abc,53.25
abc,26.16
abc,59.92
abc,38.864
abc,10.272
abc,31.128
abc,43.1
abc,15.066
abc,46.32
abc,63.39
abc,65.13
abc,47.04
abc,47.97
abc,70.32
abc,18.64
abc,15.74
abc,43.04
abc,37.84
abc,81.168
abc,46.488
abc,27.18
abc,48.87
abc,84.96
abc,102.48
abc,837.48
abc,56.916
abc,50.34
abc,51.27
abc,24
abc,33.18
abc,28.8
abc,41.43
abc,56.79
abc,52.9872
abc,17.52
abc,61.56
abc,33.48
abc,43.794
abc,27.72
abc,46.864
abc,29.61
abc,48.9
abc,77.52
abc,111.84
abc,95.1
abc,21.72
abc,21.504
abc,67.98
abc,50.58
abc,14.92
abc,51.63
abc,37.9
abc,32.568
abc,23.616
abc,72.24
abc,149.3
abc,34.6
abc,34.92
abc,48.72
abc,94.08
abc,47.88
abc,32.28
abc,47.94
abc,24.219
abc,59.34
abc,75.573
abc,101.3625
abc,54
abc,73.584
abc,53.4
abc,33.488
abc,44.46
abc,62.048
abc,71.088
abc,51.84
abc,87.72
abc,28.02
abc,48.42
abc,29.73
abc,61.254
abc,37.38
abc,25.12
abc,90.64
abc,53.4
abc,18.48
abc,61.44
abc,72.288
abc,56.82
abc,62.64
abc,43.47
abc,115.8
abc,78.156
abc,77.463
abc,49.77
abc,85.05
abc,68.3505
abc,95.9088
abc,50.85
abc,14.2464
abc,53.946
abc,65.664
abc,65.5
abc,40.776
abc,52.792
abc,45.96
abc,39.68
abc,27.18
abc,24
abc,50.58
abc,68.61
abc,45.12
abc,315.648
abc,37.632
abc,66.208
abc,65.28
abc,40.968
abc,47.82
abc,37.824
abc,55.92
abc,40.5
abc,80.7
abc,45.15
abc,25.11
abc,40.8
abc,144.45
abc,21.78
abc,53.55
abc,46.53
abc,37.71
abc,44.1942
abc,37.8
abc,23.868
abc,45.72
abc,47.12
abc,26.176
abc,37.94
abc,20.664
abc,18
abc,51.75
abc,26.4
abc,48.45
abc,49.104
abc,31.62
abc,56.2
abc,64.4
abc,27
abc,46.92
abc,47.616
abc,68.84
abc,21.3
abc,28.44
abc,55.86
abc,39.672
abc,34.38
abc,74.52
abc,38.5659
abc,86.272
abc,48.21
abc,80.97
abc,28.02
abc,49.44
abc,31.92
abc,39.8
abc,67.72
abc,83.97
abc,53.4
abc,44.4
abc,24.93
abc,22.56
abc,42.66
abc,50.76
abc,46.98
abc,52.4892
abc,72
abc,22.7052
abc,43.8
abc,73.656
abc,98.6436
abc,86.1
abc,39.9
abc,43.31
abc,41.4
abc,33.12
abc,54.32
abc,35.28
abc,56.988
abc,19.5
abc,131.8
abc,70.128
abc,46.224
abc,27.9
abc,59.4
abc,44.28
abc,50.4
abc,93.048
abc,247.158
abc,26.52
abc,50.04
abc,48.93
abc,46.08
abc,49.2
abc,52.47
abc,59.616
abc,50.22
abc,86.58
abc,87.3372
abc,70.12
abc,22.72
abc,55.104
abc,52.68
abc,179.97
abc,54.528
abc,130.112
abc,36.288
abc,34.08
abc,27.78
abc,78.408
abc,49.44
abc,21.4
abc,36.5
abc,49.52
abc,31.968
abc,32.98
abc,41.568
abc,64.68
abc,43.58
abc,42.768
abc,26.64
abc,45.9
abc,74.34
abc,450.36
abc,28.95
abc,102.54
abc,98.7
abc,27.432
abc,76.608
abc,31.74
abc,70.0395
abc,45.12
abc,36.435
abc,89.58
abc,35.9976
abc,47.58
abc,31.248
abc,92.52
abc,37.94
abc,35.008
abc,19.65
abc,45.36
abc,165.6
abc,159.04
abc,113.91
abc,96.78
abc,24.42
abc,48.87
abc,12.654
abc,68.796
abc,41.04
abc,44.632
abc,36
abc,26.24
abc,37.9
abc,77.4
abc,63.9
abc,52.92
abc,44.82
abc,19.23
abc,72.3096
abc,20.43
abc,40.068
abc,88.8
abc,15.936
abc,41.584
abc,59.52
abc,24.64
abc,47.496
abc,64.9
abc,61.92
abc,27.99
abc,46.44
abc,33.384
abc,125.504
abc,59.7
abc,12.276
abc,54.64
abc,40.64
abc,61.02
abc,43.56
abc,26.76
abc,54.6
abc,27.93
abc,53.424
abc,80.55
abc,43.2
abc,21.72
abc,45.45
abc,101.628
abc,32.13
abc,22.17
abc,32.724
abc,76.356
abc,45.468
abc,70.884
abc,43.2
abc,57.42
abc,47.46
abc,45.414
abc,43.74
abc,32.5314
abc,43.128
abc,36.84
abc,77.92
abc,57.4
abc,15.858
abc,42.66
abc,29.28
abc,26.64
abc,45.09
abc,52.2
abc,43.299
abc,43.92
abc,24.672
abc,76.968
abc,49.224
abc,57.432
abc,30.3
abc,53.82
abc,79.28
abc,12.348
abc,31.14
abc,51.72
abc,10.92
abc,75.39
abc,68.88
abc,34.8
abc,52.377
abc,49.59
abc,67.86
abc,26.88
abc,24.15
abc,19.14
abc,22.92
abc,21.9
abc,81.9
abc,35.04
abc,66.6
abc,27.42
abc,34.2
abc,29.64
abc,69.3
abc,51.66
abc,44.37
abc,35.76
abc,42.57
abc,72.15
abc,54.36
abc,81.81
abc,31.536
abc,31.644
abc,64.2546
abc,71.992
abc,37.44
abc,41.328
abc,7.968
abc,63.824
abc,111.15
abc,42.384
abc,46.92
abc,12.324
abc,40.29
abc,52.86
abc,58.08
abc,47.49
abc,22.2
abc,59.34
abc,43.08
abc,42.432
abc,44.28
abc,23.1
abc,34.2
abc,61.056
abc,59.64
abc,96.18
abc,32.22
abc,88.83
abc,65.22
abc,68.796
abc,40.014
abc,61.6026
abc,62.82
abc,81
abc,27.96
abc,36.9234
abc,62.802
abc,20.8
abc,31.4
abc,68.112
abc,48.84
abc,58.48
abc,70.26
abc,50.7
abc,24.72
abc,33.012
abc,118.68
abc,48.66
abc,32.16
abc,33.232
abc,84.06
abc,48.608
abc,60.372
abc,41.25
abc,35.82
abc,95.16
abc,43.11
abc,52.44
abc,25.38
abc,38.412
abc,33.42
abc,62.964
abc,24.288
abc,25.632
abc,64.75
abc,38.88
abc,16.392
abc,11.37
abc,87.96
abc,10.116
abc,53.04
abc,48.84
abc,50.24
abc,40.872
abc,23.1
abc,86.4
abc,49.088
abc,98.6
abc,60.04
abc,48.96
abc,56.988
abc,59.64
abc,40.68
abc,41.472
abc,55.968
abc,93.51
abc,40.53
abc,26.76
abc,45.96
abc,31.14
abc,106.8
abc,62.192
abc,47.808
abc,47.79
abc,265.86
abc,354.9
abc,22.66
abc,16.56
abc,20.112
abc,45.48
abc,69.57
abc,51.9
abc,40.29
abc,27.36
abc,40.5
abc,101.58
abc,71.6
abc,60.3
abc,41.4
abc,32.52
abc,22.144
abc,24.12
abc,50.412
abc,18.09
abc,40.26
abc,15.48
abc,46.44
abc,22.428
abc,31.92
abc,66.42
abc,53.28
abc,46.92
abc,62.46
abc,20.34
abc,42.876
abc,50.004
abc,33.1515
abc,50.46
abc,79.68
abc,851.67
abc,30.96
abc,13.62
abc,43.12
abc,14.368
abc,24.4
abc,30.48
abc,125.22
abc,74.08
abc,34.11
abc,41.796
abc,64.02
abc,107.775
abc,13.86
abc,72.84
abc,43.2
abc,39.48
abc,93.6006
abc,22.896
abc,58.65
abc,55.458
abc,40.62
abc,70.98
abc,39.96
abc,12.76
abc,36.96
abc,31.776
abc,39.128
abc,16.95
abc,22.29
abc,25.05
abc,47.34
abc,39.75
abc,52.65
abc,40.872
abc,64.4
abc,44.22
abc,30.375
abc,32.535
abc,30.24
abc,93.84
abc,73.26
abc,54.054
abc,84.6
abc,22.0056
abc,87.66
abc,51.36
abc,37.0152
abc,29.07
abc,10.854
abc,26.4
abc,26
abc,28.99
abc,61.96
abc,35.22
abc,96.84
abc,29.64
abc,26.28
abc,15.87
abc,37.8
abc,84.096
abc,11.32
abc,82.86
abc,23.55
abc,48.9
abc,90.855
abc,594.36
abc,58.56
abc,49.32
abc,24.96
abc,49.8
abc,66.3
abc,62.85
abc,65.44
abc,19.44
abc,21.564
abc,61.2
abc,45.684
abc,39.39
abc,26.1
abc,53.46
abc,66
abc,48.51
abc,43.52
abc,59.1
abc,44.4
abc,63.42
abc,43.29
abc,86.292
abc,46.5
abc,61.92
abc,84
abc,26.6166
abc,19.656
abc,41.22
abc,23.1702
abc,21.54
abc,54.368
abc,155.976
abc,24.1
abc,38.82
abc,57.9
abc,23.616
abc,58.968
abc,20.316
abc,49.44
abc,59.472
abc,33.3
abc,60.42
abc,12.92
abc,103.232
abc,89.1
abc,52.332
abc,74.9
abc,77.7
abc,50.004
abc,55.6
abc,47.36
abc,68.796
abc,157.86
abc,53.16
abc,44.793
abc,72.315
abc,27.12
abc,100.8
abc,24.32
abc,36.26
abc,41.376
abc,18
abc,49.848
abc,62.016
abc,161.568
abc,16.74
abc,88.26
abc,63.66
abc,20.13
abc,76.482
abc,60.048
abc,104.4
abc,53.28
abc,20.82
abc,145.35
abc,50.7
abc,62.61
abc,61.74
abc,14.706
abc,31.14
abc,28.896
abc,43.12
abc,40
abc,39.32
abc,48
abc,87.03
abc,29.1
abc,50.58
abc,45.45
abc,25.92
abc,53.325
abc,62.424
abc,96.66
abc,16.5
abc,53.946
abc,42.2802
abc,98.85
abc,38.76
abc,31.68
abc,20.58
abc,37.94
abc,35.04
abc,441.92
abc,26.376
abc,76.26
abc,54.648
abc,44.28
abc,31.06
abc,39.7
abc,22.16
abc,19.74
abc,38.28
abc,107.4
abc,41.55
abc,51.66
abc,27.06
abc,29.85
abc,29.61
abc,36.12
abc,30.3
abc,11.394
abc,32.67
abc,66.69
abc,23.34
abc,21.6
abc,24.8004
abc,46.96
abc,23.12
abc,49.568
abc,258.9
abc,42.048
abc,53.9
abc,51.6
abc,54.18
abc,28.26
abc,35.76
abc,26.76
abc,57.68
abc,168.93
abc,40.32
abc,47.4
abc,44.856
abc,89.52
abc,55.5
abc,14.958
abc,47.616
abc,108.608
abc,155.04
abc,39.96
abc,25.92
abc,30.44
abc,22.5
abc,41.86
abc,33.6
abc,45.432
abc,65.448
abc,25.83
abc,17.688
abc,13.47
abc,30.816
abc,52.64
abc,16.884
abc,30.72
abc,38.928
abc,31
abc,63.24
abc,46.416
abc,18.54
abc,42.4
abc,46.5
abc,53.28
abc,42.2304
abc,77.3508
abc,76.2564
abc,61.236
abc,85.9872
abc,43.2957
abc,99.54
abc,36.972
abc,39.888
abc,21.8
abc,14.04
abc,35.06
abc,68.6
abc,61.68
abc,17.94
abc,44.4
abc,87.948
abc,15.48
abc,42.984
abc,68.88
abc,48.312
abc,58.8
abc,38.28
abc,52.2
abc,21.504
abc,31.328
abc,45
abc,82.56
abc,51.84
abc,10.65
abc,28.08
abc,27.87
abc,35.64
abc,73.278
abc,104.976
abc,30.87
abc,62.775
abc,44.22
abc,37.38
abc,28.026
abc,33.708
abc,62.3712
abc,22.8
abc,76.707
abc,52.812
abc,34.76
abc,30.56
abc,100.8
abc,41.96
abc,75.36
abc,55.53
abc,48.42
abc,39.45
abc,19.68
abc,43.47
abc,74.112
abc,54.69
abc,71.28
abc,51.96
abc,74.56
abc,30.52
abc,35.784
abc,58.14
abc,249
abc,37.62
abc,31.482
abc,69.12
abc,28.44
abc,40.14
abc,14.832
abc,33.102
abc,32.412
abc,44.4087
abc,319.96
abc,11.088
abc,17.088
abc,25.76
abc,107.648
abc,30.98
abc,16.512
abc,135.84
abc,28.35
abc,49.23
abc,27.39
abc,53.7
abc,43.344
abc,53.844
abc,26.22
abc,32.58
abc,30.42
abc,48.4
abc,24.156
abc,35.12
abc,58.536
abc,39.6
abc,17.28
abc,40.98
abc,41.04
abc,52.2
abc,45.42
abc,21.6
abc,18.81
abc,46.98
abc,84
abc,24.42
abc,65.772
abc,137.88
abc,18.336
abc,15.552
abc,18.312
abc,124.36
abc,30.336
abc,47.9
abc,20.62
abc,18.804
abc,114.39
abc,26.43
abc,48.609
abc,44.7
abc,34.29
abc,12.81
abc,105.18
abc,55.56
abc,47.16
abc,44.01
abc,37.86
abc,20.112
abc,16.64
abc,55.072
abc,43.752
abc,95.6
abc,13.032
abc,45.216
abc,70.88
abc,58.32
abc,49.26
abc,207.72
abc,70.56
abc,43.92
abc,24
abc,13.68
abc,55.98
abc,76.95
abc,48.7494
abc,30.4425
abc,22.6092
abc,26.136
abc,17.46
abc,33.1992
abc,23.4987
abc,39.204
abc,26.25
abc,117.144
abc,251.64
abc,60.84
abc,258.75
abc,61.62
abc,11.565
abc,35.136
abc,73.2
abc,40.92
abc,51.6
abc,23.52
abc,29.34
abc,22.72
abc,30.4
abc,47.7
abc,33.44
abc,47.8
abc,33.768
abc,194.04
abc,36.44
abc,62.496
abc,51.16
abc,100.26
abc,28.14
abc,50.76
abc,47.0004
abc,51.9453
abc,63.27
abc,50.4
abc,43.57
abc,19.44
abc,133.38
abc,45.99
abc,67.8
abc,25.248
abc,21.3
abc,51.09
abc,29.91
abc,29.49
abc,23.4
abc,34.54
abc,61.056
abc,49.704
abc,39.72
abc,41.2
abc,21.72
abc,42.84
abc,66.33
abc,25.62
abc,180.72
abc,87.156
abc,43.83
abc,43.416
abc,57.84
abc,69.039
abc,71.37
abc,72.75
abc,94.2
abc,43.95
abc,20.9403
abc,63.5319
abc,66.284
abc,79.96
abc,22.32
abc,59.52
abc,113.73
abc,37.312
abc,39.98
abc,24.48
abc,14.43
abc,30.36
abc,30.816
abc,50.067
abc,47.04
abc,17.76
abc,59.64
abc,28.08
abc,98.568
abc,43.04
abc,36
abc,79.5
abc,35.1
abc,16.794
abc,28.02
abc,382.401
abc,27.66
abc,34.74
abc,42.432
abc,50.4
abc,72.21
abc,54.36
abc,107.73
abc,34.8
abc,26.82
abc,89.9886
abc,49.5
abc,37.5
abc,26.4
abc,22.96
abc,75.88
abc,22.92
abc,45.36
abc,29.67
abc,26.67
abc,48.96
abc,56.82
abc,40.272
abc,45.48
abc,27.09
abc,42.912
abc,25.08
abc,58.716
abc,444.312
abc,36.304
abc,71.38
abc,65.92
abc,49.6
abc,44.048
abc,42.048
abc,15.16
abc,23.88
abc,25.8
abc,79.29
abc,24.81
abc,72.954
abc,35.9976
abc,33.57
abc,71.73
abc,71.984
abc,47.53
abc,34.86
abc,56.45
abc,63.936
abc,37.32
abc,55.944
abc,33.3
abc,49.653
abc,53.7
abc,56.34
abc,30.12
abc,105.24
abc,55.3
abc,27.8
abc,108.576
abc,25.36
abc,86.805
abc,32.4
abc,48.384
abc,31.122
abc,44.01
abc,61.8
abc,100.44
abc,29.88
abc,33.966
abc,86.346
abc,103.92
abc,31.5774
abc,38.1966
abc,152.28
abc,22.608
abc,21.24
abc,13.04
abc,41.4
abc,111
abc,17.808
abc,12.9
abc,48.72
abc,63
abc,58.02
abc,63.66
abc,58.02
abc,35.1
abc,26.752
abc,45.184
abc,32.22
abc,74.208
abc,79.5
abc,9.495
abc,20.58
abc,79.212
abc,61.236
abc,83.07
abc,35.64
abc,31.68
abc,28.38
abc,44.58
abc,87.9
abc,24.084
abc,51.7275
abc,71.442
abc,69.5475
abc,120.84
abc,40.8312
abc,14.73
abc,85.232
abc,25.984
abc,45.12
abc,26.424
abc,174.95
abc,30.84
abc,45.408
abc,29.61
abc,50.7
abc,54.69
abc,27.96
abc,34.32
abc,24.96
abc,29.88
abc,58.08
abc,17.36
abc,63.612
abc,57.96
abc,48.93
abc,31.41
abc,56.133
abc,88.92
abc,27.33
abc,131.4
abc,59.328
abc,83.55
abc,48.42
abc,71.82
abc,67.44
abc,40.784
abc,10.368
abc,70.368
abc,87.92
abc,27.96
abc,45.6
abc,44.82
abc,37.392
abc,64.812
abc,23.472
abc,68.3
abc,34.92
abc,32.68
abc,43.296
abc,106.296
abc,116.08
abc,63.48
abc,54.18
abc,57.42
abc,63.84
abc,31.482
abc,22.26
abc,22.26
abc,18.765
abc,34.884
abc,31.14
abc,43.659
abc,43.9734
abc,43.5024
abc,36.72
abc,31.68
abc,18.693
abc,38.71
abc,36.63
abc,51.55
abc,47.4
abc,33.192
abc,41.76
abc,84.3
abc,47.43
abc,101.4
abc,31.22
abc,31.96
abc,78.92
abc,36.14
abc,58.2
abc,68.832
abc,43.98
abc,32.52
abc,52.224
abc,51.651
abc,28.8
abc,66.87
abc,40.56
abc,29.76
abc,41.37
abc,46.17
abc,34.164
abc,45.36
abc,20.736
abc,28.4
abc,61.542
abc,20.16
abc,22.96
abc,62.07
abc,29.82
abc,28.98
abc,42.84
abc,28.35
abc,32.508
abc,25.6
abc,18.384
abc,11.568
abc,34.92
abc,42.44
abc,46.5
abc,54.72
abc,37.08
abc,23.82
abc,35.46
abc,78.84
abc,27.81
abc,49.56
abc,26.352
abc,31.7046
abc,65.8314
abc,51.435
abc,42
abc,40.46
abc,41.37
abc,12.645
abc,81.99
abc,26.43
abc,46.32
abc,38.52
abc,33.96
abc,25.236
abc,46.52
abc,49.8
abc,63.648
abc,30.144
abc,50.1
abc,27.72
abc,18.68
abc,73.92
abc,42.624
abc,33.564
abc,643.365
abc,48.42
abc,24.192
abc,90.84
abc,30.51
abc,42.12
abc,29.52
abc,33.48
abc,21.36
abc,41.58
abc,60.615
abc,39.8772
abc,142.02
abc,57.996
abc,32.64
abc,83.88
abc,66.87
abc,85.4784
abc,51.273
abc,47.4138
abc,53.984
abc,43.13
abc,45.96
abc,14.28
abc,42.21
abc,46.38
abc,10.56
abc,22.296
abc,74.16
abc,57.6
abc,27.33
abc,46.44
abc,59.832
abc,149.96016
abc,44.2
abc,39.44
abc,49.392
abc,20.8
abc,67.8
abc,45.42
abc,66.464
abc,35.6
abc,150.39
abc,32.04
abc,64.26
abc,17.46
abc,102.312
abc,48.78
abc,40.32
abc,150.12
abc,50.52
abc,145.74
abc,10.5
abc,31.2
abc,45.06
abc,26.298
abc,43.92
abc,17.52
abc,29.95
abc,35.1
abc,56.88
abc,59.19
abc,19.08
abc,49.44
abc,40.239
abc,59.373
abc,20.16
abc,42.36
abc,28.98
abc,59.52
abc,15.52
abc,34.4
abc,48.16
abc,31.488
abc,51.84
abc,35.19
abc,33.96
abc,30.285
abc,50.52
abc,76.32
abc,49.95
abc,120.744
abc,25.866
abc,32.571
abc,34.4367
abc,28.23
abc,29.4
abc,30.51
abc,17.64
abc,21.84
abc,51.94
abc,48.792
abc,45.68
abc,15.552
abc,41.72
abc,51.9
abc,35.56
abc,18.768
abc,50.88
abc,46.32
abc,48.42
abc,39.2
abc,28.512
abc,31.5
abc,38.58
abc,35.832
abc,49.56
abc,71.28
abc,37.26
abc,33.06
abc,39.48
abc,50.04
abc,19.2
abc,43.83
abc,42.3
abc,228.096
abc,84.3
abc,40.968
abc,48.69
abc,47.18
abc,15.28
abc,28.28
abc,22.92
abc,12.78
abc,47.19
abc,26.04
abc,18.66
abc,52.53
abc,40.83
abc,97.56
abc,28.86
abc,60.576
abc,48.84
abc,59.076
abc,44.568
abc,43.8
abc,42.36
abc,94.128
abc,15.584
abc,23.56
abc,34.56
abc,27
abc,31.266
abc,85.536
abc,42.9
abc,22.4667
abc,73.764
abc,30.72
abc,54.18
abc,29.472
abc,94.85
abc,36.048
abc,63.92
abc,25.35
abc,59.76
abc,28.8
abc,55.584
abc,40.48
abc,39.808
abc,17.46
abc,43.86
abc,203.52
abc,30.56
abc,28.8
abc,32.676
abc,48.9
abc,37.44
abc,20.124
abc,34.98
abc,70.065
abc,49.56
abc,117
abc,53.55
abc,39.6
abc,51.696
abc,34.29
abc,30.3
abc,43.857
abc,47.04
abc,33.93
abc,136.242
abc,25.6626
abc,36.354
abc,30.756
abc,65.142
abc,38.76
abc,113.328
abc,35.89
abc,43.056
abc,44.1
abc,21.984
abc,24.51
abc,42.966
abc,30.81
abc,54.66
abc,19.356
abc,58.2
abc,69.96
abc,20.712
abc,47.28
abc,86.52
abc,23.184
abc,33.48
abc,69.07688
abc,45.6
abc,59.46
abc,26.88
abc,23.7
abc,49.38
abc,55.86
abc,31.2
abc,55.38
abc,33.3
abc,273.3
abc,13.14
abc,120.48
abc,52.5
abc,77.3892
abc,59.64
abc,16.8
abc,63.018
abc,20.574
abc,55.8
abc,57.852
abc,48.96
abc,83.16
abc,31.86
abc,49.284
abc,114.6
abc,15.8
abc,26.72
abc,32.592
abc,40.83
abc,72
abc,8.181
abc,29.16
abc,18.96
abc,30.69
abc,54.9
abc,16.14
abc,48.48
abc,42.09
abc,52.236
abc,48.5
abc,26.628
abc,33.232
abc,52.44
abc,26.82
abc,44.1
abc,31.96
abc,36.96
abc,27.78
abc,9.51
abc,31.32
abc,30.93
abc,22.8
abc,16.11
abc,42.12
abc,30.213
abc,40.83
abc,34.6302
abc,66
abc,38.22
abc,35.784
abc,11.808
abc,29.932
abc,43.1
abc,29.12
abc,25.92
abc,34.74
abc,31.176
abc,134.82
abc,54.18
abc,26.37
abc,34.56
abc,52.92
abc,93.84
abc,42
abc,73.044
abc,74.49
abc,20.496
abc,31.248
abc,62.36
abc,31.08
abc,39.096
abc,50.4
abc,39.4
abc,457.8
abc,44.37
abc,22.86
abc,47.88
abc,30
abc,39.285
abc,53.568
abc,45.492
abc,80.028
abc,16.74
abc,45.045
abc,21.465
abc,94.8
abc,37.44
abc,31.86
abc,10.368
abc,281.372
abc,24.424
abc,109.74
abc,39.96
abc,15.51
abc,28.47
abc,58.44
abc,29.52
abc,58.32
abc,49.26
abc,25.8
abc,21.18
abc,40.44
abc,61.8
abc,44.856
abc,22.68
abc,131.85
abc,21.96
abc,42.714
abc,98.388
abc,43.56
abc,63.27
abc,69.6
abc,88.2
abc,62.0646
abc,46.134
abc,17.712
abc,44.34
abc,30.48
abc,55.47
abc,31.56
abc,35.04
abc,37.2
abc,27.72
abc,52.2
abc,48.93
abc,48.87
abc,47.61
abc,14.4
abc,53.28
abc,42.48
abc,82.98
abc,32.328
abc,27.96
abc,26.94
abc,35.2
abc,33.312
abc,99.36
abc,41.52
abc,22.12
abc,32
abc,47.58
abc,50.25
abc,45.45
abc,122.55
abc,27.09
abc,59.616
abc,50.28
abc,25.776
abc,27.9015
abc,25.065
abc,54.0918
abc,76.65
abc,21.936
abc,45.66
abc,52.512
abc,31.95
abc,11.16
abc,41.94
abc,41.36
abc,169.68
abc,16.59
abc,50.28
abc,37.608
abc,24.69
abc,39.68
abc,33.56
abc,17.028
abc,60.56
abc,23.73
abc,53.64
abc,119.43
abc,11.49
abc,145.962
abc,46.35
abc,30.03
abc,59.25
abc,95.472
abc,27.6378
abc,38.88
abc,29.49
abc,49.842
abc,16.74
abc,33.82
abc,50.12
abc,40.56
abc,40.99
abc,47.52
abc,16.52
abc,44.874
abc,127.89
abc,22.74
abc,22.8
abc,10.71
abc,50.004
abc,42.96
abc,16.14
abc,30.852
abc,44.352
abc,60.576
abc,15.76
abc,35.08
abc,16.74
abc,58.2
abc,31.62
abc,36.14
abc,72.6
abc,20.97
abc,236.1
abc,42.1575
abc,21.96
abc,51.3
abc,67.365
abc,53.352
abc,30.213
abc,30.3
abc,42.039
abc,22.75
abc,40.46
abc,45.528
abc,91.92
abc,37.93
abc,17.94
abc,14.352
abc,59.97
abc,55.6
abc,12.69
abc,56.808
abc,46.59
abc,69.84
abc,34.92
abc,37.86
abc,33.6
abc,52.98
abc,27
abc,12.21
abc,26.08
abc,19.92
abc,34.08
abc,29.22
abc,52.8
abc,86.96
abc,46.98
abc,44.46
abc,40.2
abc,67.536
abc,62.56
abc,44.48
abc,21
abc,36.72
abc,70.05
abc,21.06
abc,54.432
abc,16.95
abc,36.51
abc,55.98
abc,54.99
abc,85.59
abc,41.67
abc,45.69
abc,48.195
abc,57.45
abc,29.904
abc,83.28
abc,50
abc,39.312
abc,15.7
abc,241.96
abc,68.16
abc,111.672
abc,17.94
abc,18.432
abc,21.93
abc,56.704
abc,27.66
abc,29.58
abc,21.864
abc,47.28
abc,26.46
abc,74.808
abc,29.01
abc,20.808
abc,65.76
abc,51.9
abc,42.039
abc,36.936
abc,27.3
abc,14.877
abc,26.928
abc,67.716
abc,21.0675
abc,76.74
abc,70.785
abc,100.32
abc,91.08
abc,79.76
abc,32.4
abc,40.256
abc,128.4
abc,38.52
abc,33.96
abc,35.36
abc,32.592
abc,25.8
abc,44.7
abc,40.32
abc,43.8
abc,34.29
abc,41.9
abc,24.78
abc,33.8
abc,69.12
abc,111.06
abc,157
abc,22.448
abc,56.52
abc,83.88
abc,33.93
abc,42.795
abc,28.08
abc,34.92
abc,93.6
abc,50.4
abc,48.384
abc,53.92
abc,40.29
abc,22.96
abc,36.63
abc,41.4
abc,16.192
abc,83.92
abc,55.984
abc,28.38
abc,79.92
abc,33
abc,37.14
abc,28.23
abc,31.95
abc,8.568
abc,52.92
abc,11.92
abc,18.06
abc,9.66
abc,30.64
abc,78.12
abc,108.78
abc,89.73
abc,43.92
abc,72.471
abc,31.02
abc,22.092
abc,45.99
abc,42.1308
abc,40.32
abc,38.28
abc,31.5456
abc,28.8108
abc,23.787
abc,40.92
abc,57.168
abc,10.368
abc,50.352
abc,21.93
abc,18.72
abc,19.456
abc,26.632
abc,40.14
abc,48
abc,43.8
abc,13.716
abc,35.34
abc,12.54
abc,30.312
abc,23.928
abc,42.408
abc,67.44
abc,32.26
abc,23.88
abc,47.68
abc,40.608
abc,79.296
abc,44.48
abc,27.15
abc,33.18
abc,83.34
abc,38.43
abc,55.0128
abc,53.5035
abc,41.2344
abc,105.6
abc,98.7471
abc,41.553
abc,15.876
abc,393.568
abc,39.84
abc,20
abc,81.98
abc,12.192
abc,21.4
abc,22.2
abc,17.248
abc,21.392
abc,35.04
abc,59.64
abc,66.6
abc,38.28
abc,47.28
abc,37.5
abc,65.88
abc,35.06
abc,34.68
abc,16.76
abc,23.46
abc,31.6
abc,35.34
abc,48.93
abc,38.7
abc,30.66
abc,22.47
abc,25.08
abc,156.897
abc,31.08
abc,66
abc,34.4925
abc,91.152
abc,25.056
abc,45.972
abc,95.968
abc,9.54
abc,41.904
abc,39.879
abc,31.08
abc,54.69
abc,57.516
abc,14.88
abc,22.8
abc,39.75
abc,32.22
abc,21.96
abc,66.88
abc,53.472
abc,42.08
abc,34.4
abc,39.22
abc,97.392
abc,23.85
abc,87.3
abc,117.96
abc,146.52
abc,28.98
abc,67.23
abc,87.42
abc,34.0326
abc,103.38
abc,50.67
abc,56.76
abc,58.536
abc,9.45
abc,10.688
abc,42.368
abc,41.86
abc,42.28
abc,35.91
abc,43.13
abc,39.264
abc,46.41
abc,39.54
abc,26.1
abc,37.86
abc,44.4
abc,23.25
abc,43.92
abc,22.11
abc,20.016
abc,40.4
abc,24.408
abc,32.62
abc,76.368
abc,39.54
abc,33.88
abc,45.1
abc,25.356
abc,27.036
abc,48.72
abc,58.56
abc,14.82
abc,37.98
abc,59.4
abc,64.719
abc,68.04
abc,21.39
abc,42.03
abc,37.8102
abc,49.44
abc,22.7052
abc,60.57
abc,29.04
abc,59.22
abc,28.917
abc,160.1985
abc,41.86
abc,19.9
abc,90.99
abc,21.552
abc,69.93
abc,39.92
abc,27.936
abc,43.12
abc,44.964
abc,37.128
abc,38.7
abc,42.06
abc,25.488
abc,37.66
abc,36.9
abc,52.68
abc,27.2
abc,50.76
abc,27.36
abc,78.3
abc,27.63
abc,21.96
abc,46.53
abc,18.6348
abc,28.302
abc,33.39
abc,36.78
abc,45.633
abc,42.1308
abc,32.31
abc,35.168
abc,13.272
abc,61.929
abc,38.432
abc,47.616
abc,50.352
abc,18.816
abc,12
abc,29.28
abc,26.58
abc,51.75
abc,47.34
abc,51.3
abc,34.8
abc,61.38
abc,30.24
abc,21.48
abc,32.06
abc,62.72
abc,27.96
abc,36.936
abc,67.616
abc,40.8
abc,10.044
abc,44.037
abc,87.732
abc,25.56
abc,40.23
abc,39.4956
abc,26.7675
abc,637.44
abc,23.36
abc,51.312
abc,34.848
abc,14.2
abc,25.92
abc,46.152
abc,16.192
abc,45.408
abc,37.408
abc,27.99
abc,47.232
abc,31.83
abc,28.56
abc,29.61
abc,35.52
abc,49.83
abc,42.444
abc,147.84
abc,20.484
abc,36.48
abc,38.68
abc,38.8
abc,50.112
abc,79.92
abc,30.96
abc,37.89
abc,46.74
abc,83.79
abc,35.64
abc,45.1935
abc,85.212
abc,35.7846
abc,49.365
abc,1648.998
abc,62.136
abc,8.904
abc,36.792
abc,18.96
abc,48.86
abc,11.824
abc,171.288
abc,23.616
abc,52.56
abc,18.9
abc,46.2
abc,50.55
abc,29.22
abc,31.17
abc,19.332
abc,43.44
abc,29.67
abc,35.37
abc,40.98
abc,51.68
abc,20.76
abc,8.84
abc,33.57
abc,102.438
abc,48.09
abc,42.9
abc,42.12
abc,32.01
abc,26.76
abc,17.82
abc,32.3883
abc,29.52
abc,38.52
abc,80.178
abc,30.69
abc,23.976
abc,22.23
abc,35.1
abc,44.4
abc,64.14
abc,20.544
abc,13.38
abc,37.86
abc,48.39
abc,29.73
abc,24.72
abc,20.421
abc,34.92
abc,158.328
abc,23.32
abc,23.84
abc,32.9
abc,32.832
abc,66.15
abc,19.8
abc,80.892
abc,19.41
abc,62.37
abc,31.95
abc,16.68
abc,38.16
abc,18.87
abc,107.055
abc,54.36
abc,51.354
abc,71.28
abc,58.716
abc,38.961
abc,20.736
abc,12.88
abc,59.97
abc,30
abc,68.04
abc,27.45
abc,54.54
abc,15.66
abc,26.88
abc,47.55
abc,49.572
abc,54.36
abc,27.18
abc,45.72
abc,85.536
abc,63.24
abc,82.848
abc,56.628
abc,59.325
abc,42.57
abc,27.864
abc,21.96
abc,43.752
abc,46.53
abc,45.18
abc,73.2
abc,68.22
abc,84.78
abc,22.248
abc,21.285
abc,34.875
abc,26.64
abc,23.92
abc,59.1
abc,27.552
abc,14.62
abc,58.08
abc,55.86
abc,93.248
abc,36.072
abc,14.49
abc,33.84
abc,23.004
abc,14.52
abc,100.92
abc,28.56
abc,74.664
abc,63.3
abc,29.91
abc,74.32
abc,18.28
abc,33.36
abc,34.92
abc,40.4
abc,55.5
abc,29.208
abc,66.177
abc,19.935
abc,43.2
abc,46.98
abc,17.19
abc,23.55
abc,24.48
abc,71.8116
abc,36.882
abc,29.7648
abc,134.6094
abc,54.66
abc,350.973
abc,71.98
abc,31.68
abc,39.072
abc,40.7
abc,30.336
abc,27.09
abc,15.48
abc,37.35
abc,17.334
abc,44.4
abc,47.4
abc,32.19
abc,23.84
abc,23.32
abc,92.82
abc,44.48
abc,43.2
abc,102.78
abc,17.73
abc,132.57
abc,50.868
abc,21.285
abc,13.11
abc,58.608
abc,43.254
abc,22.92
abc,63.9
abc,28.08
abc,129.568
abc,10.95
abc,18.84
abc,11.672
abc,25.06
abc,18.18
abc,43.8
abc,20.7
abc,51.102
abc,18.36
abc,44.34
abc,22.392
abc,48.762
abc,31.92
abc,30.24
abc,61.3
abc,37.82
abc,47.7
abc,46.64
abc,34.824
abc,248.32236
abc,18.96
abc,38.24
abc,29.4
abc,27.6
abc,53.76
abc,69.975
abc,58.3416
abc,41.472
abc,35.856
abc,63.87
abc,18.546
abc,19.68
abc,86.184
abc,36.18
abc,26.37
abc,44.75
abc,55.92
abc,36.44
abc,32.776
abc,35.52
abc,13.95
abc,63.84
abc,25.23
abc,35.352
abc,89.04
abc,26.49
abc,15.75
abc,43.404
abc,57.12
abc,15.56
abc,23.076
abc,71.64
abc,41.088
abc,15.144
abc,27.568
abc,17.556
abc,22.74
abc,34.08
abc,73.944
abc,19.776
abc,54.96
abc,42.7074
abc,34.182
abc,84.78
abc,31.8645
abc,23.7
abc,52.2
abc,41.835
abc,30.024
abc,20.37
abc,33.45
abc,54.96
abc,32.4
abc,23.25
abc,27.6
abc,51.27
abc,28.62
abc,17.928
abc,100.74
abc,41.19
abc,26.448
abc,10.728
abc,31.68
abc,45.1
abc,35.532
abc,67.32
abc,56.88
abc,22.86
abc,75.573
abc,37.05
abc,94.05
abc,55.944
abc,50.76
abc,84.9
abc,58.14
abc,49.41
abc,55.65
abc,38.7
abc,55.98
abc,73.0146
abc,29.85
abc,18.16
abc,19.752
abc,101.94
abc,30.576
abc,60.6
abc,26.544
abc,17.46
abc,100.44
abc,38.37
abc,22.5
abc,128.37
abc,148.74
abc,47.43
abc,30.21
abc,100.32
abc,28.24
abc,35.04
abc,29.2
abc,93.84
abc,60.624
abc,137.6
abc,54.42
abc,53.9
abc,60
abc,44
abc,44.46
abc,56.94
abc,66.15
abc,39
abc,31.428
abc,48
abc,54.18
abc,43.8
abc,76.032
abc,33.048
abc,63.936
abc,33.984
abc,66.6
abc,57.996
abc,36.352
abc,70.08
abc,8.8
abc,39.98
abc,50.96
abc,15.92
abc,91.056
abc,13.608
abc,18.27
abc,10.584
abc,25.596
abc,144.18
abc,74.16
abc,62.31
abc,13.26
abc,14.28
abc,34.848
abc,18.06
abc,43.65
abc,44.604
abc,23.268
abc,33.84
abc,30.84
abc,21.4
abc,33.48
abc,23.3
abc,28.62
abc,66.87
abc,26.82
abc,323.82
abc,52.44
abc,41.3034
abc,15.6456
abc,27.456
abc,31.68
abc,35.2665
abc,50.94
abc,16.92
abc,37.872
abc,22.72
abc,39.072
abc,34.68
abc,28.792
abc,33.936
abc,33.96
abc,29.88
abc,46.77
abc,18.99
abc,43.92
abc,54.24
abc,10.296
abc,37.536
abc,26.88
abc,43.488
abc,44.9
abc,36.36
abc,19.36
abc,30.15
abc,27.99
abc,25.8
abc,41.976
abc,27.99
abc,42.336
abc,88.47
abc,25.23
abc,78.327
abc,46.044
abc,25.149
abc,27.702
abc,29.799
abc,23.733
abc,29.484
abc,33.52
abc,29.12
abc,25.06
abc,19.44
abc,27.792
abc,36.56
abc,63.88
abc,82.26
abc,52.76
abc,8.94
abc,38.61
abc,43.53
abc,17.874
abc,20.19
abc,58.32
abc,46.74
abc,27.3
abc,22.26
abc,79.744
abc,102.576
abc,29.4
abc,15.84
abc,8.36
abc,24
abc,31.76
abc,50.1
abc,40.3155
abc,100.92
abc,33.93
abc,33.21
abc,29.28
abc,38.76
abc,53.55
abc,93.915
abc,22.74
abc,19.44
abc,31.8
abc,38.8437
abc,36.36
abc,47.94
abc,31.104
abc,13.14
abc,43.372
abc,26.55
abc,39.98
abc,28.08
abc,84.75
abc,28.26
abc,19.908
abc,13.86
abc,34.812
abc,26.82
abc,41.28
abc,48.72
abc,19.48
abc,31.536
abc,50.816
abc,146.7
abc,105.72
abc,22.14
abc,47.208
abc,26.94
abc,30.348
abc,44.1
abc,151.875
abc,38.64
abc,20.7
abc,68.22
abc,97.944
abc,18.126
abc,46.116
abc,82.7118
abc,61.974
abc,53.91
abc,38.664
abc,52.74
abc,39.99
abc,59.98
abc,48.784
abc,37.11
abc,15.66
abc,58.32
abc,59.736
abc,22.38
abc,30
abc,27.252
abc,15.039
abc,26.4
abc,31.8
abc,65.76
abc,44.56
abc,44.01
abc,31.92
abc,58.59
abc,25.8
abc,35.46
abc,24.84
abc,26.73
abc,51.03
abc,46.494
abc,98.22
abc,33.18
abc,89.46
abc,17.568
abc,52.98
abc,31.84
abc,6.928
abc,14.48
abc,40.776
abc,14.04
abc,53.73
abc,49.104
abc,27.39
abc,31.14
abc,11.31
abc,21.024
abc,45.21
abc,16.14
abc,29.04
abc,48
abc,28.8
abc,120.4
abc,52.74
abc,26.24
abc,61.632
abc,18.08
abc,36.75
abc,27.018
abc,34.83
abc,47.304
abc,38.088
abc,8.532
abc,36.336
abc,34.44
abc,34.24
abc,54.5
abc,119.9
abc,49.12
abc,21.204
abc,56.4
abc,64.96
abc,13.14
abc,49.32
abc,28.5
abc,10.32
abc,65.448
abc,10.512
abc,134.544
abc,22
abc,20.68
abc,45.5
abc,55.78
abc,27.96
abc,55.296
abc,17.04
abc,49.08
abc,25.0992
abc,86.076
abc,54.9045
abc,41.76
abc,56.79
abc,23.628
abc,38.5452
abc,53.295
abc,31.95
abc,35.964
abc,29.106
abc,33.57
abc,35.52
abc,127.88
abc,26.064
abc,19.92
abc,32.064
abc,41.86
abc,39
abc,29.95
abc,68.432
abc,37.86
abc,17.88
abc,82.98
abc,29.4
abc,49.2
abc,24.684
abc,35.12
abc,80.112
abc,68.6
abc,83.97
abc,55.35
abc,46.44
abc,64.692
abc,51.45
abc,50.9832
abc,35.46
abc,35.19
abc,43.56
abc,27.96
abc,41.0352
abc,54.513
abc,99.99
abc,46.72
abc,58.36
abc,30.56
abc,25.92
abc,22.704
abc,47.98
abc,26.4
abc,65.94
abc,36.672
abc,17.184
abc,53.91
abc,51.54
abc,121.92
abc,15.96
abc,29.58
abc,42.15
abc,94.02
abc,32.04
abc,42.75
abc,54.54
abc,21.36
abc,52
abc,285.66
abc,16.32
abc,53.28
abc,27.864
abc,18.48
abc,28.08
abc,38.88
abc,31.536
abc,61.56
abc,21.219
abc,31.59
abc,24.327
abc,46.32
abc,29.82
abc,67.92
abc,28.485
abc,18.84
abc,63.84
abc,20.016
abc,71.088
abc,55.74
abc,52.428
abc,50.76
abc,25.47
abc,204.3
abc,14.448
abc,21.096
abc,22.86
abc,26.784
abc,52
abc,41.2
abc,101.04
abc,24.72
abc,981.36
abc,26.82
abc,26.88
abc,40.005
abc,43.92
abc,40.86
abc,17.4051
abc,34.9596
abc,24.93
abc,35.91
abc,48.45
abc,29.6
abc,60.672
abc,31.68
abc,63.47
abc,18.2
abc,22.344
abc,88.96
abc,15.57
abc,39.582
abc,34.44
abc,46.08
abc,18.639
abc,26.7
abc,44.7
abc,14.52
abc,26.1
abc,32.96
abc,28.52
abc,17.216
abc,56.76
abc,17.68
abc,18.112
abc,114.8
abc,47.16
abc,45.168
abc,43.515
abc,25.29
abc,22.2
abc,81.18
abc,43.65
abc,61.83
abc,46.26
abc,19.5
abc,44.1
abc,39.06
abc,49.5
abc,45.15
abc,47.88
abc,49.1775
abc,19.098
abc,44.58
abc,43.65
abc,27.816
abc,25.71
abc,85.056
abc,25.92
abc,50.496
abc,41.424
abc,19.35
abc,42.18
abc,43.95
abc,39.12
abc,66.168
abc,20.37
abc,30.48
abc,52.08
abc,38.58
abc,28.23
abc,27.69
abc,19.264
abc,25.92
abc,46.224
abc,36.66
abc,35.712
abc,48.72
abc,33.088
abc,44.46
abc,92.82
abc,58.98
abc,63.99
abc,48.384
abc,42.84
abc,61.47
abc,21.96
abc,47.01
abc,43.956
abc,64.35
abc,22.659
abc,83.6976
abc,21.12
abc,86.4174
abc,29.49
abc,26.325
abc,44.202
abc,32.562
abc,47.96
abc,28.68
abc,57.408
abc,123.92
abc,38.88
abc,39.89
abc,25.272
abc,43.98
abc,12.36
abc,43.89
abc,62.16
abc,49.83
abc,46.44
abc,71.4
abc,28.8
abc,20.7
abc,47.58
abc,43.92
abc,21.96
abc,38.46
abc,91.86
abc,27.6
abc,30.348
abc,173.76
abc,32
abc,70.992
abc,22.56
abc,244.72956
abc,61.6
abc,54.18
abc,31.02
abc,35.52
abc,64.26
abc,103.95
abc,189.42
abc,52.92
abc,75.69
abc,62.28
abc,24.51
abc,45.72
abc,45
abc,86.67
abc,34.5
abc,44.496
abc,37.68
abc,32.4
abc,56.43
abc,38.07
abc,34.11
abc,21.9867
abc,12.42
abc,27.3
abc,49.32
abc,17.472
abc,49.08
abc,48.576
abc,64.2
abc,14.82
abc,35.232
abc,43.96
abc,20.232
abc,90.48
abc,30.45
abc,29.232
abc,98.052
abc,48
abc,19.68
abc,50.988
abc,49.41
abc,15.36
abc,22.4
abc,89.88
abc,48
abc,51.6
abc,67.05
abc,37.86
abc,26.7
abc,65.22
abc,22.26
abc,17.7828
abc,64.0356
abc,27.42
abc,49.96
abc,15.92
abc,36.672
abc,8.76
abc,121.6
abc,53.424
abc,23.16
abc,28.8
abc,35.88
abc,29.1
abc,9.51
abc,13.26
abc,32.19
abc,48.42
abc,72.84
abc,33.888
abc,54.6
abc,18.639
abc,43.44
abc,38.82
abc,48.6
abc,39.54
abc,42.6
abc,27.936
abc,46.08
abc,17.568
abc,82.22
abc,19.08
abc,26
abc,21.3
abc,52.65
abc,72.612
abc,52.74
abc,43.02
abc,80.01
abc,24.75
abc,42.453
abc,25.4718
abc,50.1984
abc,43.65
abc,20.82
abc,42.624
abc,25.68
abc,59.7
abc,80.98
abc,32.06
abc,32.4
abc,47.1
abc,49.74
abc,46.224
abc,14.97
abc,23.22
abc,31.632
abc,50.88
abc,58.98
abc,60.24
abc,46.416
abc,23.8
abc,35.64
abc,72
abc,15.66
abc,98.49
abc,62.55
abc,151.56
abc,37.86
abc,50.088
abc,65.88
abc,35.88
abc,34.58
abc,41.568
abc,43.584
abc,31.104
abc,8.448
abc,24.704
abc,39.96
abc,26.9
abc,16.5
abc,60.6
abc,15.48
abc,50.46
abc,12.06
abc,31.95
abc,16.08
abc,28.8
abc,45.21
abc,196.2
abc,53.91
abc,29.61
abc,120.66
abc,21.156
abc,28.98
abc,51.744
abc,30.92
abc,44.82
abc,32.768
abc,58.2
abc,50.46
abc,26.22
abc,35.6
abc,40.68
abc,88.44
abc,52.86
abc,24.12
abc,21.573
abc,29.55
abc,30.66
abc,38.13
abc,45.792
abc,177.633
abc,43.8
abc,46.98
abc,133.8966
abc,56.94
abc,567.5208
abc,71.9316
abc,65.4921
abc,45.15
abc,94.68
abc,64.08
abc,15.084
abc,14.62
abc,38.19
abc,46.688
abc,45.68
abc,99.87
abc,25.68
abc,50.04
abc,37.755
abc,55.2
abc,42.15
abc,51.27
abc,16.5
abc,36.768
abc,8.24
abc,35.24
abc,42.528
abc,28.34
abc,38.944
abc,63.27
abc,30.96
abc,51.6
abc,52.8
abc,45.846
abc,158.787
abc,45.96
abc,18.54
abc,44.46
abc,88.0215
abc,21.84
abc,20.331
abc,33.84
abc,26.415
abc,29.889
abc,26.4
abc,18.544
abc,72.64
abc,20.736
abc,23.92
abc,37.056
abc,39.54
abc,45.12
abc,44.94
abc,50.1
abc,10.5
abc,44.1
abc,42.72
abc,58.74
abc,43.299
abc,104.96
abc,35.184
abc,18.256
abc,22.536
abc,39.16
abc,34.98
abc,28.8
abc,120.48
abc,28.89
abc,56.79
abc,22.248
abc,25.38
abc,23.004
abc,34.0101
abc,41.6826
abc,53.4
abc,87.156
abc,42.21
abc,21.96
abc,27.72
abc,19.2939
abc,21.06
abc,422.73
abc,19.9
abc,34.65
abc,40.68
abc,60.736
abc,36.288
abc,27.46
abc,54.21
abc,16.836
abc,18.528
abc,18.81
abc,526.62
abc,52.65
abc,29.01
abc,38.48
abc,18.4
abc,75.168
abc,51.66
abc,30.96
abc,25.184
abc,52.92
abc,50.34
abc,55.65
abc,38.4
abc,43.65
abc,30.15
abc,17.97
abc,44.55
abc,24
abc,16.2348
abc,161.514
abc,20.7
abc,74.352
abc,43.296
abc,56.3
abc,36.32
abc,14.624
abc,11.67
abc,54.48
abc,64.2
abc,33.786
abc,27.78
abc,19.8
abc,53.46
abc,28.416
abc,41.76
abc,43.281
abc,26.5
abc,38.9
abc,58.2
abc,15.24
abc,161.36
abc,87.84
abc,110.64
abc,39.6
abc,21.414
abc,35.748
abc,31.9272
abc,66.84
abc,33.3
abc,45.216
abc,38.88
abc,51.312
abc,29.6
abc,39.98
abc,37.376
abc,70.72
abc,8.624
abc,26.4
abc,31.2
abc,15.12
abc,11.37
abc,28.52
abc,32.868
abc,33.52
abc,23.84
abc,51.424
abc,55.584
abc,16.7
abc,15.444
abc,49.44
abc,62.12
abc,64.3
abc,16.08
abc,31.59
abc,50.4
abc,49.59
abc,30.456
abc,14.76
abc,34.83
abc,31.323
abc,40.59
abc,22.29
abc,30.144
abc,61.96
abc,67.194
abc,16.74
abc,15.408
abc,47.82
abc,24.828
abc,24
abc,54.9
abc,22.365
abc,26.46
abc,30.94
abc,28.32
abc,65.28
abc,43.7
abc,56.2
abc,28.64
abc,67.86
abc,18.288
abc,27.96
abc,24.42
abc,28.02
abc,24
abc,37.35
abc,26.406
abc,39.48
abc,25.344
abc,323.3601
abc,20.58
abc,27.4896
abc,46.4385
abc,21.3975
abc,50.085
abc,57.96
abc,26.136
abc,32.382
abc,8.26
abc,30.4
abc,24.7
abc,20.16
abc,29.07
abc,22.11
abc,9.585
abc,11.43
abc,29.04
abc,58.08
abc,40.04
abc,16.656
abc,56.76
abc,16.65
abc,43.8
abc,19.98
abc,37.08
abc,33.6
abc,33.96
abc,50.625
abc,24.72
abc,67.2
abc,51.03
abc,36.63
abc,57.996
abc,41.0352
abc,274.9545
abc,23.157
abc,69.57
abc,15.66
abc,52.5195
abc,38.5575
abc,19.92
abc,51.12
abc,37.52
abc,62.04
abc,25.71
abc,16.9
abc,15.87
abc,22.41
abc,41.7
abc,102.54
abc,20.43
abc,73.032
abc,41.004
abc,53.91
abc,34.824
abc,35.24
abc,39.024
abc,21.08
abc,18.24
abc,28.3
abc,39.456
abc,51.392
abc,23.1
abc,25.56
abc,35.52
abc,39.33
abc,21.42
abc,41.04
abc,40.86
abc,315.936
abc,74.682
abc,39.42
abc,22.26
abc,55.0935
abc,56.97
abc,42.0525
abc,30.96
abc,33.642
abc,1840.68
abc,29.718
abc,64.14
abc,30.192
abc,15.808
abc,26.388
abc,50.25
abc,53.97
abc,38.37
abc,70.68
abc,47.04
abc,29.88
abc,38.1
abc,50.16
abc,20.208
abc,53.88
abc,21.024
abc,43.368
abc,263.136
abc,80
abc,72.9
abc,35.196
abc,42
abc,35.304
abc,27.96
abc,44.8
abc,25.08
abc,44.1
abc,27.975
abc,23.22
abc,28.23
abc,26.2986
abc,48.63
abc,63.9
abc,58.56
abc,38.4345
abc,26.58
abc,23.3892
abc,25.14
abc,33.9
abc,30.3
abc,68.742
abc,26.76
abc,41.37
abc,41.424
abc,36.288
abc,35.4
abc,17.94
abc,19.136
abc,35.232
abc,43.28
abc,25.92
abc,122.91
abc,12.36
abc,36.984
abc,18.93
abc,30.69
abc,26.88
abc,121.2
abc,51.78
abc,54.48
abc,29.2
abc,40.32
abc,28.224
abc,32.3
abc,12.128
abc,14.56
abc,46.5
abc,28.38
abc,56.544
abc,21.78
abc,45.216
abc,15.948
abc,70.56
abc,47.46
abc,44.1
abc,40.905
abc,26.94
abc,30.024
abc,28.8
abc,25.8
abc,14.28
abc,72.48
abc,54.0579
abc,31.92
abc,31.74
abc,31.32
abc,39.92
abc,36
abc,19.98
abc,31.104
abc,29.9
abc,22.32
abc,66.03
abc,25.98
abc,20.064
abc,16.44
abc,54.69
abc,26.67
abc,9.774
abc,20.52
abc,16.44
abc,27
abc,33.084
abc,44.58
abc,43.8
abc,47.04
abc,57.4
abc,48.58
abc,436.16
abc,70.944
abc,26.64
abc,13.344
abc,27.9
abc,9.06
abc,34.83
abc,11.55
abc,17.73
abc,23.49
abc,45.468
abc,21.384
abc,24
abc,27.882
abc,29.98
abc,76.12
abc,23.472
abc,124.404
abc,45.72
abc,24.51
abc,18.612
abc,23.46
abc,128.43
abc,32.13
abc,36.096
abc,99.48
abc,10.368
abc,30.654
abc,25.08
abc,24.96
abc,53.08
abc,20.304
abc,24.96
abc,41
abc,73.8
abc,40.16
abc,24.48
abc,35.64
abc,21.564
abc,101.58
abc,33.96
abc,20.97
abc,32.328
abc,16.62
abc,29.4
abc,28.053
abc,33.39
abc,34.2
abc,24.984
abc,31.104
abc,23.992
abc,29.34
abc,20.784
abc,17.04
abc,27.84
abc,40.95
abc,51.78
abc,58.59
abc,86.256
abc,51.9
abc,27.33
abc,38.16
abc,90.76
abc,77.5
abc,32.42
abc,28.02
abc,14.92
abc,30.9
abc,52
abc,42.384
abc,10.92
abc,48.6
abc,20.385
abc,39.42
abc,21.78
abc,74.655
abc,64.638
abc,95.58
abc,126
abc,46.116
abc,21.816
abc,20.04
abc,42.95
abc,41.96
abc,12.672
abc,29.34
abc,20.928
abc,38.88
abc,104.784
abc,27.99
abc,26.58
abc,56.82
abc,29.28
abc,10.188
abc,49.47
abc,37.632
abc,29.4
abc,12.36
abc,69.3
abc,39.06
abc,19.2
abc,56.096
abc,35.56
abc,27.12
abc,31.02
abc,26.88
abc,33.75
abc,72.27
abc,125.4
abc,38.4
abc,156.654
abc,55.86
abc,51.1446
abc,23.64
abc,33.7398
abc,48.86
abc,15.88
abc,36.63
abc,11.76
abc,20.544
abc,18.33
abc,40.32
abc,27.09
abc,28.62
abc,41.28
abc,23.22
abc,33.42
abc,35.04
abc,31.32
abc,78.304
abc,31.02
abc,22.5
abc,11.2
abc,51.84
abc,27.96
abc,158.556
abc,30.24
abc,67.92
abc,11.43
abc,19.05
abc,40.95
abc,43.416
abc,21.84
abc,13.248
abc,34.248
abc,68.52
abc,30.84
abc,40.54
abc,21.588
abc,25.92
abc,39.96
abc,49.764
abc,46.356
abc,53.76
abc,29.1
abc,21.024
abc,38.64
abc,31
abc,51.2
abc,39.16
abc,21.96
abc,66.8
abc,28.14
abc,56.1
abc,19.72
abc,20.48
abc,14.04
abc,26.22
abc,381.96
abc,23.616
abc,52.47
abc,40.95
abc,18.954
abc,9.36
abc,34.65
abc,53.64
abc,60.42
abc,159.444
abc,77.6
abc,38.24
abc,29.79
abc,54.9
abc,59.97
abc,25.06
abc,10.656
abc,56.82
abc,55.2
abc,61.74
abc,66.24
abc,19.7
abc,38.1
abc,19.24
abc,23.22
abc,20.256
abc,29.7
abc,37.08
abc,28.107
abc,43.632
abc,20.46
abc,145.98
abc,40.014
abc,54.99
abc,37.7235
abc,31.92
abc,110.4855
abc,49.8
abc,21.3696
abc,11.36
abc,34.68
abc,81.568
abc,12.768
abc,24.448
abc,39.984
abc,31.02
abc,17.94
abc,195.68
abc,49.44
abc,12.9
abc,25.038
abc,26.43
abc,36.75
abc,23.208
abc,26.49
abc,27.96
abc,16
abc,193.1
abc,35.28
abc,62.16
abc,31.656
abc,30.816
abc,66.68
abc,14.895
abc,42.3
abc,178.146
abc,189.72
abc,25.8
abc,28.56
abc,46.872
abc,48.8565
abc,44.496
abc,29.7
abc,29.04
abc,21.84
abc,20.52
abc,53.526
abc,33.72
abc,40.995
abc,24.816
abc,16.14
abc,42.24
abc,9.636
abc,30.3
abc,21.852
abc,26.25
abc,27.06
abc,39.792
abc,46.59
abc,18.72
abc,55.136
abc,39.84
abc,26.88
abc,24.88
abc,56.94
abc,31.536
abc,65.84
abc,45.24
abc,70.35
abc,50.28
abc,55.17
abc,22.86
abc,22.5
abc,36.855
abc,17.235
abc,44.928
abc,54.351
abc,43.56
abc,27.3
abc,10.304
abc,9.46
abc,10.272
abc,36.6
abc,34.86
abc,46.8
abc,21.44
abc,31.168
abc,72.224
abc,26.982
abc,27.24
abc,51.84
abc,24
abc,43.02
abc,19.896
abc,40.92
abc,38.96
abc,17.556
abc,31.904
abc,14.32
abc,21.12
abc,29.22
abc,27.2
abc,77.56
abc,41.72
abc,65.24
abc,31.4
abc,40.92
abc,66.3
abc,18.6
abc,53.7
abc,60.54
abc,27.48
abc,59.616
abc,32.22
abc,17.982
abc,65.988
abc,27.36
abc,18.9585
abc,44.415
abc,39.528
abc,22.92
abc,45.99
abc,39.96
abc,63.96
abc,17.48
abc,46.36
abc,11.976
abc,19.44
abc,21.6
abc,53.4
abc,42.3
abc,53.88
abc,59.22
abc,104.772
abc,27.96
abc,24.63
abc,41.43
abc,46.44
abc,48.45
abc,24.78
abc,21.96
abc,43.8
abc,52.551
abc,52.86
abc,15.16
abc,46
abc,99.6
abc,12.36
abc,31.08
abc,66.88
abc,33.825
abc,32.94
abc,77.55
abc,50.25
abc,43.4265
abc,30.051
abc,33.57
abc,23.76
abc,63.686
abc,40.68
abc,49.408
abc,28.14
abc,15.224
abc,21.54
abc,24.552
abc,48.42
abc,49.812
abc,32.796
abc,43.8
abc,27.18
abc,26.1
abc,33.3
abc,37.9
abc,39.16
abc,31.08
abc,30.96
abc,46.62
abc,49.5
abc,26.748
abc,46.02
abc,58.08
abc,44.064
abc,18.063
abc,34.2126
abc,60.156
abc,24.156
abc,56.46
abc,47.0958
abc,22.368
abc,10.476
abc,54.92
abc,21.24
abc,46.53
abc,167.94
abc,17.904
abc,36.744
abc,35.97
abc,34.02
abc,103.56
abc,15.84
abc,23.01
abc,47.49
abc,50.01
abc,16.86
abc,29.01
abc,13.05
abc,14.1
abc,35.9
abc,36.336
abc,47.64
abc,17.68
abc,49.4
abc,28.26
abc,16.938
abc,29.82
abc,54
abc,43.68
abc,35.73
abc,85.365
abc,42.3
abc,40.32
abc,26.22
abc,92.16
abc,37.368
abc,58.563
abc,44.2815
abc,84.18
abc,45.96
abc,68.19
abc,24.6
abc,63
abc,12.384
abc,10.368
abc,59.97
abc,58.24
abc,19.44
abc,56.07
abc,32.776
abc,41.9
abc,62.31
abc,13.2
abc,51.78
abc,18.936
abc,19.71
abc,12.24
abc,34.104
abc,20.64
abc,41.4
abc,38.4
abc,70.74
abc,21.264
abc,163.656
abc,33.84
abc,24.88
abc,33.18
abc,43.42
abc,96.3
abc,38.1
abc,173.17296
abc,25.32
abc,58.74
abc,43.752
abc,71.536
abc,39.69
abc,44.064
abc,26.28
abc,53.7
abc,148.05
abc,47.88
abc,37.476
abc,17.775
abc,36.7263
abc,30.7824
abc,50.328
abc,50.94
abc,110.1
abc,33.3
abc,50.3712
abc,71.712
abc,38.016
abc,34.416
abc,18.288
abc,28.206
abc,31.2
abc,60.66
abc,40.2
abc,14.73
abc,28.9
abc,38.88
abc,22.368
abc,33.36
abc,20.49
abc,25.05
abc,29.22
abc,18.99
abc,22.14
abc,40.74
abc,88.2
abc,48.4
abc,43.38
abc,61.824
abc,44
abc,13.38
abc,77.52
abc,27.78
abc,26.88
abc,26.58
abc,132.804
abc,31.7
abc,126.45
abc,25.11
abc,42.3
abc,14.505
abc,43.2
abc,24.57
abc,21.96
abc,31.14
abc,53.595
abc,26.64
abc,38.0805
abc,70.7409
abc,45.36
abc,24.7086
abc,44.1228
abc,34.47
abc,42.21
abc,36.24
abc,66.69
abc,37.752
abc,14.832
abc,55.92
abc,31.984
abc,35.76
abc,15.232
abc,15.33
abc,15.138
abc,25.47
abc,16.8
abc,30.132
abc,24.381
abc,14.076
abc,59.88
abc,71.64
abc,40.2
abc,12
abc,48.6
abc,51.648
abc,35.9
abc,84.02
abc,19.152
abc,14.76
abc,15.68
abc,26.1
abc,71.1
abc,45.36
abc,27.96
abc,101.412
abc,24
abc,18.3645
abc,11.517
abc,46.8765
abc,38.6925
abc,40.74
abc,23.52
abc,58.752
abc,22.704
abc,20.736
abc,47.97
abc,52.59
abc,9.876
abc,48.06
abc,26.784
abc,62.58
abc,53.408
abc,27.18
abc,132.44
abc,56.5
abc,23.8
abc,36.8
abc,39.4
abc,64.38
abc,36.72
abc,40.008
abc,43.2
abc,37.71
abc,48.87
abc,29.382
abc,21.78
abc,41.04
abc,43.56
abc,26.235
abc,29.04
abc,51.624
abc,30.525
abc,33.804
abc,30.276
abc,14.624
abc,116.28
abc,21.5
abc,43.92
abc,35.168
abc,31.17
abc,49.23
abc,42.15
abc,41.52
abc,31.56
abc,74.448
abc,75.18
abc,11.844
abc,47.01
abc,56.7
abc,52.59
abc,19.056
abc,78.264
abc,18.28
abc,26.28
abc,30.816
abc,18.16
abc,82.24
abc,30.08
abc,87.08
abc,25.72
abc,11.52
abc,17.412
abc,24.72
abc,26.94
abc,25.4
abc,30.3
abc,40.88
abc,93.84
abc,28.98
abc,15.48
abc,18.93
abc,26.811
abc,36.3
abc,47.232
abc,31.266
abc,26.76
abc,23.64
abc,13.02
abc,44.79
abc,38.3625
abc,22.059
abc,92.61
abc,48.84
abc,63.36
abc,42.57
abc,56.52
abc,27.81
abc,11.97
abc,9.84
abc,47.992
abc,21.594
abc,73.98
abc,44.4
abc,91.96
abc,22.386
abc,26.22
abc,21
abc,56.76
abc,47.94
abc,43.56
abc,50.472
abc,80.496
abc,51.66
abc,40.152
abc,49.41
abc,85.608
abc,90.448
abc,38.16
abc,41.76
abc,46.32
abc,34.14
abc,37.86
abc,25.14
abc,47.64
abc,50.88
abc,67.5
abc,17.1
abc,44.46
abc,12.6
abc,31.125
abc,46.44
abc,27
abc,69.255
abc,59.97
abc,25.92
abc,21.816
abc,32.13
abc,20.49
abc,78.822
abc,30.12
abc,42.68
abc,54.28
abc,37.8
abc,12.44
abc,34.2
abc,43.56
abc,126.42
abc,38.64
abc,16.17
abc,35.76
abc,64.44
abc,65.37
abc,49.77
abc,39.69
abc,47.04
abc,65.394
abc,47.574
abc,43.29
abc,23.31
abc,46.4634
abc,73.02
abc,28.44
abc,41.6328
abc,42.57
abc,57.504
abc,11.52
abc,60.416
abc,14.19
abc,28.032
abc,77.424
abc,29.88
abc,19.35
abc,39.864
abc,32.1
abc,96.408
abc,22.05
abc,94.8
abc,11.628
abc,41.148
abc,12.4
abc,21.06
abc,14.8
abc,16.8
abc,24.93
abc,26.52
abc,30.24
abc,13.5786
abc,34.848
abc,46.7784
abc,66.825
abc,25.6626
abc,23.68
abc,29.04
abc,23.688
abc,124.46
abc,44.784
abc,95.84
abc,31.56
abc,31.08
abc,11.76
abc,61.4
abc,18.75
abc,25.92
abc,41.88
abc,8.127
abc,61.08
abc,52.8
abc,19.728
abc,30.69
abc,39.48
abc,15.16
abc,39.48
abc,29.316
abc,43.264
abc,27.76
abc,39.6
abc,49.872
abc,40.02
abc,83.34
abc,37.86
abc,37.08
abc,35.4
abc,35.22
abc,45.99
abc,59.1
abc,12.96
abc,36.4
abc,31.4
abc,55.36
abc,12.48
abc,16.4
abc,33.568
abc,37.536
abc,16.86
abc,14.64
abc,21.48
abc,15.57
abc,37.59
abc,26.43
abc,28.416
abc,30.72
abc,17.04
abc,16.407
abc,32.508
abc,32.26
abc,47.772
abc,155.008
abc,27.24
abc,24.528
abc,15.24
abc,35.94
abc,108.24
abc,22
abc,19.16
abc,42.45
abc,27.36
abc,106.65
abc,13.32
abc,45
abc,24.72
abc,56.52
abc,20.97
abc,29.22
abc,22.2282
abc,21.0516
abc,34.38
abc,22.68
abc,46
abc,82.368
abc,52.96
abc,26.032
abc,29.22
abc,19.456
abc,74.592
abc,26.72
abc,34.05
abc,51.156
abc,13.32
abc,29.16
abc,82.176
abc,17.4
abc,29.61
abc,50.46
abc,28.53
abc,47.58
abc,26.25
abc,11.358
abc,32.121
abc,18.75
abc,11.052
abc,21.024
abc,28.08
abc,54.12
abc,67.72
abc,33.18
abc,10.752
abc,62.68
abc,42.56
abc,36.75
abc,57.96
abc,25.47
abc,34.56
abc,60.39
abc,21.96
abc,33.78
abc,40.56
abc,38.7
abc,37.7994
abc,12.96
abc,20.016
abc,9.84
abc,13.65
abc,26.46
abc,30.96
abc,27.27
abc,16.056
abc,27.45
abc,29.052
abc,72.24
abc,41.58
abc,42.58
abc,28.17
abc,11.19
abc,31.23
abc,39.69
abc,49.38
abc,68.07
abc,80.55
abc,47.844
abc,75.39
abc,15.48
abc,28.098
abc,20.5746
abc,39.312
abc,33.516
abc,30.66
abc,24.448
abc,18.72
abc,12.24
abc,32.4
abc,29.6
abc,27.93
abc,59.472
abc,32.67
abc,35.76
abc,15.96
abc,22.64
abc,29.6
abc,36.72
abc,31.456
abc,49.104
abc,27.5
abc,48
abc,32.655
abc,51.45
abc,32.25
abc,44.76
abc,122.43
abc,34.38
abc,42.78
abc,18.12
abc,40.338
abc,54.432
abc,44.76
abc,15.363
abc,18.66
abc,34.38
abc,123.39
abc,14.56
abc,9.94
abc,44.784
abc,45.92
abc,19.936
abc,25.4
abc,40.736
abc,71.246
abc,44.736
abc,24.27
abc,29.01
abc,28.02
abc,19.464
abc,34.65
abc,15.327
abc,51.6
abc,23.52
abc,50.88
abc,14.19
abc,49.26
abc,17.82
abc,41.28
abc,44.76
abc,37.08
abc,33.96
abc,36.984
abc,16.128
abc,35.7
abc,30.6
abc,26.43
abc,52.65
abc,48.96
abc,35.64
abc,39.42
abc,33.5154
abc,347.49
abc,53.04
abc,62.4
abc,67.05
abc,60
abc,33.72
abc,24.72
abc,23.652
abc,22.2
abc,39.552
abc,40.712
abc,7.218
abc,27.39
abc,26.22
abc,35.85
abc,49.23
abc,34.8
abc,17.757
abc,31.62
abc,26.67
abc,20.01
abc,77.42
abc,22.24
abc,45.36
abc,27.3
abc,14.752
abc,13.056
abc,36.144
abc,26.19
abc,62.16
abc,12.66
abc,18.09
abc,44.22
abc,28.08
abc,26.88
abc,33.39
abc,41.16
abc,27.168
abc,35.91
abc,9.64
abc,33.8
abc,49.536
abc,41.988
abc,35.34
abc,37.3
abc,14.9
abc,11.744
abc,9.14
abc,25.542
abc,52.92
abc,18.954
abc,22.08
abc,10.08
abc,39.144
abc,38.52
abc,30.96
abc,18.36
abc,25.47
abc,14.28
abc,44.08
abc,63.696
abc,46.9
abc,34.38
abc,68.6
abc,21.684
abc,30.15
abc,379.38
abc,43.515
abc,62.4
abc,35.04
abc,28.02
abc,32.5791
abc,68.8311
abc,73.2
abc,51.354
abc,20.25
abc,27.819
abc,18.9
abc,32.4
abc,19.76
abc,26.336
abc,31.68
abc,30.828
abc,26.4
abc,93
abc,37.5
abc,31.68
abc,11.628
abc,19.17
abc,18.564
abc,10.41
abc,20.72
abc,35.56
abc,49.28
abc,44.736
abc,23.36
abc,22.98
abc,40.32
abc,15.876
abc,23.84
abc,41.54
abc,60.096
abc,44.28
abc,19.02
abc,26.82
abc,29.64
abc,33.75
abc,14.58
abc,85.59
abc,44.28
abc,27.1413
abc,43.08
abc,66.33
abc,25.8462
abc,34.98
abc,30.87
abc,12.096
abc,25.78
abc,37.24
abc,13.616
abc,96.256
abc,25.344
abc,17.14
abc,37.94
abc,25.248
abc,83.136
abc,11.07
abc,48
abc,25.05
abc,21.168
abc,38.466
abc,49.77
abc,11.46
abc,25.47
abc,58.11
abc,96.84
abc,27.63
abc,46.72
abc,97.8
abc,49.02
abc,33.024
abc,35.84
abc,48.72
abc,15.2
abc,37.008
abc,30.24
abc,25.2
abc,15.957
abc,37.74
abc,42.1032
abc,41.2923
abc,27.8631
abc,31.644
abc,104.679
abc,27.216
abc,15.552
abc,23.952
abc,62.958
abc,20.736
abc,28.44
abc,61.06
abc,38.016
abc,24.192
abc,19.56
abc,19.312
abc,47.64
abc,40.2
abc,14.52
abc,34.98
abc,46.32
abc,10.98
abc,11.196
abc,18.72
abc,19.404
abc,64.008
abc,27.504
abc,34.2
abc,16.56
abc,43.128
abc,8.84
abc,23.968
abc,57.3
abc,100.68
abc,103.26
abc,33.93
abc,257.85
abc,54.75
abc,45.54
abc,42.84
abc,157.464
abc,40.7358
abc,61.512
abc,20.79
abc,28.8
abc,25.308
abc,35.88
abc,27.096
abc,10.9
abc,40.776
abc,64.02
abc,20.088
abc,31.68
abc,40.26
abc,7.92
abc,14.64
abc,29.88
abc,17.64
abc,25.002
abc,36.456
abc,22.92
abc,62.4
abc,22.224
abc,57.36
abc,15.984
abc,41.64
abc,20.052
abc,39.44
abc,24.156
abc,33.42
abc,14.01
abc,42.615
abc,13.95
abc,62.964
abc,29.01
abc,62.64
abc,29.322
abc,26.1
abc,28.8
abc,31.59
abc,96.96
abc,30.48
abc,27.96
abc,36.936
abc,36.288
abc,8.904
abc,76.32
abc,67.95
abc,33.96
abc,31.968
abc,32.4
abc,22.608
abc,13.9
abc,61.584
abc,34.08
abc,24.99
abc,68.748
abc,24.96
abc,58.74
abc,18.93
abc,81.84
abc,51.372
abc,18.648
abc,16.65
abc,12.432
abc,24.54
abc,49.92
abc,38.4
abc,163.62
abc,43.536
abc,36.4
abc,35.532
abc,30.96
abc,80.52
abc,47.1
abc,18.45
abc,21.573
abc,94.68
abc,43.47
abc,48.672
abc,31.95
abc,37.011
abc,13.536
abc,136.99
abc,29.97
abc,20.65
abc,17.24
abc,33.088
abc,14.88
abc,42.76
abc,34.86
abc,64.384
abc,22.224
abc,19.704
abc,17.85
abc,19.776
abc,16.08
abc,24.51
abc,46.92
abc,65.28
abc,68.112
abc,17.592
abc,100.68
abc,44.58
abc,14.56
abc,26.8
abc,19.296
abc,30.528
abc,43.98
abc,28.64
abc,50.26
abc,33.72
abc,52.02
abc,27.27
abc,66.33
abc,38.718
abc,29.61
abc,41.55
abc,49.5
abc,28.182
abc,39.96
abc,23.34
abc,23.12
abc,20.736
abc,41.72
abc,12.032
abc,34.44
abc,25.02
abc,47.952
abc,18.312
abc,29.88
abc,32.19
abc,38.808
abc,29.55
abc,30.3
abc,32.796
abc,11.43
abc,26.52
abc,21.08
abc,31.32
abc,19.2
abc,37.92
abc,73.536
abc,94.42
abc,10.16
abc,71.64
abc,37.2
abc,23.6
abc,18.432
abc,41.2
abc,29.916
abc,44.64
abc,66.6
abc,14.88
abc,116.04
abc,52.62
abc,35.73
abc,39.12
abc,19.71
abc,40.86
abc,54.216
abc,57.7647
abc,15.8046
abc,15.228
abc,23.696
abc,10.44
abc,7.88
abc,38.52
abc,60.45
abc,33
abc,15.52
abc,22.14
abc,47.952
abc,35.88
abc,25.584
abc,18.264
abc,11.37
abc,65.7
abc,29.4
abc,28.02
abc,73.16
abc,33.6
abc,7.896
abc,18.24
abc,40.152
abc,14.8
abc,112.92
abc,31.92
abc,23.928
abc,35.64
abc,50.76
abc,26.28
abc,99.87984
abc,13.296
abc,14.86
abc,32
abc,17.82
abc,80.43
abc,40.14
abc,13.62
abc,29.52
abc,38.16
abc,15.12
abc,52.8825
abc,16.5
abc,20.7825
abc,38.3985
abc,78.084
abc,14.04
abc,43.95
abc,24.84
abc,16.6632
abc,31.32
abc,33.06
abc,27.36
abc,45
abc,20.724
abc,16.23
abc,16.68
abc,28.272
abc,21.93
abc,90
abc,16.28
abc,30.36
abc,29.24
abc,47.58
abc,30.21
abc,24
abc,123.3
abc,35.76
abc,19.488
abc,20.49
abc,19.44
abc,25.05
abc,48.09
abc,37.88
abc,40.8
abc,78.32
abc,35.712
abc,30.02
abc,38.992
abc,12.924
abc,36.936
abc,40.35
abc,18.09
abc,18.12
abc,27.33
abc,40.98
abc,45.99
abc,53.568
abc,21.1311
abc,21.9
abc,62.1
abc,15.066
abc,20.34
abc,49.0032
abc,40.2
abc,665.408
abc,31.152
abc,38.6
abc,17.248
abc,36.44
abc,27.696
abc,25.9
abc,10.272
abc,15.14
abc,49.12
abc,26.4
abc,26.352
abc,30.3
abc,15.723
abc,30.096
abc,30.69
abc,25.2
abc,37.008
abc,8.58
abc,59.892
abc,33
abc,62.5
abc,36.76
abc,43.728
abc,28.26
abc,115.065
abc,23.205
abc,29.01
abc,29.04
abc,44.64
abc,18.99
abc,14.4
abc,51.45
abc,109.92
abc,20.25
abc,23.6385
abc,45.99
abc,43.6995
abc,22.8
abc,25.8534
abc,40.08
abc,29.16
abc,23.696
abc,112.776
abc,32.48
abc,36.72
abc,11.07
abc,11.94
abc,49.05
abc,34.524
abc,17.58
abc,23.04
abc,75.96
abc,38.16
abc,43.524
abc,43.368
abc,33.18
abc,28.64
abc,43.56
abc,20.232
abc,107.016
abc,45.12
abc,40.932
abc,41.85
abc,45.885
abc,31.164
abc,30.15
abc,40.02
abc,18.99
abc,23.868
abc,57.69
abc,65.2905
abc,22.74
abc,52.5654
abc,44.7204
abc,28.0953
abc,31.164
abc,12.636
abc,47.984
abc,38.82
abc,82.896
abc,26.88
abc,9.656
abc,18.464
abc,63.488
abc,45
abc,55.776
abc,38.367
abc,8.37
abc,50.4
abc,44.34
abc,16.8
abc,21.84
abc,695.16
abc,24.45
abc,32.04
abc,28.98
abc,65.12
abc,24.48
abc,96.88
abc,79.08
abc,61.2
abc,45.09
abc,39.54
abc,52.2
abc,52.8
abc,11.61
abc,53.64
abc,32.28
abc,35.964
abc,15.15
abc,48.06
abc,47.25
abc,29.1924
abc,46.53
abc,24.96
abc,40.176
abc,27.414
abc,31.984
abc,36.288
abc,34.4
abc,39.92
abc,29.91
abc,43.92
abc,42.24
abc,31.44
abc,17.88
abc,57.72
abc,59.535
abc,54.21
abc,82.14
abc,44.16
abc,20.052
abc,13.32
abc,22.64
abc,22.16
abc,23.88
abc,33.3
abc,28.38
abc,35.664
abc,25.32
abc,25.545
abc,21.96
abc,27.81
abc,24.72
abc,48.06
abc,16.02
abc,23.82
abc,49.92
abc,26.46
abc,38.55
abc,61.2468
abc,33.96
abc,46.089
abc,13
abc,65.568
abc,5.84
abc,17.088
abc,12.39
abc,77.952
abc,44.784
abc,50.52
abc,25.296
abc,49.47
abc,27.09
abc,102.48
abc,30.78
abc,31.62
abc,24.828
abc,37.65
abc,48
abc,18.312
abc,30.3
abc,36.54
abc,46.344
abc,28.52
abc,36.54
abc,121.58
abc,44.13
abc,24
abc,24.15
abc,49.83
abc,49.221
abc,54
abc,26.5848
abc,37.668
abc,47.583
abc,55.7136
abc,69.255
abc,33.18
abc,17.34
abc,25.696
abc,22.848
abc,31.744
abc,37.68
abc,29.4
abc,25.8
abc,30.93
abc,22.89
abc,31.56
abc,56.34
abc,34.56
abc,26.112
abc,55.104
abc,63.48
abc,60.54
abc,24.45
abc,102.54
abc,28.56
abc,28.53
abc,23.676
abc,37.62
abc,58.23
abc,61.884
abc,48.168
abc,41.25
abc,23.652
abc,30.348
abc,56.6475
abc,25.92
abc,19.296
abc,9.87
abc,19.92
abc,18.16
abc,27.968
abc,26.01
abc,108.784
abc,24
abc,44.75
abc,39.624
abc,13.872
abc,32.4
abc,26.4
abc,46.524
abc,41.58
abc,24
abc,17.73
abc,57.42
abc,46.176
abc,29.07
abc,37.9
abc,45.408
abc,46.9
abc,29.1
abc,53.4
abc,20
abc,46.332
abc,1107.2
abc,51.8
abc,18.24
abc,24.24
abc,42.1
abc,13.752
abc,22.416
abc,38.16
abc,37.35
abc,34.11
abc,17.88
abc,26.67
abc,47.61
abc,24.057
abc,33.75
abc,59.7
abc,21.6
abc,126
abc,37.011
abc,37.62
abc,41.715
abc,30.24
abc,26.811
abc,25.14
abc,14.112
abc,34.02
abc,21.12
abc,47.12
abc,17.64
abc,33.648
abc,12.18
abc,14.208
abc,28.56
abc,11.52
abc,20.37
abc,17.1
abc,410.616
abc,39.492
abc,24.72
abc,501.248
abc,22.38
abc,30.9
abc,33.42
abc,44.784
abc,27.66
abc,36.036
abc,15.96
abc,65.16
abc,21.06
abc,73.5
abc,37.875
abc,30.375
abc,23.73
abc,15.51
abc,37.86
abc,40.248
abc,26.82
abc,29.052
abc,28.08
abc,26.82
abc,37.32
abc,52.56
abc,36.9234
abc,417.06
abc,102.36
abc,46.8
abc,41.4
abc,23.92
abc,37.32
abc,39.28
abc,11.328
abc,23.34
abc,40.752
abc,67.536
abc,35.4
abc,44.94
abc,53.1
abc,49.32
abc,17.85
abc,19.23
abc,30.36
abc,10.416
abc,17.622
abc,24.72
abc,24.45
abc,40.83
abc,34.08
abc,19.36
abc,32.832
abc,51.168
abc,30.92
abc,21.312
abc,17.46
abc,31.88
abc,11.92
abc,86.76
abc,28.38
abc,20.64
abc,18.66
abc,87.84
abc,18.93
abc,46.83
abc,32.04
abc,35.7
abc,21.285
abc,34.38
abc,38.28
abc,15.84
abc,27.945
abc,11.13
abc,44.064
abc,41.6421
abc,54.351
abc,25.32
abc,26.432
abc,60.288
abc,18.936
abc,35.168
abc,72.64
abc,14.352
abc,9.296
abc,14.19
abc,52.53
abc,29.91
abc,18.36
abc,19.314
abc,18.75
abc,120
abc,37.32
abc,31.68
abc,69.84
abc,14.48
abc,20.232
abc,9.32
abc,98.22
abc,16.32
abc,83.97
abc,33.912
abc,18.93
abc,29.91
abc,31.92
abc,13.56
abc,30.96
abc,20.925
abc,32.7186
abc,20.52
abc,10.29
abc,73.2
abc,27.1572
abc,42.57
abc,28.0794
abc,40.74
abc,14.352
abc,77.952
abc,45.36
abc,53.352
abc,54.21
abc,31.068
abc,46.5
abc,48.366
abc,81.69
abc,79.368
abc,56.28
abc,8.184
abc,56.64
abc,29.808
abc,39
abc,227.82
abc,14.8
abc,28.188
abc,46.08
abc,58.212
abc,36.096
abc,54.72
abc,30.384
abc,35.184
abc,44.6
abc,38.016
abc,23.82
abc,76.2
abc,20.574
abc,13.446
abc,26.2944
abc,23.1
abc,48.9
abc,64.11
abc,45.837
abc,42.7074
abc,31.59
abc,75.87
abc,14.472
abc,27.36
abc,41.96
abc,35.92
abc,17.9
abc,14.62
abc,19.35
abc,14.73
abc,24
abc,32.13
abc,33.12
abc,13.158
abc,41.73
abc,11.688
abc,9.76
abc,37.86
abc,16.72
abc,19.2
abc,59.58
abc,29.88
abc,27.27
abc,386.64
abc,34.29
abc,59.22
abc,29.25
abc,36.75
abc,19.98
abc,49.77
abc,30.06
abc,28.971
abc,73.26
abc,53.52
abc,17.64
abc,38.7693
abc,23.166
abc,29.268
abc,47.58
abc,13.23
abc,23.436
abc,18.9
abc,58.17
abc,20.16
abc,38.88
abc,16.056
abc,29.32
abc,26.2
abc,24.896
abc,20.736
abc,22.96
abc,33.72
abc,30.28
abc,53.316
abc,10.44
abc,25.92
abc,31.504
abc,31.744
abc,7.3
abc,39.96
abc,43.68
abc,33.6
abc,16.8
abc,53.16
abc,21.6
abc,40.476
abc,17.01
abc,38.664
abc,17.49
abc,33
abc,28.98
abc,20.49
abc,21.582
abc,32.48
abc,17.2
abc,26.52
abc,9.04
abc,56
abc,27.776
abc,26.4
abc,65.48
abc,29.7
abc,46.41
abc,29.07
abc,56.25
abc,45.846
abc,30.87
abc,47.64
abc,77.436
abc,36
abc,29.079
abc,52.32
abc,40.26
abc,26.1
abc,26.82
abc,29.7
abc,32.76
abc,29.808
abc,27.42
abc,30.56
abc,16.74
abc,16.38
abc,29.22
abc,49.76
abc,30.528
abc,15.75
abc,31.86
abc,27.3
abc,43.92
abc,44.451
abc,16.98
abc,38.529
abc,27.78
abc,17.88
abc,16.11
abc,21.864
abc,36.4
abc,82.86
abc,21.84
abc,28.08
abc,32.96
abc,28.44
abc,15.96
abc,61.32
abc,20.28
abc,116.76
abc,40.77
abc,36.72
abc,12.36
abc,21.06
abc,72.6
abc,21.78
abc,36.855
abc,31.644
abc,24.84
abc,26.38
abc,23.99
abc,17.94
abc,6.68
abc,17.088
abc,24.36
abc,28.98
abc,29.85
abc,17.01
abc,24.99
abc,10.656
abc,32.4
abc,22.98
abc,43.52
abc,31.98
abc,48.5
abc,22.92
abc,37.44
abc,31.59
abc,46.44
abc,26.82
abc,53.775
abc,23.85
abc,32.58
abc,40.6368
abc,27
abc,19.764
abc,44.793
abc,42.2802
abc,16.812
abc,31.104
abc,25.92
abc,38.976
abc,32.36
abc,11.808
abc,33.18
abc,26.4
abc,51.6
abc,22.74
abc,32.13
abc,28.8
abc,51.84
abc,51.63
abc,16.758
abc,23.52
abc,39.576
abc,33.9
abc,53.34
abc,17.072
abc,32.04
abc,16.016
abc,56.12
abc,11.82
abc,29.24
abc,13.392
abc,53.55
abc,30.168
abc,46.44
abc,66.42
abc,25.191
abc,60.96
abc,43.08
abc,36.828
abc,30.105
abc,42.36
abc,29.7
abc,29.664
abc,38.07
abc,19.74
abc,41.07
abc,36.96
abc,47.52
abc,32.616
abc,11.61
abc,34.4
abc,39.68
abc,23.68
abc,32.896
abc,19.98
abc,20.736
abc,21.36
abc,18.84
abc,89.95
abc,22.608
abc,32.064
abc,14.91
abc,9.876
abc,55.14
abc,48.66
abc,20.88
abc,26.22
abc,114.24
abc,15.84
abc,44.13
abc,35.34
abc,20.49
abc,21.816
abc,38.064
abc,21.6
abc,61.28
abc,37.86
abc,24.96
abc,24
abc,26.46
abc,43.48
abc,33.96
abc,44.037
abc,162.54
abc,13.65
abc,12.48
abc,26.58
abc,32.4
abc,33.75
abc,28.89
abc,26.712
abc,156.168
abc,20.16
abc,47.1
abc,16.164
abc,32.4
abc,19.44
abc,24.56
abc,10.688
abc,40.92
abc,27.92
abc,18.24
abc,16.776
abc,34.504
abc,42.96
abc,16.11
abc,31.95
abc,39.39
abc,25.35
abc,18.96
abc,23.97
abc,20.16
abc,54.21
abc,26.37
abc,59.19
abc,22.788
abc,20.184
abc,17.85
abc,21.48
abc,21.3
abc,31.62
abc,33.48
abc,35.104
abc,13.14
abc,28.86
abc,18.18
abc,30.3
abc,30.68
abc,13.44
abc,15.648
abc,31.92
abc,50.472
abc,11.472
abc,48.9
abc,67.84
abc,42.039
abc,37.35
abc,32.85
abc,27.09
abc,19.224
abc,31.0527
abc,14.5008
abc,46.08
abc,30.51
abc,13.095
abc,31.56
abc,18.176
abc,30.84
abc,13.44
abc,54.712
abc,49.568
abc,36.4
abc,53.97
abc,36.288
abc,35.544
abc,28.048
abc,22.424
abc,50.97
abc,34.98
abc,25.038
abc,6.33
abc,16.26
abc,13.29
abc,48.51
abc,12.048
abc,31.95
abc,49.836
abc,24
abc,13.62
abc,33.92
abc,29.916
abc,43.5
abc,28.48
abc,20.34
abc,19.68
abc,1809.78
abc,45.78
abc,12.51
abc,144.48
abc,39.795
abc,132.192
abc,34.74
abc,79.2
abc,23.49
abc,12.24
abc,14.355
abc,24.48
abc,27.216
abc,37.05
abc,43.26
abc,20.768
abc,14.004
abc,37.86
abc,23.16
abc,8.181
abc,57.384
abc,11.24
abc,36.3
abc,75.216
abc,16.98
abc,38.08
abc,36.576
abc,11.064
abc,15.24
abc,20.82
abc,36.96
abc,28.908
abc,35.1
abc,25.92
abc,93
abc,66.69
abc,88.47
abc,42.039
abc,24.21
abc,41.85
abc,94.77
abc,15.984
abc,36.96
abc,52.5
abc,22.2
abc,66.112
abc,30.768
abc,39.96
abc,29.9
abc,14.76
abc,31.92
abc,32.896
abc,15.66
abc,23.744
abc,51.84
abc,29.96
abc,31.5
abc,39.6
abc,21.384
abc,37.74
abc,35.28
abc,15.54
abc,38.04
abc,54.69
abc,23.532
abc,39.186
abc,32.04
abc,35.97
abc,91
abc,45.5
abc,22.24
abc,17.96
abc,39.48
abc,23.64
abc,25.2
abc,59.4
abc,53.838
abc,29.01
abc,26.94
abc,25.44
abc,11.91
abc,44.7426
abc,54.5748
abc,30.4776
abc,31.4025
abc,23.49
abc,23.94
abc,49.248
abc,14.62
abc,29.99
abc,37.94
abc,17.12
abc,15.936
abc,56.784
abc,77.472
abc,47.34
abc,47.97
abc,33.912
abc,29.61
abc,18.18
abc,42.78
abc,25.14
abc,19.14
abc,22.347
abc,11.4
abc,31.08
abc,29.04
abc,19.56
abc,27.24
abc,57.68
abc,66.732
abc,28.92
abc,8.96
abc,48.93
abc,50.67
abc,14.01
abc,21.54
abc,53.622
abc,39.87
abc,37.887
abc,26.649
abc,67.878
abc,36
abc,27.96
abc,15.136
abc,64.96
abc,23.12
abc,13.68
abc,39
abc,12.672
abc,37.056
abc,23.88
abc,20.7
abc,14.336
abc,18.76
abc,11.25
abc,48.96
abc,43.416
abc,12.69
abc,95.1
abc,43.56
abc,20.088
abc,16.98
abc,24.12
abc,48.69
abc,31.17
abc,31.62
abc,31.95
abc,25.38
abc,86.96
abc,28.256
abc,21.672
abc,16.34
abc,31.8
abc,5724.54
abc,43.146
abc,48.63
abc,39.54
abc,41.7
abc,52.5
abc,15.282
abc,29.088
abc,47.88
abc,22.575
abc,24.192
abc,173.6451
abc,39.285
abc,15.9
abc,48.276
abc,31.05
abc,42.21
abc,32.88
abc,50.46
abc,21.1788
abc,39.132
abc,22.14
abc,35.352
abc,47.992
abc,22.288
abc,46.23
abc,25.2
abc,36.552
abc,20.28
abc,14.1
abc,41.28
abc,16.65
abc,59.64
abc,19.2
abc,21.39
abc,48.42
abc,18.84
abc,15
abc,39.456
abc,32.64
abc,15.2
abc,29.04
abc,38.46
abc,25.08
abc,21.4
abc,11.52
abc,28.16
abc,34.14
abc,40.02
abc,40.248
abc,23.424
abc,25.344
abc,23.98
abc,87.84
abc,41.28
abc,30.24
abc,21.6
abc,17.46
abc,42.714
abc,16.3134
abc,97.74
abc,114.66
abc,26.7438
abc,27.258
abc,19.635
abc,8.5407
abc,15.12
abc,14.52
abc,21.93
abc,41.92
abc,12.32
abc,25.92
abc,17.44
abc,22.55
abc,45.98
abc,8.955
abc,59.82
abc,31.95
abc,9.33
abc,28.5
abc,33.9
abc,17.97
abc,18.54
abc,23.64
abc,12.9
abc,4.044
abc,17.472
abc,15.552
abc,87.22
abc,28.728
abc,37.62
abc,10.8
abc,65.448
abc,11
abc,58.68
abc,59.328
abc,42.024
abc,25.36
abc,27.36
abc,47.1
abc,25.596
abc,29.76
abc,27.36
abc,11.04
abc,30.888
abc,47.25
abc,51.96
abc,25.2
abc,41.04
abc,43.38
abc,11.992
abc,20.32
abc,17.76
abc,17.1
abc,25.29
abc,23.73
abc,38.112
abc,30.564
abc,44.43
abc,45.72
abc,38.76
abc,24
abc,5.796
abc,92.4
abc,24.936
abc,14.958
abc,40.98
abc,78.996
abc,29.72
abc,30.64
abc,45.52
abc,18.16
abc,12.24
abc,34.722
abc,26.88
abc,43.41
abc,31.08
abc,60.57
abc,29.88
abc,125.25
abc,115.2
abc,35.478
abc,35.0343
abc,30.942
abc,21.7035
abc,21.573
abc,13.47
abc,59.94
abc,54.918
abc,25.14
abc,45.42
abc,45.657
abc,32.4
abc,25.4718
abc,26.22
abc,13.36
abc,14.368
abc,32.544
abc,25.92
abc,4.419
abc,27.496
abc,18.24
abc,21.34
abc,18.75
abc,19.44
abc,21.312
abc,28.38
abc,33.66
abc,37.056
abc,14.34
abc,27.3
abc,27.36
abc,22.224
abc,17.7
abc,30.222
abc,38.46
abc,16.08
abc,43.56
abc,46.2
abc,39.15
abc,48.096
abc,39.15
abc,64.26
abc,19.062
abc,15.903
abc,35.4888
abc,48.09
abc,28.2864
abc,20.2248
abc,41.25
abc,18.768
abc,31.086
abc,29.328
abc,79.872
abc,15.56
abc,30.88
abc,24.7
abc,58.73
abc,11.808
abc,22.288
abc,16.656
abc,10.95
abc,27.93
abc,63.36
abc,16.26
abc,50.022
abc,29.58
abc,62.61
abc,15.33
abc,19.593
abc,27.27
abc,27.6
abc,26.7
abc,89.064
abc,57.39
abc,20.96
abc,24.6
abc,20.16
abc,20.72
abc,10.56
abc,35.32
abc,24.32
abc,31.59
abc,43.659
abc,18.99
abc,17.73
abc,48.06
abc,39.57
abc,17.04
abc,25.065
abc,34.8
abc,22.62
abc,46.08
abc,45.4425
abc,21.6081
abc,29.07
abc,25.6221
abc,39.6
abc,27.44
abc,24.18
abc,20.784
abc,25.344
abc,10.74
abc,13.23
abc,8.4
abc,14.448
abc,20.16
abc,26.04
abc,26.568
abc,22.29
abc,19.152
abc,72.48
abc,21.34
abc,19.008
abc,28.96
abc,39.072
abc,22.48
abc,28
abc,49.296
abc,28.566
abc,24.72
abc,51.03
abc,26.7
abc,22.923
abc,31.23
abc,44.94
abc,28.998
abc,25.815
abc,39.06
abc,13.14
abc,26.865
abc,20.34
abc,33.24
abc,35.748
abc,297.9036
abc,16.56
abc,36.126
abc,36.882
abc,12.96
abc,20.82
abc,14.94
abc,33.4
abc,11.52
abc,12.912
abc,55.48
abc,20.96
abc,20.992
abc,9.552
abc,17.38
abc,25.35
abc,31.95
abc,14.4
abc,14.7
abc,18.72
abc,12.36
abc,23.64
abc,17.61
abc,14.376
abc,44.64
abc,35.648
abc,54.432
abc,7.416
abc,18.06
abc,30.016
abc,36.08
abc,32.508
abc,24.6
abc,22.26
abc,27.66
abc,20.1
abc,53.06
abc,30.32
abc,31.14
abc,22.704
abc,16.83
abc,38.43
abc,117.6
abc,31.92
abc,26.1
abc,45
abc,85.59
abc,33.96
abc,35.7189
abc,30.3
abc,12.462
abc,6.88
abc,15
abc,25.488
abc,33.376
abc,14.952
abc,87.92
abc,18.9
abc,30.344
abc,31.68
abc,19.68
abc,30.84
abc,41.85
abc,28.23
abc,52.62
abc,17.34
abc,25.35
abc,28.56
abc,15.138
abc,25.83
abc,41.4
abc,27.06
abc,26.136
abc,61.02
abc,47.12
abc,25.32
abc,91.128
abc,101.376
abc,25.376
abc,37.28
abc,23.616
abc,25.408
abc,18.64
abc,32.112
abc,50.24
abc,33
abc,8.856
abc,45.48
abc,16.5
abc,24.48
abc,29.97
abc,59.1
abc,22.473
abc,19.845
abc,33.372
abc,15.585
abc,13.272
abc,37.6
abc,16.68
abc,29.05
abc,49.25
abc,13.392
abc,31.104
abc,15.552
abc,19.152
abc,38.112
abc,16.86
abc,14.01
abc,49.332
abc,60.6
abc,25.14
abc,45.408
abc,165.864
abc,13.29
abc,25.776
abc,25.62
abc,65.92
abc,17.84
abc,28.48
abc,37.04
abc,17.832
abc,25.392
abc,13.656
abc,41.34
abc,77.22
abc,14.67
abc,42.84
abc,26.04
abc,26.85
abc,25.11
abc,7.62
abc,23.22
abc,61.236
abc,29.9556
abc,25.08
abc,16.038
abc,29.565
abc,22.98
abc,29.9238
abc,16.596
abc,32.4
abc,33.4
abc,43
abc,35.168
abc,16.74
abc,191.058
abc,23.472
abc,15.28
abc,16.52
abc,20.04
abc,19.92
abc,21.501
abc,29.052
abc,26.88
abc,33.36
abc,20.832
abc,17.88
abc,29.55
abc,31.968
abc,158.184
abc,41.58
abc,30.3
abc,23.46
abc,27
abc,38.68
abc,35.52
abc,15.872
abc,33.72
abc,36.28
abc,52.74
abc,49.8
abc,26.604
abc,27.72
abc,26.604
abc,38.736
abc,16.72
abc,22.62
abc,12.24
abc,18.54
abc,122.85
abc,41.85
abc,18.66
abc,19.14
abc,33.45
abc,24
abc,36.66
abc,30.6711
abc,27.36
abc,18.8244
abc,116.5152
abc,42.207
abc,44.874
abc,23.1
abc,29.592
abc,27.968
abc,31.5
abc,44.95
abc,27.216
abc,26.4
abc,10.368
abc,27.27
abc,45.03
abc,7.2
abc,10.74
abc,42.489
abc,11.76
abc,49.02
abc,9.204
abc,55.92
abc,14.274
abc,13.83
abc,48.42
abc,56.46
abc,64.28
abc,37.62
abc,30.24
abc,15.824
abc,22.512
abc,28.64
abc,92.4
abc,70.08
abc,24.768
abc,21.52
abc,25.92
abc,9.72
abc,29.01
abc,29.79
abc,44.46
abc,18.27
abc,67.5
abc,30.03
abc,45.056
abc,55.36
abc,20.32
abc,24.75
abc,24.588
abc,8.82
abc,34.6
abc,30.384
abc,28.91
abc,9.392
abc,12.224
abc,51.15
abc,15.12
abc,16.368
abc,37.017
abc,19.584
abc,49.92
abc,26.7
abc,34.08
abc,12.492
abc,31.428
abc,11.52
abc,26.86
abc,21.888
abc,41.36
abc,16.08
abc,26.22
abc,35.36
abc,49.38
abc,138.672
abc,46.17
abc,15.24
abc,22.14
abc,79.29
abc,42.57
abc,39.15
abc,23.598
abc,88.65
abc,45.45
abc,43.2
abc,31.14
abc,32.25
abc,23.922
abc,58.0668
abc,46.5552
abc,30.213
abc,23.832
abc,37.91
abc,32.07
abc,17.94
abc,56.45
abc,53.982
abc,54.384
abc,13.98
abc,23.84
abc,26.16
abc,32.4
abc,27.09
abc,29.55
abc,13.5
abc,25.812
abc,22.032
abc,11.55
abc,13.02
abc,18.18
abc,48
abc,19.584
abc,27.87
abc,30.14
abc,9.06
abc,8.84
abc,42.72
abc,18.6
abc,35.5
abc,20.16
abc,26.36
abc,32.88
abc,26.88
abc,15
abc,34.29
abc,32.25
abc,20.88
abc,50.64
abc,19.56
abc,75.78
abc,131.64
abc,26.676
abc,7.02
abc,23.406
abc,39.48
abc,13.36
abc,24.96
abc,61.44
abc,15.008
abc,21.3
abc,15.18
abc,9.27
abc,18.81
abc,28.98
abc,48.51
abc,13.65
abc,48.45
abc,48
abc,22.86
abc,32.52
abc,89.264
abc,30.784
abc,26.4
abc,28.26
abc,23.787
abc,33.9
abc,26.19
abc,97.32
abc,21.78
abc,28.1868
abc,51.264
abc,47.844
abc,26.3304
abc,21.54
abc,19.968
abc,24.32
abc,19
abc,41.958
abc,28.4
abc,25.16
abc,26.48
abc,34.58
abc,25.128
abc,21.54
abc,31.17
abc,39.12
abc,15.237
abc,46.32
abc,27.09
abc,11.604
abc,18.432
abc,29.16
abc,24.51
abc,13.5
abc,31.35
abc,26.04
abc,31.428
abc,68.58
abc,29.7
abc,29.04
abc,25.8
abc,59.31
abc,17.82
abc,28.08
abc,14.64
abc,11.313
abc,39.735
abc,21.48
abc,37.8
abc,26.64
abc,547.11
abc,21.942
abc,27
abc,55.1286
abc,23.817
abc,35.802
abc,10.08
abc,34.02
abc,15.606
abc,82.2
abc,31.23
abc,16.98
abc,44.02
abc,41.95
abc,31.12
abc,13.38
abc,30.12
abc,19.23
abc,27.9
abc,14.43
abc,23.25
abc,16.08
abc,28.56
abc,12.408
abc,15.33
abc,15.228
abc,32
abc,33.6
abc,13.72
abc,23.98
abc,15.48
abc,23.1
abc,30.96
abc,25.83
abc,93.42
abc,41.475
abc,39.1572
abc,35.9658
abc,10.3455
abc,32.7684
abc,23.7
abc,46.17
abc,23.3016
abc,27.864
abc,37.59
abc,18.28
abc,23.68
abc,31.104
abc,36.4
abc,25.984
abc,25.83
abc,76.752
abc,21.92
abc,24.448
abc,11.96
abc,23.92
abc,13.248
abc,16.5
abc,30.48
abc,26.94
abc,27.96
abc,34.956
abc,34.98
abc,49.23
abc,23.16
abc,12.24
abc,18.93
abc,23.7
abc,40.29
abc,34.416
abc,48.5
abc,25.536
abc,32.44
abc,40.592
abc,39.864
abc,128.76
abc,32.64
abc,16.76
abc,29.52
abc,17.28
abc,406.5309
abc,26.169
abc,31.62
abc,26.298
abc,31.14
abc,34.6896
abc,28.74
abc,26.37
abc,35.55
abc,81.7575
abc,59.52
abc,27.15
abc,9.324
abc,7.056
abc,12.585
abc,25.23
abc,69.264
abc,16.11
abc,18.936
abc,52.89
abc,7.14
abc,30.66
abc,116.04
abc,23.85
abc,50.76
abc,27.96
abc,21.42
abc,15
abc,20.02
abc,22.68
abc,34.56
abc,38.7
abc,38.22
abc,12.096
abc,19.056
abc,93.18
abc,26.28
abc,71.361
abc,30.9
abc,52.56
abc,57.12
abc,17.01
abc,37.962
abc,147.51
abc,64.7649
abc,90.96
abc,25.002
abc,74.772
abc,44.55
abc,22.659
abc,33.696
abc,17.568
abc,49.98
abc,27.93
abc,37.464
abc,16.03
abc,9.82
abc,12.6
abc,26.176
abc,58.48
abc,33.36
abc,20.856
abc,13.97
abc,41.96
abc,28.08
abc,26.4
abc,22.644
abc,19.77
abc,23.4
abc,47.4
abc,16.05
abc,52.104
abc,12.42
abc,24.09
abc,32.04
abc,22.74
abc,13.65
abc,33.96
abc,16.05
abc,33.9
abc,9.888
abc,41.07
abc,20.13
abc,12.04
abc,34.704
abc,18.72
abc,57.72
abc,15.84
abc,15.072
abc,21.48
abc,35.44
abc,39.48
abc,37.68
abc,33.96
abc,47.52
abc,24.192
abc,41.796
abc,26.82
abc,17.1
abc,56.52
abc,114.39
abc,18.162
abc,19.98
abc,32.64
abc,53.493
abc,22.5
abc,61.704
abc,25.2
abc,33.9
abc,26.22
abc,18.56
abc,18.24
abc,52.064
abc,15.54
abc,35.984
abc,47.992
abc,12.96
abc,48
abc,33.93
abc,26.4
abc,29.04
abc,38.52
abc,49.5
abc,41.664
abc,50.82
abc,26.88
abc,20.88
abc,20.44
abc,11.12
abc,22.96
abc,95.76
abc,26.955
abc,38.4
abc,26.01
abc,30.3
abc,32.13
abc,11.34
abc,23.04
abc,27.24
abc,24.96
abc,54.27
abc,19.41
abc,54
abc,23.787
abc,43.83
abc,16.68
abc,22.86
abc,16.86
abc,17.88
abc,10.335
abc,30.24
abc,26.892
abc,6.9642
abc,37.208
abc,31.984
abc,10.99
abc,19.92
abc,145.764
abc,23.076
abc,11.76
abc,17.712
abc,15.92
abc,32.4
abc,50.32
abc,57.816
abc,29.49
abc,36.384
abc,19.296
abc,8.37
abc,45.048
abc,10.467
abc,21.68
abc,27.2
abc,28.62
abc,25.6
abc,50.22
abc,31.72
abc,9.84
abc,40.176
abc,19.02
abc,23.928
abc,28.2
abc,13.66
abc,42.6
abc,39.36
abc,22.86
abc,32.304
abc,96.12
abc,32.31
abc,37.026
abc,14.97
abc,31.5
abc,35.91
abc,14.04
abc,29.04
abc,28.08
abc,15.6
abc,27.18
abc,28.02
abc,23.6592
abc,70.38
abc,714.8004
abc,64.2
abc,27.18
abc,35.532
abc,14.016
abc,7.28
abc,16.032
abc,21.36
abc,74.76
abc,20.07
abc,28.14
abc,19.648
abc,30.8
abc,16.9
abc,23.36
abc,12.18
abc,45.36
abc,10.368
abc,11.12
abc,21.98
abc,40.26
abc,48.21
abc,7.605
abc,8.127
abc,32.736
abc,17.61
abc,9.216
abc,11.82
abc,27
abc,16.48
abc,18.44
abc,21.9
abc,24.024
abc,27.936
abc,8.328
abc,106.32
abc,53.9
abc,7.572
abc,50.34
abc,13.293
abc,36.72
abc,18.66
abc,43.551
abc,46.26
abc,29.8059
abc,52.2315
abc,30.402
abc,25.11
abc,14.418
abc,47.925
abc,13.104
abc,33.36
abc,26.37
abc,32.04
abc,32.7
abc,40.48
abc,43.176
abc,14.352
abc,40.784
abc,13.392
abc,18.24
abc,30.4
abc,10.68
abc,6.732
abc,19.35
abc,30.96
abc,22.632
abc,13.56
abc,26.82
abc,13.5
abc,43.752
abc,140.94
abc,23.79
abc,21.72
abc,28.86
abc,49.83
abc,61.62
abc,31.5
abc,14.82
abc,22.76
abc,17.76
abc,44.94
abc,19.2
abc,43.86
abc,40.632
abc,31.52
abc,15.76
abc,37.08
abc,25.38
abc,26.64
abc,17.1
abc,17.1
abc,23.2566
abc,23.832
abc,28.08
abc,61.02
abc,31.7046
abc,17.244
abc,26.76
abc,12.96
abc,30.016
abc,19.83
abc,35.48
abc,13.56
abc,19.44
abc,30.44
abc,25.05
abc,28.512
abc,14.283
abc,12.582
abc,18.87
abc,23.97
abc,20.07
abc,20.112
abc,45.4
abc,47.52
abc,22.056
abc,14.04
abc,32.52
abc,41.2
abc,39.48
abc,47.52
abc,14.91
abc,35.85
abc,33.24
abc,26.5848
abc,51.84
abc,13.428
abc,33.96
abc,31.1355
abc,35.9976
abc,80.676
abc,51.624
abc,12.672
abc,13.48
abc,19.92
abc,26
abc,9.36
abc,22.848
abc,33.4
abc,18.264
abc,36.738
abc,27.36
abc,56.7
abc,31.968
abc,30.45
abc,115.44
abc,11.172
abc,23.34
abc,51.6
abc,8.46
abc,14.832
abc,14.994
abc,52.8
abc,11.184
abc,51.6
abc,33.648
abc,32.82
abc,32.04
abc,20.58
abc,23.2
abc,62.028
abc,31.68
abc,12.92
abc,16.8
abc,37
abc,43.164
abc,34.4
abc,35.9
abc,53.64
abc,27.81
abc,13.8
abc,27.48
abc,43.2
abc,51.678
abc,53.64
abc,56.364
abc,230.364
abc,9.75
abc,33.3
abc,32.157
abc,27.7614
abc,32.754
abc,47.5251
abc,44.55
abc,35.442
abc,31.185
abc,47.28
abc,17.928
abc,30.564
abc,17.88
abc,18.28
abc,35.82
abc,17.96
abc,9.42
abc,36.99
abc,24.1
abc,37.59
abc,47.904
abc,13.56
abc,28.8
abc,18.75
abc,154.656
abc,13.584
abc,23.7
abc,113.04
abc,16.8
abc,27
abc,17.88
abc,17.88
abc,40.032
abc,30.024
abc,20.4
abc,15
abc,35.16
abc,39.144
abc,40.64
abc,22.6
abc,191.85552
abc,54.576
abc,168.512
abc,30.88
abc,34.02
abc,69.18
abc,9.216
abc,23.664
abc,50.412
abc,14.04
abc,16.74
abc,29.64
abc,11.1
abc,17.01
abc,13.98
abc,39.96
abc,22.38
abc,34.074
abc,43.146
abc,39.5412
abc,44.649
abc,53.568
abc,23.52
abc,14.75
abc,11.352
abc,15.872
abc,11.56
abc,14.98
abc,14.28
abc,66.112
abc,6
abc,23.99
abc,49.2
abc,20.49
abc,20.16
abc,57.168
abc,15.15
abc,12.108
abc,14.52
abc,23.82
abc,26.148
abc,29.04
abc,15.156
abc,44.112
abc,14.88
abc,56.12
abc,50.4
abc,32.2
abc,30.192
abc,32.52
abc,15.912
abc,22.016
abc,21.84
abc,18.54
abc,37.68
abc,40.5
abc,20.58
abc,45
abc,28.8585
abc,31.3866
abc,25.92
abc,39.495
abc,29.67
abc,38.28
abc,28.35
abc,17.456
abc,54.816
abc,35.28
abc,34.7
abc,19.04
abc,23.968
abc,24.032
abc,23.52
abc,54.9
abc,33
abc,8.973
abc,124.26
abc,28.98
abc,13.86
abc,30.9
abc,8.46
abc,29.64
abc,7.227
abc,53.7
abc,24.768
abc,35.3
abc,39.456
abc,21.06
abc,16.776
abc,48.32
abc,27.96
abc,22.2
abc,19.02
abc,33.648
abc,15
abc,23.84
abc,12.78
abc,17.52
abc,35.91
abc,30.51
abc,17.7921
abc,24.93
abc,84.7092
abc,41.148
abc,306.072
abc,45.15
abc,19.23
abc,20.72
abc,34.272
abc,15.712
abc,24.9
abc,19.44
abc,8.704
abc,20.94
abc,25.71
abc,22.68
abc,33.18
abc,41.364
abc,13.26
abc,16.11
abc,15.36
abc,40.98
abc,23.01
abc,17.88
abc,34.2
abc,54.96
abc,23.712
abc,14.868
abc,97.2
abc,24.93
abc,13.68
abc,22.74
abc,32.28
abc,15.912
abc,71.1
abc,19.152
abc,18.66
abc,18.84
abc,24
abc,21.96
abc,21.3
abc,10.05
abc,83.16
abc,50.04
abc,22.14
abc,13.32
abc,102.9
abc,23.544
abc,31.08
abc,51.52
abc,55.168
abc,25.92
abc,11.68
abc,14.7
abc,17.28
abc,18.84
abc,29.28
abc,17.52
abc,21.96
abc,29.67
abc,68.22
abc,34.92
abc,11.88
abc,36.72
abc,10.05
abc,56.46
abc,25.14
abc,10.32
abc,34.92
abc,17.361
abc,18.66
abc,11.08
abc,71.94
abc,25.8
abc,32.64
abc,93.84
abc,40.56
abc,74.48
abc,45.28
abc,31.2
abc,26.76
abc,38.08
abc,18.08
abc,26.76
abc,29.244
abc,34.02
abc,31.68
abc,49.95
abc,36.072
abc,29.25
abc,10.8
abc,15.228
abc,33.3
abc,18.444
abc,25.38
abc,39.852
abc,17.04
abc,17.0595
abc,21.744
abc,19.9
abc,13.28
abc,25.92
abc,43.6
abc,26.49
abc,24.588
abc,33.4
abc,40.74
abc,16.56
abc,23.64
abc,14.88
abc,14.52
abc,24.09
abc,18.72
abc,25.23
abc,18.564
abc,23.208
abc,22.2
abc,6.03
abc,20.49
abc,77.04
abc,44.58
abc,11.76
abc,6.75
abc,35
abc,26.88
abc,21.744
abc,172.212
abc,19.4
abc,54.28
abc,16.5
abc,37.32
abc,39.48
abc,19.08
abc,18.99
abc,35.55
abc,40.677
abc,42.21
abc,32.25
abc,26.19
abc,156.915
abc,23.571
abc,19.35
abc,12.96
abc,12.852
abc,12.096
abc,19.99
abc,38.272
abc,47.952
abc,27.12
abc,14.016
abc,40.68
abc,17
abc,32.67
abc,24.3
abc,19.44
abc,31.05
abc,25.44
abc,17.9
abc,40.2
abc,13.716
abc,193.8
abc,22.128
abc,19.776
abc,29.34
abc,15.66
abc,27.09
abc,17.82
abc,48.72
abc,10.53
abc,28.416
abc,9.27
abc,47.49
abc,20.58
abc,34.08
abc,25.24
abc,36.48
abc,17.96
abc,13.056
abc,29.76
abc,29.68
abc,19.08
abc,17.984
abc,29.808
abc,37.86
abc,28.56
abc,15.975
abc,24.48
abc,15.66
abc,51.5796
abc,16.4565
abc,26.37
abc,21.84
abc,25.6221
abc,6.48
abc,15.741
abc,31.0368
abc,43.0254
abc,26.7438
abc,12.96
abc,46.74
abc,21.072
abc,24.816
abc,33.93
abc,36.56
abc,17.96
abc,19.89
abc,29.79
abc,12.501
abc,13.56
abc,18.81
abc,9.216
abc,30.3
abc,25.98
abc,25.6
abc,34.176
abc,39.36
abc,129.276
abc,53.5
abc,23.52
abc,37.86
abc,30.072
abc,22.64
abc,29.88
abc,18.52
abc,24.9
abc,23.34
abc,71.2
abc,76.52
abc,14.32
abc,36.72
abc,23.4
abc,38.4
abc,16.155
abc,20.16
abc,80.85
abc,103.572
abc,40.38
abc,31.5
abc,28.809
abc,80.676
abc,22.761
abc,44.97
abc,52.47
abc,40.68
abc,14.04
abc,39
abc,45.45
abc,24.2316
abc,33.231
abc,31.984
abc,26.8
abc,11.34
abc,45.894
abc,27.888
abc,31.104
abc,11.808
abc,41.552
abc,35.4
abc,23.04
abc,15.072
abc,25.3
abc,32.54
abc,24.56
abc,6.816
abc,29.76
abc,50.7
abc,46.23
abc,34.317
abc,25.86
abc,14.103
abc,14.37
abc,23.148
abc,50.37
abc,30.816
abc,30.51
abc,17.52
abc,29.7
abc,17.484
abc,20.952
abc,21.5
abc,33.36
abc,19.58
abc,21.84
abc,46
abc,31.36
abc,13.44
abc,47.82
abc,16.71
abc,42.048
abc,9.78
abc,28.836
abc,38.7
abc,7.875
abc,18.54
abc,27.6
abc,24.66
abc,41.0697
abc,15.0096
abc,18.0456
abc,106.344
abc,18.45
abc,4.36
abc,18.06
abc,21.4
abc,33.282
abc,6.912
abc,27.72
abc,9.248
abc,33.876
abc,32.67
abc,32.22
abc,17.52
abc,20.52
abc,231.48
abc,38.448
abc,25.32
abc,14.7
abc,14.52
abc,28.32
abc,57.87
abc,58.4
abc,29.2
abc,40.14
abc,26.88
abc,30.72
abc,22.86
abc,28.96
abc,27.36
abc,30.464
abc,79.92
abc,26.04
abc,39.15
abc,25.89
abc,16.62
abc,27.99
abc,75.24
abc,31.95
abc,27.648
abc,30.3
abc,44.28
abc,16.62
abc,38.28
abc,32.6688
abc,26.3781
abc,33.4656
abc,28.053
abc,12.852
abc,10.287
abc,17.721
abc,20.412
abc,40.5
abc,29.799
abc,27.36
abc,16.5
abc,16.812
abc,35.44
abc,8.84
abc,29.472
abc,64.784
abc,36.288
abc,37
abc,95.84
abc,69.576
abc,49.12
abc,41.376
abc,5.7
abc,28.752
abc,44.688
abc,26.22
abc,16.98
abc,17.16
abc,134.61
abc,8.91
abc,16.86
abc,21.984
abc,17.01
abc,7.26
abc,19.29
abc,47.97
abc,23.64
abc,12.9
abc,14.04
abc,50.816
abc,45.2
abc,22.68
abc,38.88
abc,26.1
abc,48.63
abc,1639.089
abc,508.38
abc,43.65
abc,35.586
abc,47.34
abc,45.45
abc,18.522
abc,26.5815
abc,51.7704
abc,51.6
abc,27.96
abc,10.56
abc,36.882
abc,52.29
abc,9.568
abc,18.84
abc,1652.94
abc,11.56
abc,11.52
abc,10.08
abc,27.78
abc,10.95
abc,36.24
abc,29.7
abc,19.54
abc,11.808
abc,27.86
abc,37.74
abc,21.816
abc,15
abc,14.796
abc,31.932
abc,13.83
abc,29.37
abc,40.05
abc,15.12
abc,27
abc,64.44
abc,11.07
abc,35.12
abc,49.52
abc,33.48
abc,34.56
abc,18.72
abc,15.136
abc,19.38
abc,38.58
abc,37.584
abc,26.76
abc,24.72
abc,25.23
abc,17.1
abc,43.98
abc,21.09
abc,38.28
abc,35.73
abc,36
abc,133.2
abc,23.5305
abc,26.4258
abc,6.48
abc,28.479
abc,20.13
abc,21
abc,38.1717
abc,17.88
abc,27.99
abc,76.2
abc,25.176
abc,24.784
abc,16.52
abc,44.4
abc,45.36
abc,14.352
abc,12.224
abc,22.776
abc,18.94
abc,37.896
abc,11.952
abc,32.4
abc,16.119
abc,11.31
abc,50.76
abc,19.224
abc,49.62
abc,28.44
abc,14.55
abc,38.31
abc,27.24
abc,11.94
abc,15.06
abc,13.02
abc,17.04
abc,16.08
abc,21.3
abc,23.91
abc,20.712
abc,38.3
abc,21.008
abc,46.96
abc,25.776
abc,21.54
abc,16.864
abc,27.32
abc,26.88
abc,41.58
abc,37
abc,29.55
abc,90.12
abc,45.96
abc,28.56
abc,33.3
abc,22.38
abc,56.52
abc,30.54
abc,21.615
abc,27.36
abc,20.952
abc,14.427
abc,55.424
abc,7.518
abc,16.156
abc,11.088
abc,27.264
abc,36.784
abc,21.36
abc,79.98
abc,26.7
abc,17.04
abc,31.504
abc,27.69
abc,12.96
abc,11.37
abc,14.13
abc,33.18
abc,31.08
abc,29.01
abc,14.013
abc,21.978
abc,32.22
abc,53.76
abc,27.16
abc,17.8
abc,14.48
abc,33.3
abc,56.7
abc,27.504
abc,27.52
abc,17.028
abc,38.24
abc,8.7
abc,32.19
abc,53.4
abc,14.49
abc,57.6
abc,33.18
abc,18.912
abc,21.141
abc,13.674
abc,13.872
abc,36.375
abc,18.711
abc,24.7995
abc,31.212
abc,39.567
abc,25.776
abc,29.22
abc,11.648
abc,35.56
abc,29
abc,41.6
abc,14.088
abc,15.51
abc,14.94
abc,25.176
abc,45.48
abc,11.424
abc,13.848
abc,54.9
abc,23.76
abc,12.9
abc,45.09
abc,28.41
abc,12.78
abc,24.354
abc,30.276
abc,38.736
abc,8.46
abc,22.128
abc,30.276
abc,26.43
abc,31.2
abc,19.2
abc,47.1
abc,27.072
abc,20.28
abc,11.292
abc,31.88
abc,21.924
abc,18.08
abc,17.4
abc,23.52
abc,15.192
abc,17.2
abc,40.32
abc,18.765
abc,31.92
abc,30.132
abc,33.93
abc,24
abc,36.63
abc,16.8
abc,15.471
abc,46.59
abc,11.1552
abc,39.447
abc,37.011
abc,24.651
abc,28.431
abc,21.36
abc,33.48
abc,23.166
abc,15.24
abc,19.8
abc,11.52
abc,15.588
abc,17.12
abc,11.54
abc,15.92
abc,14.352
abc,26.976
abc,10.528
abc,30.69
abc,17.472
abc,12.624
abc,44.672
abc,34.24
abc,12.96
abc,12.3
abc,29.372
abc,27.144
abc,19.896
abc,26.46
abc,28.23
abc,13.32
abc,17.58
abc,15.84
abc,25.47
abc,92.64
abc,72.9
abc,26.448
abc,58.536
abc,13.32
abc,43.7
abc,77.5
abc,17.84
abc,22.4
abc,28.692
abc,26.32
abc,21.72
abc,29.28
abc,16.875
abc,24.72
abc,20.07
abc,28.89
abc,21.54
abc,48.39
abc,117.4716
abc,11.988
abc,13.32
abc,58.02
abc,11.46
abc,9.9057
abc,12.21
abc,28.476
abc,41.256
abc,9.184
abc,16.72
abc,16.56
abc,26.4
abc,11.52
abc,35.168
abc,22.29
abc,13.29
abc,51.84
abc,14.43
abc,14.832
abc,17.49
abc,10.548
abc,66.84
abc,62.244
abc,9.28
abc,31.92
abc,20.784
abc,39.16
abc,26.04
abc,22.82
abc,22.26
abc,28.53
abc,34.24
abc,16.368
abc,159.03
abc,42.84
abc,59.31
abc,21
abc,21.84
abc,44.82
abc,34.11
abc,136.59
abc,18.81
abc,47.52
abc,43.578
abc,31.92
abc,32.792
abc,14.85
abc,14.62
abc,15.712
abc,13.36
abc,56.52
abc,16.768
abc,24.88
abc,35.168
abc,21.36
abc,11.52
abc,19.98
abc,18.088
abc,50.34
abc,24.6
abc,10.08
abc,13.725
abc,13.95
abc,13.626
abc,11.07
abc,9.51
abc,34.92
abc,24.768
abc,37.62
abc,18.684
abc,15.24
abc,40.32
abc,39.1
abc,9.888
abc,35.46
abc,40.38
abc,16.02
abc,11.4
abc,23.976
abc,67.86
abc,13.32
abc,29.4
abc,14.1192
abc,59.94
abc,49.926
abc,30.1941
abc,28.32
abc,33
abc,32.4
abc,13.944
abc,28.91
abc,27.18
abc,45.4
abc,16.4
abc,19.608
abc,569.64
abc,17.9
abc,18.62
abc,14.432
abc,23.28
abc,15.252
abc,15.18
abc,30.69
abc,23.82
abc,16.53
abc,29.37
abc,29.01
abc,95.22
abc,12.285
abc,34.44
abc,7.416
abc,39.6
abc,17.136
abc,29.91
abc,24.72
abc,44.58
abc,47.22
abc,21.54
abc,65.1
abc,12.012
abc,15.08
abc,33.64
abc,19.23
abc,27.54
abc,44.4
abc,13.83
abc,14.04
abc,27.93
abc,17.967
abc,29.4
abc,20.34
abc,27.2685
abc,20.8662
abc,20.574
abc,32.1
abc,32.16
abc,17.028
abc,21.88
abc,13.96
abc,7.9
abc,17.94
abc,38.28
abc,16.272
abc,29.97
abc,25.92
abc,34.48
abc,17.22
abc,31.68
abc,30.56
abc,54.24
abc,51.36
abc,24.78
abc,10.248
abc,29.76
abc,30.69
abc,19.8
abc,20.49
abc,14.85
abc,48.9
abc,55.86
abc,40.2
abc,17.388
abc,52.92
abc,25.28
abc,62.496
abc,57.6
abc,25.191
abc,17.28
abc,22.92
abc,27.96
abc,43.173
abc,31.95
abc,44.76
abc,14.7
abc,28.95
abc,28.728
abc,23.706
abc,24.33
abc,21.681
abc,28.836
abc,9.84
abc,18.392
abc,18.97
abc,15.4
abc,22.58
abc,27.6
abc,17.584
abc,19.99
abc,27.42
abc,11.212
abc,27.36
abc,27.46
abc,69.18
abc,13.392
abc,48.42
abc,24
abc,29.952
abc,23.46
abc,16.68
abc,39.42
abc,25.8
abc,22.47
abc,14.04
abc,47.19
abc,22.428
abc,27.9
abc,14.43
abc,12.36
abc,29.92
abc,26.4
abc,33.516
abc,27.72
abc,28.86
abc,23.4
abc,56.16
abc,48.612
abc,10.584
abc,37.8
abc,40.032
abc,15.816
abc,12.21
abc,32.52
abc,46.44
abc,43.659
abc,30.288
abc,25.62
abc,46.62
abc,20.43
abc,45.684
abc,38.7
abc,13.38
abc,35.865
abc,25.08
abc,25.344
abc,24.96
abc,38.52
abc,17.31
abc,18.528
abc,31.16
abc,32.56
abc,18.96
abc,19.77
abc,19.38
abc,32.19
abc,21.864
abc,9.51
abc,29.91
abc,19.23
abc,143.34
abc,16.938
abc,19.464
abc,29.61
abc,24.48
abc,25.536
abc,12.68
abc,19.284
abc,10.336
abc,52.44
abc,18.48
abc,36
abc,38.16
abc,226.2
abc,21.6
abc,10.74
abc,37.746
abc,21.6
abc,28.1868
abc,175.176
abc,20.352
abc,33.42
abc,71.976
abc,17.48
abc,97.84
abc,28.16
abc,20.736
abc,24.4
abc,29.8
abc,20.136
abc,19.44
abc,26.16
abc,16.52
abc,27.45
abc,15.48
abc,37.92
abc,11.064
abc,27.87
abc,50.88
abc,29.1
abc,30.48
abc,10.95
abc,24.96
abc,124.41
abc,16.95
abc,15.232
abc,11.296
abc,41.6
abc,8.74
abc,39.32
abc,20.784
abc,11.92
abc,23.48
abc,18.624
abc,23.2
abc,14.84
abc,44.64
abc,22.62
abc,185.76
abc,22.128
abc,15.6
abc,23.28
abc,22.2
abc,30.051
abc,17.1
abc,25.92
abc,21.06
abc,29.91
abc,36.63
abc,42.03
abc,17.76
abc,10.41
abc,23.112
abc,51.246
abc,28.44
abc,30.024
abc,14.433
abc,39.8475
abc,39.88
abc,11.76
abc,33.92
abc,30.345
abc,27.52
abc,23.988
abc,24.32
abc,18.496
abc,18.54
abc,16.05
abc,12.9
abc,9.6
abc,15.57
abc,28.23
abc,21.84
abc,14.652
abc,14.94
abc,37.32
abc,35.8
abc,33.44
abc,20.58
abc,21.132
abc,20.088
abc,23.4
abc,31.64
abc,58.3
abc,30.3
abc,16.48
abc,5.124
abc,14
abc,37.86
abc,23.55
abc,23.385
abc,27.45
abc,16.08
abc,13.2
abc,33.21
abc,25.8
abc,41.49
abc,22.68
abc,21.942
abc,31.968
abc,22.72
abc,19.98
abc,10.65
abc,19.536
abc,6.48
abc,23.34
abc,33.568
abc,14.48
abc,24.9
abc,17.22
abc,39.72
abc,12.96
abc,25.92
abc,11.648
abc,26.88
abc,43.95
abc,14.88
abc,26.43
abc,30.024
abc,25.23
abc,12.36
abc,16.11
abc,16.992
abc,27.45
abc,32.88
abc,32.04
abc,19.272
abc,21.22
abc,27.696
abc,35.16
abc,37.08
abc,30.564
abc,16.62
abc,15.336
abc,36.78
abc,22.3245
abc,17.61
abc,25.8216
abc,22.0116
abc,42.525
abc,14.61
abc,65.628
abc,17.982
abc,51.45
abc,22.96
abc,12.864
abc,20.9
abc,13.05
abc,14.32
abc,12.96
abc,7.88
abc,14.94
abc,19.2
abc,13.11
abc,33.24
abc,13.26
abc,24.42
abc,13.86
abc,20.184
abc,18.98
abc,10.056
abc,82.272
abc,13.185
abc,29.04
abc,22.734
abc,41.4
abc,48.51
abc,14.64
abc,25.4916
abc,11.253
abc,63.9
abc,31.08
abc,56.1588
abc,21.54
abc,33.96
abc,59.808
abc,21.936
abc,36.288
abc,23.904
abc,20.704
abc,18.496
abc,22.83
abc,50.37
abc,10.548
abc,25.35
abc,27.387
abc,27.63
abc,10.89
abc,12
abc,26.64
abc,10.224
abc,31.716
abc,41.58
abc,66.92
abc,39.48
abc,15.912
abc,25.8
abc,20.9
abc,39.68
abc,20.432
abc,19.08
abc,26.58
abc,28.16
abc,36
abc,28.512
abc,17.712
abc,36.66
abc,22.53
abc,17.88
abc,48.66
abc,46.71
abc,17.58
abc,59.82
abc,40.14
abc,55.14
abc,36.0612
abc,55.5
abc,17.92
abc,9.26
abc,24.448
abc,17.34
abc,15.696
abc,29.52
abc,5.98
abc,16.448
abc,14.256
abc,15.936
abc,47.04
abc,26.4
abc,29.4
abc,24.588
abc,12.36
abc,12.36
abc,56.82
abc,16.332
abc,24
abc,12.78
abc,38.664
abc,51.78
abc,22.41
abc,39.984
abc,32.84
abc,4.56
abc,29.28
abc,32.448
abc,29.664
abc,17.58
abc,28.5
abc,77.1
abc,31.72
abc,15.408
abc,34.38
abc,32.58
abc,15.96
abc,20.52
abc,18.87
abc,29.22
abc,22.86
abc,16.68
abc,15.54
abc,35.97
abc,35.616
abc,24.354
abc,25.002
abc,20.58
abc,22.5
abc,25.6467
abc,20.16
abc,15.3882
abc,23.976
abc,26.676
abc,23.076
abc,58.98
abc,20.94
abc,30.48
abc,25.44
abc,27.384
abc,17.544
abc,12.828
abc,32.67
abc,17.94
abc,13.12
abc,35.96
abc,19.44
abc,26.22
abc,10.74
abc,130.44
abc,17.01
abc,18.336
abc,29.61
abc,10.44
abc,20.52
abc,9.984
abc,20.44
abc,18.22
abc,26.82
abc,15.06
abc,25.44
abc,18.06
abc,21.18
abc,14.31
abc,26.82
abc,40.74
abc,37.08
abc,63.18
abc,13.5
abc,11.82
abc,14.97
abc,55.242
abc,29.7
abc,23.5125
abc,48.48
abc,25.218
abc,88.56
abc,14.28
abc,19.8114
abc,21.99
abc,15.992
abc,8.64
abc,53.94
abc,35.016
abc,18.936
abc,10.608
abc,8.26
abc,14.94
abc,20.736
abc,30.56
abc,23.616
abc,10.92
abc,25.98
abc,12.6
abc,25.9
abc,17.9
abc,14.576
abc,41.04
abc,22.41
abc,6.444
abc,49.71
abc,36.51
abc,17.67
abc,19.8
abc,40.32
abc,19.176
abc,31.428
abc,29.79
abc,24.534
abc,19.78
abc,32.72
abc,33.336
abc,19.7
abc,26.88
abc,27.216
abc,32.68
abc,27.9
abc,10.32
abc,35.64
abc,33
abc,15.255
abc,37.08
abc,59.94
abc,27.96
abc,13.32
abc,10.74
abc,32.193
abc,12.852
abc,35.97
abc,35.559
abc,33.6
abc,30.51
abc,10.965
abc,146.9052
abc,43.5501
abc,16.794
abc,21.98
abc,8.64
abc,17.712
abc,33.87
abc,27.018
abc,12.96
abc,10.75
abc,48.664
abc,182.67
abc,16.99
abc,10.896
abc,20.736
abc,18.656
abc,19.44
abc,31.12
abc,15.15
abc,13.56
abc,7.26
abc,19.44
abc,11.16
abc,29.592
abc,14.856
abc,7.956
abc,12.9
abc,16.5
abc,26.43
abc,23.76
abc,26.496
abc,20.94
abc,15.192
abc,32.58
abc,25.5
abc,33.42
abc,21.864
abc,42
abc,127.52
abc,29.664
abc,9.74
abc,27.12
abc,29.32
abc,13.76
abc,55.272
abc,19.6
abc,32.96
abc,23.76
abc,28.998
abc,60.24
abc,19.26
abc,11.214
abc,52.2
abc,17.037
abc,14.4
abc,43.5024
abc,24.696
abc,24.381
abc,89.397
abc,11.3844
abc,12.18
abc,25.08
abc,14.724
abc,19.05
abc,12.39
abc,27.36
abc,9.912
abc,34.92
abc,16.256
abc,47.55
abc,14.88
abc,25.05
abc,18.984
abc,16.632
abc,542.34
abc,20.16
abc,7.83
abc,24.165
abc,29.01
abc,47.82
abc,40.872
abc,4.572
abc,23.724
abc,30.4
abc,24.64
abc,32.292
abc,18.92
abc,26.34
abc,11.7
abc,43
abc,13.184
abc,32.4
abc,25.8
abc,34.125
abc,61.32
abc,23.274
abc,19.8
abc,29.01
abc,26.64
abc,21.1401
abc,385.86
abc,25.704
abc,34.02
abc,51.711
abc,11.8524
abc,17.1
abc,6.318
abc,18.648
abc,28.9
abc,10.86
abc,15.24
abc,19.68
abc,20.32
abc,9.45
abc,19.44
abc,14.9
abc,51.984
abc,52.86
abc,19.89
abc,57.48
abc,19.74
abc,10.596
abc,45.72
abc,17.64
abc,24.975
abc,31.2
abc,29.04
abc,11.952
abc,30.68
abc,19.548
abc,55.8
abc,17.52
abc,17.64
abc,28.48
abc,9
abc,17.136
abc,12.096
abc,36.24
abc,33.12
abc,40.32
abc,28.56
abc,20.7
abc,26.67
abc,61.56
abc,14.685
abc,11.637
abc,26.433
abc,36.72
abc,33.39
abc,24.462
abc,11.6388
abc,15.822
abc,12.312
abc,22.14
abc,31.14
abc,26.064
abc,15.552
abc,17.46
abc,14.03
abc,16.28
abc,11.54
abc,12.224
abc,32.4
abc,25.06
abc,9.84
abc,19.4
abc,21.96
abc,36.784
abc,17.856
abc,15.84
abc,34.68
abc,21.3
abc,18.99
abc,19.2
abc,9.306
abc,57.06
abc,17.49
abc,14.22
abc,37.44
abc,7.62
abc,37.38
abc,61.86
abc,19.184
abc,15.24
abc,26
abc,30.48
abc,17.76
abc,27.82
abc,11.68
abc,22.26
abc,13.88
abc,24.552
abc,11.712
abc,10.08
abc,25.83
abc,26.64
abc,22.08
abc,45.96
abc,79.44
abc,28.86
abc,23.52
abc,14.55
abc,27.36
abc,11.7
abc,24.246
abc,9.936
abc,20.7168
abc,22.56
abc,12.72
abc,26.88
abc,89.6148
abc,24.12
abc,98.8185
abc,25.92
abc,21.4014
abc,27.24
abc,22.716
abc,37.476
abc,29.22
abc,27.24
abc,19.44
abc,5.28
abc,17.94
abc,53.7
abc,17.472
abc,19.168
abc,15.232
abc,32.4
abc,5.344
abc,45.568
abc,52.44
abc,18.84
abc,29.4
abc,19.566
abc,10.92
abc,22.41
abc,6.804
abc,15.9
abc,65.31
abc,22.14
abc,8.82
abc,23.832
abc,16.98
abc,26.28
abc,22.68
abc,6.966
abc,9.12
abc,30.9
abc,64.26
abc,24.08
abc,29.88
abc,31.68
abc,38.2
abc,22.2
abc,21.96
abc,18
abc,69.2
abc,37.056
abc,25.14
abc,19.35
abc,41.49
abc,76.224
abc,26.88
abc,29.808
abc,15.96
abc,36
abc,59.58
abc,33.21
abc,24.552
abc,18.28
abc,15.28
abc,24.56
abc,19.44
abc,62.94
abc,27.696
abc,5.344
abc,7.8
abc,32.232
abc,40.74
abc,32.4
abc,19.593
abc,25.254
abc,12.21
abc,17.4
abc,18.93
abc,15.12
abc,30.48
abc,49.71
abc,84.42
abc,23.148
abc,47.01
abc,42.06
abc,14.576
abc,45.528
abc,16.308
abc,33.64
abc,15.7
abc,45.912
abc,21.54
abc,66.528
abc,30.6
abc,29.4
abc,55.14
abc,19.8
abc,24.48
abc,73.26
abc,11.55
abc,28.875
abc,16.632
abc,27.27
abc,28.755
abc,25.2
abc,56.7
abc,13.32
abc,23.91
abc,99.66
abc,15.712
abc,23.168
abc,17.48
abc,31.155
abc,14.352
abc,47.616
abc,21.568
abc,35.98
abc,14.94
abc,76.64
abc,23.08
abc,18.69
abc,22.98
abc,7.04
abc,11.43
abc,97.74
abc,29.04
abc,19.608
abc,33.516
abc,20.448
abc,95.552
abc,15.912
abc,41.28
abc,27.18
abc,67.36
abc,22.23
abc,25.26
abc,15.75
abc,28.38
abc,28.4928
abc,27
abc,27.3735
abc,14.904
abc,112.671
abc,22.05
abc,11.9886
abc,48.78
abc,19.224
abc,6.72
abc,29.46
abc,35
abc,25.99
abc,12.96
abc,15.36
abc,25.56
abc,25.16
abc,19.648
abc,29.9
abc,657.504
abc,36.63
abc,19.52
abc,23.88
abc,29.925
abc,22.05
abc,23.2
abc,11.673
abc,45.21
abc,40.98
abc,93.24
abc,20.316
abc,18.54
abc,24.525
abc,17.7
abc,23.52
abc,8.937
abc,14.76
abc,19.5
abc,25.101
abc,16.836
abc,28.352
abc,21.528
abc,15.06
abc,35.52
abc,50.76
abc,12.636
abc,14.624
abc,20.54
abc,11.172
abc,26.37
abc,32.1
abc,14.28
abc,39.6
abc,14.787
abc,19.1754
abc,38.3985
abc,44.1228
abc,13.716
abc,32.88
abc,14.76
abc,22.86
abc,27.72
abc,21.99
abc,15.552
abc,15.48
abc,12.984
abc,15.552
abc,19.99
abc,19.04
abc,19.432
abc,24.9
abc,35.88
abc,11.56
abc,14.52
abc,22.728
abc,10.26
abc,44.43
abc,19.128
abc,21.555
abc,28.02
abc,53.802
abc,23.25
abc,25.344
abc,14.4
abc,98.46
abc,19.128
abc,15.96
abc,15.543
abc,43.884
abc,74.4
abc,42.12
abc,28.08
abc,15.66
abc,16.92
abc,22.056
abc,89.76
abc,21.54
abc,35.76
abc,16.512
abc,18.76
abc,21.48
abc,13.05
abc,32.025
abc,990.45
abc,46.32
abc,24.246
abc,42.6
abc,69.93
abc,30.96
abc,39.152
abc,21.4
abc,26.352
abc,17.904
abc,23.968
abc,12.96
abc,23.92
abc,20.97
abc,39.816
abc,19.536
abc,27.27
abc,8.64
abc,27.84
abc,14.7
abc,24
abc,44.752
abc,13.18
abc,11.32
abc,22.04
abc,46.4
abc,23.94
abc,46.02
abc,33.42
abc,20.24
abc,18.66
abc,16.71
abc,40.74
abc,53.64
abc,27.243
abc,30.024
abc,54.36
abc,37.38
abc,42.903
abc,27.813
abc,45.684
abc,31.482
abc,21.744
abc,32.76
abc,21.38
abc,20.928
abc,7.992
abc,8.82
abc,38.976
abc,61.06
abc,21.488
abc,23.472
abc,16.24
abc,11.88
abc,32.28
abc,57.39
abc,6.048
abc,47.49
abc,22.8
abc,17.49
abc,43.368
abc,46.41
abc,20.1
abc,18.639
abc,21.5
abc,18
abc,22.788
abc,35.22
abc,17.48
abc,16.128
abc,19.8
abc,20.376
abc,21.48
abc,22.716
abc,33.3
abc,113.04
abc,18
abc,91.98
abc,20.19
abc,21.15
abc,28.56
abc,77.67
abc,33.21
abc,22.86
abc,33.9
abc,13.38
abc,17.3886
abc,25.8
abc,15.42
abc,43.04
abc,35
abc,15.648
abc,15.552
abc,124.792
abc,16.91
abc,22
abc,23.88
abc,19.44
abc,9.588
abc,36
abc,5.472
abc,25.92
abc,40.24
abc,9.82
abc,21.696
abc,17.19
abc,14.28
abc,218.544
abc,15.48
abc,19.56
abc,8.703
abc,19.35
abc,13.5
abc,79.38
abc,65.31
abc,13.65
abc,11.34
abc,30.24
abc,17.4
abc,25.2
abc,19.548
abc,17.76
abc,22.704
abc,14.88
abc,12.3
abc,15.2
abc,12.32
abc,52.704
abc,50.4
abc,28.584
abc,18.52
abc,9.74
abc,27.36
abc,39.78
abc,16.86
abc,82.944
abc,33.6
abc,90.36
abc,51.051
abc,8.5407
abc,51.12
abc,25.26
abc,18.09
abc,21.6
abc,23.01
abc,69.712
abc,22.2
abc,10.86
abc,17.456
abc,43.92
abc,14.976
abc,20.096
abc,12.06
abc,22.75
abc,10.8
abc,21.36
abc,60.75
abc,10.74
abc,169.68
abc,12.624
abc,22.152
abc,41.52
abc,31.92
abc,25.05
abc,25.38
abc,20.1
abc,21.879
abc,29.49
abc,45.24
abc,38.664
abc,15.624
abc,24
abc,33.552
abc,12.78
abc,52.56
abc,20.78
abc,60.42
abc,47.94
abc,32.25
abc,41.49
abc,13.32
abc,41.04
abc,6.66
abc,48.66
abc,20.952
abc,26.04
abc,22.74
abc,31.425
abc,11.259
abc,21.06
abc,21.456
abc,28.4607
abc,13.44
abc,30.213
abc,31.518
abc,18.432
abc,38.04
abc,33.11
abc,722.352
abc,60.72
abc,20.544
abc,33.48
abc,12.42
abc,15.96
abc,20.608
abc,38.256
abc,119.1
abc,21.21
abc,38.88
abc,18.496
abc,18.336
abc,9.84
abc,43.02
abc,19.512
abc,14.94
abc,25.23
abc,45.18
abc,12.54
abc,16.98
abc,9.75
abc,16.32
abc,19.04
abc,32.664
abc,18.54
abc,72.32
abc,39.024
abc,21.96
abc,22.704
abc,22.23
abc,10.65
abc,15.405
abc,21.78
abc,30.06
abc,30.96
abc,42
abc,27.864
abc,25.92
abc,11.607
abc,22.68
abc,24.381
abc,18.144
abc,17.4582
abc,18.3168
abc,29.304
abc,45.576
abc,11.21
abc,8.448
abc,17.94
abc,15.552
abc,43.92
abc,22.92
abc,25.92
abc,15.552
abc,16.34
abc,5.872
abc,20.64
abc,50.136
abc,13.16
abc,26.94
abc,9.69
abc,21.864
abc,57.42
abc,21.456
abc,50.454
abc,18.39
abc,21.72
abc,10.32
abc,27.33
abc,19.452
abc,27.3
abc,26.43
abc,16.98
abc,24.09
abc,18.9
abc,38.76
abc,20.82
abc,18
abc,16.884
abc,9.32
abc,66.88
abc,20.34
abc,34.02
abc,45.666
abc,28.14
abc,29.7
abc,14.55
abc,24.69
abc,25.014
abc,27.825
abc,10.68
abc,22.3104
abc,17.6967
abc,21.573
abc,92.4
abc,39.8295
abc,30.6
abc,21.942
abc,44.865
abc,35.49
abc,28.84
abc,12.96
abc,80.88
abc,23.832
abc,10.56
abc,10.368
abc,18.264
abc,29.6
abc,19.584
abc,17.208
abc,16.02
abc,6.828
abc,15.75
abc,17.1
abc,14.391
abc,7.353
abc,19.008
abc,35.2
abc,31.76
abc,77.24
abc,11.44
abc,62.72
abc,39.6
abc,11.712
abc,15.324
abc,13.32
abc,42.15
abc,19.665
abc,42.66
abc,34.47
abc,20.58
abc,24.54
abc,17.46
abc,12.6882
abc,222.993
abc,39
abc,9.9
abc,9.96
abc,18.45
abc,8.56
abc,27.18
abc,14.224
abc,23.04
abc,11.736
abc,14.7
abc,26.88
abc,37.52
abc,36.24
abc,26.4
abc,24.381
abc,16.836
abc,25.74
abc,13.86
abc,25.173
abc,33.48
abc,16.32
abc,21.6
abc,11.184
abc,46.08
abc,15.948
abc,9.6
abc,29.376
abc,28.35
abc,22.05
abc,12.9
abc,15.57
abc,38.76
abc,22.14
abc,29.55
abc,15.048
abc,26.4
abc,38.1717
abc,27.27
abc,22.788
abc,11.8524
abc,10.56
abc,24
abc,23.56
abc,27.056
abc,7.104
abc,17.568
abc,14.98
abc,15.47
abc,12.96
abc,15.984
abc,23.68
abc,7.184
abc,11.68
abc,24.472
abc,15.92
abc,33.18
abc,14.19
abc,31.44
abc,23.16
abc,11.46
abc,16.68
abc,35.184
abc,26.52
abc,25.74
abc,8.55
abc,33.48
abc,16.032
abc,16.29
abc,23.46
abc,11.91
abc,39.906
abc,39.552
abc,57.096
abc,35.136
abc,38.808
abc,21.216
abc,19.32
abc,22.04
abc,33.6
abc,10.992
abc,17.52
abc,38.784
abc,17.48
abc,23.148
abc,13.656
abc,30.288
abc,27.76
abc,15.6
abc,32.22
abc,24.48
abc,285.66
abc,21.06
abc,26.1
abc,18.66
abc,52.1655
abc,14.5644
abc,20.16
abc,29.1555
abc,57.456
abc,13.86
abc,17.7126
abc,9.82
abc,7.04
abc,16.99
abc,10.56
abc,25.2
abc,25.488
abc,23.65
abc,39.88
abc,25.86
abc,20.916
abc,10.92
abc,30.744
abc,19.584
abc,16.8
abc,31.824
abc,35.37
abc,25.05
abc,14.94
abc,30.48
abc,18.66
abc,21.366
abc,32.22
abc,12.663
abc,12.44
abc,18.96
abc,26.1
abc,22.8
abc,38.74
abc,22.92
abc,18.84
abc,16.14
abc,26.88
abc,30.3
abc,13.11
abc,41.4
abc,56.46
abc,22.74
abc,31.23
abc,23.976
abc,21.735
abc,244.65
abc,25.542
abc,24.7008
abc,21.84
abc,31.995
abc,40.446
abc,65.7438
abc,30.132
abc,12.992
abc,6.3
abc,38.864
abc,16.74
abc,22.77
abc,15.528
abc,16
abc,26.72
abc,6.72
abc,18.69
abc,43.95
abc,14.61
abc,23.532
abc,18.36
abc,30.21
abc,26.43
abc,8.76
abc,55.74
abc,14.55
abc,13.896
abc,19.056
abc,29.1
abc,23.592
abc,27.72
abc,36.28
abc,27.66
abc,19.84
abc,18.784
abc,7.98
abc,35.712
abc,9.2
abc,25.14
abc,17.2
abc,27.36
abc,33.21
abc,16.74
abc,22.68
abc,14.64
abc,16.32
abc,11.13
abc,28.08
abc,66.852
abc,27.135
abc,56.52
abc,13.5468
abc,18.522
abc,26.946
abc,107.984
abc,47.984
abc,25.824
abc,16.752
abc,23.24
abc,32.544
abc,52.76
abc,30.08
abc,26.96
abc,14.61
abc,20.13
abc,33.03
abc,23.52
abc,167.76
abc,51.1
abc,20.18
abc,10.944
abc,21.312
abc,31.35
abc,11.4
abc,30.96
abc,39
abc,28.53
abc,22.14
abc,38.28
abc,40.95
abc,27
abc,162.1737
abc,12.609
abc,14.7234
abc,31.152
abc,31.14
abc,35.25
abc,12.402
abc,34.02
abc,40.32
abc,18.5553
abc,13.44
abc,64.8
abc,40.338
abc,8.56
abc,21.456
abc,19.096
abc,25.472
abc,20.86
abc,38.088
abc,49.65
abc,11.22
abc,35.712
abc,14.352
abc,18.24
abc,67.98
abc,19.242
abc,13.592
abc,26.2
abc,33.488
abc,12.28
abc,37.17
abc,9.96
abc,35.52
abc,20.148
abc,29.91
abc,22.08
abc,23.7
abc,22.14
abc,18.66
abc,75.24
abc,27
abc,15.858
abc,28.188
abc,17.07
abc,38.28
abc,17.52
abc,19.04
abc,22.716
abc,24.384
abc,10.02
abc,15.96
abc,17.46
abc,24.72
abc,15.48
abc,34.2
abc,42.48
abc,15.615
abc,59.22
abc,13.14
abc,39.87
abc,19.89
abc,23.01
abc,26.649
abc,15.984
abc,27.864
abc,13.184
abc,10.86
abc,12.84
abc,23.12
abc,7.184
abc,17.04
abc,19.68
abc,17.94
abc,23.136
abc,25.92
abc,17.3
abc,12.96
abc,66.96
abc,14.56
abc,37.827
abc,20.952
abc,29.28
abc,18.99
abc,12.24
abc,40.14
abc,29.55
abc,17.694
abc,16.74
abc,14.64
abc,17.97
abc,13.284
abc,38.96
abc,19.74
abc,40.8
abc,18.22
abc,18.32
abc,37.86
abc,16.92
abc,221.34
abc,14.01
abc,11.235
abc,19.332
abc,21.06
abc,12.96
abc,11.52
abc,15.54
abc,21.78
abc,11.4
abc,74.592
abc,15.06
abc,15.76
abc,15.66
abc,7.38
abc,18.9
abc,662.88
abc,8.904
abc,19.96
abc,20.96
abc,45.248
abc,29.46
abc,143.128
abc,4.36
abc,18.96
abc,19.56
abc,21.18
abc,5.364
abc,27.27
abc,18.84
abc,11.19
abc,42.273
abc,17.48
abc,28.96
abc,20.88
abc,22.788
abc,18.12
abc,50.28
abc,20.16
abc,14.688
abc,32.26
abc,27.648
abc,17.84
abc,25.24
abc,21.456
abc,18.24
abc,36.68
abc,35.584
abc,23.1
abc,21.75
abc,33.3
abc,13.32
abc,13.59
abc,31.32
abc,19.2
abc,50.13
abc,14.955
abc,15.75
abc,11.37
abc,24.48
abc,46.53
abc,19.3344
abc,77.04
abc,18.9
abc,32.28
abc,14.01
abc,24.5496
abc,29.99
abc,78.8528
abc,32.75
abc,19.44
abc,10.848
abc,39.072
abc,19.008
abc,16.78
abc,23.48
abc,27.93
abc,21.12
abc,34.37
abc,21.184
abc,13.216
abc,14.67
abc,18.96
abc,16.784
abc,24.51
abc,16.71
abc,13.98
abc,40.248
abc,31.17
abc,13.98
abc,14.19
abc,19.2
abc,22.26
abc,9.585
abc,28.41
abc,282.6
abc,27.33
abc,9.69
abc,23.79
abc,21.54
abc,21.42
abc,35.04
abc,20.484
abc,456.96
abc,22.5
abc,16.86
abc,18.28
abc,23.328
abc,23.184
abc,14.4
abc,18.45
abc,15.363
abc,30.618
abc,25.8
abc,17.01
abc,21.72
abc,23.2458
abc,7.4094
abc,7.5198
abc,23.3064
abc,22.4508
abc,96.84
abc,19.38
abc,26.5848
abc,27.36
abc,122.148
abc,25.488
abc,53.4
abc,21.39
abc,20.016
abc,14.352
abc,17.024
abc,43.872
abc,15.992
abc,16.2
abc,18.288
abc,21.792
abc,13.98
abc,17.94
abc,19.152
abc,20.808
abc,30.18
abc,32.448
abc,19.728
abc,14.94
abc,20.64
abc,16.65
abc,8.37
abc,27.288
abc,20.124
abc,19.5
abc,48.93
abc,18.702
abc,47.4
abc,17.52
abc,45.072
abc,22.38
abc,17.136
abc,36.336
abc,22.32
abc,16.68
abc,144.1778
abc,13.32
abc,28.62
abc,38.68
abc,39.16
abc,22.92
abc,19.3
abc,18
abc,13.32
abc,10.76
abc,25.36
abc,20.16
abc,24.408
abc,42.03
abc,52.86
abc,685.131
abc,29.0175
abc,20.142
abc,12.663
abc,7.695
abc,25.56
abc,13.47
abc,15.25
abc,15.552
abc,19.44
abc,7.92
abc,32.4
abc,23.832
abc,17.67
abc,9.48
abc,13.9
abc,34.248
abc,18.93
abc,18.636
abc,27.72
abc,14.1
abc,16.71
abc,11.94
abc,19.68
abc,15.507
abc,9.84
abc,19.896
abc,12.81
abc,8.31
abc,19.2
abc,20.34
abc,11.1
abc,11.37
abc,17.84
abc,17.76
abc,20.72
abc,14.04
abc,21.76
abc,11.12
abc,38.144
abc,65.52
abc,8.6
abc,13.992
abc,22.608
abc,13.608
abc,16.256
abc,21.76
abc,26.76
abc,14.016
abc,37.94
abc,39.552
abc,28.95
abc,31.92
abc,12.24
abc,40.95
abc,48.51
abc,17.28
abc,26.4
abc,26.64
abc,13.95
abc,58.17
abc,34.434
abc,7.6725
abc,17.442
abc,25.92
abc,19.936
abc,14.94
abc,19.44
abc,21.4
abc,22.72
abc,11.648
abc,19.86
abc,12.96
abc,48.032
abc,19.05
abc,19.44
abc,16.704
abc,8.26
abc,22.428
abc,11.85
abc,6.9
abc,15.57
abc,17.76
abc,21.48
abc,25.29
abc,14.274
abc,18.528
abc,15.84
abc,389.25
abc,10.74
abc,26.88
abc,35.28
abc,23.32
abc,18.08
abc,33.72
abc,21.9
abc,13.32
abc,8.7
abc,19.7
abc,53.056
abc,17.856
abc,23.64
abc,73.926
abc,32.346
abc,49.8
abc,23.64
abc,14.4
abc,14.91
abc,22.86
abc,25.353
abc,21.351
abc,15.72
abc,13.6422
abc,22.68
abc,64.08
abc,138.402
abc,21.204
abc,23.652
abc,25.824
abc,25.92
abc,8.36
abc,8.784
abc,14.16
abc,11.56
abc,9.568
abc,47.984
abc,12.544
abc,23.92
abc,17.94
abc,3.424
abc,18.688
abc,21.728
abc,19.548
abc,19.776
abc,13.932
abc,10.92
abc,26.082
abc,28.35
abc,7.536
abc,17.568
abc,13.68
abc,26.22
abc,12.9
abc,24.696
abc,212.139
abc,50.76
abc,18.54
abc,20.52
abc,60.54
abc,31.995
abc,35.2335
abc,6.54
abc,62.502
abc,30.8385
abc,23.652
abc,26.67
abc,33.39
abc,17.16
abc,17.46
abc,27.36
abc,22.2282
abc,46.8
abc,12.96
abc,25.344
abc,11.36
abc,11.16
abc,29.2
abc,12.264
abc,8.34
abc,8.448
abc,35.568
abc,23.46
abc,19.71
abc,9.84
abc,39.75
abc,18.39
abc,23.52
abc,44.43
abc,23.55
abc,18.576
abc,12.992
abc,8.96
abc,19.24
abc,20.016
abc,11.184
abc,15.9
abc,13.12
abc,30.96
abc,14.472
abc,16.48
abc,62.8
abc,91.44
abc,18.72
abc,17.16
abc,20.232
abc,20.07
abc,29.7
abc,25.35
abc,20.25
abc,21.78
abc,26.712
abc,13.8
abc,41.115
abc,25.35
abc,21.6399
abc,25.11
abc,19.3185
abc,20.6064
abc,51.8976
abc,16.65
abc,123.72
abc,63.45
abc,30.96
abc,28.728
abc,17.38
abc,16.4
abc,22.72
abc,10.368
abc,13.776
abc,32.4
abc,11.34
abc,17.48
abc,9.952
abc,23.18
abc,13.89
abc,26.25
abc,21.72
abc,26.64
abc,21.72
abc,23.46
abc,22.29
abc,13.41
abc,27.06
abc,11.205
abc,5.04
abc,28.188
abc,17.01
abc,20.31
abc,17.68
abc,28.98
abc,13.8
abc,24.44
abc,13.68
abc,19.488
abc,10.8
abc,59.6
abc,31.968
abc,17.4
abc,22
abc,23.712
abc,19.04
abc,35.04
abc,16.818
abc,7.98
abc,41.472
abc,40.2
abc,25.11
abc,48.78
abc,11.61
abc,26.04
abc,7.98
abc,16.968
abc,33.534
abc,43.38
abc,44.73
abc,31.872
abc,23.76
abc,22.38
abc,9.98
abc,19.008
abc,25.032
abc,61.792
abc,33.488
abc,22.72
abc,32.04
abc,24.224
abc,15.552
abc,18.688
abc,18.66
abc,14.19
abc,20.16
abc,22.23
abc,15.96
abc,11.025
abc,19.32
abc,26.64
abc,11.37
abc,18.12
abc,19.08
abc,26.48
abc,205.24
abc,8.512
abc,24.6
abc,21.18
abc,18.76
abc,16.104
abc,17.7
abc,33.64
abc,20.064
abc,51.28
abc,16.24
abc,39
abc,94.3
abc,18
abc,20.64
abc,33.9
abc,15.24
abc,14.4
abc,47.58
abc,52.98
abc,26.82
abc,18.87
abc,26.64
abc,34.2
abc,27.18
abc,23.31
abc,29.28
abc,40.338
abc,25.5474
abc,21.6
abc,20.574
abc,14.62
abc,14.94
abc,34.8
abc,17.46
abc,15.84
abc,25.92
abc,11.52
abc,22.32
abc,13.698
abc,25.56
abc,13.38
abc,19.896
abc,19.23
abc,10.32
abc,10.92
abc,19.14
abc,6.78
abc,14.922
abc,11.46
abc,14.49
abc,25.88
abc,22.428
abc,58.4
abc,13.32
abc,16.3
abc,11.82
abc,13.488
abc,28.2
abc,20.82
abc,23.4
abc,41.463
abc,27.81
abc,10.449
abc,31.32
abc,39.78
abc,12.3
abc,22.059
abc,22.68
abc,21.48
abc,14.2146
abc,45.684
abc,36.234
abc,13.8
abc,12.816
abc,22.5
abc,24.56
abc,8.56
abc,3.882
abc,11.52
abc,5.58
abc,8.64
abc,10.64
abc,37.408
abc,16.05
abc,21.93
abc,18.522
abc,11.07
abc,13.53
abc,10.26
abc,32.88
abc,32.01
abc,14.7
abc,38.64
abc,22.76
abc,14.36
abc,21.3
abc,42.3
abc,113.81136
abc,20.736
abc,23.6
abc,14.592
abc,16.8
abc,17.4
abc,18.18
abc,27.72
abc,14.43
abc,18.777
abc,27.825
abc,17.46
abc,23.775
abc,9.3375
abc,14.28
abc,19.92
abc,10.272
abc,18.92
abc,18.72
abc,6.912
abc,8.01
abc,35.88
abc,22.911
abc,36.624
abc,26.46
abc,20.736
abc,27.42
abc,31.086
abc,40.32
abc,18.96
abc,20.64
abc,15.66
abc,10.41
abc,40.26
abc,4.428
abc,13.509
abc,11.604
abc,11.604
abc,13.38
abc,12.21
abc,14.64
abc,13.86
abc,17.88
abc,20.712
abc,24.3
abc,21.144
abc,27.68
abc,13.56
abc,31.32
abc,20.76
abc,22.176
abc,14.7
abc,54.44
abc,29.52
abc,40.96
abc,29.232
abc,8.24
abc,20.64
abc,50.58
abc,37.44
abc,12.24
abc,20.376
abc,11.46
abc,9.135
abc,20.7
abc,26.82
abc,36.465
abc,9.78
abc,26.52
abc,18.93
abc,20.67
abc,18.27
abc,18.09
abc,22.3713
abc,18.69
abc,22.908
abc,21.42
abc,16.68
abc,17.712
abc,14.787
abc,70.44
abc,50.1
abc,36.936
abc,25.92
abc,10.962
abc,20.1
abc,81.088
abc,16.821
abc,19.92
abc,13.216
abc,14.352
abc,48.672
abc,29
abc,22.5
abc,45.36
abc,59.904
abc,20.24
abc,7.98
abc,20.22
abc,26.58
abc,29.28
abc,20.82
abc,17.88
abc,15.84
abc,10.77
abc,12.9
abc,25.8
abc,11.58
abc,5.76
abc,18.66
abc,15.12
abc,18.24
abc,9.32
abc,29.6
abc,21.14
abc,17.568
abc,26.016
abc,18.96
abc,15.312
abc,11.13
abc,21.6
abc,15.06
abc,30.54
abc,15.66
abc,57.6
abc,73.44
abc,7.05
abc,17.55
abc,21.2742
abc,16.2
abc,50.274
abc,8.7399
abc,45.45
abc,15.012
abc,260.3664
abc,21.96
abc,18.954
abc,23.0823
abc,15.984
abc,21.8
abc,15.552
abc,23.988
abc,25.164
abc,19.44
abc,28.44
abc,11.12
abc,11.76
abc,14.13
abc,21.9
abc,7.68
abc,17.88
abc,18.324
abc,12.264
abc,8.328
abc,8.76
abc,26.94
abc,49.77
abc,21.12
abc,23.97
abc,11.31
abc,11.46
abc,6.28
abc,20.64
abc,9.792
abc,19.92
abc,20.94
abc,12.888
abc,22.224
abc,10.416
abc,22.04
abc,10.72
abc,19.86
abc,18.36
abc,97.74
abc,31.17
abc,36
abc,10.746
abc,10.8
abc,27.3
abc,47.1357
abc,48.96
abc,27.783
abc,23.1702
abc,16.326
abc,22.74
abc,4.344
abc,11.36
abc,8.56
abc,10.024
abc,18.192
abc,18.288
abc,36.84
abc,31.56
abc,19.76
abc,12.176
abc,11.952
abc,10.584
abc,11.416
abc,11.424
abc,19.38
abc,13.53
abc,20.07
abc,14.49
abc,23.25
abc,16.98
abc,14.4
abc,15.777
abc,25.62
abc,13.2
abc,7.56
abc,112.52
abc,13.992
abc,11.424
abc,8.64
abc,17.52
abc,10.26
abc,9.36
abc,27.968
abc,15.48
abc,28.032
abc,41.475
abc,13.11
abc,31.428
abc,10.26
abc,17.82
abc,9.9
abc,24.12
abc,21.06
abc,15.48
abc,28.032
abc,42.03
abc,23.4684
abc,79.47
abc,19.44
abc,6.615
abc,12.6246
abc,26.34
abc,17.7
abc,12.636
abc,18.496
abc,14.45
abc,6.28
abc,25.3
abc,15.552
abc,39.08
abc,51.75
abc,17.05
abc,31.44
abc,23.12
abc,21.96
abc,23.32
abc,12.96
abc,27.9
abc,22.608
abc,10.896
abc,15.984
abc,22.24
abc,20.1
abc,9.408
abc,26.88
abc,15.138
abc,18.99
abc,12.24
abc,16.668
abc,35.76
abc,25.668
abc,18.6
abc,22.6
abc,131.52
abc,17.52
abc,35.84
abc,11.4
abc,19.76
abc,10.2
abc,18.576
abc,16.248
abc,17.832
abc,49.52
abc,13.905
abc,30.24
abc,11.88
abc,12.24
abc,13.14
abc,49.2
abc,17.73
abc,13.6422
abc,27.666
abc,32.4
abc,26.4
abc,30.564
abc,41.256
abc,10.23
abc,10.95
abc,19.65
abc,8.288
abc,31.05
abc,19.194
abc,10.272
abc,20.232
abc,11.96
abc,5.904
abc,13.584
abc,14.91
abc,32.13
abc,17.472
abc,23.94
abc,40.152
abc,22.26
abc,15.75
abc,16.29
abc,24.78
abc,15.144
abc,12.69
abc,6.3
abc,24.48
abc,10.17
abc,12.56
abc,23.2
abc,13.344
abc,16.92
abc,16.84
abc,16.8
abc,16.3
abc,18.54
abc,8.58
abc,18.16
abc,7.12
abc,11.3
abc,21
abc,20.004
abc,13.14
abc,22.86
abc,23.22
abc,34.65
abc,18.66
abc,38.88
abc,17.28
abc,8.8395
abc,125.6841
abc,36.576
abc,23.68
abc,22.2
abc,21.36
abc,12.98
abc,17.31
abc,26.55
abc,17.14
abc,27.312
abc,43.6
abc,10.368
abc,25.16
abc,13.36
abc,21.48
abc,10.68
abc,14.52
abc,36.51
abc,10.35
abc,12.078
abc,21.978
abc,15.9
abc,26.22
abc,30.42
abc,16.5
abc,29.01
abc,5.679
abc,10.584
abc,13.2
abc,11.52
abc,8.58
abc,16.128
abc,8.616
abc,15
abc,11
abc,19.02
abc,17.064
abc,25.2
abc,40.635
abc,14.43
abc,12.24
abc,14.97
abc,590.94
abc,62.34
abc,13.26
abc,9.675
abc,28.17
abc,17.4
abc,17.496
abc,9.6672
abc,21
abc,11.628
abc,15.12
abc,87.3372
abc,30.564
abc,21.6
abc,16.335
abc,21.816
abc,11.36
abc,12.192
abc,17.61
abc,15.552
abc,25.86
abc,19.824
abc,22.96
abc,14.76
abc,11.07
abc,11.43
abc,24.36
abc,11.376
abc,20.28
abc,66
abc,11.826
abc,11.43
abc,22.5
abc,16.47
abc,21.84
abc,17.61
abc,12.69
abc,20.16
abc,13.14
abc,11.46
abc,32.04
abc,33.72
abc,16.48
abc,14.6
abc,20.288
abc,15.24
abc,35.44
abc,15.28
abc,26.28
abc,17.73
abc,19.386
abc,27.975
abc,8.82
abc,13.38
abc,13.986
abc,78.12
abc,1585.71
abc,23.058
abc,26.955
abc,24.69
abc,83.913
abc,18.954
abc,15.92
abc,26.25
abc,15.936
abc,25.92
abc,24.85
abc,14.352
abc,15.168
abc,34.08
abc,16.56
abc,11.76
abc,22.368
abc,31.44
abc,23.92
abc,8.595
abc,15.12
abc,17.94
abc,19.136
abc,19.68
abc,16.68
abc,10.404
abc,22.29
abc,17.28
abc,22.53
abc,21.42
abc,19.971
abc,10.08
abc,30.3
abc,18.24
abc,7.488
abc,25.4
abc,35.088
abc,10.944
abc,67.34
abc,19.32
abc,23.088
abc,56.76
abc,17.52
abc,24.24
abc,22.68
abc,48.357
abc,18.36
abc,17.091
abc,25.56
abc,26.37
abc,100.65
abc,24.7506
abc,12.1476
abc,6.96
abc,17.1435
abc,76.41
abc,21.78
abc,21.648
abc,12.9903
abc,240
abc,20.52
abc,17.4
abc,17.739
abc,22.815
abc,12.78
abc,40.86
abc,15.552
abc,4.89
abc,13.128
abc,16.68
abc,148.48
abc,28.752
abc,13.71
abc,20.16
abc,101.988
abc,52.68
abc,13.96
abc,12.74
abc,10.368
abc,13.344
abc,7.36
abc,11.84
abc,16.56
abc,15.552
abc,20.7
abc,6.57
abc,29.9
abc,25.92
abc,14.82
abc,3.273
abc,24.56
abc,42.51
abc,24.84
abc,20.88
abc,15.96
abc,26.01
abc,22.08
abc,17.88
abc,17.64
abc,19.71
abc,12.348
abc,22.104
abc,4.815
abc,19.512
abc,21.09
abc,20.184
abc,15.9
abc,22.92
abc,18.16
abc,21.48
abc,13.76
abc,22.2
abc,22.76
abc,19.836
abc,22.788
abc,13.68
abc,23.4
abc,8.88
abc,22.464
abc,12.06
abc,22.2
abc,86.94
abc,23.88
abc,15.9
abc,22.7052
abc,11.607
abc,47.25
abc,28.4325
abc,13.4832
abc,49.932
abc,27.42
abc,14.094
abc,19.3
abc,45.48
abc,24.56
abc,39.76
abc,13.128
abc,15.552
abc,7.752
abc,16.656
abc,13.76
abc,22.45
abc,13.428
abc,12.78
abc,14.4
abc,14.301
abc,14.88
abc,13.48
abc,23.04
abc,18.144
abc,19.98
abc,7.92
abc,11.172
abc,24.03
abc,17.49
abc,26.628
abc,14.28
abc,11.34
abc,11.43
abc,21.48
abc,12.276
abc,13.584
abc,17.88
abc,12.54
abc,30.78
abc,21.144
abc,11.184
abc,24.72
abc,20.94
abc,13.644
abc,18.42
abc,8.952
abc,21.96
abc,20.1
abc,25.16
abc,27.18
abc,15.732
abc,20.64
abc,21.12
abc,15.96
abc,15.66
abc,11.1045
abc,15.423
abc,33.048
abc,18.54
abc,123.45
abc,20.58
abc,20.427
abc,23.745
abc,22.5
abc,25.407
abc,11.6325
abc,16.305
abc,26.4
abc,13.932
abc,20.04
abc,14.016
abc,22.92
abc,23.92
abc,14.94
abc,14.4
abc,11.96
abc,15.26
abc,16.032
abc,23.67
abc,12.07
abc,14.01
abc,27.504
abc,21.69
abc,28.56
abc,83.28
abc,15.102
abc,20.58
abc,11.28
abc,26.46
abc,14.4
abc,17.4
abc,24.48
abc,16.82
abc,9.6
abc,21.088
abc,13.88
abc,247.68
abc,23.25
abc,18.36
abc,79.92
abc,32.4
abc,12.87
abc,29.97
abc,187.83
abc,12.57
abc,49.302
abc,20.43
abc,13.26
abc,19.368
abc,20.16
abc,22.05
abc,27.168
abc,31.984
abc,9.728
abc,45.36
abc,21.376
abc,19.76
abc,27.184
abc,15.712
abc,19.824
abc,12.96
abc,15.552
abc,12.96
abc,21.3
abc,43.176
abc,4.86
abc,14.2
abc,22.14
abc,33.48
abc,17.19
abc,14.07
abc,8.127
abc,26.25
abc,19.764
abc,40.83
abc,8.73
abc,27.27
abc,13.05
abc,10.152
abc,23.4
abc,19.056
abc,13.968
abc,25.38
abc,16.65
abc,20.16
abc,25.16
abc,28.12
abc,27.36
abc,20.68
abc,16.32
abc,6.34
abc,16.74
abc,33.58
abc,17.48
abc,9.144
abc,13.76
abc,20.2
abc,12.012
abc,21.42
abc,18
abc,44.34
abc,16.56
abc,38.28
abc,34.02
abc,17.19
abc,88.101
abc,26.64
abc,43.02
abc,21.546
abc,30.024
abc,19.08
abc,21.648
abc,21.546
abc,7.36
abc,15.28
abc,6.48
abc,7.27
abc,29.79
abc,22.784
abc,4.672
abc,13.11
abc,45.04
abc,8.4
abc,5.76
abc,25.06
abc,16.72
abc,12.96
abc,23.04
abc,14.28
abc,28.8
abc,13.86
abc,18.69
abc,13.83
abc,11.67
abc,14.7
abc,16.5
abc,17.52
abc,52.038
abc,16.476
abc,17.1
abc,76.08
abc,20.112
abc,15.16
abc,22.08
abc,25.6
abc,31.6
abc,20.412
abc,13.545
abc,15.42
abc,8.0136
abc,32.13
abc,23.571
abc,31.536
abc,23.85
abc,12.06
abc,41.817
abc,56.5677
abc,16.1544
abc,35.28
abc,55.92
abc,23.22
abc,32.064
abc,5.98
abc,13.12
abc,21.88
abc,9.82
abc,15.968
abc,15.88
abc,3.444
abc,15.552
abc,18.864
abc,17.46
abc,14.56
abc,17.12
abc,23.128
abc,6.48
abc,16.5
abc,15.15
abc,13.5
abc,8.844
abc,20.358
abc,9.51
abc,15.51
abc,8.4
abc,8.91
abc,9.984
abc,13.26
abc,14.55
abc,14.22
abc,22.2
abc,18.996
abc,20.388
abc,15.516
abc,18.9
abc,18.24
abc,7.12
abc,28.458
abc,34.35
abc,44.73
abc,20.4
abc,21.06
abc,21.735
abc,20.64
abc,42.57
abc,22.8
abc,13.29
abc,23.61
abc,41.1345
abc,10.314
abc,19.4934
abc,20.5425
abc,33.876
abc,17.46
abc,15.424
abc,20.16
abc,12.624
abc,47.744
abc,12.222
abc,14.78
abc,17.22
abc,5.04
abc,12.99
abc,11.228
abc,19.296
abc,18.98
abc,8.928
abc,21.12
abc,19.44
abc,7.968
abc,12.96
abc,10.11
abc,4.464
abc,5.344
abc,12.96
abc,19.98
abc,17.52
abc,15.417
abc,20.52
abc,16.53
abc,23.7
abc,19.29
abc,16.86
abc,17.88
abc,16.53
abc,15.48
abc,4.149
abc,10.152
abc,19.08
abc,18.72
abc,13.68
abc,12.36
abc,10.95
abc,13.2
abc,12.36
abc,16.86
abc,22.68
abc,77.84
abc,13.272
abc,32.12
abc,21.3
abc,16.62
abc,19.176
abc,24.36
abc,30.88
abc,17.76
abc,21.9
abc,48
abc,22.92
abc,26.52
abc,24
abc,14.1
abc,10.8
abc,16.65
abc,27.24
abc,15.66
abc,30.375
abc,26.5185
abc,15.0147
abc,16.0605
abc,10.2795
abc,27.24
abc,14.418
abc,35.748
abc,8.448
abc,8.72
abc,17.616
abc,4.928
abc,11.364
abc,22.428
abc,12.16
abc,7.89
abc,29.56
abc,10.368
abc,60.84
abc,22
abc,13.59
abc,26.04
abc,17.34
abc,16.944
abc,6.45
abc,16.98
abc,53.28
abc,25.47
abc,7.8
abc,22.11
abc,17.46
abc,16.65
abc,26.4
abc,13.26
abc,14.97
abc,22.788
abc,28.89
abc,33.6
abc,33.88
abc,30.96
abc,13.56
abc,214.14
abc,4.272
abc,23.46
abc,13.32
abc,22.32
abc,15.552
abc,24.48
abc,52.44
abc,15.06
abc,79.11
abc,14.82
abc,17.415
abc,18
abc,27
abc,28.44
abc,17.4582
abc,21.72
abc,22
abc,15.552
abc,242.94
abc,8.72
abc,11.784
abc,15.984
abc,8.288
abc,10.53
abc,53.97
abc,43.05
abc,23.73
abc,8.127
abc,16.74
abc,13.545
abc,16.5
abc,20.136
abc,10.47
abc,22.86
abc,21.6
abc,14.55
abc,31.572
abc,34.65
abc,16.296
abc,28.38
abc,15.66
abc,17.32
abc,10.64
abc,13.16
abc,132.58
abc,21.06
abc,9.28
abc,27.072
abc,10.32
abc,55.2
abc,12.36
abc,91.584
abc,34.92
abc,21.42
abc,83.37
abc,19.14
abc,25.725
abc,15.714
abc,12.42
abc,38.88
abc,21.7035
abc,22.74
abc,15.75
abc,50.1
abc,8.752
abc,25.98
abc,32.192
abc,25.06
abc,48.632
abc,7.41
abc,20.34
abc,7.506
abc,16.176
abc,6.16
abc,6.264
abc,5.81
abc,25.92
abc,9.82
abc,31.104
abc,11.376
abc,11.82
abc,13.563
abc,17.46
abc,23.16
abc,6.996
abc,18.72
abc,26.136
abc,15.282
abc,15.552
abc,6.03
abc,12.81
abc,5.91
abc,34.92
abc,10.76
abc,28
abc,66.96
abc,17.64
abc,20.064
abc,11.84
abc,33.22
abc,18.564
abc,20.352
abc,13.068
abc,17.604
abc,18.44
abc,16
abc,16.62
abc,41.52
abc,29.52
abc,18.24
abc,16.08
abc,15.12
abc,13.44
abc,18.522
abc,13.68
abc,24.72
abc,20.58
abc,12.8733
abc,27.288
abc,22.0374
abc,10.449
abc,22.92
abc,10.206
abc,37.26
abc,23.5554
abc,46.41
abc,18.72
abc,76.797
abc,46.32
abc,27.18
abc,26.76
abc,21.168
abc,71.6
abc,12.828
abc,20.23
abc,32.952
abc,14.97
abc,24.56
abc,62.376
abc,44.384
abc,24.816
abc,14.76
abc,27.888
abc,17.64
abc,17.9
abc,32.4
abc,15.92
abc,32.48
abc,35.448
abc,27.396
abc,15.51
abc,5.312
abc,8.56
abc,12.9
abc,12.57
abc,13.185
abc,51.66
abc,18.564
abc,12.384
abc,14.28
abc,13.26
abc,20.49
abc,9.684
abc,10.836
abc,26.368
abc,9.408
abc,19.8
abc,27
abc,21.144
abc,25.6
abc,19.68
abc,21.76
abc,18.72
abc,31.52
abc,13.932
abc,45.36
abc,13.8
abc,33.57
abc,31.2
abc,19.77
abc,49.56
abc,18.54
abc,15.768
abc,43.515
abc,18.6507
abc,31.8
abc,33
abc,23.22
abc,11.5911
abc,30.3
abc,22.5225
abc,22.437
abc,40.97
abc,33.792
abc,18.7
abc,41.96
abc,15.576
abc,3.798
abc,7.83
abc,21.864
abc,32.985
abc,17.64
abc,13.11
abc,13.86
abc,29.04
abc,36.36
abc,25.02
abc,11.13
abc,29.322
abc,11.664
abc,13.38
abc,19.68
abc,7.929
abc,17.52
abc,19.86
abc,12.864
abc,16
abc,14.952
abc,14.952
abc,21.552
abc,20.4
abc,26.76
abc,6.336
abc,30.52
abc,20.58
abc,16.86
abc,48
abc,22.86
abc,8.37
abc,265.3785
abc,20.82
abc,16.875
abc,13.95
abc,47.64
abc,12.852
abc,11.808
abc,26.55
abc,15.282
abc,40.26
abc,22.5
abc,31.92
abc,23.16
abc,10.044
abc,3.96
abc,16.784
abc,23.912
abc,17.34
abc,8.26
abc,14.98
abc,21.4
abc,16.776
abc,15.176
abc,29.84
abc,10.9
abc,18.9
abc,16.784
abc,10.32
abc,57.68
abc,28.08
abc,4.768
abc,12.42
abc,21.96
abc,54.96
abc,29.04
abc,13.68
abc,25.44
abc,21.408
abc,16.02
abc,23.79
abc,23.244
abc,9.564
abc,31.4
abc,9.74
abc,41.2
abc,14.4
abc,16.08
abc,14.72
abc,15.76
abc,7.848
abc,54.18
abc,8.94
abc,78.84
abc,17.37
abc,20.64
abc,20.196
abc,23.6274
abc,138.753
abc,15.6933
abc,21.72
abc,15.92
abc,12.96
abc,12.96
abc,10.56
abc,6.96
abc,20.736
abc,9.82
abc,21.312
abc,17.76
abc,14.7
abc,10.776
abc,10.368
abc,14.94
abc,11.36
abc,13.36
abc,6.12
abc,14.304
abc,9.84
abc,101.4
abc,13.32
abc,23.232
abc,8.76
abc,13.95
abc,9.12
abc,29.01
abc,11.94
abc,16.65
abc,13.29
abc,6.984
abc,29.79
abc,12.36
abc,10.77
abc,31.68
abc,10.72
abc,19.84
abc,25.12
abc,12.696
abc,34.68
abc,39.5
abc,17.16
abc,18.04
abc,6.096
abc,21.552
abc,31.59
abc,21.105
abc,6.48
abc,21.285
abc,20.7
abc,15.96
abc,40.56
abc,33.372
abc,17.88
abc,16.1415
abc,11.28
abc,24.948
abc,30.48
abc,16.056
abc,13.23
abc,7.872
abc,22.96
abc,14.07
abc,41.54
abc,13.08
abc,63.2
abc,23.55
abc,28.752
abc,17.94
abc,14.368
abc,20.86
abc,10.76
abc,14.94
abc,19.8
abc,24.1
abc,15.552
abc,25.424
abc,33.36
abc,15.768
abc,9.84
abc,4.788
abc,25.35
abc,18.84
abc,24.192
abc,20.664
abc,21.078
abc,4.185
abc,10.68
abc,49.47
abc,30.21
abc,12.012
abc,35.136
abc,20.064
abc,25.8
abc,65.712
abc,23.616
abc,7.504
abc,14.76
abc,16.76
abc,15.74
abc,27.3
abc,16.785
abc,177.12
abc,11.82
abc,17.388
abc,14.6916
abc,19.332
abc,14.5008
abc,13.794
abc,10.9281
abc,18.513
abc,13.7376
abc,14.6916
abc,26.676
abc,13.872
abc,9.728
abc,21.56
abc,26.046
abc,10.272
abc,29.61
abc,10.65
abc,22.638
abc,19.05
abc,14.76
abc,27.46
abc,9.344
abc,13.488
abc,29.1
abc,13.968
abc,15.48
abc,20.208
abc,8.541
abc,9.45
abc,4.194
abc,17.946
abc,18.69
abc,23.97
abc,16.98
abc,18.33
abc,16.98
abc,17.82
abc,5.808
abc,17.622
abc,13.608
abc,14.64
abc,11.64
abc,30
abc,5.448
abc,44.82
abc,13.68
abc,14.04
abc,29.28
abc,15.24
abc,22.536
abc,15.768
abc,7.98
abc,16.24
abc,40.368
abc,29.22
abc,12.78
abc,34.02
abc,19.2
abc,26.88
abc,9.045
abc,43.578
abc,33.7875
abc,11.8773
abc,23.532
abc,15.255
abc,93.51
abc,20.142
abc,14.0934
abc,13.8444
abc,16.0605
abc,9.84
abc,19.44
abc,26.38
abc,21.336
abc,11.34
abc,32.4
abc,6.368
abc,8.75
abc,11.96
abc,11.05
abc,10.56
abc,44.96
abc,31.984
abc,17.94
abc,9.912
abc,11.232
abc,9.54
abc,7.88
abc,13.96
abc,14.62
abc,28.752
abc,14.28
abc,11.712
abc,10.92
abc,14.28
abc,6.072
abc,48.45
abc,27.33
abc,18.36
abc,14.55
abc,5.931
abc,18.06
abc,10.404
abc,6.636
abc,12.9
abc,24.09
abc,14.553
abc,15.72
abc,6.48
abc,25.62
abc,10.12
abc,25.056
abc,21.36
abc,17.964
abc,15.28
abc,18.48
abc,13.24
abc,21.16
abc,13.92
abc,25.86
abc,618.084
abc,13.83
abc,155.4
abc,8.64
abc,27
abc,15.24
abc,16.173
abc,34.92
abc,48.84
abc,14.628
abc,11.484
abc,18.444
abc,22.05
abc,18.504
abc,4.608
abc,34.02
abc,9.702
abc,15.696
abc,32.4
abc,11.68
abc,6.368
abc,15.84
abc,14.592
abc,13.984
abc,17.856
abc,10.48
abc,10.944
abc,10.332
abc,29.6
abc,4.53
abc,25.26
abc,13.74
abc,10.14
abc,26.37
abc,19.56
abc,12.06
abc,14.7
abc,16.092
abc,16.68
abc,18.66
abc,13.8
abc,10.224
abc,34.92
abc,15.3
abc,19.14
abc,29.196
abc,11.31
abc,48.66
abc,13.05
abc,5.148
abc,33.96
abc,6.336
abc,18.72
abc,14.24
abc,8.6
abc,9.88
abc,52.9
abc,17.61
abc,94.8
abc,24.84
abc,22.4
abc,41.6
abc,17.58
abc,9.54
abc,11.58
abc,11.25
abc,6.855
abc,84.18
abc,144.045
abc,275.3442
abc,17.46
abc,160.644
abc,20.628
abc,28.44
abc,10.86
abc,11.648
abc,6.48
abc,22.23
abc,16.52
abc,10.56
abc,27.396
abc,11.76
abc,24.448
abc,13.344
abc,21
abc,11.94
abc,18.54
abc,10.566
abc,13.47
abc,24.45
abc,10.05
abc,14.43
abc,7.26
abc,29.664
abc,7.35
abc,11.46
abc,14.37
abc,22.47
abc,12.876
abc,15.15
abc,16.44
abc,7.209
abc,6.69
abc,19.764
abc,21
abc,38.58
abc,21.9
abc,10.72
abc,21.36
abc,46.536
abc,47.3
abc,9.66
abc,20.68
abc,22.48
abc,12.66
abc,14.2
abc,18.36
abc,936.27
abc,13.2
abc,27.96
abc,83.07
abc,27.108
abc,13.527
abc,66.6
abc,11.61
abc,7.5684
abc,37.86
abc,6
abc,26.892
abc,29.6535
abc,44.352
abc,191.98
abc,21.72
abc,13.72
abc,38.088
abc,26.406
abc,6.912
abc,10.048
abc,10.368
abc,7.152
abc,18.18
abc,12.096
abc,13.26
abc,10.584
abc,15.39
abc,9.33
abc,21.465
abc,16.98
abc,8.25
abc,16.74
abc,14.19
abc,14.64
abc,27.78
abc,19.14
abc,12.528
abc,6.228
abc,13.2
abc,14.382
abc,12.36
abc,8.16
abc,20.316
abc,20.78
abc,19.344
abc,8.514
abc,13.584
abc,13.66
abc,19.32
abc,20.4
abc,13.56
abc,36.78
abc,14.4
abc,20.82
abc,8.86
abc,18.04
abc,28.35
abc,11.43
abc,45.15
abc,27.72
abc,44.01
abc,8.25
abc,17.52
abc,15.54
abc,24.72
abc,24.48
abc,13.959
abc,17.88
abc,15.2322
abc,21.96
abc,11.988
abc,8.34
abc,39.6
abc,14.8
abc,17.43
abc,7.968
abc,15.75
abc,14.56
abc,37.59
abc,9.21
abc,8.4
abc,6.98
abc,20.104
abc,35.445
abc,12.96
abc,5.728
abc,18.528
abc,12.96
abc,15.552
abc,55.616
abc,13.04
abc,45.21
abc,21.888
abc,6.858
abc,14.679
abc,10.05
abc,8.874
abc,19.56
abc,27.9
abc,13.86
abc,13.68
abc,16.02
abc,13.29
abc,24
abc,38.64
abc,17.184
abc,22.92
abc,19.56
abc,14.49
abc,26.88
abc,17.07
abc,16.5
abc,54.12
abc,27.648
abc,20.13
abc,12.66
abc,21.96
abc,17.73
abc,19.98
abc,15.378
abc,10.6848
abc,24.084
abc,18.0783
abc,18.0783
abc,33.231
abc,30.6711
abc,12.96
abc,34.287
abc,19.278
abc,14.04
abc,8.16
abc,19.56
abc,6.37
abc,14.976
abc,19.44
abc,9.888
abc,8.784
abc,13.12
abc,45.36
abc,77.24
abc,15
abc,11.68
abc,20.04
abc,10.332
abc,29.8
abc,16.56
abc,12.96
abc,9.648
abc,23.01
abc,42.192
abc,8.37
abc,7.812
abc,25.044
abc,110.7
abc,14.43
abc,19.764
abc,10.77
abc,10.98
abc,27.12
abc,12.8
abc,15.4
abc,26
abc,16.056
abc,8.208
abc,9.3
abc,19.68
abc,18.036
abc,11.32
abc,39.8
abc,17.37
abc,26.52
abc,16.875
abc,43.65
abc,40.26
abc,17.52
abc,11.31
abc,5.04
abc,11.13
abc,31.5
abc,11.4
abc,13.26
abc,20.8449
abc,16.74
abc,14.31
abc,9.9216
abc,18.468
abc,12.384
abc,12.3
abc,11.52
abc,17.856
abc,17.12
abc,10.584
abc,13.88
abc,46.35
abc,11.352
abc,10.368
abc,10.56
abc,13.98
abc,15.552
abc,9.42
abc,20.736
abc,12.42
abc,12.96
abc,7.38
abc,7.872
abc,8.04
abc,8.328
abc,11.646
abc,3.321
abc,9.6
abc,38.52
abc,6.687
abc,8.79
abc,28.35
abc,16.53
abc,18.528
abc,11.58
abc,11.1
abc,14.112
abc,19.94
abc,40.4
abc,16
abc,8.136
abc,19.04
abc,12.848
abc,22.4
abc,16.4
abc,12.06
abc,17.28
abc,54.9
abc,6.4
abc,10.944
abc,6.04
abc,23.148
abc,9.52
abc,14.76
abc,18.09
abc,10.74
abc,18.99
abc,20.9244
abc,14.01
abc,41.7216
abc,22.38
abc,16.155
abc,13.8807
abc,21.708
abc,24.966
abc,15.066
abc,24.96
abc,12.456
abc,19.98
abc,31.2
abc,9.392
abc,16.68
abc,39.96
abc,10.368
abc,18.704
abc,14.94
abc,11.06
abc,4.448
abc,23.976
abc,12.96
abc,6.54
abc,12.72
abc,15.56
abc,10.984
abc,13.95
abc,13.194
abc,5.772
abc,22.41
abc,20.58
abc,13.11
abc,12.24
abc,10.38
abc,12.51
abc,19.02
abc,10.26
abc,13.056
abc,8.88
abc,14.944
abc,9.52
abc,22.64
abc,11
abc,14.04
abc,28.12
abc,21.48
abc,18.792
abc,33.64
abc,12.18
abc,15.633
abc,14.76
abc,17.85
abc,21.96
abc,11.82
abc,6.39
abc,40.05
abc,64.44
abc,13.38
abc,23.64
abc,13.128
abc,8.73
abc,20.94
abc,20.88
abc,22.248
abc,13.712
abc,33.48
abc,8.544
abc,15.58
abc,13.872
abc,14.76
abc,7.536
abc,14.94
abc,17.496
abc,8.883
abc,10.95
abc,17.046
abc,155.358
abc,5.76
abc,12.663
abc,18.75
abc,14.688
abc,11.37
abc,10.215
abc,59.52
abc,25.416
abc,18.52
abc,17.28
abc,31.52
abc,19.236
abc,10.572
abc,7.6
abc,7.68
abc,14.64
abc,18.528
abc,40.98
abc,16.64
abc,33.78
abc,17.56
abc,26.82
abc,17.73
abc,11.1
abc,13.38
abc,23.34
abc,28.2366
abc,7.2
abc,30.348
abc,14.1192
abc,190.89
abc,18.5076
abc,33.15
abc,21.3696
abc,23.616
abc,13.96
abc,8.67
abc,10.464
abc,6.69
abc,141.4
abc,8.34
abc,7.056
abc,5.352
abc,23.976
abc,23.36
abc,11.232
abc,4.992
abc,8.56
abc,11.264
abc,28.91
abc,27.192
abc,11.68
abc,33.528
abc,19.2
abc,24.48
abc,12.456
abc,7.173
abc,14.976
abc,16.938
abc,12.771
abc,10.572
abc,8.928
abc,12.408
abc,13.38
abc,42.912
abc,13.44
abc,14.64
abc,19.98
abc,17.88
abc,15.21
abc,14.22
abc,7.62
abc,31.848
abc,18.8
abc,15.84
abc,11.184
abc,13.32
abc,7.992
abc,17.244
abc,26.912
abc,14.08
abc,16.218
abc,15.92
abc,14.6
abc,18.564
abc,3.496
abc,42.45
abc,27.96
abc,39.54
abc,11.61
abc,51.6
abc,10.707
abc,12.57
abc,22.6008
abc,22.32
abc,24.1
abc,6.48
abc,15.08
abc,6.924
abc,11.416
abc,5.76
abc,18.32
abc,19.568
abc,30.18
abc,7.23
abc,21.728
abc,10.368
abc,6.984
abc,99.98
abc,18.16
abc,14.22
abc,17.4
abc,16.668
abc,8.58
abc,10.95
abc,16.62
abc,10.26
abc,16.71
abc,26.052
abc,11.292
abc,10.65
abc,11.4
abc,15.624
abc,11.43
abc,14.52
abc,25.05
abc,13.29
abc,18.92
abc,7.92
abc,21.84
abc,17.62
abc,14.04
abc,9.78
abc,122.13
abc,13.992
abc,22.05
abc,9.6
abc,13.11
abc,11.55
abc,78.246
abc,20.07
abc,10.761
abc,19.764
abc,13.8012
abc,11.196
abc,8.73
abc,6.57
abc,14.9
abc,8.26
abc,32.4
abc,19.936
abc,12.832
abc,11.68
abc,18.69
abc,18.336
abc,7.38
abc,6.336
abc,13.76
abc,8.608
abc,14.03
abc,12.81
abc,13.14
abc,22.2
abc,22.2
abc,15.33
abc,13.68
abc,15.54
abc,18.9
abc,49.32
abc,14.088
abc,12.3
abc,15.48
abc,10.26
abc,12.93
abc,14.22
abc,19.584
abc,19.16
abc,18.2
abc,12.9
abc,17.2
abc,181.116
abc,17.28
abc,22.912
abc,27.72
abc,25.84
abc,10.044
abc,22.144
abc,9.144
abc,17.16
abc,18.76
abc,11.88
abc,188.76
abc,13.62
abc,37.875
abc,20.97
abc,19.5
abc,26.82
abc,22.47
abc,15.48
abc,24.2526
abc,22.3713
abc,18.7605
abc,31.482
abc,12.7836
abc,18.4617
abc,9.063
abc,17.28
abc,22.572
abc,30.51
abc,53.703
abc,9.708
abc,32.97
abc,26.4
abc,9.984
abc,14.4
abc,8.34
abc,7.31
abc,25.35
abc,13.98
abc,23.344
abc,19.44
abc,8.856
abc,10.68
abc,18.693
abc,11.73
abc,3.411
abc,31.17
abc,15.768
abc,12.3
abc,15.57
abc,16.02
abc,15.6
abc,19.2
abc,22.41
abc,16.71
abc,18.66
abc,13.38
abc,17.334
abc,6.192
abc,14.26
abc,124.56
abc,28.64
abc,8.96
abc,12.372
abc,14.64
abc,10.176
abc,12.18
abc,13.2
abc,26.88
abc,103.56
abc,23.7
abc,83.2158
abc,21.0705
abc,10.3455
abc,30.699
abc,13.59
abc,26.946
abc,7.2
abc,11.96
abc,15.072
abc,19.46
abc,17.88
abc,19.44
abc,12.96
abc,24.2
abc,18.088
abc,44.416
abc,8.94
abc,20.936
abc,13.632
abc,28.85
abc,14.952
abc,14.73
abc,10.688
abc,9.248
abc,20.736
abc,10.496
abc,21.312
abc,4.608
abc,12.12
abc,14.28
abc,21.48
abc,16.14
abc,17.55
abc,13.5
abc,12.81
abc,17.88
abc,22.29
abc,9.162
abc,95.22
abc,8.73
abc,13.53
abc,13.329
abc,21.99
abc,19.86
abc,12.44
abc,8.86
abc,5.328
abc,14.176
abc,11.4
abc,18.84
abc,13.456
abc,30.24
abc,18.56
abc,9.432
abc,5.94
abc,16.72
abc,23.296
abc,35.24
abc,24.3
abc,15.9
abc,21.54
abc,19.044
abc,10.86
abc,15.48
abc,23.355
abc,242.028
abc,24.93
abc,17.46
abc,26.712
abc,15.114
abc,114.81
abc,60.34
abc,10.56
abc,12.96
abc,11.56
abc,44.4
abc,9.648
abc,9.408
abc,16.096
abc,17.34
abc,9.328
abc,12.54
abc,7.83
abc,12.816
abc,9.248
abc,19.136
abc,27.96
abc,12.56
abc,8.469
abc,11.64
abc,20.736
abc,15.15
abc,9.87
abc,30.45
abc,16.53
abc,12.24
abc,3.6
abc,5.58
abc,17.55
abc,16.398
abc,18.936
abc,16.62
abc,10.74
abc,12.636
abc,27.32
abc,9.06
abc,15.072
abc,16.92
abc,5.64
abc,15.96
abc,14.7
abc,7.98
abc,19.68
abc,28.8
abc,17.145
abc,27.06
abc,17.73
abc,24.72
abc,42.12
abc,11.025
abc,12.636
abc,13.41
abc,17.946
abc,19.656
abc,31.212
abc,13.05
abc,20.46
abc,6.0261
abc,12.936
abc,33.1668
abc,19.456
abc,12.35
abc,5.248
abc,17.28
abc,14.76
abc,18.624
abc,6.63
abc,12.56
abc,13.392
abc,14.496
abc,14.85
abc,8.64
abc,36.36
abc,5.98
abc,67.36
abc,16.464
abc,11.952
abc,32.04
abc,16.668
abc,15.96
abc,16.152
abc,15.33
abc,10.92
abc,8.442
abc,23.25
abc,14.19
abc,114
abc,13.38
abc,11.88
abc,17.52
abc,14.82
abc,14.58
abc,9.996
abc,7.536
abc,12.32
abc,15.24
abc,11.92
abc,17.376
abc,15.88
abc,13.608
abc,8.84
abc,5.244
abc,15.48
abc,24.44
abc,160.92
abc,26.88
abc,31.56
abc,32.28
abc,13.68
abc,8.55
abc,10.38
abc,50.94
abc,34.11
abc,14.55
abc,45.96
abc,13.23
abc,22.0374
abc,14.19
abc,45.117
abc,21.2106
abc,29.16
abc,12.4974
abc,28.512
abc,6.45
abc,16.236
abc,221.55
abc,17.04
abc,14.7
abc,14.82
abc,18.75
abc,12.03
abc,12.94
abc,29.24
abc,20.568
abc,17.92
abc,14.6
abc,21.84
abc,12.96
abc,13.12
abc,7.98
abc,11.032
abc,7.632
abc,11.88
abc,14.04
abc,149.544
abc,8.91
abc,13.38
abc,12.36
abc,11.904
abc,9.27
abc,32.13
abc,34.2
abc,6.66
abc,12.36
abc,12.048
abc,13.83
abc,21.48
abc,8.49
abc,15.15
abc,15.84
abc,14.076
abc,16.65
abc,24.72
abc,12.732
abc,11.43
abc,41.76
abc,11
abc,14.256
abc,16.836
abc,12.36
abc,11.28
abc,22.76
abc,13.08
abc,11.472
abc,9.588
abc,11.12
abc,25.14
abc,24.72
abc,20.64
abc,56.943
abc,16.02
abc,42.795
abc,15.714
abc,6
abc,21.6
abc,29.28
abc,11.91
abc,28.998
abc,12.78
abc,12.672
abc,5.28
abc,15.28
abc,8.72
abc,12.48
abc,23.99
abc,19.104
abc,18.84
abc,22.336
abc,7.98
abc,5.68
abc,3.89
abc,10.5
abc,15.76
abc,8.505
abc,11.076
abc,19.08
abc,15.42
abc,9.24
abc,14.55
abc,13.992
abc,5.412
abc,22.68
abc,8.82
abc,23.7
abc,51.93
abc,10.752
abc,15.924
abc,19.56
abc,28.56
abc,28.72
abc,19.86
abc,15.036
abc,13.824
abc,13.248
abc,32
abc,43.68
abc,23.82
abc,39.2
abc,16.8
abc,43.632
abc,13.98
abc,15.9
abc,19.77
abc,17.955
abc,26.94
abc,33.21
abc,25.08
abc,14.88
abc,12.3
abc,11.97
abc,19.2
abc,10.5
abc,21.546
abc,15.444
abc,32.472
abc,7.712
abc,15.552
abc,15.42
abc,7.872
abc,17.12
abc,13.392
abc,13.392
abc,13.84
abc,15.57
abc,16.02
abc,4.984
abc,5.193
abc,11.664
abc,15.48
abc,34.24
abc,44.82
abc,14.706
abc,14.52
abc,6.192
abc,4.77
abc,14.88
abc,13.644
abc,23.88
abc,22.32
abc,18.24
abc,15.84
abc,8.208
abc,7.929
abc,8.904
abc,11.58
abc,38.4
abc,6.04
abc,15.28
abc,51.52
abc,28.04
abc,13.61
abc,6.4
abc,21.9
abc,19.3
abc,8.64
abc,22.38
abc,14.07
abc,29.988
abc,21.825
abc,20.16
abc,13.44
abc,17.0316
abc,29.79
abc,32.58
abc,21.54
abc,21.7035
abc,37.08
abc,24.9
abc,14.76
abc,17.856
abc,10.776
abc,15.24
abc,8.52
abc,15.984
abc,7.857
abc,10.71
abc,5.56
abc,16.146
abc,18.28
abc,7.96
abc,10.368
abc,15.56
abc,8.226
abc,25.92
abc,11.34
abc,5.022
abc,13.518
abc,9
abc,12.9
abc,3.654
abc,13.68
abc,29.85
abc,9.666
abc,16.98
abc,49.77
abc,9.76
abc,26.016
abc,13.14
abc,17.12
abc,9.648
abc,12.096
abc,13.18
abc,11.22
abc,25.06
abc,23.724
abc,20.16
abc,22.92
abc,8.01
abc,13.38
abc,19.77
abc,17.28
abc,33.21
abc,324.06
abc,22.68
abc,14.355
abc,197.64
abc,130.62
abc,36.45
abc,25.6149
abc,36.66
abc,13.392
abc,14.112
abc,10.116
abc,13.896
abc,17.04
abc,13.36
abc,14.62
abc,29.16
abc,9.4
abc,12.84
abc,23.1
abc,11.96
abc,14.56
abc,13.494
abc,14.4
abc,11.84
abc,6.848
abc,10.86
abc,24.56
abc,32.896
abc,7.38
abc,18.24
abc,12.852
abc,18.93
abc,13.56
abc,8.748
abc,8.76
abc,19.35
abc,20.82
abc,19.2
abc,24.576
abc,22.56
abc,6.72
abc,11.37
abc,10.26
abc,48.48
abc,17.52
abc,14.19
abc,15.84
abc,10.68
abc,44.82
abc,17.7
abc,13.04
abc,62.46
abc,18.66
abc,16.24
abc,9
abc,9.456
abc,14.56
abc,13.2
abc,10.728
abc,12.9
abc,21.6
abc,11.67
abc,23.88
abc,9.54
abc,13.98
abc,6.81
abc,14.94
abc,13.23
abc,8.04
abc,11.8026
abc,12.69
abc,11.6034
abc,10.5078
abc,6.264
abc,12.176
abc,16.768
abc,11.784
abc,9.99
abc,10.96
abc,15.02
abc,24.672
abc,7.068
abc,39.594
abc,7.98
abc,4.276
abc,12.76
abc,14.94
abc,25.23
abc,9.888
abc,13.44
abc,8.91
abc,3.87
abc,7.95
abc,19.932
abc,14.28
abc,22.2
abc,19.5
abc,5.316
abc,11.37
abc,18.84
abc,13.65
abc,13.2
abc,12.57
abc,15.75
abc,4.632
abc,32.04
abc,6.18
abc,19.6
abc,13.608
abc,13.296
abc,22.4
abc,14.4
abc,11.64
abc,14.32
abc,31.168
abc,20.97
abc,20.004
abc,24.09
abc,71.04
abc,35.1
abc,14.07
abc,40.068
abc,9.165
abc,9.774
abc,12.69
abc,21.4968
abc,4.41
abc,13.284
abc,14.952
abc,23.68
abc,11.232
abc,5.248
abc,20.736
abc,14.376
abc,12.84
abc,2.214
abc,7.968
abc,20.736
abc,20.44
abc,15.24
abc,14.99
abc,24.816
abc,33.02
abc,6.258
abc,12.96
abc,43.128
abc,15.624
abc,10.08
abc,14.661
abc,8.73
abc,58.8
abc,13.32
abc,21.6
abc,14.49
abc,21.54
abc,7.02
abc,12.9
abc,61.254
abc,15.12
abc,9.135
abc,14.157
abc,14.7
abc,14.4
abc,13.5
abc,13.83
abc,22.74
abc,21.12
abc,8.928
abc,32.19
abc,11.712
abc,3.84
abc,9.68
abc,12.348
abc,19.6
abc,12.24
abc,32.736
abc,17.92
abc,17.52
abc,11.824
abc,29.6
abc,10.548
abc,7.36
abc,10.8
abc,9.33
abc,70.434
abc,17.82
abc,23.64
abc,12.375
abc,11.43
abc,37.08
abc,17.2755
abc,16.02
abc,24.462
abc,21.69
abc,19.77
abc,22.29
abc,18.306
abc,14.4
abc,7.26
abc,11.907
abc,8.3316
abc,14.94
abc,13.356
abc,45.225
abc,18.414
abc,13.83
abc,9.381
abc,6.3
abc,16.52
abc,13.05
abc,19.04
abc,9.84
abc,12.96
abc,26.86
abc,9.552
abc,14.9
abc,14.62
abc,7.38
abc,5.76
abc,11.264
abc,12.624
abc,6.672
abc,4.36
abc,16.116
abc,15.57
abc,16.71
abc,12.54
abc,11.172
abc,10.26
abc,29.22
abc,21.012
abc,22.17
abc,12.192
abc,12
abc,19.2
abc,13.824
abc,13.32
abc,21.9
abc,8.928
abc,11.544
abc,17.48
abc,19.24
abc,14.56
abc,28.72
abc,20.16
abc,17.632
abc,22.2
abc,34.428
abc,17.892
abc,14.7
abc,17.2
abc,17.2
abc,16.86
abc,11.32
abc,13.68
abc,17.82
abc,8.85
abc,146.79
abc,40.2
abc,7.62
abc,16.74
abc,14.55
abc,18.66
abc,16.8
abc,146.88
abc,42.1308
abc,14.61
abc,162.69
abc,6.318
abc,21.8784
abc,18.432
abc,32.94
abc,25.11
abc,15.552
abc,6.992
abc,14.136
abc,7.434
abc,3.366
abc,11.62
abc,18.432
abc,4.08
abc,11.64
abc,24.64
abc,12.96
abc,14.88
abc,16.032
abc,30.96
abc,10.896
abc,10.368
abc,5.344
abc,13.4
abc,16.11
abc,39.54
abc,10.53
abc,23.1
abc,5.34
abc,14.55
abc,198.09
abc,7.908
abc,4.41
abc,12.57
abc,3.258
abc,5.91
abc,12.96
abc,24.78
abc,5.076
abc,7.335
abc,8.688
abc,13.44
abc,20.184
abc,16.84
abc,7.38
abc,17.76
abc,18.92
abc,20.064
abc,27.36
abc,8.904
abc,12.64
abc,27.78
abc,18.68
abc,10.95
abc,58.212
abc,16.02
abc,22.11
abc,18.93
abc,10.08
abc,14.094
abc,33.924
abc,27.918
abc,12.72
abc,73.02
abc,27.24
abc,16.29
abc,16.9335
abc,30.078
abc,13.5468
abc,33.36
abc,11.648
abc,11.952
abc,27.58
abc,3.744
abc,11.56
abc,9.98
abc,32.7
abc,10.98
abc,12.736
abc,15.696
abc,13.98
abc,5.94
abc,11.25
abc,5.352
abc,15.57
abc,11.196
abc,15.57
abc,21.933
abc,46.92
abc,13.29
abc,4.8
abc,166.89
abc,9.84
abc,14.04
abc,38.55
abc,18.288
abc,30.06
abc,8.7
abc,5.91
abc,8.79
abc,8.85
abc,10.968
abc,12.16
abc,21.024
abc,33.6
abc,16.48
abc,107.1
abc,12.888
abc,19.032
abc,16.776
abc,9.3
abc,21.816
abc,13.44
abc,14.688
abc,20.97
abc,9.6
abc,11.43
abc,11.85
abc,11.82
abc,14.2146
abc,18.126
abc,10.2588
abc,11.52
abc,16.686
abc,14.4171
abc,78.264
abc,2.61
abc,51.072
abc,7.184
abc,23.88
abc,13.12
abc,14.67
abc,20.104
abc,12.96
abc,12.6
abc,5.952
abc,10.272
abc,11.16
abc,5.04
abc,9.762
abc,8.128
abc,11.52
abc,19.36
abc,11.36
abc,33.57
abc,21.2
abc,8.682
abc,6.129
abc,13.005
abc,17.52
abc,7.38
abc,24.588
abc,17.94
abc,40.67
abc,15.156
abc,13.2
abc,9
abc,10.95
abc,14.52
abc,20.304
abc,20.544
abc,117.18
abc,10.92
abc,11.58
abc,7.065
abc,15.36
abc,13.02
abc,9.405
abc,5.592
abc,16.384
abc,25.088
abc,9.744
abc,24
abc,13.44
abc,27.6
abc,172.832
abc,12.8
abc,56.832
abc,27.32
abc,18.24
abc,12.816
abc,14.2
abc,54.18
abc,10.416
abc,11
abc,19.02
abc,7.6
abc,63.76
abc,9.78
abc,47.352
abc,40.26
abc,11.82
abc,14.97
abc,14.52
abc,79.29
abc,14.58
abc,12.852
abc,11.6781
abc,22.626
abc,36.729
abc,11.46
abc,32.96
abc,4.752
abc,14.04
abc,17.544
abc,19.36
abc,12.957
abc,7.16
abc,6.848
abc,13.48
abc,3.912
abc,23.2
abc,11.952
abc,12.84
abc,17.15
abc,11.696
abc,17.61
abc,15.7
abc,11.21
abc,8.856
abc,12.9
abc,16.05
abc,13.056
abc,13.68
abc,16.65
abc,6
abc,11.1
abc,6.72
abc,22.86
abc,18.84
abc,17.496
abc,15.912
abc,9.135
abc,13.2
abc,8.34
abc,26.28
abc,45.69
abc,17.13
abc,11.84
abc,7.38
abc,33.12
abc,7.9
abc,25.42
abc,6.84
abc,7.62
abc,26.505
abc,21.12
abc,13.14
abc,6.9642
abc,7.3953
abc,18.81
abc,12.615
abc,11.58
abc,13.788
abc,15.936
abc,7.96
abc,7.86
abc,11.96
abc,9.555
abc,22.14
abc,20.368
abc,20.768
abc,8.896
abc,57.568
abc,21.4
abc,7.78
abc,11.952
abc,27.12
abc,4.842
abc,14.76
abc,63.312
abc,11.568
abc,11.56
abc,249.584
abc,20.12
abc,19.728
abc,7.656
abc,11.94
abc,5.7
abc,11.862
abc,9.912
abc,15.33
abc,79.704
abc,17.04
abc,19.572
abc,21.492
abc,556.92
abc,23.16
abc,14.816
abc,7.02
abc,15.64
abc,37.64
abc,12.44
abc,17.22
abc,8.472
abc,13.072
abc,11.25
abc,20.97
abc,16.71
abc,133.56
abc,10.08
abc,24.48
abc,7.26
abc,21.5922
abc,33.12
abc,24.192
abc,23.43
abc,39.204
abc,23.85
abc,9.27
abc,10.74
abc,10.08
abc,13.896
abc,32.382
abc,4.752
abc,10.78
abc,8.32
abc,13.776
abc,11.68
abc,10.368
abc,13.12
abc,5.56
abc,12.42
abc,7.072
abc,6.912
abc,8.28
abc,11.28
abc,16.284
abc,14.208
abc,28.062
abc,29.49
abc,11.55
abc,5.91
abc,39.48
abc,21.78
abc,22.455
abc,25.38
abc,10.95
abc,15.24
abc,15.6
abc,61.8
abc,35.84
abc,12.8
abc,12.48
abc,44.8
abc,7.7
abc,8.56
abc,9.06
abc,15.615
abc,8.34
abc,10.08
abc,17.01
abc,11.46
abc,17.01
abc,21.84
abc,14.784
abc,11.8524
abc,12.474
abc,410.22
abc,11.85
abc,11.1936
abc,14.256
abc,4.72
abc,28.4
abc,20.7
abc,8.82
abc,19.68
abc,12.96
abc,7.23
abc,11.784
abc,12.992
abc,11.76
abc,10.896
abc,10.368
abc,11.784
abc,13.48
abc,8.32
abc,4.608
abc,12.96
abc,13.748
abc,5.552
abc,4.712
abc,13.184
abc,32.088
abc,10.77
abc,15.18
abc,11.52
abc,8.28
abc,14.022
abc,9.564
abc,20.208
abc,13.5
abc,14.7
abc,14.04
abc,6.03
abc,11.82
abc,8.55
abc,11.232
abc,25.308
abc,16.092
abc,23.48
abc,5.72
abc,10.92
abc,13.68
abc,13.26
abc,12
abc,17.28
abc,21.84
abc,16.1
abc,7.38
abc,12.312
abc,30.3
abc,19.665
abc,56.61
abc,29.76
abc,15.48
abc,9.6
abc,9.234
abc,10.53
abc,14.13
abc,29.22
abc,9.12
abc,17.76
abc,39.33
abc,8.43
abc,72.954
abc,11.934
abc,10.752
abc,13.904
abc,15.008
abc,13.52
abc,7.52
abc,20.34
abc,28
abc,10.368
abc,16.98
abc,14.576
abc,14.73
abc,12.99
abc,12.39
abc,4.158
abc,17.28
abc,9.728
abc,6.48
abc,12.24
abc,21.48
abc,14.19
abc,26.46
abc,10.86
abc,3.888
abc,49.32
abc,6.03
abc,5.688
abc,3.012
abc,4.5
abc,7.353
abc,8.328
abc,9.51
abc,8.58
abc,27.93
abc,15.51
abc,9.912
abc,12.24
abc,20.08
abc,33.44
abc,21.204
abc,14.144
abc,14
abc,21.336
abc,19.2
abc,11.44
abc,6.4
abc,33.92
abc,8.64
abc,10.71
abc,13.32
abc,5.745
abc,27
abc,18.522
abc,11.61
abc,9.4128
abc,246.9
abc,12.225
abc,29.37
abc,12.9
abc,10.95
abc,9.84
abc,15.714
abc,10.824
abc,8.352
abc,7.3
abc,12.84
abc,3.168
abc,7.31
abc,9.216
abc,10.38
abc,9.81
abc,13.28
abc,20.04
abc,16.74
abc,13.904
abc,13.38
abc,15.12
abc,11.784
abc,5.432
abc,5.904
abc,11.37
abc,10.17
abc,13.32
abc,98.46
abc,7.83
abc,6.57
abc,14.598
abc,13.956
abc,40.26
abc,14.94
abc,9.51
abc,17.52
abc,10.98
abc,6.03
abc,11.37
abc,10.26
abc,16.02
abc,9.84
abc,17.496
abc,5.7
abc,23.91
abc,12.768
abc,6.132
abc,12.528
abc,11.04
abc,13.64
abc,607.36
abc,18.684
abc,6.4
abc,65.136
abc,31.88
abc,14.624
abc,12.78
abc,12.36
abc,7.335
abc,14.31
abc,28.02
abc,45.6
abc,13.14
abc,30.15
abc,11.8773
abc,14.688
abc,18.249
abc,13.11
abc,8.16
abc,12.5745
abc,13.095
abc,8.82
abc,14.28
abc,12.22
abc,9.96
abc,12.96
abc,14.72
abc,6.608
abc,12.448
abc,9.96
abc,15.84
abc,27.24
abc,107.88
abc,7.968
abc,20.24
abc,10.688
abc,7.98
abc,22.752
abc,6.12
abc,8.436
abc,10.08
abc,17.76
abc,21.48
abc,14.22
abc,8.94
abc,19.14
abc,22.98
abc,16.32
abc,25.08
abc,14.32
abc,13.88
abc,24.92
abc,12.888
abc,22.76
abc,14.7
abc,6.672
abc,15.9
abc,21.68
abc,14
abc,6.34
abc,15.03
abc,60.42
abc,5.7
abc,13.05
abc,52.56
abc,16.02
abc,12.06
abc,10.71
abc,5.325
abc,34.2
abc,13.83
abc,9.99
abc,7.6479
abc,32.67
abc,15.873
abc,22.419
abc,11.61
abc,12.1953
abc,6.6462
abc,17.73
abc,9.585
abc,13.47
abc,26.532
abc,10.152
abc,4.54
abc,14.4
abc,24.896
abc,12.72
abc,15.52
abc,12.39
abc,10.64
abc,8.82
abc,8.544
abc,10.68
abc,9.64
abc,11.214
abc,19.872
abc,12
abc,7.872
abc,13.68
abc,16.407
abc,20.16
abc,13.38
abc,4.392
abc,24
abc,10.056
abc,15.228
abc,27.3
abc,14.4
abc,10.05
abc,14.61
abc,2.808
abc,11.43
abc,11.07
abc,13.02
abc,3.384
abc,8.847
abc,18.168
abc,12.69
abc,6.6
abc,23.04
abc,13.38
abc,44.4
abc,29.3
abc,15.72
abc,3.84
abc,20.112
abc,9.56
abc,10.32
abc,13.68
abc,22.428
abc,13.66
abc,5.328
abc,12.51
abc,30.48
abc,14.61
abc,41.535
abc,21.645
abc,107.28
abc,14.7393
abc,22.23
abc,12.735
abc,15.6456
abc,10.989
abc,29.7648
abc,39.6
abc,23.436
abc,10.74
abc,74.34
abc,13.8
abc,79.5
abc,11.688
abc,5.64
abc,5.344
abc,16.896
abc,9.336
abc,7.168
abc,8.288
abc,8.272
abc,10.89
abc,7.92
abc,9.216
abc,13.92
abc,3.444
abc,10.368
abc,8.72
abc,8.016
abc,16
abc,12.96
abc,11.88
abc,12.96
abc,9
abc,14.04
abc,49.74
abc,13.83
abc,16.416
abc,7.173
abc,15.54
abc,9.36
abc,13.98
abc,13.23
abc,9.3
abc,19.608
abc,18.816
abc,7.656
abc,14.706
abc,18.12
abc,6.192
abc,10.92
abc,11.868
abc,16.48
abc,9.1
abc,15.87
abc,16.128
abc,10.728
abc,10.048
abc,8.76
abc,26.76
abc,8.304
abc,13.72
abc,40.032
abc,24.75
abc,11.85
abc,11.82
abc,12.474
abc,38.955
abc,22.8
abc,9.27
abc,15.039
abc,10.368
abc,17.52
abc,16.8
abc,7.36
abc,7.42
abc,18.96
abc,8.736
abc,11.264
abc,13.12
abc,8.134
abc,7.056
abc,10.776
abc,12.576
abc,30.32
abc,15.552
abc,13.168
abc,13.12
abc,8.56
abc,30.672
abc,13.904
abc,7.28
abc,13.376
abc,18.54
abc,6.66
abc,12.48
abc,21.588
abc,10.74
abc,9.03
abc,36.24
abc,9.384
abc,13.8
abc,13.38
abc,24.72
abc,14.67
abc,10.26
abc,11.25
abc,18.996
abc,13.8
abc,8.37
abc,17.6
abc,15.948
abc,11.58
abc,6.408
abc,9.376
abc,7.56
abc,10.8
abc,23.2
abc,22.76
abc,10.704
abc,31.836
abc,26.595
abc,8.985
abc,20.3184
abc,21.12
abc,10.233
abc,17.5725
abc,33.24
abc,25.872
abc,100.68
abc,14.4
abc,11.88
abc,8.928
abc,5.76
abc,9.664
abc,12.96
abc,5.768
abc,10.128
abc,11.277
abc,12.84
abc,6.848
abc,14.368
abc,20.32
abc,10.476
abc,9.24
abc,16.36
abc,16
abc,11.176
abc,18.368
abc,13.11
abc,12.06
abc,12.69
abc,4.14
abc,17.49
abc,10.77
abc,4.896
abc,9.12
abc,8.748
abc,39.072
abc,12.078
abc,9.924
abc,20.88
abc,13.176
abc,13.14
abc,14.82
abc,8.8
abc,19.66
abc,16.104
abc,8.6
abc,20.34
abc,48.02
abc,101.25
abc,11.61
abc,361.08
abc,11.664
abc,11.448
abc,5.967
abc,10.5894
abc,43.65
abc,33.36
abc,6.84
abc,7.884
abc,11.65
abc,9.264
abc,15.936
abc,9.096
abc,5.472
abc,16.27
abc,19.44
abc,15.552
abc,10.2
abc,12.294
abc,9.345
abc,13.592
abc,20.388
abc,2.864
abc,11.21
abc,29.34
abc,11.76
abc,15.84
abc,8.88
abc,21.168
abc,4.698
abc,8.199
abc,19.548
abc,15.48
abc,7.224
abc,9.09
abc,12.276
abc,5.787
abc,10.572
abc,12.348
abc,13.47
abc,15.57
abc,12.96
abc,23.25
abc,9.564
abc,14.7
abc,8
abc,12.68
abc,13.2
abc,13.12
abc,10.224
abc,9.3
abc,6.768
abc,26.64
abc,13.32
abc,25.344
abc,9.576
abc,10.74
abc,48.6
abc,5.91
abc,10.005
abc,15.96
abc,14.205
abc,13.41
abc,30.855
abc,19.2
abc,7.04
abc,14.016
abc,5.88
abc,10.08
abc,12.176
abc,6.264
abc,4.312
abc,31.8
abc,4.832
abc,17.88
abc,6.66
abc,9.84
abc,13.26
abc,17.184
abc,5.91
abc,10.53
abc,10.26
abc,10.416
abc,111.72
abc,4.356
abc,5.064
abc,9.792
abc,31.14
abc,14.19
abc,17.46
abc,10.092
abc,12.213
abc,9.288
abc,9.072
abc,14.6
abc,53.928
abc,13.2
abc,16.74
abc,13.44
abc,19.2
abc,13.98
abc,104.49
abc,26.49
abc,20.28
abc,17.82
abc,13.185
abc,18.24
abc,31.23
abc,11.4
abc,7.5198
abc,18.009
abc,6.006
abc,13.23
abc,17.28
abc,11.196
abc,6.45
abc,12.096
abc,10.192
abc,15.8
abc,6.874
abc,8.67
abc,12.9
abc,5.184
abc,8.096
abc,14.89
abc,25.08
abc,5.888
abc,7.712
abc,9.912
abc,7.656
abc,8.544
abc,13.344
abc,15.6
abc,7.56
abc,10.272
abc,8.26
abc,7.98
abc,6.848
abc,13.194
abc,13.36
abc,8.91
abc,5.64
abc,18.48
abc,7.98
abc,19.08
abc,5.304
abc,6.228
abc,23.76
abc,16.53
abc,17.532
abc,9.216
abc,6.996
abc,4.104
abc,24
abc,9.06
abc,4.32
abc,14.28
abc,22.2
abc,11.844
abc,12.12
abc,7.56
abc,40.5
abc,5.82
abc,13.62
abc,9.234
abc,19.77
abc,15.606
abc,10.26
abc,14.04
abc,11.6283
abc,9.03
abc,9.06
abc,12.69
abc,23.529
abc,8.82
abc,14.0397
abc,13.545
abc,19.776
abc,11.36
abc,6.48
abc,6.848
abc,6.688
abc,14.46
abc,7.712
abc,10.368
abc,24.368
abc,12.224
abc,6.48
abc,15.552
abc,12.588
abc,13.392
abc,15.96
abc,6.7
abc,7.712
abc,17.904
abc,175.872
abc,9.184
abc,203.976
abc,29.97
abc,18.936
abc,20.56
abc,15.552
abc,106.32
abc,4.144
abc,12.39
abc,4.032
abc,13.38
abc,23.46
abc,10.41
abc,16.5
abc,14.61
abc,10.74
abc,7.14
abc,21.18
abc,6.174
abc,6.69
abc,29.79
abc,10.056
abc,14.82
abc,6.786
abc,6.96
abc,11.67
abc,25.317
abc,10.872
abc,17.424
abc,16.84
abc,7.4
abc,16.48
abc,29.7
abc,8.688
abc,12.18
abc,28.56
abc,9
abc,20.82
abc,15.48
abc,8.025
abc,12
abc,8.343
abc,11.4
abc,85.212
abc,22.1487
abc,4.77
abc,11.7342
abc,29.7648
abc,12.9
abc,29
abc,7.992
abc,9.94
abc,11.168
abc,4.92
abc,14.624
abc,13.9
abc,23.988
abc,8.96
abc,6.456
abc,10.584
abc,14.952
abc,7.12
abc,10.782
abc,20.736
abc,10.02
abc,6.408
abc,16.98
abc,6.102
abc,5.79
abc,88.8
abc,145.35
abc,26.58
abc,20.1
abc,127.44
abc,10.548
abc,25.26
abc,12.96
abc,10.74
abc,5.076
abc,13.32
abc,6.792
abc,8.184
abc,12.72
abc,9.96
abc,18.54
abc,9.12
abc,24.012
abc,18.54
abc,16.08
abc,7.46
abc,17.76
abc,8.82
abc,48.9
abc,25.84
abc,30.3
abc,9.7
abc,16.86
abc,113.46
abc,44.16
abc,8.76
abc,10.5
abc,33.3
abc,56.85
abc,16.98
abc,15.858
abc,10.6848
abc,9.3
abc,9.765
abc,18.27
abc,7.968
abc,15.12
abc,22.0692
abc,10.74
abc,9.144
abc,12.7
abc,20.88
abc,9.156
abc,5.68
abc,16.9
abc,5.184
abc,10.528
abc,21.81
abc,8.712
abc,17.48
abc,8.96
abc,13.208
abc,4.419
abc,17.52
abc,10.78
abc,11.96
abc,9.28
abc,5.104
abc,10.43
abc,10.9
abc,17.16
abc,16.56
abc,6.792
abc,28.44
abc,11.58
abc,16.89
abc,31.83
abc,7.776
abc,14.55
abc,16.98
abc,4.536
abc,6.975
abc,13.2
abc,10.8
abc,12.192
abc,9.87
abc,16.092
abc,11.12
abc,6.192
abc,12.08
abc,8.04
abc,16.8
abc,10.76
abc,22.14
abc,9.885
abc,53.55
abc,20.7
abc,25.92
abc,8.04
abc,25.23
abc,80.7
abc,9.87
abc,13.05
abc,27.225
abc,11.1552
abc,32.31
abc,32.472
abc,21.2742
abc,9.7149
abc,18.39
abc,10.2873
abc,13.38
abc,4.401
abc,7.92
abc,9.344
abc,11.61
abc,14.7
abc,7.968
abc,5.88
abc,12.294
abc,12.843
abc,9.248
abc,10.02
abc,12.672
abc,8.952
abc,7.872
abc,8.568
abc,8.64
abc,10.744
abc,22.512
abc,4.938
abc,5.88
abc,4.98
abc,11.511
abc,14.13
abc,9.888
abc,15.75
abc,11.97
abc,14.61
abc,11.07
abc,22.2
abc,50.1
abc,16.02
abc,3.732
abc,3.42
abc,6.66
abc,22.88
abc,7.56
abc,13.72
abc,12.24
abc,8.208
abc,4.576
abc,10.68
abc,13.44
abc,40.152
abc,20.16
abc,13.38
abc,11
abc,21.36
abc,32.28
abc,196.11
abc,11.4
abc,12.3
abc,9.705
abc,16.416
abc,11.718
abc,10.8
abc,11.979
abc,97.2
abc,15.12
abc,9.618
abc,9.552
abc,2.502
abc,7.824
abc,6.72
abc,11.168
abc,7.584
abc,3.168
abc,9.96
abc,5.64
abc,234.95
abc,13.68
abc,47.82
abc,10.05
abc,6.66
abc,5.88
abc,51.27
abc,16.11
abc,6.84
abc,16.116
abc,6.45
abc,8.76
abc,8.307
abc,36.96
abc,4.806
abc,4.284
abc,8.883
abc,7.488
abc,14.37
abc,5.856
abc,15.96
abc,10.416
abc,9.66
abc,9.192
abc,11.616
abc,8.688
abc,11.68
abc,11.04
abc,12.456
abc,8.96
abc,7.044
abc,7.092
abc,8.68
abc,5.856
abc,26.32
abc,12.76
abc,4.832
abc,16.32
abc,14.04
abc,12.06
abc,11.25
abc,12.9
abc,11.6781
abc,12.24
abc,12.69
abc,17.0766
abc,4.896
abc,20.7
abc,5.78
abc,14.112
abc,5.04
abc,6.672
abc,27.93
abc,3.984
abc,24.78
abc,9.522
abc,7.76
abc,11.43
abc,5.232
abc,8.32
abc,26.72
abc,16.74
abc,13.02
abc,8.67
abc,13.29
abc,8.352
abc,6.81
abc,10.86
abc,8.52
abc,21.456
abc,10.32
abc,35.04
abc,10.41
abc,3.078
abc,13.44
abc,5.04
abc,12.81
abc,10.8
abc,21.09
abc,10.008
abc,49.572
abc,28.74
abc,17.84
abc,9.78
abc,4.56
abc,32.208
abc,10.72
abc,9.06
abc,12.312
abc,18
abc,20.88
abc,5.88
abc,20.82
abc,22.05
abc,49.68
abc,16.86
abc,8.856
abc,39.285
abc,13.3464
abc,21.6081
abc,7.408
abc,9.94
abc,6.48
abc,8.62
abc,14.272
abc,10.368
abc,8.56
abc,10.428
abc,6.368
abc,10.312
abc,6.12
abc,18.464
abc,8.92
abc,14.112
abc,11.31
abc,6.03
abc,8.49
abc,18.528
abc,10.32
abc,5.376
abc,13.5
abc,53.652
abc,10.824
abc,10.56
abc,10.74
abc,38.37
abc,7.248
abc,20.19
abc,7.98
abc,8.592
abc,6.84
abc,5.376
abc,299.1
abc,24.48
abc,9.288
abc,14.48
abc,10.64
abc,15.9
abc,12.8
abc,5.88
abc,4.56
abc,5.456
abc,29.32
abc,28.92
abc,22.14
abc,11.82
abc,98.388
abc,8.94
abc,16.5126
abc,9.774
abc,15.93
abc,8.904
abc,333.6
abc,6.63
abc,11.1
abc,22.62
abc,7.152
abc,10.368
abc,7.16
abc,15.528
abc,16.496
abc,5.544
abc,12.672
abc,4.77
abc,3.762
abc,8.96
abc,4.448
abc,13.092
abc,9.344
abc,5.76
abc,10.272
abc,13.762
abc,10.528
abc,27.63
abc,6.75
abc,16.56
abc,5.304
abc,6.72
abc,7.95
abc,42.624
abc,11.13
abc,8.76
abc,7.884
abc,12.264
abc,7.569
abc,20.052
abc,13.11
abc,7.14
abc,8.49
abc,6.984
abc,6.69
abc,5.628
abc,59.52
abc,12.324
abc,7.092
abc,19.72
abc,69.92
abc,5.352
abc,8.88
abc,2.592
abc,20.52
abc,12.06
abc,118.8
abc,16.59
abc,13.98
abc,13.41
abc,18.06
abc,23.22
abc,7.56
abc,66.45
abc,11.259
abc,10.26
abc,8.94
abc,7.3935
abc,27.99
abc,13.2129
abc,13.3878
abc,5.96
abc,4.36
abc,10.16
abc,40.68
abc,11.952
abc,3.24
abc,12.672
abc,11.394
abc,6.368
abc,15.84
abc,8.4
abc,19.6
abc,7.752
abc,14.73
abc,12.96
abc,6.408
abc,10.47
abc,17.48
abc,11.12
abc,8.736
abc,8.64
abc,36.024
abc,15.8
abc,6.048
abc,4.928
abc,11.54
abc,7.78
abc,11.2
abc,9.87
abc,13.572
abc,9.27
abc,28.38
abc,8.94
abc,5.04
abc,4.5
abc,9.528
abc,11.55
abc,8.469
abc,15.18
abc,9.69
abc,27.93
abc,26.52
abc,11.19
abc,8.688
abc,10.32
abc,8.91
abc,9.4
abc,28.34
abc,14.176
abc,15.76
abc,7.88
abc,5.952
abc,11.232
abc,10.88
abc,17.08
abc,32.768
abc,28.48
abc,136.368
abc,10.72
abc,8.76
abc,5.92
abc,7.872
abc,16.08
abc,14.04
abc,15.39
abc,42.579
abc,7.3755
abc,7.416
abc,9.32
abc,15.552
abc,6.9
abc,25.92
abc,8.85
abc,3.648
abc,9.24
abc,10.36
abc,5.184
abc,11.12
abc,10.95
abc,7.992
abc,6.16
abc,11.12
abc,11.808
abc,8.904
abc,18.54
abc,8.928
abc,11.56
abc,9.84
abc,16.938
abc,12.69
abc,8.811
abc,12.768
abc,8.064
abc,7.515
abc,24.78
abc,8.4
abc,4.203
abc,10.566
abc,30.69
abc,11.19
abc,15.75
abc,37.68
abc,57.69
abc,24.96
abc,22.17
abc,13.032
abc,4.14
abc,5.928
abc,8.85
abc,6.66
abc,23.88
abc,10.29
abc,6.06
abc,24.768
abc,46.56
abc,7.12
abc,8.88
abc,6.768
abc,3.84
abc,12.36
abc,6.18
abc,8.304
abc,10.88
abc,16.56
abc,16.416
abc,5.824
abc,14.84
abc,15.36
abc,19.692
abc,6.69
abc,6.66
abc,10.65
abc,9.342
abc,22.23
abc,4.53
abc,32.4
abc,14.01
abc,9.3225
abc,17.16
abc,13.98
abc,6.63
abc,8.26
abc,18.882
abc,11.52
abc,5.184
abc,6.588
abc,5
abc,13.023
abc,16.464
abc,16.52
abc,12.768
abc,9.08
abc,9.21
abc,18.54
abc,6.68
abc,6.368
abc,17.43
abc,17.088
abc,12.96
abc,22.72
abc,10.9
abc,8.78
abc,5.8
abc,8.856
abc,18.528
abc,16.06
abc,12.32
abc,15.552
abc,26.976
abc,6.024
abc,7.8
abc,11.49
abc,4.17
abc,13.5
abc,3.834
abc,12.6
abc,6.45
abc,4.842
abc,17.19
abc,5.472
abc,9.27
abc,14.7
abc,6.192
abc,10.092
abc,15.6
abc,10.24
abc,12.24
abc,7.88
abc,10.704
abc,18
abc,96.3
abc,4.5
abc,10.2
abc,8.01
abc,15.96
abc,13.83
abc,9.0312
abc,25.0665
abc,15.24
abc,4.28
abc,15.48
abc,14.94
abc,4.13
abc,4.95
abc,11.8
abc,12.39
abc,4.992
abc,6.28
abc,3.798
abc,23.66
abc,2.214
abc,18.528
abc,10.26
abc,9.744
abc,15.48
abc,11.352
abc,6.6
abc,13.29
abc,6.651
abc,3.195
abc,7.416
abc,8.592
abc,13.5
abc,12.06
abc,48.96
abc,6.99
abc,12.46
abc,9.34
abc,8.568
abc,12.192
abc,12.352
abc,17.2
abc,11.24
abc,13.536
abc,3.84
abc,11.08
abc,71.7
abc,10.422
abc,9.45
abc,11.4
abc,15.957
abc,11.8296
abc,28.035
abc,10.296
abc,9.4122
abc,17.6967
abc,10.8
abc,17.1
abc,7.314
abc,6.858
abc,3.048
abc,13.904
abc,5.184
abc,9.328
abc,8.76
abc,4.304
abc,9.156
abc,12.96
abc,10.512
abc,7.78
abc,26.72
abc,51.75
abc,5.28
abc,12.39
abc,19.44
abc,3.882
abc,16.45
abc,18.368
abc,8.552
abc,5.67
abc,11.088
abc,5.04
abc,11.56
abc,6.36
abc,14.88
abc,52.08
abc,6.714
abc,9.6
abc,143.79
abc,8.694
abc,9.06
abc,7.515
abc,14.208
abc,10.26
abc,10.29
abc,7.191
abc,15.75
abc,13.68
abc,8.04
abc,13.24
abc,12.12
abc,7.056
abc,3.18
abc,22.416
abc,8.208
abc,22.86
abc,12.18
abc,8.94
abc,4.536
abc,13.44
abc,6.51
abc,4.53
abc,10.53
abc,13.95
abc,7.854
abc,8.154
abc,18.396
abc,3.975
abc,63.1215
abc,9.78
abc,25.149
abc,18.36
abc,7.092
abc,5.88
abc,12.192
abc,10.744
abc,5.184
abc,9.006
abc,3.96
abc,19.14
abc,5.022
abc,10.48
abc,9.24
abc,11.98
abc,6.642
abc,6.08
abc,11.646
abc,11.352
abc,11.46
abc,8.25
abc,17.952
abc,8.766
abc,9.6
abc,11.088
abc,25.344
abc,10.71
abc,19.98
abc,8.964
abc,5.208
abc,8.256
abc,10.08
abc,10.8
abc,16.08
abc,2.7
abc,7.98
abc,6.86
abc,7.72
abc,10.5
abc,11.616
abc,18.72
abc,6.636
abc,9.96
abc,14.1
abc,11.32
abc,15.06
abc,9.684
abc,17.82
abc,10.692
abc,8.481
abc,9.072
abc,8.69
abc,194.848
abc,17.088
abc,8.376
abc,12.96
abc,8.544
abc,13.456
abc,5.22
abc,5.184
abc,8.74
abc,8.016
abc,15.24
abc,9.264
abc,6.57
abc,33.24
abc,9.33
abc,6.66
abc,6.45
abc,12.96
abc,21.99
abc,4.428
abc,9.063
abc,11.19
abc,49.212
abc,56.73
abc,6.714
abc,8.514
abc,10.836
abc,19.29
abc,20.76
abc,11.32
abc,9.3
abc,11.06
abc,16.52
abc,8.208
abc,6.81
abc,48.87
abc,46.08
abc,9
abc,25.26
abc,11.82
abc,40.26
abc,4.245
abc,9.54
abc,57.2082
abc,13.08
abc,15.39
abc,35.5656
abc,23.58
abc,20.88
abc,11.448
abc,10.836
abc,18.576
abc,7.56
abc,9.68
abc,14.2
abc,8.808
abc,11.52
abc,7.4
abc,8.376
abc,3.768
abc,11.91
abc,13.76
abc,7.31
abc,9.408
abc,10.08
abc,7.656
abc,8
abc,19.3
abc,6.48
abc,3.76
abc,3.6
abc,22.38
abc,4.992
abc,2.22
abc,10.688
abc,6.104
abc,9.68
abc,15.992
abc,6.23
abc,7.3
abc,9.344
abc,11.25
abc,5.823
abc,4.56
abc,264.96
abc,9.78
abc,11.28
abc,6.204
abc,24.78
abc,8.325
abc,5.91
abc,6.822
abc,9.84
abc,9.612
abc,13.68
abc,10.8
abc,26.37
abc,7.38
abc,8.592
abc,19.26
abc,13.488
abc,18.48
abc,11.3
abc,8.72
abc,6.4
abc,7.632
abc,35.04
abc,7.215
abc,28.56
abc,19.5
abc,7.524
abc,8.4588
abc,17.97
abc,3.68
abc,6.48
abc,10.8
abc,8.256
abc,9.99
abc,10.784
abc,11.09
abc,15.96
abc,29.94
abc,18.24
abc,14.301
abc,10.368
abc,10.43
abc,9.912
abc,13.12
abc,9.48
abc,12.99
abc,4.71
abc,8.56
abc,16.98
abc,7.938
abc,15.3
abc,8.232
abc,15.66
abc,20.82
abc,6.48
abc,4.116
abc,6.72
abc,8.44
abc,5.68
abc,39.312
abc,39.48
abc,5.54
abc,9.36
abc,8.12
abc,9.52
abc,67.032
abc,18.06
abc,9.216
abc,4.44
abc,9.6
abc,11.43
abc,92.43
abc,9.12
abc,18.24
abc,21.6
abc,9.2856
abc,13.47
abc,4.5156
abc,23.76
abc,11.616
abc,19.46
abc,7.3
abc,2.688
abc,10.67
abc,2.96
abc,62.958
abc,15.384
abc,8.96
abc,11.52
abc,14.94
abc,12.7
abc,24.672
abc,7.04
abc,14.62
abc,6.48
abc,11.76
abc,3.89
abc,7.38
abc,9.396
abc,7.44
abc,11.952
abc,19.44
abc,6.048
abc,30.08
abc,10.65
abc,13.83
abc,6.336
abc,3.996
abc,11.76
abc,10.86
abc,25.23
abc,11.85
abc,9.27
abc,9.912
abc,17.46
abc,17.028
abc,12.672
abc,8.94
abc,7.56
abc,8.397
abc,16.05
abc,7.866
abc,8.973
abc,11.52
abc,10.77
abc,23.787
abc,11.82
abc,6.45
abc,9.68
abc,19.7
abc,11.08
abc,10.836
abc,21.06
abc,8.704
abc,14.12
abc,9.536
abc,6.176
abc,30.69
abc,21.42
abc,10.59
abc,177.36
abc,14.4
abc,13.5456
abc,12.96
abc,10.368
abc,5.248
abc,11.952
abc,5.28
abc,8.64
abc,15.24
abc,5.56
abc,3.62
abc,6.48
abc,7.7
abc,8.856
abc,4.3
abc,8.88
abc,9.804
abc,16.53
abc,12.096
abc,10.41
abc,9.27
abc,41.544
abc,23.97
abc,4.38
abc,19.404
abc,18.414
abc,7.83
abc,32.1
abc,17.49
abc,21.42
abc,10.728
abc,2.532
abc,25.38
abc,17.52
abc,5.712
abc,10.08
abc,9.168
abc,15.12
abc,7.1
abc,6.42
abc,4.48
abc,17.592
abc,15.872
abc,3.432
abc,13.88
abc,8.24
abc,8.76
abc,95.85
abc,11.49
abc,14.745
abc,41.931
abc,8.31
abc,27.36
abc,49.26
abc,9.24
abc,3.648
abc,8.64
abc,6.57
abc,11.67
abc,7.83
abc,6.48
abc,10.72
abc,21.96
abc,13.12
abc,9.762
abc,17.92
abc,8.559
abc,3.304
abc,3.408
abc,10.368
abc,7.38
abc,19.96
abc,11.796
abc,18.18
abc,21.84
abc,89.16
abc,3.789
abc,20.28
abc,7.164
abc,6.66
abc,18.99
abc,25.2
abc,7.86
abc,17.52
abc,6.33
abc,6.012
abc,13.11
abc,8.784
abc,5.292
abc,9.6
abc,11.08
abc,8.64
abc,22.608
abc,13.32
abc,14.32
abc,4.88
abc,10.05
abc,7.26
abc,28.8
abc,13.7532
abc,7.524
abc,2.6
abc,11.632
abc,16.52
abc,3.552
abc,6
abc,8.872
abc,12.96
abc,7.996
abc,10.192
abc,13.36
abc,6.16
abc,6.096
abc,6.24
abc,7.96
abc,5.904
abc,6.8
abc,5.184
abc,30.87
abc,7.992
abc,4.712
abc,15.624
abc,5.76
abc,32.06
abc,9.12
abc,8.7
abc,9.096
abc,26.46
abc,10.08
abc,15.57
abc,28.8
abc,10.56
abc,6.804
abc,7.8
abc,12.627
abc,4.416
abc,8.64
abc,8.34
abc,8.6
abc,32.508
abc,37.24
abc,7.2
abc,19.936
abc,13.356
abc,6.84
abc,7.98
abc,10.41
abc,52.983
abc,8.07
abc,20.466
abc,13.68
abc,8.5158
abc,19.35
abc,4.56
abc,22.545
abc,7.938
abc,38.664
abc,6.048
abc,7.218
abc,5.176
abc,7.712
abc,5.78
abc,12.544
abc,3.984
abc,25.68
abc,23.85
abc,15.008
abc,4.672
abc,2.068
abc,4.896
abc,8.016
abc,22.58
abc,15.28
abc,13.08
abc,11.1
abc,6.75
abc,18.639
abc,5.094
abc,8.25
abc,8.928
abc,12.93
abc,12.57
abc,10.8
abc,12.36
abc,8.91
abc,51.78
abc,11.55
abc,8.736
abc,11.4
abc,4.8
abc,23.28
abc,10.16
abc,7.752
abc,11.952
abc,5.76
abc,10.08
abc,5.92
abc,23.64
abc,19.08
abc,27.72
abc,16.71
abc,14.04
abc,7.0596
abc,9.9
abc,5.6127
abc,18.576
abc,9.69
abc,8.154
abc,8.73
abc,16.224
abc,5.58
abc,13.36
abc,1.81
abc,7.656
abc,14.67
abc,3.036
abc,7.896
abc,14.97
abc,12.384
abc,12.96
abc,14.76
abc,10.688
abc,7.236
abc,8.64
abc,16.092
abc,4.776
abc,8.568
abc,9
abc,48.09
abc,6.9
abc,8.883
abc,21.168
abc,12.36
abc,17.16
abc,8.04
abc,8.919
abc,12.9
abc,14.7
abc,14.01
abc,18.72
abc,5.124
abc,6
abc,4.194
abc,4.392
abc,8.82
abc,5.112
abc,9.92
abc,11.16
abc,9.06
abc,16
abc,17.52
abc,6.216
abc,76.464
abc,24.084
abc,22.11
abc,8.94
abc,8.25
abc,34.992
abc,4.8
abc,6.45
abc,6.48
abc,14.832
abc,11.0556
abc,9.51
abc,57.9396
abc,4.41
abc,27.992
abc,7.408
abc,6.783
abc,48.896
abc,8.568
abc,8.04
abc,11.84
abc,11.304
abc,11.184
abc,9.584
abc,5.96
abc,12.816
abc,9.42
abc,1.964
abc,9.296
abc,8.94
abc,7.764
abc,4.356
abc,15.552
abc,6.672
abc,13.904
abc,9.96
abc,8.8
abc,4.176
abc,12.144
abc,13.568
abc,2.224
abc,13.9
abc,13.59
abc,11.352
abc,5.91
abc,5.121
abc,9.063
abc,9.51
abc,7.803
abc,25.35
abc,2.88
abc,17.07
abc,4.8
abc,6.21
abc,8.6
abc,5.56
abc,19.82
abc,8.86
abc,3.18
abc,7.464
abc,10.056
abc,7.072
abc,30.24
abc,3.088
abc,10.58
abc,17.76
abc,14.56
abc,12.36
abc,11.92
abc,23.292
abc,11.28
abc,21.3
abc,22.68
abc,18.9
abc,11.43
abc,32.325
abc,14.58
abc,25.8
abc,11.43
abc,11.19
abc,5.8194
abc,6.795
abc,4.768
abc,11.07
abc,15.216
abc,3.54
abc,8.544
abc,10.688
abc,4.368
abc,10.368
abc,443.92
abc,8.448
abc,20.724
abc,19.296
abc,7.83
abc,9.568
abc,23.36
abc,21.968
abc,5.4
abc,6.84
abc,7.3
abc,22.8
abc,12.36
abc,7.236
abc,6
abc,7.947
abc,3.87
abc,7.86
abc,6.33
abc,6.528
abc,7.02
abc,6.432
abc,6
abc,8.028
abc,5.304
abc,10.14
abc,4.44
abc,8.34
abc,5.792
abc,6.16
abc,6.34
abc,22.848
abc,5.968
abc,46.08
abc,11.36
abc,4.76
abc,1.956
abc,7.88
abc,40.26
abc,28.026
abc,6.63
abc,24
abc,9.222
abc,10.32
abc,7.8
abc,8.154
abc,7.524
abc,6.744
abc,5.607
abc,13.71
abc,5.46
abc,10.16
abc,7.9
abc,8.832
abc,6.16
abc,4.56
abc,3.912
abc,6.46
abc,5.184
abc,4.96
abc,12.6
abc,4.28
abc,4.842
abc,2.946
abc,11.01
abc,2.496
abc,10.32
abc,5.34
abc,9.33
abc,2.178
abc,9.84
abc,3.99
abc,11.604
abc,6.12
abc,3.936
abc,12.42
abc,7.548
abc,10.65
abc,5.952
abc,16.71
abc,10.89
abc,6.84
abc,10.1
abc,6.52
abc,10.7
abc,14.32
abc,5.64
abc,7.72
abc,8.84
abc,6.912
abc,9.92
abc,21.06
abc,24.75
abc,6.66
abc,63.24
abc,12.36
abc,14.388
abc,16.2
abc,10.368
abc,5.84
abc,1.188
abc,5.76
abc,25.12
abc,8.928
abc,9.45
abc,6.688
abc,11.52
abc,63.824
abc,11.56
abc,17.94
abc,4.824
abc,7.968
abc,26.4
abc,7.95
abc,13.26
abc,10.26
abc,29.376
abc,13.98
abc,3.336
abc,10.242
abc,10.494
abc,15.66
abc,4.203
abc,5.91
abc,10.71
abc,5.772
abc,6.78
abc,3.94
abc,5.22
abc,37.9
abc,9.6
abc,43.7
abc,4.1
abc,13.296
abc,8.34
abc,12.26
abc,10.512
abc,9.693
abc,6.27
abc,18.66
abc,155.25
abc,12.474
abc,12.87
abc,3.075
abc,6.642
abc,6.48
abc,9.088
abc,10.368
abc,14.304
abc,6.54
abc,7.92
abc,7.16
abc,9.184
abc,6.48
abc,7.76
abc,6.192
abc,5.32
abc,5.97
abc,20.7
abc,5.48
abc,8.448
abc,7.5
abc,5.76
abc,20.65
abc,10.206
abc,6.84
abc,6.78
abc,7.26
abc,14.97
abc,10.41
abc,3.6
abc,9.24
abc,7.14
abc,8.4
abc,8.31
abc,13.284
abc,7.335
abc,5.004
abc,14.661
abc,3.888
abc,8.4
abc,33.8
abc,23.56
abc,11.064
abc,6.4
abc,12.312
abc,21
abc,7.056
abc,12.66
abc,9.08
abc,8.88
abc,6.128
abc,12
abc,3.99
abc,14.31
abc,4.65
abc,9.78
abc,21.06
abc,8.04
abc,4.89
abc,6.66
abc,16.7805
abc,8.712
abc,13.5
abc,8.208
abc,7.968
abc,10.242
abc,33.12
abc,9.936
abc,8.964
abc,8.64
abc,2.896
abc,48.9
abc,5.22
abc,8.92
abc,7.104
abc,31.744
abc,10.272
abc,2.97
abc,3.762
abc,8.952
abc,8.001
abc,10.272
abc,4.272
abc,6.039
abc,6.318
abc,7.875
abc,5.91
abc,11.91
abc,10.38
abc,6.948
abc,12.288
abc,9.636
abc,16.128
abc,7.227
abc,23.4
abc,8.289
abc,11.82
abc,5.64
abc,8.848
abc,7.12
abc,6.318
abc,5.54
abc,18.8
abc,240.94
abc,20.64
abc,11.64
abc,8.79
abc,5.92
abc,16.92
abc,6.792
abc,8.856
abc,4.8
abc,11.319
abc,6.9
abc,10.251
abc,5.5173
abc,6.588
abc,5.8989
abc,4.95
abc,3.76
abc,6.696
abc,12.56
abc,8.856
abc,6.936
abc,9.248
abc,9.144
abc,7.312
abc,2.892
abc,6.528
abc,11.352
abc,18.54
abc,3.933
abc,7.98
abc,6.192
abc,13.65
abc,8.73
abc,93.18
abc,14.256
abc,3.96
abc,7.464
abc,84.72
abc,4.41
abc,4.8
abc,17.61
abc,9
abc,21.696
abc,3.708
abc,29.1
abc,7.296
abc,7.965
abc,4.608
abc,13.96
abc,19.52
abc,6.792
abc,7.18
abc,9.384
abc,7.2
abc,8.064
abc,7.12
abc,10.4
abc,5.488
abc,23.49
abc,22.248
abc,5.355
abc,23.9454
abc,9.33
abc,130.95
abc,11.37
abc,7.28
abc,15.26
abc,7.968
abc,10.4
abc,190.86
abc,3.98
abc,5.08
abc,6.316
abc,7.92
abc,40.44
abc,8.448
abc,2.502
abc,6.24
abc,3.29
abc,3.52
abc,8.02
abc,9
abc,18.75
abc,2.799
abc,6.75
abc,5.58
abc,8.64
abc,11.19
abc,9.27
abc,7.02
abc,13.26
abc,5.34
abc,6.426
abc,3.99
abc,4.53
abc,10.5
abc,10.056
abc,6.72
abc,19.452
abc,22.68
abc,6.96
abc,18.12
abc,10.48
abc,9.888
abc,13.716
abc,3.44
abc,4.52
abc,4.44
abc,26.928
abc,10.1
abc,20.94
abc,44.7
abc,33.21
abc,55.44
abc,6.57
abc,6.09
abc,5.481
abc,13.284
abc,13.965
abc,7.632
abc,14.5008
abc,8.82
abc,10.08
abc,14.76
abc,11.648
abc,30.992
abc,8.792
abc,9.82
abc,10.416
abc,11.54
abc,5.104
abc,5.18
abc,8.688
abc,7.872
abc,9.432
abc,4.608
abc,12.6
abc,8.64
abc,6.888
abc,3.132
abc,10.95
abc,11.712
abc,3.573
abc,6.84
abc,9.063
abc,9.12
abc,8.82
abc,9.396
abc,8.37
abc,6.78
abc,13.032
abc,189.58008
abc,11.208
abc,8.88
abc,325.36
abc,5.712
abc,19.404
abc,19.644
abc,8.904
abc,6.34
abc,35.64
abc,2.955
abc,18.2214
abc,21.6
abc,15.48
abc,4.89
abc,9.664
abc,3.282
abc,6.63
abc,2.78
abc,4.13
abc,7.216
abc,9.11
abc,7.64
abc,11.68
abc,7.488
abc,10.368
abc,6.99
abc,5.92
abc,2.88
abc,3.564
abc,5.16
abc,8.1
abc,25.92
abc,10.368
abc,8.608
abc,4.836
abc,4.89
abc,3.528
abc,8.712
abc,10.032
abc,10.41
abc,20.64
abc,6.528
abc,5.676
abc,8.478
abc,6.228
abc,7.62
abc,8.4
abc,18.24
abc,5.91
abc,7.524
abc,8.76
abc,10.36
abc,12.94
abc,3.618
abc,18.64
abc,111.08
abc,11.82
abc,11.43
abc,49.5
abc,53.9964
abc,16.5
abc,44.46
abc,6.264
abc,6.208
abc,3.64
abc,5.229
abc,6.408
abc,6.096
abc,13.468
abc,6.912
abc,4.784
abc,3.04
abc,6
abc,19.44
abc,7.824
abc,10.56
abc,5.82
abc,6.56
abc,5.91
abc,5.976
abc,7.05
abc,15.75
abc,8.208
abc,13.86
abc,6.792
abc,4.56
abc,13.17
abc,9.63
abc,3.285
abc,8.592
abc,7.749
abc,5.112
abc,11.06
abc,5.44
abc,8.232
abc,6.792
abc,18.912
abc,59.76
abc,22.464
abc,8.16
abc,75.96
abc,43.56
abc,6.804
abc,51.354
abc,42.39
abc,5.2041
abc,6.75
abc,17.0766
abc,14.4
abc,7.26
abc,8.388
abc,14.9
abc,8.34
abc,12.39
abc,5.16
abc,15.696
abc,6.63
abc,3.76
abc,8.72
abc,5.553
abc,6.264
abc,14.52
abc,6.63
abc,5.97
abc,3.264
abc,4.344
abc,4.928
abc,11.34
abc,6.66
abc,6.09
abc,5.91
abc,5.208
abc,7.8
abc,10.32
abc,23.7
abc,13.11
abc,7.344
abc,4.992
abc,8.235
abc,6.687
abc,11.19
abc,4.8
abc,6.81
abc,3.87
abc,5.76
abc,11.064
abc,26.58
abc,5.304
abc,8.6
abc,10.752
abc,65.12
abc,10.728
abc,8.34
abc,10.26
abc,9.075
abc,20.4
abc,7.632
abc,58.674
abc,12.132
abc,8.72
abc,2.694
abc,9.64
abc,6.976
abc,9.024
abc,10.368
abc,3.104
abc,4.2
abc,4.512
abc,2.92
abc,10.71
abc,8.384
abc,16.776
abc,7.08
abc,9.96
abc,15.992
abc,15.224
abc,6.576
abc,4.626
abc,3.933
abc,7.191
abc,3.231
abc,6.12
abc,6.03
abc,4.89
abc,4.203
abc,4.53
abc,4.452
abc,4.65
abc,28.86
abc,20.64
abc,3.204
abc,9.12
abc,7.7
abc,3.3
abc,35.52
abc,6.88
abc,8.6
abc,58.006
abc,7.104
abc,9.045
abc,103.56
abc,25.74
abc,7.965
abc,6.9006
abc,425.7225
abc,16.9818
abc,1.68
abc,4.503
abc,6.24
abc,12.42
abc,6.03
abc,5.484
abc,7.58
abc,7.24
abc,5.76
abc,5.715
abc,6.208
abc,5.584
abc,11.696
abc,80.96
abc,7.92
abc,8.874
abc,4.89
abc,3.48
abc,13.92
abc,6.9
abc,10.65
abc,9.54
abc,10.8
abc,4.53
abc,5.412
abc,4.944
abc,4.554
abc,11.13
abc,10.74
abc,5.304
abc,79.152
abc,5.436
abc,8.82
abc,5.058
abc,5.931
abc,5.7
abc,5.52
abc,5.436
abc,5.176
abc,10.188
abc,24.984
abc,29.2
abc,25.32
abc,7.68
abc,8.52
abc,19.38
abc,9.12
abc,5.3295
abc,6.5175
abc,15.768
abc,62.3598
abc,23.598
abc,7.74
abc,7.884
abc,9.54
abc,5.56
abc,2.624
abc,9.09
abc,3.392
abc,10.368
abc,1.641
abc,10.332
abc,9.552
abc,15.552
abc,5.94
abc,9.78
abc,6.33
abc,3.808
abc,5.56
abc,6.9
abc,12.672
abc,16.52
abc,13.36
abc,9.45
abc,4.968
abc,3.6
abc,4.56
abc,13.2
abc,7.29
abc,28.062
abc,15.87
abc,6.99
abc,4.095
abc,4.086
abc,13.11
abc,7.848
abc,4.356
abc,6.84
abc,16.53
abc,8.712
abc,27.06
abc,5.238
abc,7.62
abc,2.848
abc,15.144
abc,9.612
abc,14.752
abc,40
abc,16.36
abc,5.868
abc,9.344
abc,60.6
abc,7.184
abc,9.54
abc,44.838
abc,5.98
abc,4.812
abc,7.71
abc,16.4
abc,6.672
abc,5.46
abc,4.536
abc,4.912
abc,2.672
abc,5.58
abc,12.128
abc,1.928
abc,3
abc,5.792
abc,6.216
abc,3.312
abc,10.44
abc,5.2
abc,4.158
abc,11.94
abc,7.152
abc,3.798
abc,3.424
abc,7.326
abc,10.53
abc,3.816
abc,6.78
abc,16.542
abc,3.141
abc,17.49
abc,8.064
abc,11.85
abc,4.644
abc,4.545
abc,11.76
abc,29.01
abc,15.72
abc,17.01
abc,4.44
abc,4.122
abc,4.26
abc,54.378
abc,5.58
abc,8.136
abc,5.76
abc,3.18
abc,4.41
abc,5.598
abc,6.72
abc,7.044
abc,8.6
abc,25.2
abc,40.008
abc,306.612
abc,17.055
abc,16.02
abc,7.479
abc,8.07
abc,6.6555
abc,11.934
abc,44.685
abc,35.73
abc,8.64
abc,2.88
abc,5.584
abc,6.24
abc,4.98
abc,3.38
abc,5.56
abc,4.95
abc,4.66
abc,3.75
abc,2.286
abc,40.032
abc,2.88
abc,6.38
abc,4.488
abc,5.304
abc,3.52
abc,5.8
abc,3.488
abc,10.11
abc,10.048
abc,5.472
abc,5.004
abc,27.054
abc,16.86
abc,6.66
abc,50.37
abc,3.348
abc,8.28
abc,17.52
abc,11.52
abc,14.535
abc,9
abc,5.679
abc,3.807
abc,13.896
abc,5.316
abc,6.714
abc,13.71
abc,5.52
abc,14.4
abc,33.6
abc,6.408
abc,32.04
abc,4.36
abc,4.224
abc,13.95
abc,9.9351
abc,10.5894
abc,6.615
abc,27.48
abc,23.64
abc,8.8086
abc,3.495
abc,7.61
abc,2.304
abc,5.78
abc,5.04
abc,5.28
abc,7.476
abc,4.624
abc,3.912
abc,4.662
abc,3.69
abc,5.936
abc,14.136
abc,2.88
abc,5.715
abc,4.6
abc,17.34
abc,11.07
abc,5.552
abc,9.216
abc,14.7
abc,4.095
abc,4.448
abc,6.16
abc,5.94
abc,26.52
abc,3.438
abc,19.56
abc,3.483
abc,20.142
abc,3.99
abc,10.572
abc,6.021
abc,38.16
abc,13.32
abc,13.95
abc,7.488
abc,22.92
abc,16.896
abc,6.5
abc,8.208
abc,5.904
abc,7.448
abc,8.784
abc,8.12
abc,7.3
abc,9.54
abc,6
abc,11.31
abc,89.16
abc,6.72
abc,10.86
abc,8.16
abc,8.2335
abc,30.888
abc,5.248
abc,12.67
abc,45.92
abc,10.368
abc,4.896
abc,12.536
abc,13.092
abc,6.56
abc,5.214
abc,6.24
abc,35.168
abc,6.08
abc,5.76
abc,3.008
abc,9.612
abc,4.928
abc,7.312
abc,5.712
abc,4.41
abc,4.284
abc,4.944
abc,6.72
abc,30.48
abc,4.482
abc,22.14
abc,5.736
abc,5.31
abc,5.238
abc,3.516
abc,4.248
abc,11.04
abc,13.194
abc,6.612
abc,4.329
abc,4.095
abc,45.69
abc,4.632
abc,52.5
abc,10.92
abc,9.972
abc,28.992
abc,5.744
abc,2.364
abc,25.704
abc,10.68
abc,18.45
abc,6.318
abc,8.25
abc,8.01
abc,27.66
abc,23.5956
abc,9.153
abc,5.706
abc,7.092
abc,4.224
abc,14.62
abc,3.96
abc,4.17
abc,3.392
abc,16.448
abc,5.238
abc,8.64
abc,4.064
abc,3.592
abc,4.544
abc,2.724
abc,2.469
abc,7.62
abc,3.324
abc,9.588
abc,8.232
abc,17.88
abc,6.48
abc,10.68
abc,16.824
abc,4.728
abc,4.8
abc,2.016
abc,5.931
abc,5.094
abc,6.45
abc,9.954
abc,76.48
abc,74.08
abc,52.332
abc,6.096
abc,4.644
abc,5.54
abc,5.56
abc,16.48
abc,4.4
abc,2.272
abc,26.67
abc,4.5
abc,52.02
abc,7.3617
abc,7.9818
abc,58.9632
abc,7.61
abc,8.652
abc,5.892
abc,6.48
abc,16.688
abc,3.928
abc,5.84
abc,5.16
abc,4.224
abc,5.248
abc,7.9
abc,9.24
abc,54.92
abc,7.77
abc,6.68
abc,11.82
abc,6.48
abc,5.607
abc,5.904
abc,6.672
abc,6.228
abc,3.573
abc,25.83
abc,6.444
abc,3.618
abc,13.2
abc,13.56
abc,4.572
abc,3.576
abc,4.476
abc,4.53
abc,6.72
abc,7.83
abc,5.532
abc,5.256
abc,8.076
abc,5.04
abc,7.29
abc,8.49
abc,12.78
abc,4.524
abc,2.496
abc,6.4
abc,7.008
abc,6.528
abc,7.072
abc,8.64
abc,6.444
abc,3.26
abc,3.144
abc,26.4
abc,30.15
abc,15.96
abc,21.72
abc,4.455
abc,81.828
abc,4.56
abc,5.6763
abc,4.8
abc,8.2335
abc,22.8
abc,6.16
abc,6.672
abc,3.69
abc,6.58
abc,3.656
abc,6.286
abc,5.232
abc,9.144
abc,10.776
abc,6.408
abc,10.9
abc,11.673
abc,5.184
abc,6.096
abc,13.62
abc,4.768
abc,2.296
abc,14.91
abc,6.294
abc,2.96
abc,2.892
abc,35.88
abc,5.04
abc,2.952
abc,7.24
abc,7.692
abc,5.95
abc,7.78
abc,5.715
abc,10.08
abc,2.349
abc,2.934
abc,55.92
abc,4.8
abc,6.822
abc,10.14
abc,7.62
abc,4.548
abc,7.872
abc,3.438
abc,10.98
abc,4.761
abc,6.444
abc,6.456
abc,4.89
abc,3.99
abc,7.152
abc,7.164
abc,5.712
abc,9.528
abc,6.192
abc,8.04
abc,14.82
abc,10.26
abc,2.316
abc,27.6
abc,6.496
abc,7.104
abc,126.174
abc,4.8
abc,34.98
abc,14.28
abc,13.9761
abc,16.206
abc,8.964
abc,109.593
abc,61.47
abc,12
abc,2.308
abc,4.896
abc,14.592
abc,3.15
abc,2.934
abc,2.78
abc,5.56
abc,1.944
abc,6.56
abc,3.304
abc,29.84
abc,2.072
abc,6.384
abc,5.214
abc,9.856
abc,5.43
abc,6.24
abc,50.12
abc,8.04
abc,2.992
abc,3.828
abc,6.54
abc,4.77
abc,7.308
abc,4.095
abc,5.304
abc,6.12
abc,3.348
abc,5.238
abc,11.4
abc,134.13
abc,5.052
abc,10.8
abc,5.931
abc,7.02
abc,3.708
abc,10.572
abc,3.96
abc,6.096
abc,3.888
abc,29.988
abc,45.36
abc,6.592
abc,5.32
abc,9.52
abc,162.112
abc,5.08
abc,4.824
abc,6.81
abc,38.97
abc,6.993
abc,3.28
abc,7.16
abc,11.364
abc,5.248
abc,1.728
abc,6.72
abc,7.644
abc,5.5
abc,5.56
abc,7.52
abc,8.856
abc,5.78
abc,18.272
abc,3.16
abc,6.48
abc,3.76
abc,7.64
abc,4.224
abc,4.448
abc,5.388
abc,13.92
abc,4.768
abc,2.78
abc,9.64
abc,3.152
abc,4.448
abc,4.104
abc,4.884
abc,10.32
abc,3.582
abc,6.684
abc,4.884
abc,18.54
abc,10.53
abc,8.91
abc,69.96
abc,3.996
abc,12.9
abc,2.808
abc,3.15
abc,55.14
abc,4.473
abc,6.756
abc,6.984
abc,11.28
abc,9.024
abc,5.628
abc,40.74
abc,14.7
abc,3.552
abc,4.18
abc,15.732
abc,3.264
abc,7.785
abc,26.4
abc,9.78
abc,10.08
abc,5.319
abc,10.707
abc,2.628
abc,4.368
abc,3.424
abc,5.34
abc,4.956
abc,6.48
abc,4.624
abc,3.9
abc,5.64
abc,2.907
abc,6.16
abc,2.464
abc,3.44
abc,4.752
abc,9.96
abc,2.808
abc,4.272
abc,11.568
abc,4.98
abc,5.76
abc,4.347
abc,4.644
abc,1.71
abc,5.148
abc,11.148
abc,3.429
abc,5.715
abc,4.95
abc,5.643
abc,11.817
abc,3.231
abc,7.884
abc,3.18
abc,2.673
abc,3.132
abc,6.192
abc,26.46
abc,5.292
abc,11.184
abc,6.33
abc,14.56
abc,8.784
abc,19.88
abc,6.714
abc,11.14
abc,14.928
abc,6.72
abc,26.712
abc,3.492
abc,415.44
abc,23.88
abc,31.17
abc,25.515
abc,4.788
abc,6.79
abc,11.808
abc,4.416
abc,6.27
abc,2.772
abc,6.984
abc,5.04
abc,8.226
abc,4.368
abc,13.9
abc,5.984
abc,8.8
abc,2.934
abc,14.62
abc,10.384
abc,11.412
abc,11.58
abc,6.975
abc,5.85
abc,11.43
abc,4.89
abc,7.614
abc,3.708
abc,6.03
abc,51.24
abc,6.12
abc,4.8
abc,8.82
abc,2.736
abc,1.989
abc,12.18
abc,4.944
abc,29.412
abc,4.584
abc,7.88
abc,8.904
abc,81.12
abc,3.68
abc,13.968
abc,7.5
abc,5.856
abc,3.048
abc,6.88
abc,4.392
abc,7.38
abc,11.13
abc,62.208
abc,7.812
abc,63.0276
abc,340.65
abc,21.7635
abc,4.9053
abc,2.08
abc,4.96
abc,7.56
abc,5.344
abc,7.904
abc,1.788
abc,3.564
abc,3.9
abc,1.632
abc,22.96
abc,7.86
abc,6.47
abc,4.728
abc,18.9
abc,4.338
abc,4.032
abc,11.871
abc,4.62
abc,8.928
abc,3.264
abc,4.473
abc,3.576
abc,5.52
abc,4.41
abc,4.89
abc,7.308
abc,7.569
abc,5.328
abc,10.56
abc,8.478
abc,6.432
abc,4.5
abc,26.19
abc,4.632
abc,5.16
abc,25.14
abc,4.32
abc,5.2
abc,67.86
abc,22.89
abc,45.705
abc,5.436
abc,36.3
abc,7.77
abc,26.43
abc,3.264
abc,6.63
abc,12.35
abc,7.312
abc,4.704
abc,3.264
abc,4.26
abc,4.02
abc,3.564
abc,8.22
abc,772.47
abc,15.78
abc,21.12
abc,4.554
abc,1.68
abc,6.888
abc,2.816
abc,1.824
abc,3.536
abc,5.984
abc,2.04
abc,3.438
abc,6.69
abc,21.96
abc,4.884
abc,3.222
abc,3.24
abc,12.72
abc,24.993
abc,20.124
abc,5.16
abc,3.528
abc,5.22
abc,6.18
abc,78.3
abc,13.47
abc,28.575
abc,5.025
abc,11.34
abc,13.29
abc,11.4
abc,3.3231
abc,10.816
abc,4.16
abc,4.608
abc,1.44
abc,2.632
abc,7.38
abc,3.81
abc,4.73
abc,2.368
abc,4.448
abc,3.28
abc,3.52
abc,20.65
abc,10.272
abc,2.688
abc,3.96
abc,41.472
abc,2.655
abc,4.572
abc,5.56
abc,12.36
abc,6.384
abc,7.056
abc,15.15
abc,3.96
abc,6.99
abc,4.122
abc,3.708
abc,5.592
abc,2.016
abc,3.936
abc,5.304
abc,4.884
abc,3.87
abc,3.915
abc,3.86
abc,7.716
abc,8.064
abc,7.78
abc,5.232
abc,13.545
abc,12.36
abc,11.58
abc,8.7132
abc,122.55
abc,61.128
abc,7.155
abc,8.82
abc,5.28
abc,4.656
abc,2.952
abc,27.168
abc,2.92
abc,5.728
abc,3.36
abc,6.848
abc,14.16
abc,2.624
abc,4.16
abc,5.76
abc,3
abc,5.4
abc,5.344
abc,4.086
abc,3.564
abc,7.992
abc,3.438
abc,4.032
abc,21.48
abc,4.383
abc,4.212
abc,5.103
abc,3.396
abc,2.286
abc,2.952
abc,4.452
abc,8.76
abc,2.58
abc,7.152
abc,1.908
abc,5.247
abc,12.4
abc,16.152
abc,6.948
abc,6.93
abc,4.08
abc,24.57
abc,7.884
abc,9.4869
abc,180.6
abc,4.616
abc,2.816
abc,9.02
abc,5.904
abc,5.04
abc,2.286
abc,4.923
abc,3.592
abc,8.6
abc,3.488
abc,4.36
abc,5.248
abc,8.64
abc,5.56
abc,6.888
abc,6.12
abc,100.404
abc,3.456
abc,3.375
abc,9.639
abc,2.718
abc,36.684
abc,1.935
abc,2.652
abc,9.27
abc,2.556
abc,8.88
abc,5.004
abc,6.612
abc,13.956
abc,8.91
abc,17.88
abc,4.8
abc,14.784
abc,8.31
abc,374.856
abc,6.2646
abc,9.6114
abc,12.5769
abc,44.76
abc,2.544
abc,17.52
abc,2.025
abc,3.76
abc,3.15
abc,5.67
abc,5.346
abc,3.168
abc,4.608
abc,6.56
abc,5.46
abc,3.552
abc,3.882
abc,3.744
abc,7.968
abc,6.216
abc,11.96
abc,6.58
abc,3.816
abc,12.768
abc,4.347
abc,1.602
abc,5.7
abc,5.052
abc,3.159
abc,3.429
abc,7.911
abc,5.91
abc,3.087
abc,12.06
abc,4.428
abc,4.692
abc,4.56
abc,5.352
abc,27.58
abc,24.6
abc,3.84
abc,78.44
abc,6.09
abc,3.336
abc,11.19
abc,10.32
abc,4.731
abc,7.7385
abc,3.318
abc,3.168
abc,5.98
abc,11.68
abc,15.488
abc,5.47
abc,2.808
abc,3.592
abc,7.856
abc,9.216
abc,2.94
abc,1.872
abc,5.248
abc,1.788
abc,6.48
abc,11.16
abc,3.231
abc,1.809
abc,4.272
abc,12.096
abc,48.708
abc,3.438
abc,4.329
abc,3.324
abc,17.361
abc,3.393
abc,44.37
abc,1.962
abc,2.475
abc,3.258
abc,3.222
abc,16.92
abc,3.624
abc,5.12
abc,6.944
abc,22.3
abc,4.48
abc,6.324
abc,4.704
abc,16.98
abc,4.8
abc,48.96
abc,21
abc,5.724
abc,5.8194
abc,9.3
abc,40.464
abc,6.16
abc,3.304
abc,4.02
abc,2.88
abc,6.096
abc,10.08
abc,4.24
abc,5.904
abc,4.224
abc,2.064
abc,1.81
abc,13.216
abc,2.394
abc,4.428
abc,3.856
abc,4.464
abc,12.96
abc,13.92
abc,4.464
abc,8
abc,6.096
abc,40.7
abc,1.98
abc,2.688
abc,10.92
abc,3.744
abc,2.796
abc,8.58
abc,29.4
abc,3.24
abc,4.38
abc,2.07
abc,10.116
abc,4.203
abc,4.512
abc,3.3
abc,4.688
abc,2.364
abc,3.708
abc,2.955
abc,12.96
abc,50.5155
abc,2.388
abc,2.89
abc,2.896
abc,8.016
abc,5.184
abc,7.89
abc,3.048
abc,20.952
abc,4.312
abc,2.296
abc,6.464
abc,15.84
abc,3.38
abc,1.188
abc,3.15
abc,98.376
abc,2.48
abc,4.91
abc,6.08
abc,237.096
abc,9.96
abc,4.32
abc,4.608
abc,1.728
abc,2.88
abc,3.984
abc,2.112
abc,2.58
abc,10.41
abc,3.294
abc,5.91
abc,4.944
abc,20.52
abc,13.41
abc,3.978
abc,3.951
abc,2.94
abc,42.784
abc,8.928
abc,5.328
abc,7.56
abc,9.344
abc,1.744
abc,4.672
abc,11.168
abc,6.976
abc,2.376
abc,1.344
abc,2.944
abc,6.848
abc,3.318
abc,9.78
abc,2.84
abc,2.89
abc,2.328
abc,2.946
abc,8.4
abc,4.41
abc,3.024
abc,2.448
abc,2.448
abc,4.77
abc,9.912
abc,2.925
abc,46.71
abc,3.888
abc,3.216
abc,2.592
abc,7.56
abc,2.384
abc,3.804
abc,5.72
abc,4.46
abc,5.94
abc,175.42
abc,6.672
abc,7.26
abc,2.838
abc,3.768
abc,9.78
abc,74.88
abc,128.37
abc,8.694
abc,79.47
abc,4.5705
abc,3.282
abc,2.696
abc,9.96
abc,11.16
abc,6.096
abc,4.928
abc,12.96
abc,274.77
abc,18.9
abc,1.64
abc,2.182
abc,6.6
abc,6.56
abc,2.21
abc,9.32
abc,5.984
abc,2.992
abc,3.564
abc,12.96
abc,3.984
abc,2.448
abc,5.532
abc,1.935
abc,3.438
abc,2.052
abc,2.547
abc,12.51
abc,9.84
abc,3.015
abc,4.014
abc,13.329
abc,7.12
abc,16.74
abc,19.2
abc,12.06
abc,2.238
abc,12.62
abc,34.02
abc,66.57
abc,106.9725
abc,12.06
abc,21.72
abc,1.788
abc,5.68
abc,3.204
abc,0.99
abc,2.313
abc,2.88
abc,3.52
abc,2.694
abc,1.996
abc,6.24
abc,2.508
abc,8.57
abc,8.74
abc,51.45
abc,3.36
abc,2.07
abc,4.41
abc,97.32
abc,15.894
abc,6.696
abc,7.77
abc,14.28
abc,5.472
abc,8.784
abc,3.99
abc,2.808
abc,6.12
abc,6.4
abc,2.364
abc,12
abc,26.94
abc,4.56
abc,16.62
abc,3.33
abc,26.1
abc,11.49
abc,8.1174
abc,12.045
abc,2.91
abc,2.724
abc,7.08
abc,3.036
abc,3.2
abc,4.18
abc,3.15
abc,11.22
abc,2.724
abc,1.984
abc,269.982
abc,4.368
abc,11.696
abc,8.26
abc,4.928
abc,5.04
abc,3.52
abc,3.28
abc,3.576
abc,17.48
abc,3.168
abc,1.892
abc,3.488
abc,2.376
abc,3.64
abc,2.52
abc,9.872
abc,2.364
abc,2.94
abc,3.15
abc,1.908
abc,4.347
abc,3.744
abc,2.052
abc,24.336
abc,5.552
abc,4.352
abc,59.16
abc,33.72
abc,5.32
abc,15.392
abc,25.6
abc,20.16
abc,47.88
abc,9.072
abc,5.682
abc,2.946
abc,7.16
abc,4.624
abc,2.328
abc,1.988
abc,3.76
abc,2.502
abc,2.742
abc,3.984
abc,3.024
abc,1.869
abc,1.592
abc,2.088
abc,2.912
abc,8.544
abc,3.204
abc,3.328
abc,2.862
abc,1.728
abc,1.476
abc,4.928
abc,15.936
abc,16.398
abc,2.286
abc,8.478
abc,4.248
abc,1.773
abc,6.684
abc,5.79
abc,1.161
abc,4.194
abc,2.052
abc,8.76
abc,5.808
abc,1.845
abc,2.808
abc,2.628
abc,43.752
abc,12.36
abc,5.022
abc,19.464
abc,93
abc,8.54
abc,5.352
abc,23.1
abc,26.37
abc,17.16
abc,9.12
abc,89.4
abc,6.777
abc,83.0664
abc,4.9053
abc,12.1158
abc,2.808
abc,6.08
abc,2.946
abc,2.368
abc,3.108
abc,10.16
abc,3.488
abc,8.39
abc,2.61
abc,1.72
abc,2.334
abc,45.28
abc,3.64
abc,331.02
abc,8.361
abc,8.688
abc,4.518
abc,5.688
abc,4.548
abc,4.56
abc,60.264
abc,6.81
abc,5.058
abc,3.456
abc,16.8
abc,2.808
abc,12.12
abc,91.424
abc,2.4
abc,22.448
abc,48.75
abc,2.304
abc,2.624
abc,2.556
abc,2.688
abc,16.9
abc,8
abc,8.448
abc,2.48
abc,1.8
abc,15.552
abc,6.99
abc,3.62
abc,3.328
abc,2.664
abc,4.32
abc,25.98
abc,2.928
abc,12.93
abc,3.348
abc,5.859
abc,1.602
abc,2.592
abc,6.99
abc,3.584
abc,28.12
abc,59.085
abc,9.54
abc,19.9863
abc,2.376
abc,2.97
abc,9.64
abc,2.896
abc,3.208
abc,6.912
abc,2.784
abc,4.47
abc,3.486
abc,2.304
abc,9.26
abc,1.365
abc,1.392
abc,1.408
abc,5.04
abc,0.984
abc,1.524
abc,79.95
abc,14.7
abc,1.668
abc,4.788
abc,7.14
abc,2.364
abc,2.808
abc,3.516
abc,8.91
abc,2.358
abc,13.02
abc,27.42
abc,3.36
abc,3.696
abc,23.84
abc,16.82
abc,8.616
abc,4.788
abc,5.84
abc,1.344
abc,1.504
abc,2.97
abc,2.61
abc,18.24
abc,1.78
abc,2.78
abc,9.912
abc,5.588
abc,1.938
abc,2.624
abc,1.752
abc,3.64
abc,4.944
abc,14.652
abc,1.899
abc,4.41
abc,4.53
abc,4.644
abc,7.18
abc,6.34
abc,4.32
abc,2.2
abc,3.528
abc,1.448
abc,2.52
abc,7.16
abc,3.136
abc,9.584
abc,1.824
abc,1.964
abc,1.98
abc,1.44
abc,3.99
abc,1.359
abc,4.032
abc,1.197
abc,1.548
abc,1.161
abc,31.077
abc,7.335
abc,15.948
abc,2.16
abc,11.49
abc,9.516
abc,7.872
abc,5.595
abc,6.27
abc,61.08
abc,1.872
abc,1.08
abc,3.75
abc,3.132
abc,2.512
abc,1.24
abc,1.908
abc,5.94
abc,2.202
abc,1.556
abc,2.043
abc,1.696
abc,1.248
abc,3.008
abc,4.464
abc,4.26
abc,22.98
abc,1.86
abc,19.14
abc,2.776
abc,3.18
abc,11.616
abc,4.288
abc,38.07
abc,18.72
abc,1.248
abc,2.74
abc,12.96
abc,3.08
abc,8.928
abc,3.48
abc,2.032
abc,4.91
abc,0.852
abc,1.476
abc,1.362
abc,2.412
abc,2.688
abc,1.584
abc,1.044
abc,3.552
abc,8.28
abc,1.344
abc,3.132
abc,5.742
abc,4.302
abc,80.97
abc,2.385
abc,7.62
abc,1.956
abc,2.16
abc,4.248
abc,5.265
abc,10.65
abc,3.096
abc,7.344
abc,5.085
abc,43.65
abc,58.44
abc,1.192
abc,6.16
abc,0.876
abc,3.168
abc,3.15
abc,3.52
abc,4.98
abc,16.272
abc,12.39
abc,4.077
abc,3.375
abc,8.04
abc,3.465
abc,4.095
abc,173.46
abc,20.664
abc,1.809
abc,5.952
abc,37.632
abc,1.788
abc,32.8
abc,14.931
abc,2.96
abc,1.08
abc,5.88
abc,6.608
abc,1.234
abc,12.201
abc,8.016
abc,1.408
abc,0.556
abc,1.44
abc,15.51
abc,1.935
abc,1.935
abc,15.5
abc,110.34
abc,45.45
abc,136.08
abc,11.12
abc,18.54
abc,2.912
abc,1.167
abc,10.272
abc,2.264
abc,2.672
abc,32.784
abc,5.04
abc,1.161
abc,12.5
abc,49.653
abc,38.9709
abc,59.31
abc,1.112
abc,19.44
abc,302.384
abc,1.908
abc,1.08
abc,12.53
abc,0.836
abc,4.02
abc,10.8
abc,3.99
abc,2.448
abc,1.197
abc,1.323
abc,1.566
abc,21.264
abc,48.93
abc,59.1
abc,6.9
abc,17.28
abc,30.618
abc,279.96
abc,1.272
abc,3.984
abc,2.946
abc,1.188
abc,17.496
abc,25.83
abc,4.05
abc,4.644
abc,7.476
abc,2.673
abc,2.781
abc,24.648
abc,36.68
abc,27.3
abc,4.56
abc,18.36
abc,15.232
abc,1.941
abc,2.896
abc,35
abc,0.898
abc,26.85
abc,20.416
abc,53.73
abc,6.69
abc,36.48
abc,17.88
abc,200.4
abc,47.142
abc,49.302
abc,30.44
abc,12.96
abc,1.344
abc,5.34
abc,19.32
abc,41.64
abc,5.92
abc,52.59
abc,1.624
abc,17.94
abc,5.364
abc,9.612
abc,34.128
abc,84
abc,18.64
abc,26.94
abc,58.05
abc,65.1
abc,0.444
abc,22.92
abc,13.44
abc,61.38
abc,
abc,
abc,
abc,
abc,
abc,
abc,
abc,
abc,
abc,
abc,
abc,
abc,
abc,
abc,
abc,
abc,
abc,
abc,
abc,
abc,
abc,
abc,
abc,
abc,
abc,
abc,
abc,
abc,
abc,
abc,
abc,
abc,
abc,
abc,
abc,
abc,
abc,
abc,
abc,
abc,
abc,
abc,
abc,
abc,
abc,
abc,
abc,
abc,
abc,
abc,
abc,
abc,
abc,
abc,
abc,
abc,
abc,
abc,
abc,
abc,
abc,
abc,
abc,
abc,
abc,
abc,
abc,
abc,
abc,
abc,
abc,
abc,
abc,
abc,
abc,
abc,
abc,
abc,
abc,
abc,
abc,
abc,
abc,
abc,
abc,
abc,
abc,
abc,
abc,
abc,
abc,
abc,
abc,
abc,
abc,
abc,
abc,
abc,
abc,
abc,
abc,
abc,
abc,
abc,
abc,
abc,
abc,
abc,
abc,
abc,
abc,
abc,
abc,
abc,
abc,
abc,
abc,
abc,
abc,
abc,
abc,
abc,
abc,
abc,
abc,
abc,
abc,
abc,
abc,
abc,
abc,
abc,
abc,
abc,
abc,
abc,
abc,
abc,
abc,
abc,
abc,
abc,
abc,
abc,
abc,
abc,
abc,
abc,
abc,
abc,
abc,
abc,
abc,
abc,
abc,
abc,
abc,
abc,
abc,
abc,
abc,
abc,
abc,
abc,
abc,
abc,
abc,
abc,
abc,
abc,
abc,
abc,
abc,
abc,
abc,
abc,
abc,
abc,
abc,
abc,
abc,
abc,
abc,
abc,
abc,
abc,
abc,
abc,
abc,
abc,
abc,
abc,
abc,
abc,
abc,
abc,
abc,
abc,
abc,
abc,
abc,
abc,
abc,
abc,
abc,
abc,
abc,
abc,
abc,
abc,
abc,
abc,
abc,
abc,
abc,
abc,
abc,
abc,
abc,
abc,
abc,
abc,
abc,
abc,
abc,
abc,
abc,
abc,
abc,
abc,
abc,
abc,
abc,
abc,
abc,
abc,
abc,
abc,
abc,
abc,
abc,
abc,
abc,
abc,
abc,
abc,
abc,
abc,
abc,
abc,
abc,
abc,
abc,
abc,
abc,
abc,
abc,
abc,
abc,
abc,
abc,
abc,
abc,
abc,
abc,
abc,
abc,
abc,
abc,
abc,
abc,
abc,
abc,
abc,
abc,
abc,
abc,
abc,
abc,
abc,
abc,
abc,
abc,
abc,
abc,
abc,
abc,
abc,
abc,
abc,
abc,
abc,
abc,
abc,
abc,
abc,
abc,
abc,
abc,
abc,
abc,
abc,
abc,
abc,
abc,
abc,
abc,
abc,
abc,
abc,
abc,
abc,
abc,
abc,
abc,
abc,
abc,
abc,
abc,
abc,
abc,
abc,
abc,
abc,
abc,
abc,
abc,
abc,
abc,
abc,
abc,
abc,
abc,
abc,
abc,
abc,
abc,
abc,
abc,
abc,
abc,
abc,
abc,
abc,
abc,
abc,
abc,
abc,
abc,
abc,
abc,
abc,
abc,
abc,
abc,
abc,
abc,
abc,
abc,
abc,
abc,
abc,
abc,
abc,
abc,
abc,
abc,
abc,
abc,
abc,
abc,
abc,
abc,
abc,
abc,
abc,
abc,
abc,
abc,
abc,
abc,
abc,
abc,
abc,
abc,
abc,
abc,
abc,
abc,
abc,
abc,
abc,
abc,
abc,
abc,
abc,
abc,
abc,
abc,
abc,
abc,
abc,
abc,
abc,
abc,
abc,
abc,
abc,
abc,
abc,
abc,
abc,
abc,
abc,
abc,
abc,
abc,
abc,
abc,
abc,
abc,
abc,
abc,
abc,
abc,
abc,
abc,
abc,
abc,
abc,
abc,
abc,
abc,
abc,
abc,
abc,
abc,
abc,
abc,
abc,
abc,
abc,
abc,
abc,
abc,
abc,
abc,
abc,
abc,
abc,
abc,
abc,
abc,
abc,
abc,
abc,
abc,
abc,
abc,
abc,
abc,
abc,
abc,
abc,
abc,
abc,
abc,
abc,
abc,
abc,
abc,
abc,
abc,
abc,
abc,
abc,
abc,
abc,
abc,
abc,
abc,
abc,
abc,
abc,
abc,
abc,
abc,
abc,
abc,
abc,
abc,
abc,
abc,
abc,
abc,
abc,
abc,
abc,
abc,
abc,
abc,
abc,
abc,
abc,
abc,
abc,
abc,
abc,
abc,
abc,
abc,
abc,
abc,
abc,
abc,
abc,
abc,
abc,
abc,
abc,
abc,
abc,
abc,
abc,
abc,
abc,
abc,
abc,
abc,
abc,
abc,
abc,
abc,
abc,
abc,
abc,
abc,
abc,
abc,
abc,
abc,
abc,
abc,
abc,
abc,
abc,
abc,
abc,
abc,
abc,
abc,
abc,
abc,
abc,
abc,
abc,
abc,
abc,
abc,
abc,
abc,
abc,
abc,
abc,
abc,
abc,
abc,
abc,
abc,
abc,
abc,
abc,
abc,
abc,
abc,
abc,
abc,
abc,
abc,
abc,
abc,
abc,
abc,
abc,
abc,
abc,
abc,
abc,
abc,
abc,
abc,
abc,
abc,
abc,
abc,
abc,
abc,
abc,
abc,
abc,
abc,
abc,
abc,
abc,
abc,
abc,
abc,
abc,
abc,
abc,
abc,
abc,
abc,
abc,
abc,
abc,
abc,
abc,
abc,
abc,
abc,
abc,
abc,
abc,
abc,
abc,
abc,
abc,
abc,
abc,
abc,
abc,
abc,
abc,
abc,
abc,
abc,
abc,
abc,
abc,
abc,
abc,
abc,
abc,
abc,
abc,
abc,
abc,
abc,
abc,
abc,
abc,
abc,
abc,
abc,
abc,
abc,
abc,
abc,
abc,
abc,
abc,
abc,
abc,
abc,
abc,
abc,
abc,
abc,
abc,
abc,
abc,
abc,
abc,
abc,
abc,
abc,
abc,
abc,
abc,
abc,
abc,
abc,
abc,
abc,
abc,
abc,
abc,
abc,
abc,
abc,
abc,
abc,
abc,
abc,
abc,
abc,
abc,
abc,
abc,
abc,
abc,
abc,
abc,
abc,
abc,
abc,
abc,
abc,
abc,
abc,
abc,
abc,
abc,
abc,
abc,
abc,
abc,
abc,
abc,
abc,
abc,
abc,
abc,
abc,
abc,
abc,
abc,
abc,
abc,
abc,
abc,
abc,
abc,
abc,
abc,
abc,
abc,
abc,
abc,
abc,
abc,
abc,
abc,
abc,
abc,
abc,
abc,
abc,
abc,
abc,
abc,
abc,
abc,
abc,
abc,
abc,
abc,
abc,
abc,
abc,
abc,
abc,
abc,
abc,
abc,
abc,
abc,
abc,
abc,
abc,
abc,
abc,
abc,
abc,
abc,
abc,
abc,
abc,
abc,
abc,
abc,
abc,
abc,
abc,
abc,
abc,
abc,
abc,
abc,
abc,
abc,
abc,
abc,
abc,
abc,
abc,
abc,
abc,
abc,
abc,
abc,
abc,
abc,
abc,
abc,
abc,
abc,
abc,
abc,
abc,
abc,
abc,
abc,
abc,
abc,
abc,
abc,
abc,
abc,
abc,
abc,
abc,
abc,
abc,
abc,
abc,
abc,
abc,
abc,
abc,
abc,
abc,
abc,
abc,
abc,
abc,
abc,
abc,
abc,
abc,
abc,
abc,
abc,
abc,
abc,
abc,
abc,
abc,
abc,
abc,
abc,
abc,
abc,
abc,
abc,
abc,
abc,
abc,
abc,
abc,
abc,
abc,
abc,
abc,
abc,
abc,
abc,
abc,
abc,
abc,
abc,
abc,
abc,
abc,
abc,
abc,
abc,
abc,
abc,
abc,
abc,
abc,
abc,
abc,
abc,
abc,
abc,
abc,
abc,
abc,
abc,
abc,
abc,
abc,
abc,
abc,
abc,
abc,
abc,
abc,
abc,
abc,
abc,
abc,
abc,
abc,
abc,
abc,
abc,
abc,
abc,
abc,
abc,
abc,
abc,
abc,
abc,
abc,
abc,
abc,
abc,
abc,
abc,
abc,
abc,
abc,
abc,
abc,
abc,
abc,
abc,
abc,
abc,
abc,
abc,
abc,
abc,
abc,
abc,
abc,
abc,
abc,
abc,
abc,
abc,
abc,
abc,
abc,
abc,
abc,
abc,
abc,
abc,
abc,
abc,
abc,
abc,
abc,
abc,
abc,
abc,
abc,
abc,
abc,
abc,
abc,
abc,
abc,
abc,
abc,
abc,
abc,
abc,
abc,
abc,
abc,
abc,
abc,
abc,
abc,
abc,
abc,
abc,
abc,
abc,
abc,
abc,
abc,
abc,
abc,
abc,
abc,
abc,
abc,
abc,
abc,
abc,
abc,
abc,
abc,
abc,
abc,
abc,
abc,
abc,
abc,
abc,
abc,
abc,
abc,
abc,
abc,
abc,
abc,
abc,
abc,
abc,
abc,
abc,
abc,
abc,
abc,
abc,
abc,
abc,
abc,
abc,
abc,
abc,
abc,
abc,
abc,
abc,
abc,
abc,
abc,
abc,
abc,
abc,
abc,
abc,
abc,
abc,
abc,
abc,
abc,
abc,
abc,
abc,
abc,
abc,
abc,
abc,
abc,
abc,
abc,
abc,
abc,
abc,
abc,
abc,
abc,
abc,
abc,
abc,
abc,
abc,
abc,
abc,
abc,
abc,
abc,
abc,
abc,
abc,
abc,
abc,
abc,
abc,
abc,
abc,
abc,
abc,
abc,
abc,
abc,
abc,
abc,
abc,
abc,
abc,
abc,
abc,
abc,
abc,
abc,
abc,
abc,
abc,
abc,
abc,
abc,
abc,
abc,
abc,
abc,
abc,
abc,
abc,
abc,
abc,
abc,
abc,
abc,
abc,
abc,
abc,
abc,
abc,
abc,
abc,
abc,
abc,
abc,
abc,
abc,
abc,
abc,
abc,
abc,
abc,
abc,
abc,
abc,
abc,
abc,
abc,
abc,
abc,
abc,
abc,
abc,
abc,
abc,
abc,
abc,
abc,
abc,
abc,
abc,
abc,
abc,
abc,
abc,
abc,
abc,
abc,
abc,
abc,
abc,
abc,
abc,
abc,
abc,
abc,
abc,
abc,
abc,
abc,
abc,
abc,
abc,
abc,
abc,
abc,
abc,
abc,
abc,
abc,
abc,
abc,
abc,
abc,
abc,
abc,
abc,
abc,
abc,
abc,
abc,
abc,
abc,
abc,
abc,
abc,
abc,
abc,
abc,
abc,
abc,
abc,
abc,
abc,
abc,
abc,
abc,
abc,
abc,
abc,
abc,
abc,
abc,
abc,
abc,
abc,
abc,
abc,
abc,
abc,
abc,
abc,
abc,
abc,
abc,
abc,
abc,
abc,
abc,
abc,
abc,
abc,
abc,
abc,
abc,
abc,
abc,
abc,
abc,
abc,
abc,
abc,
abc,
abc,
abc,
abc,
abc,
abc,
abc,
abc,
abc,
abc,
abc,
abc,
abc,
abc,
abc,
abc,
abc,
abc,
abc,
abc,
abc,
abc,
abc,
abc,
abc,
abc,
abc,
abc,
abc,
abc,
abc,
abc,
abc,
abc,
abc,
abc,
abc,
abc,
abc,
abc,
abc,
abc,
abc,
abc,
abc,
abc,
abc,
abc,
abc,
abc,
abc,
abc,
abc,
abc,
abc,
abc,
abc,
abc,
abc,
abc,
abc,
abc,
abc,
abc,
abc,
abc,
abc,
abc,
abc,
abc,
abc,
abc,
abc,
abc,
abc,
abc,
abc,
abc,
abc,
abc,
abc,
abc,
abc,
abc,
abc,
abc,
abc,
abc,
abc,
abc,
abc,
abc,
abc,
abc,
abc,
abc,
abc,
abc,
abc,
abc,
abc,
abc,
abc,
abc,
abc,
abc,
abc,
abc,
abc,
abc,
abc,
abc,
abc,
abc,
abc,
abc,
abc,
abc,
abc,
abc,
abc,
abc,
abc,
abc,
abc,
abc,
abc,
abc,
abc,
abc,
abc,
abc,
abc,
abc,
abc,
abc,
abc,
abc,
abc,
abc,
abc,
abc,
abc,
abc,
abc,
abc,
abc,
abc,
abc,
abc,
abc,
abc,
abc,
abc,
abc,
abc,
abc,
abc,
abc,
abc,
abc,
abc,
abc,
abc,
abc,
abc,
abc,
abc,
abc,
abc,
abc,
abc,
abc,
abc,
abc,
abc,
abc,
abc,
abc,
abc,
abc,
abc,
abc,
abc,
abc,
abc,
abc,
abc,
abc,
abc,
abc,
abc,
abc,
abc,
abc,
abc,
abc,
abc,
abc,
abc,
abc,
abc,
abc,
abc,
abc,
abc,
abc,
abc,
abc,
abc,
abc,
abc,
abc,
abc,
abc,
abc,
abc,
abc,
abc,
abc,
abc,
abc,
abc,
abc,
abc,
abc,
abc,
abc,
abc,
abc,
abc,
abc,
abc,
abc,
abc,
abc,
abc,
abc,
abc,
abc,
abc,
abc,
abc,
abc,
abc,
abc,
abc,
abc,
abc,
abc,
abc,
abc,
abc,
abc,
abc,
abc,
abc,
abc,
abc,
abc,
abc,
abc,
abc,
abc,
abc,
abc,
abc,
abc,
abc,
abc,
abc,
abc,
abc,
abc,
abc,
abc,
abc,
abc,
abc,
abc,
abc,
abc,
abc,
abc,
abc,
abc,
abc,
abc,
abc,
abc,
abc,
abc,
abc,
abc,
abc,
abc,
abc,
abc,
abc,
abc,
abc,
abc,
abc,
abc,
abc,
abc,
abc,
abc,
abc,
abc,
abc,
abc,
abc,
abc,
abc,
abc,
abc,
abc,
abc,
abc,
abc,
abc,
abc,
abc,
abc,
abc,
abc,
abc,
abc,
abc,
abc,
abc,
abc,
abc,
abc,
abc,
abc,
abc,
abc,
abc,
abc,
abc,
abc,
abc,
abc,
abc,
abc,
abc,
abc,
abc,
abc,
abc,
abc,
abc,
abc,
abc,
abc,
abc,
abc,
abc,
abc,
abc,
abc,
abc,
abc,
abc,
abc,
abc,
abc,
abc,
abc,
abc,
abc,
abc,
abc,
abc,
abc,
abc,
abc,
abc,
abc,
abc,
abc,
abc,
abc,
abc,
abc,
abc,
abc,
abc,
abc,
abc,
abc,
abc,
abc,
abc,
abc,
abc,
abc,
abc,
abc,
abc,
abc,
abc,
abc,
abc,
abc,
abc,
abc,
abc,
abc,
abc,
abc,
abc,
abc,
abc,
abc,
abc,
abc,
abc,
abc,
abc,
abc,
abc,
abc,
abc,
abc,
abc,
abc,
abc,
abc,
abc,
abc,
abc,
abc,
abc,
abc,
abc,
abc,
abc,
abc,
abc,
abc,
abc,
abc,
abc,
abc,
abc,
abc,
abc,
abc,
abc,
abc,
abc,
abc,
abc,
abc,
abc,
abc,
abc,
abc,
abc,
abc,
abc,
abc,
abc,
abc,
abc,
abc,
abc,
abc,
abc,
abc,
abc,
abc,
abc,
abc,
abc,
abc,
abc,
abc,
abc,
abc,
abc,
abc,
abc,
abc,
abc,
abc,
abc,
abc,
abc,
abc,
abc,
abc,
abc,
abc,
abc,
abc,
abc,
abc,
abc,
abc,
abc,
abc,
abc,
abc,
abc,
abc,
abc,
abc,
abc,
abc,
abc,
abc,
abc,
abc,
abc,
abc,
abc,
abc,
abc,
abc,
abc,
abc,
abc,
abc,
abc,
abc,
abc,
abc,
abc,
abc,
abc,
abc,
abc,
abc,
abc,
abc,
abc,
abc,
abc,
abc,
abc,
abc,
abc,
abc,
abc,
abc,
abc,
abc,
abc,
abc,
abc,
abc,
abc,
abc,
abc,
abc,
abc,
abc,
abc,
abc,
abc,
abc,
abc,
abc,
abc,
abc,
abc,
abc,
abc,
abc,
abc,
abc,
abc,
abc,
abc,
abc,
abc,
abc,
abc,
abc,
abc,
abc,
abc,
abc,
abc,
abc,
abc,
abc,
abc,
abc,
abc,
abc,
abc,
abc,
abc,
abc,
abc,
abc,
abc,
abc,
abc,
abc,
abc,
abc,
abc,
abc,
abc,
abc,
abc,
abc,
abc,
abc,
abc,
abc,
abc,
abc,
abc,
abc,
abc,
abc,
abc,
abc,
abc,
abc,
abc,
abc,
abc,
abc,
abc,
abc,
abc,
abc,
abc,
abc,
abc,
abc,
abc,
abc,
abc,
abc,
abc,
abc,
abc,
abc,
abc,
abc,
abc,
abc,
abc,
abc,
abc,
abc,
abc,
abc,
abc,
abc,
abc,
abc,
abc,
abc,
abc,
abc,
abc,
abc,
abc,
abc,
abc,
abc,
abc,
abc,
abc,
abc,
abc,
abc,
abc,
abc,
abc,
abc,
abc,
abc,
abc,
abc,
abc,
abc,
abc,
abc,
abc,
abc,
abc,
abc,
abc,
abc,
abc,
abc,
abc,
abc,
abc,
abc,
abc,
abc,
abc,
abc,
abc,
abc,
abc,
abc,
abc,
abc,
abc,
abc,
abc,
abc,
abc,
abc,
abc,
abc,
abc,
abc,
abc,
abc,
abc,
abc,
abc,
abc,
abc,
abc,
abc,
abc,
abc,
abc,
abc,
abc,
abc,
abc,
abc,
abc,
abc,
abc,
abc,
abc,
abc,
abc,
abc,
abc,
abc,
abc,
abc,
abc,
abc,
abc,
abc,
abc,
abc,
abc,
abc,
abc,
abc,
abc,
abc,
abc,
abc,
abc,
abc,
abc,
abc,
abc,
abc,
abc,
abc,
abc,
abc,
abc,
abc,
abc,
abc,
abc,
abc,
abc,
abc,
abc,
abc,
abc,
abc,
abc,
abc,
abc,
abc,
abc,
abc,
abc,
abc,
abc,
abc,
abc,
abc,
abc,
abc,
abc,
abc,
abc,
abc,
abc,
abc,
abc,
abc,
abc,
abc,
abc,
abc,
abc,
abc,
abc,
abc,
abc,
abc,
abc,
abc,
abc,
abc,
abc,
abc,
abc,
abc,
abc,
abc,
abc,
abc,
abc,
abc,
abc,
abc,
abc,
abc,
abc,
abc,
abc,
abc,
abc,
abc,
abc,
abc,
abc,
abc,
abc,
abc,
abc,
abc,
abc,
abc,
abc,
abc,
abc,
abc,
abc,
abc,
abc,
abc,
abc,
abc,
abc,
abc,
abc,
abc,
abc,
abc,
abc,
abc,
abc,
abc,
abc,
abc,
abc,
abc,
abc,
abc,
abc,
abc,
abc,
abc,
abc,
abc,
abc,
abc,
abc,
abc,
abc,
abc,
abc,
abc,
abc,
abc,
abc,
abc,
abc,
abc,
abc,
abc,
abc,
abc,
abc,
abc,
abc,
abc,
abc,
abc,
abc,
abc,
abc,
abc,
abc,
abc,
abc,
abc,
abc,
abc,
abc,
abc,
abc,
abc,
abc,
abc,
abc,
abc,
abc,
abc,
abc,
abc,
abc,
abc,
abc,
abc,
abc,
abc,
abc,
abc,
abc,
abc,
abc,
abc,
abc,
abc,
abc,
abc,
abc,
abc,
abc,
abc,
abc,
abc,
abc,
abc,
abc,
abc,
abc,
abc,
abc,
abc,
abc,
abc,
abc,
abc,
abc,
abc,
abc,
abc,
abc,
abc,
abc,
abc,
abc,
abc,
abc,
abc,
abc,
abc,
abc,
abc,
abc,
abc,
abc,
abc,
abc,
abc,
abc,
abc,
abc,
abc,
abc,
abc,
abc,
abc,
abc,
abc,
abc,
abc,
abc,
abc,
abc,
abc,
abc,
abc,
abc,
abc,
abc,
abc,
abc,
abc,
abc,
abc,
abc,
abc,
abc,
abc,
abc,
abc,
abc,
abc,
abc,
abc,
abc,
abc,
abc,
abc,
abc,
abc,
abc,
abc,
abc,
abc,
abc,
abc,
abc,
abc,
abc,
abc,
abc,
abc,
abc,
abc,
abc,
abc,
abc,
abc,
abc,
abc,
abc,
abc,
abc,
abc,
abc,
abc,
abc,
abc,
abc,
abc,
abc,
abc,
abc,
abc,
abc,
abc,
abc,
abc,
abc,
abc,
abc,
abc,
abc,
abc,
abc,
abc,
abc,
abc,
abc,
abc,
abc,
abc,
abc,
abc,
abc,
abc,
abc,
abc,
abc,
abc,
abc,
abc,
abc,
abc,
abc,
abc,
abc,
abc,
abc,
abc,
abc,
abc,
abc,
abc,
abc,
abc,
abc,
abc,
abc,
abc,
abc,
abc,
abc,
abc,
abc,
abc,
abc,
abc,
abc,
abc,
abc,
abc,
abc,
abc,
abc,
abc,
abc,
abc,
abc,
abc,
abc,
abc,
abc,
abc,
abc,
abc,
abc,
abc,
abc,
abc,
abc,
abc,
abc,
abc,
abc,
abc,
abc,
abc,
abc,
abc,
abc,
abc,
abc,
abc,
abc,
abc,
abc,
abc,
abc,
abc,
abc,
abc,
abc,
abc,
abc,
abc,
abc,
abc,
abc,
abc,
abc,
abc,
abc,
abc,
abc,
abc,
abc,
abc,
abc,
abc,
abc,
abc,
abc,
abc,
abc,
abc,
abc,
abc,
abc,
abc,
abc,
abc,
abc,
abc,
abc,
abc,
abc,
abc,
abc,
abc,
abc,
abc,
abc,
abc,
abc,
abc,
abc,
abc,
abc,
abc,
abc,
abc,
abc,
abc,
abc,
abc,
abc,
abc,
abc,
abc,
abc,
abc,
abc,
abc,
abc,
abc,
abc,
abc,
abc,
abc,
abc,
abc,
abc,
abc,
abc,
abc,
abc,
abc,
abc,
abc,
abc,
abc,
abc,
abc,
abc,
abc,
abc,
abc,
abc,
abc,
abc,
abc,
abc,
abc,
abc,
abc,
abc,
abc,
abc,
abc,
abc,
abc,
abc,
abc,
abc,
abc,
abc,
abc,
abc,
abc,
abc,
abc,
abc,
abc,
abc,
abc,
abc,
abc,
abc,
abc,
abc,
abc,
abc,
abc,
abc,
abc,
abc,
abc,
abc,
abc,
abc,
abc,
abc,
abc,
abc,
abc,
abc,
abc,
abc,
abc,
abc,
abc,
abc,
abc,
abc,
abc,
abc,
abc,
abc,
abc,
abc,
abc,
abc,
abc,
abc,
abc,
abc,
abc,
abc,
abc,
abc,
abc,
abc,
abc,
abc,
abc,
abc,
abc,
abc,
abc,
abc,
abc,
abc,
abc,
abc,
abc,
abc,
abc,
abc,
abc,
abc,
abc,
abc,
abc,
abc,
abc,
abc,
abc,
abc,
abc,
abc,
abc,
abc,
abc,
abc,
abc,
abc,
abc,
abc,
abc,
abc,
abc,
abc,
abc,
abc,
abc,
abc,
abc,
abc,
abc,
abc,
abc,
abc,
abc,
abc,
abc,
abc,
abc,
abc,
abc,
abc,
abc,
abc,
abc,
abc,
abc,
abc,
abc,
abc,
abc,
abc,
abc,
abc,
abc,
abc,
abc,
abc,
abc,
abc,
abc,
abc,
abc,
abc,
abc,
abc,
abc,
abc,
abc,
abc,
abc,
abc,
abc,
abc,
abc,
abc,
abc,
abc,
abc,
abc,
abc,
abc,
abc,
abc,
abc,
abc,
abc,
abc,
abc,
abc,
abc,
abc,
abc,
abc,
abc,
abc,
abc,
abc,
abc,
abc,
abc,
abc,
abc,
abc,
abc,
abc,
abc,
abc,
abc,
abc,
abc,
abc,
abc,
abc,
abc,
abc,
abc,
abc,
abc,
abc,
abc,
abc,
abc,
abc,
abc,
abc,
abc,
abc,
abc,
abc,
abc,
abc,
abc,
abc,
abc,
abc,
abc,
abc,
abc,
abc,
abc,
abc,
abc,
abc,
abc,
abc,
abc,
abc,
abc,
abc,
abc,
abc,
abc,
abc,
abc,
abc,
abc,
abc,
abc,
abc,
abc,
abc,
abc,
abc,
abc,
abc,
abc,
abc,
abc,
abc,
abc,
abc,
abc,
abc,
abc,
abc,
abc,
abc,
abc,
abc,
abc,
abc,
abc,
abc,
abc,
abc,
abc,
abc,
abc,
abc,
abc,
abc,
abc,
abc,
abc,
abc,
abc,
abc,
abc,
abc,
abc,
abc,
abc,
abc,
abc,
abc,
abc,
abc,
abc,
abc,
abc,
abc,
abc,
abc,
abc,
abc,
abc,
abc,
abc,
abc,
abc,
abc,
abc,
abc,
abc,
abc,
abc,
abc,
abc,
abc,
abc,
abc,
abc,
abc,
abc,
abc,
abc,
abc,
abc,
abc,
abc,
abc,
abc,
abc,
abc,
abc,
abc,
abc,
abc,
abc,
abc,
abc,
abc,
abc,
abc,
abc,
abc,
abc,
abc,
abc,
abc,
abc,
abc,
abc,
abc,
abc,
abc,
abc,
abc,
abc,
abc,
abc,
abc,
abc,
abc,
abc,
abc,
abc,
abc,
abc,
abc,
abc,
abc,
abc,
abc,
abc,
abc,
abc,
abc,
abc,
abc,
abc,
abc,
abc,
abc,
abc,
abc,
abc,
abc,
abc,
abc,
abc,
abc,
abc,
abc,
abc,
abc,
abc,
abc,
abc,
abc,
abc,
abc,
abc,
abc,
abc,
abc,
abc,
abc,
abc,
abc,
abc,
abc,
abc,
abc,
abc,
abc,
abc,
abc,
abc,
abc,
abc,
abc,
abc,
abc,
abc,
abc,
abc,
abc,
abc,
abc,
abc,
abc,
abc,
abc,
abc,
abc,
abc,
abc,
abc,
abc,
abc,
abc,
abc,
abc,
abc,
abc,
abc,
abc,
abc,
abc,
abc,
abc,
abc,
abc,
abc,
abc,
abc,
abc,
abc,
abc,
abc,
abc,
abc,
abc,
abc,
abc,
abc,
abc,
abc,
abc,
abc,
abc,
abc,
abc,
abc,
abc,
abc,
abc,
abc,
abc,
abc,
abc,
abc,
abc,
abc,
abc,
abc,
abc,
abc,
abc,
abc,
abc,
abc,
abc,
abc,
abc,
abc,
abc,
abc,
abc,
abc,
abc,
abc,
abc,
abc,
abc,
abc,
abc,
abc,
abc,
abc,
abc,
abc,
abc,
abc,
abc,
abc,
abc,
abc,
abc,
abc,
abc,
abc,
abc,
abc,
abc,
abc,
abc,
abc,
abc,
abc,
abc,
abc,
abc,
abc,
abc,
abc,
abc,
abc,
abc,
abc,
abc,
abc,
abc,
abc,
abc,
abc,
abc,
abc,
abc,
abc,
abc,
abc,
abc,
abc,
abc,
abc,
abc,
abc,
abc,
abc,
abc,
abc,
abc,
abc,
abc,
abc,
abc,
abc,
abc,
abc,
abc,
abc,
abc,
abc,
abc,
abc,
abc,
abc,
abc,
abc,
abc,
abc,
abc,
abc,
abc,
abc,
abc,
abc,
abc,
abc,
abc,
abc,
abc,
abc,
abc,
abc,
abc,
abc,
abc,
abc,
abc,
abc,
abc,
abc,
abc,
abc,
abc,
abc,
abc,
abc,
abc,
abc,
abc,
abc,
abc,
abc,
abc,
abc,
abc,
abc,
abc,
abc,
abc,
abc,
abc,
abc,
abc,
abc,
abc,
abc,
abc,
abc,
abc,
abc,
abc,
abc,
abc,
abc,
abc,
abc,
abc,
abc,
abc,
abc,
abc,
abc,
abc,
abc,
abc,
abc,
abc,
abc,
abc,
abc,
abc,
abc,
abc,
abc,
abc,
abc,
abc,
abc,
abc,
abc,
abc,
abc,
abc,
abc,
abc,
abc,
abc,
abc,
abc,
abc,
abc,
abc,
abc,
abc,
abc,
abc,
abc,
abc,
abc,
abc,
abc,
abc,
abc,
abc,
abc,
abc,
abc,
abc,
abc,
abc,
abc,
abc,
abc,
abc,
abc,
abc,
abc,
abc,
abc,
abc,
abc,
abc,
abc,
abc,
abc,
abc,
abc,
abc,
abc,
abc,
abc,
abc,
abc,
abc,
abc,
abc,
abc,
abc,
abc,
abc,
abc,
abc,
abc,
abc,
abc,
abc,
abc,
abc,
abc,
abc,
abc,
abc,
abc,
abc,
abc,
abc,
abc,
abc,
abc,
abc,
abc,
abc,
abc,
abc,
abc,
abc,
abc,
abc,
abc,
abc,
abc,
abc,
abc,
abc,
abc,
abc,
abc,
abc,
abc,
abc,
abc,
abc,
abc,
abc,
abc,
abc,
abc,
abc,
abc,
abc,
abc,
abc,
abc,
abc,
abc,
abc,
abc,
abc,
abc,
abc,
abc,
abc,
abc,
abc,
abc,
abc,
abc,
abc,
abc,
abc,
abc,
abc,
abc,
abc,
abc,
abc,
abc,
abc,
abc,
abc,
abc,
abc,
abc,
abc,
abc,
abc,
abc,
abc,
abc,
abc,
abc,
abc,
abc,
abc,
abc,
abc,
abc,
abc,
abc,
abc,
abc,
abc,
abc,
abc,
abc,
abc,
abc,
abc,
abc,
abc,
abc,
abc,
abc,
abc,
abc,
abc,
abc,
abc,
abc,
abc,
abc,
abc,
abc,
abc,
abc,
abc,
abc,
abc,
abc,
abc,
abc,
abc,
abc,
abc,
abc,
abc,
abc,
abc,
abc,
abc,
abc,
abc,
abc,
abc,
abc,
abc,
abc,
abc,
abc,
abc,
abc,
abc,
abc,
abc,
abc,
abc,
abc,
abc,
abc,
abc,
abc,
abc,
abc,
abc,
abc,
abc,
abc,
abc,
abc,
abc,
abc,
abc,
abc,
abc,
abc,
abc,
abc,
abc,
abc,
abc,
abc,
abc,
abc,
abc,
abc,
abc,
abc,
abc,
abc,
abc,
abc,
abc,
abc,
abc,
abc,
abc,
abc,
abc,
abc,
abc,
abc,
abc,
abc,
abc,
abc,
abc,
abc,
abc,
abc,
abc,
abc,
abc,
abc,
abc,
abc,
abc,
abc,
abc,
abc,
abc,
abc,
abc,
abc,
abc,
abc,
abc,
abc,
abc,
abc,
abc,
abc,
abc,
abc,
abc,
abc,
abc,
abc,
abc,
abc,
abc,
abc,
abc,
abc,
abc,
abc,
abc,
abc,
abc,
abc,
abc,
abc,
abc,
abc,
abc,
abc,
abc,
abc,
abc,
abc,
abc,
abc,
abc,
abc,
abc,
abc,
abc,
abc,
abc,
abc,
abc,
abc,
abc,
abc,
abc,
abc,
abc,
abc,
abc,
abc,
abc,
abc,
abc,
abc,
abc,
abc,
abc,
abc,
abc,
abc,
abc,
abc,
abc,
abc,
abc,
abc,
abc,
abc,
abc,
abc,
abc,
abc,
abc,
abc,
abc,
abc,
abc,
abc,
abc,
abc,
abc,
abc,
abc,
abc,
abc,
abc,
abc,
abc,
abc,
abc,
abc,
abc,
abc,
abc,
abc,
abc,
abc,
abc,
abc,
abc,
abc,
abc,
abc,
abc,
abc,
abc,
abc,
abc,
abc,
abc,
abc,
abc,
abc,
abc,
abc,
abc,
abc,
abc,
abc,
abc,
abc,
abc,
abc,
abc,
abc,
abc,
abc,
abc,
abc,
abc,
abc,
abc,
abc,
abc,
abc,
abc,
abc,
abc,
abc,
abc,
abc,
abc,
abc,
abc,
abc,
abc,
abc,
abc,
abc,
abc,
abc,
abc,
abc,
abc,
abc,
abc,
abc,
abc,
abc,
abc,
abc,
abc,
abc,
abc,
abc,
abc,
abc,
abc,
abc,
abc,
abc,
abc,
abc,
abc,
abc,
abc,
abc,
abc,
abc,
abc,
abc,
abc,
abc,
abc,
abc,
abc,
abc,
abc,
abc,
abc,
abc,
abc,
abc,
abc,
abc,
abc,
abc,
abc,
abc,
abc,
abc,
abc,
abc,
abc,
abc,
abc,
abc,
abc,
abc,
abc,
abc,
abc,
abc,
abc,
abc,
abc,
abc,
abc,
abc,
abc,
abc,
abc,
abc,
abc,
abc,
abc,
abc,
abc,
abc,
abc,
abc,
abc,
abc,
abc,
abc,
abc,
abc,
abc,
abc,
abc,
abc,
abc,
abc,
abc,
abc,
abc,
abc,
abc,
abc,
abc,
abc,
abc,
abc,
abc,
abc,
abc,
abc,
abc,
abc,
abc,
abc,
abc,
abc,
abc,
abc,
abc,
abc,
abc,
abc,
abc,
abc,
abc,
abc,
abc,
abc,
abc,
abc,
abc,
abc,
abc,
abc,
abc,
abc,
abc,
abc,
abc,
abc,
abc,
abc,
abc,
abc,
abc,
abc,
abc,
abc,
abc,
abc,
abc,
abc,
abc,
abc,
abc,
abc,
abc,
abc,
abc,
abc,
abc,
abc,
abc,
abc,
abc,
abc,
abc,
abc,
abc,
abc,
abc,
abc,
abc,
abc,
abc,
abc,
abc,
abc,
abc,
abc,
abc,
abc,
abc,
abc,
abc,
abc,
abc,
abc,
abc,
abc,
abc,
abc,
abc,
abc,
abc,
abc,
abc,
abc,
abc,
abc,
abc,
abc,
abc,
abc,
abc,
abc,
abc,
abc,
abc,
abc,
abc,
abc,
abc,
abc,
abc,
abc,
abc,
abc,
abc,
abc,
abc,
abc,
abc,
abc,
abc,
abc,
abc,
abc,
abc,
abc,
abc,
abc,
abc,
abc,
abc,
abc,
abc,
abc,
abc,
abc,
abc,
abc,
abc,
abc,
abc,
abc,
abc,
abc,
abc,
abc,
abc,
abc,
abc,
abc,
abc,
abc,
abc,
abc,
abc,
abc,
abc,
abc,
abc,
abc,
abc,
abc,
abc,
abc,
abc,
abc,
abc,
abc,
abc,
abc,
abc,
abc,
abc,
abc,
abc,
abc,
abc,
abc,
abc,
abc,
abc,
abc,
abc,
abc,
abc,
abc,
abc,
abc,
abc,
abc,
abc,
abc,
abc,
abc,
abc,
abc,
abc,
abc,
abc,
abc,
abc,
abc,
abc,
abc,
abc,
abc,
abc,
abc,
abc,
abc,
abc,
abc,
abc,
abc,
abc,
abc,
abc,
abc,
abc,
abc,
abc,
abc,
abc,
abc,
abc,
abc,
abc,
abc,
abc,
abc,
abc,
abc,
abc,
abc,
abc,
abc,
abc,
abc,
abc,
abc,
abc,
abc,
abc,
abc,
abc,
abc,
abc,
abc,
abc,
abc,
abc,
abc,
abc,
abc,
abc,
abc,
abc,
abc,
abc,
abc,
abc,
abc,
abc,
abc,
abc,
abc,
abc,
abc,
abc,
abc,
abc,
abc,
abc,
abc,
abc,
abc,
abc,
abc,
abc,
abc,
abc,
abc,
abc,
abc,
abc,
abc,
abc,
abc,
abc,
abc,
abc,
abc,
abc,
abc,
abc,
abc,
abc,
abc,
abc,
abc,
abc,
abc,
abc,
abc,
abc,
abc,
abc,
abc,
abc,
abc,
abc,
abc,
abc,
abc,
abc,
abc,
abc,
abc,
abc,
abc,
abc,
abc,
abc,
abc,
abc,
abc,
abc,
abc,
abc,
abc,
abc,
abc,
abc,
abc,
abc,
abc,
abc,
abc,
abc,
abc,
abc,
abc,
abc,
abc,
abc,
abc,
abc,
abc,
abc,
abc,
abc,
abc,
abc,
abc,
abc,
abc,
abc,
abc,
abc,
abc,
abc,
abc,
abc,
abc,
abc,
abc,
abc,
abc,
abc,
abc,
abc,
abc,
abc,
abc,
abc,
abc,
abc,
abc,
abc,
abc,
abc,
abc,
abc,
abc,
abc,
abc,
abc,
abc,
abc,
abc,
abc,
abc,
abc,
abc,
abc,
abc,
abc,
abc,
abc,
abc,
abc,
abc,
abc,
abc,
abc,
abc,
abc,
abc,
abc,
abc,
abc,
abc,
abc,
abc,
abc,
abc,
abc,
abc,
abc,
abc,
abc,
abc,
abc,
abc,
abc,
abc,
abc,
abc,
abc,
abc,
abc,
abc,
abc,
abc,
abc,
abc,
abc,
abc,
abc,
abc,
abc,
abc,
abc,
abc,
abc,
abc,
abc,
abc,
abc,
abc,
abc,
abc,
abc,
abc,
abc,
abc,
abc,
abc,
abc,
abc,
abc,
abc,
abc,
abc,
abc,
abc,
abc,
abc,
abc,
abc,
abc,
abc,
abc,
abc,
abc,
abc,
abc,
abc,
abc,
abc,
abc,
abc,
abc,
abc,
abc,
abc,
abc,
abc,
abc,
abc,
abc,
abc,
abc,
abc,
abc,
abc,
abc,
abc,
abc,
abc,
abc,
abc,
abc,
abc,
abc,
abc,
abc,
abc,
abc,
abc,
abc,
abc,
abc,
abc,
abc,
abc,
abc,
abc,
abc,
abc,
abc,
abc,
abc,
abc,
abc,
abc,
abc,
abc,
abc,
abc,
abc,
abc,
abc,
abc,
abc,
abc,
abc,
abc,
abc,
abc,
abc,
abc,
abc,
abc,
abc,
abc,
abc,
abc,
abc,
abc,
abc,
abc,
abc,
abc,
abc,
abc,
abc,
abc,
abc,
abc,
abc,
abc,
abc,
abc,
abc,
abc,
abc,
abc,
abc,
abc,
abc,
abc,
abc,
abc,
abc,
abc,
abc,
abc,
abc,
abc,
abc,
abc,
abc,
abc,
abc,
abc,
abc,
abc,
abc,
abc,
abc,
abc,
abc,
abc,
abc,
abc,
abc,
abc,
abc,
abc,
abc,
abc,
abc,
abc,
abc,
abc,
abc,
abc,
abc,
abc,
abc,
abc,
abc,
abc,
abc,
abc,
abc,
abc,
abc,
abc,
abc,
abc,
abc,
abc,
abc,
abc,
abc,
abc,
abc,
abc,
abc,
abc,
abc,
abc,
abc,
abc,
abc,
abc,
abc,
abc,
abc,
abc,
abc,
abc,
abc,
abc,
abc,
abc,
abc,
abc,
abc,
abc,
abc,
abc,
abc,
abc,
abc,
abc,
abc,
abc,
abc,
abc,
abc,
abc,
abc,
abc,
abc,
abc,
abc,
abc,
abc,
abc,
abc,
abc,
abc,
abc,
abc,
abc,
abc,
abc,
abc,
abc,
abc,
abc,
abc,
abc,
abc,
abc,
abc,
abc,
abc,
abc,
abc,
abc,
abc,
abc,
abc,
abc,
abc,
abc,
abc,
abc,
abc,
abc,
abc,
abc,
abc,
abc,
abc,
abc,
abc,
abc,
abc,
abc,
abc,
abc,
abc,
abc,
abc,
abc,
abc,
abc,
abc,
abc,
abc,
abc,
abc,
abc,
abc,
abc,
abc,
abc,
abc,
abc,
abc,
abc,
abc,
abc,
abc,
abc,
abc,
abc,
abc,
abc,
abc,
abc,
abc,
abc,
abc,
abc,
abc,
abc,
abc,
abc,
abc,
abc,
abc,
abc,
abc,
abc,
abc,
abc,
abc,
abc,
abc,
abc,
abc,
abc,
abc,
abc,
abc,
abc,
abc,
abc,
abc,
abc,
abc,
abc,
abc,
abc,
abc,
abc,
abc,
abc,
abc,
abc,
abc,
abc,
abc,
abc,
abc,
abc,
abc,
abc,
abc,
abc,
abc,
abc,
abc,
abc,
abc,
abc,
abc,
abc,
abc,
abc,
abc,
abc,
abc,
abc,
abc,
abc,
abc,
abc,
abc,
abc,
abc,
abc,
abc,
abc,
abc,
abc,
abc,
abc,
abc,
abc,
abc,
abc,
abc,
abc,
abc,
abc,
abc,
abc,
abc,
abc,
abc,
abc,
abc,
abc,
abc,
abc,
abc,
abc,
abc,
abc,
abc,
abc,
abc,
abc,
abc,
abc,
abc,
abc,
abc,
abc,
abc,
abc,
abc,
abc,
abc,
abc,
abc,
abc,
abc,
abc,
abc,
abc,
abc,
abc,
abc,
abc,
abc,
abc,
abc,
abc,
abc,
abc,
abc,
abc,
abc,
abc,
abc,
abc,
abc,
abc,
abc,
abc,
abc,
abc,
abc,
abc,
abc,
abc,
abc,
abc,
abc,
abc,
abc,
abc,
abc,
abc,
abc,
abc,
abc,
abc,
abc,
abc,
abc,
abc,
abc,
abc,
abc,
abc,
abc,
abc,
abc,
abc,
abc,
abc,
abc,
abc,
abc,
abc,
abc,
abc,
abc,
abc,
abc,
abc,
abc,
abc,
abc,
abc,
abc,
abc,
abc,
abc,
abc,
abc,
abc,
abc,
abc,
abc,
abc,
abc,
abc,
abc,
abc,
abc,
abc,
abc,
abc,
abc,
abc,
abc,
abc,
abc,
abc,
abc,
abc,
abc,
abc,
abc,
abc,
abc,
abc,
abc,
abc,
abc,
abc,
abc,
abc,
abc,
abc,
abc,
abc,
abc,
abc,
abc,
abc,
abc,
abc,
abc,
abc,
abc,
abc,
abc,
abc,
abc,
abc,
abc,
abc,
abc,
abc,
abc,
abc,
abc,
abc,
abc,
abc,
abc,
abc,
abc,
abc,
abc,
abc,
abc,
abc,
abc,
abc,
abc,
abc,
abc,
abc,
abc,
abc,
abc,
abc,
abc,
abc,
abc,
abc,
abc,
abc,
abc,
abc,
abc,
abc,
abc,
abc,
abc,
abc,
abc,
abc,
abc,
abc,
abc,
abc,
abc,
abc,
abc,
abc,
abc,
abc,
abc,
abc,
abc,
abc,
abc,
abc,
abc,
abc,
abc,
abc,
abc,
abc,
abc,
abc,
abc,
abc,
abc,
abc,
abc,
abc,
abc,
abc,
abc,
abc,
abc,
abc,
abc,
abc,
abc,
abc,
abc,
abc,
abc,
abc,
abc,
abc,
abc,
abc,
abc,
abc,
abc,
abc,
abc,
abc,
abc,
abc,
abc,
abc,
abc,
abc,
abc,
abc,
abc,
abc,
abc,
abc,
abc,
abc,
abc,
abc,
abc,
abc,
abc,
abc,
abc,
abc,
abc,
abc,
abc,
abc,
abc,
abc,
abc,
abc,
abc,
abc,
abc,
abc,
abc,
abc,
abc,
abc,
abc,
abc,
abc,
abc,
abc,
abc,
abc,
abc,
abc,
abc,
abc,
abc,
abc,
abc,
abc,
abc,
abc,
abc,
abc,
abc,
abc,
abc,
abc,
abc,
abc,
abc,
abc,
abc,
abc,
abc,
abc,
abc,
abc,
abc,
abc,
abc,
abc,
abc,
abc,
abc,
abc,
abc,
abc,
abc,
abc,
abc,
abc,
abc,
abc,
abc,
abc,
abc,
abc,
abc,
abc,
abc,
abc,
abc,
abc,
abc,
abc,
abc,
abc,
abc,
abc,
abc,
abc,
abc,
abc,
abc,
abc,
abc,
abc,
abc,
abc,
abc,
abc,
abc,
abc,
abc,
abc,
abc,
abc,
abc,
abc,
abc,
abc,
abc,
abc,
abc,
abc,
abc,
abc,
abc,
abc,
abc,
abc,
abc,
abc,
abc,
abc,
abc,
abc,
abc,
abc,
abc,
abc,
abc,
abc,
abc,
abc,
abc,
abc,
abc,
abc,
abc,
abc,
abc,
abc,
abc,
abc,
abc,
abc,
abc,
abc,
abc,
abc,
abc,
abc,
abc,
abc,
abc,
abc,
abc,
abc,
abc,
abc,
abc,
abc,
abc,
abc,
abc,
abc,
abc,
abc,
abc,
abc,
abc,
abc,
abc,
abc,
abc,
abc,
abc,
abc,
abc,
abc,
abc,
abc,
abc,
abc,
abc,
abc,
abc,
abc,
abc,
abc,
abc,
abc,
abc,
abc,
abc,
abc,
abc,
abc,
abc,
abc,
abc,
abc,
abc,
abc,
abc,
abc,
abc,
abc,
abc,
abc,
abc,
abc,
abc,
abc,
abc,
abc,
abc,
abc,
abc,
abc,
abc,
abc,
abc,
abc,
abc,
abc,
abc,
abc,
abc,
abc,
abc,
abc,
abc,
abc,
abc,
abc,
abc,
abc,
abc,
abc,
abc,
abc,
abc,
abc,
abc,
abc,
abc,
abc,
abc,
abc,
abc,
abc,
abc,
abc,
abc,
abc,
abc,
abc,
abc,
abc,
abc,
abc,
abc,
abc,
abc,
abc,
abc,
abc,
abc,
abc,
abc,
abc,
abc,
abc,
abc,
abc,
abc,
abc,
abc,
abc,
abc,
abc,
abc,
abc,
abc,
abc,
abc,
abc,
abc,
abc,
abc,
abc,
abc,
abc,
abc,
abc,
abc,
abc,
abc,
abc,
abc,
abc,
abc,
abc,
abc,
abc,
abc,
abc,
abc,
abc,
abc,
abc,
abc,
abc,
abc,
abc,
abc,
abc,
abc,
abc,
abc,
abc,
abc,
abc,
abc,
abc,
abc,
abc,
abc,
abc,
abc,
abc,
abc,
abc,
abc,
abc,
abc,
abc,
abc,
abc,
abc,
abc,
abc,
abc,
abc,
abc,
abc,
abc,
abc,
abc,
abc,
abc,
abc,
abc,
abc,
abc,
abc,
abc,
abc,
abc,
abc,
abc,
abc,
abc,
abc,
abc,
abc,
abc,
abc,
abc,
abc,
abc,
abc,
abc,
abc,
abc,
abc,
abc,
abc,
abc,
abc,
abc,
abc,
abc,
abc,
abc,
abc,
abc,
abc,
abc,
abc,
abc,
abc,
abc,
abc,
abc,
abc,
abc,
abc,
abc,
abc,
abc,
abc,
abc,
abc,
abc,
abc,
abc,
abc,
abc,
abc,
abc,
abc,
abc,
abc,
abc,
abc,
abc,
abc,
abc,
abc,
abc,
abc,
abc,
abc,
abc,
abc,
abc,
abc,
abc,
abc,
abc,
abc,
abc,
abc,
abc,
abc,
abc,
abc,
abc,
abc,
abc,
abc,
abc,
abc,
abc,
abc,
abc,
abc,
abc,
abc,
abc,
abc,
abc,
abc,
abc,
abc,
abc,
abc,
abc,
abc,
abc,
abc,
abc,
abc,
abc,
abc,
abc,
abc,
abc,
abc,
abc,
abc,
abc,
abc,
abc,
abc,
abc,
abc,
abc,
abc,
abc,
abc,
abc,
abc,
abc,
abc,
abc,
abc,
abc,
abc,
abc,
abc,
abc,
abc,
abc,
abc,
abc,
abc,
abc,
abc,
abc,
abc,
abc,
abc,
abc,
abc,
abc,
abc,
abc,
abc,
abc,
abc,
abc,
abc,
abc,
abc,
abc,
abc,
abc,
abc,
abc,
abc,
abc,
abc,
abc,
abc,
abc,
abc,
abc,
abc,
abc,
abc,
abc,
abc,
abc,
abc,
abc,
abc,
abc,
abc,
abc,
abc,
abc,
abc,
abc,
abc,
abc,
abc,
abc,
abc,
abc,
abc,
abc,
abc,
abc,
abc,
abc,
abc,
abc,
abc,
abc,
abc,
abc,
abc,
abc,
abc,
abc,
abc,
abc,
abc,
abc,
abc,
abc,
abc,
abc,
abc,
abc,
abc,
abc,
abc,
abc,
abc,
abc,
abc,
abc,
abc,
abc,
abc,
abc,
abc,
abc,
abc,
abc,
abc,
abc,
abc,
abc,
abc,
abc,
abc,
abc,
abc,
abc,
abc,
abc,
abc,
abc,
abc,
abc,
abc,
abc,
abc,
abc,
abc,
abc,
abc,
abc,
abc,
abc,
abc,
abc,
abc,
abc,
abc,
abc,
abc,
abc,
abc,
abc,
abc,
abc,
abc,
abc,
abc,
abc,
abc,
abc,
abc,
abc,
abc,
abc,
abc,
abc,
abc,
abc,
abc,
abc,
abc,
abc,
abc,
abc,
abc,
abc,
abc,
abc,
abc,
abc,
abc,
abc,
abc,
abc,
abc,
abc,
abc,
abc,
abc,
abc,
abc,
abc,
abc,
abc,
abc,
abc,
abc,
abc,
abc,
abc,
abc,
abc,
abc,
abc,
abc,
abc,
abc,
abc,
abc,
abc,
abc,
abc,
abc,
abc,
abc,
abc,
abc,
abc,
abc,
abc,
abc,
abc,
abc,
abc,
abc,
abc,
abc,
abc,
abc,
abc,
abc,
abc,
abc,
abc,
abc,
abc,
abc,
abc,
abc,
abc,
abc,
abc,
abc,
abc,
abc,
abc,
abc,
abc,
abc,
abc,
abc,
abc,
abc,
abc,
abc,
abc,
abc,
abc,
abc,
abc,
abc,
abc,
abc,
abc,
abc,
abc,
abc,
abc,
abc,
abc,
abc,
abc,
abc,
abc,
abc,
abc,
abc,
abc,
abc,
abc,
abc,
abc,
abc,
abc,
abc,
abc,
abc,
abc,
abc,
abc,
abc,
abc,
abc,
abc,
abc,
abc,
abc,
abc,
abc,
abc,
abc,
abc,
abc,
abc,
abc,
abc,
abc,
abc,
abc,
abc,
abc,
abc,
abc,
abc,
abc,
abc,
abc,
abc,
abc,
abc,
abc,
abc,
abc,
abc,
abc,
abc,
abc,
abc,
abc,
abc,
abc,
abc,
abc,
abc,
abc,
abc,
abc,
abc,
abc,
abc,
abc,
abc,
abc,
abc,
abc,
abc,
abc,
abc,
abc,
abc,
abc,
abc,
abc,
abc,
abc,
abc,
abc,
abc,
abc,
abc,
abc,
abc,
abc,
abc,
abc,
abc,
abc,
abc,
abc,
abc,
abc,
abc,
abc,
abc,
abc,
abc,
abc,
abc,
abc,
abc,
abc,
abc,
abc,
abc,
abc,
abc,
abc,
abc,
abc,
abc,
abc,
abc,
abc,
abc,
abc,
abc,
abc,
abc,
abc,
abc,
abc,
abc,
abc,
abc,
abc,
abc,
abc,
abc,
abc,
abc,
abc,
abc,
abc,
abc,
abc,
abc,
abc,
abc,
abc,
abc,
abc,
abc,
abc,
abc,
abc,
abc,
abc,
abc,
abc,
abc,
abc,
abc,
abc,
abc,
abc,
abc,
abc,
abc,
abc,
abc,
abc,
abc,
abc,
abc,
abc,
abc,
abc,
abc,
abc,
abc,
abc,
abc,
abc,
abc,
abc,
abc,
abc,
abc,
abc,
abc,
abc,
abc,
abc,
abc,
abc,
abc,
abc,
abc,
abc,
abc,
abc,
abc,
abc,
abc,
abc,
abc,
abc,
abc,
abc,
abc,
abc,
abc,
abc,
abc,
abc,
abc,
abc,
abc,
abc,
abc,
abc,
abc,
abc,
abc,
abc,
abc,
abc,
abc,
abc,
abc,
abc,
abc,
abc,
abc,
abc,
abc,
abc,
abc,
abc,
abc,
abc,
abc,
abc,
abc,
abc,
abc,
abc,
abc,
abc,
abc,
abc,
abc,
abc,
abc,
abc,
abc,
abc,
abc,
abc,
abc,
abc,
abc,
abc,
abc,
abc,
abc,
abc,
abc,
abc,
abc,
abc,
abc,
abc,
abc,
abc,
abc,
abc,
abc,
abc,
abc,
abc,
abc,
abc,
abc,
abc,
abc,
abc,
abc,
abc,
abc,
abc,
abc,
abc,
abc,
abc,
abc,
abc,
abc,
abc,
abc,
abc,
abc,
abc,
abc,
abc,
abc,
abc,
abc,
abc,
abc,
abc,
abc,
abc,
abc,
abc,
abc,
abc,
abc,
abc,
abc,
abc,
abc,
abc,
abc,
abc,
abc,
abc,
abc,
abc,
abc,
abc,
abc,
abc,
abc,
abc,
abc,
abc,
abc,
abc,
abc,
abc,
abc,
abc,
abc,
abc,
abc,
abc,
abc,
abc,
abc,
abc,
abc,
abc,
abc,
abc,
abc,
abc,
abc,
abc,
abc,
abc,
abc,
abc,
abc,
abc,
abc,
abc,
abc,
abc,
abc,
abc,
abc,
abc,
abc,
abc,
abc,
abc,
abc,
abc,
abc,
abc,
abc,
abc,
abc,
abc,
abc,
abc,
abc,
abc,
abc,
abc,
abc,
abc,
abc,
abc,
abc,
abc,
abc,
abc,
abc,
abc,
abc,
abc,
abc,
abc,
abc,
abc,
abc,
abc,
abc,
abc,
abc,
abc,
abc,
abc,
abc,
abc,
abc,
abc,
abc,
abc,
abc,
abc,
abc,
abc,
abc,
abc,
abc,
abc,
abc,
abc,
abc,
abc,
abc,
abc,
abc,
abc,
abc,
abc,
abc,
abc,
abc,
abc,
abc,
abc,
abc,
abc,
abc,
abc,
abc,
abc,
abc,
abc,
abc,
abc,
abc,
abc,
abc,
abc,
abc,
abc,
abc,
abc,
abc,
abc,
abc,
abc,
abc,
abc,
abc,
abc,
abc,
abc,
abc,
abc,
abc,
abc,
abc,
abc,
abc,
abc,
abc,
abc,
abc,
abc,
abc,
abc,
abc,
abc,
abc,
abc,
abc,
abc,
abc,
abc,
abc,
abc,
abc,
abc,
abc,
abc,
abc,
abc,
abc,
abc,
abc,
abc,
abc,
abc,
abc,
abc,
abc,
abc,
abc,
abc,
abc,
abc,
abc,
abc,
abc,
abc,
abc,
abc,
abc,
abc,
abc,
abc,
abc,
abc,
abc,
abc,
abc,
abc,
abc,
abc,
abc,
abc,
abc,
abc,
abc,
abc,
abc,
abc,
abc,
abc,
abc,
abc,
abc,
abc,
abc,
abc,
abc,
abc,
abc,
abc,
abc,
abc,
abc,
abc,
abc,
abc,
abc,
abc,
abc,
abc,
abc,
abc,
abc,
abc,
abc,
abc,
abc,
abc,
abc,
abc,
abc,
abc,
abc,
abc,
abc,
abc,
abc,
abc,
abc,
abc,
abc,
abc,
abc,
abc,
abc,
abc,
abc,
abc,
abc,
abc,
abc,
abc,
abc,
abc,
abc,
abc,
abc,
abc,
abc,
abc,
abc,
abc,
abc,
abc,
abc,
abc,
abc,
abc,
abc,
abc,
abc,
abc,
abc,
abc,
abc,
abc,
abc,
abc,
abc,
abc,
abc,
abc,
abc,
abc,
abc,
abc,
abc,
abc,
abc,
abc,
abc,
abc,
abc,
abc,
abc,
abc,
abc,
abc,
abc,
abc,
abc,
abc,
abc,
abc,
abc,
abc,
abc,
abc,
abc,
abc,
abc,
abc,
abc,
abc,
abc,
abc,
abc,
abc,
abc,
abc,
abc,
abc,
abc,
abc,
abc,
abc,
abc,
abc,
abc,
abc,
abc,
abc,
abc,
abc,
abc,
abc,
abc,
abc,
abc,
abc,
abc,
abc,
abc,
abc,
abc,
abc,
abc,
abc,
abc,
abc,
abc,
abc,
abc,
abc,
abc,
abc,
abc,
abc,
abc,
abc,
abc,
abc,
abc,
abc,
abc,
abc,
abc,
abc,
abc,
abc,
abc,
abc,
abc,
abc,
abc,
abc,
abc,
abc,
abc,
abc,
abc,
abc,
abc,
abc,
abc,
abc,
abc,
abc,
abc,
abc,
abc,
abc,
abc,
abc,
abc,
abc,
abc,
abc,
abc,
abc,
abc,
abc,
abc,
abc,
abc,
abc,
abc,
abc,
abc,
abc,
abc,
abc,
abc,
abc,
abc,
abc,
abc,
abc,
abc,
abc,
abc,
abc,
abc,
abc,
abc,
abc,
abc,
abc,
abc,
abc,
abc,
abc,
abc,
abc,
abc,
abc,
abc,
abc,
abc,
abc,
abc,
abc,
abc,
abc,
abc,
abc,
abc,
abc,
abc,
abc,
abc,
abc,
abc,
abc,
abc,
abc,
abc,
abc,
abc,
abc,
abc,
abc,
abc,
abc,
abc,
abc,
abc,
abc,
abc,
abc,
abc,
abc,
abc,
abc,
abc,
abc,
abc,
abc,
abc,
abc,
abc,
abc,
abc,
abc,
abc,
abc,
abc,
abc,
abc,
abc,
abc,
abc,
abc,
abc,
abc,
abc,
abc,
abc,
abc,
abc,
abc,
abc,
abc,
abc,
abc,
abc,
abc,
abc,
abc,
abc,
abc,
abc,
abc,
abc,
abc,
abc,
abc,
abc,
abc,
abc,
abc,
abc,
abc,
abc,
abc,
abc,
abc,
abc,
abc,
abc,
abc,
abc,
abc,
abc,
abc,
abc,
abc,
abc,
abc,
abc,
abc,
abc,
abc,
abc,
abc,
abc,
abc,
abc,
abc,
abc,
abc,
abc,
abc,
abc,
abc,
abc,
abc,
abc,
abc,
abc,
abc,
abc,
abc,
abc,
abc,
abc,
abc,
abc,
abc,
abc,
abc,
abc,
abc,
abc,
abc,
abc,
abc,
abc,
abc,
abc,
abc,
abc,
abc,
abc,
abc,
abc,
abc,
abc,
abc,
abc,
abc,
abc,
abc,
abc,
abc,
abc,
abc,
abc,
abc,
abc,
abc,
abc,
abc,
abc,
abc,
abc,
abc,
abc,
abc,
abc,
abc,
abc,
abc,
abc,
abc,
abc,
abc,
abc,
abc,
abc,
abc,
abc,
abc,
abc,
abc,
abc,
abc,
abc,
abc,
abc,
abc,
abc,
abc,
abc,
abc,
abc,
abc,
abc,
abc,
abc,
abc,
abc,
abc,
abc,
abc,
abc,
abc,
abc,
abc,
abc,
abc,
abc,
abc,
abc,
abc,
abc,
abc,
abc,
abc,
abc,
abc,
abc,
abc,
abc,
abc,
abc,
abc,
abc,
abc,
abc,
abc,
abc,
abc,
abc,
abc,
abc,
abc,
abc,
abc,
abc,
abc,
abc,
abc,
abc,
abc,
abc,
abc,
abc,
abc,
abc,
abc,
abc,
abc,
abc,
abc,
abc,
abc,
abc,
abc,
abc,
abc,
abc,
abc,
abc,
abc,
abc,
abc,
abc,
abc,
abc,
abc,
abc,
abc,
abc,
abc,
abc,
abc,
abc,
abc,
abc,
abc,
abc,
abc,
abc,
abc,
abc,
abc,
abc,
abc,
abc,
abc,
abc,
abc,
abc,
abc,
abc,
abc,
abc,
abc,
abc,
abc,
abc,
abc,
abc,
abc,
abc,
abc,
abc,
abc,
abc,
abc,
abc,
abc,
abc,
abc,
abc,
abc,
abc,
abc,
abc,
abc,
abc,
abc,
abc,
abc,
abc,
abc,
abc,
abc,
abc,
abc,
abc,
abc,
abc,
abc,
abc,
abc,
abc,
abc,
abc,
abc,
abc,
abc,
abc,
abc,
abc,
abc,
abc,
abc,
abc,
abc,
abc,
abc,
abc,
abc,
abc,
abc,
abc,
abc,
abc,
abc,
abc,
abc,
abc,
abc,
abc,
abc,
abc,
abc,
abc,
abc,
abc,
abc,
abc,
abc,
abc,
abc,
abc,
abc,
abc,
abc,
abc,
abc,
abc,
abc,
abc,
abc,
abc,
abc,
abc,
abc,
abc,
abc,
abc,
abc,
abc,
abc,
abc,
abc,
abc,
abc,
abc,
abc,
abc,
abc,
abc,
abc,
abc,
abc,
abc,
abc,
abc,
abc,
abc,
abc,
abc,
abc,
abc,
abc,
abc,
abc,
abc,
abc,
abc,
abc,
abc,
abc,
abc,
abc,
abc,
abc,
abc,
abc,
abc,
abc,
abc,
abc,
abc,
abc,
abc,
abc,
abc,
abc,
abc,
abc,
abc,
abc,
abc,
abc,
abc,
abc,
abc,
abc,
abc,
abc,
abc,
abc,
abc,
abc,
abc,
abc,
abc,
abc,
abc,
abc,
abc,
abc,
abc,
abc,
abc,
abc,
abc,
abc,
abc,
abc,
abc,
abc,
abc,
abc,
abc,
abc,
abc,
abc,
abc,
abc,
abc,
abc,
abc,
abc,
abc,
abc,
abc,
abc,
abc,
abc,
abc,
abc,
abc,
abc,
abc,
abc,
abc,
abc,
abc,
abc,
abc,
abc,
abc,
abc,
abc,
abc,
abc,
abc,
abc,
abc,
abc,
abc,
abc,
abc,
abc,
abc,
abc,
abc,
abc,
abc,
abc,
abc,
abc,
abc,
abc,
abc,
abc,
abc,
abc,
abc,
abc,
abc,
abc,
abc,
abc,
abc,
abc,
abc,
abc,
abc,
abc,
abc,
abc,
abc,
abc,
abc,
abc,
abc,
abc,
abc,
abc,
abc,
abc,
abc,
abc,
abc,
abc,
abc,
abc,
abc,
abc,
abc,
abc,
abc,
abc,
abc,
abc,
abc,
abc,
abc,
abc,
abc,
abc,
abc,
abc,
abc,
abc,
abc,
abc,
abc,
abc,
abc,
abc,
abc,
abc,
abc,
abc,
abc,
abc,
abc,
abc,
abc,
abc,
abc,
abc,
abc,
abc,
abc,
abc,
abc,
abc,
abc,
abc,
abc,
abc,
abc,
abc,
abc,
abc,
abc,
abc,
abc,
abc,
abc,
abc,
abc,
abc,
abc,
abc,
abc,
abc,
abc,
abc,
abc,
abc,
abc,
abc,
abc,
abc,
abc,
abc,
abc,
abc,
abc,
abc,
abc,
abc,
abc,
abc,
abc,
abc,
abc,
abc,
abc,
abc,
abc,
abc,
abc,
abc,
abc,
abc,
abc,
abc,
abc,
abc,
abc,
abc,
abc,
abc,
abc,
abc,
abc,
abc,
abc,
abc,
abc,
abc,
abc,
abc,
abc,
abc,
abc,
abc,
abc,
abc,
abc,
abc,
abc,
abc,
abc,
abc,
abc,
abc,
abc,
abc,
abc,
abc,
abc,
abc,
abc,
abc,
abc,
abc,
abc,
abc,
abc,
abc,
abc,
abc,
abc,
abc,
abc,
abc,
abc,
abc,
abc,
abc,
abc,
abc,
abc,
abc,
abc,
abc,
abc,
abc,
abc,
abc,
abc,
abc,
abc,
abc,
abc,
abc,
abc,
abc,
abc,
abc,
abc,
abc,
abc,
abc,
abc,
abc,
abc,
abc,
abc,
abc,
abc,
abc,
abc,
abc,
abc,
abc,
abc,
abc,
abc,
abc,
abc,
abc,
abc,
abc,
abc,
abc,
abc,
abc,
abc,
abc,
abc,
abc,
abc,
abc,
abc,
abc,
abc,
abc,
abc,
abc,
abc,
abc,
abc,
abc,
abc,
abc,
abc,
abc,
abc,
abc,
abc,
abc,
abc,
abc,
abc,
abc,
abc,
abc,
abc,
abc,
abc,
abc,
abc,
abc,
abc,
abc,
abc,
abc,
abc,
abc,
abc,
abc,
abc,
abc,
abc,
abc,
abc,
abc,
abc,
abc,
abc,
abc,
abc,
abc,
abc,
abc,
abc,
abc,
abc,
abc,
abc,
abc,
abc,
abc,
abc,
abc,
abc,
abc,
abc,
abc,
abc,
abc,
abc,
abc,
abc,
abc,
abc,
abc,
abc,
abc,
abc,
abc,
abc,
abc,
abc,
abc,
abc,
abc,
abc,
abc,
abc,
abc,
abc,
abc,
abc,
abc,
abc,
abc,
abc,
abc,
abc,
abc,
abc,
abc,
abc,
abc,
abc,
abc,
abc,
abc,
abc,
abc,
abc,
abc,
abc,
abc,
abc,
abc,
abc,
abc,
abc,
abc,
abc,
abc,
abc,
abc,
abc,
abc,
abc,
abc,
abc,
abc,
abc,
abc,
abc,
abc,
abc,
abc,
abc,
abc,
abc,
abc,
abc,
abc,
abc,
abc,
abc,
abc,
abc,
abc,
abc,
abc,
abc,
abc,
abc,
abc,
abc,
abc,
abc,
abc,
abc,
abc,
abc,
abc,
abc,
abc,
abc,
abc,
abc,
abc,
abc,
abc,
abc,
abc,
abc,
abc,
abc,
abc,
abc,
abc,
abc,
abc,
abc,
abc,
abc,
abc,
abc,
abc,
abc,
abc,
abc,
abc,
abc,
abc,
abc,
abc,
abc,
abc,
abc,
abc,
abc,
abc,
abc,
abc,
abc,
abc,
abc,
abc,
abc,
abc,
abc,
abc,
abc,
abc,
abc,
abc,
abc,
abc,
abc,
abc,
abc,
abc,
abc,
abc,
abc,
abc,
abc,
abc,
abc,
abc,
abc,
abc,
abc,
abc,
abc,
abc,
abc,
abc,
abc,
abc,
abc,
abc,
abc,
abc,
abc,
abc,
abc,
abc,
abc,
abc,
abc,
abc,
abc,
abc,
abc,
abc,
abc,
abc,
abc,
abc,
abc,
abc,
abc,
abc,
abc,
abc,
abc,
abc,
abc,
abc,
abc,
abc,
abc,
abc,
abc,
abc,
abc,
abc,
abc,
abc,
abc,
abc,
abc,
abc,
abc,
abc,
abc,
abc,
abc,
abc,
abc,
abc,
abc,
abc,
abc,
abc,
abc,
abc,
abc,
abc,
abc,
abc,
abc,
abc,
abc,
abc,
abc,
abc,
abc,
abc,
abc,
abc,
abc,
abc,
abc,
abc,
abc,
abc,
abc,
abc,
abc,
abc,
abc,
abc,
abc,
abc,
abc,
abc,
abc,
abc,
abc,
abc,
abc,
abc,
abc,
abc,
abc,
abc,
abc,
abc,
abc,
abc,
abc,
abc,
abc,
abc,
abc,
abc,
abc,
abc,
abc,
abc,
abc,
abc,
abc,
abc,
abc,
abc,
abc,
abc,
abc,
abc,
abc,
abc,
abc,
abc,
abc,
abc,
abc,
abc,
abc,
abc,
abc,
abc,
abc,
abc,
abc,
abc,
abc,
abc,
abc,
abc,
abc,
abc,
abc,
abc,
abc,
abc,
abc,
abc,
abc,
abc,
abc,
abc,
abc,
abc,
abc,
abc,
abc,
abc,
abc,
abc,
abc,
abc,
abc,
abc,
abc,
abc,
abc,
abc,
abc,
abc,
abc,
abc,
abc,
abc,
abc,
abc,
abc,
abc,
abc,
abc,
abc,
abc,
abc,
abc,
abc,
abc,
abc,
abc,
abc,
abc,
abc,
abc,
abc,
abc,
abc,
abc,
abc,
abc,
abc,
abc,
abc,
abc,
abc,
abc,
abc,
abc,
abc,
abc,
abc,
abc,
abc,
abc,
abc,
abc,
abc,
abc,
abc,
abc,
abc,
abc,
abc,
abc,
abc,
abc,
abc,
abc,
abc,
abc,
abc,
abc,
abc,
abc,
abc,
abc,
abc,
abc,
abc,
abc,
abc,
abc,
abc,
abc,
abc,
abc,
abc,
abc,
abc,
abc,
abc,
abc,
abc,
abc,
abc,
abc,
abc,
abc,
abc,
abc,
abc,
abc,
abc,
abc,
abc,
abc,
abc,
abc,
abc,
abc,
abc,
abc,
abc,
abc,
abc,
abc,
abc,
abc,
abc,
abc,
abc,
abc,
abc,
abc,
abc,
abc,
abc,
abc,
abc,
abc,
abc,
abc,
abc,
abc,
abc,
abc,
abc,
abc,
abc,
abc,
abc,
abc,
abc,
abc,
abc,
abc,
abc,
abc,
abc,
abc,
abc,
abc,
abc,
abc,
abc,
abc,
abc,
abc,
abc,
abc,
abc,
abc,
abc,
abc,
abc,
abc,
abc,
abc,
abc,
abc,
abc,
abc,
abc,
abc,
abc,
abc,
abc,
abc,
abc,
abc,
abc,
abc,
abc,
abc,
abc,
abc,
abc,
abc,
abc,
abc,
abc,
abc,
abc,
abc,
abc,
abc,
abc,
abc,
abc,
abc,
abc,
abc,
abc,
abc,
abc,
abc,
abc,
abc,
abc,
abc,
abc,
abc,
abc,
abc,
abc,
abc,
abc,
abc,
abc,
abc,
abc,
abc,
abc,
abc,
abc,
abc,
abc,
abc,
abc,
abc,
abc,
abc,
abc,
abc,
abc,
abc,
abc,
abc,
abc,
abc,
abc,
abc,
abc,
abc,
abc,
abc,
abc,
abc,
abc,
abc,
abc,
abc,
abc,
abc,
abc,
abc,
abc,
abc,
abc,
abc,
abc,
abc,
abc,
abc,
abc,
abc,
abc,
abc,
abc,
abc,
abc,
abc,
abc,
abc,
abc,
abc,
abc,
abc,
abc,
abc,
abc,
abc,
abc,
abc,
abc,
abc,
abc,
abc,
abc,
abc,
abc,
abc,
abc,
abc,
abc,
abc,
abc,
abc,
abc,
abc,
abc,
abc,
abc,
abc,
abc,
abc,
abc,
abc,
abc,
abc,
abc,
abc,
abc,
abc,
abc,
abc,
abc,
abc,
abc,
abc,
abc,
abc,
abc,
abc,
abc,
abc,
abc,
abc,
abc,
abc,
abc,
abc,
abc,
abc,
abc,
abc,
abc,
abc,
abc,
abc,
abc,
abc,
abc,
abc,
abc,
abc,
abc,
abc,
abc,
abc,
abc,
abc,
abc,
abc,
abc,
abc,
abc,
abc,
abc,
abc,
abc,
abc,
abc,
abc,
abc,
abc,
abc,
abc,
abc,
abc,
abc,
abc,
abc,
abc,
abc,
abc,
abc,
abc,
abc,
abc,
abc,
abc,
abc,
abc,
abc,
abc,
abc,
abc,
abc,
abc,
abc,
abc,
abc,
abc,
abc,
abc,
abc,
abc,
abc,
abc,
abc,
abc,
abc,
abc,
abc,
abc,
abc,
abc,
abc,
abc,
abc,
abc,
abc,
abc,
abc,
abc,
abc,
abc,
abc,
abc,
abc,
abc,
abc,
abc,
abc,
abc,
abc,
abc,
abc,
abc,
abc,
abc,
abc,
abc,
abc,
abc,
abc,
abc,
abc,
abc,
abc,
abc,
abc,
abc,
abc,
abc,
abc,
abc,
abc,
abc,
abc,
abc,
abc,
abc,
abc,
abc,
abc,
abc,
abc,
abc,
abc,
abc,
abc,
abc,
abc,
abc,
abc,
abc,
abc,
abc,
abc,
abc,
abc,
abc,
abc,
abc,
abc,
abc,
abc,
abc,
abc,
abc,
abc,
abc,
abc,
abc,
abc,
abc,
abc,
abc,
abc,
abc,
abc,
abc,
abc,
abc,
abc,
abc,
abc,
abc,
abc,
abc,
abc,
abc,
abc,
abc,
abc,
abc,
abc,
abc,
abc,
abc,
abc,
abc,
abc,
abc,
abc,
abc,
abc,
abc,
abc,
abc,
abc,
abc,
abc,
abc,
abc,
abc,
abc,
abc,
abc,
abc,
abc,
abc,
abc,
abc,
abc,
abc,
abc,
abc,
abc,
abc,
abc,
abc,
abc,
abc,
abc,
abc,
abc,
abc,
abc,
abc,
abc,
abc,
abc,
abc,
abc,
abc,
abc,
abc,
abc,
abc,
abc,
abc,
abc,
abc,
abc,
abc,
abc,
abc,
abc,
abc,
abc,
abc,
abc,
abc,
abc,
abc,
abc,
abc,
abc,
abc,
abc,
abc,
abc,
abc,
abc,
abc,
abc,
abc,
abc,
abc,
abc,
abc,
abc,
abc,
abc,
abc,
abc,
abc,
abc,
abc,
abc,
abc,
abc,
abc,
abc,
abc,
abc,
abc,
abc,
abc,
abc,
abc,
abc,
abc,
abc,
abc,
abc,
abc,
abc,
abc,
abc,
abc,
abc,
abc,
abc,
abc,
abc,
abc,
abc,
abc,
abc,
abc,
abc,
abc,
abc,
abc,
abc,
abc,
abc,
abc,
abc,
abc,
abc,
abc,
abc,
abc,
abc,
abc,
abc,
abc,
abc,
abc,
abc,
abc,
abc,
abc,
abc,
abc,
abc,
abc,
abc,
abc,
abc,
abc,
abc,
abc,
abc,
abc,
abc,
abc,
abc,
abc,
abc,
abc,
abc,
abc,
abc,
abc,
abc,
abc,
abc,
abc,
abc,
abc,
abc,
abc,
abc,
abc,
abc,
abc,
abc,
abc,
abc,
abc,
abc,
abc,
abc,
abc,
abc,
abc,
abc,
abc,
abc,
abc,
abc,
abc,
abc,
abc,
abc,
abc,
abc,
abc,
abc,
abc,
abc,
abc,
abc,
abc,
abc,
abc,
abc,
abc,
abc,
abc,
abc,
abc,
abc,
abc,
abc,
abc,
abc,
abc,
abc,
abc,
abc,
abc,
abc,
abc,
abc,
abc,
abc,
abc,
abc,
abc,
abc,
abc,
abc,
abc,
abc,
abc,
abc,
abc,
abc,
abc,
abc,
abc,
abc,
abc,
abc,
abc,
abc,
abc,
abc,
abc,
abc,
abc,
abc,
abc,
abc,
abc,
abc,
abc,
abc,
abc,
abc,
abc,
abc,
abc,
abc,
abc,
abc,
abc,
abc,
abc,
abc,
abc,
abc,
abc,
abc,
abc,
abc,
abc,
abc,
abc,
abc,
abc,
abc,
abc,
abc,
abc,
abc,
abc,
abc,
abc,
abc,
abc,
abc,
abc,
abc,
abc,
abc,
abc,
abc,
abc,
abc,
abc,
abc,
abc,
abc,
abc,
abc,
abc,
abc,
abc,
abc,
abc,
abc,
abc,
abc,
abc,
abc,
abc,
abc,
abc,
abc,
abc,
abc,
abc,
abc,
abc,
abc,
abc,
abc,
abc,
abc,
abc,
abc,
abc,
abc,
abc,
abc,
abc,
abc,
abc,
abc,
abc,
abc,
abc,
abc,
abc,
abc,
abc,
abc,
abc,
abc,
abc,
abc,
abc,
abc,
abc,
abc,
abc,
abc,
abc,
abc,
abc,
abc,
abc,
abc,
abc,
abc,
abc,
abc,
abc,
abc,
abc,
abc,
abc,
abc,
abc,
abc,
abc,
abc,
abc,
abc,
abc,
abc,
abc,
abc,
abc,
abc,
abc,
abc,
abc,
abc,
abc,
abc,
abc,
abc,
abc,
abc,
abc,
abc,
abc,
abc,
abc,
abc,
abc,
abc,
abc,
abc,
abc,
abc,
abc,
abc,
abc,
abc,
abc,
abc,
abc,
abc,
abc,
abc,
abc,
abc,
abc,
abc,
abc,
abc,
abc,
abc,
abc,
abc,
abc,
abc,
abc,
abc,
abc,
abc,
abc,
abc,
abc,
abc,
abc,
abc,
abc,
abc,
abc,
abc,
abc,
abc,
abc,
abc,
abc,
abc,
abc,
abc,
abc,
abc,
abc,
abc,
abc,
abc,
abc,
abc,
abc,
abc,
abc,
abc,
abc,
abc,
abc,
abc,
abc,
abc,
abc,
abc,
abc,
abc,
abc,
abc,
abc,
abc,
abc,
abc,
abc,
abc,
abc,
abc,
abc,
abc,
abc,
abc,
abc,
abc,
abc,
abc,
abc,
abc,
abc,
abc,
abc,
abc,
abc,
abc,
abc,
abc,
abc,
abc,
abc,
abc,
abc,
abc,
abc,
abc,
abc,
abc,
abc,
abc,
abc,
abc,
abc,
abc,
abc,
abc,
abc,
abc,
abc,
abc,
abc,
abc,
abc,
abc,
abc,
abc,
abc,
abc,
abc,
abc,
abc,
abc,
abc,
abc,
abc,
abc,
abc,
abc,
abc,
abc,
abc,
abc,
abc,
abc,
abc,
abc,
abc,
abc,
abc,
abc,
abc,
abc,
abc,
abc,
abc,
abc,
abc,
abc,
abc,
abc,
abc,
abc,
abc,
abc,
abc,
abc,
abc,
abc,
abc,
abc,
abc,
abc,
abc,
abc,
abc,
abc,
abc,
abc,
abc,
abc,
abc,
abc,
abc,
abc,
abc,
abc,
abc,
abc,
abc,
abc,
abc,
abc,
abc,
abc,
abc,
abc,
abc,
abc,
abc,
abc,
abc,
abc,
abc,
abc,
abc,
abc,
abc,
abc,
abc,
abc,
abc,
abc,
abc,
abc,
abc,
abc,
abc,
abc,
abc,
abc,
abc,
abc,
abc,
abc,
abc,
abc,
abc,
abc,
abc,
abc,
abc,
abc,
abc,
abc,
abc,
abc,
abc,
abc,
abc,
abc,
abc,
abc,
abc,
abc,
abc,
abc,
abc,
abc,
abc,
abc,
abc,
abc,
abc,
abc,
abc,
abc,
abc,
abc,
abc,
abc,
abc,
abc,
abc,
abc,
abc,
abc,
abc,
abc,
abc,
abc,
abc,
abc,
abc,
abc,
abc,
abc,
abc,
abc,
abc,
abc,
abc,
abc,
abc,
abc,
abc,
abc,
abc,
abc,
abc,
abc,
abc,
abc,
abc,
abc,
abc,
abc,
abc,
abc,
abc,
abc,
abc,
abc,
abc,
abc,
abc,
abc,
abc,
abc,
abc,
abc,
abc,
abc,
abc,
abc,
abc,
abc,
abc,
abc,
abc,
abc,
abc,
abc,
abc,
abc,
abc,
abc,
abc,
abc,
abc,
abc,
abc,
abc,
abc,
abc,
abc,
abc,
abc,
abc,
abc,
abc,
abc,
abc,
abc,
abc,
abc,
abc,
abc,
abc,
abc,
abc,
abc,
abc,
abc,
abc,
abc,
abc,
abc,
abc,
abc,
abc,
abc,
abc,
abc,
abc,
abc,
abc,
abc,
abc,
abc,
abc,
abc,
abc,
abc,
abc,
abc,
abc,
abc,
abc,
abc,
abc,
abc,
abc,
abc,
abc,
abc,
abc,
abc,
abc,
abc,
abc,
abc,
abc,
abc,
abc,
abc,
abc,
abc,
abc,
abc,
abc,
abc,
abc,
abc,
abc,
abc,
abc,
abc,
abc,
abc,
abc,
abc,
abc,
abc,
abc,
abc,
abc,
abc,
abc,
abc,
abc,
abc,
abc,
abc,
abc,
abc,
abc,
abc,
abc,
abc,
abc,
abc,
abc,
abc,
abc,
abc,
abc,
abc,
abc,
abc,
abc,
abc,
abc,
abc,
abc,
abc,
abc,
abc,
abc,
abc,
abc,
abc,
abc,
abc,
abc,
abc,
abc,
abc,
abc,
abc,
abc,
abc,
abc,
abc,
abc,
abc,
abc,
abc,
abc,
abc,
abc,
abc,
abc,
abc,
abc,
abc,
abc,
abc,
abc,
abc,
abc,
abc,
abc,
abc,
abc,
abc,
abc,
abc,
abc,
abc,
abc,
abc,
abc,
abc,
abc,
abc,
abc,
abc,
abc,
abc,
abc,
abc,
abc,
abc,
abc,
abc,
abc,
abc,
abc,
abc,
abc,
abc,
abc,
abc,
abc,
abc,
abc,
abc,
abc,
abc,
abc,
abc,
abc,
abc,
abc,
abc,
abc,
abc,
abc,
abc,
abc,
abc,
abc,
abc,
abc,
abc,
abc,
abc,
abc,
abc,
abc,
abc,
abc,
abc,
abc,
abc,
abc,
abc,
abc,
abc,
abc,
abc,
abc,
abc,
abc,
abc,
abc,
abc,
abc,
abc,
abc,
abc,
abc,
abc,
abc,
abc,
abc,
abc,
abc,
abc,
abc,
abc,
abc,
abc,
abc,
abc,
abc,
abc,
abc,
abc,
abc,
abc,
abc,
abc,
abc,
abc,
abc,
abc,
abc,
abc,
abc,
abc,
abc,
abc,
abc,
abc,
abc,
abc,
abc,
abc,
abc,
abc,
abc,
abc,
abc,
abc,
abc,
abc,
abc,
abc,
abc,
abc,
abc,
abc,
abc,
abc,
abc,
abc,
abc,
abc,
abc,
abc,
abc,
abc,
abc,
abc,
abc,
abc,
abc,
abc,
abc,
abc,
abc,
abc,
abc,
abc,
abc,
abc,
abc,
abc,
abc,
abc,
abc,
abc,
abc,
abc,
abc,
abc,
abc,
abc,
abc,
abc,
abc,
abc,
abc,
abc,
abc,
abc,
abc,
abc,
abc,
abc,
abc,
abc,
abc,
abc,
abc,
abc,
abc,
abc,
abc,
abc,
abc,
abc,
abc,
abc,
abc,
abc,
abc,
abc,
abc,
abc,
abc,
abc,
abc,
abc,
abc,
abc,
abc,
abc,
abc,
abc,
abc,
abc,
abc,
abc,
abc,
abc,
abc,
abc,
abc,
abc,
abc,
abc,
abc,
abc,
abc,
abc,
abc,
abc,
abc,
abc,
abc,
abc,
abc,
abc,
abc,
abc,
abc,
abc,
abc,
abc,
abc,
abc,
abc,
abc,
abc,
abc,
abc,
abc,
abc,
abc,
abc,
abc,
abc,
abc,
abc,
abc,
abc,
abc,
abc,
abc,
abc,
abc,
abc,
abc,
abc,
abc,
abc,
abc,
abc,
abc,
abc,
abc,
abc,
abc,
abc,
abc,
abc,
abc,
abc,
abc,
abc,
abc,
abc,
abc,
abc,
abc,
abc,
abc,
abc,
abc,
abc,
abc,
abc,
abc,
abc,
abc,
abc,
abc,
abc,
abc,
abc,
abc,
abc,
abc,
abc,
abc,
abc,
abc,
abc,
abc,
abc,
abc,
abc,
abc,
abc,
abc,
abc,
abc,
abc,
abc,
abc,
abc,
abc,
abc,
abc,
abc,
abc,
abc,
abc,
abc,
abc,
abc,
abc,
abc,
abc,
abc,
abc,
abc,
abc,
abc,
abc,
abc,
abc,
abc,
abc,
abc,
abc,
abc,
abc,
abc,
abc,
abc,
abc,
abc,
abc,
abc,
abc,
abc,
abc,
abc,
abc,
abc,
abc,
abc,
abc,
abc,
abc,
abc,
abc,
abc,
abc,
abc,
abc,
abc,
abc,
abc,
abc,
abc,
abc,
abc,
abc,
abc,
abc,
abc,
abc,
abc,
abc,
abc,
abc,
abc,
abc,
abc,
abc,
abc,
abc,
abc,
abc,
abc,
abc,
abc,
abc,
abc,
abc,
abc,
abc,
abc,
abc,
abc,
abc,
abc,
abc,
abc,
abc,
abc,
abc,
abc,
abc,
abc,
abc,
abc,
abc,
abc,
abc,
abc,
abc,
abc,
abc,
abc,
abc,
abc,
abc,
abc,
abc,
abc,
abc,
abc,
abc,
abc,
abc,
abc,
abc,
abc,
abc,
abc,
abc,
abc,
abc,
abc,
abc,
abc,
abc,
abc,
abc,
abc,
abc,
abc,
abc,
abc,
abc,
abc,
abc,
abc,
abc,
abc,
abc,
abc,
abc,
abc,
abc,
abc,
abc,
abc,
abc,
abc,
abc,
abc,
abc,
abc,
abc,
abc,
abc,
abc,
abc,
abc,
abc,
abc,
abc,
abc,
abc,
abc,
abc,
abc,
abc,
abc,
abc,
abc,
abc,
abc,
abc,
abc,
abc,
abc,
abc,
abc,
abc,
abc,
abc,
abc,
abc,
abc,
abc,
abc,
abc,
abc,
abc,
abc,
abc,
abc,
abc,
abc,
abc,
abc,
abc,
abc,
abc,
abc,
abc,
abc,
abc,
abc,
abc,
abc,
abc,
abc,
abc,
abc,
abc,
abc,
abc,
abc,
abc,
abc,
abc,
abc,
abc,
abc,
abc,
abc,
abc,
abc,
abc,
abc,
abc,
abc,
abc,
abc,
abc,
abc,
abc,
abc,
abc,
abc,
abc,
abc,
abc,
abc,
abc,
abc,
abc,
abc,
abc,
abc,
abc,
abc,
abc,
abc,
abc,
abc,
abc,
abc,
abc,
abc,
abc,
abc,
abc,
abc,
abc,
abc,
abc,
abc,
abc,
abc,
abc,
abc,
abc,
abc,
abc,
abc,
abc,
abc,
abc,
abc,
abc,
abc,
abc,
abc,
abc,
abc,
abc,
abc,
abc,
abc,
abc,
abc,
abc,
abc,
abc,
abc,
abc,
abc,
abc,
abc,
abc,
abc,
abc,
abc,
abc,
abc,
abc,
abc,
abc,
abc,
abc,
abc,
abc,
abc,
abc,
abc,
abc,
abc,
abc,
abc,
abc,
abc,
abc,
abc,
abc,
abc,
abc,
abc,
abc,
abc,
abc,
abc,
abc,
abc,
abc,
abc,
abc,
abc,
abc,
abc,
abc,
abc,
abc,
abc,
abc,
abc,
abc,
abc,
abc,
abc,
abc,
abc,
abc,
abc,
abc,
abc,
abc,
abc,
abc,
abc,
abc,
abc,
abc,
abc,
abc,
abc,
abc,
abc,
abc,
abc,
abc,
abc,
abc,
abc,
abc,
abc,
abc,
abc,
abc,
abc,
abc,
abc,
abc,
abc,
abc,
abc,
abc,
abc,
abc,
abc,
abc,
abc,
abc,
abc,
abc,
abc,
abc,
abc,
abc,
abc,
abc,
abc,
abc,
abc,
abc,
abc,
abc,
abc,
abc,
abc,
abc,
abc,
abc,
abc,
abc,
abc,
abc,
abc,
abc,
abc,
abc,
abc,
abc,
abc,
abc,
abc,
abc,
abc,
abc,
abc,
abc,
abc,
abc,
abc,
abc,
abc,
abc,
abc,
abc,
abc,
abc,
abc,
abc,
abc,
abc,
abc,
abc,
abc,
abc,
abc,
abc,
abc,
abc,
abc,
abc,
abc,
abc,
abc,
abc,
abc,
abc,
abc,
abc,
abc,
abc,
abc,
abc,
abc,
abc,
abc,
abc,
abc,
abc,
abc,
abc,
abc,
abc,
abc,
abc,
abc,
abc,
abc,
abc,
abc,
abc,
abc,
abc,
abc,
abc,
abc,
abc,
abc,
abc,
abc,
abc,
abc,
abc,
abc,
abc,
abc,
abc,
abc,
abc,
abc,
abc,
abc,
abc,
abc,
abc,
abc,
abc,
abc,
abc,
abc,
abc,
abc,
abc,
abc,
abc,
abc,
abc,
abc,
abc,
abc,
abc,
abc,
abc,
abc,
abc,
abc,
abc,
abc,
abc,
abc,
abc,
abc,
abc,
abc,
abc,
abc,
abc,
abc,
abc,
abc,
abc,
abc,
abc,
abc,
abc,
abc,
abc,
abc,
abc,
abc,
abc,
abc,
abc,
abc,
abc,
abc,
abc,
abc,
abc,
abc,
abc,
abc,
abc,
abc,
abc,
abc,
abc,
abc,
abc,
abc,
abc,
abc,
abc,
abc,
abc,
abc,
abc,
abc,
abc,
abc,
abc,
abc,
abc,
abc,
abc,
abc,
abc,
abc,
abc,
abc,
abc,
abc,
abc,
abc,
abc,
abc,
abc,
abc,
abc,
abc,
abc,
abc,
abc,
abc,
abc,
abc,
abc,
abc,
abc,
abc,
abc,
abc,
abc,
abc,
abc,
abc,
abc,
abc,
abc,
abc,
abc,
abc,
abc,
abc,
abc,
abc,
abc,
abc,
abc,
abc,
abc,
abc,
abc,
abc,
abc,
abc,
abc,
abc,
abc,
abc,
abc,
abc,
abc,
abc,
abc,
abc,
abc,
abc,
abc,
abc,
abc,
abc,
abc,
abc,
abc,
abc,
abc,
abc,
abc,
abc,
abc,
abc,
abc,
abc,
abc,
abc,
abc,
abc,
abc,
abc,
abc,
abc,
abc,
abc,
abc,
abc,
abc,
abc,
abc,
abc,
abc,
abc,
abc,
abc,
abc,
abc,
abc,
abc,
abc,
abc,
abc,
abc,
abc,
abc,
abc,
abc,
abc,
abc,
abc,
abc,
abc,
abc,
abc,
abc,
abc,
abc,
abc,
abc,
abc,
abc,
abc,
abc,
abc,
abc,
abc,
abc,
abc,
abc,
abc,
abc,
abc,
abc,
abc,
abc,
abc,
abc,
abc,
abc,
abc,
abc,
abc,
abc,
abc,
abc,
abc,
abc,
abc,
abc,
abc,
abc,
abc,
abc,
abc,
abc,
abc,
abc,
abc,
abc,
abc,
abc,
abc,
abc,
abc,
abc,
abc,
abc,
abc,
abc,
abc,
abc,
abc,
abc,
abc,
abc,
abc,
abc,
abc,
abc,
abc,
abc,
abc,
abc,
abc,
abc,
abc,
abc,
abc,
abc,
abc,
abc,
abc,
abc,
abc,
abc,
abc,
abc,
abc,
abc,
abc,
abc,
abc,
abc,
abc,
abc,
abc,
abc,
abc,
abc,
abc,
abc,
abc,
abc,
abc,
abc,
abc,
abc,
abc,
abc,
abc,
abc,
abc,
abc,
abc,
abc,
abc,
abc,
abc,
abc,
abc,
abc,
abc,
abc,
abc,
abc,
abc,
abc,
abc,
abc,
abc,
abc,
abc,
abc,
abc,
abc,
abc,
abc,
abc,
abc,
abc,
abc,
abc,
abc,
abc,
abc,
abc,
abc,
abc,
abc,
abc,
abc,
abc,
abc,
abc,
abc,
abc,
abc,
abc,
abc,
abc,
abc,
abc,
abc,
abc,
abc,
abc,
abc,
abc,
abc,
abc,
abc,
abc,
abc,
abc,
abc,
abc,
abc,
abc,
abc,
abc,
abc,
abc,
abc,
abc,
abc,
abc,
abc,
abc,
abc,
abc,
abc,
abc,
abc,
abc,
abc,
abc,
abc,
abc,
abc,
abc,
abc,
abc,
abc,
abc,
abc,
abc,
abc,
abc,
abc,
abc,
abc,
abc,
abc,
abc,
abc,
abc,
abc,
abc,
abc,
abc,
abc,
abc,
abc,
abc,
abc,
abc,
abc,
abc,
abc,
abc,
abc,
abc,
abc,
abc,
abc,
abc,
abc,
abc,
abc,
abc,
abc,
abc,
abc,
abc,
abc,
abc,
abc,
abc,
abc,
abc,
abc,
abc,
abc,
abc,
abc,
abc,
abc,
abc,
abc,
abc,
abc,
abc,
abc,
abc,
abc,
abc,
abc,
abc,
abc,
abc,
abc,
abc,
abc,
abc,
abc,
abc,
abc,
abc,
abc,
abc,
abc,
abc,
abc,
abc,
abc,
abc,
abc,
abc,
abc,
abc,
abc,
abc,
abc,
abc,
abc,
abc,
abc,
abc,
abc,
abc,
abc,
abc,
abc,
abc,
abc,
abc,
abc,
abc,
abc,
abc,
abc,
abc,
abc,
abc,
abc,
abc,
abc,
abc,
abc,
abc,
abc,
abc,
abc,
abc,
abc,
abc,
abc,
abc,
abc,
abc,
abc,
abc,
abc,
abc,
abc,
abc,
abc,
abc,
abc,
abc,
abc,
abc,
abc,
abc,
abc,
abc,
abc,
abc,
abc,
abc,
abc,
abc,
abc,
abc,
abc,
abc,
abc,
abc,
abc,
abc,
abc,
abc,
abc,
abc,
abc,
abc,
abc,
abc,
abc,
abc,
abc,
abc,
abc,
abc,
abc,
abc,
abc,
abc,
abc,
abc,
abc,
abc,
abc,
abc,
abc,
abc,
abc,
abc,
abc,
abc,
abc,
abc,
abc,
abc,
abc,
abc,
abc,
abc,
abc,
abc,
abc,
abc,
abc,
abc,
abc,
abc,
abc,
abc,
abc,
abc,
abc,
abc,
abc,
abc,
abc,
abc,
abc,
abc,
abc,
abc,
abc,
abc,
abc,
abc,
abc,
abc,
abc,
abc,
abc,
abc,
abc,
abc,
abc,
abc,
abc,
abc,
abc,
abc,
abc,
abc,
abc,
abc,
abc,
abc,
abc,
abc,
abc,
abc,
abc,
abc,
abc,
abc,
abc,
abc,
abc,
abc,
abc,
abc,
abc,
abc,
abc,
abc,
abc,
abc,
abc,
abc,
abc,
abc,
abc,
abc,
abc,
abc,
abc,
abc,
abc,
abc,
abc,
abc,
abc,
abc,
abc,
abc,
abc,
abc,
abc,
abc,
abc,
abc,
abc,
abc,
abc,
abc,
abc,
abc,
abc,
abc,
abc,
abc,
abc,
abc,
abc,
abc,
abc,
abc,
abc,
abc,
abc,
abc,
abc,
abc,
abc,
abc,
abc,
abc,
abc,
abc,
abc,
abc,
abc,
abc,
abc,
abc,
abc,
abc,
abc,
abc,
abc,
abc,
abc,
abc,
abc,
abc,
abc,
abc,
abc,
abc,
abc,
abc,
abc,
abc,
abc,
abc,
abc,
abc,
abc,
abc,
abc,
abc,
abc,
abc,
abc,
abc,
abc,
abc,
abc,
abc,
abc,
abc,
abc,
abc,
abc,
abc,
abc,
abc,
abc,
abc,
abc,
abc,
abc,
abc,
abc,
abc,
abc,
abc,
abc,
abc,
abc,
abc,
abc,
abc,
abc,
abc,
abc,
abc,
abc,
abc,
abc,
abc,
abc,
abc,
abc,
abc,
abc,
abc,
abc,
abc,
abc,
abc,
abc,
abc,
abc,
abc,
abc,
abc,
abc,
abc,
abc,
abc,
abc,
abc,
abc,
abc,
abc,
abc,
abc,
abc,
abc,
abc,
abc,
abc,
abc,
abc,
abc,
abc,
abc,
abc,
abc,
abc,
abc,
abc,
abc,
abc,
abc,
abc,
abc,
abc,
abc,
abc,
abc,
abc,
abc,
abc,
abc,
abc,
abc,
abc,
abc,
abc,
abc,
abc,
abc,
abc,
abc,
abc,
abc,
abc,
abc,
abc,
abc,
abc,
abc,
abc,
abc,
abc,
abc,
abc,
abc,
abc,
abc,
abc,
abc,
abc,
abc,
abc,
abc,
abc,
abc,
abc,
abc,
abc,
abc,
abc,
abc,
abc,
abc,
abc,
abc,
abc,
abc,
abc,
abc,
abc,
abc,
abc,
abc,
abc,
abc,
abc,
abc,
abc,
abc,
abc,
abc,
abc,
abc,
abc,
abc,
abc,
abc,
abc,
abc,
abc,
abc,
abc,
abc,
abc,
abc,
abc,
abc,
abc,
abc,
abc,
abc,
abc,
abc,
abc,
abc,
abc,
abc,
abc,
abc,
abc,
abc,
abc,
abc,
abc,
abc,
abc,
abc,
abc,
abc,
abc,
abc,
abc,
abc,
abc,
abc,
abc,
abc,
abc,
abc,
abc,
abc,
abc,
abc,
abc,
abc,
abc,
abc,
abc,
abc,
abc,
abc,
abc,
abc,
abc,
abc,
abc,
abc,
abc,
abc,
abc,
abc,
abc,
abc,
abc,
abc,
abc,
abc,
abc,
abc,
abc,
abc,
abc,
abc,
abc,
abc,
abc,
abc,
abc,
abc,
abc,
abc,
abc,
abc,
abc,
abc,
abc,
abc,
abc,
abc,
abc,
abc,
abc,
abc,
abc,
abc,
abc,
abc,
abc,
abc,
abc,
abc,
abc,
abc,
abc,
abc,
abc,
abc,
abc,
abc,
abc,
abc,
abc,
abc,
abc,
abc,
abc,
abc,
abc,
abc,
abc,
abc,
abc,
abc,
abc,
abc,
abc,
abc,
abc,
abc,
abc,
abc,
abc,
abc,
abc,
abc,
abc,
abc,
abc,
abc,
abc,
abc,
abc,
abc,
abc,
abc,
abc,
abc,
abc,
abc,
abc,
abc,
abc,
abc,
abc,
abc,
abc,
abc,
abc,
abc,
abc,
abc,
abc,
abc,
abc,
abc,
abc,
abc,
abc,
abc,
abc,
abc,
abc,
abc,
abc,
abc,
abc,
abc,
abc,
abc,
abc,
abc,
abc,
abc,
abc,
abc,
abc,
abc,
abc,
abc,
abc,
abc,
abc,
abc,
abc,
abc,
abc,
abc,
abc,
abc,
abc,
abc,
abc,
abc,
abc,
abc,
abc,
abc,
abc,
abc,
abc,
abc,
abc,
abc,
abc,
abc,
abc,
abc,
abc,
abc,
abc,
abc,
abc,
abc,
abc,
abc,
abc,
abc,
abc,
abc,
abc,
abc,
abc,
abc,
abc,
abc,
abc,
abc,
abc,
abc,
abc,
abc,
abc,
abc,
abc,
abc,
abc,
abc,
abc,
abc,
abc,
abc,
abc,
abc,
abc,
abc,
abc,
abc,
abc,
abc,
abc,
abc,
abc,
abc,
abc,
abc,
abc,
abc,
abc,
abc,
abc,
abc,
abc,
abc,
abc,
abc,
abc,
abc,
abc,
abc,
abc,
abc,
abc,
abc,
abc,
abc,
abc,
abc,
abc,
abc,
abc,
abc,
abc,
abc,
abc,
abc,
abc,
abc,
abc,
abc,
abc,
abc,
abc,
abc,
abc,
abc,
abc,
abc,
abc,
abc,
abc,
abc,
abc,
abc,
abc,
abc,
abc,
abc,
abc,
abc,
abc,
abc,
abc,
abc,
abc,
abc,
abc,
abc,
abc,
abc,
abc,
abc,
abc,
abc,
abc,
abc,
abc,
abc,
abc,
abc,
abc,
abc,
abc,
abc,
abc,
abc,
abc,
abc,
abc,
abc,
abc,
abc,
abc,
abc,
abc,
abc,
abc,
abc,
abc,
abc,
abc,
abc,
abc,
abc,
abc,
abc,
abc,
abc,
abc,
abc,
abc,
abc,
abc,
abc,
abc,
abc,
abc,
abc,
abc,
abc,
abc,
abc,
abc,
abc,
abc,
abc,
abc,
abc,
abc,
abc,
abc,
abc,
abc,
abc,
abc,
abc,
abc,
abc,
abc,
abc,
abc,
abc,
abc,
abc,
abc,
abc,
abc,
abc,
abc,
abc,
abc,
abc,
abc,
abc,
abc,
abc,
abc,
abc,
abc,
abc,
abc,
abc,
abc,
abc,
abc,
abc,
abc,
abc,
abc,
abc,
abc,
abc,
abc,
abc,
abc,
abc,
abc,
abc,
abc,
abc,
abc,
abc,
abc,
abc,
abc,
abc,
abc,
abc,
abc,
abc,
abc,
abc,
abc,
abc,
abc,
abc,
abc,
abc,
abc,
abc,
abc,
abc,
abc,
abc,
abc,
abc,
abc,
abc,
abc,
abc,
abc,
abc,
abc,
abc,
abc,
abc,
abc,
abc,
abc,
abc,
abc,
abc,
abc,
abc,
abc,
abc,
abc,
abc,
abc,
abc,
abc,
abc,
abc,
abc,
abc,
abc,
abc,
abc,
abc,
abc,
abc,
abc,
abc,
abc,
abc,
abc,
abc,
abc,
abc,
abc,
abc,
abc,
abc,
abc,
abc,
abc,
abc,
abc,
abc,
abc,
abc,
abc,
abc,
abc,
abc,
abc,
abc,
abc,
abc,
abc,
abc,
abc,
abc,
abc,
abc,
abc,
abc,
abc,
abc,
abc,
abc,
abc,
abc,
abc,
abc,
abc,
abc,
abc,
abc,
abc,
abc,
abc,
abc,
abc,
abc,
abc,
abc,
abc,
abc,
abc,
abc,
abc,
abc,
abc,
abc,
abc,
abc,
abc,
abc,
abc,
abc,
abc,
abc,
abc,
abc,
abc,
abc,
abc,
abc,
abc,
abc,
abc,
abc,
abc,
abc,
abc,
abc,
abc,
abc,
abc,
abc,
abc,
abc,
abc,
abc,
abc,
abc,
abc,
abc,
abc,
abc,
abc,
abc,
abc,
abc,
abc,
abc,
abc,
abc,
abc,
abc,
abc,
abc,
abc,
abc,
abc,
abc,
abc,
abc,
abc,
abc,
abc,
abc,
abc,
abc,
abc,
abc,
abc,
abc,
abc,
abc,
abc,
abc,
abc,
abc,
abc,
abc,
abc,
abc,
abc,
abc,
abc,
abc,
abc,
abc,
abc,
abc,
abc,
abc,
abc,
abc,
abc,
abc,
abc,
abc,
abc,
abc,
abc,
abc,
abc,
abc,
abc,
abc,
abc,
abc,
abc,
abc,
abc,
abc,
abc,
abc,
abc,
abc,
abc,
abc,
abc,
abc,
abc,
abc,
abc,
abc,
abc,
abc,
abc,
abc,
abc,
abc,
abc,
abc,
abc,
abc,
abc,
abc,
abc,
abc,
abc,
abc,
abc,
abc,
abc,
abc,
abc,
abc,
abc,
abc,
abc,
abc,
abc,
abc,
abc,
abc,
abc,
abc,
abc,
abc,
abc,
abc,
abc,
abc,
abc,
abc,
abc,
abc,
abc,
abc,
abc,
abc,
abc,
abc,
abc,
abc,
abc,
abc,
abc,
abc,
abc,
abc,
abc,
abc,
abc,
abc,
abc,
abc,
abc,
abc,
abc,
abc,
abc,
abc,
abc,
abc,
abc,
abc,
abc,
abc,
abc,
abc,
abc,
abc,
abc,
abc,
abc,
abc,
abc,
abc,
abc,
abc,
abc,
abc,
abc,
abc,
abc,
abc,
abc,
abc,
abc,
abc,
abc,
abc,
abc,
abc,
abc,
abc,
abc,
abc,
abc,
abc,
abc,
abc,
abc,
abc,
abc,
abc,
abc,
abc,
abc,
abc,
abc,
abc,
abc,
abc,
abc,
abc,
abc,
abc,
abc,
abc,
abc,
abc,
abc,
abc,
abc,
abc,
abc,
abc,
abc,
abc,
abc,
abc,
abc,
abc,
abc,
abc,
abc,
abc,
abc,
abc,
abc,
abc,
abc,
abc,
abc,
abc,
abc,
abc,
abc,
abc,
abc,
abc,
abc,
abc,
abc,
abc,
abc,
abc,
abc,
abc,
abc,
abc,
abc,
abc,
abc,
abc,
abc,
abc,
abc,
abc,
abc,
abc,
abc,
abc,
abc,
abc,
abc,
abc,
abc,
abc,
abc,
abc,
abc,
abc,
abc,
abc,
abc,
abc,
abc,
abc,
abc,
abc,
abc,
abc,
abc,
abc,
abc,
abc,
abc,
abc,
abc,
abc,
abc,
abc,
abc,
abc,
abc,
abc,
abc,
abc,
abc,
abc,
abc,
abc,
abc,
abc,
abc,
abc,
abc,
abc,
abc,
abc,
abc,
abc,
abc,
abc,
abc,
abc,
abc,
abc,
abc,
abc,
abc,
abc,
abc,
abc,
abc,
abc,
abc,
abc,
abc,
abc,
abc,
abc,
abc,
abc,
abc,
abc,
abc,
abc,
abc,
abc,
abc,
abc,
abc,
abc,
abc,
abc,
abc,
abc,
abc,
abc,
abc,
abc,
abc,
abc,
abc,
abc,
abc,
abc,
abc,
abc,
abc,
abc,
abc,
abc,
abc,
abc,
abc,
abc,
abc,
abc,
abc,
abc,
abc,
abc,
abc,
abc,
abc,
abc,
abc,
abc,
abc,
abc,
abc,
abc,
abc,
abc,
abc,
abc,
abc,
abc,
abc,
abc,
abc,
abc,
abc,
abc,
abc,
abc,
abc,
abc,
abc,
abc,
abc,
abc,
abc,
abc,
abc,
abc,
abc,
abc,
abc,
abc,
abc,
abc,
abc,
abc,
abc,
abc,
abc,
abc,
abc,
abc,
abc,
abc,
abc,
abc,
abc,
abc,
abc,
abc,
abc,
abc,
abc,
abc,
abc,
abc,
abc,
abc,
abc,
abc,
abc,
abc,
abc,
abc,
abc,
abc,
abc,
abc,
abc,
abc,
abc,
abc,
abc,
abc,
abc,
abc,
abc,
abc,
abc,
abc,
abc,
abc,
abc,
abc,
abc,
abc,
abc,
abc,
abc,
abc,
abc,
abc,
abc,
abc,
abc,
abc,
abc,
abc,
abc,
abc,
abc,
abc,
abc,
abc,
abc,
abc,
abc,
abc,
abc,
abc,
abc,
abc,
abc,
abc,
abc,
abc,
abc,
abc,
abc,
abc,
abc,
abc,
abc,
abc,
abc,
abc,
abc,
abc,
abc,
abc,
abc,
abc,
abc,
abc,
abc,
abc,
abc,
abc,
abc,
abc,
abc,
abc,
abc,
abc,
abc,
abc,
abc,
abc,
abc,
abc,
abc,
abc,
abc,
abc,
abc,
abc,
abc,
abc,
abc,
abc,
abc,
abc,
abc,
abc,
abc,
abc,
abc,
abc,
abc,
abc,
abc,
abc,
abc,
abc,
abc,
abc,
abc,
abc,
abc,
abc,
abc,
abc,
abc,
abc,
abc,
abc,
abc,
abc,
abc,
abc,
abc,
abc,
abc,
abc,
abc,
abc,
abc,
abc,
abc,
abc,
abc,
abc,
abc,
abc,
abc,
abc,
abc,
abc,
abc,
abc,
abc,
abc,
abc,
abc,
abc,
abc,
abc,
abc,
abc,
abc,
abc,
abc,
abc,
abc,
abc,
abc,
abc,
abc,
abc,
abc,
abc,
abc,
abc,
abc,
abc,
abc,
abc,
abc,
abc,
abc,
abc,
abc,
abc,
abc,
abc,
abc,
abc,
abc,
abc,
abc,
abc,
abc,
abc,
abc,
abc,
abc,
abc,
abc,
abc,
abc,
abc,
abc,
abc,
abc,
abc,
abc,
abc,
abc,
abc,
abc,
abc,
abc,
abc,
abc,
abc,
abc,
abc,
abc,
abc,
abc,
abc,
abc,
abc,
abc,
abc,
abc,
abc,
abc,
abc,
abc,
abc,
abc,
abc,
abc,
abc,
abc,
abc,
abc,
abc,
abc,
abc,
abc,
abc,
abc,
abc,
abc,
abc,
abc,
abc,
abc,
abc,
abc,
abc,
abc,
abc,
abc,
abc,
abc,
abc,
abc,
abc,
abc,
abc,
abc,
abc,
abc,
abc,
abc,
abc,
abc,
abc,
abc,
abc,
abc,
abc,
abc,
abc,
abc,
abc,
abc,
abc,
abc,
abc,
abc,
abc,
abc,
abc,
abc,
abc,
abc,
abc,
abc,
abc,
abc,
abc,
abc,
abc,
abc,
abc,
abc,
abc,
abc,
abc,
abc,
abc,
abc,
abc,
abc,
abc,
abc,
abc,
abc,
abc,
abc,
abc,
abc,
abc,
abc,
abc,
abc,
abc,
abc,
abc,
abc,
abc,
abc,
abc,
abc,
abc,
abc,
abc,
abc,
abc,
abc,
abc,
abc,
abc,
abc,
abc,
abc,
abc,
abc,
abc,
abc,
abc,
abc,
abc,
abc,
abc,
abc,
abc,
abc,
abc,
abc,
abc,
abc,
abc,
abc,
abc,
abc,
abc,
abc,
abc,
abc,
abc,
abc,
abc,
abc,
abc,
abc,
abc,
abc,
abc,
abc,
abc,
abc,
abc,
abc,
abc,
abc,
abc,
abc,
abc,
abc,
abc,
abc,
abc,
abc,
abc,
abc,
abc,
abc,
abc,
abc,
abc,
abc,
abc,
abc,
abc,
abc,
abc,
abc,
abc,
abc,
abc,
abc,
abc,
abc,
abc,
abc,
abc,
abc,
abc,
abc,
abc,
abc,
abc,
abc,
abc,
abc,
abc,
abc,
abc,
abc,
abc,
abc,
abc,
abc,
abc,
abc,
abc,
abc,
abc,
abc,
abc,
abc,
abc,
abc,
abc,
abc,
abc,
abc,
abc,
abc,
abc,
abc,
abc,
abc,
abc,
abc,
abc,
abc,
abc,
abc,
abc,
abc,
abc,
abc,
abc,
abc,
abc,
abc,
abc,
abc,
abc,
abc,
abc,
abc,
abc,
abc,
abc,
abc,
abc,
abc,
abc,
abc,
abc,
abc,
abc,
abc,
abc,
abc,
abc,
abc,
abc,
abc,
abc,
abc,
abc,
abc,
abc,
abc,
abc,
abc,
abc,
abc,
abc,
abc,
abc,
abc,
abc,
abc,
abc,
abc,
abc,
abc,
abc,
abc,
abc,
abc,
abc,
abc,
abc,
abc,
abc,
abc,
abc,
abc,
abc,
abc,
abc,
abc,
abc,
abc,
abc,
abc,
abc,
abc,
abc,
abc,
abc,
abc,
abc,
abc,
abc,
abc,
abc,
abc,
abc,
abc,
abc,
abc,
abc,
abc,
abc,
abc,
abc,
abc,
abc,
abc,
abc,
abc,
abc,
abc,
abc,
abc,
abc,
abc,
abc,
abc,
abc,
abc,
abc,
abc,
abc,
abc,
abc,
abc,
abc,
abc,
abc,
abc,
abc,
abc,
abc,
abc,
abc,
abc,
abc,
abc,
abc,
abc,
abc,
abc,
abc,
abc,
abc,
abc,
abc,
abc,
abc,
abc,
abc,
abc,
abc,
abc,
abc,
abc,
abc,
abc,
abc,
abc,
abc,
abc,
abc,
abc,
abc,
abc,
abc,
abc,
abc,
abc,
abc,
abc,
abc,
abc,
abc,
abc,
abc,
abc,
abc,
abc,
abc,
abc,
abc,
abc,
abc,
abc,
abc,
abc,
abc,
abc,
abc,
abc,
abc,
abc,
abc,
abc,
abc,
abc,
abc,
abc,
abc,
abc,
abc,
abc,
abc,
abc,
abc,
abc,
abc,
abc,
abc,
abc,
abc,
abc,
abc,
abc,
abc,
abc,
abc,
abc,
abc,
abc,
abc,
abc,
abc,
abc,
abc,
abc,
abc,
abc,
abc,
abc,
abc,
abc,
abc,
abc,
abc,
abc,
abc,
abc,
abc,
abc,
abc,
abc,
abc,
abc,
abc,
abc,
abc,
abc,
abc,
abc,
abc,
abc,
abc,
abc,
abc,
abc,
abc,
abc,
abc,
abc,
abc,
abc,
abc,
abc,
abc,
abc,
abc,
abc,
abc,
abc,
abc,
abc,
abc,
abc,
abc,
abc,
abc,
abc,
abc,
abc,
abc,
abc,
abc,
abc,
abc,
abc,
abc,
abc,
abc,
abc,
abc,
abc,
abc,
abc,
abc,
abc,
abc,
abc,
abc,
abc,
abc,
abc,
abc,
abc,
abc,
abc,
abc,
abc,
abc,
abc,
abc,
abc,
abc,
abc,
abc,
abc,
abc,
abc,
abc,
abc,
abc,
abc,
abc,
abc,
abc,
abc,
abc,
abc,
abc,
abc,
abc,
abc,
abc,
abc,
abc,
abc,
abc,
abc,
abc,
abc,
abc,
abc,
abc,
abc,
abc,
abc,
abc,
abc,
abc,
abc,
abc,
abc,
abc,
abc,
abc,
abc,
abc,
abc,
abc,
abc,
abc,
abc,
abc,
abc,
abc,
abc,
abc,
abc,
abc,
abc,
abc,
abc,
abc,
abc,
abc,
abc,
abc,
abc,
abc,
abc,
abc,
abc,
abc,
abc,
abc,
abc,
abc,
abc,
abc,
abc,
abc,
abc,
abc,
abc,
abc,
abc,
abc,
abc,
abc,
abc,
abc,
abc,
abc,
abc,
abc,
abc,
abc,
abc,
abc,
abc,
abc,
abc,
abc,
abc,
abc,
abc,
abc,
abc,
abc,
abc,
abc,
abc,
abc,
abc,
abc,
abc,
abc,
abc,
abc,
abc,
abc,
abc,
abc,
abc,
abc,
abc,
abc,
abc,
abc,
abc,
abc,
abc,
abc,
abc,
abc,
abc,
abc,
abc,
abc,
abc,
abc,
abc,
abc,
abc,
abc,
abc,
abc,
abc,
abc,
abc,
abc,
abc,
abc,
abc,
abc,
abc,
abc,
abc,
abc,
abc,
abc,
abc,
abc,
abc,
abc,
abc,
abc,
abc,
abc,
abc,
abc,
abc,
abc,
abc,
abc,
abc,
abc,
abc,
abc,
abc,
abc,
abc,
abc,
abc,
abc,
abc,
abc,
abc,
abc,
abc,
abc,
abc,
abc,
abc,
abc,
abc,
abc,
abc,
abc,
abc,
abc,
abc,
abc,
abc,
abc,
abc,
abc,
abc,
abc,
abc,
abc,
abc,
abc,
abc,
abc,
abc,
abc,
abc,
abc,
abc,
abc,
abc,
abc,
abc,
abc,
abc,
abc,
abc,
abc,
abc,
abc,
abc,
abc,
abc,
abc,
abc,
abc,
abc,
abc,
abc,
abc,
abc,
abc,
abc,
abc,
abc,
abc,
abc,
abc,
abc,
abc,
abc,
abc,
abc,
abc,
abc,
abc,
abc,
abc,
abc,
abc,
abc,
abc,
abc,
abc,
abc,
abc,
abc,
abc,
abc,
abc,
abc,
abc,
abc,
abc,
abc,
abc,
abc,
abc,
abc,
abc,
abc,
abc,
abc,
abc,
abc,
abc,
abc,
abc,
abc,
abc,
abc,
abc,
abc,
abc,
abc,
abc,
abc,
abc,
abc,
abc,
abc,
abc,
abc,
abc,
abc,
abc,
abc,
abc,
abc,
abc,
abc,
abc,
abc,
abc,
abc,
abc,
abc,
abc,
abc,
abc,
abc,
abc,
abc,
abc,
abc,
abc,
abc,
abc,
abc,
abc,
abc,
abc,
abc,
abc,
abc,
abc,
abc,
abc,
abc,
abc,
abc,
abc,
abc,
abc,
abc,
abc,
abc,
abc,
abc,
abc,
abc,
abc,
abc,
abc,
abc,
abc,
abc,
abc,
abc,
abc,
abc,
abc,
abc,
abc,
abc,
abc,
abc,
abc,
abc,
abc,
abc,
abc,
abc,
abc,
abc,
abc,
abc,
abc,
abc,
abc,
abc,
abc,
abc,
abc,
abc,
abc,
abc,
abc,
abc,
abc,
abc,
abc,
abc,
abc,
abc,
abc,
abc,
abc,
abc,
abc,
abc,
abc,
abc,
abc,
abc,
abc,
abc,
abc,
abc,
abc,
abc,
abc,
abc,
abc,
abc,
abc,
abc,
abc,
abc,
abc,
abc,
abc,
abc,
abc,
abc,
abc,
abc,
abc,
abc,
abc,
abc,
abc,
abc,
abc,
abc,
abc,
abc,
abc,
abc,
abc,
abc,
abc,
abc,
abc,
abc,
abc,
abc,
abc,
abc,
abc,
abc,
abc,
abc,
abc,
abc,
abc,
abc,
abc,
abc,
abc,
abc,
abc,
abc,
abc,
abc,
abc,
abc,
abc,
abc,
abc,
abc,
abc,
abc,
abc,
abc,
abc,
abc,
abc,
abc,
abc,
abc,
abc,
abc,
abc,
abc,
abc,
abc,
abc,
abc,
abc,
abc,
abc,
abc,
abc,
abc,
abc,
abc,
abc,
abc,
abc,
abc,
abc,
abc,
abc,
abc,
abc,
abc,
abc,
abc,
abc,
abc,
abc,
abc,
abc,
abc,
abc,
abc,
abc,
abc,
abc,
abc,
abc,
abc,
abc,
abc,
abc,
abc,
abc,
abc,
abc,
abc,
abc,
abc,
abc,
abc,
abc,
abc,
abc,
abc,
abc,
abc,
abc,
abc,
abc,
abc,
abc,
abc,
abc,
abc,
abc,
abc,
abc,
abc,
abc,
abc,
abc,
abc,
abc,
abc,
abc,
abc,
abc,
abc,
abc,
abc,
abc,
abc,
abc,
abc,
abc,
abc,
abc,
abc,
abc,
abc,
abc,
abc,
abc,
abc,
abc,
abc,
abc,
abc,
abc,
abc,
abc,
abc,
abc,
abc,
abc,
abc,
abc,
abc,
abc,
abc,
abc,
abc,
abc,
abc,
abc,
abc,
abc,
abc,
abc,
abc,
abc,
abc,
abc,
abc,
abc,
abc,
abc,
abc,
abc,
abc,
abc,
abc,
abc,
abc,
abc,
abc,
abc,
abc,
abc,
abc,
abc,
abc,
abc,
abc,
abc,
abc,
abc,
abc,
abc,
abc,
abc,
abc,
abc,
abc,
abc,
abc,
abc,
abc,
abc,
abc,
abc,
abc,
abc,
abc,
abc,
abc,
abc,
abc,
abc,
abc,
abc,
abc,
abc,
abc,
abc,
abc,
abc,
abc,
abc,
abc,
abc,
abc,
abc,
abc,
abc,
abc,
abc,
abc,
abc,
abc,
abc,
abc,
abc,
abc,
abc,
abc,
abc,
abc,
abc,
abc,
abc,
abc,
abc,
abc,
abc,
abc,
abc,
abc,
abc,
abc,
abc,
abc,
abc,
abc,
abc,
abc,
abc,
abc,
abc,
abc,
abc,
abc,
abc,
abc,
abc,
abc,
abc,
abc,
abc,
abc,
abc,
abc,
abc,
abc,
abc,
abc,
abc,
abc,
abc,
abc,
abc,
abc,
abc,
abc,
abc,
abc,
abc,
abc,
abc,
abc,
abc,
abc,
abc,
abc,
abc,
abc,
abc,
abc,
abc,
abc,
abc,
abc,
abc,
abc,
abc,
abc,
abc,
abc,
abc,
abc,
abc,
abc,
abc,
abc,
abc,
abc,
abc,
abc,
abc,
abc,
abc,
abc,
abc,
abc,
abc,
abc,
abc,
abc,
abc,
abc,
abc,
abc,
abc,
abc,
abc,
abc,
abc,
abc,
abc,
abc,
abc,
abc,
abc,
abc,
abc,
abc,
abc,
abc,
abc,
abc,
abc,
abc,
abc,
abc,
abc,
abc,
abc,
abc,
abc,
abc,
abc,
abc,
abc,
abc,
abc,
abc,
abc,
abc,
abc,
abc,
abc,
abc,
abc,
abc,
abc,
abc,
abc,
abc,
abc,
abc,
abc,
abc,
abc,
abc,
abc,
abc,
abc,
abc,
abc,
abc,
abc,
abc,
abc,
abc,
abc,
abc,
abc,
abc,
abc,
abc,
abc,
abc,
abc,
abc,
abc,
abc,
abc,
abc,
abc,
abc,
abc,
abc,
abc,
abc,
abc,
abc,
abc,
abc,
abc,
abc,
abc,
abc,
abc,
abc,
abc,
abc,
abc,
abc,
abc,
abc,
abc,
abc,
abc,
abc,
abc,
abc,
abc,
abc,
abc,
abc,
abc,
abc,
abc,
abc,
abc,
abc,
abc,
abc,
abc,
abc,
abc,
abc,
abc,
abc,
abc,
abc,
abc,
abc,
abc,
abc,
abc,
abc,
abc,
abc,
abc,
abc,
abc,
abc,
abc,
abc,
abc,
abc,
abc,
abc,
abc,
abc,
abc,
abc,
abc,
abc,
abc,
abc,
abc,
abc,
abc,
abc,
abc,
abc,
abc,
abc,
abc,
abc,
abc,
abc,
abc,
abc,
abc,
abc,
abc,
abc,
abc,
abc,
abc,
abc,
abc,
abc,
abc,
abc,
abc,
abc,
abc,
abc,
abc,
abc,
abc,
abc,
abc,
abc,
abc,
abc,
abc,
abc,
abc,
abc,
abc,
abc,
abc,
abc,
abc,
abc,
abc,
abc,
abc,
abc,
abc,
abc,
abc,
abc,
abc,
abc,
abc,
abc,
abc,
abc,
abc,
abc,
abc,
abc,
abc,
abc,
abc,
abc,
abc,
abc,
abc,
abc,
abc,
abc,
abc,
abc,
abc,
abc,
abc,
abc,
abc,
abc,
abc,
abc,
abc,
abc,
abc,
abc,
abc,
abc,
abc,
abc,
abc,
abc,
abc,
abc,
abc,
abc,
abc,
abc,
abc,
abc,
abc,
abc,
abc,
abc,
abc,
abc,
abc,
abc,
abc,
abc,
abc,
abc,
abc,
abc,
abc,
abc,
abc,
abc,
abc,
abc,
abc,
abc,
abc,
abc,
abc,
abc,
abc,
abc,
abc,
abc,
abc,
abc,
abc,
abc,
abc,
abc,
abc,
abc,
abc,
abc,
abc,
abc,
abc,
abc,
abc,
abc,
abc,
abc,
abc,
abc,
abc,
abc,
abc,
abc,
abc,
abc,
abc,
abc,
abc,
abc,
abc,
abc,
abc,
abc,
abc,
abc,
abc,
abc,
abc,
abc,
abc,
abc,
abc,
abc,
abc,
abc,
abc,
abc,
abc,
abc,
abc,
abc,
abc,
abc,
abc,
abc,
abc,
abc,
abc,
abc,
abc,
abc,
abc,
abc,
abc,
abc,
abc,
abc,
abc,
abc,
abc,
abc,
abc,
abc,
abc,
abc,
abc,
abc,
abc,
abc,
abc,
abc,
abc,
abc,
abc,
abc,
abc,
abc,
abc,
abc,
abc,
abc,
abc,
abc,
abc,
abc,
abc,
abc,
abc,
abc,
abc,
abc,
abc,
abc,
abc,
abc,
abc,
abc,
abc,
abc,
abc,
abc,
abc,
abc,
abc,
abc,
abc,
abc,
abc,
abc,
abc,
abc,
abc,
abc,
abc,
abc,
abc,
abc,
abc,
abc,
abc,
abc,
abc,
abc,
abc,
abc,
abc,
abc,
abc,
abc,
abc,
abc,
abc,
abc,
abc,
abc,
abc,
abc,
abc,
abc,
abc,
abc,
abc,
abc,
abc,
abc,
abc,
abc,
abc,
abc,
abc,
abc,
abc,
abc,
abc,
abc,
abc,
abc,
abc,
abc,
abc,
abc,
abc,
abc,
abc,
abc,
abc,
abc,
abc,
abc,
abc,
abc,
abc,
abc,
abc,
abc,
abc,
abc,
abc,
abc,
abc,
abc,
abc,
abc,
abc,
abc,
abc,
abc,
abc,
abc,
abc,
abc,
abc,
abc,
abc,
abc,
abc,
abc,
abc,
abc,
abc,
abc,
abc,
abc,
abc,
abc,
abc,
abc,
abc,
abc,
abc,
abc,
abc,
abc,
abc,
abc,
abc,
abc,
abc,
abc,
abc,
abc,
abc,
abc,
abc,
abc,
abc,
abc,
abc,
abc,
abc,
abc,
abc,
abc,
abc,
abc,
abc,
abc,
abc,
abc,
abc,
abc,
abc,
abc,
abc,
abc,
abc,
abc,
abc,
abc,
abc,
abc,
abc,
abc,
abc,
abc,
abc,
abc,
abc,
abc,
abc,
abc,
abc,
abc,
abc,
abc,
abc,
abc,
abc,
abc,
abc,
abc,
abc,
abc,
abc,
abc,
abc,
abc,
abc,
abc,
abc,
abc,
abc,
abc,
abc,
abc,
abc,
abc,
abc,
abc,
abc,
abc,
abc,
abc,
abc,
abc,
abc,
abc,
abc,
abc,
abc,
abc,
abc,
abc,
abc,
abc,
abc,
abc,
abc,
abc,
abc,
abc,
abc,
abc,
abc,
abc,
abc,
abc,
abc,
abc,
abc,
abc,
abc,
abc,
abc,
abc,
abc,
abc,
abc,
abc,
abc,
abc,
abc,
abc,
abc,
abc,
abc,
abc,
abc,
abc,
abc,
abc,
abc,
abc,
abc,
abc,
abc,
abc,
abc,
abc,
abc,
abc,
abc,
abc,
abc,
abc,
abc,
abc,
abc,
abc,
abc,
abc,
abc,
abc,
abc,
abc,
abc,
abc,
abc,
abc,
abc,
abc,
abc,
abc,
abc,
abc,
abc,
abc,
abc,
abc,
abc,
abc,
abc,
abc,
abc,
abc,
abc,
abc,
abc,
abc,
abc,
abc,
abc,
abc,
abc,
abc,
abc,
abc,
abc,
abc,
abc,
abc,
abc,
abc,
abc,
abc,
abc,
abc,
abc,
abc,
abc,
abc,
abc,
abc,
abc,
abc,
abc,
abc,
abc,
abc,
abc,
abc,
abc,
abc,
abc,
abc,
abc,
abc,
abc,
abc,
abc,
abc,
abc,
abc,
abc,
abc,
abc,
abc,
abc,
abc,
abc,
abc,
abc,
abc,
abc,
abc,
abc,
abc,
abc,
abc,
abc,
abc,
abc,
abc,
abc,
abc,
abc,
abc,
abc,
abc,
abc,
abc,
abc,
abc,
abc,
abc,
abc,
abc,
abc,
abc,
abc,
abc,
abc,
abc,
abc,
abc,
abc,
abc,
abc,
abc,
abc,
abc,
abc,
abc,
abc,
abc,
abc,
abc,
abc,
abc,
abc,
abc,
abc,
abc,
abc,
abc,
abc,
abc,
abc,
abc,
abc,
abc,
abc,
abc,
abc,
abc,
abc,
abc,
abc,
abc,
abc,
abc,
abc,
abc,
abc,
abc,
abc,
abc,
abc,
abc,
abc,
abc,
abc,
abc,
abc,
abc,
abc,
abc,
abc,
abc,
abc,
abc,
abc,
abc,
abc,
abc,
abc,
abc,
abc,
abc,
abc,
abc,
abc,
abc,
abc,
abc,
abc,
abc,
abc,
abc,
abc,
abc,
abc,
abc,
abc,
abc,
abc,
abc,
abc,
abc,
abc,
abc,
abc,
abc,
abc,
abc,
abc,
abc,
abc,
abc,
abc,
abc,
abc,
abc,
abc,
abc,
abc,
abc,
abc,
abc,
abc,
abc,
abc,
abc,
abc,
abc,
abc,
abc,
abc,
abc,
abc,
abc,
abc,
abc,
abc,
abc,
abc,
abc,
abc,
abc,
abc,
abc,
abc,
abc,
abc,
abc,
abc,
abc,
abc,
abc,
abc,
abc,
abc,
abc,
abc,
abc,
abc,
abc,
abc,
abc,
abc,
abc,
abc,
abc,
abc,
abc,
abc,
abc,
abc,
abc,
abc,
abc,
abc,
abc,
abc,
abc,
abc,
abc,
abc,
abc,
abc,
abc,
abc,
abc,
abc,
abc,
abc,
abc,
abc,
abc,
abc,
abc,
abc,
abc,
abc,
abc,
abc,
abc,
abc,
abc,
abc,
abc,
abc,
abc,
abc,
abc,
abc,
abc,
abc,
abc,
abc,
abc,
abc,
abc,
abc,
abc,
abc,
abc,
abc,
abc,
abc,
abc,
abc,
abc,
abc,
abc,
abc,
abc,
abc,
abc,
abc,
abc,
abc,
abc,
abc,
abc,
abc,
abc,
abc,
abc,
abc,
abc,
abc,
abc,
abc,
abc,
abc,
abc,
abc,
abc,
abc,
abc,
abc,
abc,
abc,
abc,
abc,
abc,
abc,
abc,
abc,
abc,
abc,
abc,
abc,
abc,
abc,
abc,
abc,
abc,
abc,
abc,
abc,
abc,
abc,
abc,
abc,
abc,
abc,
abc,
abc,
abc,
abc,
abc,
abc,
abc,
abc,
abc,
abc,
abc,
abc,
abc,
abc,
abc,
abc,
abc,
abc,
abc,
abc,
abc,
abc,
abc,
abc,
abc,
abc,
abc,
abc,
abc,
abc,
abc,
abc,
abc,
abc,
abc,
abc,
abc,
abc,
abc,
abc,
abc,
abc,
abc,
abc,
abc,
abc,
abc,
abc,
abc,
abc,
abc,
abc,
abc,
abc,
abc,
abc,
abc,
abc,
abc,
abc,
abc,
abc,
abc,
abc,
abc,
abc,
abc,
abc,
abc,
abc,
abc,
abc,
abc,
abc,
abc,
abc,
abc,
abc,
abc,
abc,
abc,
abc,
abc,
abc,
abc,
abc,
abc,
abc,
abc,
abc,
abc,
abc,
abc,
abc,
abc,
abc,
abc,
abc,
abc,
abc,
abc,
abc,
abc,
abc,
abc,
abc,
abc,
abc,
abc,
abc,
abc,
abc,
abc,
abc,
abc,
abc,
abc,
abc,
abc,
abc,
abc,
abc,
abc,
abc,
abc,
abc,
abc,
abc,
abc,
abc,
abc,
abc,
abc,
abc,
abc,
abc,
abc,
abc,
abc,
abc,
abc,
abc,
abc,
abc,
abc,
abc,
abc,
abc,
abc,
abc,
abc,
abc,
abc,
abc,
abc,
abc,
abc,
abc,
abc,
abc,
abc,
abc,
abc,
abc,
abc,
abc,
abc,
abc,
abc,
abc,
abc,
abc,
abc,
abc,
abc,
abc,
abc,
abc,
abc,
abc,
abc,
abc,
abc,
abc,
abc,
abc,
abc,
abc,
abc,
abc,
abc,
abc,
abc,
abc,
abc,
abc,
abc,
abc,
abc,
abc,
abc,
abc,
abc,
abc,
abc,
abc,
abc,
abc,
abc,
abc,
abc,
abc,
abc,
abc,
abc,
abc,
abc,
abc,
abc,
abc,
abc,
abc,
abc,
abc,
abc,
abc,
abc,
abc,
abc,
abc,
abc,
abc,
abc,
abc,
abc,
abc,
abc,
abc,
abc,
abc,
abc,
abc,
abc,
abc,
abc,
abc,
abc,
abc,
abc,
abc,
abc,
abc,
abc,
abc,
abc,
abc,
abc,
abc,
abc,
abc,
abc,
abc,
abc,
abc,
abc,
abc,
abc,
abc,
abc,
abc,
abc,
abc,
abc,
abc,
abc,
abc,
abc,
abc,
abc,
abc,
abc,
abc,
abc,
abc,
abc,
abc,
abc,
abc,
abc,
abc,
abc,
abc,
abc,
abc,
abc,
abc,
abc,
abc,
abc,
abc,
abc,
abc,
abc,
abc,
abc,
abc,
abc,
abc,
abc,
abc,
abc,
abc,
abc,
abc,
abc,
abc,
abc,
abc,
abc,
abc,
abc,
abc,
abc,
abc,
abc,
abc,
abc,
abc,
abc,
abc,
abc,
abc,
abc,
abc,
abc,
abc,
abc,
abc,
abc,
abc,
abc,
abc,
abc,
abc,
abc,
abc,
abc,
abc,
abc,
abc,
abc,
abc,
abc,
abc,
abc,
abc,
abc,
abc,
abc,
abc,
abc,
abc,
abc,
abc,
abc,
abc,
abc,
abc,
abc,
abc,
abc,
abc,
abc,
abc,
abc,
abc,
abc,
abc,
abc,
abc,
abc,
abc,
abc,
abc,
abc,
abc,
abc,
abc,
abc,
abc,
abc,
abc,
abc,
abc,
abc,
abc,
abc,
abc,
abc,
abc,
abc,
abc,
abc,
abc,
abc,
abc,
abc,
abc,
abc,
abc,
abc,
abc,
abc,
abc,
abc,
abc,
abc,
abc,
abc,
abc,
abc,
abc,
abc,
abc,
abc,
abc,
abc,
abc,
abc,
abc,
abc,
abc,
abc,
abc,
abc,
abc,
abc,
abc,
abc,
abc,
abc,
abc,
abc,
abc,
abc,
abc,
abc,
abc,
abc,
abc,
abc,
abc,
abc,
abc,
abc,
abc,
abc,
abc,
abc,
abc,
abc,
abc,
abc,
abc,
abc,
abc,
abc,
abc,
abc,
abc,
abc,
abc,
abc,
abc,
abc,
abc,
abc,
abc,
abc,
abc,
abc,
abc,
abc,
abc,
abc,
abc,
abc,
abc,
abc,
abc,
abc,
abc,
abc,
abc,
abc,
abc,
abc,
abc,
abc,
abc,
abc,
abc,
abc,
abc,
abc,
abc,
abc,
abc,
abc,
abc,
abc,
abc,
abc,
abc,
abc,
abc,
abc,
abc,
abc,
abc,
abc,
abc,
abc,
abc,
abc,
abc,
abc,
abc,
abc,
abc,
abc,
abc,
abc,
abc,
abc,
abc,
abc,
abc,
abc,
abc,
abc,
abc,
abc,
abc,
abc,
abc,
abc,
abc,
abc,
abc,
abc,
abc,
abc,
abc,
abc,
abc,
abc,
abc,
abc,
abc,
abc,
abc,
abc,
abc,
abc,
abc,
abc,
abc,
abc,
abc,
abc,
abc,
abc,
abc,
abc,
abc,
abc,
abc,
abc,
abc,
abc,
abc,
abc,
abc,
abc,
abc,
abc,
abc,
abc,
abc,
abc,
abc,
abc,
abc,
abc,
abc,
abc,
abc,
abc,
abc,
abc,
abc,
abc,
abc,
abc,
abc,
abc,
abc,
abc,
abc,
abc,
abc,
abc,
abc,
abc,
abc,
abc,
abc,
abc,
abc,
abc,
abc,
abc,
abc,
abc,
abc,
abc,
abc,
abc,
abc,
abc,
abc,
abc,
abc,
abc,
abc,
abc,
abc,
abc,
abc,
abc,
abc,
abc,
abc,
abc,
abc,
abc,
abc,
abc,
abc,
abc,
abc,
abc,
abc,
abc,
abc,
abc,
abc,
abc,
abc,
abc,
abc,
abc,
abc,
abc,
abc,
abc,
abc,
abc,
abc,
abc,
abc,
abc,
abc,
abc,
abc,
abc,
abc,
abc,
abc,
abc,
abc,
abc,
abc,
abc,
abc,
abc,
abc,
abc,
abc,
abc,
abc,
abc,
abc,
abc,
abc,
abc,
abc,
abc,
abc,
abc,
abc,
abc,
abc,
abc,
abc,
abc,
abc,
abc,
abc,
abc,
abc,
abc,
abc,
abc,
abc,
abc,
abc,
abc,
abc,
abc,
abc,
abc,
abc,
abc,
abc,
abc,
abc,
abc,
abc,
abc,
abc,
abc,
abc,
abc,
abc,
abc,
abc,
abc,
abc,
abc,
abc,
abc,
abc,
abc,
abc,
abc,
abc,
abc,
abc,
abc,
abc,
abc,
abc,
abc,
abc,
abc,
abc,
abc,
abc,
abc,
abc,
abc,
abc,
abc,
abc,
abc,
abc,
abc,
abc,
abc,
abc,
abc,
abc,
abc,
abc,
abc,
abc,
abc,
abc,
abc,
abc,
abc,
abc,
abc,
abc,
abc,
abc,
abc,
abc,
abc,
abc,
abc,
abc,
abc,
abc,
abc,
abc,
abc,
abc,
abc,
abc,
abc,
abc,
abc,
abc,
abc,
abc,
abc,
abc,
abc,
abc,
abc,
abc,
abc,
abc,
abc,
abc,
abc,
abc,
abc,
abc,
abc,
abc,
abc,
abc,
abc,
abc,
abc,
abc,
abc,
abc,
abc,
abc,
abc,
abc,
abc,
abc,
abc,
abc,
abc,
abc,
abc,
abc,
abc,
abc,
abc,
abc,
abc,
abc,
abc,
abc,
abc,
abc,
abc,
abc,
abc,
abc,
abc,
abc,
abc,
abc,
abc,
abc,
abc,
abc,
abc,
abc,
abc,
abc,
abc,
abc,
abc,
abc,
abc,
abc,
abc,
abc,
abc,
abc,
abc,
abc,
abc,
abc,
abc,
abc,
abc,
abc,
abc,
abc,
abc,
abc,
abc,
abc,
abc,
abc,
abc,
abc,
abc,
abc,
abc,
abc,
abc,
abc,
abc,
abc,
abc,
abc,
abc,
abc,
abc,
abc,
abc,
abc,
abc,
abc,
abc,
abc,
abc,
abc,
abc,
abc,
abc,
abc,
abc,
abc,
abc,
abc,
abc,
abc,
abc,
abc,
abc,
abc,
abc,
abc,
abc,
abc,
abc,
abc,
abc,
abc,
abc,
abc,
abc,
abc,
abc,
abc,
abc,
abc,
abc,
abc,
abc,
abc,
abc,
abc,
abc,
abc,
abc,
abc,
abc,
abc,
abc,
abc,
abc,
abc,
abc,
abc,
abc,
abc,
abc,
abc,
abc,
abc,
abc,
abc,
abc,
abc,
abc,
abc,
abc,
abc,
abc,
abc,
abc,
abc,
abc,
abc,
abc,
abc,
abc,
abc,
abc,
abc,
abc,
abc,
abc,
abc,
abc,
abc,
abc,
abc,
abc,
abc,
abc,
abc,
abc,
abc,
abc,
abc,
abc,
abc,
abc,
abc,
abc,
abc,
abc,
abc,
abc,
abc,
abc,
abc,
abc,
abc,
abc,
abc,
abc,
abc,
abc,
abc,
abc,
abc,
abc,
abc,
abc,
abc,
abc,
abc,
abc,
abc,
abc,
abc,
abc,
abc,
abc,
abc,
abc,
abc,
abc,
abc,
abc,
abc,
abc,
abc,
abc,
abc,
abc,
abc,
abc,
abc,
abc,
abc,
abc,
abc,
abc,
abc,
abc,
abc,
abc,
abc,
abc,
abc,
abc,
abc,
abc,
abc,
abc,
abc,
abc,
abc,
abc,
abc,
abc,
abc,
abc,
abc,
abc,
abc,
abc,
abc,
abc,
abc,
abc,
abc,
abc,
abc,
abc,
abc,
abc,
abc,
abc,
abc,
abc,
abc,
abc,
abc,
abc,
abc,
abc,
abc,
abc,
abc,
abc,
abc,
abc,
abc,
abc,
abc,
abc,
abc,
abc,
abc,
abc,
abc,
abc,
abc,
abc,
abc,
abc,
abc,
abc,
abc,
abc,
abc,
abc,
abc,
abc,
abc,
abc,
abc,
abc,
abc,
abc,
abc,
abc,
abc,
abc,
abc,
abc,
abc,
abc,
abc,
abc,
abc,
abc,
abc,
abc,
abc,
abc,
abc,
abc,
abc,
abc,
abc,
abc,
abc,
abc,
abc,
abc,
abc,
abc,
abc,
abc,
abc,
abc,
abc,
abc,
abc,
abc,
abc,
abc,
abc,
abc,
abc,
abc,
abc,
abc,
abc,
abc,
abc,
abc,
abc,
abc,
abc,
abc,
abc,
abc,
abc,
abc,
abc,
abc,
abc,
abc,
abc,
abc,
abc,
abc,
abc,
abc,
abc,
abc,
abc,
abc,
abc,
abc,
abc,
abc,
abc,
abc,
abc,
abc,
abc,
abc,
abc,
abc,
abc,
abc,
abc,
abc,
abc,
abc,
abc,
abc,
abc,
abc,
abc,
abc,
abc,
abc,
abc,
abc,
abc,
abc,
abc,
abc,
abc,
abc,
abc,
abc,
abc,
abc,
abc,
abc,
abc,
abc,
abc,
abc,
abc,
abc,
abc,
abc,
abc,
abc,
abc,
abc,
abc,
abc,
abc,
abc,
abc,
abc,
abc,
abc,
abc,
abc,
abc,
abc,
abc,
abc,
abc,
abc,
abc,
abc,
abc,
abc,
abc,
abc,
abc,
abc,
abc,
abc,
abc,
abc,
abc,
abc,
abc,
abc,
abc,
abc,
abc,
abc,
abc,
abc,
abc,
abc,
abc,
abc,
abc,
abc,
abc,
abc,
abc,
abc,
abc,
abc,
abc,
abc,
abc,
abc,
abc,
abc,
abc,
abc,
abc,
abc,
abc,
abc,
abc,
abc,
abc,
abc,
abc,
abc,
abc,
abc,
abc,
abc,
abc,
abc,
abc,
abc,
abc,
abc,
abc,
abc,
abc,
abc,
abc,
abc,
abc,
abc,
abc,
abc,
abc,
abc,
abc,
abc,
abc,
abc,
abc,
abc,
abc,
abc,
abc,
abc,
abc,
abc,
abc,
abc,
abc,
abc,
abc,
abc,
abc,
abc,
abc,
abc,
abc,
abc,
abc,
abc,
abc,
abc,
abc,
abc,
abc,
abc,
abc,
abc,
abc,
abc,
abc,
abc,
abc,
abc,
abc,
abc,
abc,
abc,
abc,
abc,
abc,
abc,
abc,
abc,
abc,
abc,
abc,
abc,
abc,
abc,
abc,
abc,
abc,
abc,
abc,
abc,
abc,
abc,
abc,
abc,
abc,
abc,
abc,
abc,
abc,
abc,
abc,
abc,
abc,
abc,
abc,
abc,
abc,
abc,
abc,
abc,
abc,
abc,
abc,
abc,
abc,
abc,
abc,
abc,
abc,
abc,
abc,
abc,
abc,
abc,
abc,
abc,
abc,
abc,
abc,
abc,
abc,
abc,
abc,
abc,
abc,
abc,
abc,
abc,
abc,
abc,
abc,
abc,
abc,
abc,
abc,
abc,
abc,
abc,
abc,
abc,
abc,
abc,
abc,
abc,
abc,
abc,
abc,
abc,
abc,
abc,
abc,
abc,
abc,
abc,
abc,
abc,
abc,
abc,
abc,
abc,
abc,
abc,
abc,
abc,
abc,
abc,
abc,
abc,
abc,
abc,
abc,
abc,
abc,
abc,
abc,
abc,
abc,
abc,
abc,
abc,
abc,
abc,
abc,
abc,
abc,
abc,
abc,
abc,
abc,
abc,
abc,
abc,
abc,
abc,
abc,
abc,
abc,
abc,
abc,
abc,
abc,
abc,
abc,
abc,
abc,
abc,
abc,
abc,
abc,
abc,
abc,
abc,
abc,
abc,
abc,
abc,
abc,
abc,
abc,
abc,
abc,
abc,
abc,
abc,
abc,
abc,
abc,
abc,
abc,
abc,
abc,
abc,
abc,
abc,
abc,
abc,
abc,
abc,
abc,
abc,
abc,
abc,
abc,
abc,
abc,
abc,
abc,
abc,
abc,
abc,
abc,
abc,
abc,
abc,
abc,
abc,
abc,
abc,
abc,
abc,
abc,
abc,
abc,
abc,
abc,
abc,
abc,
abc,
abc,
abc,
abc,
abc,
abc,
abc,
abc,
abc,
abc,
abc,
abc,
abc,
abc,
abc,
abc,
abc,
abc,
abc,
abc,
abc,
abc,
abc,
abc,
abc,
abc,
abc,
abc,
abc,
abc,
abc,
abc,
abc,
abc,
abc,
abc,
abc,
abc,
abc,
abc,
abc,
abc,
abc,
abc,
abc,
abc,
abc,
abc,
abc,
abc,
abc,
abc,
abc,
abc,
abc,
abc,
abc,
abc,
abc,
abc,
abc,
abc,
abc,
abc,
abc,
abc,
abc,
abc,
abc,
abc,
abc,
abc,
abc,
abc,
abc,
abc,
abc,
abc,
abc,
abc,
abc,
abc,
abc,
abc,
abc,
abc,
abc,
abc,
abc,
abc,
abc,
abc,
abc,
abc,
abc,
abc,
abc,
abc,
abc,
abc,
abc,
abc,
abc,
abc,
abc,
abc,
abc,
abc,
abc,
abc,
abc,
abc,
abc,
abc,
abc,
abc,
abc,
abc,
abc,
abc,
abc,
abc,
abc,
abc,
abc,
abc,
abc,
abc,
abc,
abc,
abc,
abc,
abc,
abc,
abc,
abc,
abc,
abc,
abc,
abc,
abc,
abc,
abc,
abc,
abc,
abc,
abc,
abc,
abc,
abc,
abc,
abc,
abc,
abc,
abc,
abc,
abc,
abc,
abc,
abc,
abc,
abc,
abc,
abc,
abc,
abc,
abc,
abc,
abc,
abc,
abc,
abc,
abc,
abc,
abc,
abc,
abc,
abc,
abc,
abc,
abc,
abc,
abc,
abc,
abc,
abc,
abc,
abc,
abc,
abc,
abc,
abc,
abc,
abc,
abc,
abc,
abc,
abc,
abc,
abc,
abc,
abc,
abc,
abc,
abc,
abc,
abc,
abc,
abc,
abc,
abc,
abc,
abc,
abc,
abc,
abc,
abc,
abc,
abc,
abc,
abc,
abc,
abc,
abc,
abc,
abc,
abc,
abc,
abc,
abc,
abc,
abc,
abc,
abc,
abc,
abc,
abc,
abc,
abc,
abc,
abc,
abc,
abc,
abc,
abc,
abc,
abc,
abc,
abc,
abc,
abc,
abc,
abc,
abc,
abc,
abc,
abc,
abc,
abc,
abc,
abc,
abc,
abc,
abc,
abc,
abc,
abc,
abc,
abc,
abc,
abc,
abc,
abc,
abc,
abc,
abc,
abc,
abc,
abc,
abc,
abc,
abc,
abc,
abc,
abc,
abc,
abc,
abc,
abc,
abc,
abc,
abc,
abc,
abc,
abc,
abc,
abc,
abc,
abc,
abc,
abc,
abc,
abc,
abc,
abc,
abc,
abc,
abc,
abc,
abc,
abc,
abc,
abc,
abc,
abc,
abc,
abc,
abc,
abc,
abc,
abc,
abc,
abc,
abc,
abc,
abc,
abc,
abc,
abc,
abc,
abc,
abc,
abc,
abc,
abc,
abc,
abc,
abc,
abc,
abc,
abc,
abc,
abc,
abc,
abc,
abc,
abc,
abc,
abc,
abc,
abc,
abc,
abc,
abc,
abc,
abc,
abc,
abc,
abc,
abc,
abc,
abc,
abc,
abc,
abc,
abc,
abc,
abc,
abc,
abc,
abc,
abc,
abc,
abc,
abc,
abc,
abc,
abc,
abc,
abc,
abc,
abc,
abc,
abc,
abc,
abc,
abc,
abc,
abc,
abc,
abc,
abc,
abc,
abc,
abc,
abc,
abc,
abc,
abc,
abc,
abc,
abc,
abc,
abc,
abc,
abc,
abc,
abc,
abc,
abc,
abc,
abc,
abc,
abc,
abc,
abc,
abc,
abc,
abc,
abc,
abc,
abc,
abc,
abc,
abc,
abc,
abc,
abc,
abc,
abc,
abc,
abc,
abc,
abc,
abc,
abc,
abc,
abc,
abc,
abc,
abc,
abc,
abc,
abc,
abc,
abc,
abc,
abc,
abc,
abc,
abc,
abc,
abc,
abc,
abc,
abc,
abc,
abc,
abc,
abc,
abc,
abc,
abc,
abc,
abc,
abc,
abc,
abc,
abc,
abc,
abc,
abc,
abc,
abc,
abc,
abc,
abc,
abc,
abc,
abc,
abc,
abc,
abc,
abc,
abc,
abc,
abc,
abc,
abc,
abc,
abc,
abc,
abc,
abc,
abc,
abc,
abc,
abc,
abc,
abc,
abc,
abc,
abc,
abc,
abc,
abc,
abc,
abc,
abc,
abc,
abc,
abc,
abc,
abc,
abc,
abc,
abc,
abc,
abc,
abc,
abc,
abc,
abc,
abc,
abc,
abc,
abc,
abc,
abc,
abc,
abc,
abc,
abc,
abc,
abc,
abc,
abc,
abc,
abc,
abc,
abc,
abc,
abc,
abc,
abc,
abc,
abc,
abc,
abc,
abc,
abc,
abc,
abc,
abc,
abc,
abc,
abc,
abc,
abc,
abc,
abc,
abc,
abc,
abc,
abc,
abc,
abc,
abc,
abc,
abc,
abc,
abc,
abc,
abc,
abc,
abc,
abc,
abc,
abc,
abc,
abc,
abc,
abc,
abc,
abc,
abc,
abc,
abc,
abc,
abc,
abc,
abc,
abc,
abc,
abc,
abc,
abc,
abc,
abc,
abc,
abc,
abc,
abc,
abc,
abc,
abc,
abc,
abc,
abc,
abc,
abc,
abc,
abc,
abc,
abc,
abc,
abc,
abc,
abc,
abc,
abc,
abc,
abc,
abc,
abc,
abc,
abc,
abc,
abc,
abc,
abc,
abc,
abc,
abc,
abc,
abc,
abc,
abc,
abc,
abc,
abc,
abc,
abc,
abc,
abc,
abc,
abc,
abc,
abc,
abc,
abc,
abc,
abc,
abc,
abc,
abc,
abc,
abc,
abc,
abc,
abc,
abc,
abc,
abc,
abc,
abc,
abc,
abc,
abc,
abc,
abc,
abc,
abc,
abc,
abc,
abc,
abc,
abc,
abc,
abc,
abc,
abc,
abc,
abc,
abc,
abc,
abc,
abc,
abc,
abc,
abc,
abc,
abc,
abc,
abc,
abc,
abc,
abc,
abc,
abc,
abc,
abc,
abc,
abc,
abc,
abc,
abc,
abc,
abc,
abc,
abc,
abc,
abc,
abc,
abc,
abc,
abc,
abc,
abc,
abc,
abc,
abc,
abc,
abc,
abc,
abc,
abc,
abc,
abc,
abc,
abc,
abc,
abc,
abc,
abc,
abc,
abc,
abc,
abc,
abc,
abc,
abc,
abc,
abc,
abc,
abc,
abc,
abc,
abc,
abc,
abc,
abc,
abc,
abc,
abc,
abc,
abc,
abc,
abc,
abc,
abc,
abc,
abc,
abc,
abc,
abc,
abc,
abc,
abc,
abc,
abc,
abc,
abc,
abc,
abc,
abc,
abc,
abc,
abc,
abc,
abc,
abc,
abc,
abc,
abc,
abc,
abc,
abc,
abc,
abc,
abc,
abc,
abc,
abc,
abc,
abc,
abc,
abc,
abc,
abc,
abc,
abc,
abc,
abc,
abc,
abc,
abc,
abc,
abc,
abc,
abc,
abc,
abc,
abc,
abc,
abc,
abc,
abc,
abc,
abc,
abc,
abc,
abc,
abc,
abc,
abc,
abc,
abc,
abc,
abc,
abc,
abc,
abc,
abc,
abc,
abc,
abc,
abc,
abc,
abc,
abc,
abc,
abc,
abc,
abc,
abc,
abc,
abc,
abc,
abc,
abc,
abc,
abc,
abc,
abc,
abc,
abc,
abc,
abc,
abc,
abc,
abc,
abc,
abc,
abc,
abc,
abc,
abc,
abc,
abc,
abc,
abc,
abc,
abc,
abc,
abc,
abc,
abc,
abc,
abc,
abc,
abc,
abc,
abc,
abc,
abc,
abc,
abc,
abc,
abc,
abc,
abc,
abc,
abc,
abc,
abc,
abc,
abc,
abc,
abc,
abc,
abc,
abc,
abc,
abc,
abc,
abc,
abc,
abc,
abc,
abc,
abc,
abc,
abc,
abc,
abc,
abc,
abc,
abc,
abc,
abc,
abc,
abc,
abc,
abc,
abc,
abc,
abc,
abc,
abc,
abc,
abc,
abc,
abc,
abc,
abc,
abc,
abc,
abc,
abc,
abc,
abc,
abc,
abc,
abc,
abc,
abc,
abc,
abc,
abc,
abc,
abc,
abc,
abc,
abc,
abc,
abc,
abc,
abc,
abc,
abc,
abc,
abc,
abc,
abc,
abc,
abc,
abc,
abc,
abc,
abc,
abc,
abc,
abc,
abc,
abc,
abc,
abc,
abc,
abc,
abc,
abc,
abc,
abc,
abc,
abc,
abc,
abc,
abc,
abc,
abc,
abc,
abc,
abc,
abc,
abc,
abc,
abc,
abc,
abc,
abc,
abc,
abc,
abc,
abc,
abc,
abc,
abc,
abc,
abc,
abc,
abc,
abc,
abc,
abc,
abc,
abc,
abc,
abc,
abc,
abc,
abc,
abc,
abc,
abc,
abc,
abc,
abc,
abc,
abc,
abc,
abc,
abc,
abc,
abc,
abc,
abc,
abc,
abc,
abc,
abc,
abc,
abc,
abc,
abc,
abc,
abc,
abc,
abc,
abc,
abc,
abc,
abc,
abc,
abc,
abc,
abc,
abc,
abc,
abc,
abc,
abc,
abc,
abc,
abc,
abc,
abc,
abc,
abc,
abc,
abc,
abc,
abc,
abc,
abc,
abc,
abc,
abc,
abc,
abc,
abc,
abc,
abc,
abc,
abc,
abc,
abc,
abc,
abc,
abc,
abc,
abc,
abc,
abc,
abc,
abc,
abc,
abc,
abc,
abc,
abc,
abc,
abc,
abc,
abc,
abc,
abc,
abc,
abc,
abc,
abc,
abc,
abc,
abc,
abc,
abc,
abc,
abc,
abc,
abc,
abc,
abc,
abc,
abc,
abc,
abc,
abc,
abc,
abc,
abc,
abc,
abc,
abc,
abc,
abc,
abc,
abc,
abc,
abc,
abc,
abc,
abc,
abc,
abc,
abc,
abc,
abc,
abc,
abc,
abc,
abc,
abc,
abc,
abc,
abc,
abc,
abc,
abc,
abc,
abc,
abc,
abc,
abc,
abc,
abc,
abc,
abc,
abc,
abc,
abc,
abc,
abc,
abc,
abc,
abc,
abc,
abc,
abc,
abc,
abc,
abc,
abc,
abc,
abc,
abc,
abc,
abc,
abc,
abc,
abc,
abc,
abc,
abc,
abc,
abc,
abc,
abc,
abc,
abc,
abc,
abc,
abc,
abc,
abc,
abc,
abc,
abc,
abc,
abc,
abc,
abc,
abc,
abc,
abc,
abc,
abc,
abc,
abc,
abc,
abc,
abc,
abc,
abc,
abc,
abc,
abc,
abc,
abc,
abc,
abc,
abc,
abc,
abc,
abc,
abc,
abc,
abc,
abc,
abc,
abc,
abc,
abc,
abc,
abc,
abc,
abc,
abc,
abc,
abc,
abc,
abc,
abc,
abc,
abc,
abc,
abc,
abc,
abc,
abc,
abc,
abc,
abc,
abc,
abc,
abc,
abc,
abc,
abc,
abc,
abc,
abc,
abc,
abc,
abc,
abc,
abc,
abc,
abc,
abc,
abc,
abc,
abc,
abc,
abc,
abc,
abc,
abc,
abc,
abc,
abc,
abc,
abc,
abc,
abc,
abc,
abc,
abc,
abc,
abc,
abc,
abc,
abc,
abc,
abc,
abc,
abc,
abc,
abc,
abc,
abc,
abc,
abc,
abc,
abc,
abc,
abc,
abc,
abc,
abc,
abc,
abc,
abc,
abc,
abc,
abc,
abc,
abc,
abc,
abc,
abc,
abc,
abc,
abc,
abc,
abc,
abc,
abc,
abc,
abc,
abc,
abc,
abc,
abc,
abc,
abc,
abc,
abc,
abc,
abc,
abc,
abc,
abc,
abc,
abc,
abc,
abc,
abc,
abc,
abc,
abc,
abc,
abc,
abc,
abc,
abc,
abc,
abc,
abc,
abc,
abc,
abc,
abc,
abc,
abc,
abc,
abc,
abc,
abc,
abc,
abc,
abc,
abc,
abc,
abc,
abc,
abc,
abc,
abc,
abc,
abc,
abc,
abc,
abc,
abc,
abc,
abc,
abc,
abc,
abc,
abc,
abc,
abc,
abc,
abc,
abc,
abc,
abc,
abc,
abc,
abc,
abc,
abc,
abc,
abc,
abc,
abc,
abc,
abc,
abc,
abc,
abc,
abc,
abc,
abc,
abc,
abc,
abc,
abc,
abc,
abc,
abc,
abc,
abc,
abc,
abc,
abc,
abc,
abc,
abc,
abc,
abc,
abc,
abc,
abc,
abc,
abc,
abc,
abc,
abc,
abc,
abc,
abc,
abc,
abc,
abc,
abc,
abc,
abc,
abc,
abc,
abc,
abc,
abc,
abc,
abc,
abc,
abc,
abc,
abc,
abc,
abc,
abc,
abc,
abc,
abc,
abc,
abc,
abc,
abc,
abc,
abc,
abc,
abc,
abc,
abc,
abc,
abc,
abc,
abc,
abc,
abc,
abc,
abc,
abc,
abc,
abc,
abc,
abc,
abc,
abc,
abc,
abc,
abc,
abc,
abc,
abc,
abc,
abc,
abc,
abc,
abc,
abc,
abc,
abc,
abc,
abc,
abc,
abc,
abc,
abc,
abc,
abc,
abc,
abc,
abc,
abc,
abc,
abc,
abc,
abc,
abc,
abc,
abc,
abc,
abc,
abc,
abc,
abc,
abc,
abc,
abc,
abc,
abc,
abc,
abc,
abc,
abc,
abc,
abc,
abc,
abc,
abc,
abc,
abc,
abc,
abc,
abc,
abc,
abc,
abc,
abc,
abc,
abc,
abc,
abc,
abc,
abc,
abc,
abc,
abc,
abc,
abc,
abc,
abc,
abc,
abc,
abc,
abc,
abc,
abc,
abc,
abc,
abc,
abc,
abc,
abc,
abc,
abc,
abc,
abc,
abc,
abc,
abc,
abc,
abc,
abc,
abc,
abc,
abc,
abc,
abc,
abc,
abc,
abc,
abc,
abc,
abc,
abc,
abc,
abc,
abc,
abc,
abc,
abc,
abc,
abc,
abc,
abc,
abc,
abc,
abc,
abc,
abc,
abc,
abc,
abc,
abc,
abc,
abc,
abc,
abc,
abc,
abc,
abc,
abc,
abc,
abc,
abc,
abc,
abc,
abc,
abc,
abc,
abc,
abc,
abc,
abc,
abc,
abc,
abc,
abc,
abc,
abc,
abc,
abc,
abc,
abc,
abc,
abc,
abc,
abc,
abc,
abc,
abc,
abc,
abc,
abc,
abc,
abc,
abc,
abc,
abc,
abc,
abc,
abc,
abc,
abc,
abc,
abc,
abc,
abc,
abc,
abc,
abc,
abc,
abc,
abc,
abc,
abc,
abc,
abc,
abc,
abc,
abc,
abc,
abc,
abc,
abc,
abc,
abc,
abc,
abc,
abc,
abc,
abc,
abc,
abc,
abc,
abc,
abc,
abc,
abc,
abc,
abc,
abc,
abc,
abc,
abc,
abc,
abc,
abc,
abc,
abc,
abc,
abc,
abc,
abc,
abc,
abc,
abc,
abc,
abc,
abc,
abc,
abc,
abc,
abc,
abc,
abc,
abc,
abc,
abc,
abc,
abc,
abc,
abc,
abc,
abc,
abc,
abc,
abc,
abc,
abc,
abc,
abc,
abc,
abc,
abc,
abc,
abc,
abc,
abc,
abc,
abc,
abc,
abc,
abc,
abc,
abc,
abc,
abc,
abc,
abc,
abc,
abc,
abc,
abc,
abc,
abc,
abc,
abc,
abc,
abc,
abc,
abc,
abc,
abc,
abc,
abc,
abc,
abc,
abc,
abc,
abc,
abc,
abc,
abc,
abc,
abc,
abc,
abc,
abc,
abc,
abc,
abc,
abc,
abc,
abc,
abc,
abc,
abc,
abc,
abc,
abc,
abc,
abc,
abc,
abc,
abc,
abc,
abc,
abc,
abc,
abc,
abc,
abc,
abc,
abc,
abc,
abc,
abc,
abc,
abc,
abc,
abc,
abc,
abc,
abc,
abc,
abc,
abc,
abc,
abc,
abc,
abc,
abc,
abc,
abc,
abc,
abc,
abc,
abc,
abc,
abc,
abc,
abc,
abc,
abc,
abc,
abc,
abc,
abc,
abc,
abc,
abc,
abc,
abc,
abc,
abc,
abc,
abc,
abc,
abc,
abc,
abc,
abc,
abc,
abc,
abc,
abc,
abc,
abc,
abc,
abc,
abc,
abc,
abc,
abc,
abc,
abc,
abc,
abc,
abc,
abc,
abc,
abc,
abc,
abc,
abc,
abc,
abc,
abc,
abc,
abc,
abc,
abc,
abc,
abc,
abc,
abc,
abc,
abc,
abc,
abc,
abc,
abc,
abc,
abc,
abc,
abc,
abc,
abc,
abc,
abc,
abc,
abc,
abc,
abc,
abc,
abc,
abc,
abc,
abc,
abc,
abc,
abc,
abc,
abc,
abc,
abc,
abc,
abc,
abc,
abc,
abc,
abc,
abc,
abc,
abc,
abc,
abc,
abc,
abc,
abc,
abc,
abc,
abc,
abc,
abc,
abc,
abc,
abc,
abc,
abc,
abc,
abc,
abc,
abc,
abc,
abc,
abc,
abc,
abc,
abc,
abc,
abc,
abc,
abc,
abc,
abc,
abc,
abc,
abc,
abc,
abc,
abc,
abc,
abc,
abc,
abc,
abc,
abc,
abc,
abc,
abc,
abc,
abc,
abc,
abc,
abc,
abc,
abc,
abc,
abc,
abc,
abc,
abc,
abc,
abc,
abc,
abc,
abc,
abc,
abc,
abc,
abc,
abc,
abc,
abc,
abc,
abc,
abc,
abc,
abc,
abc,
abc,
abc,
abc,
abc,
abc,
abc,
abc,
abc,
abc,
abc,
abc,
abc,
abc,
abc,
abc,
abc,
abc,
abc,
abc,
abc,
abc,
abc,
abc,
abc,
abc,
abc,
abc,
abc,
abc,
abc,
abc,
abc,
abc,
abc,
abc,
abc,
abc,
abc,
abc,
abc,
abc,
abc,
abc,
abc,
abc,
abc,
abc,
abc,
abc,
abc,
abc,
abc,
abc,
abc,
abc,
abc,
abc,
abc,
abc,
abc,
abc,
abc,
abc,
abc,
abc,
abc,
abc,
abc,
abc,
abc,
abc,
abc,
abc,
abc,
abc,
abc,
abc,
abc,
abc,
abc,
abc,
abc,
abc,
abc,
abc,
abc,
abc,
abc,
abc,
abc,
abc,
abc,
abc,
abc,
abc,
abc,
abc,
abc,
abc,
abc,
abc,
abc,
abc,
abc,
abc,
abc,
abc,
abc,
abc,
abc,
abc,
abc,
abc,
abc,
abc,
abc,
abc,
abc,
abc,
abc,
abc,
abc,
abc,
abc,
abc,
abc,
abc,
abc,
abc,
abc,
abc,
abc,
abc,
abc,
abc,
abc,
abc,
abc,
abc,
abc,
abc,
abc,
abc,
abc,
abc,
abc,
abc,
abc,
abc,
abc,
abc,
abc,
abc,
abc,
abc,
abc,
abc,
abc,
abc,
abc,
abc,
abc,
abc,
abc,
abc,
abc,
abc,
abc,
abc,
abc,
abc,
abc,
abc,
abc,
abc,
abc,
abc,
abc,
abc,
abc,
abc,
abc,
abc,
abc,
abc,
abc,
abc,
abc,
abc,
abc,
abc,
abc,
abc,
abc,
abc,
abc,
abc,
abc,
abc,
abc,
abc,
abc,
abc,
abc,
abc,
abc,
abc,
abc,
abc,
abc,
abc,
abc,
abc,
abc,
abc,
abc,
abc,
abc,
abc,
abc,
abc,
abc,
abc,
abc,
abc,
abc,
abc,
abc,
abc,
abc,
abc,
abc,
abc,
abc,
abc,
abc,
abc,
abc,
abc,
abc,
abc,
abc,
abc,
abc,
abc,
abc,
abc,
abc,
abc,
abc,
abc,
abc,
abc,
abc,
abc,
abc,
abc,
abc,
abc,
abc,
abc,
abc,
abc,
abc,
abc,
abc,
abc,
abc,
abc,
abc,
abc,
abc,
abc,
abc,
abc,
abc,
abc,
abc,
abc,
abc,
abc,
abc,
abc,
abc,
abc,
abc,
abc,
abc,
abc,
abc,
abc,
abc,
abc,
abc,
abc,
abc,
abc,
abc,
abc,
abc,
abc,
abc,
abc,
abc,
abc,
abc,
abc,
abc,
abc,
abc,
abc,
abc,
abc,
abc,
abc,
abc,
abc,
abc,
abc,
abc,
abc,
abc,
abc,
abc,
abc,
abc,
abc,
abc,
abc,
abc,
abc,
abc,
abc,
abc,
abc,
abc,
abc,
abc,
abc,
abc,
abc,
abc,
abc,
abc,
abc,
abc,
abc,
abc,
abc,
abc,
abc,
abc,
abc,
abc,
abc,
abc,
abc,
abc,
abc,
abc,
abc,
abc,
abc,
abc,
abc,
abc,
abc,
abc,
abc,
abc,
abc,
abc,
abc,
abc,
abc,
abc,
abc,
abc,
abc,
abc,
abc,
abc,
abc,
abc,
abc,
abc,
abc,
abc,
abc,
abc,
abc,
abc,
abc,
abc,
abc,
abc,
abc,
abc,
abc,
abc,
abc,
abc,
abc,
abc,
abc,
abc,
abc,
abc,
abc,
abc,
abc,
abc,
abc,
abc,
abc,
abc,
abc,
abc,
abc,
abc,
abc,
abc,
abc,
abc,
abc,
abc,
abc,
abc,
abc,
abc,
abc,
abc,
abc,
abc,
abc,
abc,
abc,
abc,
abc,
abc,
abc,
abc,
abc,
abc,
abc,
abc,
abc,
abc,
abc,
abc,
abc,
abc,
abc,
abc,
abc,
abc,
abc,
abc,
abc,
abc,
abc,
abc,
abc,
abc,
abc,
abc,
abc,
abc,
abc,
abc,
abc,
abc,
abc,
abc,
abc,
abc,
abc,
abc,
abc,
abc,
abc,
abc,
abc,
abc,
abc,
abc,
abc,
abc,
abc,
abc,
abc,
abc,
abc,
abc,
abc,
abc,
abc,
abc,
abc,
abc,
abc,
abc,
abc,
abc,
abc,
abc,
abc,
abc,
abc,
abc,
abc,
abc,
abc,
abc,
abc,
abc,
abc,
abc,
abc,
abc,
abc,
abc,
abc,
abc,
abc,
abc,
abc,
abc,
abc,
abc,
abc,
abc,
abc,
abc,
abc,
abc,
abc,
abc,
abc,
abc,
abc,
abc,
abc,
abc,
abc,
abc,
abc,
abc,
abc,
abc,
abc,
abc,
abc,
abc,
abc,
abc,
abc,
abc,
abc,
abc,
abc,
abc,
abc,
abc,
abc,
abc,
abc,
abc,
abc,
abc,
abc,
abc,
abc,
abc,
abc,
abc,
abc,
abc,
abc,
abc,
abc,
abc,
abc,
abc,
abc,
abc,
abc,
abc,
abc,
abc,
abc,
abc,
abc,
abc,
abc,
abc,
abc,
abc,
abc,
abc,
abc,
abc,
abc,
abc,
abc,
abc,
abc,
abc,
abc,
abc,
abc,
abc,
abc,
abc,
abc,
abc,
abc,
abc,
abc,
abc,
abc,
abc,
abc,
abc,
abc,
abc,
abc,
abc,
abc,
abc,
abc,
abc,
abc,
abc,
abc,
abc,
abc,
abc,
abc,
abc,
abc,
abc,
abc,
abc,
abc,
abc,
abc,
abc,
abc,
abc,
abc,
abc,
abc,
abc,
abc,
abc,
abc,
abc,
abc,
abc,
abc,
abc,
abc,
abc,
abc,
abc,
abc,
abc,
abc,
abc,
abc,
abc,
abc,
abc,
abc,
abc,
abc,
abc,
abc,
abc,
abc,
abc,
abc,
abc,
abc,
abc,
abc,
abc,
abc,
abc,
abc,
abc,
abc,
abc,
abc,
abc,
abc,
abc,
abc,
abc,
abc,
abc,
abc,
abc,
abc,
abc,
abc,
abc,
abc,
abc,
abc,
abc,
abc,
abc,
abc,
abc,
abc,
abc,
abc,
abc,
abc,
abc,
abc,
abc,
abc,
abc,
abc,
abc,
abc,
abc,
abc,
abc,
abc,
abc,
abc,
abc,
abc,
abc,
abc,
abc,
abc,
abc,
abc,
abc,
abc,
abc,
abc,
abc,
abc,
abc,
abc,
abc,
abc,
abc,
abc,
abc,
abc,
abc,
abc,
abc,
abc,
abc,
abc,
abc,
abc,
abc,
abc,
abc,
abc,
abc,
abc,
abc,
abc,
abc,
abc,
abc,
abc,
abc,
abc,
abc,
abc,
abc,
abc,
abc,
abc,
abc,
abc,
abc,
abc,
abc,
abc,
abc,
abc,
abc,
abc,
abc,
abc,
abc,
abc,
abc,
abc,
abc,
abc,
abc,
abc,
abc,
abc,
abc,
abc,
abc,
abc,
abc,
abc,
abc,
abc,
abc,
abc,
abc,
abc,
abc,
abc,
abc,
abc,
abc,
abc,
abc,
abc,
abc,
abc,
abc,
abc,
abc,
abc,
abc,
abc,
abc,
abc,
abc,
abc,
abc,
abc,
abc,
abc,
abc,
abc,
abc,
abc,
abc,
abc,
abc,
abc,
abc,
abc,
abc,
abc,
abc,
abc,
abc,
abc,
abc,
abc,
abc,
abc,
abc,
abc,
abc,
abc,
abc,
abc,
abc,
abc,
abc,
abc,
abc,
abc,
abc,
abc,
abc,
abc,
abc,
abc,
abc,
abc,
abc,
abc,
abc,
abc,
abc,
abc,
abc,
abc,
abc,
abc,
abc,
abc,
abc,
abc,
abc,
abc,
abc,
abc,
abc,
abc,
abc,
abc,
abc,
abc,
abc,
abc,
abc,
abc,
abc,
abc,
abc,
abc,
abc,
abc,
abc,
abc,
abc,
abc,
abc,
abc,
abc,
abc,
abc,
abc,
abc,
abc,
abc,
abc,
abc,
abc,
abc,
abc,
abc,
abc,
abc,
abc,
abc,
abc,
abc,
abc,
abc,
abc,
abc,
abc,
abc,
abc,
abc,
abc,
abc,
abc,
abc,
abc,
abc,
abc,
abc,
abc,
abc,
abc,
abc,
abc,
abc,
abc,
abc,
abc,
abc,
abc,
abc,
abc,
abc,
abc,
abc,
abc,
abc,
abc,
abc,
abc,
abc,
abc,
abc,
abc,
abc,
abc,
abc,
abc,
abc,
abc,
abc,
abc,
abc,
abc,
abc,
abc,
abc,
abc,
abc,
abc,
abc,
abc,
abc,
abc,
abc,
abc,
abc,
abc,
abc,
abc,
abc,
abc,
abc,
abc,
abc,
abc,
abc,
abc,
abc,
abc,
abc,
abc,
abc,
abc,
abc,
abc,
abc,
abc,
abc,
abc,
abc,
abc,
abc,
abc,
abc,
abc,
abc,
abc,
abc,
abc,
abc,
abc,
abc,
abc,
abc,
abc,
abc,
abc,
abc,
abc,
abc,
abc,
abc,
abc,
abc,
abc,
abc,
abc,
abc,
abc,
abc,
abc,
abc,
abc,
abc,
abc,
abc,
abc,
abc,
abc,
abc,
abc,
abc,
abc,
abc,
abc,
abc,
abc,
abc,
abc,
abc,
abc,
abc,
abc,
abc,
abc,
abc,
abc,
abc,
abc,
abc,
abc,
abc,
abc,
abc,
abc,
abc,
abc,
abc,
abc,
abc,
abc,
abc,
abc,
abc,
abc,
abc,
abc,
abc,
abc,
abc,
abc,
abc,
abc,
abc,
abc,
abc,
abc,
abc,
abc,
abc,
abc,
abc,
abc,
abc,
abc,
abc,
abc,
abc,
abc,
abc,
abc,
abc,
abc,
abc,
abc,
abc,
abc,
abc,
abc,
abc,
abc,
abc,
abc,
abc,
abc,
abc,
abc,
abc,
abc,
abc,
abc,
abc,
abc,
abc,
abc,
abc,
abc,
abc,
abc,
abc,
abc,
abc,
abc,
abc,
abc,
abc,
abc,
abc,
abc,
abc,
abc,
abc,
abc,
abc,
abc,
abc,
abc,
abc,
abc,
abc,
abc,
abc,
abc,
abc,
abc,
abc,
abc,
abc,
abc,
abc,
abc,
abc,
abc,
abc,
abc,
abc,
abc,
abc,
abc,
abc,
abc,
abc,
abc,
abc,
abc,
abc,
abc,
abc,
abc,
abc,
abc,
abc,
abc,
abc,
abc,
abc,
abc,
abc,
abc,
abc,
abc,
abc,
abc,
abc,
abc,
abc,
abc,
abc,
abc,
abc,
abc,
abc,
abc,
abc,
abc,
abc,
abc,
abc,
abc,
abc,
abc,
abc,
abc,
abc,
abc,
abc,
abc,
abc,
abc,
abc,
abc,
abc,
abc,
abc,
abc,
abc,
abc,
abc,
abc,
abc,
abc,
abc,
abc,
abc,
abc,
abc,
abc,
abc,
abc,
abc,
abc,
abc,
abc,
abc,
abc,
abc,
abc,
abc,
abc,
abc,
abc,
abc,
abc,
abc,
abc,
abc,
abc,
abc,
abc,
abc,
abc,
abc,
abc,
abc,
abc,
abc,
abc,
abc,
abc,
abc,
abc,
abc,
abc,
abc,
abc,
abc,
abc,
abc,
abc,
abc,
abc,
abc,
abc,
abc,
abc,
abc,
abc,
abc,
abc,
abc,
abc,
abc,
abc,
abc,
abc,
abc,
abc,
abc,
abc,
abc,
abc,
abc,
abc,
abc,
abc,
abc,
abc,
abc,
abc,
abc,
abc,
abc,
abc,
abc,
abc,
abc,
abc,
abc,
abc,
abc,
abc,
abc,
abc,
abc,
abc,
abc,
abc,
abc,
abc,
abc,
abc,
abc,
abc,
abc,
abc,
abc,
abc,
abc,
abc,
abc,
abc,
abc,
abc,
abc,
abc,
abc,
abc,
abc,
abc,
abc,
abc,
abc,
abc,
abc,
abc,
abc,
abc,
abc,
abc,
abc,
abc,
abc,
abc,
abc,
abc,
abc,
abc,
abc,
abc,
abc,
abc,
abc,
abc,
abc,
abc,
abc,
abc,
abc,
abc,
abc,
abc,
abc,
abc,
abc,
abc,
abc,
abc,
abc,
abc,
abc,
abc,
abc,
abc,
abc,
abc,
abc,
abc,
abc,
abc,
abc,
abc,
abc,
abc,
abc,
abc,
abc,
abc,
abc,
abc,
abc,
abc,
abc,
abc,
abc,
abc,
abc,
abc,
abc,
abc,
abc,
abc,
abc,
abc,
abc,
abc,
abc,
abc,
abc,
abc,
abc,
abc,
abc,
abc,
abc,
abc,
abc,
abc,
abc,
abc,
abc,
abc,
abc,
abc,
abc,
abc,
abc,
abc,
abc,
abc,
abc,
abc,
abc,
abc,
abc,
abc,
abc,
abc,
abc,
abc,
abc,
abc,
abc,
abc,
abc,
abc,
abc,
abc,
abc,
abc,
abc,
abc,
abc,
abc,
abc,
abc,
abc,
abc,
abc,
abc,
abc,
abc,
abc,
abc,
abc,
abc,
abc,
abc,
abc,
abc,
abc,
abc,
abc,
abc,
abc,
abc,
abc,
abc,
abc,
abc,
abc,
abc,
abc,
abc,
abc,
abc,
abc,
abc,
abc,
abc,
abc,
abc,
abc,
abc,
abc,
abc,
abc,
abc,
abc,
abc,
abc,
abc,
abc,
abc,
abc,
abc,
abc,
abc,
abc,
abc,
abc,
abc,
abc,
abc,
abc,
abc,
abc,
abc,
abc,
abc,
abc,
abc,
abc,
abc,
abc,
abc,
abc,
abc,
abc,
abc,
abc,
abc,
abc,
abc,
abc,
abc,
abc,
abc,
abc,
abc,
abc,
abc,
abc,
abc,
abc,
abc,
abc,
abc,
abc,
abc,
abc,
abc,
abc,
abc,
abc,
abc,
abc,
abc,
abc,
abc,
abc,
abc,
abc,
abc,
abc,
abc,
abc,
abc,
abc,
abc,
abc,
abc,
abc,
abc,
abc,
abc,
abc,
abc,
abc,
abc,
abc,
abc,
abc,
abc,
abc,
abc,
abc,
abc,
abc,
abc,
abc,
abc,
abc,
abc,
abc,
abc,
abc,
abc,
abc,
abc,
abc,
abc,
abc,
abc,
abc,
abc,
abc,
abc,
abc,
abc,
abc,
abc,
abc,
abc,
abc,
abc,
abc,
abc,
abc,
abc,
abc,
abc,
abc,
abc,
abc,
abc,
abc,
abc,
abc,
abc,
abc,
abc,
abc,
abc,
abc,
abc,
abc,
abc,
abc,
abc,
abc,
abc,
abc,
abc,
abc,
abc,
abc,
abc,
abc,
abc,
abc,
abc,
abc,
abc,
abc,
abc,
abc,
abc,
abc,
abc,
abc,
abc,
abc,
abc,
abc,
abc,
abc,
abc,
abc,
abc,
abc,
abc,
abc,
abc,
abc,
abc,
abc,
abc,
abc,
abc,
abc,
abc,
abc,
abc,
abc,
abc,
abc,
abc,
abc,
abc,
abc,
abc,
abc,
abc,
abc,
abc,
abc,
abc,
abc,
abc,
abc,
abc,
abc,
abc,
abc,
abc,
abc,
abc,
abc,
abc,
abc,
abc,
abc,
abc,
abc,
abc,
abc,
abc,
abc,
abc,
abc,
abc,
abc,
abc,
abc,
abc,
abc,
abc,
abc,
abc,
abc,
abc,
abc,
abc,
abc,
abc,
abc,
abc,
abc,
abc,
abc,
abc,
abc,
abc,
abc,
abc,
abc,
abc,
abc,
abc,
abc,
abc,
abc,
abc,
abc,
abc,
abc,
abc,
abc,
abc,
abc,
abc,
abc,
abc,
abc,
abc,
abc,
abc,
abc,
abc,
abc,
abc,
abc,
abc,
abc,
abc,
abc,
abc,
abc,
abc,
abc,
abc,
abc,
abc,
abc,
abc,
abc,
abc,
abc,
abc,
abc,
abc,
abc,
abc,
abc,
abc,
abc,
abc,
abc,
abc,
abc,
abc,
abc,
abc,
abc,
abc,
abc,
abc,
abc,
abc,
abc,
abc,
abc,
abc,
abc,
abc,
abc,
abc,
abc,
abc,
abc,
abc,
abc,
abc,
abc,
abc,
abc,
abc,
abc,
abc,
abc,
abc,
abc,
abc,
abc,
abc,
abc,
abc,
abc,
abc,
abc,
abc,
abc,
abc,
abc,
abc,
abc,
abc,
abc,
abc,
abc,
abc,
abc,
abc,
abc,
abc,
abc,
abc,
abc,
abc,
abc,
abc,
abc,
abc,
abc,
abc,
abc,
abc,
abc,
abc,
abc,
abc,
abc,
abc,
abc,
abc,
abc,
abc,
abc,
abc,
abc,
abc,
abc,
abc,
abc,
abc,
abc,
abc,
abc,
abc,
abc,
abc,
abc,
abc,
abc,
abc,
abc,
abc,
abc,
abc,
abc,
abc,
abc,
abc,
abc,
abc,
abc,
abc,
abc,
abc,
abc,
abc,
abc,
abc,
abc,
abc,
abc,
abc,
abc,
abc,
abc,
abc,
abc,
abc,
abc,
abc,
abc,
abc,
abc,
abc,
abc,
abc,
abc,
abc,
abc,
abc,
abc,
abc,
abc,
abc,
abc,
abc,
abc,
abc,
abc,
abc,
abc,
abc,
abc,
abc,
abc,
abc,
abc,
abc,
abc,
abc,
abc,
abc,
abc,
abc,
abc,
abc,
abc,
abc,
abc,
abc,
abc,
abc,
abc,
abc,
abc,
abc,
abc,
abc,
abc,
abc,
abc,
abc,
abc,
abc,
abc,
abc,
abc,
abc,
abc,
abc,
abc,
abc,
abc,
abc,
abc,
abc,
abc,
abc,
abc,
abc,
abc,
abc,
abc,
abc,
abc,
abc,
abc,
abc,
abc,
abc,
abc,
abc,
abc,
abc,
abc,
abc,
abc,
abc,
abc,
abc,
abc,
abc,
abc,
abc,
abc,
abc,
abc,
abc,
abc,
abc,
abc,
abc,
abc,
abc,
abc,
abc,
abc,
abc,
abc,
abc,
abc,
abc,
abc,
abc,
abc,
abc,
abc,
abc,
abc,
abc,
abc,
abc,
abc,
abc,
abc,
abc,
abc,
abc,
abc,
abc,
abc,
abc,
abc,
abc,
abc,
abc,
abc,
abc,
abc,
abc,
abc,
abc,
abc,
abc,
abc,
abc,
abc,
abc,
abc,
abc,
abc,
abc,
abc,
abc,
abc,
abc,
abc,
abc,
abc,
abc,
abc,
abc,
abc,
abc,
abc,
abc,
abc,
abc,
abc,
abc,
abc,
abc,
abc,
abc,
abc,
abc,
abc,
abc,
abc,
abc,
abc,
abc,
abc,
abc,
abc,
abc,
abc,
abc,
abc,
abc,
abc,
abc,
abc,
abc,
abc,
abc,
abc,
abc,
abc,
abc,
abc,
abc,
abc,
abc,
abc,
abc,
abc,
abc,
abc,
abc,
abc,
abc,
abc,
abc,
abc,
abc,
abc,
abc,
abc,
abc,
abc,
abc,
abc,
abc,
abc,
abc,
abc,
abc,
abc,
abc,
abc,
abc,
abc,
abc,
abc,
abc,
abc,
abc,
abc,
abc,
abc,
abc,
abc,
abc,
abc,
abc,
abc,
abc,
abc,
abc,
abc,
abc,
abc,
abc,
abc,
abc,
abc,
abc,
abc,
abc,
abc,
abc,
abc,
abc,
abc,
abc,
abc,
abc,
abc,
abc,
abc,
abc,
abc,
abc,
abc,
abc,
abc,
abc,
abc,
abc,
abc,
abc,
abc,
abc,
abc,
abc,
abc,
abc,
abc,
abc,
abc,
abc,
abc,
abc,
abc,
abc,
abc,
abc,
abc,
abc,
abc,
abc,
abc,
abc,
abc,
abc,
abc,
abc,
abc,
abc,
abc,
abc,
abc,
abc,
abc,
abc,
abc,
abc,
abc,
abc,
abc,
abc,
abc,
abc,
abc,
abc,
abc,
abc,
abc,
abc,
abc,
abc,
abc,
abc,
abc,
abc,
abc,
abc,
abc,
abc,
abc,
abc,
abc,
abc,
abc,
abc,
abc,
abc,
abc,
abc,
abc,
abc,
abc,
abc,
abc,
abc,
abc,
abc,
abc,
abc,
abc,
abc,
abc,
abc,
abc,
abc,
abc,
abc,
abc,
abc,
abc,
abc,
abc,
abc,
abc,
abc,
abc,
abc,
abc,
abc,
abc,
abc,
abc,
abc,
abc,
abc,
abc,
abc,
abc,
abc,
abc,
abc,
abc,
abc,
abc,
abc,
abc,
abc,
abc,
abc,
abc,
abc,
abc,
abc,
abc,
abc,
abc,
abc,
abc,
abc,
abc,
abc,
abc,
abc,
abc,
abc,
abc,
abc,
abc,
abc,
abc,
abc,
abc,
abc,
abc,
abc,
abc,
abc,
abc,
abc,
abc,
abc,
abc,
abc,
abc,
abc,
abc,
abc,
abc,
abc,
abc,
abc,
abc,
abc,
abc,
abc,
abc,
abc,
abc,
abc,
abc,
abc,
abc,
abc,
abc,
abc,
abc,
abc,
abc,
abc,
abc,
abc,
abc,
abc,
abc,
abc,
abc,
abc,
abc,
abc,
abc,
abc,
abc,
abc,
abc,
abc,
abc,
abc,
abc,
abc,
abc,
abc,
abc,
abc,
abc,
abc,
abc,
abc,
abc,
abc,
abc,
abc,
abc,
abc,
abc,
abc,
abc,
abc,
abc,
abc,
abc,
abc,
abc,
abc,
abc,
abc,
abc,
abc,
abc,
abc,
abc,
abc,
abc,
abc,
abc,
abc,
abc,
abc,
abc,
abc,
abc,
abc,
abc,
abc,
abc,
abc,
abc,
abc,
abc,
abc,
abc,
abc,
abc,
abc,
abc,
abc,
abc,
abc,
abc,
abc,
abc,
abc,
abc,
abc,
abc,
abc,
abc,
abc,
abc,
abc,
abc,
abc,
abc,
abc,
abc,
abc,
abc,
abc,
abc,
abc,
abc,
abc,
abc,
abc,
abc,
abc,
abc,
abc,
abc,
abc,
abc,
abc,
abc,
abc,
abc,
abc,
abc,
abc,
abc,
abc,
abc,
abc,
abc,
abc,
abc,
abc,
abc,
abc,
abc,
abc,
abc,
abc,
abc,
abc,
abc,
abc,
abc,
abc,
abc,
abc,
abc,
abc,
abc,
abc,
abc,
abc,
abc,
abc,
abc,
abc,
abc,
abc,
abc,
abc,
abc,
abc,
abc,
abc,
abc,
abc,
abc,
abc,
abc,
abc,
abc,
abc,
abc,
abc,
abc,
abc,
abc,
abc,
abc,
abc,
abc,
abc,
abc,
abc,
abc,
abc,
abc,
abc,
abc,
abc,
abc,
abc,
abc,
abc,
abc,
abc,
abc,
abc,
abc,
abc,
abc,
abc,
abc,
abc,
abc,
abc,
abc,
abc,
abc,
abc,
abc,
abc,
abc,
abc,
abc,
abc,
abc,
abc,
abc,
abc,
abc,
abc,
abc,
abc,
abc,
abc,
abc,
abc,
abc,
abc,
abc,
abc,
abc,
abc,
abc,
abc,
abc,
abc,
abc,
abc,
abc,
abc,
abc,
abc,
abc,
abc,
abc,
abc,
abc,
abc,
abc,
abc,
abc,
abc,
abc,
abc,
abc,
abc,
abc,
abc,
abc,
abc,
abc,
abc,
abc,
abc,
abc,
abc,
abc,
abc,
abc,
abc,
abc,
abc,
abc,
abc,
abc,
abc,
abc,
abc,
abc,
abc,
abc,
abc,
abc,
abc,
abc,
abc,
abc,
abc,
abc,
abc,
abc,
abc,
abc,
abc,
abc,
abc,
abc,
abc,
abc,
abc,
abc,
abc,
abc,
abc,
abc,
abc,
abc,
abc,
abc,
abc,
abc,
abc,
abc,
abc,
abc,
abc,
abc,
abc,
abc,
abc,
abc,
abc,
abc,
abc,
abc,
abc,
abc,
abc,
abc,
abc,
abc,
abc,
abc,
abc,
abc,
abc,
abc,
abc,
abc,
abc,
abc,
abc,
abc,
abc,
abc,
abc,
abc,
abc,
abc,
abc,
abc,
abc,
abc,
abc,
abc,
abc,
abc,
abc,
abc,
abc,
abc,
abc,
abc,
abc,
abc,
abc,
abc,
abc,
abc,
abc,
abc,
abc,
abc,
abc,
abc,
abc,
abc,
abc,
abc,
abc,
abc,
abc,
abc,
abc,
abc,
abc,
abc,
abc,
abc,
abc,
abc,
abc,
abc,
abc,
abc,
abc,
abc,
abc,
abc,
abc,
abc,
abc,
abc,
abc,
abc,
abc,
abc,
abc,
abc,
abc,
abc,
abc,
abc,
abc,
abc,
abc,
abc,
abc,
abc,
abc,
abc,
abc,
abc,
abc,
abc,
abc,
abc,
abc,
abc,
abc,
abc,
abc,
abc,
abc,
abc,
abc,
abc,
abc,
abc,
abc,
abc,
abc,
abc,
abc,
abc,
abc,
abc,
abc,
abc,
abc,
abc,
abc,
abc,
abc,
abc,
abc,
abc,
abc,
abc,
abc,
abc,
abc,
abc,
abc,
abc,
abc,
abc,
abc,
abc,
abc,
abc,
abc,
abc,
abc,
abc,
abc,
abc,
abc,
abc,
abc,
abc,
abc,
abc,
abc,
abc,
abc,
abc,
abc,
abc,
abc,
abc,
abc,
abc,
abc,
abc,
abc,
abc,
abc,
abc,
abc,
abc,
abc,
abc,
abc,
abc,
abc,
abc,
abc,
abc,
abc,
abc,
abc,
abc,
abc,
abc,
abc,
abc,
abc,
abc,
abc,
abc,
abc,
abc,
abc,
abc,
abc,
abc,
abc,
abc,
abc,
abc,
abc,
abc,
abc,
abc,
abc,
abc,
abc,
abc,
abc,
abc,
abc,
abc,
abc,
abc,
abc,
abc,
abc,
abc,
abc,
abc,
abc,
abc,
abc,
abc,
abc,
abc,
abc,
abc,
abc,
abc,
abc,
abc,
abc,
abc,
abc,
abc,
abc,
abc,
abc,
abc,
abc,
abc,
abc,
abc,
abc,
abc,
abc,
abc,
abc,
abc,
abc,
abc,
abc,
abc,
abc,
abc,
abc,
abc,
abc,
abc,
abc,
abc,
abc,
abc,
abc,
abc,
abc,
abc,
abc,
abc,
abc,
abc,
abc,
abc,
abc,
abc,
abc,
abc,
abc,
abc,
abc,
abc,
abc,
abc,
abc,
abc,
abc,
abc,
abc,
abc,
abc,
abc,
abc,
abc,
abc,
abc,
abc,
abc,
abc,
abc,
abc,
abc,
abc,
abc,
abc,
abc,
abc,
abc,
abc,
abc,
abc,
abc,
abc,
abc,
abc,
abc,
abc,
abc,
abc,
abc,
abc,
abc,
abc,
abc,
abc,
abc,
abc,
abc,
abc,
abc,
abc,
abc,
abc,
abc,
abc,
abc,
abc,
abc,
abc,
abc,
abc,
abc,
abc,
abc,
abc,
abc,
abc,
abc,
abc,
abc,
abc,
abc,
abc,
abc,
abc,
abc,
abc,
abc,
abc,
abc,
abc,
abc,
abc,
abc,
abc,
abc,
abc,
abc,
abc,
abc,
abc,
abc,
abc,
abc,
abc,
abc,
abc,
abc,
abc,
abc,
abc,
abc,
abc,
abc,
abc,
abc,
abc,
abc,
abc,
abc,
abc,
abc,
abc,
abc,
abc,
abc,
abc,
abc,
abc,
abc,
abc,
abc,
abc,
abc,
abc,
abc,
abc,
abc,
abc,
abc,
abc,
abc,
abc,
abc,
abc,
abc,
abc,
abc,
abc,
abc,
abc,
abc,
abc,
abc,
abc,
abc,
abc,
abc,
abc,
abc,
abc,
abc,
abc,
abc,
abc,
abc,
abc,
abc,
abc,
abc,
abc,
abc,
abc,
abc,
abc,
abc,
abc,
abc,
abc,
abc,
abc,
abc,
abc,
abc,
abc,
abc,
abc,
abc,
abc,
abc,
abc,
abc,
abc,
abc,
abc,
abc,
abc,
abc,
abc,
abc,
abc,
abc,
abc,
abc,
abc,
abc,
abc,
abc,
abc,
abc,
abc,
abc,
abc,
abc,
abc,
abc,
abc,
abc,
abc,
abc,
abc,
abc,
abc,
abc,
abc,
abc,
abc,
abc,
abc,
abc,
abc,
abc,
abc,
abc,
abc,
abc,
abc,
abc,
abc,
abc,
abc,
abc,
abc,
abc,
abc,
abc,
abc,
abc,
abc,
abc,
abc,
abc,
abc,
abc,
abc,
abc,
abc,
abc,
abc,
abc,
abc,
abc,
abc,
abc,
abc,
abc,
abc,
abc,
abc,
abc,
abc,
abc,
abc,
abc,
abc,
abc,
abc,
abc,
abc,
abc,
abc,
abc,
abc,
abc,
abc,
abc,
abc,
abc,
abc,
abc,
abc,
abc,
abc,
abc,
abc,
abc,
abc,
abc,
abc,
abc,
abc,
abc,
abc,
abc,
abc,
abc,
abc,
abc,
abc,
abc,
abc,
abc,
abc,
abc,
abc,
abc,
abc,
abc,
abc,
abc,
abc,
abc,
abc,
abc,
abc,
abc,
abc,
abc,
abc,
abc,
abc,
abc,
abc,
abc,
abc,
abc,
abc,
abc,
abc,
abc,
abc,
abc,
abc,
abc,
abc,
abc,
abc,
abc,
abc,
abc,
abc,
abc,
abc,
abc,
abc,
abc,
abc,
abc,
abc,
abc,
abc,
abc,
abc,
abc,
abc,
abc,
abc,
abc,
abc,
abc,
abc,
abc,
abc,
abc,
abc,
abc,
abc,
abc,
abc,
abc,
abc,
abc,
abc,
abc,
abc,
abc,
abc,
abc,
abc,
abc,
abc,
abc,
abc,
abc,
abc,
abc,
abc,
abc,
abc,
abc,
abc,
abc,
abc,
abc,
abc,
abc,
abc,
abc,
abc,
abc,
abc,
abc,
abc,
abc,
abc,
abc,
abc,
abc,
abc,
abc,
abc,
abc,
abc,
abc,
abc,
abc,
abc,
abc,
abc,
abc,
abc,
abc,
abc,
abc,
abc,
abc,
abc,
abc,
abc,
abc,
abc,
abc,
abc,
abc,
abc,
abc,
abc,
abc,
abc,
abc,
abc,
abc,
abc,
abc,
abc,
abc,
abc,
abc,
abc,
abc,
abc,
abc,
abc,
abc,
abc,
abc,
abc,
abc,
abc,
abc,
abc,
abc,
abc,
abc,
abc,
abc,
abc,
abc,
abc,
abc,
abc,
abc,
abc,
abc,
abc,
abc,
abc,
abc,
abc,
abc,
abc,
abc,
abc,
abc,
abc,
abc,
abc,
abc,
abc,
abc,
abc,
abc,
abc,
abc,
abc,
abc,
abc,
abc,
abc,
abc,
abc,
abc,
abc,
abc,
abc,
abc,
abc,
abc,
abc,
abc,
abc,
abc,
abc,
abc,
abc,
abc,
abc,
abc,
abc,
abc,
abc,
abc,
abc,
abc,
abc,
abc,
abc,
abc,
abc,
abc,
abc,
abc,
abc,
abc,
abc,
abc,
abc,
abc,
abc,
abc,
abc,
abc,
abc,
abc,
abc,
abc,
abc,
abc,
abc,
abc,
abc,
abc,
abc,
abc,
abc,
abc,
abc,
abc,
abc,
abc,
abc,
abc,
abc,
abc,
abc,
abc,
abc,
abc,
abc,
abc,
abc,
abc,
abc,
abc,
abc,
abc,
abc,
abc,
abc,
abc,
abc,
abc,
abc,
abc,
abc,
abc,
abc,
abc,
abc,
abc,
abc,
abc,
abc,
abc,
abc,
abc,
abc,
abc,
abc,
abc,
abc,
abc,
abc,
abc,
abc,
abc,
abc,
abc,
abc,
abc,
abc,
abc,
abc,
abc,
abc,
abc,
abc,
abc,
abc,
abc,
abc,
abc,
abc,
abc,
abc,
abc,
abc,
abc,
abc,
abc,
abc,
abc,
abc,
abc,
abc,
abc,
abc,
abc,
abc,
abc,
abc,
abc,
abc,
abc,
abc,
abc,
abc,
abc,
abc,
abc,
abc,
abc,
abc,
abc,
abc,
abc,
abc,
abc,
abc,
abc,
abc,
abc,
abc,
abc,
abc,
abc,
abc,
abc,
abc,
abc,
abc,
abc,
abc,
abc,
abc,
abc,
abc,
abc,
abc,
abc,
abc,
abc,
abc,
abc,
abc,
abc,
abc,
abc,
abc,
abc,
abc,
abc,
abc,
abc,
abc,
abc,
abc,
abc,
abc,
abc,
abc,
abc,
abc,
abc,
abc,
abc,
abc,
abc,
abc,
abc,
abc,
abc,
abc,
abc,
abc,
abc,
abc,
abc,
abc,
abc,
abc,
abc,
abc,
abc,
abc,
abc,
abc,
abc,
abc,
abc,
abc,
abc,
abc,
abc,
abc,
abc,
abc,
abc,
abc,
abc,
abc,
abc,
abc,
abc,
abc,
abc,
abc,
abc,
abc,
abc,
abc,
abc,
abc,
abc,
abc,
abc,
abc,
abc,
abc,
abc,
abc,
abc,
abc,
abc,
abc,
abc,
abc,
abc,
abc,
abc,
abc,
abc,
abc,
abc,
abc,
abc,
abc,
abc,
abc,
abc,
abc,
abc,
abc,
abc,
abc,
abc,
abc,
abc,
abc,
abc,
abc,
abc,
abc,
abc,
abc,
abc,
abc,
abc,
abc,
abc,
abc,
abc,
abc,
abc,
abc,
abc,
abc,
abc,
abc,
abc,
abc,
abc,
abc,
abc,
abc,
abc,
abc,
abc,
abc,
abc,
abc,
abc,
abc,
abc,
abc,
abc,
abc,
abc,
abc,
abc,
abc,
abc,
abc,
abc,
abc,
abc,
abc,
abc,
abc,
abc,
abc,
abc,
abc,
abc,
abc,
abc,
abc,
abc,
abc,
abc,
abc,
abc,
abc,
abc,
abc,
abc,
abc,
abc,
abc,
abc,
abc,
abc,
abc,
abc,
abc,
abc,
abc,
abc,
abc,
abc,
abc,
abc,
abc,
abc,
abc,
abc,
abc,
abc,
abc,
abc,
abc,
abc,
abc,
abc,
abc,
abc,
abc,
abc,
abc,
abc,
abc,
abc,
abc,
abc,
abc,
abc,
abc,
abc,
abc,
abc,
abc,
abc,
abc,
abc,
abc,
abc,
abc,
abc,
abc,
abc,
abc,
abc,
abc,
abc,
abc,
abc,
abc,
abc,
abc,
abc,
abc,
abc,
abc,
abc,
abc,
abc,
abc,
abc,
abc,
abc,
abc,
abc,
abc,
abc,
abc,
abc,
abc,
abc,
abc,
abc,
abc,
abc,
abc,
abc,
abc,
abc,
abc,
abc,
abc,
abc,
abc,
abc,
abc,
abc,
abc,
abc,
abc,
abc,
abc,
abc,
abc,
abc,
abc,
abc,
abc,
abc,
abc,
abc,
abc,
abc,
abc,
abc,
abc,
abc,
abc,
abc,
abc,
abc,
abc,
abc,
abc,
abc,
abc,
abc,
abc,
abc,
abc,
abc,
abc,
abc,
abc,
abc,
abc,
abc,
abc,
abc,
abc,
abc,
abc,
abc,
abc,
abc,
abc,
abc,
abc,
abc,
abc,
abc,
abc,
abc,
abc,
abc,
abc,
abc,
abc,
abc,
abc,
abc,
abc,
abc,
abc,
abc,
abc,
abc,
abc,
abc,
abc,
abc,
abc,
abc,
abc,
abc,
abc,
abc,
abc,
abc,
abc,
abc,
abc,
abc,
abc,
abc,
abc,
abc,
abc,
abc,
abc,
abc,
abc,
abc,
abc,
abc,
abc,
abc,
abc,
abc,
abc,
abc,
abc,
abc,
abc,
abc,
abc,
abc,
abc,
abc,
abc,
abc,
abc,
abc,
abc,
abc,
abc,
abc,
abc,
abc,
abc,
abc,
abc,
abc,
abc,
abc,
abc,
abc,
abc,
abc,
abc,
abc,
abc,
abc,
abc,
abc,
abc,
abc,
abc,
abc,
abc,
abc,
abc,
abc,
abc,
abc,
abc,
abc,
abc,
abc,
abc,
abc,
abc,
abc,
abc,
abc,
abc,
abc,
abc,
abc,
abc,
abc,
abc,
abc,
abc,
abc,
abc,
abc,
abc,
abc,
abc,
abc,
abc,
abc,
abc,
abc,
abc,
abc,
abc,
abc,
abc,
abc,
abc,
abc,
abc,
abc,
abc,
abc,
abc,
abc,
abc,
abc,
abc,
abc,
abc,
abc,
abc,
abc,
abc,
abc,
abc,
abc,
abc,
abc,
abc,
abc,
abc,
abc,
abc,
abc,
abc,
abc,
abc,
abc,
abc,
abc,
abc,
abc,
abc,
abc,
abc,
abc,
abc,
abc,
abc,
abc,
abc,
abc,
abc,
abc,
abc,
abc,
abc,
abc,
abc,
abc,
abc,
abc,
abc,
abc,
abc,
abc,
abc,
abc,
abc,
abc,
abc,
abc,
abc,
abc,
abc,
abc,
abc,
abc,
abc,
abc,
abc,
abc,
abc,
abc,
abc,
abc,
abc,
abc,
abc,
abc,
abc,
abc,
abc,
abc,
abc,
abc,
abc,
abc,
abc,
abc,
abc,
abc,
abc,
abc,
abc,
abc,
abc,
abc,
abc,
abc,
abc,
abc,
abc,
abc,
abc,
abc,
abc,
abc,
abc,
abc,
abc,
abc,
abc,
abc,
abc,
abc,
abc,
abc,
abc,
abc,
abc,
abc,
abc,
abc,
abc,
abc,
abc,
abc,
abc,
abc,
abc,
abc,
abc,
abc,
abc,
abc,
abc,
abc,
abc,
abc,
abc,
abc,
abc,
abc,
abc,
abc,
abc,
abc,
abc,
abc,
abc,
abc,
abc,
abc,
abc,
abc,
abc,
abc,
abc,
abc,
abc,
abc,
abc,
abc,
abc,
abc,
abc,
abc,
abc,
abc,
abc,
abc,
abc,
abc,
abc,
abc,
abc,
abc,
abc,
abc,
abc,
abc,
abc,
abc,
abc,
abc,
abc,
abc,
abc,
abc,
abc,
abc,
abc,
abc,
abc,
abc,
abc,
abc,
abc,
abc,
abc,
abc,
abc,
abc,
abc,
abc,
abc,
abc,
abc,
abc,
abc,
abc,
abc,
abc,
abc,
abc,
abc,
abc,
abc,
abc,
abc,
abc,
abc,
abc,
abc,
abc,
abc,
abc,
abc,
abc,
abc,
abc,
abc,
abc,
abc,
abc,
abc,
abc,
abc,
abc,
abc,
abc,
abc,
abc,
abc,
abc,
abc,
abc,
abc,
abc,
abc,
abc,
abc,
abc,
abc,
abc,
abc,
abc,
abc,
abc,
abc,
abc,
abc,
abc,
abc,
abc,
abc,
abc,
abc,
abc,
abc,
abc,
abc,
abc,
abc,
abc,
abc,
abc,
abc,
abc,
abc,
abc,
abc,
abc,
abc,
abc,
abc,
abc,
abc,
abc,
abc,
abc,
abc,
abc,
abc,
abc,
abc,
abc,
abc,
abc,
abc,
abc,
abc,
abc,
abc,
abc,
abc,
abc,
abc,
abc,
abc,
abc,
abc,
abc,
abc,
abc,
abc,
abc,
abc,
abc,
abc,
abc,
abc,
abc,
abc,
abc,
abc,
abc,
abc,
abc,
abc,
abc,
abc,
abc,
abc,
abc,
abc,
abc,
abc,
abc,
abc,
abc,
abc,
abc,
abc,
abc,
abc,
abc,
abc,
abc,
abc,
abc,
abc,
abc,
abc,
abc,
abc,
abc,
abc,
abc,
abc,
abc,
abc,
abc,
abc,
abc,
abc,
abc,
abc,
abc,
abc,
abc,
abc,
abc,
abc,
abc,
abc,
abc,
abc,
abc,
abc,
abc,
abc,
abc,
abc,
abc,
abc,
abc,
abc,
abc,
abc,
abc,
abc,
abc,
abc,
abc,
abc,
abc,
abc,
abc,
abc,
abc,
abc,
abc,
abc,
abc,
abc,
abc,
abc,
abc,
abc,
abc,
abc,
abc,
abc,
abc,
abc,
abc,
abc,
abc,
abc,
abc,
abc,
abc,
abc,
abc,
abc,
abc,
abc,
abc,
abc,
abc,
abc,
abc,
abc,
abc,
abc,
abc,
abc,
abc,
abc,
abc,
abc,
abc,
abc,
abc,
abc,
abc,
abc,
abc,
abc,
abc,
abc,
abc,
abc,
abc,
abc,
abc,
abc,
abc,
abc,
abc,
abc,
abc,
abc,
abc,
abc,
abc,
abc,
abc,
abc,
abc,
abc,
abc,
abc,
abc,
abc,
abc,
abc,
abc,
abc,
abc,
abc,
abc,
abc,
abc,
abc,
abc,
abc,
abc,
abc,
abc,
abc,
abc,
abc,
abc,
abc,
abc,
abc,
abc,
abc,
abc,
abc,
abc,
abc,
abc,
abc,
abc,
abc,
abc,
abc,
abc,
abc,
abc,
abc,
abc,
abc,
abc,
abc,
abc,
abc,
abc,
abc,
abc,
abc,
abc,
abc,
abc,
abc,
abc,
abc,
abc,
abc,
abc,
abc,
abc,
abc,
abc,
abc,
abc,
abc,
abc,
abc,
abc,
abc,
abc,
abc,
abc,
abc,
abc,
abc,
abc,
abc,
abc,
abc,
abc,
abc,
abc,
abc,
abc,
abc,
abc,
abc,
abc,
abc,
abc,
abc,
abc,
abc,
abc,
abc,
abc,
abc,
abc,
abc,
abc,
abc,
abc,
abc,
abc,
abc,
abc,
abc,
abc,
abc,
abc,
abc,
abc,
abc,
abc,
abc,
abc,
abc,
abc,
abc,
abc,
abc,
abc,
abc,
abc,
abc,
abc,
abc,
abc,
abc,
abc,
abc,
abc,
abc,
abc,
abc,
abc,
abc,
abc,
abc,
abc,
abc,
abc,
abc,
abc,
abc,
abc,
abc,
abc,
abc,
abc,
abc,
abc,
abc,
abc,
abc,
abc,
abc,
abc,
abc,
abc,
abc,
abc,
abc,
abc,
abc,
abc,
abc,
abc,
abc,
abc,
abc,
abc,
abc,
abc,
abc,
abc,
abc,
abc,
abc,
abc,
abc,
abc,
abc,
abc,
abc,
abc,
abc,
abc,
abc,
abc,
abc,
abc,
abc,
abc,
abc,
abc,
abc,
abc,
abc,
abc,
abc,
abc,
abc,
abc,
abc,
abc,
abc,
abc,
abc,
abc,
abc,
abc,
abc,
abc,
abc,
abc,
abc,
abc,
abc,
abc,
abc,
abc,
abc,
abc,
abc,
abc,
abc,
abc,
abc,
abc,
abc,
abc,
abc,
abc,
abc,
abc,
abc,
abc,
abc,
abc,
abc,
abc,
abc,
abc,
abc,
abc,
abc,
abc,
abc,
abc,
abc,
abc,
abc,
abc,
abc,
abc,
abc,
abc,
abc,
abc,
abc,
abc,
abc,
abc,
abc,
abc,
abc,
abc,
abc,
abc,
abc,
abc,
abc,
abc,
abc,
abc,
abc,
abc,
abc,
abc,
abc,
abc,
abc,
abc,
abc,
abc,
abc,
abc,
abc,
abc,
abc,
abc,
abc,
abc,
abc,
abc,
abc,
abc,
abc,
abc,
abc,
abc,
abc,
abc,
abc,
abc,
abc,
abc,
abc,
abc,
abc,
abc,
abc,
abc,
abc,
abc,
abc,
abc,
abc,
abc,
abc,
abc,
abc,
abc,
abc,
abc,
abc,
abc,
abc,
abc,
abc,
abc,
abc,
abc,
abc,
abc,
abc,
abc,
abc,
abc,
abc,
abc,
abc,
abc,
abc,
abc,
abc,
abc,
abc,
abc,
abc,
abc,
abc,
abc,
abc,
abc,
abc,
abc,
abc,
abc,
abc,
abc,
abc,
abc,
abc,
abc,
abc,
abc,
abc,
abc,
abc,
abc,
abc,
abc,
abc,
abc,
abc,
abc,
abc,
abc,
abc,
abc,
abc,
abc,
abc,
abc,
abc,
abc,
abc,
abc,
abc,
abc,
abc,
abc,
abc,
abc,
abc,
abc,
abc,
abc,
abc,
abc,
abc,
abc,
abc,
abc,
abc,
abc,
abc,
abc,
abc,
abc,
abc,
abc,
abc,
abc,
abc,
abc,
abc,
abc,
abc,
abc,
abc,
abc,
abc,
abc,
abc,
abc,
abc,
abc,
abc,
abc,
abc,
abc,
abc,
abc,
abc,
abc,
abc,
abc,
abc,
abc,
abc,
abc,
abc,
abc,
abc,
abc,
abc,
abc,
abc,
abc,
abc,
abc,
abc,
abc,
abc,
abc,
abc,
abc,
abc,
abc,
abc,
abc,
abc,
abc,
abc,
abc,
abc,
abc,
abc,
abc,
abc,
abc,
abc,
abc,
abc,
abc,
abc,
abc,
abc,
abc,
abc,
abc,
abc,
abc,
abc,
abc,
abc,
abc,
abc,
abc,
abc,
abc,
abc,
abc,
abc,
abc,
abc,
abc,
abc,
abc,
abc,
abc,
abc,
abc,
abc,
abc,
abc,
abc,
abc,
abc,
abc,
abc,
abc,
abc,
abc,
abc,
abc,
abc,
abc,
abc,
abc,
abc,
abc,
abc,
abc,
abc,
abc,
abc,
abc,
abc,
abc,
abc,
abc,
abc,
abc,
abc,
abc,
abc,
abc,
abc,
abc,
abc,
abc,
abc,
abc,
abc,
abc,
abc,
abc,
abc,
abc,
abc,
abc,
abc,
abc,
abc,
abc,
abc,
abc,
abc,
abc,
abc,
abc,
abc,
abc,
abc,
abc,
abc,
abc,
abc,
abc,
abc,
abc,
abc,
abc,
abc,
abc,
abc,
abc,
abc,
abc,
abc,
abc,
abc,
abc,
abc,
abc,
abc,
abc,
abc,
abc,
abc,
abc,
abc,
abc,
abc,
abc,
abc,
abc,
abc,
abc,
abc,
abc,
abc,
abc,
abc,
abc,
abc,
abc,
abc,
abc,
abc,
abc,
abc,
abc,
abc,
abc,
abc,
abc,
abc,
abc,
abc,
abc,
abc,
abc,
abc,
abc,
abc,
abc,
abc,
abc,
abc,
abc,
abc,
abc,
abc,
abc,
abc,
abc,
abc,
abc,
abc,
abc,
abc,
abc,
abc,
abc,
abc,
abc,
abc,
abc,
abc,
abc,
abc,
abc,
abc,
abc,
abc,
abc,
abc,
abc,
abc,
abc,
abc,
abc,
abc,
abc,
abc,
abc,
abc,
abc,
abc,
abc,
abc,
abc,
abc,
abc,
abc,
abc,
abc,
abc,
abc,
abc,
abc,
abc,
abc,
abc,
abc,
abc,
abc,
abc,
abc,
abc,
abc,
abc,
abc,
abc,
abc,
abc,
abc,
abc,
abc,
abc,
abc,
abc,
abc,
abc,
abc,
abc,
abc,
abc,
abc,
abc,
abc,
abc,
abc,
abc,
abc,
abc,
abc,
abc,
abc,
abc,
abc,
abc,
abc,
abc,
abc,
abc,
abc,
abc,
abc,
abc,
abc,
abc,
abc,
abc,
abc,
abc,
abc,
abc,
abc,
abc,
abc,
abc,
abc,
abc,
abc,
abc,
abc,
abc,
abc,
abc,
abc,
abc,
abc,
abc,
abc,
abc,
abc,
abc,
abc,
abc,
abc,
abc,
abc,
abc,
abc,
abc,
abc,
abc,
abc,
abc,
abc,
abc,
abc,
abc,
abc,
abc,
abc,
abc,
abc,
abc,
abc,
abc,
abc,
abc,
abc,
abc,
abc,
abc,
abc,
abc,
abc,
abc,
abc,
abc,
abc,
abc,
abc,
abc,
abc,
abc,
abc,
abc,
abc,
abc,
abc,
abc,
abc,
abc,
abc,
abc,
abc,
abc,
abc,
abc,
abc,
abc,
abc,
abc,
abc,
abc,
abc,
abc,
abc,
abc,
abc,
abc,
abc,
abc,
abc,
abc,
abc,
abc,
abc,
abc,
abc,
abc,
abc,
abc,
abc,
abc,
abc,
abc,
abc,
abc,
abc,
abc,
abc,
abc,
abc,
abc,
abc,
abc,
abc,
abc,
abc,
abc,
abc,
abc,
abc,
abc,
abc,
abc,
abc,
abc,
abc,
abc,
abc,
abc,
abc,
abc,
abc,
abc,
abc,
abc,
abc,
abc,
abc,
abc,
abc,
abc,
abc,
abc,
abc,
abc,
abc,
abc,
abc,
abc,
abc,
abc,
abc,
abc,
abc,
abc,
abc,
abc,
abc,
abc,
abc,
abc,
abc,
abc,
abc,
abc,
abc,
abc,
abc,
abc,
abc,
abc,
abc,
abc,
abc,
abc,
abc,
abc,
abc,
abc,
abc,
abc,
abc,
abc,
abc,
abc,
abc,
abc,
abc,
abc,
abc,
abc,
abc,
abc,
abc,
abc,
abc,
abc,
abc,
abc,
abc,
abc,
abc,
abc,
abc,
abc,
abc,
abc,
abc,
abc,
abc,
abc,
abc,
abc,
abc,
abc,
abc,
abc,
abc,
abc,
abc,
abc,
abc,
abc,
abc,
abc,
abc,
abc,
abc,
abc,
abc,
abc,
abc,
abc,
abc,
abc,
abc,
abc,
abc,
abc,
abc,
abc,
abc,
abc,
abc,
abc,
abc,
abc,
abc,
abc,
abc,
abc,
abc,
abc,
abc,
abc,
abc,
abc,
abc,
abc,
abc,
abc,
abc,
abc,
abc,
abc,
abc,
abc,
abc,
abc,
abc,
abc,
abc,
abc,
abc,
abc,
abc,
abc,
abc,
abc,
abc,
abc,
abc,
abc,
abc,
abc,
abc,
abc,
abc,
abc,
abc,
abc,
abc,
abc,
abc,
abc,
abc,
abc,
abc,
abc,
abc,
abc,
abc,
abc,
abc,
abc,
