Product Pair,Frequency
"('Hon Olson Stacker Chairs', 'Staples')",3
"('Satellite Sectional Post Binders', 'Staples')",3
"('#10 White Business Envelopes,4 1/8 x 9 1/2', 'Staples')",3
"('Hoover Shoulder Vac Commercial Portable Vacuum', 'Staples')",3
"('Newell 34', 'Staples')",3
"('KI Adjustable-Height Table', 'Staples')",3
"('Staples', 'Xerox 1916')",3
"('Adjustable Depth Letter/Legal Cart', 'Staples')",3
"('Avery Non-Stick Binders', 'Staples')",2
"('Cisco SPA508G', 'Global Commerce Series High-Back Swivel/Tilt Chairs')",2
"('Speediset Carbonless Redi-Letter 7"" x 8 1/2""', 'Staples')",2
"('Anker Astro Mini 3000mAh Ultra-Compact Portable Charger', 'Bretford CR8500 Series Meeting Room Furniture')",2
"('GBC Plastic Binding Combs', 'Hon Valutask Swivel Chairs')",2
"('X-Rack File for Hanging Folders', 'Xerox 192')",2
"('PureGear Roll-On Screen Protector', 'Staples')",2
"('Carina Double Wide Media Storage Towers in Natural & Black', 'GBC Wire Binding Combs')",2
"('Cisco SPA301', 'Seth Thomas 8 1/2"" Cubicle Clock')",2
"('GBC DocuBind P100 Manual Binding Machine', 'Staples')",2
"('Logitech\xa0VX Revolution Cordless Laser Mouse for Notebooks (Black)', 'Tennsco Industrial Shelving')",2
"('Dax Clear Box Frame', 'Staples')",2
"('Staples', 'Xerox 1957')",2
"('Imation\xa030456 USB\xa0Flash Drive\xa08GB', 'Staples')",2
"('Acco Hanging Data Binders', 'Newell 315')",2
"('Wirebound Message Books, Four 2 3/4"" x 5"" Forms per Page, 600 Sets per Book', 'Xerox 1882')",2
"('Acme Tagit Stainless Steel Antibacterial Scissors', 'Staples')",2
"('Acco Perma 4000 Stacking Storage Drawers', 'Canon imageCLASS 2200 Advanced Copier')",2
"('Ibico Plastic and Wire Spiral Binding Combs', 'Staples')",2
"('Acco D-Ring Binder w/DublLock', ""I Need's 3d Hello Kitty Hybrid Silicone Case Cover for HTC One X 4g with 3d Hello Kitty Stylus Pen Green/pink"")",2
"('Acme Value Line Scissors', 'Memorex Mini Travel Drive 64 GB USB 2.0 Flash Drive')",2
"('GBC Standard Recycled Report Covers, Clear Plastic Sheets', ""O'Sullivan 4-Shelf Bookcase in Odessa Pine"")",2
"(""Global Wood Trimmed Manager's Task Chair, Khaki"", 'Staples')",2
"('GBC Standard Therm-A-Bind Covers', 'Staples')",2
"('Hon Rectangular Conference Tables', 'Plantronics CS510 - Over-the-Head monaural Wireless Headset System')",2
"('Staples', 'Wirebound Four 2-3/4 x 5 Forms per Page, 400 Sets per Book')",2
"('Eldon Wave Desk Accessories', 'OIC Binder Clips')",2
"('Staples', 'Xerox 1971')",2
"('Ativa V4110MDD Micro-Cut Shredder', 'Staples')",2
"('Avery Recycled Flexi-View Covers for Binding Systems', 'Lumber Crayons')",2
"('Office Star - Contemporary Swivel Chair with Padded Adjustable Arms and Flex Back', 'Staples')",2
"('GBC VeloBinder Manual Binding System', 'Insertable Tab Post Binder Dividers')",2
"('Fellowes Stor/Drawer Steel Plus Storage Drawers', 'Staples')",2
"('Square Credit Card Reader, 4 1/2"" x 4 1/2"" x 1"", White', 'Staples')",2
"('Eldon Wave Desk Accessories', 'Poly Designer Cover & Back')",2
"('Staples', 'Wilson Jones Clip & Carry Folder Binder Tool for Ring Binders, Clear')",2
"('Staples', 'Xerox 188')",2
"('Maxell 4.7GB DVD-R 5/Pack', 'Staples')",2
"('GBC Plastic Binding Combs', 'Staples')",2
"('Avery 486', 'Logitech G35 7.1-Channel Surround Sound Headset')",2
"('Advantus Rolling Storage Box', 'Great White Multi-Use Recycled Paper (20Lb. and 84 Bright)')",2
"('Avery 485', 'DMI Eclipse Executive Suite Bookcases')",2
"('GBC Recycled VeloBinder Covers', 'Wilson Jones Active Use Binders')",2
"('Staples', 'Wilson Jones Ledger-Size, Piano-Hinge Binder, 2"", Blue')",2
"('Anker 36W 4-Port USB Wall Charger Travel Power Adapter for iPhone 5s 5c 5', 'Staples')",2
"('Maxell 4.7GB DVD-R', 'Staples')",2
"('Staples', 'Tennsco Regal Shelving Units')",2
"('Binney & Smith Crayola Metallic Colored Pencils, 8-Color Set', 'Staples')",2
"('Acco Hot Clips Clips to Go', 'Flat Face Poster Frame')",2
"('Boston 16765 Mini Stand Up Battery Pencil Sharpener', 'Microsoft Natural Ergonomic Keyboard 4000')",2
"('DAX Value U-Channel Document Frames, Easel Back', 'Recycled Easel Ring Binders')",2
"('BIC Brite Liner Highlighters, Chisel Tip', 'Staples')",2
"('Avery 505', 'OIC #2 Pencils, Medium Soft')",2
"('Acco Side-Punched Conventional Columnar Pads', 'Avery Fluorescent Highlighter Four-Color Set')",2
"('Belkin Premiere Surge Master II 8-outlet surge protector', 'SAFCO Optional Arm Kit for Workspace Cribbage Stacking Chair')",2
"('KI Adjustable-Height Table', 'Toshiba IPT2010-SD IP\xa0Telephone')",2
"('Eldon Expressions Punched Metal & Wood Desk Accessories, Black & Cherry', 'GBC DocuBind TL300 Electric Binding System')",2
"('Anker Astro 15000mAh USB Portable Charger', 'GBC Prestige Therm-A-Bind Covers')",2
"('Hon 4700 Series Mobuis Mid-Back Task Chairs with Adjustable Arms', 'Staples')",2
"('GBC Standard Therm-A-Bind Covers', 'Google Nexus 5')",2
"('Xerox 1894', 'Xerox 225')",2
"('Apple iPhone 5S', ""O'Sullivan 3-Shelf Heavy-Duty Bookcases"")",1
"('Apple iPhone 5S', 'Plantronics CS510 - Over-the-Head monaural Wireless Headset System')",1
"('Apple iPhone 5S', 'Plastic Stacking Crates & Casters')",1
"('Apple iPhone 5S', 'Xerox 216')",1
"(""O'Sullivan 3-Shelf Heavy-Duty Bookcases"", 'Plantronics CS510 - Over-the-Head monaural Wireless Headset System')",1
"(""O'Sullivan 3-Shelf Heavy-Duty Bookcases"", 'Plastic Stacking Crates & Casters')",1
"(""O'Sullivan 3-Shelf Heavy-Duty Bookcases"", 'Xerox 216')",1
"('Plantronics CS510 - Over-the-Head monaural Wireless Headset System', 'Plastic Stacking Crates & Casters')",1
"('Plantronics CS510 - Over-the-Head monaural Wireless Headset System', 'Xerox 216')",1
"('Cameo Buff Policy Envelopes', 'Kensington Expert Mouse Optical USB Trackball for PC or Mac')",1
"('ARKON Windshield Dashboard Air Vent Car Mount Holder', 'Lifetime Advantage Folding Chairs, 4/Carton')",1
"('Avery Non-Stick Binders', 'Eldon Portable Mobile Manager')",1
"('Avery Non-Stick Binders', ""O'Sullivan Living Dimensions 2-Shelf Bookcases"")",1
"('Avery Non-Stick Binders', 'Premier Automatic Letter Opener')",1
"('Avery Non-Stick Binders', 'Serrated Blade or Curved Handle Hand Letter Openers')",1
"('Eldon Portable Mobile Manager', ""O'Sullivan Living Dimensions 2-Shelf Bookcases"")",1
"('Eldon Portable Mobile Manager', 'Premier Automatic Letter Opener')",1
"('Eldon Portable Mobile Manager', 'Serrated Blade or Curved Handle Hand Letter Openers')",1
"(""O'Sullivan Living Dimensions 2-Shelf Bookcases"", 'Premier Automatic Letter Opener')",1
"(""O'Sullivan Living Dimensions 2-Shelf Bookcases"", 'Serrated Blade or Curved Handle Hand Letter Openers')",1
"('Premier Automatic Letter Opener', 'Serrated Blade or Curved Handle Hand Letter Openers')",1
"('Logitech B530 USB\xa0Headset\xa0-\xa0headset\xa0- Full size, Binaural', 'Multicolor Computer Printout Paper')",1
"('Logitech B530 USB\xa0Headset\xa0-\xa0headset\xa0- Full size, Binaural', 'Newell 322')",1
"('Logitech B530 USB\xa0Headset\xa0-\xa0headset\xa0- Full size, Binaural', 'Space Solutions Commercial Steel Shelving')",1
"('Multicolor Computer Printout Paper', 'Newell 322')",1
"('Multicolor Computer Printout Paper', 'Space Solutions Commercial Steel Shelving')",1
"('Newell 322', 'Space Solutions Commercial Steel Shelving')",1
"('Alphabetical Labels for Top Tab Filing', 'HTC One')",1
"('C-Line Cubicle Keepers Polyproplyene Holder With Velcro Backings', 'Tenex B1-RE Series Chair Mats for Low Pile Carpets')",1
"('C-Line Cubicle Keepers Polyproplyene Holder With Velcro Backings', 'Xerox 194')",1
"('C-Line Cubicle Keepers Polyproplyene Holder With Velcro Backings', 'Xerox 211')",1
"('Tenex B1-RE Series Chair Mats for Low Pile Carpets', 'Xerox 194')",1
"('Tenex B1-RE Series Chair Mats for Low Pile Carpets', 'Xerox 211')",1
"('Xerox 194', 'Xerox 211')",1
"('Avery 513', 'Cisco IP\xa0Phone\xa07961G VoIP\xa0phone\xa0- Dark gray')",1
"('Avery 513', 'Newell 320')",1
"('Avery 513', 'Staples')",1
"('Cisco IP\xa0Phone\xa07961G VoIP\xa0phone\xa0- Dark gray', 'Newell 320')",1
"('Cisco IP\xa0Phone\xa07961G VoIP\xa0phone\xa0- Dark gray', 'Staples')",1
"('Newell 320', 'Staples')",1
"('Master Caster Door Stop, Large Neon Orange', 'Polycom SoundPoint IP 450 VoIP phone')",1
"('Master Caster Door Stop, Large Neon Orange', 'Rosewill 107 Normal Keys USB Wired Standard Keyboard')",1
"('Master Caster Door Stop, Large Neon Orange', 'Xerox 210')",1
"('Polycom SoundPoint IP 450 VoIP phone', 'Rosewill 107 Normal Keys USB Wired Standard Keyboard')",1
"('Polycom SoundPoint IP 450 VoIP phone', 'Xerox 210')",1
"('Rosewill 107 Normal Keys USB Wired Standard Keyboard', 'Xerox 210')",1
"('AT&T CL82213', 'Crayola Colored Pencils')",1
"('AT&T CL82213', 'Martin Yale Chadless Opener Electric Letter Opener')",1
"('AT&T CL82213', 'Newell 321')",1
"('AT&T CL82213', 'Xerox 1957')",1
"('Crayola Colored Pencils', 'Martin Yale Chadless Opener Electric Letter Opener')",1
"('Crayola Colored Pencils', 'Newell 321')",1
"('Crayola Colored Pencils', 'Xerox 1957')",1
"('Martin Yale Chadless Opener Electric Letter Opener', 'Newell 321')",1
"('Martin Yale Chadless Opener Electric Letter Opener', 'Xerox 1957')",1
"('Newell 321', 'Xerox 1957')",1
"('Avery 487', 'Ibico Ibimaster 300 Manual Binding System')",1
"('Acme Design Stainless Steel Bent Scissors', 'Hon Pagoda Stacking Chairs')",1
"('Acme Design Stainless Steel Bent Scissors', 'Southworth 25% Cotton Premium Laser Paper and Envelopes')",1
"('Acme Design Stainless Steel Bent Scissors', 'Wilson Electronics DB Pro Signal Booster')",1
"('Hon Pagoda Stacking Chairs', 'Southworth 25% Cotton Premium Laser Paper and Envelopes')",1
"('Hon Pagoda Stacking Chairs', 'Wilson Electronics DB Pro Signal Booster')",1
"('Southworth 25% Cotton Premium Laser Paper and Envelopes', 'Wilson Electronics DB Pro Signal Booster')",1
"('Advantus Panel Wall Certificate Holder - 8.5x11', 'Luxo Adjustable Task Clamp Lamp')",1
"('Advantus Panel Wall Certificate Holder - 8.5x11', 'Wilson Jones Four-Pocket Poly Binders')",1
"('Luxo Adjustable Task Clamp Lamp', 'Wilson Jones Four-Pocket Poly Binders')",1
"('Acrylic Self-Standing Desk Frames', 'Avoid Verbal Orders Carbonless Minifold Book')",1
"('Acrylic Self-Standing Desk Frames', 'Xerox 1978')",1
"('Avoid Verbal Orders Carbonless Minifold Book', 'Xerox 1978')",1
"('GBC Pre-Punched Binding Paper, Plastic, White, 8-1/2"" x 11""', 'Geemarc AmpliPOWER60')",1
"('GBC Pre-Punched Binding Paper, Plastic, White, 8-1/2"" x 11""', 'Honeywell Quietcare HEPA Air Cleaner')",1
"('GBC Pre-Punched Binding Paper, Plastic, White, 8-1/2"" x 11""', 'Xerox 1948')",1
"('Geemarc AmpliPOWER60', 'Honeywell Quietcare HEPA Air Cleaner')",1
"('Geemarc AmpliPOWER60', 'Xerox 1948')",1
"('Honeywell Quietcare HEPA Air Cleaner', 'Xerox 1948')",1
"('Avery Non-Stick Binders', 'Cisco 8x8 Inc. 6753i IP Business Phone System')",1
"('Avery Non-Stick Binders', 'GBC Personal VeloBind Strips')",1
"('Avery Non-Stick Binders', 'Motorola Droid Maxx')",1
"('Cisco 8x8 Inc. 6753i IP Business Phone System', 'GBC Personal VeloBind Strips')",1
"('Cisco 8x8 Inc. 6753i IP Business Phone System', 'Motorola Droid Maxx')",1
"('GBC Personal VeloBind Strips', 'Motorola Droid Maxx')",1
"('Kingston Digital DataTraveler 8GB USB 2.0', 'RSVP Cards & Envelopes, Blank White, 8-1/2"" X 11"", 24 Cards/25 Envelopes/Set')",1
"('Deflect-o EconoMat Studded, No Bevel Mat for Low Pile Carpeting', 'SanDisk Cruzer 64 GB USB Flash Drive')",1
"('Deflect-o EconoMat Studded, No Bevel Mat for Low Pile Carpeting', 'Xblue XB-1670-86 X16 Small\xa0Office Telephone\xa0- Titanium')",1
"('SanDisk Cruzer 64 GB USB Flash Drive', 'Xblue XB-1670-86 X16 Small\xa0Office Telephone\xa0- Titanium')",1
"('Eldon Gobal File Keepers', ""Eldon ProFile File 'N Store Portable File Tub Letter/Legal Size Black"")",1
"('Eldon Gobal File Keepers', 'Executive Impressions 12"" Wall Clock')",1
"('Eldon Gobal File Keepers', 'GBC Prestige Therm-A-Bind Covers')",1
"(""Eldon ProFile File 'N Store Portable File Tub Letter/Legal Size Black"", 'Executive Impressions 12"" Wall Clock')",1
"(""Eldon ProFile File 'N Store Portable File Tub Letter/Legal Size Black"", 'GBC Prestige Therm-A-Bind Covers')",1
"('Executive Impressions 12"" Wall Clock', 'GBC Prestige Therm-A-Bind Covers')",1
"('Avery 501', 'Avery Flip-Chart Easel Binder, Black')",1
"('Avery 501', 'Cisco 8x8 Inc. 6753i IP Business Phone System')",1
"('Avery 501', 'Crate-A-Files')",1
"('Avery 501', 'Document Clip Frames')",1
"('Avery 501', 'Eldon Wave Desk Accessories')",1
"('Avery 501', 'Logitech\xa0Wireless Boombox Speaker - portable - wireless, wired')",1
"('Avery Flip-Chart Easel Binder, Black', 'Cisco 8x8 Inc. 6753i IP Business Phone System')",1
"('Avery Flip-Chart Easel Binder, Black', 'Crate-A-Files')",1
"('Avery Flip-Chart Easel Binder, Black', 'Document Clip Frames')",1
"('Avery Flip-Chart Easel Binder, Black', 'Eldon Wave Desk Accessories')",1
"('Avery Flip-Chart Easel Binder, Black', 'Logitech\xa0Wireless Boombox Speaker - portable - wireless, wired')",1
"('Cisco 8x8 Inc. 6753i IP Business Phone System', 'Crate-A-Files')",1
"('Cisco 8x8 Inc. 6753i IP Business Phone System', 'Document Clip Frames')",1
"('Cisco 8x8 Inc. 6753i IP Business Phone System', 'Eldon Wave Desk Accessories')",1
"('Cisco 8x8 Inc. 6753i IP Business Phone System', 'Logitech\xa0Wireless Boombox Speaker - portable - wireless, wired')",1
"('Crate-A-Files', 'Document Clip Frames')",1
"('Crate-A-Files', 'Eldon Wave Desk Accessories')",1
"('Crate-A-Files', 'Logitech\xa0Wireless Boombox Speaker - portable - wireless, wired')",1
"('Document Clip Frames', 'Eldon Wave Desk Accessories')",1
"('Document Clip Frames', 'Logitech\xa0Wireless Boombox Speaker - portable - wireless, wired')",1
"('Eldon Wave Desk Accessories', 'Logitech\xa0Wireless Boombox Speaker - portable - wireless, wired')",1
"('Eldon 200 Class Desk Accessories, Smoke', 'Portable Personal File Box')",1
"('Eldon 200 Class Desk Accessories, Smoke', 'SanDisk Cruzer 32 GB USB Flash Drive')",1
"('Eldon 200 Class Desk Accessories, Smoke', 'Xerox 23')",1
"('Portable Personal File Box', 'SanDisk Cruzer 32 GB USB Flash Drive')",1
"('Portable Personal File Box', 'Xerox 23')",1
"('SanDisk Cruzer 32 GB USB Flash Drive', 'Xerox 23')",1
"('KI Adjustable-Height Table', 'SAFCO Commercial Wire Shelving, 72h')",1
"('KI Adjustable-Height Table', 'Sony Micro Vault Click 16 GB USB 2.0 Flash Drive')",1
"('SAFCO Commercial Wire Shelving, 72h', 'Sony Micro Vault Click 16 GB USB 2.0 Flash Drive')",1
"('Aluminum Document Frame', 'GBC Standard Therm-A-Bind Covers')",1
"('Contico 72""H Heavy-Duty Storage System', 'Global Leather and Oak Executive Chair, Black')",1
"('Contico 72""H Heavy-Duty Storage System', 'Newell Chalk Holder')",1
"('Contico 72""H Heavy-Duty Storage System', 'Office Star - Task Chair with Contemporary Loop Arms')",1
"('Global Leather and Oak Executive Chair, Black', 'Newell Chalk Holder')",1
"('Global Leather and Oak Executive Chair, Black', 'Office Star - Task Chair with Contemporary Loop Arms')",1
"('Newell Chalk Holder', 'Office Star - Task Chair with Contemporary Loop Arms')",1
"('AT&T 1080 Corded phone', 'Acco Hanging Data Binders')",1
"('AT&T 1080 Corded phone', 'Fashion Color Clasp Envelopes')",1
"('AT&T 1080 Corded phone', 'Logitech 910-002974 M325 Wireless Mouse for Web Scrolling')",1
"('AT&T 1080 Corded phone', 'Plantronics CS 50-USB -\xa0headset\xa0- Convertible, Monaural')",1
"('Acco Hanging Data Binders', 'Fashion Color Clasp Envelopes')",1
"('Acco Hanging Data Binders', 'Logitech 910-002974 M325 Wireless Mouse for Web Scrolling')",1
"('Acco Hanging Data Binders', 'Plantronics CS 50-USB -\xa0headset\xa0- Convertible, Monaural')",1
"('Fashion Color Clasp Envelopes', 'Logitech 910-002974 M325 Wireless Mouse for Web Scrolling')",1
"('Fashion Color Clasp Envelopes', 'Plantronics CS 50-USB -\xa0headset\xa0- Convertible, Monaural')",1
"('Logitech 910-002974 M325 Wireless Mouse for Web Scrolling', 'Plantronics CS 50-USB -\xa0headset\xa0- Convertible, Monaural')",1
"('Angle-D Binders with Locking Rings, Label Holders', 'Belkin Standard 104 key USB Keyboard')",1
"('Angle-D Binders with Locking Rings, Label Holders', 'Dixon Ticonderoga Core-Lock Colored Pencils')",1
"('Angle-D Binders with Locking Rings, Label Holders', 'Panasonic KX TS3282B Corded phone')",1
"('Angle-D Binders with Locking Rings, Label Holders', 'Riverside Furniture Oval Coffee Table, Oval End Table, End Table with Drawer')",1
"('Belkin Standard 104 key USB Keyboard', 'Dixon Ticonderoga Core-Lock Colored Pencils')",1
"('Belkin Standard 104 key USB Keyboard', 'Panasonic KX TS3282B Corded phone')",1
"('Belkin Standard 104 key USB Keyboard', 'Riverside Furniture Oval Coffee Table, Oval End Table, End Table with Drawer')",1
"('Dixon Ticonderoga Core-Lock Colored Pencils', 'Panasonic KX TS3282B Corded phone')",1
"('Dixon Ticonderoga Core-Lock Colored Pencils', 'Riverside Furniture Oval Coffee Table, Oval End Table, End Table with Drawer')",1
"('Panasonic KX TS3282B Corded phone', 'Riverside Furniture Oval Coffee Table, Oval End Table, End Table with Drawer')",1
"('Avery 489', 'Sauder Camden County Barrister Bookcase, Planked Cherry Finish')",1
"('Avery 489', 'Staples')",1
"('Sauder Camden County Barrister Bookcase, Planked Cherry Finish', 'Staples')",1
"('50 Colored Long Pencils', 'Hon Olson Stacker Stools')",1
"('Acco Four Pocket Poly Ring Binder with Label Holder, Smoke, 1""', 'Howard Miller 14-1/2"" Diameter Chrome Round Wall Clock')",1
"(""Global Executive Mid-Back Manager's Chair"", 'Samsung Galaxy S III - 16GB - pebble blue (T-Mobile)')",1
"('Acme Rosewood Handle Letter Opener', 'Eldon Regeneration Recycled Desk Accessories, Smoke')",1
"('Hunt BOSTON Model 1606 High-Volume Electric Pencil Sharpener, Beige', 'netTALK DUO VoIP Telephone Service')",1
"('Avery Framed View Binder, EZD Ring (Locking), Navy, 1 1/2""', 'Fellowes Twister Kit, Gray/Clear, 3/pkg')",1
"('Avery Framed View Binder, EZD Ring (Locking), Navy, 1 1/2""', 'Letter/Legal File Tote with Clear Snap-On Lid, Black Granite')",1
"('Avery Framed View Binder, EZD Ring (Locking), Navy, 1 1/2""', 'Maxell\xa0LTO Ultrium - 800 GB')",1
"('Avery Framed View Binder, EZD Ring (Locking), Navy, 1 1/2""', 'Newell 325')",1
"('Avery Framed View Binder, EZD Ring (Locking), Navy, 1 1/2""', 'Novimex Fabric Task Chair')",1
"('Avery Framed View Binder, EZD Ring (Locking), Navy, 1 1/2""', 'Staples')",1
"('Avery Framed View Binder, EZD Ring (Locking), Navy, 1 1/2""', 'Tennsco Regal Shelving Units')",1
"('Avery Framed View Binder, EZD Ring (Locking), Navy, 1 1/2""', 'Xerox 1952')",1
"('Fellowes Twister Kit, Gray/Clear, 3/pkg', 'Letter/Legal File Tote with Clear Snap-On Lid, Black Granite')",1
"('Fellowes Twister Kit, Gray/Clear, 3/pkg', 'Maxell\xa0LTO Ultrium - 800 GB')",1
"('Fellowes Twister Kit, Gray/Clear, 3/pkg', 'Newell 325')",1
"('Fellowes Twister Kit, Gray/Clear, 3/pkg', 'Novimex Fabric Task Chair')",1
"('Fellowes Twister Kit, Gray/Clear, 3/pkg', 'Staples')",1
"('Fellowes Twister Kit, Gray/Clear, 3/pkg', 'Tennsco Regal Shelving Units')",1
"('Fellowes Twister Kit, Gray/Clear, 3/pkg', 'Xerox 1952')",1
"('Letter/Legal File Tote with Clear Snap-On Lid, Black Granite', 'Maxell\xa0LTO Ultrium - 800 GB')",1
"('Letter/Legal File Tote with Clear Snap-On Lid, Black Granite', 'Newell 325')",1
"('Letter/Legal File Tote with Clear Snap-On Lid, Black Granite', 'Novimex Fabric Task Chair')",1
"('Letter/Legal File Tote with Clear Snap-On Lid, Black Granite', 'Staples')",1
"('Letter/Legal File Tote with Clear Snap-On Lid, Black Granite', 'Tennsco Regal Shelving Units')",1
"('Letter/Legal File Tote with Clear Snap-On Lid, Black Granite', 'Xerox 1952')",1
"('Maxell\xa0LTO Ultrium - 800 GB', 'Newell 325')",1
"('Maxell\xa0LTO Ultrium - 800 GB', 'Novimex Fabric Task Chair')",1
"('Maxell\xa0LTO Ultrium - 800 GB', 'Staples')",1
"('Maxell\xa0LTO Ultrium - 800 GB', 'Tennsco Regal Shelving Units')",1
"('Maxell\xa0LTO Ultrium - 800 GB', 'Xerox 1952')",1
"('Newell 325', 'Novimex Fabric Task Chair')",1
"('Newell 325', 'Staples')",1
"('Newell 325', 'Tennsco Regal Shelving Units')",1
"('Newell 325', 'Xerox 1952')",1
"('Novimex Fabric Task Chair', 'Staples')",1
"('Novimex Fabric Task Chair', 'Tennsco Regal Shelving Units')",1
"('Novimex Fabric Task Chair', 'Xerox 1952')",1
"('Staples', 'Xerox 1952')",1
"('Tennsco Regal Shelving Units', 'Xerox 1952')",1
"('Imation\xa032GB Pocket Pro USB 3.0\xa0Flash Drive\xa0- 32 GB - Black - 1 P ...', 'Recycled Eldon Regeneration Jumbo File')",1
"('GBC Recycled Grain Textured Covers', 'Message Book, Standard Line ""While You Were Out"", 5 1/2"" X 4"", 200 Sets/Book')",1
"('Cardinal Slant-D Ring Binder, Heavy Gauge Vinyl', 'Insertable Tab Indexes For Data Binders')",1
"('Cardinal Slant-D Ring Binder, Heavy Gauge Vinyl', 'Wilson Jones Custom Binder Spines & Labels')",1
"('Insertable Tab Indexes For Data Binders', 'Wilson Jones Custom Binder Spines & Labels')",1
"('Avery 499', 'Tensor Computer Mounted Lamp')",1
"('Array Parchment Paper, Assorted Colors', 'Staples')",1
"('DIXON Ticonderoga Erasable Checking Pencils', 'Logitech B530 USB\xa0Headset\xa0-\xa0headset\xa0- Full size, Binaural')",1
"('2300 Heavy-Duty Transfer File Systems by Perma', 'Global Leather Executive Chair')",1
"('Carina Double Wide Media Storage Towers in Natural & Black', 'Hon Deluxe Fabric Upholstered Stacking Chairs, Rounded Back')",1
"('Carina Double Wide Media Storage Towers in Natural & Black', 'Hunt PowerHouse Electric Pencil Sharpener, Blue')",1
"('Carina Double Wide Media Storage Towers in Natural & Black', 'Prang Colored Pencils')",1
"('Hon Deluxe Fabric Upholstered Stacking Chairs, Rounded Back', 'Hunt PowerHouse Electric Pencil Sharpener, Blue')",1
"('Hon Deluxe Fabric Upholstered Stacking Chairs, Rounded Back', 'Prang Colored Pencils')",1
"('Hunt PowerHouse Electric Pencil Sharpener, Blue', 'Prang Colored Pencils')",1
"('G.E. Longer-Life Indoor Recessed Floodlight Bulbs', 'Wilson Jones 1"" Hanging DublLock Ring Binders')",1
"('Green Canvas Binder for 8-1/2"" x 14"" Sheets', 'Tennsco Snap-Together Open Shelving Units, Starter Sets and Add-On Units')",1
"('Adams Telephone Message Book W/Dividers/Space For Phone Numbers, 5 1/4""X8 1/2"", 300/Messages', 'Bose SoundLink Bluetooth Speaker')",1
"('Adams Telephone Message Book W/Dividers/Space For Phone Numbers, 5 1/4""X8 1/2"", 300/Messages', 'Kingston Digital DataTraveler 16GB USB 2.0')",1
"('Adams Telephone Message Book W/Dividers/Space For Phone Numbers, 5 1/4""X8 1/2"", 300/Messages', 'Letter or Legal Size Expandable Poly String Tie Envelopes')",1
"('Adams Telephone Message Book W/Dividers/Space For Phone Numbers, 5 1/4""X8 1/2"", 300/Messages', 'Pyle PMP37LED')",1
"('Adams Telephone Message Book W/Dividers/Space For Phone Numbers, 5 1/4""X8 1/2"", 300/Messages', 'Staples')",1
"('Adams Telephone Message Book W/Dividers/Space For Phone Numbers, 5 1/4""X8 1/2"", 300/Messages', 'Stiletto Hand Letter Openers')",1
"('Bose SoundLink Bluetooth Speaker', 'Kingston Digital DataTraveler 16GB USB 2.0')",1
"('Bose SoundLink Bluetooth Speaker', 'Letter or Legal Size Expandable Poly String Tie Envelopes')",1
"('Bose SoundLink Bluetooth Speaker', 'Pyle PMP37LED')",1
"('Bose SoundLink Bluetooth Speaker', 'Staples')",1
"('Bose SoundLink Bluetooth Speaker', 'Stiletto Hand Letter Openers')",1
"('Kingston Digital DataTraveler 16GB USB 2.0', 'Letter or Legal Size Expandable Poly String Tie Envelopes')",1
"('Kingston Digital DataTraveler 16GB USB 2.0', 'Pyle PMP37LED')",1
"('Kingston Digital DataTraveler 16GB USB 2.0', 'Staples')",1
"('Kingston Digital DataTraveler 16GB USB 2.0', 'Stiletto Hand Letter Openers')",1
"('Letter or Legal Size Expandable Poly String Tie Envelopes', 'Pyle PMP37LED')",1
"('Letter or Legal Size Expandable Poly String Tie Envelopes', 'Staples')",1
"('Letter or Legal Size Expandable Poly String Tie Envelopes', 'Stiletto Hand Letter Openers')",1
"('Pyle PMP37LED', 'Staples')",1
"('Pyle PMP37LED', 'Stiletto Hand Letter Openers')",1
"('Staples', 'Stiletto Hand Letter Openers')",1
"('Tenex Carpeted, Granite-Look or Clear Contemporary Contour Shape Chair Mats', 'Xerox 224')",1
"('Convenience Packs of Business Envelopes', 'Hunt Boston Vacuum Mount KS Pencil Sharpener')",1
"('Convenience Packs of Business Envelopes', 'Logitech G105 Gaming Keyboard')",1
"('Hunt Boston Vacuum Mount KS Pencil Sharpener', 'Logitech G105 Gaming Keyboard')",1
"('Fellowes Superior 10 Outlet Split Surge Protector', 'Xerox 1955')",1
"('Enermax Briskie RF Wireless Keyboard and Mouse Combo', 'Master Caster Door Stop, Brown')",1
"('WD My Passport Ultra 2TB Portable External Hard Drive', 'Wilson Jones Hanging Recycled Pressboard Data Binders')",1
"('BlackBerry Q10', 'Seth Thomas 14"" Day/Date Wall Clock')",1
"('Acme Design Line 8"" Stainless Steel Bent Scissors w/Champagne Handles, 3-1/8"" Cut', 'Avery Legal 4-Ring Binder')",1
"('Acme Design Line 8"" Stainless Steel Bent Scissors w/Champagne Handles, 3-1/8"" Cut', 'Message Book, Wirebound, Four 5 1/2"" X 4"" Forms/Pg., 200 Dupl. Sets/Book')",1
"('Avery Legal 4-Ring Binder', 'Message Book, Wirebound, Four 5 1/2"" X 4"" Forms/Pg., 200 Dupl. Sets/Book')",1
"('Recycled Data-Pak for Archival Bound Computer Printouts, 12-1/2 x 12-1/2 x 16', 'Xerox 195')",1
"('Binney & Smith inkTank Erasable Pocket Highlighter, Chisel Tip, Yellow', 'Plantronics CS 50-USB -\xa0headset\xa0- Convertible, Monaural')",1
"('Fellowes Super Stor/Drawer', 'GE DSL Phone Line Filter')",1
"('Avaya IP Phone 1140E VoIP phone', ""Global Wood Trimmed Manager's Task Chair, Khaki"")",1
"('Avaya IP Phone 1140E VoIP phone', 'Gould Plastics 18-Pocket Panel Bin, 34w x 5-1/4d x 20-1/2h')",1
"(""Global Wood Trimmed Manager's Task Chair, Khaki"", 'Gould Plastics 18-Pocket Panel Bin, 34w x 5-1/4d x 20-1/2h')",1
"('AT&T SB67148 SynJ', 'Eldon Simplefile Box Office')",1
"('AT&T SB67148 SynJ', 'Memorex Mini Travel Drive 64 GB USB 2.0 Flash Drive')",1
"('Eldon Simplefile Box Office', 'Memorex Mini Travel Drive 64 GB USB 2.0 Flash Drive')",1
"('Personal Creations Ink Jet Cards and Labels', 'Xerox 1994')",1
"('Avery 477', 'Avery Hanging File Binders')",1
"('Avery 477', 'DYMO CardScan Personal V9 Business Card Scanner')",1
"('Avery 477', 'Executive Impressions 10"" Spectator Wall Clock')",1
"('Avery 477', 'Mophie Juice Pack Helium for iPhone')",1
"('Avery 477', 'Stacking Trays by OIC')",1
"('Avery 477', 'Xerox 1981')",1
"('Avery Hanging File Binders', 'DYMO CardScan Personal V9 Business Card Scanner')",1
"('Avery Hanging File Binders', 'Executive Impressions 10"" Spectator Wall Clock')",1
"('Avery Hanging File Binders', 'Mophie Juice Pack Helium for iPhone')",1
"('Avery Hanging File Binders', 'Stacking Trays by OIC')",1
"('Avery Hanging File Binders', 'Xerox 1981')",1
"('DYMO CardScan Personal V9 Business Card Scanner', 'Executive Impressions 10"" Spectator Wall Clock')",1
"('DYMO CardScan Personal V9 Business Card Scanner', 'Mophie Juice Pack Helium for iPhone')",1
"('DYMO CardScan Personal V9 Business Card Scanner', 'Stacking Trays by OIC')",1
"('DYMO CardScan Personal V9 Business Card Scanner', 'Xerox 1981')",1
"('Executive Impressions 10"" Spectator Wall Clock', 'Mophie Juice Pack Helium for iPhone')",1
"('Executive Impressions 10"" Spectator Wall Clock', 'Stacking Trays by OIC')",1
"('Executive Impressions 10"" Spectator Wall Clock', 'Xerox 1981')",1
"('Mophie Juice Pack Helium for iPhone', 'Stacking Trays by OIC')",1
"('Mophie Juice Pack Helium for iPhone', 'Xerox 1981')",1
"('Stacking Trays by OIC', 'Xerox 1981')",1
"('Advantus Push Pins, Aluminum Head', 'Ativa MDM8000 8-Sheet Micro-Cut Shredder')",1
"('Advantus Push Pins, Aluminum Head', 'Binney & Smith inkTank Desk Highlighter, Chisel Tip, Yellow, 12/Box')",1
"('Advantus Push Pins, Aluminum Head', 'Newell 351')",1
"('Ativa MDM8000 8-Sheet Micro-Cut Shredder', 'Binney & Smith inkTank Desk Highlighter, Chisel Tip, Yellow, 12/Box')",1
"('Ativa MDM8000 8-Sheet Micro-Cut Shredder', 'Newell 351')",1
"('Binney & Smith inkTank Desk Highlighter, Chisel Tip, Yellow, 12/Box', 'Newell 351')",1
"('Boston Heavy-Duty Trimline Electric Pencil Sharpeners', 'GBC Clear Cover, 8-1/2 x 11, unpunched, 25 covers per pack')",1
"('Avery Durable Poly Binders', 'Ibico Laser Imprintable Binding System Covers')",1
"('BIC Brite Liner Grip Highlighters, Assorted, 5/Pack', 'Sabrent 4-Port USB 2.0 Hub')",1
"('Hypercom P1300 Pinpad', 'Xerox 1971')",1
"('Eldon ClusterMat Chair Mat with Cordless Antistatic Protection', 'Global Deluxe Office Fabric Chairs')",1
"('Eldon ClusterMat Chair Mat with Cordless Antistatic Protection', 'Howard Miller 13"" Diameter Goldtone Round Wall Clock')",1
"('Eldon ClusterMat Chair Mat with Cordless Antistatic Protection', 'Ibico Laser Imprintable Binding System Covers')",1
"('Eldon ClusterMat Chair Mat with Cordless Antistatic Protection', 'Vinyl Coated Wire Paper Clips in Organizer Box, 800/Box')",1
"('Global Deluxe Office Fabric Chairs', 'Howard Miller 13"" Diameter Goldtone Round Wall Clock')",1
"('Global Deluxe Office Fabric Chairs', 'Ibico Laser Imprintable Binding System Covers')",1
"('Global Deluxe Office Fabric Chairs', 'Vinyl Coated Wire Paper Clips in Organizer Box, 800/Box')",1
"('Howard Miller 13"" Diameter Goldtone Round Wall Clock', 'Ibico Laser Imprintable Binding System Covers')",1
"('Howard Miller 13"" Diameter Goldtone Round Wall Clock', 'Vinyl Coated Wire Paper Clips in Organizer Box, 800/Box')",1
"('Ibico Laser Imprintable Binding System Covers', 'Vinyl Coated Wire Paper Clips in Organizer Box, 800/Box')",1
"('Avery Non-Stick Binders', 'Colored Push Pins')",1
"('Avery Non-Stick Binders', 'Logitech\xa0Gaming G510s - Keyboard')",1
"('Avery Non-Stick Binders', 'Xerox 1929')",1
"('Colored Push Pins', 'Logitech\xa0Gaming G510s - Keyboard')",1
"('Colored Push Pins', 'Xerox 1929')",1
"('Logitech\xa0Gaming G510s - Keyboard', 'Xerox 1929')",1
"('Boston Home & Office Model 2000 Electric Pencil Sharpeners', 'OIC Thumb-Tacks')",1
"('Staples', 'Storex Dura Pro Binders')",1
"('Fellowes Super Stor/Drawer Files', ""GBC Standard Plastic Binding Systems' Combs"")",1
"('Angle-D Binders with Locking Rings, Label Holders', 'Logitech 910-002974 M325 Wireless Mouse for Web Scrolling')",1
"('Angle-D Binders with Locking Rings, Label Holders', ""O'Sullivan Living Dimensions 5-Shelf Bookcases"")",1
"('Logitech 910-002974 M325 Wireless Mouse for Web Scrolling', ""O'Sullivan Living Dimensions 5-Shelf Bookcases"")",1
"('Enermax Briskie RF Wireless Keyboard and Mouse Combo', 'Logitech G600 MMO Gaming Mouse')",1
"('Enermax Briskie RF Wireless Keyboard and Mouse Combo', 'Staples')",1
"('Logitech G600 MMO Gaming Mouse', 'Staples')",1
"('Avery 508', 'GBC Standard Plastic Binding Systems Combs')",1
"('Avery 508', 'SAFCO Boltless Steel Shelving')",1
"('GBC Standard Plastic Binding Systems Combs', 'SAFCO Boltless Steel Shelving')",1
"('Longer-Life Soft White Bulbs', 'Razer Kraken 7.1 Surround Sound Over Ear USB Gaming Headset')",1
"('Avery Hidden Tab Dividers for Binding Systems', 'Bush Heritage Pine Collection 5-Shelf Bookcase, Albany Pine Finish, *Special Order')",1
"('Avery Hidden Tab Dividers for Binding Systems', 'Prang Drawing Pencil Set')",1
"('Avery Hidden Tab Dividers for Binding Systems', 'Xerox 1967')",1
"('Bush Heritage Pine Collection 5-Shelf Bookcase, Albany Pine Finish, *Special Order', 'Prang Drawing Pencil Set')",1
"('Bush Heritage Pine Collection 5-Shelf Bookcase, Albany Pine Finish, *Special Order', 'Xerox 1967')",1
"('Prang Drawing Pencil Set', 'Xerox 1967')",1
"('Eldon Image Series Desk Accessories, Burgundy', 'Longer-Life Soft White Bulbs')",1
"('Eldon Image Series Desk Accessories, Burgundy', 'Woodgrain Magazine Files by Perma')",1
"('Longer-Life Soft White Bulbs', 'Woodgrain Magazine Files by Perma')",1
"('Colored Envelopes', 'Fellowes Officeware Wire Shelving')",1
"('Dana Fluorescent Magnifying Lamp, White, 36""', 'Kensington 6 Outlet Guardian Standard Surge Protector')",1
"('EcoTones Memo Sheets', 'Iceberg Nesting Folding Chair, 19w x 6d x 43h')",1
"('Black Print Carbonless 8 1/2"" x 8 1/4"" Rapid Memo Book', 'Novimex Swivel Fabric Task Chair')",1
"('Boston 16750 Black Compact Battery Pencil Sharpener', 'Ibico Standard Transparent Covers')",1
"('Boston 16750 Black Compact Battery Pencil Sharpener', 'Staples')",1
"('Ibico Standard Transparent Covers', 'Staples')",1
"('Avery 49', 'Perma STOR-ALL Hanging File Box, 13 1/8""W x 12 1/4""D x 10 1/2""H')",1
"('Avery 49', 'Wilson Jones Leather-Like Binders with DublLock Round Rings')",1
"('Perma STOR-ALL Hanging File Box, 13 1/8""W x 12 1/4""D x 10 1/2""H', 'Wilson Jones Leather-Like Binders with DublLock Round Rings')",1
"('Bestar Classic Bookcase', 'DIXON Ticonderoga Erasable Checking Pencils')",1
"('Acco Economy Flexible Poly Round Ring Binder', 'GBC Standard Therm-A-Bind Covers')",1
"('Acco Economy Flexible Poly Round Ring Binder', 'Howard Miller 13"" Diameter Pewter Finish Round Wall Clock')",1
"('GBC Standard Therm-A-Bind Covers', 'Howard Miller 13"" Diameter Pewter Finish Round Wall Clock')",1
"('Memorex Micro Travel Drive 32 GB', 'Sony 16GB Class 10 Micro SDHC R40 Memory Card')",1
"('Memorex Micro Travel Drive 32 GB', 'Tenex Antistatic Computer Chair Mats')",1
"('Memorex Micro Travel Drive 32 GB', 'Tennsco Double-Tier Lockers')",1
"('Memorex Micro Travel Drive 32 GB', 'Wilson Jones Legal Size Ring Binders')",1
"('Sony 16GB Class 10 Micro SDHC R40 Memory Card', 'Tenex Antistatic Computer Chair Mats')",1
"('Sony 16GB Class 10 Micro SDHC R40 Memory Card', 'Tennsco Double-Tier Lockers')",1
"('Sony 16GB Class 10 Micro SDHC R40 Memory Card', 'Wilson Jones Legal Size Ring Binders')",1
"('Tenex Antistatic Computer Chair Mats', 'Tennsco Double-Tier Lockers')",1
"('Tenex Antistatic Computer Chair Mats', 'Wilson Jones Legal Size Ring Binders')",1
"('Tennsco Double-Tier Lockers', 'Wilson Jones Legal Size Ring Binders')",1
"('Eldon Pizzaz Desk Accessories', 'Self-Adhesive Address Labels for Typewriters by Universal')",1
"('GBC DocuBind TL300 Electric Binding System', 'Riverleaf Stik-Withit Designer Note Cubes')",1
"('GBC DocuBind TL300 Electric Binding System', 'Safco Chair Connectors, 6/Carton')",1
"('Riverleaf Stik-Withit Designer Note Cubes', 'Safco Chair Connectors, 6/Carton')",1
"('Carina Double Wide Media Storage Towers in Natural & Black', 'Imation\xa030456 USB\xa0Flash Drive\xa08GB')",1
"('Carina Double Wide Media Storage Towers in Natural & Black', 'Premium Transparent Presentation Covers, No Pattern/Clear, 8 1/2"" x 11""')",1
"('Carina Double Wide Media Storage Towers in Natural & Black', 'Staples')",1
"('GBC Wire Binding Combs', 'Imation\xa030456 USB\xa0Flash Drive\xa08GB')",1
"('GBC Wire Binding Combs', 'Premium Transparent Presentation Covers, No Pattern/Clear, 8 1/2"" x 11""')",1
"('GBC Wire Binding Combs', 'Staples')",1
"('Imation\xa030456 USB\xa0Flash Drive\xa08GB', 'Premium Transparent Presentation Covers, No Pattern/Clear, 8 1/2"" x 11""')",1
"('Premium Transparent Presentation Covers, No Pattern/Clear, 8 1/2"" x 11""', 'Staples')",1
"('Belkin F9H710-06 7 Outlet SurgeMaster Surge Protector', 'Hon 61000 Series Interactive Training Tables')",1
"('Fellowes Premier Superior Surge Suppressor, 10-Outlet, With Phone and Remote', 'Maxell DVD-RAM Discs')",1
"('Fellowes Premier Superior Surge Suppressor, 10-Outlet, With Phone and Remote', 'Panasonic KX-TG9471B')",1
"('Fellowes Premier Superior Surge Suppressor, 10-Outlet, With Phone and Remote', 'Xerox 198')",1
"('Maxell DVD-RAM Discs', 'Panasonic KX-TG9471B')",1
"('Maxell DVD-RAM Discs', 'Xerox 198')",1
"('Panasonic KX-TG9471B', 'Xerox 198')",1
"('Hoover Commercial Lightweight Upright Vacuum', 'Maxell CD-R Discs')",1
"('Hoover Commercial Lightweight Upright Vacuum', 'Message Book, Wirebound, Four 5 1/2"" X 4"" Forms/Pg., 200 Dupl. Sets/Book')",1
"('Maxell CD-R Discs', 'Message Book, Wirebound, Four 5 1/2"" X 4"" Forms/Pg., 200 Dupl. Sets/Book')",1
"('OIC Colored Binder Clips, Assorted Sizes', 'Redi-Strip #10 Envelopes, 4 1/8 x 9 1/2')",1
"('OIC Colored Binder Clips, Assorted Sizes', 'Tyvek  Top-Opening Peel & Seel Envelopes, Plain White')",1
"('OIC Colored Binder Clips, Assorted Sizes', 'Xerox 1921')",1
"('Redi-Strip #10 Envelopes, 4 1/8 x 9 1/2', 'Tyvek  Top-Opening Peel & Seel Envelopes, Plain White')",1
"('Redi-Strip #10 Envelopes, 4 1/8 x 9 1/2', 'Xerox 1921')",1
"('Tyvek  Top-Opening Peel & Seel Envelopes, Plain White', 'Xerox 1921')",1
"('AT&T 841000 Phone', 'DAX Black Cherry Wood-Tone Poster Frame')",1
"('AT&T 841000 Phone', 'GBC Linen Binding Covers')",1
"('AT&T 841000 Phone', 'Round Specialty Laser Printer Labels')",1
"('DAX Black Cherry Wood-Tone Poster Frame', 'GBC Linen Binding Covers')",1
"('DAX Black Cherry Wood-Tone Poster Frame', 'Round Specialty Laser Printer Labels')",1
"('GBC Linen Binding Covers', 'Round Specialty Laser Printer Labels')",1
"('Belkin F5C206VTEL 6 Outlet Surge', 'Chromcraft Rectangular Conference Tables')",1
"('Belkin F5C206VTEL 6 Outlet Surge', 'DXL Angle-View Binders with Locking Rings by Samsill')",1
"('Belkin F5C206VTEL 6 Outlet Surge', 'Eldon Expressions Wood and Plastic Desk Accessories, Cherry Wood')",1
"('Belkin F5C206VTEL 6 Outlet Surge', 'Konftel 250 Conference\xa0phone\xa0- Charcoal black')",1
"('Belkin F5C206VTEL 6 Outlet Surge', 'Mitel 5320 IP Phone VoIP phone')",1
"('Belkin F5C206VTEL 6 Outlet Surge', 'Newell 322')",1
"('Chromcraft Rectangular Conference Tables', 'DXL Angle-View Binders with Locking Rings by Samsill')",1
"('Chromcraft Rectangular Conference Tables', 'Eldon Expressions Wood and Plastic Desk Accessories, Cherry Wood')",1
"('Chromcraft Rectangular Conference Tables', 'Konftel 250 Conference\xa0phone\xa0- Charcoal black')",1
"('Chromcraft Rectangular Conference Tables', 'Mitel 5320 IP Phone VoIP phone')",1
"('Chromcraft Rectangular Conference Tables', 'Newell 322')",1
"('DXL Angle-View Binders with Locking Rings by Samsill', 'Eldon Expressions Wood and Plastic Desk Accessories, Cherry Wood')",1
"('DXL Angle-View Binders with Locking Rings by Samsill', 'Konftel 250 Conference\xa0phone\xa0- Charcoal black')",1
"('DXL Angle-View Binders with Locking Rings by Samsill', 'Mitel 5320 IP Phone VoIP phone')",1
"('DXL Angle-View Binders with Locking Rings by Samsill', 'Newell 322')",1
"('Eldon Expressions Wood and Plastic Desk Accessories, Cherry Wood', 'Konftel 250 Conference\xa0phone\xa0- Charcoal black')",1
"('Eldon Expressions Wood and Plastic Desk Accessories, Cherry Wood', 'Mitel 5320 IP Phone VoIP phone')",1
"('Eldon Expressions Wood and Plastic Desk Accessories, Cherry Wood', 'Newell 322')",1
"('Konftel 250 Conference\xa0phone\xa0- Charcoal black', 'Mitel 5320 IP Phone VoIP phone')",1
"('Konftel 250 Conference\xa0phone\xa0- Charcoal black', 'Newell 322')",1
"('Mitel 5320 IP Phone VoIP phone', 'Newell 322')",1
"('AT&T CL82213', 'Adjustable Depth Letter/Legal Cart')",1
"('Advantus Push Pins', 'Maxell 4.7GB DVD-R 5/Pack')",1
"('Avery 485', 'DAX Cubicle Frames, 8-1/2 x 11')",1
"('Avery 485', 'Metal Folding Chairs, Beige, 4/Carton')",1
"('DAX Cubicle Frames, 8-1/2 x 11', 'Metal Folding Chairs, Beige, 4/Carton')",1
"('1.7 Cubic Foot Compact ""Cube"" Office Refrigerators', 'Newell 310')",1
"('1.7 Cubic Foot Compact ""Cube"" Office Refrigerators', 'Southworth 100% Résumé Paper, 24lb.')",1
"('Newell 310', 'Southworth 100% Résumé Paper, 24lb.')",1
"('Staples', 'Xerox 225')",1
"('Avery 495', 'Newell 347')",1
"('DAX Cubicle Frames - 8x10', 'WD My Passport Ultra 1TB Portable External Hard Drive')",1
"('Carina Double Wide Media Storage Towers in Natural & Black', 'GBC Instant Report Kit')",1
"('Carina Double Wide Media Storage Towers in Natural & Black', 'Ibico EPK-21 Electric Binding System')",1
"('Carina Double Wide Media Storage Towers in Natural & Black', 'Xerox 217')",1
"('GBC Instant Report Kit', 'Ibico EPK-21 Electric Binding System')",1
"('GBC Instant Report Kit', 'Xerox 217')",1
"('Ibico EPK-21 Electric Binding System', 'Xerox 217')",1
"('Global Troy Executive Leather Low-Back Tilter', 'Hon 30"" x 60"" Table with Locking Drawer')",1
"('Global Troy Executive Leather Low-Back Tilter', 'Newell 334')",1
"('Hon 30"" x 60"" Table with Locking Drawer', 'Newell 334')",1
"('9-3/4 Diameter Round Wall Clock', 'Honeywell Quietcare HEPA Air Cleaner')",1
"('9-3/4 Diameter Round Wall Clock', 'Self-Adhesive Address Labels for Typewriters by Universal')",1
"('9-3/4 Diameter Round Wall Clock', 'Xerox 1916')",1
"('Honeywell Quietcare HEPA Air Cleaner', 'Self-Adhesive Address Labels for Typewriters by Universal')",1
"('Honeywell Quietcare HEPA Air Cleaner', 'Xerox 1916')",1
"('Self-Adhesive Address Labels for Typewriters by Universal', 'Xerox 1916')",1
"('Eldon Mobile Mega Data Cart  Mega Stackable  Add-On Trays', 'Global Comet Stacking Armless Chair')",1
"('Eldon Mobile Mega Data Cart  Mega Stackable  Add-On Trays', 'Newell 32')",1
"('Eldon Mobile Mega Data Cart  Mega Stackable  Add-On Trays', 'Safco Drafting Table')",1
"('Global Comet Stacking Armless Chair', 'Newell 32')",1
"('Global Comet Stacking Armless Chair', 'Safco Drafting Table')",1
"('Newell 32', 'Safco Drafting Table')",1
"('Fellowes PB300 Plastic Comb Binding Machine', 'Plantronics Voyager Pro Legend')",1
"('Akro-Mils 12-Gallon Tote', 'Avery Recycled Flexi-View Covers for Binding Systems')",1
"('Akro-Mils 12-Gallon Tote', 'KI Adjustable-Height Table')",1
"('Akro-Mils 12-Gallon Tote', 'Padded Folding Chairs, Black, 4/Carton')",1
"('Avery Recycled Flexi-View Covers for Binding Systems', 'KI Adjustable-Height Table')",1
"('Avery Recycled Flexi-View Covers for Binding Systems', 'Padded Folding Chairs, Black, 4/Carton')",1
"('KI Adjustable-Height Table', 'Padded Folding Chairs, Black, 4/Carton')",1
"('Avery Metallic Poly Binders', 'Xerox 1923')",1
"('Avery Non-Stick Heavy Duty View Round Locking Ring Binders', 'Bionaire Personal Warm Mist Humidifier/Vaporizer')",1
"('Avery Non-Stick Heavy Duty View Round Locking Ring Binders', 'Memo Book, 100 Message Capacity, 5 3/8\x94 x 11\x94')",1
"('Avery Non-Stick Heavy Duty View Round Locking Ring Binders', 'Newell 35')",1
"('Avery Non-Stick Heavy Duty View Round Locking Ring Binders', 'Wilson Jones 14 Line Acrylic Coated Pressboard Data Binders')",1
"('Bionaire Personal Warm Mist Humidifier/Vaporizer', 'Memo Book, 100 Message Capacity, 5 3/8\x94 x 11\x94')",1
"('Bionaire Personal Warm Mist Humidifier/Vaporizer', 'Newell 35')",1
"('Bionaire Personal Warm Mist Humidifier/Vaporizer', 'Wilson Jones 14 Line Acrylic Coated Pressboard Data Binders')",1
"('Memo Book, 100 Message Capacity, 5 3/8\x94 x 11\x94', 'Newell 35')",1
"('Memo Book, 100 Message Capacity, 5 3/8\x94 x 11\x94', 'Wilson Jones 14 Line Acrylic Coated Pressboard Data Binders')",1
"('Newell 35', 'Wilson Jones 14 Line Acrylic Coated Pressboard Data Binders')",1
"('Adams Phone Message Book, Professional, 400 Message Capacity, 5 3/6\x94 x 11\x94', 'Global Value Steno Chair, Gray')",1
"('Adams Phone Message Book, Professional, 400 Message Capacity, 5 3/6\x94 x 11\x94', 'Xerox 1913')",1
"('Global Value Steno Chair, Gray', 'Xerox 1913')",1
"('Acco Data Flex Cable Posts For Top & Bottom Load Binders, 6"" Capacity', 'Avery 488')",1
"('Acco Data Flex Cable Posts For Top & Bottom Load Binders, 6"" Capacity', 'Blackstonian Pencils')",1
"('Acco Data Flex Cable Posts For Top & Bottom Load Binders, 6"" Capacity', 'Recycled Steel Personal File for Standard File Folders')",1
"('Avery 488', 'Blackstonian Pencils')",1
"('Avery 488', 'Recycled Steel Personal File for Standard File Folders')",1
"('Blackstonian Pencils', 'Recycled Steel Personal File for Standard File Folders')",1
"('Bush Andora Bookcase, Maple/Graphite Gray Finish', 'OtterBox Commuter Series Case - Samsung Galaxy S4')",1
"('Bush Andora Bookcase, Maple/Graphite Gray Finish', 'Space Solutions HD Industrial Steel Shelving.')",1
"('OtterBox Commuter Series Case - Samsung Galaxy S4', 'Space Solutions HD Industrial Steel Shelving.')",1
"('Sauder Camden County Collection Libraries, Planked Cherry Finish', 'Tennsco Snap-Together Open Shelving Units, Starter Sets and Add-On Units')",1
"('Avery Arch Ring Binders', 'Black Print Carbonless 8 1/2"" x 8 1/4"" Rapid Memo Book')",1
"('Deluxe Chalkboard Eraser Cleaner', 'Eldon Econocleat Chair Mats for Low Pile Carpets')",1
"('Deluxe Chalkboard Eraser Cleaner', 'Smead Adjustable Mobile File Trolley with Lockable Top')",1
"('Eldon Econocleat Chair Mats for Low Pile Carpets', 'Smead Adjustable Mobile File Trolley with Lockable Top')",1
"('Fellowes Mighty 8 Compact Surge Protector', 'Xerox 194')",1
"('ACCOHIDE 3-Ring Binder, Blue, 1""', 'Belkin 8 Outlet Surge Protector')",1
"('ACCOHIDE 3-Ring Binder, Blue, 1""', 'Portable Personal File Box')",1
"('ACCOHIDE 3-Ring Binder, Blue, 1""', 'X-Rack File for Hanging Folders')",1
"('Belkin 8 Outlet Surge Protector', 'Portable Personal File Box')",1
"('Belkin 8 Outlet Surge Protector', 'X-Rack File for Hanging Folders')",1
"('Portable Personal File Box', 'X-Rack File for Hanging Folders')",1
"('Bush Heritage Pine Collection 5-Shelf Bookcase, Albany Pine Finish, *Special Order', 'QVS USB Car Charger 2-Port 2.1Amp for iPod/iPhone/iPad/iPad 2/iPad 3')",1
"('Hunt BOSTON Vista Battery-Operated Pencil Sharpener, Black', 'Office Star - Professional Matrix Back Chair with 2-to-1 Synchro Tilt and Mesh Fabric Seat')",1
"('Conquest 14 Commercial Heavy-Duty Upright Vacuum, Collection System, Accessory Kit', 'Maxell 4.7GB DVD-R 5/Pack')",1
"('Conquest 14 Commercial Heavy-Duty Upright Vacuum, Collection System, Accessory Kit', 'Staples')",1
"('Acme Stainless Steel Office Snips', 'Canvas Sectional Post Binders')",1
"('Acme Stainless Steel Office Snips', ""High-Back Leather Manager's Chair"")",1
"('Canvas Sectional Post Binders', ""High-Back Leather Manager's Chair"")",1
"('Avery Hidden Tab Dividers for Binding Systems', 'Colored Push Pins')",1
"('Avery Hidden Tab Dividers for Binding Systems', 'DAX Natural Wood-Tone Poster Frame')",1
"('Avery Hidden Tab Dividers for Binding Systems', 'Smead Alpha-Z Color-Coded Second Alphabetical Labels and Starter Set')",1
"('Avery Hidden Tab Dividers for Binding Systems', 'Sterling Rubber Bands by Alliance')",1
"('Colored Push Pins', 'DAX Natural Wood-Tone Poster Frame')",1
"('Colored Push Pins', 'Smead Alpha-Z Color-Coded Second Alphabetical Labels and Starter Set')",1
"('Colored Push Pins', 'Sterling Rubber Bands by Alliance')",1
"('DAX Natural Wood-Tone Poster Frame', 'Smead Alpha-Z Color-Coded Second Alphabetical Labels and Starter Set')",1
"('DAX Natural Wood-Tone Poster Frame', 'Sterling Rubber Bands by Alliance')",1
"('Smead Alpha-Z Color-Coded Second Alphabetical Labels and Starter Set', 'Sterling Rubber Bands by Alliance')",1
"('Economy Rollaway Files', 'Ooma Telo VoIP Home Phone System')",1
"('Belkin Premiere Surge Master II 8-outlet surge protector', 'Logitech Desktop MK120 Mouse and keyboard Combo')",1
"('Acco Perma 3000 Stacking Storage Drawers', 'Avery Hi-Liter Comfort Grip Fluorescent Highlighter, Yellow Ink')",1
"('Acco Perma 3000 Stacking Storage Drawers', 'Hon Every-Day Series Multi-Task Chairs')",1
"('Acco Perma 3000 Stacking Storage Drawers', 'Hot File 7-Pocket, Floor Stand')",1
"('Acco Perma 3000 Stacking Storage Drawers', 'Xerox 199')",1
"('Acco Perma 3000 Stacking Storage Drawers', 'Xerox 4200 Series MultiUse Premium Copy Paper (20Lb. and 84 Bright)')",1
"('Avery Hi-Liter Comfort Grip Fluorescent Highlighter, Yellow Ink', 'Hon Every-Day Series Multi-Task Chairs')",1
"('Avery Hi-Liter Comfort Grip Fluorescent Highlighter, Yellow Ink', 'Hot File 7-Pocket, Floor Stand')",1
"('Avery Hi-Liter Comfort Grip Fluorescent Highlighter, Yellow Ink', 'Xerox 199')",1
"('Avery Hi-Liter Comfort Grip Fluorescent Highlighter, Yellow Ink', 'Xerox 4200 Series MultiUse Premium Copy Paper (20Lb. and 84 Bright)')",1
"('Hon Every-Day Series Multi-Task Chairs', 'Hot File 7-Pocket, Floor Stand')",1
"('Hon Every-Day Series Multi-Task Chairs', 'Xerox 199')",1
"('Hon Every-Day Series Multi-Task Chairs', 'Xerox 4200 Series MultiUse Premium Copy Paper (20Lb. and 84 Bright)')",1
"('Hot File 7-Pocket, Floor Stand', 'Xerox 199')",1
"('Hot File 7-Pocket, Floor Stand', 'Xerox 4200 Series MultiUse Premium Copy Paper (20Lb. and 84 Bright)')",1
"('Xerox 199', 'Xerox 4200 Series MultiUse Premium Copy Paper (20Lb. and 84 Bright)')",1
"('Acco 6 Outlet Guardian Premium Surge Suppressor', 'OIC Bulk Pack Metal Binder Clips')",1
"('Acco Pressboard Covers with Storage Hooks, 14 7/8"" x 11"", Light Blue', 'Panasonic KX-TG9471B')",1
"('Acco Pressboard Covers with Storage Hooks, 14 7/8"" x 11"", Light Blue', 'Surelock Post Binders')",1
"('Panasonic KX-TG9471B', 'Surelock Post Binders')",1
"('Belkin 8 Outlet Surge Protector', 'Compact Automatic Electric Letter Opener')",1
"('Belkin 8 Outlet Surge Protector', 'Logitech G600 MMO Gaming Mouse')",1
"('Compact Automatic Electric Letter Opener', 'Logitech G600 MMO Gaming Mouse')",1
"('ACCOHIDE 3-Ring Binder, Blue, 1""', 'Staples')",1
"('Fellowes PB200 Plastic Comb Binding Machine', 'Newell 314')",1
"('Fellowes PB200 Plastic Comb Binding Machine', 'Square Credit Card Reader, 4 1/2"" x 4 1/2"" x 1"", White')",1
"('Fellowes PB200 Plastic Comb Binding Machine', 'Staples')",1
"('Newell 314', 'Square Credit Card Reader, 4 1/2"" x 4 1/2"" x 1"", White')",1
"('Newell 314', 'Staples')",1
"('Holmes Cool Mist Humidifier for the Whole House with 8-Gallon Output per Day, Extended Life Filter', 'Wilson Jones Easy Flow II Sheet Lifters')",1
"('GE General Use Halogen Bulbs, 100 Watts, 1 Bulb per Pack', 'Logitech G602 Wireless Gaming Mouse')",1
"('Carina 42""Hx23 3/4""W Media Storage Unit', 'DAX Natural Wood-Tone Poster Frame')",1
"('Carina 42""Hx23 3/4""W Media Storage Unit', 'StarTech.com 10/100 VDSL2 Ethernet Extender Kit')",1
"('Carina 42""Hx23 3/4""W Media Storage Unit', 'invisibleSHIELD by ZAGG Smudge-Free Screen Protector')",1
"('DAX Natural Wood-Tone Poster Frame', 'StarTech.com 10/100 VDSL2 Ethernet Extender Kit')",1
"('DAX Natural Wood-Tone Poster Frame', 'invisibleSHIELD by ZAGG Smudge-Free Screen Protector')",1
"('StarTech.com 10/100 VDSL2 Ethernet Extender Kit', 'invisibleSHIELD by ZAGG Smudge-Free Screen Protector')",1
"('Hon 30"" x 60"" Table with Locking Drawer', 'Hon 4060 Series Tables')",1
"('Hon 30"" x 60"" Table with Locking Drawer', 'Nontoxic Chalk')",1
"('Hon 30"" x 60"" Table with Locking Drawer', 'Permanent Self-Adhesive File Folder Labels for Typewriters, 1 1/8 x 3 1/2, White')",1
"('Hon 30"" x 60"" Table with Locking Drawer', 'Southworth Parchment Paper & Envelopes')",1
"('Hon 30"" x 60"" Table with Locking Drawer', 'Tennsco Single-Tier Lockers')",1
"('Hon 4060 Series Tables', 'Nontoxic Chalk')",1
"('Hon 4060 Series Tables', 'Permanent Self-Adhesive File Folder Labels for Typewriters, 1 1/8 x 3 1/2, White')",1
"('Hon 4060 Series Tables', 'Southworth Parchment Paper & Envelopes')",1
"('Hon 4060 Series Tables', 'Tennsco Single-Tier Lockers')",1
"('Nontoxic Chalk', 'Permanent Self-Adhesive File Folder Labels for Typewriters, 1 1/8 x 3 1/2, White')",1
"('Nontoxic Chalk', 'Southworth Parchment Paper & Envelopes')",1
"('Nontoxic Chalk', 'Tennsco Single-Tier Lockers')",1
"('Permanent Self-Adhesive File Folder Labels for Typewriters, 1 1/8 x 3 1/2, White', 'Southworth Parchment Paper & Envelopes')",1
"('Permanent Self-Adhesive File Folder Labels for Typewriters, 1 1/8 x 3 1/2, White', 'Tennsco Single-Tier Lockers')",1
"('Southworth Parchment Paper & Envelopes', 'Tennsco Single-Tier Lockers')",1
"('Polycom VVX 310 VoIP phone', 'Xerox 200')",1
"('AT&T 17929 Lendline Telephone', 'Surelock Post Binders')",1
"('Cardinal Slant-D Ring Binder, Heavy Gauge Vinyl', 'Electrix Incandescent Magnifying Lamp, Black')",1
"('Case Logic 2.4GHz Wireless Keyboard', 'GBC Standard Recycled Report Covers, Clear Plastic Sheets')",1
"('Fellowes Officeware Wire Shelving', 'KI Conference Tables')",1
"('Acco Smartsocket Table Surge Protector, 6 Color-Coded Adapter Outlets', 'Globe Weis Peel & Seel First Class Envelopes')",1
"('Acco Smartsocket Table Surge Protector, 6 Color-Coded Adapter Outlets', 'Motorola Droid Maxx')",1
"('Acco Smartsocket Table Surge Protector, 6 Color-Coded Adapter Outlets', 'Nu-Dell Float Frame 11 x 14 1/2')",1
"('Acco Smartsocket Table Surge Protector, 6 Color-Coded Adapter Outlets', 'Sharp 1540cs Digital Laser Copier')",1
"('Globe Weis Peel & Seel First Class Envelopes', 'Motorola Droid Maxx')",1
"('Globe Weis Peel & Seel First Class Envelopes', 'Nu-Dell Float Frame 11 x 14 1/2')",1
"('Globe Weis Peel & Seel First Class Envelopes', 'Sharp 1540cs Digital Laser Copier')",1
"('Motorola Droid Maxx', 'Nu-Dell Float Frame 11 x 14 1/2')",1
"('Motorola Droid Maxx', 'Sharp 1540cs Digital Laser Copier')",1
"('Nu-Dell Float Frame 11 x 14 1/2', 'Sharp 1540cs Digital Laser Copier')",1
"('Fellowes Bankers Box Recycled Super Stor/Drawer', 'Office Impressions Heavy Duty Welded Shelving & Multimedia Storage Drawers')",1
"('Bretford CR8500 Series Meeting Room Furniture', 'GE 30522EE2')",1
"('Bretford CR8500 Series Meeting Room Furniture', 'Master Caster Door Stop, Large Neon Orange')",1
"('GE 30522EE2', 'Master Caster Door Stop, Large Neon Orange')",1
"('Howard Miller 13-1/2"" Diameter Rosebrook Wall Clock', 'Lesro Round Back Collection Coffee Table, End Table')",1
"('Acco PRESSTEX Data Binder with Storage Hooks, Dark Blue, 14 7/8"" X 11""', 'Avery Address/Shipping Labels for Typewriters, 4"" x 2""')",1
"('Acco PRESSTEX Data Binder with Storage Hooks, Dark Blue, 14 7/8"" X 11""', 'Avery File Folder Labels')",1
"('Acco PRESSTEX Data Binder with Storage Hooks, Dark Blue, 14 7/8"" X 11""', 'ClearSounds CSC500 Amplified Spirit Phone Corded phone')",1
"('Acco PRESSTEX Data Binder with Storage Hooks, Dark Blue, 14 7/8"" X 11""', 'Pressboard Data Binders by Wilson Jones')",1
"('Avery Address/Shipping Labels for Typewriters, 4"" x 2""', 'Avery File Folder Labels')",1
"('Avery Address/Shipping Labels for Typewriters, 4"" x 2""', 'ClearSounds CSC500 Amplified Spirit Phone Corded phone')",1
"('Avery Address/Shipping Labels for Typewriters, 4"" x 2""', 'Pressboard Data Binders by Wilson Jones')",1
"('Avery File Folder Labels', 'ClearSounds CSC500 Amplified Spirit Phone Corded phone')",1
"('Avery File Folder Labels', 'Pressboard Data Binders by Wilson Jones')",1
"('ClearSounds CSC500 Amplified Spirit Phone Corded phone', 'Pressboard Data Binders by Wilson Jones')",1
"('Acme Titanium Bonded Scissors', 'Cisco SPA525G2 IP Phone - Wireless')",1
"('Acme Titanium Bonded Scissors', 'Regeneration Desk Collection')",1
"('Acme Titanium Bonded Scissors', 'Xerox 1931')",1
"('Acme Titanium Bonded Scissors', 'Xerox 1976')",1
"('Acme Titanium Bonded Scissors', 'Xerox 1988')",1
"('Cisco SPA525G2 IP Phone - Wireless', 'Regeneration Desk Collection')",1
"('Cisco SPA525G2 IP Phone - Wireless', 'Xerox 1931')",1
"('Cisco SPA525G2 IP Phone - Wireless', 'Xerox 1976')",1
"('Cisco SPA525G2 IP Phone - Wireless', 'Xerox 1988')",1
"('Regeneration Desk Collection', 'Xerox 1931')",1
"('Regeneration Desk Collection', 'Xerox 1976')",1
"('Regeneration Desk Collection', 'Xerox 1988')",1
"('Xerox 1931', 'Xerox 1976')",1
"('Xerox 1931', 'Xerox 1988')",1
"('Xerox 1976', 'Xerox 1988')",1
"('Verbatim 25 GB 6x Blu-ray Single Layer Recordable Disc, 1/Pack', 'Xerox 1949')",1
"('Avery 48', 'Dual Level, Single-Width Filing Carts')",1
"('Avery 48', 'Seth Thomas 14"" Putty-Colored Wall Clock')",1
"('Avery 48', 'White Computer Printout Paper by Universal')",1
"('Dual Level, Single-Width Filing Carts', 'Seth Thomas 14"" Putty-Colored Wall Clock')",1
"('Dual Level, Single-Width Filing Carts', 'White Computer Printout Paper by Universal')",1
"('Seth Thomas 14"" Putty-Colored Wall Clock', 'White Computer Printout Paper by Universal')",1
"('White GlueTop Scratch Pads', 'Xerox 195')",1
"('Acco 6 Outlet Guardian Standard Surge Suppressor', 'Fellowes Basic Home/Office Series Surge Protectors')",1
"('Acco 6 Outlet Guardian Standard Surge Suppressor', 'Xerox 224')",1
"('Fellowes Basic Home/Office Series Surge Protectors', 'Xerox 224')",1
"('Cameo Buff Policy Envelopes', 'Fellowes Bankers Box Recycled Super Stor/Drawer')",1
"('Acco 3-Hole Punch', 'Polycom SoundPoint Pro SE-225 Corded phone')",1
"('Acme Box Cutter Scissors', 'Staples')",1
"('Acme Box Cutter Scissors', 'Xerox 1884')",1
"('Staples', 'Xerox 1884')",1
"('GuestStacker Chair with Chrome Finish Legs', 'Peel & Seel Envelopes')",1
"('Bevis Round Conference Table Top, X-Base', 'Cardinal EasyOpen D-Ring Binders')",1
"('Bevis Round Conference Table Top, X-Base', 'Hewlett-Packard Deskjet D4360 Printer')",1
"('Bevis Round Conference Table Top, X-Base', 'Polycom SoundPoint Pro SE-225 Corded phone')",1
"('Bevis Round Conference Table Top, X-Base', 'Xerox 2000')",1
"('Cardinal EasyOpen D-Ring Binders', 'Hewlett-Packard Deskjet D4360 Printer')",1
"('Cardinal EasyOpen D-Ring Binders', 'Polycom SoundPoint Pro SE-225 Corded phone')",1
"('Cardinal EasyOpen D-Ring Binders', 'Xerox 2000')",1
"('Hewlett-Packard Deskjet D4360 Printer', 'Polycom SoundPoint Pro SE-225 Corded phone')",1
"('Hewlett-Packard Deskjet D4360 Printer', 'Xerox 2000')",1
"('Polycom SoundPoint Pro SE-225 Corded phone', 'Xerox 2000')",1
"('Avery 485', 'Euro-Pro Shark Turbo Vacuum')",1
"('Avery 485', 'Global Leather Executive Chair')",1
"('Avery 485', 'Ooma Telo VoIP Home Phone System')",1
"('Avery 485', 'Panasonic KX-TG9541B DECT 6.0 Digital 2-Line Expandable Cordless Phone With Digital Answering System')",1
"('DMI Eclipse Executive Suite Bookcases', 'Euro-Pro Shark Turbo Vacuum')",1
"('DMI Eclipse Executive Suite Bookcases', 'Global Leather Executive Chair')",1
"('DMI Eclipse Executive Suite Bookcases', 'Ooma Telo VoIP Home Phone System')",1
"('DMI Eclipse Executive Suite Bookcases', 'Panasonic KX-TG9541B DECT 6.0 Digital 2-Line Expandable Cordless Phone With Digital Answering System')",1
"('Euro-Pro Shark Turbo Vacuum', 'Global Leather Executive Chair')",1
"('Euro-Pro Shark Turbo Vacuum', 'Ooma Telo VoIP Home Phone System')",1
"('Euro-Pro Shark Turbo Vacuum', 'Panasonic KX-TG9541B DECT 6.0 Digital 2-Line Expandable Cordless Phone With Digital Answering System')",1
"('Global Leather Executive Chair', 'Ooma Telo VoIP Home Phone System')",1
"('Global Leather Executive Chair', 'Panasonic KX-TG9541B DECT 6.0 Digital 2-Line Expandable Cordless Phone With Digital Answering System')",1
"('Ooma Telo VoIP Home Phone System', 'Panasonic KX-TG9541B DECT 6.0 Digital 2-Line Expandable Cordless Phone With Digital Answering System')",1
"('Acco Hot Clips Clips to Go', 'Avery Heavy-Duty EZD View Binder with Locking Rings')",1
"('Acco Hot Clips Clips to Go', 'Ibico Hi-Tech Manual Binding System')",1
"('Avery Heavy-Duty EZD View Binder with Locking Rings', 'Ibico Hi-Tech Manual Binding System')",1
"('Square Ring Data Binders, Rigid 75 Pt. Covers, 11"" x 14-7/8""', 'Wilson Jones Elliptical Ring 3 1/2"" Capacity Binders, 800 sheets')",1
"('Hoover WindTunnel Plus Canister Vacuum', 'Ibico Standard Transparent Covers')",1
"('Hoover WindTunnel Plus Canister Vacuum', 'Newell 329')",1
"('Hoover WindTunnel Plus Canister Vacuum', 'Panasonic KX T7731-B Digital phone')",1
"('Hoover WindTunnel Plus Canister Vacuum', 'Safco Wire Cube Shelving System, For Use as 4 or 5 14"" Cubes, Black')",1
"('Hoover WindTunnel Plus Canister Vacuum', 'Xerox 1934')",1
"('Ibico Standard Transparent Covers', 'Newell 329')",1
"('Ibico Standard Transparent Covers', 'Panasonic KX T7731-B Digital phone')",1
"('Ibico Standard Transparent Covers', 'Safco Wire Cube Shelving System, For Use as 4 or 5 14"" Cubes, Black')",1
"('Ibico Standard Transparent Covers', 'Xerox 1934')",1
"('Newell 329', 'Panasonic KX T7731-B Digital phone')",1
"('Newell 329', 'Safco Wire Cube Shelving System, For Use as 4 or 5 14"" Cubes, Black')",1
"('Newell 329', 'Xerox 1934')",1
"('Panasonic KX T7731-B Digital phone', 'Safco Wire Cube Shelving System, For Use as 4 or 5 14"" Cubes, Black')",1
"('Panasonic KX T7731-B Digital phone', 'Xerox 1934')",1
"('Safco Wire Cube Shelving System, For Use as 4 or 5 14"" Cubes, Black', 'Xerox 1934')",1
"('Advantus Motivational Note Cards', 'Global Italian Leather Office Chair')",1
"('Advantus Motivational Note Cards', 'Tennsco 6- and 18-Compartment Lockers')",1
"('Advantus Motivational Note Cards', 'Xerox 1913')",1
"('Global Italian Leather Office Chair', 'Tennsco 6- and 18-Compartment Lockers')",1
"('Global Italian Leather Office Chair', 'Xerox 1913')",1
"('Tennsco 6- and 18-Compartment Lockers', 'Xerox 1913')",1
"('Bevis Oval Conference Table, Walnut', 'Longer-Life Soft White Bulbs')",1
"('Apple iPhone 5S', 'Hon 2090 \x93Pillow Soft\x94 Series Mid Back Swivel/Tilt Chairs')",1
"('Apple iPhone 5S', 'Logitech Illuminated Ultrathin Keyboard with Backlighting')",1
"('Apple iPhone 5S', 'Tensor Computer Mounted Lamp')",1
"('Hon 2090 \x93Pillow Soft\x94 Series Mid Back Swivel/Tilt Chairs', 'Logitech Illuminated Ultrathin Keyboard with Backlighting')",1
"('Hon 2090 \x93Pillow Soft\x94 Series Mid Back Swivel/Tilt Chairs', 'Tensor Computer Mounted Lamp')",1
"('Logitech Illuminated Ultrathin Keyboard with Backlighting', 'Tensor Computer Mounted Lamp')",1
"('Eldon Image Series Desk Accessories, Ebony', 'Sanford 52201 APSCO Electric Pencil Sharpener')",1
"('Eldon Image Series Desk Accessories, Ebony', 'Vinyl Coated Wire Paper Clips in Organizer Box, 800/Box')",1
"('Sanford 52201 APSCO Electric Pencil Sharpener', 'Vinyl Coated Wire Paper Clips in Organizer Box, 800/Box')",1
"('Carina 42""Hx23 3/4""W Media Storage Unit', 'Peel & Stick Add-On Corner Pockets')",1
"('Carina 42""Hx23 3/4""W Media Storage Unit', 'Recycled Data-Pak for Archival Bound Computer Printouts, 12-1/2 x 12-1/2 x 16')",1
"('Carina 42""Hx23 3/4""W Media Storage Unit', 'Xerox 220')",1
"('Peel & Stick Add-On Corner Pockets', 'Recycled Data-Pak for Archival Bound Computer Printouts, 12-1/2 x 12-1/2 x 16')",1
"('Peel & Stick Add-On Corner Pockets', 'Xerox 220')",1
"('Recycled Data-Pak for Archival Bound Computer Printouts, 12-1/2 x 12-1/2 x 16', 'Xerox 220')",1
"('Adams Telephone Message Books, 5 1/4\x94 x 11\x94', 'Global Deluxe Steno Chair')",1
"('Adams Telephone Message Books, 5 1/4\x94 x 11\x94', 'Ibico Plastic Spiral Binding Combs')",1
"('Adams Telephone Message Books, 5 1/4\x94 x 11\x94', 'Staples')",1
"('Global Deluxe Steno Chair', 'Ibico Plastic Spiral Binding Combs')",1
"('Global Deluxe Steno Chair', 'Staples')",1
"('Ibico Plastic Spiral Binding Combs', 'Staples')",1
"('HP Designjet T520 Inkjet Large Format Printer - 24"" Color', 'Project Tote Personal File')",1
"('Avery 52', 'Avery 520')",1
"('Avery 52', 'Bretford CR4500 Series Slim Rectangular Table')",1
"('Avery 52', 'KeyTronic\xa0KT400U2 -\xa0Keyboard\xa0- Black')",1
"('Avery 52', 'Master Caster Door Stop, Brown')",1
"('Avery 52', 'Southworth 25% Cotton Granite Paper & Envelopes')",1
"('Avery 520', 'Bretford CR4500 Series Slim Rectangular Table')",1
"('Avery 520', 'KeyTronic\xa0KT400U2 -\xa0Keyboard\xa0- Black')",1
"('Avery 520', 'Master Caster Door Stop, Brown')",1
"('Avery 520', 'Southworth 25% Cotton Granite Paper & Envelopes')",1
"('Bretford CR4500 Series Slim Rectangular Table', 'KeyTronic\xa0KT400U2 -\xa0Keyboard\xa0- Black')",1
"('Bretford CR4500 Series Slim Rectangular Table', 'Master Caster Door Stop, Brown')",1
"('Bretford CR4500 Series Slim Rectangular Table', 'Southworth 25% Cotton Granite Paper & Envelopes')",1
"('KeyTronic\xa0KT400U2 -\xa0Keyboard\xa0- Black', 'Master Caster Door Stop, Brown')",1
"('KeyTronic\xa0KT400U2 -\xa0Keyboard\xa0- Black', 'Southworth 25% Cotton Granite Paper & Envelopes')",1
"('Master Caster Door Stop, Brown', 'Southworth 25% Cotton Granite Paper & Envelopes')",1
"('Acme Box Cutter Scissors', 'Eldon 100 Class Desk Accessories')",1
"('Acme Box Cutter Scissors', 'Logitech\xa0P710e Mobile Speakerphone')",1
"('Eldon 100 Class Desk Accessories', 'Logitech\xa0P710e Mobile Speakerphone')",1
"('Enermax Aurora Lite Keyboard', 'Hon 2111 Invitation Series Corner Table')",1
"('Enermax Aurora Lite Keyboard', 'Wilson Jones Leather-Like Binders with DublLock Round Rings')",1
"('Hon 2111 Invitation Series Corner Table', 'Wilson Jones Leather-Like Binders with DublLock Round Rings')",1
"('Logitech G602 Wireless Gaming Mouse', 'Premium Writing Pencils, Soft, #2 by Central Association for the Blind')",1
"('Hot File 7-Pocket, Floor Stand', 'Maxell 74 Minute CD-R Spindle, 50/Pack')",1
"('Hot File 7-Pocket, Floor Stand', 'Newell 348')",1
"('Hot File 7-Pocket, Floor Stand', 'Xerox 1965')",1
"('Maxell 74 Minute CD-R Spindle, 50/Pack', 'Newell 348')",1
"('Maxell 74 Minute CD-R Spindle, 50/Pack', 'Xerox 1965')",1
"('Newell 348', 'Xerox 1965')",1
"('Cardinal HOLDit! Binder Insert Strips,Extra Strips', 'Ibico Laser Imprintable Binding System Covers')",1
"('Cardinal HOLDit! Binder Insert Strips,Extra Strips', 'PowerGen Dual USB Car Charger')",1
"('Ibico Laser Imprintable Binding System Covers', 'PowerGen Dual USB Car Charger')",1
"('Fellowes Advanced Computer Series Surge Protectors', 'GBC DocuBind 200 Manual Binding Machine')",1
"('OIC #2 Pencils, Medium Soft', 'Wireless Extenders zBoost YX545 SOHO Signal Booster')",1
"('DMI Eclipse Executive Suite Bookcases', 'GBC DocuBind TL300 Electric Binding System')",1
"('BIC Brite Liner Grip Highlighters, Assorted, 5/Pack', 'Eberhard Faber 3 1/2"" Golf Pencils')",1
"('BIC Brite Liner Grip Highlighters, Assorted, 5/Pack', 'Imation\xa0Swivel\xa0Flash Drive\xa0USB\xa0flash drive\xa0- 8 GB')",1
"('BIC Brite Liner Grip Highlighters, Assorted, 5/Pack', 'Newell 35')",1
"('Eberhard Faber 3 1/2"" Golf Pencils', 'Imation\xa0Swivel\xa0Flash Drive\xa0USB\xa0flash drive\xa0- 8 GB')",1
"('Eberhard Faber 3 1/2"" Golf Pencils', 'Newell 35')",1
"('Imation\xa0Swivel\xa0Flash Drive\xa0USB\xa0flash drive\xa0- 8 GB', 'Newell 35')",1
"('Belkin F5C206VTEL 6 Outlet Surge', 'Belkin Standard 104 key USB Keyboard')",1
"('Belkin F5C206VTEL 6 Outlet Surge', 'Fellowes PB500 Electric Punch Plastic Comb Binding Machine with Manual Bind')",1
"('Belkin Standard 104 key USB Keyboard', 'Fellowes PB500 Electric Punch Plastic Comb Binding Machine with Manual Bind')",1
"('Advantus Plastic Paper Clips', 'Epson WorkForce WF-2530 All-in-One Printer, Copier Scanner')",1
"('AT&T TR1909W', 'Xerox 1945')",1
"('Fashion Color Clasp Envelopes', 'GBC ProClick Punch Binding System')",1
"('Fashion Color Clasp Envelopes', 'Holmes Harmony HEPA Air Purifier for 17 x 20 Room')",1
"('Fashion Color Clasp Envelopes', 'Staples')",1
"('GBC ProClick Punch Binding System', 'Holmes Harmony HEPA Air Purifier for 17 x 20 Room')",1
"('GBC ProClick Punch Binding System', 'Staples')",1
"('Holmes Harmony HEPA Air Purifier for 17 x 20 Room', 'Staples')",1
"('Acco D-Ring Binder w/DublLock', 'Polycom CX300 Desktop Phone USB VoIP phone')",1
"(""I Need's 3d Hello Kitty Hybrid Silicone Case Cover for HTC One X 4g with 3d Hello Kitty Stylus Pen Green/pink"", 'Polycom CX300 Desktop Phone USB VoIP phone')",1
"('Acco 6 Outlet Guardian Basic Surge Suppressor', 'Acco Economy Flexible Poly Round Ring Binder')",1
"('Acco 6 Outlet Guardian Basic Surge Suppressor', 'Hon Every-Day Series Multi-Task Chairs')",1
"('Acco 6 Outlet Guardian Basic Surge Suppressor', 'Inter-Office Recycled Envelopes, Brown Kraft, Button-String,10"" x 13"" , 100/Box')",1
"('Acco Economy Flexible Poly Round Ring Binder', 'Hon Every-Day Series Multi-Task Chairs')",1
"('Acco Economy Flexible Poly Round Ring Binder', 'Inter-Office Recycled Envelopes, Brown Kraft, Button-String,10"" x 13"" , 100/Box')",1
"('Hon Every-Day Series Multi-Task Chairs', 'Inter-Office Recycled Envelopes, Brown Kraft, Button-String,10"" x 13"" , 100/Box')",1
"('Acco PRESSTEX Data Binder with Storage Hooks, Dark Blue, 9 1/2"" X 11""', 'Acco Side-Punched Conventional Columnar Pads')",1
"('Acco PRESSTEX Data Binder with Storage Hooks, Dark Blue, 9 1/2"" X 11""', 'Adjustable Personal File Tote')",1
"('Acco PRESSTEX Data Binder with Storage Hooks, Dark Blue, 9 1/2"" X 11""', 'Avery 492')",1
"('Acco PRESSTEX Data Binder with Storage Hooks, Dark Blue, 9 1/2"" X 11""', 'Avery 499')",1
"('Acco PRESSTEX Data Binder with Storage Hooks, Dark Blue, 9 1/2"" X 11""', 'Samsung HM1900 Bluetooth Headset')",1
"('Acco PRESSTEX Data Binder with Storage Hooks, Dark Blue, 9 1/2"" X 11""', 'SanDisk Ultra 16 GB MicroSDHC Class 10 Memory Card')",1
"('Acco PRESSTEX Data Binder with Storage Hooks, Dark Blue, 9 1/2"" X 11""', 'Xerox 232')",1
"('Acco Side-Punched Conventional Columnar Pads', 'Adjustable Personal File Tote')",1
"('Acco Side-Punched Conventional Columnar Pads', 'Avery 492')",1
"('Acco Side-Punched Conventional Columnar Pads', 'Avery 499')",1
"('Acco Side-Punched Conventional Columnar Pads', 'Samsung HM1900 Bluetooth Headset')",1
"('Acco Side-Punched Conventional Columnar Pads', 'SanDisk Ultra 16 GB MicroSDHC Class 10 Memory Card')",1
"('Acco Side-Punched Conventional Columnar Pads', 'Xerox 232')",1
"('Adjustable Personal File Tote', 'Avery 492')",1
"('Adjustable Personal File Tote', 'Avery 499')",1
"('Adjustable Personal File Tote', 'Samsung HM1900 Bluetooth Headset')",1
"('Adjustable Personal File Tote', 'SanDisk Ultra 16 GB MicroSDHC Class 10 Memory Card')",1
"('Adjustable Personal File Tote', 'Xerox 232')",1
"('Avery 492', 'Avery 499')",1
"('Avery 492', 'Samsung HM1900 Bluetooth Headset')",1
"('Avery 492', 'SanDisk Ultra 16 GB MicroSDHC Class 10 Memory Card')",1
"('Avery 492', 'Xerox 232')",1
"('Avery 499', 'Samsung HM1900 Bluetooth Headset')",1
"('Avery 499', 'SanDisk Ultra 16 GB MicroSDHC Class 10 Memory Card')",1
"('Avery 499', 'Xerox 232')",1
"('Samsung HM1900 Bluetooth Headset', 'SanDisk Ultra 16 GB MicroSDHC Class 10 Memory Card')",1
"('Samsung HM1900 Bluetooth Headset', 'Xerox 232')",1
"('SanDisk Ultra 16 GB MicroSDHC Class 10 Memory Card', 'Xerox 232')",1
"('Hon 5100 Series Wood Tables', 'Tuff Stuff Recycled Round Ring Binders')",1
"('Binney & Smith inkTank Erasable Desk Highlighter, Chisel Tip, Yellow, 12/Box', 'Global Leather Highback Executive Chair with Pneumatic Height Adjustment, Black')",1
"('Binney & Smith inkTank Erasable Desk Highlighter, Chisel Tip, Yellow, 12/Box', 'Ibico Plastic and Wire Spiral Binding Combs')",1
"('Global Leather Highback Executive Chair with Pneumatic Height Adjustment, Black', 'Ibico Plastic and Wire Spiral Binding Combs')",1
"('Avery 516', 'Eldon Expressions Wood and Plastic Desk Accessories, Cherry Wood')",1
"('GE 2-Jack Phone Line Splitter', 'Holmes Cool Mist Humidifier for the Whole House with 8-Gallon Output per Day, Extended Life Filter')",1
"('GE 2-Jack Phone Line Splitter', 'Message Book, Phone, Wirebound Standard Line Memo, 2 3/4"" X 5""')",1
"('Holmes Cool Mist Humidifier for the Whole House with 8-Gallon Output per Day, Extended Life Filter', 'Message Book, Phone, Wirebound Standard Line Memo, 2 3/4"" X 5""')",1
"('Contemporary Borderless Frame', 'Rogers Profile Extra Capacity Storage Tub')",1
"('Contemporary Borderless Frame', 'SanDisk Ultra 16 GB MicroSDHC Class 10 Memory Card')",1
"('Contemporary Borderless Frame', 'Xerox 213')",1
"('Rogers Profile Extra Capacity Storage Tub', 'SanDisk Ultra 16 GB MicroSDHC Class 10 Memory Card')",1
"('Rogers Profile Extra Capacity Storage Tub', 'Xerox 213')",1
"('SanDisk Ultra 16 GB MicroSDHC Class 10 Memory Card', 'Xerox 213')",1
"('3M Polarizing Task Lamp with Clamp Arm, Light Gray', 'Executive Impressions 13"" Clairmont Wall Clock')",1
"('3M Polarizing Task Lamp with Clamp Arm, Light Gray', 'GBC Laser Imprintable Binding System Covers, Desert Sand')",1
"('3M Polarizing Task Lamp with Clamp Arm, Light Gray', 'Plantronics Cordless\xa0Phone Headset\xa0with In-line Volume - M214C')",1
"('3M Polarizing Task Lamp with Clamp Arm, Light Gray', 'Xerox 2000')",1
"('Executive Impressions 13"" Clairmont Wall Clock', 'GBC Laser Imprintable Binding System Covers, Desert Sand')",1
"('Executive Impressions 13"" Clairmont Wall Clock', 'Plantronics Cordless\xa0Phone Headset\xa0with In-line Volume - M214C')",1
"('Executive Impressions 13"" Clairmont Wall Clock', 'Xerox 2000')",1
"('GBC Laser Imprintable Binding System Covers, Desert Sand', 'Plantronics Cordless\xa0Phone Headset\xa0with In-line Volume - M214C')",1
"('GBC Laser Imprintable Binding System Covers, Desert Sand', 'Xerox 2000')",1
"('Plantronics Cordless\xa0Phone Headset\xa0with In-line Volume - M214C', 'Xerox 2000')",1
"('DAX Black Cherry Wood-Tone Poster Frame', 'Fellowes Bankers Box Recycled Super Stor/Drawer')",1
"('DAX Black Cherry Wood-Tone Poster Frame', 'Harbour Creations Steel Folding Chair')",1
"('DAX Black Cherry Wood-Tone Poster Frame', 'Plymouth Boxed Rubber Bands by Plymouth')",1
"('Fellowes Bankers Box Recycled Super Stor/Drawer', 'Harbour Creations Steel Folding Chair')",1
"('Fellowes Bankers Box Recycled Super Stor/Drawer', 'Plymouth Boxed Rubber Bands by Plymouth')",1
"('Harbour Creations Steel Folding Chair', 'Plymouth Boxed Rubber Bands by Plymouth')",1
"('Safco Chair Connectors, 6/Carton', 'Self-Adhesive Ring Binder Labels')",1
"('AT&T 1070 Corded Phone', 'Dana Halogen Swing-Arm Architect Lamp')",1
"('AT&T 1070 Corded Phone', 'Fellowes Superior 10 Outlet Split Surge Protector')",1
"('AT&T 1070 Corded Phone', 'Sharp AL-1530CS Digital Copier')",1
"('Dana Halogen Swing-Arm Architect Lamp', 'Fellowes Superior 10 Outlet Split Surge Protector')",1
"('Dana Halogen Swing-Arm Architect Lamp', 'Sharp AL-1530CS Digital Copier')",1
"('Fellowes Superior 10 Outlet Split Surge Protector', 'Sharp AL-1530CS Digital Copier')",1
"('#10- 4 1/8"" x 9 1/2"" Recycled Envelopes', 'DataProducts Ampli Magnifier Task Lamp, Black,')",1
"('#10- 4 1/8"" x 9 1/2"" Recycled Envelopes', 'OIC Colored Binder Clips, Assorted Sizes')",1
"('DataProducts Ampli Magnifier Task Lamp, Black,', 'OIC Colored Binder Clips, Assorted Sizes')",1
"('Cardinal HOLDit! Binder Insert Strips,Extra Strips', 'Kensington 6 Outlet SmartSocket Surge Protector')",1
"('AT&T CL82213', 'Aastra 57i VoIP phone')",1
"('AT&T CL82213', 'Avery 480')",1
"('Aastra 57i VoIP phone', 'Avery 480')",1
"('Adams Telephone Message Book w/Frequently-Called Numbers Space, 400 Messages per Book', ""Global Deluxe High-Back Manager's Chair"")",1
"('Adams Telephone Message Book w/Frequently-Called Numbers Space, 400 Messages per Book', ""Honeywell Enviracaire Portable HEPA Air Cleaner for 17' x 22' Room"")",1
"('Adams Telephone Message Book w/Frequently-Called Numbers Space, 400 Messages per Book', 'Safco Steel Mobile File Cart')",1
"('Adams Telephone Message Book w/Frequently-Called Numbers Space, 400 Messages per Book', 'Xerox 205')",1
"(""Global Deluxe High-Back Manager's Chair"", ""Honeywell Enviracaire Portable HEPA Air Cleaner for 17' x 22' Room"")",1
"(""Global Deluxe High-Back Manager's Chair"", 'Safco Steel Mobile File Cart')",1
"(""Global Deluxe High-Back Manager's Chair"", 'Xerox 205')",1
"(""Honeywell Enviracaire Portable HEPA Air Cleaner for 17' x 22' Room"", 'Safco Steel Mobile File Cart')",1
"(""Honeywell Enviracaire Portable HEPA Air Cleaner for 17' x 22' Room"", 'Xerox 205')",1
"('Safco Steel Mobile File Cart', 'Xerox 205')",1
"('Boston 16701 Slimline Battery Pencil Sharpener', 'Newell 313')",1
"('Boston 16701 Slimline Battery Pencil Sharpener', 'Plantronics Single Ear Headset')",1
"('Boston 16701 Slimline Battery Pencil Sharpener', 'Riverleaf Stik-Withit Designer Note Cubes')",1
"('Boston 16701 Slimline Battery Pencil Sharpener', 'Verbatim 25 GB 6x Blu-ray Single Layer Recordable Disc, 3/Pack')",1
"('Boston 16701 Slimline Battery Pencil Sharpener', 'Xerox 1960')",1
"('Newell 313', 'Plantronics Single Ear Headset')",1
"('Newell 313', 'Riverleaf Stik-Withit Designer Note Cubes')",1
"('Newell 313', 'Verbatim 25 GB 6x Blu-ray Single Layer Recordable Disc, 3/Pack')",1
"('Newell 313', 'Xerox 1960')",1
"('Plantronics Single Ear Headset', 'Riverleaf Stik-Withit Designer Note Cubes')",1
"('Plantronics Single Ear Headset', 'Verbatim 25 GB 6x Blu-ray Single Layer Recordable Disc, 3/Pack')",1
"('Plantronics Single Ear Headset', 'Xerox 1960')",1
"('Riverleaf Stik-Withit Designer Note Cubes', 'Verbatim 25 GB 6x Blu-ray Single Layer Recordable Disc, 3/Pack')",1
"('Riverleaf Stik-Withit Designer Note Cubes', 'Xerox 1960')",1
"('Verbatim 25 GB 6x Blu-ray Single Layer Recordable Disc, 3/Pack', 'Xerox 1960')",1
"('Pastel Pink Envelopes', 'SanDisk Cruzer 16 GB USB Flash Drive')",1
"('Pastel Pink Envelopes', 'Space Solutions Industrial Galvanized Steel Shelving.')",1
"('Pastel Pink Envelopes', 'Wilson Jones Standard D-Ring Binders')",1
"('SanDisk Cruzer 16 GB USB Flash Drive', 'Space Solutions Industrial Galvanized Steel Shelving.')",1
"('SanDisk Cruzer 16 GB USB Flash Drive', 'Wilson Jones Standard D-Ring Binders')",1
"('Space Solutions Industrial Galvanized Steel Shelving.', 'Wilson Jones Standard D-Ring Binders')",1
"('Hon Deluxe Fabric Upholstered Stacking Chairs, Rounded Back', 'Xerox 217')",1
"('Hypercom P1300 Pinpad', 'Xerox 1985')",1
"('Deflect-o EconoMat Studded, No Bevel Mat for Low Pile Carpeting', 'Satellite Sectional Post Binders')",1
"('Advantus Panel Wall Acrylic Frame', 'Newell 319')",1
"('Newell 3-Hole Punched Plastic Slotted Magazine Holders for Binders', 'Xerox 1881')",1
"('Avery 490', 'Sterilite Show Offs Storage Containers')",1
"(""Global Fabric Manager's Chair, Dark Gray"", 'Plantronics Savi W720 Multi-Device Wireless Headset System')",1
"(""Global Fabric Manager's Chair, Dark Gray"", 'Sauder Inglewood Library Bookcases')",1
"(""Global Fabric Manager's Chair, Dark Gray"", 'Xerox 1917')",1
"(""Global Fabric Manager's Chair, Dark Gray"", 'Xerox 1970')",1
"('Plantronics Savi W720 Multi-Device Wireless Headset System', 'Sauder Inglewood Library Bookcases')",1
"('Plantronics Savi W720 Multi-Device Wireless Headset System', 'Xerox 1917')",1
"('Plantronics Savi W720 Multi-Device Wireless Headset System', 'Xerox 1970')",1
"('Sauder Inglewood Library Bookcases', 'Xerox 1917')",1
"('Sauder Inglewood Library Bookcases', 'Xerox 1970')",1
"('Xerox 1917', 'Xerox 1970')",1
"('BoxOffice By Design Rectangular and Half-Moon Meeting Room Tables', 'Bravo II Megaboss 12-Amp Hard Body Upright, Replacement Belts, 2 Belts per Pack')",1
"('Boston 1645 Deluxe Heavier-Duty Electric Pencil Sharpener', 'Logitech M510 Wireless Mouse')",1
"('Boston 1645 Deluxe Heavier-Duty Electric Pencil Sharpener', 'Square Credit Card Reader')",1
"('Logitech M510 Wireless Mouse', 'Square Credit Card Reader')",1
"('PNY Rapid USB Car Charger - Black', 'Pressboard Hanging Data Binders for Unburst Sheets')",1
"('Advantus Plastic Paper Clips', 'Prang Colored Pencils')",1
"('Advantus Plastic Paper Clips', 'Xerox 1933')",1
"('Prang Colored Pencils', 'Xerox 1933')",1
"('Deluxe Chalkboard Eraser Cleaner', 'Staples')",1
"('Space Solutions HD Industrial Steel Shelving.', 'Xerox 1972')",1
"('Eureka The Boss Cordless Rechargeable Stick Vac', 'Maxell 4.7GB DVD-R')",1
"('Eureka The Boss Cordless Rechargeable Stick Vac', 'Southworth 25% Cotton Premium Laser Paper and Envelopes')",1
"('Maxell 4.7GB DVD-R', 'Southworth 25% Cotton Premium Laser Paper and Envelopes')",1
"('ClearOne CHATAttach 160 -\xa0speaker phone', 'Model L Table or Wall-Mount Pencil Sharpener')",1
"('Hoover Commercial Soft Guard Upright Vacuum And Disposable Filtration Bags', 'SAFCO Arco Folding Chair')",1
"('Hoover Commercial Soft Guard Upright Vacuum And Disposable Filtration Bags', 'Weyerhaeuser First Choice Laser/Copy Paper (20Lb. and 88 Bright)')",1
"('SAFCO Arco Folding Chair', 'Weyerhaeuser First Choice Laser/Copy Paper (20Lb. and 88 Bright)')",1
"('Bush Advantage Collection Round Conference Table', 'Personal Folder Holder, Ebony')",1
"('Bush Advantage Collection Round Conference Table', 'Riverside Furniture Stanwyck Manor Table Series')",1
"('Personal Folder Holder, Ebony', 'Riverside Furniture Stanwyck Manor Table Series')",1
"('Maxell 74 Minute CD-R Spindle, 50/Pack', 'Samsung Rugby III')",1
"('Memorex Micro Travel Drive 8 GB', 'Newell 312')",1
"('DMI Arturo Collection Mission-style Design Wood Chair', 'Xerox 1964')",1
"('Xerox 1940', 'Xerox 1986')",1
"('Avery Durable Plastic 1"" Binders', 'GBC Poly Designer Binding Covers')",1
"(""I Need's 3d Hello Kitty Hybrid Silicone Case Cover for HTC One X 4g with 3d Hello Kitty Stylus Pen Green/pink"", 'Imation\xa030456 USB\xa0Flash Drive\xa08GB')",1
"('DMI Arturo Collection Mission-style Design Wood Chair', 'Executive Impressions 14"" Contract Wall Clock')",1
"('DMI Arturo Collection Mission-style Design Wood Chair', 'First Data FD10 PIN Pad')",1
"('DMI Arturo Collection Mission-style Design Wood Chair', 'GE 30524EE4')",1
"('Executive Impressions 14"" Contract Wall Clock', 'First Data FD10 PIN Pad')",1
"('Executive Impressions 14"" Contract Wall Clock', 'GE 30524EE4')",1
"('First Data FD10 PIN Pad', 'GE 30524EE4')",1
"('Chromcraft 48"" x 96"" Racetrack Double Pedestal Table', 'Hon Practical Foundations 30 x 60 Training Table, Light Gray/Charcoal')",1
"('Chromcraft 48"" x 96"" Racetrack Double Pedestal Table', 'SAFCO Commercial Wire Shelving, 72h')",1
"('Chromcraft 48"" x 96"" Racetrack Double Pedestal Table', 'Wilson Jones Century Plastic Molded Ring Binders')",1
"('Hon Practical Foundations 30 x 60 Training Table, Light Gray/Charcoal', 'SAFCO Commercial Wire Shelving, 72h')",1
"('Hon Practical Foundations 30 x 60 Training Table, Light Gray/Charcoal', 'Wilson Jones Century Plastic Molded Ring Binders')",1
"('SAFCO Commercial Wire Shelving, 72h', 'Wilson Jones Century Plastic Molded Ring Binders')",1
"('24 Capacity Maxi Data Binder Racks, Pearl', 'Avery 4027 File Folder Labels for Dot Matrix Printers, 5000 Labels per Box, White')",1
"('24 Capacity Maxi Data Binder Racks, Pearl', 'Logitech Wireless Performance Mouse MX for PC and Mac')",1
"('24 Capacity Maxi Data Binder Racks, Pearl', 'Satellite Sectional Post Binders')",1
"('24 Capacity Maxi Data Binder Racks, Pearl', 'Wirebound Voice Message Log Book')",1
"('Avery 4027 File Folder Labels for Dot Matrix Printers, 5000 Labels per Box, White', 'Logitech Wireless Performance Mouse MX for PC and Mac')",1
"('Avery 4027 File Folder Labels for Dot Matrix Printers, 5000 Labels per Box, White', 'Satellite Sectional Post Binders')",1
"('Avery 4027 File Folder Labels for Dot Matrix Printers, 5000 Labels per Box, White', 'Wirebound Voice Message Log Book')",1
"('Logitech Wireless Performance Mouse MX for PC and Mac', 'Satellite Sectional Post Binders')",1
"('Logitech Wireless Performance Mouse MX for PC and Mac', 'Wirebound Voice Message Log Book')",1
"('Satellite Sectional Post Binders', 'Wirebound Voice Message Log Book')",1
"('Master Caster Door Stop, Large Neon Orange', 'Staples')",1
"('Canon PC940 Copier', 'Globe Weis Peel & Seel First Class Envelopes')",1
"('Boston Heavy-Duty Trimline Electric Pencil Sharpeners', 'iOttie HLCRIO102 Car Mount')",1
"('Epson Perfection V600 Photo Scanner', 'Fellowes Advanced 8 Outlet Surge Suppressor with Phone/Fax Protection')",1
"('Epson Perfection V600 Photo Scanner', 'GBC Prepunched Paper, 19-Hole, for Binding Systems, 24-lb')",1
"('Epson Perfection V600 Photo Scanner', 'Logitech 910-002974 M325 Wireless Mouse for Web Scrolling')",1
"('Epson Perfection V600 Photo Scanner', 'Stacking Trays by OIC')",1
"('Epson Perfection V600 Photo Scanner', 'Staples')",1
"('Fellowes Advanced 8 Outlet Surge Suppressor with Phone/Fax Protection', 'GBC Prepunched Paper, 19-Hole, for Binding Systems, 24-lb')",1
"('Fellowes Advanced 8 Outlet Surge Suppressor with Phone/Fax Protection', 'Logitech 910-002974 M325 Wireless Mouse for Web Scrolling')",1
"('Fellowes Advanced 8 Outlet Surge Suppressor with Phone/Fax Protection', 'Stacking Trays by OIC')",1
"('Fellowes Advanced 8 Outlet Surge Suppressor with Phone/Fax Protection', 'Staples')",1
"('GBC Prepunched Paper, 19-Hole, for Binding Systems, 24-lb', 'Logitech 910-002974 M325 Wireless Mouse for Web Scrolling')",1
"('GBC Prepunched Paper, 19-Hole, for Binding Systems, 24-lb', 'Stacking Trays by OIC')",1
"('GBC Prepunched Paper, 19-Hole, for Binding Systems, 24-lb', 'Staples')",1
"('Logitech 910-002974 M325 Wireless Mouse for Web Scrolling', 'Stacking Trays by OIC')",1
"('Logitech 910-002974 M325 Wireless Mouse for Web Scrolling', 'Staples')",1
"('Stacking Trays by OIC', 'Staples')",1
"('Rogers Profile Extra Capacity Storage Tub', 'Zipper Ring Binder Pockets')",1
"('Adams ""While You Were Out"" Message Pads', 'Eldon Base for stackable storage shelf, platinum')",1
"('Adams ""While You Were Out"" Message Pads', 'White Business Envelopes with Contemporary Seam, Recycled White Business Envelopes')",1
"('Eldon Base for stackable storage shelf, platinum', 'White Business Envelopes with Contemporary Seam, Recycled White Business Envelopes')",1
"('Fellowes 8 Outlet Superior Workstation Surge Protector', 'SanDisk Cruzer 32 GB USB Flash Drive')",1
"('Fellowes 8 Outlet Superior Workstation Surge Protector', 'Xerox 220')",1
"('SanDisk Cruzer 32 GB USB Flash Drive', 'Xerox 220')",1
"('Computer Room Manger, 14""', 'Global Low Back Tilter Chair')",1
"('Computer Room Manger, 14""', 'Logitech 910-002974 M325 Wireless Mouse for Web Scrolling')",1
"('Computer Room Manger, 14""', 'Xerox 1888')",1
"('Computer Room Manger, 14""', 'Xerox 1954')",1
"('Global Low Back Tilter Chair', 'Logitech 910-002974 M325 Wireless Mouse for Web Scrolling')",1
"('Global Low Back Tilter Chair', 'Xerox 1888')",1
"('Global Low Back Tilter Chair', 'Xerox 1954')",1
"('Logitech 910-002974 M325 Wireless Mouse for Web Scrolling', 'Xerox 1888')",1
"('Logitech 910-002974 M325 Wireless Mouse for Web Scrolling', 'Xerox 1954')",1
"('Xerox 1888', 'Xerox 1954')",1
"('Southworth Structures Collection', 'Zipper Ring Binder Pockets')",1
"('Logitech Wireless Performance Mouse MX for PC and Mac', 'Plantronics HL10 Handset Lifter')",1
"('Premium Writing Pencils, Soft, #2 by Central Association for the Blind', 'Sortfiler Multipurpose Personal File Organizer, Black')",1
"('GBC Twin Loop Wire Binding Elements, 9/16"" Spine, Black', 'Memorex 25GB 6X Branded Blu-Ray Recordable Disc, 15/Pack')",1
"('Holmes 99% HEPA Air Purifier', 'Sensible Storage WireTech Storage Systems')",1
"('Holmes 99% HEPA Air Purifier', 'Tripp Lite TLP810NET Broadband Surge for Modem/Fax')",1
"('Holmes 99% HEPA Air Purifier', 'Wirebound Message Books, Two 4 1/4"" x 5"" Forms per Page')",1
"('Sensible Storage WireTech Storage Systems', 'Tripp Lite TLP810NET Broadband Surge for Modem/Fax')",1
"('Sensible Storage WireTech Storage Systems', 'Wirebound Message Books, Two 4 1/4"" x 5"" Forms per Page')",1
"('Tripp Lite TLP810NET Broadband Surge for Modem/Fax', 'Wirebound Message Books, Two 4 1/4"" x 5"" Forms per Page')",1
"('BIC Brite Liner Highlighters', 'JBL Micro Wireless Portable Bluetooth Speaker')",1
"('BIC Brite Liner Highlighters', 'Kensington 7 Outlet MasterPiece Power Center')",1
"('BIC Brite Liner Highlighters', 'Lexmark MX611dhe Monochrome Laser Printer')",1
"('BIC Brite Liner Highlighters', 'SAFCO Arco Folding Chair')",1
"('BIC Brite Liner Highlighters', 'Sanford Liquid Accent Highlighters')",1
"('BIC Brite Liner Highlighters', 'Space Solutions HD Industrial Steel Shelving.')",1
"('JBL Micro Wireless Portable Bluetooth Speaker', 'Kensington 7 Outlet MasterPiece Power Center')",1
"('JBL Micro Wireless Portable Bluetooth Speaker', 'Lexmark MX611dhe Monochrome Laser Printer')",1
"('JBL Micro Wireless Portable Bluetooth Speaker', 'SAFCO Arco Folding Chair')",1
"('JBL Micro Wireless Portable Bluetooth Speaker', 'Sanford Liquid Accent Highlighters')",1
"('JBL Micro Wireless Portable Bluetooth Speaker', 'Space Solutions HD Industrial Steel Shelving.')",1
"('Kensington 7 Outlet MasterPiece Power Center', 'Lexmark MX611dhe Monochrome Laser Printer')",1
"('Kensington 7 Outlet MasterPiece Power Center', 'SAFCO Arco Folding Chair')",1
"('Kensington 7 Outlet MasterPiece Power Center', 'Sanford Liquid Accent Highlighters')",1
"('Kensington 7 Outlet MasterPiece Power Center', 'Space Solutions HD Industrial Steel Shelving.')",1
"('Lexmark MX611dhe Monochrome Laser Printer', 'SAFCO Arco Folding Chair')",1
"('Lexmark MX611dhe Monochrome Laser Printer', 'Sanford Liquid Accent Highlighters')",1
"('Lexmark MX611dhe Monochrome Laser Printer', 'Space Solutions HD Industrial Steel Shelving.')",1
"('SAFCO Arco Folding Chair', 'Sanford Liquid Accent Highlighters')",1
"('SAFCO Arco Folding Chair', 'Space Solutions HD Industrial Steel Shelving.')",1
"('Sanford Liquid Accent Highlighters', 'Space Solutions HD Industrial Steel Shelving.')",1
"('Binney & Smith Crayola Metallic Colored Pencils, 8-Color Set', 'Binney & Smith inkTank Erasable Desk Highlighter, Chisel Tip, Yellow, 12/Box')",1
"('Avery File Folder Labels', 'Carina Mini System Audio Rack, Model AR050B')",1
"('Avery File Folder Labels', 'X-Rack File for Hanging Folders')",1
"('Carina Mini System Audio Rack, Model AR050B', 'X-Rack File for Hanging Folders')",1
"('3M Organizer Strips', 'Peel & Seel Recycled Catalog Envelopes, Brown')",1
"('3M Organizer Strips', 'Toshiba IPT2010-SD IP\xa0Telephone')",1
"('3M Organizer Strips', 'Xerox 2000')",1
"('Peel & Seel Recycled Catalog Envelopes, Brown', 'Toshiba IPT2010-SD IP\xa0Telephone')",1
"('Peel & Seel Recycled Catalog Envelopes, Brown', 'Xerox 2000')",1
"('Toshiba IPT2010-SD IP\xa0Telephone', 'Xerox 2000')",1
"('#10- 4 1/8"" x 9 1/2"" Security-Tint Envelopes', 'Global Deluxe Stacking Chair, Gray')",1
"('APC 7 Outlet Network SurgeArrest Surge Protector', 'Case Logic 2.4GHz Wireless Keyboard')",1
"('APC 7 Outlet Network SurgeArrest Surge Protector', 'Xerox 1941')",1
"('Case Logic 2.4GHz Wireless Keyboard', 'Xerox 1941')",1
"('Commercial WindTunnel Clean Air Upright Vacuum, Replacement Belts, Filtration Bags', 'Mophie Juice Pack Helium for iPhone')",1
"('Commercial WindTunnel Clean Air Upright Vacuum, Replacement Belts, Filtration Bags', 'Xerox 1979')",1
"('Mophie Juice Pack Helium for iPhone', 'Xerox 1979')",1
"('GBC Recycled Grain Textured Covers', 'Global Leather Executive Chair')",1
"('GBC Recycled Grain Textured Covers', 'Self-Adhesive Ring Binder Labels')",1
"('GBC Recycled Grain Textured Covers', 'Xerox 1941')",1
"('GBC Recycled Grain Textured Covers', 'Xerox 1995')",1
"('Global Leather Executive Chair', 'Self-Adhesive Ring Binder Labels')",1
"('Global Leather Executive Chair', 'Xerox 1941')",1
"('Global Leather Executive Chair', 'Xerox 1995')",1
"('Self-Adhesive Ring Binder Labels', 'Xerox 1941')",1
"('Self-Adhesive Ring Binder Labels', 'Xerox 1995')",1
"('Xerox 1941', 'Xerox 1995')",1
"('Fellowes Mighty 8 Compact Surge Protector', 'SpineVue Locking Slant-D Ring Binders by Cardinal')",1
"('Fellowes Mighty 8 Compact Surge Protector', 'Wilson Jones Easy Flow II Sheet Lifters')",1
"('Fellowes Mighty 8 Compact Surge Protector', 'Xerox 1970')",1
"('SpineVue Locking Slant-D Ring Binders by Cardinal', 'Wilson Jones Easy Flow II Sheet Lifters')",1
"('SpineVue Locking Slant-D Ring Binders by Cardinal', 'Xerox 1970')",1
"('Wilson Jones Easy Flow II Sheet Lifters', 'Xerox 1970')",1
"('Fellowes Strictly Business Drawer File, Letter/Legal Size', 'Hoover Upright Vacuum With Dirt Cup')",1
"('Fellowes Strictly Business Drawer File, Letter/Legal Size', 'Xerox 1906')",1
"('Hoover Upright Vacuum With Dirt Cup', 'Xerox 1906')",1
"('Nu-Dell Leatherette Frames', 'Wilson Jones Custom Binder Spines & Labels')",1
"('Nu-Dell Leatherette Frames', 'Xerox 189')",1
"('Nu-Dell Leatherette Frames', 'Xerox 1897')",1
"('Wilson Jones Custom Binder Spines & Labels', 'Xerox 189')",1
"('Wilson Jones Custom Binder Spines & Labels', 'Xerox 1897')",1
"('Xerox 189', 'Xerox 1897')",1
"('Griffin GC17055 Auxiliary Audio Cable', 'Newell 308')",1
"('Griffin GC17055 Auxiliary Audio Cable', 'Wilson Jones Leather-Like Binders with DublLock Round Rings')",1
"('Newell 308', 'Wilson Jones Leather-Like Binders with DublLock Round Rings')",1
"('Economy Rollaway Files', 'Recycled Easel Ring Binders')",1
"('Economy Rollaway Files', 'White Computer Printout Paper by Universal')",1
"('Recycled Easel Ring Binders', 'White Computer Printout Paper by Universal')",1
"('Fellowes Superior 10 Outlet Split Surge Protector', 'Hon Practical Foundations 30 x 60 Training Table, Light Gray/Charcoal')",1
"('Avery Non-Stick Heavy Duty View Round Locking Ring Binders', 'Global Stack Chair without Arms, Black')",1
"('Acme Value Line Scissors', 'C-Line Cubicle Keepers Polyproplyene Holder With Velcro Backings')",1
"('Acme Value Line Scissors', 'Holmes Replacement Filter for HEPA Air Cleaner, Medium Room')",1
"('Acme Value Line Scissors', 'Logitech Wireless Performance Mouse MX for PC and Mac')",1
"('Acme Value Line Scissors', 'OIC Thumb-Tacks')",1
"('Acme Value Line Scissors', 'WD My Passport Ultra 500GB Portable External Hard Drive')",1
"('Acme Value Line Scissors', 'Xerox 1942')",1
"('C-Line Cubicle Keepers Polyproplyene Holder With Velcro Backings', 'Holmes Replacement Filter for HEPA Air Cleaner, Medium Room')",1
"('C-Line Cubicle Keepers Polyproplyene Holder With Velcro Backings', 'Logitech Wireless Performance Mouse MX for PC and Mac')",1
"('C-Line Cubicle Keepers Polyproplyene Holder With Velcro Backings', 'Memorex Mini Travel Drive 64 GB USB 2.0 Flash Drive')",1
"('C-Line Cubicle Keepers Polyproplyene Holder With Velcro Backings', 'OIC Thumb-Tacks')",1
"('C-Line Cubicle Keepers Polyproplyene Holder With Velcro Backings', 'WD My Passport Ultra 500GB Portable External Hard Drive')",1
"('C-Line Cubicle Keepers Polyproplyene Holder With Velcro Backings', 'Xerox 1942')",1
"('Holmes Replacement Filter for HEPA Air Cleaner, Medium Room', 'Logitech Wireless Performance Mouse MX for PC and Mac')",1
"('Holmes Replacement Filter for HEPA Air Cleaner, Medium Room', 'Memorex Mini Travel Drive 64 GB USB 2.0 Flash Drive')",1
"('Holmes Replacement Filter for HEPA Air Cleaner, Medium Room', 'OIC Thumb-Tacks')",1
"('Holmes Replacement Filter for HEPA Air Cleaner, Medium Room', 'WD My Passport Ultra 500GB Portable External Hard Drive')",1
"('Holmes Replacement Filter for HEPA Air Cleaner, Medium Room', 'Xerox 1942')",1
"('Logitech Wireless Performance Mouse MX for PC and Mac', 'Memorex Mini Travel Drive 64 GB USB 2.0 Flash Drive')",1
"('Logitech Wireless Performance Mouse MX for PC and Mac', 'OIC Thumb-Tacks')",1
"('Logitech Wireless Performance Mouse MX for PC and Mac', 'WD My Passport Ultra 500GB Portable External Hard Drive')",1
"('Logitech Wireless Performance Mouse MX for PC and Mac', 'Xerox 1942')",1
"('Memorex Mini Travel Drive 64 GB USB 2.0 Flash Drive', 'OIC Thumb-Tacks')",1
"('Memorex Mini Travel Drive 64 GB USB 2.0 Flash Drive', 'WD My Passport Ultra 500GB Portable External Hard Drive')",1
"('Memorex Mini Travel Drive 64 GB USB 2.0 Flash Drive', 'Xerox 1942')",1
"('OIC Thumb-Tacks', 'WD My Passport Ultra 500GB Portable External Hard Drive')",1
"('OIC Thumb-Tacks', 'Xerox 1942')",1
"('WD My Passport Ultra 500GB Portable External Hard Drive', 'Xerox 1942')",1
"('Fellowes Neat Ideas Storage Cubes', 'Ibico Plastic Spiral Binding Combs')",1
"('Computer Printout Index Tabs', 'Xerox 1925')",1
"('Cisco IP\xa0Phone\xa07961G VoIP\xa0phone\xa0- Dark gray', 'Linden 10"" Round Wall Clock, Black')",1
"('Cisco IP\xa0Phone\xa07961G VoIP\xa0phone\xa0- Dark gray', 'Ultra Door Push Plate')",1
"('Linden 10"" Round Wall Clock, Black', 'Ultra Door Push Plate')",1
"('Cisco SPA 501G IP Phone', 'Newell 341')",1
"('Cisco SPA 501G IP Phone', 'Wilson Jones Hanging View Binder, White, 1""')",1
"('Newell 341', 'Wilson Jones Hanging View Binder, White, 1""')",1
"('Acme Box Cutter Scissors', 'Carina Mini System Audio Rack, Model AR050B')",1
"('Nortel Networks T7316 E Nt8 B27', 'Plantronics Encore H101 Dual Earpieces\xa0Headset')",1
"('HON 5400 Series Task Chairs for Big and Tall', 'Letter Size Cart')",1
"('HON 5400 Series Task Chairs for Big and Tall', 'Westinghouse Clip-On Gooseneck Lamps')",1
"('Letter Size Cart', 'Westinghouse Clip-On Gooseneck Lamps')",1
"('Fellowes Personal Hanging Folder Files, Navy', 'High Speed Automatic Electric Letter Opener')",1
"('Fellowes Personal Hanging Folder Files, Navy', 'Staples')",1
"('High Speed Automatic Electric Letter Opener', 'Staples')",1
"('DIXON Ticonderoga Erasable Checking Pencils', 'Global Commerce Series Low-Back Swivel/Tilt Chairs')",1
"('DIXON Ticonderoga Erasable Checking Pencils', 'SAFCO Mobile Desk Side File, Wire Frame')",1
"('Global Commerce Series Low-Back Swivel/Tilt Chairs', 'SAFCO Mobile Desk Side File, Wire Frame')",1
"('DAX Natural Wood-Tone Poster Frame', 'Luxo Economy Swing Arm Lamp')",1
"('Eldon Wave Desk Accessories', 'GBC DocuBind P400 Electric Binding System')",1
"('GBC DocuBind P400 Electric Binding System', 'OIC Binder Clips')",1
"('Decoflex Hanging Personal Folder File, Blue', 'Recycled Desk Saver Line ""While You Were Out"" Book, 5 1/2"" X 4""')",1
"('Decoflex Hanging Personal Folder File, Blue', 'SAFCO Boltless Steel Shelving')",1
"('Decoflex Hanging Personal Folder File, Blue', 'Samsung Galaxy Note 3')",1
"('Decoflex Hanging Personal Folder File, Blue', 'Sauder Mission Library with Doors, Fruitwood Finish')",1
"('Decoflex Hanging Personal Folder File, Blue', 'Xerox 1912')",1
"('Recycled Desk Saver Line ""While You Were Out"" Book, 5 1/2"" X 4""', 'SAFCO Boltless Steel Shelving')",1
"('Recycled Desk Saver Line ""While You Were Out"" Book, 5 1/2"" X 4""', 'Samsung Galaxy Note 3')",1
"('Recycled Desk Saver Line ""While You Were Out"" Book, 5 1/2"" X 4""', 'Sauder Mission Library with Doors, Fruitwood Finish')",1
"('Recycled Desk Saver Line ""While You Were Out"" Book, 5 1/2"" X 4""', 'Xerox 1912')",1
"('SAFCO Boltless Steel Shelving', 'Samsung Galaxy Note 3')",1
"('SAFCO Boltless Steel Shelving', 'Sauder Mission Library with Doors, Fruitwood Finish')",1
"('SAFCO Boltless Steel Shelving', 'Xerox 1912')",1
"('Samsung Galaxy Note 3', 'Sauder Mission Library with Doors, Fruitwood Finish')",1
"('Samsung Galaxy Note 3', 'Xerox 1912')",1
"('Sauder Mission Library with Doors, Fruitwood Finish', 'Xerox 1912')",1
"(""Acco Six-Outlet Power Strip, 4' Cord Length"", 'Avery Durable Slant Ring Binders, No Labels')",1
"(""Acco Six-Outlet Power Strip, 4' Cord Length"", 'DAX Black Cherry Wood-Tone Poster Frame')",1
"('Avery Durable Slant Ring Binders, No Labels', 'DAX Black Cherry Wood-Tone Poster Frame')",1
"('AT&T CL2909', 'Acme Softgrip Scissors')",1
"('AT&T CL2909', 'Imation\xa08gb Micro Traveldrive Usb 2.0\xa0Flash Drive')",1
"('AT&T CL2909', 'VTech DS6151')",1
"('Acme Softgrip Scissors', 'Imation\xa08gb Micro Traveldrive Usb 2.0\xa0Flash Drive')",1
"('Acme Softgrip Scissors', 'VTech DS6151')",1
"('Imation\xa08gb Micro Traveldrive Usb 2.0\xa0Flash Drive', 'VTech DS6151')",1
"('Avery Fluorescent Highlighter Four-Color Set', 'Cisco TelePresence System EX90 Videoconferencing Unit')",1
"('Avery Fluorescent Highlighter Four-Color Set', 'Dana Fluorescent Magnifying Lamp, White, 36""')",1
"('Avery Fluorescent Highlighter Four-Color Set', 'Executive Impressions 13"" Clairmont Wall Clock')",1
"('Avery Fluorescent Highlighter Four-Color Set', 'Hewlett-Packard Deskjet 6540 Color Inkjet Printer')",1
"('Avery Fluorescent Highlighter Four-Color Set', 'Staples')",1
"('Avery Fluorescent Highlighter Four-Color Set', 'Xerox 195')",1
"('Cisco TelePresence System EX90 Videoconferencing Unit', 'Dana Fluorescent Magnifying Lamp, White, 36""')",1
"('Cisco TelePresence System EX90 Videoconferencing Unit', 'Executive Impressions 13"" Clairmont Wall Clock')",1
"('Cisco TelePresence System EX90 Videoconferencing Unit', 'Hewlett-Packard Deskjet 6540 Color Inkjet Printer')",1
"('Cisco TelePresence System EX90 Videoconferencing Unit', 'Staples')",1
"('Cisco TelePresence System EX90 Videoconferencing Unit', 'Xerox 195')",1
"('Dana Fluorescent Magnifying Lamp, White, 36""', 'Executive Impressions 13"" Clairmont Wall Clock')",1
"('Dana Fluorescent Magnifying Lamp, White, 36""', 'Hewlett-Packard Deskjet 6540 Color Inkjet Printer')",1
"('Dana Fluorescent Magnifying Lamp, White, 36""', 'Staples')",1
"('Dana Fluorescent Magnifying Lamp, White, 36""', 'Xerox 195')",1
"('Executive Impressions 13"" Clairmont Wall Clock', 'Hewlett-Packard Deskjet 6540 Color Inkjet Printer')",1
"('Executive Impressions 13"" Clairmont Wall Clock', 'Staples')",1
"('Executive Impressions 13"" Clairmont Wall Clock', 'Xerox 195')",1
"('Hewlett-Packard Deskjet 6540 Color Inkjet Printer', 'Staples')",1
"('Hewlett-Packard Deskjet 6540 Color Inkjet Printer', 'Xerox 195')",1
"('Staples', 'Xerox 195')",1
"('Chromcraft Bull-Nose Wood 48"" x 96"" Rectangular Conference Tables', 'Eldon Expressions Wood Desk Accessories, Oak')",1
"('Chromcraft Bull-Nose Wood 48"" x 96"" Rectangular Conference Tables', 'Eldon Wave Desk Accessories')",1
"('Chromcraft Bull-Nose Wood 48"" x 96"" Rectangular Conference Tables', 'GBC Recycled VeloBinder Covers')",1
"('Chromcraft Bull-Nose Wood 48"" x 96"" Rectangular Conference Tables', 'Hon Pagoda Stacking Chairs')",1
"('Chromcraft Bull-Nose Wood 48"" x 96"" Rectangular Conference Tables', 'Lumber Crayons')",1
"('Chromcraft Bull-Nose Wood 48"" x 96"" Rectangular Conference Tables', 'RSVP Cards & Envelopes, Blank White, 8-1/2"" X 11"", 24 Cards/25 Envelopes/Set')",1
"('Eldon Expressions Wood Desk Accessories, Oak', 'Eldon Wave Desk Accessories')",1
"('Eldon Expressions Wood Desk Accessories, Oak', 'GBC Recycled VeloBinder Covers')",1
"('Eldon Expressions Wood Desk Accessories, Oak', 'Hon Pagoda Stacking Chairs')",1
"('Eldon Expressions Wood Desk Accessories, Oak', 'Lumber Crayons')",1
"('Eldon Expressions Wood Desk Accessories, Oak', 'RSVP Cards & Envelopes, Blank White, 8-1/2"" X 11"", 24 Cards/25 Envelopes/Set')",1
"('Eldon Wave Desk Accessories', 'GBC Recycled VeloBinder Covers')",1
"('Eldon Wave Desk Accessories', 'Hon Pagoda Stacking Chairs')",1
"('Eldon Wave Desk Accessories', 'Lumber Crayons')",1
"('Eldon Wave Desk Accessories', 'RSVP Cards & Envelopes, Blank White, 8-1/2"" X 11"", 24 Cards/25 Envelopes/Set')",1
"('GBC Recycled VeloBinder Covers', 'Hon Pagoda Stacking Chairs')",1
"('GBC Recycled VeloBinder Covers', 'Lumber Crayons')",1
"('GBC Recycled VeloBinder Covers', 'RSVP Cards & Envelopes, Blank White, 8-1/2"" X 11"", 24 Cards/25 Envelopes/Set')",1
"('Hon Pagoda Stacking Chairs', 'Lumber Crayons')",1
"('Hon Pagoda Stacking Chairs', 'RSVP Cards & Envelopes, Blank White, 8-1/2"" X 11"", 24 Cards/25 Envelopes/Set')",1
"('Lumber Crayons', 'RSVP Cards & Envelopes, Blank White, 8-1/2"" X 11"", 24 Cards/25 Envelopes/Set')",1
"('Advantus Panel Wall Acrylic Frame', 'Sanitaire Vibra Groomer IR Commercial Upright Vacuum, Replacement Belts')",1
"('Geographics Note Cards, Blank, White, 8 1/2"" x 11""', 'SAFCO Arco Folding Chair')",1
"('Geographics Note Cards, Blank, White, 8 1/2"" x 11""', 'Snap-A-Way Black Print Carbonless Ruled Speed Letter, Triplicate')",1
"('SAFCO Arco Folding Chair', 'Snap-A-Way Black Print Carbonless Ruled Speed Letter, Triplicate')",1
"('Fellowes Bankers Box Stor/Drawer Steel Plus', 'Wilson Jones Standard D-Ring Binders')",1
"('Acme Kleen Earth Office Shears', 'Xerox 1966')",1
"('GBC Standard Recycled Report Covers, Clear Plastic Sheets', 'TOPS Carbonless Receipt Book, Four 2-3/4 x 7-1/4 Money Receipts per Page')",1
"('GBC Standard Recycled Report Covers, Clear Plastic Sheets', 'Tyvek  Top-Opening Peel & Seel Envelopes, Plain White')",1
"(""O'Sullivan 4-Shelf Bookcase in Odessa Pine"", 'TOPS Carbonless Receipt Book, Four 2-3/4 x 7-1/4 Money Receipts per Page')",1
"(""O'Sullivan 4-Shelf Bookcase in Odessa Pine"", 'Tyvek  Top-Opening Peel & Seel Envelopes, Plain White')",1
"('TOPS Carbonless Receipt Book, Four 2-3/4 x 7-1/4 Money Receipts per Page', 'Tyvek  Top-Opening Peel & Seel Envelopes, Plain White')",1
"('Ampad Evidence Wirebond Steno Books, 6"" x 9""', 'Xerox 1884')",1
"('Global Super Steno Chair', 'Nontoxic Chalk')",1
"('Acme Office Executive Series Stainless Steel Trimmers', 'Memorex 25GB 6X Branded Blu-Ray Recordable Disc, 30/Pack')",1
"('Fellowes Mobile File Cart, Black', 'Luxo Professional Combination Clamp-On Lamps')",1
"('Fellowes Mobile File Cart, Black', 'Star Micronics TSP800 TSP847IIU Receipt Printer')",1
"('Fellowes Mobile File Cart, Black', 'Stockwell Push Pins')",1
"('Fellowes Mobile File Cart, Black', 'Xerox 223')",1
"('Luxo Professional Combination Clamp-On Lamps', 'Star Micronics TSP800 TSP847IIU Receipt Printer')",1
"('Luxo Professional Combination Clamp-On Lamps', 'Stockwell Push Pins')",1
"('Luxo Professional Combination Clamp-On Lamps', 'Xerox 223')",1
"('Star Micronics TSP800 TSP847IIU Receipt Printer', 'Stockwell Push Pins')",1
"('Star Micronics TSP800 TSP847IIU Receipt Printer', 'Xerox 223')",1
"('Stockwell Push Pins', 'Xerox 223')",1
"('Binder Clips by OIC', 'Riverleaf Stik-Withit Designer Note Cubes')",1
"('Acco Pressboard Covers with Storage Hooks, 14 7/8"" x 11"", Executive Red', 'Bevis Steel Folding Chairs')",1
"('Office Star - Mesh Screen back chair with Vinyl seat', 'Xerox 1951')",1
"('Staples', 'Xerox 2')",1
"('Adams Write n\' Stick Phone Message Book, 11"" X 5 1/4"", 200 Messages', 'Poly Designer Cover & Back')",1
"('Eldon Expressions Desk Accessory, Wood Pencil Holder, Oak', 'Wirebound Service Call Books, 5 1/2"" x 4""')",1
"('Carina Mini System Audio Rack, Model AR050B', 'Plantronics Voyager Pro HD - Bluetooth Headset')",1
"('Assorted Color Push Pins', 'Avery Heavy-Duty EZD View Binder with Locking Rings')",1
"('Assorted Color Push Pins', 'Belkin Standard 104 key USB Keyboard')",1
"('Avery Heavy-Duty EZD View Binder with Locking Rings', 'Belkin Standard 104 key USB Keyboard')",1
"('Avery 482', 'Howard Miller 11-1/2"" Diameter Ridgewood Wall Clock')",1
"('Binney & Smith Crayola Metallic Colored Pencils, 8-Color Set', 'Fellowes Twister Kit, Gray/Clear, 3/pkg')",1
"('Binney & Smith Crayola Metallic Colored Pencils, 8-Color Set', 'Space Solutions HD Industrial Steel Shelving.')",1
"('Binney & Smith Crayola Metallic Colored Pencils, 8-Color Set', 'Stanley Contemporary Battery Pencil Sharpeners')",1
"('Fellowes Twister Kit, Gray/Clear, 3/pkg', 'Space Solutions HD Industrial Steel Shelving.')",1
"('Fellowes Twister Kit, Gray/Clear, 3/pkg', 'Stanley Contemporary Battery Pencil Sharpeners')",1
"('Space Solutions HD Industrial Steel Shelving.', 'Stanley Contemporary Battery Pencil Sharpeners')",1
"('Logitech Wireless Marathon Mouse M705', 'Safco Commercial Shelving')",1
"('Logitech Wireless Marathon Mouse M705', 'Xerox 1966')",1
"('Logitech Wireless Marathon Mouse M705', 'Xerox 209')",1
"('Safco Commercial Shelving', 'Xerox 1966')",1
"('Safco Commercial Shelving', 'Xerox 209')",1
"('Xerox 1966', 'Xerox 209')",1
"('Eldon Expressions Desk Accessory, Wood Photo Frame, Mahogany', 'GBC VeloBinder Manual Binding System')",1
"('Eldon Expressions Desk Accessory, Wood Photo Frame, Mahogany', 'Hot File 7-Pocket, Floor Stand')",1
"('Eldon Expressions Desk Accessory, Wood Photo Frame, Mahogany', 'Insertable Tab Post Binder Dividers')",1
"('Eldon Expressions Desk Accessory, Wood Photo Frame, Mahogany', 'Xerox 1889')",1
"('GBC VeloBinder Manual Binding System', 'Hot File 7-Pocket, Floor Stand')",1
"('GBC VeloBinder Manual Binding System', 'Xerox 1889')",1
"('Hot File 7-Pocket, Floor Stand', 'Insertable Tab Post Binder Dividers')",1
"('Hot File 7-Pocket, Floor Stand', 'Xerox 1889')",1
"('Insertable Tab Post Binder Dividers', 'Xerox 1889')",1
"('Akro Stacking Bins', 'Boston KS Multi-Size Manual Pencil Sharpener')",1
"('Akro Stacking Bins', 'Logitech Desktop MK120 Mouse and keyboard Combo')",1
"('Boston KS Multi-Size Manual Pencil Sharpener', 'Logitech Desktop MK120 Mouse and keyboard Combo')",1
"('Jabra SPEAK 410', 'Recycled Steel Personal File for Standard File Folders')",1
"('Bevis 36 x 72 Conference Tables', 'Logitech Wireless Headset h800')",1
"('Hon Multipurpose Stacking Arm Chairs', 'Master Caster Door Stop, Brown')",1
"('Hon Multipurpose Stacking Arm Chairs', 'Sharp 1540cs Digital Laser Copier')",1
"('Hon Multipurpose Stacking Arm Chairs', 'Xerox 214')",1
"('Master Caster Door Stop, Brown', 'Sharp 1540cs Digital Laser Copier')",1
"('Master Caster Door Stop, Brown', 'Xerox 214')",1
"('Sharp 1540cs Digital Laser Copier', 'Xerox 214')",1
"('Adjustable Personal File Tote', 'Tenex File Box, Personal Filing Tote with Lid, Black')",1
"('Black Print Carbonless 8 1/2"" x 8 1/4"" Rapid Memo Book', 'Large Capacity Hanging Post Binders')",1
"('Black Print Carbonless 8 1/2"" x 8 1/4"" Rapid Memo Book', 'Lunatik TT5L-002 Taktik Strike Impact Protection System for iPhone 5')",1
"('Black Print Carbonless 8 1/2"" x 8 1/4"" Rapid Memo Book', 'Panasonic KX T7736-B Digital phone')",1
"('Black Print Carbonless 8 1/2"" x 8 1/4"" Rapid Memo Book', 'Xerox 1893')",1
"('Large Capacity Hanging Post Binders', 'Lunatik TT5L-002 Taktik Strike Impact Protection System for iPhone 5')",1
"('Large Capacity Hanging Post Binders', 'Panasonic KX T7736-B Digital phone')",1
"('Large Capacity Hanging Post Binders', 'Xerox 1893')",1
"('Lunatik TT5L-002 Taktik Strike Impact Protection System for iPhone 5', 'Panasonic KX T7736-B Digital phone')",1
"('Lunatik TT5L-002 Taktik Strike Impact Protection System for iPhone 5', 'Xerox 1893')",1
"('Panasonic KX T7736-B Digital phone', 'Xerox 1893')",1
"('Bevis Boat-Shaped Conference Table', 'Xerox 1974')",1
"('Office Star - Ergonomic Mid Back Chair with 2-Way Adjustable Arms', 'SimpliFile Personal File, Black Granite, 15w x 6-15/16d x 11-1/4h')",1
"('Office Star - Ergonomic Mid Back Chair with 2-Way Adjustable Arms', 'WD My Passport Ultra 500GB Portable External Hard Drive')",1
"('SimpliFile Personal File, Black Granite, 15w x 6-15/16d x 11-1/4h', 'WD My Passport Ultra 500GB Portable External Hard Drive')",1
"('Eldon Delta Triangular Chair Mat, 52"" x 58"", Clear', 'SanDisk Ultra 64 GB MicroSDHC Class 10 Memory Card')",1
"('Commercial WindTunnel Clean Air Upright Vacuum, Replacement Belts, Filtration Bags', 'G.E. Halogen Desk Lamp Bulbs')",1
"('Commercial WindTunnel Clean Air Upright Vacuum, Replacement Belts, Filtration Bags', ""O'Sullivan Living Dimensions 5-Shelf Bookcases"")",1
"('Commercial WindTunnel Clean Air Upright Vacuum, Replacement Belts, Filtration Bags', 'Seth Thomas 14"" Day/Date Wall Clock')",1
"('G.E. Halogen Desk Lamp Bulbs', ""O'Sullivan Living Dimensions 5-Shelf Bookcases"")",1
"('G.E. Halogen Desk Lamp Bulbs', 'Seth Thomas 14"" Day/Date Wall Clock')",1
"(""O'Sullivan Living Dimensions 5-Shelf Bookcases"", 'Seth Thomas 14"" Day/Date Wall Clock')",1
"('Belkin F9G930V10-GRY 9 Outlet Surge', 'Bevis Round Bullnose 29"" High Table Top')",1
"('Belkin F9G930V10-GRY 9 Outlet Surge', 'Newell 32')",1
"('Belkin F9G930V10-GRY 9 Outlet Surge', 'Sony 16GB Class 10 Micro SDHC R40 Memory Card')",1
"('Bevis Round Bullnose 29"" High Table Top', 'Newell 32')",1
"('Bevis Round Bullnose 29"" High Table Top', 'Sony 16GB Class 10 Micro SDHC R40 Memory Card')",1
"('Newell 32', 'Sony 16GB Class 10 Micro SDHC R40 Memory Card')",1
"('Fellowes Bases and Tops For Staxonsteel/High-Stak Systems', 'Mediabridge Sport Armband iPhone 5s')",1
"('Belkin 8 Outlet Surge Protector', 'GBC ProClick Punch Binding System')",1
"('Belkin 8 Outlet Surge Protector', 'Xerox 1992')",1
"('GBC ProClick Punch Binding System', 'Xerox 1992')",1
"('Multi-Use Personal File Cart and Caster Set, Three Stacking Bins', 'OIC #2 Pencils, Medium Soft')",1
"('Hewlett-Packard Deskjet 6540 Color Inkjet Printer', 'Xerox 1963')",1
"('Enermax Acrylux Wireless Keyboard', 'Xerox 1983')",1
"('Avery 512', 'GBC Recycled Regency Composition Covers')",1
"('Avery Trapezoid Ring Binder, 3"" Capacity, Black, 1040 sheets', 'Boston Home & Office Model 2000 Electric Pencil Sharpeners')",1
"('Avery Trapezoid Ring Binder, 3"" Capacity, Black, 1040 sheets', 'Razer Kraken 7.1 Surround Sound Over Ear USB Gaming Headset')",1
"('Boston Home & Office Model 2000 Electric Pencil Sharpeners', 'Razer Kraken 7.1 Surround Sound Over Ear USB Gaming Headset')",1
"('Eldon 200 Class Desk Accessories, Burgundy', 'Samsung Galaxy S4')",1
"('Hon Olson Stacker Stools', 'OIC Binder Clips, Mini, 1/4"" Capacity, Black')",1
"('Acco Translucent Poly Ring Binders', 'Maxell 74 Minute CD-R Spindle, 50/Pack')",1
"('#10 White Business Envelopes,4 1/8 x 9 1/2', 'Newell 34')",1
"('#10 White Business Envelopes,4 1/8 x 9 1/2', 'Polycom CX300 Desktop Phone USB VoIP phone')",1
"('#10 White Business Envelopes,4 1/8 x 9 1/2', 'Wirebound Four 2-3/4 x 5 Forms per Page, 400 Sets per Book')",1
"('#10 White Business Envelopes,4 1/8 x 9 1/2', 'Xerox 1971')",1
"('Newell 34', 'Polycom CX300 Desktop Phone USB VoIP phone')",1
"('Newell 34', 'Wirebound Four 2-3/4 x 5 Forms per Page, 400 Sets per Book')",1
"('Newell 34', 'Xerox 1971')",1
"('Polycom CX300 Desktop Phone USB VoIP phone', 'Staples')",1
"('Polycom CX300 Desktop Phone USB VoIP phone', 'Wirebound Four 2-3/4 x 5 Forms per Page, 400 Sets per Book')",1
"('Polycom CX300 Desktop Phone USB VoIP phone', 'Xerox 1971')",1
"('Wirebound Four 2-3/4 x 5 Forms per Page, 400 Sets per Book', 'Xerox 1971')",1
"('Staples', 'Wilson SignalBoost 841262 DB PRO Amplifier Kit')",1
"('Avery 509', 'DAX Metal Frame, Desktop, Stepped-Edge')",1
"('Avery 509', 'Global Stack Chair with Arms, Black')",1
"('Avery 509', 'Xerox 1942')",1
"('DAX Metal Frame, Desktop, Stepped-Edge', 'Global Stack Chair with Arms, Black')",1
"('DAX Metal Frame, Desktop, Stepped-Edge', 'Xerox 1942')",1
"('Global Stack Chair with Arms, Black', 'Xerox 1942')",1
"('Acco Perma 3000 Stacking Storage Drawers', 'Computer Printout Paper with Letter-Trim Perforations')",1
"('Acco Perma 3000 Stacking Storage Drawers', 'Padded Folding Chairs, Black, 4/Carton')",1
"('Acco Perma 3000 Stacking Storage Drawers', 'Prang Dustless Chalk Sticks')",1
"('Acco Perma 3000 Stacking Storage Drawers', 'Tennsco 6- and 18-Compartment Lockers')",1
"('Computer Printout Paper with Letter-Trim Perforations', 'Padded Folding Chairs, Black, 4/Carton')",1
"('Computer Printout Paper with Letter-Trim Perforations', 'Prang Dustless Chalk Sticks')",1
"('Computer Printout Paper with Letter-Trim Perforations', 'Tennsco 6- and 18-Compartment Lockers')",1
"('Padded Folding Chairs, Black, 4/Carton', 'Prang Dustless Chalk Sticks')",1
"('Padded Folding Chairs, Black, 4/Carton', 'Tennsco 6- and 18-Compartment Lockers')",1
"('Prang Dustless Chalk Sticks', 'Tennsco 6- and 18-Compartment Lockers')",1
"('AT&T 1080 Corded phone', ""O'Sullivan Living Dimensions 2-Shelf Bookcases"")",1
"('AT&T 1080 Corded phone', 'Pyle PMP37LED')",1
"('AT&T 1080 Corded phone', 'Recycled Pressboard Report Cover with Reinforced Top Hinge')",1
"(""O'Sullivan Living Dimensions 2-Shelf Bookcases"", 'Pyle PMP37LED')",1
"(""O'Sullivan Living Dimensions 2-Shelf Bookcases"", 'Recycled Pressboard Report Cover with Reinforced Top Hinge')",1
"('Pyle PMP37LED', 'Recycled Pressboard Report Cover with Reinforced Top Hinge')",1
"('Kensington Expert Mouse Optical USB Trackball for PC or Mac', 'Tops Wirebound Message Log Books')",1
"('SAFCO Arco Folding Chair', 'Safco Contoured Stacking Chairs')",1
"('Hon Deluxe Fabric Upholstered Stacking Chairs, Rounded Back', 'Padded Folding Chairs, Black, 4/Carton')",1
"('Hon Deluxe Fabric Upholstered Stacking Chairs, Rounded Back', 'Panasonic Kx-TS550')",1
"('Padded Folding Chairs, Black, 4/Carton', 'Panasonic Kx-TS550')",1
"('Accohide Poly Flexible Ring Binders', 'Avery 480')",1
"('Accohide Poly Flexible Ring Binders', 'Avery Durable Slant Ring Binders With Label Holder')",1
"('Accohide Poly Flexible Ring Binders', 'Panasonic KX TS208W Corded phone')",1
"('Accohide Poly Flexible Ring Binders', 'Xerox 1917')",1
"('Avery 480', 'Avery Durable Slant Ring Binders With Label Holder')",1
"('Avery 480', 'Panasonic KX TS208W Corded phone')",1
"('Avery 480', 'Xerox 1917')",1
"('Avery Durable Slant Ring Binders With Label Holder', 'Panasonic KX TS208W Corded phone')",1
"('Avery Durable Slant Ring Binders With Label Holder', 'Xerox 1917')",1
"('Panasonic KX TS208W Corded phone', 'Xerox 1917')",1
"('Atlantic Metals Mobile 3-Shelf Bookcases, Custom Colors', 'GE 4 Foot Flourescent Tube, 40 Watt')",1
"('Avery Hi-Liter GlideStik Fluorescent Highlighter, Yellow Ink', 'Cardinal Holdit Business Card Pockets')",1
"('Avery Hi-Liter GlideStik Fluorescent Highlighter, Yellow Ink', 'Computer Room Manger, 14""')",1
"('Avery Hi-Liter GlideStik Fluorescent Highlighter, Yellow Ink', 'Office Star - Mid Back Dual function Ergonomic High Back Chair with 2-Way Adjustable Arms')",1
"('Cardinal Holdit Business Card Pockets', 'Computer Room Manger, 14""')",1
"('Cardinal Holdit Business Card Pockets', 'Office Star - Mid Back Dual function Ergonomic High Back Chair with 2-Way Adjustable Arms')",1
"('Computer Room Manger, 14""', 'Office Star - Mid Back Dual function Ergonomic High Back Chair with 2-Way Adjustable Arms')",1
"('Acco Side-Punched Conventional Columnar Pads', 'Acco Smartsocket Color-Coded Six-Outlet AC Adapter Model Surge Protectors')",1
"('Acco Side-Punched Conventional Columnar Pads', 'Avery 501')",1
"('Acco Side-Punched Conventional Columnar Pads', 'Bulldog Vacuum Base Pencil Sharpener')",1
"('Acco Side-Punched Conventional Columnar Pads', 'Maxell 4.7GB DVD-R')",1
"('Acco Side-Punched Conventional Columnar Pads', 'Xerox 229')",1
"('Acco Smartsocket Color-Coded Six-Outlet AC Adapter Model Surge Protectors', 'Avery 501')",1
"('Acco Smartsocket Color-Coded Six-Outlet AC Adapter Model Surge Protectors', 'Bulldog Vacuum Base Pencil Sharpener')",1
"('Acco Smartsocket Color-Coded Six-Outlet AC Adapter Model Surge Protectors', 'Maxell 4.7GB DVD-R')",1
"('Acco Smartsocket Color-Coded Six-Outlet AC Adapter Model Surge Protectors', 'Xerox 229')",1
"('Avery 501', 'Bulldog Vacuum Base Pencil Sharpener')",1
"('Avery 501', 'Maxell 4.7GB DVD-R')",1
"('Avery 501', 'Xerox 229')",1
"('Bulldog Vacuum Base Pencil Sharpener', 'Maxell 4.7GB DVD-R')",1
"('Bulldog Vacuum Base Pencil Sharpener', 'Xerox 229')",1
"('Maxell 4.7GB DVD-R', 'Xerox 229')",1
"('Sauder Inglewood Library Bookcases', 'VTech DS6151')",1
"('Sauder Inglewood Library Bookcases', 'netTALK DUO VoIP Telephone Service')",1
"('VTech DS6151', 'netTALK DUO VoIP Telephone Service')",1
"('Avery 499', 'Wirebound Message Book, 4 per Page')",1
"('Carina 42""Hx23 3/4""W Media Storage Unit', ""Global Push Button Manager's Chair, Indigo"")",1
"('Carina 42""Hx23 3/4""W Media Storage Unit', 'Newell 330')",1
"(""Global Push Button Manager's Chair, Indigo"", 'Newell 330')",1
"('Boston Home & Office Model 2000 Electric Pencil Sharpeners', 'Ibico Hi-Tech Manual Binding System')",1
"('Boston Home & Office Model 2000 Electric Pencil Sharpeners', 'Newell 31')",1
"('Boston Home & Office Model 2000 Electric Pencil Sharpeners', 'Premium Transparent Presentation Covers, No Pattern/Clear, 8 1/2"" x 11""')",1
"('Ibico Hi-Tech Manual Binding System', 'Newell 31')",1
"('Ibico Hi-Tech Manual Binding System', 'Premium Transparent Presentation Covers, No Pattern/Clear, 8 1/2"" x 11""')",1
"('Newell 31', 'Premium Transparent Presentation Covers, No Pattern/Clear, 8 1/2"" x 11""')",1
"('4009 Highlighters by Sanford', ""O'Sullivan Elevations Bookcase, Cherry Finish"")",1
"('4009 Highlighters by Sanford', 'Tennsco 6- and 18-Compartment Lockers')",1
"(""O'Sullivan Elevations Bookcase, Cherry Finish"", 'Tennsco 6- and 18-Compartment Lockers')",1
"('Clear Mylar Reinforcing Strips', 'Wirebound Message Books, Two 4 1/4"" x 5"" Forms per Page')",1
"('Avery Hi-Liter Fluorescent Desk Style Markers', 'Xerox 1972')",1
"('Avery 51', 'Verbatim 25 GB 6x Blu-ray Single Layer Recordable Disc, 10/Pack')",1
"('Holmes Cool Mist Humidifier for the Whole House with 8-Gallon Output per Day, Extended Life Filter', 'Tenex Carpeted, Granite-Look or Clear Contemporary Contour Shape Chair Mats')",1
"('Avery 516', 'NETGEAR AC1750 Dual Band Gigabit\xa0Smart WiFi Router')",1
"('Avery 516', 'Xerox 1995')",1
"('NETGEAR AC1750 Dual Band Gigabit\xa0Smart WiFi Router', 'Xerox 1995')",1
"('Bevis Round Conference Room Tables and Bases', 'Global Deluxe Stacking Chair, Gray')",1
"('Global Enterprise Series Seating High-Back Swivel/Tilt Chairs', 'Iris Project Case')",1
"('File Shuttle II and Handi-File, Black', 'Tennsco Commercial Shelving')",1
"('AT&T TR1909W', 'HP Standard 104 key PS/2 Keyboard')",1
"('AT&T TR1909W', 'Nokia Lumia 521 (T-Mobile)')",1
"('HP Standard 104 key PS/2 Keyboard', 'Nokia Lumia 521 (T-Mobile)')",1
"('Avery White Multi-Purpose Labels', 'Eldon Expressions Punched Metal & Wood Desk Accessories, Pewter & Cherry')",1
"('Avery White Multi-Purpose Labels', 'Jabra SPEAK 410')",1
"('Avery White Multi-Purpose Labels', 'Luxo Economy Swing Arm Lamp')",1
"('Avery White Multi-Purpose Labels', 'Memorex Froggy Flash Drive 4 GB')",1
"('Avery White Multi-Purpose Labels', 'Southworth 100% Résumé Paper, 24lb.')",1
"('Eldon Expressions Punched Metal & Wood Desk Accessories, Pewter & Cherry', 'Jabra SPEAK 410')",1
"('Eldon Expressions Punched Metal & Wood Desk Accessories, Pewter & Cherry', 'Luxo Economy Swing Arm Lamp')",1
"('Eldon Expressions Punched Metal & Wood Desk Accessories, Pewter & Cherry', 'Memorex Froggy Flash Drive 4 GB')",1
"('Eldon Expressions Punched Metal & Wood Desk Accessories, Pewter & Cherry', 'Southworth 100% Résumé Paper, 24lb.')",1
"('Jabra SPEAK 410', 'Luxo Economy Swing Arm Lamp')",1
"('Jabra SPEAK 410', 'Memorex Froggy Flash Drive 4 GB')",1
"('Jabra SPEAK 410', 'Southworth 100% Résumé Paper, 24lb.')",1
"('Luxo Economy Swing Arm Lamp', 'Memorex Froggy Flash Drive 4 GB')",1
"('Luxo Economy Swing Arm Lamp', 'Southworth 100% Résumé Paper, 24lb.')",1
"('Memorex Froggy Flash Drive 4 GB', 'Southworth 100% Résumé Paper, 24lb.')",1
"('Newell 333', 'Xerox 1966')",1
"('Newell 333', 'Xerox 1967')",1
"('Xerox 1966', 'Xerox 1967')",1
"('GBC Durable Plastic Covers', 'Xerox 232')",1
"('Avery 506', 'Avery 518')",1
"('Avery 506', 'Fellowes Super Stor/Drawer')",1
"('Avery 506', 'Weyerhaeuser First Choice Laser/Copy Paper (20Lb. and 88 Bright)')",1
"('Avery 518', 'Fellowes Super Stor/Drawer')",1
"('Avery 518', 'Weyerhaeuser First Choice Laser/Copy Paper (20Lb. and 88 Bright)')",1
"('Fellowes Super Stor/Drawer', 'Weyerhaeuser First Choice Laser/Copy Paper (20Lb. and 88 Bright)')",1
"('Avery Poly Binder Pockets', 'Seth Thomas 14"" Day/Date Wall Clock')",1
"('Acme Stainless Steel Office Snips', 'Avery Triangle Shaped Sheet Lifters, Black, 2/Pack')",1
"('Acme Stainless Steel Office Snips', 'Hon Deluxe Fabric Upholstered Stacking Chairs, Squared Back')",1
"('Avery Triangle Shaped Sheet Lifters, Black, 2/Pack', 'Hon Deluxe Fabric Upholstered Stacking Chairs, Squared Back')",1
"('Acme Office Executive Series Stainless Steel Trimmers', 'Chromcraft Bull-Nose Wood 48"" x 96"" Rectangular Conference Tables')",1
"('Acme Office Executive Series Stainless Steel Trimmers', 'Wilson Jones Century Plastic Molded Ring Binders')",1
"('Chromcraft Bull-Nose Wood 48"" x 96"" Rectangular Conference Tables', 'Wilson Jones Century Plastic Molded Ring Binders')",1
"('LF Elite 3D Dazzle Designer Hard Case Cover, Lf Stylus Pen and Wiper For Apple Iphone 5c Mini Lite', 'Strathmore #10 Envelopes, Ultimate White')",1
"('Acco 6 Outlet Guardian Premium Surge Suppressor', 'Micropad Numeric Keypads')",1
"('Hon Every-Day Series Multi-Task Chairs', 'Southworth 100% Résumé Paper, 24lb.')",1
"('Economy Rollaway Files', 'Hunt Boston Vacuum Mount KS Pencil Sharpener')",1
"('DIXON Oriole Pencils', 'Executive Impressions 13-1/2"" Indoor/Outdoor Wall Clock')",1
"('DIXON Oriole Pencils', 'Xerox 1909')",1
"('Executive Impressions 13-1/2"" Indoor/Outdoor Wall Clock', 'Xerox 1909')",1
"('Ativa V4110MDD Micro-Cut Shredder', ""Honeywell Enviracaire Portable HEPA Air Cleaner for 17' x 22' Room"")",1
"('Ativa V4110MDD Micro-Cut Shredder', 'KI Adjustable-Height Table')",1
"('Ativa V4110MDD Micro-Cut Shredder', 'Spigen Samsung Galaxy S5 Case Wallet')",1
"('Ativa V4110MDD Micro-Cut Shredder', 'Vtech CS6719')",1
"('Ativa V4110MDD Micro-Cut Shredder', 'Xerox 198')",1
"(""Honeywell Enviracaire Portable HEPA Air Cleaner for 17' x 22' Room"", 'KI Adjustable-Height Table')",1
"(""Honeywell Enviracaire Portable HEPA Air Cleaner for 17' x 22' Room"", 'Spigen Samsung Galaxy S5 Case Wallet')",1
"(""Honeywell Enviracaire Portable HEPA Air Cleaner for 17' x 22' Room"", 'Staples')",1
"(""Honeywell Enviracaire Portable HEPA Air Cleaner for 17' x 22' Room"", 'Vtech CS6719')",1
"(""Honeywell Enviracaire Portable HEPA Air Cleaner for 17' x 22' Room"", 'Xerox 198')",1
"('KI Adjustable-Height Table', 'Spigen Samsung Galaxy S5 Case Wallet')",1
"('KI Adjustable-Height Table', 'Vtech CS6719')",1
"('KI Adjustable-Height Table', 'Xerox 198')",1
"('Spigen Samsung Galaxy S5 Case Wallet', 'Staples')",1
"('Spigen Samsung Galaxy S5 Case Wallet', 'Vtech CS6719')",1
"('Spigen Samsung Galaxy S5 Case Wallet', 'Xerox 198')",1
"('Staples', 'Vtech CS6719')",1
"('Staples', 'Xerox 198')",1
"('Vtech CS6719', 'Xerox 198')",1
"('Avery Durable Binders', 'Wilson SignalBoost 841262 DB PRO Amplifier Kit')",1
"('Avery Hole Reinforcements', 'Super Bands, 12/Pack')",1
"('Fluorescent Highlighters by Dixon', 'Hon Deluxe Fabric Upholstered Stacking Chairs')",1
"('Fluorescent Highlighters by Dixon', 'Stockwell Push Pins')",1
"('Fluorescent Highlighters by Dixon', 'Xerox 195')",1
"('Hon Deluxe Fabric Upholstered Stacking Chairs', 'Stockwell Push Pins')",1
"('Hon Deluxe Fabric Upholstered Stacking Chairs', 'Xerox 195')",1
"('Stockwell Push Pins', 'Xerox 195')",1
"('Airmail Envelopes', 'Global Stack Chair without Arms, Black')",1
"('Airmail Envelopes', 'Innergie mMini Combo Duo USB Travel Charging Kit')",1
"('Global Stack Chair without Arms, Black', 'Innergie mMini Combo Duo USB Travel Charging Kit')",1
"('Tenex Chairmats For Use With Carpeted Floors', 'Vtech CS6719')",1
"('Avery Durable Binders', 'Storex DuraTech Recycled Plastic Frosted Binders')",1
"('Brown Kraft Recycled Envelopes', 'Fellowes Stor/Drawer Steel Plus Storage Drawers')",1
"('Brown Kraft Recycled Envelopes', 'Plantronics S12 Corded Telephone Headset System')",1
"('Brown Kraft Recycled Envelopes', 'Staples')",1
"('Fellowes Stor/Drawer Steel Plus Storage Drawers', 'Plantronics S12 Corded Telephone Headset System')",1
"('Plantronics S12 Corded Telephone Headset System', 'Staples')",1
"('DAX Wood Document Frame', 'Staples')",1
"('Advantus T-Pin Paper Clips', 'Avery 516')",1
"('Advantus T-Pin Paper Clips', 'Clarity 53712')",1
"('Advantus T-Pin Paper Clips', 'Wi-Ex zBoost YX540 Cellular Phone Signal Booster')",1
"('Avery 516', 'Clarity 53712')",1
"('Avery 516', 'Wi-Ex zBoost YX540 Cellular Phone Signal Booster')",1
"('Clarity 53712', 'Wi-Ex zBoost YX540 Cellular Phone Signal Booster')",1
"('American Pencil', 'Avery 492')",1
"('American Pencil', 'Samsung Galaxy S4 Active')",1
"('American Pencil', 'Wilson Jones Ledger-Size, Piano-Hinge Binder, 2"", Blue')",1
"('American Pencil', 'Xerox 1919')",1
"('Avery 492', 'Samsung Galaxy S4 Active')",1
"('Avery 492', 'Wilson Jones Ledger-Size, Piano-Hinge Binder, 2"", Blue')",1
"('Avery 492', 'Xerox 1919')",1
"('Samsung Galaxy S4 Active', 'Wilson Jones Ledger-Size, Piano-Hinge Binder, 2"", Blue')",1
"('Samsung Galaxy S4 Active', 'Xerox 1919')",1
"('Wilson Jones Ledger-Size, Piano-Hinge Binder, 2"", Blue', 'Xerox 1919')",1
"('Maxell 74 Minute CD-R Spindle, 50/Pack', 'Memorex Froggy Flash Drive 4 GB')",1
"('BIC Brite Liner Grip Highlighters, Assorted, 5/Pack', 'Global Airflow Leather Mesh Back Chair, Black')",1
"('BIC Brite Liner Grip Highlighters, Assorted, 5/Pack', 'Samsung Galaxy S III - 16GB - pebble blue (T-Mobile)')",1
"('Global Airflow Leather Mesh Back Chair, Black', 'Samsung Galaxy S III - 16GB - pebble blue (T-Mobile)')",1
"('BPI Conference Tables', 'Dana Swing-Arm Lamps')",1
"('BPI Conference Tables', 'Fellowes Stor/Drawer Steel Plus Storage Drawers')",1
"('BPI Conference Tables', 'Hon 4-Shelf Metal Bookcases')",1
"('BPI Conference Tables', 'Wilson Jones Turn Tabs Binder Tool for Ring Binders')",1
"('Dana Swing-Arm Lamps', 'Fellowes Stor/Drawer Steel Plus Storage Drawers')",1
"('Dana Swing-Arm Lamps', 'Hon 4-Shelf Metal Bookcases')",1
"('Dana Swing-Arm Lamps', 'Wilson Jones Turn Tabs Binder Tool for Ring Binders')",1
"('Fellowes Stor/Drawer Steel Plus Storage Drawers', 'Hon 4-Shelf Metal Bookcases')",1
"('Fellowes Stor/Drawer Steel Plus Storage Drawers', 'Wilson Jones Turn Tabs Binder Tool for Ring Binders')",1
"('Hon 4-Shelf Metal Bookcases', 'Wilson Jones Turn Tabs Binder Tool for Ring Binders')",1
"('9-3/4 Diameter Round Wall Clock', 'Avery 514')",1
"('9-3/4 Diameter Round Wall Clock', 'Cisco SPA508G')",1
"('9-3/4 Diameter Round Wall Clock', 'Global Commerce Series High-Back Swivel/Tilt Chairs')",1
"('9-3/4 Diameter Round Wall Clock', 'Staples')",1
"('Avery 514', 'Cisco SPA508G')",1
"('Avery 514', 'Global Commerce Series High-Back Swivel/Tilt Chairs')",1
"('Avery 514', 'Staples')",1
"('Cisco SPA508G', 'Staples')",1
"('Global Commerce Series High-Back Swivel/Tilt Chairs', 'Staples')",1
"('Ibico Covers for Plastic or Wire Binding Elements', 'Newell 351')",1
"('Hewlett Packard 610 Color Digital Copier / Printer', 'Hoover Replacement Belts For Soft Guard & Commercial Ltweight Upright Vacs, 2/Pk')",1
"('Avery 513', 'Contract Clock, 14"", Brown')",1
"('Avery 513', 'Recycled Steel Personal File for Standard File Folders')",1
"('Contract Clock, 14"", Brown', 'Recycled Steel Personal File for Standard File Folders')",1
"('BOSTON Ranger #55 Pencil Sharpener, Black', 'Griffin GC36547 PowerJolt SE Lightning Charger')",1
"('BOSTON Ranger #55 Pencil Sharpener, Black', 'Tensor Track Tree Floor Lamp')",1
"('BOSTON Ranger #55 Pencil Sharpener, Black', 'iOttie HLCRIO102 Car Mount')",1
"('Griffin GC36547 PowerJolt SE Lightning Charger', 'Tensor Track Tree Floor Lamp')",1
"('Griffin GC36547 PowerJolt SE Lightning Charger', 'iOttie HLCRIO102 Car Mount')",1
"('Tensor Track Tree Floor Lamp', 'iOttie HLCRIO102 Car Mount')",1
"('Bevis Rectangular Conference Tables', 'Geographics Note Cards, Blank, White, 8 1/2"" x 11""')",1
"('Deflect-o Glass Clear Studded Chair Mats', 'Xerox 1949')",1
"('Euro-Pro Shark Turbo Vacuum', 'Motorola Droid Maxx')",1
"('Euro-Pro Shark Turbo Vacuum', 'Xerox 1990')",1
"('Motorola Droid Maxx', 'Xerox 1990')",1
"('Avery Hi-Liter EverBold Pen Style Fluorescent Highlighters, 4/Pack', 'Hunt BOSTON Vista Battery-Operated Pencil Sharpener, Black')",1
"('Avery Hi-Liter EverBold Pen Style Fluorescent Highlighters, 4/Pack', 'Plantronics 81402')",1
"('Hunt BOSTON Vista Battery-Operated Pencil Sharpener, Black', 'Plantronics 81402')",1
"('Belkin F9G930V10-GRY 9 Outlet Surge', 'Staples')",1
"('Belkin F9G930V10-GRY 9 Outlet Surge', 'Wirebound Message Books, Four 2 3/4 x 5 White Forms per Page')",1
"('Staples', 'Wirebound Message Books, Four 2 3/4 x 5 White Forms per Page')",1
"('Flexible Leather- Look Classic Collection Ring Binder', 'Global High-Back Leather Tilter, Burgundy')",1
"('Canon imageCLASS MF7460 Monochrome Digital Laser Multifunction Copier', 'DMI Arturo Collection Mission-style Design Wood Chair')",1
"('Canon imageCLASS MF7460 Monochrome Digital Laser Multifunction Copier', 'NETGEAR N750 Dual Band Wi-Fi Gigabit Router')",1
"('Canon imageCLASS MF7460 Monochrome Digital Laser Multifunction Copier', 'Panasonic Kx-TS550')",1
"('Canon imageCLASS MF7460 Monochrome Digital Laser Multifunction Copier', 'Trav-L-File Heavy-Duty Shuttle II, Black')",1
"('DMI Arturo Collection Mission-style Design Wood Chair', 'NETGEAR N750 Dual Band Wi-Fi Gigabit Router')",1
"('DMI Arturo Collection Mission-style Design Wood Chair', 'Panasonic Kx-TS550')",1
"('DMI Arturo Collection Mission-style Design Wood Chair', 'Trav-L-File Heavy-Duty Shuttle II, Black')",1
"('NETGEAR N750 Dual Band Wi-Fi Gigabit Router', 'Panasonic Kx-TS550')",1
"('NETGEAR N750 Dual Band Wi-Fi Gigabit Router', 'Trav-L-File Heavy-Duty Shuttle II, Black')",1
"('Panasonic Kx-TS550', 'Trav-L-File Heavy-Duty Shuttle II, Black')",1
"('Boston Electric Pencil Sharpener, Model 1818, Charcoal Black', 'Classic Ivory Antique\xa0Telephone\xa0ZL1810')",1
"('Boston Electric Pencil Sharpener, Model 1818, Charcoal Black', 'GBC DocuBind TL300 Electric Binding System')",1
"('Boston Electric Pencil Sharpener, Model 1818, Charcoal Black', 'Geemarc AmpliPOWER60')",1
"('Boston Electric Pencil Sharpener, Model 1818, Charcoal Black', 'Universal Recycled Hanging Pressboard Report Binders, Letter Size')",1
"('Boston Electric Pencil Sharpener, Model 1818, Charcoal Black', 'Wirebound Message Book, 4 per Page')",1
"('Boston Electric Pencil Sharpener, Model 1818, Charcoal Black', 'Xerox 1893')",1
"('Classic Ivory Antique\xa0Telephone\xa0ZL1810', 'GBC DocuBind TL300 Electric Binding System')",1
"('Classic Ivory Antique\xa0Telephone\xa0ZL1810', 'Geemarc AmpliPOWER60')",1
"('Classic Ivory Antique\xa0Telephone\xa0ZL1810', 'Universal Recycled Hanging Pressboard Report Binders, Letter Size')",1
"('Classic Ivory Antique\xa0Telephone\xa0ZL1810', 'Wirebound Message Book, 4 per Page')",1
"('Classic Ivory Antique\xa0Telephone\xa0ZL1810', 'Xerox 1893')",1
"('GBC DocuBind TL300 Electric Binding System', 'Geemarc AmpliPOWER60')",1
"('GBC DocuBind TL300 Electric Binding System', 'Universal Recycled Hanging Pressboard Report Binders, Letter Size')",1
"('GBC DocuBind TL300 Electric Binding System', 'Wirebound Message Book, 4 per Page')",1
"('GBC DocuBind TL300 Electric Binding System', 'Xerox 1893')",1
"('Geemarc AmpliPOWER60', 'Universal Recycled Hanging Pressboard Report Binders, Letter Size')",1
"('Geemarc AmpliPOWER60', 'Wirebound Message Book, 4 per Page')",1
"('Geemarc AmpliPOWER60', 'Xerox 1893')",1
"('Universal Recycled Hanging Pressboard Report Binders, Letter Size', 'Wirebound Message Book, 4 per Page')",1
"('Universal Recycled Hanging Pressboard Report Binders, Letter Size', 'Xerox 1893')",1
"('Wirebound Message Book, 4 per Page', 'Xerox 1893')",1
"('Eureka Recycled Copy Paper 8 1/2"" x 11"", Ream', 'Xerox 1895')",1
"('Prestige Round Ring Binders', 'Xerox 216')",1
"('Acco Perma 4000 Stacking Storage Drawers', 'Avery Self-Adhesive Photo Pockets for Polaroid Photos')",1
"('Acco Perma 4000 Stacking Storage Drawers', 'Hon Racetrack Conference Tables')",1
"('Acco Perma 4000 Stacking Storage Drawers', 'Tenex Antistatic Computer Chair Mats')",1
"('Avery Self-Adhesive Photo Pockets for Polaroid Photos', 'Hon Racetrack Conference Tables')",1
"('Avery Self-Adhesive Photo Pockets for Polaroid Photos', 'Tenex Antistatic Computer Chair Mats')",1
"('Hon Racetrack Conference Tables', 'Tenex Antistatic Computer Chair Mats')",1
"('RCA Visys Integrated PBX 8-Line Router', 'Xerox 226')",1
"('Grandstream GXP1160 VoIP phone', 'Samsung Galaxy Note 3')",1
"('Acco PRESSTEX Data Binder with Storage Hooks, Dark Blue, 14 7/8"" X 11""', 'Balt Split Level Computer Training Table')",1
"('Acco PRESSTEX Data Binder with Storage Hooks, Dark Blue, 14 7/8"" X 11""', 'Lifetime Advantage Folding Chairs, 4/Carton')",1
"('Acco PRESSTEX Data Binder with Storage Hooks, Dark Blue, 14 7/8"" X 11""', 'Newell 335')",1
"('Balt Split Level Computer Training Table', 'Lifetime Advantage Folding Chairs, 4/Carton')",1
"('Balt Split Level Computer Training Table', 'Newell 335')",1
"('Lifetime Advantage Folding Chairs, 4/Carton', 'Newell 335')",1
"('Imation\xa0Secure+ Hardware Encrypted USB 2.0\xa0Flash Drive; 16GB', 'Tenex File Box, Personal Filing Tote with Lid, Black')",1
"('Adams ""While You Were Out"" Message Pads', 'Newell 350')",1
"('Adams ""While You Were Out"" Message Pads', 'Xerox 1933')",1
"('Newell 350', 'Xerox 1933')",1
"('Cisco Unified IP Phone 7945G VoIP phone', 'Jawbone MINI JAMBOX Wireless Bluetooth Speaker')",1
"('Maxell 4.7GB DVD+R 5/Pack', 'Snap-A-Way Black Print Carbonless Ruled Speed Letter, Triplicate')",1
"('C-Line Cubicle Keepers Polyproplyene Holder w/Velcro Back, 8-1/2x11, 25/Bx', 'Logitech 910-002974 M325 Wireless Mouse for Web Scrolling')",1
"('C-Line Cubicle Keepers Polyproplyene Holder w/Velcro Back, 8-1/2x11, 25/Bx', ""O'Sullivan Living Dimensions 2-Shelf Bookcases"")",1
"('Logitech 910-002974 M325 Wireless Mouse for Web Scrolling', ""O'Sullivan Living Dimensions 2-Shelf Bookcases"")",1
"('Array Parchment Paper, Assorted Colors', 'HTC One Mini')",1
"('Array Parchment Paper, Assorted Colors', 'Hon Metal Bookcases, Black')",1
"('Array Parchment Paper, Assorted Colors', 'Okidata C331dn Printer')",1
"('Array Parchment Paper, Assorted Colors', 'Safco Industrial Wire Shelving System')",1
"('Array Parchment Paper, Assorted Colors', 'Storex DuraTech Recycled Plastic Frosted Binders')",1
"('Array Parchment Paper, Assorted Colors', 'Xerox 2')",1
"('HTC One Mini', 'Hon Metal Bookcases, Black')",1
"('HTC One Mini', 'Okidata C331dn Printer')",1
"('HTC One Mini', 'Safco Industrial Wire Shelving System')",1
"('HTC One Mini', 'Storex DuraTech Recycled Plastic Frosted Binders')",1
"('HTC One Mini', 'Xerox 2')",1
"('Hon Metal Bookcases, Black', 'Okidata C331dn Printer')",1
"('Hon Metal Bookcases, Black', 'Safco Industrial Wire Shelving System')",1
"('Hon Metal Bookcases, Black', 'Storex DuraTech Recycled Plastic Frosted Binders')",1
"('Hon Metal Bookcases, Black', 'Xerox 2')",1
"('Okidata C331dn Printer', 'Safco Industrial Wire Shelving System')",1
"('Okidata C331dn Printer', 'Storex DuraTech Recycled Plastic Frosted Binders')",1
"('Okidata C331dn Printer', 'Xerox 2')",1
"('Safco Industrial Wire Shelving System', 'Storex DuraTech Recycled Plastic Frosted Binders')",1
"('Safco Industrial Wire Shelving System', 'Xerox 2')",1
"('Storex DuraTech Recycled Plastic Frosted Binders', 'Xerox 2')",1
"('Eldon Wave Desk Accessories', 'Stockwell Push Pins')",1
"('GuestStacker Chair with Chrome Finish Legs', 'Kensington 6 Outlet MasterPiece HOMEOFFICE Power Control Center')",1
"('GuestStacker Chair with Chrome Finish Legs', 'Tenex Traditional Chairmats for Medium Pile Carpet, Standard Lip, 36"" x 48""')",1
"('Kensington 6 Outlet MasterPiece HOMEOFFICE Power Control Center', 'Tenex Traditional Chairmats for Medium Pile Carpet, Standard Lip, 36"" x 48""')",1
"('Advantus Rolling Storage Box', 'GBC VeloBind Cover Sets')",1
"('Advantus Rolling Storage Box', 'Staples')",1
"('GBC VeloBind Cover Sets', 'Staples')",1
"('Adams Write n\' Stick Phone Message Book, 11"" X 5 1/4"", 200 Messages', 'Safco Chair Connectors, 6/Carton')",1
"('Alliance Super-Size Bands, Assorted Sizes', 'GE 30524EE4')",1
"('Alliance Super-Size Bands, Assorted Sizes', ""Global Deluxe High-Back Manager's Chair"")",1
"('Alliance Super-Size Bands, Assorted Sizes', 'Ibico Hi-Tech Manual Binding System')",1
"('Alliance Super-Size Bands, Assorted Sizes', 'Rogers Handheld Barrel Pencil Sharpener')",1
"('Alliance Super-Size Bands, Assorted Sizes', 'Southworth 25% Cotton Granite Paper & Envelopes')",1
"('Alliance Super-Size Bands, Assorted Sizes', 'Wireless Extenders zBoost YX545 SOHO Signal Booster')",1
"('GE 30524EE4', ""Global Deluxe High-Back Manager's Chair"")",1
"('GE 30524EE4', 'Ibico Hi-Tech Manual Binding System')",1
"('GE 30524EE4', 'Rogers Handheld Barrel Pencil Sharpener')",1
"('GE 30524EE4', 'Southworth 25% Cotton Granite Paper & Envelopes')",1
"('GE 30524EE4', 'Wireless Extenders zBoost YX545 SOHO Signal Booster')",1
"(""Global Deluxe High-Back Manager's Chair"", 'Ibico Hi-Tech Manual Binding System')",1
"(""Global Deluxe High-Back Manager's Chair"", 'Rogers Handheld Barrel Pencil Sharpener')",1
"(""Global Deluxe High-Back Manager's Chair"", 'Southworth 25% Cotton Granite Paper & Envelopes')",1
"(""Global Deluxe High-Back Manager's Chair"", 'Wireless Extenders zBoost YX545 SOHO Signal Booster')",1
"('Ibico Hi-Tech Manual Binding System', 'Rogers Handheld Barrel Pencil Sharpener')",1
"('Ibico Hi-Tech Manual Binding System', 'Southworth 25% Cotton Granite Paper & Envelopes')",1
"('Ibico Hi-Tech Manual Binding System', 'Wireless Extenders zBoost YX545 SOHO Signal Booster')",1
"('Rogers Handheld Barrel Pencil Sharpener', 'Southworth 25% Cotton Granite Paper & Envelopes')",1
"('Rogers Handheld Barrel Pencil Sharpener', 'Wireless Extenders zBoost YX545 SOHO Signal Booster')",1
"('Southworth 25% Cotton Granite Paper & Envelopes', 'Wireless Extenders zBoost YX545 SOHO Signal Booster')",1
"('AT&T 1070 Corded Phone', 'Xerox 21')",1
"('Acco Pressboard Covers with Storage Hooks, 9 1/2"" x 11"", Executive Red', 'Eldon ClusterMat Chair Mat with Cordless Antistatic Protection')",1
"('Acco Pressboard Covers with Storage Hooks, 9 1/2"" x 11"", Executive Red', ""Eldon Fold 'N Roll Cart System"")",1
"('Acco Pressboard Covers with Storage Hooks, 9 1/2"" x 11"", Executive Red', 'Fellowes Bases and Tops For Staxonsteel/High-Stak Systems')",1
"('Acco Pressboard Covers with Storage Hooks, 9 1/2"" x 11"", Executive Red', 'Holmes Replacement Filter for HEPA Air Cleaner, Very Large Room, HEPA Filter')",1
"('Acco Pressboard Covers with Storage Hooks, 9 1/2"" x 11"", Executive Red', 'Panasonic KP-4ABK Battery-Operated Pencil Sharpener')",1
"('Acco Pressboard Covers with Storage Hooks, 9 1/2"" x 11"", Executive Red', 'Storex Dura Pro Binders')",1
"('Acco Pressboard Covers with Storage Hooks, 9 1/2"" x 11"", Executive Red', 'Ultra Door Push Plate')",1
"('Eldon ClusterMat Chair Mat with Cordless Antistatic Protection', ""Eldon Fold 'N Roll Cart System"")",1
"('Eldon ClusterMat Chair Mat with Cordless Antistatic Protection', 'Fellowes Bases and Tops For Staxonsteel/High-Stak Systems')",1
"('Eldon ClusterMat Chair Mat with Cordless Antistatic Protection', 'Holmes Replacement Filter for HEPA Air Cleaner, Very Large Room, HEPA Filter')",1
"('Eldon ClusterMat Chair Mat with Cordless Antistatic Protection', 'Panasonic KP-4ABK Battery-Operated Pencil Sharpener')",1
"('Eldon ClusterMat Chair Mat with Cordless Antistatic Protection', 'Storex Dura Pro Binders')",1
"('Eldon ClusterMat Chair Mat with Cordless Antistatic Protection', 'Ultra Door Push Plate')",1
"(""Eldon Fold 'N Roll Cart System"", 'Fellowes Bases and Tops For Staxonsteel/High-Stak Systems')",1
"(""Eldon Fold 'N Roll Cart System"", 'Holmes Replacement Filter for HEPA Air Cleaner, Very Large Room, HEPA Filter')",1
"(""Eldon Fold 'N Roll Cart System"", 'Panasonic KP-4ABK Battery-Operated Pencil Sharpener')",1
"(""Eldon Fold 'N Roll Cart System"", 'Storex Dura Pro Binders')",1
"(""Eldon Fold 'N Roll Cart System"", 'Ultra Door Push Plate')",1
"('Fellowes Bases and Tops For Staxonsteel/High-Stak Systems', 'Holmes Replacement Filter for HEPA Air Cleaner, Very Large Room, HEPA Filter')",1
"('Fellowes Bases and Tops For Staxonsteel/High-Stak Systems', 'Panasonic KP-4ABK Battery-Operated Pencil Sharpener')",1
"('Fellowes Bases and Tops For Staxonsteel/High-Stak Systems', 'Storex Dura Pro Binders')",1
"('Fellowes Bases and Tops For Staxonsteel/High-Stak Systems', 'Ultra Door Push Plate')",1
"('Holmes Replacement Filter for HEPA Air Cleaner, Very Large Room, HEPA Filter', 'Panasonic KP-4ABK Battery-Operated Pencil Sharpener')",1
"('Holmes Replacement Filter for HEPA Air Cleaner, Very Large Room, HEPA Filter', 'Storex Dura Pro Binders')",1
"('Holmes Replacement Filter for HEPA Air Cleaner, Very Large Room, HEPA Filter', 'Ultra Door Push Plate')",1
"('Panasonic KP-4ABK Battery-Operated Pencil Sharpener', 'Storex Dura Pro Binders')",1
"('Panasonic KP-4ABK Battery-Operated Pencil Sharpener', 'Ultra Door Push Plate')",1
"('Storex Dura Pro Binders', 'Ultra Door Push Plate')",1
"('Safco Value Mate Series Steel Bookcases, Baked Enamel Finish on Steel, Gray', 'Wilson Jones 14 Line Acrylic Coated Pressboard Data Binders')",1
"('Avery 475', 'Staples')",1
"('Bevis Round Conference Room Tables and Bases', 'Recycled Steel Personal File for Hanging File Folders')",1
"('Avery 483', 'Fellowes Neat Ideas Storage Cubes')",1
"('Avery 483', ""Global Value Mid-Back Manager's Chair, Gray"")",1
"('Avery 483', 'Rubbermaid ClusterMat Chairmats, Mat Size- 66"" x 60"", Lip 20"" x 11"" -90 Degree Angle')",1
"('Avery 483', 'VariCap6 Expandable Binder')",1
"('Avery 483', 'Wilson Jones Turn Tabs Binder Tool for Ring Binders')",1
"('Fellowes Neat Ideas Storage Cubes', ""Global Value Mid-Back Manager's Chair, Gray"")",1
"('Fellowes Neat Ideas Storage Cubes', 'Rubbermaid ClusterMat Chairmats, Mat Size- 66"" x 60"", Lip 20"" x 11"" -90 Degree Angle')",1
"('Fellowes Neat Ideas Storage Cubes', 'VariCap6 Expandable Binder')",1
"('Fellowes Neat Ideas Storage Cubes', 'Wilson Jones Turn Tabs Binder Tool for Ring Binders')",1
"(""Global Value Mid-Back Manager's Chair, Gray"", 'Rubbermaid ClusterMat Chairmats, Mat Size- 66"" x 60"", Lip 20"" x 11"" -90 Degree Angle')",1
"(""Global Value Mid-Back Manager's Chair, Gray"", 'VariCap6 Expandable Binder')",1
"(""Global Value Mid-Back Manager's Chair, Gray"", 'Wilson Jones Turn Tabs Binder Tool for Ring Binders')",1
"('Rubbermaid ClusterMat Chairmats, Mat Size- 66"" x 60"", Lip 20"" x 11"" -90 Degree Angle', 'VariCap6 Expandable Binder')",1
"('Rubbermaid ClusterMat Chairmats, Mat Size- 66"" x 60"", Lip 20"" x 11"" -90 Degree Angle', 'Wilson Jones Turn Tabs Binder Tool for Ring Binders')",1
"('VariCap6 Expandable Binder', 'Wilson Jones Turn Tabs Binder Tool for Ring Binders')",1
"('Bestar Classic Bookcase', 'Bretford Rectangular Conference Table Tops')",1
"('Bestar Classic Bookcase', 'Hon Non-Folding Utility Tables')",1
"('Bretford Rectangular Conference Table Tops', 'Hon Non-Folding Utility Tables')",1
"('Holmes Replacement Filter for HEPA Air Cleaner, Medium Room', 'Ideal Clamps')",1
"('Holmes Replacement Filter for HEPA Air Cleaner, Medium Room', 'Pizazz Global Quick File')",1
"('Ideal Clamps', 'Pizazz Global Quick File')",1
"('Staples', 'While You Were Out Pads, 50 per Pad, 4 x 5 1/4, Green Cycle')",1
"('Jawbone MINI JAMBOX Wireless Bluetooth Speaker', 'Office Impressions Heavy Duty Welded Shelving & Multimedia Storage Drawers')",1
"('Jawbone MINI JAMBOX Wireless Bluetooth Speaker', 'Xerox 2')",1
"('Office Impressions Heavy Duty Welded Shelving & Multimedia Storage Drawers', 'Xerox 2')",1
"('Acco 6 Outlet Guardian Standard Surge Suppressor', 'DAX Clear Channel Poster Frame')",1
"('Acco 6 Outlet Guardian Standard Surge Suppressor', 'GBC DocuBind P400 Electric Binding System')",1
"('Acco 6 Outlet Guardian Standard Surge Suppressor', 'GBC Instant Index System for Binding Systems')",1
"('Acco 6 Outlet Guardian Standard Surge Suppressor', 'GBC Premium Transparent Covers with Diagonal Lined Pattern')",1
"('Acco 6 Outlet Guardian Standard Surge Suppressor', 'Microsoft Natural Keyboard Elite')",1
"('DAX Clear Channel Poster Frame', 'GBC DocuBind P400 Electric Binding System')",1
"('DAX Clear Channel Poster Frame', 'GBC Instant Index System for Binding Systems')",1
"('DAX Clear Channel Poster Frame', 'GBC Premium Transparent Covers with Diagonal Lined Pattern')",1
"('DAX Clear Channel Poster Frame', 'Microsoft Natural Keyboard Elite')",1
"('GBC DocuBind P400 Electric Binding System', 'GBC Instant Index System for Binding Systems')",1
"('GBC DocuBind P400 Electric Binding System', 'GBC Premium Transparent Covers with Diagonal Lined Pattern')",1
"('GBC DocuBind P400 Electric Binding System', 'Microsoft Natural Keyboard Elite')",1
"('GBC Instant Index System for Binding Systems', 'GBC Premium Transparent Covers with Diagonal Lined Pattern')",1
"('GBC Instant Index System for Binding Systems', 'Microsoft Natural Keyboard Elite')",1
"('GBC Premium Transparent Covers with Diagonal Lined Pattern', 'Microsoft Natural Keyboard Elite')",1
"('Acme Forged Steel Scissors with Black Enamel Handles', 'GBC Wire Binding Combs')",1
"('Acme Forged Steel Scissors with Black Enamel Handles', 'Logitech Wireless Gaming Headset G930')",1
"('Acme Forged Steel Scissors with Black Enamel Handles', 'Newell 345')",1
"('Acme Forged Steel Scissors with Black Enamel Handles', 'Xerox 1891')",1
"('GBC Wire Binding Combs', 'Logitech Wireless Gaming Headset G930')",1
"('GBC Wire Binding Combs', 'Newell 345')",1
"('GBC Wire Binding Combs', 'Xerox 1891')",1
"('Logitech Wireless Gaming Headset G930', 'Newell 345')",1
"('Logitech Wireless Gaming Headset G930', 'Xerox 1891')",1
"('Newell 345', 'Xerox 1891')",1
"('Presstex Flexible Ring Binders', 'Xerox 1944')",1
"('RCA ViSYS 25425RE1 Corded phone', 'Rogers Jumbo File, Granite')",1
"('RCA ViSYS 25425RE1 Corded phone', 'Xerox 229')",1
"('Rogers Jumbo File, Granite', 'Xerox 229')",1
"('Astroparche Fine Business Paper', 'Tripp Lite TLP810NET Broadband Surge for Modem/Fax')",1
"('Contico 72""H Heavy-Duty Storage System', 'Lesro Round Back Collection Coffee Table, End Table')",1
"('Balt Solid Wood Rectangular Table', 'GBC DocuBind 200 Manual Binding Machine')",1
"('Balt Solid Wood Rectangular Table', 'Jiffy Padded Mailers with Self-Seal Closure')",1
"('GBC DocuBind 200 Manual Binding Machine', 'Jiffy Padded Mailers with Self-Seal Closure')",1
"('Chromcraft Bull-Nose Wood Round Conference Table Top, Wood Base', 'Kingston Digital DataTraveler 32GB USB 2.0')",1
"('Bush Andora Bookcase, Maple/Graphite Gray Finish', 'Dana Halogen Swing-Arm Architect Lamp')",1
"('Bush Andora Bookcase, Maple/Graphite Gray Finish', 'Global Leather and Oak Executive Chair, Black')",1
"('Bush Andora Bookcase, Maple/Graphite Gray Finish', 'Novimex Fabric Task Chair')",1
"('Dana Halogen Swing-Arm Architect Lamp', 'Global Leather and Oak Executive Chair, Black')",1
"('Dana Halogen Swing-Arm Architect Lamp', 'Novimex Fabric Task Chair')",1
"('Global Leather and Oak Executive Chair, Black', 'Novimex Fabric Task Chair')",1
"('Xerox 1973', 'Xerox 210')",1
"('Acme Hot Forged Carbon Steel Scissors with Nickel-Plated Handles, 3 7/8"" Cut, 8""L', 'Self-Adhesive Removable Labels')",1
"('Boston 19500 Mighty Mite Electric Pencil Sharpener', 'Newell 335')",1
"('Boston 19500 Mighty Mite Electric Pencil Sharpener', ""O'Sullivan 3-Shelf Heavy-Duty Bookcases"")",1
"('Newell 335', ""O'Sullivan 3-Shelf Heavy-Duty Bookcases"")",1
"('Bagged Rubber Bands', 'Self-Adhesive Ring Binder Labels')",1
"('Bagged Rubber Bands', 'White Computer Printout Paper by Universal')",1
"('Self-Adhesive Ring Binder Labels', 'White Computer Printout Paper by Universal')",1
"('Avery Hidden Tab Dividers for Binding Systems', 'Gould Plastics 18-Pocket Panel Bin, 34w x 5-1/4d x 20-1/2h')",1
"('Avery 501', 'Storex Dura Pro Binders')",1
"('Avery 501', 'Tenex Traditional Chairmats for Hard Floors, Average Lip, 36"" x 48""')",1
"('Avery 501', 'Xerox 1988')",1
"('Storex Dura Pro Binders', 'Tenex Traditional Chairmats for Hard Floors, Average Lip, 36"" x 48""')",1
"('Storex Dura Pro Binders', 'Xerox 1988')",1
"('Tenex Traditional Chairmats for Hard Floors, Average Lip, 36"" x 48""', 'Xerox 1988')",1
"('Belkin F8E887 USB Wired Ergonomic Keyboard', 'GBC White Gloss Covers, Plain Front')",1
"('Avery 511', 'Fiskars Softgrip Scissors')",1
"('Avery 511', 'Xerox 1973')",1
"('Fiskars Softgrip Scissors', 'Xerox 1973')",1
"('Green Canvas Binder for 8-1/2"" x 14"" Sheets', 'Logitech Keyboard K120')",1
"('Green Canvas Binder for 8-1/2"" x 14"" Sheets', 'Wilson Jones Elliptical Ring 3 1/2"" Capacity Binders, 800 sheets')",1
"('Logitech Keyboard K120', 'Wilson Jones Elliptical Ring 3 1/2"" Capacity Binders, 800 sheets')",1
"('Riverside Furniture Oval Coffee Table, Oval End Table, End Table with Drawer', 'Staples')",1
"('Avery 489', 'Binney & Smith Crayola Metallic Colored Pencils, 8-Color Set')",1
"('Avery 489', 'Gould Plastics 9-Pocket Panel Bin, 18-3/8w x 5-1/4d x 20-1/2h, Black')",1
"('Avery 489', 'HP Office Recycled Paper (20Lb. and 87 Bright)')",1
"('Avery 489', 'OIC Binder Clips, Mini, 1/4"" Capacity, Black')",1
"('Avery 489', 'Tyvek  Top-Opening Peel & Seel Envelopes, Plain White')",1
"('Binney & Smith Crayola Metallic Colored Pencils, 8-Color Set', 'Gould Plastics 9-Pocket Panel Bin, 18-3/8w x 5-1/4d x 20-1/2h, Black')",1
"('Binney & Smith Crayola Metallic Colored Pencils, 8-Color Set', 'HP Office Recycled Paper (20Lb. and 87 Bright)')",1
"('Binney & Smith Crayola Metallic Colored Pencils, 8-Color Set', 'OIC Binder Clips, Mini, 1/4"" Capacity, Black')",1
"('Binney & Smith Crayola Metallic Colored Pencils, 8-Color Set', 'Tyvek  Top-Opening Peel & Seel Envelopes, Plain White')",1
"('Gould Plastics 9-Pocket Panel Bin, 18-3/8w x 5-1/4d x 20-1/2h, Black', 'HP Office Recycled Paper (20Lb. and 87 Bright)')",1
"('Gould Plastics 9-Pocket Panel Bin, 18-3/8w x 5-1/4d x 20-1/2h, Black', 'OIC Binder Clips, Mini, 1/4"" Capacity, Black')",1
"('Gould Plastics 9-Pocket Panel Bin, 18-3/8w x 5-1/4d x 20-1/2h, Black', 'Tyvek  Top-Opening Peel & Seel Envelopes, Plain White')",1
"('HP Office Recycled Paper (20Lb. and 87 Bright)', 'OIC Binder Clips, Mini, 1/4"" Capacity, Black')",1
"('HP Office Recycled Paper (20Lb. and 87 Bright)', 'Tyvek  Top-Opening Peel & Seel Envelopes, Plain White')",1
"('OIC Binder Clips, Mini, 1/4"" Capacity, Black', 'Tyvek  Top-Opening Peel & Seel Envelopes, Plain White')",1
"('Avery 510', 'Newell 310')",1
"('Avery 510', 'Pressboard Data Binder, Crimson, 12"" X 8 1/2""')",1
"('Avery 510', 'Safco Wire Cube Shelving System, For Use as 4 or 5 14"" Cubes, Black')",1
"('Avery 510', 'Tennsco Double-Tier Lockers')",1
"('Newell 310', 'Pressboard Data Binder, Crimson, 12"" X 8 1/2""')",1
"('Newell 310', 'Safco Wire Cube Shelving System, For Use as 4 or 5 14"" Cubes, Black')",1
"('Newell 310', 'Tennsco Double-Tier Lockers')",1
"('Pressboard Data Binder, Crimson, 12"" X 8 1/2""', 'Safco Wire Cube Shelving System, For Use as 4 or 5 14"" Cubes, Black')",1
"('Pressboard Data Binder, Crimson, 12"" X 8 1/2""', 'Tennsco Double-Tier Lockers')",1
"('Safco Wire Cube Shelving System, For Use as 4 or 5 14"" Cubes, Black', 'Tennsco Double-Tier Lockers')",1
"('4009 Highlighters by Sanford', 'Atlantic Metals Mobile 3-Shelf Bookcases, Custom Colors')",1
"('4009 Highlighters by Sanford', 'Atlantic Metals Mobile 4-Shelf Bookcases, Custom Colors')",1
"('4009 Highlighters by Sanford', ""I Need's 3d Hello Kitty Hybrid Silicone Case Cover for HTC One X 4g with 3d Hello Kitty Stylus Pen Green/pink"")",1
"('4009 Highlighters by Sanford', 'Xerox 205')",1
"('Atlantic Metals Mobile 3-Shelf Bookcases, Custom Colors', 'Atlantic Metals Mobile 4-Shelf Bookcases, Custom Colors')",1
"('Atlantic Metals Mobile 3-Shelf Bookcases, Custom Colors', ""I Need's 3d Hello Kitty Hybrid Silicone Case Cover for HTC One X 4g with 3d Hello Kitty Stylus Pen Green/pink"")",1
"('Atlantic Metals Mobile 3-Shelf Bookcases, Custom Colors', 'Xerox 205')",1
"('Atlantic Metals Mobile 4-Shelf Bookcases, Custom Colors', ""I Need's 3d Hello Kitty Hybrid Silicone Case Cover for HTC One X 4g with 3d Hello Kitty Stylus Pen Green/pink"")",1
"('Atlantic Metals Mobile 4-Shelf Bookcases, Custom Colors', 'Xerox 205')",1
"(""I Need's 3d Hello Kitty Hybrid Silicone Case Cover for HTC One X 4g with 3d Hello Kitty Stylus Pen Green/pink"", 'Xerox 205')",1
"('Global Deluxe Steno Chair', 'Square Credit Card Reader')",1
"('Anker Ultra-Slim Mini Bluetooth 3.0 Wireless Keyboard', 'Cisco 9971 IP Video Phone Charcoal')",1
"('Anker Ultra-Slim Mini Bluetooth 3.0 Wireless Keyboard', 'LG G3')",1
"('Cisco 9971 IP Video Phone Charcoal', 'LG G3')",1
"('Anker Astro Mini 3000mAh Ultra-Compact Portable Charger', ""Global Manager's Adjustable Task Chair, Storm"")",1
"('Bretford CR8500 Series Meeting Room Furniture', ""Global Manager's Adjustable Task Chair, Storm"")",1
"('Dixon Ticonderoga Pencils', 'SanDisk Ultra 64 GB MicroSDHC Class 10 Memory Card')",1
"('Angle-D Ring Binders', 'GBC Wire Binding Strips')",1
"('Angle-D Ring Binders', 'Samsung Galaxy Note 3')",1
"('GBC Wire Binding Strips', 'Samsung Galaxy Note 3')",1
"('Newell 321', 'Xerox 1996')",1
"('Anker Ultra-Slim Mini Bluetooth 3.0 Wireless Keyboard', 'Eldon Expressions Wood and Plastic Desk Accessories, Cherry Wood')",1
"('Anker Ultra-Slim Mini Bluetooth 3.0 Wireless Keyboard', 'GBC Prepunched Paper, 19-Hole, for Binding Systems, 24-lb')",1
"('Eldon Expressions Wood and Plastic Desk Accessories, Cherry Wood', 'GBC Prepunched Paper, 19-Hole, for Binding Systems, 24-lb')",1
"('Eureka The Boss Lite 10-Amp Upright Vacuum, Blue', 'Plantronics MX500i Earset')",1
"('Eureka The Boss Lite 10-Amp Upright Vacuum, Blue', 'RCA H5401RE1 DECT 6.0 4-Line Cordless Handset With Caller ID/Call Waiting')",1
"('Plantronics MX500i Earset', 'RCA H5401RE1 DECT 6.0 4-Line Cordless Handset With Caller ID/Call Waiting')",1
"('Cush Cases Heavy Duty Rugged Cover Case for Samsung Galaxy S5 - Purple', 'Newell 324')",1
"('Boston Model 1800 Electric Pencil Sharpener, Gray', 'GBC Recycled Regency Composition Covers')",1
"('DAX Value U-Channel Document Frames, Easel Back', 'Hoover Upright Vacuum With Dirt Cup')",1
"('Executive Impressions 14"" Contract Wall Clock with Quartz Movement', 'Maxell CD-R Discs')",1
"('Executive Impressions 14"" Contract Wall Clock with Quartz Movement', ""O'Sullivan 5-Shelf Heavy-Duty Bookcases"")",1
"('Executive Impressions 14"" Contract Wall Clock with Quartz Movement', 'SanDisk Ultra 16 GB MicroSDHC Class 10 Memory Card')",1
"('Executive Impressions 14"" Contract Wall Clock with Quartz Movement', 'Staples')",1
"('Maxell CD-R Discs', ""O'Sullivan 5-Shelf Heavy-Duty Bookcases"")",1
"('Maxell CD-R Discs', 'SanDisk Ultra 16 GB MicroSDHC Class 10 Memory Card')",1
"('Maxell CD-R Discs', 'Staples')",1
"(""O'Sullivan 5-Shelf Heavy-Duty Bookcases"", 'SanDisk Ultra 16 GB MicroSDHC Class 10 Memory Card')",1
"(""O'Sullivan 5-Shelf Heavy-Duty Bookcases"", 'Staples')",1
"('SanDisk Ultra 16 GB MicroSDHC Class 10 Memory Card', 'Staples')",1
"('Tennsco Industrial Shelving', 'Xerox 1920')",1
"('Barricks 18"" x 48"" Non-Folding Utility Table with Bottom Storage Shelf', 'i.Sound Portable Power - 8000 mAh')",1
"('Avery Personal Creations Heavyweight Cards', 'Bevis Rectangular Conference Tables')",1
"('Avery Personal Creations Heavyweight Cards', 'Bush Westfield Collection Bookcases, Dark Cherry Finish')",1
"('Avery Personal Creations Heavyweight Cards', 'DAX Wood Document Frame')",1
"('Avery Personal Creations Heavyweight Cards', 'Logitech Keyboard K120')",1
"('Avery Personal Creations Heavyweight Cards', 'Master Caster Door Stop, Large Neon Orange')",1
"('Avery Personal Creations Heavyweight Cards', 'Newell 313')",1
"('Avery Personal Creations Heavyweight Cards', 'Newell 326')",1
"('Avery Personal Creations Heavyweight Cards', 'Xerox 1932')",1
"('Bevis Rectangular Conference Tables', 'Bush Westfield Collection Bookcases, Dark Cherry Finish')",1
"('Bevis Rectangular Conference Tables', 'DAX Wood Document Frame')",1
"('Bevis Rectangular Conference Tables', 'Logitech Keyboard K120')",1
"('Bevis Rectangular Conference Tables', 'Master Caster Door Stop, Large Neon Orange')",1
"('Bevis Rectangular Conference Tables', 'Newell 313')",1
"('Bevis Rectangular Conference Tables', 'Newell 326')",1
"('Bevis Rectangular Conference Tables', 'Xerox 1932')",1
"('Bush Westfield Collection Bookcases, Dark Cherry Finish', 'DAX Wood Document Frame')",1
"('Bush Westfield Collection Bookcases, Dark Cherry Finish', 'Logitech Keyboard K120')",1
"('Bush Westfield Collection Bookcases, Dark Cherry Finish', 'Master Caster Door Stop, Large Neon Orange')",1
"('Bush Westfield Collection Bookcases, Dark Cherry Finish', 'Newell 313')",1
"('Bush Westfield Collection Bookcases, Dark Cherry Finish', 'Newell 326')",1
"('Bush Westfield Collection Bookcases, Dark Cherry Finish', 'Xerox 1932')",1
"('DAX Wood Document Frame', 'Logitech Keyboard K120')",1
"('DAX Wood Document Frame', 'Master Caster Door Stop, Large Neon Orange')",1
"('DAX Wood Document Frame', 'Newell 313')",1
"('DAX Wood Document Frame', 'Newell 326')",1
"('DAX Wood Document Frame', 'Xerox 1932')",1
"('Logitech Keyboard K120', 'Master Caster Door Stop, Large Neon Orange')",1
"('Logitech Keyboard K120', 'Newell 313')",1
"('Logitech Keyboard K120', 'Newell 326')",1
"('Logitech Keyboard K120', 'Xerox 1932')",1
"('Master Caster Door Stop, Large Neon Orange', 'Newell 313')",1
"('Master Caster Door Stop, Large Neon Orange', 'Newell 326')",1
"('Master Caster Door Stop, Large Neon Orange', 'Xerox 1932')",1
"('Newell 313', 'Newell 326')",1
"('Newell 313', 'Xerox 1932')",1
"('Newell 326', 'Xerox 1932')",1
"('Acme 10"" Easy Grip Assistive Scissors', 'Eldon Simplefile Box Office')",1
"('Acme 10"" Easy Grip Assistive Scissors', 'GBC Twin Loop Wire Binding Elements, 9/16"" Spine, Black')",1
"('Eldon Simplefile Box Office', 'GBC Twin Loop Wire Binding Elements, 9/16"" Spine, Black')",1
"('Newell 313', 'SAFCO Mobile Desk Side File, Wire Frame')",1
"('Newell 313', 'Xerox 1959')",1
"('SAFCO Mobile Desk Side File, Wire Frame', 'Xerox 1959')",1
"('Adjustable Depth Letter/Legal Cart', 'Deflect-o Glass Clear Studded Chair Mats')",1
"('Adjustable Depth Letter/Legal Cart', 'Deluxe Heavy-Duty Vinyl Round Ring Binder')",1
"('Adjustable Depth Letter/Legal Cart', 'Global Value Steno Chair, Gray')",1
"('Deflect-o Glass Clear Studded Chair Mats', 'Deluxe Heavy-Duty Vinyl Round Ring Binder')",1
"('Deflect-o Glass Clear Studded Chair Mats', 'Global Value Steno Chair, Gray')",1
"('Deluxe Heavy-Duty Vinyl Round Ring Binder', 'Global Value Steno Chair, Gray')",1
"('Avery Heavy-Duty EZD View Binder with Locking Rings', 'Brother DCP1000 Digital 3 in 1 Multifunction Machine')",1
"('Avery Heavy-Duty EZD View Binder with Locking Rings', 'Newell 31')",1
"('Avery Heavy-Duty EZD View Binder with Locking Rings', 'Xerox 204')",1
"('Brother DCP1000 Digital 3 in 1 Multifunction Machine', 'Newell 31')",1
"('Brother DCP1000 Digital 3 in 1 Multifunction Machine', 'Xerox 204')",1
"('Newell 31', 'Xerox 204')",1
"(""O'Sullivan Living Dimensions 3-Shelf Bookcases"", 'Universal Recycled Hanging Pressboard Report Binders, Letter Size')",1
"(""O'Sullivan Living Dimensions 3-Shelf Bookcases"", 'Xerox 1900')",1
"('Universal Recycled Hanging Pressboard Report Binders, Letter Size', 'Xerox 1900')",1
"('Bush Westfield Collection Bookcases, Medium Cherry Finish', 'GBC Twin Loop Wire Binding Elements')",1
"('Bush Westfield Collection Bookcases, Medium Cherry Finish', 'Xerox 1967')",1
"('GBC Twin Loop Wire Binding Elements', 'Xerox 1967')",1
"('Longer-Life Soft White Bulbs', 'Xerox 1881')",1
"('Brites Rubber Bands, 1 1/2 oz. Box', 'SanDisk Ultra 32 GB MicroSDHC Class 10 Memory Card')",1
"('Redi-Strip #10 Envelopes, 4 1/8 x 9 1/2', 'UniKeep View Case Binders')",1
"('Prang Colored Pencils', 'Xerox 1919')",1
"('Avery Hanging File Binders', 'GBC DocuBind TL300 Electric Binding System')",1
"('Anderson Hickey Conga Table Tops & Accessories', 'Eldon Shelf Savers Cubes and Bins')",1
"('Tripp Lite Isotel 6 Outlet Surge Protector with Fax/Modem Protection', 'Verbatim Slim CD and DVD Storage Cases, 50/Pack')",1
"('Boston 1900 Electric Pencil Sharpener', 'Deflect-o Glass Clear Studded Chair Mats')",1
"('Boston 1900 Electric Pencil Sharpener', ""Hon Mobius Operator's Chair"")",1
"('Boston 1900 Electric Pencil Sharpener', 'Nortel Meridian M3904 Professional Digital phone')",1
"('Boston 1900 Electric Pencil Sharpener', 'Rush Hierlooms Collection 1"" Thick Stackable Bookcases')",1
"('Deflect-o Glass Clear Studded Chair Mats', ""Hon Mobius Operator's Chair"")",1
"('Deflect-o Glass Clear Studded Chair Mats', 'Nortel Meridian M3904 Professional Digital phone')",1
"('Deflect-o Glass Clear Studded Chair Mats', 'Rush Hierlooms Collection 1"" Thick Stackable Bookcases')",1
"(""Hon Mobius Operator's Chair"", 'Nortel Meridian M3904 Professional Digital phone')",1
"(""Hon Mobius Operator's Chair"", 'Rush Hierlooms Collection 1"" Thick Stackable Bookcases')",1
"('Nortel Meridian M3904 Professional Digital phone', 'Rush Hierlooms Collection 1"" Thick Stackable Bookcases')",1
"(""O'Sullivan Manor Hill 2-Door Library in Brianna Oak"", 'Self-Adhesive Address Labels for Typewriters by Universal')",1
"(""O'Sullivan Manor Hill 2-Door Library in Brianna Oak"", 'Sharp 1540cs Digital Laser Copier')",1
"('Self-Adhesive Address Labels for Typewriters by Universal', 'Sharp 1540cs Digital Laser Copier')",1
"('Avery 4027 File Folder Labels for Dot Matrix Printers, 5000 Labels per Box, White', 'Hon 61000 Series Interactive Training Tables')",1
"('50 Colored Long Pencils', 'Brown Kraft Recycled Envelopes')",1
"('Dell Slim USB Multimedia Keyboard', 'Eldon Stackable Tray, Side-Load, Legal, Smoke')",1
"('Dell Slim USB Multimedia Keyboard', 'GBC DocuBind P100 Manual Binding Machine')",1
"('Eldon Stackable Tray, Side-Load, Legal, Smoke', 'GBC DocuBind P100 Manual Binding Machine')",1
"('Iceberg OfficeWorks 42"" Round Tables', 'Polycom CX600 IP Phone VoIP phone')",1
"('#10 White Business Envelopes,4 1/8 x 9 1/2', 'Wilson Jones Easy Flow II Sheet Lifters')",1
"('Staples', 'Wilson Jones Easy Flow II Sheet Lifters')",1
"('Cardinal Hold-It CD Pocket', 'Eldon Spacemaker Box, Quick-Snap Lid, Clear')",1
"('Cardinal Hold-It CD Pocket', 'Kensington 6 Outlet SmartSocket Surge Protector')",1
"('Cardinal Hold-It CD Pocket', 'Storex DuraTech Recycled Plastic Frosted Binders')",1
"('Eldon Spacemaker Box, Quick-Snap Lid, Clear', 'Kensington 6 Outlet SmartSocket Surge Protector')",1
"('Eldon Spacemaker Box, Quick-Snap Lid, Clear', 'Storex DuraTech Recycled Plastic Frosted Binders')",1
"('Kensington 6 Outlet SmartSocket Surge Protector', 'Storex DuraTech Recycled Plastic Frosted Binders')",1
"('Global Deluxe Office Fabric Chairs', 'Jabra SPEAK 410')",1
"('Global Deluxe Office Fabric Chairs', 'Tenex ""The Solids"" Textured Chair Mats')",1
"('Global Deluxe Office Fabric Chairs', 'Wilson Jones Hanging View Binder, White, 1""')",1
"('Jabra SPEAK 410', 'Tenex ""The Solids"" Textured Chair Mats')",1
"('Jabra SPEAK 410', 'Wilson Jones Hanging View Binder, White, 1""')",1
"('Tenex ""The Solids"" Textured Chair Mats', 'Wilson Jones Hanging View Binder, White, 1""')",1
"('DAX Contemporary Wood Frame with Silver Metal Mat, Desktop, 11 x 14 Size', 'Xerox 1997')",1
"('Eldon Wave Desk Accessories', 'Permanent Self-Adhesive File Folder Labels for Typewriters, 1 1/8 x 3 1/2, White')",1
"('OIC Binder Clips', 'Permanent Self-Adhesive File Folder Labels for Typewriters, 1 1/8 x 3 1/2, White')",1
"('OIC Binder Clips', 'Poly Designer Cover & Back')",1
"('Permanent Self-Adhesive File Folder Labels for Typewriters, 1 1/8 x 3 1/2, White', 'Poly Designer Cover & Back')",1
"('Logitech Desktop MK120 Mouse and keyboard Combo', 'Samsung Rugby III')",1
"('#10- 4 1/8"" x 9 1/2"" Recycled Envelopes', 'Newell 34')",1
"('#10- 4 1/8"" x 9 1/2"" Recycled Envelopes', 'Wilson Jones data.warehouse D-Ring Binders with DublLock')",1
"('Newell 34', 'Wilson Jones data.warehouse D-Ring Binders with DublLock')",1
"('G.E. Halogen Desk Lamp Bulbs', 'Howard Miller 11-1/2"" Diameter Ridgewood Wall Clock')",1
"('G.E. Halogen Desk Lamp Bulbs', 'Iceberg Mobile Mega Data/Printer Cart ')",1
"('G.E. Halogen Desk Lamp Bulbs', 'OtterBox Commuter Series Case - Samsung Galaxy S4')",1
"('Howard Miller 11-1/2"" Diameter Ridgewood Wall Clock', 'Iceberg Mobile Mega Data/Printer Cart ')",1
"('Howard Miller 11-1/2"" Diameter Ridgewood Wall Clock', 'OtterBox Commuter Series Case - Samsung Galaxy S4')",1
"('Iceberg Mobile Mega Data/Printer Cart ', 'OtterBox Commuter Series Case - Samsung Galaxy S4')",1
"('Avery Round Ring Poly Binders', 'Samsung Convoy 3')",1
"('Avery Round Ring Poly Binders', 'Sony 16GB Class 10 Micro SDHC R40 Memory Card')",1
"('Samsung Convoy 3', 'Sony 16GB Class 10 Micro SDHC R40 Memory Card')",1
"('Canon PC-428 Personal Copier', 'Ibico Plastic Spiral Binding Combs')",1
"('Canon PC-428 Personal Copier', 'TOPS 4 x 6 Fluorescent Color Memo Sheets, 500 Sheets per Pack')",1
"('Ibico Plastic Spiral Binding Combs', 'TOPS 4 x 6 Fluorescent Color Memo Sheets, 500 Sheets per Pack')",1
"('Crayola Anti Dust Chalk, 12/Pack', 'Hoover Replacement Belts For Soft Guard & Commercial Ltweight Upright Vacs, 2/Pk')",1
"('Crayola Anti Dust Chalk, 12/Pack', 'Imation Bio 2GB USB\xa0Flash Drive Imation\xa0Corp')",1
"('Crayola Anti Dust Chalk, 12/Pack', 'Ricoh - Ink Collector Unit for GX3000 Series Printers')",1
"('Hoover Replacement Belts For Soft Guard & Commercial Ltweight Upright Vacs, 2/Pk', 'Imation Bio 2GB USB\xa0Flash Drive Imation\xa0Corp')",1
"('Hoover Replacement Belts For Soft Guard & Commercial Ltweight Upright Vacs, 2/Pk', 'Ricoh - Ink Collector Unit for GX3000 Series Printers')",1
"('Imation Bio 2GB USB\xa0Flash Drive Imation\xa0Corp', 'Ricoh - Ink Collector Unit for GX3000 Series Printers')",1
"('AT&T 17929 Lendline Telephone', 'Deflect-o Glass Clear Studded Chair Mats')",1
"('AT&T 17929 Lendline Telephone', 'Holmes Replacement Filter for HEPA Air Cleaner, Large Room')",1
"('AT&T 17929 Lendline Telephone', 'Hunt PowerHouse Electric Pencil Sharpener, Blue')",1
"('AT&T 17929 Lendline Telephone', 'Newell 314')",1
"('Deflect-o Glass Clear Studded Chair Mats', 'Holmes Replacement Filter for HEPA Air Cleaner, Large Room')",1
"('Deflect-o Glass Clear Studded Chair Mats', 'Hunt PowerHouse Electric Pencil Sharpener, Blue')",1
"('Deflect-o Glass Clear Studded Chair Mats', 'Newell 314')",1
"('Holmes Replacement Filter for HEPA Air Cleaner, Large Room', 'Hunt PowerHouse Electric Pencil Sharpener, Blue')",1
"('Holmes Replacement Filter for HEPA Air Cleaner, Large Room', 'Newell 314')",1
"('Hunt PowerHouse Electric Pencil Sharpener, Blue', 'Newell 314')",1
"('Aluminum Screw Posts', 'GBC Clear Cover, 8-1/2 x 11, unpunched, 25 covers per pack')",1
"('Aluminum Screw Posts', 'Ibico Plastic Spiral Binding Combs')",1
"('Aluminum Screw Posts', 'Tuf-Vin Binders')",1
"('GBC Clear Cover, 8-1/2 x 11, unpunched, 25 covers per pack', 'Ibico Plastic Spiral Binding Combs')",1
"('GBC Clear Cover, 8-1/2 x 11, unpunched, 25 covers per pack', 'Tuf-Vin Binders')",1
"('Ibico Plastic Spiral Binding Combs', 'Tuf-Vin Binders')",1
"('Fellowes Strictly Business Drawer File, Letter/Legal Size', ""Global Value Mid-Back Manager's Chair, Gray"")",1
"('Fellowes Strictly Business Drawer File, Letter/Legal Size', 'Staples')",1
"(""Global Value Mid-Back Manager's Chair, Gray"", 'Staples')",1
"('Acco Flexible ACCOHIDE Square Ring Data Binder, Dark Blue, 11 1/2"" X 14"" 7/8""', 'Acco Perma 3000 Stacking Storage Drawers')",1
"('Acco Flexible ACCOHIDE Square Ring Data Binder, Dark Blue, 11 1/2"" X 14"" 7/8""', 'Polycom VVX 310 VoIP phone')",1
"('Acco Flexible ACCOHIDE Square Ring Data Binder, Dark Blue, 11 1/2"" X 14"" 7/8""', 'Safco Industrial Wire Shelving System')",1
"('Acco Flexible ACCOHIDE Square Ring Data Binder, Dark Blue, 11 1/2"" X 14"" 7/8""', 'Samsung Galaxy S4 Active')",1
"('Acco Perma 3000 Stacking Storage Drawers', 'Polycom VVX 310 VoIP phone')",1
"('Acco Perma 3000 Stacking Storage Drawers', 'Safco Industrial Wire Shelving System')",1
"('Acco Perma 3000 Stacking Storage Drawers', 'Samsung Galaxy S4 Active')",1
"('Polycom VVX 310 VoIP phone', 'Safco Industrial Wire Shelving System')",1
"('Polycom VVX 310 VoIP phone', 'Samsung Galaxy S4 Active')",1
"('Safco Industrial Wire Shelving System', 'Samsung Galaxy S4 Active')",1
"('3M Office Air Cleaner', 'Acco D-Ring Binder w/DublLock')",1
"('3M Office Air Cleaner', 'Logitech G700s Rechargeable Gaming Mouse')",1
"('Acco D-Ring Binder w/DublLock', 'Logitech G700s Rechargeable Gaming Mouse')",1
"('ClearOne Communications CHAT 70 OC\xa0Speaker Phone', 'Iceberg Nesting Folding Chair, 19w x 6d x 43h')",1
"('Global High-Back Leather Tilter, Burgundy', 'Staples')",1
"('Message Book, Wirebound, Four 5 1/2"" X 4"" Forms/Pg., 200 Dupl. Sets/Book', 'Verbatim 25 GB 6x Blu-ray Single Layer Recordable Disc, 25/Pack')",1
"('Strathmore #10 Envelopes, Ultimate White', 'Xerox 1898')",1
"('Newell 307', 'Wirebound Message Books, Four 2 3/4"" x 5"" Forms per Page, 600 Sets per Book')",1
"('Newell 307', 'Xerox 207')",1
"('Wirebound Message Books, Four 2 3/4"" x 5"" Forms per Page, 600 Sets per Book', 'Xerox 207')",1
"('KeyTronic\xa0KT800P2 -\xa0Keyboard\xa0- Black', 'Tenex Personal Self-Stacking Standard File Box, Black/Gray')",1
"('Avery Round Ring Poly Binders', 'DIXON Ticonderoga Erasable Checking Pencils')",1
"('Avery Round Ring Poly Binders', 'Eldon Advantage Foldable Chair Mats for Low Pile Carpets')",1
"('Avery Round Ring Poly Binders', 'GBC Prestige Therm-A-Bind Covers')",1
"('DIXON Ticonderoga Erasable Checking Pencils', 'Eldon Advantage Foldable Chair Mats for Low Pile Carpets')",1
"('DIXON Ticonderoga Erasable Checking Pencils', 'GBC Prestige Therm-A-Bind Covers')",1
"('Eldon Advantage Foldable Chair Mats for Low Pile Carpets', 'GBC Prestige Therm-A-Bind Covers')",1
"('Avery Arch Ring Binders', 'Global Armless Task Chair, Royal Blue')",1
"('Avery Arch Ring Binders', 'Xerox 188')",1
"('Global Armless Task Chair, Royal Blue', 'Xerox 188')",1
"('Hon Olson Stacker Chairs', 'Tennsco Stur-D-Stor Boltless Shelving, 5 Shelves, 24"" Deep, Sand')",1
"('Staples', 'Tennsco Stur-D-Stor Boltless Shelving, 5 Shelves, 24"" Deep, Sand')",1
"('Logitech Wireless Marathon Mouse M705', 'Staples')",1
"('Jabra SPEAK 410', 'Xerox 212')",1
"('Tops Wirebound Message Log Books', 'Wilson Jones Ledger-Size, Piano-Hinge Binder, 2"", Blue')",1
"('Kensington 4 Outlet MasterPiece Compact Power Control Center', 'Maxell 4.7GB DVD-R')",1
"('Kensington 4 Outlet MasterPiece Compact Power Control Center', 'OtterBox Commuter Series Case - iPhone 5 & 5s')",1
"('Maxell 4.7GB DVD-R', 'OtterBox Commuter Series Case - iPhone 5 & 5s')",1
"('Eldon Spacemaker Box, Quick-Snap Lid, Clear', 'Pressboard Covers with Storage Hooks, 9 1/2"" x 11"", Light Blue')",1
"('Ideal Clamps', 'Novimex Swivel Fabric Task Chair')",1
"('Ideal Clamps', 'Tensor ""Hersey Kiss"" Styled Floor Lamp')",1
"('Novimex Swivel Fabric Task Chair', 'Tensor ""Hersey Kiss"" Styled Floor Lamp')",1
"('GBC Recycled Regency Composition Covers', 'Tenex Personal Self-Stacking Standard File Box, Black/Gray')",1
"('GBC Recycled Regency Composition Covers', 'Xerox 1915')",1
"('Tenex Personal Self-Stacking Standard File Box, Black/Gray', 'Xerox 1915')",1
"('Atlantic Metals Mobile 3-Shelf Bookcases, Custom Colors', 'GBC Prestige Therm-A-Bind Covers')",1
"('Atlantic Metals Mobile 3-Shelf Bookcases, Custom Colors', 'Lexmark S315 Color Inkjet Printer')",1
"('Atlantic Metals Mobile 3-Shelf Bookcases, Custom Colors', 'Memorex Micro Travel Drive 32 GB')",1
"('GBC Prestige Therm-A-Bind Covers', 'Lexmark S315 Color Inkjet Printer')",1
"('GBC Prestige Therm-A-Bind Covers', 'Memorex Micro Travel Drive 32 GB')",1
"('Lexmark S315 Color Inkjet Printer', 'Memorex Micro Travel Drive 32 GB')",1
"('Seth Thomas 13 1/2"" Wall Clock', 'Staples')",1
"('Brother DCP1000 Digital 3 in 1 Multifunction Machine', 'Great White Multi-Use Recycled Paper (20Lb. and 84 Bright)')",1
"('Brother DCP1000 Digital 3 in 1 Multifunction Machine', 'Important Message Pads, 50 4-1/4 x 5-1/2 Forms per Pad')",1
"('Great White Multi-Use Recycled Paper (20Lb. and 84 Bright)', 'Important Message Pads, 50 4-1/4 x 5-1/2 Forms per Pad')",1
"('Canon PC940 Copier', 'Deluxe Rollaway Locking File with Drawer')",1
"('Canon PC940 Copier', 'Multicolor Computer Printout Paper')",1
"('Deluxe Rollaway Locking File with Drawer', 'Multicolor Computer Printout Paper')",1
"('Advantus 10-Drawer Portable Organizer, Chrome Metal Frame, Smoke Drawers', 'Holmes Replacement Filter for HEPA Air Cleaner, Very Large Room, HEPA Filter')",1
"('Bravo II Megaboss 12-Amp Hard Body Upright, Replacement Belts, 2 Belts per Pack', 'Fellowes Bankers Box Stor/Drawer Steel Plus')",1
"('Bravo II Megaboss 12-Amp Hard Body Upright, Replacement Belts, 2 Belts per Pack', 'Global Leather Highback Executive Chair with Pneumatic Height Adjustment, Black')",1
"('Bravo II Megaboss 12-Amp Hard Body Upright, Replacement Belts, 2 Belts per Pack', 'Holmes Replacement Filter for HEPA Air Cleaner, Large Room')",1
"('Bravo II Megaboss 12-Amp Hard Body Upright, Replacement Belts, 2 Belts per Pack', 'SanDisk Cruzer 16 GB USB Flash Drive')",1
"('Bravo II Megaboss 12-Amp Hard Body Upright, Replacement Belts, 2 Belts per Pack', 'Sanford Prismacolor Professional Thick Lead Art Pencils, 36-Color Set')",1
"('Bravo II Megaboss 12-Amp Hard Body Upright, Replacement Belts, 2 Belts per Pack', 'Xerox 1897')",1
"('Fellowes Bankers Box Stor/Drawer Steel Plus', 'Global Leather Highback Executive Chair with Pneumatic Height Adjustment, Black')",1
"('Fellowes Bankers Box Stor/Drawer Steel Plus', 'Holmes Replacement Filter for HEPA Air Cleaner, Large Room')",1
"('Fellowes Bankers Box Stor/Drawer Steel Plus', 'SanDisk Cruzer 16 GB USB Flash Drive')",1
"('Fellowes Bankers Box Stor/Drawer Steel Plus', 'Sanford Prismacolor Professional Thick Lead Art Pencils, 36-Color Set')",1
"('Fellowes Bankers Box Stor/Drawer Steel Plus', 'Xerox 1897')",1
"('Global Leather Highback Executive Chair with Pneumatic Height Adjustment, Black', 'Holmes Replacement Filter for HEPA Air Cleaner, Large Room')",1
"('Global Leather Highback Executive Chair with Pneumatic Height Adjustment, Black', 'SanDisk Cruzer 16 GB USB Flash Drive')",1
"('Global Leather Highback Executive Chair with Pneumatic Height Adjustment, Black', 'Sanford Prismacolor Professional Thick Lead Art Pencils, 36-Color Set')",1
"('Global Leather Highback Executive Chair with Pneumatic Height Adjustment, Black', 'Xerox 1897')",1
"('Holmes Replacement Filter for HEPA Air Cleaner, Large Room', 'SanDisk Cruzer 16 GB USB Flash Drive')",1
"('Holmes Replacement Filter for HEPA Air Cleaner, Large Room', 'Sanford Prismacolor Professional Thick Lead Art Pencils, 36-Color Set')",1
"('Holmes Replacement Filter for HEPA Air Cleaner, Large Room', 'Xerox 1897')",1
"('SanDisk Cruzer 16 GB USB Flash Drive', 'Sanford Prismacolor Professional Thick Lead Art Pencils, 36-Color Set')",1
"('SanDisk Cruzer 16 GB USB Flash Drive', 'Xerox 1897')",1
"('Sanford Prismacolor Professional Thick Lead Art Pencils, 36-Color Set', 'Xerox 1897')",1
"('Avery 501', 'Electrix Halogen Magnifier Lamp')",1
"('Avery Self-Adhesive Photo Pockets for Polaroid Photos', 'Eldon Expressions Wood Desk Accessories, Oak')",1
"('Avery Self-Adhesive Photo Pockets for Polaroid Photos', 'Perma STOR-ALL Hanging File Box, 13 1/8""W x 12 1/4""D x 10 1/2""H')",1
"('Avery Self-Adhesive Photo Pockets for Polaroid Photos', 'Stiletto Hand Letter Openers')",1
"('Eldon Expressions Wood Desk Accessories, Oak', 'Perma STOR-ALL Hanging File Box, 13 1/8""W x 12 1/4""D x 10 1/2""H')",1
"('Eldon Expressions Wood Desk Accessories, Oak', 'Stiletto Hand Letter Openers')",1
"('Perma STOR-ALL Hanging File Box, 13 1/8""W x 12 1/4""D x 10 1/2""H', 'Stiletto Hand Letter Openers')",1
"('AmazonBasics 3-Button USB Wired Mouse', 'Eldon Expressions Wood Desk Accessories, Oak')",1
"('AmazonBasics 3-Button USB Wired Mouse', 'Newell 334')",1
"('Eldon Expressions Wood Desk Accessories, Oak', 'Newell 334')",1
"('Memorex Micro Travel Drive 4 GB', 'Recycled Interoffice Envelopes with Re-Use-A-Seal Closure, 10 x 13')",1
"('Acco Expandable Hanging Binders', 'Brother DCP1000 Digital 3 in 1 Multifunction Machine')",1
"('Acco Expandable Hanging Binders', 'Hoover Shoulder Vac Commercial Portable Vacuum')",1
"('Acco Expandable Hanging Binders', 'Shocksock Galaxy S4 Armband')",1
"('Acco Expandable Hanging Binders', 'Staples')",1
"('Brother DCP1000 Digital 3 in 1 Multifunction Machine', 'Hoover Shoulder Vac Commercial Portable Vacuum')",1
"('Brother DCP1000 Digital 3 in 1 Multifunction Machine', 'Shocksock Galaxy S4 Armband')",1
"('Brother DCP1000 Digital 3 in 1 Multifunction Machine', 'Staples')",1
"('Hoover Shoulder Vac Commercial Portable Vacuum', 'Shocksock Galaxy S4 Armband')",1
"('Shocksock Galaxy S4 Armband', 'Staples')",1
"('Acme Elite Stainless Steel Scissors', 'GBC Imprintable Covers')",1
"('Acme Elite Stainless Steel Scissors', 'Self-Adhesive Address Labels for Typewriters by Universal')",1
"('Acme Elite Stainless Steel Scissors', 'Wirebound Message Books, 5-1/2 x 4 Forms, 2 or 4 Forms per Page')",1
"('GBC Imprintable Covers', 'Self-Adhesive Address Labels for Typewriters by Universal')",1
"('GBC Imprintable Covers', 'Wirebound Message Books, 5-1/2 x 4 Forms, 2 or 4 Forms per Page')",1
"('Self-Adhesive Address Labels for Typewriters by Universal', 'Wirebound Message Books, 5-1/2 x 4 Forms, 2 or 4 Forms per Page')",1
"('#6 3/4 Gummed Flap White Envelopes', 'Accohide Poly Flexible Ring Binders')",1
"('#6 3/4 Gummed Flap White Envelopes', 'Avery 4027 File Folder Labels for Dot Matrix Printers, 5000 Labels per Box, White')",1
"('#6 3/4 Gummed Flap White Envelopes', 'Newell 347')",1
"('#6 3/4 Gummed Flap White Envelopes', 'Tennsco Lockers, Sand')",1
"('Accohide Poly Flexible Ring Binders', 'Avery 4027 File Folder Labels for Dot Matrix Printers, 5000 Labels per Box, White')",1
"('Accohide Poly Flexible Ring Binders', 'Newell 347')",1
"('Accohide Poly Flexible Ring Binders', 'Tennsco Lockers, Sand')",1
"('Avery 4027 File Folder Labels for Dot Matrix Printers, 5000 Labels per Box, White', 'Newell 347')",1
"('Avery 4027 File Folder Labels for Dot Matrix Printers, 5000 Labels per Box, White', 'Tennsco Lockers, Sand')",1
"('Newell 347', 'Tennsco Lockers, Sand')",1
"('Avoid Verbal Orders Carbonless Minifold Book', 'Howard Miller 11-1/2"" Diameter Ridgewood Wall Clock')",1
"('Avoid Verbal Orders Carbonless Minifold Book', 'Plantronics MX500i Earset')",1
"('Avoid Verbal Orders Carbonless Minifold Book', 'Razer Tiamat Over Ear 7.1 Surround Sound PC Gaming Headset')",1
"('Avoid Verbal Orders Carbonless Minifold Book', 'Xblue XB-1670-86 X16 Small\xa0Office Telephone\xa0- Titanium')",1
"('Howard Miller 11-1/2"" Diameter Ridgewood Wall Clock', 'Plantronics MX500i Earset')",1
"('Howard Miller 11-1/2"" Diameter Ridgewood Wall Clock', 'Razer Tiamat Over Ear 7.1 Surround Sound PC Gaming Headset')",1
"('Howard Miller 11-1/2"" Diameter Ridgewood Wall Clock', 'Xblue XB-1670-86 X16 Small\xa0Office Telephone\xa0- Titanium')",1
"('Plantronics MX500i Earset', 'Razer Tiamat Over Ear 7.1 Surround Sound PC Gaming Headset')",1
"('Plantronics MX500i Earset', 'Xblue XB-1670-86 X16 Small\xa0Office Telephone\xa0- Titanium')",1
"('Razer Tiamat Over Ear 7.1 Surround Sound PC Gaming Headset', 'Xblue XB-1670-86 X16 Small\xa0Office Telephone\xa0- Titanium')",1
"('Atlantic Metals Mobile 4-Shelf Bookcases, Custom Colors', 'Plantronics Savi W720 Multi-Device Wireless Headset System')",1
"('Flexible Leather- Look Classic Collection Ring Binder', 'Home/Office Personal File Carts')",1
"('Flexible Leather- Look Classic Collection Ring Binder', 'Staples')",1
"('Home/Office Personal File Carts', 'Staples')",1
"('Hon 2090 \x93Pillow Soft\x94 Series Mid Back Swivel/Tilt Chairs', 'Hon 4070 Series Pagoda Armless Upholstered Stacking Chairs')",1
"(""Global Push Button Manager's Chair, Indigo"", 'Newell 317')",1
"(""Global Push Button Manager's Chair, Indigo"", 'Office Star - Contemporary Task Swivel chair with Loop Arms, Charcoal')",1
"(""Global Push Button Manager's Chair, Indigo"", 'SlimView Poly Binder, 3/8""')",1
"(""Global Push Button Manager's Chair, Indigo"", 'VTech DS6151')",1
"(""Global Push Button Manager's Chair, Indigo"", 'Wilson Jones Leather-Like Binders with DublLock Round Rings')",1
"('Newell 317', 'Office Star - Contemporary Task Swivel chair with Loop Arms, Charcoal')",1
"('Newell 317', 'SlimView Poly Binder, 3/8""')",1
"('Newell 317', 'VTech DS6151')",1
"('Newell 317', 'Wilson Jones Leather-Like Binders with DublLock Round Rings')",1
"('Office Star - Contemporary Task Swivel chair with Loop Arms, Charcoal', 'SlimView Poly Binder, 3/8""')",1
"('Office Star - Contemporary Task Swivel chair with Loop Arms, Charcoal', 'VTech DS6151')",1
"('Office Star - Contemporary Task Swivel chair with Loop Arms, Charcoal', 'Wilson Jones Leather-Like Binders with DublLock Round Rings')",1
"('SlimView Poly Binder, 3/8""', 'VTech DS6151')",1
"('SlimView Poly Binder, 3/8""', 'Wilson Jones Leather-Like Binders with DublLock Round Rings')",1
"('VTech DS6151', 'Wilson Jones Leather-Like Binders with DublLock Round Rings')",1
"('Avery Heavy-Duty EZD View Binder with Locking Rings', 'OtterBox Defender Series Case - Samsung Galaxy S4')",1
"('GBC Plastic Binding Combs', 'Safco Contoured Stacking Chairs')",1
"('Safco Contoured Stacking Chairs', 'Staples')",1
"('Global Deluxe Office Fabric Chairs', ""I Need's 3d Hello Kitty Hybrid Silicone Case Cover for HTC One X 4g with 3d Hello Kitty Stylus Pen Green/pink"")",1
"('Acme Tagit Stainless Steel Antibacterial Scissors', 'Holmes Odor Grabber')",1
"('Acme Tagit Stainless Steel Antibacterial Scissors', 'Xerox 206')",1
"('Holmes Odor Grabber', 'Staples')",1
"('Holmes Odor Grabber', 'Xerox 206')",1
"('Staples', 'Xerox 206')",1
"('Fellowes Desktop Hanging File Manager', 'Hon 4070 Series Pagoda Round Back Stacking Chairs')",1
"('Fellowes Desktop Hanging File Manager', 'Mitel MiVoice 5330e IP Phone')",1
"('Fellowes Desktop Hanging File Manager', 'Nu-Dell EZ-Mount Plastic Wall Frames')",1
"('Fellowes Desktop Hanging File Manager', 'Zebra ZM400 Thermal Label Printer')",1
"('Hon 4070 Series Pagoda Round Back Stacking Chairs', 'Mitel MiVoice 5330e IP Phone')",1
"('Hon 4070 Series Pagoda Round Back Stacking Chairs', 'Nu-Dell EZ-Mount Plastic Wall Frames')",1
"('Hon 4070 Series Pagoda Round Back Stacking Chairs', 'Zebra ZM400 Thermal Label Printer')",1
"('Mitel MiVoice 5330e IP Phone', 'Nu-Dell EZ-Mount Plastic Wall Frames')",1
"('Mitel MiVoice 5330e IP Phone', 'Zebra ZM400 Thermal Label Printer')",1
"('Nu-Dell EZ-Mount Plastic Wall Frames', 'Zebra ZM400 Thermal Label Printer')",1
"('Holmes Odor Grabber', 'Newell 324')",1
"('Avery Non-Stick Binders', 'Cisco SPA301')",1
"('Hon Metal Bookcases, Putty', 'Square Ring Data Binders, Rigid 75 Pt. Covers, 11"" x 14-7/8""')",1
"('Case Logic 2.4GHz Wireless Keyboard', 'Hon Multipurpose Stacking Arm Chairs')",1
"('Avery 485', 'C-Line Peel & Stick Add-On Filing Pockets, 8-3/4 x 5-1/8, 10/Pack')",1
"('Avery 485', 'Global Leather Task Chair, Black')",1
"('Avery 485', 'Longer-Life Soft White Bulbs')",1
"('C-Line Peel & Stick Add-On Filing Pockets, 8-3/4 x 5-1/8, 10/Pack', 'Global Leather Task Chair, Black')",1
"('C-Line Peel & Stick Add-On Filing Pockets, 8-3/4 x 5-1/8, 10/Pack', 'Longer-Life Soft White Bulbs')",1
"('Global Leather Task Chair, Black', 'Longer-Life Soft White Bulbs')",1
"('Adams Telephone Message Books, 5 1/4\x94 x 11\x94', 'Bestar Classic Bookcase')",1
"('Adams Telephone Message Books, 5 1/4\x94 x 11\x94', 'BlackBerry Q10')",1
"('Adams Telephone Message Books, 5 1/4\x94 x 11\x94', 'Innergie mMini Combo Duo USB Travel Charging Kit')",1
"('Bestar Classic Bookcase', 'BlackBerry Q10')",1
"('Bestar Classic Bookcase', 'Innergie mMini Combo Duo USB Travel Charging Kit')",1
"('BlackBerry Q10', 'Innergie mMini Combo Duo USB Travel Charging Kit')",1
"('Acco PRESSTEX Data Binder with Storage Hooks, Dark Blue, 9 1/2"" X 11""', 'Decoflex Hanging Personal Folder File, Blue')",1
"('Acco PRESSTEX Data Binder with Storage Hooks, Dark Blue, 9 1/2"" X 11""', 'GBC VeloBinder Manual Binding System')",1
"('Acco PRESSTEX Data Binder with Storage Hooks, Dark Blue, 9 1/2"" X 11""', 'Office Star - Contemporary Task Swivel Chair')",1
"('Decoflex Hanging Personal Folder File, Blue', 'GBC VeloBinder Manual Binding System')",1
"('Decoflex Hanging Personal Folder File, Blue', 'Office Star - Contemporary Task Swivel Chair')",1
"('GBC VeloBinder Manual Binding System', 'Office Star - Contemporary Task Swivel Chair')",1
"('GBC Velobind Prepunched Cover Sets, Regency Series', 'Staples')",1
"('GBC Velobind Prepunched Cover Sets, Regency Series', 'Tennsco Regal Shelving Units')",1
"('Acco Data Flex Cable Posts For Top & Bottom Load Binders, 6"" Capacity', 'Avery Durable Binders')",1
"('Acco Data Flex Cable Posts For Top & Bottom Load Binders, 6"" Capacity', 'Kensington 6 Outlet MasterPiece HOMEOFFICE Power Control Center')",1
"('Acco Data Flex Cable Posts For Top & Bottom Load Binders, 6"" Capacity', 'Xerox 1959')",1
"('Acco Data Flex Cable Posts For Top & Bottom Load Binders, 6"" Capacity', 'Xerox 22')",1
"('Avery Durable Binders', 'Kensington 6 Outlet MasterPiece HOMEOFFICE Power Control Center')",1
"('Avery Durable Binders', 'Xerox 1959')",1
"('Avery Durable Binders', 'Xerox 22')",1
"('Kensington 6 Outlet MasterPiece HOMEOFFICE Power Control Center', 'Xerox 1959')",1
"('Kensington 6 Outlet MasterPiece HOMEOFFICE Power Control Center', 'Xerox 22')",1
"('Xerox 1959', 'Xerox 22')",1
"('Belkin 19"" Center-Weighted Shelf, Gray', 'Ultra Commercial Grade Dual Valve Door Closer')",1
"('Avery 501', 'Samsung Rugby III')",1
"('Stackable Trays', 'Wilson Jones Turn Tabs Binder Tool for Ring Binders')",1
"('Black Avery Memo-Size 3-Ring Binder, 5 1/2"" x 8 1/2""', 'Samsung Galaxy S4')",1
"('#10-4 1/8"" x 9 1/2"" Premium Diagonal Seam Envelopes', 'Atlantic Metals Mobile 3-Shelf Bookcases, Custom Colors')",1
"('#10-4 1/8"" x 9 1/2"" Premium Diagonal Seam Envelopes', ""Global Fabric Manager's Chair, Dark Gray"")",1
"('#10-4 1/8"" x 9 1/2"" Premium Diagonal Seam Envelopes', 'Plantronics HL10 Handset Lifter')",1
"('Atlantic Metals Mobile 3-Shelf Bookcases, Custom Colors', ""Global Fabric Manager's Chair, Dark Gray"")",1
"('Atlantic Metals Mobile 3-Shelf Bookcases, Custom Colors', 'Plantronics HL10 Handset Lifter')",1
"(""Global Fabric Manager's Chair, Dark Gray"", 'Plantronics HL10 Handset Lifter')",1
"('Advantus Plastic Paper Clips', 'Logitech G19 Programmable Gaming Keyboard')",1
"('Global Ergonomic Managers Chair', 'Polycom VoiceStation 500 Conference\xa0phone')",1
"('Iris 3-Drawer Stacking Bin, Black', 'Logitech G602 Wireless Gaming Mouse')",1
"('Aluminum Screw Posts', 'Loose Memo Sheets')",1
"('Aluminum Screw Posts', 'Pressboard Covers with Storage Hooks, 9 1/2"" x 11"", Light Blue')",1
"('Aluminum Screw Posts', 'Tennsco Lockers, Sand')",1
"('Loose Memo Sheets', 'Pressboard Covers with Storage Hooks, 9 1/2"" x 11"", Light Blue')",1
"('Loose Memo Sheets', 'Tennsco Lockers, Sand')",1
"('Pressboard Covers with Storage Hooks, 9 1/2"" x 11"", Light Blue', 'Tennsco Lockers, Sand')",1
"('KI Conference Tables', 'Xerox 1999')",1
"('KI Conference Tables', 'Xerox 2')",1
"('Xerox 1999', 'Xerox 2')",1
"('Eldon Advantage Chair Mats for Low to Medium Pile Carpets', 'Xerox 1948')",1
"('Jensen SMPS-640 -\xa0speaker phone', 'Master Caster Door Stop, Large Brown')",1
"('Jensen SMPS-640 -\xa0speaker phone', 'Tyvek Side-Opening Peel & Seel Expanding Envelopes')",1
"('Master Caster Door Stop, Large Brown', 'Tyvek Side-Opening Peel & Seel Expanding Envelopes')",1
"('Office Star - Contemporary Swivel Chair with Padded Adjustable Arms and Flex Back', 'Xerox 188')",1
"('Avery 500', 'Wirebound Service Call Books, 5 1/2"" x 4""')",1
"('Avery 4027 File Folder Labels for Dot Matrix Printers, 5000 Labels per Box, White', 'Avery 490')",1
"('Avery 4027 File Folder Labels for Dot Matrix Printers, 5000 Labels per Box, White', 'Binney & Smith Crayola Metallic Crayons, 16-Color Pack')",1
"('Avery 4027 File Folder Labels for Dot Matrix Printers, 5000 Labels per Box, White', 'Boston School Pro Electric Pencil Sharpener, 1670')",1
"('Avery 4027 File Folder Labels for Dot Matrix Printers, 5000 Labels per Box, White', 'GBC Linen Binding Covers')",1
"('Avery 4027 File Folder Labels for Dot Matrix Printers, 5000 Labels per Box, White', ""Jet-Pak Recycled Peel 'N' Seal Padded Mailers"")",1
"('Avery 4027 File Folder Labels for Dot Matrix Printers, 5000 Labels per Box, White', 'Wilson Jones Custom Binder Spines & Labels')",1
"('Avery 490', 'Binney & Smith Crayola Metallic Crayons, 16-Color Pack')",1
"('Avery 490', 'Boston School Pro Electric Pencil Sharpener, 1670')",1
"('Avery 490', 'GBC Linen Binding Covers')",1
"('Avery 490', ""Jet-Pak Recycled Peel 'N' Seal Padded Mailers"")",1
"('Avery 490', 'Wilson Jones Custom Binder Spines & Labels')",1
"('Binney & Smith Crayola Metallic Crayons, 16-Color Pack', 'Boston School Pro Electric Pencil Sharpener, 1670')",1
"('Binney & Smith Crayola Metallic Crayons, 16-Color Pack', 'GBC Linen Binding Covers')",1
"('Binney & Smith Crayola Metallic Crayons, 16-Color Pack', ""Jet-Pak Recycled Peel 'N' Seal Padded Mailers"")",1
"('Binney & Smith Crayola Metallic Crayons, 16-Color Pack', 'Wilson Jones Custom Binder Spines & Labels')",1
"('Boston School Pro Electric Pencil Sharpener, 1670', 'GBC Linen Binding Covers')",1
"('Boston School Pro Electric Pencil Sharpener, 1670', ""Jet-Pak Recycled Peel 'N' Seal Padded Mailers"")",1
"('Boston School Pro Electric Pencil Sharpener, 1670', 'Wilson Jones Custom Binder Spines & Labels')",1
"('GBC Linen Binding Covers', ""Jet-Pak Recycled Peel 'N' Seal Padded Mailers"")",1
"('GBC Linen Binding Covers', 'Wilson Jones Custom Binder Spines & Labels')",1
"(""Jet-Pak Recycled Peel 'N' Seal Padded Mailers"", 'Wilson Jones Custom Binder Spines & Labels')",1
"('Belkin 5 Outlet SurgeMaster Power Centers', 'Boston 1730 StandUp Electric Pencil Sharpener')",1
"('Belkin 5 Outlet SurgeMaster Power Centers', 'Speediset Carbonless Redi-Letter 7"" x 8 1/2""')",1
"('Belkin 5 Outlet SurgeMaster Power Centers', 'Staples')",1
"('Boston 1730 StandUp Electric Pencil Sharpener', 'Speediset Carbonless Redi-Letter 7"" x 8 1/2""')",1
"('Boston 1730 StandUp Electric Pencil Sharpener', 'Staples')",1
"('Avery Hi-Liter Fluorescent Desk Style Markers', 'Eldon Image Series Desk Accessories, Burgundy')",1
"('First Data FD10 PIN Pad', 'Imation\xa0Clip USB\xa0flash drive\xa0- 8 GB')",1
"('First Data FD10 PIN Pad', 'Newell 336')",1
"('First Data FD10 PIN Pad', 'Xerox 21')",1
"('Imation\xa0Clip USB\xa0flash drive\xa0- 8 GB', 'Newell 336')",1
"('Imation\xa0Clip USB\xa0flash drive\xa0- 8 GB', 'Xerox 21')",1
"('Newell 336', 'Xerox 21')",1
"('Avery File Folder Labels', 'Avery Triangle Shaped Sheet Lifters, Black, 2/Pack')",1
"('Avery File Folder Labels', 'GE General Use Halogen Bulbs, 100 Watts, 1 Bulb per Pack')",1
"('Avery File Folder Labels', 'Xerox 1884')",1
"('Avery Triangle Shaped Sheet Lifters, Black, 2/Pack', 'GE General Use Halogen Bulbs, 100 Watts, 1 Bulb per Pack')",1
"('Avery Triangle Shaped Sheet Lifters, Black, 2/Pack', 'Xerox 1884')",1
"('GE General Use Halogen Bulbs, 100 Watts, 1 Bulb per Pack', 'Xerox 1884')",1
"('Bevis Oval Conference Table, Walnut', 'Logitech B530 USB\xa0Headset\xa0-\xa0headset\xa0- Full size, Binaural')",1
"('ClearSounds CSC500 Amplified Spirit Phone Corded phone', 'Computer Printout Paper with Letter-Trim Perforations')",1
"('ClearSounds CSC500 Amplified Spirit Phone Corded phone', 'Magna Visual Magnetic Picture Hangers')",1
"('Computer Printout Paper with Letter-Trim Perforations', 'Magna Visual Magnetic Picture Hangers')",1
"('Catalog Binders with Expanding Posts', 'Grandstream GXP2100 Mainstream Business Phone')",1
"('GBC Laser Imprintable Binding System Covers, Desert Sand', ""Honeywell Enviracaire Portable HEPA Air Cleaner for 17' x 22' Room"")",1
"('GBC Laser Imprintable Binding System Covers, Desert Sand', 'Xerox 1883')",1
"(""Honeywell Enviracaire Portable HEPA Air Cleaner for 17' x 22' Room"", 'Xerox 1883')",1
"('Fellowes PB500 Electric Punch Plastic Comb Binding Machine with Manual Bind', 'Kensington 7 Outlet MasterPiece Power Center with Fax/Phone Line Protection')",1
"('Belkin F5C206VTEL 6 Outlet Surge', 'Howard Miller 13"" Diameter Pewter Finish Round Wall Clock')",1
"('Advantus Motivational Note Cards', 'Wilson Jones 1"" Hanging DublLock Ring Binders')",1
"('Advantus Motivational Note Cards', 'Wilson Jones Custom Binder Spines & Labels')",1
"('Advantus Motivational Note Cards', 'Wilson Jones data.warehouse D-Ring Binders with DublLock')",1
"('Wilson Jones 1"" Hanging DublLock Ring Binders', 'Wilson Jones Custom Binder Spines & Labels')",1
"('Wilson Jones 1"" Hanging DublLock Ring Binders', 'Wilson Jones data.warehouse D-Ring Binders with DublLock')",1
"('Wilson Jones Custom Binder Spines & Labels', 'Wilson Jones data.warehouse D-Ring Binders with DublLock')",1
"('Avery Trapezoid Extra Heavy Duty 4"" Binders', 'Standard Rollaway File with Lock')",1
"('Avery Trapezoid Extra Heavy Duty 4"" Binders', 'Xerox 1894')",1
"('Standard Rollaway File with Lock', 'Xerox 1894')",1
"('Fellowes Stor/Drawer Steel Plus Storage Drawers', 'Stockwell Push Pins')",1
"('Staples', 'Stockwell Push Pins')",1
"('Fellowes Premier Superior Surge Suppressor, 10-Outlet, With Phone and Remote', 'Nortel Meridian M3904 Professional Digital phone')",1
"('Advantus T-Pin Paper Clips', 'Avery 479')",1
"('Carina Double Wide Media Storage Towers in Natural & Black', 'Eldon Wave Desk Accessories')",1
"('Carina Double Wide Media Storage Towers in Natural & Black', 'Hot File 7-Pocket, Floor Stand')",1
"('Carina Double Wide Media Storage Towers in Natural & Black', ""O'Sullivan 2-Door Barrister Bookcase in Odessa Pine"")",1
"('Carina Double Wide Media Storage Towers in Natural & Black', 'invisibleSHIELD by ZAGG Smudge-Free Screen Protector')",1
"('Eldon Wave Desk Accessories', 'GBC Wire Binding Combs')",1
"('Eldon Wave Desk Accessories', 'Hot File 7-Pocket, Floor Stand')",1
"('Eldon Wave Desk Accessories', ""O'Sullivan 2-Door Barrister Bookcase in Odessa Pine"")",1
"('Eldon Wave Desk Accessories', 'invisibleSHIELD by ZAGG Smudge-Free Screen Protector')",1
"('GBC Wire Binding Combs', 'Hot File 7-Pocket, Floor Stand')",1
"('GBC Wire Binding Combs', ""O'Sullivan 2-Door Barrister Bookcase in Odessa Pine"")",1
"('GBC Wire Binding Combs', 'invisibleSHIELD by ZAGG Smudge-Free Screen Protector')",1
"('Hot File 7-Pocket, Floor Stand', ""O'Sullivan 2-Door Barrister Bookcase in Odessa Pine"")",1
"('Hot File 7-Pocket, Floor Stand', 'invisibleSHIELD by ZAGG Smudge-Free Screen Protector')",1
"(""O'Sullivan 2-Door Barrister Bookcase in Odessa Pine"", 'invisibleSHIELD by ZAGG Smudge-Free Screen Protector')",1
"('AT&T 17929 Lendline Telephone', 'Adams Telephone Message Book W/Dividers/Space For Phone Numbers, 5 1/4""X8 1/2"", 300/Messages')",1
"('Classic Ivory Antique\xa0Telephone\xa0ZL1810', 'Holmes Replacement Filter for HEPA Air Cleaner, Very Large Room, HEPA Filter')",1
"('Avery Hi-Liter Comfort Grip Fluorescent Highlighter, Yellow Ink', 'Bretford CR8500 Series Meeting Room Furniture')",1
"('Avery Hi-Liter Comfort Grip Fluorescent Highlighter, Yellow Ink', 'Global Super Steno Chair')",1
"('Avery Hi-Liter Comfort Grip Fluorescent Highlighter, Yellow Ink', 'Permanent Self-Adhesive File Folder Labels for Typewriters by Universal')",1
"('Bretford CR8500 Series Meeting Room Furniture', 'Global Super Steno Chair')",1
"('Bretford CR8500 Series Meeting Room Furniture', 'Permanent Self-Adhesive File Folder Labels for Typewriters by Universal')",1
"('Global Super Steno Chair', 'Permanent Self-Adhesive File Folder Labels for Typewriters by Universal')",1
"('Cisco SPA301', 'Fellowes High-Stak Drawer Files')",1
"('Cisco SPA301', ""GBC Standard Plastic Binding Systems' Combs"")",1
"('Cisco SPA301', 'Hon 2090 \x93Pillow Soft\x94 Series Mid Back Swivel/Tilt Chairs')",1
"('Cisco SPA301', 'Hunt PowerHouse Electric Pencil Sharpener, Blue')",1
"('Cisco SPA301', 'Ibico Laser Imprintable Binding System Covers')",1
"('Cisco SPA301', 'Tennsco 16-Compartment Lockers with Coat Rack')",1
"('Fellowes High-Stak Drawer Files', ""GBC Standard Plastic Binding Systems' Combs"")",1
"('Fellowes High-Stak Drawer Files', 'Hon 2090 \x93Pillow Soft\x94 Series Mid Back Swivel/Tilt Chairs')",1
"('Fellowes High-Stak Drawer Files', 'Hunt PowerHouse Electric Pencil Sharpener, Blue')",1
"('Fellowes High-Stak Drawer Files', 'Ibico Laser Imprintable Binding System Covers')",1
"('Fellowes High-Stak Drawer Files', 'Seth Thomas 8 1/2"" Cubicle Clock')",1
"('Fellowes High-Stak Drawer Files', 'Tennsco 16-Compartment Lockers with Coat Rack')",1
"(""GBC Standard Plastic Binding Systems' Combs"", 'Hon 2090 \x93Pillow Soft\x94 Series Mid Back Swivel/Tilt Chairs')",1
"(""GBC Standard Plastic Binding Systems' Combs"", 'Hunt PowerHouse Electric Pencil Sharpener, Blue')",1
"(""GBC Standard Plastic Binding Systems' Combs"", 'Ibico Laser Imprintable Binding System Covers')",1
"(""GBC Standard Plastic Binding Systems' Combs"", 'Seth Thomas 8 1/2"" Cubicle Clock')",1
"(""GBC Standard Plastic Binding Systems' Combs"", 'Tennsco 16-Compartment Lockers with Coat Rack')",1
"('Hon 2090 \x93Pillow Soft\x94 Series Mid Back Swivel/Tilt Chairs', 'Hunt PowerHouse Electric Pencil Sharpener, Blue')",1
"('Hon 2090 \x93Pillow Soft\x94 Series Mid Back Swivel/Tilt Chairs', 'Ibico Laser Imprintable Binding System Covers')",1
"('Hon 2090 \x93Pillow Soft\x94 Series Mid Back Swivel/Tilt Chairs', 'Seth Thomas 8 1/2"" Cubicle Clock')",1
"('Hon 2090 \x93Pillow Soft\x94 Series Mid Back Swivel/Tilt Chairs', 'Tennsco 16-Compartment Lockers with Coat Rack')",1
"('Hunt PowerHouse Electric Pencil Sharpener, Blue', 'Ibico Laser Imprintable Binding System Covers')",1
"('Hunt PowerHouse Electric Pencil Sharpener, Blue', 'Seth Thomas 8 1/2"" Cubicle Clock')",1
"('Hunt PowerHouse Electric Pencil Sharpener, Blue', 'Tennsco 16-Compartment Lockers with Coat Rack')",1
"('Ibico Laser Imprintable Binding System Covers', 'Seth Thomas 8 1/2"" Cubicle Clock')",1
"('Ibico Laser Imprintable Binding System Covers', 'Tennsco 16-Compartment Lockers with Coat Rack')",1
"('Seth Thomas 8 1/2"" Cubicle Clock', 'Tennsco 16-Compartment Lockers with Coat Rack')",1
"('Avery 485', 'Xerox 1881')",1
"('GBC Standard Therm-A-Bind Covers', 'Hoover Shoulder Vac Commercial Portable Vacuum')",1
"('GBC Standard Therm-A-Bind Covers', 'Sharp 1540cs Digital Laser Copier')",1
"('GBC Standard Therm-A-Bind Covers', 'Tennsco 6- and 18-Compartment Lockers')",1
"('Hoover Shoulder Vac Commercial Portable Vacuum', 'Sharp 1540cs Digital Laser Copier')",1
"('Hoover Shoulder Vac Commercial Portable Vacuum', 'Tennsco 6- and 18-Compartment Lockers')",1
"('Sharp 1540cs Digital Laser Copier', 'Staples')",1
"('Sharp 1540cs Digital Laser Copier', 'Tennsco 6- and 18-Compartment Lockers')",1
"('Staples', 'Tennsco 6- and 18-Compartment Lockers')",1
"('Bady BDG101FRU Card Printer', 'Computer Room Manger, 14""')",1
"('Cameo Buff Policy Envelopes', 'Eldon 200 Class Desk Accessories')",1
"('Cameo Buff Policy Envelopes', 'Xerox 231')",1
"('Eldon 200 Class Desk Accessories', 'Xerox 231')",1
"('Premium Writing Pencils, Soft, #2 by Central Association for the Blind', 'Quartet Omega Colored Chalk, 12/Pack')",1
"('Fellowes PB200 Plastic Comb Binding Machine', 'Motorla HX550 Universal Bluetooth Headset')",1
"('Fellowes PB200 Plastic Comb Binding Machine', 'Revere Boxed Rubber Bands by Revere')",1
"('Motorla HX550 Universal Bluetooth Headset', 'Revere Boxed Rubber Bands by Revere')",1
"('Bretford CR4500 Series Slim Rectangular Table', 'Crayola Colored Pencils')",1
"('Aluminum Screw Posts', 'Flat Face Poster Frame')",1
"('Aluminum Screw Posts', 'Peel & Stick Add-On Corner Pockets')",1
"('Aluminum Screw Posts', 'Xerox 1922')",1
"('Flat Face Poster Frame', 'Peel & Stick Add-On Corner Pockets')",1
"('Flat Face Poster Frame', 'Xerox 1922')",1
"('Peel & Stick Add-On Corner Pockets', 'Xerox 1922')",1
"('Cameo Buff Policy Envelopes', 'Sortfiler Multipurpose Personal File Organizer, Black')",1
"('Important Message Pads, 50 4-1/4 x 5-1/2 Forms per Pad', 'Logitech G700s Rechargeable Gaming Mouse')",1
"('Important Message Pads, 50 4-1/4 x 5-1/2 Forms per Pad', 'Office Star Flex Back Scooter Chair with White Frame')",1
"('Important Message Pads, 50 4-1/4 x 5-1/2 Forms per Pad', 'Plantronics MX500i Earset')",1
"('Logitech G700s Rechargeable Gaming Mouse', 'Office Star Flex Back Scooter Chair with White Frame')",1
"('Logitech G700s Rechargeable Gaming Mouse', 'Plantronics MX500i Earset')",1
"('Office Star Flex Back Scooter Chair with White Frame', 'Plantronics MX500i Earset')",1
"('3M Hangers With Command Adhesive', 'Lexmark MarkNet N8150 Wireless Print Server')",1
"('Economy Binders', 'Eldon Expressions Wood Desk Accessories, Oak')",1
"('Economy Binders', 'Plantronics CS 50-USB -\xa0headset\xa0- Convertible, Monaural')",1
"('Eldon Expressions Wood Desk Accessories, Oak', 'Plantronics CS 50-USB -\xa0headset\xa0- Convertible, Monaural')",1
"('GBC DocuBind P50 Personal Binding Machine', 'Newell 312')",1
"('GBC DocuBind P50 Personal Binding Machine', 'Panasonic KX-TG6844B Expandable Digital Cordless Telephone')",1
"('GBC DocuBind P50 Personal Binding Machine', 'Seth Thomas 16"" Steel Case Clock')",1
"('Newell 312', 'Panasonic KX-TG6844B Expandable Digital Cordless Telephone')",1
"('Newell 312', 'Seth Thomas 16"" Steel Case Clock')",1
"('Panasonic KX-TG6844B Expandable Digital Cordless Telephone', 'Seth Thomas 16"" Steel Case Clock')",1
"('Newell 315', 'Sanyo Counter Height Refrigerator with Crisper, 3.6 Cubic Foot, Stainless Steel/Black')",1
"('Global Deluxe Office Fabric Chairs', 'SAFCO Arco Folding Chair')",1
"('Maxell 4.7GB DVD-R', 'Panasonic KX T7736-B Digital phone')",1
"('Alliance Rubber Bands', 'Deluxe Heavy-Duty Vinyl Round Ring Binder')",1
"('Alliance Rubber Bands', 'Executive Impressions 14"" Contract Wall Clock')",1
"('Alliance Rubber Bands', 'Xerox 1988')",1
"('Deluxe Heavy-Duty Vinyl Round Ring Binder', 'Executive Impressions 14"" Contract Wall Clock')",1
"('Deluxe Heavy-Duty Vinyl Round Ring Binder', 'Xerox 1988')",1
"('Executive Impressions 14"" Contract Wall Clock', 'Xerox 1988')",1
"('Adjustable Depth Letter/Legal Cart', 'Avery 474')",1
"('Adjustable Depth Letter/Legal Cart', 'Belkin SportFit Armband For iPhone 5s/5c, Fuchsia')",1
"('Avery 474', 'Belkin SportFit Armband For iPhone 5s/5c, Fuchsia')",1
"('Gear Head AU3700S Headset', 'Safco Contoured Stacking Chairs')",1
"('Belkin 6 Outlet Metallic Surge Strip', 'KLD Oscar II Style Snap-on Ultra Thin Side Flip Synthetic Leather Cover Case for HTC One HTC M7')",1
"('Belkin 6 Outlet Metallic Surge Strip', 'Logitech G19 Programmable Gaming Keyboard')",1
"('Belkin 6 Outlet Metallic Surge Strip', 'Staples')",1
"('KLD Oscar II Style Snap-on Ultra Thin Side Flip Synthetic Leather Cover Case for HTC One HTC M7', 'Logitech G19 Programmable Gaming Keyboard')",1
"('KLD Oscar II Style Snap-on Ultra Thin Side Flip Synthetic Leather Cover Case for HTC One HTC M7', 'Staples')",1
"('Logitech G19 Programmable Gaming Keyboard', 'Staples')",1
"('Cisco SPA525G2 5-Line IP Phone', 'Global Comet Stacking Arm Chair')",1
"('Cisco SPA525G2 5-Line IP Phone', 'Staples')",1
"('Global Comet Stacking Arm Chair', 'Staples')",1
"('Belkin 8 Outlet SurgeMaster II Gold Surge Protector', ""High-Back Leather Manager's Chair"")",1
"('Fellowes Twister Kit, Gray/Clear, 3/pkg', 'Ibico Covers for Plastic or Wire Binding Elements')",1
"('Fellowes Twister Kit, Gray/Clear, 3/pkg', 'Maxell 4.7GB DVD-RW 3/Pack')",1
"('Fellowes Twister Kit, Gray/Clear, 3/pkg', 'Newell 312')",1
"('Fellowes Twister Kit, Gray/Clear, 3/pkg', 'Xerox 1949')",1
"('Ibico Covers for Plastic or Wire Binding Elements', 'Maxell 4.7GB DVD-RW 3/Pack')",1
"('Ibico Covers for Plastic or Wire Binding Elements', 'Newell 312')",1
"('Ibico Covers for Plastic or Wire Binding Elements', 'Xerox 1949')",1
"('Maxell 4.7GB DVD-RW 3/Pack', 'Newell 312')",1
"('Maxell 4.7GB DVD-RW 3/Pack', 'Xerox 1949')",1
"('Newell 312', 'Xerox 1949')",1
"('Smead Alpha-Z Color-Coded Second Alphabetical Labels and Starter Set', 'Xerox 1887')",1
"('Smead Alpha-Z Color-Coded Second Alphabetical Labels and Starter Set', 'Xerox 1967')",1
"('Xerox 1887', 'Xerox 1967')",1
"('2300 Heavy-Duty Transfer File Systems by Perma', ""3M Replacement Filter for Office Air Cleaner for 20' x 33' Room"")",1
"('2300 Heavy-Duty Transfer File Systems by Perma', 'GBC VeloBinder Electric Binding Machine')",1
"('2300 Heavy-Duty Transfer File Systems by Perma', ""Lock-Up Easel 'Spel-Binder'"")",1
"('2300 Heavy-Duty Transfer File Systems by Perma', 'Petty Cash Envelope')",1
"('2300 Heavy-Duty Transfer File Systems by Perma', 'SAFCO Boltless Steel Shelving')",1
"('2300 Heavy-Duty Transfer File Systems by Perma', 'Samsung Rugby III')",1
"(""3M Replacement Filter for Office Air Cleaner for 20' x 33' Room"", 'GBC VeloBinder Electric Binding Machine')",1
"(""3M Replacement Filter for Office Air Cleaner for 20' x 33' Room"", ""Lock-Up Easel 'Spel-Binder'"")",1
"(""3M Replacement Filter for Office Air Cleaner for 20' x 33' Room"", 'Petty Cash Envelope')",1
"(""3M Replacement Filter for Office Air Cleaner for 20' x 33' Room"", 'SAFCO Boltless Steel Shelving')",1
"(""3M Replacement Filter for Office Air Cleaner for 20' x 33' Room"", 'Samsung Rugby III')",1
"('GBC VeloBinder Electric Binding Machine', ""Lock-Up Easel 'Spel-Binder'"")",1
"('GBC VeloBinder Electric Binding Machine', 'Petty Cash Envelope')",1
"('GBC VeloBinder Electric Binding Machine', 'SAFCO Boltless Steel Shelving')",1
"('GBC VeloBinder Electric Binding Machine', 'Samsung Rugby III')",1
"(""Lock-Up Easel 'Spel-Binder'"", 'Petty Cash Envelope')",1
"(""Lock-Up Easel 'Spel-Binder'"", 'SAFCO Boltless Steel Shelving')",1
"(""Lock-Up Easel 'Spel-Binder'"", 'Samsung Rugby III')",1
"('Petty Cash Envelope', 'SAFCO Boltless Steel Shelving')",1
"('Petty Cash Envelope', 'Samsung Rugby III')",1
"('SAFCO Boltless Steel Shelving', 'Samsung Rugby III')",1
"('Bevis Round Bullnose 29"" High Table Top', 'Plantronics CS510 - Over-the-Head monaural Wireless Headset System')",1
"('Bevis Round Bullnose 29"" High Table Top', 'Xerox 212')",1
"('Plantronics CS510 - Over-the-Head monaural Wireless Headset System', 'Xerox 212')",1
"('Southworth 25% Cotton Antique Laid Paper & Envelopes', 'Tenex Personal Project File with Scoop Front Design, Black')",1
"('Southworth 25% Cotton Antique Laid Paper & Envelopes', 'Xerox 1883')",1
"('Tenex Personal Project File with Scoop Front Design, Black', 'Xerox 1883')",1
"('Boston Electric Pencil Sharpener, Model 1818, Charcoal Black', 'Stackable Trays')",1
"('36X48 HARDFLOOR CHAIRMAT', 'Situations Contoured Folding Chairs, 4/Set')",1
"('Snap-A-Way Black Print Carbonless Ruled Speed Letter, Triplicate', 'Sony 64GB Class 10 Micro SDHC R40 Memory Card')",1
"('Executive Impressions 14"" Two-Color Numerals Wall Clock', 'Executive Impressions Supervisor Wall Clock')",1
"('Avery 503', 'Eldon Pizzaz Desk Accessories')",1
"('Avery 503', 'Fellowes Advanced 8 Outlet Surge Suppressor with Phone/Fax Protection')",1
"('Avery 503', 'Ibico Laser Imprintable Binding System Covers')",1
"('Avery 503', 'Xerox 208')",1
"('Eldon Pizzaz Desk Accessories', 'Fellowes Advanced 8 Outlet Surge Suppressor with Phone/Fax Protection')",1
"('Eldon Pizzaz Desk Accessories', 'Ibico Laser Imprintable Binding System Covers')",1
"('Eldon Pizzaz Desk Accessories', 'Xerox 208')",1
"('Fellowes Advanced 8 Outlet Surge Suppressor with Phone/Fax Protection', 'Ibico Laser Imprintable Binding System Covers')",1
"('Fellowes Advanced 8 Outlet Surge Suppressor with Phone/Fax Protection', 'Xerox 208')",1
"('Ibico Laser Imprintable Binding System Covers', 'Xerox 208')",1
"('Cisco SPA301', 'Xerox 1988')",1
"('Floodlight Indoor Halogen Bulbs, 1 Bulb per Pack, 60 Watts', 'GE 2-Jack Phone Line Splitter')",1
"('Floodlight Indoor Halogen Bulbs, 1 Bulb per Pack, 60 Watts', 'Geemarc AmpliPOWER60')",1
"('Floodlight Indoor Halogen Bulbs, 1 Bulb per Pack, 60 Watts', ""Global Push Button Manager's Chair, Indigo"")",1
"('Floodlight Indoor Halogen Bulbs, 1 Bulb per Pack, 60 Watts', 'Newell 32')",1
"('Floodlight Indoor Halogen Bulbs, 1 Bulb per Pack, 60 Watts', 'Tuff Stuff Recycled Round Ring Binders')",1
"('Floodlight Indoor Halogen Bulbs, 1 Bulb per Pack, 60 Watts', 'Vtech CS6719')",1
"('GE 2-Jack Phone Line Splitter', 'Geemarc AmpliPOWER60')",1
"('GE 2-Jack Phone Line Splitter', ""Global Push Button Manager's Chair, Indigo"")",1
"('GE 2-Jack Phone Line Splitter', 'Newell 32')",1
"('GE 2-Jack Phone Line Splitter', 'Tuff Stuff Recycled Round Ring Binders')",1
"('GE 2-Jack Phone Line Splitter', 'Vtech CS6719')",1
"('Geemarc AmpliPOWER60', ""Global Push Button Manager's Chair, Indigo"")",1
"('Geemarc AmpliPOWER60', 'Newell 32')",1
"('Geemarc AmpliPOWER60', 'Tuff Stuff Recycled Round Ring Binders')",1
"('Geemarc AmpliPOWER60', 'Vtech CS6719')",1
"(""Global Push Button Manager's Chair, Indigo"", 'Newell 32')",1
"(""Global Push Button Manager's Chair, Indigo"", 'Tuff Stuff Recycled Round Ring Binders')",1
"(""Global Push Button Manager's Chair, Indigo"", 'Vtech CS6719')",1
"('Newell 32', 'Tuff Stuff Recycled Round Ring Binders')",1
"('Newell 32', 'Vtech CS6719')",1
"('Tuff Stuff Recycled Round Ring Binders', 'Vtech CS6719')",1
"('Hypercom P1300 Pinpad', 'Longer-Life Soft White Bulbs')",1
"('Hypercom P1300 Pinpad', 'ShoreTel ShorePhone IP 230 VoIP phone')",1
"('Longer-Life Soft White Bulbs', 'ShoreTel ShorePhone IP 230 VoIP phone')",1
"('Advantus Panel Wall Certificate Holder - 8.5x11', 'Carina Media Storage Towers in Natural & Black')",1
"('Advantus Panel Wall Certificate Holder - 8.5x11', 'DAX Contemporary Wood Frame with Silver Metal Mat, Desktop, 11 x 14 Size')",1
"('Advantus Panel Wall Certificate Holder - 8.5x11', 'Fellowes Recycled Storage Drawers')",1
"('Advantus Panel Wall Certificate Holder - 8.5x11', 'Office Star - Contemporary Swivel Chair with Padded Adjustable Arms and Flex Back')",1
"('Advantus Panel Wall Certificate Holder - 8.5x11', 'RCA ViSYS 25825 Wireless digital phone')",1
"('Advantus Panel Wall Certificate Holder - 8.5x11', 'Xerox 203')",1
"('Carina Media Storage Towers in Natural & Black', 'DAX Contemporary Wood Frame with Silver Metal Mat, Desktop, 11 x 14 Size')",1
"('Carina Media Storage Towers in Natural & Black', 'Fellowes Recycled Storage Drawers')",1
"('Carina Media Storage Towers in Natural & Black', 'Office Star - Contemporary Swivel Chair with Padded Adjustable Arms and Flex Back')",1
"('Carina Media Storage Towers in Natural & Black', 'RCA ViSYS 25825 Wireless digital phone')",1
"('Carina Media Storage Towers in Natural & Black', 'Xerox 203')",1
"('DAX Contemporary Wood Frame with Silver Metal Mat, Desktop, 11 x 14 Size', 'Fellowes Recycled Storage Drawers')",1
"('DAX Contemporary Wood Frame with Silver Metal Mat, Desktop, 11 x 14 Size', 'Office Star - Contemporary Swivel Chair with Padded Adjustable Arms and Flex Back')",1
"('DAX Contemporary Wood Frame with Silver Metal Mat, Desktop, 11 x 14 Size', 'RCA ViSYS 25825 Wireless digital phone')",1
"('DAX Contemporary Wood Frame with Silver Metal Mat, Desktop, 11 x 14 Size', 'Xerox 203')",1
"('Fellowes Recycled Storage Drawers', 'Office Star - Contemporary Swivel Chair with Padded Adjustable Arms and Flex Back')",1
"('Fellowes Recycled Storage Drawers', 'RCA ViSYS 25825 Wireless digital phone')",1
"('Fellowes Recycled Storage Drawers', 'Xerox 203')",1
"('Office Star - Contemporary Swivel Chair with Padded Adjustable Arms and Flex Back', 'RCA ViSYS 25825 Wireless digital phone')",1
"('Office Star - Contemporary Swivel Chair with Padded Adjustable Arms and Flex Back', 'Xerox 203')",1
"('RCA ViSYS 25825 Wireless digital phone', 'Xerox 203')",1
"('Tennsco Industrial Shelving', 'Xerox 211')",1
"('Ativa MDM8000 8-Sheet Micro-Cut Shredder', 'GBC Imprintable Covers')",1
"('Ativa MDM8000 8-Sheet Micro-Cut Shredder', 'Vinyl Coated Wire Paper Clips in Organizer Box, 800/Box')",1
"('GBC Imprintable Covers', 'Vinyl Coated Wire Paper Clips in Organizer Box, 800/Box')",1
"('Avanti 4.4 Cu. Ft. Refrigerator', 'Fellowes Advanced 8 Outlet Surge Suppressor with Phone/Fax Protection')",1
"('Avanti 4.4 Cu. Ft. Refrigerator', 'Hoover Replacement Belt for Commercial Guardsman Heavy-Duty Upright Vacuum')",1
"('Fellowes Advanced 8 Outlet Surge Suppressor with Phone/Fax Protection', 'Hoover Replacement Belt for Commercial Guardsman Heavy-Duty Upright Vacuum')",1
"('Xerox 1916', 'Xerox 1930')",1
"('#10- 4 1/8"" x 9 1/2"" Recycled Envelopes', 'Bevis Round Conference Table Top & Single Column Base')",1
"('#10- 4 1/8"" x 9 1/2"" Recycled Envelopes', 'Binder Posts')",1
"('#10- 4 1/8"" x 9 1/2"" Recycled Envelopes', 'Xerox 1978')",1
"('Bevis Round Conference Table Top & Single Column Base', 'Binder Posts')",1
"('Bevis Round Conference Table Top & Single Column Base', 'Xerox 1978')",1
"('Binder Posts', 'Xerox 1978')",1
"(""GBC Standard Plastic Binding Systems' Combs"", 'Staples')",1
"('Eldon 100 Class Desk Accessories', 'Motorola L703CM')",1
"('Eldon 100 Class Desk Accessories', 'Xerox 1903')",1
"('Motorola L703CM', 'Xerox 1903')",1
"('OIC Stacking Trays', 'Xerox 1885')",1
"('Acrylic Self-Standing Desk Frames', 'Convenience Packs of Business Envelopes')",1
"('Acrylic Self-Standing Desk Frames', 'Eldon Expressions Desk Accessory, Wood Pencil Holder, Oak')",1
"('Convenience Packs of Business Envelopes', 'Eldon Expressions Desk Accessory, Wood Pencil Holder, Oak')",1
"('3M Polarizing Light Filter Sleeves', 'White Dual Perf Computer Printout Paper, 2700 Sheets, 1 Part, Heavyweight, 20 lbs., 14 7/8 x 11')",1
"('Dot Matrix Printer Tape Reel Labels, White, 5000/Box', 'Novimex High-Tech Fabric Mesh Task Chair')",1
"('Anker 24W Portable Micro USB Car Charger', 'BIC Brite Liner Highlighters, Chisel Tip')",1
"('Anker 24W Portable Micro USB Car Charger', 'GE 30524EE4')",1
"('Anker 24W Portable Micro USB Car Charger', 'LG Electronics Tone+ HBS-730 Bluetooth Headset')",1
"('Anker 24W Portable Micro USB Car Charger', 'SanDisk Cruzer 4 GB USB Flash Drive')",1
"('BIC Brite Liner Highlighters, Chisel Tip', 'GE 30524EE4')",1
"('BIC Brite Liner Highlighters, Chisel Tip', 'LG Electronics Tone+ HBS-730 Bluetooth Headset')",1
"('BIC Brite Liner Highlighters, Chisel Tip', 'SanDisk Cruzer 4 GB USB Flash Drive')",1
"('GE 30524EE4', 'LG Electronics Tone+ HBS-730 Bluetooth Headset')",1
"('GE 30524EE4', 'SanDisk Cruzer 4 GB USB Flash Drive')",1
"('LG Electronics Tone+ HBS-730 Bluetooth Headset', 'SanDisk Cruzer 4 GB USB Flash Drive')",1
"('GBC Imprintable Covers', 'Kingston Digital DataTraveler 16GB USB 2.0')",1
"('Boston KS Multi-Size Manual Pencil Sharpener', 'Tripp Lite Isotel 8 Ultra 8 Outlet Metal Surge')",1
"('Boston 1827 Commercial Additional Cutter, Drive Gear & Gear Rack for 1606', 'Conquest 14 Commercial Heavy-Duty Upright Vacuum, Collection System, Accessory Kit')",1
"('Boston 1827 Commercial Additional Cutter, Drive Gear & Gear Rack for 1606', 'GBC DocuBind P50 Personal Binding Machine')",1
"('Conquest 14 Commercial Heavy-Duty Upright Vacuum, Collection System, Accessory Kit', 'GBC DocuBind P50 Personal Binding Machine')",1
"('Stur-D-Stor Shelving, Vertical 5-Shelf: 72""H x 36""W x 18 1/2""D', 'WD My Passport Ultra 500GB Portable External Hard Drive')",1
"('Acco Smartsocket Table Surge Protector, 6 Color-Coded Adapter Outlets', 'Acme Galleria Hot Forged Steel Scissors with Colored Handles')",1
"('Acco Smartsocket Table Surge Protector, 6 Color-Coded Adapter Outlets', 'GBC Recycled VeloBinder Covers')",1
"('Acco Smartsocket Table Surge Protector, 6 Color-Coded Adapter Outlets', 'Motorola HK250 Universal Bluetooth Headset')",1
"('Acme Galleria Hot Forged Steel Scissors with Colored Handles', 'GBC Recycled VeloBinder Covers')",1
"('Acme Galleria Hot Forged Steel Scissors with Colored Handles', 'Motorola HK250 Universal Bluetooth Headset')",1
"('GBC Recycled VeloBinder Covers', 'Motorola HK250 Universal Bluetooth Headset')",1
"('Belkin 19"" Vented Equipment Shelf, Black', 'DAX Copper Panel Document Frame, 5 x 7 Size')",1
"('Belkin 19"" Vented Equipment Shelf, Black', 'Eldon ""L"" Workstation Diamond Chairmat')",1
"('Belkin 19"" Vented Equipment Shelf, Black', 'Xerox 1895')",1
"('DAX Copper Panel Document Frame, 5 x 7 Size', 'Eldon ""L"" Workstation Diamond Chairmat')",1
"('DAX Copper Panel Document Frame, 5 x 7 Size', 'Xerox 1895')",1
"('Eldon ""L"" Workstation Diamond Chairmat', 'Xerox 1895')",1
"('GBC Poly Designer Binding Covers', 'HTC One Mini')",1
"('GBC Poly Designer Binding Covers', 'Pressboard Hanging Data Binders for Unburst Sheets')",1
"('HTC One Mini', 'Pressboard Hanging Data Binders for Unburst Sheets')",1
"('Avery 480', 'Avery 489')",1
"('Avery 480', 'Peel-Off China Markers')",1
"('Avery 489', 'Peel-Off China Markers')",1
"('Fellowes Super Stor/Drawer Files', 'Geemarc AmpliPOWER60')",1
"('Kingston Digital DataTraveler 16GB USB 2.0', 'Sterilite Officeware Hinged File Box')",1
"('Kingston Digital DataTraveler 16GB USB 2.0', 'TRENDnet 56K USB 2.0 Phone, Internet and Fax Modem')",1
"('Sterilite Officeware Hinged File Box', 'TRENDnet 56K USB 2.0 Phone, Internet and Fax Modem')",1
"('Eldon Shelf Savers Cubes and Bins', 'Staples')",1
"('Global Armless Task Chair, Royal Blue', 'SAFCO Commercial Wire Shelving, Black')",1
"('Carina Double Wide Media Storage Towers in Natural & Black', 'Sauder Camden County Collection Library')",1
"('Global Armless Task Chair, Royal Blue', 'Wausau Papers Astrobrights Colored Envelopes')",1
"('Global Armless Task Chair, Royal Blue', 'Wilson SignalBoost 841262 DB PRO Amplifier Kit')",1
"('Wausau Papers Astrobrights Colored Envelopes', 'Wilson SignalBoost 841262 DB PRO Amplifier Kit')",1
"('Alliance Big Bands Rubber Bands, 12/Pack', 'Avery 509')",1
"('DXL Angle-View Binders with Locking Rings, Black', 'Sauder Camden County Barrister Bookcase, Planked Cherry Finish')",1
"('DXL Angle-View Binders with Locking Rings, Black', 'Sauder Camden County Collection Libraries, Planked Cherry Finish')",1
"('Sauder Camden County Barrister Bookcase, Planked Cherry Finish', 'Sauder Camden County Collection Libraries, Planked Cherry Finish')",1
"('Akro-Mils 12-Gallon Tote', 'GBC Twin Loop Wire Binding Elements, 9/16"" Spine, Black')",1
"('Akro-Mils 12-Gallon Tote', 'Holmes Odor Grabber')",1
"('GBC Twin Loop Wire Binding Elements, 9/16"" Spine, Black', 'Holmes Odor Grabber')",1
"('Microsoft Arc Touch Mouse', 'Staples')",1
"('Microsoft Arc Touch Mouse', 'Xerox 216')",1
"('Staples', 'Xerox 216')",1
"('Hon Non-Folding Utility Tables', 'Logitech G35 7.1-Channel Surround Sound Headset')",1
"('Hon Non-Folding Utility Tables', 'Rush Hierlooms Collection 1"" Thick Stackable Bookcases')",1
"('Hon Non-Folding Utility Tables', 'Tensor ""Hersey Kiss"" Styled Floor Lamp')",1
"('Hon Non-Folding Utility Tables', 'Xerox 1884')",1
"('Hon Non-Folding Utility Tables', 'Xerox 197')",1
"('Hon Non-Folding Utility Tables', 'Xerox 1977')",1
"('Logitech G35 7.1-Channel Surround Sound Headset', 'Rush Hierlooms Collection 1"" Thick Stackable Bookcases')",1
"('Logitech G35 7.1-Channel Surround Sound Headset', 'Tensor ""Hersey Kiss"" Styled Floor Lamp')",1
"('Logitech G35 7.1-Channel Surround Sound Headset', 'Xerox 1884')",1
"('Logitech G35 7.1-Channel Surround Sound Headset', 'Xerox 197')",1
"('Logitech G35 7.1-Channel Surround Sound Headset', 'Xerox 1977')",1
"('Rush Hierlooms Collection 1"" Thick Stackable Bookcases', 'Tensor ""Hersey Kiss"" Styled Floor Lamp')",1
"('Rush Hierlooms Collection 1"" Thick Stackable Bookcases', 'Xerox 1884')",1
"('Rush Hierlooms Collection 1"" Thick Stackable Bookcases', 'Xerox 197')",1
"('Rush Hierlooms Collection 1"" Thick Stackable Bookcases', 'Xerox 1977')",1
"('Tensor ""Hersey Kiss"" Styled Floor Lamp', 'Xerox 1884')",1
"('Tensor ""Hersey Kiss"" Styled Floor Lamp', 'Xerox 197')",1
"('Tensor ""Hersey Kiss"" Styled Floor Lamp', 'Xerox 1977')",1
"('Xerox 1884', 'Xerox 197')",1
"('Xerox 1884', 'Xerox 1977')",1
"('Xerox 197', 'Xerox 1977')",1
"('Acco Clips to Go Binder Clips, 24 Clips in Two Sizes', 'Artistic Insta-Plaque')",1
"('Acco Clips to Go Binder Clips, 24 Clips in Two Sizes', 'Belkin QODE FastFit Bluetooth Keyboard')",1
"('Acco Clips to Go Binder Clips, 24 Clips in Two Sizes', 'GBC Ibimaster 500 Manual ProClick Binding System')",1
"('Acco Clips to Go Binder Clips, 24 Clips in Two Sizes', 'KI Conference Tables')",1
"('Acco Clips to Go Binder Clips, 24 Clips in Two Sizes', 'Longer-Life Soft White Bulbs')",1
"('Acco Clips to Go Binder Clips, 24 Clips in Two Sizes', 'Nortel Meridian M3904 Professional Digital phone')",1
"('Acco Clips to Go Binder Clips, 24 Clips in Two Sizes', 'Panasonic KX-TG9471B')",1
"('Acco Clips to Go Binder Clips, 24 Clips in Two Sizes', 'Tennsco Lockers, Gray')",1
"('Acco Clips to Go Binder Clips, 24 Clips in Two Sizes', 'Xerox 1886')",1
"('Artistic Insta-Plaque', 'Belkin QODE FastFit Bluetooth Keyboard')",1
"('Artistic Insta-Plaque', 'GBC Ibimaster 500 Manual ProClick Binding System')",1
"('Artistic Insta-Plaque', 'KI Conference Tables')",1
"('Artistic Insta-Plaque', 'Longer-Life Soft White Bulbs')",1
"('Artistic Insta-Plaque', 'Nortel Meridian M3904 Professional Digital phone')",1
"('Artistic Insta-Plaque', 'Panasonic KX-TG9471B')",1
"('Artistic Insta-Plaque', 'Tennsco Lockers, Gray')",1
"('Artistic Insta-Plaque', 'Xerox 1886')",1
"('Belkin QODE FastFit Bluetooth Keyboard', 'GBC Ibimaster 500 Manual ProClick Binding System')",1
"('Belkin QODE FastFit Bluetooth Keyboard', 'KI Conference Tables')",1
"('Belkin QODE FastFit Bluetooth Keyboard', 'Longer-Life Soft White Bulbs')",1
"('Belkin QODE FastFit Bluetooth Keyboard', 'Nortel Meridian M3904 Professional Digital phone')",1
"('Belkin QODE FastFit Bluetooth Keyboard', 'Panasonic KX-TG9471B')",1
"('Belkin QODE FastFit Bluetooth Keyboard', 'Tennsco Lockers, Gray')",1
"('Belkin QODE FastFit Bluetooth Keyboard', 'Xerox 1886')",1
"('GBC Ibimaster 500 Manual ProClick Binding System', 'KI Conference Tables')",1
"('GBC Ibimaster 500 Manual ProClick Binding System', 'Longer-Life Soft White Bulbs')",1
"('GBC Ibimaster 500 Manual ProClick Binding System', 'Nortel Meridian M3904 Professional Digital phone')",1
"('GBC Ibimaster 500 Manual ProClick Binding System', 'Panasonic KX-TG9471B')",1
"('GBC Ibimaster 500 Manual ProClick Binding System', 'Tennsco Lockers, Gray')",1
"('GBC Ibimaster 500 Manual ProClick Binding System', 'Xerox 1886')",1
"('KI Conference Tables', 'Longer-Life Soft White Bulbs')",1
"('KI Conference Tables', 'Nortel Meridian M3904 Professional Digital phone')",1
"('KI Conference Tables', 'Panasonic KX-TG9471B')",1
"('KI Conference Tables', 'Tennsco Lockers, Gray')",1
"('KI Conference Tables', 'Xerox 1886')",1
"('Longer-Life Soft White Bulbs', 'Nortel Meridian M3904 Professional Digital phone')",1
"('Longer-Life Soft White Bulbs', 'Panasonic KX-TG9471B')",1
"('Longer-Life Soft White Bulbs', 'Tennsco Lockers, Gray')",1
"('Longer-Life Soft White Bulbs', 'Xerox 1886')",1
"('Nortel Meridian M3904 Professional Digital phone', 'Panasonic KX-TG9471B')",1
"('Nortel Meridian M3904 Professional Digital phone', 'Tennsco Lockers, Gray')",1
"('Nortel Meridian M3904 Professional Digital phone', 'Xerox 1886')",1
"('Panasonic KX-TG9471B', 'Tennsco Lockers, Gray')",1
"('Panasonic KX-TG9471B', 'Xerox 1886')",1
"('Tennsco Lockers, Gray', 'Xerox 1886')",1
"('Imation Bio 8GB USB\xa0Flash Drive Imation\xa0Corp', 'Xerox 1977')",1
"('Avery 494', 'Boston 16701 Slimline Battery Pencil Sharpener')",1
"('DAX Wood Document Frame.', 'Digium D40 VoIP phone')",1
"('DAX Wood Document Frame.', 'Xerox 1964')",1
"('Digium D40 VoIP phone', 'Xerox 1964')",1
"('Global Low Back Tilter Chair', 'Newell 312')",1
"('Global Low Back Tilter Chair', 'Polycom SoundStation2 EX Conference\xa0phone')",1
"('Newell 312', 'Polycom SoundStation2 EX Conference\xa0phone')",1
"('Avery Self-Adhesive Photo Pockets for Polaroid Photos', 'Hoover Portapower Portable Vacuum')",1
"('Avery 503', 'Global Leather & Oak Executive Chair, Burgundy')",1
"('Deflect-o DuraMat Antistatic Studded Beveled Mat for Medium Pile Carpeting', 'Fellowes Staxonsteel Drawer Files')",1
"('Deflect-o DuraMat Antistatic Studded Beveled Mat for Medium Pile Carpeting', 'Logitech\xa0LS21 Speaker System - PC Multimedia - 2.1-CH - Wired')",1
"('Deflect-o DuraMat Antistatic Studded Beveled Mat for Medium Pile Carpeting', 'Space Solutions Industrial Galvanized Steel Shelving.')",1
"('Fellowes Staxonsteel Drawer Files', 'Logitech\xa0LS21 Speaker System - PC Multimedia - 2.1-CH - Wired')",1
"('Fellowes Staxonsteel Drawer Files', 'Space Solutions Industrial Galvanized Steel Shelving.')",1
"('Logitech\xa0LS21 Speaker System - PC Multimedia - 2.1-CH - Wired', 'Space Solutions Industrial Galvanized Steel Shelving.')",1
"('Global Chrome Stack Chair', 'Global Leather and Oak Executive Chair, Black')",1
"('Global Chrome Stack Chair', 'Maxell DVD-RAM Discs')",1
"('Global Chrome Stack Chair', 'Office Star - Professional Matrix Back Chair with 2-to-1 Synchro Tilt and Mesh Fabric Seat')",1
"('Global Chrome Stack Chair', 'Redi-Strip #10 Envelopes, 4 1/8 x 9 1/2')",1
"('Global Chrome Stack Chair', 'Xerox 196')",1
"('Global Leather and Oak Executive Chair, Black', 'Maxell DVD-RAM Discs')",1
"('Global Leather and Oak Executive Chair, Black', 'Office Star - Professional Matrix Back Chair with 2-to-1 Synchro Tilt and Mesh Fabric Seat')",1
"('Global Leather and Oak Executive Chair, Black', 'Redi-Strip #10 Envelopes, 4 1/8 x 9 1/2')",1
"('Global Leather and Oak Executive Chair, Black', 'Xerox 196')",1
"('Maxell DVD-RAM Discs', 'Office Star - Professional Matrix Back Chair with 2-to-1 Synchro Tilt and Mesh Fabric Seat')",1
"('Maxell DVD-RAM Discs', 'Redi-Strip #10 Envelopes, 4 1/8 x 9 1/2')",1
"('Maxell DVD-RAM Discs', 'Xerox 196')",1
"('Office Star - Professional Matrix Back Chair with 2-to-1 Synchro Tilt and Mesh Fabric Seat', 'Redi-Strip #10 Envelopes, 4 1/8 x 9 1/2')",1
"('Office Star - Professional Matrix Back Chair with 2-to-1 Synchro Tilt and Mesh Fabric Seat', 'Xerox 196')",1
"('Redi-Strip #10 Envelopes, 4 1/8 x 9 1/2', 'Xerox 196')",1
"('Blue String-Tie & Button Interoffice Envelopes, 10 x 13', 'Design Ebony Sketching Pencil')",1
"('Advantus Map Pennant Flags and Round Head Tacks', 'Avery 05222 Permanent Self-Adhesive File Folder Labels for Typewriters, on Rolls, White, 250/Roll')",1
"('Advantus Map Pennant Flags and Round Head Tacks', 'Eldon ClusterMat Chair Mat with Cordless Antistatic Protection')",1
"('Advantus Map Pennant Flags and Round Head Tacks', 'Fellowes Powershred HS-440 4-Sheet High Security Shredder')",1
"('Advantus Map Pennant Flags and Round Head Tacks', 'GBC Recycled VeloBinder Covers')",1
"('Advantus Map Pennant Flags and Round Head Tacks', 'Performers Binder/Pad Holder, Black')",1
"('Advantus Map Pennant Flags and Round Head Tacks', 'Prismacolor Color Pencil Set')",1
"('Advantus Map Pennant Flags and Round Head Tacks', 'Project Tote Personal File')",1
"('Advantus Map Pennant Flags and Round Head Tacks', 'Wilson Jones Active Use Binders')",1
"('Avery 05222 Permanent Self-Adhesive File Folder Labels for Typewriters, on Rolls, White, 250/Roll', 'Eldon ClusterMat Chair Mat with Cordless Antistatic Protection')",1
"('Avery 05222 Permanent Self-Adhesive File Folder Labels for Typewriters, on Rolls, White, 250/Roll', 'Fellowes Powershred HS-440 4-Sheet High Security Shredder')",1
"('Avery 05222 Permanent Self-Adhesive File Folder Labels for Typewriters, on Rolls, White, 250/Roll', 'GBC Recycled VeloBinder Covers')",1
"('Avery 05222 Permanent Self-Adhesive File Folder Labels for Typewriters, on Rolls, White, 250/Roll', 'Performers Binder/Pad Holder, Black')",1
"('Avery 05222 Permanent Self-Adhesive File Folder Labels for Typewriters, on Rolls, White, 250/Roll', 'Prismacolor Color Pencil Set')",1
"('Avery 05222 Permanent Self-Adhesive File Folder Labels for Typewriters, on Rolls, White, 250/Roll', 'Project Tote Personal File')",1
"('Avery 05222 Permanent Self-Adhesive File Folder Labels for Typewriters, on Rolls, White, 250/Roll', 'Wilson Jones Active Use Binders')",1
"('Eldon ClusterMat Chair Mat with Cordless Antistatic Protection', 'Fellowes Powershred HS-440 4-Sheet High Security Shredder')",1
"('Eldon ClusterMat Chair Mat with Cordless Antistatic Protection', 'GBC Recycled VeloBinder Covers')",1
"('Eldon ClusterMat Chair Mat with Cordless Antistatic Protection', 'Performers Binder/Pad Holder, Black')",1
"('Eldon ClusterMat Chair Mat with Cordless Antistatic Protection', 'Prismacolor Color Pencil Set')",1
"('Eldon ClusterMat Chair Mat with Cordless Antistatic Protection', 'Project Tote Personal File')",1
"('Eldon ClusterMat Chair Mat with Cordless Antistatic Protection', 'Wilson Jones Active Use Binders')",1
"('Fellowes Powershred HS-440 4-Sheet High Security Shredder', 'GBC Recycled VeloBinder Covers')",1
"('Fellowes Powershred HS-440 4-Sheet High Security Shredder', 'Performers Binder/Pad Holder, Black')",1
"('Fellowes Powershred HS-440 4-Sheet High Security Shredder', 'Prismacolor Color Pencil Set')",1
"('Fellowes Powershred HS-440 4-Sheet High Security Shredder', 'Project Tote Personal File')",1
"('Fellowes Powershred HS-440 4-Sheet High Security Shredder', 'Wilson Jones Active Use Binders')",1
"('GBC Recycled VeloBinder Covers', 'Performers Binder/Pad Holder, Black')",1
"('GBC Recycled VeloBinder Covers', 'Prismacolor Color Pencil Set')",1
"('GBC Recycled VeloBinder Covers', 'Project Tote Personal File')",1
"('Performers Binder/Pad Holder, Black', 'Prismacolor Color Pencil Set')",1
"('Performers Binder/Pad Holder, Black', 'Project Tote Personal File')",1
"('Performers Binder/Pad Holder, Black', 'Wilson Jones Active Use Binders')",1
"('Prismacolor Color Pencil Set', 'Project Tote Personal File')",1
"('Prismacolor Color Pencil Set', 'Wilson Jones Active Use Binders')",1
"('Project Tote Personal File', 'Wilson Jones Active Use Binders')",1
"('Fiskars Spring-Action Scissors', 'Logitech G35 7.1-Channel Surround Sound Headset')",1
"('Fiskars Spring-Action Scissors', 'Xerox 1978')",1
"('Logitech G35 7.1-Channel Surround Sound Headset', 'Xerox 1978')",1
"('Cisco SPA301', 'JM Magazine Binder')",1
"('Cisco SPA301', 'Tennsco Double-Tier Lockers')",1
"('Cisco SPA301', 'Wilson Jones International Size A4 Ring Binders')",1
"('JM Magazine Binder', 'Seth Thomas 8 1/2"" Cubicle Clock')",1
"('JM Magazine Binder', 'Tennsco Double-Tier Lockers')",1
"('JM Magazine Binder', 'Wilson Jones International Size A4 Ring Binders')",1
"('Seth Thomas 8 1/2"" Cubicle Clock', 'Tennsco Double-Tier Lockers')",1
"('Seth Thomas 8 1/2"" Cubicle Clock', 'Wilson Jones International Size A4 Ring Binders')",1
"('Tennsco Double-Tier Lockers', 'Wilson Jones International Size A4 Ring Binders')",1
"('Bush Cubix Collection Bookcases, Fully Assembled', 'Global Highback Leather Tilter in Burgundy')",1
"('Hon 94000 Series Round Tables', 'Plantronics Audio 478 Stereo USB Headset')",1
"('Atlantic Metals Mobile 5-Shelf Bookcases, Custom Colors', 'Panasonic KP-350BK Electric Pencil Sharpener with Auto Stop')",1
"('Eldon Cleatmat Chair Mats for Medium Pile Carpets', 'Standard Rollaway File with Lock')",1
"('Avery Arch Ring Binders', 'Panasonic KX TS3282W Corded phone')",1
"('Avery Arch Ring Binders', 'Sanford 52201 APSCO Electric Pencil Sharpener')",1
"('Avery Arch Ring Binders', 'Sanford Colorific Eraseable Coloring Pencils, 12 Count')",1
"('Panasonic KX TS3282W Corded phone', 'Sanford 52201 APSCO Electric Pencil Sharpener')",1
"('Panasonic KX TS3282W Corded phone', 'Sanford Colorific Eraseable Coloring Pencils, 12 Count')",1
"('Sanford 52201 APSCO Electric Pencil Sharpener', 'Sanford Colorific Eraseable Coloring Pencils, 12 Count')",1
"('Faber Castell Col-Erase Pencils', 'Steel Personal Filing/Posting Tote')",1
"('Colored Envelopes', 'Dot Matrix Printer Tape Reel Labels, White, 5000/Box')",1
"('AT&T 17929 Lendline Telephone', ""GBC Standard Plastic Binding Systems' Combs"")",1
"('AT&T 17929 Lendline Telephone', 'Samsung Rugby III')",1
"(""GBC Standard Plastic Binding Systems' Combs"", 'Samsung Rugby III')",1
"('DataProducts Ampli Magnifier Task Lamp, Black,', 'Xerox 1946')",1
"('Eureka The Boss Cordless Rechargeable Stick Vac', 'Situations Contoured Folding Chairs, 4/Set')",1
"('Westinghouse Floor Lamp with Metal Mesh Shade, Black', 'Xerox 214')",1
"('Acco Pressboard Covers with Storage Hooks, 9 1/2"" x 11"", Executive Red', 'Hot File 7-Pocket, Floor Stand')",1
"('Acco Pressboard Covers with Storage Hooks, 9 1/2"" x 11"", Executive Red', 'Panasonic Kx-TS550')",1
"('Acco Pressboard Covers with Storage Hooks, 9 1/2"" x 11"", Executive Red', 'Xerox 219')",1
"('Hot File 7-Pocket, Floor Stand', 'Panasonic Kx-TS550')",1
"('Hot File 7-Pocket, Floor Stand', 'Xerox 219')",1
"('Panasonic Kx-TS550', 'Xerox 219')",1
"('Avery 505', 'Avery Hole Reinforcements')",1
"('Avery 505', ""O'Sullivan Manor Hill 2-Door Library in Brianna Oak"")",1
"('Avery 505', 'Xerox 1906')",1
"('Avery Hole Reinforcements', ""O'Sullivan Manor Hill 2-Door Library in Brianna Oak"")",1
"('Avery Hole Reinforcements', 'Xerox 1906')",1
"(""O'Sullivan Manor Hill 2-Door Library in Brianna Oak"", 'Xerox 1906')",1
"('Southworth Parchment Paper & Envelopes', 'Xerox 1999')",1
"('Dana Fluorescent Magnifying Lamp, White, 36""', 'Round Specialty Laser Printer Labels')",1
"('Acco PRESSTEX Data Binder with Storage Hooks, Dark Blue, 14 7/8"" X 11""', 'Luxo Economy Swing Arm Lamp')",1
"('Acco PRESSTEX Data Binder with Storage Hooks, Dark Blue, 14 7/8"" X 11""', 'Verbatim 25 GB 6x Blu-ray Single Layer Recordable Disc, 3/Pack')",1
"('Acco PRESSTEX Data Binder with Storage Hooks, Dark Blue, 14 7/8"" X 11""', 'Xerox 1943')",1
"('Luxo Economy Swing Arm Lamp', 'Verbatim 25 GB 6x Blu-ray Single Layer Recordable Disc, 3/Pack')",1
"('Luxo Economy Swing Arm Lamp', 'Xerox 1943')",1
"('Verbatim 25 GB 6x Blu-ray Single Layer Recordable Disc, 3/Pack', 'Xerox 1943')",1
"('2300 Heavy-Duty Transfer File Systems by Perma', 'Cisco SPA 502G IP Phone')",1
"('2300 Heavy-Duty Transfer File Systems by Perma', 'Tyvek Side-Opening Peel & Seel Expanding Envelopes')",1
"('2300 Heavy-Duty Transfer File Systems by Perma', 'Xerox 1929')",1
"('2300 Heavy-Duty Transfer File Systems by Perma', 'Zebra GX420t Direct Thermal/Thermal Transfer Printer')",1
"('Cisco SPA 502G IP Phone', 'Tyvek Side-Opening Peel & Seel Expanding Envelopes')",1
"('Cisco SPA 502G IP Phone', 'Xerox 1929')",1
"('Cisco SPA 502G IP Phone', 'Zebra GX420t Direct Thermal/Thermal Transfer Printer')",1
"('Tyvek Side-Opening Peel & Seel Expanding Envelopes', 'Xerox 1929')",1
"('Tyvek Side-Opening Peel & Seel Expanding Envelopes', 'Zebra GX420t Direct Thermal/Thermal Transfer Printer')",1
"('Xerox 1929', 'Zebra GX420t Direct Thermal/Thermal Transfer Printer')",1
"('Wilson Electronics DB Pro Signal Booster', 'Xerox 1945')",1
"('Advantus Employee of the Month Certificate Frame, 11 x 13-1/2', 'Chromcraft Bull-Nose Wood Round Conference Table Top, Wood Base')",1
"('Advantus Employee of the Month Certificate Frame, 11 x 13-1/2', 'Lesro Sheffield Collection Coffee Table, End Table, Center Table, Corner Table')",1
"('Advantus Employee of the Month Certificate Frame, 11 x 13-1/2', 'Logitech diNovo Edge Keyboard')",1
"('Advantus Employee of the Month Certificate Frame, 11 x 13-1/2', 'Xerox 191')",1
"('Chromcraft Bull-Nose Wood Round Conference Table Top, Wood Base', 'Lesro Sheffield Collection Coffee Table, End Table, Center Table, Corner Table')",1
"('Chromcraft Bull-Nose Wood Round Conference Table Top, Wood Base', 'Logitech diNovo Edge Keyboard')",1
"('Chromcraft Bull-Nose Wood Round Conference Table Top, Wood Base', 'Xerox 191')",1
"('Lesro Sheffield Collection Coffee Table, End Table, Center Table, Corner Table', 'Logitech diNovo Edge Keyboard')",1
"('Lesro Sheffield Collection Coffee Table, End Table, Center Table, Corner Table', 'Xerox 191')",1
"('Logitech diNovo Edge Keyboard', 'Xerox 191')",1
"('BlackBerry Q10', 'Ibico Covers for Plastic or Wire Binding Elements')",1
"('BlackBerry Q10', 'Maxell 4.7GB DVD+RW 3/Pack')",1
"('Ibico Covers for Plastic or Wire Binding Elements', 'Maxell 4.7GB DVD+RW 3/Pack')",1
"('Catalog Binders with Expanding Posts', 'Maxell\xa0LTO Ultrium - 800 GB')",1
"('Avery 485', 'Performers Binder/Pad Holder, Black')",1
"('Lesro Sheffield Collection Coffee Table, End Table, Center Table, Corner Table', 'Tuf-Vin Binders')",1
"('Lesro Sheffield Collection Coffee Table, End Table, Center Table, Corner Table', 'Wilson Electronics DB Pro Signal Booster')",1
"('Tuf-Vin Binders', 'Wilson Electronics DB Pro Signal Booster')",1
"('Global Value Steno Chair, Gray', 'Staples')",1
"('Deflect-o EconoMat Studded, No Bevel Mat for Low Pile Carpeting', 'VTech DS6151')",1
"('Deflect-o EconoMat Studded, No Bevel Mat for Low Pile Carpeting', 'Wilson Jones Legal Size Ring Binders')",1
"('VTech DS6151', 'Wilson Jones Legal Size Ring Binders')",1
"('Harmony Air Purifier', 'Westinghouse Clip-On Gooseneck Lamps')",1
"('Memorex Mini Travel Drive 8 GB USB 2.0 Flash Drive', 'Tennsco Snap-Together Open Shelving Units, Starter Sets and Add-On Units')",1
"('Memorex Mini Travel Drive 8 GB USB 2.0 Flash Drive', 'UniKeep View Case Binders')",1
"('Tennsco Snap-Together Open Shelving Units, Starter Sets and Add-On Units', 'UniKeep View Case Binders')",1
"('Bush Advantage Collection Round Conference Table', 'Global Troy Executive Leather Low-Back Tilter')",1
"('Bush Advantage Collection Round Conference Table', 'Tennsco Industrial Shelving')",1
"('Bush Advantage Collection Round Conference Table', 'Xerox 219')",1
"('Bush Advantage Collection Round Conference Table', 'Xerox Color Copier Paper, 11"" x 17"", Ream')",1
"('Global Troy Executive Leather Low-Back Tilter', 'Tennsco Industrial Shelving')",1
"('Global Troy Executive Leather Low-Back Tilter', 'Xerox 219')",1
"('Global Troy Executive Leather Low-Back Tilter', 'Xerox Color Copier Paper, 11"" x 17"", Ream')",1
"('Tennsco Industrial Shelving', 'Xerox 219')",1
"('Tennsco Industrial Shelving', 'Xerox Color Copier Paper, 11"" x 17"", Ream')",1
"('Xerox 219', 'Xerox Color Copier Paper, 11"" x 17"", Ream')",1
"('GBC Premium Transparent Covers with Diagonal Lined Pattern', 'Newell 345')",1
"('GBC Premium Transparent Covers with Diagonal Lined Pattern', 'RCA ViSYS 25825 Wireless digital phone')",1
"('GBC Premium Transparent Covers with Diagonal Lined Pattern', 'SAFCO Optional Arm Kit for Workspace Cribbage Stacking Chair')",1
"('Newell 345', 'RCA ViSYS 25825 Wireless digital phone')",1
"('Newell 345', 'SAFCO Optional Arm Kit for Workspace Cribbage Stacking Chair')",1
"('RCA ViSYS 25825 Wireless digital phone', 'SAFCO Optional Arm Kit for Workspace Cribbage Stacking Chair')",1
"('Chromcraft Round Conference Tables', 'Xerox 198')",1
"('Binding Machine Supplies', 'Deflect-o EconoMat Nonstudded, No Bevel Mat')",1
"('Binding Machine Supplies', 'Floodlight Indoor Halogen Bulbs, 1 Bulb per Pack, 60 Watts')",1
"('Deflect-o EconoMat Nonstudded, No Bevel Mat', 'Floodlight Indoor Halogen Bulbs, 1 Bulb per Pack, 60 Watts')",1
"('Personal Folder Holder, Ebony', 'Xerox 1887')",1
"('Personal Folder Holder, Ebony', 'Xerox 1971')",1
"('Xerox 1887', 'Xerox 1971')",1
"('Imation\xa032GB Pocket Pro USB 3.0\xa0Flash Drive\xa0- 32 GB - Black - 1 P ...', 'Imation\xa0Clip USB\xa0flash drive\xa0- 8 GB')",1
"('Imation\xa032GB Pocket Pro USB 3.0\xa0Flash Drive\xa0- 32 GB - Black - 1 P ...', 'It\'s Hot Message Books with Stickers, 2 3/4"" x 5""')",1
"('Imation\xa0Clip USB\xa0flash drive\xa0- 8 GB', 'It\'s Hot Message Books with Stickers, 2 3/4"" x 5""')",1
"('Avoid Verbal Orders Carbonless Minifold Book', 'Hon Metal Bookcases, Black')",1
"('Avery Non-Stick Binders', 'Hewlett Packard LaserJet 3310 Copier')",1
"('Avery Non-Stick Binders', 'Storex Dura Pro Binders')",1
"('Hewlett Packard LaserJet 3310 Copier', 'Storex Dura Pro Binders')",1
"('Cardinal EasyOpen D-Ring Binders', 'Konftel 250 Conference\xa0phone\xa0- Charcoal black')",1
"('Cardinal EasyOpen D-Ring Binders', ""O'Sullivan 3-Shelf Heavy-Duty Bookcases"")",1
"('Cardinal EasyOpen D-Ring Binders', 'Tenex Antistatic Computer Chair Mats')",1
"('Konftel 250 Conference\xa0phone\xa0- Charcoal black', ""O'Sullivan 3-Shelf Heavy-Duty Bookcases"")",1
"('Konftel 250 Conference\xa0phone\xa0- Charcoal black', 'Tenex Antistatic Computer Chair Mats')",1
"(""O'Sullivan 3-Shelf Heavy-Duty Bookcases"", 'Tenex Antistatic Computer Chair Mats')",1
"('Acco Hanging Data Binders', 'Howard Miller 16"" Diameter Gallery Wall Clock')",1
"('BOSTON Model 1800 Electric Pencil Sharpeners, Putty/Woodgrain', ""Global Manager's Adjustable Task Chair, Storm"")",1
"('BOSTON Model 1800 Electric Pencil Sharpeners, Putty/Woodgrain', 'Honeywell Enviracaire Portable HEPA Air Cleaner for up to 10 x 16 Room')",1
"('BOSTON Model 1800 Electric Pencil Sharpeners, Putty/Woodgrain', 'Mini 13-1/2 Capacity Data Binder Rack, Pearl')",1
"(""Global Manager's Adjustable Task Chair, Storm"", 'Honeywell Enviracaire Portable HEPA Air Cleaner for up to 10 x 16 Room')",1
"(""Global Manager's Adjustable Task Chair, Storm"", 'Mini 13-1/2 Capacity Data Binder Rack, Pearl')",1
"('Honeywell Enviracaire Portable HEPA Air Cleaner for up to 10 x 16 Room', 'Mini 13-1/2 Capacity Data Binder Rack, Pearl')",1
"('Advantus Push Pins', 'Imation\xa0Secure\xa0Drive\xa0+ Hardware Encrypted USB\xa0flash drive\xa0- 16 GB')",1
"('Advantus Push Pins', 'Plantronics Audio 478 Stereo USB Headset')",1
"('Imation\xa0Secure\xa0Drive\xa0+ Hardware Encrypted USB\xa0flash drive\xa0- 16 GB', 'Plantronics Audio 478 Stereo USB Headset')",1
"('Cardinal Holdit Data Disk Pockets', 'Eldon Mobile Mega Data Cart  Mega Stackable  Add-On Trays')",1
"('Cardinal Holdit Data Disk Pockets', 'Newell 319')",1
"('Eldon Mobile Mega Data Cart  Mega Stackable  Add-On Trays', 'Newell 319')",1
"('Assorted Color Push Pins', 'JBL Micro Wireless Portable Bluetooth Speaker')",1
"('Assorted Color Push Pins', 'Plantronics CS 50-USB -\xa0headset\xa0- Convertible, Monaural')",1
"('JBL Micro Wireless Portable Bluetooth Speaker', 'Plantronics CS 50-USB -\xa0headset\xa0- Convertible, Monaural')",1
"('Chromcraft Rectangular Conference Tables', 'Memorex Micro Travel Drive 8 GB')",1
"('HON 5400 Series Task Chairs for Big and Tall', 'Plantronics Audio 995 Wireless Stereo Headset')",1
"('DataProducts Ampli Magnifier Task Lamp, Black,', 'Xerox 1997')",1
"('Flexible Leather- Look Classic Collection Ring Binder', 'Xerox 222')",1
"('Hoover Upright Vacuum With Dirt Cup', 'Razer Kraken PRO Over Ear PC and Music Headset')",1
"('Howard Miller 13"" Diameter Pewter Finish Round Wall Clock', 'netTALK DUO VoIP Telephone Service')",1
"('Avanti 4.4 Cu. Ft. Refrigerator', 'Companion Letter/Legal File, Black')",1
"('Avanti 4.4 Cu. Ft. Refrigerator', 'Eldon Wave Desk Accessories')",1
"('Avanti 4.4 Cu. Ft. Refrigerator', 'Performers Binder/Pad Holder, Black')",1
"('Companion Letter/Legal File, Black', 'Eldon Wave Desk Accessories')",1
"('Companion Letter/Legal File, Black', 'Performers Binder/Pad Holder, Black')",1
"('Eldon Wave Desk Accessories', 'Performers Binder/Pad Holder, Black')",1
"('GBC Plastic Binding Combs', 'Xerox 202')",1
"('Cisco IP Phone 7961G-GE VoIP phone', 'Coloredge Poster Frame')",1
"('Cisco IP Phone 7961G-GE VoIP phone', 'Logitech Trackman Marble Mouse')",1
"('Coloredge Poster Frame', 'Logitech Trackman Marble Mouse')",1
"('24-Hour Round Wall Clock', 'Geemarc AmpliPOWER60')",1
"('24-Hour Round Wall Clock', 'Things To Do Today Pad')",1
"('24-Hour Round Wall Clock', 'Wilson Jones Turn Tabs Binder Tool for Ring Binders')",1
"('Geemarc AmpliPOWER60', 'Things To Do Today Pad')",1
"('Geemarc AmpliPOWER60', 'Wilson Jones Turn Tabs Binder Tool for Ring Binders')",1
"('Things To Do Today Pad', 'Wilson Jones Turn Tabs Binder Tool for Ring Binders')",1
"('#10- 4 1/8"" x 9 1/2"" Recycled Envelopes', 'Tyvek  Top-Opening Peel & Seel  Envelopes, Gray')",1
"('Coloredge Poster Frame', 'Kensington SlimBlade Notebook Wireless Mouse with Nano Receiver ')",1
"('Economy Rollaway Files', 'Sharp 1540cs Digital Laser Copier')",1
"('Economy Rollaway Files', 'Wilson Jones Easy Flow II Sheet Lifters')",1
"('Sharp 1540cs Digital Laser Copier', 'Wilson Jones Easy Flow II Sheet Lifters')",1
"('Dexim XPower Skin Super-Thin Power Case for iPhone 5 - Black', 'Luxo Adjustable Task Clamp Lamp')",1
"('Jawbone JAMBOX Wireless Bluetooth Speaker', 'Xerox 1895')",1
"('Enermax Acrylux Wireless Keyboard', 'Newell 317')",1
"('Enermax Acrylux Wireless Keyboard', ""O'Sullivan Living Dimensions 5-Shelf Bookcases"")",1
"('Newell 317', ""O'Sullivan Living Dimensions 5-Shelf Bookcases"")",1
"('Bevis Round Conference Table Top & Single Column Base', 'Harbour Creations 67200 Series Stacking Chairs')",1
"('Avery Durable Binders', 'Belkin 8 Outlet Surge Protector')",1
"('Avery Durable Binders', 'Luxo Professional Fluorescent Magnifier Lamp with Clamp-Mount Base')",1
"('Belkin 8 Outlet Surge Protector', 'Luxo Professional Fluorescent Magnifier Lamp with Clamp-Mount Base')",1
"('GBC Ibimaster 500 Manual ProClick Binding System', 'Gould Plastics 18-Pocket Panel Bin, 34w x 5-1/4d x 20-1/2h')",1
"('Bush Andora Conference Table, Maple/Graphite Gray Finish', 'GBC Laser Imprintable Binding System Covers, Desert Sand')",1
"('Bush Andora Conference Table, Maple/Graphite Gray Finish', 'Ibico Recycled Grain-Textured Covers')",1
"('Bush Andora Conference Table, Maple/Graphite Gray Finish', 'Xerox 23')",1
"('GBC Laser Imprintable Binding System Covers, Desert Sand', 'Ibico Recycled Grain-Textured Covers')",1
"('GBC Laser Imprintable Binding System Covers, Desert Sand', 'Xerox 23')",1
"('Ibico Recycled Grain-Textured Covers', 'Xerox 23')",1
"('Aastra 6757i CT Wireless VoIP phone', 'GBC Premium Transparent Covers with Diagonal Lined Pattern')",1
"('3M Organizer Strips', 'Acco Suede Grain Vinyl Round Ring Binder')",1
"('3M Organizer Strips', 'Howard Miller 13-3/4"" Diameter Brushed Chrome Round Wall Clock')",1
"('3M Organizer Strips', 'Master Big Foot Doorstop, Beige')",1
"('3M Organizer Strips', 'Newell 333')",1
"('3M Organizer Strips', 'Novimex Fabric Task Chair')",1
"('Acco Suede Grain Vinyl Round Ring Binder', 'Howard Miller 13-3/4"" Diameter Brushed Chrome Round Wall Clock')",1
"('Acco Suede Grain Vinyl Round Ring Binder', 'Master Big Foot Doorstop, Beige')",1
"('Acco Suede Grain Vinyl Round Ring Binder', 'Newell 333')",1
"('Acco Suede Grain Vinyl Round Ring Binder', 'Novimex Fabric Task Chair')",1
"('Howard Miller 13-3/4"" Diameter Brushed Chrome Round Wall Clock', 'Master Big Foot Doorstop, Beige')",1
"('Howard Miller 13-3/4"" Diameter Brushed Chrome Round Wall Clock', 'Newell 333')",1
"('Howard Miller 13-3/4"" Diameter Brushed Chrome Round Wall Clock', 'Novimex Fabric Task Chair')",1
"('Master Big Foot Doorstop, Beige', 'Newell 333')",1
"('Master Big Foot Doorstop, Beige', 'Novimex Fabric Task Chair')",1
"('Newell 333', 'Novimex Fabric Task Chair')",1
"('Wilson Jones Ledger-Size, Piano-Hinge Binder, 2"", Blue', 'Xerox 1896')",1
"('Mobile Personal File Cube', 'Tensor Computer Mounted Lamp')",1
"('Tennsco Stur-D-Stor Boltless Shelving, 5 Shelves, 24"" Deep, Sand', 'Xerox 19')",1
"('Ampad Evidence Wirebond Steno Books, 6"" x 9""', 'Logitech G19 Programmable Gaming Keyboard')",1
"('Ampad Evidence Wirebond Steno Books, 6"" x 9""', 'Security-Tint Envelopes')",1
"('Ampad Evidence Wirebond Steno Books, 6"" x 9""', 'Xerox 1908')",1
"('Logitech G19 Programmable Gaming Keyboard', 'Security-Tint Envelopes')",1
"('Logitech G19 Programmable Gaming Keyboard', 'Xerox 1908')",1
"('Security-Tint Envelopes', 'Xerox 1908')",1
"('Canon PC1060 Personal Laser Copier', 'Deflect-o Glass Clear Studded Chair Mats')",1
"('Contico 72""H Heavy-Duty Storage System', 'Kingston Digital DataTraveler 16GB USB 2.0')",1
"('GBC Imprintable Covers', 'Howard Miller Distant Time Traveler Alarm Clock')",1
"('Adams Phone Message Book, 200 Message Capacity, 8 1/16\x94 x 11\x94', 'Avery 486')",1
"('Adams Phone Message Book, 200 Message Capacity, 8 1/16\x94 x 11\x94', 'Hewlett Packard 610 Color Digital Copier / Printer')",1
"('Adams Phone Message Book, 200 Message Capacity, 8 1/16\x94 x 11\x94', 'Xerox 1883')",1
"('Avery 486', 'Hewlett Packard 610 Color Digital Copier / Printer')",1
"('Avery 486', 'Xerox 1883')",1
"('Hewlett Packard 610 Color Digital Copier / Printer', 'Xerox 1883')",1
"('Global Stack Chair with Arms, Black', 'Novimex Swivel Fabric Task Chair')",1
"('Global Stack Chair with Arms, Black', 'StarTech.com 10/100 VDSL2 Ethernet Extender Kit')",1
"('Novimex Swivel Fabric Task Chair', 'StarTech.com 10/100 VDSL2 Ethernet Extender Kit')",1
"('Hon Metal Bookcases, Black', 'SAFCO Arco Folding Chair')",1
"('Hon Metal Bookcases, Black', 'SAFCO Boltless Steel Shelving')",1
"('Hon Metal Bookcases, Black', 'Xerox 1899')",1
"('SAFCO Arco Folding Chair', 'SAFCO Boltless Steel Shelving')",1
"('SAFCO Arco Folding Chair', 'Xerox 1899')",1
"('SAFCO Boltless Steel Shelving', 'Xerox 1899')",1
"('AT&T 1080 Corded phone', 'Stanley Contemporary Battery Pencil Sharpeners')",1
"('Hon GuestStacker Chair', 'Xerox 191')",1
"('Hon GuestStacker Chair', 'Xerox 1927')",1
"('Hon GuestStacker Chair', 'Xerox 1974')",1
"('Xerox 191', 'Xerox 1927')",1
"('Xerox 191', 'Xerox 1974')",1
"('Xerox 1927', 'Xerox 1974')",1
"('1/4 Fold Party Design Invitations & White Envelopes, 24 8-1/2"" X 11"" Cards, 25 Env./Pack', 'Nortel Meridian M3904 Professional Digital phone')",1
"('1/4 Fold Party Design Invitations & White Envelopes, 24 8-1/2"" X 11"" Cards, 25 Env./Pack', 'Sanford Colorific Eraseable Coloring Pencils, 12 Count')",1
"('1/4 Fold Party Design Invitations & White Envelopes, 24 8-1/2"" X 11"" Cards, 25 Env./Pack', 'Staples')",1
"('1/4 Fold Party Design Invitations & White Envelopes, 24 8-1/2"" X 11"" Cards, 25 Env./Pack', 'Xerox 226')",1
"('Nortel Meridian M3904 Professional Digital phone', 'Sanford Colorific Eraseable Coloring Pencils, 12 Count')",1
"('Nortel Meridian M3904 Professional Digital phone', 'Staples')",1
"('Nortel Meridian M3904 Professional Digital phone', 'Xerox 226')",1
"('Sanford Colorific Eraseable Coloring Pencils, 12 Count', 'Staples')",1
"('Sanford Colorific Eraseable Coloring Pencils, 12 Count', 'Xerox 226')",1
"('Staples', 'Xerox 226')",1
"('Avery 474', 'Xerox 227')",1
"('Eldon Stackable Tray, Side-Load, Legal, Smoke', 'Panasonic KX TS3282W Corded phone')",1
"('BOSTON Model 1800 Electric Pencil Sharpeners, Putty/Woodgrain', 'Belkin 19"" Vented Equipment Shelf, Black')",1
"('BOSTON Model 1800 Electric Pencil Sharpeners, Putty/Woodgrain', 'Howard Miller 13"" Diameter Pewter Finish Round Wall Clock')",1
"('BOSTON Model 1800 Electric Pencil Sharpeners, Putty/Woodgrain', 'Xerox 1960')",1
"('BOSTON Model 1800 Electric Pencil Sharpeners, Putty/Woodgrain', 'Xerox 1970')",1
"('Belkin 19"" Vented Equipment Shelf, Black', 'Howard Miller 13"" Diameter Pewter Finish Round Wall Clock')",1
"('Belkin 19"" Vented Equipment Shelf, Black', 'Xerox 1960')",1
"('Belkin 19"" Vented Equipment Shelf, Black', 'Xerox 1970')",1
"('Howard Miller 13"" Diameter Pewter Finish Round Wall Clock', 'Xerox 1960')",1
"('Howard Miller 13"" Diameter Pewter Finish Round Wall Clock', 'Xerox 1970')",1
"('Xerox 1960', 'Xerox 1970')",1
"('Recycled Premium Regency Composition Covers', 'Staples')",1
"('Apple EarPods with Remote and Mic', 'Perixx PERIBOARD-512B, Ergonomic Split Keyboard')",1
"('Fellowes PB500 Electric Punch Plastic Comb Binding Machine with Manual Bind', 'Newell 344')",1
"('Fellowes PB500 Electric Punch Plastic Comb Binding Machine with Manual Bind', 'Personal File Boxes with Fold-Down Carry Handle')",1
"('Fellowes PB500 Electric Punch Plastic Comb Binding Machine with Manual Bind', 'Rogers Handheld Barrel Pencil Sharpener')",1
"('Newell 344', 'Personal File Boxes with Fold-Down Carry Handle')",1
"('Newell 344', 'Rogers Handheld Barrel Pencil Sharpener')",1
"('Personal File Boxes with Fold-Down Carry Handle', 'Rogers Handheld Barrel Pencil Sharpener')",1
"('HTC One', 'Howard Miller 11-1/2"" Diameter Brentwood Wall Clock')",1
"('HTC One', 'Neat Ideas Personal Hanging Folder Files, Black')",1
"('Howard Miller 11-1/2"" Diameter Brentwood Wall Clock', 'Neat Ideas Personal Hanging Folder Files, Black')",1
"('Aastra 6757i CT Wireless VoIP phone', 'Accohide Poly Flexible Ring Binders')",1
"('Advantus Plastic Paper Clips', 'Toshiba IPT2010-SD IP\xa0Telephone')",1
"('Fellowes Stor/Drawer Steel Plus Storage Drawers', 'Manco Dry-Lighter Erasable Highlighter')",1
"('GBC Twin Loop Wire Binding Elements, 9/16"" Spine, Black', 'LG G3')",1
"('GBC Twin Loop Wire Binding Elements, 9/16"" Spine, Black', 'Microsoft Sculpt Comfort Mouse')",1
"('GBC Twin Loop Wire Binding Elements, 9/16"" Spine, Black', 'Wilson Jones Heavy-Duty Casebound Ring Binders with Metal Hinges')",1
"('LG G3', 'Microsoft Sculpt Comfort Mouse')",1
"('LG G3', 'Wilson Jones Heavy-Duty Casebound Ring Binders with Metal Hinges')",1
"('Microsoft Sculpt Comfort Mouse', 'Wilson Jones Heavy-Duty Casebound Ring Binders with Metal Hinges')",1
"('Avery 505', 'Cisco 9971 IP Video Phone Charcoal')",1
"('Avery 505', ""O'Sullivan 2-Door Barrister Bookcase in Odessa Pine"")",1
"('Avery 505', 'Sony Micro Vault Click 16 GB USB 2.0 Flash Drive')",1
"('Avery 505', 'Speck Products Candyshell Flip Case')",1
"('Cisco 9971 IP Video Phone Charcoal', ""O'Sullivan 2-Door Barrister Bookcase in Odessa Pine"")",1
"('Cisco 9971 IP Video Phone Charcoal', 'Sony Micro Vault Click 16 GB USB 2.0 Flash Drive')",1
"('Cisco 9971 IP Video Phone Charcoal', 'Speck Products Candyshell Flip Case')",1
"(""O'Sullivan 2-Door Barrister Bookcase in Odessa Pine"", 'Sony Micro Vault Click 16 GB USB 2.0 Flash Drive')",1
"(""O'Sullivan 2-Door Barrister Bookcase in Odessa Pine"", 'Speck Products Candyshell Flip Case')",1
"('Sony Micro Vault Click 16 GB USB 2.0 Flash Drive', 'Speck Products Candyshell Flip Case')",1
"('AmazonBasics 3-Button USB Wired Mouse', 'Logitech\xa0VX Revolution Cordless Laser Mouse for Notebooks (Black)')",1
"('AmazonBasics 3-Button USB Wired Mouse', 'Poly String Tie Envelopes')",1
"('AmazonBasics 3-Button USB Wired Mouse', 'Tennsco Industrial Shelving')",1
"('Logitech\xa0VX Revolution Cordless Laser Mouse for Notebooks (Black)', 'Poly String Tie Envelopes')",1
"('Poly String Tie Envelopes', 'Tennsco Industrial Shelving')",1
"('Avery Durable Plastic 1"" Binders', 'Hon Racetrack Conference Tables')",1
"('Avery Durable Plastic 1"" Binders', 'Hot File 7-Pocket, Floor Stand')",1
"('Avery Durable Plastic 1"" Binders', 'Space Solutions Commercial Steel Shelving')",1
"('Hon Racetrack Conference Tables', 'Hot File 7-Pocket, Floor Stand')",1
"('Hon Racetrack Conference Tables', 'Space Solutions Commercial Steel Shelving')",1
"('Hot File 7-Pocket, Floor Stand', 'Space Solutions Commercial Steel Shelving')",1
"('Canon PC940 Copier', 'Logitech Keyboard K120')",1
"('Acco Banker\'s Clasps, 5 3/4""-Long', ""Global Manager's Adjustable Task Chair, Storm"")",1
"('Acco Banker\'s Clasps, 5 3/4""-Long', 'White Envelopes, White Envelopes with Clear Poly Window')",1
"(""Global Manager's Adjustable Task Chair, Storm"", 'White Envelopes, White Envelopes with Clear Poly Window')",1
"('Ibico Presentation Index for Binding Systems', 'Okidata C331dn Printer')",1
"('Cameo Buff Policy Envelopes', 'Xerox 1957')",1
"('Fellowes Super Stor/Drawer Files', ""O'Sullivan Living Dimensions 3-Shelf Bookcases"")",1
"('Fellowes Super Stor/Drawer Files', 'Self-Adhesive Removable Labels')",1
"(""O'Sullivan Living Dimensions 3-Shelf Bookcases"", 'Self-Adhesive Removable Labels')",1
"('Cubify CubeX 3D Printer Double Head Print', 'Howard Miller 13"" Diameter Goldtone Round Wall Clock')",1
"('Cubify CubeX 3D Printer Double Head Print', 'Panasonic KX TS3282W Corded phone')",1
"('Cubify CubeX 3D Printer Double Head Print', 'Plantronics Savi W720 Multi-Device Wireless Headset System')",1
"('Howard Miller 13"" Diameter Goldtone Round Wall Clock', 'Panasonic KX TS3282W Corded phone')",1
"('Howard Miller 13"" Diameter Goldtone Round Wall Clock', 'Plantronics Savi W720 Multi-Device Wireless Headset System')",1
"('Panasonic KX TS3282W Corded phone', 'Plantronics Savi W720 Multi-Device Wireless Headset System')",1
"('Acco Pressboard Covers with Storage Hooks, 9 1/2"" x 11"", Executive Red', 'Newell 334')",1
"('Acco Pressboard Covers with Storage Hooks, 9 1/2"" x 11"", Executive Red', 'Tuff Stuff Recycled Round Ring Binders')",1
"('Newell 334', 'Tuff Stuff Recycled Round Ring Binders')",1
"('Fellowes 8 Outlet Superior Workstation Surge Protector w/o Phone/Fax/Modem Protection', 'Xerox 213')",1
"('Avery 497', 'Belkin F9G930V10-GRY 9 Outlet Surge')",1
"('Loose Memo Sheets', 'Rubber Band Ball')",1
"('Office Star - Professional Matrix Back Chair with 2-to-1 Synchro Tilt and Mesh Fabric Seat', 'Plymouth Boxed Rubber Bands by Plymouth')",1
"('Office Star - Professional Matrix Back Chair with 2-to-1 Synchro Tilt and Mesh Fabric Seat', 'Sauder Forest Hills Library, Woodland Oak Finish')",1
"('Office Star - Professional Matrix Back Chair with 2-to-1 Synchro Tilt and Mesh Fabric Seat', 'Xerox 228')",1
"('Plymouth Boxed Rubber Bands by Plymouth', 'Sauder Forest Hills Library, Woodland Oak Finish')",1
"('Plymouth Boxed Rubber Bands by Plymouth', 'Xerox 228')",1
"('Sauder Forest Hills Library, Woodland Oak Finish', 'Xerox 228')",1
"('Barrel Sharpener', 'DXL Angle-View Binders with Locking Rings, Black')",1
"('Barrel Sharpener', 'Enermax Acrylux Wireless Keyboard')",1
"('DXL Angle-View Binders with Locking Rings, Black', 'Enermax Acrylux Wireless Keyboard')",1
"('Accohide Poly Flexible Ring Binders', 'Lenovo 17-Key USB Numeric Keypad')",1
"('Global Super Steno Chair', 'Logitech G602 Wireless Gaming Mouse')",1
"('Global Super Steno Chair', 'Permanent Self-Adhesive File Folder Labels for Typewriters, 1 1/8 x 3 1/2, White')",1
"('Logitech G602 Wireless Gaming Mouse', 'Permanent Self-Adhesive File Folder Labels for Typewriters, 1 1/8 x 3 1/2, White')",1
"('Nu-Dell Oak Frame', 'SAFCO PlanMaster Boards, 60w x 37-1/2d, White Melamine')",1
"('GE 48"" Fluorescent Tube, Cool White Energy Saver, 34 Watts, 30/Box', 'Pyle PMP37LED')",1
"('GE 48"" Fluorescent Tube, Cool White Energy Saver, 34 Watts, 30/Box', 'Xerox 2')",1
"('Pyle PMP37LED', 'Xerox 2')",1
"('Avery 488', 'Memorex Micro Travel Drive 8 GB')",1
"('Ibico Standard Transparent Covers', 'Seth Thomas 13 1/2"" Wall Clock')",1
"('Ibico Standard Transparent Covers', 'Xerox 1999')",1
"('Seth Thomas 13 1/2"" Wall Clock', 'Xerox 1999')",1
"('Acco Perma 4000 Stacking Storage Drawers', 'Personal Filing Tote with Lid, Black/Gray')",1
"('It\'s Hot Message Books with Stickers, 2 3/4"" x 5""', 'Recycled Pressboard Report Cover with Reinforced Top Hinge')",1
"('Acme Value Line Scissors', 'Personal Creations Ink Jet Cards and Labels')",1
"('Acme Value Line Scissors', 'Rediform S.O.S. Phone Message Books')",1
"('Personal Creations Ink Jet Cards and Labels', 'Rediform S.O.S. Phone Message Books')",1
"('Eldon Image Series Black Desk Accessories', 'Fellowes Mobile File Cart, Black')",1
"('Eldon Image Series Black Desk Accessories', 'Xerox 1889')",1
"('Fellowes Mobile File Cart, Black', 'Xerox 1889')",1
"('Adams Telephone Message Book w/Frequently-Called Numbers Space, 400 Messages per Book', 'GBC Standard Recycled Report Covers, Clear Plastic Sheets')",1
"('Aastra 57i VoIP phone', 'Avery 476')",1
"('Aastra 57i VoIP phone', 'Pizazz Global Quick File')",1
"('Aastra 57i VoIP phone', 'Zebra GX420t Direct Thermal/Thermal Transfer Printer')",1
"('Avery 476', 'Pizazz Global Quick File')",1
"('Avery 476', 'Zebra GX420t Direct Thermal/Thermal Transfer Printer')",1
"('Pizazz Global Quick File', 'Zebra GX420t Direct Thermal/Thermal Transfer Printer')",1
"('Black Print Carbonless Snap-Off Rapid Letter, 8 1/2"" x 7""', 'Spigen Samsung Galaxy S5 Case Wallet')",1
"('Black Print Carbonless Snap-Off Rapid Letter, 8 1/2"" x 7""', 'Xerox 1910')",1
"('Spigen Samsung Galaxy S5 Case Wallet', 'Xerox 1910')",1
"('Advantus Map Pennant Flags and Round Head Tacks', 'Hon Every-Day Series Multi-Task Chairs')",1
"('Avery 477', 'Avery Self-Adhesive Photo Pockets for Polaroid Photos')",1
"('Avery 477', 'Fellowes Officeware Wire Shelving')",1
"('Avery 477', 'Tripp Lite TLP810NET Broadband Surge for Modem/Fax')",1
"('Avery 477', 'Xerox 1914')",1
"('Avery Self-Adhesive Photo Pockets for Polaroid Photos', 'Fellowes Officeware Wire Shelving')",1
"('Avery Self-Adhesive Photo Pockets for Polaroid Photos', 'Tripp Lite TLP810NET Broadband Surge for Modem/Fax')",1
"('Avery Self-Adhesive Photo Pockets for Polaroid Photos', 'Xerox 1914')",1
"('Fellowes Officeware Wire Shelving', 'Tripp Lite TLP810NET Broadband Surge for Modem/Fax')",1
"('Fellowes Officeware Wire Shelving', 'Xerox 1914')",1
"('Tripp Lite TLP810NET Broadband Surge for Modem/Fax', 'Xerox 1914')",1
"('GBC Linen Binding Covers', 'Ibico Recycled Linen-Style Covers')",1
"('GBC Linen Binding Covers', 'Logitech\xa0Gaming G510s - Keyboard')",1
"('GBC Linen Binding Covers', 'Newell 317')",1
"('Ibico Recycled Linen-Style Covers', 'Logitech\xa0Gaming G510s - Keyboard')",1
"('Ibico Recycled Linen-Style Covers', 'Newell 317')",1
"('Logitech\xa0Gaming G510s - Keyboard', 'Newell 317')",1
"('Bretford CR4500 Series Slim Rectangular Table', 'Jabra BIZ 2300 Duo QD Duo Corded\xa0Headset')",1
"('Boston 1730 StandUp Electric Pencil Sharpener', 'Logitech B530 USB\xa0Headset\xa0-\xa0headset\xa0- Full size, Binaural')",1
"('Cisco SPA 502G IP Phone', 'Xerox 1917')",1
"('Acme Value Line Scissors', 'Belkin 6 Outlet Metallic Surge Strip')",1
"('Hon Comfortask Task/Swivel Chairs', 'Xerox 1923')",1
"('Balt Solid Wood Rectangular Table', 'Boston 19500 Mighty Mite Electric Pencil Sharpener')",1
"('#10- 4 1/8"" x 9 1/2"" Recycled Envelopes', 'Avery 507')",1
"('#10- 4 1/8"" x 9 1/2"" Recycled Envelopes', 'Master Caster Door Stop, Brown')",1
"('Avery 507', 'Master Caster Door Stop, Brown')",1
"(""I Need's 3d Hello Kitty Hybrid Silicone Case Cover for HTC One X 4g with 3d Hello Kitty Stylus Pen Green/pink"", 'Staples')",1
"('Acco Pressboard Covers with Storage Hooks, 14 7/8"" x 11"", Executive Red', 'Hon Olson Stacker Stools')",1
"('Hon 2111 Invitation Series Corner Table', 'Prang Dustless Chalk Sticks')",1
"('Avery Premier Heavy-Duty Binder with Round Locking Rings', 'Avery Reinforcements for Hole-Punch Pages')",1
"('Avery Premier Heavy-Duty Binder with Round Locking Rings', 'Fellowes Bankers Box Staxonsteel Drawer File/Stacking System')",1
"('Avery Premier Heavy-Duty Binder with Round Locking Rings', 'Xerox 225')",1
"('Avery Reinforcements for Hole-Punch Pages', 'Fellowes Bankers Box Staxonsteel Drawer File/Stacking System')",1
"('Avery Reinforcements for Hole-Punch Pages', 'Xerox 225')",1
"('Fellowes Bankers Box Staxonsteel Drawer File/Stacking System', 'Xerox 225')",1
"('Dana Fluorescent Magnifying Lamp, White, 36""', 'Pressboard Data Binders by Wilson Jones')",1
"('Logitech B530 USB\xa0Headset\xa0-\xa0headset\xa0- Full size, Binaural', 'Newell 351')",1
"('Logitech B530 USB\xa0Headset\xa0-\xa0headset\xa0- Full size, Binaural', 'Rush Hierlooms Collection Rich Wood Bookcases')",1
"('Logitech B530 USB\xa0Headset\xa0-\xa0headset\xa0- Full size, Binaural', 'Xerox 1978')",1
"('Newell 351', 'Rush Hierlooms Collection Rich Wood Bookcases')",1
"('Newell 351', 'Xerox 1978')",1
"('Rush Hierlooms Collection Rich Wood Bookcases', 'Xerox 1978')",1
"('Belkin 5 Outlet SurgeMaster Power Centers', 'Newell 324')",1
"('Enermax Acrylux Wireless Keyboard', 'Howard Miller 11-1/2"" Diameter Grantwood Wall Clock')",1
"('Enermax Acrylux Wireless Keyboard', 'Sanford Prismacolor Professional Thick Lead Art Pencils, 36-Color Set')",1
"('Enermax Acrylux Wireless Keyboard', 'Star Micronics TSP800 TSP847IIU Receipt Printer')",1
"('Howard Miller 11-1/2"" Diameter Grantwood Wall Clock', 'Sanford Prismacolor Professional Thick Lead Art Pencils, 36-Color Set')",1
"('Howard Miller 11-1/2"" Diameter Grantwood Wall Clock', 'Star Micronics TSP800 TSP847IIU Receipt Printer')",1
"('Sanford Prismacolor Professional Thick Lead Art Pencils, 36-Color Set', 'Star Micronics TSP800 TSP847IIU Receipt Printer')",1
"('Bevis Round Conference Table Top, X-Base', 'White Business Envelopes with Contemporary Seam, Recycled White Business Envelopes')",1
"('Innergie mMini Combo Duo USB Travel Charging Kit', 'Maxell\xa0LTO Ultrium - 800 GB')",1
"('Innergie mMini Combo Duo USB Travel Charging Kit', 'Samsung Galaxy S III - 16GB - pebble blue (T-Mobile)')",1
"('Maxell\xa0LTO Ultrium - 800 GB', 'Samsung Galaxy S III - 16GB - pebble blue (T-Mobile)')",1
"('Brown Kraft Recycled Envelopes', ""Honeywell Enviracaire Portable HEPA Air Cleaner for 16' x 20' Room"")",1
"('#6 3/4 Gummed Flap White Envelopes', 'Nu-Dell Float Frame 11 x 14 1/2')",1
"('Acco D-Ring Binder w/DublLock', 'Global Commerce Series High-Back Swivel/Tilt Chairs')",1
"('Acco D-Ring Binder w/DublLock', 'Tenex Chairmats For Use with Hard Floors')",1
"('Global Commerce Series High-Back Swivel/Tilt Chairs', 'Tenex Chairmats For Use with Hard Floors')",1
"('Adams Telephone Message Book W/Dividers/Space For Phone Numbers, 5 1/4""X8 1/2"", 200/Messages', 'Avery 518')",1
"('ACCOHIDE 3-Ring Binder, Blue, 1""', 'Lenovo 17-Key USB Numeric Keypad')",1
"('ACCOHIDE 3-Ring Binder, Blue, 1""', 'Recycled Easel Ring Binders')",1
"('Lenovo 17-Key USB Numeric Keypad', 'Recycled Easel Ring Binders')",1
"('Mediabridge Sport Armband iPhone 5s', 'SKILCRAFT Telephone Shoulder Rest, 2"" x 6.5"" x 2.5"", Black')",1
"('Mediabridge Sport Armband iPhone 5s', 'Sanford Liquid Accent Highlighters')",1
"('SKILCRAFT Telephone Shoulder Rest, 2"" x 6.5"" x 2.5"", Black', 'Sanford Liquid Accent Highlighters')",1
"('Hoover Upright Vacuum With Dirt Cup', 'Plantronics Calisto P620-M USB Wireless Speakerphone System')",1
"('Hoover Upright Vacuum With Dirt Cup', 'Plantronics S12 Corded Telephone Headset System')",1
"('Hoover Upright Vacuum With Dirt Cup', 'Prang Drawing Pencil Set')",1
"('Hoover Upright Vacuum With Dirt Cup', 'Xerox 1903')",1
"('Plantronics Calisto P620-M USB Wireless Speakerphone System', 'Plantronics S12 Corded Telephone Headset System')",1
"('Plantronics Calisto P620-M USB Wireless Speakerphone System', 'Prang Drawing Pencil Set')",1
"('Plantronics Calisto P620-M USB Wireless Speakerphone System', 'Xerox 1903')",1
"('Plantronics S12 Corded Telephone Headset System', 'Prang Drawing Pencil Set')",1
"('Plantronics S12 Corded Telephone Headset System', 'Xerox 1903')",1
"('Prang Drawing Pencil Set', 'Xerox 1903')",1
"('Logitech 910-002974 M325 Wireless Mouse for Web Scrolling', 'Presstex Flexible Ring Binders')",1
"('Logitech 910-002974 M325 Wireless Mouse for Web Scrolling', 'Regeneration Desk Collection')",1
"('Presstex Flexible Ring Binders', 'Regeneration Desk Collection')",1
"('Black Print Carbonless Snap-Off Rapid Letter, 8 1/2"" x 7""', 'Newell 311')",1
"('Black Print Carbonless Snap-Off Rapid Letter, 8 1/2"" x 7""', 'Peel & Seel Envelopes')",1
"('Newell 311', 'Peel & Seel Envelopes')",1
"('Deluxe Chalkboard Eraser Cleaner', 'GBC Ibimaster 500 Manual ProClick Binding System')",1
"(""Eldon ProFile File 'N Store Portable File Tub Letter/Legal Size Black"", 'Logitech Wireless Performance Mouse MX for PC and Mac')",1
"('Recycled Premium Regency Composition Covers', 'Xerox 1881')",1
"('Panasonic KX-TG6844B Expandable Digital Cordless Telephone', 'Plantronics MX500i Earset')",1
"('Memorex Micro Travel Drive 16 GB', 'Tuff Stuff Recycled Round Ring Binders')",1
"('Memorex Micro Travel Drive 16 GB', 'netTALK DUO VoIP Telephone Service')",1
"('Tuff Stuff Recycled Round Ring Binders', 'netTALK DUO VoIP Telephone Service')",1
"('Eldon Expressions Wood Desk Accessories, Oak', 'Newell 3-Hole Punched Plastic Slotted Magazine Holders for Binders')",1
"('Hon Metal Bookcases, Putty', 'Office Star - Contemporary Swivel Chair with Padded Adjustable Arms and Flex Back')",1
"('Hon Metal Bookcases, Putty', 'SANFORD Liquid Accent Tank-Style Highlighters')",1
"('Office Star - Contemporary Swivel Chair with Padded Adjustable Arms and Flex Back', 'SANFORD Liquid Accent Tank-Style Highlighters')",1
"('Acco PRESSTEX Data Binder with Storage Hooks, Light Blue, 9 1/2"" X 11""', 'Turquoise Lead Holder with Pocket Clip')",1
"('Acco PRESSTEX Data Binder with Storage Hooks, Light Blue, 9 1/2"" X 11""', 'Xerox Color Copier Paper, 11"" x 17"", Ream')",1
"('Turquoise Lead Holder with Pocket Clip', 'Xerox Color Copier Paper, 11"" x 17"", Ream')",1
"('Avery Self-Adhesive Photo Pockets for Polaroid Photos', 'Global Leather Highback Executive Chair with Pneumatic Height Adjustment, Black')",1
"('Avery Self-Adhesive Photo Pockets for Polaroid Photos', 'Xerox 21')",1
"('Global Leather Highback Executive Chair with Pneumatic Height Adjustment, Black', 'Xerox 21')",1
"('Plantronics Savi W720 Multi-Device Wireless Headset System', 'ShoreTel ShorePhone IP 230 VoIP phone')",1
"('Harbour Creations Steel Folding Chair', 'Tennsco Lockers, Sand')",1
"('Adams Phone Message Book, Professional, 400 Message Capacity, 5 3/6\x94 x 11\x94', 'Adjustable Depth Letter/Legal Cart')",1
"('Adams Phone Message Book, Professional, 400 Message Capacity, 5 3/6\x94 x 11\x94', 'Advantus Rolling Storage Box')",1
"('Adams Phone Message Book, Professional, 400 Message Capacity, 5 3/6\x94 x 11\x94', ""Global Wood Trimmed Manager's Task Chair, Khaki"")",1
"('Adams Phone Message Book, Professional, 400 Message Capacity, 5 3/6\x94 x 11\x94', 'Hon 4070 Series Pagoda Armless Upholstered Stacking Chairs')",1
"('Adjustable Depth Letter/Legal Cart', 'Advantus Rolling Storage Box')",1
"('Adjustable Depth Letter/Legal Cart', ""Global Wood Trimmed Manager's Task Chair, Khaki"")",1
"('Adjustable Depth Letter/Legal Cart', 'Hon 4070 Series Pagoda Armless Upholstered Stacking Chairs')",1
"('Advantus Rolling Storage Box', ""Global Wood Trimmed Manager's Task Chair, Khaki"")",1
"('Advantus Rolling Storage Box', 'Hon 4070 Series Pagoda Armless Upholstered Stacking Chairs')",1
"(""Global Wood Trimmed Manager's Task Chair, Khaki"", 'Hon 4070 Series Pagoda Armless Upholstered Stacking Chairs')",1
"('Aluminum Screw Posts', 'Avery Fluorescent Highlighter Four-Color Set')",1
"('Aluminum Screw Posts', 'Xerox 200')",1
"('Avery Fluorescent Highlighter Four-Color Set', 'Xerox 200')",1
"('Angle-D Binders with Locking Rings, Label Holders', 'Logitech K350 2.4Ghz Wireless Keyboard')",1
"('Angle-D Binders with Locking Rings, Label Holders', 'Memorex Mini Travel Drive 64 GB USB 2.0 Flash Drive')",1
"('Angle-D Binders with Locking Rings, Label Holders', 'Plantronics Voyager Pro Legend')",1
"('Logitech K350 2.4Ghz Wireless Keyboard', 'Memorex Mini Travel Drive 64 GB USB 2.0 Flash Drive')",1
"('Logitech K350 2.4Ghz Wireless Keyboard', 'Plantronics Voyager Pro Legend')",1
"('Memorex Mini Travel Drive 64 GB USB 2.0 Flash Drive', 'Plantronics Voyager Pro Legend')",1
"('Carina Double Wide Media Storage Towers in Natural & Black', 'Verbatim 25 GB 6x Blu-ray Single Layer Recordable Disc, 25/Pack')",1
"('Carina Double Wide Media Storage Towers in Natural & Black', 'XtraLife ClearVue Slant-D Ring Binders by Cardinal')",1
"('Verbatim 25 GB 6x Blu-ray Single Layer Recordable Disc, 25/Pack', 'XtraLife ClearVue Slant-D Ring Binders by Cardinal')",1
"('Angle-D Binders with Locking Rings, Label Holders', 'Fellowes Bankers Box Stor/Drawer Steel Plus')",1
"('Angle-D Binders with Locking Rings, Label Holders', 'Global Comet Stacking Arm Chair')",1
"('Angle-D Binders with Locking Rings, Label Holders', 'Grandstream GXP1160 VoIP phone')",1
"('Angle-D Binders with Locking Rings, Label Holders', 'HTC One Mini')",1
"('Angle-D Binders with Locking Rings, Label Holders', 'Recycled Eldon Regeneration Jumbo File')",1
"('Angle-D Binders with Locking Rings, Label Holders', 'Stur-D-Stor Shelving, Vertical 5-Shelf: 72""H x 36""W x 18 1/2""D')",1
"('Angle-D Binders with Locking Rings, Label Holders', 'Tyvek Interoffice Envelopes, 9 1/2"" x 12 1/2"", 100/Box')",1
"('Angle-D Binders with Locking Rings, Label Holders', 'Xerox 193')",1
"('Fellowes Bankers Box Stor/Drawer Steel Plus', 'Global Comet Stacking Arm Chair')",1
"('Fellowes Bankers Box Stor/Drawer Steel Plus', 'Grandstream GXP1160 VoIP phone')",1
"('Fellowes Bankers Box Stor/Drawer Steel Plus', 'HTC One Mini')",1
"('Fellowes Bankers Box Stor/Drawer Steel Plus', 'Recycled Eldon Regeneration Jumbo File')",1
"('Fellowes Bankers Box Stor/Drawer Steel Plus', 'Stur-D-Stor Shelving, Vertical 5-Shelf: 72""H x 36""W x 18 1/2""D')",1
"('Fellowes Bankers Box Stor/Drawer Steel Plus', 'Tyvek Interoffice Envelopes, 9 1/2"" x 12 1/2"", 100/Box')",1
"('Fellowes Bankers Box Stor/Drawer Steel Plus', 'Xerox 193')",1
"('Global Comet Stacking Arm Chair', 'Grandstream GXP1160 VoIP phone')",1
"('Global Comet Stacking Arm Chair', 'HTC One Mini')",1
"('Global Comet Stacking Arm Chair', 'Recycled Eldon Regeneration Jumbo File')",1
"('Global Comet Stacking Arm Chair', 'Stur-D-Stor Shelving, Vertical 5-Shelf: 72""H x 36""W x 18 1/2""D')",1
"('Global Comet Stacking Arm Chair', 'Tyvek Interoffice Envelopes, 9 1/2"" x 12 1/2"", 100/Box')",1
"('Global Comet Stacking Arm Chair', 'Xerox 193')",1
"('Grandstream GXP1160 VoIP phone', 'HTC One Mini')",1
"('Grandstream GXP1160 VoIP phone', 'Recycled Eldon Regeneration Jumbo File')",1
"('Grandstream GXP1160 VoIP phone', 'Stur-D-Stor Shelving, Vertical 5-Shelf: 72""H x 36""W x 18 1/2""D')",1
"('Grandstream GXP1160 VoIP phone', 'Tyvek Interoffice Envelopes, 9 1/2"" x 12 1/2"", 100/Box')",1
"('Grandstream GXP1160 VoIP phone', 'Xerox 193')",1
"('HTC One Mini', 'Recycled Eldon Regeneration Jumbo File')",1
"('HTC One Mini', 'Stur-D-Stor Shelving, Vertical 5-Shelf: 72""H x 36""W x 18 1/2""D')",1
"('HTC One Mini', 'Tyvek Interoffice Envelopes, 9 1/2"" x 12 1/2"", 100/Box')",1
"('HTC One Mini', 'Xerox 193')",1
"('Recycled Eldon Regeneration Jumbo File', 'Stur-D-Stor Shelving, Vertical 5-Shelf: 72""H x 36""W x 18 1/2""D')",1
"('Recycled Eldon Regeneration Jumbo File', 'Tyvek Interoffice Envelopes, 9 1/2"" x 12 1/2"", 100/Box')",1
"('Recycled Eldon Regeneration Jumbo File', 'Xerox 193')",1
"('Stur-D-Stor Shelving, Vertical 5-Shelf: 72""H x 36""W x 18 1/2""D', 'Tyvek Interoffice Envelopes, 9 1/2"" x 12 1/2"", 100/Box')",1
"('Stur-D-Stor Shelving, Vertical 5-Shelf: 72""H x 36""W x 18 1/2""D', 'Xerox 193')",1
"('Tyvek Interoffice Envelopes, 9 1/2"" x 12 1/2"", 100/Box', 'Xerox 193')",1
"('Avery Hole Reinforcements', 'Vinyl Coated Wire Paper Clips in Organizer Box, 800/Box')",1
"('Logitech Wireless Anywhere Mouse MX for PC and Mac', 'Logitech\xa0Z-906 Speaker sys - home theater - 5.1-CH')",1
"('Acco 6 Outlet Guardian Premium Surge Suppressor', 'Fellowes Binding Cases')",1
"('Xerox 1953', 'Xerox 1962')",1
"('Fellowes PB200 Plastic Comb Binding Machine', 'Panasonic KX T7731-B Digital phone')",1
"('Fellowes PB200 Plastic Comb Binding Machine', 'Recycled Interoffice Envelopes with String and Button Closure, 10 x 13')",1
"('Fellowes PB200 Plastic Comb Binding Machine', 'Tennsco Lockers, Sand')",1
"('Fellowes PB200 Plastic Comb Binding Machine', 'Wilson Jones Century Plastic Molded Ring Binders')",1
"('Panasonic KX T7731-B Digital phone', 'Recycled Interoffice Envelopes with String and Button Closure, 10 x 13')",1
"('Panasonic KX T7731-B Digital phone', 'Tennsco Lockers, Sand')",1
"('Panasonic KX T7731-B Digital phone', 'Wilson Jones Century Plastic Molded Ring Binders')",1
"('Recycled Interoffice Envelopes with String and Button Closure, 10 x 13', 'Tennsco Lockers, Sand')",1
"('Recycled Interoffice Envelopes with String and Button Closure, 10 x 13', 'Wilson Jones Century Plastic Molded Ring Binders')",1
"('Tennsco Lockers, Sand', 'Wilson Jones Century Plastic Molded Ring Binders')",1
"('NETGEAR N750 Dual Band Wi-Fi Gigabit Router', 'Sanyo Counter Height Refrigerator with Crisper, 3.6 Cubic Foot, Stainless Steel/Black')",1
"('Eldon Portable Mobile Manager', 'Imation Bio 8GB USB\xa0Flash Drive Imation\xa0Corp')",1
"('Eldon Portable Mobile Manager', 'Multi-Use Personal File Cart and Caster Set, Three Stacking Bins')",1
"('Eldon Portable Mobile Manager', 'Tops White Computer Printout Paper')",1
"('Eldon Portable Mobile Manager', 'White Envelopes, White Envelopes with Clear Poly Window')",1
"('Eldon Portable Mobile Manager', 'Xerox 1981')",1
"('Imation Bio 8GB USB\xa0Flash Drive Imation\xa0Corp', 'Multi-Use Personal File Cart and Caster Set, Three Stacking Bins')",1
"('Imation Bio 8GB USB\xa0Flash Drive Imation\xa0Corp', 'Tops White Computer Printout Paper')",1
"('Imation Bio 8GB USB\xa0Flash Drive Imation\xa0Corp', 'White Envelopes, White Envelopes with Clear Poly Window')",1
"('Imation Bio 8GB USB\xa0Flash Drive Imation\xa0Corp', 'Xerox 1981')",1
"('Multi-Use Personal File Cart and Caster Set, Three Stacking Bins', 'Tops White Computer Printout Paper')",1
"('Multi-Use Personal File Cart and Caster Set, Three Stacking Bins', 'White Envelopes, White Envelopes with Clear Poly Window')",1
"('Multi-Use Personal File Cart and Caster Set, Three Stacking Bins', 'Xerox 1981')",1
"('Tops White Computer Printout Paper', 'White Envelopes, White Envelopes with Clear Poly Window')",1
"('Tops White Computer Printout Paper', 'Xerox 1981')",1
"('White Envelopes, White Envelopes with Clear Poly Window', 'Xerox 1981')",1
"('Assorted Color Push Pins', 'Belkin F9H710-06 7 Outlet SurgeMaster Surge Protector')",1
"('Assorted Color Push Pins', 'Crayola Colored Pencils')",1
"('Assorted Color Push Pins', 'GBC Velobind Prepunched Cover Sets, Regency Series')",1
"('Assorted Color Push Pins', 'Plantronics 81402')",1
"('Assorted Color Push Pins', 'Super Bands, 12/Pack')",1
"('Belkin F9H710-06 7 Outlet SurgeMaster Surge Protector', 'Crayola Colored Pencils')",1
"('Belkin F9H710-06 7 Outlet SurgeMaster Surge Protector', 'GBC Velobind Prepunched Cover Sets, Regency Series')",1
"('Belkin F9H710-06 7 Outlet SurgeMaster Surge Protector', 'Plantronics 81402')",1
"('Belkin F9H710-06 7 Outlet SurgeMaster Surge Protector', 'Super Bands, 12/Pack')",1
"('Crayola Colored Pencils', 'GBC Velobind Prepunched Cover Sets, Regency Series')",1
"('Crayola Colored Pencils', 'Plantronics 81402')",1
"('Crayola Colored Pencils', 'Super Bands, 12/Pack')",1
"('GBC Velobind Prepunched Cover Sets, Regency Series', 'Plantronics 81402')",1
"('GBC Velobind Prepunched Cover Sets, Regency Series', 'Super Bands, 12/Pack')",1
"('Plantronics 81402', 'Super Bands, 12/Pack')",1
"('Executive Impressions 14"" Two-Color Numerals Wall Clock', 'Staples')",1
"('DAX Two-Tone Rosewood/Black Document Frame, Desktop, 5 x 7', 'Global Leather Highback Executive Chair with Pneumatic Height Adjustment, Black')",1
"('DAX Two-Tone Rosewood/Black Document Frame, Desktop, 5 x 7', 'Office Star - Ergonomically Designed Knee Chair')",1
"('DAX Two-Tone Rosewood/Black Document Frame, Desktop, 5 x 7', 'Square Credit Card Reader')",1
"('Global Leather Highback Executive Chair with Pneumatic Height Adjustment, Black', 'Office Star - Ergonomically Designed Knee Chair')",1
"('Global Leather Highback Executive Chair with Pneumatic Height Adjustment, Black', 'Square Credit Card Reader')",1
"('Office Star - Ergonomically Designed Knee Chair', 'Square Credit Card Reader')",1
"('Avery Hole Reinforcements', 'BOSTON Model 1800 Electric Pencil Sharpeners, Putty/Woodgrain')",1
"('DAX Black Cherry Wood-Tone Poster Frame', 'Fiskars 8"" Scissors, 2/Pack')",1
"('DAX Black Cherry Wood-Tone Poster Frame', 'Panasonic KP-380BK Classic Electric Pencil Sharpener')",1
"('Fiskars 8"" Scissors, 2/Pack', 'Panasonic KP-380BK Classic Electric Pencil Sharpener')",1
"('Eldon Shelf Savers Cubes and Bins', 'Xerox 1928')",1
"('Advantus Employee of the Month Certificate Frame, 11 x 13-1/2', 'Fellowes Super Stor/Drawer Files')",1
"('Advantus Employee of the Month Certificate Frame, 11 x 13-1/2', 'Newell 344')",1
"('Advantus Employee of the Month Certificate Frame, 11 x 13-1/2', 'Premier Elliptical Ring Binder, Black')",1
"('Advantus Employee of the Month Certificate Frame, 11 x 13-1/2', 'Smead Alpha-Z Color-Coded Name Labels First Letter Starter Set')",1
"('Advantus Employee of the Month Certificate Frame, 11 x 13-1/2', 'Xerox 1951')",1
"('Advantus Employee of the Month Certificate Frame, 11 x 13-1/2', 'Xerox 1963')",1
"('Fellowes Super Stor/Drawer Files', 'Newell 344')",1
"('Fellowes Super Stor/Drawer Files', 'Premier Elliptical Ring Binder, Black')",1
"('Fellowes Super Stor/Drawer Files', 'Smead Alpha-Z Color-Coded Name Labels First Letter Starter Set')",1
"('Fellowes Super Stor/Drawer Files', 'Xerox 1951')",1
"('Fellowes Super Stor/Drawer Files', 'Xerox 1963')",1
"('Newell 344', 'Premier Elliptical Ring Binder, Black')",1
"('Newell 344', 'Smead Alpha-Z Color-Coded Name Labels First Letter Starter Set')",1
"('Newell 344', 'Xerox 1951')",1
"('Newell 344', 'Xerox 1963')",1
"('Premier Elliptical Ring Binder, Black', 'Smead Alpha-Z Color-Coded Name Labels First Letter Starter Set')",1
"('Premier Elliptical Ring Binder, Black', 'Xerox 1951')",1
"('Premier Elliptical Ring Binder, Black', 'Xerox 1963')",1
"('Smead Alpha-Z Color-Coded Name Labels First Letter Starter Set', 'Xerox 1951')",1
"('Smead Alpha-Z Color-Coded Name Labels First Letter Starter Set', 'Xerox 1963')",1
"('Xerox 1951', 'Xerox 1963')",1
"('Newell 341', 'Xerox 1936')",1
"('C-Line Cubicle Keepers Polyproplyene Holder With Velcro Backings', 'Laser & Ink Jet Business Envelopes')",1
"('C-Line Cubicle Keepers Polyproplyene Holder With Velcro Backings', 'Magna Visual Magnetic Picture Hangers')",1
"('C-Line Cubicle Keepers Polyproplyene Holder With Velcro Backings', 'Portable Personal File Box')",1
"('Laser & Ink Jet Business Envelopes', 'Magna Visual Magnetic Picture Hangers')",1
"('Laser & Ink Jet Business Envelopes', 'Portable Personal File Box')",1
"('Magna Visual Magnetic Picture Hangers', 'Portable Personal File Box')",1
"('Acco Flexible ACCOHIDE Square Ring Data Binder, Dark Blue, 11 1/2"" X 14"" 7/8""', 'Acco Four Pocket Poly Ring Binder with Label Holder, Smoke, 1""')",1
"('Acco Flexible ACCOHIDE Square Ring Data Binder, Dark Blue, 11 1/2"" X 14"" 7/8""', 'Stiletto Hand Letter Openers')",1
"('Acco Four Pocket Poly Ring Binder with Label Holder, Smoke, 1""', 'Stiletto Hand Letter Openers')",1
"('Avery Hi-Liter Smear-Safe Highlighters', 'Clear Mylar Reinforcing Strips')",1
"('Avery Hi-Liter Smear-Safe Highlighters', 'Zipper Ring Binder Pockets')",1
"('Clear Mylar Reinforcing Strips', 'Zipper Ring Binder Pockets')",1
"('Sauder Forest Hills Library with Doors, Woodland Oak Finish', 'Xerox 1999')",1
"('Blue String-Tie & Button Interoffice Envelopes, 10 x 13', 'Carina 42""Hx23 3/4""W Media Storage Unit')",1
"('Blue String-Tie & Button Interoffice Envelopes, 10 x 13', 'Xerox 1957')",1
"('Carina 42""Hx23 3/4""W Media Storage Unit', 'Xerox 1957')",1
"('Bevis 36 x 72 Conference Tables', 'Rogers Deluxe File Chest')",1
"('Bevis 36 x 72 Conference Tables', 'Sanford Uni-Blazer View Highlighters, Chisel Tip, Yellow')",1
"('Rogers Deluxe File Chest', 'Sanford Uni-Blazer View Highlighters, Chisel Tip, Yellow')",1
"('Avery Recycled Flexi-View Covers for Binding Systems', 'Canon PC170 Desktop Personal Copier')",1
"('Avery Recycled Flexi-View Covers for Binding Systems', 'Fellowes Recycled Storage Drawers')",1
"('Avery Recycled Flexi-View Covers for Binding Systems', 'Gould Plastics 9-Pocket Panel Bin, 18-3/8w x 5-1/4d x 20-1/2h, Black')",1
"('Avery Recycled Flexi-View Covers for Binding Systems', 'Tenex Chairmats For Use with Hard Floors')",1
"('Canon PC170 Desktop Personal Copier', 'Fellowes Recycled Storage Drawers')",1
"('Canon PC170 Desktop Personal Copier', 'Gould Plastics 9-Pocket Panel Bin, 18-3/8w x 5-1/4d x 20-1/2h, Black')",1
"('Canon PC170 Desktop Personal Copier', 'Lumber Crayons')",1
"('Canon PC170 Desktop Personal Copier', 'Tenex Chairmats For Use with Hard Floors')",1
"('Fellowes Recycled Storage Drawers', 'Gould Plastics 9-Pocket Panel Bin, 18-3/8w x 5-1/4d x 20-1/2h, Black')",1
"('Fellowes Recycled Storage Drawers', 'Lumber Crayons')",1
"('Fellowes Recycled Storage Drawers', 'Tenex Chairmats For Use with Hard Floors')",1
"('Gould Plastics 9-Pocket Panel Bin, 18-3/8w x 5-1/4d x 20-1/2h, Black', 'Lumber Crayons')",1
"('Gould Plastics 9-Pocket Panel Bin, 18-3/8w x 5-1/4d x 20-1/2h, Black', 'Tenex Chairmats For Use with Hard Floors')",1
"('Lumber Crayons', 'Tenex Chairmats For Use with Hard Floors')",1
"('Ativa D5772 2-Line 5.8GHz Digital Expandable Corded/Cordless Phone System with Answering & Caller ID/Call Waiting, Black/Silver', 'Avery 50')",1
"('Avery 476', 'GBC DocuBind TL200 Manual Binding Machine')",1
"('Crate-A-Files', 'Ibico Laser Imprintable Binding System Covers')",1
"('Crate-A-Files', ""O'Sullivan Living Dimensions 2-Shelf Bookcases"")",1
"('Crate-A-Files', 'Wilson Jones Turn Tabs Binder Tool for Ring Binders')",1
"('Ibico Laser Imprintable Binding System Covers', ""O'Sullivan Living Dimensions 2-Shelf Bookcases"")",1
"('Ibico Laser Imprintable Binding System Covers', 'Wilson Jones Turn Tabs Binder Tool for Ring Binders')",1
"(""O'Sullivan Living Dimensions 2-Shelf Bookcases"", 'Wilson Jones Turn Tabs Binder Tool for Ring Binders')",1
"('Hoover Shoulder Vac Commercial Portable Vacuum', 'Maxell 4.7GB DVD+R 5/Pack')",1
"('Acco Pressboard Covers with Storage Hooks, 9 1/2"" x 11"", Executive Red', 'Assorted Color Push Pins')",1
"('Acco Pressboard Covers with Storage Hooks, 9 1/2"" x 11"", Executive Red', 'Bretford CR8500 Series Meeting Room Furniture')",1
"('Acco Pressboard Covers with Storage Hooks, 9 1/2"" x 11"", Executive Red', 'KeyTronic\xa0E03601U1 -\xa0Keyboard\xa0- Beige')",1
"('Acco Pressboard Covers with Storage Hooks, 9 1/2"" x 11"", Executive Red', 'Mobile Personal File Cube')",1
"('Assorted Color Push Pins', 'Bretford CR8500 Series Meeting Room Furniture')",1
"('Assorted Color Push Pins', 'KeyTronic\xa0E03601U1 -\xa0Keyboard\xa0- Beige')",1
"('Assorted Color Push Pins', 'Mobile Personal File Cube')",1
"('Bretford CR8500 Series Meeting Room Furniture', 'KeyTronic\xa0E03601U1 -\xa0Keyboard\xa0- Beige')",1
"('Bretford CR8500 Series Meeting Room Furniture', 'Mobile Personal File Cube')",1
"('KeyTronic\xa0E03601U1 -\xa0Keyboard\xa0- Beige', 'Mobile Personal File Cube')",1
"('Acco Perma 4000 Stacking Storage Drawers', 'HP Standard 104 key PS/2 Keyboard')",1
"('Great White Multi-Use Recycled Paper (20Lb. and 84 Bright)', 'Storex Dura Pro Binders')",1
"('Avery 501', 'Binney & Smith Crayola Metallic Colored Pencils, 8-Color Set')",1
"('Acme Tagit Stainless Steel Antibacterial Scissors', 'DMI Eclipse Executive Suite Bookcases')",1
"('Acme Tagit Stainless Steel Antibacterial Scissors', 'GBC DocuBind P100 Manual Binding Machine')",1
"('Acme Tagit Stainless Steel Antibacterial Scissors', ""Global Fabric Manager's Chair, Dark Gray"")",1
"('Acme Tagit Stainless Steel Antibacterial Scissors', 'Mobile Personal File Cube')",1
"('Acme Tagit Stainless Steel Antibacterial Scissors', 'Newell 308')",1
"('Acme Tagit Stainless Steel Antibacterial Scissors', 'OIC Bulk Pack Metal Binder Clips')",1
"('Acme Tagit Stainless Steel Antibacterial Scissors', 'Polycom SoundStation2 EX Conference\xa0phone')",1
"('Acme Tagit Stainless Steel Antibacterial Scissors', 'Xerox 191')",1
"('DMI Eclipse Executive Suite Bookcases', 'GBC DocuBind P100 Manual Binding Machine')",1
"('DMI Eclipse Executive Suite Bookcases', ""Global Fabric Manager's Chair, Dark Gray"")",1
"('DMI Eclipse Executive Suite Bookcases', 'Mobile Personal File Cube')",1
"('DMI Eclipse Executive Suite Bookcases', 'Newell 308')",1
"('DMI Eclipse Executive Suite Bookcases', 'OIC Bulk Pack Metal Binder Clips')",1
"('DMI Eclipse Executive Suite Bookcases', 'Polycom SoundStation2 EX Conference\xa0phone')",1
"('DMI Eclipse Executive Suite Bookcases', 'Xerox 191')",1
"('GBC DocuBind P100 Manual Binding Machine', ""Global Fabric Manager's Chair, Dark Gray"")",1
"('GBC DocuBind P100 Manual Binding Machine', 'Mobile Personal File Cube')",1
"('GBC DocuBind P100 Manual Binding Machine', 'Newell 308')",1
"('GBC DocuBind P100 Manual Binding Machine', 'OIC Bulk Pack Metal Binder Clips')",1
"('GBC DocuBind P100 Manual Binding Machine', 'Polycom SoundStation2 EX Conference\xa0phone')",1
"('GBC DocuBind P100 Manual Binding Machine', 'Xerox 191')",1
"(""Global Fabric Manager's Chair, Dark Gray"", 'Mobile Personal File Cube')",1
"(""Global Fabric Manager's Chair, Dark Gray"", 'Newell 308')",1
"(""Global Fabric Manager's Chair, Dark Gray"", 'OIC Bulk Pack Metal Binder Clips')",1
"(""Global Fabric Manager's Chair, Dark Gray"", 'Polycom SoundStation2 EX Conference\xa0phone')",1
"(""Global Fabric Manager's Chair, Dark Gray"", 'Xerox 191')",1
"('Mobile Personal File Cube', 'Newell 308')",1
"('Mobile Personal File Cube', 'OIC Bulk Pack Metal Binder Clips')",1
"('Mobile Personal File Cube', 'Polycom SoundStation2 EX Conference\xa0phone')",1
"('Mobile Personal File Cube', 'Xerox 191')",1
"('Newell 308', 'OIC Bulk Pack Metal Binder Clips')",1
"('Newell 308', 'Polycom SoundStation2 EX Conference\xa0phone')",1
"('Newell 308', 'Xerox 191')",1
"('OIC Bulk Pack Metal Binder Clips', 'Polycom SoundStation2 EX Conference\xa0phone')",1
"('OIC Bulk Pack Metal Binder Clips', 'Xerox 191')",1
"('Polycom SoundStation2 EX Conference\xa0phone', 'Xerox 191')",1
"('Avery Durable Slant Ring Binders With Label Holder', 'Digium D40 VoIP phone')",1
"('Avery Durable Slant Ring Binders With Label Holder', 'Pressboard Data Binders by Wilson Jones')",1
"('Digium D40 VoIP phone', 'Pressboard Data Binders by Wilson Jones')",1
"('Avery 474', 'Boston 19500 Mighty Mite Electric Pencil Sharpener')",1
"('Kensington 7 Outlet MasterPiece Power Center', 'Xerox 1950')",1
"(""Acco Six-Outlet Power Strip, 4' Cord Length"", 'Avanti 4.4 Cu. Ft. Refrigerator')",1
"(""Acco Six-Outlet Power Strip, 4' Cord Length"", 'Avery 474')",1
"(""Acco Six-Outlet Power Strip, 4' Cord Length"", 'Maxell\xa0LTO Ultrium - 800 GB')",1
"(""Acco Six-Outlet Power Strip, 4' Cord Length"", 'Xerox 1890')",1
"(""Acco Six-Outlet Power Strip, 4' Cord Length"", 'Xerox 1944')",1
"(""Acco Six-Outlet Power Strip, 4' Cord Length"", 'Xerox 1962')",1
"('Avanti 4.4 Cu. Ft. Refrigerator', 'Avery 474')",1
"('Avanti 4.4 Cu. Ft. Refrigerator', 'Maxell\xa0LTO Ultrium - 800 GB')",1
"('Avanti 4.4 Cu. Ft. Refrigerator', 'Xerox 1890')",1
"('Avanti 4.4 Cu. Ft. Refrigerator', 'Xerox 1944')",1
"('Avanti 4.4 Cu. Ft. Refrigerator', 'Xerox 1962')",1
"('Avery 474', 'Maxell\xa0LTO Ultrium - 800 GB')",1
"('Avery 474', 'Xerox 1890')",1
"('Avery 474', 'Xerox 1944')",1
"('Avery 474', 'Xerox 1962')",1
"('Maxell\xa0LTO Ultrium - 800 GB', 'Xerox 1890')",1
"('Maxell\xa0LTO Ultrium - 800 GB', 'Xerox 1944')",1
"('Maxell\xa0LTO Ultrium - 800 GB', 'Xerox 1962')",1
"('Xerox 1890', 'Xerox 1944')",1
"('Xerox 1890', 'Xerox 1962')",1
"('Xerox 1944', 'Xerox 1962')",1
"('Hon 2111 Invitation Series Straight Table', 'Mitel MiVoice 5330e IP Phone')",1
"('Avery 520', 'Hewlett Packard 310 Color Digital Copier')",1
"('Bionaire 99.97% HEPA Air Cleaner', 'Bush Heritage Pine Collection 5-Shelf Bookcase, Albany Pine Finish, *Special Order')",1
"('Bionaire 99.97% HEPA Air Cleaner', 'Cardinal Slant-D Ring Binders')",1
"('Bionaire 99.97% HEPA Air Cleaner', 'Cush Cases Heavy Duty Rugged Cover Case for Samsung Galaxy S5 - Purple')",1
"('Bionaire 99.97% HEPA Air Cleaner', 'DAX Charcoal/Nickel-Tone Document Frame, 5 x 7')",1
"('Bionaire 99.97% HEPA Air Cleaner', 'Fellowes High-Stak Drawer Files')",1
"('Bionaire 99.97% HEPA Air Cleaner', 'Speck Products Candyshell Flip Case')",1
"('Bionaire 99.97% HEPA Air Cleaner', 'Tenex Antistatic Computer Chair Mats')",1
"('Bush Heritage Pine Collection 5-Shelf Bookcase, Albany Pine Finish, *Special Order', 'Cardinal Slant-D Ring Binders')",1
"('Bush Heritage Pine Collection 5-Shelf Bookcase, Albany Pine Finish, *Special Order', 'Cush Cases Heavy Duty Rugged Cover Case for Samsung Galaxy S5 - Purple')",1
"('Bush Heritage Pine Collection 5-Shelf Bookcase, Albany Pine Finish, *Special Order', 'DAX Charcoal/Nickel-Tone Document Frame, 5 x 7')",1
"('Bush Heritage Pine Collection 5-Shelf Bookcase, Albany Pine Finish, *Special Order', 'Fellowes High-Stak Drawer Files')",1
"('Bush Heritage Pine Collection 5-Shelf Bookcase, Albany Pine Finish, *Special Order', 'Speck Products Candyshell Flip Case')",1
"('Bush Heritage Pine Collection 5-Shelf Bookcase, Albany Pine Finish, *Special Order', 'Tenex Antistatic Computer Chair Mats')",1
"('Cardinal Slant-D Ring Binders', 'Cush Cases Heavy Duty Rugged Cover Case for Samsung Galaxy S5 - Purple')",1
"('Cardinal Slant-D Ring Binders', 'DAX Charcoal/Nickel-Tone Document Frame, 5 x 7')",1
"('Cardinal Slant-D Ring Binders', 'Fellowes High-Stak Drawer Files')",1
"('Cardinal Slant-D Ring Binders', 'Speck Products Candyshell Flip Case')",1
"('Cardinal Slant-D Ring Binders', 'Tenex Antistatic Computer Chair Mats')",1
"('Cush Cases Heavy Duty Rugged Cover Case for Samsung Galaxy S5 - Purple', 'DAX Charcoal/Nickel-Tone Document Frame, 5 x 7')",1
"('Cush Cases Heavy Duty Rugged Cover Case for Samsung Galaxy S5 - Purple', 'Fellowes High-Stak Drawer Files')",1
"('Cush Cases Heavy Duty Rugged Cover Case for Samsung Galaxy S5 - Purple', 'Speck Products Candyshell Flip Case')",1
"('Cush Cases Heavy Duty Rugged Cover Case for Samsung Galaxy S5 - Purple', 'Tenex Antistatic Computer Chair Mats')",1
"('DAX Charcoal/Nickel-Tone Document Frame, 5 x 7', 'Fellowes High-Stak Drawer Files')",1
"('DAX Charcoal/Nickel-Tone Document Frame, 5 x 7', 'Speck Products Candyshell Flip Case')",1
"('DAX Charcoal/Nickel-Tone Document Frame, 5 x 7', 'Tenex Antistatic Computer Chair Mats')",1
"('Fellowes High-Stak Drawer Files', 'Speck Products Candyshell Flip Case')",1
"('Fellowes High-Stak Drawer Files', 'Tenex Antistatic Computer Chair Mats')",1
"('Speck Products Candyshell Flip Case', 'Tenex Antistatic Computer Chair Mats')",1
"('Personal Filing Tote with Lid, Black/Gray', 'Xerox 1916')",1
"('Personal Filing Tote with Lid, Black/Gray', 'Xerox 226')",1
"('Xerox 1916', 'Xerox 226')",1
"('Southworth 25% Cotton Antique Laid Paper & Envelopes', 'Verbatim 25 GB 6x Blu-ray Single Layer Recordable Disc, 3/Pack')",1
"('Advantus Panel Wall Certificate Holder - 8.5x11', 'Elite 5"" Scissors')",1
"('Advantus Panel Wall Certificate Holder - 8.5x11', 'Quartet Omega Colored Chalk, 12/Pack')",1
"('Elite 5"" Scissors', 'Quartet Omega Colored Chalk, 12/Pack')",1
"('Bush Heritage Pine Collection 5-Shelf Bookcase, Albany Pine Finish, *Special Order', 'Xerox 1919')",1
"('Cardinal Holdit Business Card Pockets', 'Contemporary Wood/Metal Frame')",1
"('Cardinal Holdit Business Card Pockets', 'GBC Premium Transparent Covers with Diagonal Lined Pattern')",1
"('Cardinal Holdit Business Card Pockets', ""O'Sullivan Living Dimensions 3-Shelf Bookcases"")",1
"('Contemporary Wood/Metal Frame', 'GBC Premium Transparent Covers with Diagonal Lined Pattern')",1
"('Contemporary Wood/Metal Frame', ""O'Sullivan Living Dimensions 3-Shelf Bookcases"")",1
"('GBC Premium Transparent Covers with Diagonal Lined Pattern', ""O'Sullivan Living Dimensions 3-Shelf Bookcases"")",1
"('Acco Pressboard Covers with Storage Hooks, 14 7/8"" x 11"", Light Blue', 'Vinyl Coated Wire Paper Clips in Organizer Box, 800/Box')",1
"('BOSTON Ranger #55 Pencil Sharpener, Black', ""O'Sullivan 2-Shelf Heavy-Duty Bookcases"")",1
"('ACCOHIDE 3-Ring Binder, Blue, 1""', 'Global Ergonomic Managers Chair')",1
"('ACCOHIDE 3-Ring Binder, Blue, 1""', 'Presstex Flexible Ring Binders')",1
"('Global Ergonomic Managers Chair', 'Presstex Flexible Ring Binders')",1
"(""High-Back Leather Manager's Chair"", 'Nortel Meridian M5316 Digital phone')",1
"(""High-Back Leather Manager's Chair"", 'Polycom VVX 310 VoIP phone')",1
"('Nortel Meridian M5316 Digital phone', 'Polycom VVX 310 VoIP phone')",1
"('Eldon Executive Woodline II Desk Accessories, Mahogany', 'Nu-Dell EZ-Mount Plastic Wall Frames')",1
"('Eldon Executive Woodline II Desk Accessories, Mahogany', 'Poly Designer Cover & Back')",1
"('Nu-Dell EZ-Mount Plastic Wall Frames', 'Poly Designer Cover & Back')",1
"('Holmes HEPA Air Purifier', 'Holmes Odor Grabber')",1
"('Executive Impressions 14"" Two-Color Numerals Wall Clock', 'Ibico Standard Transparent Covers')",1
"('Executive Impressions 14"" Two-Color Numerals Wall Clock', 'OIC Bulk Pack Metal Binder Clips')",1
"('Executive Impressions 14"" Two-Color Numerals Wall Clock', 'Stanley Bostitch Contemporary Electric Pencil Sharpeners')",1
"('Executive Impressions 14"" Two-Color Numerals Wall Clock', 'Swingline SM12-08 MicroCut Jam Free Shredder')",1
"('Executive Impressions 14"" Two-Color Numerals Wall Clock', 'While You Were Out Pads, 50 per Pad, 4 x 5 1/4, Green Cycle')",1
"('Ibico Standard Transparent Covers', 'OIC Bulk Pack Metal Binder Clips')",1
"('Ibico Standard Transparent Covers', 'Stanley Bostitch Contemporary Electric Pencil Sharpeners')",1
"('Ibico Standard Transparent Covers', 'Swingline SM12-08 MicroCut Jam Free Shredder')",1
"('Ibico Standard Transparent Covers', 'While You Were Out Pads, 50 per Pad, 4 x 5 1/4, Green Cycle')",1
"('OIC Bulk Pack Metal Binder Clips', 'Stanley Bostitch Contemporary Electric Pencil Sharpeners')",1
"('OIC Bulk Pack Metal Binder Clips', 'Swingline SM12-08 MicroCut Jam Free Shredder')",1
"('OIC Bulk Pack Metal Binder Clips', 'While You Were Out Pads, 50 per Pad, 4 x 5 1/4, Green Cycle')",1
"('Stanley Bostitch Contemporary Electric Pencil Sharpeners', 'Swingline SM12-08 MicroCut Jam Free Shredder')",1
"('Stanley Bostitch Contemporary Electric Pencil Sharpeners', 'While You Were Out Pads, 50 per Pad, 4 x 5 1/4, Green Cycle')",1
"('Swingline SM12-08 MicroCut Jam Free Shredder', 'While You Were Out Pads, 50 per Pad, 4 x 5 1/4, Green Cycle')",1
"('Perma STOR-ALL Hanging File Box, 13 1/8""W x 12 1/4""D x 10 1/2""H', 'Zebra ZM400 Thermal Label Printer')",1
"('Ampad Poly Cover Wirebound Steno Book, 6"" x 9"" Assorted Colors, Gregg Ruled', 'Pressboard Covers with Storage Hooks, 9 1/2"" x 11"", Light Blue')",1
"('Ampad Poly Cover Wirebound Steno Book, 6"" x 9"" Assorted Colors, Gregg Ruled', 'Xerox 189')",1
"('Pressboard Covers with Storage Hooks, 9 1/2"" x 11"", Light Blue', 'Xerox 189')",1
"('Fellowes PB200 Plastic Comb Binding Machine', 'Ibico Plastic Spiral Binding Combs')",1
"('Fellowes PB200 Plastic Comb Binding Machine', 'Newell 343')",1
"('Fellowes PB200 Plastic Comb Binding Machine', 'Strathmore Photo Frame Cards')",1
"('Fellowes PB200 Plastic Comb Binding Machine', 'Xerox 1944')",1
"('Ibico Plastic Spiral Binding Combs', 'Newell 343')",1
"('Ibico Plastic Spiral Binding Combs', 'Strathmore Photo Frame Cards')",1
"('Ibico Plastic Spiral Binding Combs', 'Xerox 1944')",1
"('Newell 343', 'Strathmore Photo Frame Cards')",1
"('Newell 343', 'Xerox 1944')",1
"('Strathmore Photo Frame Cards', 'Xerox 1944')",1
"('APC 7 Outlet Network SurgeArrest Surge Protector', 'Okidata MB760 Printer')",1
"('APC 7 Outlet Network SurgeArrest Surge Protector', 'Xerox 189')",1
"('Okidata MB760 Printer', 'Xerox 189')",1
"('DAX Value U-Channel Document Frames, Easel Back', 'iKross Bluetooth Portable Keyboard + Cell Phone Stand Holder + Brush for Apple iPhone 5S 5C 5, 4S 4')",1
"('Jawbone JAMBOX Wireless Bluetooth Speaker', 'OIC Stacking Trays')",1
"('Fellowes Strictly Business Drawer File, Letter/Legal Size', 'Prang Colored Pencils')",1
"('Hon Olson Stacker Stools', 'Tyvek Interoffice Envelopes, 9 1/2"" x 12 1/2"", 100/Box')",1
"('Anker Astro 15000mAh USB Portable Charger', 'Avery 508')",1
"('Anker Astro 15000mAh USB Portable Charger', 'Chromcraft Round Conference Tables')",1
"('Anker Astro 15000mAh USB Portable Charger', 'Fellowes Mobile File Cart, Black')",1
"('Avery 508', 'Chromcraft Round Conference Tables')",1
"('Avery 508', 'Fellowes Mobile File Cart, Black')",1
"('Chromcraft Round Conference Tables', 'Fellowes Mobile File Cart, Black')",1
"('Avery White Multi-Purpose Labels', 'BIC Liqua Brite Liner')",1
"('Avery White Multi-Purpose Labels', 'Computer Printout Paper with Letter-Trim Perforations')",1
"('Avery White Multi-Purpose Labels', 'Fellowes Bases and Tops For Staxonsteel/High-Stak Systems')",1
"('Avery White Multi-Purpose Labels', 'Howard Miller Distant Time Traveler Alarm Clock')",1
"('BIC Liqua Brite Liner', 'Computer Printout Paper with Letter-Trim Perforations')",1
"('BIC Liqua Brite Liner', 'Fellowes Bases and Tops For Staxonsteel/High-Stak Systems')",1
"('BIC Liqua Brite Liner', 'Howard Miller Distant Time Traveler Alarm Clock')",1
"('Computer Printout Paper with Letter-Trim Perforations', 'Fellowes Bases and Tops For Staxonsteel/High-Stak Systems')",1
"('Computer Printout Paper with Letter-Trim Perforations', 'Howard Miller Distant Time Traveler Alarm Clock')",1
"('Fellowes Bases and Tops For Staxonsteel/High-Stak Systems', 'Howard Miller Distant Time Traveler Alarm Clock')",1
"('Barrel Sharpener', 'Newell 32')",1
"('Boston Electric Pencil Sharpener, Model 1818, Charcoal Black', 'Eldon Simplefile Box Office')",1
"('Boston Electric Pencil Sharpener, Model 1818, Charcoal Black', 'Portable Personal File Box')",1
"('Boston Electric Pencil Sharpener, Model 1818, Charcoal Black', 'Tenex File Box, Personal Filing Tote with Lid, Black')",1
"('Eldon Simplefile Box Office', 'Portable Personal File Box')",1
"('Eldon Simplefile Box Office', 'Tenex File Box, Personal Filing Tote with Lid, Black')",1
"('Portable Personal File Box', 'Tenex File Box, Personal Filing Tote with Lid, Black')",1
"('DIXON Ticonderoga Erasable Checking Pencils', 'Xerox 1914')",1
"('DIXON Ticonderoga Erasable Checking Pencils', 'Xerox 1994')",1
"('Xerox 1914', 'Xerox 1994')",1
"('Acme Office Executive Series Stainless Steel Trimmers', 'Staples')",1
"('Eldon 200 Class Desk Accessories, Smoke', 'Staples')",1
"(""Global Deluxe High-Back Manager's Chair"", 'Smead Alpha-Z Color-Coded Second Alphabetical Labels and Starter Set')",1
"(""Global Deluxe High-Back Manager's Chair"", 'Xerox 1891')",1
"(""Global Deluxe High-Back Manager's Chair"", 'Xerox 1900')",1
"('Smead Alpha-Z Color-Coded Second Alphabetical Labels and Starter Set', 'Xerox 1891')",1
"('Smead Alpha-Z Color-Coded Second Alphabetical Labels and Starter Set', 'Xerox 1900')",1
"('Xerox 1891', 'Xerox 1900')",1
"('Eldon Executive Woodline II Cherry Finish Desk Accessories', ""Global Value Mid-Back Manager's Chair, Gray"")",1
"('36X48 HARDFLOOR CHAIRMAT', 'G.E. Halogen Desk Lamp Bulbs')",1
"('36X48 HARDFLOOR CHAIRMAT', 'Standard Rollaway File with Lock')",1
"('G.E. Halogen Desk Lamp Bulbs', 'Standard Rollaway File with Lock')",1
"('Cardinal HOLDit! Binder Insert Strips,Extra Strips', 'Ibico EB-19 Dual Function Manual Binding System')",1
"('Cardinal HOLDit! Binder Insert Strips,Extra Strips', 'Surelock Post Binders')",1
"('Ibico EB-19 Dual Function Manual Binding System', 'Surelock Post Binders')",1
"('AmazonBasics 3-Button USB Wired Mouse', 'DAX Executive Solid Wood Document Frame, Desktop or Hang, Mahogany, 5 x 7')",1
"('AmazonBasics 3-Button USB Wired Mouse', 'Perixx PERIBOARD-512B, Ergonomic Split Keyboard')",1
"('DAX Executive Solid Wood Document Frame, Desktop or Hang, Mahogany, 5 x 7', 'Perixx PERIBOARD-512B, Ergonomic Split Keyboard')",1
"('#10 Self-Seal White Envelopes', 'Canon PC-428 Personal Copier')",1
"('Newell 326', 'Steel Personal Filing/Posting Tote')",1
"('Newell 326', 'Xerox 196')",1
"('Steel Personal Filing/Posting Tote', 'Xerox 196')",1
"('Global Airflow Leather Mesh Back Chair, Black', 'Xerox 201')",1
"('Acme Forged Steel Scissors with Black Enamel Handles', 'Storex DuraTech Recycled Plastic Frosted Binders')",1
"('Atlantic Metals Mobile 5-Shelf Bookcases, Custom Colors', 'Maxell 4.7GB DVD+RW 3/Pack')",1
"('Avaya 4621SW VoIP phone', 'Master Caster Door Stop, Brown')",1
"('Avaya 4621SW VoIP phone', 'OtterBox Defender Series Case - Samsung Galaxy S4')",1
"('Master Caster Door Stop, Brown', 'OtterBox Defender Series Case - Samsung Galaxy S4')",1
"('Avery Hanging File Binders', 'While You Were Out Pads, 50 per Pad, 4 x 5 1/4, Green Cycle')",1
"('Eberhard Faber 3 1/2"" Golf Pencils', 'Mini 13-1/2 Capacity Data Binder Rack, Pearl')",1
"('Eberhard Faber 3 1/2"" Golf Pencils', 'Xerox 1900')",1
"('Mini 13-1/2 Capacity Data Binder Rack, Pearl', 'Xerox 1900')",1
"('Artistic Insta-Plaque', 'Companion Letter/Legal File, Black')",1
"('Artistic Insta-Plaque', 'DXL Angle-View Binders with Locking Rings by Samsill')",1
"('Artistic Insta-Plaque', 'Globe Weis Peel & Seel First Class Envelopes')",1
"('Artistic Insta-Plaque', 'KLD Oscar II Style Snap-on Ultra Thin Side Flip Synthetic Leather Cover Case for HTC One HTC M7')",1
"('Companion Letter/Legal File, Black', 'DXL Angle-View Binders with Locking Rings by Samsill')",1
"('Companion Letter/Legal File, Black', 'Globe Weis Peel & Seel First Class Envelopes')",1
"('Companion Letter/Legal File, Black', 'KLD Oscar II Style Snap-on Ultra Thin Side Flip Synthetic Leather Cover Case for HTC One HTC M7')",1
"('DXL Angle-View Binders with Locking Rings by Samsill', 'Globe Weis Peel & Seel First Class Envelopes')",1
"('DXL Angle-View Binders with Locking Rings by Samsill', 'KLD Oscar II Style Snap-on Ultra Thin Side Flip Synthetic Leather Cover Case for HTC One HTC M7')",1
"('Globe Weis Peel & Seel First Class Envelopes', 'KLD Oscar II Style Snap-on Ultra Thin Side Flip Synthetic Leather Cover Case for HTC One HTC M7')",1
"('Belkin F9H710-06 7 Outlet SurgeMaster Surge Protector', 'Staples')",1
"('Acco Banker\'s Clasps, 5 3/4""-Long', 'High Speed Automatic Electric Letter Opener')",1
"('Acco Banker\'s Clasps, 5 3/4""-Long', 'Polycom VVX 310 VoIP phone')",1
"('Acco Banker\'s Clasps, 5 3/4""-Long', 'Verbatim 25 GB 6x Blu-ray Single Layer Recordable Disc, 1/Pack')",1
"('High Speed Automatic Electric Letter Opener', 'Polycom VVX 310 VoIP phone')",1
"('High Speed Automatic Electric Letter Opener', 'Verbatim 25 GB 6x Blu-ray Single Layer Recordable Disc, 1/Pack')",1
"('Polycom VVX 310 VoIP phone', 'Verbatim 25 GB 6x Blu-ray Single Layer Recordable Disc, 1/Pack')",1
"('Sony Micro Vault Click 4 GB USB 2.0 Flash Drive', 'Tyvek  Top-Opening Peel & Seel Envelopes, Plain White')",1
"('Advantus Motivational Note Cards', 'Akro Stacking Bins')",1
"('Advantus Motivational Note Cards', 'Office Impressions End Table, 20-1/2""H x 24""W x 20""D')",1
"('Akro Stacking Bins', 'Office Impressions End Table, 20-1/2""H x 24""W x 20""D')",1
"('KI Adjustable-Height Table', 'Wi-Ex zBoost YX540 Cellular Phone Signal Booster')",1
"('Akro Stacking Bins', 'Avery 502')",1
"('Akro Stacking Bins', 'Sterilite Show Offs Storage Containers')",1
"('Avery 502', 'Sterilite Show Offs Storage Containers')",1
"('IBM Multi-Purpose Copy Paper, 8 1/2 x 11"", Case', 'Xerox 228')",1
"('#10 Self-Seal White Envelopes', 'Catalog Binders with Expanding Posts')",1
"(""Global Executive Mid-Back Manager's Chair"", 'SAFCO PlanMaster Heigh-Adjustable Drafting Table Base, 43w x 30d x 30-37h, Black')",1
"('Hon Practical Foundations 30 x 60 Training Table, Light Gray/Charcoal', 'Storex Dura Pro Binders')",1
"('Chromcraft Round Conference Tables', 'Tennsco 6- and 18-Compartment Lockers')",1
"('Binding Machine Supplies', 'File Shuttle I and Handi-File')",1
"('Advantus SlideClip Paper Clips', 'Xerox 1979')",1
"('Avaya 4621SW VoIP phone', 'Snap-A-Way Black Print Carbonless Speed Message, No Reply Area, Duplicate')",1
"('Adams Telephone Message Book W/Dividers/Space For Phone Numbers, 5 1/4""X8 1/2"", 300/Messages', 'Avery 49')",1
"('Adams Telephone Message Book W/Dividers/Space For Phone Numbers, 5 1/4""X8 1/2"", 300/Messages', 'BlueLounge Milo Smartphone Stand, White/Metallic')",1
"('Adams Telephone Message Book W/Dividers/Space For Phone Numbers, 5 1/4""X8 1/2"", 300/Messages', ""Electrix Architect's Clamp-On Swing Arm Lamp, Black"")",1
"('Adams Telephone Message Book W/Dividers/Space For Phone Numbers, 5 1/4""X8 1/2"", 300/Messages', 'Elite 5"" Scissors')",1
"('Adams Telephone Message Book W/Dividers/Space For Phone Numbers, 5 1/4""X8 1/2"", 300/Messages', 'Fellowes Mobile File Cart, Black')",1
"('Adams Telephone Message Book W/Dividers/Space For Phone Numbers, 5 1/4""X8 1/2"", 300/Messages', 'Harmony Air Purifier')",1
"('Adams Telephone Message Book W/Dividers/Space For Phone Numbers, 5 1/4""X8 1/2"", 300/Messages', 'Mediabridge Sport Armband iPhone 5s')",1
"('Adams Telephone Message Book W/Dividers/Space For Phone Numbers, 5 1/4""X8 1/2"", 300/Messages', 'Rogers Jumbo File, Granite')",1
"('Adams Telephone Message Book W/Dividers/Space For Phone Numbers, 5 1/4""X8 1/2"", 300/Messages', 'Things To Do Today Pad')",1
"('Avery 49', 'BlueLounge Milo Smartphone Stand, White/Metallic')",1
"('Avery 49', ""Electrix Architect's Clamp-On Swing Arm Lamp, Black"")",1
"('Avery 49', 'Elite 5"" Scissors')",1
"('Avery 49', 'Fellowes Mobile File Cart, Black')",1
"('Avery 49', 'Harmony Air Purifier')",1
"('Avery 49', 'Mediabridge Sport Armband iPhone 5s')",1
"('Avery 49', 'Rogers Jumbo File, Granite')",1
"('Avery 49', 'Things To Do Today Pad')",1
"('BlueLounge Milo Smartphone Stand, White/Metallic', ""Electrix Architect's Clamp-On Swing Arm Lamp, Black"")",1
"('BlueLounge Milo Smartphone Stand, White/Metallic', 'Elite 5"" Scissors')",1
"('BlueLounge Milo Smartphone Stand, White/Metallic', 'Fellowes Mobile File Cart, Black')",1
"('BlueLounge Milo Smartphone Stand, White/Metallic', 'Harmony Air Purifier')",1
"('BlueLounge Milo Smartphone Stand, White/Metallic', 'Mediabridge Sport Armband iPhone 5s')",1
"('BlueLounge Milo Smartphone Stand, White/Metallic', 'Rogers Jumbo File, Granite')",1
"('BlueLounge Milo Smartphone Stand, White/Metallic', 'Things To Do Today Pad')",1
"(""Electrix Architect's Clamp-On Swing Arm Lamp, Black"", 'Elite 5"" Scissors')",1
"(""Electrix Architect's Clamp-On Swing Arm Lamp, Black"", 'Fellowes Mobile File Cart, Black')",1
"(""Electrix Architect's Clamp-On Swing Arm Lamp, Black"", 'Harmony Air Purifier')",1
"(""Electrix Architect's Clamp-On Swing Arm Lamp, Black"", 'Mediabridge Sport Armband iPhone 5s')",1
"(""Electrix Architect's Clamp-On Swing Arm Lamp, Black"", 'Rogers Jumbo File, Granite')",1
"(""Electrix Architect's Clamp-On Swing Arm Lamp, Black"", 'Things To Do Today Pad')",1
"('Elite 5"" Scissors', 'Fellowes Mobile File Cart, Black')",1
"('Elite 5"" Scissors', 'Harmony Air Purifier')",1
"('Elite 5"" Scissors', 'Mediabridge Sport Armband iPhone 5s')",1
"('Elite 5"" Scissors', 'Rogers Jumbo File, Granite')",1
"('Elite 5"" Scissors', 'Things To Do Today Pad')",1
"('Fellowes Mobile File Cart, Black', 'Harmony Air Purifier')",1
"('Fellowes Mobile File Cart, Black', 'Mediabridge Sport Armband iPhone 5s')",1
"('Fellowes Mobile File Cart, Black', 'Rogers Jumbo File, Granite')",1
"('Fellowes Mobile File Cart, Black', 'Things To Do Today Pad')",1
"('Harmony Air Purifier', 'Mediabridge Sport Armband iPhone 5s')",1
"('Harmony Air Purifier', 'Rogers Jumbo File, Granite')",1
"('Harmony Air Purifier', 'Things To Do Today Pad')",1
"('Mediabridge Sport Armband iPhone 5s', 'Rogers Jumbo File, Granite')",1
"('Mediabridge Sport Armband iPhone 5s', 'Things To Do Today Pad')",1
"('Rogers Jumbo File, Granite', 'Things To Do Today Pad')",1
"('Hon Every-Day Chair Series Swivel Task Chairs', 'Logitech 910-002974 M325 Wireless Mouse for Web Scrolling')",1
"('AT&T CL83451 4-Handset Telephone', 'Advantus Push Pins')",1
"('Global Leather Task Chair, Black', 'Inter-Office Recycled Envelopes, Brown Kraft, Button-String,10"" x 13"" , 100/Box')",1
"('Boston KS Multi-Size Manual Pencil Sharpener', 'Xerox 226')",1
"('Hanging Personal Folder File', 'SanDisk Cruzer 64 GB USB Flash Drive')",1
"('Hanging Personal Folder File', 'Smead Adjustable Mobile File Trolley with Lockable Top')",1
"('Hanging Personal Folder File', 'Xerox 1898')",1
"('Hanging Personal Folder File', 'Xerox 222')",1
"('SanDisk Cruzer 64 GB USB Flash Drive', 'Smead Adjustable Mobile File Trolley with Lockable Top')",1
"('SanDisk Cruzer 64 GB USB Flash Drive', 'Xerox 1898')",1
"('SanDisk Cruzer 64 GB USB Flash Drive', 'Xerox 222')",1
"('Smead Adjustable Mobile File Trolley with Lockable Top', 'Xerox 1898')",1
"('Smead Adjustable Mobile File Trolley with Lockable Top', 'Xerox 222')",1
"('Xerox 1898', 'Xerox 222')",1
"('Avery 51', 'Poly String Tie Envelopes')",1
"('Micro Innovations USB RF Wireless Keyboard with Mouse', 'Permanent Self-Adhesive File Folder Labels for Typewriters by Universal')",1
"('Belkin F9M820V08 8 Outlet Surge', 'GBC Plasticlear Binding Covers')",1
"('Belkin F9M820V08 8 Outlet Surge', 'Heavy-Duty E-Z-D Binders')",1
"('Belkin F9M820V08 8 Outlet Surge', 'Hon Racetrack Conference Tables')",1
"('Belkin F9M820V08 8 Outlet Surge', 'Plantronics Savi W720 Multi-Device Wireless Headset System')",1
"('Belkin F9M820V08 8 Outlet Surge', 'Zebra Zazzle Fluorescent Highlighters')",1
"('GBC Plasticlear Binding Covers', 'Heavy-Duty E-Z-D Binders')",1
"('GBC Plasticlear Binding Covers', 'Hon Racetrack Conference Tables')",1
"('GBC Plasticlear Binding Covers', 'Plantronics Savi W720 Multi-Device Wireless Headset System')",1
"('GBC Plasticlear Binding Covers', 'Zebra Zazzle Fluorescent Highlighters')",1
"('Heavy-Duty E-Z-D Binders', 'Hon Racetrack Conference Tables')",1
"('Heavy-Duty E-Z-D Binders', 'Plantronics Savi W720 Multi-Device Wireless Headset System')",1
"('Heavy-Duty E-Z-D Binders', 'Zebra Zazzle Fluorescent Highlighters')",1
"('Hon Racetrack Conference Tables', 'Plantronics Savi W720 Multi-Device Wireless Headset System')",1
"('Hon Racetrack Conference Tables', 'Zebra Zazzle Fluorescent Highlighters')",1
"('Plantronics Savi W720 Multi-Device Wireless Headset System', 'Zebra Zazzle Fluorescent Highlighters')",1
"('Belkin F9S820V06 8 Outlet Surge', 'DMI Eclipse Executive Suite Bookcases')",1
"('Belkin F9S820V06 8 Outlet Surge', 'GE 48"" Fluorescent Tube, Cool White Energy Saver, 34 Watts, 30/Box')",1
"('Belkin F9S820V06 8 Outlet Surge', 'Newell 31')",1
"('DMI Eclipse Executive Suite Bookcases', 'GE 48"" Fluorescent Tube, Cool White Energy Saver, 34 Watts, 30/Box')",1
"('DMI Eclipse Executive Suite Bookcases', 'Newell 31')",1
"('GE 48"" Fluorescent Tube, Cool White Energy Saver, 34 Watts, 30/Box', 'Newell 31')",1
"(""Global Manager's Adjustable Task Chair, Storm"", 'Rubbermaid ClusterMat Chairmats, Mat Size- 66"" x 60"", Lip 20"" x 11"" -90 Degree Angle')",1
"('GE General Purpose, Extra Long Life, Showcase & Floodlight Incandescent Bulbs', 'Logitech ClearChat Comfort/USB Headset H390')",1
"('GE General Purpose, Extra Long Life, Showcase & Floodlight Incandescent Bulbs', 'Newell 326')",1
"('GE General Purpose, Extra Long Life, Showcase & Floodlight Incandescent Bulbs', 'Newell 346')",1
"('Logitech ClearChat Comfort/USB Headset H390', 'Newell 326')",1
"('Logitech ClearChat Comfort/USB Headset H390', 'Newell 346')",1
"('Newell 326', 'Newell 346')",1
"('Acco Hanging Data Binders', 'Chromcraft 48"" x 96"" Racetrack Double Pedestal Table')",1
"('Acco Hanging Data Binders', 'Kensington 4 Outlet MasterPiece Compact Power Control Center')",1
"('Chromcraft 48"" x 96"" Racetrack Double Pedestal Table', 'Kensington 4 Outlet MasterPiece Compact Power Control Center')",1
"('GBC Ibimaster 500 Manual ProClick Binding System', 'Hoover Replacement Belts For Soft Guard & Commercial Ltweight Upright Vacs, 2/Pk')",1
"('GBC Ibimaster 500 Manual ProClick Binding System', 'Safco Value Mate Series Steel Bookcases, Baked Enamel Finish on Steel, Gray')",1
"('Hoover Replacement Belts For Soft Guard & Commercial Ltweight Upright Vacs, 2/Pk', 'Safco Value Mate Series Steel Bookcases, Baked Enamel Finish on Steel, Gray')",1
"('Eldon Cleatmat Plus Chair Mats for High Pile Carpets', 'Wilson Jones \x93Snap\x94 Scratch Pad Binder Tool for Ring Binders')",1
"('Cubify CubeX 3D Printer Double Head Print', 'GBC Ibimaster 500 Manual ProClick Binding System')",1
"('Cubify CubeX 3D Printer Double Head Print', 'NETGEAR RangeMax WNR1000 Wireless Router')",1
"('GBC Ibimaster 500 Manual ProClick Binding System', 'NETGEAR RangeMax WNR1000 Wireless Router')",1
"('Anker 36W 4-Port USB Wall Charger Travel Power Adapter for iPhone 5s 5c 5', 'Sony Micro Vault Click 16 GB USB 2.0 Flash Drive')",1
"('Logitech Trackman Marble Mouse', 'Xerox 206')",1
"('Logitech G500s Laser Gaming Mouse with Adjustable Weight Tuning', 'Premium Transparent Presentation Covers by GBC')",1
"('Logitech G500s Laser Gaming Mouse with Adjustable Weight Tuning', 'Sanford Colorific Colored Pencils, 12/Box')",1
"('Premium Transparent Presentation Covers by GBC', 'Sanford Colorific Colored Pencils, 12/Box')",1
"('Belkin SportFit Armband For iPhone 5s/5c, Fuchsia', 'Boston 1645 Deluxe Heavier-Duty Electric Pencil Sharpener')",1
"('Electrix 20W Halogen Replacement Bulb for Zoom-In Desk Lamp', 'Sensible Storage WireTech Storage Systems')",1
"('Logitech G500s Laser Gaming Mouse with Adjustable Weight Tuning', 'netTALK DUO VoIP Telephone Service')",1
"('Contico 72""H Heavy-Duty Storage System', 'Riverside Palais Royal Lawyers Bookcase, Royale Cherry Finish')",1
"('Contico 72""H Heavy-Duty Storage System', 'Sony 64GB Class 10 Micro SDHC R40 Memory Card')",1
"('Contico 72""H Heavy-Duty Storage System', 'Super Decoflex Portable Personal File')",1
"('Riverside Palais Royal Lawyers Bookcase, Royale Cherry Finish', 'Sony 64GB Class 10 Micro SDHC R40 Memory Card')",1
"('Riverside Palais Royal Lawyers Bookcase, Royale Cherry Finish', 'Super Decoflex Portable Personal File')",1
"('Sony 64GB Class 10 Micro SDHC R40 Memory Card', 'Super Decoflex Portable Personal File')",1
"('Newell 319', 'Staples')",1
"('Avery Durable Plastic 1"" Binders', 'Fellowes Black Plastic Comb Bindings')",1
"('Avery Durable Plastic 1"" Binders', 'Holmes 99% HEPA Air Purifier')",1
"('Avery Durable Plastic 1"" Binders', 'Multicolor Computer Printout Paper')",1
"('Avery Durable Plastic 1"" Binders', 'Stockwell Push Pins')",1
"('Avery Durable Plastic 1"" Binders', 'Xerox 1892')",1
"('Avery Durable Plastic 1"" Binders', 'Xerox 22')",1
"('Fellowes Black Plastic Comb Bindings', 'Holmes 99% HEPA Air Purifier')",1
"('Fellowes Black Plastic Comb Bindings', 'Multicolor Computer Printout Paper')",1
"('Fellowes Black Plastic Comb Bindings', 'Stockwell Push Pins')",1
"('Fellowes Black Plastic Comb Bindings', 'Xerox 1892')",1
"('Fellowes Black Plastic Comb Bindings', 'Xerox 22')",1
"('Holmes 99% HEPA Air Purifier', 'Multicolor Computer Printout Paper')",1
"('Holmes 99% HEPA Air Purifier', 'Stockwell Push Pins')",1
"('Holmes 99% HEPA Air Purifier', 'Xerox 1892')",1
"('Holmes 99% HEPA Air Purifier', 'Xerox 22')",1
"('Multicolor Computer Printout Paper', 'Stockwell Push Pins')",1
"('Multicolor Computer Printout Paper', 'Xerox 1892')",1
"('Multicolor Computer Printout Paper', 'Xerox 22')",1
"('Stockwell Push Pins', 'Xerox 1892')",1
"('Stockwell Push Pins', 'Xerox 22')",1
"('Xerox 1892', 'Xerox 22')",1
"('Acme Kleen Earth Office Shears', 'BIC Brite Liner Grip Highlighters')",1
"('Acme Kleen Earth Office Shears', 'Fiskars Softgrip Scissors')",1
"('Acme Kleen Earth Office Shears', 'Gear Head AU3700S Headset')",1
"('Acme Kleen Earth Office Shears', 'Panasonic KP-380BK Classic Electric Pencil Sharpener')",1
"('Acme Kleen Earth Office Shears', 'Space Solutions HD Industrial Steel Shelving.')",1
"('Acme Kleen Earth Office Shears', 'Wilson Jones Clip & Carry Folder Binder Tool for Ring Binders, Clear')",1
"('BIC Brite Liner Grip Highlighters', 'Fiskars Softgrip Scissors')",1
"('BIC Brite Liner Grip Highlighters', 'Gear Head AU3700S Headset')",1
"('BIC Brite Liner Grip Highlighters', 'Panasonic KP-380BK Classic Electric Pencil Sharpener')",1
"('BIC Brite Liner Grip Highlighters', 'Space Solutions HD Industrial Steel Shelving.')",1
"('BIC Brite Liner Grip Highlighters', 'Wilson Jones Clip & Carry Folder Binder Tool for Ring Binders, Clear')",1
"('Fiskars Softgrip Scissors', 'Gear Head AU3700S Headset')",1
"('Fiskars Softgrip Scissors', 'Panasonic KP-380BK Classic Electric Pencil Sharpener')",1
"('Fiskars Softgrip Scissors', 'Space Solutions HD Industrial Steel Shelving.')",1
"('Fiskars Softgrip Scissors', 'Wilson Jones Clip & Carry Folder Binder Tool for Ring Binders, Clear')",1
"('Gear Head AU3700S Headset', 'Panasonic KP-380BK Classic Electric Pencil Sharpener')",1
"('Gear Head AU3700S Headset', 'Space Solutions HD Industrial Steel Shelving.')",1
"('Gear Head AU3700S Headset', 'Wilson Jones Clip & Carry Folder Binder Tool for Ring Binders, Clear')",1
"('Panasonic KP-380BK Classic Electric Pencil Sharpener', 'Space Solutions HD Industrial Steel Shelving.')",1
"('Panasonic KP-380BK Classic Electric Pencil Sharpener', 'Wilson Jones Clip & Carry Folder Binder Tool for Ring Binders, Clear')",1
"('Space Solutions HD Industrial Steel Shelving.', 'Wilson Jones Clip & Carry Folder Binder Tool for Ring Binders, Clear')",1
"('Fellowes Bankers Box Staxonsteel Drawer File/Stacking System', 'Samsung Galaxy S III - 16GB - pebble blue (T-Mobile)')",1
"('Berol Giant Pencil Sharpener', 'PayAnywhere Card Reader')",1
"('Panasonic Kx-TS550', 'Turquoise Lead Holder with Pocket Clip')",1
"('Panasonic Kx-TS550', 'Xerox 1995')",1
"('Turquoise Lead Holder with Pocket Clip', 'Xerox 1995')",1
"('Acco 3-Hole Punch', 'Avery Recycled Flexi-View Covers for Binding Systems')",1
"('Acco 3-Hole Punch', 'Southworth 25% Cotton Granite Paper & Envelopes')",1
"('Avery Recycled Flexi-View Covers for Binding Systems', 'Southworth 25% Cotton Granite Paper & Envelopes')",1
"('Global Stack Chair with Arms, Black', 'Hypercom P1300 Pinpad')",1
"('Global Stack Chair with Arms, Black', 'Imation\xa0Clip USB\xa0flash drive\xa0- 8 GB')",1
"('Global Stack Chair with Arms, Black', 'KI Conference Tables')",1
"('Global Stack Chair with Arms, Black', 'Panasonic KX MC6040 Color Laser Multifunction Printer')",1
"('Hypercom P1300 Pinpad', 'Imation\xa0Clip USB\xa0flash drive\xa0- 8 GB')",1
"('Hypercom P1300 Pinpad', 'KI Conference Tables')",1
"('Hypercom P1300 Pinpad', 'Panasonic KX MC6040 Color Laser Multifunction Printer')",1
"('Imation\xa0Clip USB\xa0flash drive\xa0- 8 GB', 'KI Conference Tables')",1
"('Imation\xa0Clip USB\xa0flash drive\xa0- 8 GB', 'Panasonic KX MC6040 Color Laser Multifunction Printer')",1
"('KI Conference Tables', 'Panasonic KX MC6040 Color Laser Multifunction Printer')",1
"('Bush Advantage Collection Racetrack Conference Table', 'Eldon Wave Desk Accessories')",1
"('Bush Advantage Collection Racetrack Conference Table', 'Fellowes Premier Superior Surge Suppressor, 10-Outlet, With Phone and Remote')",1
"('Bush Advantage Collection Racetrack Conference Table', 'Poly Designer Cover & Back')",1
"('Bush Advantage Collection Racetrack Conference Table', 'Premier Electric Letter Opener')",1
"('Eldon Wave Desk Accessories', 'Fellowes Premier Superior Surge Suppressor, 10-Outlet, With Phone and Remote')",1
"('Eldon Wave Desk Accessories', 'Premier Electric Letter Opener')",1
"('Fellowes Premier Superior Surge Suppressor, 10-Outlet, With Phone and Remote', 'Poly Designer Cover & Back')",1
"('Fellowes Premier Superior Surge Suppressor, 10-Outlet, With Phone and Remote', 'Premier Electric Letter Opener')",1
"('Poly Designer Cover & Back', 'Premier Electric Letter Opener')",1
"('Deflect-O Glasstique Clear Desk Accessories', 'Holmes 99% HEPA Air Purifier')",1
"('Deflect-O Glasstique Clear Desk Accessories', 'Panasonic Kx-TS550')",1
"('Holmes 99% HEPA Air Purifier', 'Panasonic Kx-TS550')",1
"('Ampad Gold Fibre Wirebound Steno Books, 6"" x 9"", Gregg Ruled', 'Howard Miller 11-1/2"" Diameter Grantwood Wall Clock')",1
"('Acme 10"" Easy Grip Assistive Scissors', 'Advantus Panel Wall Certificate Holder - 8.5x11')",1
"('Acme 10"" Easy Grip Assistive Scissors', 'Avery 476')",1
"('Acme 10"" Easy Grip Assistive Scissors', 'Avery 478')",1
"('Advantus Panel Wall Certificate Holder - 8.5x11', 'Avery 476')",1
"('Advantus Panel Wall Certificate Holder - 8.5x11', 'Avery 478')",1
"('Avery 476', 'Avery 478')",1
"('Avery Durable Slant Ring Binders, No Labels', 'Tennsco Double-Tier Lockers')",1
"('Advantus SlideClip Paper Clips', 'Avery 512')",1
"('Advantus SlideClip Paper Clips', 'Bush Westfield Collection Bookcases, Medium Cherry Finish')",1
"('Advantus SlideClip Paper Clips', 'Logitech Wireless Gaming Headset G930')",1
"('Avery 512', 'Bush Westfield Collection Bookcases, Medium Cherry Finish')",1
"('Avery 512', 'Logitech Wireless Gaming Headset G930')",1
"('Bush Westfield Collection Bookcases, Medium Cherry Finish', 'Logitech Wireless Gaming Headset G930')",1
"('Bevis Rectangular Conference Tables', 'Commercial WindTunnel Clean Air Upright Vacuum, Replacement Belts, Filtration Bags')",1
"('Bevis Rectangular Conference Tables', 'Eldon Cleatmat Plus Chair Mats for High Pile Carpets')",1
"('Bevis Rectangular Conference Tables', 'Peel & Stick Add-On Corner Pockets')",1
"('Commercial WindTunnel Clean Air Upright Vacuum, Replacement Belts, Filtration Bags', 'Eldon Cleatmat Plus Chair Mats for High Pile Carpets')",1
"('Commercial WindTunnel Clean Air Upright Vacuum, Replacement Belts, Filtration Bags', 'Peel & Stick Add-On Corner Pockets')",1
"('Eldon Cleatmat Plus Chair Mats for High Pile Carpets', 'Peel & Stick Add-On Corner Pockets')",1
"('Bevis Oval Conference Table, Walnut', 'Hon 4070 Series Pagoda Round Back Stacking Chairs')",1
"('Acco 6 Outlet Guardian Premium Surge Suppressor', 'Avery Non-Stick Binders')",1
"('Avery Non-Stick Binders', 'Hon Deluxe Fabric Upholstered Stacking Chairs, Rounded Back')",1
"('Hon Deluxe Fabric Upholstered Stacking Chairs, Rounded Back', 'Staples')",1
"('Array Parchment Paper, Assorted Colors', 'Home/Office Personal File Carts')",1
"('Array Parchment Paper, Assorted Colors', 'Imation\xa08gb Micro Traveldrive Usb 2.0\xa0Flash Drive')",1
"('Array Parchment Paper, Assorted Colors', 'Novimex Turbo Task Chair')",1
"('Array Parchment Paper, Assorted Colors', 'Plastic Binding Combs')",1
"('Array Parchment Paper, Assorted Colors', 'Prang Dustless Chalk Sticks')",1
"('Array Parchment Paper, Assorted Colors', 'Xerox 232')",1
"('Home/Office Personal File Carts', 'Imation\xa08gb Micro Traveldrive Usb 2.0\xa0Flash Drive')",1
"('Home/Office Personal File Carts', 'Novimex Turbo Task Chair')",1
"('Home/Office Personal File Carts', 'Plastic Binding Combs')",1
"('Home/Office Personal File Carts', 'Prang Dustless Chalk Sticks')",1
"('Home/Office Personal File Carts', 'Xerox 232')",1
"('Imation\xa08gb Micro Traveldrive Usb 2.0\xa0Flash Drive', 'Novimex Turbo Task Chair')",1
"('Imation\xa08gb Micro Traveldrive Usb 2.0\xa0Flash Drive', 'Plastic Binding Combs')",1
"('Imation\xa08gb Micro Traveldrive Usb 2.0\xa0Flash Drive', 'Prang Dustless Chalk Sticks')",1
"('Imation\xa08gb Micro Traveldrive Usb 2.0\xa0Flash Drive', 'Xerox 232')",1
"('Novimex Turbo Task Chair', 'Plastic Binding Combs')",1
"('Novimex Turbo Task Chair', 'Prang Dustless Chalk Sticks')",1
"('Novimex Turbo Task Chair', 'Xerox 232')",1
"('Plastic Binding Combs', 'Prang Dustless Chalk Sticks')",1
"('Plastic Binding Combs', 'Xerox 232')",1
"('Prang Dustless Chalk Sticks', 'Xerox 232')",1
"('Imation\xa016GB Mini TravelDrive USB 2.0\xa0Flash Drive', 'Staples')",1
"('Mitel 5320 IP Phone VoIP phone', 'Pressboard Covers with Storage Hooks, 9 1/2"" x 11"", Light Blue')",1
"('Mitel 5320 IP Phone VoIP phone', 'Wilson Jones Leather-Like Binders with DublLock Round Rings')",1
"('Pressboard Covers with Storage Hooks, 9 1/2"" x 11"", Light Blue', 'Wilson Jones Leather-Like Binders with DublLock Round Rings')",1
"('AT&T 17929 Lendline Telephone', 'Rubber Band Ball')",1
"('Globe Weis Peel & Seel First Class Envelopes', 'KI Adjustable-Height Table')",1
"('Globe Weis Peel & Seel First Class Envelopes', 'Xerox 1945')",1
"('KI Adjustable-Height Table', 'Xerox 1945')",1
"('GBC Twin Loop Wire Binding Elements', 'Perma STOR-ALL Hanging File Box, 13 1/8""W x 12 1/4""D x 10 1/2""H')",1
"('GBC Twin Loop Wire Binding Elements', 'SAFCO Arco Folding Chair')",1
"('GBC Twin Loop Wire Binding Elements', 'Wilson Jones Active Use Binders')",1
"('Perma STOR-ALL Hanging File Box, 13 1/8""W x 12 1/4""D x 10 1/2""H', 'SAFCO Arco Folding Chair')",1
"('Perma STOR-ALL Hanging File Box, 13 1/8""W x 12 1/4""D x 10 1/2""H', 'Wilson Jones Active Use Binders')",1
"('SAFCO Arco Folding Chair', 'Wilson Jones Active Use Binders')",1
"('GBC ProClick Punch Binding System', 'Pyle PMP37LED')",1
"('GBC ProClick Punch Binding System', 'Xerox 194')",1
"('Pyle PMP37LED', 'Xerox 194')",1
"('Acme Elite Stainless Steel Scissors', 'Boston 1645 Deluxe Heavier-Duty Electric Pencil Sharpener')",1
"('Acme Elite Stainless Steel Scissors', 'Newell 339')",1
"('Acme Elite Stainless Steel Scissors', 'Storex Dura Pro Binders')",1
"('Acme Elite Stainless Steel Scissors', 'Xerox 231')",1
"('Boston 1645 Deluxe Heavier-Duty Electric Pencil Sharpener', 'Newell 339')",1
"('Boston 1645 Deluxe Heavier-Duty Electric Pencil Sharpener', 'Storex Dura Pro Binders')",1
"('Boston 1645 Deluxe Heavier-Duty Electric Pencil Sharpener', 'Xerox 231')",1
"('Newell 339', 'Storex Dura Pro Binders')",1
"('Newell 339', 'Xerox 231')",1
"('Storex Dura Pro Binders', 'Xerox 231')",1
"('Commercial WindTunnel Clean Air Upright Vacuum, Replacement Belts, Filtration Bags', 'Rogers Jumbo File, Granite')",1
"('Fiskars Spring-Action Scissors', 'Project Tote Personal File')",1
"('Fellowes Personal Hanging Folder Files, Navy', 'Hon 4070 Series Pagoda Armless Upholstered Stacking Chairs')",1
"('Acco 7-Outlet Masterpiece Power Center, Wihtout Fax/Phone Line Protection', 'GBC VeloBinder Electric Binding Machine')",1
"('Acco 7-Outlet Masterpiece Power Center, Wihtout Fax/Phone Line Protection', 'Premier Automatic Letter Opener')",1
"('GBC VeloBinder Electric Binding Machine', 'Premier Automatic Letter Opener')",1
"('Acco PRESSTEX Data Binder with Storage Hooks, Dark Blue, 9 1/2"" X 11""', 'Logitech\xa0MX Performance Wireless Mouse')",1
"('Deflect-o EconoMat Nonstudded, No Bevel Mat', 'Electrix Halogen Magnifier Lamp')",1
"('GBC Plastic Binding Combs', 'Newell 340')",1
"('Advantus Rolling Drawer Organizers', 'Imation\xa032GB Pocket Pro USB 3.0\xa0Flash Drive\xa0- 32 GB - Black - 1 P ...')",1
"('Avery 473', 'Bretford \x93Just In Time\x94 Height-Adjustable Multi-Task Work Tables')",1
"('Avery 473', 'Xerox 226')",1
"('Bretford \x93Just In Time\x94 Height-Adjustable Multi-Task Work Tables', 'Xerox 226')",1
"('Avery Fluorescent Highlighter Four-Color Set', 'Newell 309')",1
"('Premium Transparent Presentation Covers by GBC', 'Square Ring Data Binders, Rigid 75 Pt. Covers, 11"" x 14-7/8""')",1
"('Advantus Motivational Note Cards', 'GBC Wire Binding Combs')",1
"('Motorola L703CM', 'Xerox 1908')",1
"('Harbour Creations Steel Folding Chair', 'JBL Micro Wireless Portable Bluetooth Speaker')",1
"('Cisco SPA301', 'Imation\xa030456 USB\xa0Flash Drive\xa08GB')",1
"('Cisco SPA301', 'Maxell 4.7GB DVD-R')",1
"('Imation\xa030456 USB\xa0Flash Drive\xa08GB', 'Maxell 4.7GB DVD-R')",1
"('Avery 473', 'Hon Rectangular Conference Tables')",1
"('Avery 473', 'Plantronics CS510 - Over-the-Head monaural Wireless Headset System')",1
"('Akro-Mils 12-Gallon Tote', 'Grandstream GXP2100 Mainstream Business Phone')",1
"('Akro-Mils 12-Gallon Tote', ""O'Sullivan 2-Door Barrister Bookcase in Odessa Pine"")",1
"('Grandstream GXP2100 Mainstream Business Phone', ""O'Sullivan 2-Door Barrister Bookcase in Odessa Pine"")",1
"('Eldon Gobal File Keepers', 'Hoover Shoulder Vac Commercial Portable Vacuum')",1
"('Eldon Gobal File Keepers', 'SAFCO Commercial Wire Shelving, Black')",1
"('Hoover Shoulder Vac Commercial Portable Vacuum', 'SAFCO Commercial Wire Shelving, Black')",1
"('Avaya 5420 Digital phone', 'Avery 519')",1
"('Pressboard Covers with Storage Hooks, 9 1/2"" x 11"", Light Blue', 'Southworth 100% Cotton The Best Paper')",1
"('Belkin F9H710-06 7 Outlet SurgeMaster Surge Protector', 'Eldon Stackable Tray, Side-Load, Legal, Smoke')",1
"('Belkin F9H710-06 7 Outlet SurgeMaster Surge Protector', 'Wilson Jones Easy Flow II Sheet Lifters')",1
"('Belkin F9H710-06 7 Outlet SurgeMaster Surge Protector', 'Xerox 216')",1
"('Eldon Stackable Tray, Side-Load, Legal, Smoke', 'Wilson Jones Easy Flow II Sheet Lifters')",1
"('Eldon Stackable Tray, Side-Load, Legal, Smoke', 'Xerox 216')",1
"('Wilson Jones Easy Flow II Sheet Lifters', 'Xerox 216')",1
"('Belkin 7-Outlet SurgeMaster Home Series', 'Eldon Jumbo ProFile Portable File Boxes Graphite/Black')",1
"('Logitech Mobile Speakerphone P710e -\xa0speaker phone', 'Xerox 1987')",1
"('Anker Astro 15000mAh USB Portable Charger', 'Hon Deluxe Fabric Upholstered Stacking Chairs, Rounded Back')",1
"('Anker Astro 15000mAh USB Portable Charger', 'Plantronics Cordless\xa0Phone Headset\xa0with In-line Volume - M214C')",1
"('GBC Prestige Therm-A-Bind Covers', 'Hon Deluxe Fabric Upholstered Stacking Chairs, Rounded Back')",1
"('GBC Prestige Therm-A-Bind Covers', 'Plantronics Cordless\xa0Phone Headset\xa0with In-line Volume - M214C')",1
"('Hon Deluxe Fabric Upholstered Stacking Chairs, Rounded Back', 'Plantronics Cordless\xa0Phone Headset\xa0with In-line Volume - M214C')",1
"('ClearSounds CSC500 Amplified Spirit Phone Corded phone', 'Hon 4060 Series Tables')",1
"('ClearSounds CSC500 Amplified Spirit Phone Corded phone', 'NETGEAR AC1750 Dual Band Gigabit\xa0Smart WiFi Router')",1
"('ClearSounds CSC500 Amplified Spirit Phone Corded phone', 'Newell 335')",1
"('ClearSounds CSC500 Amplified Spirit Phone Corded phone', 'Xerox 1950')",1
"('Hon 4060 Series Tables', 'NETGEAR AC1750 Dual Band Gigabit\xa0Smart WiFi Router')",1
"('Hon 4060 Series Tables', 'Newell 335')",1
"('Hon 4060 Series Tables', 'Xerox 1950')",1
"('NETGEAR AC1750 Dual Band Gigabit\xa0Smart WiFi Router', 'Newell 335')",1
"('NETGEAR AC1750 Dual Band Gigabit\xa0Smart WiFi Router', 'Xerox 1950')",1
"('Newell 335', 'Xerox 1950')",1
"('Fellowes Strictly Business Drawer File, Letter/Legal Size', 'Hon 4700 Series Mobuis Mid-Back Task Chairs with Adjustable Arms')",1
"('Fellowes Strictly Business Drawer File, Letter/Legal Size', 'Hon GuestStacker Chair')",1
"('Fellowes Strictly Business Drawer File, Letter/Legal Size', 'Round Ring Binders')",1
"('Fellowes Strictly Business Drawer File, Letter/Legal Size', 'Sauder Facets Collection Locker/File Cabinet, Sky Alder Finish')",1
"('Hon 4700 Series Mobuis Mid-Back Task Chairs with Adjustable Arms', 'Hon GuestStacker Chair')",1
"('Hon 4700 Series Mobuis Mid-Back Task Chairs with Adjustable Arms', 'Round Ring Binders')",1
"('Hon 4700 Series Mobuis Mid-Back Task Chairs with Adjustable Arms', 'Sauder Facets Collection Locker/File Cabinet, Sky Alder Finish')",1
"('Hon GuestStacker Chair', 'Round Ring Binders')",1
"('Hon GuestStacker Chair', 'Sauder Facets Collection Locker/File Cabinet, Sky Alder Finish')",1
"('Round Ring Binders', 'Sauder Facets Collection Locker/File Cabinet, Sky Alder Finish')",1
"('Newell 310', 'Tenex 46"" x 60"" Computer Anti-Static Chairmat, Rectangular Shaped')",1
"('Deflect-o DuraMat Antistatic Studded Beveled Mat for Medium Pile Carpeting', 'Magnifier Swing Arm Lamp')",1
"('LG G2', 'Xerox 1952')",1
"('Avery 50', 'Global Deluxe High-Back Office Chair in Storm')",1
"('Avery 50', ""Honeywell Enviracaire Portable HEPA Air Cleaner for 16' x 20' Room"")",1
"('Avery 50', 'Kensington K72356US Mouse-in-a-Box USB Desktop Mouse')",1
"('Global Deluxe High-Back Office Chair in Storm', ""Honeywell Enviracaire Portable HEPA Air Cleaner for 16' x 20' Room"")",1
"('Global Deluxe High-Back Office Chair in Storm', 'Kensington K72356US Mouse-in-a-Box USB Desktop Mouse')",1
"(""Honeywell Enviracaire Portable HEPA Air Cleaner for 16' x 20' Room"", 'Kensington K72356US Mouse-in-a-Box USB Desktop Mouse')",1
"('Fellowes High-Stak Drawer Files', 'SimpliFile Personal File, Black Granite, 15w x 6-15/16d x 11-1/4h')",1
"('Acco Flexible ACCOHIDE Square Ring Data Binder, Dark Blue, 11 1/2"" X 14"" 7/8""', 'Plantronics Voyager Pro HD - Bluetooth Headset')",1
"('Acco Perma 4000 Stacking Storage Drawers', 'Staples')",1
"('Aluminum Document Frame', 'Avery 520')",1
"('Aluminum Document Frame', 'Eldon Mobile Mega Data Cart  Mega Stackable  Add-On Trays')",1
"('Aluminum Document Frame', 'Fellowes Bankers Box Staxonsteel Drawer File/Stacking System')",1
"('Aluminum Document Frame', 'Office Star - Ergonomically Designed Knee Chair')",1
"('Aluminum Document Frame', 'Xerox Color Copier Paper, 11"" x 17"", Ream')",1
"('Avery 520', 'Eldon Mobile Mega Data Cart  Mega Stackable  Add-On Trays')",1
"('Avery 520', 'Fellowes Bankers Box Staxonsteel Drawer File/Stacking System')",1
"('Avery 520', 'Office Star - Ergonomically Designed Knee Chair')",1
"('Avery 520', 'Xerox Color Copier Paper, 11"" x 17"", Ream')",1
"('Eldon Mobile Mega Data Cart  Mega Stackable  Add-On Trays', 'Fellowes Bankers Box Staxonsteel Drawer File/Stacking System')",1
"('Eldon Mobile Mega Data Cart  Mega Stackable  Add-On Trays', 'Office Star - Ergonomically Designed Knee Chair')",1
"('Eldon Mobile Mega Data Cart  Mega Stackable  Add-On Trays', 'Xerox Color Copier Paper, 11"" x 17"", Ream')",1
"('Fellowes Bankers Box Staxonsteel Drawer File/Stacking System', 'Office Star - Ergonomically Designed Knee Chair')",1
"('Fellowes Bankers Box Staxonsteel Drawer File/Stacking System', 'Xerox Color Copier Paper, 11"" x 17"", Ream')",1
"('Office Star - Ergonomically Designed Knee Chair', 'Xerox Color Copier Paper, 11"" x 17"", Ream')",1
"('Luxo Professional Fluorescent Magnifier Lamp with Clamp-Mount Base', 'Wilson Jones Turn Tabs Binder Tool for Ring Binders')",1
"('Acco Suede Grain Vinyl Round Ring Binder', 'Avery Address/Shipping Labels for Typewriters, 4"" x 2""')",1
"('Executive Impressions 14"" Contract Wall Clock with Quartz Movement', 'Mini 13-1/2 Capacity Data Binder Rack, Pearl')",1
"('Belkin Grip Candy Sheer Case / Cover for iPhone 5 and 5S', 'Eureka The Boss Plus 12-Amp Hard Box Upright Vacuum, Red')",1
"('Belkin Grip Candy Sheer Case / Cover for iPhone 5 and 5S', 'GBC Plastic Binding Combs')",1
"('Belkin Grip Candy Sheer Case / Cover for iPhone 5 and 5S', 'Newell 315')",1
"('Belkin Grip Candy Sheer Case / Cover for iPhone 5 and 5S', 'Wilson Jones 1"" Hanging DublLock Ring Binders')",1
"('Belkin Grip Candy Sheer Case / Cover for iPhone 5 and 5S', 'Wilson Jones Turn Tabs Binder Tool for Ring Binders')",1
"('Eureka The Boss Plus 12-Amp Hard Box Upright Vacuum, Red', 'GBC Plastic Binding Combs')",1
"('Eureka The Boss Plus 12-Amp Hard Box Upright Vacuum, Red', 'Newell 315')",1
"('Eureka The Boss Plus 12-Amp Hard Box Upright Vacuum, Red', 'Wilson Jones 1"" Hanging DublLock Ring Binders')",1
"('Eureka The Boss Plus 12-Amp Hard Box Upright Vacuum, Red', 'Wilson Jones Turn Tabs Binder Tool for Ring Binders')",1
"('GBC Plastic Binding Combs', 'Newell 315')",1
"('GBC Plastic Binding Combs', 'Wilson Jones 1"" Hanging DublLock Ring Binders')",1
"('GBC Plastic Binding Combs', 'Wilson Jones Turn Tabs Binder Tool for Ring Binders')",1
"('Newell 315', 'Wilson Jones 1"" Hanging DublLock Ring Binders')",1
"('Newell 315', 'Wilson Jones Turn Tabs Binder Tool for Ring Binders')",1
"('Wilson Jones 1"" Hanging DublLock Ring Binders', 'Wilson Jones Turn Tabs Binder Tool for Ring Binders')",1
"('ACCOHIDE 3-Ring Binder, Blue, 1""', 'Colored Push Pins')",1
"('24-Hour Round Wall Clock', 'Logitech Media Keyboard K200')",1
"('GBC Standard Therm-A-Bind Covers', 'Stur-D-Stor Shelving, Vertical 5-Shelf: 72""H x 36""W x 18 1/2""D')",1
"('Advantus Push Pins, Aluminum Head', 'Metal Folding Chairs, Beige, 4/Carton')",1
"('Advantus Push Pins, Aluminum Head', 'Prestige Round Ring Binders')",1
"('Advantus Push Pins, Aluminum Head', 'Rogers Profile Extra Capacity Storage Tub')",1
"('Metal Folding Chairs, Beige, 4/Carton', 'Prestige Round Ring Binders')",1
"('Metal Folding Chairs, Beige, 4/Carton', 'Rogers Profile Extra Capacity Storage Tub')",1
"('Prestige Round Ring Binders', 'Rogers Profile Extra Capacity Storage Tub')",1
"('Avery Poly Binder Pockets', 'Hon Every-Day Series Multi-Task Chairs')",1
"('Avery Poly Binder Pockets', 'Magnifier Swing Arm Lamp')",1
"('Hon Every-Day Series Multi-Task Chairs', 'Magnifier Swing Arm Lamp')",1
"('Logitech 910-002974 M325 Wireless Mouse for Web Scrolling', 'Logitech G19 Programmable Gaming Keyboard')",1
"('Logitech 910-002974 M325 Wireless Mouse for Web Scrolling', 'Tenex Contemporary Contur Chairmats for Low and Medium Pile Carpet, Computer, 39"" x 49""')",1
"('Logitech G19 Programmable Gaming Keyboard', 'Tenex Contemporary Contur Chairmats for Low and Medium Pile Carpet, Computer, 39"" x 49""')",1
"('Office Star - Mid Back Dual function Ergonomic High Back Chair with 2-Way Adjustable Arms', 'Rediform Wirebound ""Phone Memo"" Message Book, 11 x 5-3/4')",1
"('Avery Heavy-Duty EZD View Binder with Locking Rings', 'Bretford Rectangular Conference Table Tops')",1
"('GBC Pre-Punched Binding Paper, Plastic, White, 8-1/2"" x 11""', 'Newell 324')",1
"('GBC Pre-Punched Binding Paper, Plastic, White, 8-1/2"" x 11""', 'Xerox 1945')",1
"('GBC Pre-Punched Binding Paper, Plastic, White, 8-1/2"" x 11""', 'Xerox 215')",1
"('Newell 324', 'Xerox 1945')",1
"('Newell 324', 'Xerox 215')",1
"('Xerox 1945', 'Xerox 215')",1
"(""Electrix Architect's Clamp-On Swing Arm Lamp, Black"", 'GE 30524EE4')",1
"('Acme Office Executive Series Stainless Steel Trimmers', 'Avery 487')",1
"('Portfile Personal File Boxes', 'Southworth 25% Cotton Premium Laser Paper and Envelopes')",1
"('Advantus T-Pin Paper Clips', 'DAX Solid Wood Frames')",1
"('Advantus T-Pin Paper Clips', 'Xerox 1951')",1
"('DAX Solid Wood Frames', 'Xerox 1951')",1
"('Insertable Tab Post Binder Dividers', 'SAFCO Mobile Desk Side File, Wire Frame')",1
"('Insertable Tab Post Binder Dividers', 'White Dual Perf Computer Printout Paper, 2700 Sheets, 1 Part, Heavyweight, 20 lbs., 14 7/8 x 11')",1
"('SAFCO Mobile Desk Side File, Wire Frame', 'White Dual Perf Computer Printout Paper, 2700 Sheets, 1 Part, Heavyweight, 20 lbs., 14 7/8 x 11')",1
"('Verbatim 25 GB 6x Blu-ray Single Layer Recordable Disc, 25/Pack', 'Wilson Jones Leather-Like Binders with DublLock Round Rings')",1
"('Acco Perma 4000 Stacking Storage Drawers', 'Acco Pressboard Covers with Storage Hooks, 14 7/8"" x 11"", Light Blue')",1
"('Acco Perma 4000 Stacking Storage Drawers', 'Ibico Ibimaster 300 Manual Binding System')",1
"('Acco Perma 4000 Stacking Storage Drawers', 'Stanley Bostitch Contemporary Electric Pencil Sharpeners')",1
"('Acco Pressboard Covers with Storage Hooks, 14 7/8"" x 11"", Light Blue', 'Canon imageCLASS 2200 Advanced Copier')",1
"('Acco Pressboard Covers with Storage Hooks, 14 7/8"" x 11"", Light Blue', 'Ibico Ibimaster 300 Manual Binding System')",1
"('Acco Pressboard Covers with Storage Hooks, 14 7/8"" x 11"", Light Blue', 'Stanley Bostitch Contemporary Electric Pencil Sharpeners')",1
"('Canon imageCLASS 2200 Advanced Copier', 'Ibico Ibimaster 300 Manual Binding System')",1
"('Canon imageCLASS 2200 Advanced Copier', 'Stanley Bostitch Contemporary Electric Pencil Sharpeners')",1
"('Ibico Ibimaster 300 Manual Binding System', 'Stanley Bostitch Contemporary Electric Pencil Sharpeners')",1
"('Hon GuestStacker Chair', 'Tenex Personal Project File with Scoop Front Design, Black')",1
"('Avery Durable Slant Ring Binders', 'Tuff Stuff Recycled Round Ring Binders')",1
"('Acco Economy Flexible Poly Round Ring Binder', 'Tuff Stuff Recycled Round Ring Binders')",1
"('Acco Economy Flexible Poly Round Ring Binder', 'Xerox 229')",1
"('Tuff Stuff Recycled Round Ring Binders', 'Xerox 229')",1
"('Acco Flexible ACCOHIDE Square Ring Data Binder, Dark Blue, 11 1/2"" X 14"" 7/8""', 'DAX Two-Tone Silver Metal Document Frame')",1
"('Acco Flexible ACCOHIDE Square Ring Data Binder, Dark Blue, 11 1/2"" X 14"" 7/8""', 'Eldon Expressions Wood and Plastic Desk Accessories, Oak')",1
"('DAX Two-Tone Silver Metal Document Frame', 'Eldon Expressions Wood and Plastic Desk Accessories, Oak')",1
"('Logitech G13 Programmable Gameboard with LCD Display', 'Office Star Flex Back Scooter Chair with White Frame')",1
"('Logitech G13 Programmable Gameboard with LCD Display', 'Universal Premium White Copier/Laser Paper (20Lb. and 87 Bright)')",1
"('Logitech G13 Programmable Gameboard with LCD Display', 'Xerox 212')",1
"('Office Star Flex Back Scooter Chair with White Frame', 'Universal Premium White Copier/Laser Paper (20Lb. and 87 Bright)')",1
"('Office Star Flex Back Scooter Chair with White Frame', 'Xerox 212')",1
"('Universal Premium White Copier/Laser Paper (20Lb. and 87 Bright)', 'Xerox 212')",1
"(""O'Sullivan Living Dimensions 5-Shelf Bookcases"", 'Premium Transparent Presentation Covers, No Pattern/Clear, 8 1/2"" x 11""')",1
"(""O'Sullivan Living Dimensions 5-Shelf Bookcases"", 'SpineVue Locking Slant-D Ring Binders by Cardinal')",1
"('Premium Transparent Presentation Covers, No Pattern/Clear, 8 1/2"" x 11""', 'SpineVue Locking Slant-D Ring Binders by Cardinal')",1
"('3M Polarizing Light Filter Sleeves', 'Wilson Jones Ledger-Size, Piano-Hinge Binder, 2"", Blue')",1
"('4009 Highlighters by Sanford', 'Avery 4027 File Folder Labels for Dot Matrix Printers, 5000 Labels per Box, White')",1
"('4009 Highlighters by Sanford', 'Global Value Steno Chair, Gray')",1
"('4009 Highlighters by Sanford', 'Xerox 1881')",1
"('Avery 4027 File Folder Labels for Dot Matrix Printers, 5000 Labels per Box, White', 'Global Value Steno Chair, Gray')",1
"('Avery 4027 File Folder Labels for Dot Matrix Printers, 5000 Labels per Box, White', 'Xerox 1881')",1
"('Global Value Steno Chair, Gray', 'Xerox 1881')",1
"('Elite 5"" Scissors', 'Executive Impressions 10"" Spectator Wall Clock')",1
"('DAX Two-Tone Silver Metal Document Frame', 'Global Leather Executive Chair')",1
"('APC 7 Outlet Network SurgeArrest Surge Protector', 'Acco Pressboard Covers with Storage Hooks, 14 7/8"" x 11"", Executive Red')",1
"('APC 7 Outlet Network SurgeArrest Surge Protector', 'Dax Clear Box Frame')",1
"('APC 7 Outlet Network SurgeArrest Surge Protector', 'Global Enterprise Series Seating High-Back Swivel/Tilt Chairs')",1
"('APC 7 Outlet Network SurgeArrest Surge Protector', 'Nontoxic Chalk')",1
"('APC 7 Outlet Network SurgeArrest Surge Protector', 'Staples')",1
"('APC 7 Outlet Network SurgeArrest Surge Protector', 'Xerox 1975')",1
"('Acco Pressboard Covers with Storage Hooks, 14 7/8"" x 11"", Executive Red', 'Dax Clear Box Frame')",1
"('Acco Pressboard Covers with Storage Hooks, 14 7/8"" x 11"", Executive Red', 'Global Enterprise Series Seating High-Back Swivel/Tilt Chairs')",1
"('Acco Pressboard Covers with Storage Hooks, 14 7/8"" x 11"", Executive Red', 'Nontoxic Chalk')",1
"('Acco Pressboard Covers with Storage Hooks, 14 7/8"" x 11"", Executive Red', 'Staples')",1
"('Acco Pressboard Covers with Storage Hooks, 14 7/8"" x 11"", Executive Red', 'Xerox 1975')",1
"('Dax Clear Box Frame', 'Global Enterprise Series Seating High-Back Swivel/Tilt Chairs')",1
"('Dax Clear Box Frame', 'Nontoxic Chalk')",1
"('Dax Clear Box Frame', 'Xerox 1975')",1
"('Global Enterprise Series Seating High-Back Swivel/Tilt Chairs', 'Nontoxic Chalk')",1
"('Global Enterprise Series Seating High-Back Swivel/Tilt Chairs', 'Staples')",1
"('Global Enterprise Series Seating High-Back Swivel/Tilt Chairs', 'Xerox 1975')",1
"('Nontoxic Chalk', 'Staples')",1
"('Nontoxic Chalk', 'Xerox 1975')",1
"('Staples', 'Xerox 1975')",1
"('Ink Jet Note and Greeting Cards, 8-1/2"" x 5-1/2"" Card Size', 'OIC Bulk Pack Metal Binder Clips')",1
"('Cisco 8x8 Inc. 6753i IP Business Phone System', 'Xerox 1972')",1
"('DAX Contemporary Wood Frame with Silver Metal Mat, Desktop, 11 x 14 Size', 'Global Ergonomic Managers Chair')",1
"('DAX Contemporary Wood Frame with Silver Metal Mat, Desktop, 11 x 14 Size', 'Sharp AL-1530CS Digital Copier')",1
"('Global Ergonomic Managers Chair', 'Sharp AL-1530CS Digital Copier')",1
"('Carina 42""Hx23 3/4""W Media Storage Unit', 'Rediform Wirebound ""Phone Memo"" Message Book, 11 x 5-3/4')",1
"('Carina 42""Hx23 3/4""W Media Storage Unit', 'Strathmore Photo Frame Cards')",1
"('Carina 42""Hx23 3/4""W Media Storage Unit', 'Tennsco 6- and 18-Compartment Lockers')",1
"('Carina 42""Hx23 3/4""W Media Storage Unit', 'Xerox 1993')",1
"('Rediform Wirebound ""Phone Memo"" Message Book, 11 x 5-3/4', 'Strathmore Photo Frame Cards')",1
"('Rediform Wirebound ""Phone Memo"" Message Book, 11 x 5-3/4', 'Tennsco 6- and 18-Compartment Lockers')",1
"('Rediform Wirebound ""Phone Memo"" Message Book, 11 x 5-3/4', 'Xerox 1993')",1
"('Strathmore Photo Frame Cards', 'Tennsco 6- and 18-Compartment Lockers')",1
"('Strathmore Photo Frame Cards', 'Xerox 1993')",1
"('Tennsco 6- and 18-Compartment Lockers', 'Xerox 1993')",1
"('Logitech\xa0VX Revolution Cordless Laser Mouse for Notebooks (Black)', 'Micro Innovations USB RF Wireless Keyboard with Mouse')",1
"('Imation\xa08GB Mini TravelDrive USB 2.0\xa0Flash Drive', 'Wilson Jones Active Use Binders')",1
"('Belkin 8 Outlet Surge Protector', 'Executive Impressions 10"" Spectator Wall Clock')",1
"('Global Stack Chair with Arms, Black', 'Hon 5100 Series Wood Tables')",1
"('12 Colored Short Pencils', 'Master Caster Door Stop, Large Neon Orange')",1
"('Home/Office Personal File Carts', 'Universal Premium White Copier/Laser Paper (20Lb. and 87 Bright)')",1
"('HON 5400 Series Task Chairs for Big and Tall', 'Xerox 1910')",1
"('HON 5400 Series Task Chairs for Big and Tall', 'Xerox 1915')",1
"('Xerox 1910', 'Xerox 1915')",1
"('Deflect-o EconoMat Studded, No Bevel Mat for Low Pile Carpeting', 'Logitech Trackman Marble Mouse')",1
"('Deflect-o EconoMat Studded, No Bevel Mat for Low Pile Carpeting', 'Tenex File Box, Personal Filing Tote with Lid, Black')",1
"('Logitech Trackman Marble Mouse', 'Tenex File Box, Personal Filing Tote with Lid, Black')",1
"('Acme Preferred Stainless Steel Scissors', 'Howard Miller 16"" Diameter Gallery Wall Clock')",1
"('Acme Preferred Stainless Steel Scissors', 'Plastic Binding Combs')",1
"('Howard Miller 16"" Diameter Gallery Wall Clock', 'Plastic Binding Combs')",1
"('Binney & Smith Crayola Metallic Colored Pencils, 8-Color Set', 'Xerox 1965')",1
"('Carina Double Wide Media Storage Towers in Natural & Black', 'Executive Impressions 14"" Contract Wall Clock')",1
"('Eureka Sanitaire  Multi-Pro Heavy-Duty Upright, Disposable Bags', 'Sauder Forest Hills Library with Doors, Woodland Oak Finish')",1
"(""3M Replacement Filter for Office Air Cleaner for 20' x 33' Room"", 'Fellowes Staxonsteel Drawer Files')",1
"(""3M Replacement Filter for Office Air Cleaner for 20' x 33' Room"", 'GBC Prepunched Paper, 19-Hole, for Binding Systems, 24-lb')",1
"(""3M Replacement Filter for Office Air Cleaner for 20' x 33' Room"", 'Rogers Profile Extra Capacity Storage Tub')",1
"('Fellowes Staxonsteel Drawer Files', 'GBC Prepunched Paper, 19-Hole, for Binding Systems, 24-lb')",1
"('Fellowes Staxonsteel Drawer Files', 'Rogers Profile Extra Capacity Storage Tub')",1
"('GBC Prepunched Paper, 19-Hole, for Binding Systems, 24-lb', 'Rogers Profile Extra Capacity Storage Tub')",1
"('Acme 10"" Easy Grip Assistive Scissors', 'Avery 49')",1
"('Avery 496', 'Bush Heritage Pine Collection 5-Shelf Bookcase, Albany Pine Finish, *Special Order')",1
"('Avery 496', 'Xerox 1914')",1
"('Bush Heritage Pine Collection 5-Shelf Bookcase, Albany Pine Finish, *Special Order', 'Xerox 1914')",1
"('Fellowes Advanced Computer Series Surge Protectors', ""O'Sullivan Cherrywood Estates Traditional Bookcase"")",1
"('Fellowes Advanced Computer Series Surge Protectors', 'Tops Wirebound Message Log Books')",1
"(""O'Sullivan Cherrywood Estates Traditional Bookcase"", 'Tops Wirebound Message Log Books')",1
"('AT&T CL83451 4-Handset Telephone', 'Advantus Motivational Note Cards')",1
"('Hon Olson Stacker Chairs', 'Imation\xa030456 USB\xa0Flash Drive\xa08GB')",1
"('Hon Olson Stacker Chairs', 'Rogers Jumbo File, Granite')",1
"('Imation\xa030456 USB\xa0Flash Drive\xa08GB', 'Rogers Jumbo File, Granite')",1
"('Rogers Jumbo File, Granite', 'Staples')",1
"('Eldon 400 Class Desk Accessories, Black Carbon', 'Fellowes Black Plastic Comb Bindings')",1
"('Eldon 400 Class Desk Accessories, Black Carbon', 'Xerox 1970')",1
"('Fellowes Black Plastic Comb Bindings', 'Xerox 1970')",1
"(""Eldon Fold 'N Roll Cart System"", 'Embossed Ink Jet Note Cards')",1
"(""Eldon Fold 'N Roll Cart System"", 'Xerox 1942')",1
"('Embossed Ink Jet Note Cards', 'Xerox 1942')",1
"('Fellowes Bankers Box Recycled Super Stor/Drawer', 'Fellowes Bankers Box Staxonsteel Drawer File/Stacking System')",1
"('Fellowes Bankers Box Recycled Super Stor/Drawer', 'TOPS ""Important Message"" Pads, Canary, 4-1/4 x 5-1/2, 50 Sheets per Pad')",1
"('Fellowes Bankers Box Staxonsteel Drawer File/Stacking System', 'TOPS ""Important Message"" Pads, Canary, 4-1/4 x 5-1/2, 50 Sheets per Pad')",1
"('Avery 49', 'Avery 508')",1
"('Avery 49', 'Hoover Upright Vacuum With Dirt Cup')",1
"('Avery 49', 'Ibico Plastic Spiral Binding Combs')",1
"('Avery 49', 'Samsung Replacement EH64AVFWE Premium Headset')",1
"('Avery 49', 'Xerox 1999')",1
"('Avery 508', 'Hoover Upright Vacuum With Dirt Cup')",1
"('Avery 508', 'Ibico Plastic Spiral Binding Combs')",1
"('Avery 508', 'Samsung Replacement EH64AVFWE Premium Headset')",1
"('Avery 508', 'Xerox 1999')",1
"('Hoover Upright Vacuum With Dirt Cup', 'Ibico Plastic Spiral Binding Combs')",1
"('Hoover Upright Vacuum With Dirt Cup', 'Samsung Replacement EH64AVFWE Premium Headset')",1
"('Hoover Upright Vacuum With Dirt Cup', 'Xerox 1999')",1
"('Ibico Plastic Spiral Binding Combs', 'Samsung Replacement EH64AVFWE Premium Headset')",1
"('Ibico Plastic Spiral Binding Combs', 'Xerox 1999')",1
"('Samsung Replacement EH64AVFWE Premium Headset', 'Xerox 1999')",1
"('Acco PRESSTEX Data Binder with Storage Hooks, Light Blue, 9 1/2"" X 11""', 'SanDisk Ultra 32 GB MicroSDHC Class 10 Memory Card')",1
"('Acco PRESSTEX Data Binder with Storage Hooks, Light Blue, 9 1/2"" X 11""', 'Xerox 196')",1
"('Acco PRESSTEX Data Binder with Storage Hooks, Light Blue, 9 1/2"" X 11""', 'Xerox 217')",1
"('SanDisk Ultra 32 GB MicroSDHC Class 10 Memory Card', 'Xerox 196')",1
"('SanDisk Ultra 32 GB MicroSDHC Class 10 Memory Card', 'Xerox 217')",1
"('Xerox 196', 'Xerox 217')",1
"('Belkin F8E887 USB Wired Ergonomic Keyboard', 'Global Chrome Stack Chair')",1
"('Global Leather and Oak Executive Chair, Black', 'Holmes Replacement Filter for HEPA Air Cleaner, Very Large Room, HEPA Filter')",1
"('Global Leather and Oak Executive Chair, Black', 'Hon 4070 Series Pagoda Round Back Stacking Chairs')",1
"('Global Leather and Oak Executive Chair, Black', 'Hon Deluxe Fabric Upholstered Stacking Chairs, Rounded Back')",1
"('Global Leather and Oak Executive Chair, Black', 'OIC Bulk Pack Metal Binder Clips')",1
"('Holmes Replacement Filter for HEPA Air Cleaner, Very Large Room, HEPA Filter', 'Hon 4070 Series Pagoda Round Back Stacking Chairs')",1
"('Holmes Replacement Filter for HEPA Air Cleaner, Very Large Room, HEPA Filter', 'Hon Deluxe Fabric Upholstered Stacking Chairs, Rounded Back')",1
"('Holmes Replacement Filter for HEPA Air Cleaner, Very Large Room, HEPA Filter', 'OIC Bulk Pack Metal Binder Clips')",1
"('Hon 4070 Series Pagoda Round Back Stacking Chairs', 'Hon Deluxe Fabric Upholstered Stacking Chairs, Rounded Back')",1
"('Hon 4070 Series Pagoda Round Back Stacking Chairs', 'OIC Bulk Pack Metal Binder Clips')",1
"('Hon Deluxe Fabric Upholstered Stacking Chairs, Rounded Back', 'OIC Bulk Pack Metal Binder Clips')",1
"('Micropad Numeric Keypads', 'Safco Steel Mobile File Cart')",1
"('Wilson Jones Clip & Carry Folder Binder Tool for Ring Binders, Clear', 'Xerox 227')",1
"('Global High-Back Leather Tilter, Burgundy', 'Howard Miller 16"" Diameter Gallery Wall Clock')",1
"('Global High-Back Leather Tilter, Burgundy', 'Tennsco 16-Compartment Lockers with Coat Rack')",1
"('Howard Miller 16"" Diameter Gallery Wall Clock', 'Tennsco 16-Compartment Lockers with Coat Rack')",1
"('Canvas Sectional Post Binders', 'Wilson Jones Century Plastic Molded Ring Binders')",1
"('Brown Kraft Recycled Envelopes', 'V7 USB Numeric Keypad')",1
"('Acco Data Flex Cable Posts For Top & Bottom Load Binders, 6"" Capacity', 'Recycled Desk Saver Line ""While You Were Out"" Book, 5 1/2"" X 4""')",1
"('Acco Data Flex Cable Posts For Top & Bottom Load Binders, 6"" Capacity', 'Xerox 1982')",1
"('Acco Data Flex Cable Posts For Top & Bottom Load Binders, 6"" Capacity', 'Xerox 1986')",1
"('Recycled Desk Saver Line ""While You Were Out"" Book, 5 1/2"" X 4""', 'Xerox 1982')",1
"('Recycled Desk Saver Line ""While You Were Out"" Book, 5 1/2"" X 4""', 'Xerox 1986')",1
"('Xerox 1982', 'Xerox 1986')",1
"('Alphabetical Labels for Top Tab Filing', 'Avery Heavy-Duty EZD  Binder With Locking Rings')",1
"('Avery 475', 'Avery 476')",1
"('Carina Media Storage Towers in Natural & Black', 'Eldon Delta Triangular Chair Mat, 52"" x 58"", Clear')",1
"('Carina Media Storage Towers in Natural & Black', 'Enermax Aurora Lite Keyboard')",1
"('Carina Media Storage Towers in Natural & Black', 'Fellowes Econo/Stor Drawers')",1
"('Carina Media Storage Towers in Natural & Black', 'Peel & Stick Add-On Corner Pockets')",1
"('Carina Media Storage Towers in Natural & Black', 'Staples')",1
"('Eldon Delta Triangular Chair Mat, 52"" x 58"", Clear', 'Enermax Aurora Lite Keyboard')",1
"('Eldon Delta Triangular Chair Mat, 52"" x 58"", Clear', 'Fellowes Econo/Stor Drawers')",1
"('Eldon Delta Triangular Chair Mat, 52"" x 58"", Clear', 'Peel & Stick Add-On Corner Pockets')",1
"('Eldon Delta Triangular Chair Mat, 52"" x 58"", Clear', 'Staples')",1
"('Enermax Aurora Lite Keyboard', 'Fellowes Econo/Stor Drawers')",1
"('Enermax Aurora Lite Keyboard', 'Peel & Stick Add-On Corner Pockets')",1
"('Enermax Aurora Lite Keyboard', 'Staples')",1
"('Fellowes Econo/Stor Drawers', 'Peel & Stick Add-On Corner Pockets')",1
"('Fellowes Econo/Stor Drawers', 'Staples')",1
"('Peel & Stick Add-On Corner Pockets', 'Staples')",1
"('Clear Mylar Reinforcing Strips', 'DMI Arturo Collection Mission-style Design Wood Chair')",1
"('Clear Mylar Reinforcing Strips', 'Deflect-O Glasstique Clear Desk Accessories')",1
"('Clear Mylar Reinforcing Strips', 'Howard Miller 14-1/2"" Diameter Chrome Round Wall Clock')",1
"('DMI Arturo Collection Mission-style Design Wood Chair', 'Deflect-O Glasstique Clear Desk Accessories')",1
"('DMI Arturo Collection Mission-style Design Wood Chair', 'Howard Miller 14-1/2"" Diameter Chrome Round Wall Clock')",1
"('Deflect-O Glasstique Clear Desk Accessories', 'Howard Miller 14-1/2"" Diameter Chrome Round Wall Clock')",1
"('Recycled Interoffice Envelopes with String and Button Closure, 10 x 13', 'Recycled Pressboard Report Cover with Reinforced Top Hinge')",1
"('Cyber Acoustics AC-202b Speech Recognition Stereo Headset', 'Xerox 1935')",1
"('Cyber Acoustics AC-202b Speech Recognition Stereo Headset', 'Xerox 2')",1
"('Xerox 1935', 'Xerox 2')",1
"('Eldon 400 Class Desk Accessories, Black Carbon', 'Wilson Jones Ledger-Size, Piano-Hinge Binder, 2"", Blue')",1
"('Akro Stacking Bins', 'Blackstonian Pencils')",1
"('Akro Stacking Bins', 'Chromcraft Rectangular Conference Tables')",1
"('Akro Stacking Bins', 'Cisco Unified IP Phone 7945G VoIP phone')",1
"('Akro Stacking Bins', 'SpineVue Locking Slant-D Ring Binders by Cardinal')",1
"('Akro Stacking Bins', 'Ultra Door Pull Handle')",1
"('Blackstonian Pencils', 'Chromcraft Rectangular Conference Tables')",1
"('Blackstonian Pencils', 'Cisco Unified IP Phone 7945G VoIP phone')",1
"('Blackstonian Pencils', 'SpineVue Locking Slant-D Ring Binders by Cardinal')",1
"('Blackstonian Pencils', 'Ultra Door Pull Handle')",1
"('Chromcraft Rectangular Conference Tables', 'Cisco Unified IP Phone 7945G VoIP phone')",1
"('Chromcraft Rectangular Conference Tables', 'SpineVue Locking Slant-D Ring Binders by Cardinal')",1
"('Chromcraft Rectangular Conference Tables', 'Ultra Door Pull Handle')",1
"('Cisco Unified IP Phone 7945G VoIP phone', 'SpineVue Locking Slant-D Ring Binders by Cardinal')",1
"('Cisco Unified IP Phone 7945G VoIP phone', 'Ultra Door Pull Handle')",1
"('SpineVue Locking Slant-D Ring Binders by Cardinal', 'Ultra Door Pull Handle')",1
"('Euro-Pro Shark Turbo Vacuum', 'Hon 4070 Series Pagoda Round Back Stacking Chairs')",1
"('Euro-Pro Shark Turbo Vacuum', 'Security-Tint Envelopes')",1
"('Euro-Pro Shark Turbo Vacuum', 'Tennsco Stur-D-Stor Boltless Shelving, 5 Shelves, 24"" Deep, Sand')",1
"('Hon 4070 Series Pagoda Round Back Stacking Chairs', 'Security-Tint Envelopes')",1
"('Hon 4070 Series Pagoda Round Back Stacking Chairs', 'Tennsco Stur-D-Stor Boltless Shelving, 5 Shelves, 24"" Deep, Sand')",1
"('Security-Tint Envelopes', 'Tennsco Stur-D-Stor Boltless Shelving, 5 Shelves, 24"" Deep, Sand')",1
"('1.7 Cubic Foot Compact ""Cube"" Office Refrigerators', 'Avery Heavy-Duty EZD  Binder With Locking Rings')",1
"('Bush Andora Bookcase, Maple/Graphite Gray Finish', 'Clearsounds A400')",1
"('GBC Plasticlear Binding Covers', 'Situations Contoured Folding Chairs, 4/Set')",1
"('GBC Plasticlear Binding Covers', 'Tennsco Commercial Shelving')",1
"('GBC Plasticlear Binding Covers', 'Translucent Push Pins by OIC')",1
"('GBC Plasticlear Binding Covers', 'Wireless Extenders zBoost YX545 SOHO Signal Booster')",1
"('Situations Contoured Folding Chairs, 4/Set', 'Tennsco Commercial Shelving')",1
"('Situations Contoured Folding Chairs, 4/Set', 'Translucent Push Pins by OIC')",1
"('Situations Contoured Folding Chairs, 4/Set', 'Wireless Extenders zBoost YX545 SOHO Signal Booster')",1
"('Tennsco Commercial Shelving', 'Translucent Push Pins by OIC')",1
"('Tennsco Commercial Shelving', 'Wireless Extenders zBoost YX545 SOHO Signal Booster')",1
"('Translucent Push Pins by OIC', 'Wireless Extenders zBoost YX545 SOHO Signal Booster')",1
"('BlackBerry Q10', 'Presstex Flexible Ring Binders')",1
"('GBC DocuBind P50 Personal Binding Machine', 'Harmony HEPA Quiet Air Purifiers')",1
"('GBC DocuBind P50 Personal Binding Machine', 'Holmes HEPA Air Purifier')",1
"('GBC DocuBind P50 Personal Binding Machine', 'Kingston Digital DataTraveler 16GB USB 2.0')",1
"('GBC DocuBind P50 Personal Binding Machine', 'Xerox 1988')",1
"('Harmony HEPA Quiet Air Purifiers', 'Holmes HEPA Air Purifier')",1
"('Harmony HEPA Quiet Air Purifiers', 'Kingston Digital DataTraveler 16GB USB 2.0')",1
"('Harmony HEPA Quiet Air Purifiers', 'Xerox 1988')",1
"('Holmes HEPA Air Purifier', 'Kingston Digital DataTraveler 16GB USB 2.0')",1
"('Holmes HEPA Air Purifier', 'Xerox 1988')",1
"('Kingston Digital DataTraveler 16GB USB 2.0', 'Xerox 1988')",1
"('Nortel Meridian M5316 Digital phone', 'Storex Flexible Poly Binders with Double Pockets')",1
"('Colored Push Pins', 'Dixon My First Ticonderoga Pencil, #2')",1
"('Colored Push Pins', 'Logitech G105 Gaming Keyboard')",1
"('Colored Push Pins', 'Logitech G19 Programmable Gaming Keyboard')",1
"('Colored Push Pins', 'Sterilite Officeware Hinged File Box')",1
"('Colored Push Pins', 'Xerox 1925')",1
"('Dixon My First Ticonderoga Pencil, #2', 'Logitech G105 Gaming Keyboard')",1
"('Dixon My First Ticonderoga Pencil, #2', 'Logitech G19 Programmable Gaming Keyboard')",1
"('Dixon My First Ticonderoga Pencil, #2', 'Sterilite Officeware Hinged File Box')",1
"('Dixon My First Ticonderoga Pencil, #2', 'Xerox 1925')",1
"('Logitech G105 Gaming Keyboard', 'Logitech G19 Programmable Gaming Keyboard')",1
"('Logitech G105 Gaming Keyboard', 'Sterilite Officeware Hinged File Box')",1
"('Logitech G105 Gaming Keyboard', 'Xerox 1925')",1
"('Logitech G19 Programmable Gaming Keyboard', 'Sterilite Officeware Hinged File Box')",1
"('Logitech G19 Programmable Gaming Keyboard', 'Xerox 1925')",1
"('Sterilite Officeware Hinged File Box', 'Xerox 1925')",1
"('Avery Hanging File Binders', 'Premium Transparent Presentation Covers, No Pattern/Clear, 8 1/2"" x 11""')",1
"('Avery Hanging File Binders', 'Xerox 202')",1
"('Premium Transparent Presentation Covers, No Pattern/Clear, 8 1/2"" x 11""', 'Xerox 202')",1
"('Avery 487', 'GBC Instant Report Kit')",1
"('Avery 487', 'OIC Bulk Pack Metal Binder Clips')",1
"('GBC Instant Report Kit', 'OIC Bulk Pack Metal Binder Clips')",1
"('Alphabetical Labels for Top Tab Filing', 'Bady BDG101FRU Card Printer')",1
"('Alphabetical Labels for Top Tab Filing', 'GBC Twin Loop Wire Binding Elements, 9/16"" Spine, Black')",1
"('Alphabetical Labels for Top Tab Filing', ""Hon Mobius Operator's Chair"")",1
"('Alphabetical Labels for Top Tab Filing', 'SanDisk Ultra 64 GB MicroSDHC Class 10 Memory Card')",1
"('Alphabetical Labels for Top Tab Filing', 'Staples')",1
"('Bady BDG101FRU Card Printer', 'GBC Twin Loop Wire Binding Elements, 9/16"" Spine, Black')",1
"('Bady BDG101FRU Card Printer', ""Hon Mobius Operator's Chair"")",1
"('Bady BDG101FRU Card Printer', 'SanDisk Ultra 64 GB MicroSDHC Class 10 Memory Card')",1
"('Bady BDG101FRU Card Printer', 'Staples')",1
"('GBC Twin Loop Wire Binding Elements, 9/16"" Spine, Black', ""Hon Mobius Operator's Chair"")",1
"('GBC Twin Loop Wire Binding Elements, 9/16"" Spine, Black', 'SanDisk Ultra 64 GB MicroSDHC Class 10 Memory Card')",1
"('GBC Twin Loop Wire Binding Elements, 9/16"" Spine, Black', 'Staples')",1
"(""Hon Mobius Operator's Chair"", 'SanDisk Ultra 64 GB MicroSDHC Class 10 Memory Card')",1
"(""Hon Mobius Operator's Chair"", 'Staples')",1
"('SanDisk Ultra 64 GB MicroSDHC Class 10 Memory Card', 'Staples')",1
"('Avery Durable Plastic 1"" Binders', 'Hunt PowerHouse Electric Pencil Sharpener, Blue')",1
"('OIC Stacking Trays', 'Staples')",1
"('Hunt BOSTON Vista Battery-Operated Pencil Sharpener, Black', 'Things To Do Today Pad')",1
"('Acco Recycled 2"" Capacity Laser Printer Hanging Data Binders', 'Advantus Rolling Storage Box')",1
"('Acco Recycled 2"" Capacity Laser Printer Hanging Data Binders', 'Avery 474')",1
"('Acco Recycled 2"" Capacity Laser Printer Hanging Data Binders', 'GE 48"" Fluorescent Tube, Cool White Energy Saver, 34 Watts, 30/Box')",1
"('Acco Recycled 2"" Capacity Laser Printer Hanging Data Binders', 'OIC Colored Binder Clips, Assorted Sizes')",1
"('Acco Recycled 2"" Capacity Laser Printer Hanging Data Binders', 'Strathmore Photo Frame Cards')",1
"('Advantus Rolling Storage Box', 'Avery 474')",1
"('Advantus Rolling Storage Box', 'GE 48"" Fluorescent Tube, Cool White Energy Saver, 34 Watts, 30/Box')",1
"('Advantus Rolling Storage Box', 'OIC Colored Binder Clips, Assorted Sizes')",1
"('Advantus Rolling Storage Box', 'Strathmore Photo Frame Cards')",1
"('Avery 474', 'GE 48"" Fluorescent Tube, Cool White Energy Saver, 34 Watts, 30/Box')",1
"('Avery 474', 'OIC Colored Binder Clips, Assorted Sizes')",1
"('Avery 474', 'Strathmore Photo Frame Cards')",1
"('GE 48"" Fluorescent Tube, Cool White Energy Saver, 34 Watts, 30/Box', 'OIC Colored Binder Clips, Assorted Sizes')",1
"('GE 48"" Fluorescent Tube, Cool White Energy Saver, 34 Watts, 30/Box', 'Strathmore Photo Frame Cards')",1
"('OIC Colored Binder Clips, Assorted Sizes', 'Strathmore Photo Frame Cards')",1
"('AT&T 1080 Phone', 'Staples')",1
"('Avery 496', 'Cisco 8961 IP Phone Charcoal')",1
"('Avery 496', 'Computer Room Manger, 14""')",1
"('Avery 496', 'Imation\xa016GB Mini TravelDrive USB 2.0\xa0Flash Drive')",1
"('Avery 496', 'Logitech\xa0VX Revolution Cordless Laser Mouse for Notebooks (Black)')",1
"('Avery 496', 'Tennsco Industrial Shelving')",1
"('Cisco 8961 IP Phone Charcoal', 'Computer Room Manger, 14""')",1
"('Cisco 8961 IP Phone Charcoal', 'Imation\xa016GB Mini TravelDrive USB 2.0\xa0Flash Drive')",1
"('Cisco 8961 IP Phone Charcoal', 'Logitech\xa0VX Revolution Cordless Laser Mouse for Notebooks (Black)')",1
"('Cisco 8961 IP Phone Charcoal', 'Tennsco Industrial Shelving')",1
"('Computer Room Manger, 14""', 'Imation\xa016GB Mini TravelDrive USB 2.0\xa0Flash Drive')",1
"('Computer Room Manger, 14""', 'Logitech\xa0VX Revolution Cordless Laser Mouse for Notebooks (Black)')",1
"('Computer Room Manger, 14""', 'Tennsco Industrial Shelving')",1
"('Imation\xa016GB Mini TravelDrive USB 2.0\xa0Flash Drive', 'Logitech\xa0VX Revolution Cordless Laser Mouse for Notebooks (Black)')",1
"('Imation\xa016GB Mini TravelDrive USB 2.0\xa0Flash Drive', 'Tennsco Industrial Shelving')",1
"('Acco Pressboard Covers with Storage Hooks, 14 7/8"" x 11"", Executive Red', ""GBC Standard Plastic Binding Systems' Combs"")",1
"('Acco Pressboard Covers with Storage Hooks, 14 7/8"" x 11"", Executive Red', 'Panasonic KX T7731-B Digital phone')",1
"('Acco Pressboard Covers with Storage Hooks, 14 7/8"" x 11"", Executive Red', 'Permanent Self-Adhesive File Folder Labels for Typewriters, 1 1/8 x 3 1/2, White')",1
"(""GBC Standard Plastic Binding Systems' Combs"", 'Panasonic KX T7731-B Digital phone')",1
"(""GBC Standard Plastic Binding Systems' Combs"", 'Permanent Self-Adhesive File Folder Labels for Typewriters, 1 1/8 x 3 1/2, White')",1
"('Panasonic KX T7731-B Digital phone', 'Permanent Self-Adhesive File Folder Labels for Typewriters, 1 1/8 x 3 1/2, White')",1
"('6"" Cubicle Wall Clock, Black', 'Canon PC1060 Personal Laser Copier')",1
"('Memorex Micro Travel Drive 8 GB', 'SAFCO Commercial Wire Shelving, 72h')",1
"('Acco Hanging Data Binders', 'GBC DocuBind P400 Electric Binding System')",1
"('Acco Hanging Data Binders', 'Sabrent 4-Port USB 2.0 Hub')",1
"('Acco Hanging Data Binders', 'Xerox 1881')",1
"('GBC DocuBind P400 Electric Binding System', 'Sabrent 4-Port USB 2.0 Hub')",1
"('GBC DocuBind P400 Electric Binding System', 'Xerox 1881')",1
"('Sabrent 4-Port USB 2.0 Hub', 'Xerox 1881')",1
"('Bretford Rectangular Conference Table Tops', 'Fiskars Home & Office Scissors')",1
"('Bretford Rectangular Conference Table Tops', 'Global Armless Task Chair, Royal Blue')",1
"('Bretford Rectangular Conference Table Tops', 'Hoover Replacement Belts For Soft Guard & Commercial Ltweight Upright Vacs, 2/Pk')",1
"('Bretford Rectangular Conference Table Tops', 'Mitel 5320 IP Phone VoIP phone')",1
"('Bretford Rectangular Conference Table Tops', 'Model L Table or Wall-Mount Pencil Sharpener')",1
"('Fiskars Home & Office Scissors', 'Global Armless Task Chair, Royal Blue')",1
"('Fiskars Home & Office Scissors', 'Hoover Replacement Belts For Soft Guard & Commercial Ltweight Upright Vacs, 2/Pk')",1
"('Fiskars Home & Office Scissors', 'Mitel 5320 IP Phone VoIP phone')",1
"('Fiskars Home & Office Scissors', 'Model L Table or Wall-Mount Pencil Sharpener')",1
"('Global Armless Task Chair, Royal Blue', 'Hoover Replacement Belts For Soft Guard & Commercial Ltweight Upright Vacs, 2/Pk')",1
"('Global Armless Task Chair, Royal Blue', 'Mitel 5320 IP Phone VoIP phone')",1
"('Global Armless Task Chair, Royal Blue', 'Model L Table or Wall-Mount Pencil Sharpener')",1
"('Hoover Replacement Belts For Soft Guard & Commercial Ltweight Upright Vacs, 2/Pk', 'Mitel 5320 IP Phone VoIP phone')",1
"('Hoover Replacement Belts For Soft Guard & Commercial Ltweight Upright Vacs, 2/Pk', 'Model L Table or Wall-Mount Pencil Sharpener')",1
"('Mitel 5320 IP Phone VoIP phone', 'Model L Table or Wall-Mount Pencil Sharpener')",1
"('Brites Rubber Bands, 1 1/2 oz. Box', 'Xerox 200')",1
"('Adtran 1202752G1', 'Personal Filing Tote with Lid, Black/Gray')",1
"('Acco 6 Outlet Guardian Premium Surge Suppressor', ""Global Push Button Manager's Chair, Indigo"")",1
"('Acco 6 Outlet Guardian Premium Surge Suppressor', 'Situations Contoured Folding Chairs, 4/Set')",1
"(""Global Push Button Manager's Chair, Indigo"", 'Situations Contoured Folding Chairs, 4/Set')",1
"('Pressboard Hanging Data Binders for Unburst Sheets', 'Tyvek Interoffice Envelopes, 9 1/2"" x 12 1/2"", 100/Box')",1
"('Pressboard Hanging Data Binders for Unburst Sheets', 'Verbatim 25 GB 6x Blu-ray Single Layer Recordable Disc, 3/Pack')",1
"('Tyvek Interoffice Envelopes, 9 1/2"" x 12 1/2"", 100/Box', 'Verbatim 25 GB 6x Blu-ray Single Layer Recordable Disc, 3/Pack')",1
"('Panasonic KP-150 Electric Pencil Sharpener', 'Telescoping Adjustable Floor Lamp')",1
"('Fellowes Neat Ideas Storage Cubes', 'Xerox 1923')",1
"('Fellowes Neat Ideas Storage Cubes', 'Xerox 1931')",1
"('Xerox 1923', 'Xerox 1931')",1
"('Avery 481', 'Tenex Carpeted, Granite-Look or Clear Contemporary Contour Shape Chair Mats')",1
"('Disposable Triple-Filter Dust Bags', 'Recycled Desk Saver Line ""While You Were Out"" Book, 5 1/2"" X 4""')",1
"('Hunt BOSTON Vista Battery-Operated Pencil Sharpener, Black', ""O'Sullivan Living Dimensions 3-Shelf Bookcases"")",1
"('GBC DocuBind P400 Electric Binding System', 'Global Chrome Stack Chair')",1
"('GBC DocuBind P400 Electric Binding System', 'Kensington Orbit Wireless Mobile Trackball for PC and Mac')",1
"('Global Chrome Stack Chair', 'Kensington Orbit Wireless Mobile Trackball for PC and Mac')",1
"('ACCOHIDE 3-Ring Binder, Blue, 1""', 'Logitech diNovo Edge Keyboard')",1
"('ACCOHIDE 3-Ring Binder, Blue, 1""', 'Xerox 4200 Series MultiUse Premium Copy Paper (20Lb. and 84 Bright)')",1
"('Logitech diNovo Edge Keyboard', 'Xerox 4200 Series MultiUse Premium Copy Paper (20Lb. and 84 Bright)')",1
"('Coloredge Poster Frame', 'Fellowes Neat Ideas Storage Cubes')",1
"('Coloredge Poster Frame', 'Nontoxic Chalk')",1
"('Coloredge Poster Frame', 'Poly Designer Cover & Back')",1
"('Fellowes Neat Ideas Storage Cubes', 'Nontoxic Chalk')",1
"('Fellowes Neat Ideas Storage Cubes', 'Poly Designer Cover & Back')",1
"('Nontoxic Chalk', 'Poly Designer Cover & Back')",1
"('Hon 94000 Series Round Tables', 'Newell 341')",1
"('Hon 94000 Series Round Tables', 'Xerox 204')",1
"('Newell 341', 'Xerox 204')",1
"('Rogers Deluxe File Chest', 'Xerox 1983')",1
"('GBC Laser Imprintable Binding System Covers, Desert Sand', 'Ibico Plastic and Wire Spiral Binding Combs')",1
"('Blue String-Tie & Button Interoffice Envelopes, 10 x 13', 'Electrix Halogen Magnifier Lamp')",1
"('Blue String-Tie & Button Interoffice Envelopes, 10 x 13', ""Honeywell Enviracaire Portable HEPA Air Cleaner for 17' x 22' Room"")",1
"('Electrix Halogen Magnifier Lamp', ""Honeywell Enviracaire Portable HEPA Air Cleaner for 17' x 22' Room"")",1
"('DXL Angle-View Binders with Locking Rings by Samsill', 'Harmony Air Purifier')",1
"('DXL Angle-View Binders with Locking Rings by Samsill', 'Xerox 1900')",1
"('Harmony Air Purifier', 'Xerox 1900')",1
"('Bose SoundLink Bluetooth Speaker', 'Eaton Premium Continuous-Feed Paper, 25% Cotton, Letter Size, White, 1000 Shts/Box')",1
"('Bose SoundLink Bluetooth Speaker', 'Kensington 4 Outlet MasterPiece Compact Power Control Center')",1
"('Eaton Premium Continuous-Feed Paper, 25% Cotton, Letter Size, White, 1000 Shts/Box', 'Kensington 4 Outlet MasterPiece Compact Power Control Center')",1
"('Ibico Standard Transparent Covers', 'Sanyo 2.5 Cubic Foot Mid-Size Office Refrigerators')",1
"('Binney & Smith inkTank Erasable Pocket Highlighter, Chisel Tip, Yellow', 'Logitech Trackman Marble Mouse')",1
"('Holmes HEPA Air Purifier', 'OIC #2 Pencils, Medium Soft')",1
"('Cisco SPA 502G IP Phone', 'Cisco SPA112 2 Port Phone Adapter')",1
"('Cisco SPA 502G IP Phone', 'GE General Purpose, Extra Long Life, Showcase & Floodlight Incandescent Bulbs')",1
"('Cisco SPA 502G IP Phone', 'Permanent Self-Adhesive File Folder Labels for Typewriters, 1 1/8 x 3 1/2, White')",1
"('Cisco SPA 502G IP Phone', 'Wireless Extenders zBoost YX545 SOHO Signal Booster')",1
"('Cisco SPA112 2 Port Phone Adapter', 'GE General Purpose, Extra Long Life, Showcase & Floodlight Incandescent Bulbs')",1
"('Cisco SPA112 2 Port Phone Adapter', 'Permanent Self-Adhesive File Folder Labels for Typewriters, 1 1/8 x 3 1/2, White')",1
"('Cisco SPA112 2 Port Phone Adapter', 'Wireless Extenders zBoost YX545 SOHO Signal Booster')",1
"('GE General Purpose, Extra Long Life, Showcase & Floodlight Incandescent Bulbs', 'Permanent Self-Adhesive File Folder Labels for Typewriters, 1 1/8 x 3 1/2, White')",1
"('GE General Purpose, Extra Long Life, Showcase & Floodlight Incandescent Bulbs', 'Wireless Extenders zBoost YX545 SOHO Signal Booster')",1
"('Permanent Self-Adhesive File Folder Labels for Typewriters, 1 1/8 x 3 1/2, White', 'Wireless Extenders zBoost YX545 SOHO Signal Booster')",1
"('AT&T SB67148 SynJ', 'Eldon Base for stackable storage shelf, platinum')",1
"('AT&T SB67148 SynJ', 'Ibico EB-19 Dual Function Manual Binding System')",1
"('AT&T SB67148 SynJ', 'Jabra Supreme Plus Driver Edition\xa0Headset')",1
"('AT&T SB67148 SynJ', 'Xerox 23')",1
"('Eldon Base for stackable storage shelf, platinum', 'Ibico EB-19 Dual Function Manual Binding System')",1
"('Eldon Base for stackable storage shelf, platinum', 'Jabra Supreme Plus Driver Edition\xa0Headset')",1
"('Eldon Base for stackable storage shelf, platinum', 'Xerox 23')",1
"('Ibico EB-19 Dual Function Manual Binding System', 'Jabra Supreme Plus Driver Edition\xa0Headset')",1
"('Ibico EB-19 Dual Function Manual Binding System', 'Xerox 23')",1
"('Jabra Supreme Plus Driver Edition\xa0Headset', 'Xerox 23')",1
"('Blue String-Tie & Button Interoffice Envelopes, 10 x 13', 'Pressboard Data Binders by Wilson Jones')",1
"('Holmes Replacement Filter for HEPA Air Cleaner, Very Large Room, HEPA Filter', 'LF Elite 3D Dazzle Designer Hard Case Cover, Lf Stylus Pen and Wiper For Apple Iphone 5c Mini Lite')",1
"('Holmes Replacement Filter for HEPA Air Cleaner, Very Large Room, HEPA Filter', 'Logitech Trackman Marble Mouse')",1
"('LF Elite 3D Dazzle Designer Hard Case Cover, Lf Stylus Pen and Wiper For Apple Iphone 5c Mini Lite', 'Logitech Trackman Marble Mouse')",1
"('Electrix Fluorescent Magnifier Lamps & Weighted Base', 'Xerox 1882')",1
"('ClearOne Communications CHAT 70 OC\xa0Speaker Phone', 'Eldon ClusterMat Chair Mat with Cordless Antistatic Protection')",1
"('ClearOne Communications CHAT 70 OC\xa0Speaker Phone', 'Honeywell Quietcare HEPA Air Cleaner')",1
"('ClearOne Communications CHAT 70 OC\xa0Speaker Phone', 'Polycom SoundPoint Pro SE-225 Corded phone')",1
"('Eldon ClusterMat Chair Mat with Cordless Antistatic Protection', 'Honeywell Quietcare HEPA Air Cleaner')",1
"('Eldon ClusterMat Chair Mat with Cordless Antistatic Protection', 'Polycom SoundPoint Pro SE-225 Corded phone')",1
"('Honeywell Quietcare HEPA Air Cleaner', 'Polycom SoundPoint Pro SE-225 Corded phone')",1
"('Ibico Presentation Index for Binding Systems', 'Newell 35')",1
"('Ibico Presentation Index for Binding Systems', 'Wireless Extenders zBoost YX545 SOHO Signal Booster')",1
"('Newell 35', 'Wireless Extenders zBoost YX545 SOHO Signal Booster')",1
"('Black Print Carbonless Snap-Off Rapid Letter, 8 1/2"" x 7""', 'Office Star - Ergonomically Designed Knee Chair')",1
"('Black Print Carbonless Snap-Off Rapid Letter, 8 1/2"" x 7""', 'Staples')",1
"('Office Star - Ergonomically Designed Knee Chair', 'Staples')",1
"('Hewlett-Packard Deskjet 3050a All-in-One Color Inkjet Printer', 'Staples')",1
"('Hewlett-Packard Deskjet 3050a All-in-One Color Inkjet Printer', 'Surelock Post Binders')",1
"('Hewlett-Packard Deskjet 3050a All-in-One Color Inkjet Printer', 'Wilson Jones DublLock D-Ring Binders')",1
"('Staples', 'Surelock Post Binders')",1
"('Staples', 'Wilson Jones DublLock D-Ring Binders')",1
"('Surelock Post Binders', 'Wilson Jones DublLock D-Ring Binders')",1
"('Eldon Expressions Wood and Plastic Desk Accessories, Oak', 'Logitech\xa0P710e Mobile Speakerphone')",1
"('Eldon Expressions Wood and Plastic Desk Accessories, Oak', 'SanDisk Cruzer 64 GB USB Flash Drive')",1
"('Logitech\xa0P710e Mobile Speakerphone', 'SanDisk Cruzer 64 GB USB Flash Drive')",1
"('GBC Twin Loop Wire Binding Elements', 'Verbatim Slim CD and DVD Storage Cases, 50/Pack')",1
"('Global High-Back Leather Tilter, Burgundy', 'Global Troy Executive Leather Low-Back Tilter')",1
"('Global High-Back Leather Tilter, Burgundy', 'Xerox 1945')",1
"('Global Troy Executive Leather Low-Back Tilter', 'Xerox 1945')",1
"('Apple EarPods with Remote and Mic', 'TOPS Voice Message Log Book, Flash Format')",1
"('Bevis Steel Folding Chairs', 'NETGEAR N750 Dual Band Wi-Fi Gigabit Router')",1
"('Bevis Boat-Shaped Conference Table', 'Economy #2 Pencils')",1
"('Bevis Boat-Shaped Conference Table', 'Regeneration Desk Collection')",1
"('Bevis Boat-Shaped Conference Table', 'Wirebound Message Books, Four 2 3/4 x 5 Forms per Page, 200 Sets per Book')",1
"('Economy #2 Pencils', 'Regeneration Desk Collection')",1
"('Economy #2 Pencils', 'Wirebound Message Books, Four 2 3/4 x 5 Forms per Page, 200 Sets per Book')",1
"('Regeneration Desk Collection', 'Wirebound Message Books, Four 2 3/4 x 5 Forms per Page, 200 Sets per Book')",1
"('Avery Durable Slant Ring Binders With Label Holder', 'Micropad Numeric Keypads')",1
"('Avery Durable Slant Ring Binders With Label Holder', 'Round Ring Binders')",1
"('Micropad Numeric Keypads', 'Round Ring Binders')",1
"('Logitech B530 USB\xa0Headset\xa0-\xa0headset\xa0- Full size, Binaural', 'Logitech\xa0MX Performance Wireless Mouse')",1
"('Logitech B530 USB\xa0Headset\xa0-\xa0headset\xa0- Full size, Binaural', 'Newell 337')",1
"('Logitech\xa0MX Performance Wireless Mouse', 'Newell 337')",1
"('Dana Swing-Arm Lamps', 'Global High-Back Leather Tilter, Burgundy')",1
"('Southworth Structures Collection', 'Square Ring Data Binders, Rigid 75 Pt. Covers, 11"" x 14-7/8""')",1
"('Advantus Plastic Paper Clips', 'Eldon Radial Chair Mat for Low to Medium Pile Carpets')",1
"('Advantus Plastic Paper Clips', 'Xerox 1993')",1
"('Eldon Radial Chair Mat for Low to Medium Pile Carpets', 'Xerox 1993')",1
"('Imation\xa0Clip USB\xa0flash drive\xa0- 8 GB', 'Kensington 7 Outlet MasterPiece HOMEOFFICE Power Control Center')",1
"('Imation\xa0Clip USB\xa0flash drive\xa0- 8 GB', 'Okidata C331dn Printer')",1
"('Imation\xa0Clip USB\xa0flash drive\xa0- 8 GB', 'Wilson Jones Hanging View Binder, White, 1""')",1
"('Imation\xa0Clip USB\xa0flash drive\xa0- 8 GB', 'Xerox 1991')",1
"('Kensington 7 Outlet MasterPiece HOMEOFFICE Power Control Center', 'Okidata C331dn Printer')",1
"('Kensington 7 Outlet MasterPiece HOMEOFFICE Power Control Center', 'Wilson Jones Hanging View Binder, White, 1""')",1
"('Kensington 7 Outlet MasterPiece HOMEOFFICE Power Control Center', 'Xerox 1991')",1
"('Okidata C331dn Printer', 'Wilson Jones Hanging View Binder, White, 1""')",1
"('Okidata C331dn Printer', 'Xerox 1991')",1
"('Wilson Jones Hanging View Binder, White, 1""', 'Xerox 1991')",1
"('Cardinal Slant-D Ring Binder, Heavy Gauge Vinyl', 'SAFCO PlanMaster Boards, 60w x 37-1/2d, White Melamine')",1
"('Cardinal Slant-D Ring Binder, Heavy Gauge Vinyl', 'Wilson Jones Clip & Carry Folder Binder Tool for Ring Binders, Clear')",1
"('SAFCO PlanMaster Boards, 60w x 37-1/2d, White Melamine', 'Wilson Jones Clip & Carry Folder Binder Tool for Ring Binders, Clear')",1
"('Canon PC1060 Personal Laser Copier', 'Global Leather Task Chair, Black')",1
"('Canon PC1060 Personal Laser Copier', 'Xerox 1942')",1
"('Global Leather Task Chair, Black', 'Xerox 1942')",1
"('Computer Printout Paper with Letter-Trim Perforations', 'Newell 317')",1
"('Computer Printout Paper with Letter-Trim Perforations', 'SAFCO Boltless Steel Shelving')",1
"('Computer Printout Paper with Letter-Trim Perforations', 'Sanford EarthWrite Recycled Pencils, Medium Soft, #2')",1
"('Computer Printout Paper with Letter-Trim Perforations', 'Staples')",1
"('Computer Printout Paper with Letter-Trim Perforations', 'Tennsco Snap-Together Open Shelving Units, Starter Sets and Add-On Units')",1
"('Computer Printout Paper with Letter-Trim Perforations', 'Xerox 1911')",1
"('Newell 317', 'SAFCO Boltless Steel Shelving')",1
"('Newell 317', 'Sanford EarthWrite Recycled Pencils, Medium Soft, #2')",1
"('Newell 317', 'Staples')",1
"('Newell 317', 'Tennsco Snap-Together Open Shelving Units, Starter Sets and Add-On Units')",1
"('Newell 317', 'Xerox 1911')",1
"('SAFCO Boltless Steel Shelving', 'Sanford EarthWrite Recycled Pencils, Medium Soft, #2')",1
"('SAFCO Boltless Steel Shelving', 'Staples')",1
"('SAFCO Boltless Steel Shelving', 'Tennsco Snap-Together Open Shelving Units, Starter Sets and Add-On Units')",1
"('SAFCO Boltless Steel Shelving', 'Xerox 1911')",1
"('Sanford EarthWrite Recycled Pencils, Medium Soft, #2', 'Staples')",1
"('Sanford EarthWrite Recycled Pencils, Medium Soft, #2', 'Tennsco Snap-Together Open Shelving Units, Starter Sets and Add-On Units')",1
"('Sanford EarthWrite Recycled Pencils, Medium Soft, #2', 'Xerox 1911')",1
"('Staples', 'Tennsco Snap-Together Open Shelving Units, Starter Sets and Add-On Units')",1
"('Staples', 'Xerox 1911')",1
"('Tennsco Snap-Together Open Shelving Units, Starter Sets and Add-On Units', 'Xerox 1911')",1
"('Array Memo Cubes', 'Texas Instruments TI-34 Scientific Calculator')",1
"('Acme Hot Forged Carbon Steel Scissors with Nickel-Plated Handles, 3 7/8"" Cut, 8""L', 'Xerox 1911')",1
"('Nortel Networks T7316 E Nt8 B27', 'Staples')",1
"('Nortel Networks T7316 E Nt8 B27', 'Wilson Jones Ledger-Size, Piano-Hinge Binder, 2"", Blue')",1
"('Nortel Networks T7316 E Nt8 B27', 'Xerox 1971')",1
"('Wilson Jones Ledger-Size, Piano-Hinge Binder, 2"", Blue', 'Xerox 1971')",1
"('High Speed Automatic Electric Letter Opener', 'Westinghouse Mesh Shade Clip-On Gooseneck Lamp, Black')",1
"('GBC Personal VeloBind Strips', 'Seth Thomas 14"" Day/Date Wall Clock')",1
"('Deflect-o EconoMat Studded, No Bevel Mat for Low Pile Carpeting', 'Hon GuestStacker Chair')",1
"('GE 4 Foot Flourescent Tube, 40 Watt', 'Master Caster Door Stop, Brown')",1
"('Belkin F9H710-06 7 Outlet SurgeMaster Surge Protector', 'Howard Miller 14-1/2"" Diameter Chrome Round Wall Clock')",1
"('Cisco IP Phone 7961G-GE VoIP phone', 'Logitech G500s Laser Gaming Mouse with Adjustable Weight Tuning')",1
"('Cisco IP Phone 7961G-GE VoIP phone', 'Plantronics Voyager Pro Legend')",1
"('Logitech G500s Laser Gaming Mouse with Adjustable Weight Tuning', 'Plantronics Voyager Pro Legend')",1
"('Acco Hanging Data Binders', 'Ideal Clamps')",1
"('Acco Hanging Data Binders', ""O'Sullivan 2-Door Barrister Bookcase in Odessa Pine"")",1
"('Acco Hanging Data Binders', 'Personal Folder Holder, Ebony')",1
"('Acco Hanging Data Binders', 'Pressboard Data Binders by Wilson Jones')",1
"('Ideal Clamps', 'Newell 315')",1
"('Ideal Clamps', ""O'Sullivan 2-Door Barrister Bookcase in Odessa Pine"")",1
"('Ideal Clamps', 'Personal Folder Holder, Ebony')",1
"('Ideal Clamps', 'Pressboard Data Binders by Wilson Jones')",1
"('Newell 315', ""O'Sullivan 2-Door Barrister Bookcase in Odessa Pine"")",1
"('Newell 315', 'Personal Folder Holder, Ebony')",1
"('Newell 315', 'Pressboard Data Binders by Wilson Jones')",1
"(""O'Sullivan 2-Door Barrister Bookcase in Odessa Pine"", 'Personal Folder Holder, Ebony')",1
"(""O'Sullivan 2-Door Barrister Bookcase in Odessa Pine"", 'Pressboard Data Binders by Wilson Jones')",1
"('Personal Folder Holder, Ebony', 'Pressboard Data Binders by Wilson Jones')",1
"('Airmail Envelopes', 'Avery Durable Poly Binders')",1
"('Airmail Envelopes', 'Tripp Lite Isotel 8 Ultra 8 Outlet Metal Surge')",1
"('Avery Durable Poly Binders', 'Tripp Lite Isotel 8 Ultra 8 Outlet Metal Surge')",1
"(""Acco Six-Outlet Power Strip, 4' Cord Length"", 'Newell 318')",1
"('Coloredge Poster Frame', 'Satellite Sectional Post Binders')",1
"('Coloredge Poster Frame', 'Xerox 1993')",1
"('Satellite Sectional Post Binders', 'Xerox 1993')",1
"('Cisco Small Business SPA 502G VoIP phone', 'Perma STOR-ALL Hanging File Box, 13 1/8""W x 12 1/4""D x 10 1/2""H')",1
"('Avery 498', 'Tennsco 16-Compartment Lockers with Coat Rack')",1
"('#10 Gummed Flap White Envelopes, 100/Box', 'Square Ring Data Binders, Rigid 75 Pt. Covers, 11"" x 14-7/8""')",1
"('#10 Gummed Flap White Envelopes, 100/Box', 'Xerox 1959')",1
"('Square Ring Data Binders, Rigid 75 Pt. Covers, 11"" x 14-7/8""', 'Xerox 1959')",1
"('Ibico EPK-21 Electric Binding System', 'Panasonic KP-150 Electric Pencil Sharpener')",1
"('Ibico EPK-21 Electric Binding System', 'Xerox 193')",1
"('Panasonic KP-150 Electric Pencil Sharpener', 'Xerox 193')",1
"('#10 Gummed Flap White Envelopes, 100/Box', 'Adams Phone Message Book, 200 Message Capacity, 8 1/16\x94 x 11\x94')",1
"('#10 Gummed Flap White Envelopes, 100/Box', 'Dixon Prang Watercolor Pencils, 10-Color Set with Brush')",1
"('#10 Gummed Flap White Envelopes, 100/Box', 'Sauder Barrister Bookcases')",1
"('Adams Phone Message Book, 200 Message Capacity, 8 1/16\x94 x 11\x94', 'Dixon Prang Watercolor Pencils, 10-Color Set with Brush')",1
"('Adams Phone Message Book, 200 Message Capacity, 8 1/16\x94 x 11\x94', 'Sauder Barrister Bookcases')",1
"('Dixon Prang Watercolor Pencils, 10-Color Set with Brush', 'Sauder Barrister Bookcases')",1
"('Great White Multi-Use Recycled Paper (20Lb. and 84 Bright)', 'Novimex Fabric Task Chair')",1
"('Avery Round Ring Poly Binders', 'Global Comet Stacking Arm Chair')",1
"('Avery Heavy-Duty EZD  Binder With Locking Rings', 'Fellowes Officeware Wire Shelving')",1
"('Avery Heavy-Duty EZD  Binder With Locking Rings', 'SanDisk Ultra 16 GB MicroSDHC Class 10 Memory Card')",1
"('Avery Heavy-Duty EZD  Binder With Locking Rings', 'Wilson Jones Clip & Carry Folder Binder Tool for Ring Binders, Clear')",1
"('Fellowes Officeware Wire Shelving', 'SanDisk Ultra 16 GB MicroSDHC Class 10 Memory Card')",1
"('Fellowes Officeware Wire Shelving', 'Wilson Jones Clip & Carry Folder Binder Tool for Ring Binders, Clear')",1
"('SanDisk Ultra 16 GB MicroSDHC Class 10 Memory Card', 'Wilson Jones Clip & Carry Folder Binder Tool for Ring Binders, Clear')",1
"('Insertable Tab Post Binder Dividers', 'Logitech Desktop MK120 Mouse and keyboard Combo')",1
"('Eldon Expressions Mahogany Wood Desk Collection', 'Fellowes Strictly Business Drawer File, Letter/Legal Size')",1
"('Eldon Expressions Mahogany Wood Desk Collection', 'Wirebound Service Call Books, 5 1/2"" x 4""')",1
"('Fellowes Strictly Business Drawer File, Letter/Legal Size', 'Wirebound Service Call Books, 5 1/2"" x 4""')",1
"('Eureka The Boss Cordless Rechargeable Stick Vac', 'SKILCRAFT Telephone Shoulder Rest, 2"" x 6.5"" x 2.5"", Black')",1
"('Fellowes Desktop Hanging File Manager', 'Jabra SPEAK 410')",1
"('Fellowes Desktop Hanging File Manager', 'Newell 333')",1
"('Fellowes Desktop Hanging File Manager', 'Westinghouse Clip-On Gooseneck Lamps')",1
"('Jabra SPEAK 410', 'Newell 333')",1
"('Jabra SPEAK 410', 'Westinghouse Clip-On Gooseneck Lamps')",1
"('Newell 333', 'Westinghouse Clip-On Gooseneck Lamps')",1
"('GBC Wire Binding Strips', 'Zipper Ring Binder Pockets')",1
"('Bionaire 99.97% HEPA Air Cleaner', 'IBM Multi-Purpose Copy Paper, 8 1/2 x 11"", Case')",1
"('Computer Room Manger, 14""', 'Global Value Steno Chair, Gray')",1
"('Computer Room Manger, 14""', 'Texas Instrument TI-15 Fraction Calculator')",1
"('Global Value Steno Chair, Gray', 'Texas Instrument TI-15 Fraction Calculator')",1
"('JM Magazine Binder', 'Sanyo 2.5 Cubic Foot Mid-Size Office Refrigerators')",1
"('JM Magazine Binder', 'Wirebound Message Books, 2 7/8"" x 5"", 3 Forms per Page')",1
"('JM Magazine Binder', 'Xerox 202')",1
"('Sanyo 2.5 Cubic Foot Mid-Size Office Refrigerators', 'Wirebound Message Books, 2 7/8"" x 5"", 3 Forms per Page')",1
"('Sanyo 2.5 Cubic Foot Mid-Size Office Refrigerators', 'Xerox 202')",1
"('Wirebound Message Books, 2 7/8"" x 5"", 3 Forms per Page', 'Xerox 202')",1
"('Carina Mini System Audio Rack, Model AR050B', 'Fiskars Softgrip Scissors')",1
"('Carina Mini System Audio Rack, Model AR050B', ""Hon Mobius Operator's Chair"")",1
"('Carina Mini System Audio Rack, Model AR050B', 'Newell 31')",1
"('Fiskars Softgrip Scissors', ""Hon Mobius Operator's Chair"")",1
"('Fiskars Softgrip Scissors', 'Newell 31')",1
"(""Hon Mobius Operator's Chair"", 'Newell 31')",1
"('Avery 516', 'Mobile Personal File Cube')",1
"('Avery 516', 'Nortel Meridian M3904 Professional Digital phone')",1
"('Avery 516', 'Xerox 1884')",1
"('Mobile Personal File Cube', 'Nortel Meridian M3904 Professional Digital phone')",1
"('Mobile Personal File Cube', 'Xerox 1884')",1
"('Nortel Meridian M3904 Professional Digital phone', 'Xerox 1884')",1
"('GBC Poly Designer Binding Covers', 'REDIFORM Incoming/Outgoing Call Register, 11"" X 8 1/2"", 100 Messages')",1
"('Avery 4027 File Folder Labels for Dot Matrix Printers, 5000 Labels per Box, White', 'Avery 52')",1
"('Avery 4027 File Folder Labels for Dot Matrix Printers, 5000 Labels per Box, White', 'Fellowes Bankers Box Staxonsteel Drawer File/Stacking System')",1
"('Avery 4027 File Folder Labels for Dot Matrix Printers, 5000 Labels per Box, White', 'Tops White Computer Printout Paper')",1
"('Avery 4027 File Folder Labels for Dot Matrix Printers, 5000 Labels per Box, White', 'Translucent Push Pins by OIC')",1
"('Avery 52', 'Fellowes Bankers Box Staxonsteel Drawer File/Stacking System')",1
"('Avery 52', 'Tops White Computer Printout Paper')",1
"('Avery 52', 'Translucent Push Pins by OIC')",1
"('Fellowes Bankers Box Staxonsteel Drawer File/Stacking System', 'Tops White Computer Printout Paper')",1
"('Fellowes Bankers Box Staxonsteel Drawer File/Stacking System', 'Translucent Push Pins by OIC')",1
"('Tops White Computer Printout Paper', 'Translucent Push Pins by OIC')",1
"('Samsung Convoy 3', 'Sauder Facets Collection Library, Sky Alder Finish')",1
"('Avery 477', 'Avery 517')",1
"('Belkin 6 Outlet Metallic Surge Strip', 'Fellowes Bankers Box Recycled Super Stor/Drawer')",1
"('Belkin 6 Outlet Metallic Surge Strip', 'GBC Plastic Binding Combs')",1
"('Belkin 6 Outlet Metallic Surge Strip', 'Hon Valutask Swivel Chairs')",1
"('Belkin 6 Outlet Metallic Surge Strip', 'Xerox 1898')",1
"('Fellowes Bankers Box Recycled Super Stor/Drawer', 'GBC Plastic Binding Combs')",1
"('Fellowes Bankers Box Recycled Super Stor/Drawer', 'Hon Valutask Swivel Chairs')",1
"('Fellowes Bankers Box Recycled Super Stor/Drawer', 'Xerox 1898')",1
"('GBC Plastic Binding Combs', 'Xerox 1898')",1
"('Hon Valutask Swivel Chairs', 'Xerox 1898')",1
"('GBC Laser Imprintable Binding System Covers, Desert Sand', 'Newell 326')",1
"('Avery Heavy-Duty EZD View Binder with Locking Rings', 'Xerox 232')",1
"('Boston 16765 Mini Stand Up Battery Pencil Sharpener', 'Fellowes Mobile File Cart, Black')",1
"('Boston 16765 Mini Stand Up Battery Pencil Sharpener', 'Safco Steel Mobile File Cart')",1
"('Boston 16765 Mini Stand Up Battery Pencil Sharpener', 'Wilson Jones 1"" Hanging DublLock Ring Binders')",1
"('Fellowes Mobile File Cart, Black', 'Safco Steel Mobile File Cart')",1
"('Fellowes Mobile File Cart, Black', 'Wilson Jones 1"" Hanging DublLock Ring Binders')",1
"('Safco Steel Mobile File Cart', 'Wilson Jones 1"" Hanging DublLock Ring Binders')",1
"('#10 Self-Seal White Envelopes', 'GBC Twin Loop Wire Binding Elements')",1
"('#10 Self-Seal White Envelopes', 'Holmes Odor Grabber')",1
"('GBC Twin Loop Wire Binding Elements', 'Holmes Odor Grabber')",1
"('Chromcraft Bull-Nose Wood Oval Conference Tables & Bases', 'Recycled Data-Pak for Archival Bound Computer Printouts, 12-1/2 x 12-1/2 x 16')",1
"('Letter Slitter', 'Logitech Wireless Marathon Mouse M705')",1
"('Hon Comfortask Task/Swivel Chairs', 'JM Magazine Binder')",1
"('Avery 486', 'Wilson Jones Turn Tabs Binder Tool for Ring Binders')",1
"('Logitech G35 7.1-Channel Surround Sound Headset', 'Wilson Jones Turn Tabs Binder Tool for Ring Binders')",1
"('Sony Micro Vault Click 16 GB USB 2.0 Flash Drive', 'Staples')",1
"('Avery Premier Heavy-Duty Binder with Round Locking Rings', 'Floodlight Indoor Halogen Bulbs, 1 Bulb per Pack, 60 Watts')",1
"('Avery Premier Heavy-Duty Binder with Round Locking Rings', 'Tennsco Stur-D-Stor Boltless Shelving, 5 Shelves, 24"" Deep, Sand')",1
"('Avery Premier Heavy-Duty Binder with Round Locking Rings', 'Xerox 1939')",1
"('Avery Premier Heavy-Duty Binder with Round Locking Rings', 'Xerox 223')",1
"('Floodlight Indoor Halogen Bulbs, 1 Bulb per Pack, 60 Watts', 'Tennsco Stur-D-Stor Boltless Shelving, 5 Shelves, 24"" Deep, Sand')",1
"('Floodlight Indoor Halogen Bulbs, 1 Bulb per Pack, 60 Watts', 'Xerox 1939')",1
"('Floodlight Indoor Halogen Bulbs, 1 Bulb per Pack, 60 Watts', 'Xerox 223')",1
"('Tennsco Stur-D-Stor Boltless Shelving, 5 Shelves, 24"" Deep, Sand', 'Xerox 1939')",1
"('Tennsco Stur-D-Stor Boltless Shelving, 5 Shelves, 24"" Deep, Sand', 'Xerox 223')",1
"('Xerox 1939', 'Xerox 223')",1
"('Chromcraft Round Conference Tables', 'Executive Impressions 14""')",1
"('Chromcraft Round Conference Tables', ""Honeywell Enviracaire Portable HEPA Air Cleaner for 17' x 22' Room"")",1
"('Chromcraft Round Conference Tables', 'Jensen SMPS-640 -\xa0speaker phone')",1
"('Executive Impressions 14""', ""Honeywell Enviracaire Portable HEPA Air Cleaner for 17' x 22' Room"")",1
"('Executive Impressions 14""', 'Jensen SMPS-640 -\xa0speaker phone')",1
"(""Honeywell Enviracaire Portable HEPA Air Cleaner for 17' x 22' Room"", 'Jensen SMPS-640 -\xa0speaker phone')",1
"('Avery 494', 'Leather Task Chair, Black')",1
"('Avery 509', 'C-Line Cubicle Keepers Polyproplyene Holder With Velcro Backings')",1
"('Avery 509', 'Eldon Expressions Desk Accessory, Wood Photo Frame, Mahogany')",1
"('Avery 509', 'Hon 4070 Series Pagoda Armless Upholstered Stacking Chairs')",1
"('C-Line Cubicle Keepers Polyproplyene Holder With Velcro Backings', 'Eldon Expressions Desk Accessory, Wood Photo Frame, Mahogany')",1
"('C-Line Cubicle Keepers Polyproplyene Holder With Velcro Backings', 'Hon 4070 Series Pagoda Armless Upholstered Stacking Chairs')",1
"('Eldon Expressions Desk Accessory, Wood Photo Frame, Mahogany', 'Hon 4070 Series Pagoda Armless Upholstered Stacking Chairs')",1
"('Acco Pressboard Covers with Storage Hooks, 14 7/8"" x 11"", Dark Blue', 'Bretford CR4500 Series Slim Rectangular Table')",1
"(""High-Back Leather Manager's Chair"", 'Hoover Commercial Lightweight Upright Vacuum with E-Z Empty Dirt Cup')",1
"('Crayola Anti Dust Chalk, 12/Pack', 'Great White Multi-Use Recycled Paper (20Lb. and 84 Bright)')",1
"('Crayola Anti Dust Chalk, 12/Pack', 'Xerox 1976')",1
"('Great White Multi-Use Recycled Paper (20Lb. and 84 Bright)', 'Xerox 1976')",1
"('Avaya 5410 Digital phone', 'Avery Legal 4-Ring Binder')",1
"('Avaya 5410 Digital phone', 'Canon imageCLASS 2200 Advanced Copier')",1
"('Avaya 5410 Digital phone', 'Xerox 224')",1
"('Avery Legal 4-Ring Binder', 'Canon imageCLASS 2200 Advanced Copier')",1
"('Avery Legal 4-Ring Binder', 'Xerox 224')",1
"('Canon imageCLASS 2200 Advanced Copier', 'Xerox 224')",1
"('Acme Softgrip Scissors', ""Honeywell Enviracaire Portable HEPA Air Cleaner for 17' x 22' Room"")",1
"('Staples', 'Xerox 1889')",1
"('Ampad Phone Message Book, Recycled, 400 Message Capacity, 5 ¾\x94 x 11\x94', 'OIC Binder Clips')",1
"('Ampad Phone Message Book, Recycled, 400 Message Capacity, 5 ¾\x94 x 11\x94', 'Premier Electric Letter Opener')",1
"('OIC Binder Clips', 'Premier Electric Letter Opener')",1
"('Harbour Creations 67200 Series Stacking Chairs', 'KeyTronic\xa0E03601U1 -\xa0Keyboard\xa0- Beige')",1
"('Harbour Creations 67200 Series Stacking Chairs', 'Strathmore #10 Envelopes, Ultimate White')",1
"('KeyTronic\xa0E03601U1 -\xa0Keyboard\xa0- Beige', 'Strathmore #10 Envelopes, Ultimate White')",1
"('Fellowes PB200 Plastic Comb Binding Machine', 'Wirebound Message Books, Four 2 3/4"" x 5"" Forms per Page, 600 Sets per Book')",1
"('24-Hour Round Wall Clock', 'Eldon Radial Chair Mat for Low to Medium Pile Carpets')",1
"('24-Hour Round Wall Clock', 'Howard Miller 13-1/2"" Diameter Rosebrook Wall Clock')",1
"('24-Hour Round Wall Clock', 'Large Capacity Hanging Post Binders')",1
"('Eldon Radial Chair Mat for Low to Medium Pile Carpets', 'Howard Miller 13-1/2"" Diameter Rosebrook Wall Clock')",1
"('Eldon Radial Chair Mat for Low to Medium Pile Carpets', 'Large Capacity Hanging Post Binders')",1
"('Howard Miller 13-1/2"" Diameter Rosebrook Wall Clock', 'Large Capacity Hanging Post Binders')",1
"('Advantus Map Pennant Flags and Round Head Tacks', 'Eureka The Boss Plus 12-Amp Hard Box Upright Vacuum, Red')",1
"('Okidata C610n Printer', 'Rogers Deluxe File Chest')",1
"('Okidata C610n Printer', 'Self-Adhesive Address Labels for Typewriters by Universal')",1
"('Rogers Deluxe File Chest', 'Self-Adhesive Address Labels for Typewriters by Universal')",1
"('Acme Design Line 8"" Stainless Steel Bent Scissors w/Champagne Handles, 3-1/8"" Cut', 'American Pencil')",1
"('Ibico Plastic Spiral Binding Combs', 'Verbatim 25 GB 6x Blu-ray Single Layer Recordable Disc, 3/Pack')",1
"('Micropad Numeric Keypads', 'Xerox 1959')",1
"('Avery File Folder Labels', 'DAX Natural Wood-Tone Poster Frame')",1
"('Avery File Folder Labels', 'Eureka The Boss Plus 12-Amp Hard Box Upright Vacuum, Red')",1
"('Avery File Folder Labels', 'GBC Twin Loop Wire Binding Elements')",1
"('Avery File Folder Labels', 'Memorex 25GB 6X Branded Blu-Ray Recordable Disc, 30/Pack')",1
"('Avery File Folder Labels', 'Square Credit Card Reader')",1
"('Avery File Folder Labels', 'Wirebound Message Books, Four 2 3/4"" x 5"" Forms per Page, 600 Sets per Book')",1
"('Avery File Folder Labels', 'Xerox 1882')",1
"('Avery File Folder Labels', 'Xerox 1924')",1
"('DAX Natural Wood-Tone Poster Frame', 'Eureka The Boss Plus 12-Amp Hard Box Upright Vacuum, Red')",1
"('DAX Natural Wood-Tone Poster Frame', 'GBC Twin Loop Wire Binding Elements')",1
"('DAX Natural Wood-Tone Poster Frame', 'Memorex 25GB 6X Branded Blu-Ray Recordable Disc, 30/Pack')",1
"('DAX Natural Wood-Tone Poster Frame', 'Square Credit Card Reader')",1
"('DAX Natural Wood-Tone Poster Frame', 'Wirebound Message Books, Four 2 3/4"" x 5"" Forms per Page, 600 Sets per Book')",1
"('DAX Natural Wood-Tone Poster Frame', 'Xerox 1882')",1
"('DAX Natural Wood-Tone Poster Frame', 'Xerox 1924')",1
"('Eureka The Boss Plus 12-Amp Hard Box Upright Vacuum, Red', 'GBC Twin Loop Wire Binding Elements')",1
"('Eureka The Boss Plus 12-Amp Hard Box Upright Vacuum, Red', 'Memorex 25GB 6X Branded Blu-Ray Recordable Disc, 30/Pack')",1
"('Eureka The Boss Plus 12-Amp Hard Box Upright Vacuum, Red', 'Square Credit Card Reader')",1
"('Eureka The Boss Plus 12-Amp Hard Box Upright Vacuum, Red', 'Wirebound Message Books, Four 2 3/4"" x 5"" Forms per Page, 600 Sets per Book')",1
"('Eureka The Boss Plus 12-Amp Hard Box Upright Vacuum, Red', 'Xerox 1882')",1
"('Eureka The Boss Plus 12-Amp Hard Box Upright Vacuum, Red', 'Xerox 1924')",1
"('GBC Twin Loop Wire Binding Elements', 'Memorex 25GB 6X Branded Blu-Ray Recordable Disc, 30/Pack')",1
"('GBC Twin Loop Wire Binding Elements', 'Square Credit Card Reader')",1
"('GBC Twin Loop Wire Binding Elements', 'Wirebound Message Books, Four 2 3/4"" x 5"" Forms per Page, 600 Sets per Book')",1
"('GBC Twin Loop Wire Binding Elements', 'Xerox 1882')",1
"('GBC Twin Loop Wire Binding Elements', 'Xerox 1924')",1
"('Memorex 25GB 6X Branded Blu-Ray Recordable Disc, 30/Pack', 'Square Credit Card Reader')",1
"('Memorex 25GB 6X Branded Blu-Ray Recordable Disc, 30/Pack', 'Wirebound Message Books, Four 2 3/4"" x 5"" Forms per Page, 600 Sets per Book')",1
"('Memorex 25GB 6X Branded Blu-Ray Recordable Disc, 30/Pack', 'Xerox 1882')",1
"('Memorex 25GB 6X Branded Blu-Ray Recordable Disc, 30/Pack', 'Xerox 1924')",1
"('Square Credit Card Reader', 'Wirebound Message Books, Four 2 3/4"" x 5"" Forms per Page, 600 Sets per Book')",1
"('Square Credit Card Reader', 'Xerox 1882')",1
"('Square Credit Card Reader', 'Xerox 1924')",1
"('Wirebound Message Books, Four 2 3/4"" x 5"" Forms per Page, 600 Sets per Book', 'Xerox 1924')",1
"('Xerox 1882', 'Xerox 1924')",1
"('Avery White Multi-Purpose Labels', 'Black Print Carbonless 8 1/2"" x 8 1/4"" Rapid Memo Book')",1
"('Avery White Multi-Purpose Labels', 'Iceberg OfficeWorks 42"" Round Tables')",1
"('Avery White Multi-Purpose Labels', 'Macally Suction Cup Mount')",1
"('Avery White Multi-Purpose Labels', 'Newell 312')",1
"('Avery White Multi-Purpose Labels', 'Sony Micro Vault Click 8 GB USB 2.0 Flash Drive')",1
"('Avery White Multi-Purpose Labels', 'Vinyl Sectional Post Binders')",1
"('Black Print Carbonless 8 1/2"" x 8 1/4"" Rapid Memo Book', 'Iceberg OfficeWorks 42"" Round Tables')",1
"('Black Print Carbonless 8 1/2"" x 8 1/4"" Rapid Memo Book', 'Macally Suction Cup Mount')",1
"('Black Print Carbonless 8 1/2"" x 8 1/4"" Rapid Memo Book', 'Newell 312')",1
"('Black Print Carbonless 8 1/2"" x 8 1/4"" Rapid Memo Book', 'Sony Micro Vault Click 8 GB USB 2.0 Flash Drive')",1
"('Black Print Carbonless 8 1/2"" x 8 1/4"" Rapid Memo Book', 'Vinyl Sectional Post Binders')",1
"('Iceberg OfficeWorks 42"" Round Tables', 'Macally Suction Cup Mount')",1
"('Iceberg OfficeWorks 42"" Round Tables', 'Newell 312')",1
"('Iceberg OfficeWorks 42"" Round Tables', 'Sony Micro Vault Click 8 GB USB 2.0 Flash Drive')",1
"('Iceberg OfficeWorks 42"" Round Tables', 'Vinyl Sectional Post Binders')",1
"('Macally Suction Cup Mount', 'Newell 312')",1
"('Macally Suction Cup Mount', 'Sony Micro Vault Click 8 GB USB 2.0 Flash Drive')",1
"('Macally Suction Cup Mount', 'Vinyl Sectional Post Binders')",1
"('Newell 312', 'Sony Micro Vault Click 8 GB USB 2.0 Flash Drive')",1
"('Newell 312', 'Vinyl Sectional Post Binders')",1
"('Sony Micro Vault Click 8 GB USB 2.0 Flash Drive', 'Vinyl Sectional Post Binders')",1
"('Angle-D Binders with Locking Rings, Label Holders', 'GBC ProClick Spines for 32-Hole Punch')",1
"('Angle-D Binders with Locking Rings, Label Holders', 'Sauder Camden County Collection Libraries, Planked Cherry Finish')",1
"('GBC ProClick Spines for 32-Hole Punch', 'Sauder Camden County Collection Libraries, Planked Cherry Finish')",1
"('Boston School Pro Electric Pencil Sharpener, 1670', 'Deluxe Heavy-Duty Vinyl Round Ring Binder')",1
"('Boston School Pro Electric Pencil Sharpener, 1670', ""Global Wood Trimmed Manager's Task Chair, Khaki"")",1
"('Boston School Pro Electric Pencil Sharpener, 1670', 'KeyTronic\xa0E03601U1 -\xa0Keyboard\xa0- Beige')",1
"('Boston School Pro Electric Pencil Sharpener, 1670', 'Staples')",1
"('Boston School Pro Electric Pencil Sharpener, 1670', 'XtraLife ClearVue Slant-D Ring Binder, White, 3""')",1
"('Deluxe Heavy-Duty Vinyl Round Ring Binder', ""Global Wood Trimmed Manager's Task Chair, Khaki"")",1
"('Deluxe Heavy-Duty Vinyl Round Ring Binder', 'KeyTronic\xa0E03601U1 -\xa0Keyboard\xa0- Beige')",1
"('Deluxe Heavy-Duty Vinyl Round Ring Binder', 'Staples')",1
"('Deluxe Heavy-Duty Vinyl Round Ring Binder', 'XtraLife ClearVue Slant-D Ring Binder, White, 3""')",1
"(""Global Wood Trimmed Manager's Task Chair, Khaki"", 'KeyTronic\xa0E03601U1 -\xa0Keyboard\xa0- Beige')",1
"(""Global Wood Trimmed Manager's Task Chair, Khaki"", 'XtraLife ClearVue Slant-D Ring Binder, White, 3""')",1
"('KeyTronic\xa0E03601U1 -\xa0Keyboard\xa0- Beige', 'Staples')",1
"('KeyTronic\xa0E03601U1 -\xa0Keyboard\xa0- Beige', 'XtraLife ClearVue Slant-D Ring Binder, White, 3""')",1
"('Staples', 'XtraLife ClearVue Slant-D Ring Binder, White, 3""')",1
"('Fiskars Softgrip Scissors', 'GBC Wire Binding Strips')",1
"('Fiskars Softgrip Scissors', 'Ideal Clamps')",1
"('Fiskars Softgrip Scissors', 'Longer-Life Soft White Bulbs')",1
"('Fiskars Softgrip Scissors', 'Sanford Colorific Colored Pencils, 12/Box')",1
"('Fiskars Softgrip Scissors', 'Xerox 1880')",1
"('Fiskars Softgrip Scissors', 'Xerox 195')",1
"('GBC Wire Binding Strips', 'Ideal Clamps')",1
"('GBC Wire Binding Strips', 'Longer-Life Soft White Bulbs')",1
"('GBC Wire Binding Strips', 'Sanford Colorific Colored Pencils, 12/Box')",1
"('GBC Wire Binding Strips', 'Xerox 1880')",1
"('GBC Wire Binding Strips', 'Xerox 195')",1
"('Ideal Clamps', 'Longer-Life Soft White Bulbs')",1
"('Ideal Clamps', 'Sanford Colorific Colored Pencils, 12/Box')",1
"('Ideal Clamps', 'Xerox 1880')",1
"('Ideal Clamps', 'Xerox 195')",1
"('Longer-Life Soft White Bulbs', 'Sanford Colorific Colored Pencils, 12/Box')",1
"('Longer-Life Soft White Bulbs', 'Xerox 1880')",1
"('Longer-Life Soft White Bulbs', 'Xerox 195')",1
"('Sanford Colorific Colored Pencils, 12/Box', 'Xerox 1880')",1
"('Sanford Colorific Colored Pencils, 12/Box', 'Xerox 195')",1
"('Xerox 1880', 'Xerox 195')",1
"('Logitech\xa0P710e Mobile Speakerphone', 'Wirebound Message Books, Two 4 1/4"" x 5"" Forms per Page')",1
"('Magna Visual Magnetic Picture Hangers', 'Samsung HM1900 Bluetooth Headset')",1
"('Canon PC170 Desktop Personal Copier', 'Office Impressions End Table, 20-1/2""H x 24""W x 20""D')",1
"('Canon PC170 Desktop Personal Copier', 'White Envelopes, White Envelopes with Clear Poly Window')",1
"('Office Impressions End Table, 20-1/2""H x 24""W x 20""D', 'White Envelopes, White Envelopes with Clear Poly Window')",1
"('Advantus Rolling Storage Box', 'Avery 494')",1
"('Advantus Rolling Storage Box', 'SANFORD Major Accent Highlighters')",1
"('Avery 494', 'Great White Multi-Use Recycled Paper (20Lb. and 84 Bright)')",1
"('Avery 494', 'SANFORD Major Accent Highlighters')",1
"('Great White Multi-Use Recycled Paper (20Lb. and 84 Bright)', 'SANFORD Major Accent Highlighters')",1
"('Office Star - Professional Matrix Back Chair with 2-to-1 Synchro Tilt and Mesh Fabric Seat', 'Southworth Parchment Paper & Envelopes')",1
"('Office Star - Professional Matrix Back Chair with 2-to-1 Synchro Tilt and Mesh Fabric Seat', 'Tennsco Double-Tier Lockers')",1
"('Southworth Parchment Paper & Envelopes', 'Tennsco Double-Tier Lockers')",1
"('Eureka Recycled Copy Paper 8 1/2"" x 11"", Ream', 'Premier Electric Letter Opener')",1
"('Eureka Recycled Copy Paper 8 1/2"" x 11"", Ream', 'Seth Thomas 12"" Clock w/ Goldtone Case')",1
"('Premier Electric Letter Opener', 'Seth Thomas 12"" Clock w/ Goldtone Case')",1
"('PureGear Roll-On Screen Protector', 'SAFCO PlanMaster Heigh-Adjustable Drafting Table Base, 43w x 30d x 30-37h, Black')",1
"('PureGear Roll-On Screen Protector', 'Southworth 25% Cotton Linen-Finish Paper & Envelopes')",1
"('PureGear Roll-On Screen Protector', 'Wilson Jones Clip & Carry Folder Binder Tool for Ring Binders, Clear')",1
"('PureGear Roll-On Screen Protector', 'Xerox 1919')",1
"('SAFCO PlanMaster Heigh-Adjustable Drafting Table Base, 43w x 30d x 30-37h, Black', 'Southworth 25% Cotton Linen-Finish Paper & Envelopes')",1
"('SAFCO PlanMaster Heigh-Adjustable Drafting Table Base, 43w x 30d x 30-37h, Black', 'Staples')",1
"('SAFCO PlanMaster Heigh-Adjustable Drafting Table Base, 43w x 30d x 30-37h, Black', 'Wilson Jones Clip & Carry Folder Binder Tool for Ring Binders, Clear')",1
"('SAFCO PlanMaster Heigh-Adjustable Drafting Table Base, 43w x 30d x 30-37h, Black', 'Xerox 1919')",1
"('Southworth 25% Cotton Linen-Finish Paper & Envelopes', 'Staples')",1
"('Southworth 25% Cotton Linen-Finish Paper & Envelopes', 'Wilson Jones Clip & Carry Folder Binder Tool for Ring Binders, Clear')",1
"('Southworth 25% Cotton Linen-Finish Paper & Envelopes', 'Xerox 1919')",1
"('Staples', 'Xerox 1919')",1
"('Wilson Jones Clip & Carry Folder Binder Tool for Ring Binders, Clear', 'Xerox 1919')",1
"('Lenovo 17-Key USB Numeric Keypad', 'Tenex Personal Project File with Scoop Front Design, Black')",1
"('Lenovo 17-Key USB Numeric Keypad', 'Xerox 1910')",1
"('Tenex Personal Project File with Scoop Front Design, Black', 'Xerox 1910')",1
"('Executive Impressions 13"" Clairmont Wall Clock', 'Iceberg Mobile Mega Data/Printer Cart ')",1
"('KI Adjustable-Height Table', 'Polycom VVX 310 VoIP phone')",1
"('Global Task Chair, Black', 'Tenex Personal Project File with Scoop Front Design, Black')",1
"('#10 White Business Envelopes,4 1/8 x 9 1/2', 'Electrix 20W Halogen Replacement Bulb for Zoom-In Desk Lamp')",1
"('Electrix 20W Halogen Replacement Bulb for Zoom-In Desk Lamp', 'Staples')",1
"('Colorific Watercolor Pencils', 'Xerox 209')",1
"('Avery Self-Adhesive Photo Pockets for Polaroid Photos', 'Fellowes PB500 Electric Punch Plastic Comb Binding Machine with Manual Bind')",1
"('Poly Designer Cover & Back', 'Super Decoflex Portable Personal File')",1
"('AT&T 841000 Phone', 'Ampad #10 Peel & Seel Holiday Envelopes')",1
"('AT&T 841000 Phone', 'Bevis 36 x 72 Conference Tables')",1
"('AT&T 841000 Phone', 'Digium D40 VoIP phone')",1
"('AT&T 841000 Phone', 'Eureka Sanitaire  Commercial Upright')",1
"('AT&T 841000 Phone', 'SanDisk Cruzer 32 GB USB Flash Drive')",1
"('Ampad #10 Peel & Seel Holiday Envelopes', 'Bevis 36 x 72 Conference Tables')",1
"('Ampad #10 Peel & Seel Holiday Envelopes', 'Digium D40 VoIP phone')",1
"('Ampad #10 Peel & Seel Holiday Envelopes', 'Eureka Sanitaire  Commercial Upright')",1
"('Ampad #10 Peel & Seel Holiday Envelopes', 'SanDisk Cruzer 32 GB USB Flash Drive')",1
"('Bevis 36 x 72 Conference Tables', 'Digium D40 VoIP phone')",1
"('Bevis 36 x 72 Conference Tables', 'Eureka Sanitaire  Commercial Upright')",1
"('Bevis 36 x 72 Conference Tables', 'SanDisk Cruzer 32 GB USB Flash Drive')",1
"('Digium D40 VoIP phone', 'Eureka Sanitaire  Commercial Upright')",1
"('Digium D40 VoIP phone', 'SanDisk Cruzer 32 GB USB Flash Drive')",1
"('Eureka Sanitaire  Commercial Upright', 'SanDisk Cruzer 32 GB USB Flash Drive')",1
"('Fellowes Personal Hanging Folder Files, Navy', 'Tyvek Side-Opening Peel & Seel Expanding Envelopes')",1
"('WD My Passport Ultra 1TB Portable External Hard Drive', 'Xerox 214')",1
"('Atlantic Metals Mobile 5-Shelf Bookcases, Custom Colors', 'Eldon Shelf Savers Cubes and Bins')",1
"('Atlantic Metals Mobile 5-Shelf Bookcases, Custom Colors', 'Inter-Office Recycled Envelopes, Brown Kraft, Button-String,10"" x 13"" , 100/Box')",1
"('Atlantic Metals Mobile 5-Shelf Bookcases, Custom Colors', 'Master Caster Door Stop, Brown')",1
"('Eldon Shelf Savers Cubes and Bins', 'Inter-Office Recycled Envelopes, Brown Kraft, Button-String,10"" x 13"" , 100/Box')",1
"('Eldon Shelf Savers Cubes and Bins', 'Master Caster Door Stop, Brown')",1
"('Inter-Office Recycled Envelopes, Brown Kraft, Button-String,10"" x 13"" , 100/Box', 'Master Caster Door Stop, Brown')",1
"(""Honeywell Enviracaire Portable HEPA Air Cleaner for 16' x 20' Room"", 'Panasonic KX-TG9541B DECT 6.0 Digital 2-Line Expandable Cordless Phone With Digital Answering System')",1
"('Canon Color ImageCLASS MF8580Cdw Wireless Laser All-In-One Printer, Copier, Scanner', 'Xerox 1908')",1
"('Panasonic Kx-TS550', 'Verbatim 25 GB 6x Blu-ray Single Layer Recordable Disc, 25/Pack')",1
"('Howard Miller 13-1/2"" Diameter Rosebrook Wall Clock', 'Newell 327')",1
"('Howard Miller 13-1/2"" Diameter Rosebrook Wall Clock', 'Razer Tiamat Over Ear 7.1 Surround Sound PC Gaming Headset')",1
"('Howard Miller 13-1/2"" Diameter Rosebrook Wall Clock', 'Xerox 1906')",1
"('Newell 327', 'Razer Tiamat Over Ear 7.1 Surround Sound PC Gaming Headset')",1
"('Newell 327', 'Xerox 1906')",1
"('Razer Tiamat Over Ear 7.1 Surround Sound PC Gaming Headset', 'Xerox 1906')",1
"('Alliance Big Bands Rubber Bands, 12/Pack', 'Cisco SPA508G')",1
"('Alliance Big Bands Rubber Bands, 12/Pack', 'Fellowes Powershred HS-440 4-Sheet High Security Shredder')",1
"('Alliance Big Bands Rubber Bands, 12/Pack', 'Global Low Back Tilter Chair')",1
"('Alliance Big Bands Rubber Bands, 12/Pack', 'Xerox 1946')",1
"('Cisco SPA508G', 'Fellowes Powershred HS-440 4-Sheet High Security Shredder')",1
"('Cisco SPA508G', 'Global Low Back Tilter Chair')",1
"('Cisco SPA508G', 'Xerox 1946')",1
"('Fellowes Powershred HS-440 4-Sheet High Security Shredder', 'Global Low Back Tilter Chair')",1
"('Fellowes Powershred HS-440 4-Sheet High Security Shredder', 'Xerox 1946')",1
"('Global Low Back Tilter Chair', 'Xerox 1946')",1
"('GE General Purpose, Extra Long Life, Showcase & Floodlight Incandescent Bulbs', 'Motorola L804')",1
"('Staples', 'Xerox 1930')",1
"('Staples', 'Xerox 202')",1
"('Xerox 1930', 'Xerox 202')",1
"('GBC Pre-Punched Binding Paper, Plastic, White, 8-1/2"" x 11""', 'Novimex Swivel Fabric Task Chair')",1
"('SAFCO Arco Folding Chair', 'Wilson Jones Impact Binders')",1
"('SAFCO Arco Folding Chair', 'Xerox 226')",1
"('Wilson Jones Impact Binders', 'Xerox 226')",1
"('Acco Perma 4000 Stacking Storage Drawers', 'Hon 4060 Series Tables')",1
"('Acco Perma 4000 Stacking Storage Drawers', ""O'Sullivan Living Dimensions 2-Shelf Bookcases"")",1
"('Acco Perma 4000 Stacking Storage Drawers', 'Rogers Handheld Barrel Pencil Sharpener')",1
"('Hon 4060 Series Tables', ""O'Sullivan Living Dimensions 2-Shelf Bookcases"")",1
"('Hon 4060 Series Tables', 'Rogers Handheld Barrel Pencil Sharpener')",1
"(""O'Sullivan Living Dimensions 2-Shelf Bookcases"", 'Rogers Handheld Barrel Pencil Sharpener')",1
"('Belkin 5 Outlet SurgeMaster Power Centers', 'Prismacolor Color Pencil Set')",1
"('Belkin 5 Outlet SurgeMaster Power Centers', 'RSVP Cards & Envelopes, Blank White, 8-1/2"" X 11"", 24 Cards/25 Envelopes/Set')",1
"('Prismacolor Color Pencil Set', 'RSVP Cards & Envelopes, Blank White, 8-1/2"" X 11"", 24 Cards/25 Envelopes/Set')",1
"('Texas Instrument TI-15 Fraction Calculator', 'Wilson Jones International Size A4 Ring Binders')",1
"('Executive Impressions 13"" Clairmont Wall Clock', 'Imation\xa030456 USB\xa0Flash Drive\xa08GB')",1
"('Eldon Mobile Mega Data Cart  Mega Stackable  Add-On Trays', ""Hon Mobius Operator's Chair"")",1
"('Insertable Tab Indexes For Data Binders', 'Smead Alpha-Z Color-Coded Name Labels First Letter Starter Set')",1
"(""Acco Six-Outlet Power Strip, 4' Cord Length"", 'Acme Rosewood Handle Letter Opener')",1
"(""Acco Six-Outlet Power Strip, 4' Cord Length"", 'Office Star Flex Back Scooter Chair with White Frame')",1
"(""Acco Six-Outlet Power Strip, 4' Cord Length"", 'Okidata C331dn Printer')",1
"(""Acco Six-Outlet Power Strip, 4' Cord Length"", 'Tyvek  Top-Opening Peel & Seel Envelopes, Plain White')",1
"(""Acco Six-Outlet Power Strip, 4' Cord Length"", 'Xerox 1978')",1
"('Acme Rosewood Handle Letter Opener', 'Office Star Flex Back Scooter Chair with White Frame')",1
"('Acme Rosewood Handle Letter Opener', 'Okidata C331dn Printer')",1
"('Acme Rosewood Handle Letter Opener', 'Tyvek  Top-Opening Peel & Seel Envelopes, Plain White')",1
"('Acme Rosewood Handle Letter Opener', 'Xerox 1978')",1
"('Office Star Flex Back Scooter Chair with White Frame', 'Okidata C331dn Printer')",1
"('Office Star Flex Back Scooter Chair with White Frame', 'Tyvek  Top-Opening Peel & Seel Envelopes, Plain White')",1
"('Office Star Flex Back Scooter Chair with White Frame', 'Xerox 1978')",1
"('Okidata C331dn Printer', 'Tyvek  Top-Opening Peel & Seel Envelopes, Plain White')",1
"('Okidata C331dn Printer', 'Xerox 1978')",1
"('Tyvek  Top-Opening Peel & Seel Envelopes, Plain White', 'Xerox 1978')",1
"('Executive Impressions 16-1/2"" Circular Wall Clock', 'Global Highback Leather Tilter in Burgundy')",1
"('Executive Impressions 16-1/2"" Circular Wall Clock', 'Xerox 1899')",1
"('Executive Impressions 16-1/2"" Circular Wall Clock', 'Xerox 212')",1
"('Global Highback Leather Tilter in Burgundy', 'Xerox 1899')",1
"('Global Highback Leather Tilter in Burgundy', 'Xerox 212')",1
"('Xerox 1899', 'Xerox 212')",1
"('Global Stack Chair without Arms, Black', 'Lunatik TT5L-002 Taktik Strike Impact Protection System for iPhone 5')",1
"('C-Line Cubicle Keepers Polyproplyene Holder With Velcro Backings', 'DXL Angle-View Binders with Locking Rings by Samsill')",1
"('14-7/8 x 11 Blue Bar Computer Printout Paper', 'Advantus Push Pins')",1
"('14-7/8 x 11 Blue Bar Computer Printout Paper', 'Angle-D Binders with Locking Rings, Label Holders')",1
"('Advantus Push Pins', 'Angle-D Binders with Locking Rings, Label Holders')",1
"('Acme Value Line Scissors', 'Enermax Aurora Lite Keyboard')",1
"('Acme Value Line Scissors', 'Howard Miller 14-1/2"" Diameter Chrome Round Wall Clock')",1
"('Enermax Aurora Lite Keyboard', 'Howard Miller 14-1/2"" Diameter Chrome Round Wall Clock')",1
"('Enermax Aurora Lite Keyboard', 'Memorex Mini Travel Drive 64 GB USB 2.0 Flash Drive')",1
"('Howard Miller 14-1/2"" Diameter Chrome Round Wall Clock', 'Memorex Mini Travel Drive 64 GB USB 2.0 Flash Drive')",1
"('American Pencil', 'Logitech\xa0Gaming G510s - Keyboard')",1
"('American Pencil', 'Quality Park Security Envelopes')",1
"('Logitech\xa0Gaming G510s - Keyboard', 'Quality Park Security Envelopes')",1
"('Bush Somerset Collection Bookcase', 'Hon Deluxe Fabric Upholstered Stacking Chairs, Rounded Back')",1
"('Binding Machine Supplies', 'Wilson Jones Hanging View Binder, White, 1""')",1
"('Binding Machine Supplies', 'Xerox 210')",1
"('Wilson Jones Hanging View Binder, White, 1""', 'Xerox 210')",1
"('Belkin F9H710-06 7 Outlet SurgeMaster Surge Protector', 'Cardinal Slant-D Ring Binders')",1
"('Belkin F9H710-06 7 Outlet SurgeMaster Surge Protector', 'Newell 332')",1
"('Belkin F9H710-06 7 Outlet SurgeMaster Surge Protector', 'Tyvek  Top-Opening Peel & Seel  Envelopes, Gray')",1
"('Belkin F9H710-06 7 Outlet SurgeMaster Surge Protector', 'Xerox 1896')",1
"('Cardinal Slant-D Ring Binders', 'Newell 332')",1
"('Cardinal Slant-D Ring Binders', 'Tyvek  Top-Opening Peel & Seel  Envelopes, Gray')",1
"('Cardinal Slant-D Ring Binders', 'Xerox 1896')",1
"('Newell 332', 'Tyvek  Top-Opening Peel & Seel  Envelopes, Gray')",1
"('Newell 332', 'Xerox 1896')",1
"('Tyvek  Top-Opening Peel & Seel  Envelopes, Gray', 'Xerox 1896')",1
"('Hon Deluxe Fabric Upholstered Stacking Chairs', 'Logitech G700s Rechargeable Gaming Mouse')",1
"('Jabra SPEAK 410 Multidevice Speakerphone', 'Xerox 1921')",1
"('DIXON Oriole Pencils', 'Xerox 202')",1
"('Computer Printout Paper with Letter-Trim Perforations', 'Global Leather Highback Executive Chair with Pneumatic Height Adjustment, Black')",1
"('Computer Printout Paper with Letter-Trim Perforations', 'Jabra BIZ 2300 Duo QD Duo Corded\xa0Headset')",1
"('Global Leather Highback Executive Chair with Pneumatic Height Adjustment, Black', 'Jabra BIZ 2300 Duo QD Duo Corded\xa0Headset')",1
"('GBC ProClick 150 Presentation Binding System', ""O'Sullivan Living Dimensions 2-Shelf Bookcases"")",1
"('Acco 7-Outlet Masterpiece Power Center, Wihtout Fax/Phone Line Protection', 'DAX Charcoal/Nickel-Tone Document Frame, 5 x 7')",1
"('Acco 7-Outlet Masterpiece Power Center, Wihtout Fax/Phone Line Protection', 'Eldon Simplefile Box Office')",1
"('Acco 7-Outlet Masterpiece Power Center, Wihtout Fax/Phone Line Protection', 'Newell 333')",1
"('Acco 7-Outlet Masterpiece Power Center, Wihtout Fax/Phone Line Protection', 'Newell 343')",1
"('Acco 7-Outlet Masterpiece Power Center, Wihtout Fax/Phone Line Protection', 'VTech DS6151')",1
"('Acco 7-Outlet Masterpiece Power Center, Wihtout Fax/Phone Line Protection', 'Xerox 1915')",1
"('Acco 7-Outlet Masterpiece Power Center, Wihtout Fax/Phone Line Protection', 'Xerox 217')",1
"('DAX Charcoal/Nickel-Tone Document Frame, 5 x 7', 'Eldon Simplefile Box Office')",1
"('DAX Charcoal/Nickel-Tone Document Frame, 5 x 7', 'Newell 333')",1
"('DAX Charcoal/Nickel-Tone Document Frame, 5 x 7', 'Newell 343')",1
"('DAX Charcoal/Nickel-Tone Document Frame, 5 x 7', 'VTech DS6151')",1
"('DAX Charcoal/Nickel-Tone Document Frame, 5 x 7', 'Xerox 1915')",1
"('DAX Charcoal/Nickel-Tone Document Frame, 5 x 7', 'Xerox 217')",1
"('Eldon Simplefile Box Office', 'Newell 333')",1
"('Eldon Simplefile Box Office', 'Newell 343')",1
"('Eldon Simplefile Box Office', 'VTech DS6151')",1
"('Eldon Simplefile Box Office', 'Xerox 1915')",1
"('Eldon Simplefile Box Office', 'Xerox 217')",1
"('Newell 333', 'Newell 343')",1
"('Newell 333', 'VTech DS6151')",1
"('Newell 333', 'Xerox 1915')",1
"('Newell 333', 'Xerox 217')",1
"('Newell 343', 'VTech DS6151')",1
"('Newell 343', 'Xerox 1915')",1
"('Newell 343', 'Xerox 217')",1
"('VTech DS6151', 'Xerox 1915')",1
"('VTech DS6151', 'Xerox 217')",1
"('Xerox 1915', 'Xerox 217')",1
"('GBC DocuBind 200 Manual Binding Machine', 'Wi-Ex zBoost YX540 Cellular Phone Signal Booster')",1
"('GBC Binding covers', 'Personal Folder Holder, Ebony')",1
"('GBC Binding covers', 'Situations Contoured Folding Chairs, 4/Set')",1
"('GBC Binding covers', 'Xerox 193')",1
"('Personal Folder Holder, Ebony', 'Situations Contoured Folding Chairs, 4/Set')",1
"('Personal Folder Holder, Ebony', 'Xerox 193')",1
"('Situations Contoured Folding Chairs, 4/Set', 'Xerox 193')",1
"('Dixon Ticonderoga Maple Cedar Pencil, #2', 'Telephone Message Books with Fax/Mobile Section, 4 1/4"" x 6""')",1
"('Global Commerce Series Low-Back Swivel/Tilt Chairs', 'Wirebound Message Books, Four 2 3/4 x 5 White Forms per Page')",1
"('3M Polarizing Light Filter Sleeves', 'Logitech\xa0Z-906 Speaker sys - home theater - 5.1-CH')",1
"('Avery 512', 'File Shuttle II and Handi-File, Black')",1
"('Avery 512', 'GBC Wire Binding Strips')",1
"('File Shuttle II and Handi-File, Black', 'GBC Wire Binding Strips')",1
"('Boston KS Multi-Size Manual Pencil Sharpener', 'GBC Personal VeloBind Strips')",1
"('Array Memo Cubes', 'Avery Non-Stick Binders')",1
"('Array Memo Cubes', 'Newell 334')",1
"('Array Memo Cubes', 'Razer Kraken PRO Over Ear PC and Music Headset')",1
"('Array Memo Cubes', 'Tenex ""The Solids"" Textured Chair Mats')",1
"('Avery Non-Stick Binders', 'Newell 334')",1
"('Avery Non-Stick Binders', 'Razer Kraken PRO Over Ear PC and Music Headset')",1
"('Avery Non-Stick Binders', 'Tenex ""The Solids"" Textured Chair Mats')",1
"('Newell 334', 'Razer Kraken PRO Over Ear PC and Music Headset')",1
"('Newell 334', 'Tenex ""The Solids"" Textured Chair Mats')",1
"('Razer Kraken PRO Over Ear PC and Music Headset', 'Tenex ""The Solids"" Textured Chair Mats')",1
"('Acco Pressboard Covers with Storage Hooks, 9 1/2"" x 11"", Executive Red', 'BIC Liqua Brite Liner')",1
"('Acco Pressboard Covers with Storage Hooks, 9 1/2"" x 11"", Executive Red', 'Luxo Economy Swing Arm Lamp')",1
"('BIC Liqua Brite Liner', 'Luxo Economy Swing Arm Lamp')",1
"('Disposable Triple-Filter Dust Bags', 'Global Armless Task Chair, Royal Blue')",1
"('Disposable Triple-Filter Dust Bags', 'Holmes Replacement Filter for HEPA Air Cleaner, Very Large Room, HEPA Filter')",1
"('Disposable Triple-Filter Dust Bags', 'Ibico Presentation Index for Binding Systems')",1
"('Disposable Triple-Filter Dust Bags', 'Xerox 1960')",1
"('Global Armless Task Chair, Royal Blue', 'Holmes Replacement Filter for HEPA Air Cleaner, Very Large Room, HEPA Filter')",1
"('Global Armless Task Chair, Royal Blue', 'Ibico Presentation Index for Binding Systems')",1
"('Global Armless Task Chair, Royal Blue', 'Xerox 1960')",1
"('Holmes Replacement Filter for HEPA Air Cleaner, Very Large Room, HEPA Filter', 'Ibico Presentation Index for Binding Systems')",1
"('Holmes Replacement Filter for HEPA Air Cleaner, Very Large Room, HEPA Filter', 'Xerox 1960')",1
"('Ibico Presentation Index for Binding Systems', 'Xerox 1960')",1
"('Memorex Froggy Flash Drive 4 GB', 'Petty Cash Envelope')",1
"('Fellowes Advanced Computer Series Surge Protectors', 'Novimex Turbo Task Chair')",1
"('REDIFORM Incoming/Outgoing Call Register, 11"" X 8 1/2"", 100 Messages', 'Tennsco Lockers, Gray')",1
"('Fellowes Twister Kit, Gray/Clear, 3/pkg', 'Logitech Mobile Speakerphone P710e -\xa0speaker phone')",1
"('Case Logic 2.4GHz Wireless Keyboard', 'Ultra Door Push Plate')",1
"('Anker 36W 4-Port USB Wall Charger Travel Power Adapter for iPhone 5s 5c 5', 'Telephone Message Books with Fax/Mobile Section, 5 1/2"" x 3 3/16""')",1
"('Staples', 'Telephone Message Books with Fax/Mobile Section, 5 1/2"" x 3 3/16""')",1
"('Atlantic Metals Mobile 3-Shelf Bookcases, Custom Colors', 'Pizazz Global Quick File')",1
"('Atlantic Metals Mobile 3-Shelf Bookcases, Custom Colors', 'Staples')",1
"('Atlantic Metals Mobile 3-Shelf Bookcases, Custom Colors', 'Wilson Jones \x93Snap\x94 Scratch Pad Binder Tool for Ring Binders')",1
"('Pizazz Global Quick File', 'Staples')",1
"('Pizazz Global Quick File', 'Wilson Jones \x93Snap\x94 Scratch Pad Binder Tool for Ring Binders')",1
"('Staples', 'Wilson Jones \x93Snap\x94 Scratch Pad Binder Tool for Ring Binders')",1
"('Adams Telephone Message Books, 5 1/4\x94 x 11\x94', 'Safco Industrial Wire Shelving')",1
"('Acco Translucent Poly Ring Binders', 'Staples')",1
"('Apple iPhone 5', 'Belkin F5C206VTEL 6 Outlet Surge')",1
"('Plantronics Cordless\xa0Phone Headset\xa0with In-line Volume - M214C', 'Westinghouse Clip-On Gooseneck Lamps')",1
"('Avery Round Ring Poly Binders', ""O'Sullivan Living Dimensions 2-Shelf Bookcases"")",1
"('Barricks Non-Folding Utility Table with Steel Legs, Laminate Tops', 'Nortel Business Series Terminal T7208 Digital phone')",1
"('Barricks Non-Folding Utility Table with Steel Legs, Laminate Tops', 'XtraLife ClearVue Slant-D Ring Binders by Cardinal')",1
"('Nortel Business Series Terminal T7208 Digital phone', 'XtraLife ClearVue Slant-D Ring Binders by Cardinal')",1
"('Maxell 4.7GB DVD-R', 'SAFCO Folding Chair Trolley')",1
"('Adams Telephone Message Book w/Frequently-Called Numbers Space, 400 Messages per Book', 'Dot Matrix Printer Tape Reel Labels, White, 5000/Box')",1
"('Maxell 4.7GB DVD-R', 'White Business Envelopes with Contemporary Seam, Recycled White Business Envelopes')",1
"('Maxell 4.7GB DVD-R', 'Xerox 1916')",1
"('Maxell 4.7GB DVD-R', 'Xerox 1944')",1
"('SAFCO Folding Chair Trolley', 'Staples')",1
"('SAFCO Folding Chair Trolley', 'White Business Envelopes with Contemporary Seam, Recycled White Business Envelopes')",1
"('SAFCO Folding Chair Trolley', 'Xerox 1916')",1
"('SAFCO Folding Chair Trolley', 'Xerox 1944')",1
"('Staples', 'White Business Envelopes with Contemporary Seam, Recycled White Business Envelopes')",1
"('Adams Telephone Message Book w/Frequently-Called Numbers Space, 400 Messages per Book', 'Hunt PowerHouse Electric Pencil Sharpener, Blue')",1
"('Staples', 'Xerox 1944')",1
"('White Business Envelopes with Contemporary Seam, Recycled White Business Envelopes', 'Xerox 1916')",1
"('White Business Envelopes with Contemporary Seam, Recycled White Business Envelopes', 'Xerox 1944')",1
"('Xerox 1916', 'Xerox 1944')",1
"('3M Polarizing Light Filter Sleeves', 'GBC ProClick Spines for 32-Hole Punch')",1
"('3M Polarizing Light Filter Sleeves', 'Newell 333')",1
"('GBC ProClick Spines for 32-Hole Punch', 'Newell 333')",1
"('Cisco SPA 502G IP Phone', 'Newell 345')",1
"('Adams Phone Message Book, 200 Message Capacity, 8 1/16\x94 x 11\x94', ""High-Back Leather Manager's Chair"")",1
"('Adams Phone Message Book, 200 Message Capacity, 8 1/16\x94 x 11\x94', 'REDIFORM Incoming/Outgoing Call Register, 11"" X 8 1/2"", 100 Messages')",1
"('Adams Phone Message Book, 200 Message Capacity, 8 1/16\x94 x 11\x94', 'Sensible Storage WireTech Storage Systems')",1
"(""High-Back Leather Manager's Chair"", 'REDIFORM Incoming/Outgoing Call Register, 11"" X 8 1/2"", 100 Messages')",1
"(""High-Back Leather Manager's Chair"", 'Sensible Storage WireTech Storage Systems')",1
"('REDIFORM Incoming/Outgoing Call Register, 11"" X 8 1/2"", 100 Messages', 'Sensible Storage WireTech Storage Systems')",1
"('Acco Data Flex Cable Posts For Top & Bottom Load Binders, 6"" Capacity', 'Staples')",1
"('Personal Filing Tote with Lid, Black/Gray', 'Southworth 25% Cotton Antique Laid Paper & Envelopes')",1
"('Eberhard Faber 3 1/2"" Golf Pencils', 'HP Office Paper (20Lb. and 87 Bright)')",1
"('Eberhard Faber 3 1/2"" Golf Pencils', 'Imation\xa0Secure\xa0Drive\xa0+ Hardware Encrypted USB\xa0flash drive\xa0- 16 GB')",1
"('Eberhard Faber 3 1/2"" Golf Pencils', 'Poly String Tie Envelopes')",1
"('Eberhard Faber 3 1/2"" Golf Pencils', 'Recycled Pressboard Report Cover with Reinforced Top Hinge')",1
"('Eberhard Faber 3 1/2"" Golf Pencils', 'Wilson Jones Turn Tabs Binder Tool for Ring Binders')",1
"('HP Office Paper (20Lb. and 87 Bright)', 'Imation\xa0Secure\xa0Drive\xa0+ Hardware Encrypted USB\xa0flash drive\xa0- 16 GB')",1
"('HP Office Paper (20Lb. and 87 Bright)', 'Poly String Tie Envelopes')",1
"('HP Office Paper (20Lb. and 87 Bright)', 'Recycled Pressboard Report Cover with Reinforced Top Hinge')",1
"('HP Office Paper (20Lb. and 87 Bright)', 'Wilson Jones Turn Tabs Binder Tool for Ring Binders')",1
"('Imation\xa0Secure\xa0Drive\xa0+ Hardware Encrypted USB\xa0flash drive\xa0- 16 GB', 'Poly String Tie Envelopes')",1
"('Imation\xa0Secure\xa0Drive\xa0+ Hardware Encrypted USB\xa0flash drive\xa0- 16 GB', 'Recycled Pressboard Report Cover with Reinforced Top Hinge')",1
"('Imation\xa0Secure\xa0Drive\xa0+ Hardware Encrypted USB\xa0flash drive\xa0- 16 GB', 'Wilson Jones Turn Tabs Binder Tool for Ring Binders')",1
"('Poly String Tie Envelopes', 'Recycled Pressboard Report Cover with Reinforced Top Hinge')",1
"('Poly String Tie Envelopes', 'Wilson Jones Turn Tabs Binder Tool for Ring Binders')",1
"('Recycled Pressboard Report Cover with Reinforced Top Hinge', 'Wilson Jones Turn Tabs Binder Tool for Ring Binders')",1
"('Griffin GC36547 PowerJolt SE Lightning Charger', 'Logitech G35 7.1-Channel Surround Sound Headset')",1
"('9-3/4 Diameter Round Wall Clock', 'Telephone Message Books with Fax/Mobile Section, 5 1/2"" x 3 3/16""')",1
"('9-3/4 Diameter Round Wall Clock', 'Weyerhaeuser First Choice Laser/Copy Paper (20Lb. and 88 Bright)')",1
"('9-3/4 Diameter Round Wall Clock', 'Wilson Jones Turn Tabs Binder Tool for Ring Binders')",1
"('Telephone Message Books with Fax/Mobile Section, 5 1/2"" x 3 3/16""', 'Weyerhaeuser First Choice Laser/Copy Paper (20Lb. and 88 Bright)')",1
"('Telephone Message Books with Fax/Mobile Section, 5 1/2"" x 3 3/16""', 'Wilson Jones Turn Tabs Binder Tool for Ring Binders')",1
"('Weyerhaeuser First Choice Laser/Copy Paper (20Lb. and 88 Bright)', 'Wilson Jones Turn Tabs Binder Tool for Ring Binders')",1
"('3M Polarizing Task Lamp with Clamp Arm, Light Gray', 'Microsoft Natural Ergonomic Keyboard 4000')",1
"('3M Polarizing Task Lamp with Clamp Arm, Light Gray', 'Tenex Chairmat w/ Average Lip, 45"" x 53""')",1
"('Microsoft Natural Ergonomic Keyboard 4000', 'Tenex Chairmat w/ Average Lip, 45"" x 53""')",1
"('Hon Every-Day Series Multi-Task Chairs', 'XtraLife ClearVue Slant-D Ring Binder, White, 3""')",1
"('Eldon Pizzaz Desk Accessories', 'Eldon Spacemaker Box, Quick-Snap Lid, Clear')",1
"('Eldon Pizzaz Desk Accessories', 'Situations Contoured Folding Chairs, 4/Set')",1
"('Eldon Spacemaker Box, Quick-Snap Lid, Clear', 'Situations Contoured Folding Chairs, 4/Set')",1
"('Cardinal Holdit Data Disk Pockets', 'Howard Miller 13-3/4"" Diameter Brushed Chrome Round Wall Clock')",1
"('Bush Westfield Collection Bookcases, Dark Cherry Finish, Fully Assembled', ""Global Manager's Adjustable Task Chair, Storm"")",1
"('Bush Westfield Collection Bookcases, Dark Cherry Finish, Fully Assembled', 'iOttie HLCRIO102 Car Mount')",1
"(""Global Manager's Adjustable Task Chair, Storm"", 'iOttie HLCRIO102 Car Mount')",1
"('Binney & Smith Crayola Metallic Colored Pencils, 8-Color Set', 'Eldon 100 Class Desk Accessories')",1
"('Binney & Smith Crayola Metallic Colored Pencils, 8-Color Set', 'KI Conference Tables')",1
"('Binney & Smith Crayola Metallic Colored Pencils, 8-Color Set', 'Luxo Professional Fluorescent Magnifier Lamp with Clamp-Mount Base')",1
"('Binney & Smith Crayola Metallic Colored Pencils, 8-Color Set', 'PureGear Roll-On Screen Protector')",1
"('Avery Durable Slant Ring Binders, No Labels', 'Eldon Gobal File Keepers')",1
"('Binney & Smith Crayola Metallic Colored Pencils, 8-Color Set', 'Xerox 1957')",1
"('Eldon 100 Class Desk Accessories', 'KI Conference Tables')",1
"('Eldon 100 Class Desk Accessories', 'Luxo Professional Fluorescent Magnifier Lamp with Clamp-Mount Base')",1
"('Eldon 100 Class Desk Accessories', 'PureGear Roll-On Screen Protector')",1
"('Eldon 100 Class Desk Accessories', 'Staples')",1
"('Eldon 100 Class Desk Accessories', 'Xerox 1957')",1
"('KI Conference Tables', 'Luxo Professional Fluorescent Magnifier Lamp with Clamp-Mount Base')",1
"('KI Conference Tables', 'PureGear Roll-On Screen Protector')",1
"('KI Conference Tables', 'Staples')",1
"('KI Conference Tables', 'Xerox 1957')",1
"('Luxo Professional Fluorescent Magnifier Lamp with Clamp-Mount Base', 'PureGear Roll-On Screen Protector')",1
"('Luxo Professional Fluorescent Magnifier Lamp with Clamp-Mount Base', 'Staples')",1
"('Luxo Professional Fluorescent Magnifier Lamp with Clamp-Mount Base', 'Xerox 1957')",1
"('PureGear Roll-On Screen Protector', 'Xerox 1957')",1
"('1.7 Cubic Foot Compact ""Cube"" Office Refrigerators', 'Dixon Prang Watercolor Pencils, 10-Color Set with Brush')",1
"('1.7 Cubic Foot Compact ""Cube"" Office Refrigerators', 'Newell 331')",1
"('Dixon Prang Watercolor Pencils, 10-Color Set with Brush', 'Newell 331')",1
"('Cisco SPA301', 'GBC Ibimaster 500 Manual ProClick Binding System')",1
"('Eldon 200 Class Desk Accessories', 'Howard Miller 13"" Diameter Pewter Finish Round Wall Clock')",1
"('Eldon 200 Class Desk Accessories', 'Southworth Parchment Paper & Envelopes')",1
"('Eldon 200 Class Desk Accessories', 'Vinyl Sectional Post Binders')",1
"('Howard Miller 13"" Diameter Pewter Finish Round Wall Clock', 'Southworth Parchment Paper & Envelopes')",1
"('Howard Miller 13"" Diameter Pewter Finish Round Wall Clock', 'Vinyl Sectional Post Binders')",1
"('Southworth Parchment Paper & Envelopes', 'Vinyl Sectional Post Binders')",1
"('Avery Arch Ring Binders', 'Newell 312')",1
"('Acme Forged Steel Scissors with Black Enamel Handles', 'Avery 519')",1
"('Acme Forged Steel Scissors with Black Enamel Handles', 'Eldon Advantage Chair Mats for Low to Medium Pile Carpets')",1
"('Avery 519', 'Eldon Advantage Chair Mats for Low to Medium Pile Carpets')",1
"('Avery Hidden Tab Dividers for Binding Systems', 'Avery Personal Creations Heavyweight Cards')",1
"('Avery Hidden Tab Dividers for Binding Systems', 'SanDisk Ultra 64 GB MicroSDHC Class 10 Memory Card')",1
"('Avery Personal Creations Heavyweight Cards', 'SanDisk Ultra 64 GB MicroSDHC Class 10 Memory Card')",1
"('Belkin F9S820V06 8 Outlet Surge', 'Embossed Ink Jet Note Cards')",1
"('Belkin F9S820V06 8 Outlet Surge', 'Howard Miller 11-1/2"" Diameter Ridgewood Wall Clock')",1
"('Belkin F9S820V06 8 Outlet Surge', 'Newell 338')",1
"('Belkin F9S820V06 8 Outlet Surge', 'Peel & Stick Add-On Corner Pockets')",1
"('Belkin F9S820V06 8 Outlet Surge', 'Standard Rollaway File with Lock')",1
"('Belkin F9S820V06 8 Outlet Surge', 'Xerox 1933')",1
"('Embossed Ink Jet Note Cards', 'Howard Miller 11-1/2"" Diameter Ridgewood Wall Clock')",1
"('Embossed Ink Jet Note Cards', 'Newell 338')",1
"('Embossed Ink Jet Note Cards', 'Peel & Stick Add-On Corner Pockets')",1
"('Embossed Ink Jet Note Cards', 'Standard Rollaway File with Lock')",1
"('Embossed Ink Jet Note Cards', 'Xerox 1933')",1
"('Howard Miller 11-1/2"" Diameter Ridgewood Wall Clock', 'Newell 338')",1
"('Howard Miller 11-1/2"" Diameter Ridgewood Wall Clock', 'Peel & Stick Add-On Corner Pockets')",1
"('Howard Miller 11-1/2"" Diameter Ridgewood Wall Clock', 'Standard Rollaway File with Lock')",1
"('Howard Miller 11-1/2"" Diameter Ridgewood Wall Clock', 'Xerox 1933')",1
"('Newell 338', 'Peel & Stick Add-On Corner Pockets')",1
"('Newell 338', 'Standard Rollaway File with Lock')",1
"('Newell 338', 'Xerox 1933')",1
"('Peel & Stick Add-On Corner Pockets', 'Standard Rollaway File with Lock')",1
"('Peel & Stick Add-On Corner Pockets', 'Xerox 1933')",1
"('Standard Rollaway File with Lock', 'Xerox 1933')",1
"('6"" Cubicle Wall Clock, Black', 'Global Comet Stacking Arm Chair')",1
"('6"" Cubicle Wall Clock, Black', 'Global Task Chair, Black')",1
"('6"" Cubicle Wall Clock, Black', 'Newell 329')",1
"('Global Comet Stacking Arm Chair', 'Global Task Chair, Black')",1
"('Global Comet Stacking Arm Chair', 'Newell 329')",1
"('Global Task Chair, Black', 'Newell 329')",1
"('Executive Impressions 13"" Clairmont Wall Clock', 'Xerox 212')",1
"('Belkin 7 Outlet SurgeMaster Surge Protector with Phone Protection', 'Jabra BIZ 2300 Duo QD Duo Corded\xa0Headset')",1
"('Acrylic Self-Standing Desk Frames', 'HP Designjet T520 Inkjet Large Format Printer - 24"" Color')",1
"('Acrylic Self-Standing Desk Frames', 'Presstex Flexible Ring Binders')",1
"('HP Designjet T520 Inkjet Large Format Printer - 24"" Color', 'Presstex Flexible Ring Binders')",1
"('ACCOHIDE 3-Ring Binder, Blue, 1""', 'Global Deluxe Steno Chair')",1
"('Apple iPhone 5', 'Rediform Voice Mail Log Books')",1
"('Avery Reinforcements for Hole-Punch Pages', 'Okidata B401 Printer')",1
"('Anker Astro 15000mAh USB Portable Charger', 'Wirebound Message Books, Four 2 3/4"" x 5"" Forms per Page, 600 Sets per Book')",1
"('Airmail Envelopes', 'LF Elite 3D Dazzle Designer Hard Case Cover, Lf Stylus Pen and Wiper For Apple Iphone 5c Mini Lite')",1
"('Hon Non-Folding Utility Tables', 'Insertable Tab Indexes For Data Binders')",1
"('Hon Non-Folding Utility Tables', 'TOPS Carbonless Receipt Book, Four 2-3/4 x 7-1/4 Money Receipts per Page')",1
"('Insertable Tab Indexes For Data Binders', 'TOPS Carbonless Receipt Book, Four 2-3/4 x 7-1/4 Money Receipts per Page')",1
"('Clarity 53712', 'Harbour Creations 67200 Series Stacking Chairs')",1
"('#10 White Business Envelopes,4 1/8 x 9 1/2', 'Fellowes PB500 Electric Punch Plastic Comb Binding Machine with Manual Bind')",1
"('Barricks 18"" x 48"" Non-Folding Utility Table with Bottom Storage Shelf', 'Fellowes Black Plastic Comb Bindings')",1
"('Barricks 18"" x 48"" Non-Folding Utility Table with Bottom Storage Shelf', ""O'Sullivan 5-Shelf Heavy-Duty Bookcases"")",1
"('Barricks 18"" x 48"" Non-Folding Utility Table with Bottom Storage Shelf', 'Revere Boxed Rubber Bands by Revere')",1
"('Fellowes Black Plastic Comb Bindings', ""O'Sullivan 5-Shelf Heavy-Duty Bookcases"")",1
"('Fellowes Black Plastic Comb Bindings', 'Revere Boxed Rubber Bands by Revere')",1
"(""O'Sullivan 5-Shelf Heavy-Duty Bookcases"", 'Revere Boxed Rubber Bands by Revere')",1
"('GBC Twin Loop Wire Binding Elements, 9/16"" Spine, Black', 'Xerox 1933')",1
"('Acco Hot Clips Clips to Go', 'Global Ergonomic Managers Chair')",1
"('Acco Hot Clips Clips to Go', 'Tops Wirebound Message Log Books')",1
"('Flat Face Poster Frame', 'Global Ergonomic Managers Chair')",1
"('Flat Face Poster Frame', 'Tops Wirebound Message Log Books')",1
"('Global Ergonomic Managers Chair', 'Tops Wirebound Message Log Books')",1
"('Bush Westfield Collection Bookcases, Dark Cherry Finish', 'Hon GuestStacker Chair')",1
"('Advantus Map Pennant Flags and Round Head Tacks', 'DAX Executive Solid Wood Document Frame, Desktop or Hang, Mahogany, 5 x 7')",1
"('Advantus Map Pennant Flags and Round Head Tacks', 'Nu-Dell Float Frame 11 x 14 1/2')",1
"('DAX Executive Solid Wood Document Frame, Desktop or Hang, Mahogany, 5 x 7', 'Nu-Dell Float Frame 11 x 14 1/2')",1
"('Pyle PMP37LED', 'Woodgrain Magazine Files by Perma')",1
"('Pyle PMP37LED', 'iKross Bluetooth Portable Keyboard + Cell Phone Stand Holder + Brush for Apple iPhone 5S 5C 5, 4S 4')",1
"('Woodgrain Magazine Files by Perma', 'iKross Bluetooth Portable Keyboard + Cell Phone Stand Holder + Brush for Apple iPhone 5S 5C 5, 4S 4')",1
"('Bush Westfield Collection Bookcases, Medium Cherry Finish', 'GE 30522EE2')",1
"('Bevis 36 x 72 Conference Tables', 'Computer Printout Index Tabs')",1
"('Fellowes Strictly Business Drawer File, Letter/Legal Size', 'Konica Minolta magicolor 1690MF Multifunction Printer')",1
"('Bose SoundLink Bluetooth Speaker', 'Rosewill 107 Normal Keys USB Wired Standard Keyboard')",1
"('Bose SoundLink Bluetooth Speaker', 'Samsung Galaxy Mega 6.3')",1
"('Rosewill 107 Normal Keys USB Wired Standard Keyboard', 'Samsung Galaxy Mega 6.3')",1
"('3M Hangers With Command Adhesive', 'AT&T TR1909W')",1
"('3M Hangers With Command Adhesive', 'First Data FD10 PIN Pad')",1
"('AT&T TR1909W', 'First Data FD10 PIN Pad')",1
"('Ames Color-File Green Diamond Border X-ray Mailers', 'Self-Adhesive Removable Labels')",1
"('GBC Premium Transparent Covers with Diagonal Lined Pattern', 'Recycled Pressboard Report Cover with Reinforced Top Hinge')",1
"('Adams Telephone Message Book W/Dividers/Space For Phone Numbers, 5 1/4""X8 1/2"", 300/Messages', 'Wilson Jones Hanging View Binder, White, 1""')",1
"('Acme Value Line Scissors', 'Avery 473')",1
"('Acme Value Line Scissors', 'Avery Hanging File Binders')",1
"('Avery 473', 'Avery Hanging File Binders')",1
"('Acme Preferred Stainless Steel Scissors', 'Avery 486')",1
"('Acme Preferred Stainless Steel Scissors', 'Fellowes Binding Cases')",1
"('Acme Preferred Stainless Steel Scissors', 'Ibico Plastic and Wire Spiral Binding Combs')",1
"('Avery 486', 'Fellowes Binding Cases')",1
"('Avery 486', 'Ibico Plastic and Wire Spiral Binding Combs')",1
"('Fellowes Binding Cases', 'Ibico Plastic and Wire Spiral Binding Combs')",1
"('Eldon Expressions Wood and Plastic Desk Accessories, Oak', 'Newell Chalk Holder')",1
"('Eldon Expressions Wood and Plastic Desk Accessories, Oak', 'Office Star Flex Back Scooter Chair with Aluminum Finish Frame')",1
"('Eldon Expressions Wood and Plastic Desk Accessories, Oak', 'SAFCO Boltless Steel Shelving')",1
"('Newell Chalk Holder', 'Office Star Flex Back Scooter Chair with Aluminum Finish Frame')",1
"('Newell Chalk Holder', 'SAFCO Boltless Steel Shelving')",1
"('Office Star Flex Back Scooter Chair with Aluminum Finish Frame', 'SAFCO Boltless Steel Shelving')",1
"('Avery 493', 'Nortel Meridian M3904 Professional Digital phone')",1
"('Clearsounds A400', 'Premier Automatic Letter Opener')",1
"('BOSTON Ranger #55 Pencil Sharpener, Black', 'Safco Value Mate Series Steel Bookcases, Baked Enamel Finish on Steel, Gray')",1
"('BOSTON Ranger #55 Pencil Sharpener, Black', 'Xerox 1993')",1
"('Safco Value Mate Series Steel Bookcases, Baked Enamel Finish on Steel, Gray', 'Xerox 1993')",1
"('Ibico Laser Imprintable Binding System Covers', 'Logitech Wireless Headset h800')",1
"('Acco Perma 4000 Stacking Storage Drawers', ""Belkin 325VA UPS Surge Protector, 6'"")",1
"('Acco Perma 4000 Stacking Storage Drawers', 'Elite 5"" Scissors')",1
"('Acco Perma 4000 Stacking Storage Drawers', 'Lesro Round Back Collection Coffee Table, End Table')",1
"('Acco Perma 4000 Stacking Storage Drawers', 'Office Star - Contemporary Task Swivel chair with Loop Arms, Charcoal')",1
"(""Belkin 325VA UPS Surge Protector, 6'"", 'Elite 5"" Scissors')",1
"(""Belkin 325VA UPS Surge Protector, 6'"", 'Lesro Round Back Collection Coffee Table, End Table')",1
"(""Belkin 325VA UPS Surge Protector, 6'"", 'Office Star - Contemporary Task Swivel chair with Loop Arms, Charcoal')",1
"('Elite 5"" Scissors', 'Lesro Round Back Collection Coffee Table, End Table')",1
"('Elite 5"" Scissors', 'Office Star - Contemporary Task Swivel chair with Loop Arms, Charcoal')",1
"('Lesro Round Back Collection Coffee Table, End Table', 'Office Star - Contemporary Task Swivel chair with Loop Arms, Charcoal')",1
"('BPI Conference Tables', 'Eldon Portable Mobile Manager')",1
"('BPI Conference Tables', 'Premier Electric Letter Opener')",1
"('Eldon Portable Mobile Manager', 'Premier Electric Letter Opener')",1
"('Bulldog Vacuum Base Pencil Sharpener', ""O'Sullivan 2-Door Barrister Bookcase in Odessa Pine"")",1
"(""Global Push Button Manager's Chair, Indigo"", 'Pressboard Hanging Data Binders for Unburst Sheets')",1
"(""Global Push Button Manager's Chair, Indigo"", 'Recycled Easel Ring Binders')",1
"('Pressboard Hanging Data Binders for Unburst Sheets', 'Recycled Easel Ring Binders')",1
"('Brother DCP1000 Digital 3 in 1 Multifunction Machine', 'Ibico EB-19 Dual Function Manual Binding System')",1
"('Brother DCP1000 Digital 3 in 1 Multifunction Machine', 'Trimflex Flexible Post Binders')",1
"('Ibico EB-19 Dual Function Manual Binding System', 'Trimflex Flexible Post Binders')",1
"('It\'s Hot Message Books with Stickers, 2 3/4"" x 5""', 'Xerox 214')",1
"('Prang Dustless Chalk Sticks', 'Safco Drafting Table')",1
"('24 Capacity Maxi Data Binder Racks, Pearl', ""Global Push Button Manager's Chair, Indigo"")",1
"('24 Capacity Maxi Data Binder Racks, Pearl', 'Kingston Digital DataTraveler 32GB USB 2.0')",1
"('24 Capacity Maxi Data Binder Racks, Pearl', 'Tennsco Single-Tier Lockers')",1
"(""Global Push Button Manager's Chair, Indigo"", 'Kingston Digital DataTraveler 32GB USB 2.0')",1
"(""Global Push Button Manager's Chair, Indigo"", 'Tennsco Single-Tier Lockers')",1
"('Kingston Digital DataTraveler 32GB USB 2.0', 'Tennsco Single-Tier Lockers')",1
"('Dot Matrix Printer Tape Reel Labels, White, 5000/Box', 'Global Enterprise Series Seating High-Back Swivel/Tilt Chairs')",1
"('Dot Matrix Printer Tape Reel Labels, White, 5000/Box', 'Office Star - Contemporary Task Swivel chair with Loop Arms, Charcoal')",1
"('Dot Matrix Printer Tape Reel Labels, White, 5000/Box', 'Serrated Blade or Curved Handle Hand Letter Openers')",1
"('Dot Matrix Printer Tape Reel Labels, White, 5000/Box', 'Southworth 25% Cotton Premium Laser Paper and Envelopes')",1
"('Dot Matrix Printer Tape Reel Labels, White, 5000/Box', 'Xerox 1887')",1
"('Global Enterprise Series Seating High-Back Swivel/Tilt Chairs', 'Office Star - Contemporary Task Swivel chair with Loop Arms, Charcoal')",1
"('Global Enterprise Series Seating High-Back Swivel/Tilt Chairs', 'Serrated Blade or Curved Handle Hand Letter Openers')",1
"('Global Enterprise Series Seating High-Back Swivel/Tilt Chairs', 'Southworth 25% Cotton Premium Laser Paper and Envelopes')",1
"('Global Enterprise Series Seating High-Back Swivel/Tilt Chairs', 'Xerox 1887')",1
"('Office Star - Contemporary Task Swivel chair with Loop Arms, Charcoal', 'Serrated Blade or Curved Handle Hand Letter Openers')",1
"('Office Star - Contemporary Task Swivel chair with Loop Arms, Charcoal', 'Southworth 25% Cotton Premium Laser Paper and Envelopes')",1
"('Office Star - Contemporary Task Swivel chair with Loop Arms, Charcoal', 'Xerox 1887')",1
"('Serrated Blade or Curved Handle Hand Letter Openers', 'Southworth 25% Cotton Premium Laser Paper and Envelopes')",1
"('Serrated Blade or Curved Handle Hand Letter Openers', 'Xerox 1887')",1
"('Southworth 25% Cotton Premium Laser Paper and Envelopes', 'Xerox 1887')",1
"('ACCOHIDE 3-Ring Binder, Blue, 1""', 'Xerox 1996')",1
"('Acco Smartsocket Color-Coded Six-Outlet AC Adapter Model Surge Protectors', 'Heavy-Duty E-Z-D Binders')",1
"('Acco Smartsocket Color-Coded Six-Outlet AC Adapter Model Surge Protectors', 'Newell 316')",1
"('Heavy-Duty E-Z-D Binders', 'Newell 316')",1
"('Aluminum Screw Posts', 'Global Geo Office Task Chair, Gray')",1
"('Aluminum Screw Posts', 'Xerox 206')",1
"('Global Geo Office Task Chair, Gray', 'Xerox 206')",1
"('Advantus Employee of the Month Certificate Frame, 11 x 13-1/2', 'Avery Printable Repositionable Plastic Tabs')",1
"('Advantus Employee of the Month Certificate Frame, 11 x 13-1/2', 'Hon 4-Shelf Metal Bookcases')",1
"('Advantus Employee of the Month Certificate Frame, 11 x 13-1/2', 'Premium Transparent Presentation Covers, No Pattern/Clear, 8 1/2"" x 11""')",1
"('Advantus Employee of the Month Certificate Frame, 11 x 13-1/2', 'Rogers Deluxe File Chest')",1
"('Advantus Employee of the Month Certificate Frame, 11 x 13-1/2', 'Xerox 1893')",1
"('Avery Printable Repositionable Plastic Tabs', 'Hon 4-Shelf Metal Bookcases')",1
"('Avery Printable Repositionable Plastic Tabs', 'Premium Transparent Presentation Covers, No Pattern/Clear, 8 1/2"" x 11""')",1
"('Avery Printable Repositionable Plastic Tabs', 'Rogers Deluxe File Chest')",1
"('Avery Printable Repositionable Plastic Tabs', 'Xerox 1893')",1
"('Hon 4-Shelf Metal Bookcases', 'Premium Transparent Presentation Covers, No Pattern/Clear, 8 1/2"" x 11""')",1
"('Hon 4-Shelf Metal Bookcases', 'Rogers Deluxe File Chest')",1
"('Hon 4-Shelf Metal Bookcases', 'Xerox 1893')",1
"('Premium Transparent Presentation Covers, No Pattern/Clear, 8 1/2"" x 11""', 'Rogers Deluxe File Chest')",1
"('Premium Transparent Presentation Covers, No Pattern/Clear, 8 1/2"" x 11""', 'Xerox 1893')",1
"('Rogers Deluxe File Chest', 'Xerox 1893')",1
"('Deluxe Rollaway Locking File with Drawer', 'Eldon 500 Class Desk Accessories')",1
"('Deluxe Rollaway Locking File with Drawer', 'VTech DS6151')",1
"('Eldon 500 Class Desk Accessories', 'VTech DS6151')",1
"('C-Line Cubicle Keepers Polyproplyene Holder w/Velcro Back, 8-1/2x11, 25/Bx', 'Wi-Ex zBoost YX540 Cellular Phone Signal Booster')",1
"('Global Adaptabilities Conference Tables', 'Panasonic KX TS3282W Corded phone')",1
"('Advantus Rolling Storage Box', 'Avery Hanging File Binders')",1
"('Advantus Rolling Storage Box', 'Fellowes Neat Ideas Storage Cubes')",1
"('Avery Hanging File Binders', 'Fellowes Neat Ideas Storage Cubes')",1
"('Fellowes High-Stak Drawer Files', 'Premier Elliptical Ring Binder, Black')",1
"('Sauder Camden County Collection Library', 'Xerox 1962')",1
"('Avery 499', 'Bevis 44 x 96 Conference Tables')",1
"('Avery 499', 'Newell 3-Hole Punched Plastic Slotted Magazine Holders for Binders')",1
"('Bevis 44 x 96 Conference Tables', 'Newell 3-Hole Punched Plastic Slotted Magazine Holders for Binders')",1
"('Avery White Multi-Purpose Labels', 'Newell 314')",1
"('Avery White Multi-Purpose Labels', 'Standard Rollaway File with Lock')",1
"('Newell 314', 'Standard Rollaway File with Lock')",1
"('Acco Perma 4000 Stacking Storage Drawers', 'Cameo Buff Policy Envelopes')",1
"('Boston 16801 Nautilus Battery Pencil Sharpener', 'Holmes Replacement Filter for HEPA Air Cleaner, Large Room')",1
"('Boston 16801 Nautilus Battery Pencil Sharpener', 'Zebra GX420t Direct Thermal/Thermal Transfer Printer')",1
"('Holmes Replacement Filter for HEPA Air Cleaner, Large Room', 'Zebra GX420t Direct Thermal/Thermal Transfer Printer')",1
"('Black Avery Memo-Size 3-Ring Binder, 5 1/2"" x 8 1/2""', 'Boston 16765 Mini Stand Up Battery Pencil Sharpener')",1
"('Black Avery Memo-Size 3-Ring Binder, 5 1/2"" x 8 1/2""', 'Fellowes 8 Outlet Superior Workstation Surge Protector')",1
"('Black Avery Memo-Size 3-Ring Binder, 5 1/2"" x 8 1/2""', 'GBC Recycled VeloBinder Covers')",1
"('Black Avery Memo-Size 3-Ring Binder, 5 1/2"" x 8 1/2""', ""Global Wood Trimmed Manager's Task Chair, Khaki"")",1
"('Black Avery Memo-Size 3-Ring Binder, 5 1/2"" x 8 1/2""', 'Hon Non-Folding Utility Tables')",1
"('Black Avery Memo-Size 3-Ring Binder, 5 1/2"" x 8 1/2""', 'IBM Multi-Purpose Copy Paper, 8 1/2 x 11"", Case')",1
"('Black Avery Memo-Size 3-Ring Binder, 5 1/2"" x 8 1/2""', 'Ibico Laser Imprintable Binding System Covers')",1
"('Black Avery Memo-Size 3-Ring Binder, 5 1/2"" x 8 1/2""', 'Microsoft Natural Ergonomic Keyboard 4000')",1
"('Black Avery Memo-Size 3-Ring Binder, 5 1/2"" x 8 1/2""', 'Recycled Easel Ring Binders')",1
"('Black Avery Memo-Size 3-Ring Binder, 5 1/2"" x 8 1/2""', 'Rogers Profile Extra Capacity Storage Tub')",1
"('Boston 16765 Mini Stand Up Battery Pencil Sharpener', 'Fellowes 8 Outlet Superior Workstation Surge Protector')",1
"('Boston 16765 Mini Stand Up Battery Pencil Sharpener', 'GBC Recycled VeloBinder Covers')",1
"('Boston 16765 Mini Stand Up Battery Pencil Sharpener', ""Global Wood Trimmed Manager's Task Chair, Khaki"")",1
"('Boston 16765 Mini Stand Up Battery Pencil Sharpener', 'Hon Non-Folding Utility Tables')",1
"('Boston 16765 Mini Stand Up Battery Pencil Sharpener', 'IBM Multi-Purpose Copy Paper, 8 1/2 x 11"", Case')",1
"('Boston 16765 Mini Stand Up Battery Pencil Sharpener', 'Ibico Laser Imprintable Binding System Covers')",1
"('Acco 6 Outlet Guardian Premium Plus Surge Suppressor', 'Acme Stainless Steel Office Snips')",1
"('Boston 16765 Mini Stand Up Battery Pencil Sharpener', 'Recycled Easel Ring Binders')",1
"('Boston 16765 Mini Stand Up Battery Pencil Sharpener', 'Rogers Profile Extra Capacity Storage Tub')",1
"('Fellowes 8 Outlet Superior Workstation Surge Protector', 'GBC Recycled VeloBinder Covers')",1
"('Fellowes 8 Outlet Superior Workstation Surge Protector', ""Global Wood Trimmed Manager's Task Chair, Khaki"")",1
"('Fellowes 8 Outlet Superior Workstation Surge Protector', 'Hon Non-Folding Utility Tables')",1
"('Fellowes 8 Outlet Superior Workstation Surge Protector', 'IBM Multi-Purpose Copy Paper, 8 1/2 x 11"", Case')",1
"('Fellowes 8 Outlet Superior Workstation Surge Protector', 'Ibico Laser Imprintable Binding System Covers')",1
"('Fellowes 8 Outlet Superior Workstation Surge Protector', 'Microsoft Natural Ergonomic Keyboard 4000')",1
"('Fellowes 8 Outlet Superior Workstation Surge Protector', 'Recycled Easel Ring Binders')",1
"('Fellowes 8 Outlet Superior Workstation Surge Protector', 'Rogers Profile Extra Capacity Storage Tub')",1
"('GBC Recycled VeloBinder Covers', ""Global Wood Trimmed Manager's Task Chair, Khaki"")",1
"('GBC Recycled VeloBinder Covers', 'Hon Non-Folding Utility Tables')",1
"('GBC Recycled VeloBinder Covers', 'IBM Multi-Purpose Copy Paper, 8 1/2 x 11"", Case')",1
"('GBC Recycled VeloBinder Covers', 'Ibico Laser Imprintable Binding System Covers')",1
"('GBC Recycled VeloBinder Covers', 'Microsoft Natural Ergonomic Keyboard 4000')",1
"('GBC Recycled VeloBinder Covers', 'Recycled Easel Ring Binders')",1
"('GBC Recycled VeloBinder Covers', 'Rogers Profile Extra Capacity Storage Tub')",1
"(""Global Wood Trimmed Manager's Task Chair, Khaki"", 'Hon Non-Folding Utility Tables')",1
"(""Global Wood Trimmed Manager's Task Chair, Khaki"", 'IBM Multi-Purpose Copy Paper, 8 1/2 x 11"", Case')",1
"(""Global Wood Trimmed Manager's Task Chair, Khaki"", 'Ibico Laser Imprintable Binding System Covers')",1
"(""Global Wood Trimmed Manager's Task Chair, Khaki"", 'Microsoft Natural Ergonomic Keyboard 4000')",1
"(""Global Wood Trimmed Manager's Task Chair, Khaki"", 'Recycled Easel Ring Binders')",1
"(""Global Wood Trimmed Manager's Task Chair, Khaki"", 'Rogers Profile Extra Capacity Storage Tub')",1
"('Hon Non-Folding Utility Tables', 'IBM Multi-Purpose Copy Paper, 8 1/2 x 11"", Case')",1
"('Hon Non-Folding Utility Tables', 'Ibico Laser Imprintable Binding System Covers')",1
"('Hon Non-Folding Utility Tables', 'Microsoft Natural Ergonomic Keyboard 4000')",1
"('Hon Non-Folding Utility Tables', 'Recycled Easel Ring Binders')",1
"('Hon Non-Folding Utility Tables', 'Rogers Profile Extra Capacity Storage Tub')",1
"('IBM Multi-Purpose Copy Paper, 8 1/2 x 11"", Case', 'Ibico Laser Imprintable Binding System Covers')",1
"('IBM Multi-Purpose Copy Paper, 8 1/2 x 11"", Case', 'Microsoft Natural Ergonomic Keyboard 4000')",1
"('IBM Multi-Purpose Copy Paper, 8 1/2 x 11"", Case', 'Recycled Easel Ring Binders')",1
"('IBM Multi-Purpose Copy Paper, 8 1/2 x 11"", Case', 'Rogers Profile Extra Capacity Storage Tub')",1
"('Ibico Laser Imprintable Binding System Covers', 'Microsoft Natural Ergonomic Keyboard 4000')",1
"('Ibico Laser Imprintable Binding System Covers', 'Recycled Easel Ring Binders')",1
"('Ibico Laser Imprintable Binding System Covers', 'Rogers Profile Extra Capacity Storage Tub')",1
"('Microsoft Natural Ergonomic Keyboard 4000', 'Recycled Easel Ring Binders')",1
"('Microsoft Natural Ergonomic Keyboard 4000', 'Rogers Profile Extra Capacity Storage Tub')",1
"('Recycled Easel Ring Binders', 'Rogers Profile Extra Capacity Storage Tub')",1
"('DAX Cubicle Frames - 8x10', 'Xerox 1929')",1
"('Linden 10"" Round Wall Clock, Black', 'Panasonic KX MC6040 Color Laser Multifunction Printer')",1
"('Linden 10"" Round Wall Clock, Black', 'Sauder Inglewood Library Bookcases')",1
"('Linden 10"" Round Wall Clock, Black', 'Staples')",1
"('Panasonic KX MC6040 Color Laser Multifunction Printer', 'Sauder Inglewood Library Bookcases')",1
"('Panasonic KX MC6040 Color Laser Multifunction Printer', 'Staples')",1
"('Sauder Inglewood Library Bookcases', 'Staples')",1
"('Avery 487', 'JM Magazine Binder')",1
"('Avery 487', 'Storex Dura Pro Binders')",1
"('Avery 487', 'Xerox 1945')",1
"('JM Magazine Binder', 'Storex Dura Pro Binders')",1
"('JM Magazine Binder', 'Xerox 1945')",1
"('Storex Dura Pro Binders', 'Xerox 1945')",1
"('Executive Impressions 10"" Spectator Wall Clock', 'Panasonic KX TS3282W Corded phone')",1
"('Avery 488', 'Nokia Lumia 521 (T-Mobile)')",1
"('Fellowes Command Center 5-outlet power strip', 'Grandstream GXP2100 Mainstream Business Phone')",1
"('Memorex Froggy Flash Drive 4 GB', 'Standard Line \x93While You Were Out\x94 Hardbound Telephone Message Book')",1
"('Redi-Strip #10 Envelopes, 4 1/8 x 9 1/2', 'Sony Micro Vault Click 16 GB USB 2.0 Flash Drive')",1
"('Boston Home & Office Model 2000 Electric Pencil Sharpeners', 'SmartStand Mobile Device Holder, Assorted Colors')",1
"('50 Colored Long Pencils', 'Belkin Grip Candy Sheer Case / Cover for iPhone 5 and 5S')",1
"('50 Colored Long Pencils', 'Boston 1645 Deluxe Heavier-Duty Electric Pencil Sharpener')",1
"('50 Colored Long Pencils', 'Fellowes Bankers Box Recycled Super Stor/Drawer')",1
"('50 Colored Long Pencils', 'Newell 342')",1
"('50 Colored Long Pencils', 'Newell 345')",1
"('Belkin Grip Candy Sheer Case / Cover for iPhone 5 and 5S', 'Boston 1645 Deluxe Heavier-Duty Electric Pencil Sharpener')",1
"('Belkin Grip Candy Sheer Case / Cover for iPhone 5 and 5S', 'Fellowes Bankers Box Recycled Super Stor/Drawer')",1
"('Belkin Grip Candy Sheer Case / Cover for iPhone 5 and 5S', 'Newell 342')",1
"('Belkin Grip Candy Sheer Case / Cover for iPhone 5 and 5S', 'Newell 345')",1
"('Boston 1645 Deluxe Heavier-Duty Electric Pencil Sharpener', 'Fellowes Bankers Box Recycled Super Stor/Drawer')",1
"('Boston 1645 Deluxe Heavier-Duty Electric Pencil Sharpener', 'Newell 342')",1
"('Boston 1645 Deluxe Heavier-Duty Electric Pencil Sharpener', 'Newell 345')",1
"('Fellowes Bankers Box Recycled Super Stor/Drawer', 'Newell 342')",1
"('Fellowes Bankers Box Recycled Super Stor/Drawer', 'Newell 345')",1
"('Newell 342', 'Newell 345')",1
"('AT&T 841000 Phone', 'Luxo Professional Magnifying Clamp-On Fluorescent Lamps')",1
"('AT&T 841000 Phone', 'Perma STOR-ALL Hanging File Box, 13 1/8""W x 12 1/4""D x 10 1/2""H')",1
"('AT&T 841000 Phone', 'Rediform S.O.S. 1-Up Phone Message Bk, 4-1/4x3-1/16 Bk, 1 Form/Pg, 40 Messages/Bk, 3/Pk')",1
"('Luxo Professional Magnifying Clamp-On Fluorescent Lamps', 'Perma STOR-ALL Hanging File Box, 13 1/8""W x 12 1/4""D x 10 1/2""H')",1
"('Luxo Professional Magnifying Clamp-On Fluorescent Lamps', 'Rediform S.O.S. 1-Up Phone Message Bk, 4-1/4x3-1/16 Bk, 1 Form/Pg, 40 Messages/Bk, 3/Pk')",1
"('Perma STOR-ALL Hanging File Box, 13 1/8""W x 12 1/4""D x 10 1/2""H', 'Rediform S.O.S. 1-Up Phone Message Bk, 4-1/4x3-1/16 Bk, 1 Form/Pg, 40 Messages/Bk, 3/Pk')",1
"('3M Hangers With Command Adhesive', 'Avery 3 1/2"" Diskette Storage Pages, 10/Pack')",1
"('3M Hangers With Command Adhesive', 'Seth Thomas 14"" Day/Date Wall Clock')",1
"('Avery 3 1/2"" Diskette Storage Pages, 10/Pack', 'Seth Thomas 14"" Day/Date Wall Clock')",1
"('Acco Four Pocket Poly Ring Binder with Label Holder, Smoke, 1""', 'GBC Plastic Binding Combs')",1
"('Acco Four Pocket Poly Ring Binder with Label Holder, Smoke, 1""', 'Howard Miller 13-3/4"" Diameter Brushed Chrome Round Wall Clock')",1
"('Acco Four Pocket Poly Ring Binder with Label Holder, Smoke, 1""', 'Memo Book, 100 Message Capacity, 5 3/8\x94 x 11\x94')",1
"('GBC Plastic Binding Combs', 'Howard Miller 13-3/4"" Diameter Brushed Chrome Round Wall Clock')",1
"('GBC Plastic Binding Combs', 'Memo Book, 100 Message Capacity, 5 3/8\x94 x 11\x94')",1
"('Howard Miller 13-3/4"" Diameter Brushed Chrome Round Wall Clock', 'Memo Book, 100 Message Capacity, 5 3/8\x94 x 11\x94')",1
"('Plantronics Voyager Pro HD - Bluetooth Headset', 'Seth Thomas 13 1/2"" Wall Clock')",1
"('Avery Durable Binders', 'Bretford \x93Just In Time\x94 Height-Adjustable Multi-Task Work Tables')",1
"('Avery Durable Binders', 'Nokia Lumia 1020')",1
"('Bretford \x93Just In Time\x94 Height-Adjustable Multi-Task Work Tables', 'Nokia Lumia 1020')",1
"('Chromcraft Round Conference Tables', 'GBC Standard Recycled Report Covers, Clear Plastic Sheets')",1
"('Chromcraft Round Conference Tables', 'SAFCO Commercial Wire Shelving, 72h')",1
"('Chromcraft Round Conference Tables', 'Tenex B1-RE Series Chair Mats for Low Pile Carpets')",1
"('GBC Standard Recycled Report Covers, Clear Plastic Sheets', 'SAFCO Commercial Wire Shelving, 72h')",1
"('GBC Standard Recycled Report Covers, Clear Plastic Sheets', 'Tenex B1-RE Series Chair Mats for Low Pile Carpets')",1
"('SAFCO Commercial Wire Shelving, 72h', 'Tenex B1-RE Series Chair Mats for Low Pile Carpets')",1
"('Adams Telephone Message Book W/Dividers/Space For Phone Numbers, 5 1/4""X8 1/2"", 200/Messages', 'Hot File 7-Pocket, Floor Stand')",1
"('Adams Telephone Message Book W/Dividers/Space For Phone Numbers, 5 1/4""X8 1/2"", 200/Messages', 'JM Magazine Binder')",1
"('Adams Telephone Message Book W/Dividers/Space For Phone Numbers, 5 1/4""X8 1/2"", 200/Messages', 'Lifetime Advantage Folding Chairs, 4/Carton')",1
"('Hot File 7-Pocket, Floor Stand', 'JM Magazine Binder')",1
"('Hot File 7-Pocket, Floor Stand', 'Lifetime Advantage Folding Chairs, 4/Carton')",1
"('JM Magazine Binder', 'Lifetime Advantage Folding Chairs, 4/Carton')",1
"('Panasonic KX-TG9471B', 'Presstex Flexible Ring Binders')",1
"('Avery Hidden Tab Dividers for Binding Systems', 'Jackery Bar Premium Fast-charging Portable Charger')",1
"('Advantus Plastic Paper Clips', 'Boston 16750 Black Compact Battery Pencil Sharpener')",1
"('Advantus Plastic Paper Clips', 'Economy #2 Pencils')",1
"('Advantus Plastic Paper Clips', 'Global Adaptabilities Conference Tables')",1
"('Advantus Plastic Paper Clips', 'Magna Visual Magnetic Picture Hangers')",1
"('Boston 16750 Black Compact Battery Pencil Sharpener', 'Economy #2 Pencils')",1
"('Boston 16750 Black Compact Battery Pencil Sharpener', 'Global Adaptabilities Conference Tables')",1
"('Boston 16750 Black Compact Battery Pencil Sharpener', 'Magna Visual Magnetic Picture Hangers')",1
"('Economy #2 Pencils', 'Global Adaptabilities Conference Tables')",1
"('Economy #2 Pencils', 'Magna Visual Magnetic Picture Hangers')",1
"('Global Adaptabilities Conference Tables', 'Magna Visual Magnetic Picture Hangers')",1
"('Advantus Push Pins', 'Global Stack Chair with Arms, Black')",1
"('Advantus Push Pins', 'Honeywell Enviracaire Portable Air Cleaner for up to 8 x 10 Room')",1
"('Advantus Push Pins', 'Xerox 206')",1
"('Global Stack Chair with Arms, Black', 'Honeywell Enviracaire Portable Air Cleaner for up to 8 x 10 Room')",1
"('Global Stack Chair with Arms, Black', 'Xerox 206')",1
"('Honeywell Enviracaire Portable Air Cleaner for up to 8 x 10 Room', 'Xerox 206')",1
"('Cisco Unified IP Phone 7945G VoIP phone', 'Deflect-o DuraMat Lighweight, Studded, Beveled Mat for Low Pile Carpeting')",1
"('Imation\xa08gb Micro Traveldrive Usb 2.0\xa0Flash Drive', 'LF Elite 3D Dazzle Designer Hard Case Cover, Lf Stylus Pen and Wiper For Apple Iphone 5c Mini Lite')",1
"('Kingston Digital DataTraveler 16GB USB 2.0', 'Okidata MB760 Printer')",1
"('Eldon 500 Class Desk Accessories', 'Fiskars Home & Office Scissors')",1
"('Eldon 500 Class Desk Accessories', 'Sanford Pocket Accent Highlighters')",1
"('Fiskars Home & Office Scissors', 'Sanford Pocket Accent Highlighters')",1
"('Chromcraft Round Conference Tables', 'Memorex Mini Travel Drive 32 GB USB 2.0 Flash Drive')",1
"('Chromcraft Round Conference Tables', 'Wilson Jones International Size A4 Ring Binders')",1
"('Memorex Mini Travel Drive 32 GB USB 2.0 Flash Drive', 'Wilson Jones International Size A4 Ring Binders')",1
"('Linden 12"" Wall Clock With Oak Frame', 'Prang Drawing Pencil Set')",1
"('Linden 12"" Wall Clock With Oak Frame', 'Xerox 1986')",1
"('Prang Drawing Pencil Set', 'Xerox 1986')",1
"('Computer Printout Index Tabs', 'GBC Wire Binding Combs')",1
"('Computer Printout Index Tabs', 'Stacking Tray, Side-Loading, Legal, Smoke')",1
"('GBC Wire Binding Combs', 'Stacking Tray, Side-Loading, Legal, Smoke')",1
"('Belkin Premiere Surge Master II 8-outlet surge protector', 'DAX Value U-Channel Document Frames, Easel Back')",1
"('Belkin Premiere Surge Master II 8-outlet surge protector', 'Nu-Dell Float Frame 11 x 14 1/2')",1
"('Belkin Premiere Surge Master II 8-outlet surge protector', 'Recycled Easel Ring Binders')",1
"('Belkin Premiere Surge Master II 8-outlet surge protector', 'Safco Industrial Wire Shelving System')",1
"('DAX Value U-Channel Document Frames, Easel Back', 'Nu-Dell Float Frame 11 x 14 1/2')",1
"('Avoid Verbal Orders Carbonless Minifold Book', 'Xerox 191')",1
"('DAX Value U-Channel Document Frames, Easel Back', 'Safco Industrial Wire Shelving System')",1
"('Nu-Dell Float Frame 11 x 14 1/2', 'Recycled Easel Ring Binders')",1
"('Nu-Dell Float Frame 11 x 14 1/2', 'Safco Industrial Wire Shelving System')",1
"('Recycled Easel Ring Binders', 'Safco Industrial Wire Shelving System')",1
"('Belkin 7 Outlet SurgeMaster II', 'Micro Innovations USB RF Wireless Keyboard with Mouse')",1
"('Belkin 7 Outlet SurgeMaster II', 'Universal Premium White Copier/Laser Paper (20Lb. and 87 Bright)')",1
"('Micro Innovations USB RF Wireless Keyboard with Mouse', 'Universal Premium White Copier/Laser Paper (20Lb. and 87 Bright)')",1
"('BOSTON Ranger #55 Pencil Sharpener, Black', 'Faber Castell Col-Erase Pencils')",1
"('#10- 4 1/8"" x 9 1/2"" Security-Tint Envelopes', 'Dax Clear Box Frame')",1
"('#10- 4 1/8"" x 9 1/2"" Security-Tint Envelopes', 'SANFORD Liquid Accent Tank-Style Highlighters')",1
"('Dax Clear Box Frame', 'SANFORD Liquid Accent Tank-Style Highlighters')",1
"('DAX Wood Document Frame', 'Fellowes 8 Outlet Superior Workstation Surge Protector')",1
"('DataProducts Ampli Magnifier Task Lamp, Black,', 'Plantronics Calisto P620-M USB Wireless Speakerphone System')",1
"('Adams Phone Message Book, 200 Message Capacity, 8 1/16\x94 x 11\x94', 'Advantus Push Pins')",1
"('Adams Phone Message Book, 200 Message Capacity, 8 1/16\x94 x 11\x94', 'Apple iPhone 5')",1
"('Adams Phone Message Book, 200 Message Capacity, 8 1/16\x94 x 11\x94', 'Global Leather Task Chair, Black')",1
"('Adams Phone Message Book, 200 Message Capacity, 8 1/16\x94 x 11\x94', 'Global Troy Executive Leather Low-Back Tilter')",1
"('Adams Phone Message Book, 200 Message Capacity, 8 1/16\x94 x 11\x94', 'Hon 4070 Series Pagoda Armless Upholstered Stacking Chairs')",1
"('Adams Phone Message Book, 200 Message Capacity, 8 1/16\x94 x 11\x94', 'Hon Valutask Swivel Chairs')",1
"('Adams Phone Message Book, 200 Message Capacity, 8 1/16\x94 x 11\x94', 'Logitech\xa0LS21 Speaker System - PC Multimedia - 2.1-CH - Wired')",1
"('Adams Phone Message Book, 200 Message Capacity, 8 1/16\x94 x 11\x94', 'Logitech\xa0Wireless Boombox Speaker - portable - wireless, wired')",1
"('Adams Phone Message Book, 200 Message Capacity, 8 1/16\x94 x 11\x94', 'Plantronics Cordless\xa0Phone Headset\xa0with In-line Volume - M214C')",1
"('Adams Phone Message Book, 200 Message Capacity, 8 1/16\x94 x 11\x94', 'Pressboard Covers with Storage Hooks, 9 1/2"" x 11"", Light Blue')",1
"('Adams Phone Message Book, 200 Message Capacity, 8 1/16\x94 x 11\x94', 'SanDisk Cruzer 64 GB USB Flash Drive')",1
"('Adams Phone Message Book, 200 Message Capacity, 8 1/16\x94 x 11\x94', 'SimpliFile Personal File, Black Granite, 15w x 6-15/16d x 11-1/4h')",1
"('Adams Phone Message Book, 200 Message Capacity, 8 1/16\x94 x 11\x94', 'TOPS ""Important Message"" Pads, Canary, 4-1/4 x 5-1/2, 50 Sheets per Pad')",1
"('Advantus Push Pins', 'Apple iPhone 5')",1
"('Advantus Push Pins', 'Global Leather Task Chair, Black')",1
"('Advantus Push Pins', 'Global Troy Executive Leather Low-Back Tilter')",1
"('Advantus Push Pins', 'Hon 4070 Series Pagoda Armless Upholstered Stacking Chairs')",1
"('Advantus Push Pins', 'Hon Valutask Swivel Chairs')",1
"('Advantus Push Pins', 'Logitech\xa0LS21 Speaker System - PC Multimedia - 2.1-CH - Wired')",1
"('Advantus Push Pins', 'Logitech\xa0Wireless Boombox Speaker - portable - wireless, wired')",1
"('Advantus Push Pins', 'Plantronics Cordless\xa0Phone Headset\xa0with In-line Volume - M214C')",1
"('Advantus Push Pins', 'Pressboard Covers with Storage Hooks, 9 1/2"" x 11"", Light Blue')",1
"('Advantus Push Pins', 'SanDisk Cruzer 64 GB USB Flash Drive')",1
"('Advantus Push Pins', 'SimpliFile Personal File, Black Granite, 15w x 6-15/16d x 11-1/4h')",1
"('Advantus Push Pins', 'TOPS ""Important Message"" Pads, Canary, 4-1/4 x 5-1/2, 50 Sheets per Pad')",1
"('Apple iPhone 5', 'Global Leather Task Chair, Black')",1
"('Apple iPhone 5', 'Global Troy Executive Leather Low-Back Tilter')",1
"('Apple iPhone 5', 'Hon 4070 Series Pagoda Armless Upholstered Stacking Chairs')",1
"('Apple iPhone 5', 'Hon Valutask Swivel Chairs')",1
"('Apple iPhone 5', 'Logitech\xa0LS21 Speaker System - PC Multimedia - 2.1-CH - Wired')",1
"('Apple iPhone 5', 'Logitech\xa0Wireless Boombox Speaker - portable - wireless, wired')",1
"('Apple iPhone 5', 'Plantronics Cordless\xa0Phone Headset\xa0with In-line Volume - M214C')",1
"('Apple iPhone 5', 'Pressboard Covers with Storage Hooks, 9 1/2"" x 11"", Light Blue')",1
"('Apple iPhone 5', 'SanDisk Cruzer 64 GB USB Flash Drive')",1
"('Apple iPhone 5', 'SimpliFile Personal File, Black Granite, 15w x 6-15/16d x 11-1/4h')",1
"('Apple iPhone 5', 'TOPS ""Important Message"" Pads, Canary, 4-1/4 x 5-1/2, 50 Sheets per Pad')",1
"('Global Leather Task Chair, Black', 'Global Troy Executive Leather Low-Back Tilter')",1
"('Global Leather Task Chair, Black', 'Hon 4070 Series Pagoda Armless Upholstered Stacking Chairs')",1
"('Global Leather Task Chair, Black', 'Hon Valutask Swivel Chairs')",1
"('Global Leather Task Chair, Black', 'Logitech\xa0LS21 Speaker System - PC Multimedia - 2.1-CH - Wired')",1
"('Global Leather Task Chair, Black', 'Logitech\xa0Wireless Boombox Speaker - portable - wireless, wired')",1
"('Global Leather Task Chair, Black', 'Plantronics Cordless\xa0Phone Headset\xa0with In-line Volume - M214C')",1
"('Global Leather Task Chair, Black', 'Pressboard Covers with Storage Hooks, 9 1/2"" x 11"", Light Blue')",1
"('Global Leather Task Chair, Black', 'SanDisk Cruzer 64 GB USB Flash Drive')",1
"('Global Leather Task Chair, Black', 'SimpliFile Personal File, Black Granite, 15w x 6-15/16d x 11-1/4h')",1
"('Global Leather Task Chair, Black', 'TOPS ""Important Message"" Pads, Canary, 4-1/4 x 5-1/2, 50 Sheets per Pad')",1
"('Global Troy Executive Leather Low-Back Tilter', 'Hon 4070 Series Pagoda Armless Upholstered Stacking Chairs')",1
"('Global Troy Executive Leather Low-Back Tilter', 'Hon Valutask Swivel Chairs')",1
"('Global Troy Executive Leather Low-Back Tilter', 'Logitech\xa0LS21 Speaker System - PC Multimedia - 2.1-CH - Wired')",1
"('Global Troy Executive Leather Low-Back Tilter', 'Logitech\xa0Wireless Boombox Speaker - portable - wireless, wired')",1
"('Global Troy Executive Leather Low-Back Tilter', 'Plantronics Cordless\xa0Phone Headset\xa0with In-line Volume - M214C')",1
"('Global Troy Executive Leather Low-Back Tilter', 'Pressboard Covers with Storage Hooks, 9 1/2"" x 11"", Light Blue')",1
"('Global Troy Executive Leather Low-Back Tilter', 'SanDisk Cruzer 64 GB USB Flash Drive')",1
"('Global Troy Executive Leather Low-Back Tilter', 'SimpliFile Personal File, Black Granite, 15w x 6-15/16d x 11-1/4h')",1
"('Global Troy Executive Leather Low-Back Tilter', 'TOPS ""Important Message"" Pads, Canary, 4-1/4 x 5-1/2, 50 Sheets per Pad')",1
"('Hon 4070 Series Pagoda Armless Upholstered Stacking Chairs', 'Hon Valutask Swivel Chairs')",1
"('Hon 4070 Series Pagoda Armless Upholstered Stacking Chairs', 'Logitech\xa0LS21 Speaker System - PC Multimedia - 2.1-CH - Wired')",1
"('Hon 4070 Series Pagoda Armless Upholstered Stacking Chairs', 'Logitech\xa0Wireless Boombox Speaker - portable - wireless, wired')",1
"('Hon 4070 Series Pagoda Armless Upholstered Stacking Chairs', 'Plantronics Cordless\xa0Phone Headset\xa0with In-line Volume - M214C')",1
"('Hon 4070 Series Pagoda Armless Upholstered Stacking Chairs', 'Pressboard Covers with Storage Hooks, 9 1/2"" x 11"", Light Blue')",1
"('Hon 4070 Series Pagoda Armless Upholstered Stacking Chairs', 'SanDisk Cruzer 64 GB USB Flash Drive')",1
"('Hon 4070 Series Pagoda Armless Upholstered Stacking Chairs', 'SimpliFile Personal File, Black Granite, 15w x 6-15/16d x 11-1/4h')",1
"('Hon 4070 Series Pagoda Armless Upholstered Stacking Chairs', 'TOPS ""Important Message"" Pads, Canary, 4-1/4 x 5-1/2, 50 Sheets per Pad')",1
"('Hon Valutask Swivel Chairs', 'Logitech\xa0LS21 Speaker System - PC Multimedia - 2.1-CH - Wired')",1
"('Hon Valutask Swivel Chairs', 'Logitech\xa0Wireless Boombox Speaker - portable - wireless, wired')",1
"('Hon Valutask Swivel Chairs', 'Plantronics Cordless\xa0Phone Headset\xa0with In-line Volume - M214C')",1
"('Hon Valutask Swivel Chairs', 'Pressboard Covers with Storage Hooks, 9 1/2"" x 11"", Light Blue')",1
"('Hon Valutask Swivel Chairs', 'SanDisk Cruzer 64 GB USB Flash Drive')",1
"('Hon Valutask Swivel Chairs', 'SimpliFile Personal File, Black Granite, 15w x 6-15/16d x 11-1/4h')",1
"('Hon Valutask Swivel Chairs', 'TOPS ""Important Message"" Pads, Canary, 4-1/4 x 5-1/2, 50 Sheets per Pad')",1
"('Logitech\xa0LS21 Speaker System - PC Multimedia - 2.1-CH - Wired', 'Logitech\xa0Wireless Boombox Speaker - portable - wireless, wired')",1
"('Logitech\xa0LS21 Speaker System - PC Multimedia - 2.1-CH - Wired', 'Plantronics Cordless\xa0Phone Headset\xa0with In-line Volume - M214C')",1
"('Logitech\xa0LS21 Speaker System - PC Multimedia - 2.1-CH - Wired', 'Pressboard Covers with Storage Hooks, 9 1/2"" x 11"", Light Blue')",1
"('Logitech\xa0LS21 Speaker System - PC Multimedia - 2.1-CH - Wired', 'SanDisk Cruzer 64 GB USB Flash Drive')",1
"('Logitech\xa0LS21 Speaker System - PC Multimedia - 2.1-CH - Wired', 'SimpliFile Personal File, Black Granite, 15w x 6-15/16d x 11-1/4h')",1
"('Logitech\xa0LS21 Speaker System - PC Multimedia - 2.1-CH - Wired', 'TOPS ""Important Message"" Pads, Canary, 4-1/4 x 5-1/2, 50 Sheets per Pad')",1
"('Logitech\xa0Wireless Boombox Speaker - portable - wireless, wired', 'Plantronics Cordless\xa0Phone Headset\xa0with In-line Volume - M214C')",1
"('Logitech\xa0Wireless Boombox Speaker - portable - wireless, wired', 'Pressboard Covers with Storage Hooks, 9 1/2"" x 11"", Light Blue')",1
"('Logitech\xa0Wireless Boombox Speaker - portable - wireless, wired', 'SanDisk Cruzer 64 GB USB Flash Drive')",1
"('Logitech\xa0Wireless Boombox Speaker - portable - wireless, wired', 'SimpliFile Personal File, Black Granite, 15w x 6-15/16d x 11-1/4h')",1
"('Logitech\xa0Wireless Boombox Speaker - portable - wireless, wired', 'TOPS ""Important Message"" Pads, Canary, 4-1/4 x 5-1/2, 50 Sheets per Pad')",1
"('Plantronics Cordless\xa0Phone Headset\xa0with In-line Volume - M214C', 'Pressboard Covers with Storage Hooks, 9 1/2"" x 11"", Light Blue')",1
"('Plantronics Cordless\xa0Phone Headset\xa0with In-line Volume - M214C', 'SanDisk Cruzer 64 GB USB Flash Drive')",1
"('Plantronics Cordless\xa0Phone Headset\xa0with In-line Volume - M214C', 'SimpliFile Personal File, Black Granite, 15w x 6-15/16d x 11-1/4h')",1
"('Plantronics Cordless\xa0Phone Headset\xa0with In-line Volume - M214C', 'TOPS ""Important Message"" Pads, Canary, 4-1/4 x 5-1/2, 50 Sheets per Pad')",1
"('Pressboard Covers with Storage Hooks, 9 1/2"" x 11"", Light Blue', 'SanDisk Cruzer 64 GB USB Flash Drive')",1
"('Pressboard Covers with Storage Hooks, 9 1/2"" x 11"", Light Blue', 'SimpliFile Personal File, Black Granite, 15w x 6-15/16d x 11-1/4h')",1
"('Pressboard Covers with Storage Hooks, 9 1/2"" x 11"", Light Blue', 'TOPS ""Important Message"" Pads, Canary, 4-1/4 x 5-1/2, 50 Sheets per Pad')",1
"('SanDisk Cruzer 64 GB USB Flash Drive', 'SimpliFile Personal File, Black Granite, 15w x 6-15/16d x 11-1/4h')",1
"('SanDisk Cruzer 64 GB USB Flash Drive', 'TOPS ""Important Message"" Pads, Canary, 4-1/4 x 5-1/2, 50 Sheets per Pad')",1
"('SimpliFile Personal File, Black Granite, 15w x 6-15/16d x 11-1/4h', 'TOPS ""Important Message"" Pads, Canary, 4-1/4 x 5-1/2, 50 Sheets per Pad')",1
"('Avery 519', 'Eureka Recycled Copy Paper 8 1/2"" x 11"", Ream')",1
"('Avery 519', 'Poly String Tie Envelopes')",1
"('Eureka Recycled Copy Paper 8 1/2"" x 11"", Ream', 'Poly String Tie Envelopes')",1
"('Cardinal HOLDit! Binder Insert Strips,Extra Strips', 'Deflect-o RollaMat Studded, Beveled Mat for Medium Pile Carpeting')",1
"('Cardinal HOLDit! Binder Insert Strips,Extra Strips', 'Tuf-Vin Binders')",1
"('Cardinal HOLDit! Binder Insert Strips,Extra Strips', 'Xerox 1966')",1
"('Cardinal HOLDit! Binder Insert Strips,Extra Strips', 'Xerox 1975')",1
"('Deflect-o RollaMat Studded, Beveled Mat for Medium Pile Carpeting', 'Tuf-Vin Binders')",1
"('Deflect-o RollaMat Studded, Beveled Mat for Medium Pile Carpeting', 'Xerox 1966')",1
"('Deflect-o RollaMat Studded, Beveled Mat for Medium Pile Carpeting', 'Xerox 1975')",1
"('Tuf-Vin Binders', 'Xerox 1966')",1
"('Tuf-Vin Binders', 'Xerox 1975')",1
"('Xerox 1966', 'Xerox 1975')",1
"('Clear Mylar Reinforcing Strips', 'Dexim XPower Skin Super-Thin Power Case for iPhone 5 - Black')",1
"('Clear Mylar Reinforcing Strips', 'Xerox 1895')",1
"('Dexim XPower Skin Super-Thin Power Case for iPhone 5 - Black', 'Xerox 1895')",1
"('#10- 4 1/8"" x 9 1/2"" Recycled Envelopes', 'Avery 499')",1
"('#10- 4 1/8"" x 9 1/2"" Recycled Envelopes', 'Wasp CCD Handheld Bar Code Reader')",1
"('Avery 499', 'Wasp CCD Handheld Bar Code Reader')",1
"('4009 Highlighters by Sanford', 'Boston Heavy-Duty Trimline Electric Pencil Sharpeners')",1
"('Polycom SoundPoint IP 450 VoIP phone', 'Rediform S.O.S. 1-Up Phone Message Bk, 4-1/4x3-1/16 Bk, 1 Form/Pg, 40 Messages/Bk, 3/Pk')",1
"('Polycom SoundPoint IP 450 VoIP phone', 'Tensor Computer Mounted Lamp')",1
"('Rediform S.O.S. 1-Up Phone Message Bk, 4-1/4x3-1/16 Bk, 1 Form/Pg, 40 Messages/Bk, 3/Pk', 'Tensor Computer Mounted Lamp')",1
"('DMI Arturo Collection Mission-style Design Wood Chair', 'Lumber Crayons')",1
"('DMI Arturo Collection Mission-style Design Wood Chair', 'Master Caster Door Stop, Large Neon Orange')",1
"('Lumber Crayons', 'Master Caster Door Stop, Large Neon Orange')",1
"('Avery Self-Adhesive Photo Pockets for Polaroid Photos', 'Canon Image Class D660 Copier')",1
"('Avery Self-Adhesive Photo Pockets for Polaroid Photos', 'Hunt Boston Vacuum Mount KS Pencil Sharpener')",1
"('Avery Self-Adhesive Photo Pockets for Polaroid Photos', 'Xerox 1923')",1
"('Canon Image Class D660 Copier', 'Hunt Boston Vacuum Mount KS Pencil Sharpener')",1
"('Canon Image Class D660 Copier', 'Xerox 1923')",1
"('Hunt Boston Vacuum Mount KS Pencil Sharpener', 'Xerox 1923')",1
"('Recycled Eldon Regeneration Jumbo File', 'Xerox 1972')",1
"('Plantronics S12 Corded Telephone Headset System', 'Xerox 1938')",1
"('3M Polarizing Task Lamp with Clamp Arm, Light Gray', 'GBC Imprintable Covers')",1
"('Deluxe Heavy-Duty Vinyl Round Ring Binder', 'Stacking Tray, Side-Loading, Legal, Smoke')",1
"('Xerox 220', 'invisibleSHIELD by ZAGG Smudge-Free Screen Protector')",1
"('Xerox 199', 'Zebra Zazzle Fluorescent Highlighters')",1
"('Enermax Briskie RF Wireless Keyboard and Mouse Combo', 'Tops White Computer Printout Paper')",1
"('Staples', 'i.Sound Portable Power - 8000 mAh')",1
"('Avery 508', 'Razer Kraken PRO Over Ear PC and Music Headset')",1
"('Holmes HEPA Air Purifier', 'Newell 322')",1
"('Holmes HEPA Air Purifier', 'Samsung Replacement EH64AVFWE Premium Headset')",1
"('Newell 322', 'Samsung Replacement EH64AVFWE Premium Headset')",1
"('Eldon Imàge Series Desk Accessories, Clear', 'Staples')",1
"('Angle-D Binders with Locking Rings, Label Holders', 'Logitech\xa0LS21 Speaker System - PC Multimedia - 2.1-CH - Wired')",1
"('Eldon Wave Desk Accessories', 'Ibico Presentation Index for Binding Systems')",1
"('Eldon Wave Desk Accessories', 'Tennsco Stur-D-Stor Boltless Shelving, 5 Shelves, 24"" Deep, Sand')",1
"('Ibico Presentation Index for Binding Systems', 'Tennsco Stur-D-Stor Boltless Shelving, 5 Shelves, 24"" Deep, Sand')",1
"('Pressboard Hanging Data Binders for Unburst Sheets', 'Southworth 100% Résumé Paper, 24lb.')",1
"('Newell 327', 'Xerox 1996')",1
"('Newell 327', 'Xerox 213')",1
"('Xerox 1996', 'Xerox 213')",1
"('Standard Rollaway File with Lock', 'Strathmore Photo Mount Cards')",1
"('GBC Premium Transparent Covers with Diagonal Lined Pattern', 'Xerox 188')",1
"('GBC Premium Transparent Covers with Diagonal Lined Pattern', 'Xerox 1908')",1
"('Xerox 188', 'Xerox 1908')",1
"('Bush Advantage Collection Racetrack Conference Table', 'HON 5400 Series Task Chairs for Big and Tall')",1
"('Bush Advantage Collection Racetrack Conference Table', 'Kleencut Forged Office Shears by Acme United Corporation')",1
"('HON 5400 Series Task Chairs for Big and Tall', 'Kleencut Forged Office Shears by Acme United Corporation')",1
"('Microsoft Wireless Mobile Mouse 4000', 'Xerox 225')",1
"('Belkin 19"" Vented Equipment Shelf, Black', 'Global Super Steno Chair')",1
"('Belkin 19"" Vented Equipment Shelf, Black', 'OtterBox Defender Series Case - Samsung Galaxy S4')",1
"('Global Super Steno Chair', 'OtterBox Defender Series Case - Samsung Galaxy S4')",1
"('Anker Astro 15000mAh USB Portable Charger', 'Office Star - Mid Back Dual function Ergonomic High Back Chair with 2-Way Adjustable Arms')",1
"('Anker Astro 15000mAh USB Portable Charger', 'Panasonic KP-380BK Classic Electric Pencil Sharpener')",1
"('Office Star - Mid Back Dual function Ergonomic High Back Chair with 2-Way Adjustable Arms', 'Panasonic KP-380BK Classic Electric Pencil Sharpener')",1
"('Bevis 36 x 72 Conference Tables', 'Harmony Air Purifier')",1
"('Bevis 36 x 72 Conference Tables', 'Newell 314')",1
"('Harmony Air Purifier', 'Newell 314')",1
"('Avery Durable Slant Ring Binders', 'Logitech B530 USB\xa0Headset\xa0-\xa0headset\xa0- Full size, Binaural')",1
"('Avery Durable Slant Ring Binders', 'Universal Ultra Bright White Copier/Laser Paper, 8 1/2"" x 11"", Ream')",1
"('Logitech B530 USB\xa0Headset\xa0-\xa0headset\xa0- Full size, Binaural', 'Universal Ultra Bright White Copier/Laser Paper, 8 1/2"" x 11"", Ream')",1
"('Howard Miller 13"" Diameter Goldtone Round Wall Clock', 'Memorex Mini Travel Drive 16 GB USB 2.0 Flash Drive')",1
"('Avery 481', 'Logitech M510 Wireless Mouse')",1
"('Avery 481', 'Storex Dura Pro Binders')",1
"('Avery 481', 'iOttie XL Car Mount')",1
"('Logitech M510 Wireless Mouse', 'Storex Dura Pro Binders')",1
"('Logitech M510 Wireless Mouse', 'iOttie XL Car Mount')",1
"('Storex Dura Pro Binders', 'iOttie XL Car Mount')",1
"('Maxell\xa0LTO Ultrium - 800 GB', 'Model L Table or Wall-Mount Pencil Sharpener')",1
"('Maxell\xa0LTO Ultrium - 800 GB', 'Xerox 220')",1
"('Model L Table or Wall-Mount Pencil Sharpener', 'Xerox 220')",1
"('Anker Astro 15000mAh USB Portable Charger', 'Avery Premier Heavy-Duty Binder with Round Locking Rings')",1
"('Anker Astro 15000mAh USB Portable Charger', 'Balt Split Level Computer Training Table')",1
"('Anker Astro 15000mAh USB Portable Charger', 'Career Cubicle Clock, 8 1/4"", Black')",1
"('Anker Astro 15000mAh USB Portable Charger', 'Eaton Premium Continuous-Feed Paper, 25% Cotton, Letter Size, White, 1000 Shts/Box')",1
"('Anker Astro 15000mAh USB Portable Charger', 'Harbour Creations 67200 Series Stacking Chairs')",1
"('Anker Astro 15000mAh USB Portable Charger', 'Xerox 202')",1
"('Avery Premier Heavy-Duty Binder with Round Locking Rings', 'Balt Split Level Computer Training Table')",1
"('Avery Premier Heavy-Duty Binder with Round Locking Rings', 'Career Cubicle Clock, 8 1/4"", Black')",1
"('Avery Premier Heavy-Duty Binder with Round Locking Rings', 'Eaton Premium Continuous-Feed Paper, 25% Cotton, Letter Size, White, 1000 Shts/Box')",1
"('Avery Premier Heavy-Duty Binder with Round Locking Rings', 'GBC Prestige Therm-A-Bind Covers')",1
"('Avery Premier Heavy-Duty Binder with Round Locking Rings', 'Harbour Creations 67200 Series Stacking Chairs')",1
"('Avery Premier Heavy-Duty Binder with Round Locking Rings', 'Xerox 202')",1
"('Balt Split Level Computer Training Table', 'Career Cubicle Clock, 8 1/4"", Black')",1
"('Balt Split Level Computer Training Table', 'Eaton Premium Continuous-Feed Paper, 25% Cotton, Letter Size, White, 1000 Shts/Box')",1
"('Balt Split Level Computer Training Table', 'GBC Prestige Therm-A-Bind Covers')",1
"('Balt Split Level Computer Training Table', 'Harbour Creations 67200 Series Stacking Chairs')",1
"('Balt Split Level Computer Training Table', 'Xerox 202')",1
"('Career Cubicle Clock, 8 1/4"", Black', 'Eaton Premium Continuous-Feed Paper, 25% Cotton, Letter Size, White, 1000 Shts/Box')",1
"('Career Cubicle Clock, 8 1/4"", Black', 'GBC Prestige Therm-A-Bind Covers')",1
"('Career Cubicle Clock, 8 1/4"", Black', 'Harbour Creations 67200 Series Stacking Chairs')",1
"('Career Cubicle Clock, 8 1/4"", Black', 'Xerox 202')",1
"('Eaton Premium Continuous-Feed Paper, 25% Cotton, Letter Size, White, 1000 Shts/Box', 'GBC Prestige Therm-A-Bind Covers')",1
"('Eaton Premium Continuous-Feed Paper, 25% Cotton, Letter Size, White, 1000 Shts/Box', 'Harbour Creations 67200 Series Stacking Chairs')",1
"('Eaton Premium Continuous-Feed Paper, 25% Cotton, Letter Size, White, 1000 Shts/Box', 'Xerox 202')",1
"('GBC Prestige Therm-A-Bind Covers', 'Harbour Creations 67200 Series Stacking Chairs')",1
"('GBC Prestige Therm-A-Bind Covers', 'Xerox 202')",1
"('Harbour Creations 67200 Series Stacking Chairs', 'Xerox 202')",1
"('Boston 16765 Mini Stand Up Battery Pencil Sharpener', 'Newell 33')",1
"('Microsoft Natural Ergonomic Keyboard 4000', 'Newell 33')",1
"('DAX Wood Document Frame.', 'Prang Drawing Pencil Set')",1
"('DAX Wood Document Frame.', 'REDIFORM Incoming/Outgoing Call Register, 11"" X 8 1/2"", 100 Messages')",1
"('DAX Wood Document Frame.', 'Woodgrain Magazine Files by Perma')",1
"('Prang Drawing Pencil Set', 'REDIFORM Incoming/Outgoing Call Register, 11"" X 8 1/2"", 100 Messages')",1
"('Prang Drawing Pencil Set', 'Woodgrain Magazine Files by Perma')",1
"('REDIFORM Incoming/Outgoing Call Register, 11"" X 8 1/2"", 100 Messages', 'Woodgrain Magazine Files by Perma')",1
"('Avery 52', 'Bretford Rectangular Conference Table Tops')",1
"('Avery 52', 'Xerox 231')",1
"('Bretford Rectangular Conference Table Tops', 'Xerox 231')",1
"('American Pencil', 'Avery Flip-Chart Easel Binder, Black')",1
"(""Acco Six-Outlet Power Strip, 4' Cord Length"", 'Advantus T-Pin Paper Clips')",1
"(""Acco Six-Outlet Power Strip, 4' Cord Length"", 'Eldon Portable Mobile Manager')",1
"(""Acco Six-Outlet Power Strip, 4' Cord Length"", 'Mitel MiVoice 5330e IP Phone')",1
"(""Acco Six-Outlet Power Strip, 4' Cord Length"", 'Newell 344')",1
"('Advantus T-Pin Paper Clips', 'Eldon Portable Mobile Manager')",1
"('Advantus T-Pin Paper Clips', 'Mitel MiVoice 5330e IP Phone')",1
"('Advantus T-Pin Paper Clips', 'Newell 344')",1
"('Eldon Portable Mobile Manager', 'Mitel MiVoice 5330e IP Phone')",1
"('Eldon Portable Mobile Manager', 'Newell 344')",1
"('Mitel MiVoice 5330e IP Phone', 'Newell 344')",1
"('Deflect-o Glass Clear Studded Chair Mats', 'GBC Wire Binding Combs')",1
"('Deflect-o Glass Clear Studded Chair Mats', 'Safco Steel Mobile File Cart')",1
"('GBC Wire Binding Combs', 'Safco Steel Mobile File Cart')",1
"('Avery Poly Binder Pockets', 'Catalog Binders with Expanding Posts')",1
"('Green Canvas Binder for 8-1/2"" x 14"" Sheets', 'Newell 323')",1
"('Xerox 1893', 'Xerox 1939')",1
"('AT&T 841000 Phone', 'Boston 19500 Mighty Mite Electric Pencil Sharpener')",1
"('AT&T 841000 Phone', 'C-Line Magnetic Cubicle Keepers, Clear Polypropylene')",1
"('AT&T 841000 Phone', 'Cardinal EasyOpen D-Ring Binders')",1
"('AT&T 841000 Phone', 'DXL Angle-View Binders with Locking Rings by Samsill')",1
"('AT&T 841000 Phone', 'GBC Instant Report Kit')",1
"('Boston 19500 Mighty Mite Electric Pencil Sharpener', 'C-Line Magnetic Cubicle Keepers, Clear Polypropylene')",1
"('Boston 19500 Mighty Mite Electric Pencil Sharpener', 'Cardinal EasyOpen D-Ring Binders')",1
"('Boston 19500 Mighty Mite Electric Pencil Sharpener', 'DXL Angle-View Binders with Locking Rings by Samsill')",1
"('Boston 19500 Mighty Mite Electric Pencil Sharpener', 'GBC Instant Report Kit')",1
"('C-Line Magnetic Cubicle Keepers, Clear Polypropylene', 'Cardinal EasyOpen D-Ring Binders')",1
"('C-Line Magnetic Cubicle Keepers, Clear Polypropylene', 'DXL Angle-View Binders with Locking Rings by Samsill')",1
"('C-Line Magnetic Cubicle Keepers, Clear Polypropylene', 'GBC Instant Report Kit')",1
"('Cardinal EasyOpen D-Ring Binders', 'DXL Angle-View Binders with Locking Rings by Samsill')",1
"('Cardinal EasyOpen D-Ring Binders', 'GBC Instant Report Kit')",1
"('DXL Angle-View Binders with Locking Rings by Samsill', 'GBC Instant Report Kit')",1
"(""Acco Six-Outlet Power Strip, 4' Cord Length"", 'Ibico EB-19 Dual Function Manual Binding System')",1
"(""Acco Six-Outlet Power Strip, 4' Cord Length"", 'Jensen SMPS-640 -\xa0speaker phone')",1
"('Ibico EB-19 Dual Function Manual Binding System', 'Jensen SMPS-640 -\xa0speaker phone')",1
"('Aastra 6757i CT Wireless VoIP phone', 'Fellowes PB300 Plastic Comb Binding Machine')",1
"('Berol Giant Pencil Sharpener', 'Bush Westfield Collection Bookcases, Fully Assembled')",1
"('Berol Giant Pencil Sharpener', 'Cardinal Holdit Business Card Pockets')",1
"('Berol Giant Pencil Sharpener', 'Newell 35')",1
"('Berol Giant Pencil Sharpener', 'Nortel Networks T7316 E Nt8 B27')",1
"('Berol Giant Pencil Sharpener', 'Premier Electric Letter Opener')",1
"('Berol Giant Pencil Sharpener', 'Regeneration Desk Collection')",1
"('Bush Westfield Collection Bookcases, Fully Assembled', 'Cardinal Holdit Business Card Pockets')",1
"('Bush Westfield Collection Bookcases, Fully Assembled', 'Newell 35')",1
"('Bush Westfield Collection Bookcases, Fully Assembled', 'Nortel Networks T7316 E Nt8 B27')",1
"('Bush Westfield Collection Bookcases, Fully Assembled', 'Premier Electric Letter Opener')",1
"('Bush Westfield Collection Bookcases, Fully Assembled', 'Regeneration Desk Collection')",1
"('Cardinal Holdit Business Card Pockets', 'Newell 35')",1
"('Cardinal Holdit Business Card Pockets', 'Nortel Networks T7316 E Nt8 B27')",1
"('Cardinal Holdit Business Card Pockets', 'Premier Electric Letter Opener')",1
"('Cardinal Holdit Business Card Pockets', 'Regeneration Desk Collection')",1
"('Newell 35', 'Nortel Networks T7316 E Nt8 B27')",1
"('Newell 35', 'Premier Electric Letter Opener')",1
"('Newell 35', 'Regeneration Desk Collection')",1
"('Nortel Networks T7316 E Nt8 B27', 'Premier Electric Letter Opener')",1
"('Nortel Networks T7316 E Nt8 B27', 'Regeneration Desk Collection')",1
"('Premier Electric Letter Opener', 'Regeneration Desk Collection')",1
"('File Shuttle I and Handi-File', 'Xerox 1930')",1
"('Newell 311', 'Razer Tiamat Over Ear 7.1 Surround Sound PC Gaming Headset')",1
"('Newell 311', 'Tenex Contemporary Contur Chairmats for Low and Medium Pile Carpet, Computer, 39"" x 49""')",1
"('Razer Tiamat Over Ear 7.1 Surround Sound PC Gaming Headset', 'Tenex Contemporary Contur Chairmats for Low and Medium Pile Carpet, Computer, 39"" x 49""')",1
"('Acco 7-Outlet Masterpiece Power Center, Wihtout Fax/Phone Line Protection', 'Ibico Plastic and Wire Spiral Binding Combs')",1
"('Acco 7-Outlet Masterpiece Power Center, Wihtout Fax/Phone Line Protection', 'Tennsco Commercial Shelving')",1
"('Acco 7-Outlet Masterpiece Power Center, Wihtout Fax/Phone Line Protection', 'Xerox 211')",1
"('Acco 7-Outlet Masterpiece Power Center, Wihtout Fax/Phone Line Protection', 'Xerox 221')",1
"('Ibico Plastic and Wire Spiral Binding Combs', 'Tennsco Commercial Shelving')",1
"('Ibico Plastic and Wire Spiral Binding Combs', 'Xerox 211')",1
"('Ibico Plastic and Wire Spiral Binding Combs', 'Xerox 221')",1
"('Tennsco Commercial Shelving', 'Xerox 211')",1
"('Tennsco Commercial Shelving', 'Xerox 221')",1
"('Xerox 211', 'Xerox 221')",1
"('Bush Cubix Collection Bookcases, Fully Assembled', 'Newell 34')",1
"('Bush Cubix Collection Bookcases, Fully Assembled', 'Staples')",1
"('Cardinal HOLDit! Binder Insert Strips,Extra Strips', 'Xerox 1887')",1
"('Cardinal HOLDit! Binder Insert Strips,Extra Strips', 'Xerox 1931')",1
"('Xerox 1887', 'Xerox 1931')",1
"('Canvas Sectional Post Binders', 'Newell 332')",1
"('Hon Multipurpose Stacking Arm Chairs', 'Wirebound Message Books, Four 2 3/4"" x 5"" Forms per Page, 600 Sets per Book')",1
"('Eldon Expressions Wood and Plastic Desk Accessories, Cherry Wood', 'Eureka The Boss Cordless Rechargeable Stick Vac')",1
"('Eldon Expressions Wood and Plastic Desk Accessories, Cherry Wood', 'Seth Thomas 14"" Putty-Colored Wall Clock')",1
"('Eureka The Boss Cordless Rechargeable Stick Vac', 'Seth Thomas 14"" Putty-Colored Wall Clock')",1
"('Fellowes Officeware Wire Shelving', 'Iris 3-Drawer Stacking Bin, Black')",1
"('Fellowes Officeware Wire Shelving', 'Panasonic Business\xa0Telephones\xa0KX-T7736')",1
"('Iris 3-Drawer Stacking Bin, Black', 'Panasonic Business\xa0Telephones\xa0KX-T7736')",1
"('ACCOHIDE 3-Ring Binder, Blue, 1""', 'Jawbone MINI JAMBOX Wireless Bluetooth Speaker')",1
"('ACCOHIDE 3-Ring Binder, Blue, 1""', 'Logitech K350 2.4Ghz Wireless Keyboard')",1
"('ACCOHIDE 3-Ring Binder, Blue, 1""', 'Logitech Wireless Marathon Mouse M705')",1
"('Jawbone MINI JAMBOX Wireless Bluetooth Speaker', 'Logitech K350 2.4Ghz Wireless Keyboard')",1
"('Jawbone MINI JAMBOX Wireless Bluetooth Speaker', 'Logitech Wireless Marathon Mouse M705')",1
"('Logitech K350 2.4Ghz Wireless Keyboard', 'Logitech Wireless Marathon Mouse M705')",1
"('Wilson Jones Leather-Like Binders with DublLock Round Rings', 'Xerox 227')",1
"('Digium D40 VoIP phone', 'KeyTronic\xa0E03601U1 -\xa0Keyboard\xa0- Beige')",1
"('Digium D40 VoIP phone', 'Logitech\xa0Illuminated - Keyboard')",1
"('Digium D40 VoIP phone', 'Tennsco Commercial Shelving')",1
"('KeyTronic\xa0E03601U1 -\xa0Keyboard\xa0- Beige', 'Logitech\xa0Illuminated - Keyboard')",1
"('KeyTronic\xa0E03601U1 -\xa0Keyboard\xa0- Beige', 'Tennsco Commercial Shelving')",1
"('Logitech\xa0Illuminated - Keyboard', 'Tennsco Commercial Shelving')",1
"('Eldon 400 Class Desk Accessories, Black Carbon', 'Lexmark 20R1285 X6650 Wireless All-in-One Printer')",1
"(""Global Wood Trimmed Manager's Task Chair, Khaki"", 'Newell Chalk Holder')",1
"(""Global Wood Trimmed Manager's Task Chair, Khaki"", 'Polycom VoiceStation 500 Conference\xa0phone')",1
"(""Global Wood Trimmed Manager's Task Chair, Khaki"", 'Wilson Jones \x93Snap\x94 Scratch Pad Binder Tool for Ring Binders')",1
"('Newell Chalk Holder', 'Polycom VoiceStation 500 Conference\xa0phone')",1
"('Newell Chalk Holder', 'Wilson Jones \x93Snap\x94 Scratch Pad Binder Tool for Ring Binders')",1
"('Polycom VoiceStation 500 Conference\xa0phone', 'Wilson Jones \x93Snap\x94 Scratch Pad Binder Tool for Ring Binders')",1
"('Executive Impressions 14"" Contract Wall Clock', 'Logitech Mobile Speakerphone P710e -\xa0speaker phone')",1
"('Performers Binder/Pad Holder, Black', 'Tennsco Double-Tier Lockers')",1
"('Avery Durable Slant Ring Binders, No Labels', 'Bestar Classic Bookcase')",1
"('Avery Durable Slant Ring Binders, No Labels', 'Redi-Strip #10 Envelopes, 4 1/8 x 9 1/2')",1
"('Bestar Classic Bookcase', 'Redi-Strip #10 Envelopes, 4 1/8 x 9 1/2')",1
"('Acco Flexible ACCOHIDE Square Ring Data Binder, Dark Blue, 11 1/2"" X 14"" 7/8""', 'Advantus Rolling Storage Box')",1
"('Acco Flexible ACCOHIDE Square Ring Data Binder, Dark Blue, 11 1/2"" X 14"" 7/8""', 'Carina 42""Hx23 3/4""W Media Storage Unit')",1
"('Acco Flexible ACCOHIDE Square Ring Data Binder, Dark Blue, 11 1/2"" X 14"" 7/8""', 'WD My Passport Ultra 1TB Portable External Hard Drive')",1
"('Advantus Rolling Storage Box', 'Carina 42""Hx23 3/4""W Media Storage Unit')",1
"('Advantus Rolling Storage Box', 'WD My Passport Ultra 1TB Portable External Hard Drive')",1
"('Carina 42""Hx23 3/4""W Media Storage Unit', 'WD My Passport Ultra 1TB Portable External Hard Drive')",1
"('Convenience Packs of Business Envelopes', 'Newell 343')",1
"('Convenience Packs of Business Envelopes', 'Xerox 1911')",1
"('Newell 343', 'Xerox 1911')",1
"('Rush Hierlooms Collection Rich Wood Bookcases', 'SlimView Poly Binder, 3/8""')",1
"('Cardinal HOLDit! Binder Insert Strips,Extra Strips', 'Panasonic KX-TG6844B Expandable Digital Cordless Telephone')",1
"('Cardinal HOLDit! Binder Insert Strips,Extra Strips', 'Xerox 1924')",1
"('Panasonic KX-TG6844B Expandable Digital Cordless Telephone', 'Xerox 1924')",1
"('Newell 35', 'Xerox 203')",1
"('Logitech Wireless Headset H600 Over-The-Head Design', 'OtterBox Commuter Series Case - iPhone 5 & 5s')",1
"('Logitech Wireless Headset H600 Over-The-Head Design', 'SimpliFile Personal File, Black Granite, 15w x 6-15/16d x 11-1/4h')",1
"('Logitech Wireless Headset H600 Over-The-Head Design', 'Xerox 1885')",1
"('Logitech Wireless Headset H600 Over-The-Head Design', 'Xerox 230')",1
"('OtterBox Commuter Series Case - iPhone 5 & 5s', 'SimpliFile Personal File, Black Granite, 15w x 6-15/16d x 11-1/4h')",1
"('OtterBox Commuter Series Case - iPhone 5 & 5s', 'Xerox 1885')",1
"('OtterBox Commuter Series Case - iPhone 5 & 5s', 'Xerox 230')",1
"('SimpliFile Personal File, Black Granite, 15w x 6-15/16d x 11-1/4h', 'Xerox 1885')",1
"('SimpliFile Personal File, Black Granite, 15w x 6-15/16d x 11-1/4h', 'Xerox 230')",1
"('Xerox 1885', 'Xerox 230')",1
"('Eldon 200 Class Desk Accessories', 'Premium Transparent Presentation Covers by GBC')",1
"('Acme Preferred Stainless Steel Scissors', 'GBC ProClick Punch Binding System')",1
"('Acme Preferred Stainless Steel Scissors', 'Hot File 7-Pocket, Floor Stand')",1
"('Acme Preferred Stainless Steel Scissors', 'Xerox 1991')",1
"('GBC ProClick Punch Binding System', 'Hot File 7-Pocket, Floor Stand')",1
"('GBC ProClick Punch Binding System', 'Xerox 1991')",1
"('Hot File 7-Pocket, Floor Stand', 'Xerox 1991')",1
"('Hon 2090 \x93Pillow Soft\x94 Series Mid Back Swivel/Tilt Chairs', 'Hon 5100 Series Wood Tables')",1
"('Hon 2090 \x93Pillow Soft\x94 Series Mid Back Swivel/Tilt Chairs', 'SanDisk Cruzer 64 GB USB Flash Drive')",1
"('Hon 5100 Series Wood Tables', 'SanDisk Cruzer 64 GB USB Flash Drive')",1
"('Aastra 6757i CT Wireless VoIP phone', 'Acco Suede Grain Vinyl Round Ring Binder')",1
"('Geemarc AmpliPOWER60', 'Sanyo Counter Height Refrigerator with Crisper, 3.6 Cubic Foot, Stainless Steel/Black')",1
"('Howard Miller 13"" Diameter Goldtone Round Wall Clock', 'Logitech Desktop MK120 Mouse and keyboard Combo')",1
"('Howard Miller 13"" Diameter Goldtone Round Wall Clock', 'Prismacolor Color Pencil Set')",1
"('Howard Miller 13"" Diameter Goldtone Round Wall Clock', 'Rubbermaid ClusterMat Chairmats, Mat Size- 66"" x 60"", Lip 20"" x 11"" -90 Degree Angle')",1
"('Logitech Desktop MK120 Mouse and keyboard Combo', 'Prismacolor Color Pencil Set')",1
"('Logitech Desktop MK120 Mouse and keyboard Combo', 'Rubbermaid ClusterMat Chairmats, Mat Size- 66"" x 60"", Lip 20"" x 11"" -90 Degree Angle')",1
"('Prismacolor Color Pencil Set', 'Rubbermaid ClusterMat Chairmats, Mat Size- 66"" x 60"", Lip 20"" x 11"" -90 Degree Angle')",1
"('Jackery Bar Premium Fast-charging Portable Charger', 'Xerox 225')",1
"('Avery 487', 'Companion Letter/Legal File, Black')",1
"('Avery 487', 'Decoflex Hanging Personal Folder File, Blue')",1
"('Avery 487', 'GE General Purpose, Extra Long Life, Showcase & Floodlight Incandescent Bulbs')",1
"('Companion Letter/Legal File, Black', 'Decoflex Hanging Personal Folder File, Blue')",1
"('Companion Letter/Legal File, Black', 'GE General Purpose, Extra Long Life, Showcase & Floodlight Incandescent Bulbs')",1
"('Decoflex Hanging Personal Folder File, Blue', 'GE General Purpose, Extra Long Life, Showcase & Floodlight Incandescent Bulbs')",1
"('Avery Metallic Poly Binders', 'Logitech\xa0LS21 Speaker System - PC Multimedia - 2.1-CH - Wired')",1
"('White Dual Perf Computer Printout Paper, 2700 Sheets, 1 Part, Heavyweight, 20 lbs., 14 7/8 x 11', 'Wilson Jones Four-Pocket Poly Binders')",1
"('Executive Impressions 13"" Chairman Wall Clock', 'Hon Deluxe Fabric Upholstered Stacking Chairs, Rounded Back')",1
"('Belkin 19"" Vented Equipment Shelf, Black', ""O'Sullivan Living Dimensions 2-Shelf Bookcases"")",1
"('Howard Miller 13-1/2"" Diameter Rosebrook Wall Clock', 'Tenex 46"" x 60"" Computer Anti-Static Chairmat, Rectangular Shaped')",1
"('3M Hangers With Command Adhesive', 'Maxell 4.7GB DVD+R 5/Pack')",1
"('Angle-D Ring Binders', 'Boston 1730 StandUp Electric Pencil Sharpener')",1
"('Angle-D Ring Binders', 'Safco Contoured Stacking Chairs')",1
"('Angle-D Ring Binders', 'TOPS Voice Message Log Book, Flash Format')",1
"('Boston 1730 StandUp Electric Pencil Sharpener', 'Safco Contoured Stacking Chairs')",1
"('Boston 1730 StandUp Electric Pencil Sharpener', 'TOPS Voice Message Log Book, Flash Format')",1
"('Safco Contoured Stacking Chairs', 'TOPS Voice Message Log Book, Flash Format')",1
"('Adjustable Depth Letter/Legal Cart', 'Avery Durable Plastic 1"" Binders')",1
"('Adjustable Depth Letter/Legal Cart', 'Pressboard Data Binders by Wilson Jones')",1
"('Avery Durable Plastic 1"" Binders', 'Pressboard Data Binders by Wilson Jones')",1
"('Acme 10"" Easy Grip Assistive Scissors', 'Tripp Lite Isotel 6 Outlet Surge Protector with Fax/Modem Protection')",1
"('Dot Matrix Printer Tape Reel Labels, White, 5000/Box', 'GBC White Gloss Covers, Plain Front')",1
"('Dot Matrix Printer Tape Reel Labels, White, 5000/Box', 'GE 48"" Fluorescent Tube, Cool White Energy Saver, 34 Watts, 30/Box')",1
"('Dot Matrix Printer Tape Reel Labels, White, 5000/Box', 'Micro Innovations USB RF Wireless Keyboard with Mouse')",1
"('GBC White Gloss Covers, Plain Front', 'GE 48"" Fluorescent Tube, Cool White Energy Saver, 34 Watts, 30/Box')",1
"('GBC White Gloss Covers, Plain Front', 'Micro Innovations USB RF Wireless Keyboard with Mouse')",1
"('GE 48"" Fluorescent Tube, Cool White Energy Saver, 34 Watts, 30/Box', 'Micro Innovations USB RF Wireless Keyboard with Mouse')",1
"('Logitech G19 Programmable Gaming Keyboard', 'Motorola HK250 Universal Bluetooth Headset')",1
"('Logitech G19 Programmable Gaming Keyboard', 'Square Credit Card Reader, 4 1/2"" x 4 1/2"" x 1"", White')",1
"('Motorola HK250 Universal Bluetooth Headset', 'Square Credit Card Reader, 4 1/2"" x 4 1/2"" x 1"", White')",1
"('Aluminum Screw Posts', 'Xerox 209')",1
"('Nortel Networks T7316 E Nt8 B27', 'Tensor Computer Mounted Lamp')",1
"('Performers Binder/Pad Holder, Black', 'SAFCO Mobile Desk Side File, Wire Frame')",1
"('Performers Binder/Pad Holder, Black', 'Standard Line \x93While You Were Out\x94 Hardbound Telephone Message Book')",1
"('Performers Binder/Pad Holder, Black', 'Vinyl Sectional Post Binders')",1
"('SAFCO Mobile Desk Side File, Wire Frame', 'Standard Line \x93While You Were Out\x94 Hardbound Telephone Message Book')",1
"('SAFCO Mobile Desk Side File, Wire Frame', 'Vinyl Sectional Post Binders')",1
"('Standard Line \x93While You Were Out\x94 Hardbound Telephone Message Book', 'Vinyl Sectional Post Binders')",1
"('Xerox 1980', 'Xerox 1987')",1
"('Acco Pressboard Covers with Storage Hooks, 14 7/8"" x 11"", Executive Red', 'Flat Face Poster Frame')",1
"('Acco Pressboard Covers with Storage Hooks, 14 7/8"" x 11"", Executive Red', 'Global Commerce Series Low-Back Swivel/Tilt Chairs')",1
"('Acco Pressboard Covers with Storage Hooks, 14 7/8"" x 11"", Executive Red', 'SAFCO PlanMaster Boards, 60w x 37-1/2d, White Melamine')",1
"('Acco Pressboard Covers with Storage Hooks, 14 7/8"" x 11"", Executive Red', 'Vtech CS6719')",1
"('Flat Face Poster Frame', 'Global Commerce Series Low-Back Swivel/Tilt Chairs')",1
"('Flat Face Poster Frame', 'SAFCO PlanMaster Boards, 60w x 37-1/2d, White Melamine')",1
"('Flat Face Poster Frame', 'Vtech CS6719')",1
"('Global Commerce Series Low-Back Swivel/Tilt Chairs', 'SAFCO PlanMaster Boards, 60w x 37-1/2d, White Melamine')",1
"('Global Commerce Series Low-Back Swivel/Tilt Chairs', 'Vtech CS6719')",1
"('SAFCO PlanMaster Boards, 60w x 37-1/2d, White Melamine', 'Vtech CS6719')",1
"('Fellowes Advanced Computer Series Surge Protectors', 'Prang Dustless Chalk Sticks')",1
"('Fellowes Advanced Computer Series Surge Protectors', 'Satellite Sectional Post Binders')",1
"('Fellowes Advanced Computer Series Surge Protectors', 'Staples')",1
"('Fellowes Advanced Computer Series Surge Protectors', 'Wirebound Message Book, 4 per Page')",1
"('Prang Dustless Chalk Sticks', 'Satellite Sectional Post Binders')",1
"('Prang Dustless Chalk Sticks', 'Staples')",1
"('Prang Dustless Chalk Sticks', 'Wirebound Message Book, 4 per Page')",1
"('Satellite Sectional Post Binders', 'Wirebound Message Book, 4 per Page')",1
"('Staples', 'Wirebound Message Book, 4 per Page')",1
"('DIXON Oriole Pencils', 'GBC Recycled VeloBinder Covers')",1
"('DIXON Oriole Pencils', 'Telephone Message Books with Fax/Mobile Section, 4 1/4"" x 6""')",1
"('DIXON Oriole Pencils', 'Wilson Jones Active Use Binders')",1
"('GBC Recycled VeloBinder Covers', 'Telephone Message Books with Fax/Mobile Section, 4 1/4"" x 6""')",1
"('Telephone Message Books with Fax/Mobile Section, 4 1/4"" x 6""', 'Wilson Jones Active Use Binders')",1
"('BIC Liqua Brite Liner', 'Ibico Plastic and Wire Spiral Binding Combs')",1
"('BIC Liqua Brite Liner', 'Maxell Pro 80 Minute CD-R, 10/Pack')",1
"('BIC Liqua Brite Liner', 'Staples')",1
"('Ibico Plastic and Wire Spiral Binding Combs', 'Maxell Pro 80 Minute CD-R, 10/Pack')",1
"('Maxell Pro 80 Minute CD-R, 10/Pack', 'Staples')",1
"('Avery 492', 'Bush Somerset Collection Bookcase')",1
"('Avery Hole Reinforcements', 'Rogers Handheld Barrel Pencil Sharpener')",1
"('Avery Hole Reinforcements', 'Staples')",1
"('Rogers Handheld Barrel Pencil Sharpener', 'Staples')",1
"('Prang Colored Pencils', 'Spigen Samsung Galaxy S5 Case Wallet')",1
"('3D Systems Cube Printer, 2nd Generation, White', 'Vinyl Sectional Post Binders')",1
"('3D Systems Cube Printer, 2nd Generation, White', 'Xerox 209')",1
"('Vinyl Sectional Post Binders', 'Xerox 209')",1
"('American Pencil', 'White Envelopes, White Envelopes with Clear Poly Window')",1
"('Logitech K350 2.4Ghz Wireless Keyboard', 'Safco Industrial Shelving')",1
"('Belkin 6 Outlet Metallic Surge Strip', 'Ibico Plastic Spiral Binding Combs')",1
"('Belkin 6 Outlet Metallic Surge Strip', 'Xerox 201')",1
"('Ibico Plastic Spiral Binding Combs', 'Xerox 201')",1
"('3M Organizer Strips', 'Avery 4027 File Folder Labels for Dot Matrix Printers, 5000 Labels per Box, White')",1
"('3M Organizer Strips', 'Acco 6 Outlet Guardian Standard Surge Suppressor')",1
"('3M Organizer Strips', 'Fellowes Stor/Drawer Steel Plus Storage Drawers')",1
"('3M Organizer Strips', 'Holmes Replacement Filter for HEPA Air Cleaner, Medium Room')",1
"('3M Organizer Strips', 'Imation\xa0Clip USB\xa0flash drive\xa0- 8 GB')",1
"('3M Organizer Strips', 'Logitech G105 Gaming Keyboard')",1
"('3M Organizer Strips', 'Newell 3-Hole Punched Plastic Slotted Magazine Holders for Binders')",1
"('3M Organizer Strips', 'Xerox 1970')",1
"('Acco 6 Outlet Guardian Standard Surge Suppressor', 'Fellowes Stor/Drawer Steel Plus Storage Drawers')",1
"('Acco 6 Outlet Guardian Standard Surge Suppressor', 'Holmes Replacement Filter for HEPA Air Cleaner, Medium Room')",1
"('Acco 6 Outlet Guardian Standard Surge Suppressor', 'Imation\xa0Clip USB\xa0flash drive\xa0- 8 GB')",1
"('Acco 6 Outlet Guardian Standard Surge Suppressor', 'Logitech G105 Gaming Keyboard')",1
"('Acco 6 Outlet Guardian Standard Surge Suppressor', 'Newell 3-Hole Punched Plastic Slotted Magazine Holders for Binders')",1
"('Acco 6 Outlet Guardian Standard Surge Suppressor', 'Xerox 1970')",1
"('Fellowes Stor/Drawer Steel Plus Storage Drawers', 'Holmes Replacement Filter for HEPA Air Cleaner, Medium Room')",1
"('Fellowes Stor/Drawer Steel Plus Storage Drawers', 'Imation\xa0Clip USB\xa0flash drive\xa0- 8 GB')",1
"('Fellowes Stor/Drawer Steel Plus Storage Drawers', 'Logitech G105 Gaming Keyboard')",1
"('Fellowes Stor/Drawer Steel Plus Storage Drawers', 'Newell 3-Hole Punched Plastic Slotted Magazine Holders for Binders')",1
"('Fellowes Stor/Drawer Steel Plus Storage Drawers', 'Xerox 1970')",1
"('Holmes Replacement Filter for HEPA Air Cleaner, Medium Room', 'Imation\xa0Clip USB\xa0flash drive\xa0- 8 GB')",1
"('Holmes Replacement Filter for HEPA Air Cleaner, Medium Room', 'Logitech G105 Gaming Keyboard')",1
"('Holmes Replacement Filter for HEPA Air Cleaner, Medium Room', 'Newell 3-Hole Punched Plastic Slotted Magazine Holders for Binders')",1
"('Holmes Replacement Filter for HEPA Air Cleaner, Medium Room', 'Xerox 1970')",1
"('Imation\xa0Clip USB\xa0flash drive\xa0- 8 GB', 'Logitech G105 Gaming Keyboard')",1
"('Imation\xa0Clip USB\xa0flash drive\xa0- 8 GB', 'Newell 3-Hole Punched Plastic Slotted Magazine Holders for Binders')",1
"('Imation\xa0Clip USB\xa0flash drive\xa0- 8 GB', 'Xerox 1970')",1
"('Logitech G105 Gaming Keyboard', 'Newell 3-Hole Punched Plastic Slotted Magazine Holders for Binders')",1
"('Logitech G105 Gaming Keyboard', 'Xerox 1970')",1
"('Newell 3-Hole Punched Plastic Slotted Magazine Holders for Binders', 'Xerox 1970')",1
"('Advantus Plastic Paper Clips', 'Belkin 19"" Center-Weighted Shelf, Gray')",1
"('Advantus Plastic Paper Clips', 'Belkin 7-Outlet SurgeMaster Home Series')",1
"('Belkin 19"" Center-Weighted Shelf, Gray', 'Belkin 7-Outlet SurgeMaster Home Series')",1
"('Imation\xa08gb Micro Traveldrive Usb 2.0\xa0Flash Drive', 'Logitech Desktop MK120 Mouse and keyboard Combo')",1
"('Imation\xa08gb Micro Traveldrive Usb 2.0\xa0Flash Drive', 'Xerox 21')",1
"('Logitech Desktop MK120 Mouse and keyboard Combo', 'Xerox 21')",1
"('Logitech Wireless Performance Mouse MX for PC and Mac', 'Newell 330')",1
"('BIC Brite Liner Highlighters, Chisel Tip', 'Binney & Smith inkTank Desk Highlighter, Chisel Tip, Yellow, 12/Box')",1
"('BIC Brite Liner Highlighters, Chisel Tip', 'Boston 1645 Deluxe Heavier-Duty Electric Pencil Sharpener')",1
"('BIC Brite Liner Highlighters, Chisel Tip', 'Fellowes High-Stak Drawer Files')",1
"('Adams Telephone Message Book w/Frequently-Called Numbers Space, 400 Messages per Book', 'Xerox 1885')",1
"('Binney & Smith inkTank Desk Highlighter, Chisel Tip, Yellow, 12/Box', 'Boston 1645 Deluxe Heavier-Duty Electric Pencil Sharpener')",1
"('Binney & Smith inkTank Desk Highlighter, Chisel Tip, Yellow, 12/Box', 'Fellowes High-Stak Drawer Files')",1
"('Binney & Smith inkTank Desk Highlighter, Chisel Tip, Yellow, 12/Box', 'Staples')",1
"('Boston 1645 Deluxe Heavier-Duty Electric Pencil Sharpener', 'Fellowes High-Stak Drawer Files')",1
"('Boston 1645 Deluxe Heavier-Duty Electric Pencil Sharpener', 'Staples')",1
"('Fellowes High-Stak Drawer Files', 'Staples')",1
"('Boston KS Multi-Size Manual Pencil Sharpener', 'Samsung Galaxy Mega 6.3')",1
"('Boston KS Multi-Size Manual Pencil Sharpener', 'Sauder Camden County Collection Libraries, Planked Cherry Finish')",1
"('Boston KS Multi-Size Manual Pencil Sharpener', 'Xerox 1968')",1
"('Samsung Galaxy Mega 6.3', 'Sauder Camden County Collection Libraries, Planked Cherry Finish')",1
"('Samsung Galaxy Mega 6.3', 'Xerox 1968')",1
"('Sauder Camden County Collection Libraries, Planked Cherry Finish', 'Xerox 1968')",1
"('C-Line Peel & Stick Add-On Filing Pockets, 8-3/4 x 5-1/8, 10/Pack', 'Eldon Expressions Wood Desk Accessories, Oak')",1
"('C-Line Peel & Stick Add-On Filing Pockets, 8-3/4 x 5-1/8, 10/Pack', 'Fellowes Officeware Wire Shelving')",1
"('C-Line Peel & Stick Add-On Filing Pockets, 8-3/4 x 5-1/8, 10/Pack', 'Super Bands, 12/Pack')",1
"('Eldon Expressions Wood Desk Accessories, Oak', 'Fellowes Officeware Wire Shelving')",1
"('Eldon Expressions Wood Desk Accessories, Oak', 'Super Bands, 12/Pack')",1
"('Fellowes Officeware Wire Shelving', 'Super Bands, 12/Pack')",1
"(""Lock-Up Easel 'Spel-Binder'"", 'SAFCO Arco Folding Chair')",1
"('GBC ProClick 150 Presentation Binding System', 'Manco Dry-Lighter Erasable Highlighter')",1
"('Global Ergonomic Managers Chair', 'Logitech Wireless Marathon Mouse M705')",1
"('Avery Metallic Poly Binders', 'Compact Automatic Electric Letter Opener')",1
"('Black & Decker Filter for Double Action Dustbuster Cordless Vac BLDV7210', 'Tennsco 16-Compartment Lockers with Coat Rack')",1
"('Newell 343', 'SanDisk Cruzer 64 GB USB Flash Drive')",1
"('Acco Pressboard Covers with Storage Hooks, 14 7/8"" x 11"", Light Blue', 'Avery 514')",1
"('Acco Pressboard Covers with Storage Hooks, 14 7/8"" x 11"", Light Blue', 'Avery Non-Stick Binders')",1
"('Acco Pressboard Covers with Storage Hooks, 14 7/8"" x 11"", Light Blue', 'GBC Pre-Punched Binding Paper, Plastic, White, 8-1/2"" x 11""')",1
"('Acco Pressboard Covers with Storage Hooks, 14 7/8"" x 11"", Light Blue', 'Global Adaptabilites Bookcase, Cherry/Storm Gray Finish')",1
"('Acco Pressboard Covers with Storage Hooks, 14 7/8"" x 11"", Light Blue', 'Green Bar Computer Printout Paper')",1
"('Acco Pressboard Covers with Storage Hooks, 14 7/8"" x 11"", Light Blue', 'Mini 13-1/2 Capacity Data Binder Rack, Pearl')",1
"('Avery 514', 'Avery Non-Stick Binders')",1
"('Avery 514', 'GBC Pre-Punched Binding Paper, Plastic, White, 8-1/2"" x 11""')",1
"('Avery 514', 'Global Adaptabilites Bookcase, Cherry/Storm Gray Finish')",1
"('Avery 514', 'Green Bar Computer Printout Paper')",1
"('Avery 514', 'Mini 13-1/2 Capacity Data Binder Rack, Pearl')",1
"('Avery Non-Stick Binders', 'GBC Pre-Punched Binding Paper, Plastic, White, 8-1/2"" x 11""')",1
"('Avery Non-Stick Binders', 'Global Adaptabilites Bookcase, Cherry/Storm Gray Finish')",1
"('Avery Non-Stick Binders', 'Green Bar Computer Printout Paper')",1
"('Avery Non-Stick Binders', 'Mini 13-1/2 Capacity Data Binder Rack, Pearl')",1
"('GBC Pre-Punched Binding Paper, Plastic, White, 8-1/2"" x 11""', 'Global Adaptabilites Bookcase, Cherry/Storm Gray Finish')",1
"('GBC Pre-Punched Binding Paper, Plastic, White, 8-1/2"" x 11""', 'Green Bar Computer Printout Paper')",1
"('GBC Pre-Punched Binding Paper, Plastic, White, 8-1/2"" x 11""', 'Mini 13-1/2 Capacity Data Binder Rack, Pearl')",1
"('Global Adaptabilites Bookcase, Cherry/Storm Gray Finish', 'Green Bar Computer Printout Paper')",1
"('Global Adaptabilites Bookcase, Cherry/Storm Gray Finish', 'Mini 13-1/2 Capacity Data Binder Rack, Pearl')",1
"('Green Bar Computer Printout Paper', 'Mini 13-1/2 Capacity Data Binder Rack, Pearl')",1
"('Bush Andora Conference Table, Maple/Graphite Gray Finish', 'Peel-Off China Markers')",1
"('Acco Pressboard Covers with Storage Hooks, 14 7/8"" x 11"", Light Blue', 'Avery Framed View Binder, EZD Ring (Locking), Navy, 1 1/2""')",1
"('Acco Pressboard Covers with Storage Hooks, 14 7/8"" x 11"", Light Blue', 'Plastic Stacking Crates & Casters')",1
"('Avery Framed View Binder, EZD Ring (Locking), Navy, 1 1/2""', 'Plastic Stacking Crates & Casters')",1
"('Crayola Anti Dust Chalk, 12/Pack', 'Newell 338')",1
"('Crayola Anti Dust Chalk, 12/Pack', 'Novimex Swivel Fabric Task Chair')",1
"('Newell 338', 'Novimex Swivel Fabric Task Chair')",1
"('Bush Andora Bookcase, Maple/Graphite Gray Finish', 'Xerox 1930')",1
"('Acco D-Ring Binder w/DublLock', 'Ibico Plastic and Wire Spiral Binding Combs')",1
"('Acco D-Ring Binder w/DublLock', 'Safco Steel Mobile File Cart')",1
"('Ibico Plastic and Wire Spiral Binding Combs', 'Safco Steel Mobile File Cart')",1
"('Deflect-o EconoMat Nonstudded, No Bevel Mat', 'LF Elite 3D Dazzle Designer Hard Case Cover, Lf Stylus Pen and Wiper For Apple Iphone 5c Mini Lite')",1
"('DAX Executive Solid Wood Document Frame, Desktop or Hang, Mahogany, 5 x 7', 'Seth Thomas 12"" Clock w/ Goldtone Case')",1
"('DAX Executive Solid Wood Document Frame, Desktop or Hang, Mahogany, 5 x 7', 'Xerox 1888')",1
"('Seth Thomas 12"" Clock w/ Goldtone Case', 'Xerox 1888')",1
"('ARKON Windshield Dashboard Air Vent Car Mount Holder', 'Bagged Rubber Bands')",1
"('ARKON Windshield Dashboard Air Vent Car Mount Holder', 'DAX Charcoal/Nickel-Tone Document Frame, 5 x 7')",1
"('ARKON Windshield Dashboard Air Vent Car Mount Holder', 'Imation\xa0USB 2.0 Swivel\xa0Flash Drive\xa0USB\xa0flash drive\xa0- 4 GB - Pink')",1
"('ARKON Windshield Dashboard Air Vent Car Mount Holder', 'Microsoft Sculpt Comfort Mouse')",1
"('ARKON Windshield Dashboard Air Vent Car Mount Holder', 'Staples')",1
"('ARKON Windshield Dashboard Air Vent Car Mount Holder', 'Tenex Personal Project File with Scoop Front Design, Black')",1
"('ARKON Windshield Dashboard Air Vent Car Mount Holder', 'Xerox 188')",1
"('Bagged Rubber Bands', 'DAX Charcoal/Nickel-Tone Document Frame, 5 x 7')",1
"('Bagged Rubber Bands', 'Imation\xa0USB 2.0 Swivel\xa0Flash Drive\xa0USB\xa0flash drive\xa0- 4 GB - Pink')",1
"('Bagged Rubber Bands', 'Microsoft Sculpt Comfort Mouse')",1
"('Bagged Rubber Bands', 'Staples')",1
"('Bagged Rubber Bands', 'Tenex Personal Project File with Scoop Front Design, Black')",1
"('Bagged Rubber Bands', 'Xerox 188')",1
"('DAX Charcoal/Nickel-Tone Document Frame, 5 x 7', 'Imation\xa0USB 2.0 Swivel\xa0Flash Drive\xa0USB\xa0flash drive\xa0- 4 GB - Pink')",1
"('DAX Charcoal/Nickel-Tone Document Frame, 5 x 7', 'Microsoft Sculpt Comfort Mouse')",1
"('DAX Charcoal/Nickel-Tone Document Frame, 5 x 7', 'Staples')",1
"('DAX Charcoal/Nickel-Tone Document Frame, 5 x 7', 'Tenex Personal Project File with Scoop Front Design, Black')",1
"('DAX Charcoal/Nickel-Tone Document Frame, 5 x 7', 'Xerox 188')",1
"('Imation\xa0USB 2.0 Swivel\xa0Flash Drive\xa0USB\xa0flash drive\xa0- 4 GB - Pink', 'Microsoft Sculpt Comfort Mouse')",1
"('Imation\xa0USB 2.0 Swivel\xa0Flash Drive\xa0USB\xa0flash drive\xa0- 4 GB - Pink', 'Staples')",1
"('Imation\xa0USB 2.0 Swivel\xa0Flash Drive\xa0USB\xa0flash drive\xa0- 4 GB - Pink', 'Tenex Personal Project File with Scoop Front Design, Black')",1
"('Imation\xa0USB 2.0 Swivel\xa0Flash Drive\xa0USB\xa0flash drive\xa0- 4 GB - Pink', 'Xerox 188')",1
"('Microsoft Sculpt Comfort Mouse', 'Staples')",1
"('Microsoft Sculpt Comfort Mouse', 'Tenex Personal Project File with Scoop Front Design, Black')",1
"('Microsoft Sculpt Comfort Mouse', 'Xerox 188')",1
"('Staples', 'Tenex Personal Project File with Scoop Front Design, Black')",1
"('Tenex Personal Project File with Scoop Front Design, Black', 'Xerox 188')",1
"('Cisco SPA112 2 Port Phone Adapter', 'DMI Arturo Collection Mission-style Design Wood Chair')",1
"('Acco Perma 2700 Stacking Storage Drawers', 'Mitel MiVoice 5330e IP Phone')",1
"('Avery 3 1/2"" Diskette Storage Pages, 10/Pack', 'Avery Recycled Flexi-View Covers for Binding Systems')",1
"('Avery 3 1/2"" Diskette Storage Pages, 10/Pack', 'Cisco CP-7937G Unified IP Conference Station Phone')",1
"('Avery Recycled Flexi-View Covers for Binding Systems', 'Cisco CP-7937G Unified IP Conference Station Phone')",1
"('Newell 310', 'Newell 314')",1
"('Newell 310', 'SanDisk Cruzer 64 GB USB Flash Drive')",1
"('Newell 310', 'Situations Contoured Folding Chairs, 4/Set')",1
"('Newell 314', 'SanDisk Cruzer 64 GB USB Flash Drive')",1
"('Newell 314', 'Situations Contoured Folding Chairs, 4/Set')",1
"('SanDisk Cruzer 64 GB USB Flash Drive', 'Situations Contoured Folding Chairs, 4/Set')",1
"('Eldon Expressions Desk Accessory, Wood Photo Frame, Mahogany', 'Global Commerce Series High-Back Swivel/Tilt Chairs')",1
"('Bush Advantage Collection Round Conference Table', 'Xerox 1919')",1
"('Ampad Gold Fibre Wirebound Steno Books, 6"" x 9"", Gregg Ruled', 'Avery 05222 Permanent Self-Adhesive File Folder Labels for Typewriters, on Rolls, White, 250/Roll')",1
"('Ampad Gold Fibre Wirebound Steno Books, 6"" x 9"", Gregg Ruled', 'BPI Conference Tables')",1
"('Ampad Gold Fibre Wirebound Steno Books, 6"" x 9"", Gregg Ruled', 'Carina Mini System Audio Rack, Model AR050B')",1
"('Ampad Gold Fibre Wirebound Steno Books, 6"" x 9"", Gregg Ruled', 'GBC Instant Index System for Binding Systems')",1
"('Ampad Gold Fibre Wirebound Steno Books, 6"" x 9"", Gregg Ruled', 'Panasonic KX - TS880B Telephone')",1
"('Avery 05222 Permanent Self-Adhesive File Folder Labels for Typewriters, on Rolls, White, 250/Roll', 'BPI Conference Tables')",1
"('Avery 05222 Permanent Self-Adhesive File Folder Labels for Typewriters, on Rolls, White, 250/Roll', 'Carina Mini System Audio Rack, Model AR050B')",1
"('Avery 05222 Permanent Self-Adhesive File Folder Labels for Typewriters, on Rolls, White, 250/Roll', 'GBC Instant Index System for Binding Systems')",1
"('Avery 05222 Permanent Self-Adhesive File Folder Labels for Typewriters, on Rolls, White, 250/Roll', 'Panasonic KX - TS880B Telephone')",1
"('BPI Conference Tables', 'Carina Mini System Audio Rack, Model AR050B')",1
"('BPI Conference Tables', 'GBC Instant Index System for Binding Systems')",1
"('BPI Conference Tables', 'Panasonic KX - TS880B Telephone')",1
"('Carina Mini System Audio Rack, Model AR050B', 'GBC Instant Index System for Binding Systems')",1
"('Carina Mini System Audio Rack, Model AR050B', 'Panasonic KX - TS880B Telephone')",1
"('GBC Instant Index System for Binding Systems', 'Panasonic KX - TS880B Telephone')",1
"('Bush Westfield Collection Bookcases, Fully Assembled', ""Eldon ProFile File 'N Store Portable File Tub Letter/Legal Size Black"")",1
"('Chromcraft 48"" x 96"" Racetrack Double Pedestal Table', 'Hewlett-Packard 300S Scientific Calculator')",1
"('Chromcraft 48"" x 96"" Racetrack Double Pedestal Table', 'Xerox 188')",1
"('Hewlett-Packard 300S Scientific Calculator', 'Xerox 188')",1
"('14-7/8 x 11 Blue Bar Computer Printout Paper', 'AT&T 17929 Lendline Telephone')",1
"('14-7/8 x 11 Blue Bar Computer Printout Paper', 'Assorted Color Push Pins')",1
"('14-7/8 x 11 Blue Bar Computer Printout Paper', 'Xerox 1915')",1
"('AT&T 17929 Lendline Telephone', 'Assorted Color Push Pins')",1
"('AT&T 17929 Lendline Telephone', 'Xerox 1915')",1
"('Assorted Color Push Pins', 'Xerox 1915')",1
"('Acco Pressboard Covers with Storage Hooks, 14 7/8"" x 11"", Light Blue', 'Stackable Trays')",1
"('Cisco Small Business SPA 502G VoIP phone', 'Premium Transparent Presentation Covers, No Pattern/Clear, 8 1/2"" x 11""')",1
"('Cardinal Slant-D Ring Binder, Heavy Gauge Vinyl', 'GBC Binding covers')",1
"('Google Nexus 5', 'X-Rack File for Hanging Folders')",1
"('Kensington 7 Outlet MasterPiece HOMEOFFICE Power Control Center', 'Office Star - Contemporary Swivel Chair with Padded Adjustable Arms and Flex Back')",1
"('Kensington 7 Outlet MasterPiece HOMEOFFICE Power Control Center', 'Sanford Pocket Accent Highlighters')",1
"('Kensington 7 Outlet MasterPiece HOMEOFFICE Power Control Center', 'Staples')",1
"('Office Star - Contemporary Swivel Chair with Padded Adjustable Arms and Flex Back', 'Sanford Pocket Accent Highlighters')",1
"('Sanford Pocket Accent Highlighters', 'Staples')",1
"('Belkin F9S820V06 8 Outlet Surge', 'Quartet Alpha White Chalk, 12/Pack')",1
"('3.6 Cubic Foot Counter Height Office Refrigerator', 'Xerox 1988')",1
"('Avery 517', 'Design Ebony Sketching Pencil')",1
"('Avery 517', 'Eldon Simplefile Box Office')",1
"('Avery 517', 'iKross Bluetooth Portable Keyboard + Cell Phone Stand Holder + Brush for Apple iPhone 5S 5C 5, 4S 4')",1
"('Design Ebony Sketching Pencil', 'Eldon Simplefile Box Office')",1
"('Design Ebony Sketching Pencil', 'iKross Bluetooth Portable Keyboard + Cell Phone Stand Holder + Brush for Apple iPhone 5S 5C 5, 4S 4')",1
"('Eldon Simplefile Box Office', 'iKross Bluetooth Portable Keyboard + Cell Phone Stand Holder + Brush for Apple iPhone 5S 5C 5, 4S 4')",1
"('DAX Executive Solid Wood Document Frame, Desktop or Hang, Mahogany, 5 x 7', 'Logitech G13 Programmable Gameboard with LCD Display')",1
"('Acco Suede Grain Vinyl Round Ring Binder', 'Bush Cubix Conference Tables, Fully Assembled')",1
"('Fellowes Mobile File Cart, Black', 'Xerox 1940')",1
"('Fellowes Mobile File Cart, Black', 'Xerox 1962')",1
"('Xerox 1940', 'Xerox 1962')",1
"(""O'Sullivan 2-Shelf Heavy-Duty Bookcases"", 'OIC Stacking Trays')",1
"(""O'Sullivan 2-Shelf Heavy-Duty Bookcases"", 'Tennsco Industrial Shelving')",1
"('OIC Stacking Trays', 'Tennsco Industrial Shelving')",1
"('Executive Impressions Supervisor Wall Clock', 'Logitech\xa0P710e Mobile Speakerphone')",1
"('Executive Impressions Supervisor Wall Clock', 'Xerox 1997')",1
"('Logitech\xa0P710e Mobile Speakerphone', 'Xerox 1997')",1
"('Quartet Omega Colored Chalk, 12/Pack', 'Staples')",1
"('Acco Hot Clips Clips to Go', 'Xerox 1927')",1
"('#10 Gummed Flap White Envelopes, 100/Box', 'ClearOne Communications CHAT 70 OC\xa0Speaker Phone')",1
"('Avery 52', 'Telephone Message Books with Fax/Mobile Section, 4 1/4"" x 6""')",1
"('GuestStacker Chair with Chrome Finish Legs', 'Kensington 6 Outlet Guardian Standard Surge Protector')",1
"('GuestStacker Chair with Chrome Finish Legs', 'Toshiba IPT2010-SD IP\xa0Telephone')",1
"('GuestStacker Chair with Chrome Finish Legs', 'Xerox 1908')",1
"('GuestStacker Chair with Chrome Finish Legs', 'Xerox 1924')",1
"('Kensington 6 Outlet Guardian Standard Surge Protector', 'Toshiba IPT2010-SD IP\xa0Telephone')",1
"('Kensington 6 Outlet Guardian Standard Surge Protector', 'Xerox 1908')",1
"('Kensington 6 Outlet Guardian Standard Surge Protector', 'Xerox 1924')",1
"('Toshiba IPT2010-SD IP\xa0Telephone', 'Xerox 1908')",1
"('Toshiba IPT2010-SD IP\xa0Telephone', 'Xerox 1924')",1
"('Xerox 1908', 'Xerox 1924')",1
"('Adams Phone Message Book, 200 Message Capacity, 8 1/16\x94 x 11\x94', 'Avery 4027 File Folder Labels for Dot Matrix Printers, 5000 Labels per Box, White')",1
"('Adams Phone Message Book, 200 Message Capacity, 8 1/16\x94 x 11\x94', 'Hoover WindTunnel Plus Canister Vacuum')",1
"('Adams Phone Message Book, 200 Message Capacity, 8 1/16\x94 x 11\x94', 'Logitech G105 Gaming Keyboard')",1
"('Adams Phone Message Book, 200 Message Capacity, 8 1/16\x94 x 11\x94', 'Sauder Camden County Collection Libraries, Planked Cherry Finish')",1
"('Avery 4027 File Folder Labels for Dot Matrix Printers, 5000 Labels per Box, White', 'Hoover WindTunnel Plus Canister Vacuum')",1
"('Avery 4027 File Folder Labels for Dot Matrix Printers, 5000 Labels per Box, White', 'Logitech G105 Gaming Keyboard')",1
"('Avery 4027 File Folder Labels for Dot Matrix Printers, 5000 Labels per Box, White', 'Sauder Camden County Collection Libraries, Planked Cherry Finish')",1
"('Hoover WindTunnel Plus Canister Vacuum', 'Logitech G105 Gaming Keyboard')",1
"('Hoover WindTunnel Plus Canister Vacuum', 'Sauder Camden County Collection Libraries, Planked Cherry Finish')",1
"('Logitech G105 Gaming Keyboard', 'Sauder Camden County Collection Libraries, Planked Cherry Finish')",1
"('Avanti 1.7 Cu. Ft. Refrigerator', 'Motorola HK250 Universal Bluetooth Headset')",1
"('Avanti 1.7 Cu. Ft. Refrigerator', 'Universal Recycled Hanging Pressboard Report Binders, Letter Size')",1
"('Motorola HK250 Universal Bluetooth Headset', 'Universal Recycled Hanging Pressboard Report Binders, Letter Size')",1
"('Avanti 1.7 Cu. Ft. Refrigerator', 'RSVP Cards & Envelopes, Blank White, 8-1/2"" X 11"", 24 Cards/25 Envelopes/Set')",1
"('Avanti 1.7 Cu. Ft. Refrigerator', 'SlimView Poly Binder, 3/8""')",1
"('RSVP Cards & Envelopes, Blank White, 8-1/2"" X 11"", 24 Cards/25 Envelopes/Set', 'SlimView Poly Binder, 3/8""')",1
"('Wilson Jones International Size A4 Ring Binders', 'Xerox 1940')",1
"('Bevis Round Conference Table Top, X-Base', 'Novimex High-Tech Fabric Mesh Task Chair')",1
"('Bevis Round Conference Table Top, X-Base', ""O'Sullivan 4-Shelf Bookcase in Odessa Pine"")",1
"('Bevis Round Conference Table Top, X-Base', 'Self-Adhesive Removable Labels')",1
"('Bevis Round Conference Table Top, X-Base', 'Sharp AL-1530CS Digital Copier')",1
"('Bevis Round Conference Table Top, X-Base', 'Sony 64GB Class 10 Micro SDHC R40 Memory Card')",1
"('Bevis Round Conference Table Top, X-Base', 'Wirebound Message Book, 4 per Page')",1
"('Bevis Round Conference Table Top, X-Base', 'Wirebound Service Call Books, 5 1/2"" x 4""')",1
"('Bevis Round Conference Table Top, X-Base', 'Xerox 1908')",1
"('Novimex High-Tech Fabric Mesh Task Chair', ""O'Sullivan 4-Shelf Bookcase in Odessa Pine"")",1
"('Novimex High-Tech Fabric Mesh Task Chair', 'Self-Adhesive Removable Labels')",1
"('Novimex High-Tech Fabric Mesh Task Chair', 'Sharp AL-1530CS Digital Copier')",1
"('Novimex High-Tech Fabric Mesh Task Chair', 'Sony 64GB Class 10 Micro SDHC R40 Memory Card')",1
"('Novimex High-Tech Fabric Mesh Task Chair', 'Wirebound Message Book, 4 per Page')",1
"('Novimex High-Tech Fabric Mesh Task Chair', 'Wirebound Service Call Books, 5 1/2"" x 4""')",1
"('Novimex High-Tech Fabric Mesh Task Chair', 'Xerox 1908')",1
"(""O'Sullivan 4-Shelf Bookcase in Odessa Pine"", 'Self-Adhesive Removable Labels')",1
"(""O'Sullivan 4-Shelf Bookcase in Odessa Pine"", 'Sharp AL-1530CS Digital Copier')",1
"(""O'Sullivan 4-Shelf Bookcase in Odessa Pine"", 'Sony 64GB Class 10 Micro SDHC R40 Memory Card')",1
"(""O'Sullivan 4-Shelf Bookcase in Odessa Pine"", 'Wirebound Message Book, 4 per Page')",1
"(""O'Sullivan 4-Shelf Bookcase in Odessa Pine"", 'Wirebound Service Call Books, 5 1/2"" x 4""')",1
"(""O'Sullivan 4-Shelf Bookcase in Odessa Pine"", 'Xerox 1908')",1
"('Self-Adhesive Removable Labels', 'Sharp AL-1530CS Digital Copier')",1
"('Self-Adhesive Removable Labels', 'Sony 64GB Class 10 Micro SDHC R40 Memory Card')",1
"('Self-Adhesive Removable Labels', 'Wirebound Message Book, 4 per Page')",1
"('Self-Adhesive Removable Labels', 'Wirebound Service Call Books, 5 1/2"" x 4""')",1
"('Self-Adhesive Removable Labels', 'Xerox 1908')",1
"('Sharp AL-1530CS Digital Copier', 'Sony 64GB Class 10 Micro SDHC R40 Memory Card')",1
"('Sharp AL-1530CS Digital Copier', 'Wirebound Message Book, 4 per Page')",1
"('Sharp AL-1530CS Digital Copier', 'Wirebound Service Call Books, 5 1/2"" x 4""')",1
"('Sharp AL-1530CS Digital Copier', 'Xerox 1908')",1
"('Sony 64GB Class 10 Micro SDHC R40 Memory Card', 'Wirebound Message Book, 4 per Page')",1
"('Sony 64GB Class 10 Micro SDHC R40 Memory Card', 'Wirebound Service Call Books, 5 1/2"" x 4""')",1
"('Sony 64GB Class 10 Micro SDHC R40 Memory Card', 'Xerox 1908')",1
"('Wirebound Message Book, 4 per Page', 'Wirebound Service Call Books, 5 1/2"" x 4""')",1
"('Wirebound Message Book, 4 per Page', 'Xerox 1908')",1
"('Wirebound Service Call Books, 5 1/2"" x 4""', 'Xerox 1908')",1
"('Compact Automatic Electric Letter Opener', 'DXL Angle-View Binders with Locking Rings, Black')",1
"('Compact Automatic Electric Letter Opener', 'Hoover Commercial Soft Guard Upright Vacuum And Disposable Filtration Bags')",1
"('Compact Automatic Electric Letter Opener', 'Lesro Sheffield Collection Coffee Table, End Table, Center Table, Corner Table')",1
"('DXL Angle-View Binders with Locking Rings, Black', 'Hoover Commercial Soft Guard Upright Vacuum And Disposable Filtration Bags')",1
"('DXL Angle-View Binders with Locking Rings, Black', 'Lesro Sheffield Collection Coffee Table, End Table, Center Table, Corner Table')",1
"('Hoover Commercial Soft Guard Upright Vacuum And Disposable Filtration Bags', 'Lesro Sheffield Collection Coffee Table, End Table, Center Table, Corner Table')",1
"('DAX Charcoal/Nickel-Tone Document Frame, 5 x 7', 'Recycled Data-Pak for Archival Bound Computer Printouts, 12-1/2 x 12-1/2 x 16')",1
"('DAX Charcoal/Nickel-Tone Document Frame, 5 x 7', 'Southworth 25% Cotton Antique Laid Paper & Envelopes')",1
"('Recycled Data-Pak for Archival Bound Computer Printouts, 12-1/2 x 12-1/2 x 16', 'Southworth 25% Cotton Antique Laid Paper & Envelopes')",1
"('DIXON Ticonderoga Erasable Checking Pencils', 'Global Chrome Stack Chair')",1
"('DIXON Ticonderoga Erasable Checking Pencils', 'Hand-Finished Solid Wood Document Frame')",1
"('DIXON Ticonderoga Erasable Checking Pencils', 'Logitech G13 Programmable Gameboard with LCD Display')",1
"('DIXON Ticonderoga Erasable Checking Pencils', 'Xerox 1956')",1
"('Global Chrome Stack Chair', 'Hand-Finished Solid Wood Document Frame')",1
"('Global Chrome Stack Chair', 'Logitech G13 Programmable Gameboard with LCD Display')",1
"('Global Chrome Stack Chair', 'Xerox 1956')",1
"('Hand-Finished Solid Wood Document Frame', 'Logitech G13 Programmable Gameboard with LCD Display')",1
"('Hand-Finished Solid Wood Document Frame', 'Xerox 1956')",1
"('Logitech G13 Programmable Gameboard with LCD Display', 'Xerox 1956')",1
"('BIC Brite Liner Grip Highlighters', 'Eldon Image Series Desk Accessories, Burgundy')",1
"('BIC Brite Liner Grip Highlighters', 'Luxo Professional Fluorescent Magnifier Lamp with Clamp-Mount Base')",1
"('Eldon Image Series Desk Accessories, Burgundy', 'Luxo Professional Fluorescent Magnifier Lamp with Clamp-Mount Base')",1
"('Acco Pressboard Covers with Storage Hooks, 9 1/2"" x 11"", Executive Red', 'Master Caster Door Stop, Large Neon Orange')",1
"('Anker Ultrathin Bluetooth Wireless Keyboard Aluminum Cover with Stand ', 'JBL Micro Wireless Portable Bluetooth Speaker')",1
"('Anker Ultrathin Bluetooth Wireless Keyboard Aluminum Cover with Stand ', 'Newell 312')",1
"('JBL Micro Wireless Portable Bluetooth Speaker', 'Newell 312')",1
"('DAX Metal Frame, Desktop, Stepped-Edge', 'DAX Value U-Channel Document Frames, Easel Back')",1
"('DAX Metal Frame, Desktop, Stepped-Edge', 'Grandstream GXP1160 VoIP phone')",1
"('DAX Metal Frame, Desktop, Stepped-Edge', 'Recycled Easel Ring Binders')",1
"('DAX Metal Frame, Desktop, Stepped-Edge', 'Seth Thomas 14"" Putty-Colored Wall Clock')",1
"('DAX Value U-Channel Document Frames, Easel Back', 'Grandstream GXP1160 VoIP phone')",1
"('DAX Value U-Channel Document Frames, Easel Back', 'Seth Thomas 14"" Putty-Colored Wall Clock')",1
"('Grandstream GXP1160 VoIP phone', 'Recycled Easel Ring Binders')",1
"('Grandstream GXP1160 VoIP phone', 'Seth Thomas 14"" Putty-Colored Wall Clock')",1
"('Recycled Easel Ring Binders', 'Seth Thomas 14"" Putty-Colored Wall Clock')",1
"('Global Low Back Tilter Chair', 'Global Value Steno Chair, Gray')",1
"('Global Low Back Tilter Chair', 'Tensor ""Hersey Kiss"" Styled Floor Lamp')",1
"('Global Value Steno Chair, Gray', 'Tensor ""Hersey Kiss"" Styled Floor Lamp')",1
"('DAX Two-Tone Silver Metal Document Frame', 'Eldon Image Series Desk Accessories, Burgundy')",1
"('DAX Two-Tone Silver Metal Document Frame', 'Elite 5"" Scissors')",1
"('DAX Two-Tone Silver Metal Document Frame', 'Memorex Micro Travel Drive 16 GB')",1
"('DAX Two-Tone Silver Metal Document Frame', 'Newell 344')",1
"('DAX Two-Tone Silver Metal Document Frame', 'Staples')",1
"('DAX Two-Tone Silver Metal Document Frame', 'Wirebound Four 2-3/4 x 5 Forms per Page, 400 Sets per Book')",1
"('Eldon Image Series Desk Accessories, Burgundy', 'Elite 5"" Scissors')",1
"('Eldon Image Series Desk Accessories, Burgundy', 'Memorex Micro Travel Drive 16 GB')",1
"('Eldon Image Series Desk Accessories, Burgundy', 'Newell 344')",1
"('Eldon Image Series Desk Accessories, Burgundy', 'Staples')",1
"('Eldon Image Series Desk Accessories, Burgundy', 'Wirebound Four 2-3/4 x 5 Forms per Page, 400 Sets per Book')",1
"('Elite 5"" Scissors', 'Memorex Micro Travel Drive 16 GB')",1
"('Elite 5"" Scissors', 'Newell 344')",1
"('Elite 5"" Scissors', 'Staples')",1
"('Elite 5"" Scissors', 'Wirebound Four 2-3/4 x 5 Forms per Page, 400 Sets per Book')",1
"('Memorex Micro Travel Drive 16 GB', 'Newell 344')",1
"('Memorex Micro Travel Drive 16 GB', 'Staples')",1
"('Memorex Micro Travel Drive 16 GB', 'Wirebound Four 2-3/4 x 5 Forms per Page, 400 Sets per Book')",1
"('Newell 344', 'Staples')",1
"('Newell 344', 'Wirebound Four 2-3/4 x 5 Forms per Page, 400 Sets per Book')",1
"('Ampad Gold Fibre Wirebound Steno Books, 6"" x 9"", Gregg Ruled', 'Newell 330')",1
"('GBC Velobind Prepunched Cover Sets, Regency Series', 'Home/Office Personal File Carts')",1
"('GBC Velobind Prepunched Cover Sets, Regency Series', 'Razer Kraken 7.1 Surround Sound Over Ear USB Gaming Headset')",1
"('GBC Velobind Prepunched Cover Sets, Regency Series', 'Riverside Furniture Oval Coffee Table, Oval End Table, End Table with Drawer')",1
"('GBC Velobind Prepunched Cover Sets, Regency Series', 'Rogers Profile Extra Capacity Storage Tub')",1
"('Home/Office Personal File Carts', 'Razer Kraken 7.1 Surround Sound Over Ear USB Gaming Headset')",1
"('Home/Office Personal File Carts', 'Riverside Furniture Oval Coffee Table, Oval End Table, End Table with Drawer')",1
"('Home/Office Personal File Carts', 'Rogers Profile Extra Capacity Storage Tub')",1
"('Razer Kraken 7.1 Surround Sound Over Ear USB Gaming Headset', 'Riverside Furniture Oval Coffee Table, Oval End Table, End Table with Drawer')",1
"('Razer Kraken 7.1 Surround Sound Over Ear USB Gaming Headset', 'Rogers Profile Extra Capacity Storage Tub')",1
"('Riverside Furniture Oval Coffee Table, Oval End Table, End Table with Drawer', 'Rogers Profile Extra Capacity Storage Tub')",1
"('Ampad Gold Fibre Wirebound Steno Books, 6"" x 9"", Gregg Ruled', 'Staples')",1
"('Ampad Gold Fibre Wirebound Steno Books, 6"" x 9"", Gregg Ruled', 'Strathmore Photo Mount Cards')",1
"('Staples', 'Strathmore Photo Mount Cards')",1
"('Howard Miller 13-3/4"" Diameter Brushed Chrome Round Wall Clock', 'Project Tote Personal File')",1
"('Cardinal HOLDit! Binder Insert Strips,Extra Strips', 'Xerox 1905')",1
"('Xerox 1886', 'Xerox 217')",1
"('Contract Clock, 14"", Brown', 'Trav-L-File Heavy-Duty Shuttle II, Black')",1
"('Nontoxic Chalk', 'Polycom SoundPoint IP 450 VoIP phone')",1
"('Coloredge Poster Frame', 'GBC Prepunched Paper, 19-Hole, for Binding Systems, 24-lb')",1
"('Belkin F9S820V06 8 Outlet Surge', 'GBC ProClick 150 Presentation Binding System')",1
"('Belkin F9S820V06 8 Outlet Surge', 'Razer Kraken PRO Over Ear PC and Music Headset')",1
"('Belkin F9S820V06 8 Outlet Surge', 'Stacking Trays by OIC')",1
"('GBC ProClick 150 Presentation Binding System', 'Razer Kraken PRO Over Ear PC and Music Headset')",1
"('GBC ProClick 150 Presentation Binding System', 'Stacking Trays by OIC')",1
"('Razer Kraken PRO Over Ear PC and Music Headset', 'Stacking Trays by OIC')",1
"('Adtran 1202752G1', 'Global High-Back Leather Tilter, Burgundy')",1
"('Memorex Mini Travel Drive 8 GB USB 2.0 Flash Drive', 'Newell Chalk Holder')",1
"('Memorex Mini Travel Drive 8 GB USB 2.0 Flash Drive', 'Speck Products Candyshell Flip Case')",1
"('Newell Chalk Holder', 'Speck Products Candyshell Flip Case')",1
"('Acme Kleencut Forged Steel Scissors', 'Companion Letter/Legal File, Black')",1
"('Acme Kleencut Forged Steel Scissors', 'Plantronics Encore H101 Dual Earpieces\xa0Headset')",1
"('Companion Letter/Legal File, Black', 'Plantronics Encore H101 Dual Earpieces\xa0Headset')",1
"('Angle-D Ring Binders', 'Panasonic KX-TG9541B DECT 6.0 Digital 2-Line Expandable Cordless Phone With Digital Answering System')",1
"('Barricks 18"" x 48"" Non-Folding Utility Table with Bottom Storage Shelf', 'HTC One')",1
"('Barricks 18"" x 48"" Non-Folding Utility Table with Bottom Storage Shelf', 'Hot File 7-Pocket, Floor Stand')",1
"('Barricks 18"" x 48"" Non-Folding Utility Table with Bottom Storage Shelf', 'Samsung Galaxy S III - 16GB - pebble blue (T-Mobile)')",1
"('Barricks 18"" x 48"" Non-Folding Utility Table with Bottom Storage Shelf', 'Staples')",1
"('Barricks 18"" x 48"" Non-Folding Utility Table with Bottom Storage Shelf', 'Xerox 1955')",1
"('HTC One', 'Hot File 7-Pocket, Floor Stand')",1
"('HTC One', 'Samsung Galaxy S III - 16GB - pebble blue (T-Mobile)')",1
"('HTC One', 'Staples')",1
"('HTC One', 'Xerox 1955')",1
"('Hot File 7-Pocket, Floor Stand', 'Samsung Galaxy S III - 16GB - pebble blue (T-Mobile)')",1
"('Hot File 7-Pocket, Floor Stand', 'Staples')",1
"('Hot File 7-Pocket, Floor Stand', 'Xerox 1955')",1
"('Samsung Galaxy S III - 16GB - pebble blue (T-Mobile)', 'Staples')",1
"('Samsung Galaxy S III - 16GB - pebble blue (T-Mobile)', 'Xerox 1955')",1
"('Staples', 'Xerox 1955')",1
"('OtterBox Defender Series Case - Samsung Galaxy S4', 'Xerox 203')",1
"('Bush Cubix Collection Bookcases, Fully Assembled', 'Premier Electric Letter Opener')",1
"('Cardinal EasyOpen D-Ring Binders', 'Premium Transparent Presentation Covers by GBC')",1
"('Avery File Folder Labels', 'Contemporary Wood/Metal Frame')",1
"('Avery File Folder Labels', 'Toshiba IPT2010-SD IP\xa0Telephone')",1
"('Contemporary Wood/Metal Frame', 'Toshiba IPT2010-SD IP\xa0Telephone')",1
"('Contract Clock, 14"", Brown', 'Fellowes PB300 Plastic Comb Binding Machine')",1
"('Contract Clock, 14"", Brown', 'Letter Size Cart')",1
"('Fellowes PB300 Plastic Comb Binding Machine', 'Letter Size Cart')",1
"('Belkin SportFit Armband For iPhone 5s/5c, Fuchsia', 'Fellowes Staxonsteel Drawer Files')",1
"('Acco Hot Clips Clips to Go', 'Eldon 200 Class Desk Accessories')",1
"('Acco Hot Clips Clips to Go', 'GBC DocuBind P100 Manual Binding Machine')",1
"('Acco Hot Clips Clips to Go', 'Imation\xa08gb Micro Traveldrive Usb 2.0\xa0Flash Drive')",1
"('Eldon 200 Class Desk Accessories', 'GBC DocuBind P100 Manual Binding Machine')",1
"('Eldon 200 Class Desk Accessories', 'Imation\xa08gb Micro Traveldrive Usb 2.0\xa0Flash Drive')",1
"('GBC DocuBind P100 Manual Binding Machine', 'Imation\xa08gb Micro Traveldrive Usb 2.0\xa0Flash Drive')",1
"('Surelock Post Binders', 'Telephone Message Books with Fax/Mobile Section, 5 1/2"" x 3 3/16""')",1
"('Bevis 44 x 96 Conference Tables', 'Hon GuestStacker Chair')",1
"('Bevis 44 x 96 Conference Tables', 'Logitech\xa0Gaming G510s - Keyboard')",1
"('Bevis 44 x 96 Conference Tables', 'Microsoft Wireless Mobile Mouse 4000')",1
"('Hon GuestStacker Chair', 'Logitech\xa0Gaming G510s - Keyboard')",1
"('Hon GuestStacker Chair', 'Microsoft Wireless Mobile Mouse 4000')",1
"('Logitech\xa0Gaming G510s - Keyboard', 'Microsoft Wireless Mobile Mouse 4000')",1
"('Apple iPhone 5S', 'Maxell 4.7GB DVD+R 5/Pack')",1
"('Apple iPhone 5S', 'Tensor Brushed Steel Torchiere Floor Lamp')",1
"('Maxell 4.7GB DVD+R 5/Pack', 'Tensor Brushed Steel Torchiere Floor Lamp')",1
"('Fiskars Spring-Action Scissors', 'Iceberg Mobile Mega Data/Printer Cart ')",1
"('Imation Bio 8GB USB\xa0Flash Drive Imation\xa0Corp', 'Plantronics Savi W720 Multi-Device Wireless Headset System')",1
"('Acco Suede Grain Vinyl Round Ring Binder', 'BOSTON Model 1800 Electric Pencil Sharpeners, Putty/Woodgrain')",1
"('Acco Suede Grain Vinyl Round Ring Binder', 'Deflect-o RollaMat Studded, Beveled Mat for Medium Pile Carpeting')",1
"('Acco Suede Grain Vinyl Round Ring Binder', 'Eldon 200 Class Desk Accessories, Burgundy')",1
"('Acco Suede Grain Vinyl Round Ring Binder', 'GE 30524EE4')",1
"('Acco Suede Grain Vinyl Round Ring Binder', 'OIC Binder Clips, Mini, 1/4"" Capacity, Black')",1
"('Acco Suede Grain Vinyl Round Ring Binder', 'Sony Micro Vault Click 8 GB USB 2.0 Flash Drive')",1
"('BOSTON Model 1800 Electric Pencil Sharpeners, Putty/Woodgrain', 'Deflect-o RollaMat Studded, Beveled Mat for Medium Pile Carpeting')",1
"('BOSTON Model 1800 Electric Pencil Sharpeners, Putty/Woodgrain', 'Eldon 200 Class Desk Accessories, Burgundy')",1
"('BOSTON Model 1800 Electric Pencil Sharpeners, Putty/Woodgrain', 'GE 30524EE4')",1
"('BOSTON Model 1800 Electric Pencil Sharpeners, Putty/Woodgrain', 'OIC Binder Clips, Mini, 1/4"" Capacity, Black')",1
"('BOSTON Model 1800 Electric Pencil Sharpeners, Putty/Woodgrain', 'Sony Micro Vault Click 8 GB USB 2.0 Flash Drive')",1
"('Deflect-o RollaMat Studded, Beveled Mat for Medium Pile Carpeting', 'Eldon 200 Class Desk Accessories, Burgundy')",1
"('Deflect-o RollaMat Studded, Beveled Mat for Medium Pile Carpeting', 'GE 30524EE4')",1
"('Deflect-o RollaMat Studded, Beveled Mat for Medium Pile Carpeting', 'OIC Binder Clips, Mini, 1/4"" Capacity, Black')",1
"('Deflect-o RollaMat Studded, Beveled Mat for Medium Pile Carpeting', 'Sony Micro Vault Click 8 GB USB 2.0 Flash Drive')",1
"('Eldon 200 Class Desk Accessories, Burgundy', 'GE 30524EE4')",1
"('Eldon 200 Class Desk Accessories, Burgundy', 'OIC Binder Clips, Mini, 1/4"" Capacity, Black')",1
"('Eldon 200 Class Desk Accessories, Burgundy', 'Sony Micro Vault Click 8 GB USB 2.0 Flash Drive')",1
"('GE 30524EE4', 'OIC Binder Clips, Mini, 1/4"" Capacity, Black')",1
"('GE 30524EE4', 'Sony Micro Vault Click 8 GB USB 2.0 Flash Drive')",1
"('OIC Binder Clips, Mini, 1/4"" Capacity, Black', 'Sony Micro Vault Click 8 GB USB 2.0 Flash Drive')",1
"('Digium D40 VoIP phone', 'Prismacolor Color Pencil Set')",1
"('Digium D40 VoIP phone', 'Tennsco Industrial Shelving')",1
"('Digium D40 VoIP phone', 'Xerox 1914')",1
"('Prismacolor Color Pencil Set', 'Tennsco Industrial Shelving')",1
"('Prismacolor Color Pencil Set', 'Xerox 1914')",1
"('Tennsco Industrial Shelving', 'Xerox 1914')",1
"('LG G3', 'SanDisk Ultra 32 GB MicroSDHC Class 10 Memory Card')",1
"('LG G3', 'Tensor Brushed Steel Torchiere Floor Lamp')",1
"('SanDisk Ultra 32 GB MicroSDHC Class 10 Memory Card', 'Tensor Brushed Steel Torchiere Floor Lamp')",1
"(""GBC Standard Plastic Binding Systems' Combs"", 'Rogers Deluxe File Chest')",1
"(""GBC Standard Plastic Binding Systems' Combs"", 'Self-Adhesive Ring Binder Labels')",1
"(""GBC Standard Plastic Binding Systems' Combs"", 'Wilson Jones Impact Binders')",1
"('Rogers Deluxe File Chest', 'Self-Adhesive Ring Binder Labels')",1
"('Rogers Deluxe File Chest', 'Wilson Jones Impact Binders')",1
"('Self-Adhesive Ring Binder Labels', 'Wilson Jones Impact Binders')",1
"('Acco 6 Outlet Guardian Premium Plus Surge Suppressor', 'Spiral Phone Message Books with Labels by Adams')",1
"('Aastra 57i VoIP phone', 'It\'s Hot Message Books with Stickers, 2 3/4"" x 5""')",1
"('Aastra 57i VoIP phone', 'Tenex B1-RE Series Chair Mats for Low Pile Carpets')",1
"('It\'s Hot Message Books with Stickers, 2 3/4"" x 5""', 'Tenex B1-RE Series Chair Mats for Low Pile Carpets')",1
"('Acme Galleria Hot Forged Steel Scissors with Colored Handles', 'Bush Cubix Conference Tables, Fully Assembled')",1
"('Acme Galleria Hot Forged Steel Scissors with Colored Handles', 'Eldon 200 Class Desk Accessories')",1
"('Acme Galleria Hot Forged Steel Scissors with Colored Handles', 'Fellowes Bankers Box Staxonsteel Drawer File/Stacking System')",1
"('Acme Galleria Hot Forged Steel Scissors with Colored Handles', 'Xerox 216')",1
"('Bush Cubix Conference Tables, Fully Assembled', 'Eldon 200 Class Desk Accessories')",1
"('Bush Cubix Conference Tables, Fully Assembled', 'Fellowes Bankers Box Staxonsteel Drawer File/Stacking System')",1
"('Bush Cubix Conference Tables, Fully Assembled', 'Xerox 216')",1
"('Eldon 200 Class Desk Accessories', 'Fellowes Bankers Box Staxonsteel Drawer File/Stacking System')",1
"('Eldon 200 Class Desk Accessories', 'Xerox 216')",1
"('Fellowes Bankers Box Staxonsteel Drawer File/Stacking System', 'Xerox 216')",1
"('G.E. Longer-Life Indoor Recessed Floodlight Bulbs', ""Global Wood Trimmed Manager's Task Chair, Khaki"")",1
"('G.E. Longer-Life Indoor Recessed Floodlight Bulbs', 'Logitech G700s Rechargeable Gaming Mouse')",1
"('G.E. Longer-Life Indoor Recessed Floodlight Bulbs', 'Riverside Furniture Stanwyck Manor Table Series')",1
"('G.E. Longer-Life Indoor Recessed Floodlight Bulbs', 'Xerox 1928')",1
"('G.E. Longer-Life Indoor Recessed Floodlight Bulbs', 'Xerox 227')",1
"(""Global Wood Trimmed Manager's Task Chair, Khaki"", 'Logitech G700s Rechargeable Gaming Mouse')",1
"(""Global Wood Trimmed Manager's Task Chair, Khaki"", 'Riverside Furniture Stanwyck Manor Table Series')",1
"(""Global Wood Trimmed Manager's Task Chair, Khaki"", 'Xerox 1928')",1
"(""Global Wood Trimmed Manager's Task Chair, Khaki"", 'Xerox 227')",1
"('Logitech G700s Rechargeable Gaming Mouse', 'Riverside Furniture Stanwyck Manor Table Series')",1
"('Logitech G700s Rechargeable Gaming Mouse', 'Xerox 1928')",1
"('Logitech G700s Rechargeable Gaming Mouse', 'Xerox 227')",1
"('Riverside Furniture Stanwyck Manor Table Series', 'Xerox 1928')",1
"('Riverside Furniture Stanwyck Manor Table Series', 'Xerox 227')",1
"('Xerox 1928', 'Xerox 227')",1
"('GBC DocuBind P50 Personal Binding Machine', 'Tennsco Stur-D-Stor Boltless Shelving, 5 Shelves, 24"" Deep, Sand')",1
"('Bevis 44 x 96 Conference Tables', 'NETGEAR N750 Dual Band Wi-Fi Gigabit Router')",1
"('Fellowes Stor/Drawer Steel Plus Storage Drawers', 'Kensington K72356US Mouse-in-a-Box USB Desktop Mouse')",1
"('Fellowes Stor/Drawer Steel Plus Storage Drawers', 'Padded Folding Chairs, Black, 4/Carton')",1
"('Kensington K72356US Mouse-in-a-Box USB Desktop Mouse', 'Padded Folding Chairs, Black, 4/Carton')",1
"('Hewlett-Packard Deskjet 5550 Printer', 'Xerox 1891')",1
"('Cardinal Slant-D Ring Binders', 'Hon 4070 Series Pagoda Round Back Stacking Chairs')",1
"('Cardinal Slant-D Ring Binders', ""Honeywell Enviracaire Portable HEPA Air Cleaner for 17' x 22' Room"")",1
"('Cardinal Slant-D Ring Binders', 'Logitech\xa0MX Performance Wireless Mouse')",1
"('Cardinal Slant-D Ring Binders', 'Maxell\xa0LTO Ultrium - 800 GB')",1
"('Hon 4070 Series Pagoda Round Back Stacking Chairs', ""Honeywell Enviracaire Portable HEPA Air Cleaner for 17' x 22' Room"")",1
"('Hon 4070 Series Pagoda Round Back Stacking Chairs', 'Logitech\xa0MX Performance Wireless Mouse')",1
"('Hon 4070 Series Pagoda Round Back Stacking Chairs', 'Maxell\xa0LTO Ultrium - 800 GB')",1
"(""Honeywell Enviracaire Portable HEPA Air Cleaner for 17' x 22' Room"", 'Logitech\xa0MX Performance Wireless Mouse')",1
"(""Honeywell Enviracaire Portable HEPA Air Cleaner for 17' x 22' Room"", 'Maxell\xa0LTO Ultrium - 800 GB')",1
"('Logitech\xa0MX Performance Wireless Mouse', 'Maxell\xa0LTO Ultrium - 800 GB')",1
"('Adams Telephone Message Book w/Frequently-Called Numbers Space, 400 Messages per Book', 'Eldon Wave Desk Accessories')",1
"('Adams Telephone Message Book w/Frequently-Called Numbers Space, 400 Messages per Book', 'Hoover Commercial Lightweight Upright Vacuum with E-Z Empty Dirt Cup')",1
"('Adams Telephone Message Book w/Frequently-Called Numbers Space, 400 Messages per Book', 'Satellite Sectional Post Binders')",1
"('Eldon Wave Desk Accessories', 'Hoover Commercial Lightweight Upright Vacuum with E-Z Empty Dirt Cup')",1
"('Eldon Wave Desk Accessories', 'Satellite Sectional Post Binders')",1
"('Hoover Commercial Lightweight Upright Vacuum with E-Z Empty Dirt Cup', 'Satellite Sectional Post Binders')",1
"('Avery 513', 'Sterilite Officeware Hinged File Box')",1
"('Avery 513', 'Xerox 1971')",1
"('Sterilite Officeware Hinged File Box', 'Xerox 1971')",1
"('Acme Tagit Stainless Steel Antibacterial Scissors', 'Balt Split Level Computer Training Table')",1
"('Acme Tagit Stainless Steel Antibacterial Scissors', 'Quartet Omega Colored Chalk, 12/Pack')",1
"('Acme Tagit Stainless Steel Antibacterial Scissors', 'Samsung Galaxy S4')",1
"('Balt Split Level Computer Training Table', 'Quartet Omega Colored Chalk, 12/Pack')",1
"('Balt Split Level Computer Training Table', 'Samsung Galaxy S4')",1
"('Quartet Omega Colored Chalk, 12/Pack', 'Samsung Galaxy S4')",1
"('Newell 336', 'Staples')",1
"('GuestStacker Chair with Chrome Finish Legs', 'Ibico Plastic Spiral Binding Combs')",1
"('GuestStacker Chair with Chrome Finish Legs', 'Xerox 1909')",1
"('Ibico Plastic Spiral Binding Combs', 'Xerox 1909')",1
"('Atlantic Metals Mobile 3-Shelf Bookcases, Custom Colors', 'Avery Hi-Liter EverBold Pen Style Fluorescent Highlighters, 4/Pack')",1
"('Atlantic Metals Mobile 3-Shelf Bookcases, Custom Colors', 'GE DSL Phone Line Filter')",1
"('Atlantic Metals Mobile 3-Shelf Bookcases, Custom Colors', 'Wilson Jones Heavy-Duty Casebound Ring Binders with Metal Hinges')",1
"('Avery Hi-Liter EverBold Pen Style Fluorescent Highlighters, 4/Pack', 'GE DSL Phone Line Filter')",1
"('Avery Hi-Liter EverBold Pen Style Fluorescent Highlighters, 4/Pack', 'Wilson Jones Heavy-Duty Casebound Ring Binders with Metal Hinges')",1
"('GE DSL Phone Line Filter', 'Wilson Jones Heavy-Duty Casebound Ring Binders with Metal Hinges')",1
"('1.7 Cubic Foot Compact ""Cube"" Office Refrigerators', 'Avery 486')",1
"('1.7 Cubic Foot Compact ""Cube"" Office Refrigerators', 'Avery Printable Repositionable Plastic Tabs')",1
"('1.7 Cubic Foot Compact ""Cube"" Office Refrigerators', 'Cardinal Slant-D Ring Binders')",1
"('1.7 Cubic Foot Compact ""Cube"" Office Refrigerators', 'Logitech G35 7.1-Channel Surround Sound Headset')",1
"('1.7 Cubic Foot Compact ""Cube"" Office Refrigerators', 'Novimex Fabric Task Chair')",1
"('Avery 486', 'Avery Printable Repositionable Plastic Tabs')",1
"('Avery 486', 'Cardinal Slant-D Ring Binders')",1
"('Avery 486', 'Novimex Fabric Task Chair')",1
"('Avery Printable Repositionable Plastic Tabs', 'Cardinal Slant-D Ring Binders')",1
"('Avery Printable Repositionable Plastic Tabs', 'Logitech G35 7.1-Channel Surround Sound Headset')",1
"('Avery Printable Repositionable Plastic Tabs', 'Novimex Fabric Task Chair')",1
"('Cardinal Slant-D Ring Binders', 'Logitech G35 7.1-Channel Surround Sound Headset')",1
"('Cardinal Slant-D Ring Binders', 'Novimex Fabric Task Chair')",1
"('Logitech G35 7.1-Channel Surround Sound Headset', 'Novimex Fabric Task Chair')",1
"('Avery 491', 'Jabra Supreme Plus Driver Edition\xa0Headset')",1
"('Avery 48', 'Avery Arch Ring Binders')",1
"('Avery 48', 'Xerox 1915')",1
"('Avery Arch Ring Binders', 'Xerox 1915')",1
"('Acme Titanium Bonded Scissors', 'DAX Cubicle Frames, 8-1/2 x 11')",1
"('Acme Titanium Bonded Scissors', 'Maxell Pro 80 Minute CD-R, 10/Pack')",1
"('Acme Titanium Bonded Scissors', 'Smead Alpha-Z Color-Coded Second Alphabetical Labels and Starter Set')",1
"('DAX Cubicle Frames, 8-1/2 x 11', 'Maxell Pro 80 Minute CD-R, 10/Pack')",1
"('DAX Cubicle Frames, 8-1/2 x 11', 'Smead Alpha-Z Color-Coded Second Alphabetical Labels and Starter Set')",1
"('Maxell Pro 80 Minute CD-R, 10/Pack', 'Smead Alpha-Z Color-Coded Second Alphabetical Labels and Starter Set')",1
"('Socket Bluetooth Cordless Hand Scanner (CHS)', 'Wilson Electronics DB Pro Signal Booster')",1
"('Avery File Folder Labels', 'GBC DocuBind P50 Personal Binding Machine')",1
"('Avery File Folder Labels', 'Global Troy Executive Leather Low-Back Tilter')",1
"('Avery File Folder Labels', 'Space Solutions HD Industrial Steel Shelving.')",1
"('GBC DocuBind P50 Personal Binding Machine', 'Global Troy Executive Leather Low-Back Tilter')",1
"('GBC DocuBind P50 Personal Binding Machine', 'Space Solutions HD Industrial Steel Shelving.')",1
"('Global Troy Executive Leather Low-Back Tilter', 'Space Solutions HD Industrial Steel Shelving.')",1
"('Anker Ultra-Slim Mini Bluetooth 3.0 Wireless Keyboard', 'Plantronics CS 50-USB -\xa0headset\xa0- Convertible, Monaural')",1
"('Acco Pressboard Covers with Storage Hooks, 14 7/8"" x 11"", Dark Blue', 'Avery 483')",1
"('Acco Pressboard Covers with Storage Hooks, 14 7/8"" x 11"", Dark Blue', 'Global Commerce Series High-Back Swivel/Tilt Chairs')",1
"('Avery 483', 'Global Commerce Series High-Back Swivel/Tilt Chairs')",1
"('Kensington Expert Mouse Optical USB Trackball for PC or Mac', 'Master Caster Door Stop, Gray')",1
"('Kensington Expert Mouse Optical USB Trackball for PC or Mac', 'Samsung HM1900 Bluetooth Headset')",1
"('Master Caster Door Stop, Gray', 'Samsung HM1900 Bluetooth Headset')",1
"('Strathmore Photo Mount Cards', 'Verbatim 25 GB 6x Blu-ray Single Layer Recordable Disc, 10/Pack')",1
"('Compact Automatic Electric Letter Opener', 'SanDisk Ultra 16 GB MicroSDHC Class 10 Memory Card')",1
"('Storex Dura Pro Binders', 'Xerox 1948')",1
"('Avery 49', 'Eldon Executive Woodline II Desk Accessories, Mahogany')",1
"('Avery 49', 'Xerox 1975')",1
"('Avery 49', 'Xerox 1996')",1
"('Eldon Executive Woodline II Desk Accessories, Mahogany', 'Xerox 1975')",1
"('Eldon Executive Woodline II Desk Accessories, Mahogany', 'Xerox 1996')",1
"('Xerox 1975', 'Xerox 1996')",1
"('Eldon Mobile Mega Data Cart  Mega Stackable  Add-On Trays', 'Xerox 1953')",1
"('Acco Perma 3000 Stacking Storage Drawers', 'Recycled Easel Ring Binders')",1
"('Plastic Stacking Crates & Casters', 'Xerox 216')",1
"('Avery 505', 'Ooma Telo VoIP Home Phone System')",1
"('OIC #2 Pencils, Medium Soft', 'Ooma Telo VoIP Home Phone System')",1
"('Kensington Expert Mouse Optical USB Trackball for PC or Mac', 'Square Ring Data Binders, Rigid 75 Pt. Covers, 11"" x 14-7/8""')",1
"('Cisco IP Phone 7961G-GE VoIP phone', 'Memorex Mini Travel Drive 8 GB USB 2.0 Flash Drive')",1
"('Acco Translucent Poly Ring Binders', 'DXL Angle-View Binders with Locking Rings by Samsill')",1
"('Imation Bio 2GB USB\xa0Flash Drive Imation\xa0Corp', 'Novimex Turbo Task Chair')",1
"('Blue String-Tie & Button Interoffice Envelopes, 10 x 13', 'Google Nexus 5')",1
"('""While you Were Out"" Message Book, One Form per Page', '4009 Highlighters by Sanford')",1
"('""While you Were Out"" Message Book, One Form per Page', 'Acco 7-Outlet Masterpiece Power Center, Wihtout Fax/Phone Line Protection')",1
"('""While you Were Out"" Message Book, One Form per Page', 'Avery 500')",1
"('""While you Were Out"" Message Book, One Form per Page', 'Geemarc AmpliPOWER60')",1
"('""While you Were Out"" Message Book, One Form per Page', 'Global Leather Task Chair, Black')",1
"('4009 Highlighters by Sanford', 'Acco 7-Outlet Masterpiece Power Center, Wihtout Fax/Phone Line Protection')",1
"('4009 Highlighters by Sanford', 'Avery 500')",1
"('4009 Highlighters by Sanford', 'Geemarc AmpliPOWER60')",1
"('4009 Highlighters by Sanford', 'Global Leather Task Chair, Black')",1
"('Acco 7-Outlet Masterpiece Power Center, Wihtout Fax/Phone Line Protection', 'Avery 500')",1
"('Acco 7-Outlet Masterpiece Power Center, Wihtout Fax/Phone Line Protection', 'Geemarc AmpliPOWER60')",1
"('Acco 7-Outlet Masterpiece Power Center, Wihtout Fax/Phone Line Protection', 'Global Leather Task Chair, Black')",1
"('Avery 500', 'Geemarc AmpliPOWER60')",1
"('Avery 500', 'Global Leather Task Chair, Black')",1
"('Geemarc AmpliPOWER60', 'Global Leather Task Chair, Black')",1
"('Belkin 8-Outlet Premiere SurgeMaster II Surge Protectors', 'Martin-Yale Premier Letter Opener')",1
"('APC 7 Outlet Network SurgeArrest Surge Protector', 'Acco PRESSTEX Data Binder with Storage Hooks, Light Blue, 9 1/2"" X 11""')",1
"(""GBC Standard Plastic Binding Systems' Combs"", 'Hon 94000 Series Round Tables')",1
"('Contico 72""H Heavy-Duty Storage System', 'DAX Two-Tone Rosewood/Black Document Frame, Desktop, 5 x 7')",1
"('Contico 72""H Heavy-Duty Storage System', 'Plantronics 81402')",1
"('Contico 72""H Heavy-Duty Storage System', 'SAFCO Folding Chair Trolley')",1
"('DAX Two-Tone Rosewood/Black Document Frame, Desktop, 5 x 7', 'Plantronics 81402')",1
"('DAX Two-Tone Rosewood/Black Document Frame, Desktop, 5 x 7', 'SAFCO Folding Chair Trolley')",1
"('Plantronics 81402', 'SAFCO Folding Chair Trolley')",1
"('DYMO CardScan Personal V9 Business Card Scanner', 'Iceberg Nesting Folding Chair, 19w x 6d x 43h')",1
"('Hanging Personal Folder File', 'Logitech Wireless Marathon Mouse M705')",1
"('Advantus Employee of the Month Certificate Frame, 11 x 13-1/2', 'Chromcraft Round Conference Tables')",1
"('Advantus Employee of the Month Certificate Frame, 11 x 13-1/2', 'Pressboard Covers with Storage Hooks, 9 1/2"" x 11"", Light Blue')",1
"('Advantus Employee of the Month Certificate Frame, 11 x 13-1/2', 'SpineVue Locking Slant-D Ring Binders by Cardinal')",1
"('Chromcraft Round Conference Tables', 'Pressboard Covers with Storage Hooks, 9 1/2"" x 11"", Light Blue')",1
"('Chromcraft Round Conference Tables', 'SpineVue Locking Slant-D Ring Binders by Cardinal')",1
"('Pressboard Covers with Storage Hooks, 9 1/2"" x 11"", Light Blue', 'SpineVue Locking Slant-D Ring Binders by Cardinal')",1
"('Avery 474', 'Avery 499')",1
"('Avery 474', 'Staples')",1
"('Avery 499', 'Staples')",1
"('Unpadded Memo Slips', 'Xerox 1913')",1
"('Unpadded Memo Slips', 'Xerox 1982')",1
"('Xerox 1913', 'Xerox 1982')",1
"('Ibico Standard Transparent Covers', 'Xerox 1908')",1
"('Ibico Standard Transparent Covers', 'Zipper Ring Binder Pockets')",1
"('Xerox 1908', 'Zipper Ring Binder Pockets')",1
"('Logitech\xa0MX Performance Wireless Mouse', 'Xerox 1894')",1
"('Boston 16801 Nautilus Battery Pencil Sharpener', 'Digium D40 VoIP phone')",1
"('Boston 16801 Nautilus Battery Pencil Sharpener', 'It\'s Hot Message Books with Stickers, 2 3/4"" x 5""')",1
"('Digium D40 VoIP phone', 'It\'s Hot Message Books with Stickers, 2 3/4"" x 5""')",1
"('Acco Data Flex Cable Posts For Top & Bottom Load Binders, 6"" Capacity', 'Safco Industrial Wire Shelving System')",1
"('Newell 339', 'Staples')",1
"('Crate-A-Files', 'Westinghouse Mesh Shade Clip-On Gooseneck Lamp, Black')",1
"('Deflect-o DuraMat Antistatic Studded Beveled Mat for Medium Pile Carpeting', 'Eldon 400 Class Desk Accessories, Black Carbon')",1
"('Deflect-o DuraMat Antistatic Studded Beveled Mat for Medium Pile Carpeting', 'Hoover Replacement Belt for Commercial Guardsman Heavy-Duty Upright Vacuum')",1
"('Deflect-o DuraMat Antistatic Studded Beveled Mat for Medium Pile Carpeting', 'KI Adjustable-Height Table')",1
"('Deflect-o DuraMat Antistatic Studded Beveled Mat for Medium Pile Carpeting', 'Office Impressions End Table, 20-1/2""H x 24""W x 20""D')",1
"('Deflect-o DuraMat Antistatic Studded Beveled Mat for Medium Pile Carpeting', 'Wirebound Message Book, 4 per Page')",1
"('Eldon 400 Class Desk Accessories, Black Carbon', 'Hoover Replacement Belt for Commercial Guardsman Heavy-Duty Upright Vacuum')",1
"('Eldon 400 Class Desk Accessories, Black Carbon', 'KI Adjustable-Height Table')",1
"('Eldon 400 Class Desk Accessories, Black Carbon', 'Office Impressions End Table, 20-1/2""H x 24""W x 20""D')",1
"('Eldon 400 Class Desk Accessories, Black Carbon', 'Wirebound Message Book, 4 per Page')",1
"('Hoover Replacement Belt for Commercial Guardsman Heavy-Duty Upright Vacuum', 'KI Adjustable-Height Table')",1
"('Hoover Replacement Belt for Commercial Guardsman Heavy-Duty Upright Vacuum', 'Office Impressions End Table, 20-1/2""H x 24""W x 20""D')",1
"('Hoover Replacement Belt for Commercial Guardsman Heavy-Duty Upright Vacuum', 'Wirebound Message Book, 4 per Page')",1
"('KI Adjustable-Height Table', 'Office Impressions End Table, 20-1/2""H x 24""W x 20""D')",1
"('KI Adjustable-Height Table', 'Wirebound Message Book, 4 per Page')",1
"('Office Impressions End Table, 20-1/2""H x 24""W x 20""D', 'Wirebound Message Book, 4 per Page')",1
"('Acrylic Self-Standing Desk Frames', 'Avery Binder Labels')",1
"('Acrylic Self-Standing Desk Frames', 'Sauder Camden County Barrister Bookcase, Planked Cherry Finish')",1
"('Avery Binder Labels', 'Sauder Camden County Barrister Bookcase, Planked Cherry Finish')",1
"('Eldon Expressions Wood and Plastic Desk Accessories, Cherry Wood', 'Lesro Sheffield Collection Coffee Table, End Table, Center Table, Corner Table')",1
"('Anker 24W Portable Micro USB Car Charger', 'GBC Standard Therm-A-Bind Covers')",1
"('Anker 24W Portable Micro USB Car Charger', 'Hon Practical Foundations 30 x 60 Training Table, Light Gray/Charcoal')",1
"('Anker 24W Portable Micro USB Car Charger', 'Newell 344')",1
"('GBC Standard Therm-A-Bind Covers', 'Hon Practical Foundations 30 x 60 Training Table, Light Gray/Charcoal')",1
"('GBC Standard Therm-A-Bind Covers', 'Newell 344')",1
"('Hon Practical Foundations 30 x 60 Training Table, Light Gray/Charcoal', 'Newell 344')",1
"('Avery Durable Binders', 'Avery Hi-Liter EverBold Pen Style Fluorescent Highlighters, 4/Pack')",1
"('Avery Durable Binders', 'GBC Durable Plastic Covers')",1
"('Avery Durable Binders', 'Nu-Dell Leatherette Frames')",1
"('Avery Hi-Liter EverBold Pen Style Fluorescent Highlighters, 4/Pack', 'GBC Durable Plastic Covers')",1
"('Avery Hi-Liter EverBold Pen Style Fluorescent Highlighters, 4/Pack', 'Nu-Dell Leatherette Frames')",1
"('GBC Durable Plastic Covers', 'Nu-Dell Leatherette Frames')",1
"('Catalog Binders with Expanding Posts', 'GBC Twin Loop Wire Binding Elements, 9/16"" Spine, Black')",1
"('Executive Impressions 13-1/2"" Indoor/Outdoor Wall Clock', 'File Shuttle II and Handi-File, Black')",1
"('14-7/8 x 11 Blue Bar Computer Printout Paper', 'GBC Instant Report Kit')",1
"('Canvas Sectional Post Binders', 'Maxell 4.7GB DVD-R 5/Pack')",1
"(""Global Executive Mid-Back Manager's Chair"", ""O'Sullivan 2-Shelf Heavy-Duty Bookcases"")",1
"('Lexmark 20R1285 X6650 Wireless All-in-One Printer', 'SimpliFile Personal File, Black Granite, 15w x 6-15/16d x 11-1/4h')",1
"('Acme Forged Steel Scissors with Black Enamel Handles', 'Advantus Plastic Paper Clips')",1
"('Acme Forged Steel Scissors with Black Enamel Handles', 'Security-Tint Envelopes')",1
"('Advantus Plastic Paper Clips', 'Security-Tint Envelopes')",1
"('Ativa D5772 2-Line 5.8GHz Digital Expandable Corded/Cordless Phone System with Answering & Caller ID/Call Waiting, Black/Silver', 'Avery Durable Binders')",1
"('Ativa D5772 2-Line 5.8GHz Digital Expandable Corded/Cordless Phone System with Answering & Caller ID/Call Waiting, Black/Silver', 'Avery Flip-Chart Easel Binder, Black')",1
"('Ativa D5772 2-Line 5.8GHz Digital Expandable Corded/Cordless Phone System with Answering & Caller ID/Call Waiting, Black/Silver', 'I.R.I.S IRISCard Anywhere 5 Card Scanner')",1
"('Ativa D5772 2-Line 5.8GHz Digital Expandable Corded/Cordless Phone System with Answering & Caller ID/Call Waiting, Black/Silver', 'Logitech G19 Programmable Gaming Keyboard')",1
"('Avery Durable Binders', 'Avery Flip-Chart Easel Binder, Black')",1
"('Avery Durable Binders', 'I.R.I.S IRISCard Anywhere 5 Card Scanner')",1
"('Avery Durable Binders', 'Logitech G19 Programmable Gaming Keyboard')",1
"('Avery Flip-Chart Easel Binder, Black', 'I.R.I.S IRISCard Anywhere 5 Card Scanner')",1
"('Avery Flip-Chart Easel Binder, Black', 'Logitech G19 Programmable Gaming Keyboard')",1
"('I.R.I.S IRISCard Anywhere 5 Card Scanner', 'Logitech G19 Programmable Gaming Keyboard')",1
"('Canon imageCLASS 2200 Advanced Copier', 'Globe Weis Peel & Seel First Class Envelopes')",1
"('Canon imageCLASS 2200 Advanced Copier', 'Polycom CX600 IP Phone VoIP phone')",1
"('Canon imageCLASS 2200 Advanced Copier', 'i.Sound Portable Power - 8000 mAh')",1
"('Globe Weis Peel & Seel First Class Envelopes', 'Polycom CX600 IP Phone VoIP phone')",1
"('Globe Weis Peel & Seel First Class Envelopes', 'i.Sound Portable Power - 8000 mAh')",1
"('Polycom CX600 IP Phone VoIP phone', 'i.Sound Portable Power - 8000 mAh')",1
"('Cardinal Slant-D Ring Binders', 'GBC Velobind Prepunched Cover Sets, Regency Series')",1
"('#10- 4 1/8"" x 9 1/2"" Security-Tint Envelopes', 'Avery Durable Slant Ring Binders With Label Holder')",1
"('#10- 4 1/8"" x 9 1/2"" Security-Tint Envelopes', 'Ibico Presentation Index for Binding Systems')",1
"('#10- 4 1/8"" x 9 1/2"" Security-Tint Envelopes', 'Xerox 1931')",1
"('#10- 4 1/8"" x 9 1/2"" Security-Tint Envelopes', 'iHome FM Clock Radio with Lightning Dock')",1
"('Avery Durable Slant Ring Binders With Label Holder', 'Ibico Presentation Index for Binding Systems')",1
"('Avery Durable Slant Ring Binders With Label Holder', 'Xerox 1931')",1
"('Avery Durable Slant Ring Binders With Label Holder', 'iHome FM Clock Radio with Lightning Dock')",1
"('Ibico Presentation Index for Binding Systems', 'Xerox 1931')",1
"('Ibico Presentation Index for Binding Systems', 'iHome FM Clock Radio with Lightning Dock')",1
"('Xerox 1931', 'iHome FM Clock Radio with Lightning Dock')",1
"('Personal File Boxes with Fold-Down Carry Handle', 'Ultra Door Kickplate, 8""H x 34""W')",1
"('Plantronics CS510 - Over-the-Head monaural Wireless Headset System', 'Xerox 1988')",1
"('Advantus Rolling Storage Box', 'Canon Image Class D660 Copier')",1
"('Advantus Rolling Storage Box', 'Tennsco Single-Tier Lockers')",1
"('Canon Image Class D660 Copier', 'Great White Multi-Use Recycled Paper (20Lb. and 84 Bright)')",1
"('Canon Image Class D660 Copier', 'Tennsco Single-Tier Lockers')",1
"('Great White Multi-Use Recycled Paper (20Lb. and 84 Bright)', 'Tennsco Single-Tier Lockers')",1
"('Eldon Cleatmat Chair Mats for Medium Pile Carpets', 'Xerox 189')",1
"('Eldon Cleatmat Chair Mats for Medium Pile Carpets', 'Xerox 1893')",1
"('Eldon Cleatmat Chair Mats for Medium Pile Carpets', 'Xerox 2')",1
"('Xerox 189', 'Xerox 1893')",1
"('Xerox 189', 'Xerox 2')",1
"('Xerox 1893', 'Xerox 2')",1
"('Advantus Rolling Storage Box', 'Cush Cases Heavy Duty Rugged Cover Case for Samsung Galaxy S5 - Purple')",1
"('Acco Clips to Go Binder Clips, 24 Clips in Two Sizes', 'Fellowes Premier Superior Surge Suppressor, 10-Outlet, With Phone and Remote')",1
"('Black & Decker Filter for Double Action Dustbuster Cordless Vac BLDV7210', 'Colored Envelopes')",1
"('Black & Decker Filter for Double Action Dustbuster Cordless Vac BLDV7210', 'Eldon Image Series Black Desk Accessories')",1
"('Black & Decker Filter for Double Action Dustbuster Cordless Vac BLDV7210', 'Wilson Electronics DB Pro Signal Booster')",1
"('Colored Envelopes', 'Eldon Image Series Black Desk Accessories')",1
"('Colored Envelopes', 'Wilson Electronics DB Pro Signal Booster')",1
"('Eldon Image Series Black Desk Accessories', 'Wilson Electronics DB Pro Signal Booster')",1
"('#6 3/4 Gummed Flap White Envelopes', 'Xerox 1972')",1
"('Honeywell Quietcare HEPA Air Cleaner', 'KI Conference Tables')",1
"('Eldon Antistatic Chair Mats for Low to Medium Pile Carpets', 'GBC Durable Plastic Covers')",1
"('Eldon Antistatic Chair Mats for Low to Medium Pile Carpets', 'HP Officejet Pro 8600 e-All-In-One Printer, Copier, Scanner, Fax')",1
"('GBC Durable Plastic Covers', 'HP Officejet Pro 8600 e-All-In-One Printer, Copier, Scanner, Fax')",1
"('Motorla HX550 Universal Bluetooth Headset', 'Wilson Jones Ledger-Size, Piano-Hinge Binder, 2"", Blue')",1
"('Avery 475', 'Logitech\xa0MX Performance Wireless Mouse')",1
"('Avery 475', 'Premium Transparent Presentation Covers by GBC')",1
"('Logitech\xa0MX Performance Wireless Mouse', 'Premium Transparent Presentation Covers by GBC')",1
"('Belkin Premiere Surge Master II 8-outlet surge protector', 'Colored Envelopes')",1
"('Belkin Premiere Surge Master II 8-outlet surge protector', 'Eldon Radial Chair Mat for Low to Medium Pile Carpets')",1
"('Belkin Premiere Surge Master II 8-outlet surge protector', 'GBC DocuBind TL300 Electric Binding System')",1
"('Belkin Premiere Surge Master II 8-outlet surge protector', 'Hon Olson Stacker Chairs')",1
"('Belkin Premiere Surge Master II 8-outlet surge protector', 'Maxell 4.7GB DVD-R 5/Pack')",1
"('Belkin Premiere Surge Master II 8-outlet surge protector', 'Staples')",1
"('Colored Envelopes', 'Eldon Radial Chair Mat for Low to Medium Pile Carpets')",1
"('Colored Envelopes', 'GBC DocuBind TL300 Electric Binding System')",1
"('Colored Envelopes', 'Hon Olson Stacker Chairs')",1
"('Colored Envelopes', 'Maxell 4.7GB DVD-R 5/Pack')",1
"('Colored Envelopes', 'Staples')",1
"('Eldon Radial Chair Mat for Low to Medium Pile Carpets', 'GBC DocuBind TL300 Electric Binding System')",1
"('Eldon Radial Chair Mat for Low to Medium Pile Carpets', 'Hon Olson Stacker Chairs')",1
"('Eldon Radial Chair Mat for Low to Medium Pile Carpets', 'Maxell 4.7GB DVD-R 5/Pack')",1
"('Eldon Radial Chair Mat for Low to Medium Pile Carpets', 'Staples')",1
"('GBC DocuBind TL300 Electric Binding System', 'Hon Olson Stacker Chairs')",1
"('GBC DocuBind TL300 Electric Binding System', 'Maxell 4.7GB DVD-R 5/Pack')",1
"('GBC DocuBind TL300 Electric Binding System', 'Staples')",1
"('Hon Olson Stacker Chairs', 'Maxell 4.7GB DVD-R 5/Pack')",1
"('Avery Non-Stick Binders', 'DMI Arturo Collection Mission-style Design Wood Chair')",1
"('Acrylic Self-Standing Desk Frames', 'Global Leather Executive Chair')",1
"('Black Print Carbonless Snap-Off Rapid Letter, 8 1/2"" x 7""', 'Letter Size Cart')",1
"('Black Print Carbonless Snap-Off Rapid Letter, 8 1/2"" x 7""', 'Tenex Personal Self-Stacking Standard File Box, Black/Gray')",1
"('Black Print Carbonless Snap-Off Rapid Letter, 8 1/2"" x 7""', 'Xerox 23')",1
"('Letter Size Cart', 'Tenex Personal Self-Stacking Standard File Box, Black/Gray')",1
"('Letter Size Cart', 'Xerox 23')",1
"('Tenex Personal Self-Stacking Standard File Box, Black/Gray', 'Xerox 23')",1
"('DataProducts Ampli Magnifier Task Lamp, Black,', 'Maxell 4.7GB DVD-R')",1
"('Contemporary Wood/Metal Frame', 'Global Ergonomic Managers Chair')",1
"('Contemporary Wood/Metal Frame', 'Memorex 25GB 6X Branded Blu-Ray Recordable Disc, 15/Pack')",1
"('Global Ergonomic Managers Chair', 'Memorex 25GB 6X Branded Blu-Ray Recordable Disc, 15/Pack')",1
"('Avery 474', 'Avery 517')",1
"('Avery 474', ""Global Wood Trimmed Manager's Task Chair, Khaki"")",1
"('Avery 474', 'Logitech Wireless Touch Keyboard K400')",1
"('Avery 474', 'Rediform S.O.S. 1-Up Phone Message Bk, 4-1/4x3-1/16 Bk, 1 Form/Pg, 40 Messages/Bk, 3/Pk')",1
"('Avery 474', 'Stockwell Push Pins')",1
"('Avery 517', ""Global Wood Trimmed Manager's Task Chair, Khaki"")",1
"('Avery 517', 'Logitech Wireless Touch Keyboard K400')",1
"('Avery 517', 'Rediform S.O.S. 1-Up Phone Message Bk, 4-1/4x3-1/16 Bk, 1 Form/Pg, 40 Messages/Bk, 3/Pk')",1
"('Avery 517', 'Stockwell Push Pins')",1
"(""Global Wood Trimmed Manager's Task Chair, Khaki"", 'Logitech Wireless Touch Keyboard K400')",1
"(""Global Wood Trimmed Manager's Task Chair, Khaki"", 'Rediform S.O.S. 1-Up Phone Message Bk, 4-1/4x3-1/16 Bk, 1 Form/Pg, 40 Messages/Bk, 3/Pk')",1
"(""Global Wood Trimmed Manager's Task Chair, Khaki"", 'Stockwell Push Pins')",1
"('Logitech Wireless Touch Keyboard K400', 'Rediform S.O.S. 1-Up Phone Message Bk, 4-1/4x3-1/16 Bk, 1 Form/Pg, 40 Messages/Bk, 3/Pk')",1
"('Logitech Wireless Touch Keyboard K400', 'Stockwell Push Pins')",1
"('Rediform S.O.S. 1-Up Phone Message Bk, 4-1/4x3-1/16 Bk, 1 Form/Pg, 40 Messages/Bk, 3/Pk', 'Stockwell Push Pins')",1
"('Ampad Evidence Wirebond Steno Books, 6"" x 9""', 'Eldon Regeneration Recycled Desk Accessories, Smoke')",1
"('Ampad Evidence Wirebond Steno Books, 6"" x 9""', 'Fellowes 8 Outlet Superior Workstation Surge Protector w/o Phone/Fax/Modem Protection')",1
"('Ampad Evidence Wirebond Steno Books, 6"" x 9""', 'IBM Multi-Purpose Copy Paper, 8 1/2 x 11"", Case')",1
"('Ampad Evidence Wirebond Steno Books, 6"" x 9""', 'Samsung Galaxy Mega 6.3')",1
"('Eldon Regeneration Recycled Desk Accessories, Smoke', 'Fellowes 8 Outlet Superior Workstation Surge Protector w/o Phone/Fax/Modem Protection')",1
"('Eldon Regeneration Recycled Desk Accessories, Smoke', 'IBM Multi-Purpose Copy Paper, 8 1/2 x 11"", Case')",1
"('Eldon Regeneration Recycled Desk Accessories, Smoke', 'Samsung Galaxy Mega 6.3')",1
"('Fellowes 8 Outlet Superior Workstation Surge Protector w/o Phone/Fax/Modem Protection', 'IBM Multi-Purpose Copy Paper, 8 1/2 x 11"", Case')",1
"('Fellowes 8 Outlet Superior Workstation Surge Protector w/o Phone/Fax/Modem Protection', 'Samsung Galaxy Mega 6.3')",1
"('IBM Multi-Purpose Copy Paper, 8 1/2 x 11"", Case', 'Samsung Galaxy Mega 6.3')",1
"('Bionaire Personal Warm Mist Humidifier/Vaporizer', 'Dual Level, Single-Width Filing Carts')",1
"('Bionaire Personal Warm Mist Humidifier/Vaporizer', 'Pressboard Hanging Data Binders for Unburst Sheets')",1
"('Bionaire Personal Warm Mist Humidifier/Vaporizer', 'XtraLife ClearVue Slant-D Ring Binder, White, 3""')",1
"('Dual Level, Single-Width Filing Carts', 'Pressboard Hanging Data Binders for Unburst Sheets')",1
"('Dual Level, Single-Width Filing Carts', 'XtraLife ClearVue Slant-D Ring Binder, White, 3""')",1
"('Pressboard Hanging Data Binders for Unburst Sheets', 'XtraLife ClearVue Slant-D Ring Binder, White, 3""')",1
"('Martin-Yale Premier Letter Opener', 'Xerox 1917')",1
"(""Belkin 325VA UPS Surge Protector, 6'"", 'Metal Folding Chairs, Beige, 4/Carton')",1
"(""Belkin 325VA UPS Surge Protector, 6'"", 'Storex Dura Pro Binders')",1
"(""Belkin 325VA UPS Surge Protector, 6'"", 'Wilson Jones Easy Flow II Sheet Lifters')",1
"('Metal Folding Chairs, Beige, 4/Carton', 'Storex Dura Pro Binders')",1
"('Metal Folding Chairs, Beige, 4/Carton', 'Wilson Jones Easy Flow II Sheet Lifters')",1
"('Storex Dura Pro Binders', 'Wilson Jones Easy Flow II Sheet Lifters')",1
"('Clarity 53712', 'Fellowes Smart Surge Ten-Outlet Protector, Platinum')",1
"('Clarity 53712', 'Global Airflow Leather Mesh Back Chair, Black')",1
"('Clarity 53712', 'Pyle PMP37LED')",1
"('Fellowes Smart Surge Ten-Outlet Protector, Platinum', 'Global Airflow Leather Mesh Back Chair, Black')",1
"('Fellowes Smart Surge Ten-Outlet Protector, Platinum', 'Pyle PMP37LED')",1
"('Global Airflow Leather Mesh Back Chair, Black', 'Pyle PMP37LED')",1
"('Economy Binders', 'Wirebound Message Books, Four 2 3/4 x 5 White Forms per Page')",1
"('Logitech Wireless Headset h800', 'Xerox 1981')",1
"('Newell 333', 'Newell 350')",1
"('Office Star - Ergonomic Mid Back Chair with 2-Way Adjustable Arms', 'Storex Flexible Poly Binders with Double Pockets')",1
"('Acme Value Line Scissors', 'Array Memo Cubes')",1
"('Bevis 36 x 72 Conference Tables', 'Fellowes Recycled Storage Drawers')",1
"('Imation\xa016GB Mini TravelDrive USB 2.0\xa0Flash Drive', 'Kensington 6 Outlet Guardian Standard Surge Protector')",1
"('Imation\xa016GB Mini TravelDrive USB 2.0\xa0Flash Drive', 'Southworth 100% Résumé Paper, 24lb.')",1
"('Kensington 6 Outlet Guardian Standard Surge Protector', 'Southworth 100% Résumé Paper, 24lb.')",1
"('Tennsco Double-Tier Lockers', 'Wirebound Message Books, 5-1/2 x 4 Forms, 2 or 4 Forms per Page')",1
"('Tennsco Double-Tier Lockers', 'Xerox 197')",1
"('Wirebound Message Books, 5-1/2 x 4 Forms, 2 or 4 Forms per Page', 'Xerox 197')",1
"('Acco Glide Clips', 'Hand-Finished Solid Wood Document Frame')",1
"('Jackery Bar Premium Fast-charging Portable Charger', ""O'Sullivan Elevations Bookcase, Cherry Finish"")",1
"('Assorted Color Push Pins', 'Cisco SPA301')",1
"('Super Decoflex Portable Personal File', 'Wilson Electronics DB Pro Signal Booster')",1
"('Super Decoflex Portable Personal File', 'Zipper Ring Binder Pockets')",1
"('Wilson Electronics DB Pro Signal Booster', 'Zipper Ring Binder Pockets')",1
"('Newell 321', 'Pencil and Crayon Sharpener')",1
"('Acco Perma 2700 Stacking Storage Drawers', 'Newell 314')",1
"('GBC Wire Binding Combs', 'Zipper Ring Binder Pockets')",1
"('Avery Non-Stick Binders', 'Bush Westfield Collection Bookcases, Fully Assembled')",1
"('Avery Hi-Liter GlideStik Fluorescent Highlighter, Yellow Ink', 'Fellowes PB500 Electric Punch Plastic Comb Binding Machine with Manual Bind')",1
"('Avery Hi-Liter GlideStik Fluorescent Highlighter, Yellow Ink', ""Global Wood Trimmed Manager's Task Chair, Khaki"")",1
"('Fellowes PB500 Electric Punch Plastic Comb Binding Machine with Manual Bind', ""Global Wood Trimmed Manager's Task Chair, Khaki"")",1
"('Ibico Hi-Tech Manual Binding System', 'Staples')",1
"('Blue Parrot B250XT Professional Grade Wireless Bluetooth\xa0Headset\xa0with', 'Xerox 1919')",1
"('Ampad #10 Peel & Seel Holiday Envelopes', 'Anderson Hickey Conga Table Tops & Accessories')",1
"('Ampad #10 Peel & Seel Holiday Envelopes', 'Avery 518')",1
"('Ampad #10 Peel & Seel Holiday Envelopes', 'Linden 10"" Round Wall Clock, Black')",1
"('Anderson Hickey Conga Table Tops & Accessories', 'Avery 518')",1
"('Anderson Hickey Conga Table Tops & Accessories', 'Linden 10"" Round Wall Clock, Black')",1
"('Avery 518', 'Linden 10"" Round Wall Clock, Black')",1
"('Avery Durable Binders', 'Fellowes Binding Cases')",1
"('Avery Durable Binders', 'Rediform Wirebound ""Phone Memo"" Message Book, 11 x 5-3/4')",1
"('Fellowes Binding Cases', 'Rediform Wirebound ""Phone Memo"" Message Book, 11 x 5-3/4')",1
"('Executive Impressions 14""', 'Steel Personal Filing/Posting Tote')",1
"('DAX Clear Channel Poster Frame', 'Global Deluxe High-Back Office Chair in Storm')",1
"('DAX Clear Channel Poster Frame', 'Hoover Replacement Belts For Soft Guard & Commercial Ltweight Upright Vacs, 2/Pk')",1
"('DAX Clear Channel Poster Frame', 'KI Adjustable-Height Table')",1
"('DAX Clear Channel Poster Frame', 'Square Credit Card Reader, 4 1/2"" x 4 1/2"" x 1"", White')",1
"('DAX Clear Channel Poster Frame', 'Staples')",1
"('Global Deluxe High-Back Office Chair in Storm', 'Hoover Replacement Belts For Soft Guard & Commercial Ltweight Upright Vacs, 2/Pk')",1
"('Global Deluxe High-Back Office Chair in Storm', 'KI Adjustable-Height Table')",1
"('Global Deluxe High-Back Office Chair in Storm', 'Square Credit Card Reader, 4 1/2"" x 4 1/2"" x 1"", White')",1
"('Global Deluxe High-Back Office Chair in Storm', 'Staples')",1
"('Hoover Replacement Belts For Soft Guard & Commercial Ltweight Upright Vacs, 2/Pk', 'KI Adjustable-Height Table')",1
"('Hoover Replacement Belts For Soft Guard & Commercial Ltweight Upright Vacs, 2/Pk', 'Square Credit Card Reader, 4 1/2"" x 4 1/2"" x 1"", White')",1
"('Hoover Replacement Belts For Soft Guard & Commercial Ltweight Upright Vacs, 2/Pk', 'Staples')",1
"('KI Adjustable-Height Table', 'Square Credit Card Reader, 4 1/2"" x 4 1/2"" x 1"", White')",1
"('Global Leather and Oak Executive Chair, Black', 'Logitech B530 USB\xa0Headset\xa0-\xa0headset\xa0- Full size, Binaural')",1
"('Acco Translucent Poly Ring Binders', 'Carina Double Wide Media Storage Towers in Natural & Black')",1
"('Acco Translucent Poly Ring Binders', 'Logitech\xa0Illuminated - Keyboard')",1
"('Acco Translucent Poly Ring Binders', ""O'Sullivan Cherrywood Estates Traditional Bookcase"")",1
"('Acco Translucent Poly Ring Binders', 'Wilson Jones Century Plastic Molded Ring Binders')",1
"('Acco Translucent Poly Ring Binders', 'Wilson Jones Leather-Like Binders with DublLock Round Rings')",1
"('Carina Double Wide Media Storage Towers in Natural & Black', 'Logitech\xa0Illuminated - Keyboard')",1
"('Carina Double Wide Media Storage Towers in Natural & Black', ""O'Sullivan Cherrywood Estates Traditional Bookcase"")",1
"('Carina Double Wide Media Storage Towers in Natural & Black', 'Wilson Jones Century Plastic Molded Ring Binders')",1
"('Carina Double Wide Media Storage Towers in Natural & Black', 'Wilson Jones Leather-Like Binders with DublLock Round Rings')",1
"('Logitech\xa0Illuminated - Keyboard', ""O'Sullivan Cherrywood Estates Traditional Bookcase"")",1
"('Logitech\xa0Illuminated - Keyboard', 'Wilson Jones Century Plastic Molded Ring Binders')",1
"('Logitech\xa0Illuminated - Keyboard', 'Wilson Jones Leather-Like Binders with DublLock Round Rings')",1
"(""O'Sullivan Cherrywood Estates Traditional Bookcase"", 'Wilson Jones Century Plastic Molded Ring Binders')",1
"(""O'Sullivan Cherrywood Estates Traditional Bookcase"", 'Wilson Jones Leather-Like Binders with DublLock Round Rings')",1
"('Wilson Jones Century Plastic Molded Ring Binders', 'Wilson Jones Leather-Like Binders with DublLock Round Rings')",1
"('Fellowes Stor/Drawer Steel Plus Storage Drawers', 'Multi-Use Personal File Cart and Caster Set, Three Stacking Bins')",1
"('Belkin 5 Outlet SurgeMaster Power Centers', 'Pencil and Crayon Sharpener')",1
"('Advantus Plastic Paper Clips', 'Bevis 36 x 72 Conference Tables')",1
"('Advantus Plastic Paper Clips', 'Career Cubicle Clock, 8 1/4"", Black')",1
"('Advantus Plastic Paper Clips', 'Wilson Jones Elliptical Ring 3 1/2"" Capacity Binders, 800 sheets')",1
"('Advantus Plastic Paper Clips', 'Wilson Jones Legal Size Ring Binders')",1
"('Bevis 36 x 72 Conference Tables', 'Career Cubicle Clock, 8 1/4"", Black')",1
"('Bevis 36 x 72 Conference Tables', 'Wilson Jones Elliptical Ring 3 1/2"" Capacity Binders, 800 sheets')",1
"('Bevis 36 x 72 Conference Tables', 'Wilson Jones Legal Size Ring Binders')",1
"('Career Cubicle Clock, 8 1/4"", Black', 'Wilson Jones Elliptical Ring 3 1/2"" Capacity Binders, 800 sheets')",1
"('Career Cubicle Clock, 8 1/4"", Black', 'Wilson Jones Legal Size Ring Binders')",1
"('Wilson Jones Elliptical Ring 3 1/2"" Capacity Binders, 800 sheets', 'Wilson Jones Legal Size Ring Binders')",1
"('Newell 312', 'Stanley Bostitch Contemporary Electric Pencil Sharpeners')",1
"('Logitech M510 Wireless Mouse', 'Sony 64GB Class 10 Micro SDHC R40 Memory Card')",1
"('Avery Printable Repositionable Plastic Tabs', 'Belkin 8 Outlet SurgeMaster II Gold Surge Protector')",1
"('Avery Printable Repositionable Plastic Tabs', 'Sterilite Officeware Hinged File Box')",1
"('Belkin 8 Outlet SurgeMaster II Gold Surge Protector', 'Sterilite Officeware Hinged File Box')",1
"('Adams Telephone Message Book W/Dividers/Space For Phone Numbers, 5 1/4""X8 1/2"", 300/Messages', 'Fellowes Bases and Tops For Staxonsteel/High-Stak Systems')",1
"('Acme Tagit Stainless Steel Antibacterial Scissors', 'ClearOne Communications CHAT 70 OC\xa0Speaker Phone')",1
"('ClearOne Communications CHAT 70 OC\xa0Speaker Phone', 'Staples')",1
"('Hammermill CopyPlus Copy Paper (20Lb. and 84 Bright)', 'Manila Recycled Extra-Heavyweight Clasp Envelopes, 6"" x 9""')",1
"('Acco D-Ring Binder w/DublLock', 'Anker Ultrathin Bluetooth Wireless Keyboard Aluminum Cover with Stand ')",1
"('Adams Write n\' Stick Phone Message Book, 11"" X 5 1/4"", 200 Messages', 'Avery 489')",1
"('Adams Write n\' Stick Phone Message Book, 11"" X 5 1/4"", 200 Messages', 'Eldon Simplefile Box Office')",1
"('Adams Write n\' Stick Phone Message Book, 11"" X 5 1/4"", 200 Messages', 'Post-it \x93Important Message\x94 Note Pad, Neon Colors, 50 Sheets/Pad')",1
"('Avery 489', 'Eldon Simplefile Box Office')",1
"('Avery 489', 'Post-it \x93Important Message\x94 Note Pad, Neon Colors, 50 Sheets/Pad')",1
"('Eldon Simplefile Box Office', 'Post-it \x93Important Message\x94 Note Pad, Neon Colors, 50 Sheets/Pad')",1
"('Message Book, Phone, Wirebound Standard Line Memo, 2 3/4"" X 5""', 'Sony Micro Vault Click 8 GB USB 2.0 Flash Drive')",1
"('Message Book, Phone, Wirebound Standard Line Memo, 2 3/4"" X 5""', 'Staples')",1
"('Message Book, Phone, Wirebound Standard Line Memo, 2 3/4"" X 5""', 'Xerox 227')",1
"('Sony Micro Vault Click 8 GB USB 2.0 Flash Drive', 'Staples')",1
"('Sony Micro Vault Click 8 GB USB 2.0 Flash Drive', 'Xerox 227')",1
"('Staples', 'Xerox 227')",1
"('Avery 3 1/2"" Diskette Storage Pages, 10/Pack', 'Black Avery Memo-Size 3-Ring Binder, 5 1/2"" x 8 1/2""')",1
"('GBC VeloBind Cover Sets', 'Insertable Tab Indexes For Data Binders')",1
"('36X48 HARDFLOOR CHAIRMAT', 'Acco Side-Punched Conventional Columnar Pads')",1
"('36X48 HARDFLOOR CHAIRMAT', 'Avery Fluorescent Highlighter Four-Color Set')",1
"('36X48 HARDFLOOR CHAIRMAT', 'Belkin Premiere Surge Master II 8-outlet surge protector')",1
"('36X48 HARDFLOOR CHAIRMAT', 'SAFCO Optional Arm Kit for Workspace Cribbage Stacking Chair')",1
"('Hon 2111 Invitation Series Corner Table', 'Wilson Jones Ledger-Size, Piano-Hinge Binder, 2"", Blue')",1
"('Acco Side-Punched Conventional Columnar Pads', 'Belkin Premiere Surge Master II 8-outlet surge protector')",1
"('Acco Side-Punched Conventional Columnar Pads', 'SAFCO Optional Arm Kit for Workspace Cribbage Stacking Chair')",1
"('Avery Fluorescent Highlighter Four-Color Set', 'Belkin Premiere Surge Master II 8-outlet surge protector')",1
"('Avery Fluorescent Highlighter Four-Color Set', 'SAFCO Optional Arm Kit for Workspace Cribbage Stacking Chair')",1
"('Binder Clips by OIC', 'Things To Do Today Spiral Book')",1
"('Ampad Poly Cover Wirebound Steno Book, 6"" x 9"" Assorted Colors, Gregg Ruled', 'Fluorescent Highlighters by Dixon')",1
"('Ampad Poly Cover Wirebound Steno Book, 6"" x 9"" Assorted Colors, Gregg Ruled', 'Nortel Networks T7316 E Nt8 B27')",1
"('Fluorescent Highlighters by Dixon', 'Nortel Networks T7316 E Nt8 B27')",1
"('Avery Recycled Flexi-View Covers for Binding Systems', 'Hewlett Packard LaserJet 3310 Copier')",1
"('Avery Recycled Flexi-View Covers for Binding Systems', 'Ibico Recycled Grain-Textured Covers')",1
"('Hewlett Packard LaserJet 3310 Copier', 'Ibico Recycled Grain-Textured Covers')",1
"('Acco Pressboard Covers with Storage Hooks, 9 1/2"" x 11"", Executive Red', 'Ampad Gold Fibre Wirebound Steno Books, 6"" x 9"", Gregg Ruled')",1
"('Alphabetical Labels for Top Tab Filing', 'Eldon Spacemaker Box, Quick-Snap Lid, Clear')",1
"('Alphabetical Labels for Top Tab Filing', 'Plymouth Boxed Rubber Bands by Plymouth')",1
"('Eldon Spacemaker Box, Quick-Snap Lid, Clear', 'Plymouth Boxed Rubber Bands by Plymouth')",1
"('Cardinal HOLDit! Binder Insert Strips,Extra Strips', 'Weyerhaeuser First Choice Laser/Copy Paper (20Lb. and 88 Bright)')",1
"('Acco Flexible ACCOHIDE Square Ring Data Binder, Dark Blue, 11 1/2"" X 14"" 7/8""', 'Ampad Phone Message Book, Recycled, 400 Message Capacity, 5 ¾\x94 x 11\x94')",1
"('Acco Flexible ACCOHIDE Square Ring Data Binder, Dark Blue, 11 1/2"" X 14"" 7/8""', 'Avery 50')",1
"('Ampad Phone Message Book, Recycled, 400 Message Capacity, 5 ¾\x94 x 11\x94', 'Avery 50')",1
"('Vtech CS6719', 'Wilson Jones International Size A4 Ring Binders')",1
"('Logitech Desktop MK120 Mouse and keyboard Combo', 'Staples')",1
"('Newell 34', 'Wilson Jones 1"" Hanging DublLock Ring Binders')",1
"('Newell 34', 'Wilson Jones Ledger-Size, Piano-Hinge Binder, 2"", Blue')",1
"('Newell 34', 'Wilson Jones Legal Size Ring Binders')",1
"('Staples', 'Wilson Jones 1"" Hanging DublLock Ring Binders')",1
"('Staples', 'Wilson Jones Legal Size Ring Binders')",1
"('Wilson Jones 1"" Hanging DublLock Ring Binders', 'Wilson Jones Ledger-Size, Piano-Hinge Binder, 2"", Blue')",1
"('Wilson Jones 1"" Hanging DublLock Ring Binders', 'Wilson Jones Legal Size Ring Binders')",1
"('Wilson Jones Ledger-Size, Piano-Hinge Binder, 2"", Blue', 'Wilson Jones Legal Size Ring Binders')",1
"('Binder Clips by OIC', 'Xerox 1995')",1
"('BIC Brite Liner Highlighters, Chisel Tip', 'Binney & Smith inkTank Erasable Desk Highlighter, Chisel Tip, Yellow, 12/Box')",1
"('Binney & Smith inkTank Erasable Desk Highlighter, Chisel Tip, Yellow, 12/Box', 'Staples')",1
"('AT&T 1080 Corded phone', 'BIC Brite Liner Highlighters')",1
"('Avery 494', ""Global Wood Trimmed Manager's Task Chair, Khaki"")",1
"('Avery 494', 'Mediabridge Sport Armband iPhone 5s')",1
"('Avery 494', 'Staples')",1
"(""Global Wood Trimmed Manager's Task Chair, Khaki"", 'Mediabridge Sport Armband iPhone 5s')",1
"('Mediabridge Sport Armband iPhone 5s', 'Staples')",1
"('Acco Pressboard Covers with Storage Hooks, 14 7/8"" x 11"", Dark Blue', 'Belkin 19"" Vented Equipment Shelf, Black')",1
"('Acco Pressboard Covers with Storage Hooks, 14 7/8"" x 11"", Dark Blue', 'Cisco Desktop Collaboration Experience DX650 IP Video Phone')",1
"('Acco Pressboard Covers with Storage Hooks, 14 7/8"" x 11"", Dark Blue', ""O'Sullivan 3-Shelf Heavy-Duty Bookcases"")",1
"('Acco Pressboard Covers with Storage Hooks, 14 7/8"" x 11"", Dark Blue', 'Xerox 1939')",1
"('Belkin 19"" Vented Equipment Shelf, Black', 'Cisco Desktop Collaboration Experience DX650 IP Video Phone')",1
"('Belkin 19"" Vented Equipment Shelf, Black', ""O'Sullivan 3-Shelf Heavy-Duty Bookcases"")",1
"('Belkin 19"" Vented Equipment Shelf, Black', 'Xerox 1939')",1
"('Cisco Desktop Collaboration Experience DX650 IP Video Phone', ""O'Sullivan 3-Shelf Heavy-Duty Bookcases"")",1
"('Cisco Desktop Collaboration Experience DX650 IP Video Phone', 'Xerox 1939')",1
"(""O'Sullivan 3-Shelf Heavy-Duty Bookcases"", 'Xerox 1939')",1
"('Avery Poly Binder Pockets', 'Newell 311')",1
"('Harbour Creations Steel Folding Chair', 'Tyvek  Top-Opening Peel & Seel Envelopes, Plain White')",1
"('Newell 320', 'Tensor Computer Mounted Lamp')",1
"('Cardinal Holdit Business Card Pockets', 'GBC VeloBinder Manual Binding System')",1
"('Cardinal Holdit Business Card Pockets', 'Insertable Tab Post Binder Dividers')",1
"('Cardinal Holdit Business Card Pockets', 'Lexmark MX611dhe Monochrome Laser Printer')",1
"('Cardinal Holdit Business Card Pockets', 'Xerox 225')",1
"('GBC VeloBinder Manual Binding System', 'Lexmark MX611dhe Monochrome Laser Printer')",1
"('GBC VeloBinder Manual Binding System', 'Xerox 225')",1
"('Insertable Tab Post Binder Dividers', 'Lexmark MX611dhe Monochrome Laser Printer')",1
"('Insertable Tab Post Binder Dividers', 'Xerox 225')",1
"('Lexmark MX611dhe Monochrome Laser Printer', 'Xerox 225')",1
"('Cush Cases Heavy Duty Rugged Cover Case for Samsung Galaxy S5 - Purple', 'Harbour Creations 67200 Series Stacking Chairs')",1
"('Cush Cases Heavy Duty Rugged Cover Case for Samsung Galaxy S5 - Purple', 'Memorex Micro Travel Drive 8 GB')",1
"('Cush Cases Heavy Duty Rugged Cover Case for Samsung Galaxy S5 - Purple', 'Samsung Galaxy Mega 6.3')",1
"('Cush Cases Heavy Duty Rugged Cover Case for Samsung Galaxy S5 - Purple', 'Tenex V2T-RE Standard Weight Series Chair Mat, 45"" x 53"", Lip 25"" x 12""')",1
"('Cush Cases Heavy Duty Rugged Cover Case for Samsung Galaxy S5 - Purple', 'Xerox 1978')",1
"('Harbour Creations 67200 Series Stacking Chairs', 'Memorex Micro Travel Drive 8 GB')",1
"('Harbour Creations 67200 Series Stacking Chairs', 'Samsung Galaxy Mega 6.3')",1
"('Harbour Creations 67200 Series Stacking Chairs', 'Tenex V2T-RE Standard Weight Series Chair Mat, 45"" x 53"", Lip 25"" x 12""')",1
"('Harbour Creations 67200 Series Stacking Chairs', 'Xerox 1978')",1
"('Memorex Micro Travel Drive 8 GB', 'Samsung Galaxy Mega 6.3')",1
"('Memorex Micro Travel Drive 8 GB', 'Tenex V2T-RE Standard Weight Series Chair Mat, 45"" x 53"", Lip 25"" x 12""')",1
"('Memorex Micro Travel Drive 8 GB', 'Xerox 1978')",1
"('Samsung Galaxy Mega 6.3', 'Tenex V2T-RE Standard Weight Series Chair Mat, 45"" x 53"", Lip 25"" x 12""')",1
"('Samsung Galaxy Mega 6.3', 'Xerox 1978')",1
"('Tenex V2T-RE Standard Weight Series Chair Mat, 45"" x 53"", Lip 25"" x 12""', 'Xerox 1978')",1
"('Linden 10"" Round Wall Clock, Black', 'Tripp Lite Isotel 6 Outlet Surge Protector with Fax/Modem Protection')",1
"('Staples', 'Wilson Jones Impact Binders')",1
"('Avery File Folder Labels', 'Bulldog Vacuum Base Pencil Sharpener')",1
"('Avery File Folder Labels', 'Color-Coded Legal Exhibit Labels')",1
"('Avery File Folder Labels', 'Computer Printout Paper with Letter-Trim Fine Perforations')",1
"('Avery File Folder Labels', 'Office Impressions Heavy Duty Welded Shelving & Multimedia Storage Drawers')",1
"('Avery File Folder Labels', 'Xerox 212')",1
"('Bulldog Vacuum Base Pencil Sharpener', 'Color-Coded Legal Exhibit Labels')",1
"('Bulldog Vacuum Base Pencil Sharpener', 'Computer Printout Paper with Letter-Trim Fine Perforations')",1
"('Bulldog Vacuum Base Pencil Sharpener', 'Office Impressions Heavy Duty Welded Shelving & Multimedia Storage Drawers')",1
"('Bulldog Vacuum Base Pencil Sharpener', 'Xerox 212')",1
"('Color-Coded Legal Exhibit Labels', 'Computer Printout Paper with Letter-Trim Fine Perforations')",1
"('Color-Coded Legal Exhibit Labels', 'Office Impressions Heavy Duty Welded Shelving & Multimedia Storage Drawers')",1
"('Color-Coded Legal Exhibit Labels', 'Xerox 212')",1
"('Computer Printout Paper with Letter-Trim Fine Perforations', 'Office Impressions Heavy Duty Welded Shelving & Multimedia Storage Drawers')",1
"('Computer Printout Paper with Letter-Trim Fine Perforations', 'Xerox 212')",1
"('Office Impressions Heavy Duty Welded Shelving & Multimedia Storage Drawers', 'Xerox 212')",1
"('Executive Impressions Supervisor Wall Clock', 'SanDisk Cruzer 32 GB USB Flash Drive')",1
"('Eureka The Boss Lite 10-Amp Upright Vacuum, Blue', 'Memorex Micro Travel Drive 8 GB')",1
"('Avery Address/Shipping Labels for Typewriters, 4"" x 2""', 'Sauder Barrister Bookcases')",1
"('Advantus Push Pins, Aluminum Head', 'Avery Durable Slant Ring Binders, No Labels')",1
"('Advantus Push Pins, Aluminum Head', 'Gould Plastics 18-Pocket Panel Bin, 34w x 5-1/4d x 20-1/2h')",1
"('Advantus Push Pins, Aluminum Head', 'Panasonic KX-TG6844B Expandable Digital Cordless Telephone')",1
"('Advantus Push Pins, Aluminum Head', 'Tennsco Lockers, Gray')",1
"('Avery Durable Slant Ring Binders, No Labels', 'Gould Plastics 18-Pocket Panel Bin, 34w x 5-1/4d x 20-1/2h')",1
"('Avery Durable Slant Ring Binders, No Labels', 'Panasonic KX-TG6844B Expandable Digital Cordless Telephone')",1
"('Avery Durable Slant Ring Binders, No Labels', 'Tennsco Lockers, Gray')",1
"('Gould Plastics 18-Pocket Panel Bin, 34w x 5-1/4d x 20-1/2h', 'Panasonic KX-TG6844B Expandable Digital Cordless Telephone')",1
"('Gould Plastics 18-Pocket Panel Bin, 34w x 5-1/4d x 20-1/2h', 'Tennsco Lockers, Gray')",1
"('Panasonic KX-TG6844B Expandable Digital Cordless Telephone', 'Tennsco Lockers, Gray')",1
"('Anker Astro Mini 3000mAh Ultra-Compact Portable Charger', 'Fellowes PB500 Electric Punch Plastic Comb Binding Machine with Manual Bind')",1
"('Anker Astro Mini 3000mAh Ultra-Compact Portable Charger', 'Logitech Media Keyboard K200')",1
"('Fellowes PB500 Electric Punch Plastic Comb Binding Machine with Manual Bind', 'Logitech Media Keyboard K200')",1
"('Fellowes Bankers Box Stor/Drawer Steel Plus', 'Howard Miller 13"" Diameter Pewter Finish Round Wall Clock')",1
"('Fellowes Bankers Box Stor/Drawer Steel Plus', 'KI Adjustable-Height Table')",1
"('Fellowes Bankers Box Stor/Drawer Steel Plus', 'Letter or Legal Size Expandable Poly String Tie Envelopes')",1
"('Fellowes Bankers Box Stor/Drawer Steel Plus', 'Microsoft Wireless Mobile Mouse 4000')",1
"('Fellowes Bankers Box Stor/Drawer Steel Plus', 'Toshiba IPT2010-SD IP\xa0Telephone')",1
"('Howard Miller 13"" Diameter Pewter Finish Round Wall Clock', 'KI Adjustable-Height Table')",1
"('Howard Miller 13"" Diameter Pewter Finish Round Wall Clock', 'Letter or Legal Size Expandable Poly String Tie Envelopes')",1
"('Howard Miller 13"" Diameter Pewter Finish Round Wall Clock', 'Microsoft Wireless Mobile Mouse 4000')",1
"('Howard Miller 13"" Diameter Pewter Finish Round Wall Clock', 'Toshiba IPT2010-SD IP\xa0Telephone')",1
"('KI Adjustable-Height Table', 'Letter or Legal Size Expandable Poly String Tie Envelopes')",1
"('KI Adjustable-Height Table', 'Microsoft Wireless Mobile Mouse 4000')",1
"('DMI Arturo Collection Mission-style Design Wood Chair', 'Prang Dustless Chalk Sticks')",1
"('Letter or Legal Size Expandable Poly String Tie Envelopes', 'Microsoft Wireless Mobile Mouse 4000')",1
"('Letter or Legal Size Expandable Poly String Tie Envelopes', 'Toshiba IPT2010-SD IP\xa0Telephone')",1
"('Microsoft Wireless Mobile Mouse 4000', 'Toshiba IPT2010-SD IP\xa0Telephone')",1
"('Alliance Rubber Bands', 'invisibleSHIELD by ZAGG Smudge-Free Screen Protector')",1
"('Deflect-o RollaMat Studded, Beveled Mat for Medium Pile Carpeting', 'Global Deluxe Office Fabric Chairs')",1
"('Cisco SPA508G', 'Nu-Dell Executive Frame')",1
"('Binder Posts', 'Eldon Expressions Punched Metal & Wood Desk Accessories, Black & Cherry')",1
"('Binder Posts', 'GBC DocuBind TL300 Electric Binding System')",1
"('Binder Posts', 'Logitech 910-002974 M325 Wireless Mouse for Web Scrolling')",1
"('Binder Posts', 'Logitech Trackman Marble Mouse')",1
"('AmazonBasics 3-Button USB Wired Mouse', 'Apple iPhone 5S')",1
"('Eldon Expressions Punched Metal & Wood Desk Accessories, Black & Cherry', 'Logitech 910-002974 M325 Wireless Mouse for Web Scrolling')",1
"('Eldon Expressions Punched Metal & Wood Desk Accessories, Black & Cherry', 'Logitech Trackman Marble Mouse')",1
"('GBC DocuBind TL300 Electric Binding System', 'Logitech 910-002974 M325 Wireless Mouse for Web Scrolling')",1
"('GBC DocuBind TL300 Electric Binding System', 'Logitech Trackman Marble Mouse')",1
"('Logitech 910-002974 M325 Wireless Mouse for Web Scrolling', 'Logitech Trackman Marble Mouse')",1
"('Bush Westfield Collection Bookcases, Medium Cherry Finish', 'Stanley Bostitch Contemporary Electric Pencil Sharpeners')",1
"('Acco Four Pocket Poly Ring Binder with Label Holder, Smoke, 1""', 'Belkin iPhone and iPad Lightning Cable')",1
"('DAX Two-Tone Rosewood/Black Document Frame, Desktop, 5 x 7', 'Eldon 500 Class Desk Accessories')",1
"('DAX Two-Tone Rosewood/Black Document Frame, Desktop, 5 x 7', 'GBC Durable Plastic Covers')",1
"('Eldon 500 Class Desk Accessories', 'GBC Durable Plastic Covers')",1
"('Dax Clear Box Frame', 'Ricoh - Ink Collector Unit for GX3000 Series Printers')",1
"('DAX Two-Tone Rosewood/Black Document Frame, Desktop, 5 x 7', 'Global Deluxe Stacking Chair, Gray')",1
"('DAX Two-Tone Rosewood/Black Document Frame, Desktop, 5 x 7', 'Global Value Steno Chair, Gray')",1
"('DAX Two-Tone Rosewood/Black Document Frame, Desktop, 5 x 7', 'Prestige Round Ring Binders')",1
"('Global Deluxe Stacking Chair, Gray', 'Global Value Steno Chair, Gray')",1
"('Global Deluxe Stacking Chair, Gray', 'Prestige Round Ring Binders')",1
"('Global Value Steno Chair, Gray', 'Prestige Round Ring Binders')",1
"('Belkin F9G930V10-GRY 9 Outlet Surge', 'Bevis Round Conference Table Top & Single Column Base')",1
"('Belkin F9G930V10-GRY 9 Outlet Surge', ""O'Sullivan Plantations 2-Door Library in Landvery Oak"")",1
"('Bevis Round Conference Table Top & Single Column Base', ""O'Sullivan Plantations 2-Door Library in Landvery Oak"")",1
"('Accohide Poly Flexible Ring Binders', 'Avery 475')",1
"('Accohide Poly Flexible Ring Binders', 'Bulldog Table or Wall-Mount Pencil Sharpener')",1
"('Accohide Poly Flexible Ring Binders', 'Imation\xa0Secure\xa0Drive\xa0+ Hardware Encrypted USB\xa0flash drive\xa0- 16 GB')",1
"('Accohide Poly Flexible Ring Binders', 'Microsoft Natural Ergonomic Keyboard 4000')",1
"('Avery 475', 'Bulldog Table or Wall-Mount Pencil Sharpener')",1
"('Avery 475', 'Imation\xa0Secure\xa0Drive\xa0+ Hardware Encrypted USB\xa0flash drive\xa0- 16 GB')",1
"('Avery 475', 'Microsoft Natural Ergonomic Keyboard 4000')",1
"('Bulldog Table or Wall-Mount Pencil Sharpener', 'Imation\xa0Secure\xa0Drive\xa0+ Hardware Encrypted USB\xa0flash drive\xa0- 16 GB')",1
"('Bulldog Table or Wall-Mount Pencil Sharpener', 'Microsoft Natural Ergonomic Keyboard 4000')",1
"('Imation\xa0Secure\xa0Drive\xa0+ Hardware Encrypted USB\xa0flash drive\xa0- 16 GB', 'Microsoft Natural Ergonomic Keyboard 4000')",1
"('Astroparche Fine Business Paper', 'Newell 35')",1
"('Astroparche Fine Business Paper', 'Novimex Fabric Task Chair')",1
"('Newell 35', 'Novimex Fabric Task Chair')",1
"('Hon 61000 Series Interactive Training Tables', 'Hon Practical Foundations 30 x 60 Training Table, Light Gray/Charcoal')",1
"('Fellowes High-Stak Drawer Files', 'Maxell\xa0iVDR EX 500GB Cartridge')",1
"('Fellowes High-Stak Drawer Files', 'Polycom CX600 IP Phone VoIP phone')",1
"('Maxell\xa0iVDR EX 500GB Cartridge', 'Polycom CX600 IP Phone VoIP phone')",1
"('#10- 4 1/8"" x 9 1/2"" Security-Tint Envelopes', 'Seth Thomas 16"" Steel Case Clock')",1
"('Enermax Briskie RF Wireless Keyboard and Mouse Combo', 'GBC DocuBind TL200 Manual Binding Machine')",1
"('Enermax Briskie RF Wireless Keyboard and Mouse Combo', 'Newell 328')",1
"('Enermax Briskie RF Wireless Keyboard and Mouse Combo', 'Trav-L-File Heavy-Duty Shuttle II, Black')",1
"('GBC DocuBind TL200 Manual Binding Machine', 'Newell 328')",1
"('GBC DocuBind TL200 Manual Binding Machine', 'Trav-L-File Heavy-Duty Shuttle II, Black')",1
"('Newell 328', 'Trav-L-File Heavy-Duty Shuttle II, Black')",1
"('GBC DocuBind P400 Electric Binding System', 'Office Star Flex Back Scooter Chair with Aluminum Finish Frame')",1
"('GBC DocuBind P400 Electric Binding System', 'TOPS Money Receipt Book, Consecutively Numbered in Red,')",1
"('Office Star Flex Back Scooter Chair with Aluminum Finish Frame', 'TOPS Money Receipt Book, Consecutively Numbered in Red,')",1
"('Crayola Colored Pencils', 'GBC VeloBinder Manual Binding System')",1
"('Crayola Colored Pencils', 'Master Big Foot Doorstop, Beige')",1
"('Crayola Colored Pencils', 'Zebra Zazzle Fluorescent Highlighters')",1
"('GBC VeloBinder Manual Binding System', 'Master Big Foot Doorstop, Beige')",1
"('GBC VeloBinder Manual Binding System', 'Zebra Zazzle Fluorescent Highlighters')",1
"('Master Big Foot Doorstop, Beige', 'Zebra Zazzle Fluorescent Highlighters')",1
"('Prestige Round Ring Binders', 'PureGear Roll-On Screen Protector')",1
"('Sannysis Cute Owl Design Soft Skin Case Cover for Samsung Galaxy S4', 'Tyvek  Top-Opening Peel & Seel Envelopes, Plain White')",1
"('DAX Copper Panel Document Frame, 5 x 7 Size', 'Xerox 1907')",1
"('Kingston Digital DataTraveler 32GB USB 2.0', 'Nokia Lumia 925')",1
"('Kingston Digital DataTraveler 32GB USB 2.0', ""O'Sullivan 2-Door Barrister Bookcase in Odessa Pine"")",1
"('Kingston Digital DataTraveler 32GB USB 2.0', 'Xerox 1945')",1
"('Nokia Lumia 925', ""O'Sullivan 2-Door Barrister Bookcase in Odessa Pine"")",1
"('Nokia Lumia 925', 'Xerox 1945')",1
"(""O'Sullivan 2-Door Barrister Bookcase in Odessa Pine"", 'Xerox 1945')",1
"('Griffin GC17055 Auxiliary Audio Cable', 'Pressboard Hanging Data Binders for Unburst Sheets')",1
"('Griffin GC17055 Auxiliary Audio Cable', 'Xerox 192')",1
"('Griffin GC17055 Auxiliary Audio Cable', 'Xerox 212')",1
"('Pressboard Hanging Data Binders for Unburst Sheets', 'Xerox 192')",1
"('Pressboard Hanging Data Binders for Unburst Sheets', 'Xerox 212')",1
"('Xerox 192', 'Xerox 212')",1
"(""Global Executive Mid-Back Manager's Chair"", 'Wilson Jones Century Plastic Molded Ring Binders')",1
"(""Global Executive Mid-Back Manager's Chair"", 'Xerox 1946')",1
"('Wilson Jones Century Plastic Molded Ring Binders', 'Xerox 1946')",1
"('Acme Office Executive Series Stainless Steel Trimmers', 'Clear Mylar Reinforcing Strips')",1
"('Acme Office Executive Series Stainless Steel Trimmers', 'Newell 339')",1
"('Clear Mylar Reinforcing Strips', 'Newell 339')",1
"('BIC Brite Liner Grip Highlighters', 'Fellowes Twister Kit, Gray/Clear, 3/pkg')",1
"('BIC Brite Liner Grip Highlighters', 'Pyle PMP37LED')",1
"('BIC Brite Liner Grip Highlighters', 'Wirebound Message Books, Four 2 3/4"" x 5"" Forms per Page, 600 Sets per Book')",1
"('Fellowes Twister Kit, Gray/Clear, 3/pkg', 'Pyle PMP37LED')",1
"('Fellowes Twister Kit, Gray/Clear, 3/pkg', 'Wirebound Message Books, Four 2 3/4"" x 5"" Forms per Page, 600 Sets per Book')",1
"('Pyle PMP37LED', 'Wirebound Message Books, Four 2 3/4"" x 5"" Forms per Page, 600 Sets per Book')",1
"('Computer Room Manger, 14""', 'Gould Plastics 18-Pocket Panel Bin, 34w x 5-1/4d x 20-1/2h')",1
"('Computer Room Manger, 14""', 'Xerox 1936')",1
"('Gould Plastics 18-Pocket Panel Bin, 34w x 5-1/4d x 20-1/2h', 'Xerox 1936')",1
"('Acco Recycled 2"" Capacity Laser Printer Hanging Data Binders', 'Multicolor Computer Printout Paper')",1
"('Avanti 1.7 Cu. Ft. Refrigerator', 'Xerox 1966')",1
"(""Eldon ProFile File 'N Store Portable File Tub Letter/Legal Size Black"", 'Micro Innovations Wireless Classic Keyboard with Mouse')",1
"('Eldon 200 Class Desk Accessories, Smoke', ""I Need's 3d Hello Kitty Hybrid Silicone Case Cover for HTC One X 4g with 3d Hello Kitty Stylus Pen Green/pink"")",1
"('Eldon 200 Class Desk Accessories, Smoke', 'Xerox 1969')",1
"('Eldon 200 Class Desk Accessories, Smoke', 'Xerox 4200 Series MultiUse Premium Copy Paper (20Lb. and 84 Bright)')",1
"(""I Need's 3d Hello Kitty Hybrid Silicone Case Cover for HTC One X 4g with 3d Hello Kitty Stylus Pen Green/pink"", 'Xerox 1969')",1
"(""I Need's 3d Hello Kitty Hybrid Silicone Case Cover for HTC One X 4g with 3d Hello Kitty Stylus Pen Green/pink"", 'Xerox 4200 Series MultiUse Premium Copy Paper (20Lb. and 84 Bright)')",1
"('Xerox 1969', 'Xerox 4200 Series MultiUse Premium Copy Paper (20Lb. and 84 Bright)')",1
"('Acco Perma 4000 Stacking Storage Drawers', 'Xerox 1898')",1
"('Canon imageCLASS 2200 Advanced Copier', 'Xerox 1898')",1
"('Advantus Plastic Paper Clips', 'Binding Machine Supplies')",1
"('Advantus Plastic Paper Clips', 'Fellowes Premier Superior Surge Suppressor, 10-Outlet, With Phone and Remote')",1
"('Advantus Plastic Paper Clips', 'Howard Miller 13-3/4"" Diameter Brushed Chrome Round Wall Clock')",1
"('Advantus Plastic Paper Clips', 'Leather Task Chair, Black')",1
"('Binding Machine Supplies', 'Fellowes Premier Superior Surge Suppressor, 10-Outlet, With Phone and Remote')",1
"('Binding Machine Supplies', 'Howard Miller 13-3/4"" Diameter Brushed Chrome Round Wall Clock')",1
"('Binding Machine Supplies', 'Leather Task Chair, Black')",1
"('Fellowes Premier Superior Surge Suppressor, 10-Outlet, With Phone and Remote', 'Howard Miller 13-3/4"" Diameter Brushed Chrome Round Wall Clock')",1
"('Fellowes Premier Superior Surge Suppressor, 10-Outlet, With Phone and Remote', 'Leather Task Chair, Black')",1
"('Howard Miller 13-3/4"" Diameter Brushed Chrome Round Wall Clock', 'Leather Task Chair, Black')",1
"('Blackstonian Pencils', 'Imation\xa0Secure+ Hardware Encrypted USB 2.0\xa0Flash Drive; 16GB')",1
"('Newell 348', 'Safco Commercial Shelving')",1
"('Newell 348', 'Telescoping Adjustable Floor Lamp')",1
"('Newell 348', 'Xerox 1927')",1
"('Safco Commercial Shelving', 'Telescoping Adjustable Floor Lamp')",1
"('Safco Commercial Shelving', 'Xerox 1927')",1
"('Telescoping Adjustable Floor Lamp', 'Xerox 1927')",1
"('Bush Birmingham Collection Bookcase, Dark Cherry', 'It\'s Hot Message Books with Stickers, 2 3/4"" x 5""')",1
"('Bush Birmingham Collection Bookcase, Dark Cherry', 'Sanford Colorific Colored Pencils, 12/Box')",1
"('It\'s Hot Message Books with Stickers, 2 3/4"" x 5""', 'Sanford Colorific Colored Pencils, 12/Box')",1
"('36X48 HARDFLOOR CHAIRMAT', 'Hunt Boston Vacuum Mount KS Pencil Sharpener')",1
"('36X48 HARDFLOOR CHAIRMAT', 'Maxell 4.7GB DVD-R')",1
"('36X48 HARDFLOOR CHAIRMAT', 'Newell 325')",1
"('36X48 HARDFLOOR CHAIRMAT', 'Tensor Track Tree Floor Lamp')",1
"('Hunt Boston Vacuum Mount KS Pencil Sharpener', 'Maxell 4.7GB DVD-R')",1
"('Hunt Boston Vacuum Mount KS Pencil Sharpener', 'Newell 325')",1
"('Hunt Boston Vacuum Mount KS Pencil Sharpener', 'Tensor Track Tree Floor Lamp')",1
"('Maxell 4.7GB DVD-R', 'Newell 325')",1
"('Maxell 4.7GB DVD-R', 'Tensor Track Tree Floor Lamp')",1
"('Newell 325', 'Tensor Track Tree Floor Lamp')",1
"('Binding Machine Supplies', 'Bush Saratoga Collection 5-Shelf Bookcase, Hanover Cherry, *Special Order')",1
"('Binding Machine Supplies', 'Logitech\xa0Illuminated - Keyboard')",1
"('Bush Saratoga Collection 5-Shelf Bookcase, Hanover Cherry, *Special Order', 'Logitech\xa0Illuminated - Keyboard')",1
"('Executive Impressions 14"" Two-Color Numerals Wall Clock', 'Pencil and Crayon Sharpener')",1
"('Executive Impressions 14"" Two-Color Numerals Wall Clock', 'Safco Industrial Wire Shelving System')",1
"('Pencil and Crayon Sharpener', 'Safco Industrial Wire Shelving System')",1
"('Adams Telephone Message Book w/Frequently-Called Numbers Space, 400 Messages per Book', 'Fellowes Basic Home/Office Series Surge Protectors')",1
"('Adams Telephone Message Book w/Frequently-Called Numbers Space, 400 Messages per Book', 'Xerox 1939')",1
"('Fellowes Basic Home/Office Series Surge Protectors', 'Xerox 1939')",1
"('Manila Recycled Extra-Heavyweight Clasp Envelopes, 6"" x 9""', 'Xerox 4200 Series MultiUse Premium Copy Paper (20Lb. and 84 Bright)')",1
"('Logitech\xa0LS21 Speaker System - PC Multimedia - 2.1-CH - Wired', 'Xerox 230')",1
"('Sony 16GB Class 10 Micro SDHC R40 Memory Card', 'Xerox 1943')",1
"('Bravo II Megaboss 12-Amp Hard Body Upright, Replacement Belts, 2 Belts per Pack', 'Bush Mission Pointe Library')",1
"('Bravo II Megaboss 12-Amp Hard Body Upright, Replacement Belts, 2 Belts per Pack', 'Eureka Sanitaire  Multi-Pro Heavy-Duty Upright, Disposable Bags')",1
"('Bravo II Megaboss 12-Amp Hard Body Upright, Replacement Belts, 2 Belts per Pack', 'Logitech\xa0P710e Mobile Speakerphone')",1
"('Bravo II Megaboss 12-Amp Hard Body Upright, Replacement Belts, 2 Belts per Pack', 'VTech DS6151')",1
"('Bravo II Megaboss 12-Amp Hard Body Upright, Replacement Belts, 2 Belts per Pack', 'WD My Passport Ultra 1TB Portable External Hard Drive')",1
"('Bravo II Megaboss 12-Amp Hard Body Upright, Replacement Belts, 2 Belts per Pack', 'Wilson Jones Standard D-Ring Binders')",1
"('Bravo II Megaboss 12-Amp Hard Body Upright, Replacement Belts, 2 Belts per Pack', 'Xerox 206')",1
"('Bush Mission Pointe Library', 'Eureka Sanitaire  Multi-Pro Heavy-Duty Upright, Disposable Bags')",1
"('Bush Mission Pointe Library', 'Logitech\xa0P710e Mobile Speakerphone')",1
"('Bush Mission Pointe Library', 'VTech DS6151')",1
"('Bush Mission Pointe Library', 'WD My Passport Ultra 1TB Portable External Hard Drive')",1
"('Bush Mission Pointe Library', 'Wilson Jones Standard D-Ring Binders')",1
"('Bush Mission Pointe Library', 'Xerox 206')",1
"('Eureka Sanitaire  Multi-Pro Heavy-Duty Upright, Disposable Bags', 'Logitech\xa0P710e Mobile Speakerphone')",1
"('Eureka Sanitaire  Multi-Pro Heavy-Duty Upright, Disposable Bags', 'VTech DS6151')",1
"('Eureka Sanitaire  Multi-Pro Heavy-Duty Upright, Disposable Bags', 'WD My Passport Ultra 1TB Portable External Hard Drive')",1
"('Eureka Sanitaire  Multi-Pro Heavy-Duty Upright, Disposable Bags', 'Wilson Jones Standard D-Ring Binders')",1
"('Eureka Sanitaire  Multi-Pro Heavy-Duty Upright, Disposable Bags', 'Xerox 206')",1
"('Logitech\xa0P710e Mobile Speakerphone', 'VTech DS6151')",1
"('Logitech\xa0P710e Mobile Speakerphone', 'WD My Passport Ultra 1TB Portable External Hard Drive')",1
"('Logitech\xa0P710e Mobile Speakerphone', 'Wilson Jones Standard D-Ring Binders')",1
"('Logitech\xa0P710e Mobile Speakerphone', 'Xerox 206')",1
"('VTech DS6151', 'WD My Passport Ultra 1TB Portable External Hard Drive')",1
"('VTech DS6151', 'Wilson Jones Standard D-Ring Binders')",1
"('VTech DS6151', 'Xerox 206')",1
"('WD My Passport Ultra 1TB Portable External Hard Drive', 'Wilson Jones Standard D-Ring Binders')",1
"('WD My Passport Ultra 1TB Portable External Hard Drive', 'Xerox 206')",1
"('Wilson Jones Standard D-Ring Binders', 'Xerox 206')",1
"('Acco Pressboard Covers with Storage Hooks, 9 1/2"" x 11"", Executive Red', 'Avery 486')",1
"('Acco Pressboard Covers with Storage Hooks, 9 1/2"" x 11"", Executive Red', 'Avery 496')",1
"('Acco Pressboard Covers with Storage Hooks, 9 1/2"" x 11"", Executive Red', 'Cisco SPA525G2 IP Phone - Wireless')",1
"('Acco Pressboard Covers with Storage Hooks, 9 1/2"" x 11"", Executive Red', 'Kingston Digital DataTraveler 16GB USB 2.0')",1
"('Acco Pressboard Covers with Storage Hooks, 9 1/2"" x 11"", Executive Red', 'Lumber Crayons')",1
"('Acco Pressboard Covers with Storage Hooks, 9 1/2"" x 11"", Executive Red', 'Neat Ideas Personal Hanging Folder Files, Black')",1
"('Acco Pressboard Covers with Storage Hooks, 9 1/2"" x 11"", Executive Red', 'SanDisk Cruzer 32 GB USB Flash Drive')",1
"('Acco Pressboard Covers with Storage Hooks, 9 1/2"" x 11"", Executive Red', 'Tenex File Box, Personal Filing Tote with Lid, Black')",1
"('Avery 486', 'Avery 496')",1
"('Avery 486', 'Cisco SPA525G2 IP Phone - Wireless')",1
"('Avery 486', 'Kingston Digital DataTraveler 16GB USB 2.0')",1
"('Avery 486', 'Lumber Crayons')",1
"('Avery 486', 'Neat Ideas Personal Hanging Folder Files, Black')",1
"('Avery 486', 'SanDisk Cruzer 32 GB USB Flash Drive')",1
"('Avery 486', 'Tenex File Box, Personal Filing Tote with Lid, Black')",1
"('Avery 496', 'Cisco SPA525G2 IP Phone - Wireless')",1
"('Avery 496', 'Kingston Digital DataTraveler 16GB USB 2.0')",1
"('Avery 496', 'Lumber Crayons')",1
"('Avery 496', 'Neat Ideas Personal Hanging Folder Files, Black')",1
"('Avery 496', 'SanDisk Cruzer 32 GB USB Flash Drive')",1
"('Avery 496', 'Tenex File Box, Personal Filing Tote with Lid, Black')",1
"('Cisco SPA525G2 IP Phone - Wireless', 'Kingston Digital DataTraveler 16GB USB 2.0')",1
"('Cisco SPA525G2 IP Phone - Wireless', 'Lumber Crayons')",1
"('Cisco SPA525G2 IP Phone - Wireless', 'Neat Ideas Personal Hanging Folder Files, Black')",1
"('Cisco SPA525G2 IP Phone - Wireless', 'SanDisk Cruzer 32 GB USB Flash Drive')",1
"('Cisco SPA525G2 IP Phone - Wireless', 'Tenex File Box, Personal Filing Tote with Lid, Black')",1
"('Kingston Digital DataTraveler 16GB USB 2.0', 'Lumber Crayons')",1
"('Kingston Digital DataTraveler 16GB USB 2.0', 'Neat Ideas Personal Hanging Folder Files, Black')",1
"('Kingston Digital DataTraveler 16GB USB 2.0', 'SanDisk Cruzer 32 GB USB Flash Drive')",1
"('Kingston Digital DataTraveler 16GB USB 2.0', 'Tenex File Box, Personal Filing Tote with Lid, Black')",1
"('Lumber Crayons', 'Neat Ideas Personal Hanging Folder Files, Black')",1
"('Lumber Crayons', 'SanDisk Cruzer 32 GB USB Flash Drive')",1
"('Lumber Crayons', 'Tenex File Box, Personal Filing Tote with Lid, Black')",1
"('Neat Ideas Personal Hanging Folder Files, Black', 'SanDisk Cruzer 32 GB USB Flash Drive')",1
"('Neat Ideas Personal Hanging Folder Files, Black', 'Tenex File Box, Personal Filing Tote with Lid, Black')",1
"('SanDisk Cruzer 32 GB USB Flash Drive', 'Tenex File Box, Personal Filing Tote with Lid, Black')",1
"('Alphabetical Labels for Top Tab Filing', ""O'Sullivan Living Dimensions 2-Shelf Bookcases"")",1
"('Alphabetical Labels for Top Tab Filing', 'iHome FM Clock Radio with Lightning Dock')",1
"(""O'Sullivan Living Dimensions 2-Shelf Bookcases"", 'iHome FM Clock Radio with Lightning Dock')",1
"('Acme Softgrip Scissors', 'Berol Giant Pencil Sharpener')",1
"('Acme Softgrip Scissors', 'GBC Standard Recycled Report Covers, Clear Plastic Sheets')",1
"('Acme Softgrip Scissors', ""O'Sullivan 4-Shelf Bookcase in Odessa Pine"")",1
"('Berol Giant Pencil Sharpener', 'GBC Standard Recycled Report Covers, Clear Plastic Sheets')",1
"('Berol Giant Pencil Sharpener', ""O'Sullivan 4-Shelf Bookcase in Odessa Pine"")",1
"('DAX Wood Document Frame', 'Innergie mMini Combo Duo USB Travel Charging Kit')",1
"('DAX Wood Document Frame', 'KI Adjustable-Height Table')",1
"('DAX Wood Document Frame', 'SAFCO Arco Folding Chair')",1
"('DAX Wood Document Frame', 'Samsung Galaxy S4 Mini')",1
"('Innergie mMini Combo Duo USB Travel Charging Kit', 'KI Adjustable-Height Table')",1
"('Innergie mMini Combo Duo USB Travel Charging Kit', 'SAFCO Arco Folding Chair')",1
"('Innergie mMini Combo Duo USB Travel Charging Kit', 'Samsung Galaxy S4 Mini')",1
"('KI Adjustable-Height Table', 'SAFCO Arco Folding Chair')",1
"('KI Adjustable-Height Table', 'Samsung Galaxy S4 Mini')",1
"('SAFCO Arco Folding Chair', 'Samsung Galaxy S4 Mini')",1
"('Belkin Premiere Surge Master II 8-outlet surge protector', 'Hon 4070 Series Pagoda Armless Upholstered Stacking Chairs')",1
"('Belkin Premiere Surge Master II 8-outlet surge protector', 'Safco Contoured Stacking Chairs')",1
"('Hon 4070 Series Pagoda Armless Upholstered Stacking Chairs', 'SAFCO Optional Arm Kit for Workspace Cribbage Stacking Chair')",1
"('Hon 4070 Series Pagoda Armless Upholstered Stacking Chairs', 'Safco Contoured Stacking Chairs')",1
"('SAFCO Optional Arm Kit for Workspace Cribbage Stacking Chair', 'Safco Contoured Stacking Chairs')",1
"('Durable Pressboard Binders', ""O'Sullivan Elevations Bookcase, Cherry Finish"")",1
"('Durable Pressboard Binders', 'Pressboard Data Binders by Wilson Jones')",1
"('Durable Pressboard Binders', 'TOPS 4 x 6 Fluorescent Color Memo Sheets, 500 Sheets per Pack')",1
"(""O'Sullivan Elevations Bookcase, Cherry Finish"", 'Pressboard Data Binders by Wilson Jones')",1
"(""O'Sullivan Elevations Bookcase, Cherry Finish"", 'TOPS 4 x 6 Fluorescent Color Memo Sheets, 500 Sheets per Pack')",1
"('Pressboard Data Binders by Wilson Jones', 'TOPS 4 x 6 Fluorescent Color Memo Sheets, 500 Sheets per Pack')",1
"('Ibico Hi-Tech Manual Binding System', 'QVS USB Car Charger 2-Port 2.1Amp for iPod/iPhone/iPad/iPad 2/iPad 3')",1
"('Ibico Hi-Tech Manual Binding System', 'Trav-L-File Heavy-Duty Shuttle II, Black')",1
"('QVS USB Car Charger 2-Port 2.1Amp for iPod/iPhone/iPad/iPad 2/iPad 3', 'Trav-L-File Heavy-Duty Shuttle II, Black')",1
"('Fiskars Spring-Action Scissors', 'Safco Industrial Wire Shelving')",1
"('Global Airflow Leather Mesh Back Chair, Black', 'Imation Bio 2GB USB\xa0Flash Drive Imation\xa0Corp')",1
"('Global Airflow Leather Mesh Back Chair, Black', 'KeyTronic\xa0E03601U1 -\xa0Keyboard\xa0- Beige')",1
"('Imation Bio 2GB USB\xa0Flash Drive Imation\xa0Corp', 'KeyTronic\xa0E03601U1 -\xa0Keyboard\xa0- Beige')",1
"('Bush Advantage Collection Racetrack Conference Table', 'Logitech Wireless Gaming Headset G930')",1
"('Acco 3-Hole Punch', 'GBC Instant Report Kit')",1
"('Atlantic Metals Mobile 4-Shelf Bookcases, Custom Colors', 'Peel & Seel Recycled Catalog Envelopes, Brown')",1
"('Atlantic Metals Mobile 4-Shelf Bookcases, Custom Colors', 'Sterilite Show Offs Storage Containers')",1
"('Atlantic Metals Mobile 4-Shelf Bookcases, Custom Colors', 'Xerox 221')",1
"('Peel & Seel Recycled Catalog Envelopes, Brown', 'Sterilite Show Offs Storage Containers')",1
"('Peel & Seel Recycled Catalog Envelopes, Brown', 'Xerox 221')",1
"('Sterilite Show Offs Storage Containers', 'Xerox 221')",1
"('Bestar Classic Bookcase', 'Global Super Steno Chair')",1
"('Bestar Classic Bookcase', 'Novimex Fabric Task Chair')",1
"('Global Super Steno Chair', 'Novimex Fabric Task Chair')",1
"('Global Deluxe Office Fabric Chairs', 'Xerox 191')",1
"('Avery 4027 File Folder Labels for Dot Matrix Printers, 5000 Labels per Box, White', 'Executive Impressions 14"" Two-Color Numerals Wall Clock')",1
"('Pastel Pink Envelopes', 'Wilson Jones Easy Flow II Sheet Lifters')",1
"('GBC Plasticlear Binding Covers', 'Xerox 1900')",1
"('Acco Data Flex Cable Posts For Top & Bottom Load Binders, 6"" Capacity', 'Hon 61000 Series Interactive Training Tables')",1
"('Logitech G19 Programmable Gaming Keyboard', 'Magnifier Swing Arm Lamp')",1
"('Logitech G19 Programmable Gaming Keyboard', 'Quartet Alpha White Chalk, 12/Pack')",1
"('Magnifier Swing Arm Lamp', 'Quartet Alpha White Chalk, 12/Pack')",1
"('Aastra 57i VoIP phone', 'Staples')",1
"('Aastra 57i VoIP phone', 'Tenex Traditional Chairmats for Medium Pile Carpet, Standard Lip, 36"" x 48""')",1
"('Staples', 'Tenex Traditional Chairmats for Medium Pile Carpet, Standard Lip, 36"" x 48""')",1
"('Peel & Seel Envelopes', 'Prang Drawing Pencil Set')",1
"('3D Systems Cube Printer, 2nd Generation, Magenta', 'Global High-Back Leather Tilter, Burgundy')",1
"('3D Systems Cube Printer, 2nd Generation, Magenta', 'Samsung HM1900 Bluetooth Headset')",1
"('Global High-Back Leather Tilter, Burgundy', 'Samsung HM1900 Bluetooth Headset')",1
"('Global Comet Stacking Armless Chair', 'Xerox 214')",1
"('Maxell 74 Minute CDR, 10/Pack', 'Tensor Track Tree Floor Lamp')",1
"('Bush Westfield Collection Bookcases, Fully Assembled', 'Gear Head AU3700S Headset')",1
"('Bush Westfield Collection Bookcases, Fully Assembled', 'Wilson Jones Legal Size Ring Binders')",1
"('Gear Head AU3700S Headset', 'Wilson Jones Legal Size Ring Binders')",1
"('Howard Miller 14-1/2"" Diameter Chrome Round Wall Clock', 'Mophie Juice Pack Helium for iPhone')",1
"('Howard Miller 14-1/2"" Diameter Chrome Round Wall Clock', ""O'Sullivan 4-Shelf Bookcase in Odessa Pine"")",1
"('Howard Miller 14-1/2"" Diameter Chrome Round Wall Clock', 'Peel-Off China Markers')",1
"('Mophie Juice Pack Helium for iPhone', ""O'Sullivan 4-Shelf Bookcase in Odessa Pine"")",1
"('Mophie Juice Pack Helium for iPhone', 'Peel-Off China Markers')",1
"(""O'Sullivan 4-Shelf Bookcase in Odessa Pine"", 'Peel-Off China Markers')",1
"('Hon Deluxe Fabric Upholstered Stacking Chairs, Rounded Back', 'Letter or Legal Size Expandable Poly String Tie Envelopes')",1
"('Hon Deluxe Fabric Upholstered Stacking Chairs, Rounded Back', 'Logitech diNovo Edge Keyboard')",1
"('Hon Deluxe Fabric Upholstered Stacking Chairs, Rounded Back', 'Super Decoflex Portable Personal File')",1
"('Letter or Legal Size Expandable Poly String Tie Envelopes', 'Logitech diNovo Edge Keyboard')",1
"('Letter or Legal Size Expandable Poly String Tie Envelopes', 'Super Decoflex Portable Personal File')",1
"('Logitech diNovo Edge Keyboard', 'Super Decoflex Portable Personal File')",1
"('Acme Box Cutter Scissors', 'DAX Executive Solid Wood Document Frame, Desktop or Hang, Mahogany, 5 x 7')",1
"('Acme Box Cutter Scissors', 'Hon Metal Bookcases, Putty')",1
"('DAX Executive Solid Wood Document Frame, Desktop or Hang, Mahogany, 5 x 7', 'Hon Metal Bookcases, Putty')",1
"('Avery 478', 'Strathmore Photo Mount Cards')",1
"('Eldon Stackable Tray, Side-Load, Legal, Smoke', 'Razer Tiamat Over Ear 7.1 Surround Sound PC Gaming Headset')",1
"('Electrix Halogen Magnifier Lamp', 'Xerox 210')",1
"('Advantus Rolling Storage Box', 'Avery 505')",1
"('Advantus Rolling Storage Box', 'Wilson Jones Easy Flow II Sheet Lifters')",1
"('Avery 505', 'Wilson Jones Easy Flow II Sheet Lifters')",1
"('ClearSounds CSC500 Amplified Spirit Phone Corded phone', 'Manila Recycled Extra-Heavyweight Clasp Envelopes, 6"" x 9""')",1
"('Decoflex Hanging Personal Folder File, Blue', 'Samsung Rugby III')",1
"('6"" Cubicle Wall Clock, Black', 'Kensington 4 Outlet MasterPiece Compact Power Control Center')",1
"('Atlantic Metals Mobile 5-Shelf Bookcases, Custom Colors', ""Global Deluxe High-Back Manager's Chair"")",1
"('Atlantic Metals Mobile 5-Shelf Bookcases, Custom Colors', 'Global Leather & Oak Executive Chair, Burgundy')",1
"('Atlantic Metals Mobile 5-Shelf Bookcases, Custom Colors', 'Kensington SlimBlade Notebook Wireless Mouse with Nano Receiver ')",1
"(""Global Deluxe High-Back Manager's Chair"", 'Global Leather & Oak Executive Chair, Burgundy')",1
"(""Global Deluxe High-Back Manager's Chair"", 'Kensington SlimBlade Notebook Wireless Mouse with Nano Receiver ')",1
"('Global Leather & Oak Executive Chair, Burgundy', 'Kensington SlimBlade Notebook Wireless Mouse with Nano Receiver ')",1
"('Avery 4027 File Folder Labels for Dot Matrix Printers, 5000 Labels per Box, White', 'GE 30524EE4')",1
"('Avery 4027 File Folder Labels for Dot Matrix Printers, 5000 Labels per Box, White', 'Wilson Jones Century Plastic Molded Ring Binders')",1
"('GE 30524EE4', 'Wilson Jones Century Plastic Molded Ring Binders')",1
"('GBC VeloBind Cover Sets', 'Polycom SoundPoint IP 450 VoIP phone')",1
"('Panasonic KX-TG9541B DECT 6.0 Digital 2-Line Expandable Cordless Phone With Digital Answering System', 'Staples')",1
"('Cisco SPA525G2 IP Phone - Wireless', 'Howard Miller Distant Time Traveler Alarm Clock')",1
"('Cisco SPA525G2 IP Phone - Wireless', 'Newell 337')",1
"('Cisco SPA525G2 IP Phone - Wireless', 'Westinghouse Clip-On Gooseneck Lamps')",1
"('Howard Miller Distant Time Traveler Alarm Clock', 'Newell 337')",1
"('Howard Miller Distant Time Traveler Alarm Clock', 'Westinghouse Clip-On Gooseneck Lamps')",1
"('Newell 337', 'Westinghouse Clip-On Gooseneck Lamps')",1
"('Dot Matrix Printer Tape Reel Labels, White, 5000/Box', 'Verbatim 25 GB 6x Blu-ray Single Layer Recordable Disc, 1/Pack')",1
"('LG Electronics Tone+ HBS-730 Bluetooth Headset', 'Panasonic KX - TS880B Telephone')",1
"('LG Electronics Tone+ HBS-730 Bluetooth Headset', 'Premier Automatic Letter Opener')",1
"('Panasonic KX - TS880B Telephone', 'Premier Automatic Letter Opener')",1
"('Belkin SportFit Armband For iPhone 5s/5c, Fuchsia', 'Quality Park Security Envelopes')",1
"('Avery Address/Shipping Labels for Typewriters, 4"" x 2""', 'Eldon Wave Desk Accessories')",1
"('Avery Address/Shipping Labels for Typewriters, 4"" x 2""', 'Global Ergonomic Managers Chair')",1
"('Avery Address/Shipping Labels for Typewriters, 4"" x 2""', 'Newell 333')",1
"('Eldon Wave Desk Accessories', 'Global Ergonomic Managers Chair')",1
"('Eldon Wave Desk Accessories', 'Newell 333')",1
"('Global Ergonomic Managers Chair', 'Newell 333')",1
"('Sanford Prismacolor Professional Thick Lead Art Pencils, 36-Color Set', 'Xerox 196')",1
"('Sanford Prismacolor Professional Thick Lead Art Pencils, 36-Color Set', 'Zebra Zazzle Fluorescent Highlighters')",1
"('Xerox 196', 'Zebra Zazzle Fluorescent Highlighters')",1
"('Crate-A-Files', 'Xerox 1890')",1
"('Crate-A-Files', 'Xerox 191')",1
"('Xerox 1890', 'Xerox 191')",1
"('Hewlett Packard LaserJet 3310 Copier', 'Vinyl Sectional Post Binders')",1
"('C-Line Cubicle Keepers Polyproplyene Holder w/Velcro Back, 8-1/2x11, 25/Bx', 'Iris Project Case')",1
"('C-Line Cubicle Keepers Polyproplyene Holder w/Velcro Back, 8-1/2x11, 25/Bx', 'Safco Industrial Wire Shelving System')",1
"('C-Line Cubicle Keepers Polyproplyene Holder w/Velcro Back, 8-1/2x11, 25/Bx', 'Xerox 1996')",1
"('Iris Project Case', 'Safco Industrial Wire Shelving System')",1
"('Iris Project Case', 'Xerox 1996')",1
"('Safco Industrial Wire Shelving System', 'Xerox 1996')",1
"('AT&T SB67148 SynJ', 'Fellowes Basic Home/Office Series Surge Protectors')",1
"('AT&T SB67148 SynJ', 'GE 30524EE4')",1
"('AT&T SB67148 SynJ', 'Jabra BIZ 2300 Duo QD Duo Corded\xa0Headset')",1
"('AT&T SB67148 SynJ', 'Recycled Pressboard Report Cover with Reinforced Top Hinge')",1
"('Fellowes Basic Home/Office Series Surge Protectors', 'GE 30524EE4')",1
"('Fellowes Basic Home/Office Series Surge Protectors', 'Jabra BIZ 2300 Duo QD Duo Corded\xa0Headset')",1
"('Fellowes Basic Home/Office Series Surge Protectors', 'Recycled Pressboard Report Cover with Reinforced Top Hinge')",1
"('GE 30524EE4', 'Jabra BIZ 2300 Duo QD Duo Corded\xa0Headset')",1
"('GE 30524EE4', 'Recycled Pressboard Report Cover with Reinforced Top Hinge')",1
"('Jabra BIZ 2300 Duo QD Duo Corded\xa0Headset', 'Recycled Pressboard Report Cover with Reinforced Top Hinge')",1
"('GBC Premium Transparent Covers with Diagonal Lined Pattern', 'Hon Olson Stacker Stools')",1
"('GBC Premium Transparent Covers with Diagonal Lined Pattern', 'Wirebound Message Forms, Four 2 3/4 x 5 Forms per Page, Pink Paper')",1
"('Hon Olson Stacker Stools', 'Wirebound Message Forms, Four 2 3/4 x 5 Forms per Page, Pink Paper')",1
"('Office Star - Mesh Screen back chair with Vinyl seat', 'Xerox 1949')",1
"('Logitech\xa0Gaming G510s - Keyboard', 'Panasonic KX TS208W Corded phone')",1
"('Logitech\xa0Gaming G510s - Keyboard', 'Xerox 230')",1
"('Panasonic KX TS208W Corded phone', 'Xerox 230')",1
"('Kingston Digital DataTraveler 16GB USB 2.0', 'UniKeep View Case Binders')",1
"('Kingston Digital DataTraveler 16GB USB 2.0', 'Xerox 1947')",1
"('UniKeep View Case Binders', 'Xerox 1947')",1
"('Hanging Personal Folder File', 'Staples')",1
"('Bevis Boat-Shaped Conference Table', 'Polycom VVX 310 VoIP phone')",1
"('Staples', 'Wilson Jones Leather-Like Binders with DublLock Round Rings')",1
"('Office Impressions End Table, 20-1/2""H x 24""W x 20""D', 'Personal File Boxes with Fold-Down Carry Handle')",1
"('AmazonBasics 3-Button USB Wired Mouse', ""O'Sullivan 3-Shelf Heavy-Duty Bookcases"")",1
"('Avery Durable Binders', 'Iceberg Mobile Mega Data/Printer Cart ')",1
"('HP Office Paper (20Lb. and 87 Bright)', 'Xerox 4200 Series MultiUse Premium Copy Paper (20Lb. and 84 Bright)')",1
"('Avery Personal Creations Heavyweight Cards', 'Black Avery Memo-Size 3-Ring Binder, 5 1/2"" x 8 1/2""')",1
"('Avery Personal Creations Heavyweight Cards', 'Fellowes PB200 Plastic Comb Binding Machine')",1
"('Black Avery Memo-Size 3-Ring Binder, 5 1/2"" x 8 1/2""', 'Fellowes PB200 Plastic Comb Binding Machine')",1
"('Avery Binding System Hidden Tab Executive Style Index Sets', ""Belkin 325VA UPS Surge Protector, 6'"")",1
"('Bevis Oval Conference Table, Walnut', 'Dual Level, Single-Width Filing Carts')",1
"('Bevis Oval Conference Table, Walnut', 'Hoover Commercial SteamVac')",1
"('Bevis Oval Conference Table, Walnut', 'Newell 319')",1
"('Dual Level, Single-Width Filing Carts', 'Hoover Commercial SteamVac')",1
"('Dual Level, Single-Width Filing Carts', 'Newell 319')",1
"('Hoover Commercial SteamVac', 'Newell 319')",1
"('Eldon Wave Desk Accessories', 'Fellowes Super Stor/Drawer Files')",1
"('Eldon Wave Desk Accessories', 'Staples')",1
"('Eldon Wave Desk Accessories', 'Xerox 1888')",1
"('Fellowes Super Stor/Drawer Files', 'Staples')",1
"('Fellowes Super Stor/Drawer Files', 'Xerox 1888')",1
"('Staples', 'Xerox 1888')",1
"('Chromcraft Rectangular Conference Tables', 'Deluxe Rollaway Locking File with Drawer')",1
"('Kingston Digital DataTraveler 16GB USB 2.0', 'Microsoft Sculpt Comfort Mouse')",1
"('DXL Angle-View Binders with Locking Rings by Samsill', 'Hewlett Packard 310 Color Digital Copier')",1
"('Fellowes Officeware Wire Shelving', 'X-Rack File for Hanging Folders')",1
"('Adams Telephone Message Book W/Dividers/Space For Phone Numbers, 5 1/4""X8 1/2"", 300/Messages', 'Commercial WindTunnel Clean Air Upright Vacuum, Replacement Belts, Filtration Bags')",1
"('Adams Telephone Message Book W/Dividers/Space For Phone Numbers, 5 1/4""X8 1/2"", 300/Messages', 'Xerox 1882')",1
"('Commercial WindTunnel Clean Air Upright Vacuum, Replacement Belts, Filtration Bags', 'Xerox 1882')",1
"('Hon 5100 Series Wood Tables', 'Motorola Moto X')",1
"('Adams ""While You Were Out"" Message Pads', 'Adams Phone Message Book, 200 Message Capacity, 8 1/16\x94 x 11\x94')",1
"('Adams ""While You Were Out"" Message Pads', 'Newell 34')",1
"('Adams Phone Message Book, 200 Message Capacity, 8 1/16\x94 x 11\x94', 'Newell 34')",1
"('Avery 498', 'Fellowes Binding Cases')",1
"('Ultra Door Push Plate', 'Xerox 203')",1
"('Akro-Mils 12-Gallon Tote', 'Tenex Traditional Chairmats for Hard Floors, Average Lip, 36"" x 48""')",1
"('Akro-Mils 12-Gallon Tote', 'Xerox 1968')",1
"('Tenex Traditional Chairmats for Hard Floors, Average Lip, 36"" x 48""', 'Xerox 1968')",1
"('Avery Triangle Shaped Sheet Lifters, Black, 2/Pack', 'Xerox 214')",1
"('Adjustable Depth Letter/Legal Cart', 'KI Adjustable-Height Table')",1
"('Adjustable Depth Letter/Legal Cart', 'Performers Binder/Pad Holder, Black')",1
"('Adjustable Depth Letter/Legal Cart', 'Toshiba IPT2010-SD IP\xa0Telephone')",1
"('KI Adjustable-Height Table', 'Performers Binder/Pad Holder, Black')",1
"('Performers Binder/Pad Holder, Black', 'Staples')",1
"('Performers Binder/Pad Holder, Black', 'Toshiba IPT2010-SD IP\xa0Telephone')",1
"('Staples', 'Toshiba IPT2010-SD IP\xa0Telephone')",1
"('GuestStacker Chair with Chrome Finish Legs', 'Wirebound Voice Message Log Book')",1
"('Ibico Plastic Spiral Binding Combs', 'Iceberg OfficeWorks 42"" Round Tables')",1
"('Avery 511', 'Newell 345')",1
"('AT&T 1080 Corded phone', 'Avery 520')",1
"('AT&T 1080 Corded phone', 'GBC Premium Transparent Covers with Diagonal Lined Pattern')",1
"('AT&T 1080 Corded phone', 'SpineVue Locking Slant-D Ring Binders by Cardinal')",1
"('Avery 520', 'GBC Premium Transparent Covers with Diagonal Lined Pattern')",1
"('Avery 520', 'SpineVue Locking Slant-D Ring Binders by Cardinal')",1
"('GBC Premium Transparent Covers with Diagonal Lined Pattern', 'SpineVue Locking Slant-D Ring Binders by Cardinal')",1
"('Avery 512', 'Hon Comfortask Task/Swivel Chairs')",1
"('Avery Metallic Poly Binders', 'Cyber Acoustics AC-202b Speech Recognition Stereo Headset')",1
"('Avery Metallic Poly Binders', 'Razer Tiamat Over Ear 7.1 Surround Sound PC Gaming Headset')",1
"('Cyber Acoustics AC-202b Speech Recognition Stereo Headset', 'Razer Tiamat Over Ear 7.1 Surround Sound PC Gaming Headset')",1
"('Hammermill CopyPlus Copy Paper (20Lb. and 84 Bright)', 'Ibico Hi-Tech Manual Binding System')",1
"('Hammermill CopyPlus Copy Paper (20Lb. and 84 Bright)', 'Plantronics Calisto P620-M USB Wireless Speakerphone System')",1
"('Hammermill CopyPlus Copy Paper (20Lb. and 84 Bright)', 'Tennsco 6- and 18-Compartment Lockers')",1
"('Hammermill CopyPlus Copy Paper (20Lb. and 84 Bright)', 'Tyvek Side-Opening Peel & Seel Expanding Envelopes')",1
"('Ibico Hi-Tech Manual Binding System', 'Plantronics Calisto P620-M USB Wireless Speakerphone System')",1
"('Ibico Hi-Tech Manual Binding System', 'Tennsco 6- and 18-Compartment Lockers')",1
"('Ibico Hi-Tech Manual Binding System', 'Tyvek Side-Opening Peel & Seel Expanding Envelopes')",1
"('Plantronics Calisto P620-M USB Wireless Speakerphone System', 'Tennsco 6- and 18-Compartment Lockers')",1
"('Plantronics Calisto P620-M USB Wireless Speakerphone System', 'Tyvek Side-Opening Peel & Seel Expanding Envelopes')",1
"('Tennsco 6- and 18-Compartment Lockers', 'Tyvek Side-Opening Peel & Seel Expanding Envelopes')",1
"('Coloredge Poster Frame', 'GBC VeloBinder Manual Binding System')",1
"('Acco Smartsocket Table Surge Protector, 6 Color-Coded Adapter Outlets', 'Avery Reinforcements for Hole-Punch Pages')",1
"('Acco Smartsocket Table Surge Protector, 6 Color-Coded Adapter Outlets', 'GBC ProClick Spines for 32-Hole Punch')",1
"('Avery Reinforcements for Hole-Punch Pages', 'GBC ProClick Spines for 32-Hole Punch')",1
"('#10 Self-Seal White Envelopes', 'Hon Pagoda Stacking Chairs')",1
"('#10 Self-Seal White Envelopes', 'Xerox 1996')",1
"('Hon Pagoda Stacking Chairs', 'Xerox 1996')",1
"('Hoover Portapower Portable Vacuum', 'Xerox 208')",1
"('Cubify CubeX 3D Printer Double Head Print', 'Safco Value Mate Steel Bookcase, Baked Enamel Finish on Steel, Black')",1
"('Bevis Rectangular Conference Tables', 'Jabra Supreme Plus Driver Edition\xa0Headset')",1
"('Fellowes Superior 10 Outlet Split Surge Protector', 'Staples')",1
"('DAX Two-Tone Silver Metal Document Frame', 'Global Adaptabilites Bookcase, Cherry/Storm Gray Finish')",1
"('DAX Two-Tone Silver Metal Document Frame', 'Imation\xa08gb Micro Traveldrive Usb 2.0\xa0Flash Drive')",1
"('DAX Two-Tone Silver Metal Document Frame', 'OIC Colored Binder Clips, Assorted Sizes')",1
"('Global Adaptabilites Bookcase, Cherry/Storm Gray Finish', 'Imation\xa08gb Micro Traveldrive Usb 2.0\xa0Flash Drive')",1
"('Global Adaptabilites Bookcase, Cherry/Storm Gray Finish', 'OIC Colored Binder Clips, Assorted Sizes')",1
"('Imation\xa08gb Micro Traveldrive Usb 2.0\xa0Flash Drive', 'OIC Colored Binder Clips, Assorted Sizes')",1
"('Avery Hi-Liter Smear-Safe Highlighters', 'Blue Parrot B250XT Professional Grade Wireless Bluetooth\xa0Headset\xa0with')",1
"('Avery Hi-Liter Smear-Safe Highlighters', 'Fellowes Command Center 5-outlet power strip')",1
"('Avery Hi-Liter Smear-Safe Highlighters', 'Hon Deluxe Fabric Upholstered Stacking Chairs')",1
"('Blue Parrot B250XT Professional Grade Wireless Bluetooth\xa0Headset\xa0with', 'Fellowes Command Center 5-outlet power strip')",1
"('Blue Parrot B250XT Professional Grade Wireless Bluetooth\xa0Headset\xa0with', 'Hon Deluxe Fabric Upholstered Stacking Chairs')",1
"('Fellowes Command Center 5-outlet power strip', 'Hon Deluxe Fabric Upholstered Stacking Chairs')",1
"('Disposable Triple-Filter Dust Bags', 'Newell 351')",1
"('Logitech G700s Rechargeable Gaming Mouse', 'Recycled Steel Personal File for Hanging File Folders')",1
"('Bevis Round Bullnose 29"" High Table Top', 'Crate-A-Files')",1
"('Bevis Round Bullnose 29"" High Table Top', 'Holmes Replacement Filter for HEPA Air Cleaner, Large Room')",1
"('Bevis Round Bullnose 29"" High Table Top', 'Logitech ClearChat Comfort/USB Headset H390')",1
"('Bevis Round Bullnose 29"" High Table Top', 'Newell 325')",1
"('Crate-A-Files', 'Holmes Replacement Filter for HEPA Air Cleaner, Large Room')",1
"('Crate-A-Files', 'Logitech ClearChat Comfort/USB Headset H390')",1
"('Crate-A-Files', 'Newell 325')",1
"('Holmes Replacement Filter for HEPA Air Cleaner, Large Room', 'Logitech ClearChat Comfort/USB Headset H390')",1
"('Holmes Replacement Filter for HEPA Air Cleaner, Large Room', 'Newell 325')",1
"('Logitech ClearChat Comfort/USB Headset H390', 'Newell 325')",1
"('Deluxe Heavy-Duty Vinyl Round Ring Binder', 'Permanent Self-Adhesive File Folder Labels for Typewriters by Universal')",1
"('Xerox 1891', 'Xerox 1942')",1
"('DAX Copper Panel Document Frame, 5 x 7 Size', 'Motorla HX550 Universal Bluetooth Headset')",1
"('Acme Elite Stainless Steel Scissors', 'Barrel Sharpener')",1
"('GBC Prestige Therm-A-Bind Covers', 'Logitech Desktop MK120 Mouse and keyboard Combo')",1
"('Chromcraft Rectangular Conference Tables', 'Griffin GC17055 Auxiliary Audio Cable')",1
"('Computer Room Manger, 14""', 'Deluxe Rollaway Locking File with Drawer')",1
"('Computer Room Manger, 14""', 'Executive Impressions 12"" Wall Clock')",1
"('Computer Room Manger, 14""', 'Sortfiler Multipurpose Personal File Organizer, Black')",1
"('Deluxe Rollaway Locking File with Drawer', 'Executive Impressions 12"" Wall Clock')",1
"('Deluxe Rollaway Locking File with Drawer', 'Sortfiler Multipurpose Personal File Organizer, Black')",1
"('Executive Impressions 12"" Wall Clock', 'Sortfiler Multipurpose Personal File Organizer, Black')",1
"('Fellowes Superior 10 Outlet Split Surge Protector', 'Fluorescent Highlighters by Dixon')",1
"('Fellowes Superior 10 Outlet Split Surge Protector', 'GBC Instant Report Kit')",1
"('Fellowes Superior 10 Outlet Split Surge Protector', 'Office Star - Contemporary Task Swivel Chair')",1
"('Fellowes Superior 10 Outlet Split Surge Protector', 'Pressboard Covers with Storage Hooks, 9 1/2"" x 11"", Light Blue')",1
"('Fellowes Superior 10 Outlet Split Surge Protector', 'SAFCO Boltless Steel Shelving')",1
"('Fellowes Superior 10 Outlet Split Surge Protector', 'Tenex Carpeted, Granite-Look or Clear Contemporary Contour Shape Chair Mats')",1
"('Fluorescent Highlighters by Dixon', 'GBC Instant Report Kit')",1
"('Fluorescent Highlighters by Dixon', 'Office Star - Contemporary Task Swivel Chair')",1
"('Fluorescent Highlighters by Dixon', 'Pressboard Covers with Storage Hooks, 9 1/2"" x 11"", Light Blue')",1
"('Fluorescent Highlighters by Dixon', 'SAFCO Boltless Steel Shelving')",1
"('Fluorescent Highlighters by Dixon', 'Tenex Carpeted, Granite-Look or Clear Contemporary Contour Shape Chair Mats')",1
"('GBC Instant Report Kit', 'Office Star - Contemporary Task Swivel Chair')",1
"('GBC Instant Report Kit', 'Pressboard Covers with Storage Hooks, 9 1/2"" x 11"", Light Blue')",1
"('GBC Instant Report Kit', 'SAFCO Boltless Steel Shelving')",1
"('GBC Instant Report Kit', 'Tenex Carpeted, Granite-Look or Clear Contemporary Contour Shape Chair Mats')",1
"('Office Star - Contemporary Task Swivel Chair', 'Pressboard Covers with Storage Hooks, 9 1/2"" x 11"", Light Blue')",1
"('Office Star - Contemporary Task Swivel Chair', 'SAFCO Boltless Steel Shelving')",1
"('Office Star - Contemporary Task Swivel Chair', 'Tenex Carpeted, Granite-Look or Clear Contemporary Contour Shape Chair Mats')",1
"('Pressboard Covers with Storage Hooks, 9 1/2"" x 11"", Light Blue', 'SAFCO Boltless Steel Shelving')",1
"('Pressboard Covers with Storage Hooks, 9 1/2"" x 11"", Light Blue', 'Tenex Carpeted, Granite-Look or Clear Contemporary Contour Shape Chair Mats')",1
"('SAFCO Boltless Steel Shelving', 'Tenex Carpeted, Granite-Look or Clear Contemporary Contour Shape Chair Mats')",1
"('Acco Banker\'s Clasps, 5 3/4""-Long', 'Acme Office Executive Series Stainless Steel Trimmers')",1
"('Acco Banker\'s Clasps, 5 3/4""-Long', 'Bretford Rectangular Conference Table Tops')",1
"('Acco Banker\'s Clasps, 5 3/4""-Long', 'Canon PC1080F Personal Copier')",1
"('Acco Banker\'s Clasps, 5 3/4""-Long', 'Safco Industrial Shelving')",1
"('Acme Office Executive Series Stainless Steel Trimmers', 'Bretford Rectangular Conference Table Tops')",1
"('Acme Office Executive Series Stainless Steel Trimmers', 'Canon PC1080F Personal Copier')",1
"('Acme Office Executive Series Stainless Steel Trimmers', 'Safco Industrial Shelving')",1
"('Bretford Rectangular Conference Table Tops', 'Canon PC1080F Personal Copier')",1
"('Bretford Rectangular Conference Table Tops', 'Safco Industrial Shelving')",1
"('Canon PC1080F Personal Copier', 'Safco Industrial Shelving')",1
"('Fellowes Twister Kit, Gray/Clear, 3/pkg', 'Sony 8GB Class 10 Micro SDHC R40 Memory Card')",1
"('Ativa D5772 2-Line 5.8GHz Digital Expandable Corded/Cordless Phone System with Answering & Caller ID/Call Waiting, Black/Silver', 'Avery 481')",1
"('Ativa D5772 2-Line 5.8GHz Digital Expandable Corded/Cordless Phone System with Answering & Caller ID/Call Waiting, Black/Silver', 'Hunt PowerHouse Electric Pencil Sharpener, Blue')",1
"('Avery 481', 'Hunt PowerHouse Electric Pencil Sharpener, Blue')",1
"('3M Organizer Strips', 'Acco Data Flex Cable Posts For Top & Bottom Load Binders, 6"" Capacity')",1
"('3M Organizer Strips', 'Avery 501')",1
"('Acco Data Flex Cable Posts For Top & Bottom Load Binders, 6"" Capacity', 'Avery 501')",1
"('Avery Legal 4-Ring Binder', 'Grandstream GXP1160 VoIP phone')",1
"('Avery Legal 4-Ring Binder', 'Hewlett Packard 310 Color Digital Copier')",1
"('Avery Legal 4-Ring Binder', 'Perixx PERIBOARD-512B, Ergonomic Split Keyboard')",1
"('Avery Legal 4-Ring Binder', 'Personal File Boxes with Fold-Down Carry Handle')",1
"('Avery Legal 4-Ring Binder', 'Xerox 1937')",1
"('Grandstream GXP1160 VoIP phone', 'Hewlett Packard 310 Color Digital Copier')",1
"('Grandstream GXP1160 VoIP phone', 'Perixx PERIBOARD-512B, Ergonomic Split Keyboard')",1
"('Grandstream GXP1160 VoIP phone', 'Personal File Boxes with Fold-Down Carry Handle')",1
"('Grandstream GXP1160 VoIP phone', 'Xerox 1937')",1
"('Hewlett Packard 310 Color Digital Copier', 'Perixx PERIBOARD-512B, Ergonomic Split Keyboard')",1
"('Hewlett Packard 310 Color Digital Copier', 'Personal File Boxes with Fold-Down Carry Handle')",1
"('Hewlett Packard 310 Color Digital Copier', 'Xerox 1937')",1
"('Perixx PERIBOARD-512B, Ergonomic Split Keyboard', 'Personal File Boxes with Fold-Down Carry Handle')",1
"('Perixx PERIBOARD-512B, Ergonomic Split Keyboard', 'Xerox 1937')",1
"('Personal File Boxes with Fold-Down Carry Handle', 'Xerox 1937')",1
"('Acco Perma 3000 Stacking Storage Drawers', 'Crayola Anti Dust Chalk, 12/Pack')",1
"('Acco Perma 3000 Stacking Storage Drawers', 'Sanford Colorific Eraseable Coloring Pencils, 12 Count')",1
"('Crayola Anti Dust Chalk, 12/Pack', 'Sanford Colorific Eraseable Coloring Pencils, 12 Count')",1
"('Newell 348', 'Staples')",1
"('Bevis Round Conference Table Top, X-Base', 'DAX Metal Frame, Desktop, Stepped-Edge')",1
"('Bevis Round Conference Table Top, X-Base', 'X-Rack File for Hanging Folders')",1
"('DAX Metal Frame, Desktop, Stepped-Edge', 'X-Rack File for Hanging Folders')",1
"('Convenience Packs of Business Envelopes', 'Tripp Lite Isotel 6 Outlet Surge Protector with Fax/Modem Protection')",1
"('Avery Self-Adhesive Photo Pockets for Polaroid Photos', 'Plantronics Audio 995 Wireless Stereo Headset')",1
"('Eldon Shelf Savers Cubes and Bins', 'First Data FD10 PIN Pad')",1
"('Eldon Shelf Savers Cubes and Bins', 'Stacking Tray, Side-Loading, Legal, Smoke')",1
"('Eldon Shelf Savers Cubes and Bins', 'Xerox 231')",1
"('First Data FD10 PIN Pad', 'Stacking Tray, Side-Loading, Legal, Smoke')",1
"('First Data FD10 PIN Pad', 'Xerox 231')",1
"('Stacking Tray, Side-Loading, Legal, Smoke', 'Xerox 231')",1
"('Adjustable Depth Letter/Legal Cart', 'Maxell\xa0iVDR EX 500GB Cartridge')",1
"('Adjustable Depth Letter/Legal Cart', 'Wilson Jones Turn Tabs Binder Tool for Ring Binders')",1
"('Maxell\xa0iVDR EX 500GB Cartridge', 'Wilson Jones Turn Tabs Binder Tool for Ring Binders')",1
"('Acco 6 Outlet Guardian Premium Plus Surge Suppressor', 'Fellowes Superior 10 Outlet Split Surge Protector')",1
"('Clarity 53712', 'Plantronics CS510 - Over-the-Head monaural Wireless Headset System')",1
"('Clarity 53712', 'Xerox 1993')",1
"('Plantronics CS510 - Over-the-Head monaural Wireless Headset System', 'Xerox 1993')",1
"('Bulldog Table or Wall-Mount Pencil Sharpener', 'Office Star - Contemporary Task Swivel chair with Loop Arms, Charcoal')",1
"('Bulldog Table or Wall-Mount Pencil Sharpener', 'Sensible Storage WireTech Storage Systems')",1
"('Bulldog Table or Wall-Mount Pencil Sharpener', 'Wilson SignalBoost 841262 DB PRO Amplifier Kit')",1
"('Office Star - Contemporary Task Swivel chair with Loop Arms, Charcoal', 'Sensible Storage WireTech Storage Systems')",1
"('Office Star - Contemporary Task Swivel chair with Loop Arms, Charcoal', 'Wilson SignalBoost 841262 DB PRO Amplifier Kit')",1
"('Sensible Storage WireTech Storage Systems', 'Wilson SignalBoost 841262 DB PRO Amplifier Kit')",1
"('12-1/2 Diameter Round Wall Clock', 'Global Comet Stacking Arm Chair')",1
"('12-1/2 Diameter Round Wall Clock', 'Strathmore Photo Mount Cards')",1
"('12-1/2 Diameter Round Wall Clock', 'Wilson Electronics DB Pro Signal Booster')",1
"('Global Comet Stacking Arm Chair', 'Strathmore Photo Mount Cards')",1
"('Global Comet Stacking Arm Chair', 'Wilson Electronics DB Pro Signal Booster')",1
"('Strathmore Photo Mount Cards', 'Wilson Electronics DB Pro Signal Booster')",1
"('Akro Stacking Bins', 'Plastic Binding Combs')",1
"('Akro Stacking Bins', 'Polycom VoiceStation 500 Conference\xa0phone')",1
"('Akro Stacking Bins', 'Sony Micro Vault Click 16 GB USB 2.0 Flash Drive')",1
"('Plastic Binding Combs', 'Polycom VoiceStation 500 Conference\xa0phone')",1
"('Plastic Binding Combs', 'Sony Micro Vault Click 16 GB USB 2.0 Flash Drive')",1
"('Polycom VoiceStation 500 Conference\xa0phone', 'Sony Micro Vault Click 16 GB USB 2.0 Flash Drive')",1
"('GBC VeloBind Cover Sets', 'Hoover Commercial Lightweight Upright Vacuum with E-Z Empty Dirt Cup')",1
"('GBC VeloBind Cover Sets', 'Strathmore Photo Mount Cards')",1
"('Hoover Commercial Lightweight Upright Vacuum with E-Z Empty Dirt Cup', 'Strathmore Photo Mount Cards')",1
"('Bravo II Megaboss 12-Amp Hard Body Upright, Replacement Belts, 2 Belts per Pack', 'Fellowes Twister Kit, Gray/Clear, 3/pkg')",1
"('Bravo II Megaboss 12-Amp Hard Body Upright, Replacement Belts, 2 Belts per Pack', 'Ibico Ibimaster 300 Manual Binding System')",1
"('Fellowes Twister Kit, Gray/Clear, 3/pkg', 'Ibico Ibimaster 300 Manual Binding System')",1
"('Chromcraft Bull-Nose Wood Round Conference Table Top, Wood Base', 'GBC Plasticlear Binding Covers')",1
"('Chromcraft 48"" x 96"" Racetrack Double Pedestal Table', 'LG Exalt')",1
"('Hon 4700 Series Mobuis Mid-Back Task Chairs with Adjustable Arms', 'Sortfiler Multipurpose Personal File Organizer, Black')",1
"(""Global Wood Trimmed Manager's Task Chair, Khaki"", 'Xerox 191')",1
"('Hoover Commercial SteamVac', 'Panasonic KX TS3282B Corded phone')",1
"('Hoover Commercial SteamVac', 'Wirebound Message Books, Two 4 1/4"" x 5"" Forms per Page')",1
"('Panasonic KX TS3282B Corded phone', 'Wirebound Message Books, Two 4 1/4"" x 5"" Forms per Page')",1
"('Acme 10"" Easy Grip Assistive Scissors', 'Eldon Gobal File Keepers')",1
"('Acme 10"" Easy Grip Assistive Scissors', 'Metal Folding Chairs, Beige, 4/Carton')",1
"('Acme 10"" Easy Grip Assistive Scissors', 'Smead Alpha-Z Color-Coded Name Labels First Letter Starter Set')",1
"('Eldon Gobal File Keepers', 'Metal Folding Chairs, Beige, 4/Carton')",1
"('Eldon Gobal File Keepers', 'Smead Alpha-Z Color-Coded Name Labels First Letter Starter Set')",1
"('Metal Folding Chairs, Beige, 4/Carton', 'Smead Alpha-Z Color-Coded Name Labels First Letter Starter Set')",1
"('GBC DocuBind TL200 Manual Binding Machine', 'Xerox 4200 Series MultiUse Premium Copy Paper (20Lb. and 84 Bright)')",1
"('Avery 511', 'Logitech\xa0LS21 Speaker System - PC Multimedia - 2.1-CH - Wired')",1
"('Binding Machine Supplies', 'Black & Decker Filter for Double Action Dustbuster Cordless Vac BLDV7210')",1
"('C-Line Cubicle Keepers Polyproplyene Holder With Velcro Backings', 'Flat Face Poster Frame')",1
"('Avery Address/Shipping Labels for Typewriters, 4"" x 2""', 'Belkin 8 Outlet SurgeMaster II Gold Surge Protector with Phone Protection')",1
"('Euro Pro Shark Stick Mini Vacuum', 'Heavy-Duty E-Z-D Binders')",1
"('Acme Elite Stainless Steel Scissors', 'Xerox 1885')",1
"('Acme Elite Stainless Steel Scissors', 'Xerox 215')",1
"('Xerox 1885', 'Xerox 215')",1
"('Global High-Back Leather Tilter, Burgundy', 'Global Highback Leather Tilter in Burgundy')",1
"('Global High-Back Leather Tilter, Burgundy', 'Lifetime Advantage Folding Chairs, 4/Carton')",1
"('Global Highback Leather Tilter in Burgundy', 'Lifetime Advantage Folding Chairs, 4/Carton')",1
"('Fellowes Superior 10 Outlet Split Surge Protector', 'Holmes HEPA Air Purifier')",1
"('Aluminum Screw Posts', 'GBC Instant Report Kit')",1
"('Aluminum Screw Posts', 'Lexmark MarkNet N8150 Wireless Print Server')",1
"('Aluminum Screw Posts', 'Office Star - Ergonomically Designed Knee Chair')",1
"('Aluminum Screw Posts', 'Ricoh - Ink Collector Unit for GX3000 Series Printers')",1
"('Aluminum Screw Posts', 'Tensor Track Tree Floor Lamp')",1
"('GBC Instant Report Kit', 'Lexmark MarkNet N8150 Wireless Print Server')",1
"('GBC Instant Report Kit', 'Office Star - Ergonomically Designed Knee Chair')",1
"('GBC Instant Report Kit', 'Ricoh - Ink Collector Unit for GX3000 Series Printers')",1
"('GBC Instant Report Kit', 'Tensor Track Tree Floor Lamp')",1
"('Lexmark MarkNet N8150 Wireless Print Server', 'Office Star - Ergonomically Designed Knee Chair')",1
"('Lexmark MarkNet N8150 Wireless Print Server', 'Ricoh - Ink Collector Unit for GX3000 Series Printers')",1
"('Lexmark MarkNet N8150 Wireless Print Server', 'Tensor Track Tree Floor Lamp')",1
"('Office Star - Ergonomically Designed Knee Chair', 'Ricoh - Ink Collector Unit for GX3000 Series Printers')",1
"('Office Star - Ergonomically Designed Knee Chair', 'Tensor Track Tree Floor Lamp')",1
"('Ricoh - Ink Collector Unit for GX3000 Series Printers', 'Tensor Track Tree Floor Lamp')",1
"('#6 3/4 Gummed Flap White Envelopes', 'LF Elite 3D Dazzle Designer Hard Case Cover, Lf Stylus Pen and Wiper For Apple Iphone 5c Mini Lite')",1
"('Aluminum Screw Posts', 'Lesro Round Back Collection Coffee Table, End Table')",1
"('Aluminum Screw Posts', 'Xerox 1942')",1
"('Aluminum Screw Posts', 'Xerox 22')",1
"('Lesro Round Back Collection Coffee Table, End Table', 'Xerox 1942')",1
"('Lesro Round Back Collection Coffee Table, End Table', 'Xerox 22')",1
"('Xerox 1942', 'Xerox 22')",1
"('Fellowes Twister Kit, Gray/Clear, 3/pkg', 'Ideal Clamps')",1
"('Fellowes Twister Kit, Gray/Clear, 3/pkg', 'Kensington 4 Outlet MasterPiece Compact Power Control Center')",1
"('Fellowes Twister Kit, Gray/Clear, 3/pkg', 'Xerox Color Copier Paper, 11"" x 17"", Ream')",1
"('Ideal Clamps', 'Kensington 4 Outlet MasterPiece Compact Power Control Center')",1
"('Ideal Clamps', 'Xerox Color Copier Paper, 11"" x 17"", Ream')",1
"('Kensington 4 Outlet MasterPiece Compact Power Control Center', 'Xerox Color Copier Paper, 11"" x 17"", Ream')",1
"('3.6 Cubic Foot Counter Height Office Refrigerator', 'Cardinal Holdit Business Card Pockets')",1
"('3.6 Cubic Foot Counter Height Office Refrigerator', 'Global Enterprise Series Seating Low-Back Swivel/Tilt Chairs')",1
"('3.6 Cubic Foot Counter Height Office Refrigerator', 'Howard Miller 13-3/4"" Diameter Brushed Chrome Round Wall Clock')",1
"('3.6 Cubic Foot Counter Height Office Refrigerator', 'Mead 1st Gear 2"" Zipper Binder, Asst. Colors')",1
"('3.6 Cubic Foot Counter Height Office Refrigerator', 'Polycom VoiceStation 500 Conference\xa0phone')",1
"('3.6 Cubic Foot Counter Height Office Refrigerator', 'Sony Micro Vault Click 4 GB USB 2.0 Flash Drive')",1
"('3.6 Cubic Foot Counter Height Office Refrigerator', 'Xerox 1881')",1
"('Cardinal Holdit Business Card Pockets', 'Global Enterprise Series Seating Low-Back Swivel/Tilt Chairs')",1
"('Cardinal Holdit Business Card Pockets', 'Howard Miller 13-3/4"" Diameter Brushed Chrome Round Wall Clock')",1
"('Cardinal Holdit Business Card Pockets', 'Mead 1st Gear 2"" Zipper Binder, Asst. Colors')",1
"('Cardinal Holdit Business Card Pockets', 'Polycom VoiceStation 500 Conference\xa0phone')",1
"('Cardinal Holdit Business Card Pockets', 'Sony Micro Vault Click 4 GB USB 2.0 Flash Drive')",1
"('Cardinal Holdit Business Card Pockets', 'Xerox 1881')",1
"('Global Enterprise Series Seating Low-Back Swivel/Tilt Chairs', 'Howard Miller 13-3/4"" Diameter Brushed Chrome Round Wall Clock')",1
"('Global Enterprise Series Seating Low-Back Swivel/Tilt Chairs', 'Mead 1st Gear 2"" Zipper Binder, Asst. Colors')",1
"('Global Enterprise Series Seating Low-Back Swivel/Tilt Chairs', 'Polycom VoiceStation 500 Conference\xa0phone')",1
"('Global Enterprise Series Seating Low-Back Swivel/Tilt Chairs', 'Sony Micro Vault Click 4 GB USB 2.0 Flash Drive')",1
"('Global Enterprise Series Seating Low-Back Swivel/Tilt Chairs', 'Xerox 1881')",1
"('Howard Miller 13-3/4"" Diameter Brushed Chrome Round Wall Clock', 'Mead 1st Gear 2"" Zipper Binder, Asst. Colors')",1
"('Howard Miller 13-3/4"" Diameter Brushed Chrome Round Wall Clock', 'Polycom VoiceStation 500 Conference\xa0phone')",1
"('Howard Miller 13-3/4"" Diameter Brushed Chrome Round Wall Clock', 'Sony Micro Vault Click 4 GB USB 2.0 Flash Drive')",1
"('Howard Miller 13-3/4"" Diameter Brushed Chrome Round Wall Clock', 'Xerox 1881')",1
"('Mead 1st Gear 2"" Zipper Binder, Asst. Colors', 'Polycom VoiceStation 500 Conference\xa0phone')",1
"('Mead 1st Gear 2"" Zipper Binder, Asst. Colors', 'Sony Micro Vault Click 4 GB USB 2.0 Flash Drive')",1
"('Mead 1st Gear 2"" Zipper Binder, Asst. Colors', 'Xerox 1881')",1
"('Polycom VoiceStation 500 Conference\xa0phone', 'Sony Micro Vault Click 4 GB USB 2.0 Flash Drive')",1
"('Polycom VoiceStation 500 Conference\xa0phone', 'Xerox 1881')",1
"('Sony Micro Vault Click 4 GB USB 2.0 Flash Drive', 'Xerox 1881')",1
"('GBC White Gloss Covers, Plain Front', 'Hon Every-Day Series Multi-Task Chairs')",1
"('GBC White Gloss Covers, Plain Front', 'Personal Creations Ink Jet Cards and Labels')",1
"('GBC White Gloss Covers, Plain Front', 'Xerox 222')",1
"('Hon Every-Day Series Multi-Task Chairs', 'Personal Creations Ink Jet Cards and Labels')",1
"('Hon Every-Day Series Multi-Task Chairs', 'Xerox 222')",1
"('Personal Creations Ink Jet Cards and Labels', 'Xerox 222')",1
"('Cyber Acoustics AC-202b Speech Recognition Stereo Headset', 'Eldon Radial Chair Mat for Low to Medium Pile Carpets')",1
"('Cyber Acoustics AC-202b Speech Recognition Stereo Headset', 'Fellowes Black Plastic Comb Bindings')",1
"('Cyber Acoustics AC-202b Speech Recognition Stereo Headset', 'GBC Premium Transparent Covers with Diagonal Lined Pattern')",1
"('Cyber Acoustics AC-202b Speech Recognition Stereo Headset', 'GBC VeloBinder Manual Binding System')",1
"('Eldon Radial Chair Mat for Low to Medium Pile Carpets', 'Fellowes Black Plastic Comb Bindings')",1
"('Eldon Radial Chair Mat for Low to Medium Pile Carpets', 'GBC Premium Transparent Covers with Diagonal Lined Pattern')",1
"('Eldon Radial Chair Mat for Low to Medium Pile Carpets', 'GBC VeloBinder Manual Binding System')",1
"('Fellowes Black Plastic Comb Bindings', 'GBC Premium Transparent Covers with Diagonal Lined Pattern')",1
"('Fellowes Black Plastic Comb Bindings', 'GBC VeloBinder Manual Binding System')",1
"('GBC Premium Transparent Covers with Diagonal Lined Pattern', 'GBC VeloBinder Manual Binding System')",1
"('Xerox 195', 'XtraLife ClearVue Slant-D Ring Binders by Cardinal')",1
"('Eldon Image Series Black Desk Accessories', 'Eldon Radial Chair Mat for Low to Medium Pile Carpets')",1
"('AT&T CL2909', 'Rogers Handheld Barrel Pencil Sharpener')",1
"('Global Ergonomic Managers Chair', 'Staples')",1
"('Col-Erase Pencils with Erasers', 'Eberhard Faber 3 1/2"" Golf Pencils')",1
"('Col-Erase Pencils with Erasers', 'HP Officejet Pro 8600 e-All-In-One Printer, Copier, Scanner, Fax')",1
"('Col-Erase Pencils with Erasers', 'Hewlett Packard LaserJet 3310 Copier')",1
"('Col-Erase Pencils with Erasers', 'Plantronics MX500i Earset')",1
"('Col-Erase Pencils with Erasers', 'SAFCO Folding Chair Trolley')",1
"('Col-Erase Pencils with Erasers', 'Xerox 1993')",1
"('Eberhard Faber 3 1/2"" Golf Pencils', 'HP Officejet Pro 8600 e-All-In-One Printer, Copier, Scanner, Fax')",1
"('Eberhard Faber 3 1/2"" Golf Pencils', 'Hewlett Packard LaserJet 3310 Copier')",1
"('Eberhard Faber 3 1/2"" Golf Pencils', 'Plantronics MX500i Earset')",1
"('Eberhard Faber 3 1/2"" Golf Pencils', 'SAFCO Folding Chair Trolley')",1
"('Eberhard Faber 3 1/2"" Golf Pencils', 'Xerox 1993')",1
"('HP Officejet Pro 8600 e-All-In-One Printer, Copier, Scanner, Fax', 'Hewlett Packard LaserJet 3310 Copier')",1
"('HP Officejet Pro 8600 e-All-In-One Printer, Copier, Scanner, Fax', 'Plantronics MX500i Earset')",1
"('HP Officejet Pro 8600 e-All-In-One Printer, Copier, Scanner, Fax', 'SAFCO Folding Chair Trolley')",1
"('HP Officejet Pro 8600 e-All-In-One Printer, Copier, Scanner, Fax', 'Xerox 1993')",1
"('Hewlett Packard LaserJet 3310 Copier', 'Plantronics MX500i Earset')",1
"('Hewlett Packard LaserJet 3310 Copier', 'SAFCO Folding Chair Trolley')",1
"('Hewlett Packard LaserJet 3310 Copier', 'Xerox 1993')",1
"('Plantronics MX500i Earset', 'SAFCO Folding Chair Trolley')",1
"('Plantronics MX500i Earset', 'Xerox 1993')",1
"('SAFCO Folding Chair Trolley', 'Xerox 1993')",1
"('ACCOHIDE 3-Ring Binder, Blue, 1""', 'Avery 518')",1
"('ACCOHIDE 3-Ring Binder, Blue, 1""', 'BIC Brite Liner Grip Highlighters')",1
"('ACCOHIDE 3-Ring Binder, Blue, 1""', 'Bush Advantage Collection Racetrack Conference Table')",1
"('ACCOHIDE 3-Ring Binder, Blue, 1""', 'Cisco SPA508G')",1
"('ACCOHIDE 3-Ring Binder, Blue, 1""', 'DAX Cubicle Frames - 8x10')",1
"('ACCOHIDE 3-Ring Binder, Blue, 1""', 'Fellowes Basic Home/Office Series Surge Protectors')",1
"('ACCOHIDE 3-Ring Binder, Blue, 1""', 'Global Commerce Series High-Back Swivel/Tilt Chairs')",1
"('ACCOHIDE 3-Ring Binder, Blue, 1""', 'Newell 324')",1
"('ACCOHIDE 3-Ring Binder, Blue, 1""', 'Sony Micro Vault Click 16 GB USB 2.0 Flash Drive')",1
"('ACCOHIDE 3-Ring Binder, Blue, 1""', 'WD My Passport Ultra 2TB Portable External Hard Drive')",1
"('ACCOHIDE 3-Ring Binder, Blue, 1""', 'Xerox 1962')",1
"('Avery 518', 'BIC Brite Liner Grip Highlighters')",1
"('Avery 518', 'Bush Advantage Collection Racetrack Conference Table')",1
"('Avery 518', 'Cisco SPA508G')",1
"('Avery 518', 'DAX Cubicle Frames - 8x10')",1
"('Avery 518', 'Fellowes Basic Home/Office Series Surge Protectors')",1
"('Avery 518', 'Global Commerce Series High-Back Swivel/Tilt Chairs')",1
"('Avery 518', 'Newell 324')",1
"('Avery 518', 'Sony Micro Vault Click 16 GB USB 2.0 Flash Drive')",1
"('Avery 518', 'WD My Passport Ultra 2TB Portable External Hard Drive')",1
"('Avery 518', 'Xerox 1962')",1
"('BIC Brite Liner Grip Highlighters', 'Bush Advantage Collection Racetrack Conference Table')",1
"('BIC Brite Liner Grip Highlighters', 'Cisco SPA508G')",1
"('BIC Brite Liner Grip Highlighters', 'DAX Cubicle Frames - 8x10')",1
"('BIC Brite Liner Grip Highlighters', 'Fellowes Basic Home/Office Series Surge Protectors')",1
"('BIC Brite Liner Grip Highlighters', 'Global Commerce Series High-Back Swivel/Tilt Chairs')",1
"('BIC Brite Liner Grip Highlighters', 'Newell 324')",1
"('BIC Brite Liner Grip Highlighters', 'Sony Micro Vault Click 16 GB USB 2.0 Flash Drive')",1
"('BIC Brite Liner Grip Highlighters', 'WD My Passport Ultra 2TB Portable External Hard Drive')",1
"('BIC Brite Liner Grip Highlighters', 'Xerox 1962')",1
"('Bush Advantage Collection Racetrack Conference Table', 'Cisco SPA508G')",1
"('Bush Advantage Collection Racetrack Conference Table', 'DAX Cubicle Frames - 8x10')",1
"('Bush Advantage Collection Racetrack Conference Table', 'Fellowes Basic Home/Office Series Surge Protectors')",1
"('Bush Advantage Collection Racetrack Conference Table', 'Global Commerce Series High-Back Swivel/Tilt Chairs')",1
"('Bush Advantage Collection Racetrack Conference Table', 'Newell 324')",1
"('Bush Advantage Collection Racetrack Conference Table', 'Sony Micro Vault Click 16 GB USB 2.0 Flash Drive')",1
"('Bush Advantage Collection Racetrack Conference Table', 'WD My Passport Ultra 2TB Portable External Hard Drive')",1
"('Bush Advantage Collection Racetrack Conference Table', 'Xerox 1962')",1
"('Cisco SPA508G', 'DAX Cubicle Frames - 8x10')",1
"('Cisco SPA508G', 'Fellowes Basic Home/Office Series Surge Protectors')",1
"('Cisco SPA508G', 'Newell 324')",1
"('Cisco SPA508G', 'Sony Micro Vault Click 16 GB USB 2.0 Flash Drive')",1
"('Cisco SPA508G', 'WD My Passport Ultra 2TB Portable External Hard Drive')",1
"('Cisco SPA508G', 'Xerox 1962')",1
"('DAX Cubicle Frames - 8x10', 'Fellowes Basic Home/Office Series Surge Protectors')",1
"('DAX Cubicle Frames - 8x10', 'Global Commerce Series High-Back Swivel/Tilt Chairs')",1
"('DAX Cubicle Frames - 8x10', 'Newell 324')",1
"('DAX Cubicle Frames - 8x10', 'Sony Micro Vault Click 16 GB USB 2.0 Flash Drive')",1
"('DAX Cubicle Frames - 8x10', 'WD My Passport Ultra 2TB Portable External Hard Drive')",1
"('DAX Cubicle Frames - 8x10', 'Xerox 1962')",1
"('Fellowes Basic Home/Office Series Surge Protectors', 'Global Commerce Series High-Back Swivel/Tilt Chairs')",1
"('Fellowes Basic Home/Office Series Surge Protectors', 'Newell 324')",1
"('Fellowes Basic Home/Office Series Surge Protectors', 'Sony Micro Vault Click 16 GB USB 2.0 Flash Drive')",1
"('Fellowes Basic Home/Office Series Surge Protectors', 'WD My Passport Ultra 2TB Portable External Hard Drive')",1
"('Fellowes Basic Home/Office Series Surge Protectors', 'Xerox 1962')",1
"('Global Commerce Series High-Back Swivel/Tilt Chairs', 'Newell 324')",1
"('Global Commerce Series High-Back Swivel/Tilt Chairs', 'Sony Micro Vault Click 16 GB USB 2.0 Flash Drive')",1
"('Global Commerce Series High-Back Swivel/Tilt Chairs', 'WD My Passport Ultra 2TB Portable External Hard Drive')",1
"('Global Commerce Series High-Back Swivel/Tilt Chairs', 'Xerox 1962')",1
"('Newell 324', 'Sony Micro Vault Click 16 GB USB 2.0 Flash Drive')",1
"('Newell 324', 'WD My Passport Ultra 2TB Portable External Hard Drive')",1
"('Newell 324', 'Xerox 1962')",1
"('Sony Micro Vault Click 16 GB USB 2.0 Flash Drive', 'WD My Passport Ultra 2TB Portable External Hard Drive')",1
"('Sony Micro Vault Click 16 GB USB 2.0 Flash Drive', 'Xerox 1962')",1
"('WD My Passport Ultra 2TB Portable External Hard Drive', 'Xerox 1962')",1
"('Avery 512', 'Logitech B530 USB\xa0Headset\xa0-\xa0headset\xa0- Full size, Binaural')",1
"('Avery 512', 'Personal File Boxes with Fold-Down Carry Handle')",1
"('Logitech B530 USB\xa0Headset\xa0-\xa0headset\xa0- Full size, Binaural', 'Personal File Boxes with Fold-Down Carry Handle')",1
"('Avery Reinforcements for Hole-Punch Pages', 'Wirebound Message Forms, Four 2 3/4 x 5 Forms per Page, Pink Paper')",1
"('Avanti 4.4 Cu. Ft. Refrigerator', 'DAX Wood Document Frame')",1
"('Clear Mylar Reinforcing Strips', 'Logitech Wireless Marathon Mouse M705')",1
"('Clear Mylar Reinforcing Strips', 'Martin Yale Chadless Opener Electric Letter Opener')",1
"('Logitech Wireless Marathon Mouse M705', 'Martin Yale Chadless Opener Electric Letter Opener')",1
"('Innergie mMini Combo Duo USB Travel Charging Kit', 'Telescoping Adjustable Floor Lamp')",1
"('Binding Machine Supplies', 'Eldon Spacemaker Box, Quick-Snap Lid, Clear')",1
"('Binding Machine Supplies', 'Xerox 1884')",1
"('Eldon Spacemaker Box, Quick-Snap Lid, Clear', 'Xerox 1884')",1
"('Acme Elite Stainless Steel Scissors', 'Boston School Pro Electric Pencil Sharpener, 1670')",1
"('Acme Elite Stainless Steel Scissors', 'Telescoping Adjustable Floor Lamp')",1
"('Acme Elite Stainless Steel Scissors', 'Xerox 1901')",1
"('Boston School Pro Electric Pencil Sharpener, 1670', 'Telescoping Adjustable Floor Lamp')",1
"('Boston School Pro Electric Pencil Sharpener, 1670', 'Xerox 1901')",1
"('Telescoping Adjustable Floor Lamp', 'Xerox 1901')",1
"('Balt Solid Wood Round Tables', 'Memorex Mini Travel Drive 8 GB USB 2.0 Flash Drive')",1
"('Dixon Ticonderoga Core-Lock Colored Pencils, 48-Color Set', 'Jawbone MINI JAMBOX Wireless Bluetooth Speaker')",1
"('Dixon Ticonderoga Core-Lock Colored Pencils, 48-Color Set', 'Sauder Mission Library with Doors, Fruitwood Finish')",1
"('Jawbone MINI JAMBOX Wireless Bluetooth Speaker', 'Sauder Mission Library with Doors, Fruitwood Finish')",1
"(""Acco Six-Outlet Power Strip, 4' Cord Length"", 'Apple EarPods with Remote and Mic')",1
"(""Acco Six-Outlet Power Strip, 4' Cord Length"", 'Hon 4-Shelf Metal Bookcases')",1
"(""Acco Six-Outlet Power Strip, 4' Cord Length"", 'Poly Designer Cover & Back')",1
"(""Acco Six-Outlet Power Strip, 4' Cord Length"", 'QVS USB Car Charger 2-Port 2.1Amp for iPod/iPhone/iPad/iPad 2/iPad 3')",1
"('Apple EarPods with Remote and Mic', 'Hon 4-Shelf Metal Bookcases')",1
"('Apple EarPods with Remote and Mic', 'Poly Designer Cover & Back')",1
"('Apple EarPods with Remote and Mic', 'QVS USB Car Charger 2-Port 2.1Amp for iPod/iPhone/iPad/iPad 2/iPad 3')",1
"('Hon 4-Shelf Metal Bookcases', 'Poly Designer Cover & Back')",1
"('Hon 4-Shelf Metal Bookcases', 'QVS USB Car Charger 2-Port 2.1Amp for iPod/iPhone/iPad/iPad 2/iPad 3')",1
"('Poly Designer Cover & Back', 'QVS USB Car Charger 2-Port 2.1Amp for iPod/iPhone/iPad/iPad 2/iPad 3')",1
"('GBC DocuBind P100 Manual Binding Machine', 'Xerox 1909')",1
"('Razer Kraken 7.1 Surround Sound Over Ear USB Gaming Headset', 'Safco Wire Cube Shelving System, For Use as 4 or 5 14"" Cubes, Black')",1
"('Logitech G602 Wireless Gaming Mouse', 'Motorola L703CM')",1
"('Neat Ideas Personal Hanging Folder Files, Black', 'OIC Bulk Pack Metal Binder Clips')",1
"('Global Highback Leather Tilter in Burgundy', 'Peel & Seel Recycled Catalog Envelopes, Brown')",1
"('Panasonic KX-TG9471B', 'Wi-Ex zBoost YX540 Cellular Phone Signal Booster')",1
"('Crayola Anti Dust Chalk, 12/Pack', ""Lock-Up Easel 'Spel-Binder'"")",1
"('Fellowes Mobile File Cart, Black', 'GBC Recycled VeloBinder Covers')",1
"('Hewlett Packard 610 Color Digital Copier / Printer', 'Logitech Media Keyboard K200')",1
"('Hewlett Packard 610 Color Digital Copier / Printer', 'Panasonic KP-380BK Classic Electric Pencil Sharpener')",1
"('Logitech Media Keyboard K200', 'Panasonic KP-380BK Classic Electric Pencil Sharpener')",1
"('DAX Value U-Channel Document Frames, Easel Back', 'Tenex Personal Project File with Scoop Front Design, Black')",1
"('DAX Value U-Channel Document Frames, Easel Back', 'Xerox 1887')",1
"('DAX Value U-Channel Document Frames, Easel Back', 'Xerox 1997')",1
"('Tenex Personal Project File with Scoop Front Design, Black', 'Xerox 1887')",1
"('Tenex Personal Project File with Scoop Front Design, Black', 'Xerox 1997')",1
"('Xerox 1887', 'Xerox 1997')",1
"('Newell 341', 'Sterilite Officeware Hinged File Box')",1
"('Ibico Recycled Linen-Style Covers', 'Kensington 7 Outlet MasterPiece HOMEOFFICE Power Control Center')",1
"('Ibico Recycled Linen-Style Covers', 'Laser & Ink Jet Business Envelopes')",1
"('Ibico Recycled Linen-Style Covers', 'Logitech G700s Rechargeable Gaming Mouse')",1
"('Kensington 7 Outlet MasterPiece HOMEOFFICE Power Control Center', 'Laser & Ink Jet Business Envelopes')",1
"('Kensington 7 Outlet MasterPiece HOMEOFFICE Power Control Center', 'Logitech G700s Rechargeable Gaming Mouse')",1
"('Laser & Ink Jet Business Envelopes', 'Logitech G700s Rechargeable Gaming Mouse')",1
"('Ibico EB-19 Dual Function Manual Binding System', 'Verbatim 25 GB 6x Blu-ray Single Layer Recordable Disc, 3/Pack')",1
"('Global Low Back Tilter Chair', 'Office Star Flex Back Scooter Chair with Aluminum Finish Frame')",1
"('Global Low Back Tilter Chair', 'Prang Drawing Pencil Set')",1
"('Global Low Back Tilter Chair', 'Xerox 189')",1
"('Office Star Flex Back Scooter Chair with Aluminum Finish Frame', 'Prang Drawing Pencil Set')",1
"('Office Star Flex Back Scooter Chair with Aluminum Finish Frame', 'Xerox 189')",1
"('Prang Drawing Pencil Set', 'Xerox 189')",1
"('Eldon Portable Mobile Manager', 'Master Big Foot Doorstop, Beige')",1
"('Avery Binding System Hidden Tab Executive Style Index Sets', 'File Shuttle II and Handi-File, Black')",1
"('Avery Binding System Hidden Tab Executive Style Index Sets', 'Logitech G700s Rechargeable Gaming Mouse')",1
"('Avery Binding System Hidden Tab Executive Style Index Sets', 'Nu-Dell Oak Frame')",1
"('Avery Binding System Hidden Tab Executive Style Index Sets', 'OtterBox Defender Series Case - iPhone 5c')",1
"('File Shuttle II and Handi-File, Black', 'Logitech G700s Rechargeable Gaming Mouse')",1
"('File Shuttle II and Handi-File, Black', 'Nu-Dell Oak Frame')",1
"('File Shuttle II and Handi-File, Black', 'OtterBox Defender Series Case - iPhone 5c')",1
"('Logitech G700s Rechargeable Gaming Mouse', 'Nu-Dell Oak Frame')",1
"('Logitech G700s Rechargeable Gaming Mouse', 'OtterBox Defender Series Case - iPhone 5c')",1
"('Nu-Dell Oak Frame', 'OtterBox Defender Series Case - iPhone 5c')",1
"('Longer-Life Soft White Bulbs', ""O'Sullivan 2-Shelf Heavy-Duty Bookcases"")",1
"('Harmony HEPA Quiet Air Purifiers', 'Howard Miller 11-1/2"" Diameter Grantwood Wall Clock')",1
"('Harmony HEPA Quiet Air Purifiers', 'Multi-Use Personal File Cart and Caster Set, Three Stacking Bins')",1
"('Howard Miller 11-1/2"" Diameter Grantwood Wall Clock', 'Multi-Use Personal File Cart and Caster Set, Three Stacking Bins')",1
"('Bush Westfield Collection Bookcases, Medium Cherry Finish', 'HP Office Recycled Paper (20Lb. and 87 Bright)')",1
"('Bose SoundLink Bluetooth Speaker', 'Plantronics Voyager Pro HD - Bluetooth Headset')",1
"('Adams Telephone Message Book W/Dividers/Space For Phone Numbers, 5 1/4""X8 1/2"", 200/Messages', 'PayAnywhere Card Reader')",1
"('Safco Wire Cube Shelving System, For Use as 4 or 5 14"" Cubes, Black', 'Xerox 1898')",1
"('Global Commerce Series Low-Back Swivel/Tilt Chairs', 'Newell 309')",1
"('Global Commerce Series Low-Back Swivel/Tilt Chairs', 'PayAnywhere Card Reader')",1
"('Global Commerce Series Low-Back Swivel/Tilt Chairs', 'Xerox 1936')",1
"('Global Commerce Series Low-Back Swivel/Tilt Chairs', 'Xerox 1937')",1
"('Newell 309', 'PayAnywhere Card Reader')",1
"('Newell 309', 'Xerox 1936')",1
"('Newell 309', 'Xerox 1937')",1
"('PayAnywhere Card Reader', 'Xerox 1936')",1
"('PayAnywhere Card Reader', 'Xerox 1937')",1
"('Xerox 1936', 'Xerox 1937')",1
"('Logitech Wireless Anywhere Mouse MX for PC and Mac', 'Wilson Jones data.warehouse D-Ring Binders with DublLock')",1
"('APC 7 Outlet Network SurgeArrest Surge Protector', 'Acme Preferred Stainless Steel Scissors')",1
"('APC 7 Outlet Network SurgeArrest Surge Protector', 'Bevis Steel Folding Chairs')",1
"('APC 7 Outlet Network SurgeArrest Surge Protector', 'GBC DocuBind 300 Electric Binding Machine')",1
"('APC 7 Outlet Network SurgeArrest Surge Protector', 'GE 48"" Fluorescent Tube, Cool White Energy Saver, 34 Watts, 30/Box')",1
"('APC 7 Outlet Network SurgeArrest Surge Protector', 'Sensible Storage WireTech Storage Systems')",1
"('APC 7 Outlet Network SurgeArrest Surge Protector', 'Sharp 1540cs Digital Laser Copier')",1
"('APC 7 Outlet Network SurgeArrest Surge Protector', 'White Computer Printout Paper by Universal')",1
"('Acme Preferred Stainless Steel Scissors', 'Bevis Steel Folding Chairs')",1
"('Acme Preferred Stainless Steel Scissors', 'GBC DocuBind 300 Electric Binding Machine')",1
"('Acme Preferred Stainless Steel Scissors', 'GE 48"" Fluorescent Tube, Cool White Energy Saver, 34 Watts, 30/Box')",1
"('Acme Preferred Stainless Steel Scissors', 'Sensible Storage WireTech Storage Systems')",1
"('Acme Preferred Stainless Steel Scissors', 'Sharp 1540cs Digital Laser Copier')",1
"('Acme Preferred Stainless Steel Scissors', 'White Computer Printout Paper by Universal')",1
"('Bevis Steel Folding Chairs', 'GBC DocuBind 300 Electric Binding Machine')",1
"('Bevis Steel Folding Chairs', 'GE 48"" Fluorescent Tube, Cool White Energy Saver, 34 Watts, 30/Box')",1
"('Bevis Steel Folding Chairs', 'Sensible Storage WireTech Storage Systems')",1
"('Bevis Steel Folding Chairs', 'Sharp 1540cs Digital Laser Copier')",1
"('Bevis Steel Folding Chairs', 'White Computer Printout Paper by Universal')",1
"('GBC DocuBind 300 Electric Binding Machine', 'GE 48"" Fluorescent Tube, Cool White Energy Saver, 34 Watts, 30/Box')",1
"('GBC DocuBind 300 Electric Binding Machine', 'Sensible Storage WireTech Storage Systems')",1
"('GBC DocuBind 300 Electric Binding Machine', 'Sharp 1540cs Digital Laser Copier')",1
"('GBC DocuBind 300 Electric Binding Machine', 'White Computer Printout Paper by Universal')",1
"('GE 48"" Fluorescent Tube, Cool White Energy Saver, 34 Watts, 30/Box', 'Sensible Storage WireTech Storage Systems')",1
"('GE 48"" Fluorescent Tube, Cool White Energy Saver, 34 Watts, 30/Box', 'Sharp 1540cs Digital Laser Copier')",1
"('GE 48"" Fluorescent Tube, Cool White Energy Saver, 34 Watts, 30/Box', 'White Computer Printout Paper by Universal')",1
"('Sensible Storage WireTech Storage Systems', 'Sharp 1540cs Digital Laser Copier')",1
"('Sensible Storage WireTech Storage Systems', 'White Computer Printout Paper by Universal')",1
"('Sharp 1540cs Digital Laser Copier', 'White Computer Printout Paper by Universal')",1
"('Stride Job 150 Highlighters, Chisel Tip, Assorted Colors', 'Xerox 219')",1
"('OIC Binder Clips', 'Wirebound Message Books, Two 4 1/4"" x 5"" Forms per Page')",1
"('Fellowes 8 Outlet Superior Workstation Surge Protector w/o Phone/Fax/Modem Protection', 'Logitech\xa0P710e Mobile Speakerphone')",1
"('Memorex Froggy Flash Drive 8 GB', 'Staples')",1
"('Lesro Sheffield Collection Coffee Table, End Table, Center Table, Corner Table', 'Tyvek  Top-Opening Peel & Seel  Envelopes, Gray')",1
"('ACCOHIDE Binder by Acco', 'Global Leather Task Chair, Black')",1
"('Electrix Halogen Magnifier Lamp', 'GuestStacker Chair with Chrome Finish Legs')",1
"('Electrix Halogen Magnifier Lamp', 'Xerox 21')",1
"('GuestStacker Chair with Chrome Finish Legs', 'Xerox 21')",1
"('Logitech 910-002974 M325 Wireless Mouse for Web Scrolling', 'Newell 311')",1
"('Bady BDG101FRU Card Printer', 'Xerox 1998')",1
"('Eldon 500 Class Desk Accessories', 'WD My Passport Ultra 2TB Portable External Hard Drive')",1
"('Avery Printable Repositionable Plastic Tabs', 'Xerox 1898')",1
"('Bretford Rectangular Conference Table Tops', 'Motorola L804')",1
"('Bretford Rectangular Conference Table Tops', 'Things To Do Today Pad')",1
"('Motorola L804', 'Things To Do Today Pad')",1
"('Global Enterprise Series Seating High-Back Swivel/Tilt Chairs', 'Samsung Galaxy S4')",1
"('Global Enterprise Series Seating High-Back Swivel/Tilt Chairs', 'Seth Thomas 13 1/2"" Wall Clock')",1
"('Samsung Galaxy S4', 'Seth Thomas 13 1/2"" Wall Clock')",1
"('Bulldog Vacuum Base Pencil Sharpener', 'Hon Every-Day Chair Series Swivel Task Chairs')",1
"('Acco 3-Hole Punch', 'Sabrent 4-Port USB 2.0 Hub')",1
"('Acco 3-Hole Punch', 'Safco Industrial Shelving')",1
"('Sabrent 4-Port USB 2.0 Hub', 'Safco Industrial Shelving')",1
"('Dax Clear Box Frame', 'GBC VeloBinder Electric Binding Machine')",1
"('GBC VeloBinder Electric Binding Machine', 'Staples')",1
"('Newell 350', 'Xerox 2')",1
"('Executive Impressions 13"" Clairmont Wall Clock', ""Global Deluxe High-Back Manager's Chair"")",1
"('Executive Impressions 13"" Clairmont Wall Clock', 'Newell 312')",1
"('Executive Impressions 13"" Clairmont Wall Clock', 'Tennsco Lockers, Gray')",1
"('Executive Impressions 13"" Clairmont Wall Clock', 'Vinyl Coated Wire Paper Clips in Organizer Box, 800/Box')",1
"(""Global Deluxe High-Back Manager's Chair"", 'Newell 312')",1
"(""Global Deluxe High-Back Manager's Chair"", 'Tennsco Lockers, Gray')",1
"(""Global Deluxe High-Back Manager's Chair"", 'Vinyl Coated Wire Paper Clips in Organizer Box, 800/Box')",1
"('Newell 312', 'Tennsco Lockers, Gray')",1
"('Newell 312', 'Vinyl Coated Wire Paper Clips in Organizer Box, 800/Box')",1
"('Tennsco Lockers, Gray', 'Vinyl Coated Wire Paper Clips in Organizer Box, 800/Box')",1
"('Avery Durable Poly Binders', 'Fellowes Desktop Hanging File Manager')",1
"('Newell 317', 'Newell 327')",1
"('Fellowes Bankers Box Stor/Drawer Steel Plus', ""Global Value Mid-Back Manager's Chair, Gray"")",1
"('Logitech G430 Surround Sound Gaming Headset with Dolby 7.1 Technology', 'Panasonic KX - TS880B Telephone')",1
"('3M Hangers With Command Adhesive', 'Computer Printout Index Tabs')",1
"('3M Hangers With Command Adhesive', 'G.E. Longer-Life Indoor Recessed Floodlight Bulbs')",1
"('3M Hangers With Command Adhesive', 'Padded Folding Chairs, Black, 4/Carton')",1
"('Computer Printout Index Tabs', 'G.E. Longer-Life Indoor Recessed Floodlight Bulbs')",1
"('Computer Printout Index Tabs', 'Padded Folding Chairs, Black, 4/Carton')",1
"('G.E. Longer-Life Indoor Recessed Floodlight Bulbs', 'Padded Folding Chairs, Black, 4/Carton')",1
"('Logitech G13 Programmable Gameboard with LCD Display', 'Panasonic KX TS3282B Corded phone')",1
"('Acco 6 Outlet Guardian Premium Plus Surge Suppressor', 'OIC Thumb-Tacks')",1
"('Acco 6 Outlet Guardian Premium Plus Surge Suppressor', 'Storex Dura Pro Binders')",1
"('Acco 6 Outlet Guardian Premium Plus Surge Suppressor', 'Tennsco Commercial Shelving')",1
"('OIC Thumb-Tacks', 'Storex Dura Pro Binders')",1
"('OIC Thumb-Tacks', 'Tennsco Commercial Shelving')",1
"('Storex Dura Pro Binders', 'Tennsco Commercial Shelving')",1
"('#10- 4 1/8"" x 9 1/2"" Security-Tint Envelopes', 'Eldon Expressions Desk Accessory, Wood Photo Frame, Mahogany')",1
"('#10- 4 1/8"" x 9 1/2"" Security-Tint Envelopes', 'Fellowes Neat Ideas Storage Cubes')",1
"('#10- 4 1/8"" x 9 1/2"" Security-Tint Envelopes', 'Maxell\xa0LTO Ultrium - 800 GB')",1
"('#10- 4 1/8"" x 9 1/2"" Security-Tint Envelopes', 'Panasonic KX TS3282W Corded phone')",1
"('#10- 4 1/8"" x 9 1/2"" Security-Tint Envelopes', 'Surelock Post Binders')",1
"('Eldon Expressions Desk Accessory, Wood Photo Frame, Mahogany', 'Fellowes Neat Ideas Storage Cubes')",1
"('Eldon Expressions Desk Accessory, Wood Photo Frame, Mahogany', 'Maxell\xa0LTO Ultrium - 800 GB')",1
"('Eldon Expressions Desk Accessory, Wood Photo Frame, Mahogany', 'Panasonic KX TS3282W Corded phone')",1
"('Eldon Expressions Desk Accessory, Wood Photo Frame, Mahogany', 'Surelock Post Binders')",1
"('Fellowes Neat Ideas Storage Cubes', 'Maxell\xa0LTO Ultrium - 800 GB')",1
"('Fellowes Neat Ideas Storage Cubes', 'Panasonic KX TS3282W Corded phone')",1
"('Fellowes Neat Ideas Storage Cubes', 'Surelock Post Binders')",1
"('Maxell\xa0LTO Ultrium - 800 GB', 'Panasonic KX TS3282W Corded phone')",1
"('Maxell\xa0LTO Ultrium - 800 GB', 'Surelock Post Binders')",1
"('Panasonic KX TS3282W Corded phone', 'Surelock Post Binders')",1
"('Acme Forged Steel Scissors with Black Enamel Handles', 'Avery 483')",1
"('Acme Forged Steel Scissors with Black Enamel Handles', 'Dixon Ticonderoga Maple Cedar Pencil, #2')",1
"('Avery 483', 'Dixon Ticonderoga Maple Cedar Pencil, #2')",1
"('Avery 509', ""Hon Mobius Operator's Chair"")",1
"('Avery 509', 'Newell 349')",1
"('Avery 509', 'Sony 32GB Class 10 Micro SDHC R40 Memory Card')",1
"('Avery 509', 'Spiral Phone Message Books with Labels by Adams')",1
"(""Hon Mobius Operator's Chair"", 'Newell 349')",1
"(""Hon Mobius Operator's Chair"", 'Sony 32GB Class 10 Micro SDHC R40 Memory Card')",1
"(""Hon Mobius Operator's Chair"", 'Spiral Phone Message Books with Labels by Adams')",1
"('Newell 349', 'Sony 32GB Class 10 Micro SDHC R40 Memory Card')",1
"('Newell 349', 'Spiral Phone Message Books with Labels by Adams')",1
"('Sony 32GB Class 10 Micro SDHC R40 Memory Card', 'Spiral Phone Message Books with Labels by Adams')",1
"('Avery 493', 'Memorex Micro Travel Drive 32 GB')",1
"('Avery 493', 'iHome FM Clock Radio with Lightning Dock')",1
"('Memorex Micro Travel Drive 32 GB', 'iHome FM Clock Radio with Lightning Dock')",1
"('AT&T CL83451 4-Handset Telephone', 'Fiskars 8"" Scissors, 2/Pack')",1
"('AT&T CL83451 4-Handset Telephone', 'Hunt PowerHouse Electric Pencil Sharpener, Blue')",1
"('AT&T CL83451 4-Handset Telephone', ""I Need's 3d Hello Kitty Hybrid Silicone Case Cover for HTC One X 4g with 3d Hello Kitty Stylus Pen Green/pink"")",1
"('AT&T CL83451 4-Handset Telephone', 'Master Caster Door Stop, Gray')",1
"('AT&T CL83451 4-Handset Telephone', 'Post-it \x93Important Message\x94 Note Pad, Neon Colors, 50 Sheets/Pad')",1
"('AT&T CL83451 4-Handset Telephone', 'Xerox 1917')",1
"('AT&T CL83451 4-Handset Telephone', 'Xerox 1997')",1
"('Fiskars 8"" Scissors, 2/Pack', 'Hunt PowerHouse Electric Pencil Sharpener, Blue')",1
"('Fiskars 8"" Scissors, 2/Pack', ""I Need's 3d Hello Kitty Hybrid Silicone Case Cover for HTC One X 4g with 3d Hello Kitty Stylus Pen Green/pink"")",1
"('Fiskars 8"" Scissors, 2/Pack', 'Master Caster Door Stop, Gray')",1
"('Fiskars 8"" Scissors, 2/Pack', 'Post-it \x93Important Message\x94 Note Pad, Neon Colors, 50 Sheets/Pad')",1
"('Fiskars 8"" Scissors, 2/Pack', 'Xerox 1917')",1
"('Fiskars 8"" Scissors, 2/Pack', 'Xerox 1997')",1
"('Hunt PowerHouse Electric Pencil Sharpener, Blue', ""I Need's 3d Hello Kitty Hybrid Silicone Case Cover for HTC One X 4g with 3d Hello Kitty Stylus Pen Green/pink"")",1
"('Hunt PowerHouse Electric Pencil Sharpener, Blue', 'Master Caster Door Stop, Gray')",1
"('Hunt PowerHouse Electric Pencil Sharpener, Blue', 'Post-it \x93Important Message\x94 Note Pad, Neon Colors, 50 Sheets/Pad')",1
"('Hunt PowerHouse Electric Pencil Sharpener, Blue', 'Xerox 1917')",1
"('Hunt PowerHouse Electric Pencil Sharpener, Blue', 'Xerox 1997')",1
"(""I Need's 3d Hello Kitty Hybrid Silicone Case Cover for HTC One X 4g with 3d Hello Kitty Stylus Pen Green/pink"", 'Master Caster Door Stop, Gray')",1
"(""I Need's 3d Hello Kitty Hybrid Silicone Case Cover for HTC One X 4g with 3d Hello Kitty Stylus Pen Green/pink"", 'Post-it \x93Important Message\x94 Note Pad, Neon Colors, 50 Sheets/Pad')",1
"(""I Need's 3d Hello Kitty Hybrid Silicone Case Cover for HTC One X 4g with 3d Hello Kitty Stylus Pen Green/pink"", 'Xerox 1917')",1
"(""I Need's 3d Hello Kitty Hybrid Silicone Case Cover for HTC One X 4g with 3d Hello Kitty Stylus Pen Green/pink"", 'Xerox 1997')",1
"('Master Caster Door Stop, Gray', 'Post-it \x93Important Message\x94 Note Pad, Neon Colors, 50 Sheets/Pad')",1
"('Master Caster Door Stop, Gray', 'Xerox 1917')",1
"('Master Caster Door Stop, Gray', 'Xerox 1997')",1
"('Post-it \x93Important Message\x94 Note Pad, Neon Colors, 50 Sheets/Pad', 'Xerox 1917')",1
"('Post-it \x93Important Message\x94 Note Pad, Neon Colors, 50 Sheets/Pad', 'Xerox 1997')",1
"('Xerox 1917', 'Xerox 1997')",1
"('Avery 473', 'Cush Cases Heavy Duty Rugged Cover Case for Samsung Galaxy S5 - Purple')",1
"('Avery 473', 'OIC Bulk Pack Metal Binder Clips')",1
"('Avery 473', 'Storex Dura Pro Binders')",1
"('Cush Cases Heavy Duty Rugged Cover Case for Samsung Galaxy S5 - Purple', 'OIC Bulk Pack Metal Binder Clips')",1
"('Cush Cases Heavy Duty Rugged Cover Case for Samsung Galaxy S5 - Purple', 'Storex Dura Pro Binders')",1
"('OIC Bulk Pack Metal Binder Clips', 'Storex Dura Pro Binders')",1
"('""While you Were Out"" Message Book, One Form per Page', 'Tennsco Double-Tier Lockers')",1
"('Hewlett-Packard Desktjet 6988DT Refurbished Printer', 'Kingston Digital DataTraveler 64GB USB 2.0')",1
"('2300 Heavy-Duty Transfer File Systems by Perma', 'Xerox 1958')",1
"('GBC Plasticlear Binding Covers', 'Plastic Stacking Crates & Casters')",1
"('GBC Plasticlear Binding Covers', 'Wilson Jones Century Plastic Molded Ring Binders')",1
"('Plastic Stacking Crates & Casters', 'Wilson Jones Century Plastic Molded Ring Binders')",1
"('Acme Hot Forged Carbon Steel Scissors with Nickel-Plated Handles, 3 7/8"" Cut, 8""L', 'Jabra SPEAK 410')",1
"('Acme Hot Forged Carbon Steel Scissors with Nickel-Plated Handles, 3 7/8"" Cut, 8""L', 'Xerox 1913')",1
"('Jabra SPEAK 410', 'Xerox 1913')",1
"('50 Colored Long Pencils', 'AT&T 1080 Corded phone')",1
"('GBC Recycled Grain Textured Covers', 'OtterBox Defender Series Case - Samsung Galaxy S4')",1
"('GBC Recycled Grain Textured Covers', 'Sanyo 2.5 Cubic Foot Mid-Size Office Refrigerators')",1
"('GBC Recycled Grain Textured Covers', 'Standard Rollaway File with Lock')",1
"('GBC Recycled Grain Textured Covers', 'Staples')",1
"('GBC Recycled Grain Textured Covers', 'Wilson Jones Clip & Carry Folder Binder Tool for Ring Binders, Clear')",1
"('GBC Recycled Grain Textured Covers', 'Xerox 1962')",1
"('OtterBox Defender Series Case - Samsung Galaxy S4', 'Sanyo 2.5 Cubic Foot Mid-Size Office Refrigerators')",1
"('OtterBox Defender Series Case - Samsung Galaxy S4', 'Standard Rollaway File with Lock')",1
"('OtterBox Defender Series Case - Samsung Galaxy S4', 'Staples')",1
"('OtterBox Defender Series Case - Samsung Galaxy S4', 'Wilson Jones Clip & Carry Folder Binder Tool for Ring Binders, Clear')",1
"('OtterBox Defender Series Case - Samsung Galaxy S4', 'Xerox 1962')",1
"('Sanyo 2.5 Cubic Foot Mid-Size Office Refrigerators', 'Standard Rollaway File with Lock')",1
"('Sanyo 2.5 Cubic Foot Mid-Size Office Refrigerators', 'Staples')",1
"('Sanyo 2.5 Cubic Foot Mid-Size Office Refrigerators', 'Wilson Jones Clip & Carry Folder Binder Tool for Ring Binders, Clear')",1
"('Sanyo 2.5 Cubic Foot Mid-Size Office Refrigerators', 'Xerox 1962')",1
"('Standard Rollaway File with Lock', 'Staples')",1
"('Standard Rollaway File with Lock', 'Wilson Jones Clip & Carry Folder Binder Tool for Ring Binders, Clear')",1
"('Standard Rollaway File with Lock', 'Xerox 1962')",1
"('Staples', 'Xerox 1962')",1
"('Wilson Jones Clip & Carry Folder Binder Tool for Ring Binders, Clear', 'Xerox 1962')",1
"('Dixon Ticonderoga Erasable Colored Pencil Set, 12-Color', 'SanDisk Ultra 64 GB MicroSDHC Class 10 Memory Card')",1
"('GBC Standard Plastic Binding Systems Combs', 'Hon 2111 Invitation Series Straight Table')",1
"('#10 White Business Envelopes,4 1/8 x 9 1/2', 'Global Deluxe Steno Chair')",1
"('#10 White Business Envelopes,4 1/8 x 9 1/2', 'Samsung Galaxy S4 Mini')",1
"('Global Deluxe Steno Chair', 'Samsung Galaxy S4 Mini')",1
"('Eldon Advantage Foldable Chair Mats for Low Pile Carpets', 'Verbatim Slim CD and DVD Storage Cases, 50/Pack')",1
"('ACCOHIDE Binder by Acco', 'AT&T CL82213')",1
"('ACCOHIDE Binder by Acco', 'Logitech Desktop MK120 Mouse and keyboard Combo')",1
"('ACCOHIDE Binder by Acco', 'Xerox 1940')",1
"('AT&T CL82213', 'Logitech Desktop MK120 Mouse and keyboard Combo')",1
"('AT&T CL82213', 'Xerox 1940')",1
"('Logitech Desktop MK120 Mouse and keyboard Combo', 'Xerox 1940')",1
"('Adams Telephone Message Book W/Dividers/Space For Phone Numbers, 5 1/4""X8 1/2"", 300/Messages', 'Global Ergonomic Managers Chair')",1
"('G.E. Halogen Desk Lamp Bulbs', 'Global Geo Office Task Chair, Gray')",1
"('G.E. Halogen Desk Lamp Bulbs', 'Okidata B400 Printer')",1
"('Global Geo Office Task Chair, Gray', 'Okidata B400 Printer')",1
"('Kingston Digital DataTraveler 64GB USB 2.0', 'Wilson Jones Easy Flow II Sheet Lifters')",1
"('OtterBox Defender Series Case - Samsung Galaxy S4', 'Xerox 192')",1
"('Hon Metal Bookcases, Putty', 'Xerox 1947')",1
"('Global Comet Stacking Armless Chair', 'Memorex Froggy Flash Drive 8 GB')",1
"('Global Comet Stacking Armless Chair', 'Xerox 218')",1
"('Memorex Froggy Flash Drive 8 GB', 'Xerox 218')",1
"('Memorex Micro Travel Drive 8 GB', 'Xerox 1888')",1
"('Avery Hole Reinforcements', 'Wilson Jones Ledger-Size, Piano-Hinge Binder, 2"", Blue')",1
"('Adams Telephone Message Book W/Dividers/Space For Phone Numbers, 5 1/4""X8 1/2"", 300/Messages', 'Black & Decker Filter for Double Action Dustbuster Cordless Vac BLDV7210')",1
"('Avery 511', ""O'Sullivan 4-Shelf Bookcase in Odessa Pine"")",1
"('Belkin 8 Outlet Surge Protector', 'GE 30524EE4')",1
"('Belkin 8 Outlet Surge Protector', 'Staples')",1
"('GE 30524EE4', 'Staples')",1
"('""While you Were Out"" Message Book, One Form per Page', 'Hypercom P1300 Pinpad')",1
"('Avery 49', 'Digium D40 VoIP phone')",1
"('Avery 49', 'Fluorescent Highlighters by Dixon')",1
"('Avery 49', 'Xerox 1893')",1
"('Digium D40 VoIP phone', 'Fluorescent Highlighters by Dixon')",1
"('Digium D40 VoIP phone', 'Xerox 1893')",1
"('Fluorescent Highlighters by Dixon', 'Xerox 1893')",1
"('Avery Framed View Binder, EZD Ring (Locking), Navy, 1 1/2""', 'Avery Hole Reinforcements')",1
"('Avery Framed View Binder, EZD Ring (Locking), Navy, 1 1/2""', 'Xerox 1951')",1
"('Avery Hole Reinforcements', 'Xerox 1951')",1
"('Fellowes Black Plastic Comb Bindings', 'Hot File 7-Pocket, Floor Stand')",1
"('Belkin F9M820V08 8 Outlet Surge', ""Honeywell Enviracaire Portable HEPA Air Cleaner for 17' x 22' Room"")",1
"('Staples', 'Xerox 194')",1
"('Bulldog Table or Wall-Mount Pencil Sharpener', 'Luxo Professional Magnifying Clamp-On Fluorescent Lamps')",1
"('Avery 480', 'Economy Rollaway Files')",1
"('1.7 Cubic Foot Compact ""Cube"" Office Refrigerators', 'Avery Durable Poly Binders')",1
"('1.7 Cubic Foot Compact ""Cube"" Office Refrigerators', 'Carina Double Wide Media Storage Towers in Natural & Black')",1
"('1.7 Cubic Foot Compact ""Cube"" Office Refrigerators', 'Executive Impressions 12"" Wall Clock')",1
"('1.7 Cubic Foot Compact ""Cube"" Office Refrigerators', 'Xerox 220')",1
"('Avery Durable Poly Binders', 'Carina Double Wide Media Storage Towers in Natural & Black')",1
"('Avery Durable Poly Binders', 'Executive Impressions 12"" Wall Clock')",1
"('Avery Durable Poly Binders', 'Xerox 220')",1
"('Carina Double Wide Media Storage Towers in Natural & Black', 'Executive Impressions 12"" Wall Clock')",1
"('Carina Double Wide Media Storage Towers in Natural & Black', 'Xerox 220')",1
"('Executive Impressions 12"" Wall Clock', 'Xerox 220')",1
"('Logitech 910-002974 M325 Wireless Mouse for Web Scrolling', 'Okidata MB491 Multifunction Printer')",1
"('Logitech 910-002974 M325 Wireless Mouse for Web Scrolling', 'Plantronics Savi W720 Multi-Device Wireless Headset System')",1
"('Logitech 910-002974 M325 Wireless Mouse for Web Scrolling', 'Square Credit Card Reader, 4 1/2"" x 4 1/2"" x 1"", White')",1
"('Okidata MB491 Multifunction Printer', 'Plantronics Savi W720 Multi-Device Wireless Headset System')",1
"('Okidata MB491 Multifunction Printer', 'Square Credit Card Reader, 4 1/2"" x 4 1/2"" x 1"", White')",1
"('Plantronics Savi W720 Multi-Device Wireless Headset System', 'Square Credit Card Reader, 4 1/2"" x 4 1/2"" x 1"", White')",1
"('Advantus Map Pennant Flags and Round Head Tacks', 'Avery Hole Reinforcements')",1
"('Advantus Map Pennant Flags and Round Head Tacks', 'GBC ProClick Punch Binding System')",1
"('Advantus Map Pennant Flags and Round Head Tacks', 'Recycled Steel Personal File for Standard File Folders')",1
"('Avery Hole Reinforcements', 'GBC ProClick Punch Binding System')",1
"('Avery Hole Reinforcements', 'Recycled Steel Personal File for Standard File Folders')",1
"('GBC ProClick Punch Binding System', 'Recycled Steel Personal File for Standard File Folders')",1
"('Westinghouse Floor Lamp with Metal Mesh Shade, Black', 'Xerox 1883')",1
"('Boston Home & Office Model 2000 Electric Pencil Sharpeners', 'Boston School Pro Electric Pencil Sharpener, 1670')",1
"('Boston Home & Office Model 2000 Electric Pencil Sharpeners', 'Newell Chalk Holder')",1
"('Boston School Pro Electric Pencil Sharpener, 1670', 'Newell Chalk Holder')",1
"('BoxOffice By Design Rectangular and Half-Moon Meeting Room Tables', 'Global Geo Office Task Chair, Gray')",1
"('BoxOffice By Design Rectangular and Half-Moon Meeting Room Tables', 'Motorola HK250 Universal Bluetooth Headset')",1
"('BoxOffice By Design Rectangular and Half-Moon Meeting Room Tables', 'Stanley Bostitch Contemporary Electric Pencil Sharpeners')",1
"('Global Geo Office Task Chair, Gray', 'Motorola HK250 Universal Bluetooth Headset')",1
"('Global Geo Office Task Chair, Gray', 'Stanley Bostitch Contemporary Electric Pencil Sharpeners')",1
"('Motorola HK250 Universal Bluetooth Headset', 'Stanley Bostitch Contemporary Electric Pencil Sharpeners')",1
"('Avery 473', 'Deflect-o EconoMat Studded, No Bevel Mat for Low Pile Carpeting')",1
"('Belkin 7-Outlet SurgeMaster Home Series', 'Xerox 1930')",1
"('Ames Color-File Green Diamond Border X-ray Mailers', 'Crayola Anti Dust Chalk, 12/Pack')",1
"('Ames Color-File Green Diamond Border X-ray Mailers', ""O'Sullivan Plantations 2-Door Library in Landvery Oak"")",1
"('Ames Color-File Green Diamond Border X-ray Mailers', 'Xerox 214')",1
"('Crayola Anti Dust Chalk, 12/Pack', ""O'Sullivan Plantations 2-Door Library in Landvery Oak"")",1
"('Crayola Anti Dust Chalk, 12/Pack', 'Xerox 214')",1
"(""O'Sullivan Plantations 2-Door Library in Landvery Oak"", 'Xerox 214')",1
"('GBC Twin Loop Wire Binding Elements', 'WD My Passport Ultra 2TB Portable External Hard Drive')",1
"('Avery File Folder Labels', 'Newell 318')",1
"('Eaton Premium Continuous-Feed Paper, 25% Cotton, Letter Size, White, 1000 Shts/Box', 'Xerox 196')",1
"(""Acco Six-Outlet Power Strip, 4' Cord Length"", 'GBC Velobind Prepunched Cover Sets, Regency Series')",1
"(""Acco Six-Outlet Power Strip, 4' Cord Length"", 'Luxo Professional Combination Clamp-On Lamps')",1
"('GBC Velobind Prepunched Cover Sets, Regency Series', 'Luxo Professional Combination Clamp-On Lamps')",1
"('Tuf-Vin Binders', 'Xerox 1893')",1
"('BIC Brite Liner Highlighters, Chisel Tip', 'Deflect-o EconoMat Studded, No Bevel Mat for Low Pile Carpeting')",1
"('Avery 490', 'Tenex Personal Self-Stacking Standard File Box, Black/Gray')",1
"('Avery 490', 'Xerox 1992')",1
"('Tenex Personal Self-Stacking Standard File Box, Black/Gray', 'Xerox 1992')",1
"('#10- 4 1/8"" x 9 1/2"" Recycled Envelopes', 'Eldon 400 Class Desk Accessories, Black Carbon')",1
"('#10- 4 1/8"" x 9 1/2"" Recycled Envelopes', 'Wilson Jones Clip & Carry Folder Binder Tool for Ring Binders, Clear')",1
"('Eldon 400 Class Desk Accessories, Black Carbon', 'Wilson Jones Clip & Carry Folder Binder Tool for Ring Binders, Clear')",1
"('Fellowes Bankers Box Staxonsteel Drawer File/Stacking System', 'GBC Recycled Grain Textured Covers')",1
"('DMI Arturo Collection Mission-style Design Wood Chair', 'DXL Angle-View Binders with Locking Rings, Black')",1
"('Space Solutions Commercial Steel Shelving', 'Wilson Jones Turn Tabs Binder Tool for Ring Binders')",1
"('Avery 51', 'Kensington 7 Outlet MasterPiece HOMEOFFICE Power Control Center')",1
"('Kingston Digital DataTraveler 32GB USB 2.0', 'Sony Micro Vault Click 16 GB USB 2.0 Flash Drive')",1
"('Acco Banker\'s Clasps, 5 3/4""-Long', 'Logitech Wireless Anywhere Mouse MX for PC and Mac')",1
"('Acco Banker\'s Clasps, 5 3/4""-Long', 'Logitech Wireless Gaming Headset G930')",1
"('Acco Banker\'s Clasps, 5 3/4""-Long', 'Xerox 224')",1
"('Logitech Wireless Anywhere Mouse MX for PC and Mac', 'Logitech Wireless Gaming Headset G930')",1
"('Logitech Wireless Anywhere Mouse MX for PC and Mac', 'Xerox 224')",1
"('Logitech Wireless Gaming Headset G930', 'Xerox 224')",1
"('Fellowes Black Plastic Comb Bindings', 'Kensington SlimBlade Notebook Wireless Mouse with Nano Receiver ')",1
"('Hewlett-Packard Deskjet F4180 All-in-One Color Ink-jet - Printer / copier / scanner', 'Premier Elliptical Ring Binder, Black')",1
"('Angle-D Ring Binders', 'Motorola L804')",1
"('Angle-D Ring Binders', 'Newell 317')",1
"('Motorola L804', 'Newell 317')",1
"('Memorex Micro Travel Drive 4 GB', 'Smead Adjustable Mobile File Trolley with Lockable Top')",1
"('Memorex Micro Travel Drive 4 GB', 'Wilson Jones 14 Line Acrylic Coated Pressboard Data Binders')",1
"('Smead Adjustable Mobile File Trolley with Lockable Top', 'Wilson Jones 14 Line Acrylic Coated Pressboard Data Binders')",1
"('Bevis Steel Folding Chairs', 'Xerox 1927')",1
"('Lexmark MX611dhe Monochrome Laser Printer', 'Xerox WorkCentre 6505DN Laser Multifunction Printer')",1
"('Avery Non-Stick Heavy Duty View Round Locking Ring Binders', 'Logitech\xa0Illuminated - Keyboard')",1
"('Chromcraft Bull-Nose Wood 48"" x 96"" Rectangular Conference Tables', 'File Shuttle I and Handi-File')",1
"('Avery Self-Adhesive Photo Pockets for Polaroid Photos', ""O'Sullivan Living Dimensions 5-Shelf Bookcases"")",1
"('Avery Self-Adhesive Photo Pockets for Polaroid Photos', 'Poly String Tie Envelopes')",1
"('Avery Self-Adhesive Photo Pockets for Polaroid Photos', 'Xerox 1954')",1
"(""O'Sullivan Living Dimensions 5-Shelf Bookcases"", 'Poly String Tie Envelopes')",1
"(""O'Sullivan Living Dimensions 5-Shelf Bookcases"", 'Xerox 1954')",1
"('Poly String Tie Envelopes', 'Xerox 1954')",1
"('Honeywell Quietcare HEPA Air Cleaner', 'Nontoxic Chalk')",1
"('Office Star - Contemporary Swivel Chair with Padded Adjustable Arms and Flex Back', 'Xerox 1931')",1
"('Office Star - Contemporary Swivel Chair with Padded Adjustable Arms and Flex Back', 'Xerox Color Copier Paper, 11"" x 17"", Ream')",1
"('Xerox 1931', 'Xerox Color Copier Paper, 11"" x 17"", Ream')",1
"('24-Hour Round Wall Clock', 'Acco 6 Outlet Guardian Basic Surge Suppressor')",1
"('24-Hour Round Wall Clock', 'Sanford Colorific Scented Colored Pencils, 12/Pack')",1
"('Acco 6 Outlet Guardian Basic Surge Suppressor', 'Sanford Colorific Scented Colored Pencils, 12/Pack')",1
"('ClearSounds CSC500 Amplified Spirit Phone Corded phone', 'Hon 5100 Series Wood Tables')",1
"('Newell 340', 'Plantronics Audio 478 Stereo USB Headset')",1
"('Konftel 250 Conference\xa0phone\xa0- Charcoal black', 'Luxo Professional Magnifying Clamp-On Fluorescent Lamps')",1
"('Konftel 250 Conference\xa0phone\xa0- Charcoal black', 'Recycled Eldon Regeneration Jumbo File')",1
"('Luxo Professional Magnifying Clamp-On Fluorescent Lamps', 'Recycled Eldon Regeneration Jumbo File')",1
"('Balt Split Level Computer Training Table', 'Dixon Ticonderoga Core-Lock Colored Pencils')",1
"('Balt Split Level Computer Training Table', 'Recycled Steel Personal File for Hanging File Folders')",1
"('Dixon Ticonderoga Core-Lock Colored Pencils', 'Recycled Steel Personal File for Hanging File Folders')",1
"('Logitech Trackman Marble Mouse', 'Xerox 1924')",1
"('12-1/2 Diameter Round Wall Clock', 'Deflect-o SuperTray Unbreakable Stackable Tray, Letter, Black')",1
"('12-1/2 Diameter Round Wall Clock', 'Newell 343')",1
"('Deflect-o SuperTray Unbreakable Stackable Tray, Letter, Black', 'Newell 343')",1
"('Binney & Smith inkTank Erasable Pocket Highlighter, Chisel Tip, Yellow', 'Fellowes Advanced Computer Series Surge Protectors')",1
"('Binney & Smith inkTank Erasable Pocket Highlighter, Chisel Tip, Yellow', 'Hon GuestStacker Chair')",1
"('Fellowes Advanced Computer Series Surge Protectors', 'Hon GuestStacker Chair')",1
"('Imation\xa0Secure+ Hardware Encrypted USB 2.0\xa0Flash Drive; 16GB', 'KI Adjustable-Height Table')",1
"('Imation\xa0Secure+ Hardware Encrypted USB 2.0\xa0Flash Drive; 16GB', 'Martin-Yale Premier Letter Opener')",1
"('KI Adjustable-Height Table', 'Martin-Yale Premier Letter Opener')",1
"('Compact Automatic Electric Letter Opener', 'GBC DocuBind P100 Manual Binding Machine')",1
"('Compact Automatic Electric Letter Opener', 'SanDisk Cruzer 16 GB USB Flash Drive')",1
"('Compact Automatic Electric Letter Opener', 'Seth Thomas 8 1/2"" Cubicle Clock')",1
"('GBC DocuBind P100 Manual Binding Machine', 'SanDisk Cruzer 16 GB USB Flash Drive')",1
"('GBC DocuBind P100 Manual Binding Machine', 'Seth Thomas 8 1/2"" Cubicle Clock')",1
"('SanDisk Cruzer 16 GB USB Flash Drive', 'Seth Thomas 8 1/2"" Cubicle Clock')",1
"('Microsoft Natural Keyboard Elite', 'NETGEAR AC1750 Dual Band Gigabit\xa0Smart WiFi Router')",1
"('Microsoft Natural Keyboard Elite', 'Newell 324')",1
"('Microsoft Natural Keyboard Elite', 'Wilson Jones Custom Binder Spines & Labels')",1
"('NETGEAR AC1750 Dual Band Gigabit\xa0Smart WiFi Router', 'Newell 324')",1
"('NETGEAR AC1750 Dual Band Gigabit\xa0Smart WiFi Router', 'Wilson Jones Custom Binder Spines & Labels')",1
"('Newell 324', 'Wilson Jones Custom Binder Spines & Labels')",1
"('Belkin F9G930V10-GRY 9 Outlet Surge', 'Howard Miller 13"" Diameter Goldtone Round Wall Clock')",1
"('Cardinal Poly Pocket Divider Pockets for Ring Binders', 'Sanford Uni-Blazer View Highlighters, Chisel Tip, Yellow')",1
"('Global Italian Leather Office Chair', 'Xerox 1897')",1
"('Avery 480', 'Avery 499')",1
"('Avery 480', 'Premier Elliptical Ring Binder, Black')",1
"('Avery 480', 'Sauder Inglewood Library Bookcases')",1
"('Avery 499', 'Premier Elliptical Ring Binder, Black')",1
"('Avery 499', 'Sauder Inglewood Library Bookcases')",1
"('Premier Elliptical Ring Binder, Black', 'Sauder Inglewood Library Bookcases')",1
"('Hon Rectangular Conference Tables', 'Newell 35')",1
"('Newell 35', 'Plantronics CS510 - Over-the-Head monaural Wireless Headset System')",1
"('Airmail Envelopes', 'Fellowes High-Stak Drawer Files')",1
"('Revere Boxed Rubber Bands by Revere', 'Stacking Trays by OIC')",1
"('Revere Boxed Rubber Bands by Revere', 'Trimflex Flexible Post Binders')",1
"('Revere Boxed Rubber Bands by Revere', 'Xerox 1900')",1
"('Stacking Trays by OIC', 'Trimflex Flexible Post Binders')",1
"('Stacking Trays by OIC', 'Xerox 1900')",1
"('Trimflex Flexible Post Binders', 'Xerox 1900')",1
"('Avery 495', 'Eldon Shelf Savers Cubes and Bins')",1
"('Avery 495', ""O'Sullivan 4-Shelf Bookcase in Odessa Pine"")",1
"('Eldon Shelf Savers Cubes and Bins', ""O'Sullivan 4-Shelf Bookcase in Odessa Pine"")",1
"('Acme Kleen Earth Office Shears', 'Prang Drawing Pencil Set')",1
"('Electrix Incandescent Magnifying Lamp, Black', 'Harmony Air Purifier')",1
"('Eldon Cleatmat Chair Mats for Medium Pile Carpets', 'Swingline SM12-08 MicroCut Jam Free Shredder')",1
"('Eldon Cleatmat Chair Mats for Medium Pile Carpets', 'Tennsco 6- and 18-Compartment Lockers')",1
"('Swingline SM12-08 MicroCut Jam Free Shredder', 'Tennsco 6- and 18-Compartment Lockers')",1
"('Newell 320', 'Nu-Dell Executive Frame')",1
"('DMI Arturo Collection Mission-style Design Wood Chair', 'Xerox 1919')",1
"('Rush Hierlooms Collection 1"" Thick Stackable Bookcases', 'netTALK DUO VoIP Telephone Service')",1
"('1.7 Cubic Foot Compact ""Cube"" Office Refrigerators', 'Avery Non-Stick Binders')",1
"('1.7 Cubic Foot Compact ""Cube"" Office Refrigerators', 'Letter Slitter')",1
"('Avery Non-Stick Binders', 'Letter Slitter')",1
"('Canon PC1080F Personal Copier', 'Nortel Meridian M3904 Professional Digital phone')",1
"('Kensington 7 Outlet MasterPiece Power Center', 'Master Big Foot Doorstop, Beige')",1
"('Kensington 7 Outlet MasterPiece Power Center', 'Xerox 1934')",1
"('Master Big Foot Doorstop, Beige', 'Xerox 1934')",1
"('Message Book, Wirebound, Four 5 1/2"" X 4"" Forms/Pg., 200 Dupl. Sets/Book', 'TOPS 4 x 6 Fluorescent Color Memo Sheets, 500 Sheets per Pack')",1
"('Hon 94000 Series Round Tables', 'Poly String Tie Envelopes')",1
"('Avanti 4.4 Cu. Ft. Refrigerator', 'Cisco Unified IP Phone 7945G VoIP phone')",1
"('Avanti 4.4 Cu. Ft. Refrigerator', 'Seidio BD2-HK3IPH5-BK DILEX Case and Holster Combo for Apple iPhone 5/5s - Black')",1
"('Avanti 4.4 Cu. Ft. Refrigerator', 'Sony 32GB Class 10 Micro SDHC R40 Memory Card')",1
"('Avanti 4.4 Cu. Ft. Refrigerator', 'Tennsco Commercial Shelving')",1
"('Avanti 4.4 Cu. Ft. Refrigerator', 'Westinghouse Floor Lamp with Metal Mesh Shade, Black')",1
"('Cisco Unified IP Phone 7945G VoIP phone', 'Seidio BD2-HK3IPH5-BK DILEX Case and Holster Combo for Apple iPhone 5/5s - Black')",1
"('Cisco Unified IP Phone 7945G VoIP phone', 'Sony 32GB Class 10 Micro SDHC R40 Memory Card')",1
"('Cisco Unified IP Phone 7945G VoIP phone', 'Tennsco Commercial Shelving')",1
"('Cisco Unified IP Phone 7945G VoIP phone', 'Westinghouse Floor Lamp with Metal Mesh Shade, Black')",1
"('Seidio BD2-HK3IPH5-BK DILEX Case and Holster Combo for Apple iPhone 5/5s - Black', 'Sony 32GB Class 10 Micro SDHC R40 Memory Card')",1
"('Seidio BD2-HK3IPH5-BK DILEX Case and Holster Combo for Apple iPhone 5/5s - Black', 'Tennsco Commercial Shelving')",1
"('Seidio BD2-HK3IPH5-BK DILEX Case and Holster Combo for Apple iPhone 5/5s - Black', 'Westinghouse Floor Lamp with Metal Mesh Shade, Black')",1
"('Sony 32GB Class 10 Micro SDHC R40 Memory Card', 'Tennsco Commercial Shelving')",1
"('Sony 32GB Class 10 Micro SDHC R40 Memory Card', 'Westinghouse Floor Lamp with Metal Mesh Shade, Black')",1
"('Tennsco Commercial Shelving', 'Westinghouse Floor Lamp with Metal Mesh Shade, Black')",1
"('Global High-Back Leather Tilter, Burgundy', 'Howard Miller 11-1/2"" Diameter Grantwood Wall Clock')",1
"('Newell 324', 'Staples')",1
"('Panasonic KP-150 Electric Pencil Sharpener', 'Xerox 1995')",1
"('BOSTON Ranger #55 Pencil Sharpener, Black', 'Tennsco 6- and 18-Compartment Lockers')",1
"('Bionaire 99.97% HEPA Air Cleaner', 'Ibico Covers for Plastic or Wire Binding Elements')",1
"('Bionaire 99.97% HEPA Air Cleaner', 'KI Adjustable-Height Table')",1
"('Bionaire 99.97% HEPA Air Cleaner', 'Nu-Dell Float Frame 11 x 14 1/2')",1
"('Bionaire 99.97% HEPA Air Cleaner', 'Rogers Deluxe File Chest')",1
"('Bionaire 99.97% HEPA Air Cleaner', 'Shocksock Galaxy S4 Armband')",1
"('Ibico Covers for Plastic or Wire Binding Elements', 'KI Adjustable-Height Table')",1
"('Ibico Covers for Plastic or Wire Binding Elements', 'Nu-Dell Float Frame 11 x 14 1/2')",1
"('Ibico Covers for Plastic or Wire Binding Elements', 'Rogers Deluxe File Chest')",1
"('Ibico Covers for Plastic or Wire Binding Elements', 'Shocksock Galaxy S4 Armband')",1
"('KI Adjustable-Height Table', 'Nu-Dell Float Frame 11 x 14 1/2')",1
"('KI Adjustable-Height Table', 'Rogers Deluxe File Chest')",1
"('KI Adjustable-Height Table', 'Shocksock Galaxy S4 Armband')",1
"('Nu-Dell Float Frame 11 x 14 1/2', 'Rogers Deluxe File Chest')",1
"('Nu-Dell Float Frame 11 x 14 1/2', 'Shocksock Galaxy S4 Armband')",1
"('Rogers Deluxe File Chest', 'Shocksock Galaxy S4 Armband')",1
"('DAX Wood Document Frame.', 'Global Commerce Series High-Back Swivel/Tilt Chairs')",1
"('Avery Premier Heavy-Duty Binder with Round Locking Rings', 'Global Commerce Series High-Back Swivel/Tilt Chairs')",1
"('Avery Premier Heavy-Duty Binder with Round Locking Rings', 'Lesro Sheffield Collection Coffee Table, End Table, Center Table, Corner Table')",1
"('Global Commerce Series High-Back Swivel/Tilt Chairs', 'Lesro Sheffield Collection Coffee Table, End Table, Center Table, Corner Table')",1
"('Imation\xa0Secure\xa0Drive\xa0+ Hardware Encrypted USB\xa0flash drive\xa0- 16 GB', 'Nu-Dell Executive Frame')",1
"('Acme Value Line Scissors', 'Wirebound Message Books, Four 2 3/4"" x 5"" Forms per Page, 600 Sets per Book')",1
"('Acme Value Line Scissors', 'Xerox 1882')",1
"('Hon GuestStacker Chair', 'Logitech Mobile Speakerphone P710e -\xa0speaker phone')",1
"('Hon GuestStacker Chair', 'Staples')",1
"('Logitech Mobile Speakerphone P710e -\xa0speaker phone', 'Staples')",1
"('Avery Metallic Poly Binders', 'Fellowes Bankers Box Recycled Super Stor/Drawer')",1
"('Apple iPhone 5C', 'Eldon Expressions Desk Accessory, Wood Pencil Holder, Oak')",1
"('Apple iPhone 5C', 'Hon 4700 Series Mobuis Mid-Back Task Chairs with Adjustable Arms')",1
"('Apple iPhone 5C', 'Newell 327')",1
"('Apple iPhone 5C', 'Newell 351')",1
"('Apple iPhone 5C', 'Staples')",1
"('Eldon Expressions Desk Accessory, Wood Pencil Holder, Oak', 'Hon 4700 Series Mobuis Mid-Back Task Chairs with Adjustable Arms')",1
"('Eldon Expressions Desk Accessory, Wood Pencil Holder, Oak', 'Newell 327')",1
"('Eldon Expressions Desk Accessory, Wood Pencil Holder, Oak', 'Newell 351')",1
"('Eldon Expressions Desk Accessory, Wood Pencil Holder, Oak', 'Staples')",1
"('Hon 4700 Series Mobuis Mid-Back Task Chairs with Adjustable Arms', 'Newell 327')",1
"('Hon 4700 Series Mobuis Mid-Back Task Chairs with Adjustable Arms', 'Newell 351')",1
"('AmazonBasics 3-Button USB Wired Mouse', 'Plantronics CS510 - Over-the-Head monaural Wireless Headset System')",1
"('Newell 327', 'Newell 351')",1
"('Newell 327', 'Staples')",1
"('Newell 351', 'Staples')",1
"('#10 White Business Envelopes,4 1/8 x 9 1/2', 'File Shuttle II and Handi-File, Black')",1
"('#10 White Business Envelopes,4 1/8 x 9 1/2', 'Wilson Jones Active Use Binders')",1
"('#10 White Business Envelopes,4 1/8 x 9 1/2', 'Xerox 1954')",1
"('File Shuttle II and Handi-File, Black', 'Wilson Jones Active Use Binders')",1
"('File Shuttle II and Handi-File, Black', 'Xerox 1954')",1
"('Wilson Jones Active Use Binders', 'Xerox 1954')",1
"('Eldon Regeneration Recycled Desk Accessories, Smoke', 'Holmes Odor Grabber')",1
"('Balt Solid Wood Round Tables', 'Bretford Rectangular Conference Table Tops')",1
"('Balt Solid Wood Round Tables', 'Hon 30"" x 60"" Table with Locking Drawer')",1
"('Balt Solid Wood Round Tables', 'Xerox 1918')",1
"('Balt Solid Wood Round Tables', 'Xerox 1926')",1
"('Bretford Rectangular Conference Table Tops', 'Hon 30"" x 60"" Table with Locking Drawer')",1
"('Bretford Rectangular Conference Table Tops', 'Xerox 1918')",1
"('Bretford Rectangular Conference Table Tops', 'Xerox 1926')",1
"('Hon 30"" x 60"" Table with Locking Drawer', 'Xerox 1918')",1
"('Hon 30"" x 60"" Table with Locking Drawer', 'Xerox 1926')",1
"('Xerox 1918', 'Xerox 1926')",1
"('G.E. Halogen Desk Lamp Bulbs', 'Global Leather Highback Executive Chair with Pneumatic Height Adjustment, Black')",1
"('G.E. Halogen Desk Lamp Bulbs', 'Zipper Ring Binder Pockets')",1
"('Global Leather Highback Executive Chair with Pneumatic Height Adjustment, Black', 'Zipper Ring Binder Pockets')",1
"('Acco Hanging Data Binders', 'Avery 3 1/2"" Diskette Storage Pages, 10/Pack')",1
"('Acco Hanging Data Binders', 'Barricks 18"" x 48"" Non-Folding Utility Table with Bottom Storage Shelf')",1
"('Acco Hanging Data Binders', 'Polycom VVX 310 VoIP phone')",1
"('Avery 3 1/2"" Diskette Storage Pages, 10/Pack', 'Barricks 18"" x 48"" Non-Folding Utility Table with Bottom Storage Shelf')",1
"('Avery 3 1/2"" Diskette Storage Pages, 10/Pack', 'Polycom VVX 310 VoIP phone')",1
"('Barricks 18"" x 48"" Non-Folding Utility Table with Bottom Storage Shelf', 'Polycom VVX 310 VoIP phone')",1
"('Belkin QODE FastFit Bluetooth Keyboard', 'Insertable Tab Post Binder Dividers')",1
"('Pressboard Covers with Storage Hooks, 9 1/2"" x 11"", Light Blue', 'Xerox 1903')",1
"('Pressboard Covers with Storage Hooks, 9 1/2"" x 11"", Light Blue', 'Xerox 1951')",1
"('Xerox 1903', 'Xerox 1951')",1
"('Model L Table or Wall-Mount Pencil Sharpener', 'Staples')",1
"('Eldon Image Series Black Desk Accessories', 'Eureka Recycled Copy Paper 8 1/2"" x 11"", Ream')",1
"('Eldon Image Series Black Desk Accessories', 'GE General Use Halogen Bulbs, 100 Watts, 1 Bulb per Pack')",1
"('Eldon Image Series Black Desk Accessories', 'Jabra SPEAK 410')",1
"('Eldon Image Series Black Desk Accessories', 'Macally Suction Cup Mount')",1
"('Eldon Image Series Black Desk Accessories', 'REDIFORM Incoming/Outgoing Call Register, 11"" X 8 1/2"", 100 Messages')",1
"('Eldon Image Series Black Desk Accessories', 'SAFCO Commercial Wire Shelving, 72h')",1
"('Eureka Recycled Copy Paper 8 1/2"" x 11"", Ream', 'GE General Use Halogen Bulbs, 100 Watts, 1 Bulb per Pack')",1
"('Eureka Recycled Copy Paper 8 1/2"" x 11"", Ream', 'Jabra SPEAK 410')",1
"('Eureka Recycled Copy Paper 8 1/2"" x 11"", Ream', 'Macally Suction Cup Mount')",1
"('Eureka Recycled Copy Paper 8 1/2"" x 11"", Ream', 'REDIFORM Incoming/Outgoing Call Register, 11"" X 8 1/2"", 100 Messages')",1
"('Eureka Recycled Copy Paper 8 1/2"" x 11"", Ream', 'SAFCO Commercial Wire Shelving, 72h')",1
"('GE General Use Halogen Bulbs, 100 Watts, 1 Bulb per Pack', 'Jabra SPEAK 410')",1
"('GE General Use Halogen Bulbs, 100 Watts, 1 Bulb per Pack', 'Macally Suction Cup Mount')",1
"('GE General Use Halogen Bulbs, 100 Watts, 1 Bulb per Pack', 'REDIFORM Incoming/Outgoing Call Register, 11"" X 8 1/2"", 100 Messages')",1
"('GE General Use Halogen Bulbs, 100 Watts, 1 Bulb per Pack', 'SAFCO Commercial Wire Shelving, 72h')",1
"('Jabra SPEAK 410', 'Macally Suction Cup Mount')",1
"('Jabra SPEAK 410', 'REDIFORM Incoming/Outgoing Call Register, 11"" X 8 1/2"", 100 Messages')",1
"('Jabra SPEAK 410', 'SAFCO Commercial Wire Shelving, 72h')",1
"('Macally Suction Cup Mount', 'REDIFORM Incoming/Outgoing Call Register, 11"" X 8 1/2"", 100 Messages')",1
"('Macally Suction Cup Mount', 'SAFCO Commercial Wire Shelving, 72h')",1
"('REDIFORM Incoming/Outgoing Call Register, 11"" X 8 1/2"", 100 Messages', 'SAFCO Commercial Wire Shelving, 72h')",1
"('Avery 505', 'DAX Wood Document Frame')",1
"('Avery 505', 'Global Highback Leather Tilter in Burgundy')",1
"('DAX Wood Document Frame', 'Global Highback Leather Tilter in Burgundy')",1
"('Advantus Rolling Drawer Organizers', 'DIXON Oriole Pencils')",1
"('Avery 490', 'Pressboard Data Binder, Crimson, 12"" X 8 1/2""')",1
"('Acco 6 Outlet Guardian Premium Surge Suppressor', 'Wilson Jones Heavy-Duty Casebound Ring Binders with Metal Hinges')",1
"('Belkin F8E887 USB Wired Ergonomic Keyboard', 'Novimex Swivel Fabric Task Chair')",1
"('Belkin F8E887 USB Wired Ergonomic Keyboard', 'Pastel Pink Envelopes')",1
"('Belkin F8E887 USB Wired Ergonomic Keyboard', 'Safco Contoured Stacking Chairs')",1
"('Novimex Swivel Fabric Task Chair', 'Pastel Pink Envelopes')",1
"('Novimex Swivel Fabric Task Chair', 'Safco Contoured Stacking Chairs')",1
"('Pastel Pink Envelopes', 'Safco Contoured Stacking Chairs')",1
"('12 Colored Short Pencils', 'Xerox 1985')",1
"('Xerox 1898', 'Xerox 1947')",1
"('C-Line Peel & Stick Add-On Filing Pockets, 8-3/4 x 5-1/8, 10/Pack', 'GBC Prestige Therm-A-Bind Covers')",1
"('Eldon ""L"" Workstation Diamond Chairmat', 'Safco Industrial Shelving')",1
"('Acco Side-Punched Conventional Columnar Pads', 'Bestar Classic Bookcase')",1
"('Acco Side-Punched Conventional Columnar Pads', 'Imation\xa016GB Mini TravelDrive USB 2.0\xa0Flash Drive')",1
"('Acco Side-Punched Conventional Columnar Pads', 'Xerox 216')",1
"('Avery Fluorescent Highlighter Four-Color Set', 'Bestar Classic Bookcase')",1
"('Avery Fluorescent Highlighter Four-Color Set', 'Imation\xa016GB Mini TravelDrive USB 2.0\xa0Flash Drive')",1
"('Avery Fluorescent Highlighter Four-Color Set', 'Xerox 216')",1
"('Bestar Classic Bookcase', 'Imation\xa016GB Mini TravelDrive USB 2.0\xa0Flash Drive')",1
"('Bestar Classic Bookcase', 'Xerox 216')",1
"('Imation\xa016GB Mini TravelDrive USB 2.0\xa0Flash Drive', 'Xerox 216')",1
"('Eldon Executive Woodline II Desk Accessories, Mahogany', 'Fellowes PB200 Plastic Comb Binding Machine')",1
"('Eldon Executive Woodline II Desk Accessories, Mahogany', 'Motorola Droid Maxx')",1
"('Eldon Executive Woodline II Desk Accessories, Mahogany', 'Peel & Stick Add-On Corner Pockets')",1
"('Eldon Executive Woodline II Desk Accessories, Mahogany', 'Safco Industrial Wire Shelving')",1
"('Fellowes PB200 Plastic Comb Binding Machine', 'Motorola Droid Maxx')",1
"('Fellowes PB200 Plastic Comb Binding Machine', 'Peel & Stick Add-On Corner Pockets')",1
"('Fellowes PB200 Plastic Comb Binding Machine', 'Safco Industrial Wire Shelving')",1
"('Motorola Droid Maxx', 'Peel & Stick Add-On Corner Pockets')",1
"('Motorola Droid Maxx', 'Safco Industrial Wire Shelving')",1
"('Peel & Stick Add-On Corner Pockets', 'Safco Industrial Wire Shelving')",1
"('Fellowes Bankers Box Stor/Drawer Steel Plus', 'Gould Plastics 18-Pocket Panel Bin, 34w x 5-1/4d x 20-1/2h')",1
"('Avery Trapezoid Extra Heavy Duty 4"" Binders', 'Wilson Jones 1"" Hanging DublLock Ring Binders')",1
"('#10- 4 1/8"" x 9 1/2"" Recycled Envelopes', 'Avery Trapezoid Ring Binder, 3"" Capacity, Black, 1040 sheets')",1
"('Avery Heavy-Duty EZD  Binder With Locking Rings', 'GBC Durable Plastic Covers')",1
"('Avery Heavy-Duty EZD  Binder With Locking Rings', 'Novimex Fabric Task Chair')",1
"('Avery Heavy-Duty EZD  Binder With Locking Rings', 'Tripp Lite TLP810NET Broadband Surge for Modem/Fax')",1
"('Avery Heavy-Duty EZD  Binder With Locking Rings', 'Xerox 1925')",1
"('GBC Durable Plastic Covers', 'Novimex Fabric Task Chair')",1
"('GBC Durable Plastic Covers', 'Tripp Lite TLP810NET Broadband Surge for Modem/Fax')",1
"('GBC Durable Plastic Covers', 'Xerox 1925')",1
"('Novimex Fabric Task Chair', 'Tripp Lite TLP810NET Broadband Surge for Modem/Fax')",1
"('Novimex Fabric Task Chair', 'Xerox 1925')",1
"('Tripp Lite TLP810NET Broadband Surge for Modem/Fax', 'Xerox 1925')",1
"('Acme Kleencut Forged Steel Scissors', 'GBC DocuBind P50 Personal Binding Machine')",1
"('Acco Pressboard Covers with Storage Hooks, 9 1/2"" x 11"", Executive Red', 'Belkin 6 Outlet Metallic Surge Strip')",1
"('Acco Pressboard Covers with Storage Hooks, 9 1/2"" x 11"", Executive Red', 'EcoTones Memo Sheets')",1
"('Acco Pressboard Covers with Storage Hooks, 9 1/2"" x 11"", Executive Red', 'GBC Twin Loop Wire Binding Elements, 9/16"" Spine, Black')",1
"('Acco Pressboard Covers with Storage Hooks, 9 1/2"" x 11"", Executive Red', 'Xerox 1957')",1
"('Belkin 6 Outlet Metallic Surge Strip', 'EcoTones Memo Sheets')",1
"('Belkin 6 Outlet Metallic Surge Strip', 'GBC Twin Loop Wire Binding Elements, 9/16"" Spine, Black')",1
"('Belkin 6 Outlet Metallic Surge Strip', 'Xerox 1957')",1
"('EcoTones Memo Sheets', 'GBC Twin Loop Wire Binding Elements, 9/16"" Spine, Black')",1
"('EcoTones Memo Sheets', 'Xerox 1957')",1
"('GBC Twin Loop Wire Binding Elements, 9/16"" Spine, Black', 'Xerox 1957')",1
"('3M Hangers With Command Adhesive', 'Adtran 1202752G1')",1
"(""Global Value Mid-Back Manager's Chair, Gray"", 'Letter Size Cart')",1
"('Poly String Tie Envelopes', 'RCA Visys Integrated PBX 8-Line Router')",1
"('DAX Metal Frame, Desktop, Stepped-Edge', 'Vinyl Sectional Post Binders')",1
"('Acme Rosewood Handle Letter Opener', 'Padded Folding Chairs, Black, 4/Carton')",1
"('Atlantic Metals Mobile 4-Shelf Bookcases, Custom Colors', 'Dixon My First Ticonderoga Pencil, #2')",1
"('G.E. Longer-Life Indoor Recessed Floodlight Bulbs', 'Memorex Froggy Flash Drive 8 GB')",1
"('G.E. Longer-Life Indoor Recessed Floodlight Bulbs', 'Tops Wirebound Message Log Books')",1
"('G.E. Longer-Life Indoor Recessed Floodlight Bulbs', 'Xerox 1880')",1
"('Memorex Froggy Flash Drive 8 GB', 'Tops Wirebound Message Log Books')",1
"('Memorex Froggy Flash Drive 8 GB', 'Xerox 1880')",1
"('Tops Wirebound Message Log Books', 'Xerox 1880')",1
"('Dixon Ticonderoga Core-Lock Colored Pencils', 'HP Standard 104 key PS/2 Keyboard')",1
"('Dixon Ticonderoga Core-Lock Colored Pencils', 'Newell 317')",1
"('HP Standard 104 key PS/2 Keyboard', 'Newell 317')",1
"('Logitech G600 MMO Gaming Mouse', 'TOPS Carbonless Receipt Book, Four 2-3/4 x 7-1/4 Money Receipts per Page')",1
"('Bretford CR4500 Series Slim Rectangular Table', ""Eldon Fold 'N Roll Cart System"")",1
"('Black & Decker Filter for Double Action Dustbuster Cordless Vac BLDV7210', 'ShoreTel ShorePhone IP 230 VoIP phone')",1
"('Cardinal EasyOpen D-Ring Binders', 'Fellowes Superior 10 Outlet Split Surge Protector')",1
"('Avery Framed View Binder, EZD Ring (Locking), Navy, 1 1/2""', 'Executive Impressions 13"" Chairman Wall Clock')",1
"('Logitech 910-002974 M325 Wireless Mouse for Web Scrolling', 'Security-Tint Envelopes')",1
"('Logitech 910-002974 M325 Wireless Mouse for Web Scrolling', 'Xerox 1937')",1
"('Logitech 910-002974 M325 Wireless Mouse for Web Scrolling', 'Xerox 1991')",1
"('Security-Tint Envelopes', 'Xerox 1937')",1
"('Security-Tint Envelopes', 'Xerox 1991')",1
"('Xerox 1937', 'Xerox 1991')",1
"('Avery 483', 'Tennsco 6- and 18-Compartment Lockers')",1
"('Avery 483', 'Xerox 20')",1
"('Tennsco 6- and 18-Compartment Lockers', 'Xerox 20')",1
"('DAX Two-Tone Rosewood/Black Document Frame, Desktop, 5 x 7', 'Eldon 200 Class Desk Accessories, Burgundy')",1
"('DAX Two-Tone Rosewood/Black Document Frame, Desktop, 5 x 7', 'Eldon Imàge Series Desk Accessories, Clear')",1
"('DAX Two-Tone Rosewood/Black Document Frame, Desktop, 5 x 7', 'Weyerhaeuser First Choice Laser/Copy Paper (20Lb. and 88 Bright)')",1
"('DAX Two-Tone Rosewood/Black Document Frame, Desktop, 5 x 7', 'iKross Bluetooth Portable Keyboard + Cell Phone Stand Holder + Brush for Apple iPhone 5S 5C 5, 4S 4')",1
"('Eldon 200 Class Desk Accessories, Burgundy', 'Eldon Imàge Series Desk Accessories, Clear')",1
"('Eldon 200 Class Desk Accessories, Burgundy', 'Weyerhaeuser First Choice Laser/Copy Paper (20Lb. and 88 Bright)')",1
"('Eldon 200 Class Desk Accessories, Burgundy', 'iKross Bluetooth Portable Keyboard + Cell Phone Stand Holder + Brush for Apple iPhone 5S 5C 5, 4S 4')",1
"('Eldon Imàge Series Desk Accessories, Clear', 'Weyerhaeuser First Choice Laser/Copy Paper (20Lb. and 88 Bright)')",1
"('Eldon Imàge Series Desk Accessories, Clear', 'iKross Bluetooth Portable Keyboard + Cell Phone Stand Holder + Brush for Apple iPhone 5S 5C 5, 4S 4')",1
"('Weyerhaeuser First Choice Laser/Copy Paper (20Lb. and 88 Bright)', 'iKross Bluetooth Portable Keyboard + Cell Phone Stand Holder + Brush for Apple iPhone 5S 5C 5, 4S 4')",1
"('Acme Hot Forged Carbon Steel Scissors with Nickel-Plated Handles, 3 7/8"" Cut, 8""L', 'Logitech\xa0P710e Mobile Speakerphone')",1
"('Disposable Triple-Filter Dust Bags', 'Dual Level, Single-Width Filing Carts')",1
"('GBC Twin Loop Wire Binding Elements', 'Things To Do Today Pad')",1
"('Avery Reinforcements for Hole-Punch Pages', 'Staples')",1
"('Holmes Replacement Filter for HEPA Air Cleaner, Very Large Room, HEPA Filter', 'Storex DuraTech Recycled Plastic Frosted Binders')",1
"(""3M Replacement Filter for Office Air Cleaner for 20' x 33' Room"", 'Aastra 57i VoIP phone')",1
"(""3M Replacement Filter for Office Air Cleaner for 20' x 33' Room"", 'Flat Face Poster Frame')",1
"('Aastra 57i VoIP phone', 'Flat Face Poster Frame')",1
"('APC 7 Outlet Network SurgeArrest Surge Protector', 'Anker Ultra-Slim Mini Bluetooth 3.0 Wireless Keyboard')",1
"('APC 7 Outlet Network SurgeArrest Surge Protector', 'Kingston Digital DataTraveler 16GB USB 2.0')",1
"('Anker Ultra-Slim Mini Bluetooth 3.0 Wireless Keyboard', 'Kingston Digital DataTraveler 16GB USB 2.0')",1
"('Atlantic Metals Mobile 3-Shelf Bookcases, Custom Colors', 'Avery Durable Binders')",1
"('Atlantic Metals Mobile 3-Shelf Bookcases, Custom Colors', ""O'Sullivan Cherrywood Estates Traditional Barrister Bookcase"")",1
"('Atlantic Metals Mobile 3-Shelf Bookcases, Custom Colors', 'Pyle PMP37LED')",1
"('Avery Durable Binders', ""O'Sullivan Cherrywood Estates Traditional Barrister Bookcase"")",1
"('Avery Durable Binders', 'Pyle PMP37LED')",1
"(""O'Sullivan Cherrywood Estates Traditional Barrister Bookcase"", 'Pyle PMP37LED')",1
"('Apple iPhone 5C', 'Logitech G600 MMO Gaming Mouse')",1
"('Apple iPhone 5C', 'Sauder Facets Collection Library, Sky Alder Finish')",1
"('Logitech G600 MMO Gaming Mouse', 'Sauder Facets Collection Library, Sky Alder Finish')",1
"('C-Line Cubicle Keepers Polyproplyene Holder w/Velcro Back, 8-1/2x11, 25/Bx', 'Xerox 1986')",1
"('Boston Electric Pencil Sharpener, Model 1818, Charcoal Black', 'DAX Clear Channel Poster Frame')",1
"('Boston Electric Pencil Sharpener, Model 1818, Charcoal Black', 'Kingston Digital DataTraveler 16GB USB 2.0')",1
"('Boston Electric Pencil Sharpener, Model 1818, Charcoal Black', 'SlimView Poly Binder, 3/8""')",1
"('Boston Electric Pencil Sharpener, Model 1818, Charcoal Black', 'Xerox 222')",1
"('DAX Clear Channel Poster Frame', 'Kingston Digital DataTraveler 16GB USB 2.0')",1
"('DAX Clear Channel Poster Frame', 'SlimView Poly Binder, 3/8""')",1
"('DAX Clear Channel Poster Frame', 'Xerox 222')",1
"('Kingston Digital DataTraveler 16GB USB 2.0', 'SlimView Poly Binder, 3/8""')",1
"('Kingston Digital DataTraveler 16GB USB 2.0', 'Xerox 222')",1
"('SlimView Poly Binder, 3/8""', 'Xerox 222')",1
"('Tenex V2T-RE Standard Weight Series Chair Mat, 45"" x 53"", Lip 25"" x 12""', 'Wilson Jones Hanging View Binder, White, 1""')",1
"('Bevis 36 x 72 Conference Tables', 'Enermax Acrylux Wireless Keyboard')",1
"('Avery Durable Plastic 1"" Binders', 'Avery Durable Slant Ring Binders With Label Holder')",1
"('Avery Durable Plastic 1"" Binders', 'Cisco IP Phone 7961G-GE VoIP phone')",1
"('Avery Durable Plastic 1"" Binders', 'SanDisk Ultra 16 GB MicroSDHC Class 10 Memory Card')",1
"('Avery Durable Plastic 1"" Binders', 'Tenex 46"" x 60"" Computer Anti-Static Chairmat, Rectangular Shaped')",1
"('Avery Durable Plastic 1"" Binders', 'Xerox 199')",1
"('Avery Durable Plastic 1"" Binders', 'Xerox 227')",1
"('Avery Durable Slant Ring Binders With Label Holder', 'Cisco IP Phone 7961G-GE VoIP phone')",1
"('Avery Durable Slant Ring Binders With Label Holder', 'SanDisk Ultra 16 GB MicroSDHC Class 10 Memory Card')",1
"('Avery Durable Slant Ring Binders With Label Holder', 'Tenex 46"" x 60"" Computer Anti-Static Chairmat, Rectangular Shaped')",1
"('Avery Durable Slant Ring Binders With Label Holder', 'Xerox 199')",1
"('Avery Durable Slant Ring Binders With Label Holder', 'Xerox 227')",1
"('Cisco IP Phone 7961G-GE VoIP phone', 'SanDisk Ultra 16 GB MicroSDHC Class 10 Memory Card')",1
"('Cisco IP Phone 7961G-GE VoIP phone', 'Tenex 46"" x 60"" Computer Anti-Static Chairmat, Rectangular Shaped')",1
"('Cisco IP Phone 7961G-GE VoIP phone', 'Xerox 199')",1
"('Cisco IP Phone 7961G-GE VoIP phone', 'Xerox 227')",1
"('SanDisk Ultra 16 GB MicroSDHC Class 10 Memory Card', 'Tenex 46"" x 60"" Computer Anti-Static Chairmat, Rectangular Shaped')",1
"('SanDisk Ultra 16 GB MicroSDHC Class 10 Memory Card', 'Xerox 199')",1
"('SanDisk Ultra 16 GB MicroSDHC Class 10 Memory Card', 'Xerox 227')",1
"('Tenex 46"" x 60"" Computer Anti-Static Chairmat, Rectangular Shaped', 'Xerox 199')",1
"('Tenex 46"" x 60"" Computer Anti-Static Chairmat, Rectangular Shaped', 'Xerox 227')",1
"('Xerox 199', 'Xerox 227')",1
"('ARKON Windshield Dashboard Air Vent Car Mount Holder', 'Avery 485')",1
"('ARKON Windshield Dashboard Air Vent Car Mount Holder', 'ClearSounds CSC500 Amplified Spirit Phone Corded phone')",1
"('ARKON Windshield Dashboard Air Vent Car Mount Holder', 'DMI Eclipse Executive Suite Bookcases')",1
"('ARKON Windshield Dashboard Air Vent Car Mount Holder', 'Eaton Premium Continuous-Feed Paper, 25% Cotton, Letter Size, White, 1000 Shts/Box')",1
"('ARKON Windshield Dashboard Air Vent Car Mount Holder', 'Eldon Mobile Mega Data Cart  Mega Stackable  Add-On Trays')",1
"('ARKON Windshield Dashboard Air Vent Car Mount Holder', 'Office Star Flex Back Scooter Chair with White Frame')",1
"('ARKON Windshield Dashboard Air Vent Car Mount Holder', 'Plantronics CS510 - Over-the-Head monaural Wireless Headset System')",1
"('ARKON Windshield Dashboard Air Vent Car Mount Holder', 'Riverside Palais Royal Lawyers Bookcase, Royale Cherry Finish')",1
"('ARKON Windshield Dashboard Air Vent Car Mount Holder', 'Woodgrain Magazine Files by Perma')",1
"('Avery 485', 'ClearSounds CSC500 Amplified Spirit Phone Corded phone')",1
"('Avery 485', 'Eaton Premium Continuous-Feed Paper, 25% Cotton, Letter Size, White, 1000 Shts/Box')",1
"('Avery 485', 'Eldon Mobile Mega Data Cart  Mega Stackable  Add-On Trays')",1
"('Avery 485', 'Office Star Flex Back Scooter Chair with White Frame')",1
"('Avery 485', 'Plantronics CS510 - Over-the-Head monaural Wireless Headset System')",1
"('Avery 485', 'Riverside Palais Royal Lawyers Bookcase, Royale Cherry Finish')",1
"('Avery 485', 'Woodgrain Magazine Files by Perma')",1
"('ClearSounds CSC500 Amplified Spirit Phone Corded phone', 'DMI Eclipse Executive Suite Bookcases')",1
"('ClearSounds CSC500 Amplified Spirit Phone Corded phone', 'Eaton Premium Continuous-Feed Paper, 25% Cotton, Letter Size, White, 1000 Shts/Box')",1
"('ClearSounds CSC500 Amplified Spirit Phone Corded phone', 'Eldon Mobile Mega Data Cart  Mega Stackable  Add-On Trays')",1
"('ClearSounds CSC500 Amplified Spirit Phone Corded phone', 'Office Star Flex Back Scooter Chair with White Frame')",1
"('ClearSounds CSC500 Amplified Spirit Phone Corded phone', 'Plantronics CS510 - Over-the-Head monaural Wireless Headset System')",1
"('ClearSounds CSC500 Amplified Spirit Phone Corded phone', 'Riverside Palais Royal Lawyers Bookcase, Royale Cherry Finish')",1
"('ClearSounds CSC500 Amplified Spirit Phone Corded phone', 'Woodgrain Magazine Files by Perma')",1
"('DMI Eclipse Executive Suite Bookcases', 'Eaton Premium Continuous-Feed Paper, 25% Cotton, Letter Size, White, 1000 Shts/Box')",1
"('DMI Eclipse Executive Suite Bookcases', 'Eldon Mobile Mega Data Cart  Mega Stackable  Add-On Trays')",1
"('DMI Eclipse Executive Suite Bookcases', 'Office Star Flex Back Scooter Chair with White Frame')",1
"('DMI Eclipse Executive Suite Bookcases', 'Plantronics CS510 - Over-the-Head monaural Wireless Headset System')",1
"('DMI Eclipse Executive Suite Bookcases', 'Riverside Palais Royal Lawyers Bookcase, Royale Cherry Finish')",1
"('DMI Eclipse Executive Suite Bookcases', 'Woodgrain Magazine Files by Perma')",1
"('Eaton Premium Continuous-Feed Paper, 25% Cotton, Letter Size, White, 1000 Shts/Box', 'Eldon Mobile Mega Data Cart  Mega Stackable  Add-On Trays')",1
"('Eaton Premium Continuous-Feed Paper, 25% Cotton, Letter Size, White, 1000 Shts/Box', 'Office Star Flex Back Scooter Chair with White Frame')",1
"('Eaton Premium Continuous-Feed Paper, 25% Cotton, Letter Size, White, 1000 Shts/Box', 'Plantronics CS510 - Over-the-Head monaural Wireless Headset System')",1
"('Eaton Premium Continuous-Feed Paper, 25% Cotton, Letter Size, White, 1000 Shts/Box', 'Riverside Palais Royal Lawyers Bookcase, Royale Cherry Finish')",1
"('Eaton Premium Continuous-Feed Paper, 25% Cotton, Letter Size, White, 1000 Shts/Box', 'Woodgrain Magazine Files by Perma')",1
"('Eldon Mobile Mega Data Cart  Mega Stackable  Add-On Trays', 'Office Star Flex Back Scooter Chair with White Frame')",1
"('Eldon Mobile Mega Data Cart  Mega Stackable  Add-On Trays', 'Plantronics CS510 - Over-the-Head monaural Wireless Headset System')",1
"('Eldon Mobile Mega Data Cart  Mega Stackable  Add-On Trays', 'Riverside Palais Royal Lawyers Bookcase, Royale Cherry Finish')",1
"('Eldon Mobile Mega Data Cart  Mega Stackable  Add-On Trays', 'Woodgrain Magazine Files by Perma')",1
"('Office Star Flex Back Scooter Chair with White Frame', 'Plantronics CS510 - Over-the-Head monaural Wireless Headset System')",1
"('Office Star Flex Back Scooter Chair with White Frame', 'Riverside Palais Royal Lawyers Bookcase, Royale Cherry Finish')",1
"('Office Star Flex Back Scooter Chair with White Frame', 'Woodgrain Magazine Files by Perma')",1
"('Plantronics CS510 - Over-the-Head monaural Wireless Headset System', 'Riverside Palais Royal Lawyers Bookcase, Royale Cherry Finish')",1
"('Plantronics CS510 - Over-the-Head monaural Wireless Headset System', 'Woodgrain Magazine Files by Perma')",1
"('Riverside Palais Royal Lawyers Bookcase, Royale Cherry Finish', 'Woodgrain Magazine Files by Perma')",1
"('Logitech\xa0VX Revolution Cordless Laser Mouse for Notebooks (Black)', 'Seth Thomas 14"" Day/Date Wall Clock')",1
"('Logitech\xa0VX Revolution Cordless Laser Mouse for Notebooks (Black)', 'Xerox 1903')",1
"('Logitech\xa0VX Revolution Cordless Laser Mouse for Notebooks (Black)', 'Xerox 219')",1
"('Seth Thomas 14"" Day/Date Wall Clock', 'Xerox 1903')",1
"('Seth Thomas 14"" Day/Date Wall Clock', 'Xerox 219')",1
"('Xerox 1903', 'Xerox 219')",1
"('Avery 488', 'Newell 346')",1
"('Avery 488', 'Samsung Galaxy S4 Mini')",1
"('Avery 488', 'Xerox 1891')",1
"('Newell 346', 'Samsung Galaxy S4 Mini')",1
"('Newell 346', 'Xerox 1891')",1
"('Samsung Galaxy S4 Mini', 'Xerox 1891')",1
"('Canon PC1060 Personal Laser Copier', 'Eldon Regeneration Recycled Desk Accessories, Black')",1
"('Acco Data Flex Cable Posts For Top & Bottom Load Binders, 6"" Capacity', 'Eldon Econocleat Chair Mats for Low Pile Carpets')",1
"('Acco Data Flex Cable Posts For Top & Bottom Load Binders, 6"" Capacity', 'Flat Face Poster Frame')",1
"('Acco Data Flex Cable Posts For Top & Bottom Load Binders, 6"" Capacity', 'Global Comet Stacking Armless Chair')",1
"('Acco Data Flex Cable Posts For Top & Bottom Load Binders, 6"" Capacity', 'Tensor Computer Mounted Lamp')",1
"('Acco Data Flex Cable Posts For Top & Bottom Load Binders, 6"" Capacity', 'Xerox 1915')",1
"('Eldon Econocleat Chair Mats for Low Pile Carpets', 'Flat Face Poster Frame')",1
"('Eldon Econocleat Chair Mats for Low Pile Carpets', 'Global Comet Stacking Armless Chair')",1
"('Eldon Econocleat Chair Mats for Low Pile Carpets', 'Tensor Computer Mounted Lamp')",1
"('Eldon Econocleat Chair Mats for Low Pile Carpets', 'Xerox 1915')",1
"('Flat Face Poster Frame', 'Global Comet Stacking Armless Chair')",1
"('Flat Face Poster Frame', 'Tensor Computer Mounted Lamp')",1
"('Flat Face Poster Frame', 'Xerox 1915')",1
"('Global Comet Stacking Armless Chair', 'Tensor Computer Mounted Lamp')",1
"('Global Comet Stacking Armless Chair', 'Xerox 1915')",1
"('Tensor Computer Mounted Lamp', 'Xerox 1915')",1
"('Howard Miller 11-1/2"" Diameter Ridgewood Wall Clock', 'Newell 35')",1
"('Howard Miller 11-1/2"" Diameter Ridgewood Wall Clock', 'Tennsco Double-Tier Lockers')",1
"('Newell 35', 'Tennsco Double-Tier Lockers')",1
"('Advantus Push Pins, Aluminum Head', 'Sanford Colorific Colored Pencils, 12/Box')",1
"('Advantus Push Pins, Aluminum Head', 'Wirebound Message Books, Four 2 3/4 x 5 Forms per Page, 200 Sets per Book')",1
"('Sanford Colorific Colored Pencils, 12/Box', 'Wirebound Message Books, Four 2 3/4 x 5 Forms per Page, 200 Sets per Book')",1
"('GBC DocuBind P100 Manual Binding Machine', 'SAFCO Commercial Wire Shelving, Black')",1
"('GBC DocuBind P100 Manual Binding Machine', 'Sabrent 4-Port USB 2.0 Hub')",1
"('GBC DocuBind P100 Manual Binding Machine', 'Xerox 1979')",1
"('SAFCO Commercial Wire Shelving, Black', 'Sabrent 4-Port USB 2.0 Hub')",1
"('SAFCO Commercial Wire Shelving, Black', 'Staples')",1
"('SAFCO Commercial Wire Shelving, Black', 'Xerox 1979')",1
"('Sabrent 4-Port USB 2.0 Hub', 'Staples')",1
"('Sabrent 4-Port USB 2.0 Hub', 'Xerox 1979')",1
"('Staples', 'Xerox 1979')",1
"('Decoflex Hanging Personal Folder File, Blue', 'Tenex ""The Solids"" Textured Chair Mats')",1
"('Decoflex Hanging Personal Folder File, Blue', 'Ultra Door Push Plate')",1
"('Decoflex Hanging Personal Folder File, Blue', 'Xerox 21')",1
"('Tenex ""The Solids"" Textured Chair Mats', 'Ultra Door Push Plate')",1
"('Tenex ""The Solids"" Textured Chair Mats', 'Xerox 21')",1
"('Ultra Door Push Plate', 'Xerox 21')",1
"('Eldon Regeneration Recycled Desk Accessories, Black', 'Lexmark S315 Color Inkjet Printer')",1
"('Eldon Regeneration Recycled Desk Accessories, Black', 'OtterBox Commuter Series Case - iPhone 5 & 5s')",1
"('Eldon Regeneration Recycled Desk Accessories, Black', 'Sharp 1540cs Digital Laser Copier')",1
"('Lexmark S315 Color Inkjet Printer', 'OtterBox Commuter Series Case - iPhone 5 & 5s')",1
"('Lexmark S315 Color Inkjet Printer', 'Sharp 1540cs Digital Laser Copier')",1
"('OtterBox Commuter Series Case - iPhone 5 & 5s', 'Sharp 1540cs Digital Laser Copier')",1
"('Avery 491', 'Catalog Binders with Expanding Posts')",1
"('Avery 491', 'Polycom CX300 Desktop Phone USB VoIP phone')",1
"('Avery 491', 'iKross Bluetooth Portable Keyboard + Cell Phone Stand Holder + Brush for Apple iPhone 5S 5C 5, 4S 4')",1
"('Catalog Binders with Expanding Posts', 'Polycom CX300 Desktop Phone USB VoIP phone')",1
"('Catalog Binders with Expanding Posts', 'iKross Bluetooth Portable Keyboard + Cell Phone Stand Holder + Brush for Apple iPhone 5S 5C 5, 4S 4')",1
"('Polycom CX300 Desktop Phone USB VoIP phone', 'iKross Bluetooth Portable Keyboard + Cell Phone Stand Holder + Brush for Apple iPhone 5S 5C 5, 4S 4')",1
"(""High-Back Leather Manager's Chair"", 'Safco Industrial Wire Shelving System')",1
"(""High-Back Leather Manager's Chair"", 'Tenex Traditional Chairmats for Medium Pile Carpet, Standard Lip, 36"" x 48""')",1
"('Safco Industrial Wire Shelving System', 'Tenex Traditional Chairmats for Medium Pile Carpet, Standard Lip, 36"" x 48""')",1
"('Bretford Rectangular Conference Table Tops', 'Logitech diNovo Edge Keyboard')",1
"('Bretford Rectangular Conference Table Tops', 'Xerox 1903')",1
"('Logitech diNovo Edge Keyboard', 'Xerox 1903')",1
"('Acme Titanium Bonded Scissors', 'Insertable Tab Post Binder Dividers')",1
"('Tenex B1-RE Series Chair Mats for Low Pile Carpets', 'Tuf-Vin Binders')",1
"('Canon PC-428 Personal Copier', 'Staples')",1
"('Computer Printout Paper with Letter-Trim Perforations', 'Globe Weis Peel & Seel First Class Envelopes')",1
"('Computer Printout Paper with Letter-Trim Perforations', 'NETGEAR N750 Dual Band Wi-Fi Gigabit Router')",1
"('Globe Weis Peel & Seel First Class Envelopes', 'NETGEAR N750 Dual Band Wi-Fi Gigabit Router')",1
"('Astroparche Fine Business Paper', 'Cisco 8x8 Inc. 6753i IP Business Phone System')",1
"('Astroparche Fine Business Paper', 'Global Ergonomic Managers Chair')",1
"('Astroparche Fine Business Paper', 'Manco Dry-Lighter Erasable Highlighter')",1
"('Astroparche Fine Business Paper', 'Recycled Desk Saver Line ""While You Were Out"" Book, 5 1/2"" X 4""')",1
"('Cisco 8x8 Inc. 6753i IP Business Phone System', 'Global Ergonomic Managers Chair')",1
"('Cisco 8x8 Inc. 6753i IP Business Phone System', 'Manco Dry-Lighter Erasable Highlighter')",1
"('Cisco 8x8 Inc. 6753i IP Business Phone System', 'Recycled Desk Saver Line ""While You Were Out"" Book, 5 1/2"" X 4""')",1
"('Global Ergonomic Managers Chair', 'Manco Dry-Lighter Erasable Highlighter')",1
"('Global Ergonomic Managers Chair', 'Recycled Desk Saver Line ""While You Were Out"" Book, 5 1/2"" X 4""')",1
"('Manco Dry-Lighter Erasable Highlighter', 'Recycled Desk Saver Line ""While You Were Out"" Book, 5 1/2"" X 4""')",1
"('GBC Plastic Binding Combs', 'Global Value Steno Chair, Gray')",1
"('GBC Plastic Binding Combs', 'Harbour Creations 67200 Series Stacking Chairs')",1
"('GBC Plastic Binding Combs', 'Tenex Carpeted, Granite-Look or Clear Contemporary Contour Shape Chair Mats')",1
"('Global Value Steno Chair, Gray', 'Harbour Creations 67200 Series Stacking Chairs')",1
"('Global Value Steno Chair, Gray', 'Hon Valutask Swivel Chairs')",1
"('Global Value Steno Chair, Gray', 'Tenex Carpeted, Granite-Look or Clear Contemporary Contour Shape Chair Mats')",1
"('Harbour Creations 67200 Series Stacking Chairs', 'Hon Valutask Swivel Chairs')",1
"('Harbour Creations 67200 Series Stacking Chairs', 'Tenex Carpeted, Granite-Look or Clear Contemporary Contour Shape Chair Mats')",1
"('Hon Valutask Swivel Chairs', 'Tenex Carpeted, Granite-Look or Clear Contemporary Contour Shape Chair Mats')",1
"('Eldon Gobal File Keepers', 'Martin Yale Chadless Opener Electric Letter Opener')",1
"('Eldon Gobal File Keepers', 'White Business Envelopes with Contemporary Seam, Recycled White Business Envelopes')",1
"('Martin Yale Chadless Opener Electric Letter Opener', 'White Business Envelopes with Contemporary Seam, Recycled White Business Envelopes')",1
"('Dana Halogen Swing-Arm Architect Lamp', ""Global Deluxe High-Back Manager's Chair"")",1
"('Fellowes Advanced Computer Series Surge Protectors', 'Global Deluxe Stacking Chair, Gray')",1
"('Executive Impressions 10"" Spectator Wall Clock', 'Wirebound Message Books, Two 4 1/4"" x 5"" Forms per Page')",1
"('9-3/4 Diameter Round Wall Clock', 'SanDisk Ultra 32 GB MicroSDHC Class 10 Memory Card')",1
"('Global Low Back Tilter Chair', ""Global Push Button Manager's Chair, Indigo"")",1
"('Avery Durable Slant Ring Binders, No Labels', 'Office Star - Ergonomically Designed Knee Chair')",1
"('Euro-Pro Shark Turbo Vacuum', ""O'Sullivan 2-Door Barrister Bookcase in Odessa Pine"")",1
"('Euro-Pro Shark Turbo Vacuum', 'Xerox 1960')",1
"(""O'Sullivan 2-Door Barrister Bookcase in Odessa Pine"", 'Xerox 1960')",1
"('Acco Hanging Data Binders', 'Belkin F8E887 USB Wired Ergonomic Keyboard')",1
"('Acco Hanging Data Binders', 'GBC Standard Therm-A-Bind Covers')",1
"('Acco Hanging Data Binders', 'Google Nexus 5')",1
"('Belkin F8E887 USB Wired Ergonomic Keyboard', 'GBC Standard Therm-A-Bind Covers')",1
"('Belkin F8E887 USB Wired Ergonomic Keyboard', 'Google Nexus 5')",1
"('Belkin F8E887 USB Wired Ergonomic Keyboard', 'Newell 315')",1
"('AmazonBasics 3-Button USB Wired Mouse', 'Plastic Stacking Crates & Casters')",1
"('GBC Standard Therm-A-Bind Covers', 'Newell 315')",1
"('Google Nexus 5', 'Newell 315')",1
"('Decoflex Hanging Personal Folder File, Blue', 'GBC Pre-Punched Binding Paper, Plastic, White, 8-1/2"" x 11""')",1
"('Acco Pressboard Covers with Storage Hooks, 14 7/8"" x 11"", Executive Red', 'Avery Recycled Flexi-View Covers for Binding Systems')",1
"('Acco Pressboard Covers with Storage Hooks, 14 7/8"" x 11"", Executive Red', 'BOSTON Model 1800 Electric Pencil Sharpeners, Putty/Woodgrain')",1
"('Acco Pressboard Covers with Storage Hooks, 14 7/8"" x 11"", Executive Red', 'Howard Miller 13-3/4"" Diameter Brushed Chrome Round Wall Clock')",1
"('Acco Pressboard Covers with Storage Hooks, 14 7/8"" x 11"", Executive Red', 'Lumber Crayons')",1
"('Acco Pressboard Covers with Storage Hooks, 14 7/8"" x 11"", Executive Red', 'Poly String Tie Envelopes')",1
"('Acco Pressboard Covers with Storage Hooks, 14 7/8"" x 11"", Executive Red', 'Riverside Palais Royal Lawyers Bookcase, Royale Cherry Finish')",1
"('Avery Recycled Flexi-View Covers for Binding Systems', 'BOSTON Model 1800 Electric Pencil Sharpeners, Putty/Woodgrain')",1
"('Avery Recycled Flexi-View Covers for Binding Systems', 'Howard Miller 13-3/4"" Diameter Brushed Chrome Round Wall Clock')",1
"('Avery Recycled Flexi-View Covers for Binding Systems', 'Poly String Tie Envelopes')",1
"('Avery Recycled Flexi-View Covers for Binding Systems', 'Riverside Palais Royal Lawyers Bookcase, Royale Cherry Finish')",1
"('BOSTON Model 1800 Electric Pencil Sharpeners, Putty/Woodgrain', 'Howard Miller 13-3/4"" Diameter Brushed Chrome Round Wall Clock')",1
"('BOSTON Model 1800 Electric Pencil Sharpeners, Putty/Woodgrain', 'Lumber Crayons')",1
"('BOSTON Model 1800 Electric Pencil Sharpeners, Putty/Woodgrain', 'Poly String Tie Envelopes')",1
"('BOSTON Model 1800 Electric Pencil Sharpeners, Putty/Woodgrain', 'Riverside Palais Royal Lawyers Bookcase, Royale Cherry Finish')",1
"('Howard Miller 13-3/4"" Diameter Brushed Chrome Round Wall Clock', 'Lumber Crayons')",1
"('Howard Miller 13-3/4"" Diameter Brushed Chrome Round Wall Clock', 'Poly String Tie Envelopes')",1
"('Howard Miller 13-3/4"" Diameter Brushed Chrome Round Wall Clock', 'Riverside Palais Royal Lawyers Bookcase, Royale Cherry Finish')",1
"('Lumber Crayons', 'Poly String Tie Envelopes')",1
"('Lumber Crayons', 'Riverside Palais Royal Lawyers Bookcase, Royale Cherry Finish')",1
"('Poly String Tie Envelopes', 'Riverside Palais Royal Lawyers Bookcase, Royale Cherry Finish')",1
"('GBC DocuBind P50 Personal Binding Machine', 'SANFORD Major Accent Highlighters')",1
"('Eldon Antistatic Chair Mats for Low to Medium Pile Carpets', 'Howard Miller 12"" Round Wall Clock')",1
"('Eldon Antistatic Chair Mats for Low to Medium Pile Carpets', 'Important Message Pads, 50 4-1/4 x 5-1/2 Forms per Pad')",1
"('Howard Miller 12"" Round Wall Clock', 'Important Message Pads, 50 4-1/4 x 5-1/2 Forms per Pad')",1
"('Fellowes PB300 Plastic Comb Binding Machine', 'Fellowes Premier Superior Surge Suppressor, 10-Outlet, With Phone and Remote')",1
"('AT&T 1080 Corded phone', 'Fellowes 8 Outlet Superior Workstation Surge Protector')",1
"('AT&T 1080 Corded phone', 'OtterBox Commuter Series Case - Samsung Galaxy S4')",1
"('Fellowes 8 Outlet Superior Workstation Surge Protector', 'OtterBox Commuter Series Case - Samsung Galaxy S4')",1
"('AT&T 841000 Phone', 'Newell 330')",1
"('Avery Trapezoid Ring Binder, 3"" Capacity, Black, 1040 sheets', 'Deflect-o DuraMat Lighweight, Studded, Beveled Mat for Low Pile Carpeting')",1
"('Avery Trapezoid Ring Binder, 3"" Capacity, Black, 1040 sheets', 'Logitech K350 2.4Ghz Wireless Keyboard')",1
"('Deflect-o DuraMat Lighweight, Studded, Beveled Mat for Low Pile Carpeting', 'Logitech K350 2.4Ghz Wireless Keyboard')",1
"('Acco D-Ring Binder w/DublLock', 'Imation\xa08gb Micro Traveldrive Usb 2.0\xa0Flash Drive')",1
"('Acco D-Ring Binder w/DublLock', 'Microsoft Natural Ergonomic Keyboard 4000')",1
"('Acco D-Ring Binder w/DublLock', 'Safco Value Mate Series Steel Bookcases, Baked Enamel Finish on Steel, Gray')",1
"('Imation\xa08gb Micro Traveldrive Usb 2.0\xa0Flash Drive', 'Microsoft Natural Ergonomic Keyboard 4000')",1
"('Imation\xa08gb Micro Traveldrive Usb 2.0\xa0Flash Drive', 'Safco Value Mate Series Steel Bookcases, Baked Enamel Finish on Steel, Gray')",1
"('Microsoft Natural Ergonomic Keyboard 4000', 'Safco Value Mate Series Steel Bookcases, Baked Enamel Finish on Steel, Gray')",1
"('Avery 508', 'Stackable Trays')",1
"('Avery 506', 'Belkin Standard 104 key USB Keyboard')",1
"('Avery 506', 'Fellowes Command Center 5-outlet power strip')",1
"('Belkin Standard 104 key USB Keyboard', 'Fellowes Command Center 5-outlet power strip')",1
"('Belkin 19"" Vented Equipment Shelf, Black', 'Eldon 100 Class Desk Accessories')",1
"('Belkin 19"" Vented Equipment Shelf, Black', 'Logitech Mobile Speakerphone P710e -\xa0speaker phone')",1
"('Belkin 19"" Vented Equipment Shelf, Black', 'Tenex Personal Project File with Scoop Front Design, Black')",1
"('Eldon 100 Class Desk Accessories', 'Logitech Mobile Speakerphone P710e -\xa0speaker phone')",1
"('Eldon 100 Class Desk Accessories', 'Tenex Personal Project File with Scoop Front Design, Black')",1
"('Logitech Mobile Speakerphone P710e -\xa0speaker phone', 'Tenex Personal Project File with Scoop Front Design, Black')",1
"('Acrylic Self-Standing Desk Frames', 'Logitech G602 Wireless Gaming Mouse')",1
"('Compact Automatic Electric Letter Opener', 'DAX Black Cherry Wood-Tone Poster Frame')",1
"('Compact Automatic Electric Letter Opener', 'Sharp AL-1530CS Digital Copier')",1
"('Compact Automatic Electric Letter Opener', 'Situations Contoured Folding Chairs, 4/Set')",1
"('Compact Automatic Electric Letter Opener', 'Xerox 204')",1
"('DAX Black Cherry Wood-Tone Poster Frame', 'Sharp AL-1530CS Digital Copier')",1
"('DAX Black Cherry Wood-Tone Poster Frame', 'Situations Contoured Folding Chairs, 4/Set')",1
"('DAX Black Cherry Wood-Tone Poster Frame', 'Xerox 204')",1
"('Sharp AL-1530CS Digital Copier', 'Situations Contoured Folding Chairs, 4/Set')",1
"('Sharp AL-1530CS Digital Copier', 'Xerox 204')",1
"('Situations Contoured Folding Chairs, 4/Set', 'Xerox 204')",1
"('Bose SoundLink Bluetooth Speaker', 'Round Ring Binders')",1
"('ClearOne CHATAttach 160 -\xa0speaker phone', 'Staples')",1
"('ClearOne CHATAttach 160 -\xa0speaker phone', 'Tenex B1-RE Series Chair Mats for Low Pile Carpets')",1
"('Staples', 'Tenex B1-RE Series Chair Mats for Low Pile Carpets')",1
"('Boston School Pro Electric Pencil Sharpener, 1670', 'GBC Plastic Binding Combs')",1
"('Boston School Pro Electric Pencil Sharpener, 1670', 'GBC Standard Recycled Report Covers, Clear Plastic Sheets')",1
"('Boston School Pro Electric Pencil Sharpener, 1670', 'Global Geo Office Task Chair, Gray')",1
"('Boston School Pro Electric Pencil Sharpener, 1670', 'Grandstream GXP2100 Mainstream Business Phone')",1
"('Boston School Pro Electric Pencil Sharpener, 1670', 'Lunatik TT5L-002 Taktik Strike Impact Protection System for iPhone 5')",1
"('Boston School Pro Electric Pencil Sharpener, 1670', 'Newell 348')",1
"('Boston School Pro Electric Pencil Sharpener, 1670', 'TRENDnet 56K USB 2.0 Phone, Internet and Fax Modem')",1
"('Boston School Pro Electric Pencil Sharpener, 1670', 'Xerox 1994')",1
"('GBC Plastic Binding Combs', 'GBC Standard Recycled Report Covers, Clear Plastic Sheets')",1
"('GBC Plastic Binding Combs', 'Global Geo Office Task Chair, Gray')",1
"('GBC Plastic Binding Combs', 'Grandstream GXP2100 Mainstream Business Phone')",1
"('GBC Plastic Binding Combs', 'Lunatik TT5L-002 Taktik Strike Impact Protection System for iPhone 5')",1
"('GBC Plastic Binding Combs', 'Newell 348')",1
"('GBC Plastic Binding Combs', 'TRENDnet 56K USB 2.0 Phone, Internet and Fax Modem')",1
"('GBC Plastic Binding Combs', 'Xerox 1994')",1
"('GBC Standard Recycled Report Covers, Clear Plastic Sheets', 'Global Geo Office Task Chair, Gray')",1
"('GBC Standard Recycled Report Covers, Clear Plastic Sheets', 'Grandstream GXP2100 Mainstream Business Phone')",1
"('GBC Standard Recycled Report Covers, Clear Plastic Sheets', 'Lunatik TT5L-002 Taktik Strike Impact Protection System for iPhone 5')",1
"('GBC Standard Recycled Report Covers, Clear Plastic Sheets', 'Newell 348')",1
"('GBC Standard Recycled Report Covers, Clear Plastic Sheets', 'TRENDnet 56K USB 2.0 Phone, Internet and Fax Modem')",1
"('GBC Standard Recycled Report Covers, Clear Plastic Sheets', 'Xerox 1994')",1
"('Global Geo Office Task Chair, Gray', 'Grandstream GXP2100 Mainstream Business Phone')",1
"('Global Geo Office Task Chair, Gray', 'Lunatik TT5L-002 Taktik Strike Impact Protection System for iPhone 5')",1
"('Global Geo Office Task Chair, Gray', 'Newell 348')",1
"('Global Geo Office Task Chair, Gray', 'TRENDnet 56K USB 2.0 Phone, Internet and Fax Modem')",1
"('Global Geo Office Task Chair, Gray', 'Xerox 1994')",1
"('Grandstream GXP2100 Mainstream Business Phone', 'Lunatik TT5L-002 Taktik Strike Impact Protection System for iPhone 5')",1
"('Grandstream GXP2100 Mainstream Business Phone', 'Newell 348')",1
"('Grandstream GXP2100 Mainstream Business Phone', 'TRENDnet 56K USB 2.0 Phone, Internet and Fax Modem')",1
"('Grandstream GXP2100 Mainstream Business Phone', 'Xerox 1994')",1
"('Lunatik TT5L-002 Taktik Strike Impact Protection System for iPhone 5', 'Newell 348')",1
"('Lunatik TT5L-002 Taktik Strike Impact Protection System for iPhone 5', 'TRENDnet 56K USB 2.0 Phone, Internet and Fax Modem')",1
"('Lunatik TT5L-002 Taktik Strike Impact Protection System for iPhone 5', 'Xerox 1994')",1
"('Newell 348', 'TRENDnet 56K USB 2.0 Phone, Internet and Fax Modem')",1
"('Newell 348', 'Xerox 1994')",1
"('TRENDnet 56K USB 2.0 Phone, Internet and Fax Modem', 'Xerox 1994')",1
"('Avery Poly Binder Pockets', 'Xerox 1928')",1
"('Fellowes PB500 Electric Punch Plastic Comb Binding Machine with Manual Bind', 'RCA Visys Integrated PBX 8-Line Router')",1
"('Iris Project Case', ""O'Sullivan Plantations 2-Door Library in Landvery Oak"")",1
"('Acco Four Pocket Poly Ring Binder with Label Holder, Smoke, 1""', 'Avery 4027 File Folder Labels for Dot Matrix Printers, 5000 Labels per Box, White')",1
"('Acco Four Pocket Poly Ring Binder with Label Holder, Smoke, 1""', 'Prestige Round Ring Binders')",1
"('Acco Four Pocket Poly Ring Binder with Label Holder, Smoke, 1""', 'Redi-Strip #10 Envelopes, 4 1/8 x 9 1/2')",1
"('Avery 4027 File Folder Labels for Dot Matrix Printers, 5000 Labels per Box, White', 'Prestige Round Ring Binders')",1
"('Avery 4027 File Folder Labels for Dot Matrix Printers, 5000 Labels per Box, White', 'Redi-Strip #10 Envelopes, 4 1/8 x 9 1/2')",1
"('Prestige Round Ring Binders', 'Redi-Strip #10 Envelopes, 4 1/8 x 9 1/2')",1
"('Avery Heavy-Duty EZD View Binder with Locking Rings', 'Global High-Back Leather Tilter, Burgundy')",1
"('Sauder Barrister Bookcases', 'Wilson Jones 14 Line Acrylic Coated Pressboard Data Binders')",1
"('Sauder Barrister Bookcases', 'Wilson Jones Custom Binder Spines & Labels')",1
"('Wilson Jones 14 Line Acrylic Coated Pressboard Data Binders', 'Wilson Jones Custom Binder Spines & Labels')",1
"('Kensington Orbit Wireless Mobile Trackball for PC and Mac', 'Petty Cash Envelope')",1
"('Apple iPhone 5C', 'Chromcraft Bull-Nose Wood Round Conference Table Top, Wood Base')",1
"('Apple iPhone 5C', 'Iceberg OfficeWorks 42"" Round Tables')",1
"('Chromcraft Bull-Nose Wood Round Conference Table Top, Wood Base', 'Iceberg OfficeWorks 42"" Round Tables')",1
"('Memorex 25GB 6X Branded Blu-Ray Recordable Disc, 15/Pack', 'Staples')",1
"('Memorex 25GB 6X Branded Blu-Ray Recordable Disc, 15/Pack', 'Xerox 201')",1
"('Staples', 'Xerox 201')",1
"('Hon Practical Foundations 30 x 60 Training Table, Light Gray/Charcoal', 'Logitech Media Keyboard K200')",1
"('Atlantic Metals Mobile 3-Shelf Bookcases, Custom Colors', 'Plastic Binding Combs')",1
"('Acme Value Line Scissors', 'GE 2-Jack Phone Line Splitter')",1
"('Acme Value Line Scissors', 'Mophie Juice Pack Helium for iPhone')",1
"('GE 2-Jack Phone Line Splitter', 'Mophie Juice Pack Helium for iPhone')",1
"('Executive Impressions 8-1/2"" Career Panel/Partition Cubicle Clock', 'Hon 5100 Series Wood Tables')",1
"('Avery Poly Binder Pockets', 'Global Adaptabilities Conference Tables')",1
"('Fellowes Bankers Box Stor/Drawer Steel Plus', 'Kensington 4 Outlet MasterPiece Compact Power Control Center')",1
"('Fellowes Bankers Box Stor/Drawer Steel Plus', 'Performers Binder/Pad Holder, Black')",1
"('Kensington 4 Outlet MasterPiece Compact Power Control Center', 'Performers Binder/Pad Holder, Black')",1
"('Alliance Big Bands Rubber Bands, 12/Pack', 'Avaya 5410 Digital phone')",1
"('Alliance Big Bands Rubber Bands, 12/Pack', 'Avery Durable Slant Ring Binders With Label Holder')",1
"('Alliance Big Bands Rubber Bands, 12/Pack', 'Blackstonian Pencils')",1
"('Alliance Big Bands Rubber Bands, 12/Pack', 'Cisco SPA301')",1
"('Alliance Big Bands Rubber Bands, 12/Pack', 'Ibico Recycled Linen-Style Covers')",1
"('Alliance Big Bands Rubber Bands, 12/Pack', 'Xerox 1977')",1
"('Avaya 5410 Digital phone', 'Avery Durable Slant Ring Binders With Label Holder')",1
"('Avaya 5410 Digital phone', 'Blackstonian Pencils')",1
"('Avaya 5410 Digital phone', 'Cisco SPA301')",1
"('Avaya 5410 Digital phone', 'Ibico Recycled Linen-Style Covers')",1
"('Avaya 5410 Digital phone', 'Xerox 1977')",1
"('Avery Durable Slant Ring Binders With Label Holder', 'Blackstonian Pencils')",1
"('Avery Durable Slant Ring Binders With Label Holder', 'Cisco SPA301')",1
"('Avery Durable Slant Ring Binders With Label Holder', 'Ibico Recycled Linen-Style Covers')",1
"('Avery Durable Slant Ring Binders With Label Holder', 'Xerox 1977')",1
"('Blackstonian Pencils', 'Cisco SPA301')",1
"('Blackstonian Pencils', 'Ibico Recycled Linen-Style Covers')",1
"('Blackstonian Pencils', 'Xerox 1977')",1
"('Cisco SPA301', 'Ibico Recycled Linen-Style Covers')",1
"('Cisco SPA301', 'Xerox 1977')",1
"('Ibico Recycled Linen-Style Covers', 'Xerox 1977')",1
"('Eldon Image Series Desk Accessories, Ebony', 'Tenex Chairmat w/ Average Lip, 45"" x 53""')",1
"('GBC Standard Therm-A-Bind Covers', 'Global Troy Executive Leather Low-Back Tilter')",1
"('GBC Standard Therm-A-Bind Covers', 'Storex Flexible Poly Binders with Double Pockets')",1
"('GBC Standard Therm-A-Bind Covers', 'Vinyl Sectional Post Binders')",1
"('GBC Standard Therm-A-Bind Covers', 'White Dual Perf Computer Printout Paper, 2700 Sheets, 1 Part, Heavyweight, 20 lbs., 14 7/8 x 11')",1
"('Global Troy Executive Leather Low-Back Tilter', 'Storex Flexible Poly Binders with Double Pockets')",1
"('Global Troy Executive Leather Low-Back Tilter', 'Vinyl Sectional Post Binders')",1
"('Global Troy Executive Leather Low-Back Tilter', 'White Dual Perf Computer Printout Paper, 2700 Sheets, 1 Part, Heavyweight, 20 lbs., 14 7/8 x 11')",1
"('Storex Flexible Poly Binders with Double Pockets', 'Vinyl Sectional Post Binders')",1
"('Storex Flexible Poly Binders with Double Pockets', 'White Dual Perf Computer Printout Paper, 2700 Sheets, 1 Part, Heavyweight, 20 lbs., 14 7/8 x 11')",1
"('Vinyl Sectional Post Binders', 'White Dual Perf Computer Printout Paper, 2700 Sheets, 1 Part, Heavyweight, 20 lbs., 14 7/8 x 11')",1
"('3D Systems Cube Printer, 2nd Generation, Magenta', 'Stacking Trays by OIC')",1
"('3D Systems Cube Printer, 2nd Generation, Magenta', 'Wilson Jones Standard D-Ring Binders')",1
"('Stacking Trays by OIC', 'Wilson Jones Standard D-Ring Binders')",1
"('HP Office Recycled Paper (20Lb. and 87 Bright)', 'X-Rack File for Hanging Folders')",1
"('HP Office Recycled Paper (20Lb. and 87 Bright)', 'Xerox 192')",1
"('Aastra 57i VoIP phone', 'Ames Color-File Green Diamond Border X-ray Mailers')",1
"('Aastra 57i VoIP phone', 'Belkin 19"" Vented Equipment Shelf, Black')",1
"('Aastra 57i VoIP phone', 'Bush Andora Bookcase, Maple/Graphite Gray Finish')",1
"('Aastra 57i VoIP phone', 'Carina 42""Hx23 3/4""W Media Storage Unit')",1
"('Aastra 57i VoIP phone', 'Eldon 200 Class Desk Accessories, Black')",1
"('Aastra 57i VoIP phone', 'Plantronics Cordless\xa0Phone Headset\xa0with In-line Volume - M214C')",1
"('Aastra 57i VoIP phone', 'Revere Boxed Rubber Bands by Revere')",1
"('Aastra 57i VoIP phone', 'White Computer Printout Paper by Universal')",1
"('Aastra 57i VoIP phone', 'White Dual Perf Computer Printout Paper, 2700 Sheets, 1 Part, Heavyweight, 20 lbs., 14 7/8 x 11')",1
"('Aastra 57i VoIP phone', 'Xerox 1943')",1
"('Ames Color-File Green Diamond Border X-ray Mailers', 'Belkin 19"" Vented Equipment Shelf, Black')",1
"('Ames Color-File Green Diamond Border X-ray Mailers', 'Bush Andora Bookcase, Maple/Graphite Gray Finish')",1
"('Ames Color-File Green Diamond Border X-ray Mailers', 'Carina 42""Hx23 3/4""W Media Storage Unit')",1
"('Ames Color-File Green Diamond Border X-ray Mailers', 'Eldon 200 Class Desk Accessories, Black')",1
"('Ames Color-File Green Diamond Border X-ray Mailers', 'Plantronics Cordless\xa0Phone Headset\xa0with In-line Volume - M214C')",1
"('Ames Color-File Green Diamond Border X-ray Mailers', 'Revere Boxed Rubber Bands by Revere')",1
"('Ames Color-File Green Diamond Border X-ray Mailers', 'White Computer Printout Paper by Universal')",1
"('Ames Color-File Green Diamond Border X-ray Mailers', 'White Dual Perf Computer Printout Paper, 2700 Sheets, 1 Part, Heavyweight, 20 lbs., 14 7/8 x 11')",1
"('Ames Color-File Green Diamond Border X-ray Mailers', 'Xerox 1943')",1
"('Belkin 19"" Vented Equipment Shelf, Black', 'Bush Andora Bookcase, Maple/Graphite Gray Finish')",1
"('Belkin 19"" Vented Equipment Shelf, Black', 'Carina 42""Hx23 3/4""W Media Storage Unit')",1
"('Belkin 19"" Vented Equipment Shelf, Black', 'Eldon 200 Class Desk Accessories, Black')",1
"('Belkin 19"" Vented Equipment Shelf, Black', 'Plantronics Cordless\xa0Phone Headset\xa0with In-line Volume - M214C')",1
"('Belkin 19"" Vented Equipment Shelf, Black', 'Revere Boxed Rubber Bands by Revere')",1
"('Belkin 19"" Vented Equipment Shelf, Black', 'White Computer Printout Paper by Universal')",1
"('Belkin 19"" Vented Equipment Shelf, Black', 'White Dual Perf Computer Printout Paper, 2700 Sheets, 1 Part, Heavyweight, 20 lbs., 14 7/8 x 11')",1
"('Belkin 19"" Vented Equipment Shelf, Black', 'Xerox 1943')",1
"('Bush Andora Bookcase, Maple/Graphite Gray Finish', 'Carina 42""Hx23 3/4""W Media Storage Unit')",1
"('Bush Andora Bookcase, Maple/Graphite Gray Finish', 'Eldon 200 Class Desk Accessories, Black')",1
"('Bush Andora Bookcase, Maple/Graphite Gray Finish', 'Plantronics Cordless\xa0Phone Headset\xa0with In-line Volume - M214C')",1
"('Bush Andora Bookcase, Maple/Graphite Gray Finish', 'Revere Boxed Rubber Bands by Revere')",1
"('Bush Andora Bookcase, Maple/Graphite Gray Finish', 'White Computer Printout Paper by Universal')",1
"('Bush Andora Bookcase, Maple/Graphite Gray Finish', 'White Dual Perf Computer Printout Paper, 2700 Sheets, 1 Part, Heavyweight, 20 lbs., 14 7/8 x 11')",1
"('Bush Andora Bookcase, Maple/Graphite Gray Finish', 'Xerox 1943')",1
"('Carina 42""Hx23 3/4""W Media Storage Unit', 'Eldon 200 Class Desk Accessories, Black')",1
"('Carina 42""Hx23 3/4""W Media Storage Unit', 'Plantronics Cordless\xa0Phone Headset\xa0with In-line Volume - M214C')",1
"('Carina 42""Hx23 3/4""W Media Storage Unit', 'Revere Boxed Rubber Bands by Revere')",1
"('Carina 42""Hx23 3/4""W Media Storage Unit', 'White Computer Printout Paper by Universal')",1
"('Carina 42""Hx23 3/4""W Media Storage Unit', 'White Dual Perf Computer Printout Paper, 2700 Sheets, 1 Part, Heavyweight, 20 lbs., 14 7/8 x 11')",1
"('Carina 42""Hx23 3/4""W Media Storage Unit', 'Xerox 1943')",1
"('Eldon 200 Class Desk Accessories, Black', 'Plantronics Cordless\xa0Phone Headset\xa0with In-line Volume - M214C')",1
"('Eldon 200 Class Desk Accessories, Black', 'Revere Boxed Rubber Bands by Revere')",1
"('Eldon 200 Class Desk Accessories, Black', 'White Computer Printout Paper by Universal')",1
"('Eldon 200 Class Desk Accessories, Black', 'White Dual Perf Computer Printout Paper, 2700 Sheets, 1 Part, Heavyweight, 20 lbs., 14 7/8 x 11')",1
"('Eldon 200 Class Desk Accessories, Black', 'Xerox 1943')",1
"('Plantronics Cordless\xa0Phone Headset\xa0with In-line Volume - M214C', 'Revere Boxed Rubber Bands by Revere')",1
"('Plantronics Cordless\xa0Phone Headset\xa0with In-line Volume - M214C', 'White Computer Printout Paper by Universal')",1
"('Plantronics Cordless\xa0Phone Headset\xa0with In-line Volume - M214C', 'White Dual Perf Computer Printout Paper, 2700 Sheets, 1 Part, Heavyweight, 20 lbs., 14 7/8 x 11')",1
"('Plantronics Cordless\xa0Phone Headset\xa0with In-line Volume - M214C', 'Xerox 1943')",1
"('Revere Boxed Rubber Bands by Revere', 'White Computer Printout Paper by Universal')",1
"('Revere Boxed Rubber Bands by Revere', 'White Dual Perf Computer Printout Paper, 2700 Sheets, 1 Part, Heavyweight, 20 lbs., 14 7/8 x 11')",1
"('Revere Boxed Rubber Bands by Revere', 'Xerox 1943')",1
"('White Computer Printout Paper by Universal', 'White Dual Perf Computer Printout Paper, 2700 Sheets, 1 Part, Heavyweight, 20 lbs., 14 7/8 x 11')",1
"('White Computer Printout Paper by Universal', 'Xerox 1943')",1
"('White Dual Perf Computer Printout Paper, 2700 Sheets, 1 Part, Heavyweight, 20 lbs., 14 7/8 x 11', 'Xerox 1943')",1
"('Eureka The Boss Lite 10-Amp Upright Vacuum, Blue', 'Howard Miller 14-1/2"" Diameter Chrome Round Wall Clock')",1
"('Eureka The Boss Lite 10-Amp Upright Vacuum, Blue', 'Ibico Covers for Plastic or Wire Binding Elements')",1
"('Howard Miller 14-1/2"" Diameter Chrome Round Wall Clock', 'Ibico Covers for Plastic or Wire Binding Elements')",1
"('Logitech G602 Wireless Gaming Mouse', 'Wilson Jones Century Plastic Molded Ring Binders')",1
"('Avery Hidden Tab Dividers for Binding Systems', 'GBC Standard Recycled Report Covers, Clear Plastic Sheets')",1
"('Avery Hidden Tab Dividers for Binding Systems', 'GE General Purpose, Extra Long Life, Showcase & Floodlight Incandescent Bulbs')",1
"('Avery Hidden Tab Dividers for Binding Systems', 'Recycled Interoffice Envelopes with Re-Use-A-Seal Closure, 10 x 13')",1
"('Avery Hidden Tab Dividers for Binding Systems', 'Staples')",1
"('Avery Hidden Tab Dividers for Binding Systems', 'Tennsco Lockers, Gray')",1
"('Avery Hidden Tab Dividers for Binding Systems', 'Xerox 1905')",1
"('Avery Hidden Tab Dividers for Binding Systems', 'invisibleSHIELD by ZAGG Smudge-Free Screen Protector')",1
"('GBC Standard Recycled Report Covers, Clear Plastic Sheets', 'GE General Purpose, Extra Long Life, Showcase & Floodlight Incandescent Bulbs')",1
"('GBC Standard Recycled Report Covers, Clear Plastic Sheets', 'Recycled Interoffice Envelopes with Re-Use-A-Seal Closure, 10 x 13')",1
"('GBC Standard Recycled Report Covers, Clear Plastic Sheets', 'Staples')",1
"('GBC Standard Recycled Report Covers, Clear Plastic Sheets', 'Tennsco Lockers, Gray')",1
"('GBC Standard Recycled Report Covers, Clear Plastic Sheets', 'Xerox 1905')",1
"('GBC Standard Recycled Report Covers, Clear Plastic Sheets', 'invisibleSHIELD by ZAGG Smudge-Free Screen Protector')",1
"('GE General Purpose, Extra Long Life, Showcase & Floodlight Incandescent Bulbs', 'Recycled Interoffice Envelopes with Re-Use-A-Seal Closure, 10 x 13')",1
"('GE General Purpose, Extra Long Life, Showcase & Floodlight Incandescent Bulbs', 'Staples')",1
"('GE General Purpose, Extra Long Life, Showcase & Floodlight Incandescent Bulbs', 'Tennsco Lockers, Gray')",1
"('GE General Purpose, Extra Long Life, Showcase & Floodlight Incandescent Bulbs', 'Xerox 1905')",1
"('GE General Purpose, Extra Long Life, Showcase & Floodlight Incandescent Bulbs', 'invisibleSHIELD by ZAGG Smudge-Free Screen Protector')",1
"('Recycled Interoffice Envelopes with Re-Use-A-Seal Closure, 10 x 13', 'Staples')",1
"('Recycled Interoffice Envelopes with Re-Use-A-Seal Closure, 10 x 13', 'Tennsco Lockers, Gray')",1
"('Recycled Interoffice Envelopes with Re-Use-A-Seal Closure, 10 x 13', 'Xerox 1905')",1
"('Recycled Interoffice Envelopes with Re-Use-A-Seal Closure, 10 x 13', 'invisibleSHIELD by ZAGG Smudge-Free Screen Protector')",1
"('Staples', 'Tennsco Lockers, Gray')",1
"('Staples', 'Xerox 1905')",1
"('Staples', 'invisibleSHIELD by ZAGG Smudge-Free Screen Protector')",1
"('Tennsco Lockers, Gray', 'Xerox 1905')",1
"('Tennsco Lockers, Gray', 'invisibleSHIELD by ZAGG Smudge-Free Screen Protector')",1
"('Xerox 1905', 'invisibleSHIELD by ZAGG Smudge-Free Screen Protector')",1
"('Avery Hi-Liter Smear-Safe Highlighters', 'Fellowes Staxonsteel Drawer Files')",1
"('Avery Hi-Liter Smear-Safe Highlighters', 'Plantronics Audio 995 Wireless Stereo Headset')",1
"('Avery Hi-Liter Smear-Safe Highlighters', 'Xerox 192')",1
"('Fellowes Staxonsteel Drawer Files', 'Plantronics Audio 995 Wireless Stereo Headset')",1
"('Fellowes Staxonsteel Drawer Files', 'Xerox 192')",1
"('Plantronics Audio 995 Wireless Stereo Headset', 'Xerox 192')",1
"('Cardinal Hold-It CD Pocket', 'Iceberg Mobile Mega Data/Printer Cart ')",1
"('DAX Two-Tone Rosewood/Black Document Frame, Desktop, 5 x 7', 'Deflect-o EconoMat Studded, No Bevel Mat for Low Pile Carpeting')",1
"('Logitech 910-002974 M325 Wireless Mouse for Web Scrolling', 'Maxell 4.7GB DVD+RW 3/Pack')",1
"('Apple EarPods with Remote and Mic', 'Kensington 7 Outlet MasterPiece Power Center')",1
"('Apple EarPods with Remote and Mic', 'Xerox 199')",1
"('Kensington 7 Outlet MasterPiece Power Center', 'Xerox 199')",1
"('Avery 499', 'Xiaomi Mi3')",1
"('Eldon Regeneration Recycled Desk Accessories, Black', 'GBC VeloBind Cover Sets')",1
"('Eldon Regeneration Recycled Desk Accessories, Black', 'Holmes Cool Mist Humidifier for the Whole House with 8-Gallon Output per Day, Extended Life Filter')",1
"('Eldon Regeneration Recycled Desk Accessories, Black', 'Satellite Sectional Post Binders')",1
"('GBC VeloBind Cover Sets', 'Holmes Cool Mist Humidifier for the Whole House with 8-Gallon Output per Day, Extended Life Filter')",1
"('GBC VeloBind Cover Sets', 'Satellite Sectional Post Binders')",1
"('Holmes Cool Mist Humidifier for the Whole House with 8-Gallon Output per Day, Extended Life Filter', 'Satellite Sectional Post Binders')",1
"('GBC VeloBind Cover Sets', 'Ibico EB-19 Dual Function Manual Binding System')",1
"('GBC VeloBind Cover Sets', 'Kensington Expert Mouse Optical USB Trackball for PC or Mac')",1
"('GBC VeloBind Cover Sets', 'Okidata MB491 Multifunction Printer')",1
"('GBC VeloBind Cover Sets', 'Polycom CX600 IP Phone VoIP phone')",1
"('GBC VeloBind Cover Sets', 'SAFCO Arco Folding Chair')",1
"('GBC VeloBind Cover Sets', 'SAFCO Commercial Wire Shelving, Black')",1
"('GBC VeloBind Cover Sets', 'Space Solutions Industrial Galvanized Steel Shelving.')",1
"('GBC VeloBind Cover Sets', 'Speediset Carbonless Redi-Letter 7"" x 8 1/2""')",1
"('Ibico EB-19 Dual Function Manual Binding System', 'Kensington Expert Mouse Optical USB Trackball for PC or Mac')",1
"('Ibico EB-19 Dual Function Manual Binding System', 'Okidata MB491 Multifunction Printer')",1
"('Ibico EB-19 Dual Function Manual Binding System', 'Polycom CX600 IP Phone VoIP phone')",1
"('Ibico EB-19 Dual Function Manual Binding System', 'SAFCO Arco Folding Chair')",1
"('Ibico EB-19 Dual Function Manual Binding System', 'SAFCO Commercial Wire Shelving, Black')",1
"('Ibico EB-19 Dual Function Manual Binding System', 'Space Solutions Industrial Galvanized Steel Shelving.')",1
"('Ibico EB-19 Dual Function Manual Binding System', 'Speediset Carbonless Redi-Letter 7"" x 8 1/2""')",1
"('Kensington Expert Mouse Optical USB Trackball for PC or Mac', 'Okidata MB491 Multifunction Printer')",1
"('Kensington Expert Mouse Optical USB Trackball for PC or Mac', 'Polycom CX600 IP Phone VoIP phone')",1
"('Kensington Expert Mouse Optical USB Trackball for PC or Mac', 'SAFCO Arco Folding Chair')",1
"('Kensington Expert Mouse Optical USB Trackball for PC or Mac', 'SAFCO Commercial Wire Shelving, Black')",1
"('Kensington Expert Mouse Optical USB Trackball for PC or Mac', 'Space Solutions Industrial Galvanized Steel Shelving.')",1
"('Kensington Expert Mouse Optical USB Trackball for PC or Mac', 'Speediset Carbonless Redi-Letter 7"" x 8 1/2""')",1
"('Okidata MB491 Multifunction Printer', 'Polycom CX600 IP Phone VoIP phone')",1
"('Okidata MB491 Multifunction Printer', 'SAFCO Arco Folding Chair')",1
"('Okidata MB491 Multifunction Printer', 'SAFCO Commercial Wire Shelving, Black')",1
"('Okidata MB491 Multifunction Printer', 'Space Solutions Industrial Galvanized Steel Shelving.')",1
"('Okidata MB491 Multifunction Printer', 'Speediset Carbonless Redi-Letter 7"" x 8 1/2""')",1
"('Polycom CX600 IP Phone VoIP phone', 'SAFCO Arco Folding Chair')",1
"('Polycom CX600 IP Phone VoIP phone', 'SAFCO Commercial Wire Shelving, Black')",1
"('Polycom CX600 IP Phone VoIP phone', 'Space Solutions Industrial Galvanized Steel Shelving.')",1
"('Polycom CX600 IP Phone VoIP phone', 'Speediset Carbonless Redi-Letter 7"" x 8 1/2""')",1
"('SAFCO Arco Folding Chair', 'SAFCO Commercial Wire Shelving, Black')",1
"('SAFCO Arco Folding Chair', 'Space Solutions Industrial Galvanized Steel Shelving.')",1
"('SAFCO Arco Folding Chair', 'Speediset Carbonless Redi-Letter 7"" x 8 1/2""')",1
"('SAFCO Commercial Wire Shelving, Black', 'Space Solutions Industrial Galvanized Steel Shelving.')",1
"('SAFCO Commercial Wire Shelving, Black', 'Speediset Carbonless Redi-Letter 7"" x 8 1/2""')",1
"('Space Solutions Industrial Galvanized Steel Shelving.', 'Speediset Carbonless Redi-Letter 7"" x 8 1/2""')",1
"('Avery 52', 'Bush Westfield Collection Bookcases, Dark Cherry Finish')",1
"('Cardinal Holdit Business Card Pockets', 'Kleencut Forged Office Shears by Acme United Corporation')",1
"('Eldon Expressions Desk Accessory, Wood Photo Frame, Mahogany', 'LG Electronics Tone+ HBS-730 Bluetooth Headset')",1
"('Eldon Expressions Desk Accessory, Wood Photo Frame, Mahogany', 'Memorex Froggy Flash Drive 8 GB')",1
"('Eldon Expressions Desk Accessory, Wood Photo Frame, Mahogany', 'Office Star Flex Back Scooter Chair with Aluminum Finish Frame')",1
"('Eldon Expressions Desk Accessory, Wood Photo Frame, Mahogany', 'Speediset Carbonless Redi-Letter 7"" x 8 1/2""')",1
"('LG Electronics Tone+ HBS-730 Bluetooth Headset', 'Memorex Froggy Flash Drive 8 GB')",1
"('LG Electronics Tone+ HBS-730 Bluetooth Headset', 'Office Star Flex Back Scooter Chair with Aluminum Finish Frame')",1
"('LG Electronics Tone+ HBS-730 Bluetooth Headset', 'Speediset Carbonless Redi-Letter 7"" x 8 1/2""')",1
"('Memorex Froggy Flash Drive 8 GB', 'Office Star Flex Back Scooter Chair with Aluminum Finish Frame')",1
"('Memorex Froggy Flash Drive 8 GB', 'Speediset Carbonless Redi-Letter 7"" x 8 1/2""')",1
"('Office Star Flex Back Scooter Chair with Aluminum Finish Frame', 'Speediset Carbonless Redi-Letter 7"" x 8 1/2""')",1
"('Bretford CR8500 Series Meeting Room Furniture', 'Executive Impressions 12"" Wall Clock')",1
"('Adams Telephone Message Book W/Dividers/Space For Phone Numbers, 5 1/4""X8 1/2"", 200/Messages', 'Angle-D Binders with Locking Rings, Label Holders')",1
"('Adams Telephone Message Book W/Dividers/Space For Phone Numbers, 5 1/4""X8 1/2"", 200/Messages', 'Avery Binder Labels')",1
"('Adams Telephone Message Book W/Dividers/Space For Phone Numbers, 5 1/4""X8 1/2"", 200/Messages', 'Newell 307')",1
"('Adams Telephone Message Book W/Dividers/Space For Phone Numbers, 5 1/4""X8 1/2"", 200/Messages', 'Panasonic KP-4ABK Battery-Operated Pencil Sharpener')",1
"('Adams Telephone Message Book W/Dividers/Space For Phone Numbers, 5 1/4""X8 1/2"", 200/Messages', 'PowerGen Dual USB Car Charger')",1
"('Angle-D Binders with Locking Rings, Label Holders', 'Avery Binder Labels')",1
"('Angle-D Binders with Locking Rings, Label Holders', 'Newell 307')",1
"('Angle-D Binders with Locking Rings, Label Holders', 'Panasonic KP-4ABK Battery-Operated Pencil Sharpener')",1
"('Angle-D Binders with Locking Rings, Label Holders', 'PowerGen Dual USB Car Charger')",1
"('Avery Binder Labels', 'Newell 307')",1
"('Avery Binder Labels', 'Panasonic KP-4ABK Battery-Operated Pencil Sharpener')",1
"('Avery Binder Labels', 'PowerGen Dual USB Car Charger')",1
"('Newell 307', 'Panasonic KP-4ABK Battery-Operated Pencil Sharpener')",1
"('Newell 307', 'PowerGen Dual USB Car Charger')",1
"('Panasonic KP-4ABK Battery-Operated Pencil Sharpener', 'PowerGen Dual USB Car Charger')",1
"('AT&T 17929 Lendline Telephone', 'Imation\xa0Clip USB\xa0flash drive\xa0- 8 GB')",1
"('AT&T 17929 Lendline Telephone', 'WD My Passport Ultra 1TB Portable External Hard Drive')",1
"('Imation\xa0Clip USB\xa0flash drive\xa0- 8 GB', 'WD My Passport Ultra 1TB Portable External Hard Drive')",1
"('Samsung Galaxy Note 2', 'SanDisk Cruzer 64 GB USB Flash Drive')",1
"('Samsung Galaxy Note 2', 'Xerox 225')",1
"('SanDisk Cruzer 64 GB USB Flash Drive', 'Xerox 225')",1
"('Acco Hot Clips Clips to Go', 'Acco Recycled 2"" Capacity Laser Printer Hanging Data Binders')",1
"('Acco Hot Clips Clips to Go', 'Wirebound Message Books, Four 2 3/4 x 5 Forms per Page, 200 Sets per Book')",1
"('Acco Recycled 2"" Capacity Laser Printer Hanging Data Binders', 'Flat Face Poster Frame')",1
"('Acco Recycled 2"" Capacity Laser Printer Hanging Data Binders', 'Wirebound Message Books, Four 2 3/4 x 5 Forms per Page, 200 Sets per Book')",1
"('Flat Face Poster Frame', 'Wirebound Message Books, Four 2 3/4 x 5 Forms per Page, 200 Sets per Book')",1
"('Stacking Trays by OIC', 'Tops Wirebound Message Log Books')",1
"('Avery 515', 'Maxell 4.7GB DVD+R 5/Pack')",1
"('Avery 515', 'Permanent Self-Adhesive File Folder Labels for Typewriters, 1 1/8 x 3 1/2, White')",1
"('Avery 515', 'Pizazz Global Quick File')",1
"('Maxell 4.7GB DVD+R 5/Pack', 'Permanent Self-Adhesive File Folder Labels for Typewriters, 1 1/8 x 3 1/2, White')",1
"('Maxell 4.7GB DVD+R 5/Pack', 'Pizazz Global Quick File')",1
"('Permanent Self-Adhesive File Folder Labels for Typewriters, 1 1/8 x 3 1/2, White', 'Pizazz Global Quick File')",1
"('Acco Perma 2700 Stacking Storage Drawers', 'Wirebound Message Books, Four 2 3/4 x 5 White Forms per Page')",1
"('Acco PRESSTEX Data Binder with Storage Hooks, Dark Blue, 14 7/8"" X 11""', 'Acco Translucent Poly Ring Binders')",1
"('Acco PRESSTEX Data Binder with Storage Hooks, Dark Blue, 14 7/8"" X 11""', 'Riverleaf Stik-Withit Designer Note Cubes')",1
"('Acco Translucent Poly Ring Binders', 'Riverleaf Stik-Withit Designer Note Cubes')",1
"('Avery 50', 'Chromcraft Bull-Nose Wood 48"" x 96"" Rectangular Conference Tables')",1
"('Premium Transparent Presentation Covers by GBC', 'Tripp Lite TLP810NET Broadband Surge for Modem/Fax')",1
"('Memorex Mini Travel Drive 32 GB USB 2.0 Flash Drive', 'Staples')",1
"('GBC ProClick 150 Presentation Binding System', 'Imation\xa0Secure+ Hardware Encrypted USB 2.0\xa0Flash Drive; 16GB')",1
"('GBC ProClick 150 Presentation Binding System', 'Woodgrain Magazine Files by Perma')",1
"('Imation\xa0Secure+ Hardware Encrypted USB 2.0\xa0Flash Drive; 16GB', 'Woodgrain Magazine Files by Perma')",1
"('Eldon Expressions Mahogany Wood Desk Collection', ""Global Fabric Manager's Chair, Dark Gray"")",1
"('Eldon Expressions Mahogany Wood Desk Collection', 'Logitech Wireless Headset h800')",1
"('Eldon Expressions Mahogany Wood Desk Collection', 'Manco Dry-Lighter Erasable Highlighter')",1
"(""Global Fabric Manager's Chair, Dark Gray"", 'Logitech Wireless Headset h800')",1
"(""Global Fabric Manager's Chair, Dark Gray"", 'Manco Dry-Lighter Erasable Highlighter')",1
"('Logitech Wireless Headset h800', 'Manco Dry-Lighter Erasable Highlighter')",1
"('Alphabetical Labels for Top Tab Filing', 'Ampad Evidence Wirebond Steno Books, 6"" x 9""')",1
"('Alphabetical Labels for Top Tab Filing', 'Avery 513')",1
"('Alphabetical Labels for Top Tab Filing', 'Canon PC-428 Personal Copier')",1
"('Alphabetical Labels for Top Tab Filing', 'Global Airflow Leather Mesh Back Chair, Black')",1
"('Alphabetical Labels for Top Tab Filing', 'Newell 346')",1
"('Alphabetical Labels for Top Tab Filing', 'SmartStand Mobile Device Holder, Assorted Colors')",1
"('Ampad Evidence Wirebond Steno Books, 6"" x 9""', 'Avery 513')",1
"('Ampad Evidence Wirebond Steno Books, 6"" x 9""', 'Canon PC-428 Personal Copier')",1
"('Ampad Evidence Wirebond Steno Books, 6"" x 9""', 'Global Airflow Leather Mesh Back Chair, Black')",1
"('Ampad Evidence Wirebond Steno Books, 6"" x 9""', 'Newell 346')",1
"('Ampad Evidence Wirebond Steno Books, 6"" x 9""', 'SmartStand Mobile Device Holder, Assorted Colors')",1
"('Avery 513', 'Canon PC-428 Personal Copier')",1
"('Avery 513', 'Global Airflow Leather Mesh Back Chair, Black')",1
"('Avery 513', 'Newell 346')",1
"('Avery 513', 'SmartStand Mobile Device Holder, Assorted Colors')",1
"('Canon PC-428 Personal Copier', 'Global Airflow Leather Mesh Back Chair, Black')",1
"('Canon PC-428 Personal Copier', 'Newell 346')",1
"('Canon PC-428 Personal Copier', 'SmartStand Mobile Device Holder, Assorted Colors')",1
"('Global Airflow Leather Mesh Back Chair, Black', 'Newell 346')",1
"('Global Airflow Leather Mesh Back Chair, Black', 'SmartStand Mobile Device Holder, Assorted Colors')",1
"('Newell 346', 'SmartStand Mobile Device Holder, Assorted Colors')",1
"('Eldon Cleatmat Plus Chair Mats for High Pile Carpets', 'Global Task Chair, Black')",1
"('Avery 477', 'KeyTronic\xa0KT400U2 -\xa0Keyboard\xa0- Black')",1
"('Avery 477', 'Southworth 25% Cotton Antique Laid Paper & Envelopes')",1
"('KeyTronic\xa0KT400U2 -\xa0Keyboard\xa0- Black', 'Southworth 25% Cotton Antique Laid Paper & Envelopes')",1
"('Anker Astro Mini 3000mAh Ultra-Compact Portable Charger', 'Avery Durable Slant Ring Binders')",1
"('Anker Astro Mini 3000mAh Ultra-Compact Portable Charger', 'Logitech\xa0Gaming G510s - Keyboard')",1
"('Anker Astro Mini 3000mAh Ultra-Compact Portable Charger', 'Motorola HK250 Universal Bluetooth Headset')",1
"('Anker Astro Mini 3000mAh Ultra-Compact Portable Charger', 'Xerox 1928')",1
"('Anker Astro Mini 3000mAh Ultra-Compact Portable Charger', 'Xerox 1997')",1
"('Avery Durable Slant Ring Binders', 'Bretford CR8500 Series Meeting Room Furniture')",1
"('Avery Durable Slant Ring Binders', 'Logitech\xa0Gaming G510s - Keyboard')",1
"('Avery Durable Slant Ring Binders', 'Motorola HK250 Universal Bluetooth Headset')",1
"('Avery Durable Slant Ring Binders', 'Xerox 1928')",1
"('Avery Durable Slant Ring Binders', 'Xerox 1997')",1
"('Bretford CR8500 Series Meeting Room Furniture', 'Logitech\xa0Gaming G510s - Keyboard')",1
"('Bretford CR8500 Series Meeting Room Furniture', 'Motorola HK250 Universal Bluetooth Headset')",1
"('Bretford CR8500 Series Meeting Room Furniture', 'Xerox 1928')",1
"('Bretford CR8500 Series Meeting Room Furniture', 'Xerox 1997')",1
"('Logitech\xa0Gaming G510s - Keyboard', 'Motorola HK250 Universal Bluetooth Headset')",1
"('Logitech\xa0Gaming G510s - Keyboard', 'Xerox 1928')",1
"('Logitech\xa0Gaming G510s - Keyboard', 'Xerox 1997')",1
"('Motorola HK250 Universal Bluetooth Headset', 'Xerox 1928')",1
"('Motorola HK250 Universal Bluetooth Headset', 'Xerox 1997')",1
"('Xerox 1928', 'Xerox 1997')",1
"('Belkin 5 Outlet SurgeMaster Power Centers', 'Bretford Rectangular Conference Table Tops')",1
"('Plantronics Audio 478 Stereo USB Headset', 'Samsung Replacement EH64AVFWE Premium Headset')",1
"('Eldon Wave Desk Accessories', ""Global Wood Trimmed Manager's Task Chair, Khaki"")",1
"('Eldon Wave Desk Accessories', 'Samsung HM1900 Bluetooth Headset')",1
"(""Global Wood Trimmed Manager's Task Chair, Khaki"", 'Samsung HM1900 Bluetooth Headset')",1
"('Cardinal Slant-D Ring Binder, Heavy Gauge Vinyl', 'TOPS ""Important Message"" Pads, Canary, 4-1/4 x 5-1/2, 50 Sheets per Pad')",1
"('Luxo Professional Magnifying Clamp-On Fluorescent Lamps', 'Xerox 1947')",1
"('Dixon Ticonderoga Maple Cedar Pencil, #2', 'Rubbermaid ClusterMat Chairmats, Mat Size- 66"" x 60"", Lip 20"" x 11"" -90 Degree Angle')",1
"('Acme Office Executive Series Stainless Steel Trimmers', 'Belkin 6 Outlet Metallic Surge Strip')",1
"('Acme Office Executive Series Stainless Steel Trimmers', 'Kingston Digital DataTraveler 8GB USB 2.0')",1
"('Belkin 6 Outlet Metallic Surge Strip', 'Kingston Digital DataTraveler 8GB USB 2.0')",1
"('Boston Heavy-Duty Trimline Electric Pencil Sharpeners', 'Fellowes Strictly Business Drawer File, Letter/Legal Size')",1
"('Laminate Occasional Tables', 'Logitech Wireless Headset H600 Over-The-Head Design')",1
"('Laminate Occasional Tables', ""O'Sullivan Plantations 2-Door Library in Landvery Oak"")",1
"('Laminate Occasional Tables', 'Premium Transparent Presentation Covers by GBC')",1
"('Laminate Occasional Tables', 'Storex Dura Pro Binders')",1
"('Logitech Wireless Headset H600 Over-The-Head Design', ""O'Sullivan Plantations 2-Door Library in Landvery Oak"")",1
"('Logitech Wireless Headset H600 Over-The-Head Design', 'Premium Transparent Presentation Covers by GBC')",1
"('Logitech Wireless Headset H600 Over-The-Head Design', 'Storex Dura Pro Binders')",1
"(""O'Sullivan Plantations 2-Door Library in Landvery Oak"", 'Premium Transparent Presentation Covers by GBC')",1
"(""O'Sullivan Plantations 2-Door Library in Landvery Oak"", 'Storex Dura Pro Binders')",1
"('Premium Transparent Presentation Covers by GBC', 'Storex Dura Pro Binders')",1
"('Dixon Ticonderoga Erasable Colored Pencil Set, 12-Color', 'Ideal Clamps')",1
"('Accohide Poly Flexible Ring Binders', 'Avery 494')",1
"('Accohide Poly Flexible Ring Binders', 'KeyTronic\xa0KT800P2 -\xa0Keyboard\xa0- Black')",1
"('Accohide Poly Flexible Ring Binders', 'Newell 348')",1
"('Accohide Poly Flexible Ring Binders', 'Wilson Jones Impact Binders')",1
"('Avery 494', 'KeyTronic\xa0KT800P2 -\xa0Keyboard\xa0- Black')",1
"('Avery 494', 'Newell 348')",1
"('Avery 494', 'Wilson Jones Impact Binders')",1
"('KeyTronic\xa0KT800P2 -\xa0Keyboard\xa0- Black', 'Newell 348')",1
"('KeyTronic\xa0KT800P2 -\xa0Keyboard\xa0- Black', 'Wilson Jones Impact Binders')",1
"('Newell 348', 'Wilson Jones Impact Binders')",1
"('Avery Durable Slant Ring Binders', 'Global Airflow Leather Mesh Back Chair, Black')",1
"('Avery Durable Slant Ring Binders', 'Newell 33')",1
"('Global Airflow Leather Mesh Back Chair, Black', 'Newell 33')",1
"('Avery 502', 'Eldon Base for stackable storage shelf, platinum')",1
"('Astroparche Fine Business Paper', 'Xerox 1898')",1
"('Imation\xa032GB Pocket Pro USB 3.0\xa0Flash Drive\xa0- 32 GB - Black - 1 P ...', 'Jabra SPEAK 410')",1
"('Imation\xa032GB Pocket Pro USB 3.0\xa0Flash Drive\xa0- 32 GB - Black - 1 P ...', 'Tennsco Regal Shelving Units')",1
"('Jabra SPEAK 410', 'Tennsco Regal Shelving Units')",1
"('Eldon Pizzaz Desk Accessories', 'Fellowes Mighty 8 Compact Surge Protector')",1
"('Eldon Pizzaz Desk Accessories', 'Sauder Forest Hills Library, Woodland Oak Finish')",1
"('Fellowes Mighty 8 Compact Surge Protector', 'Sauder Forest Hills Library, Woodland Oak Finish')",1
"('Avaya 5410 Digital phone', 'Newell 319')",1
"('Avaya 5410 Digital phone', 'XtraLife ClearVue Slant-D Ring Binder, White, 3""')",1
"('Newell 319', 'XtraLife ClearVue Slant-D Ring Binder, White, 3""')",1
"('Cyber Acoustics AC-202b Speech Recognition Stereo Headset', 'Eldon 300 Class Desk Accessories, Black')",1
"('Cyber Acoustics AC-202b Speech Recognition Stereo Headset', 'Eldon Image Series Black Desk Accessories')",1
"('Cyber Acoustics AC-202b Speech Recognition Stereo Headset', 'First Data TMFD35 PIN Pad')",1
"('Cyber Acoustics AC-202b Speech Recognition Stereo Headset', 'Home/Office Personal File Carts')",1
"('Cyber Acoustics AC-202b Speech Recognition Stereo Headset', 'Pressboard Data Binder, Crimson, 12"" X 8 1/2""')",1
"('Cyber Acoustics AC-202b Speech Recognition Stereo Headset', 'Round Specialty Laser Printer Labels')",1
"('Eldon 300 Class Desk Accessories, Black', 'Eldon Image Series Black Desk Accessories')",1
"('Eldon 300 Class Desk Accessories, Black', 'First Data TMFD35 PIN Pad')",1
"('Eldon 300 Class Desk Accessories, Black', 'Home/Office Personal File Carts')",1
"('Eldon 300 Class Desk Accessories, Black', 'Pressboard Data Binder, Crimson, 12"" X 8 1/2""')",1
"('Eldon 300 Class Desk Accessories, Black', 'Round Specialty Laser Printer Labels')",1
"('Eldon Image Series Black Desk Accessories', 'First Data TMFD35 PIN Pad')",1
"('Eldon Image Series Black Desk Accessories', 'Home/Office Personal File Carts')",1
"('Eldon Image Series Black Desk Accessories', 'Pressboard Data Binder, Crimson, 12"" X 8 1/2""')",1
"('Eldon Image Series Black Desk Accessories', 'Round Specialty Laser Printer Labels')",1
"('First Data TMFD35 PIN Pad', 'Home/Office Personal File Carts')",1
"('First Data TMFD35 PIN Pad', 'Pressboard Data Binder, Crimson, 12"" X 8 1/2""')",1
"('First Data TMFD35 PIN Pad', 'Round Specialty Laser Printer Labels')",1
"('Home/Office Personal File Carts', 'Pressboard Data Binder, Crimson, 12"" X 8 1/2""')",1
"('Home/Office Personal File Carts', 'Round Specialty Laser Printer Labels')",1
"('Pressboard Data Binder, Crimson, 12"" X 8 1/2""', 'Round Specialty Laser Printer Labels')",1
"('Avery Arch Ring Binders', 'Avery Durable Slant Ring Binders With Label Holder')",1
"('Avery Arch Ring Binders', 'Standard Rollaway File with Lock')",1
"('Avery Durable Slant Ring Binders With Label Holder', 'Standard Rollaway File with Lock')",1
"('Imation\xa016GB Mini TravelDrive USB 2.0\xa0Flash Drive', 'Motorola HK250 Universal Bluetooth Headset')",1
"('Hewlett Packard LaserJet 3310 Copier', 'Ibico Plastic Spiral Binding Combs')",1
"('Hewlett Packard LaserJet 3310 Copier', 'Letter Size File')",1
"('Ibico Plastic Spiral Binding Combs', 'Letter Size File')",1
"('Honeywell Enviracaire Portable Air Cleaner for up to 8 x 10 Room', 'Prang Drawing Pencil Set')",1
"('3.6 Cubic Foot Counter Height Office Refrigerator', 'Premier Electric Letter Opener')",1
"('Aastra 57i VoIP phone', 'File Shuttle II and Handi-File, Black')",1
"('Aastra 57i VoIP phone', 'GBC Premium Transparent Covers with Diagonal Lined Pattern')",1
"('Aastra 57i VoIP phone', 'Hon 2090 \x93Pillow Soft\x94 Series Mid Back Swivel/Tilt Chairs')",1
"('Aastra 57i VoIP phone', 'Round Specialty Laser Printer Labels')",1
"('File Shuttle II and Handi-File, Black', 'GBC Premium Transparent Covers with Diagonal Lined Pattern')",1
"('File Shuttle II and Handi-File, Black', 'Hon 2090 \x93Pillow Soft\x94 Series Mid Back Swivel/Tilt Chairs')",1
"('File Shuttle II and Handi-File, Black', 'Round Specialty Laser Printer Labels')",1
"('GBC Premium Transparent Covers with Diagonal Lined Pattern', 'Hon 2090 \x93Pillow Soft\x94 Series Mid Back Swivel/Tilt Chairs')",1
"('GBC Premium Transparent Covers with Diagonal Lined Pattern', 'Round Specialty Laser Printer Labels')",1
"('Hon 2090 \x93Pillow Soft\x94 Series Mid Back Swivel/Tilt Chairs', 'Round Specialty Laser Printer Labels')",1
"('AT&T 1070 Corded Phone', 'Acco Clips to Go Binder Clips, 24 Clips in Two Sizes')",1
"('AT&T 1070 Corded Phone', 'Memorex Mini Travel Drive 64 GB USB 2.0 Flash Drive')",1
"('Acco Clips to Go Binder Clips, 24 Clips in Two Sizes', 'Memorex Mini Travel Drive 64 GB USB 2.0 Flash Drive')",1
"('Adjustable Depth Letter/Legal Cart', 'Ativa V4110MDD Micro-Cut Shredder')",1
"('Adjustable Depth Letter/Legal Cart', 'Chromcraft Round Conference Tables')",1
"('Ativa V4110MDD Micro-Cut Shredder', 'Chromcraft Round Conference Tables')",1
"('Chromcraft Round Conference Tables', 'Staples')",1
"('Euro Pro Shark Stick Mini Vacuum', 'GBC VeloBind Cover Sets')",1
"('Euro Pro Shark Stick Mini Vacuum', 'Hot File 7-Pocket, Floor Stand')",1
"('Euro Pro Shark Stick Mini Vacuum', 'Ibico Standard Transparent Covers')",1
"('Euro Pro Shark Stick Mini Vacuum', 'Xerox 1911')",1
"('GBC VeloBind Cover Sets', 'Hot File 7-Pocket, Floor Stand')",1
"('GBC VeloBind Cover Sets', 'Ibico Standard Transparent Covers')",1
"('GBC VeloBind Cover Sets', 'Xerox 1911')",1
"('Hot File 7-Pocket, Floor Stand', 'Ibico Standard Transparent Covers')",1
"('Hot File 7-Pocket, Floor Stand', 'Xerox 1911')",1
"('Ibico Standard Transparent Covers', 'Xerox 1911')",1
"('AT&T 17929 Lendline Telephone', 'Wirebound Four 2-3/4 x 5 Forms per Page, 400 Sets per Book')",1
"('Boston KS Multi-Size Manual Pencil Sharpener', 'GBC DocuBind P50 Personal Binding Machine')",1
"('Boston KS Multi-Size Manual Pencil Sharpener', 'Newell 344')",1
"('GBC DocuBind P50 Personal Binding Machine', 'Newell 344')",1
"('Ampad Gold Fibre Wirebound Steno Books, 6"" x 9"", Gregg Ruled', 'Fiskars 8"" Scissors, 2/Pack')",1
"('Ampad Gold Fibre Wirebound Steno Books, 6"" x 9"", Gregg Ruled', 'Martin-Yale Premier Letter Opener')",1
"('Ampad Gold Fibre Wirebound Steno Books, 6"" x 9"", Gregg Ruled', 'Xerox 196')",1
"('Fiskars 8"" Scissors, 2/Pack', 'Martin-Yale Premier Letter Opener')",1
"('Fiskars 8"" Scissors, 2/Pack', 'Xerox 196')",1
"('Martin-Yale Premier Letter Opener', 'Xerox 196')",1
"('Acco Expandable Hanging Binders', 'Avery 486')",1
"('Acco Expandable Hanging Binders', 'Eldon Expressions Wood Desk Accessories, Oak')",1
"('Acco Expandable Hanging Binders', 'Sauder Camden County Collection Libraries, Planked Cherry Finish')",1
"('Avery 486', 'Eldon Expressions Wood Desk Accessories, Oak')",1
"('Avery 486', 'Sauder Camden County Collection Libraries, Planked Cherry Finish')",1
"('Eldon Expressions Wood Desk Accessories, Oak', 'Sauder Camden County Collection Libraries, Planked Cherry Finish')",1
"('Avery Heavy-Duty EZD  Binder With Locking Rings', 'DAX Copper Panel Document Frame, 5 x 7 Size')",1
"('Avery Heavy-Duty EZD  Binder With Locking Rings', 'Dixon Ticonderoga Pencils')",1
"('Avery Heavy-Duty EZD  Binder With Locking Rings', 'GBC DocuBind P50 Personal Binding Machine')",1
"('Avery Heavy-Duty EZD  Binder With Locking Rings', 'LF Elite 3D Dazzle Designer Hard Case Cover, Lf Stylus Pen and Wiper For Apple Iphone 5c Mini Lite')",1
"('Avery Heavy-Duty EZD  Binder With Locking Rings', 'Wilson Jones International Size A4 Ring Binders')",1
"('Avery Heavy-Duty EZD  Binder With Locking Rings', 'Xerox 23')",1
"('DAX Copper Panel Document Frame, 5 x 7 Size', 'Dixon Ticonderoga Pencils')",1
"('DAX Copper Panel Document Frame, 5 x 7 Size', 'GBC DocuBind P50 Personal Binding Machine')",1
"('DAX Copper Panel Document Frame, 5 x 7 Size', 'LF Elite 3D Dazzle Designer Hard Case Cover, Lf Stylus Pen and Wiper For Apple Iphone 5c Mini Lite')",1
"('DAX Copper Panel Document Frame, 5 x 7 Size', 'Wilson Jones International Size A4 Ring Binders')",1
"('DAX Copper Panel Document Frame, 5 x 7 Size', 'Xerox 23')",1
"('Dixon Ticonderoga Pencils', 'GBC DocuBind P50 Personal Binding Machine')",1
"('Dixon Ticonderoga Pencils', 'LF Elite 3D Dazzle Designer Hard Case Cover, Lf Stylus Pen and Wiper For Apple Iphone 5c Mini Lite')",1
"('Dixon Ticonderoga Pencils', 'Wilson Jones International Size A4 Ring Binders')",1
"('Dixon Ticonderoga Pencils', 'Xerox 23')",1
"('GBC DocuBind P50 Personal Binding Machine', 'LF Elite 3D Dazzle Designer Hard Case Cover, Lf Stylus Pen and Wiper For Apple Iphone 5c Mini Lite')",1
"('GBC DocuBind P50 Personal Binding Machine', 'Wilson Jones International Size A4 Ring Binders')",1
"('GBC DocuBind P50 Personal Binding Machine', 'Xerox 23')",1
"('LF Elite 3D Dazzle Designer Hard Case Cover, Lf Stylus Pen and Wiper For Apple Iphone 5c Mini Lite', 'Wilson Jones International Size A4 Ring Binders')",1
"('LF Elite 3D Dazzle Designer Hard Case Cover, Lf Stylus Pen and Wiper For Apple Iphone 5c Mini Lite', 'Xerox 23')",1
"('Wilson Jones International Size A4 Ring Binders', 'Xerox 23')",1
"('AT&T 841000 Phone', 'Ibico Recycled Grain-Textured Covers')",1
"('AT&T 841000 Phone', 'Wilson Jones Custom Binder Spines & Labels')",1
"('Ibico Recycled Grain-Textured Covers', 'Wilson Jones Custom Binder Spines & Labels')",1
"('Martin-Yale Premier Letter Opener', 'Presstex Flexible Ring Binders')",1
"('GBC Prepunched Paper, 19-Hole, for Binding Systems, 24-lb', 'Pressboard Hanging Data Binders for Unburst Sheets')",1
"('Avery 520', 'Bevis Traditional Conference Table Top, Plinth Base')",1
"('Avery 520', 'Global Leather Highback Executive Chair with Pneumatic Height Adjustment, Black')",1
"('Avery 520', 'Personal Folder Holder, Ebony')",1
"('Avery 520', 'Xerox 1964')",1
"('Bevis Traditional Conference Table Top, Plinth Base', 'Global Leather Highback Executive Chair with Pneumatic Height Adjustment, Black')",1
"('Bevis Traditional Conference Table Top, Plinth Base', 'Personal Folder Holder, Ebony')",1
"('Bevis Traditional Conference Table Top, Plinth Base', 'Xerox 1964')",1
"('Global Leather Highback Executive Chair with Pneumatic Height Adjustment, Black', 'Personal Folder Holder, Ebony')",1
"('Global Leather Highback Executive Chair with Pneumatic Height Adjustment, Black', 'Xerox 1964')",1
"('Personal Folder Holder, Ebony', 'Xerox 1964')",1
"('Anker Ultra-Slim Mini Bluetooth 3.0 Wireless Keyboard', 'LG Exalt')",1
"('GBC Wire Binding Strips', 'Global Leather Highback Executive Chair with Pneumatic Height Adjustment, Black')",1
"('GBC Wire Binding Strips', 'Gould Plastics 9-Pocket Panel Bin, 18-3/8w x 5-1/4d x 20-1/2h, Black')",1
"('Global Leather Highback Executive Chair with Pneumatic Height Adjustment, Black', 'Gould Plastics 9-Pocket Panel Bin, 18-3/8w x 5-1/4d x 20-1/2h, Black')",1
"('C-Line Magnetic Cubicle Keepers, Clear Polypropylene', 'Howard Miller 14-1/2"" Diameter Chrome Round Wall Clock')",1
"('Eaton Premium Continuous-Feed Paper, 25% Cotton, Letter Size, White, 1000 Shts/Box', 'Embossed Ink Jet Note Cards')",1
"('Eaton Premium Continuous-Feed Paper, 25% Cotton, Letter Size, White, 1000 Shts/Box', 'Executive Impressions 14"" Contract Wall Clock')",1
"('Eaton Premium Continuous-Feed Paper, 25% Cotton, Letter Size, White, 1000 Shts/Box', ""High-Back Leather Manager's Chair"")",1
"('Embossed Ink Jet Note Cards', 'Executive Impressions 14"" Contract Wall Clock')",1
"('Embossed Ink Jet Note Cards', ""High-Back Leather Manager's Chair"")",1
"('Executive Impressions 14"" Contract Wall Clock', ""High-Back Leather Manager's Chair"")",1
"('Green Bar Computer Printout Paper', 'Ibico EB-19 Dual Function Manual Binding System')",1
"('Green Bar Computer Printout Paper', 'XtraLife ClearVue Slant-D Ring Binder, White, 3""')",1
"('Ibico EB-19 Dual Function Manual Binding System', 'XtraLife ClearVue Slant-D Ring Binder, White, 3""')",1
"('Avery Self-Adhesive Photo Pockets for Polaroid Photos', 'Grandstream GXP1160 VoIP phone')",1
"('Avery Self-Adhesive Photo Pockets for Polaroid Photos', 'Wilson SignalBoost 841262 DB PRO Amplifier Kit')",1
"('Grandstream GXP1160 VoIP phone', 'Wilson SignalBoost 841262 DB PRO Amplifier Kit')",1
"('#10- 4 1/8"" x 9 1/2"" Security-Tint Envelopes', 'Sauder Facets Collection Locker/File Cabinet, Sky Alder Finish')",1
"('#10- 4 1/8"" x 9 1/2"" Security-Tint Envelopes', 'Tenex Chairmats For Use With Carpeted Floors')",1
"('#10- 4 1/8"" x 9 1/2"" Security-Tint Envelopes', 'Xerox 1886')",1
"('Sauder Facets Collection Locker/File Cabinet, Sky Alder Finish', 'Tenex Chairmats For Use With Carpeted Floors')",1
"('Sauder Facets Collection Locker/File Cabinet, Sky Alder Finish', 'Xerox 1886')",1
"('Tenex Chairmats For Use With Carpeted Floors', 'Xerox 1886')",1
"('Avery 488', 'Xerox Blank Computer Paper')",1
"('Avery Binding System Hidden Tab Executive Style Index Sets', 'Global Troy Executive Leather Low-Back Tilter')",1
"('Sony 64GB Class 10 Micro SDHC R40 Memory Card', 'Staples')",1
"('Clear Mylar Reinforcing Strips', 'Xerox 1894')",1
"('Clear Mylar Reinforcing Strips', 'Xerox 225')",1
"('Clear Mylar Reinforcing Strips', 'i.Sound Portable Power - 8000 mAh')",1
"('AmazonBasics 3-Button USB Wired Mouse', 'Xerox 216')",1
"('Xerox 1894', 'i.Sound Portable Power - 8000 mAh')",1
"('Xerox 225', 'i.Sound Portable Power - 8000 mAh')",1
"('Avery Framed View Binder, EZD Ring (Locking), Navy, 1 1/2""', 'Memorex 25GB 6X Branded Blu-Ray Recordable Disc, 15/Pack')",1
"('Avery Framed View Binder, EZD Ring (Locking), Navy, 1 1/2""', 'Recycled Easel Ring Binders')",1
"('Avery Framed View Binder, EZD Ring (Locking), Navy, 1 1/2""', 'Zebra GK420t Direct Thermal/Thermal Transfer Printer')",1
"('Memorex 25GB 6X Branded Blu-Ray Recordable Disc, 15/Pack', 'Recycled Easel Ring Binders')",1
"('Memorex 25GB 6X Branded Blu-Ray Recordable Disc, 15/Pack', 'Zebra GK420t Direct Thermal/Thermal Transfer Printer')",1
"('Recycled Easel Ring Binders', 'Zebra GK420t Direct Thermal/Thermal Transfer Printer')",1
"('Panasonic KX TS208W Corded phone', 'RSVP Cards & Envelopes, Blank White, 8-1/2"" X 11"", 24 Cards/25 Envelopes/Set')",1
"('Flat Face Poster Frame', 'SAFCO Boltless Steel Shelving')",1
"('Flat Face Poster Frame', 'WD My Passport Ultra 2TB Portable External Hard Drive')",1
"('SAFCO Boltless Steel Shelving', 'WD My Passport Ultra 2TB Portable External Hard Drive')",1
"('Bush Andora Conference Table, Maple/Graphite Gray Finish', 'Xerox 189')",1
"('GBC Clear Cover, 8-1/2 x 11, unpunched, 25 covers per pack', 'Honeywell Enviracaire Portable HEPA Air Cleaner for up to 10 x 16 Room')",1
"('Acco Pressboard Covers with Storage Hooks, 14 7/8"" x 11"", Light Blue', 'Hon 61000 Series Interactive Training Tables')",1
"('Case Logic 2.4GHz Wireless Keyboard', 'Tenex Personal Self-Stacking Standard File Box, Black/Gray')",1
"('Advantus Push Pins', 'GBC DocuBind P100 Manual Binding Machine')",1
"('Global Leather Executive Chair', 'Logitech G500s Laser Gaming Mouse with Adjustable Weight Tuning')",1
"('Global Leather Executive Chair', 'Plantronics CS510 - Over-the-Head monaural Wireless Headset System')",1
"('Logitech G500s Laser Gaming Mouse with Adjustable Weight Tuning', 'Plantronics CS510 - Over-the-Head monaural Wireless Headset System')",1
"('Avery 503', 'Premium Transparent Presentation Covers by GBC')",1
"('Avery 503', 'Prismacolor Color Pencil Set')",1
"('Premium Transparent Presentation Covers by GBC', 'Prismacolor Color Pencil Set')",1
"('4009 Highlighters', 'Iceberg Mobile Mega Data/Printer Cart ')",1
"('4009 Highlighters', 'Logitech Wireless Marathon Mouse M705')",1
"('Iceberg Mobile Mega Data/Printer Cart ', 'Logitech Wireless Marathon Mouse M705')",1
"('Global Deluxe High-Back Office Chair in Storm', ""O'Sullivan 2-Shelf Heavy-Duty Bookcases"")",1
"('Global Ergonomic Managers Chair', 'Global Super Steno Chair')",1
"('Avery Binder Labels', 'Kingston Digital DataTraveler 16GB USB 2.0')",1
"('Avery Binder Labels', 'Logitech Trackman Marble Mouse')",1
"('Avery Binder Labels', 'Plantronics S12 Corded Telephone Headset System')",1
"('Avery Binder Labels', 'Trimflex Flexible Post Binders')",1
"('Avery Binder Labels', 'Xerox 191')",1
"('Avery Binder Labels', 'Xerox 230')",1
"('Kingston Digital DataTraveler 16GB USB 2.0', 'Logitech Trackman Marble Mouse')",1
"('Kingston Digital DataTraveler 16GB USB 2.0', 'Plantronics S12 Corded Telephone Headset System')",1
"('Kingston Digital DataTraveler 16GB USB 2.0', 'Trimflex Flexible Post Binders')",1
"('Kingston Digital DataTraveler 16GB USB 2.0', 'Xerox 191')",1
"('Kingston Digital DataTraveler 16GB USB 2.0', 'Xerox 230')",1
"('Logitech Trackman Marble Mouse', 'Plantronics S12 Corded Telephone Headset System')",1
"('Logitech Trackman Marble Mouse', 'Trimflex Flexible Post Binders')",1
"('Logitech Trackman Marble Mouse', 'Xerox 191')",1
"('Logitech Trackman Marble Mouse', 'Xerox 230')",1
"('Plantronics S12 Corded Telephone Headset System', 'Trimflex Flexible Post Binders')",1
"('Plantronics S12 Corded Telephone Headset System', 'Xerox 191')",1
"('Plantronics S12 Corded Telephone Headset System', 'Xerox 230')",1
"('Trimflex Flexible Post Binders', 'Xerox 191')",1
"('Trimflex Flexible Post Binders', 'Xerox 230')",1
"('Xerox 191', 'Xerox 230')",1
"('Bevis Steel Folding Chairs', 'Xerox 1909')",1
"('9-3/4 Diameter Round Wall Clock', 'Recycled Data-Pak for Archival Bound Computer Printouts, 12-1/2 x 12-1/2 x 16')",1
"('9-3/4 Diameter Round Wall Clock', 'iOttie HLCRIO102 Car Mount')",1
"('Recycled Data-Pak for Archival Bound Computer Printouts, 12-1/2 x 12-1/2 x 16', 'iOttie HLCRIO102 Car Mount')",1
"('GBC Linen Binding Covers', 'Microsoft Sculpt Comfort Mouse')",1
"('GBC Linen Binding Covers', 'Tennsco Double-Tier Lockers')",1
"('Microsoft Sculpt Comfort Mouse', 'Tennsco Double-Tier Lockers')",1
"('GBC Standard Therm-A-Bind Covers', 'Ibico Plastic and Wire Spiral Binding Combs')",1
"('GBC Standard Therm-A-Bind Covers', ""Jet-Pak Recycled Peel 'N' Seal Padded Mailers"")",1
"('GBC Standard Therm-A-Bind Covers', 'Plantronics Calisto P620-M USB Wireless Speakerphone System')",1
"('GBC Standard Therm-A-Bind Covers', 'Snap-A-Way Black Print Carbonless Ruled Speed Letter, Triplicate')",1
"('GBC Standard Therm-A-Bind Covers', 'Xerox 1880')",1
"('Google Nexus 5', 'Ibico Plastic and Wire Spiral Binding Combs')",1
"('Google Nexus 5', ""Jet-Pak Recycled Peel 'N' Seal Padded Mailers"")",1
"('Google Nexus 5', 'Plantronics Calisto P620-M USB Wireless Speakerphone System')",1
"('Google Nexus 5', 'Snap-A-Way Black Print Carbonless Ruled Speed Letter, Triplicate')",1
"('Google Nexus 5', 'Xerox 1880')",1
"('Ibico Plastic and Wire Spiral Binding Combs', ""Jet-Pak Recycled Peel 'N' Seal Padded Mailers"")",1
"('Ibico Plastic and Wire Spiral Binding Combs', 'Plantronics Calisto P620-M USB Wireless Speakerphone System')",1
"('Ibico Plastic and Wire Spiral Binding Combs', 'Snap-A-Way Black Print Carbonless Ruled Speed Letter, Triplicate')",1
"('Ibico Plastic and Wire Spiral Binding Combs', 'Xerox 1880')",1
"(""Jet-Pak Recycled Peel 'N' Seal Padded Mailers"", 'Plantronics Calisto P620-M USB Wireless Speakerphone System')",1
"(""Jet-Pak Recycled Peel 'N' Seal Padded Mailers"", 'Snap-A-Way Black Print Carbonless Ruled Speed Letter, Triplicate')",1
"(""Jet-Pak Recycled Peel 'N' Seal Padded Mailers"", 'Xerox 1880')",1
"('Plantronics Calisto P620-M USB Wireless Speakerphone System', 'Snap-A-Way Black Print Carbonless Ruled Speed Letter, Triplicate')",1
"('Plantronics Calisto P620-M USB Wireless Speakerphone System', 'Xerox 1880')",1
"('Snap-A-Way Black Print Carbonless Ruled Speed Letter, Triplicate', 'Xerox 1880')",1
"('Case Logic 2.4GHz Wireless Keyboard', 'Xerox 1907')",1
"('Bionaire Personal Warm Mist Humidifier/Vaporizer', 'Logitech Wireless Performance Mouse MX for PC and Mac')",1
"('Bionaire Personal Warm Mist Humidifier/Vaporizer', 'Nortel Meridian M3904 Professional Digital phone')",1
"('Logitech Wireless Performance Mouse MX for PC and Mac', 'Nortel Meridian M3904 Professional Digital phone')",1
"('Kingston Digital DataTraveler 32GB USB 2.0', 'Sterilite Officeware Hinged File Box')",1
"('Bretford Rectangular Conference Table Tops', 'Bush Advantage Collection Round Conference Table')",1
"('Bretford Rectangular Conference Table Tops', 'GBC Instant Index System for Binding Systems')",1
"('Bretford Rectangular Conference Table Tops', 'Logitech\xa0P710e Mobile Speakerphone')",1
"('Bretford Rectangular Conference Table Tops', 'Tenex Contemporary Contur Chairmats for Low and Medium Pile Carpet, Computer, 39"" x 49""')",1
"('Bush Advantage Collection Round Conference Table', 'GBC Instant Index System for Binding Systems')",1
"('Bush Advantage Collection Round Conference Table', 'Logitech\xa0P710e Mobile Speakerphone')",1
"('Bush Advantage Collection Round Conference Table', 'Tenex Contemporary Contur Chairmats for Low and Medium Pile Carpet, Computer, 39"" x 49""')",1
"('GBC Instant Index System for Binding Systems', 'Logitech\xa0P710e Mobile Speakerphone')",1
"('GBC Instant Index System for Binding Systems', 'Tenex Contemporary Contur Chairmats for Low and Medium Pile Carpet, Computer, 39"" x 49""')",1
"('Logitech\xa0P710e Mobile Speakerphone', 'Tenex Contemporary Contur Chairmats for Low and Medium Pile Carpet, Computer, 39"" x 49""')",1
"('Mitel MiVoice 5330e IP Phone', 'Safco Commercial Shelving')",1
"('Mitel MiVoice 5330e IP Phone', 'Xerox 214')",1
"('Safco Commercial Shelving', 'Xerox 214')",1
"('Acco Recycled 2"" Capacity Laser Printer Hanging Data Binders', 'Grandstream GXP1160 VoIP phone')",1
"('Avery Metallic Poly Binders', 'GBC DocuBind TL300 Electric Binding System')",1
"('Holmes Visible Mist Ultrasonic Humidifier with 2.3-Gallon Output per Day, Replacement Filter', 'Hoover Replacement Belt for Commercial Guardsman Heavy-Duty Upright Vacuum')",1
"('Holmes Visible Mist Ultrasonic Humidifier with 2.3-Gallon Output per Day, Replacement Filter', 'Xerox 1982')",1
"('Hoover Replacement Belt for Commercial Guardsman Heavy-Duty Upright Vacuum', 'Xerox 1982')",1
"('Motorola HK250 Universal Bluetooth Headset', 'Tuf-Vin Binders')",1
"('Newell 345', 'Staples')",1
"('Newell 345', 'Sterilite Officeware Hinged File Box')",1
"('Staples', 'Sterilite Officeware Hinged File Box')",1
"('Acco D-Ring Binder w/DublLock', 'Logitech 910-002974 M325 Wireless Mouse for Web Scrolling')",1
"('Acco D-Ring Binder w/DublLock', 'Maxell 74 Minute CDR, 10/Pack')",1
"('Acco D-Ring Binder w/DublLock', 'Wilson Jones Ledger-Size, Piano-Hinge Binder, 2"", Blue')",1
"('Logitech 910-002974 M325 Wireless Mouse for Web Scrolling', 'Maxell 74 Minute CDR, 10/Pack')",1
"('Logitech 910-002974 M325 Wireless Mouse for Web Scrolling', 'Wilson Jones Ledger-Size, Piano-Hinge Binder, 2"", Blue')",1
"('Maxell 74 Minute CDR, 10/Pack', 'Wilson Jones Ledger-Size, Piano-Hinge Binder, 2"", Blue')",1
"('Avaya 5420 Digital phone', 'DAX Solid Wood Frames')",1
"('Avaya 5420 Digital phone', 'Southworth 25% Cotton Premium Laser Paper and Envelopes')",1
"('DAX Solid Wood Frames', 'Southworth 25% Cotton Premium Laser Paper and Envelopes')",1
"('Jabra SPEAK 410 Multidevice Speakerphone', 'Newell 320')",1
"('Jabra SPEAK 410 Multidevice Speakerphone', 'Storex Dura Pro Binders')",1
"('Newell 320', 'Storex Dura Pro Binders')",1
"('Artistic Insta-Plaque', 'Samsung Galaxy Mega 6.3')",1
"('Chromcraft Round Conference Tables', 'Microsoft Sculpt Comfort Mouse')",1
"('Imation\xa08GB Mini TravelDrive USB 2.0\xa0Flash Drive', 'Mobile Personal File Cube')",1
"('Fellowes PB300 Plastic Comb Binding Machine', 'Stackable Trays')",1
"('Fellowes PB300 Plastic Comb Binding Machine', 'Staples')",1
"('Fellowes PB300 Plastic Comb Binding Machine', 'Wilson Jones Hanging View Binder, White, 1""')",1
"('Fellowes PB300 Plastic Comb Binding Machine', 'Xerox 1895')",1
"('Stackable Trays', 'Staples')",1
"('Stackable Trays', 'Wilson Jones Hanging View Binder, White, 1""')",1
"('Stackable Trays', 'Xerox 1895')",1
"('Staples', 'Wilson Jones Hanging View Binder, White, 1""')",1
"('Staples', 'Xerox 1895')",1
"('Wilson Jones Hanging View Binder, White, 1""', 'Xerox 1895')",1
"('12-1/2 Diameter Round Wall Clock', 'Adams Telephone Message Book W/Dividers/Space For Phone Numbers, 5 1/4""X8 1/2"", 200/Messages')",1
"('12-1/2 Diameter Round Wall Clock', 'Chromcraft Bull-Nose Wood Round Conference Table Top, Wood Base')",1
"('Adams Telephone Message Book W/Dividers/Space For Phone Numbers, 5 1/4""X8 1/2"", 200/Messages', 'Chromcraft Bull-Nose Wood Round Conference Table Top, Wood Base')",1
"('Avery Durable Slant Ring Binders, No Labels', 'Trav-L-File Heavy-Duty Shuttle II, Black')",1
"('First Data TMFD35 PIN Pad', 'Logitech G430 Surround Sound Gaming Headset with Dolby 7.1 Technology')",1
"('First Data TMFD35 PIN Pad', 'Newell 310')",1
"('Logitech G430 Surround Sound Gaming Headset with Dolby 7.1 Technology', 'Newell 310')",1
"('Fellowes Bases and Tops For Staxonsteel/High-Stak Systems', 'Plantronics Encore H101 Dual Earpieces\xa0Headset')",1
"('Fellowes Bases and Tops For Staxonsteel/High-Stak Systems', 'Tenex ""The Solids"" Textured Chair Mats')",1
"('Fellowes Bases and Tops For Staxonsteel/High-Stak Systems', 'Xerox 1933')",1
"('Plantronics Encore H101 Dual Earpieces\xa0Headset', 'Tenex ""The Solids"" Textured Chair Mats')",1
"('Plantronics Encore H101 Dual Earpieces\xa0Headset', 'Xerox 1933')",1
"('Tenex ""The Solids"" Textured Chair Mats', 'Xerox 1933')",1
"('GBC VeloBinder Electric Binding Machine', 'Memorex Micro Travel Drive 16 GB')",1
"('GBC VeloBinder Electric Binding Machine', 'Rogers Deluxe File Chest')",1
"('Memorex Micro Travel Drive 16 GB', 'Rogers Deluxe File Chest')",1
"('Insertable Tab Post Binder Dividers', 'Staples')",1
"('Acco PRESSTEX Data Binder with Storage Hooks, Light Blue, 9 1/2"" X 11""', 'Tenex B1-RE Series Chair Mats for Low Pile Carpets')",1
"('Office Star - Task Chair with Contemporary Loop Arms', 'Tenex B1-RE Series Chair Mats for Low Pile Carpets')",1
"('Office Star - Task Chair with Contemporary Loop Arms', 'Xerox 1977')",1
"('Tenex B1-RE Series Chair Mats for Low Pile Carpets', 'Xerox 1977')",1
"('Acco Flexible ACCOHIDE Square Ring Data Binder, Dark Blue, 11 1/2"" X 14"" 7/8""', 'Avery Address/Shipping Labels for Typewriters, 4"" x 2""')",1
"('Acco Flexible ACCOHIDE Square Ring Data Binder, Dark Blue, 11 1/2"" X 14"" 7/8""', 'Chromcraft Rectangular Conference Tables')",1
"('Acco Flexible ACCOHIDE Square Ring Data Binder, Dark Blue, 11 1/2"" X 14"" 7/8""', 'Cisco 8x8 Inc. 6753i IP Business Phone System')",1
"('Acco Flexible ACCOHIDE Square Ring Data Binder, Dark Blue, 11 1/2"" X 14"" 7/8""', 'Fellowes Command Center 5-outlet power strip')",1
"('Acco Flexible ACCOHIDE Square Ring Data Binder, Dark Blue, 11 1/2"" X 14"" 7/8""', 'Newell 336')",1
"('Acco Flexible ACCOHIDE Square Ring Data Binder, Dark Blue, 11 1/2"" X 14"" 7/8""', 'Tenex Chairmats For Use with Hard Floors')",1
"('Avery Address/Shipping Labels for Typewriters, 4"" x 2""', 'Chromcraft Rectangular Conference Tables')",1
"('Avery Address/Shipping Labels for Typewriters, 4"" x 2""', 'Cisco 8x8 Inc. 6753i IP Business Phone System')",1
"('Avery Address/Shipping Labels for Typewriters, 4"" x 2""', 'Fellowes Command Center 5-outlet power strip')",1
"('Avery Address/Shipping Labels for Typewriters, 4"" x 2""', 'Newell 336')",1
"('Avery Address/Shipping Labels for Typewriters, 4"" x 2""', 'Tenex Chairmats For Use with Hard Floors')",1
"('Chromcraft Rectangular Conference Tables', 'Cisco 8x8 Inc. 6753i IP Business Phone System')",1
"('Chromcraft Rectangular Conference Tables', 'Fellowes Command Center 5-outlet power strip')",1
"('Chromcraft Rectangular Conference Tables', 'Newell 336')",1
"('Chromcraft Rectangular Conference Tables', 'Tenex Chairmats For Use with Hard Floors')",1
"('Cisco 8x8 Inc. 6753i IP Business Phone System', 'Fellowes Command Center 5-outlet power strip')",1
"('Cisco 8x8 Inc. 6753i IP Business Phone System', 'Newell 336')",1
"('Cisco 8x8 Inc. 6753i IP Business Phone System', 'Tenex Chairmats For Use with Hard Floors')",1
"('Fellowes Command Center 5-outlet power strip', 'Newell 336')",1
"('Fellowes Command Center 5-outlet power strip', 'Tenex Chairmats For Use with Hard Floors')",1
"('Newell 336', 'Tenex Chairmats For Use with Hard Floors')",1
"('Riverside Palais Royal Lawyers Bookcase, Royale Cherry Finish', 'Shocksock Galaxy S4 Armband')",1
"('Contract Clock, 14"", Brown', 'Heavy-Duty E-Z-D Binders')",1
"('Deflect-o RollaMat Studded, Beveled Mat for Medium Pile Carpeting', 'Luxo Professional Fluorescent Magnifier Lamp with Clamp-Mount Base')",1
"('Deflect-o RollaMat Studded, Beveled Mat for Medium Pile Carpeting', 'Riverside Furniture Oval Coffee Table, Oval End Table, End Table with Drawer')",1
"('Deflect-o RollaMat Studded, Beveled Mat for Medium Pile Carpeting', 'Xerox 210')",1
"('Deflect-o RollaMat Studded, Beveled Mat for Medium Pile Carpeting', 'Xerox 4200 Series MultiUse Premium Copy Paper (20Lb. and 84 Bright)')",1
"('Luxo Professional Fluorescent Magnifier Lamp with Clamp-Mount Base', 'Riverside Furniture Oval Coffee Table, Oval End Table, End Table with Drawer')",1
"('Luxo Professional Fluorescent Magnifier Lamp with Clamp-Mount Base', 'Xerox 210')",1
"('Luxo Professional Fluorescent Magnifier Lamp with Clamp-Mount Base', 'Xerox 4200 Series MultiUse Premium Copy Paper (20Lb. and 84 Bright)')",1
"('Riverside Furniture Oval Coffee Table, Oval End Table, End Table with Drawer', 'Xerox 210')",1
"('Riverside Furniture Oval Coffee Table, Oval End Table, End Table with Drawer', 'Xerox 4200 Series MultiUse Premium Copy Paper (20Lb. and 84 Bright)')",1
"('Xerox 210', 'Xerox 4200 Series MultiUse Premium Copy Paper (20Lb. and 84 Bright)')",1
"('24-Hour Round Wall Clock', 'SAFCO Arco Folding Chair')",1
"('24-Hour Round Wall Clock', 'SAFCO Optional Arm Kit for Workspace Cribbage Stacking Chair')",1
"('SAFCO Arco Folding Chair', 'SAFCO Optional Arm Kit for Workspace Cribbage Stacking Chair')",1
"('Avery 517', 'GBC Velobind Prepunched Cover Sets, Regency Series')",1
"('Avery 517', 'Motorla HX550 Universal Bluetooth Headset')",1
"('GBC Velobind Prepunched Cover Sets, Regency Series', 'Motorla HX550 Universal Bluetooth Headset')",1
"('Bevis Round Conference Table Top, X-Base', 'Message Book, Wirebound, Four 5 1/2"" X 4"" Forms/Pg., 200 Dupl. Sets/Book')",1
"('Bevis Round Conference Table Top, X-Base', 'Wirebound Four 2-3/4 x 5 Forms per Page, 400 Sets per Book')",1
"('Message Book, Wirebound, Four 5 1/2"" X 4"" Forms/Pg., 200 Dupl. Sets/Book', 'Wirebound Four 2-3/4 x 5 Forms per Page, 400 Sets per Book')",1
"('GBC DocuBind TL200 Manual Binding Machine', 'Global Commerce Series Low-Back Swivel/Tilt Chairs')",1
"('Aluminum Screw Posts', 'Hon 4-Shelf Metal Bookcases')",1
"('Aluminum Screw Posts', 'Hon GuestStacker Chair')",1
"('Aluminum Screw Posts', 'Letter Size Cart')",1
"('Aluminum Screw Posts', 'Macally Suction Cup Mount')",1
"('Aluminum Screw Posts', 'Seidio BD2-HK3IPH5-BK DILEX Case and Holster Combo for Apple iPhone 5/5s - Black')",1
"('Aluminum Screw Posts', 'Tenex 46"" x 60"" Computer Anti-Static Chairmat, Rectangular Shaped')",1
"('Hon 4-Shelf Metal Bookcases', 'Hon GuestStacker Chair')",1
"('Hon 4-Shelf Metal Bookcases', 'Letter Size Cart')",1
"('Hon 4-Shelf Metal Bookcases', 'Macally Suction Cup Mount')",1
"('Hon 4-Shelf Metal Bookcases', 'Seidio BD2-HK3IPH5-BK DILEX Case and Holster Combo for Apple iPhone 5/5s - Black')",1
"('Hon 4-Shelf Metal Bookcases', 'Tenex 46"" x 60"" Computer Anti-Static Chairmat, Rectangular Shaped')",1
"('Hon GuestStacker Chair', 'Letter Size Cart')",1
"('Hon GuestStacker Chair', 'Macally Suction Cup Mount')",1
"('Hon GuestStacker Chair', 'Seidio BD2-HK3IPH5-BK DILEX Case and Holster Combo for Apple iPhone 5/5s - Black')",1
"('Hon GuestStacker Chair', 'Tenex 46"" x 60"" Computer Anti-Static Chairmat, Rectangular Shaped')",1
"('Letter Size Cart', 'Macally Suction Cup Mount')",1
"('Letter Size Cart', 'Seidio BD2-HK3IPH5-BK DILEX Case and Holster Combo for Apple iPhone 5/5s - Black')",1
"('Letter Size Cart', 'Tenex 46"" x 60"" Computer Anti-Static Chairmat, Rectangular Shaped')",1
"('Macally Suction Cup Mount', 'Seidio BD2-HK3IPH5-BK DILEX Case and Holster Combo for Apple iPhone 5/5s - Black')",1
"('Macally Suction Cup Mount', 'Tenex 46"" x 60"" Computer Anti-Static Chairmat, Rectangular Shaped')",1
"('Seidio BD2-HK3IPH5-BK DILEX Case and Holster Combo for Apple iPhone 5/5s - Black', 'Tenex 46"" x 60"" Computer Anti-Static Chairmat, Rectangular Shaped')",1
"('Great White Multi-Use Recycled Paper (20Lb. and 84 Bright)', 'PayAnywhere Card Reader')",1
"('Belkin 5 Outlet SurgeMaster Power Centers', 'Cardinal Poly Pocket Divider Pockets for Ring Binders')",1
"('Belkin 5 Outlet SurgeMaster Power Centers', 'Leather Task Chair, Black')",1
"('Belkin 5 Outlet SurgeMaster Power Centers', 'Peel-Off China Markers')",1
"('Belkin 5 Outlet SurgeMaster Power Centers', 'Tenex 46"" x 60"" Computer Anti-Static Chairmat, Rectangular Shaped')",1
"('Cardinal Poly Pocket Divider Pockets for Ring Binders', 'Leather Task Chair, Black')",1
"('Cardinal Poly Pocket Divider Pockets for Ring Binders', 'Peel-Off China Markers')",1
"('Cardinal Poly Pocket Divider Pockets for Ring Binders', 'Tenex 46"" x 60"" Computer Anti-Static Chairmat, Rectangular Shaped')",1
"('Leather Task Chair, Black', 'Peel-Off China Markers')",1
"('Leather Task Chair, Black', 'Tenex 46"" x 60"" Computer Anti-Static Chairmat, Rectangular Shaped')",1
"('Peel-Off China Markers', 'Tenex 46"" x 60"" Computer Anti-Static Chairmat, Rectangular Shaped')",1
"('Eldon 400 Class Desk Accessories, Black Carbon', 'Fellowes Stor/Drawer Steel Plus Storage Drawers')",1
"('Eldon 400 Class Desk Accessories, Black Carbon', 'Nokia Lumia 925')",1
"('Fellowes Stor/Drawer Steel Plus Storage Drawers', 'Nokia Lumia 925')",1
"('Bevis Oval Conference Table, Walnut', 'Hon 61000 Series Interactive Training Tables')",1
"('Global Value Steno Chair, Gray', 'Xerox 213')",1
"('Acco Smartsocket Color-Coded Six-Outlet AC Adapter Model Surge Protectors', 'Avery Arch Ring Binders')",1
"('Acco Smartsocket Color-Coded Six-Outlet AC Adapter Model Surge Protectors', 'Clearsounds A400')",1
"('Acco Smartsocket Color-Coded Six-Outlet AC Adapter Model Surge Protectors', 'Hewlett Packard 310 Color Digital Copier')",1
"('Acco Smartsocket Color-Coded Six-Outlet AC Adapter Model Surge Protectors', 'Staples')",1
"('Avery Arch Ring Binders', 'Clearsounds A400')",1
"('Avery Arch Ring Binders', 'Hewlett Packard 310 Color Digital Copier')",1
"('Avery Arch Ring Binders', 'Staples')",1
"('Clearsounds A400', 'Hewlett Packard 310 Color Digital Copier')",1
"('Clearsounds A400', 'Staples')",1
"('Hewlett Packard 310 Color Digital Copier', 'Staples')",1
"('6"" Cubicle Wall Clock, Black', 'Economy Binders')",1
"('6"" Cubicle Wall Clock, Black', 'SimpliFile Personal File, Black Granite, 15w x 6-15/16d x 11-1/4h')",1
"('Economy Binders', 'SimpliFile Personal File, Black Granite, 15w x 6-15/16d x 11-1/4h')",1
"('Eldon Expressions Punched Metal & Wood Desk Accessories, Pewter & Cherry', 'GBC Prepunched Paper, 19-Hole, for Binding Systems, 24-lb')",1
"('Eldon Expressions Punched Metal & Wood Desk Accessories, Pewter & Cherry', 'Global Low Back Tilter Chair')",1
"('Eldon Expressions Punched Metal & Wood Desk Accessories, Pewter & Cherry', 'Microsoft Sculpt Comfort Mouse')",1
"('Eldon Expressions Punched Metal & Wood Desk Accessories, Pewter & Cherry', 'Plantronics S12 Corded Telephone Headset System')",1
"('Eldon Expressions Punched Metal & Wood Desk Accessories, Pewter & Cherry', 'Quartet Omega Colored Chalk, 12/Pack')",1
"('Eldon Expressions Punched Metal & Wood Desk Accessories, Pewter & Cherry', 'Samsung Galaxy Note 2')",1
"('Eldon Expressions Punched Metal & Wood Desk Accessories, Pewter & Cherry', 'Wilson Jones Standard D-Ring Binders')",1
"('GBC Prepunched Paper, 19-Hole, for Binding Systems, 24-lb', 'Global Low Back Tilter Chair')",1
"('GBC Prepunched Paper, 19-Hole, for Binding Systems, 24-lb', 'Microsoft Sculpt Comfort Mouse')",1
"('GBC Prepunched Paper, 19-Hole, for Binding Systems, 24-lb', 'Plantronics S12 Corded Telephone Headset System')",1
"('GBC Prepunched Paper, 19-Hole, for Binding Systems, 24-lb', 'Quartet Omega Colored Chalk, 12/Pack')",1
"('GBC Prepunched Paper, 19-Hole, for Binding Systems, 24-lb', 'Samsung Galaxy Note 2')",1
"('GBC Prepunched Paper, 19-Hole, for Binding Systems, 24-lb', 'Wilson Jones Standard D-Ring Binders')",1
"('Global Low Back Tilter Chair', 'Microsoft Sculpt Comfort Mouse')",1
"('Global Low Back Tilter Chair', 'Plantronics S12 Corded Telephone Headset System')",1
"('Global Low Back Tilter Chair', 'Quartet Omega Colored Chalk, 12/Pack')",1
"('Global Low Back Tilter Chair', 'Samsung Galaxy Note 2')",1
"('Global Low Back Tilter Chair', 'Wilson Jones Standard D-Ring Binders')",1
"('Microsoft Sculpt Comfort Mouse', 'Plantronics S12 Corded Telephone Headset System')",1
"('Microsoft Sculpt Comfort Mouse', 'Quartet Omega Colored Chalk, 12/Pack')",1
"('Microsoft Sculpt Comfort Mouse', 'Samsung Galaxy Note 2')",1
"('Microsoft Sculpt Comfort Mouse', 'Wilson Jones Standard D-Ring Binders')",1
"('Plantronics S12 Corded Telephone Headset System', 'Quartet Omega Colored Chalk, 12/Pack')",1
"('Plantronics S12 Corded Telephone Headset System', 'Samsung Galaxy Note 2')",1
"('Plantronics S12 Corded Telephone Headset System', 'Wilson Jones Standard D-Ring Binders')",1
"('Quartet Omega Colored Chalk, 12/Pack', 'Samsung Galaxy Note 2')",1
"('Quartet Omega Colored Chalk, 12/Pack', 'Wilson Jones Standard D-Ring Binders')",1
"('Samsung Galaxy Note 2', 'Wilson Jones Standard D-Ring Binders')",1
"('Global Task Chair, Black', 'Storex Dura Pro Binders')",1
"('Boston 1645 Deluxe Heavier-Duty Electric Pencil Sharpener', 'Hon 4700 Series Mobuis Mid-Back Task Chairs with Adjustable Arms')",1
"('Boston 1645 Deluxe Heavier-Duty Electric Pencil Sharpener', 'Newell 312')",1
"('Hon 4700 Series Mobuis Mid-Back Task Chairs with Adjustable Arms', 'Newell 312')",1
"('Hoover Portapower Portable Vacuum', 'Howard Miller 13-1/2"" Diameter Rosebrook Wall Clock')",1
"('Hoover Portapower Portable Vacuum', 'Ibico Hi-Tech Manual Binding System')",1
"('Hoover Portapower Portable Vacuum', 'Verbatim 25 GB 6x Blu-ray Single Layer Recordable Disc, 10/Pack')",1
"('Howard Miller 13-1/2"" Diameter Rosebrook Wall Clock', 'Ibico Hi-Tech Manual Binding System')",1
"('Howard Miller 13-1/2"" Diameter Rosebrook Wall Clock', 'Verbatim 25 GB 6x Blu-ray Single Layer Recordable Disc, 10/Pack')",1
"('Ibico Hi-Tech Manual Binding System', 'Verbatim 25 GB 6x Blu-ray Single Layer Recordable Disc, 10/Pack')",1
"('Avery 497', 'Crate-A-Files')",1
"('Avery 497', 'Howard Miller 13-3/4"" Diameter Brushed Chrome Round Wall Clock')",1
"('Crate-A-Files', 'Howard Miller 13-3/4"" Diameter Brushed Chrome Round Wall Clock')",1
"('AT&T CL83451 4-Handset Telephone', 'Manco Dry-Lighter Erasable Highlighter')",1
"('Boston 16801 Nautilus Battery Pencil Sharpener', 'Fellowes Officeware Wire Shelving')",1
"('Boston 16801 Nautilus Battery Pencil Sharpener', 'Global Leather Executive Chair')",1
"('Boston 16801 Nautilus Battery Pencil Sharpener', 'Newell 319')",1
"('Boston 16801 Nautilus Battery Pencil Sharpener', 'Sortfiler Multipurpose Personal File Organizer, Black')",1
"('Fellowes Officeware Wire Shelving', 'Global Leather Executive Chair')",1
"('Fellowes Officeware Wire Shelving', 'Newell 319')",1
"('Fellowes Officeware Wire Shelving', 'Sortfiler Multipurpose Personal File Organizer, Black')",1
"('Global Leather Executive Chair', 'Newell 319')",1
"('Global Leather Executive Chair', 'Sortfiler Multipurpose Personal File Organizer, Black')",1
"('Newell 319', 'Sortfiler Multipurpose Personal File Organizer, Black')",1
"('Nokia Lumia 521 (T-Mobile)', 'Sauder Forest Hills Library with Doors, Woodland Oak Finish')",1
"('Carina 42""Hx23 3/4""W Media Storage Unit', 'SanDisk Ultra 32 GB MicroSDHC Class 10 Memory Card')",1
"('Acme Galleria Hot Forged Steel Scissors with Colored Handles', ""Eldon Fold 'N Roll Cart System"")",1
"('Acme Galleria Hot Forged Steel Scissors with Colored Handles', 'Staples')",1
"('Acme Galleria Hot Forged Steel Scissors with Colored Handles', 'Tennsco Commercial Shelving')",1
"(""Eldon Fold 'N Roll Cart System"", 'Staples')",1
"(""Eldon Fold 'N Roll Cart System"", 'Tennsco Commercial Shelving')",1
"('Staples', 'Tennsco Commercial Shelving')",1
"('Pressboard Covers with Storage Hooks, 9 1/2"" x 11"", Light Blue', 'Wirebound Message Books, 5-1/2 x 4 Forms, 2 or 4 Forms per Page')",1
"('Canon PC-428 Personal Copier', 'DAX Black Cherry Wood-Tone Poster Frame')",1
"('Canon PC-428 Personal Copier', 'Global Armless Task Chair, Royal Blue')",1
"('Canon PC-428 Personal Copier', 'Premier Elliptical Ring Binder, Black')",1
"('Canon PC-428 Personal Copier', 'Vinyl Coated Wire Paper Clips in Organizer Box, 800/Box')",1
"('Canon PC-428 Personal Copier', 'Xerox 205')",1
"('DAX Black Cherry Wood-Tone Poster Frame', 'Global Armless Task Chair, Royal Blue')",1
"('DAX Black Cherry Wood-Tone Poster Frame', 'Premier Elliptical Ring Binder, Black')",1
"('DAX Black Cherry Wood-Tone Poster Frame', 'Vinyl Coated Wire Paper Clips in Organizer Box, 800/Box')",1
"('DAX Black Cherry Wood-Tone Poster Frame', 'Xerox 205')",1
"('Global Armless Task Chair, Royal Blue', 'Premier Elliptical Ring Binder, Black')",1
"('Global Armless Task Chair, Royal Blue', 'Vinyl Coated Wire Paper Clips in Organizer Box, 800/Box')",1
"('Global Armless Task Chair, Royal Blue', 'Xerox 205')",1
"('Premier Elliptical Ring Binder, Black', 'Vinyl Coated Wire Paper Clips in Organizer Box, 800/Box')",1
"('Premier Elliptical Ring Binder, Black', 'Xerox 205')",1
"('Vinyl Coated Wire Paper Clips in Organizer Box, 800/Box', 'Xerox 205')",1
"('Euro Pro Shark Stick Mini Vacuum', 'OtterBox Commuter Series Case - Samsung Galaxy S4')",1
"('Euro Pro Shark Stick Mini Vacuum', 'Xerox 217')",1
"('OtterBox Commuter Series Case - Samsung Galaxy S4', 'Xerox 217')",1
"('Dana Halogen Swing-Arm Architect Lamp', 'GBC DocuBind P50 Personal Binding Machine')",1
"('Dana Halogen Swing-Arm Architect Lamp', 'Gould Plastics 18-Pocket Panel Bin, 34w x 5-1/4d x 20-1/2h')",1
"('Dana Halogen Swing-Arm Architect Lamp', 'Kensington 7 Outlet MasterPiece HOMEOFFICE Power Control Center')",1
"('Dana Halogen Swing-Arm Architect Lamp', 'Lenovo 17-Key USB Numeric Keypad')",1
"('Dana Halogen Swing-Arm Architect Lamp', 'Xerox 1992')",1
"('GBC DocuBind P50 Personal Binding Machine', 'Gould Plastics 18-Pocket Panel Bin, 34w x 5-1/4d x 20-1/2h')",1
"('GBC DocuBind P50 Personal Binding Machine', 'Kensington 7 Outlet MasterPiece HOMEOFFICE Power Control Center')",1
"('GBC DocuBind P50 Personal Binding Machine', 'Lenovo 17-Key USB Numeric Keypad')",1
"('GBC DocuBind P50 Personal Binding Machine', 'Xerox 1992')",1
"('Gould Plastics 18-Pocket Panel Bin, 34w x 5-1/4d x 20-1/2h', 'Kensington 7 Outlet MasterPiece HOMEOFFICE Power Control Center')",1
"('Gould Plastics 18-Pocket Panel Bin, 34w x 5-1/4d x 20-1/2h', 'Lenovo 17-Key USB Numeric Keypad')",1
"('Gould Plastics 18-Pocket Panel Bin, 34w x 5-1/4d x 20-1/2h', 'Xerox 1992')",1
"('Kensington 7 Outlet MasterPiece HOMEOFFICE Power Control Center', 'Lenovo 17-Key USB Numeric Keypad')",1
"('Kensington 7 Outlet MasterPiece HOMEOFFICE Power Control Center', 'Xerox 1992')",1
"('Lenovo 17-Key USB Numeric Keypad', 'Xerox 1992')",1
"('Magnifier Swing Arm Lamp', 'Self-Adhesive Removable Labels')",1
"('Pyle PMP37LED', 'Westinghouse Floor Lamp with Metal Mesh Shade, Black')",1
"('Avanti 4.4 Cu. Ft. Refrigerator', 'Poly String Tie Envelopes')",1
"('Avanti 4.4 Cu. Ft. Refrigerator', 'Xerox 1881')",1
"('Avanti 4.4 Cu. Ft. Refrigerator', 'Xerox 191')",1
"('Poly String Tie Envelopes', 'Xerox 1881')",1
"('Poly String Tie Envelopes', 'Xerox 191')",1
"('Xerox 1881', 'Xerox 191')",1
"('Mead 1st Gear 2"" Zipper Binder, Asst. Colors', 'Peel & Seel Recycled Catalog Envelopes, Brown')",1
"('Eureka The Boss Lite 10-Amp Upright Vacuum, Blue', 'GBC VeloBinder Manual Binding System')",1
"('Belkin 8 Outlet SurgeMaster II Gold Surge Protector', 'Hon 5100 Series Wood Tables')",1
"('Belkin 8 Outlet SurgeMaster II Gold Surge Protector', 'Xerox 1999')",1
"('Hon 5100 Series Wood Tables', 'Xerox 1999')",1
"('TRENDnet 56K USB 2.0 Phone, Internet and Fax Modem', 'Xerox 1881')",1
"('Boston 1799 Powerhouse Electric Pencil Sharpener', 'DAX Two-Tone Silver Metal Document Frame')",1
"('Boston 1799 Powerhouse Electric Pencil Sharpener', 'Konftel 250 Conference\xa0phone\xa0- Charcoal black')",1
"('DAX Two-Tone Silver Metal Document Frame', 'Konftel 250 Conference\xa0phone\xa0- Charcoal black')",1
"('GBC Poly Designer Binding Covers', 'Holmes Replacement Filter for HEPA Air Cleaner, Very Large Room, HEPA Filter')",1
"('GBC Poly Designer Binding Covers', 'Nortel Meridian M3904 Professional Digital phone')",1
"('GBC Poly Designer Binding Covers', 'Office Star Flex Back Scooter Chair with Aluminum Finish Frame')",1
"('Holmes Replacement Filter for HEPA Air Cleaner, Very Large Room, HEPA Filter', 'Nortel Meridian M3904 Professional Digital phone')",1
"('Holmes Replacement Filter for HEPA Air Cleaner, Very Large Room, HEPA Filter', 'Office Star Flex Back Scooter Chair with Aluminum Finish Frame')",1
"('Nortel Meridian M3904 Professional Digital phone', 'Office Star Flex Back Scooter Chair with Aluminum Finish Frame')",1
"('Eldon 300 Class Desk Accessories, Black', 'Sterilite Show Offs Storage Containers')",1
"('BIC Brite Liner Highlighters', 'iHome FM Clock Radio with Lightning Dock')",1
"('Avery 496', 'Maxell 4.7GB DVD-R')",1
"('Avery 496', ""O'Sullivan 4-Shelf Bookcase in Odessa Pine"")",1
"('Avery 496', 'Tenex Chairmats For Use with Hard Floors')",1
"('Maxell 4.7GB DVD-R', ""O'Sullivan 4-Shelf Bookcase in Odessa Pine"")",1
"('Maxell 4.7GB DVD-R', 'Tenex Chairmats For Use with Hard Floors')",1
"(""O'Sullivan 4-Shelf Bookcase in Odessa Pine"", 'Tenex Chairmats For Use with Hard Floors')",1
"('Atlantic Metals Mobile 5-Shelf Bookcases, Custom Colors', 'Belkin F8E887 USB Wired Ergonomic Keyboard')",1
"('Binding Machine Supplies', 'Google Nexus 5')",1
"('Binder Clips by OIC', 'Eldon Portable Mobile Manager')",1
"('Binder Clips by OIC', 'Fellowes Bankers Box Stor/Drawer Steel Plus')",1
"('Binder Clips by OIC', 'Imation\xa016GB Mini TravelDrive USB 2.0\xa0Flash Drive')",1
"('Binder Clips by OIC', 'Wilson Jones 1"" Hanging DublLock Ring Binders')",1
"('Eldon Portable Mobile Manager', 'Fellowes Bankers Box Stor/Drawer Steel Plus')",1
"('Eldon Portable Mobile Manager', 'Imation\xa016GB Mini TravelDrive USB 2.0\xa0Flash Drive')",1
"('Eldon Portable Mobile Manager', 'Wilson Jones 1"" Hanging DublLock Ring Binders')",1
"('Fellowes Bankers Box Stor/Drawer Steel Plus', 'Imation\xa016GB Mini TravelDrive USB 2.0\xa0Flash Drive')",1
"('Fellowes Bankers Box Stor/Drawer Steel Plus', 'Wilson Jones 1"" Hanging DublLock Ring Binders')",1
"('Imation\xa016GB Mini TravelDrive USB 2.0\xa0Flash Drive', 'Wilson Jones 1"" Hanging DublLock Ring Binders')",1
"('BIC Brite Liner Grip Highlighters, Assorted, 5/Pack', 'Barrel Sharpener')",1
"('BIC Brite Liner Grip Highlighters, Assorted, 5/Pack', 'Plantronics Encore H101 Dual Earpieces\xa0Headset')",1
"('BIC Brite Liner Grip Highlighters, Assorted, 5/Pack', 'Self-Adhesive Removable Labels')",1
"('BIC Brite Liner Grip Highlighters, Assorted, 5/Pack', 'Tenex Personal Filing Tote With Secure Closure Lid, Black/Frost')",1
"('Barrel Sharpener', 'Plantronics Encore H101 Dual Earpieces\xa0Headset')",1
"('Barrel Sharpener', 'Self-Adhesive Removable Labels')",1
"('Barrel Sharpener', 'Tenex Personal Filing Tote With Secure Closure Lid, Black/Frost')",1
"('Plantronics Encore H101 Dual Earpieces\xa0Headset', 'Self-Adhesive Removable Labels')",1
"('Plantronics Encore H101 Dual Earpieces\xa0Headset', 'Tenex Personal Filing Tote With Secure Closure Lid, Black/Frost')",1
"('Self-Adhesive Removable Labels', 'Tenex Personal Filing Tote With Secure Closure Lid, Black/Frost')",1
"('Executive Impressions 16-1/2"" Circular Wall Clock', 'Memorex Mini Travel Drive 16 GB USB 2.0 Flash Drive')",1
"('Avery Durable Poly Binders', 'Fellowes Staxonsteel Drawer Files')",1
"('Avery Durable Poly Binders', 'Sauder Mission Library with Doors, Fruitwood Finish')",1
"('Fellowes Staxonsteel Drawer Files', 'Sauder Mission Library with Doors, Fruitwood Finish')",1
"('Sauder Forest Hills Library, Woodland Oak Finish', 'Sterilite Officeware Hinged File Box')",1
"('Avery 505', 'Belkin F8E887 USB Wired Ergonomic Keyboard')",1
"('Avery 505', 'Eberhard Faber 3 1/2"" Golf Pencils')",1
"('Avery 505', 'Office Star - Contemporary Task Swivel chair with Loop Arms, Charcoal')",1
"('Avery 505', 'Prang Colored Pencils')",1
"('Belkin F8E887 USB Wired Ergonomic Keyboard', 'Eberhard Faber 3 1/2"" Golf Pencils')",1
"('Belkin F8E887 USB Wired Ergonomic Keyboard', 'OIC #2 Pencils, Medium Soft')",1
"('Belkin F8E887 USB Wired Ergonomic Keyboard', 'Office Star - Contemporary Task Swivel chair with Loop Arms, Charcoal')",1
"('Belkin F8E887 USB Wired Ergonomic Keyboard', 'Prang Colored Pencils')",1
"('Eberhard Faber 3 1/2"" Golf Pencils', 'OIC #2 Pencils, Medium Soft')",1
"('Eberhard Faber 3 1/2"" Golf Pencils', 'Office Star - Contemporary Task Swivel chair with Loop Arms, Charcoal')",1
"('Eberhard Faber 3 1/2"" Golf Pencils', 'Prang Colored Pencils')",1
"('OIC #2 Pencils, Medium Soft', 'Office Star - Contemporary Task Swivel chair with Loop Arms, Charcoal')",1
"('OIC #2 Pencils, Medium Soft', 'Prang Colored Pencils')",1
"('Office Star - Contemporary Task Swivel chair with Loop Arms, Charcoal', 'Prang Colored Pencils')",1
"('Bush Westfield Collection Bookcases, Medium Cherry Finish', 'Global High-Back Leather Tilter, Burgundy')",1
"('BlackBerry Q10', 'Xerox 230')",1
"('Boston Electric Pencil Sharpener, Model 1818, Charcoal Black', 'V7 USB Numeric Keypad')",1
"('3M Polarizing Task Lamp with Clamp Arm, Light Gray', 'Luxo Professional Combination Clamp-On Lamps')",1
"('Adams Telephone Message Book W/Dividers/Space For Phone Numbers, 5 1/4""X8 1/2"", 200/Messages', 'Logitech G430 Surround Sound Gaming Headset with Dolby 7.1 Technology')",1
"('Adams Telephone Message Book W/Dividers/Space For Phone Numbers, 5 1/4""X8 1/2"", 200/Messages', 'Space Solutions HD Industrial Steel Shelving.')",1
"('Logitech G430 Surround Sound Gaming Headset with Dolby 7.1 Technology', 'Space Solutions HD Industrial Steel Shelving.')",1
"('DXL Angle-View Binders with Locking Rings by Samsill', 'GE 30522EE2')",1
"('DXL Angle-View Binders with Locking Rings by Samsill', 'Iris Project Case')",1
"('GE 30522EE2', 'Iris Project Case')",1
"('Col-Erase Pencils with Erasers', 'Fellowes Bankers Box Staxonsteel Drawer File/Stacking System')",1
"('Col-Erase Pencils with Erasers', 'Logitech Desktop MK120 Mouse and keyboard Combo')",1
"('Fellowes Bankers Box Staxonsteel Drawer File/Stacking System', 'Logitech Desktop MK120 Mouse and keyboard Combo')",1
"('Avery Trapezoid Ring Binder, 3"" Capacity, Black, 1040 sheets', 'Desktop 3-Pocket Hot File')",1
"('Avery Trapezoid Ring Binder, 3"" Capacity, Black, 1040 sheets', 'KI Adjustable-Height Table')",1
"('Avery Trapezoid Ring Binder, 3"" Capacity, Black, 1040 sheets', 'Nortel Meridian M5316 Digital phone')",1
"('Desktop 3-Pocket Hot File', 'KI Adjustable-Height Table')",1
"('Desktop 3-Pocket Hot File', 'Nortel Meridian M5316 Digital phone')",1
"('KI Adjustable-Height Table', 'Nortel Meridian M5316 Digital phone')",1
"('Belkin 5 Outlet SurgeMaster Power Centers', 'Canon PC1080F Personal Copier')",1
"('Belkin 5 Outlet SurgeMaster Power Centers', 'Neat Ideas Personal Hanging Folder Files, Black')",1
"('Belkin 5 Outlet SurgeMaster Power Centers', 'Sony 64GB Class 10 Micro SDHC R40 Memory Card')",1
"('Belkin 5 Outlet SurgeMaster Power Centers', 'Xerox 1951')",1
"('Canon PC1080F Personal Copier', 'Neat Ideas Personal Hanging Folder Files, Black')",1
"('Canon PC1080F Personal Copier', 'Sony 64GB Class 10 Micro SDHC R40 Memory Card')",1
"('Canon PC1080F Personal Copier', 'Xerox 1951')",1
"('Neat Ideas Personal Hanging Folder Files, Black', 'Sony 64GB Class 10 Micro SDHC R40 Memory Card')",1
"('Neat Ideas Personal Hanging Folder Files, Black', 'Xerox 1951')",1
"('Sony 64GB Class 10 Micro SDHC R40 Memory Card', 'Xerox 1951')",1
"('Ibico Ibimaster 300 Manual Binding System', 'Office Star - Contemporary Task Swivel Chair')",1
"('Ibico Ibimaster 300 Manual Binding System', 'Xerox 1894')",1
"('Ibico Ibimaster 300 Manual Binding System', 'Xerox 225')",1
"('Ibico Ibimaster 300 Manual Binding System', 'iOttie XL Car Mount')",1
"('Office Star - Contemporary Task Swivel Chair', 'Xerox 1894')",1
"('Office Star - Contemporary Task Swivel Chair', 'Xerox 225')",1
"('Office Star - Contemporary Task Swivel Chair', 'iOttie XL Car Mount')",1
"('Xerox 1894', 'iOttie XL Car Mount')",1
"('Xerox 225', 'iOttie XL Car Mount')",1
"('Acco Expandable Hanging Binders', 'Chromcraft 48"" x 96"" Racetrack Double Pedestal Table')",1
"('Acco Expandable Hanging Binders', ""Global Fabric Manager's Chair, Dark Gray"")",1
"('Acco Expandable Hanging Binders', ""High-Back Leather Manager's Chair"")",1
"('Acco Expandable Hanging Binders', 'Riverleaf Stik-Withit Designer Note Cubes')",1
"('Chromcraft 48"" x 96"" Racetrack Double Pedestal Table', ""Global Fabric Manager's Chair, Dark Gray"")",1
"('Chromcraft 48"" x 96"" Racetrack Double Pedestal Table', ""High-Back Leather Manager's Chair"")",1
"('Chromcraft 48"" x 96"" Racetrack Double Pedestal Table', 'Riverleaf Stik-Withit Designer Note Cubes')",1
"(""Global Fabric Manager's Chair, Dark Gray"", ""High-Back Leather Manager's Chair"")",1
"(""Global Fabric Manager's Chair, Dark Gray"", 'Riverleaf Stik-Withit Designer Note Cubes')",1
"(""High-Back Leather Manager's Chair"", 'Riverleaf Stik-Withit Designer Note Cubes')",1
"('WD My Passport Ultra 2TB Portable External Hard Drive', 'Xerox 1988')",1
"('Recycled Interoffice Envelopes with String and Button Closure, 10 x 13', 'Safco Commercial Shelving')",1
"('Avery Non-Stick Binders', 'UniKeep View Case Binders')",1
"('Avery 510', 'Wilson Jones Four-Pocket Poly Binders')",1
"('3.6 Cubic Foot Counter Height Office Refrigerator', 'Advantus Panel Wall Acrylic Frame')",1
"('Hon Rectangular Conference Tables', 'Maxell 4.7GB DVD-R')",1
"('Hon Rectangular Conference Tables', 'Satellite Sectional Post Binders')",1
"('Hon Rectangular Conference Tables', 'Staples')",1
"('Maxell 4.7GB DVD-R', 'Satellite Sectional Post Binders')",1
"('DAX Black Cherry Wood-Tone Poster Frame', 'SAFCO Boltless Steel Shelving')",1
"('DAX Black Cherry Wood-Tone Poster Frame', 'Stackable Trays')",1
"('DAX Black Cherry Wood-Tone Poster Frame', 'StarTech.com 10/100 VDSL2 Ethernet Extender Kit')",1
"('DAX Black Cherry Wood-Tone Poster Frame', 'Xerox 1968')",1
"('DAX Black Cherry Wood-Tone Poster Frame', 'Xerox 1975')",1
"('DAX Black Cherry Wood-Tone Poster Frame', 'Xerox 1977')",1
"('SAFCO Boltless Steel Shelving', 'Stackable Trays')",1
"('SAFCO Boltless Steel Shelving', 'StarTech.com 10/100 VDSL2 Ethernet Extender Kit')",1
"('SAFCO Boltless Steel Shelving', 'Xerox 1968')",1
"('SAFCO Boltless Steel Shelving', 'Xerox 1975')",1
"('SAFCO Boltless Steel Shelving', 'Xerox 1977')",1
"('Stackable Trays', 'StarTech.com 10/100 VDSL2 Ethernet Extender Kit')",1
"('Stackable Trays', 'Xerox 1968')",1
"('Stackable Trays', 'Xerox 1975')",1
"('Stackable Trays', 'Xerox 1977')",1
"('StarTech.com 10/100 VDSL2 Ethernet Extender Kit', 'Xerox 1968')",1
"('StarTech.com 10/100 VDSL2 Ethernet Extender Kit', 'Xerox 1975')",1
"('StarTech.com 10/100 VDSL2 Ethernet Extender Kit', 'Xerox 1977')",1
"('Xerox 1968', 'Xerox 1975')",1
"('Xerox 1968', 'Xerox 1977')",1
"('Xerox 1975', 'Xerox 1977')",1
"('36X48 HARDFLOOR CHAIRMAT', 'Computer Printout Paper with Letter-Trim Perforations')",1
"('36X48 HARDFLOOR CHAIRMAT', 'Conquest 14 Commercial Heavy-Duty Upright Vacuum, Collection System, Accessory Kit')",1
"('Computer Printout Paper with Letter-Trim Perforations', 'Conquest 14 Commercial Heavy-Duty Upright Vacuum, Collection System, Accessory Kit')",1
"('Carina Mini System Audio Rack, Model AR050B', 'Fellowes PB200 Plastic Comb Binding Machine')",1
"('Carina Mini System Audio Rack, Model AR050B', 'Xerox 226')",1
"('Fellowes PB200 Plastic Comb Binding Machine', 'Xerox 226')",1
"('Belkin F9H710-06 7 Outlet SurgeMaster Surge Protector', 'GBC Pre-Punched Binding Paper, Plastic, White, 8-1/2"" x 11""')",1
"('Belkin F9H710-06 7 Outlet SurgeMaster Surge Protector', 'Rediform Wirebound ""Phone Memo"" Message Book, 11 x 5-3/4')",1
"('GBC Pre-Punched Binding Paper, Plastic, White, 8-1/2"" x 11""', 'Rediform Wirebound ""Phone Memo"" Message Book, 11 x 5-3/4')",1
"('Acme Forged Steel Scissors with Black Enamel Handles', 'Avery Durable Slant Ring Binders, No Labels')",1
"('Acme Forged Steel Scissors with Black Enamel Handles', ""High-Back Leather Manager's Chair"")",1
"('Avery Durable Slant Ring Binders, No Labels', ""High-Back Leather Manager's Chair"")",1
"('Ibico Hi-Tech Manual Binding System', 'Xerox 1971')",1
"('QVS USB Car Charger 2-Port 2.1Amp for iPod/iPhone/iPad/iPad 2/iPad 3', 'Xerox 1880')",1
"('Astroparche Fine Business Paper', 'Avery 503')",1
"('Astroparche Fine Business Paper', 'Kingston Digital DataTraveler 32GB USB 2.0')",1
"('Astroparche Fine Business Paper', 'Staples')",1
"('Astroparche Fine Business Paper', 'Xerox 191')",1
"('Avery 503', 'Kingston Digital DataTraveler 32GB USB 2.0')",1
"('Avery 503', 'Staples')",1
"('Avery 503', 'Xerox 191')",1
"('Kingston Digital DataTraveler 32GB USB 2.0', 'Staples')",1
"('Kingston Digital DataTraveler 32GB USB 2.0', 'Xerox 191')",1
"('Staples', 'Xerox 191')",1
"('Avery 502', 'Premium Transparent Presentation Covers, No Pattern/Clear, 8 1/2"" x 11""')",1
"('Avery 502', 'Xerox 19')",1
"('Premium Transparent Presentation Covers, No Pattern/Clear, 8 1/2"" x 11""', 'Xerox 19')",1
"('Adtran 1202752G1', 'Cardinal EasyOpen D-Ring Binders')",1
"('Adtran 1202752G1', 'Case Logic 2.4GHz Wireless Keyboard')",1
"('Adtran 1202752G1', 'DYMO CardScan Personal V9 Business Card Scanner')",1
"('Adtran 1202752G1', 'Hon 2090 \x93Pillow Soft\x94 Series Mid Back Swivel/Tilt Chairs')",1
"('Cardinal EasyOpen D-Ring Binders', 'Case Logic 2.4GHz Wireless Keyboard')",1
"('Cardinal EasyOpen D-Ring Binders', 'DYMO CardScan Personal V9 Business Card Scanner')",1
"('Cardinal EasyOpen D-Ring Binders', 'Hon 2090 \x93Pillow Soft\x94 Series Mid Back Swivel/Tilt Chairs')",1
"('Case Logic 2.4GHz Wireless Keyboard', 'DYMO CardScan Personal V9 Business Card Scanner')",1
"('Case Logic 2.4GHz Wireless Keyboard', 'Hon 2090 \x93Pillow Soft\x94 Series Mid Back Swivel/Tilt Chairs')",1
"('DYMO CardScan Personal V9 Business Card Scanner', 'Hon 2090 \x93Pillow Soft\x94 Series Mid Back Swivel/Tilt Chairs')",1
"('Howard Miller 13"" Diameter Goldtone Round Wall Clock', 'Xerox 1905')",1
"('Avery Printable Repositionable Plastic Tabs', 'GE DSL Phone Line Filter')",1
"('GBC White Gloss Covers, Plain Front', 'Satellite Sectional Post Binders')",1
"('GBC White Gloss Covers, Plain Front', 'Tennsco Commercial Shelving')",1
"('Satellite Sectional Post Binders', 'Tennsco Commercial Shelving')",1
"('Fellowes Bankers Box Stor/Drawer Steel Plus', 'Wilson Jones Elliptical Ring 3 1/2"" Capacity Binders, 800 sheets')",1
"('BOSTON Ranger #55 Pencil Sharpener, Black', 'PayAnywhere Card Reader')",1
"('Flat Face Poster Frame', 'Xerox 195')",1
"('DMI Arturo Collection Mission-style Design Wood Chair', 'GBC ProClick Spines for 32-Hole Punch')",1
"('DMI Arturo Collection Mission-style Design Wood Chair', 'Global Leather and Oak Executive Chair, Black')",1
"('DMI Arturo Collection Mission-style Design Wood Chair', 'Harbour Creations Steel Folding Chair')",1
"('DMI Arturo Collection Mission-style Design Wood Chair', 'Panasonic KP-350BK Electric Pencil Sharpener with Auto Stop')",1
"('GBC ProClick Spines for 32-Hole Punch', 'Global Leather and Oak Executive Chair, Black')",1
"('GBC ProClick Spines for 32-Hole Punch', 'Harbour Creations Steel Folding Chair')",1
"('GBC ProClick Spines for 32-Hole Punch', 'Panasonic KP-350BK Electric Pencil Sharpener with Auto Stop')",1
"('Global Leather and Oak Executive Chair, Black', 'Harbour Creations Steel Folding Chair')",1
"('Global Leather and Oak Executive Chair, Black', 'Panasonic KP-350BK Electric Pencil Sharpener with Auto Stop')",1
"('Harbour Creations Steel Folding Chair', 'Panasonic KP-350BK Electric Pencil Sharpener with Auto Stop')",1
"('Advantus Panel Wall Certificate Holder - 8.5x11', 'Vtech CS6719')",1
"('Dexim XPower Skin Super-Thin Power Case for iPhone 5 - Black', 'Letter Size File')",1
"('Dexim XPower Skin Super-Thin Power Case for iPhone 5 - Black', 'Vinyl Sectional Post Binders')",1
"('Letter Size File', 'Vinyl Sectional Post Binders')",1
"('Bevis Round Conference Table Top & Single Column Base', 'Commercial WindTunnel Clean Air Upright Vacuum, Replacement Belts, Filtration Bags')",1
"('Bevis Round Conference Table Top & Single Column Base', 'Xerox 1953')",1
"('Commercial WindTunnel Clean Air Upright Vacuum, Replacement Belts, Filtration Bags', 'Xerox 1953')",1
"('Floodlight Indoor Halogen Bulbs, 1 Bulb per Pack, 60 Watts', 'GE General Purpose, Extra Long Life, Showcase & Floodlight Incandescent Bulbs')",1
"('Crayola Colored Pencils', 'GE 48"" Fluorescent Tube, Cool White Energy Saver, 34 Watts, 30/Box')",1
"('Crayola Colored Pencils', 'SAFCO Mobile Desk Side File, Wire Frame')",1
"('Crayola Colored Pencils', 'Samsung Galaxy S III - 16GB - pebble blue (T-Mobile)')",1
"('Crayola Colored Pencils', 'Tenex File Box, Personal Filing Tote with Lid, Black')",1
"('Crayola Colored Pencils', 'Xerox 1950')",1
"('GE 48"" Fluorescent Tube, Cool White Energy Saver, 34 Watts, 30/Box', 'SAFCO Mobile Desk Side File, Wire Frame')",1
"('GE 48"" Fluorescent Tube, Cool White Energy Saver, 34 Watts, 30/Box', 'Samsung Galaxy S III - 16GB - pebble blue (T-Mobile)')",1
"('GE 48"" Fluorescent Tube, Cool White Energy Saver, 34 Watts, 30/Box', 'Tenex File Box, Personal Filing Tote with Lid, Black')",1
"('GE 48"" Fluorescent Tube, Cool White Energy Saver, 34 Watts, 30/Box', 'Xerox 1950')",1
"('SAFCO Mobile Desk Side File, Wire Frame', 'Samsung Galaxy S III - 16GB - pebble blue (T-Mobile)')",1
"('SAFCO Mobile Desk Side File, Wire Frame', 'Tenex File Box, Personal Filing Tote with Lid, Black')",1
"('SAFCO Mobile Desk Side File, Wire Frame', 'Xerox 1950')",1
"('Samsung Galaxy S III - 16GB - pebble blue (T-Mobile)', 'Tenex File Box, Personal Filing Tote with Lid, Black')",1
"('Samsung Galaxy S III - 16GB - pebble blue (T-Mobile)', 'Xerox 1950')",1
"('Tenex File Box, Personal Filing Tote with Lid, Black', 'Xerox 1950')",1
"('Chromcraft Bull-Nose Wood Oval Conference Tables & Bases', 'Eldon 500 Class Desk Accessories')",1
"('Chromcraft Bull-Nose Wood Oval Conference Tables & Bases', 'Eldon Expressions Wood Desk Accessories, Oak')",1
"('Chromcraft Bull-Nose Wood Oval Conference Tables & Bases', 'Eldon Image Series Desk Accessories, Ebony')",1
"('Chromcraft Bull-Nose Wood Oval Conference Tables & Bases', 'Ibico Plastic Spiral Binding Combs')",1
"('Chromcraft Bull-Nose Wood Oval Conference Tables & Bases', ""Lock-Up Easel 'Spel-Binder'"")",1
"('Chromcraft Bull-Nose Wood Oval Conference Tables & Bases', 'Xerox 1996')",1
"('Eldon 500 Class Desk Accessories', 'Eldon Expressions Wood Desk Accessories, Oak')",1
"('Eldon 500 Class Desk Accessories', 'Eldon Image Series Desk Accessories, Ebony')",1
"('Eldon 500 Class Desk Accessories', 'Ibico Plastic Spiral Binding Combs')",1
"('Eldon 500 Class Desk Accessories', ""Lock-Up Easel 'Spel-Binder'"")",1
"('Eldon 500 Class Desk Accessories', 'Xerox 1996')",1
"('Eldon Expressions Wood Desk Accessories, Oak', 'Eldon Image Series Desk Accessories, Ebony')",1
"('Eldon Expressions Wood Desk Accessories, Oak', 'Ibico Plastic Spiral Binding Combs')",1
"('Eldon Expressions Wood Desk Accessories, Oak', ""Lock-Up Easel 'Spel-Binder'"")",1
"('Eldon Expressions Wood Desk Accessories, Oak', 'Xerox 1996')",1
"('Eldon Image Series Desk Accessories, Ebony', 'Ibico Plastic Spiral Binding Combs')",1
"('Eldon Image Series Desk Accessories, Ebony', ""Lock-Up Easel 'Spel-Binder'"")",1
"('Eldon Image Series Desk Accessories, Ebony', 'Xerox 1996')",1
"('Ibico Plastic Spiral Binding Combs', ""Lock-Up Easel 'Spel-Binder'"")",1
"('Ibico Plastic Spiral Binding Combs', 'Xerox 1996')",1
"(""Lock-Up Easel 'Spel-Binder'"", 'Xerox 1996')",1
"('Ativa D5772 2-Line 5.8GHz Digital Expandable Corded/Cordless Phone System with Answering & Caller ID/Call Waiting, Black/Silver', 'Gould Plastics 18-Pocket Panel Bin, 34w x 5-1/4d x 20-1/2h')",1
"('Ativa D5772 2-Line 5.8GHz Digital Expandable Corded/Cordless Phone System with Answering & Caller ID/Call Waiting, Black/Silver', 'Ink Jet Note and Greeting Cards, 8-1/2"" x 5-1/2"" Card Size')",1
"('Ativa D5772 2-Line 5.8GHz Digital Expandable Corded/Cordless Phone System with Answering & Caller ID/Call Waiting, Black/Silver', 'Personal Filing Tote with Lid, Black/Gray')",1
"('Ativa D5772 2-Line 5.8GHz Digital Expandable Corded/Cordless Phone System with Answering & Caller ID/Call Waiting, Black/Silver', 'Tyvek Interoffice Envelopes, 9 1/2"" x 12 1/2"", 100/Box')",1
"('Gould Plastics 18-Pocket Panel Bin, 34w x 5-1/4d x 20-1/2h', 'Ink Jet Note and Greeting Cards, 8-1/2"" x 5-1/2"" Card Size')",1
"('Gould Plastics 18-Pocket Panel Bin, 34w x 5-1/4d x 20-1/2h', 'Personal Filing Tote with Lid, Black/Gray')",1
"('Gould Plastics 18-Pocket Panel Bin, 34w x 5-1/4d x 20-1/2h', 'Tyvek Interoffice Envelopes, 9 1/2"" x 12 1/2"", 100/Box')",1
"('Ink Jet Note and Greeting Cards, 8-1/2"" x 5-1/2"" Card Size', 'Personal Filing Tote with Lid, Black/Gray')",1
"('Ink Jet Note and Greeting Cards, 8-1/2"" x 5-1/2"" Card Size', 'Tyvek Interoffice Envelopes, 9 1/2"" x 12 1/2"", 100/Box')",1
"('Personal Filing Tote with Lid, Black/Gray', 'Tyvek Interoffice Envelopes, 9 1/2"" x 12 1/2"", 100/Box')",1
"('GBC DocuBind 200 Manual Binding Machine', 'Global Deluxe Steno Chair')",1
"('GBC DocuBind 200 Manual Binding Machine', 'Panasonic KX-TG6844B Expandable Digital Cordless Telephone')",1
"('Global Deluxe Steno Chair', 'Panasonic KX-TG6844B Expandable Digital Cordless Telephone')",1
"('Acco Translucent Poly Ring Binders', 'Hon 2111 Invitation Series Straight Table')",1
"('Document Clip Frames', 'GBC Therma-A-Bind 250T Electric Binding System')",1
"('Document Clip Frames', 'Nontoxic Chalk')",1
"('Document Clip Frames', 'Space Solutions Commercial Steel Shelving')",1
"('Document Clip Frames', 'Super Bands, 12/Pack')",1
"('Document Clip Frames', 'White Business Envelopes with Contemporary Seam, Recycled White Business Envelopes')",1
"('GBC Therma-A-Bind 250T Electric Binding System', 'Nontoxic Chalk')",1
"('GBC Therma-A-Bind 250T Electric Binding System', 'Space Solutions Commercial Steel Shelving')",1
"('GBC Therma-A-Bind 250T Electric Binding System', 'Super Bands, 12/Pack')",1
"('GBC Therma-A-Bind 250T Electric Binding System', 'White Business Envelopes with Contemporary Seam, Recycled White Business Envelopes')",1
"('Nontoxic Chalk', 'Space Solutions Commercial Steel Shelving')",1
"('Nontoxic Chalk', 'Super Bands, 12/Pack')",1
"('Nontoxic Chalk', 'White Business Envelopes with Contemporary Seam, Recycled White Business Envelopes')",1
"('Space Solutions Commercial Steel Shelving', 'Super Bands, 12/Pack')",1
"('Space Solutions Commercial Steel Shelving', 'White Business Envelopes with Contemporary Seam, Recycled White Business Envelopes')",1
"('Super Bands, 12/Pack', 'White Business Envelopes with Contemporary Seam, Recycled White Business Envelopes')",1
"('Anker 36W 4-Port USB Wall Charger Travel Power Adapter for iPhone 5s 5c 5', 'Xerox 1916')",1
"('Accohide Poly Flexible Ring Binders', 'Epson TM-T88V Direct Thermal Printer - Monochrome - Desktop')",1
"('Accohide Poly Flexible Ring Binders', 'SanDisk Cruzer 32 GB USB Flash Drive')",1
"('Epson TM-T88V Direct Thermal Printer - Monochrome - Desktop', 'SanDisk Cruzer 32 GB USB Flash Drive')",1
"('Acme Kleencut Forged Steel Scissors', 'Canon PC-428 Personal Copier')",1
"('Acme Kleencut Forged Steel Scissors', 'Situations Contoured Folding Chairs, 4/Set')",1
"('Canon PC-428 Personal Copier', 'Situations Contoured Folding Chairs, 4/Set')",1
"('3M Office Air Cleaner', 'Acco 3-Hole Punch')",1
"('Newell 345', 'Things To Do Today Pad')",1
"('Avaya 5410 Digital phone', 'Tennsco 6- and 18-Compartment Lockers')",1
"('Avaya 5410 Digital phone', 'Wilson Jones Clip & Carry Folder Binder Tool for Ring Binders, Clear')",1
"('Tennsco 6- and 18-Compartment Lockers', 'Wilson Jones Clip & Carry Folder Binder Tool for Ring Binders, Clear')",1
"('Fellowes Basic Home/Office Series Surge Protectors', 'Motorola L703CM')",1
"('Fellowes Basic Home/Office Series Surge Protectors', 'Wilson Jones Impact Binders')",1
"('Motorola L703CM', 'Wilson Jones Impact Binders')",1
"('Global Airflow Leather Mesh Back Chair, Black', 'Logitech\xa0Z-906 Speaker sys - home theater - 5.1-CH')",1
"('Hon Metal Bookcases, Black', 'Hunt Boston Vacuum Mount KS Pencil Sharpener')",1
"('Hon Metal Bookcases, Black', 'Martin Yale Chadless Opener Electric Letter Opener')",1
"('Hon Metal Bookcases, Black', 'Xerox 23')",1
"('Hunt Boston Vacuum Mount KS Pencil Sharpener', 'Martin Yale Chadless Opener Electric Letter Opener')",1
"('Hunt Boston Vacuum Mount KS Pencil Sharpener', 'Xerox 23')",1
"('Martin Yale Chadless Opener Electric Letter Opener', 'Xerox 23')",1
"('Avery 492', 'Avery Durable Slant Ring Binders, No Labels')",1
"('Avery 492', 'Belkin F9M820V08 8 Outlet Surge')",1
"('Avery 492', 'Canon Imageclass D680 Copier / Fax')",1
"('Avery 492', 'Eldon Gobal File Keepers')",1
"('Avery 492', 'Logitech ClearChat Comfort/USB Headset H390')",1
"('Avery 492', 'XtraLife ClearVue Slant-D Ring Binder, White, 3""')",1
"('Avery Durable Slant Ring Binders, No Labels', 'Belkin F9M820V08 8 Outlet Surge')",1
"('Avery Durable Slant Ring Binders, No Labels', 'Canon Imageclass D680 Copier / Fax')",1
"('Cameo Buff Policy Envelopes', 'DMI Arturo Collection Mission-style Design Wood Chair')",1
"('Dot Matrix Printer Tape Reel Labels, White, 5000/Box', 'Hunt PowerHouse Electric Pencil Sharpener, Blue')",1
"('Dot Matrix Printer Tape Reel Labels, White, 5000/Box', 'Xerox 1885')",1
"('Hunt PowerHouse Electric Pencil Sharpener, Blue', 'Xerox 1885')",1
"('Hot File 7-Pocket, Floor Stand', 'Mophie Juice Pack Helium for iPhone')",1
"('Hot File 7-Pocket, Floor Stand', 'Sanford Colorific Scented Colored Pencils, 12/Pack')",1
"('Mophie Juice Pack Helium for iPhone', 'Sanford Colorific Scented Colored Pencils, 12/Pack')",1
"('Eldon Base for stackable storage shelf, platinum', 'Hon 2111 Invitation Series Straight Table')",1
"('Eldon Base for stackable storage shelf, platinum', 'SANFORD Liquid Accent Tank-Style Highlighters')",1
"('Hon 2111 Invitation Series Straight Table', 'SANFORD Liquid Accent Tank-Style Highlighters')",1
"('Crayola Colored Pencils', 'Eldon Cleatmat Plus Chair Mats for High Pile Carpets')",1
"('Crayola Colored Pencils', 'GBC Twin Loop Wire Binding Elements, 9/16"" Spine, Black')",1
"('Crayola Colored Pencils', 'Xerox 1933')",1
"('Eldon Cleatmat Plus Chair Mats for High Pile Carpets', 'GBC Twin Loop Wire Binding Elements, 9/16"" Spine, Black')",1
"('Eldon Cleatmat Plus Chair Mats for High Pile Carpets', 'Xerox 1933')",1
"('DMI Arturo Collection Mission-style Design Wood Chair', 'Kensington Expert Mouse Optical USB Trackball for PC or Mac')",1
"('Cameo Buff Policy Envelopes', 'Prang Dustless Chalk Sticks')",1
"('Avery Durable Slant Ring Binders, No Labels', 'Logitech ClearChat Comfort/USB Headset H390')",1
"('Avery Durable Slant Ring Binders, No Labels', 'XtraLife ClearVue Slant-D Ring Binder, White, 3""')",1
"('Belkin F9M820V08 8 Outlet Surge', 'Canon Imageclass D680 Copier / Fax')",1
"('Belkin F9M820V08 8 Outlet Surge', 'Eldon Gobal File Keepers')",1
"('Belkin F9M820V08 8 Outlet Surge', 'Logitech ClearChat Comfort/USB Headset H390')",1
"('Belkin F9M820V08 8 Outlet Surge', 'XtraLife ClearVue Slant-D Ring Binder, White, 3""')",1
"('Canon Imageclass D680 Copier / Fax', 'Eldon Gobal File Keepers')",1
"('Canon Imageclass D680 Copier / Fax', 'Logitech ClearChat Comfort/USB Headset H390')",1
"('Canon Imageclass D680 Copier / Fax', 'XtraLife ClearVue Slant-D Ring Binder, White, 3""')",1
"('Eldon Gobal File Keepers', 'Logitech ClearChat Comfort/USB Headset H390')",1
"('Eldon Gobal File Keepers', 'XtraLife ClearVue Slant-D Ring Binder, White, 3""')",1
"('Logitech ClearChat Comfort/USB Headset H390', 'XtraLife ClearVue Slant-D Ring Binder, White, 3""')",1
"('Cubify CubeX 3D Printer Triple Head Print', 'Eureka The Boss Plus 12-Amp Hard Box Upright Vacuum, Red')",1
"('Memorex 25GB 6X Branded Blu-Ray Recordable Disc, 30/Pack', 'Quartet Omega Colored Chalk, 12/Pack')",1
"('Kensington Expert Mouse Optical USB Trackball for PC or Mac', 'Prang Dustless Chalk Sticks')",1
