product_id,stock_quantity,low_stock_threshold
TEC-SHA-10000501,100,20
OFF-AP-10004246,100,20
TEC-MA-10004125,100,20
OFF-AP-10001630,100,20
FUR-TA-10000687,100,20
TEC-PH-10004327,100,20
FUR-TA-10003627,100,20
TEC-PH-10002898,100,20
TEC-MA-10003979,100,20
FUR-TA-10000347,100,20
TEC-MA-10003673,100,20
TEC-EPS-10000053,100,20
FUR-BAR-10004434,100,20
FUR-TA-10000022,100,20
FUR-TA-10002153,100,20
OFF-AP-10004350,100,20
OFF-AP-10003240,100,20
FUR-BO-10002866,100,20
TEC-CO-10002663,100,20
OFF-AP-10000136,100,20
FUR-LES-10002026,100,20
FUR-TA-10001285,100,20
FUR-TA-10001116,100,20
TEC-MA-10000010,100,20
FUR-BUS-10004644,100,20
OFF-AP-10002321,100,20
FUR-TA-10004711,100,20
FUR-CH-10000051,100,20
OFF-AP-10001329,100,20
OFF-AP-10003558,100,20
FUR-TA-10002101,100,20
OFF-AP-10003621,100,20
TEC-MA-10002927,100,20
TEC-CO-10002122,100,20
FUR-TA-10001229,100,20
TEC-PH-10000808,100,20
FUR-TA-10003641,100,20
FUR-TA-10002951,100,20
FUR-TA-10004745,100,20
FUR-CHR-10002165,100,20
FUR-BO-10003282,100,20
FUR-CH-10002980,100,20
FUR-CH-10004910,100,20
OFF-AP-10004186,100,20
FUR-TA-10002650,100,20
TEC-PH-10004182,100,20
FUR-BUS-10001781,100,20
FUR-TA-10000927,100,20
FUR-TA-10000226,100,20
FUR-TA-10003307,100,20
FUR-BO-10000160,100,20
OFF-AP-10000162,100,20
FUR-TA-10004744,100,20
OFF-AP-10000437,100,20
OFF-AP-10003057,100,20
FUR-TA-10001572,100,20
TEC-PH-10004057,100,20
TEC-MA-10001047,100,20
FUR-CHR-10001018,100,20
TEC-CO-10002043,100,20
FUR-TA-10004649,100,20
TEC-PH-10002936,100,20
TEC-PH-10003856,100,20
TEC-MA-10003353,100,20
FUR-BO-10000892,100,20
TEC-CO-10003226,100,20
TEC-PH-10002114,100,20
FUR-TA-10000991,100,20
FUR-CH-10000527,100,20
FUR-DAN-10002348,100,20
TEC-MA-10001695,100,20
FUR-TA-10002523,100,20
FUR-LES-10004886,100,20
FUR-CH-10000981,100,20
TEC-PH-10000030,100,20
TEC-CO-10001449,100,20
TEC-CO-10003087,100,20
TEC-PH-10001289,100,20
OFF-AP-10002904,100,20
TEC-MA-10000112,100,20
FUR-TA-10000989,100,20
FUR-TA-10002931,100,20
TEC-MA-10002937,100,20
TEC-MA-10004587,100,20
FUR-TA-10004416,100,20
FUR-TA-10003164,100,20
FUR-TA-10003319,100,20
OFF-CUI-10002022,100,20
OFF-HAM-10000983,100,20
FUR-CH-10001559,100,20
TEC-PH-10002652,100,20
TEC-CO-10002678,100,20
TEC-EPS-10004965,100,20
TEC-CO-10003019,100,20
FUR-CH-10000005,100,20
TEC-MA-10002629,100,20
FUR-TA-10003929,100,20
TEC-PH-10004626,100,20
OFF-AP-10000329,100,20
FUR-LES-10002616,100,20
FUR-BO-10000170,100,20
OFF-AP-10000423,100,20
OFF-AP-10000195,100,20
OFF-AP-10002306,100,20
TEC-MA-10002178,100,20
OFF-KIT-10001213,100,20
TEC-CO-10001864,100,20
OFF-AP-10003917,100,20
FUR-BO-10002529,100,20
TEC-MA-10004552,100,20
FUR-BO-10001318,100,20
OFF-AP-10001593,100,20
OFF-AP-10000672,100,20
OFF-HAM-10003040,100,20
FUR-TA-10000805,100,20
FUR-TA-10001205,100,20
OFF-AP-10003511,100,20
OFF-AP-10000975,100,20
TEC-CO-10001343,100,20
OFF-AP-10000509,100,20
FUR-BAR-10004682,100,20
FUR-TA-10001089,100,20
FUR-TA-10000971,100,20
TEC-PH-10001396,100,20
OFF-AP-10000577,100,20
TEC-MA-10003230,100,20
FUR-BO-10003985,100,20
TEC-PH-10002352,100,20
FUR-TA-10003690,100,20
FUR-FU-10002979,100,20
TEC-MA-10004535,100,20
FUR-BO-10004648,100,20
FUR-CH-10004050,100,20
FUR-TA-10003785,100,20
TEC-MA-10004617,100,20
OFF-AP-10004293,100,20
FUR-TA-10002786,100,20
FUR-TA-10000945,100,20
OFF-BRE-10004436,100,20
FUR-BEV-10004919,100,20
OFF-AP-10002244,100,20
TEC-CO-10004377,100,20
FUR-BO-10001553,100,20
FUR-TA-10000963,100,20
TEC-HEW-10002302,100,20
FUR-BEV-10004805,100,20
OFF-BI-10001120,100,20
FUR-CHR-10002686,100,20
TEC-PH-10004575,100,20
TEC-MA-10004172,100,20
FUR-TA-10001056,100,20
TEC-CO-10000415,100,20
FUR-TA-10003354,100,20
OFF-AP-10004994,100,20
TEC-CO-10004343,100,20
FUR-TA-10000283,100,20
FUR-TA-10004801,100,20
TEC-MA-10003773,100,20
TEC-MA-10002148,100,20
TEC-PH-10001146,100,20
FUR-CH-10002816,100,20
OFF-AP-10002397,100,20
FUR-TA-10003228,100,20
OFF-CUI-10000682,100,20
FUR-BO-10000279,100,20
TEC-MA-10001792,100,20
OFF-ST-10002221,100,20
FUR-BO-10002387,100,20
OFF-AP-10001178,100,20
OFF-AP-10003598,100,20
TEC-MA-10004666,100,20
TEC-MA-10000822,100,20
OFF-AP-10000864,100,20
TEC-PH-10000332,100,20
FUR-TA-10003771,100,20
OFF-AP-10001298,100,20
FUR-DAN-10004510,100,20
TEC-PH-10001459,100,20
FUR-BEV-10001217,100,20
FUR-TA-10002497,100,20
TEC-AC-10004018,100,20
TEC-PH-10002035,100,20
FUR-HON-10003871,100,20
OFF-AP-10004711,100,20
TEC-MA-10001248,100,20
FUR-TA-10003254,100,20
OFF-AP-10002675,100,20
OFF-AP-10001503,100,20
TEC-CO-10001196,100,20
TEC-MOT-10001244,100,20
FUR-TA-10001386,100,20
OFF-AP-10002629,100,20
FUR-BO-10000655,100,20
OFF-AP-10001322,100,20
TEC-MA-10000172,100,20
FUR-TA-10000671,100,20
FUR-BO-10000820,100,20
FUR-TA-10001306,100,20
FUR-FU-10001144,100,20
FUR-FU-10002246,100,20
FUR-TA-10000038,100,20
OFF-AP-10004646,100,20
TEC-CO-10004182,100,20
TEC-CO-10000208,100,20
OFF-AP-10000108,100,20
FUR-CH-10000470,100,20
TEC-MA-10004063,100,20
OFF-AP-10000486,100,20
TEC-AC-10003947,100,20
FUR-TA-10002519,100,20
FUR-TA-10000317,100,20
TEC-PH-10002672,100,20
OFF-AR-10002671,100,20
FUR-TA-10002611,100,20
TEC-CO-10001191,100,20
FUR-TA-10002341,100,20
OFF-AP-10000540,100,20
FUR-BO-10003386,100,20
FUR-TA-10004680,100,20
TEC-MA-10000488,100,20
FUR-CH-10000749,100,20
OFF-ST-10002011,100,20
FUR-TA-10001930,100,20
OFF-AP-10003568,100,20
FUR-TA-10004820,100,20
OFF-AP-10001692,100,20
FUR-TA-10001289,100,20
OFF-AP-10000003,100,20
OFF-AP-10001876,100,20
TEC-AC-10001455,100,20
OFF-AP-10003561,100,20
TEC-AC-10000089,100,20
FUR-TA-10003893,100,20
OFF-AP-10001664,100,20
TEC-PH-10003002,100,20
TEC-CO-10004961,100,20
TEC-PH-10001578,100,20
FUR-TA-10004972,100,20
OFF-AP-10004572,100,20
FUR-FU-10000729,100,20
TEC-PH-10003762,100,20
FUR-TA-10001360,100,20
FUR-TA-10004531,100,20
TEC-AC-10003921,100,20
OFF-AP-10001285,100,20
FUR-TA-10002699,100,20
FUR-TA-10002487,100,20
FUR-BO-10004679,100,20
FUR-CH-10002275,100,20
OFF-AR-10002331,100,20
FUR-LES-10004098,100,20
OFF-AP-10004041,100,20
TEC-MA-10000045,100,20
FUR-TA-10000164,100,20
FUR-CHR-10002278,100,20
FUR-TA-10003594,100,20
TEC-MA-10000433,100,20
FUR-TA-10000861,100,20
FUR-TA-10003185,100,20
FUR-BO-10003661,100,20
OFF-AP-10000675,100,20
FUR-BEV-10002803,100,20
TEC-MA-10001259,100,20
OFF-AP-10004295,100,20
TEC-MA-10004414,100,20
FUR-BO-10004924,100,20
TEC-MA-10002073,100,20
OFF-AP-10004168,100,20
FUR-BUS-10003724,100,20
OFF-AP-10000330,100,20
FUR-CH-10003616,100,20
FUR-TA-10001642,100,20
FUR-BO-10001876,100,20
FUR-TA-10000299,100,20
FUR-TA-10001600,100,20
OFF-PA-10000373,100,20
FUR-CH-10000479,100,20
FUR-BO-10001835,100,20
FUR-TA-10001228,100,20
TEC-CO-10002659,100,20
OFF-AP-10002312,100,20
TEC-PH-10001712,100,20
TEC-CO-10000447,100,20
TEC-PH-10004940,100,20
OFF-AP-10002552,100,20
TEC-MA-10000984,100,20
TEC-CO-10001301,100,20
TEC-AC-10000053,100,20
FUR-TA-10003522,100,20
OFF-EN-10004206,100,20
FUR-CH-10004455,100,20
OFF-BI-10004995,100,20
OFF-AP-10002433,100,20
TEC-AC-10001258,100,20
FUR-CH-10001207,100,20
TEC-PH-10002774,100,20
TEC-MA-10002468,100,20
FUR-TA-10004957,100,20
TEC-BRO-10004184,100,20
TEC-CO-10004904,100,20
FUR-CHR-10004803,100,20
TEC-PH-10002991,100,20
TEC-AC-10002153,100,20
TEC-PH-10001360,100,20
OFF-AP-10001815,100,20
FUR-TA-10002966,100,20
OFF-AP-10004512,100,20
FUR-TA-10001786,100,20
TEC-MA-10003801,100,20
FUR-TA-10001494,100,20
FUR-BO-10004452,100,20
OFF-ST-10002642,100,20
FUR-CHR-10001570,100,20
FUR-BO-10004129,100,20
OFF-AP-10003382,100,20
TEC-PH-10000800,100,20
OFF-AP-10003625,100,20
TEC-MA-10000742,100,20
FUR-TA-10004832,100,20
OFF-AP-10000275,100,20
TEC-MA-10000875,100,20
FUR-BO-10001372,100,20
TEC-CO-10004170,100,20
FUR-BO-10003404,100,20
FUR-TA-10003527,100,20
TEC-CO-10003083,100,20
OFF-AP-10001041,100,20
FUR-BO-10001324,100,20
FUR-TA-10004634,100,20
TEC-AC-10002348,100,20
FUR-TA-10000478,100,20
FUR-TA-10001726,100,20
TEC-MA-10004212,100,20
FUR-BEV-10000326,100,20
FUR-TA-10004722,100,20
TEC-CO-10004535,100,20
TEC-CO-10000953,100,20
OFF-AP-10003354,100,20
FUR-TA-10000649,100,20
TEC-AC-10003870,100,20
FUR-BAR-10000560,100,20
TEC-CO-10001275,100,20
TEC-MOT-10002272,100,20
TEC-CO-10002376,100,20
FUR-FU-10000668,100,20
FUR-TA-10000670,100,20
FUR-TA-10004892,100,20
TEC-MA-10000374,100,20
TEC-PH-10001795,100,20
TEC-PH-10000499,100,20
TEC-HEW-10004690,100,20
FUR-CH-10002024,100,20
FUR-TA-10003591,100,20
FUR-TA-10003899,100,20
OFF-AP-10004964,100,20
OFF-CUI-10000105,100,20
FUR-BO-10002708,100,20
OFF-AP-10004755,100,20
TEC-PH-10002517,100,20
FUR-BO-10004999,100,20
FUR-BEV-10001048,100,20
TEC-PH-10002962,100,20
FUR-BO-10004771,100,20
OFF-AP-10003866,100,20
OFF-BRE-10002738,100,20
TEC-PH-10002935,100,20
TEC-PH-10001670,100,20
FUR-TA-10003006,100,20
TEC-KON-10002050,100,20
FUR-BO-10000288,100,20
FUR-TA-10004810,100,20
FUR-TA-10003358,100,20
TEC-MA-10002392,100,20
FUR-BO-10000203,100,20
TEC-PH-10000036,100,20
OFF-AP-10004227,100,20
FUR-TA-10001968,100,20
FUR-BO-10002277,100,20
TEC-PH-10002824,100,20
TEC-PH-10004553,100,20
FUR-HON-10002837,100,20
OFF-AP-10001274,100,20
FUR-TA-10004306,100,20
TEC-AC-10003577,100,20
FUR-BO-10003734,100,20
OFF-AP-10000381,100,20
FUR-TA-10002638,100,20
TEC-MA-10004458,100,20
FUR-TA-10004336,100,20
TEC-PH-10002815,100,20
FUR-TA-10004653,100,20
TEC-MA-10000982,100,20
TEC-MA-10004446,100,20
FUR-CH-10004705,100,20
FUR-BO-10002462,100,20
TEC-PH-10002799,100,20
OFF-AP-10001408,100,20
TEC-MA-10004241,100,20
FUR-BO-10000425,100,20
TEC-CO-10003608,100,20
TEC-MA-10002614,100,20
FUR-CH-10003750,100,20
TEC-CO-10002035,100,20
TEC-CAN-10001571,100,20
TEC-CO-10002465,100,20
FUR-CH-10001588,100,20
TEC-CO-10003496,100,20
FUR-CH-10000602,100,20
FUR-TA-10003157,100,20
TEC-MA-10004408,100,20
TEC-CO-10001919,100,20
TEC-PH-10002094,100,20
OFF-AP-10001106,100,20
TEC-MA-10004224,100,20
TEC-AC-10003180,100,20
FUR-TA-10004132,100,20
OFF-AP-10001527,100,20
OFF-SU-10002881,100,20
FUR-BO-10002990,100,20
TEC-PH-10001468,100,20
TEC-CO-10002911,100,20
TEC-MOT-10002855,100,20
TEC-CO-10004406,100,20
FUR-CH-10000015,100,20
TEC-AC-10000657,100,20
TEC-PH-10002683,100,20
TEC-MA-10000864,100,20
OFF-AP-10002945,100,20
TEC-AC-10000990,100,20
FUR-TA-10002351,100,20
FUR-CH-10003618,100,20
OFF-AP-10000326,100,20
OFF-AP-10001124,100,20
TEC-CO-10002157,100,20
FUR-TA-10004256,100,20
FUR-BO-10001370,100,20
FUR-CH-10001919,100,20
FUR-TA-10003963,100,20
FUR-BO-10004633,100,20
FUR-CH-10004462,100,20
OFF-ST-10002619,100,20
TEC-CO-10000961,100,20
OFF-AP-10004913,100,20
FUR-LES-10000488,100,20
OFF-AP-10000647,100,20
FUR-TA-10003596,100,20
OFF-AP-10004140,100,20
TEC-AC-10004666,100,20
FUR-BAR-10004561,100,20
OFF-BI-10003527,100,20
FUR-BO-10001943,100,20
TEC-MA-10000429,100,20
TEC-PH-10002641,100,20
OFF-AP-10002421,100,20
FUR-TA-10000136,100,20
TEC-CO-10000279,100,20
TEC-PH-10003916,100,20
FUR-BO-10004254,100,20
TEC-MA-10001311,100,20
FUR-BO-10003783,100,20
FUR-BO-10004043,100,20
FUR-CH-10003597,100,20
OFF-AP-10000213,100,20
OFF-AP-10004191,100,20
TEC-CO-10001204,100,20
FUR-TA-10000665,100,20
FUR-HON-10004987,100,20
TEC-CO-10000013,100,20
FUR-TA-10003786,100,20
TEC-PH-10000780,100,20
OFF-AP-10002361,100,20
OFF-AP-10000534,100,20
OFF-ST-10004374,100,20
OFF-AP-10004201,100,20
TEC-CO-10004756,100,20
OFF-AP-10004464,100,20
TEC-MOT-10000939,100,20
FUR-CH-10002203,100,20
OFF-AP-10002537,100,20
FUR-TA-10000360,100,20
TEC-PH-10001494,100,20
FUR-BO-10001507,100,20
TEC-CO-10001001,100,20
TEC-CO-10003655,100,20
OFF-AP-10001635,100,20
OFF-AP-10000487,100,20
FUR-TA-10000591,100,20
OFF-AP-10001103,100,20
FUR-TA-10000558,100,20
FUR-BO-10000259,100,20
TEC-MA-10004236,100,20
FUR-CH-10000685,100,20
FUR-TA-10004371,100,20
OFF-AP-10004698,100,20
TEC-SAM-10004940,100,20
TEC-AC-10002844,100,20
FUR-TA-10000075,100,20
OFF-AP-10001926,100,20
OFF-AP-10002734,100,20
OFF-AP-10003618,100,20
TEC-AC-10001047,100,20
TEC-CO-10002812,100,20
FUR-TA-10000519,100,20
TEC-CO-10002696,100,20
FUR-CH-10003973,100,20
FUR-BO-10002031,100,20
FUR-BO-10001872,100,20
FUR-TA-10002789,100,20
FUR-TA-10001226,100,20
FUR-IKE-10003053,100,20
FUR-TA-10003583,100,20
FUR-BO-10003541,100,20
TEC-PH-10001492,100,20
FUR-BO-10004844,100,20
OFF-AP-10000691,100,20
OFF-AP-10002351,100,20
FUR-TA-10001276,100,20
OFF-AP-10000584,100,20
TEC-AC-10003417,100,20
TEC-AC-10004420,100,20
TEC-AC-10003262,100,20
TEC-PH-10002584,100,20
TEC-MA-10004168,100,20
FUR-TA-10002467,100,20
TEC-CO-10004099,100,20
FUR-HON-10000224,100,20
OFF-AP-10004627,100,20
FUR-TA-10003954,100,20
TEC-APP-10004657,100,20
TEC-CO-10002095,100,20
TEC-CO-10000764,100,20
OFF-KIT-10003757,100,20
OFF-AP-10002090,100,20
OFF-AP-10002941,100,20
FUR-CH-10001187,100,20
FUR-FU-10000576,100,20
TEC-PH-10000018,100,20
FUR-TA-10004484,100,20
TEC-AC-10002364,100,20
TEC-MA-10002992,100,20
FUR-BO-10004371,100,20
FUR-TA-10003386,100,20
FUR-LES-10004420,100,20
FUR-TA-10003790,100,20
FUR-TA-10003449,100,20
FUR-CH-10000546,100,20
FUR-CH-10003168,100,20
FUR-TA-10003179,100,20
FUR-BO-10004560,100,20
OFF-AP-10004571,100,20
FUR-CH-10000155,100,20
OFF-HOO-10000445,100,20
FUR-TA-10003323,100,20
TEC-CO-10002316,100,20
FUR-BUS-10002989,100,20
FUR-CH-10003365,100,20
TEC-PH-10002885,100,20
OFF-AP-10001099,100,20
FUR-BO-10004852,100,20
OFF-ST-10000439,100,20
TEC-CO-10003166,100,20
TEC-MA-10002918,100,20
FUR-BO-10000596,100,20
TEC-MA-10001494,100,20
FUR-TA-10001633,100,20
TEC-PH-10001457,100,20
OFF-AP-10001305,100,20
TEC-PH-10003794,100,20
FUR-CH-10003761,100,20
FUR-NOV-10002107,100,20
FUR-HON-10002941,100,20
FUR-SAU-10003933,100,20
TEC-PH-10000298,100,20
TEC-CO-10002686,100,20
OFF-AP-10002698,100,20
TEC-PH-10001573,100,20
TEC-STA-10002459,100,20
FUR-CH-10002438,100,20
FUR-BO-10001196,100,20
TEC-AC-10004487,100,20
FUR-BO-10001039,100,20
FUR-TA-10000962,100,20
FUR-TA-10004219,100,20
TEC-CO-10002119,100,20
OFF-ST-10001780,100,20
OFF-HAM-10001107,100,20
FUR-TA-10002527,100,20
FUR-BO-10000022,100,20
TEC-CO-10003113,100,20
FUR-BO-10000311,100,20
FUR-BO-10004690,100,20
TEC-MA-10001261,100,20
FUR-CH-10000783,100,20
TEC-MA-10003223,100,20
OFF-AP-10002252,100,20
FUR-TA-10004342,100,20
OFF-ST-10002763,100,20
TEC-PH-10000840,100,20
OFF-AP-10003221,100,20
FUR-BO-10003968,100,20
FUR-BO-10001392,100,20
OFF-AP-10004958,100,20
TEC-EPS-10002711,100,20
OFF-AP-10003834,100,20
FUR-TA-10000434,100,20
FUR-FU-10004876,100,20
TEC-MA-10003441,100,20
TEC-SAM-10001131,100,20
TEC-PH-10004554,100,20
FUR-CH-10004026,100,20
FUR-BO-10003126,100,20
FUR-BO-10001192,100,20
FUR-TA-10003568,100,20
OFF-HOO-10001881,100,20
TEC-MA-10003626,100,20
FUR-BO-10004842,100,20
FUR-TA-10003078,100,20
OFF-AP-10003963,100,20
OFF-HOO-10001105,100,20
FUR-CH-10004199,100,20
FUR-CH-10002250,100,20
FUR-HON-10003412,100,20
FUR-IKE-10000521,100,20
TEC-PAN-10000577,100,20
FUR-TA-10001950,100,20
TEC-CO-10003420,100,20
FUR-CH-10000309,100,20
OFF-AP-10001058,100,20
OFF-AP-10003497,100,20
FUR-CH-10003894,100,20
TEC-PH-10001117,100,20
FUR-TA-10000490,100,20
FUR-NOV-10004925,100,20
TEC-MA-10004534,100,20
FUR-SAF-10004252,100,20
FUR-CH-10003771,100,20
OFF-AP-10000663,100,20
FUR-BO-10004142,100,20
FUR-TA-10000184,100,20
FUR-TA-10001980,100,20
FUR-TA-10004406,100,20
FUR-CH-10001271,100,20
TEC-AC-10001100,100,20
TEC-PH-10002680,100,20
FUR-BO-10000008,100,20
FUR-CH-10001582,100,20
TEC-MA-10003936,100,20
OFF-ST-10004687,100,20
TEC-MA-10002093,100,20
FUR-CH-10003950,100,20
FUR-BO-10004103,100,20
TEC-CO-10002872,100,20
FUR-CH-10003702,100,20
TEC-MA-10002952,100,20
FUR-TA-10003268,100,20
TEC-MA-10001972,100,20
TEC-MA-10003953,100,20
TEC-CO-10000865,100,20
TEC-CO-10002323,100,20
FUR-BAR-10003532,100,20
TEC-CO-10000775,100,20
TEC-MA-10000199,100,20
TEC-AC-10001056,100,20
OFF-ST-10000003,100,20
FUR-CH-10002782,100,20
FUR-ELD-10001163,100,20
FUR-CH-10003312,100,20
OFF-AP-10003909,100,20
OFF-AP-10001299,100,20
TEC-CO-10000854,100,20
TEC-MA-10003757,100,20
OFF-AP-10003588,100,20
OFF-EN-10002061,100,20
FUR-BO-10002444,100,20
TEC-CO-10003228,100,20
FUR-TA-10002935,100,20
TEC-AC-10003506,100,20
OFF-AP-10001956,100,20
TEC-CO-10003236,100,20
TEC-EPS-10002920,100,20
TEC-CO-10004089,100,20
FUR-BO-10001309,100,20
FUR-CH-10001429,100,20
TEC-MA-10002210,100,20
OFF-ST-10001097,100,20
OFF-AP-10002425,100,20
FUR-TA-10003171,100,20
FUR-TA-10003030,100,20
OFF-AP-10004494,100,20
TEC-CO-10004394,100,20
TEC-MA-10000768,100,20
TEC-CO-10003354,100,20
OFF-AP-10002681,100,20
OFF-ST-10004341,100,20
TEC-CO-10001046,100,20
FUR-SAF-10002846,100,20
FUR-BO-10001875,100,20
TEC-PH-10000160,100,20
FUR-TA-10004937,100,20
TEC-MA-10003743,100,20
OFF-AP-10001391,100,20
TEC-MA-10001627,100,20
FUR-TA-10001889,100,20
TEC-CO-10002269,100,20
FUR-HON-10001851,100,20
FUR-CHR-10003806,100,20
FUR-TA-10002544,100,20
TEC-CO-10004367,100,20
TEC-CO-10002242,100,20
FUR-CH-10000774,100,20
OFF-AP-10003304,100,20
FUR-CH-10004063,100,20
TEC-MA-10001360,100,20
FUR-BO-10004388,100,20
FUR-FU-10004614,100,20
OFF-ST-10002530,100,20
FUR-CH-10000932,100,20
TEC-CO-10003589,100,20
TEC-CO-10000666,100,20
TEC-CO-10001766,100,20
FUR-LES-10002852,100,20
OFF-PA-10001281,100,20
TEC-CO-10004234,100,20
TEC-CO-10003217,100,20
FUR-BO-10001892,100,20
OFF-AP-10004063,100,20
FUR-BO-10001073,100,20
FUR-LES-10000874,100,20
TEC-PH-10000303,100,20
FUR-CHR-10001784,100,20
FUR-TA-10003747,100,20
FUR-BO-10003893,100,20
FUR-TA-10001327,100,20
FUR-NOV-10000847,100,20
FUR-BO-10002889,100,20
TEC-AC-10002340,100,20
TEC-CO-10002040,100,20
OFF-AP-10003275,100,20
TEC-CO-10003307,100,20
FUR-TA-10002235,100,20
OFF-AP-10003524,100,20
TEC-PH-10004196,100,20
FUR-IKE-10004853,100,20
TEC-PH-10002217,100,20
TEC-PH-10001824,100,20
TEC-AC-10003969,100,20
TEC-NOK-10003562,100,20
TEC-BEL-10001689,100,20
FUR-HON-10003533,100,20
FUR-CH-10000027,100,20
OFF-KIT-10003337,100,20
TEC-MA-10000258,100,20
TEC-CO-10004997,100,20
TEC-CO-10004365,100,20
OFF-AP-10000667,100,20
FUR-TA-10001622,100,20
FUR-BO-10000624,100,20
FUR-TA-10004748,100,20
FUR-TA-10003576,100,20
TEC-PH-10000486,100,20
FUR-CH-10004774,100,20
OFF-AP-10003099,100,20
FUR-BO-10002740,100,20
TEC-MA-10003674,100,20
TEC-CO-10001375,100,20
TEC-PH-10004631,100,20
TEC-MA-10002771,100,20
FUR-CH-10002891,100,20
OFF-AP-10000934,100,20
FUR-BO-10001165,100,20
TEC-MA-10001598,100,20
TEC-CO-10002197,100,20
TEC-AC-10004145,100,20
OFF-AP-10002283,100,20
FUR-BO-10004408,100,20
FUR-TA-10004524,100,20
OFF-CUI-10001032,100,20
FUR-FU-10003095,100,20
FUR-CH-10002033,100,20
FUR-BO-10004660,100,20
TEC-CO-10001895,100,20
TEC-CO-10002240,100,20
TEC-PH-10002590,100,20
TEC-MA-10001622,100,20
TEC-HP -10001115,100,20
OFF-AP-10002008,100,20
TEC-CO-10003406,100,20
TEC-MA-10000858,100,20
FUR-CH-10001215,100,20
TEC-MA-10001569,100,20
FUR-TA-10004440,100,20
FUR-BO-10000786,100,20
TEC-MA-10003990,100,20
OFF-BIC-10001739,100,20
OFF-AP-10003702,100,20
OFF-HAM-10000312,100,20
TEC-SAM-10004230,100,20
FUR-BO-10004630,100,20
FUR-CH-10004255,100,20
OFF-AP-10002932,100,20
OFF-BI-10000545,100,20
FUR-OFF-10002330,100,20
OFF-AP-10001975,100,20
TEC-CO-10003622,100,20
FUR-CH-10000042,100,20
OFF-AP-10001190,100,20
OFF-ENE-10004377,100,20
TEC-MA-10003337,100,20
TEC-AC-10003814,100,20
OFF-AP-10000751,100,20
FUR-TA-10004005,100,20
FUR-BAR-10000946,100,20
FUR-BO-10004199,100,20
FUR-BO-10003046,100,20
FUR-BO-10002892,100,20
FUR-TA-10002172,100,20
FUR-CH-10002585,100,20
FUR-SAU-10002255,100,20
OFF-AP-10004937,100,20
FUR-TA-10003782,100,20
TEC-CO-10004813,100,20
FUR-NOV-10004602,100,20
FUR-TA-10003663,100,20
FUR-SAF-10002495,100,20
OFF-BI-10004600,100,20
OFF-HOO-10004910,100,20
OFF-EN-10003299,100,20
TEC-MA-10003631,100,20
TEC-MOT-10000554,100,20
FUR-BO-10004670,100,20
FUR-TA-10000052,100,20
TEC-SHA-10003353,100,20
FUR-BO-10000321,100,20
TEC-CO-10003964,100,20
OFF-JIF-10002836,100,20
FUR-CH-10001237,100,20
TEC-BRO-10004802,100,20
OFF-AP-10000078,100,20
OFF-AP-10000226,100,20
TEC-CO-10001093,100,20
FUR-CH-10001021,100,20
FUR-BO-10002580,100,20
OFF-AP-10003380,100,20
TEC-KON-10004735,100,20
TEC-MA-10000317,100,20
TEC-AC-10002914,100,20
FUR-CH-10003232,100,20
OFF-AP-10003965,100,20
TEC-PH-10002759,100,20
TEC-AC-10002159,100,20
FUR-TA-10003055,100,20
FUR-BO-10000514,100,20
FUR-TA-10003003,100,20
FUR-DAN-10002741,100,20
TEC-PAN-10001674,100,20
TEC-CAN-10001376,100,20
TEC-PH-10003646,100,20
FUR-BEV-10001853,100,20
TEC-AC-10004289,100,20
OFF-AP-10001197,100,20
FUR-BO-10001714,100,20
TEC-SHA-10001309,100,20
TEC-CO-10000270,100,20
OFF-AP-10002573,100,20
OFF-EN-10002752,100,20
TEC-MA-10002118,100,20
FUR-TA-10002557,100,20
TEC-AC-10003415,100,20
FUR-TA-10000073,100,20
OFF-PA-10000871,100,20
FUR-BO-10004707,100,20
TEC-MA-10001727,100,20
FUR-TA-10000323,100,20
FUR-CH-10000857,100,20
FUR-CHR-10000585,100,20
FUR-TA-10001496,100,20
FUR-BO-10001362,100,20
FUR-BO-10001822,100,20
TEC-AC-10000712,100,20
TEC-CO-10001741,100,20
OFF-HOO-10004243,100,20
OFF-AP-10000258,100,20
OFF-AP-10004415,100,20
OFF-ST-10002774,100,20
TEC-MA-10004679,100,20
TEC-PH-10004144,100,20
FUR-TA-10003518,100,20
FUR-BO-10002000,100,20
TEC-CO-10002271,100,20
FUR-TA-10003405,100,20
TEC-MA-10001940,100,20
TEC-NOK-10004339,100,20
FUR-CH-10004040,100,20
TEC-CO-10003763,100,20
TEC-CIS-10002344,100,20
FUR-FU-10001132,100,20
OFF-AP-10000800,100,20
TEC-PH-10000956,100,20
FUR-SAU-10003928,100,20
TEC-PH-10002780,100,20
TEC-PH-10002042,100,20
OFF-AP-10004183,100,20
OFF-PA-10003273,100,20
FUR-CH-10000974,100,20
TEC-CO-10001869,100,20
TEC-AC-10001838,100,20
TEC-CO-10001419,100,20
FUR-TA-10001740,100,20
TEC-PH-10002715,100,20
FUR-CH-10001394,100,20
TEC-PH-10001413,100,20
TEC-LOG-10004405,100,20
TEC-MA-10004814,100,20
FUR-CH-10001415,100,20
FUR-LES-10002613,100,20
TEC-CO-10001234,100,20
FUR-SAU-10002043,100,20
TEC-CO-10003506,100,20
FUR-CH-10000213,100,20
TEC-CO-10000387,100,20
TEC-MA-10002790,100,20
TEC-MA-10003404,100,20
FUR-TA-10001549,100,20
FUR-CH-10002923,100,20
TEC-PH-10000505,100,20
FUR-BO-10002793,100,20
TEC-CO-10001926,100,20
FUR-TA-10000750,100,20
FUR-BO-10000490,100,20
TEC-MA-10004486,100,20
TEC-MA-10004997,100,20
FUR-CH-10000885,100,20
TEC-CO-10001413,100,20
OFF-AP-10003021,100,20
FUR-CH-10002573,100,20
FUR-BEV-10002369,100,20
TEC-AC-10000512,100,20
TEC-MA-10003298,100,20
TEC-CO-10001596,100,20
TEC-CO-10001795,100,20
FUR-BO-10000623,100,20
OFF-EN-10000975,100,20
OFF-AP-10000729,100,20
FUR-CH-10004086,100,20
TEC-CO-10003917,100,20
FUR-TA-10004667,100,20
FUR-BO-10002926,100,20
TEC-APP-10002966,100,20
FUR-BO-10004441,100,20
TEC-ENE-10004509,100,20
TEC-CO-10002379,100,20
OFF-ST-10004159,100,20
TEC-PH-10003891,100,20
TEC-CO-10004045,100,20
FUR-BO-10003738,100,20
OFF-KIT-10002828,100,20
FUR-BO-10001461,100,20
FUR-BO-10000021,100,20
FUR-TA-10004619,100,20
OFF-HAM-10003663,100,20
TEC-PH-10000688,100,20
FUR-CH-10002758,100,20
TEC-PH-10000562,100,20
TEC-MA-10004143,100,20
FUR-BO-10004537,100,20
FUR-BO-10003945,100,20
TEC-CO-10000972,100,20
OFF-ST-10003102,100,20
TEC-CO-10004005,100,20
TEC-PH-10004830,100,20
OFF-HOO-10002946,100,20
FUR-TA-10003497,100,20
TEC-AC-10001566,100,20
TEC-CO-10000500,100,20
FUR-ADV-10000190,100,20
TEC-MA-10003146,100,20
FUR-BO-10001558,100,20
OFF-EAT-10001025,100,20
FUR-BO-10003647,100,20
FUR-BO-10002289,100,20
FUR-TA-10003152,100,20
FUR-BO-10004806,100,20
FUR-BO-10004935,100,20
TEC-MA-10002898,100,20
FUR-BO-10002003,100,20
TEC-CO-10001678,100,20
TEC-CO-10003965,100,20
FUR-BO-10001133,100,20
TEC-CAN-10003392,100,20
FUR-CH-10002477,100,20
TEC-AC-10002244,100,20
FUR-BO-10003991,100,20
OFF-AP-10003850,100,20
FUR-TA-10003715,100,20
FUR-BO-10000567,100,20
FUR-BO-10003320,100,20
FUR-TA-10000355,100,20
TEC-CO-10000427,100,20
FUR-BO-10001436,100,20
TEC-PH-10004505,100,20
TEC-PH-10004570,100,20
TEC-MA-10001856,100,20
FUR-CH-10003379,100,20
TEC-MA-10000560,100,20
FUR-BUS-10001187,100,20
TEC-PH-10003511,100,20
TEC-PH-10001187,100,20
FUR-BO-10002992,100,20
FUR-TA-10002571,100,20
FUR-BO-10000402,100,20
OFF-AP-10002794,100,20
FUR-BO-10002613,100,20
TEC-SAM-10004785,100,20
FUR-TA-10004826,100,20
FUR-TA-10003887,100,20
TEC-MA-10004255,100,20
TEC-HP -10001574,100,20
TEC-PH-10004536,100,20
TEC-CO-10001142,100,20
TEC-PH-10004028,100,20
FUR-BO-10000967,100,20
FUR-FU-10003806,100,20
TEC-MA-10001148,100,20
FUR-BO-10002042,100,20
FUR-CH-10004795,100,20
FUR-TA-10004817,100,20
TEC-PH-10003439,100,20
FUR-SAF-10000204,100,20
FUR-BO-10002084,100,20
OFF-EN-10001480,100,20
FUR-TA-10000695,100,20
TEC-CO-10003158,100,20
FUR-CH-10000333,100,20
TEC-CO-10000777,100,20
FUR-BO-10001393,100,20
TEC-MA-10003779,100,20
TEC-PH-10003457,100,20
FUR-TA-10002833,100,20
OFF-AP-10003795,100,20
OFF-AP-10002499,100,20
TEC-CO-10003410,100,20
FUR-BO-10004434,100,20
TEC-BRO-10000348,100,20
FUR-FU-10002919,100,20
TEC-AC-10000317,100,20
FUR-BO-10001212,100,20
TEC-CO-10001567,100,20
TEC-AC-10003518,100,20
OFF-CUI-10001990,100,20
FUR-BO-10003880,100,20
FUR-TA-10002912,100,20
FUR-BO-10000533,100,20
TEC-PH-10002353,100,20
OFF-KIT-10003611,100,20
FUR-BO-10002906,100,20
FUR-TA-10001371,100,20
OFF-ST-10003150,100,20
TEC-MA-10003515,100,20
TEC-AC-10001254,100,20
FUR-BO-10002213,100,20
TEC-CIS-10001717,100,20
FUR-DAN-10004625,100,20
FUR-TA-10004289,100,20
FUR-CH-10000660,100,20
OFF-AP-10002651,100,20
TEC-PH-10003994,100,20
OFF-AP-10003956,100,20
FUR-TA-10000617,100,20
TEC-AC-10004808,100,20
TEC-MA-10004502,100,20
FUR-CH-10000777,100,20
TEC-ENE-10004052,100,20
OFF-EN-10000378,100,20
TEC-CO-10001482,100,20
TEC-CO-10000405,100,20
TEC-CO-10000051,100,20
FUR-TA-10003485,100,20
TEC-MA-10002134,100,20
FUR-BO-10001471,100,20
FUR-FU-10001438,100,20
FUR-BO-10004665,100,20
FUR-FU-10004031,100,20
TEC-MA-10003176,100,20
TEC-CO-10002326,100,20
TEC-MA-10000087,100,20
TEC-MA-10002263,100,20
TEC-CO-10001487,100,20
OFF-KIT-10000099,100,20
OFF-AR-10001162,100,20
OFF-ST-10004983,100,20
FUR-CH-10003841,100,20
TEC-HEW-10002304,100,20
TEC-PH-10001284,100,20
FUR-BO-10001831,100,20
FUR-CH-10001322,100,20
TEC-MA-10002520,100,20
OFF-AP-10003259,100,20
FUR-BO-10003543,100,20
TEC-HP -10003894,100,20
TEC-CO-10001742,100,20
FUR-CH-10003746,100,20
FUR-BO-10001708,100,20
OFF-BRE-10001197,100,20
TEC-PH-10000458,100,20
FUR-HAR-10002873,100,20
TEC-CO-10001839,100,20
TEC-AC-10003753,100,20
OFF-HAM-10004674,100,20
TEC-AC-10004414,100,20
TEC-MA-10001031,100,20
TEC-AC-10001720,100,20
TEC-MA-10004002,100,20
TEC-MA-10004929,100,20
TEC-AC-10002224,100,20
FUR-TA-10001691,100,20
OFF-ST-10004226,100,20
FUR-FU-10000980,100,20
FUR-BO-10000889,100,20
TEC-PH-10000419,100,20
TEC-MA-10003078,100,20
OFF-SU-10003863,100,20
TEC-PH-10000895,100,20
FUR-BO-10001739,100,20
FUR-BEV-10000388,100,20
FUR-BO-10003323,100,20
OFF-BRE-10003382,100,20
FUR-TA-10001272,100,20
FUR-TA-10004575,100,20
OFF-PA-10002558,100,20
TEC-MA-10000240,100,20
OFF-SU-10001124,100,20
TEC-MA-10001279,100,20
TEC-CO-10004202,100,20
OFF-AP-10004527,100,20
OFF-AP-10002764,100,20
FUR-OFF-10004214,100,20
TEC-CO-10002063,100,20
FUR-BO-10003022,100,20
FUR-TA-10001833,100,20
FUR-TA-10002885,100,20
TEC-CO-10002526,100,20
TEC-PH-10000493,100,20
TEC-CIS-10000791,100,20
FUR-TA-10004915,100,20
TEC-MA-10000170,100,20
FUR-BO-10001010,100,20
TEC-PH-10004211,100,20
FUR-TA-10000245,100,20
OFF-AP-10002735,100,20
OFF-AP-10002264,100,20
TEC-AC-10001355,100,20
TEC-MA-10003246,100,20
OFF-HAM-10001302,100,20
TEC-PH-10003484,100,20
TEC-CO-10004589,100,20
OFF-AP-10000415,100,20
FUR-FU-10001541,100,20
TEC-PH-10001076,100,20
OFF-AP-10000621,100,20
FUR-BO-10000517,100,20
TEC-PH-10001835,100,20
TEC-PH-10004221,100,20
FUR-CH-10000229,100,20
TEC-MA-10001308,100,20
FUR-BO-10003333,100,20
OFF-AP-10000717,100,20
TEC-HP -10003559,100,20
OFF-AP-10000873,100,20
FUR-TA-10004383,100,20
TEC-ENE-10002744,100,20
OFF-HOO-10001783,100,20
TEC-MA-10001859,100,20
TEC-CO-10004404,100,20
TEC-KON-10003211,100,20
FUR-BO-10001295,100,20
OFF-ST-10004748,100,20
TEC-MA-10003780,100,20
FUR-TA-10001090,100,20
TEC-PH-10004105,100,20
OFF-BRE-10003558,100,20
FUR-BO-10000184,100,20
OFF-ST-10002515,100,20
TEC-MA-10000559,100,20
OFF-AP-10003308,100,20
OFF-BRE-10003295,100,20
FUR-BO-10003697,100,20
TEC-PH-10000841,100,20
FUR-CH-10002373,100,20
TEC-BRO-10003876,100,20
OFF-AP-10003184,100,20
FUR-CH-10002002,100,20
TEC-CIS-10000758,100,20
OFF-ST-10003286,100,20
TEC-MA-10000904,100,20
FUR-BO-10000195,100,20
TEC-MA-10001570,100,20
TEC-CO-10000395,100,20
FUR-TA-10002972,100,20
FUR-CH-10001190,100,20
FUR-CH-10001663,100,20
FUR-SAF-10001428,100,20
TEC-MA-10002040,100,20
FUR-CH-10002317,100,20
TEC-AC-10000007,100,20
OFF-AP-10002960,100,20
TEC-PH-10003486,100,20
OFF-AP-10002793,100,20
TEC-CO-10002697,100,20
FUR-CH-10000836,100,20
TEC-AC-10003469,100,20
FUR-BO-10002109,100,20
FUR-BO-10002308,100,20
TEC-CO-10000794,100,20
FUR-BO-10003301,100,20
TEC-MA-10002464,100,20
TEC-AC-10002322,100,20
FUR-CH-10000294,100,20
TEC-CO-10002578,100,20
TEC-CO-10000043,100,20
TEC-MA-10003730,100,20
OFF-AP-10001955,100,20
TEC-MA-10002874,100,20
FUR-CH-10002417,100,20
TEC-PH-10004880,100,20
FUR-FU-10001091,100,20
FUR-CH-10003341,100,20
TEC-AC-10002522,100,20
TEC-CO-10003346,100,20
FUR-FU-10001764,100,20
FUR-TA-10003291,100,20
FUR-BO-10004558,100,20
OFF-AP-10004372,100,20
FUR-FU-10000366,100,20
FUR-BO-10002964,100,20
TEC-MA-10001681,100,20
OFF-AP-10004821,100,20
OFF-BI-10004390,100,20
TEC-CAN-10004214,100,20
FUR-BO-10001271,100,20
FUR-CH-10002481,100,20
TEC-MA-10004772,100,20
FUR-CH-10000454,100,20
FUR-CH-10000848,100,20
TEC-CO-10001703,100,20
FUR-TA-10000518,100,20
TEC-MA-10001128,100,20
FUR-BO-10004541,100,20
TEC-CO-10004115,100,20
TEC-CO-10003204,100,20
TEC-MA-10000334,100,20
TEC-CO-10003784,100,20
FUR-TA-10002774,100,20
FUR-CH-10000847,100,20
TEC-AC-10000866,100,20
TEC-PH-10001918,100,20
TEC-AC-10002148,100,20
TEC-PH-10003683,100,20
TEC-CO-10000562,100,20
OFF-EN-10002522,100,20
TEC-CO-10002673,100,20
FUR-SAF-10001793,100,20
TEC-CO-10000825,100,20
FUR-TA-10002979,100,20
FUR-TA-10001558,100,20
OFF-ST-10002028,100,20
OFF-AP-10000005,100,20
TEC-PH-10004664,100,20
FUR-OFF-10002542,100,20
TEC-MA-10002155,100,20
TEC-CO-10003777,100,20
FUR-CH-10001147,100,20
OFF-AP-10000916,100,20
TEC-CO-10000620,100,20
TEC-AC-10000519,100,20
OFF-HOO-10003653,100,20
TEC-MA-10004553,100,20
TEC-CO-10003124,100,20
TEC-MA-10002711,100,20
TEC-MA-10003314,100,20
TEC-MA-10000366,100,20
TEC-MA-10000964,100,20
TEC-MA-10002459,100,20
TEC-MA-10003079,100,20
TEC-CO-10002057,100,20
FUR-BO-10003028,100,20
FUR-BO-10004357,100,20
OFF-AR-10002714,100,20
TEC-PH-10001990,100,20
TEC-MA-10000765,100,20
FUR-TA-10002095,100,20
TEC-HEW-10003829,100,20
FUR-TA-10001602,100,20
FUR-CH-10004792,100,20
TEC-CO-10001523,100,20
TEC-MA-10003351,100,20
TEC-AC-10001876,100,20
TEC-PH-10000560,100,20
TEC-PH-10004707,100,20
OFF-AP-10001458,100,20
OFF-CUI-10002269,100,20
TEC-CO-10000172,100,20
TEC-CO-10003349,100,20
TEC-PH-10000490,100,20
TEC-CO-10002350,100,20
OFF-AR-10000733,100,20
OFF-AP-10000335,100,20
OFF-ST-10002566,100,20
TEC-AC-10000212,100,20
OFF-SU-10000596,100,20
FUR-CH-10003558,100,20
FUR-BO-10004704,100,20
TEC-MA-10003536,100,20
TEC-CO-10002284,100,20
TEC-AC-10001949,100,20
FUR-BO-10004316,100,20
TEC-MA-10003812,100,20
OFF-AP-10002330,100,20
TEC-MA-10003553,100,20
TEC-PAN-10000377,100,20
TEC-CO-10004701,100,20
TEC-CO-10001317,100,20
FUR-BO-10000791,100,20
OFF-ST-10004267,100,20
FUR-BO-10002916,100,20
TEC-AC-10003570,100,20
FUR-TA-10000403,100,20
TEC-PAN-10004404,100,20
OFF-AP-10003559,100,20
TEC-AC-10000254,100,20
TEC-CO-10001309,100,20
FUR-BAR-10002710,100,20
FUR-BO-10000243,100,20
TEC-MA-10002412,100,20
FUR-CH-10001805,100,20
TEC-AC-10000957,100,20
TEC-MA-10003084,100,20
TEC-PH-10001817,100,20
OFF-PA-10004641,100,20
FUR-CHR-10000888,100,20
TEC-CO-10003523,100,20
OFF-AP-10003615,100,20
FUR-FU-10001601,100,20
FUR-IKE-10002719,100,20
TEC-CO-10002700,100,20
FUR-NOV-10003754,100,20
TEC-AC-10003265,100,20
FUR-BO-10001256,100,20
FUR-TA-10001113,100,20
TEC-PH-10001751,100,20
FUR-CH-10003353,100,20
OFF-ST-10002900,100,20
FUR-HON-10003950,100,20
OFF-AP-10003182,100,20
TEC-CO-10001531,100,20
TEC-MA-10000124,100,20
TEC-MA-10004955,100,20
FUR-TA-10002958,100,20
FUR-BO-10003499,100,20
TEC-PH-10004559,100,20
TEC-MA-10001403,100,20
FUR-BO-10000891,100,20
TEC-CO-10003212,100,20
FUR-CH-10002073,100,20
TEC-STA-10003386,100,20
OFF-AP-10002899,100,20
OFF-HAM-10002778,100,20
OFF-ST-10004847,100,20
TEC-PH-10002563,100,20
OFF-BRE-10004073,100,20
TEC-MA-10003154,100,20
OFF-EN-10004453,100,20
OFF-AP-10004511,100,20
TEC-AC-10000742,100,20
OFF-CUI-10001965,100,20
TEC-CO-10001787,100,20
TEC-PH-10002932,100,20
FUR-CH-10004495,100,20
TEC-MA-10002712,100,20
FUR-BO-10004681,100,20
FUR-TA-10004544,100,20
TEC-PH-10004223,100,20
TEC-PH-10000258,100,20
FUR-CH-10001832,100,20
TEC-HEW-10003460,100,20
OFF-AP-10003912,100,20
FUR-TA-10002093,100,20
OFF-ST-10003208,100,20
TEC-PH-10004328,100,20
FUR-BO-10002250,100,20
FUR-BO-10004824,100,20
TEC-SHA-10004083,100,20
FUR-TA-10004134,100,20
FUR-HON-10001689,100,20
FUR-DAN-10002017,100,20
TEC-BRO-10001568,100,20
OFF-ST-10003020,100,20
FUR-FU-10004516,100,20
TEC-CO-10001629,100,20
TEC-PH-10004389,100,20
FUR-BO-10002682,100,20
FUR-BO-10000616,100,20
TEC-AC-10002015,100,20
FUR-CH-10004675,100,20
TEC-PH-10004915,100,20
TEC-CO-10002466,100,20
FUR-CH-10002510,100,20
FUR-DAN-10001557,100,20
OFF-AP-10000004,100,20
TEC-MA-10002571,100,20
OFF-AP-10003945,100,20
TEC-CO-10000556,100,20
TEC-PH-10001363,100,20
FUR-HON-10001960,100,20
TEC-PH-10004350,100,20
OFF-SU-10003428,100,20
FUR-BO-10002812,100,20
TEC-AC-10001432,100,20
FUR-TA-10000486,100,20
TEC-MA-10002941,100,20
FUR-FU-10004527,100,20
TEC-CO-10000452,100,20
TEC-PH-10003813,100,20
OFF-ST-10000210,100,20
OFF-HAM-10001621,100,20
FUR-TA-10000577,100,20
TEC-CO-10001407,100,20
TEC-HEW-10003260,100,20
TEC-CO-10004831,100,20
FUR-TA-10004534,100,20
TEC-CO-10002796,100,20
TEC-CO-10002587,100,20
TEC-PH-10002447,100,20
TEC-MA-10000606,100,20
FUR-CH-10000513,100,20
TEC-MA-10002080,100,20
TEC-CO-10003694,100,20
TEC-CAN-10001437,100,20
FUR-TA-10002228,100,20
TEC-MA-10003390,100,20
TEC-CO-10002523,100,20
FUR-CH-10004011,100,20
TEC-MA-10002135,100,20
TEC-CO-10004976,100,20
FUR-TA-10002827,100,20
FUR-TA-10003926,100,20
TEC-CO-10003135,100,20
OFF-AP-10004248,100,20
TEC-CO-10000786,100,20
TEC-AC-10003159,100,20
FUR-BO-10003966,100,20
OFF-ST-10001496,100,20
TEC-APP-10000308,100,20
OFF-ST-10003785,100,20
TEC-CO-10000119,100,20
TEC-MA-10003185,100,20
FUR-CH-10004441,100,20
FUR-CH-10001490,100,20
FUR-TA-10002433,100,20
FUR-CH-10004592,100,20
TEC-MA-10004423,100,20
TEC-MA-10002226,100,20
OFF-EN-10000826,100,20
TEC-MA-10002428,100,20
OFF-AP-10001941,100,20
TEC-PH-10003078,100,20
TEC-MA-10002340,100,20
FUR-TA-10003569,100,20
TEC-CO-10002538,100,20
TEC-MOT-10003050,100,20
TEC-PH-10003174,100,20
TEC-PH-10001732,100,20
FUR-FU-10004095,100,20
TEC-CO-10002283,100,20
FUR-CH-10003948,100,20
TEC-PH-10001128,100,20
FUR-BO-10000210,100,20
FUR-CH-10004997,100,20
TEC-PH-10004910,100,20
FUR-BUS-10001243,100,20
OFF-ST-10001357,100,20
TEC-CO-10004034,100,20
OFF-SU-10003688,100,20
FUR-HON-10004932,100,20
TEC-PH-10001066,100,20
TEC-MA-10001372,100,20
FUR-CH-10002543,100,20
OFF-KIT-10001380,100,20
TEC-AC-10004626,100,20
OFF-AR-10000767,100,20
FUR-CH-10004309,100,20
TEC-MA-10002680,100,20
TEC-PH-10000106,100,20
FUR-CH-10000656,100,20
FUR-BO-10002390,100,20
TEC-HP -10003618,100,20
OFF-SU-10000646,100,20
TEC-ENE-10000235,100,20
TEC-PH-10002127,100,20
FUR-TA-10001693,100,20
TEC-PH-10001087,100,20
OFF-LA-10004112,100,20
FUR-BO-10003549,100,20
TEC-AC-10002543,100,20
TEC-PH-10002817,100,20
TEC-CO-10002434,100,20
TEC-PH-10003157,100,20
TEC-PH-10003491,100,20
FUR-TA-10002957,100,20
FUR-CH-10000399,100,20
TEC-CO-10003574,100,20
FUR-BO-10003713,100,20
OFF-ST-10000676,100,20
OFF-AP-10002317,100,20
FUR-BO-10002334,100,20
FUR-BO-10003604,100,20
FUR-CH-10002060,100,20
FUR-TA-10003222,100,20
FUR-TA-10002797,100,20
FUR-FU-10003427,100,20
TEC-CO-10001445,100,20
FUR-BAR-10003576,100,20
TEC-PH-10000455,100,20
FUR-TA-10001086,100,20
FUR-SAF-10000213,100,20
TEC-PH-10001555,100,20
TEC-PH-10000822,100,20
FUR-CH-10002974,100,20
FUR-BO-10001749,100,20
TEC-CO-10004081,100,20
FUR-TA-10002903,100,20
FUR-TA-10001307,100,20
FUR-BO-10000797,100,20
FUR-BO-10004053,100,20
TEC-CO-10002423,100,20
FUR-TA-10000115,100,20
TEC-EPS-10002958,100,20
TEC-MA-10000697,100,20
FUR-HON-10001015,100,20
OFF-AP-10001510,100,20
FUR-BO-10001498,100,20
FUR-FU-10003219,100,20
TEC-MA-10004613,100,20
FUR-BO-10001254,100,20
FUR-BO-10002318,100,20
FUR-BO-10003383,100,20
FUR-DAN-10002167,100,20
TEC-AC-10003367,100,20
TEC-CO-10003819,100,20
FUR-CH-10002228,100,20
FUR-CH-10001492,100,20
OFF-AP-10000802,100,20
OFF-ST-10003459,100,20
TEC-CO-10000967,100,20
TEC-CO-10003102,100,20
TEC-PH-10000369,100,20
FUR-CH-10004746,100,20
TEC-AC-10002289,100,20
TEC-AC-10001348,100,20
FUR-BEV-10003414,100,20
FUR-OFF-10002395,100,20
TEC-AC-10003911,100,20
TEC-MA-10004956,100,20
TEC-PH-10002104,100,20
TEC-CO-10001342,100,20
FUR-BO-10003881,100,20
TEC-PH-10003713,100,20
FUR-TA-10004175,100,20
TEC-CO-10000663,100,20
TEC-HEW-10003531,100,20
TEC-PH-10002102,100,20
TEC-CO-10000917,100,20
TEC-MA-10002538,100,20
FUR-BO-10003887,100,20
TEC-PH-10000879,100,20
FUR-BO-10004821,100,20
TEC-CAN-10002879,100,20
OFF-HOO-10002752,100,20
FUR-CH-10000920,100,20
TEC-CO-10004042,100,20
TEC-PH-10000984,100,20
TEC-CO-10002769,100,20
TEC-PH-10000214,100,20
TEC-AC-10000264,100,20
TEC-PH-10002398,100,20
TEC-MEM-10002202,100,20
FUR-FU-10003736,100,20
FUR-HON-10000103,100,20
OFF-AR-10002458,100,20
FUR-HON-10001343,100,20
TEC-MEM-10002005,100,20
FUR-FU-10003326,100,20
TEC-MA-10000772,100,20
TEC-PH-10003137,100,20
FUR-TA-10003238,100,20
FUR-CH-10002273,100,20
TEC-PH-10003913,100,20
TEC-MA-10000843,100,20
TEC-MA-10003478,100,20
OFF-ST-10000103,100,20
OFF-AP-10003500,100,20
FUR-CH-10003551,100,20
TEC-MA-10000555,100,20
TEC-CO-10000178,100,20
FUR-TA-10003392,100,20
TEC-PH-10001530,100,20
FUR-BO-10003106,100,20
FUR-BO-10004911,100,20
FUR-CH-10001913,100,20
TEC-PH-10004434,100,20
FUR-FU-10001322,100,20
OFF-SU-10003118,100,20
FUR-TA-10002982,100,20
TEC-CO-10002583,100,20
FUR-CH-10002331,100,20
TEC-CIS-10000351,100,20
OFF-AP-10003491,100,20
TEC-CO-10003570,100,20
OFF-AP-10004499,100,20
FUR-CH-10002188,100,20
TEC-MA-10000331,100,20
TEC-MA-10001934,100,20
TEC-MA-10002368,100,20
FUR-BO-10003873,100,20
TEC-AC-10003554,100,20
TEC-OKI-10000372,100,20
FUR-BO-10002781,100,20
TEC-PH-10001760,100,20
TEC-PH-10000019,100,20
OFF-EN-10003770,100,20
OFF-AP-10004031,100,20
TEC-CO-10004722,100,20
OFF-ST-10004186,100,20
TEC-CAN-10001853,100,20
OFF-EN-10000871,100,20
TEC-CO-10004662,100,20
TEC-PH-10004261,100,20
FUR-SAU-10003795,100,20
FUR-BO-10001798,100,20
TEC-PH-10000774,100,20
FUR-LES-10000904,100,20
TEC-AC-10002013,100,20
OFF-CUI-10003665,100,20
OFF-EN-10002066,100,20
TEC-CO-10001933,100,20
FUR-CH-10003981,100,20
TEC-MA-10002827,100,20
OFF-CUI-10001302,100,20
OFF-AP-10002239,100,20
OFF-AP-10002577,100,20
TEC-AC-10000865,100,20
OFF-AR-10004749,100,20
TEC-CO-10000601,100,20
TEC-SHA-10004390,100,20
OFF-EN-10001476,100,20
TEC-CO-10000259,100,20
TEC-PH-10002119,100,20
OFF-ST-10004768,100,20
OFF-SU-10000427,100,20
FUR-FU-10001488,100,20
TEC-PH-10000785,100,20
TEC-PH-10004074,100,20
FUR-CH-10001726,100,20
OFF-AP-10004882,100,20
OFF-AP-10001406,100,20
TEC-ENE-10004627,100,20
FUR-BO-10000214,100,20
FUR-DAN-10001622,100,20
TEC-AC-10001660,100,20
TEC-CO-10002857,100,20
TEC-CO-10002232,100,20
FUR-TA-10003597,100,20
FUR-BO-10001873,100,20
FUR-TA-10004154,100,20
TEC-MA-10001187,100,20
TEC-ENE-10001541,100,20
TEC-AC-10000501,100,20
OFF-AP-10000285,100,20
FUR-BAR-10003465,100,20
TEC-PH-10001590,100,20
TEC-PH-10002292,100,20
TEC-CO-10004252,100,20
TEC-BRO-10000917,100,20
TEC-PH-10004162,100,20
OFF-AP-10000818,100,20
FUR-DAN-10000597,100,20
FUR-FU-10002304,100,20
TEC-PH-10003691,100,20
FUR-BO-10001934,100,20
FUR-CH-10003508,100,20
OFF-PA-10001348,100,20
TEC-CO-10004507,100,20
OFF-ST-10004646,100,20
FUR-BO-10004926,100,20
FUR-NOV-10002655,100,20
FUR-FU-10003264,100,20
OFF-PA-10004450,100,20
TEC-LOG-10003896,100,20
TEC-LOG-10001871,100,20
FUR-BO-10004507,100,20
TEC-MA-10001527,100,20
FUR-BO-10000847,100,20
TEC-MA-10003183,100,20
OFF-BI-10002277,100,20
FUR-TEN-10003871,100,20
TEC-MA-10002686,100,20
FUR-BO-10003029,100,20
TEC-CO-10001626,100,20
FUR-CH-10000595,100,20
FUR-BO-10004080,100,20
TEC-CO-10003160,100,20
TEC-CO-10004027,100,20
TEC-AC-10004269,100,20
OFF-AP-10003431,100,20
FUR-CH-10004810,100,20
OFF-AP-10004425,100,20
TEC-PH-10003980,100,20
TEC-CO-10003262,100,20
FUR-CH-10003033,100,20
FUR-TA-10004054,100,20
FUR-FU-10003217,100,20
OFF-ST-10001809,100,20
TEC-MA-10001607,100,20
OFF-ST-10003964,100,20
FUR-CH-10000665,100,20
TEC-MA-10003589,100,20
TEC-CO-10000082,100,20
FUR-SAF-10002112,100,20
OFF-ENE-10004132,100,20
TEC-AC-10001995,100,20
OFF-AP-10000639,100,20
TEC-PH-10000990,100,20
TEC-PH-10002695,100,20
FUR-BO-10001255,100,20
TEC-CO-10004169,100,20
FUR-BO-10004407,100,20
FUR-FU-10001774,100,20
FUR-BO-10002985,100,20
TEC-AC-10000633,100,20
TEC-CO-10000887,100,20
TEC-CO-10003807,100,20
TEC-PH-10004165,100,20
FUR-TA-10004840,100,20
TEC-CO-10003471,100,20
TEC-MA-10000572,100,20
TEC-PH-10001137,100,20
TEC-CO-10003048,100,20
TEC-CO-10000679,100,20
TEC-AC-10002049,100,20
FUR-CH-10002090,100,20
FUR-CH-10002126,100,20
TEC-PH-10003273,100,20
FUR-FU-10002298,100,20
FUR-TA-10002088,100,20
OFF-SU-10003545,100,20
TEC-PH-10003982,100,20
OFF-KIT-10003683,100,20
TEC-CO-10002567,100,20
FUR-CH-10002116,100,20
TEC-MA-10003923,100,20
TEC-CO-10004998,100,20
FUR-CH-10003965,100,20
FUR-BO-10002204,100,20
TEC-CO-10004154,100,20
TEC-CO-10002065,100,20
TEC-CO-10002244,100,20
TEC-AC-10004070,100,20
OFF-SU-10000835,100,20
FUR-NOV-10000123,100,20
TEC-MA-10004820,100,20
FUR-TA-10002411,100,20
OFF-ST-10000546,100,20
FUR-BO-10003185,100,20
TEC-MA-10002264,100,20
OFF-AP-10003794,100,20
FUR-BEV-10002193,100,20
FUR-TA-10002582,100,20
OFF-AP-10000344,100,20
FUR-CH-10000891,100,20
TEC-MA-10003704,100,20
OFF-AP-10004466,100,20
TEC-AC-10003615,100,20
FUR-TA-10003451,100,20
FUR-CH-10002435,100,20
TEC-HP -10004971,100,20
OFF-SAN-10002873,100,20
FUR-TA-10001932,100,20
FUR-TA-10002065,100,20
FUR-TA-10002146,100,20
TEC-PH-10002312,100,20
TEC-CO-10004306,100,20
FUR-BO-10000411,100,20
OFF-BI-10001359,100,20
OFF-AP-10000200,100,20
TEC-MA-10003492,100,20
TEC-CO-10003759,100,20
OFF-ST-10003807,100,20
TEC-MA-10002859,100,20
TEC-MEM-10004014,100,20
TEC-CO-10003951,100,20
OFF-XER-10000846,100,20
TEC-MA-10003356,100,20
OFF-KRA-10002126,100,20
OFF-AP-10002360,100,20
OFF-AP-10004978,100,20
FUR-FU-10002055,100,20
TEC-MA-10001197,100,20
TEC-PH-10004586,100,20
OFF-EN-10002831,100,20
FUR-BO-10002766,100,20
FUR-BO-10001537,100,20
TEC-CO-10002055,100,20
FUR-FU-10000305,100,20
FUR-TA-10001192,100,20
OFF-EN-10001533,100,20
TEC-MA-10001127,100,20
TEC-CO-10003682,100,20
TEC-PH-10004732,100,20
FUR-BO-10002968,100,20
OFF-FA-10002639,100,20
FUR-CH-10000089,100,20
FUR-TA-10001705,100,20
TEC-CO-10001630,100,20
OFF-AP-10003135,100,20
FUR-HON-10003080,100,20
TEC-MA-10002043,100,20
FUR-FU-10000188,100,20
TEC-PAN-10003688,100,20
TEC-PH-10002742,100,20
TEC-PAN-10002690,100,20
TEC-MA-10003338,100,20
FUR-FU-10000743,100,20
OFF-EN-10001733,100,20
TEC-PH-10004241,100,20
OFF-ST-10003837,100,20
FUR-BUS-10004882,100,20
TEC-AC-10002389,100,20
TEC-AC-10004478,100,20
OFF-AR-10003890,100,20
TEC-CO-10002768,100,20
TEC-PH-10002645,100,20
FUR-HAR-10003770,100,20
TEC-CO-10003587,100,20
FUR-BO-10004585,100,20
OFF-AR-10001195,100,20
OFF-PA-10001735,100,20
FUR-BO-10004699,100,20
FUR-BO-10002782,100,20
OFF-ST-10002386,100,20
TEC-AC-10001791,100,20
OFF-EN-10002096,100,20
FUR-BO-10000961,100,20
FUR-BO-10002142,100,20
TEC-PH-10000158,100,20
FUR-BO-10001003,100,20
OFF-HOO-10003269,100,20
FUR-BO-10002632,100,20
TEC-AC-10002253,100,20
TEC-AC-10000420,100,20
TEC-AC-10004659,100,20
TEC-MA-10004023,100,20
FUR-TA-10000637,100,20
TEC-AC-10001830,100,20
TEC-MA-10000003,100,20
TEC-MA-10003101,100,20
TEC-AC-10002545,100,20
TEC-CO-10001192,100,20
FUR-HAR-10004086,100,20
FUR-FU-10000293,100,20
FUR-BO-10000038,100,20
FUR-HAR-10001374,100,20
FUR-BO-10004327,100,20
TEC-PH-10001470,100,20
FUR-BO-10003174,100,20
TEC-AC-10000827,100,20
FUR-SAU-10002167,100,20
OFF-AP-10001191,100,20
OFF-BRE-10002706,100,20
OFF-ST-10004337,100,20
OFF-AP-10004245,100,20
FUR-TA-10004442,100,20
TEC-PH-10000675,100,20
FUR-BO-10004980,100,20
FUR-CH-10004491,100,20
TEC-PH-10002306,100,20
TEC-MA-10001752,100,20
TEC-PH-10000412,100,20
FUR-FU-10000225,100,20
OFF-EN-10002723,100,20
OFF-PA-10001142,100,20
TEC-CO-10000070,100,20
TEC-PH-10002699,100,20
FUR-FU-10000702,100,20
TEC-PH-10003325,100,20
OFF-AP-10000806,100,20
FUR-BO-10001541,100,20
TEC-MA-10001009,100,20
OFF-SU-10003540,100,20
TEC-PH-10004933,100,20
OFF-BRE-10002255,100,20
TEC-MA-10001142,100,20
TEC-SHA-10003670,100,20
TEC-CO-10003541,100,20
OFF-SU-10000151,100,20
TEC-PH-10003932,100,20
FUR-BO-10004547,100,20
FUR-BO-10002574,100,20
TEC-CO-10001162,100,20
TEC-PH-10002415,100,20
OFF-CUI-10001670,100,20
TEC-PH-10002183,100,20
TEC-MA-10000686,100,20
FUR-BO-10002736,100,20
OFF-ST-10000689,100,20
TEC-CO-10001468,100,20
OFF-AP-10001567,100,20
TEC-MA-10004603,100,20
FUR-TA-10001768,100,20
TEC-MA-10002306,100,20
TEC-CO-10001008,100,20
TEC-PH-10000309,100,20
FUR-BO-10003779,100,20
FUR-BO-10004082,100,20
TEC-PH-10002491,100,20
TEC-MA-10001098,100,20
OFF-CUI-10000140,100,20
TEC-PAN-10002613,100,20
TEC-CAN-10004354,100,20
TEC-PH-10002255,100,20
TEC-MA-10004428,100,20
OFF-ST-10000991,100,20
TEC-AC-10001251,100,20
TEC-CO-10004078,100,20
FUR-TA-10003510,100,20
FUR-BO-10004191,100,20
OFF-HAM-10004122,100,20
TEC-AC-10002263,100,20
TEC-CO-10004897,100,20
TEC-PH-10004636,100,20
OFF-ST-10004802,100,20
TEC-KON-10000837,100,20
TEC-CO-10004558,100,20
FUR-CH-10001138,100,20
TEC-MA-10004295,100,20
OFF-ST-10004794,100,20
OFF-PA-10004054,100,20
FUR-BO-10004113,100,20
TEC-PH-10003560,100,20
FUR-CH-10002091,100,20
FUR-CH-10001897,100,20
FUR-BO-10001099,100,20
TEC-MA-10004521,100,20
FUR-BO-10001216,100,20
TEC-NOK-10000534,100,20
FUR-BO-10002592,100,20
FUR-BUS-10004820,100,20
TEC-MA-10004303,100,20
TEC-CO-10002381,100,20
OFF-PA-10001445,100,20
FUR-TA-10003637,100,20
TEC-AC-10001075,100,20
OFF-ST-10001370,100,20
FUR-BO-10001918,100,20
FUR-TA-10003079,100,20
OFF-SU-10004627,100,20
TEC-PH-10003353,100,20
TEC-AC-10000462,100,20
FUR-CH-10001313,100,20
FUR-CH-10004626,100,20
TEC-CIS-10002544,100,20
TEC-CO-10002817,100,20
OFF-AR-10000067,100,20
FUR-CH-10004584,100,20
OFF-AP-10000263,100,20
OFF-EN-10002728,100,20
OFF-LA-10002523,100,20
FUR-BO-10000712,100,20
TEC-CO-10001145,100,20
TEC-PH-10003012,100,20
FUR-OFF-10003703,100,20
FUR-BO-10000268,100,20
TEC-PH-10001917,100,20
FUR-FU-10003339,100,20
TEC-LOG-10003651,100,20
TEC-AC-10000580,100,20
TEC-SHA-10004151,100,20
TEC-PH-10002834,100,20
FUR-FU-10004549,100,20
FUR-FU-10003826,100,20
FUR-CH-10001975,100,20
TEC-SAN-10003238,100,20
FUR-LES-10003082,100,20
FUR-BO-10001966,100,20
FUR-TA-10002041,100,20
FUR-IKE-10001312,100,20
FUR-CH-10002084,100,20
TEC-MA-10002701,100,20
OFF-ST-10004830,100,20
OFF-AP-10002933,100,20
FUR-TA-10003273,100,20
OFF-AR-10001386,100,20
OFF-SU-10004911,100,20
TEC-CO-10001943,100,20
TEC-CO-10002981,100,20
TEC-CO-10002150,100,20
OFF-AP-10001891,100,20
TEC-KON-10002309,100,20
FUR-CH-10000133,100,20
OFF-ST-10002615,100,20
FUR-SAU-10004053,100,20
FUR-BO-10003034,100,20
FUR-IKE-10004160,100,20
TEC-CO-10002916,100,20
FUR-CH-10003097,100,20
TEC-AC-10003095,100,20
TEC-MA-10001358,100,20
FUR-FU-10003879,100,20
TEC-PH-10002320,100,20
OFF-PA-10004498,100,20
FUR-FU-10002930,100,20
OFF-ST-10000046,100,20
FUR-DAN-10001875,100,20
TEC-MA-10003315,100,20
FUR-CH-10003114,100,20
TEC-MA-10004533,100,20
OFF-SU-10000105,100,20
TEC-CO-10002313,100,20
FUR-BO-10004565,100,20
TEC-AC-10002647,100,20
TEC-STA-10004536,100,20
OFF-AP-10001916,100,20
FUR-DEF-10004555,100,20
FUR-BO-10002214,100,20
TEC-APP-10002321,100,20
FUR-BO-10001390,100,20
TEC-MA-10000161,100,20
TEC-PH-10001425,100,20
OFF-AR-10003620,100,20
TEC-HP -10004451,100,20
OFF-AP-10002326,100,20
OFF-ST-10003995,100,20
OFF-PA-10003156,100,20
TEC-AC-10002601,100,20
TEC-MA-10003607,100,20
TEC-PH-10003870,100,20
TEC-AC-10004317,100,20
FUR-TA-10001857,100,20
TEC-MA-10001335,100,20
TEC-MA-10002165,100,20
TEC-CO-10000243,100,20
FUR-CH-10004853,100,20
FUR-BO-10004620,100,20
FUR-SAF-10002180,100,20
TEC-PAN-10002365,100,20
TEC-PH-10002103,100,20
TEC-SHA-10000479,100,20
TEC-AC-10001974,100,20
FUR-FU-10001098,100,20
TEC-AC-10003666,100,20
FUR-BO-10004508,100,20
OFF-AP-10001621,100,20
TEC-CO-10004928,100,20
TEC-CO-10002788,100,20
TEC-AC-10002122,100,20
FUR-BO-10000936,100,20
TEC-PH-10003698,100,20
OFF-SU-10000343,100,20
TEC-PH-10003488,100,20
OFF-AP-10002518,100,20
TEC-AC-10002637,100,20
FUR-FU-10002804,100,20
FUR-CH-10002320,100,20
TEC-CO-10003516,100,20
TEC-AC-10002719,100,20
OFF-AP-10002057,100,20
FUR-BO-10003530,100,20
TEC-CO-10001952,100,20
OFF-AP-10002872,100,20
FUR-DAN-10003065,100,20
FUR-BO-10001405,100,20
OFF-AP-10001169,100,20
TEC-AC-10000241,100,20
FUR-CH-10004355,100,20
TEC-CO-10003318,100,20
TEC-PH-10002456,100,20
TEC-BEL-10002476,100,20
FUR-CH-10002061,100,20
TEC-AC-10003861,100,20
TEC-CO-10001633,100,20
OFF-KIT-10004058,100,20
OFF-AP-10003562,100,20
FUR-TA-10000593,100,20
TEC-PH-10004544,100,20
OFF-AP-10003590,100,20
TEC-CO-10002962,100,20
OFF-ST-10004459,100,20
TEC-CO-10001894,100,20
FUR-BO-10004055,100,20
TEC-MEM-10000374,100,20
FUR-BO-10004725,100,20
OFF-SU-10001983,100,20
FUR-TA-10000688,100,20
FUR-IKE-10000649,100,20
OFF-ST-10000129,100,20
TEC-CO-10003924,100,20
FUR-TA-10001866,100,20
OFF-AP-10000119,100,20
TEC-CO-10002380,100,20
FUR-BO-10001233,100,20
FUR-BO-10000780,100,20
TEC-HEW-10002501,100,20
FUR-DAN-10001584,100,20
TEC-CO-10002083,100,20
TEC-OKI-10003124,100,20
TEC-PH-10003770,100,20
TEC-AC-10003335,100,20
OFF-PA-10000976,100,20
FUR-TA-10002645,100,20
TEC-MA-10001015,100,20
FUR-CH-10004331,100,20
TEC-NOK-10001283,100,20
FUR-FU-10000674,100,20
FUR-SAU-10000637,100,20
FUR-TA-10000310,100,20
TEC-PH-10002076,100,20
TEC-NOK-10003743,100,20
TEC-PH-10001949,100,20
TEC-MA-10004049,100,20
TEC-PH-10004977,100,20
FUR-BO-10004360,100,20
FUR-FU-10004188,100,20
TEC-CO-10003931,100,20
TEC-MA-10001777,100,20
OFF-AP-10004825,100,20
OFF-SU-10001909,100,20
FUR-BO-10002598,100,20
FUR-BO-10004695,100,20
FUR-CH-10000892,100,20
OFF-ST-10001567,100,20
TEC-MA-10002055,100,20
TEC-CO-10002467,100,20
TEC-MA-10003885,100,20
TEC-CO-10002174,100,20
TEC-PH-10003055,100,20
OFF-ST-10004020,100,20
TEC-PH-10003492,100,20
TEC-CO-10001954,100,20
OFF-ST-10002506,100,20
OFF-AP-10001233,100,20
TEC-PH-10001288,100,20
TEC-AC-10000422,100,20
FUR-TA-10002356,100,20
FUR-DAN-10002028,100,20
FUR-OFF-10001224,100,20
OFF-ST-10003018,100,20
TEC-CO-10004128,100,20
FUR-BO-10001601,100,20
FUR-SAF-10000508,100,20
FUR-CH-10004801,100,20
TEC-AC-10000890,100,20
TEC-SAM-10000613,100,20
TEC-CO-10002427,100,20
FUR-TA-10004249,100,20
OFF-AP-10001776,100,20
TEC-MA-10000379,100,20
OFF-PA-10003586,100,20
FUR-FU-10000204,100,20
TEC-AC-10000639,100,20
FUR-BO-10001358,100,20
FUR-CH-10001536,100,20
TEC-AC-10001002,100,20
FUR-BO-10000034,100,20
FUR-FU-10000339,100,20
FUR-CH-10000025,100,20
FUR-BUS-10000332,100,20
OFF-AP-10002104,100,20
TEC-CO-10000847,100,20
TEC-CIS-10002153,100,20
FUR-BO-10001201,100,20
TEC-AC-10004791,100,20
TEC-CO-10000228,100,20
FUR-CH-10002830,100,20
FUR-CH-10004196,100,20
FUR-FU-10001942,100,20
FUR-SAF-10004173,100,20
TEC-PH-10003546,100,20
OFF-ST-10003907,100,20
OFF-EN-10000182,100,20
FUR-CH-10004886,100,20
TEC-CO-10004409,100,20
TEC-PH-10002602,100,20
TEC-CO-10003342,100,20
OFF-PA-10000034,100,20
TEC-MA-10003486,100,20
TEC-AC-10003033,100,20
TEC-AC-10003413,100,20
TEC-MA-10003625,100,20
OFF-AP-10002963,100,20
FUR-BO-10002819,100,20
FUR-CH-10002344,100,20
OFF-BI-10004584,100,20
TEC-MA-10002316,100,20
FUR-TA-10004730,100,20
TEC-AC-10003533,100,20
OFF-ST-10001547,100,20
TEC-HEW-10004172,100,20
OFF-ST-10003266,100,20
TEC-EPS-10004111,100,20
TEC-BRO-10001293,100,20
TEC-CO-10003901,100,20
FUR-FU-10003374,100,20
TEC-NOK-10002555,100,20
TEC-CO-10004690,100,20
TEC-MA-10001841,100,20
TEC-PH-10000730,100,20
TEC-MA-10000605,100,20
FUR-FU-10002838,100,20
FUR-BO-10003878,100,20
TEC-AC-10003034,100,20
OFF-ST-10002930,100,20
TEC-MA-10000868,100,20
FUR-FU-10004071,100,20
OFF-HOO-10004188,100,20
TEC-MA-10000354,100,20
TEC-PH-10004879,100,20
OFF-ST-10004428,100,20
OFF-EN-10003001,100,20
OFF-SU-10003659,100,20
FUR-FU-10004955,100,20
TEC-AC-10001500,100,20
TEC-MOT-10003348,100,20
TEC-PH-10002262,100,20
FUR-CH-10001752,100,20
TEC-CO-10002009,100,20
OFF-AP-10004540,100,20
TEC-PH-10002468,100,20
TEC-MA-10003927,100,20
FUR-CH-10001684,100,20
OFF-SU-10000076,100,20
FUR-CH-10003581,100,20
TEC-PH-10002574,100,20
TEC-MA-10002249,100,20
FUR-SAF-10000678,100,20
FUR-CH-10002602,100,20
FUR-CH-10001714,100,20
FUR-SAU-10002331,100,20
TEC-MA-10000154,100,20
FUR-BO-10003206,100,20
OFF-AR-10002575,100,20
OFF-ST-10004331,100,20
TEC-PH-10003430,100,20
FUR-BO-10004161,100,20
FUR-BO-10002852,100,20
FUR-BUS-10003708,100,20
OFF-AR-10000904,100,20
OFF-SU-10002429,100,20
TEC-PH-10001585,100,20
TEC-AC-10000844,100,20
TEC-CO-10000971,100,20
OFF-SU-10003804,100,20
FUR-CH-10001150,100,20
TEC-CO-10004605,100,20
OFF-EN-10004443,100,20
TEC-PH-10004447,100,20
OFF-HAM-10000822,100,20
TEC-CO-10000565,100,20
OFF-ST-10002650,100,20
OFF-EN-10004507,100,20
TEC-PH-10004810,100,20
FUR-BO-10004773,100,20
FUR-BO-10002206,100,20
FUR-BO-10001356,100,20
FUR-SAF-10000607,100,20
OFF-ST-10002395,100,20
OFF-PA-10004145,100,20
TEC-CO-10002658,100,20
TEC-CO-10004263,100,20
OFF-ST-10000085,100,20
OFF-PA-10001294,100,20
FUR-BO-10000700,100,20
FUR-CH-10004095,100,20
OFF-BI-10003452,100,20
TEC-PH-10001321,100,20
TEC-PH-10004450,100,20
FUR-CH-10001944,100,20
TEC-CO-10002937,100,20
TEC-BEL-10002106,100,20
TEC-KON-10001624,100,20
OFF-AP-10000938,100,20
FUR-SAF-10003469,100,20
TEC-PH-10001148,100,20
FUR-BO-10000208,100,20
TEC-CO-10002504,100,20
TEC-OKI-10002750,100,20
FUR-BO-10000035,100,20
FUR-BO-10002285,100,20
TEC-AC-10000857,100,20
TEC-PH-10004345,100,20
FUR-IKE-10002268,100,20
OFF-AR-10000660,100,20
OFF-AP-10000179,100,20
TEC-MOT-10002560,100,20
FUR-CH-10000326,100,20
TEC-PH-10001725,100,20
TEC-PH-10004912,100,20
TEC-PH-10004577,100,20
OFF-EN-10001491,100,20
TEC-CO-10004929,100,20
TEC-AC-10002938,100,20
TEC-PH-10001264,100,20
FUR-FU-10001843,100,20
TEC-CO-10003813,100,20
OFF-AP-10000844,100,20
FUR-BO-10001679,100,20
OFF-EN-10001346,100,20
FUR-FU-10002918,100,20
OFF-AP-10001564,100,20
OFF-ST-10004185,100,20
FUR-BO-10001668,100,20
FUR-BO-10000502,100,20
FUR-CH-10002589,100,20
TEC-CO-10001654,100,20
TEC-MA-10002109,100,20
TEC-CO-10004649,100,20
OFF-EN-10004564,100,20
OFF-AP-10001920,100,20
TEC-MA-10001330,100,20
TEC-MA-10001881,100,20
TEC-CO-10000771,100,20
TEC-PH-10004200,100,20
TEC-MA-10004116,100,20
TEC-STA-10000893,100,20
OFF-ST-10002561,100,20
OFF-AP-10003363,100,20
TEC-AC-10004221,100,20
TEC-PH-10000824,100,20
TEC-PH-10002713,100,20
FUR-IKE-10001539,100,20
TEC-AC-10003738,100,20
FUR-CH-10004669,100,20
OFF-ST-10000430,100,20
TEC-CO-10001271,100,20
OFF-AP-10000604,100,20
OFF-EN-10004424,100,20
OFF-ST-10003952,100,20
TEC-PH-10003752,100,20
FUR-TA-10002868,100,20
TEC-PH-10003572,100,20
OFF-AP-10004226,100,20
TEC-AC-10003569,100,20
FUR-BO-10000980,100,20
OFF-PA-10000588,100,20
FUR-BO-10004015,100,20
TEC-AC-10000763,100,20
TEC-HEW-10001056,100,20
TEC-MA-10002989,100,20
TEC-AC-10001486,100,20
TEC-CO-10004325,100,20
TEC-PH-10002200,100,20
TEC-PH-10004251,100,20
FUR-FU-10001468,100,20
TEC-PH-10001198,100,20
TEC-MA-10001016,100,20
FUR-OFF-10001132,100,20
TEC-MA-10000776,100,20
OFF-AP-10000828,100,20
OFF-HOO-10000335,100,20
TEC-CAN-10002363,100,20
FUR-CH-10003772,100,20
TEC-AC-10004591,100,20
OFF-ST-10004532,100,20
OFF-AP-10003032,100,20
TEC-PH-10001548,100,20
TEC-PH-10002922,100,20
OFF-ST-10004350,100,20
TEC-PH-10000497,100,20
OFF-BI-10001858,100,20
TEC-PH-10000611,100,20
TEC-MA-10002722,100,20
FUR-CH-10002610,100,20
OFF-PA-10001578,100,20
FUR-BO-10004878,100,20
FUR-FU-10004665,100,20
OFF-ST-10004976,100,20
TEC-PH-10001963,100,20
OFF-SU-10004791,100,20
FUR-FU-10004904,100,20
FUR-SAU-10000745,100,20
FUR-BO-10000728,100,20
TEC-AC-10003080,100,20
TEC-PH-10001299,100,20
FUR-CH-10003107,100,20
FUR-CH-10000438,100,20
TEC-CAN-10002843,100,20
OFF-BI-10003064,100,20
TEC-CO-10001580,100,20
TEC-PH-10000571,100,20
TEC-AC-10004753,100,20
FUR-BO-10001646,100,20
FUR-CH-10003696,100,20
FUR-CH-10000423,100,20
TEC-MA-10002195,100,20
TEC-PH-10004539,100,20
FUR-BO-10002133,100,20
OFF-PA-10002120,100,20
FUR-BO-10000734,100,20
TEC-MA-10004626,100,20
OFF-AP-10003717,100,20
OFF-AP-10002938,100,20
TEC-AC-10004595,100,20
TEC-PAN-10000092,100,20
OFF-ST-10002471,100,20
FUR-BO-10001387,100,20
TEC-CO-10003017,100,20
TEC-AC-10001410,100,20
TEC-CO-10004138,100,20
OFF-AP-10002882,100,20
TEC-CO-10003800,100,20
TEC-MA-10002780,100,20
OFF-EN-10004469,100,20
OFF-HAM-10004896,100,20
FUR-BO-10002679,100,20
FUR-BO-10000610,100,20
FUR-TA-10001095,100,20
TEC-PH-10001061,100,20
TEC-MA-10003251,100,20
TEC-PH-10003220,100,20
FUR-SAU-10003203,100,20
TEC-MA-10003400,100,20
FUR-BO-10004834,100,20
OFF-AP-10000977,100,20
OFF-AP-10003298,100,20
TEC-CO-10000263,100,20
TEC-PH-10003102,100,20
OFF-PA-10000418,100,20
TEC-AC-10001703,100,20
TEC-AC-10001745,100,20
OFF-SU-10001233,100,20
OFF-ROG-10001735,100,20
FUR-CH-10002044,100,20
OFF-EN-10004759,100,20
TEC-CAN-10002802,100,20
FUR-TA-10001664,100,20
OFF-AP-10002495,100,20
FUR-BO-10000666,100,20
TEC-MOT-10002689,100,20
OFF-AP-10001254,100,20
TEC-MA-10003624,100,20
TEC-AC-10004743,100,20
TEC-PH-10002222,100,20
TEC-AC-10002884,100,20
FUR-CH-10001891,100,20
FUR-CH-10001973,100,20
TEC-SHA-10000244,100,20
FUR-CH-10003861,100,20
TEC-PH-10004682,100,20
TEC-CO-10004125,100,20
FUR-TA-10003855,100,20
OFF-ST-10003293,100,20
TEC-PH-10002572,100,20
FUR-CH-10001465,100,20
OFF-ST-10000622,100,20
TEC-AC-10002533,100,20
TEC-PH-10000896,100,20
OFF-AP-10002670,100,20
FUR-BO-10003828,100,20
TEC-MA-10004452,100,20
TEC-CO-10003353,100,20
OFF-EN-10001454,100,20
TEC-STA-10001994,100,20
TEC-MA-10004424,100,20
FUR-TA-10004353,100,20
FUR-TA-10004050,100,20
OFF-AR-10000340,100,20
OFF-ST-10002164,100,20
TEC-PH-10002493,100,20
OFF-BI-10004318,100,20
FUR-BO-10003112,100,20
TEC-AC-10004068,100,20
FUR-BO-10002202,100,20
FUR-SAU-10004653,100,20
FUR-BO-10001501,100,20
OFF-ST-10003295,100,20
FUR-CH-10002468,100,20
OFF-ST-10001638,100,20
FUR-BO-10001619,100,20
FUR-FU-10003804,100,20
FUR-CH-10003875,100,20
OFF-KIT-10004515,100,20
FUR-BO-10002324,100,20
TEC-PH-10004085,100,20
OFF-ST-10004431,100,20
OFF-AR-10001570,100,20
OFF-ST-10003816,100,20
FUR-FU-10001674,100,20
OFF-EN-10004303,100,20
TEC-AC-10001664,100,20
FUR-CH-10000994,100,20
FUR-SAU-10003872,100,20
FUR-CH-10001220,100,20
FUR-FU-10000277,100,20
FUR-SAF-10002400,100,20
OFF-ST-10001526,100,20
TEC-AC-10004171,100,20
TEC-PH-10002075,100,20
TEC-CO-10001410,100,20
TEC-AC-10000863,100,20
TEC-PH-10002555,100,20
TEC-MA-10004323,100,20
TEC-PH-10001051,100,20
TEC-AC-10004752,100,20
OFF-SU-10002445,100,20
TEC-PAN-10002884,100,20
OFF-PA-10001905,100,20
FUR-CH-10004007,100,20
TEC-CAN-10004291,100,20
TEC-SHA-10001103,100,20
TEC-AC-10002649,100,20
OFF-AR-10000356,100,20
TEC-MA-10001290,100,20
OFF-AP-10000900,100,20
FUR-CH-10002439,100,20
FUR-CH-10002378,100,20
FUR-FU-10003609,100,20
OFF-BRE-10003443,100,20
OFF-AP-10002118,100,20
TEC-PH-10004655,100,20
FUR-TA-10001771,100,20
TEC-HP -10002603,100,20
FUR-BO-10000175,100,20
OFF-ST-10003206,100,20
TEC-CO-10001978,100,20
OFF-ST-10002510,100,20
FUR-TA-10002256,100,20
FUR-CH-10003009,100,20
TEC-CO-10002201,100,20
TEC-AC-10002218,100,20
TEC-PH-10002916,100,20
OFF-AP-10004919,100,20
TEC-HEW-10001908,100,20
FUR-BO-10001596,100,20
TEC-OKI-10004464,100,20
OFF-AP-10001049,100,20
TEC-SHA-10002753,100,20
TEC-CO-10003633,100,20
OFF-AR-10001533,100,20
FUR-FU-10000950,100,20
OFF-SU-10001791,100,20
TEC-CO-10003393,100,20
FUR-CH-10002224,100,20
OFF-LA-10004411,100,20
FUR-CH-10003499,100,20
OFF-FA-10004362,100,20
FUR-BO-10000711,100,20
FUR-CH-10001708,100,20
TEC-PH-10003303,100,20
OFF-AP-10000600,100,20
OFF-HAM-10004471,100,20
TEC-CO-10000407,100,20
FUR-FU-10001977,100,20
FUR-SAU-10002642,100,20
FUR-HAR-10002288,100,20
TEC-PH-10000599,100,20
FUR-TA-10002622,100,20
OFF-AR-10004215,100,20
TEC-CO-10000296,100,20
OFF-PA-10002369,100,20
TEC-AC-10004144,100,20
FUR-FU-10001086,100,20
TEC-MA-10004298,100,20
OFF-BRE-10001107,100,20
OFF-ST-10003409,100,20
TEC-PH-10003645,100,20
OFF-ROG-10003898,100,20
TEC-PH-10001362,100,20
FUR-BO-10003043,100,20
OFF-SU-10000925,100,20
FUR-BO-10003554,100,20
FUR-BO-10004899,100,20
OFF-SU-10004524,100,20
FUR-BO-10001967,100,20
TEC-AC-10000115,100,20
FUR-CH-10001347,100,20
FUR-FU-10000526,100,20
OFF-ST-10000299,100,20
FUR-FU-10001791,100,20
OFF-ST-10002070,100,20
OFF-EN-10003177,100,20
TEC-CO-10000560,100,20
OFF-ST-10001963,100,20
FUR-FU-10003553,100,20
OFF-ST-10003929,100,20
TEC-AC-10000394,100,20
FUR-BO-10002383,100,20
FUR-BO-10001969,100,20
FUR-BO-10004914,100,20
TEC-CO-10002601,100,20
FUR-CH-10004698,100,20
TEC-MA-10004985,100,20
OFF-SU-10002831,100,20
TEC-MA-10000002,100,20
OFF-PA-10003656,100,20
FUR-CH-10004863,100,20
TEC-PH-10004882,100,20
OFF-FA-10003717,100,20
TEC-CO-10003522,100,20
TEC-KON-10004774,100,20
OFF-ST-10000007,100,20
OFF-PA-10000036,100,20
TEC-PH-10001754,100,20
OFF-HAM-10003872,100,20
OFF-AP-10002229,100,20
FUR-BO-10003384,100,20
FUR-SAU-10004221,100,20
FUR-CH-10000604,100,20
FUR-CH-10001332,100,20
TEC-MA-10000345,100,20
OFF-ST-10003805,100,20
OFF-EN-10004793,100,20
FUR-CH-10004983,100,20
OFF-ST-10001290,100,20
OFF-BI-10003132,100,20
FUR-BO-10000699,100,20
FUR-BO-10001287,100,20
FUR-BO-10004399,100,20
OFF-SU-10002327,100,20
OFF-PA-10003333,100,20
OFF-KIT-10001040,100,20
OFF-AP-10000043,100,20
TEC-EPS-10003568,100,20
FUR-BO-10002325,100,20
OFF-AP-10002822,100,20
OFF-AP-10000510,100,20
FUR-TA-10004308,100,20
TEC-AC-10000596,100,20
FUR-BO-10004219,100,20
TEC-PH-10004601,100,20
FUR-BO-10000668,100,20
TEC-PH-10004120,100,20
FUR-FU-10002890,100,20
FUR-FU-10000067,100,20
TEC-PH-10002658,100,20
TEC-PH-10000286,100,20
TEC-PH-10002392,100,20
FUR-BO-10001555,100,20
FUR-CH-10004163,100,20
FUR-BO-10003546,100,20
FUR-TA-10003473,100,20
TEC-MA-10003493,100,20
FUR-CH-10004047,100,20
TEC-MA-10002910,100,20
TEC-PH-10001002,100,20
TEC-PH-10000365,100,20
TEC-CIS-10002986,100,20
FUR-BO-10004472,100,20
FUR-CH-10000807,100,20
TEC-PAN-10002756,100,20
FUR-SAF-10002757,100,20
FUR-DEF-10000572,100,20
TEC-CO-10003534,100,20
OFF-PA-10002218,100,20
OFF-AR-10002538,100,20
FUR-FU-10003192,100,20
OFF-FEL-10002867,100,20
FUR-CH-10003199,100,20
FUR-BO-10003272,100,20
FUR-BO-10002510,100,20
TEC-AC-10003659,100,20
FUR-CH-10003910,100,20
OFF-ST-10004638,100,20
TEC-MA-10001080,100,20
OFF-PA-10003359,100,20
OFF-EN-10004849,100,20
FUR-BO-10003159,100,20
FUR-IKE-10002894,100,20
TEC-AC-10002688,100,20
OFF-AR-10000293,100,20
TEC-CO-10004398,100,20
TEC-HP -10004149,100,20
OFF-AR-10003688,100,20
TEC-PH-10001574,100,20
OFF-PA-10000317,100,20
TEC-MA-10004421,100,20
OFF-AP-10003538,100,20
TEC-CO-10000821,100,20
TEC-PH-10004522,100,20
FUR-DAN-10003334,100,20
OFF-AP-10003972,100,20
FUR-BO-10002545,100,20
TEC-PH-10001900,100,20
TEC-PH-10001961,100,20
OFF-AP-10001504,100,20
TEC-PH-10004271,100,20
TEC-PH-10000237,100,20
TEC-CO-10001221,100,20
OFF-AP-10002476,100,20
FUR-TA-10002533,100,20
OFF-EN-10004604,100,20
TEC-PH-10004772,100,20
OFF-PA-10004287,100,20
FUR-FU-10001200,100,20
OFF-BI-10002628,100,20
TEC-OKI-10000616,100,20
FUR-BO-10004504,100,20
OFF-AR-10001535,100,20
TEC-HEW-10004937,100,20
OFF-CAM-10001141,100,20
FUR-BO-10004135,100,20
OFF-EN-10000128,100,20
FUR-BO-10003793,100,20
TEC-AC-10004814,100,20
TEC-CO-10000137,100,20
FUR-CH-10004065,100,20
TEC-AC-10000110,100,20
FUR-TA-10004584,100,20
OFF-ST-10000990,100,20
OFF-AR-10004744,100,20
OFF-ST-10002220,100,20
OFF-PA-10003640,100,20
FUR-TA-10001433,100,20
FUR-BO-10001641,100,20
OFF-FA-10001953,100,20
TEC-MA-10003986,100,20
TEC-CO-10002404,100,20
TEC-MA-10003170,100,20
OFF-AP-10004841,100,20
OFF-ST-10001010,100,20
FUR-CH-10000843,100,20
OFF-BI-10004534,100,20
OFF-AR-10000603,100,20
TEC-CO-10000594,100,20
OFF-ST-10004489,100,20
FUR-CH-10004993,100,20
FUR-HAR-10001792,100,20
FUR-CH-10000953,100,20
OFF-ST-10004972,100,20
OFF-BI-10003633,100,20
OFF-FA-10003703,100,20
TEC-AC-10001552,100,20
TEC-MA-10000418,100,20
FUR-BO-10001524,100,20
TEC-CO-10001166,100,20
FUR-FU-10003451,100,20
TEC-PH-10001944,100,20
OFF-AP-10000545,100,20
TEC-AC-10000483,100,20
FUR-FU-10003960,100,20
FUR-FU-10000541,100,20
FUR-FU-10004158,100,20
OFF-PA-10002520,100,20
TEC-MA-10002389,100,20
OFF-EN-10003176,100,20
FUR-CH-10002316,100,20
OFF-EN-10003360,100,20
OFF-SU-10002900,100,20
TEC-CO-10002617,100,20
TEC-CO-10000338,100,20
TEC-CO-10002550,100,20
FUR-BO-10001326,100,20
TEC-AC-10000861,100,20
OFF-ST-10002424,100,20
FUR-DAN-10001993,100,20
FUR-HAR-10002697,100,20
TEC-MA-10000232,100,20
TEC-MA-10004933,100,20
TEC-CO-10001391,100,20
TEC-PH-10003348,100,20
TEC-AC-10003711,100,20
OFF-AR-10003613,100,20
OFF-ST-10001026,100,20
OFF-EN-10002263,100,20
FUR-TA-10000849,100,20
TEC-CO-10004468,100,20
OFF-ST-10002720,100,20
OFF-ST-10002240,100,20
FUR-CH-10004600,100,20
OFF-ST-10004050,100,20
TEC-MA-10002931,100,20
FUR-FU-10000163,100,20
FUR-BO-10004312,100,20
OFF-XER-10000566,100,20
TEC-CO-10002681,100,20
TEC-PH-10001063,100,20
FUR-CH-10000432,100,20
TEC-PH-10001614,100,20
OFF-EN-10002230,100,20
OFF-SU-10001698,100,20
FUR-BO-10003559,100,20
TEC-PH-10000810,100,20
TEC-PAN-10004279,100,20
OFF-HOO-10001987,100,20
OFF-SU-10000047,100,20
OFF-EN-10004742,100,20
OFF-SU-10003544,100,20
TEC-MA-10002193,100,20
OFF-ST-10002176,100,20
FUR-BO-10000071,100,20
OFF-ST-10001758,100,20
FUR-CH-10002872,100,20
OFF-BI-10001305,100,20
OFF-ST-10001440,100,20
FUR-CH-10000068,100,20
FUR-IKE-10002147,100,20
TEC-MA-10003112,100,20
TEC-AC-10004992,100,20
OFF-ST-10001073,100,20
TEC-AC-10002001,100,20
FUR-SAF-10000085,100,20
TEC-SHA-10004874,100,20
OFF-ST-10000505,100,20
TEC-PH-10004297,100,20
OFF-PA-10002499,100,20
FUR-FU-10003577,100,20
TEC-CAN-10001256,100,20
FUR-BO-10003086,100,20
OFF-ST-10001776,100,20
TEC-PH-10004235,100,20
FUR-TA-10001539,100,20
TEC-HP -10003248,100,20
TEC-HEW-10000930,100,20
TEC-OKI-10002736,100,20
FUR-FU-10003939,100,20
FUR-BO-10000362,100,20
OFF-PA-10002652,100,20
TEC-PH-10001183,100,20
TEC-MA-10002998,100,20
FUR-FU-10000306,100,20
TEC-SAN-10001506,100,20
FUR-BO-10002975,100,20
FUR-CH-10002768,100,20
OFF-SU-10003355,100,20
TEC-CO-10004191,100,20
FUR-BO-10002300,100,20
FUR-SAF-10004525,100,20
TEC-BRO-10003380,100,20
OFF-ACM-10001704,100,20
FUR-CH-10002693,100,20
TEC-CO-10000388,100,20
FUR-FU-10002549,100,20
TEC-MA-10002633,100,20
OFF-FA-10001957,100,20
OFF-AR-10000814,100,20
TEC-CO-10003142,100,20
FUR-BO-10000636,100,20
TEC-AC-10004813,100,20
FUR-CH-10003844,100,20
TEC-CO-10000222,100,20
OFF-AP-10002608,100,20
FUR-FU-10000483,100,20
FUR-IKE-10003015,100,20
TEC-KON-10002194,100,20
OFF-SU-10004048,100,20
OFF-ST-10002873,100,20
OFF-AR-10004961,100,20
TEC-AC-10001032,100,20
OFF-SU-10003046,100,20
TEC-APP-10003032,100,20
FUR-FU-10001691,100,20
TEC-PH-10003580,100,20
FUR-CH-10001039,100,20
OFF-FIS-10000670,100,20
TEC-MA-10000110,100,20
OFF-PA-10003320,100,20
OFF-PA-10001815,100,20
TEC-NOK-10001070,100,20
TEC-SHA-10001976,100,20
TEC-SHA-10003039,100,20
TEC-MA-10001139,100,20
OFF-AR-10000538,100,20
TEC-MA-10001726,100,20
TEC-MA-10001831,100,20
TEC-MA-10003975,100,20
OFF-ST-10001034,100,20
TEC-PH-10004667,100,20
TEC-MA-10004902,100,20
TEC-CO-10004267,100,20
FUR-CH-10002817,100,20
OFF-PA-10003868,100,20
FUR-TA-10001531,100,20
TEC-BRO-10001938,100,20
TEC-AC-10002815,100,20
OFF-SU-10004435,100,20
TEC-CO-10001264,100,20
FUR-BO-10003007,100,20
OFF-LA-10001194,100,20
OFF-SU-10002135,100,20
TEC-CAN-10002337,100,20
TEC-AC-10000376,100,20
OFF-ST-10000952,100,20
FUR-CH-10003836,100,20
TEC-CAN-10004556,100,20
TEC-PH-10002816,100,20
OFF-ST-10002706,100,20
OFF-BI-10000621,100,20
TEC-PH-10003361,100,20
OFF-SU-10004401,100,20
FUR-BO-10003913,100,20
FUR-CH-10003123,100,20
TEC-CO-10002571,100,20
FUR-CH-10002743,100,20
FUR-IKE-10003682,100,20
OFF-AP-10001271,100,20
FUR-ELD-10003131,100,20
OFF-AP-10003007,100,20
OFF-AP-10002472,100,20
TEC-PH-10000720,100,20
OFF-ST-10000123,100,20
OFF-HAM-10000430,100,20
OFF-PA-10002725,100,20
OFF-AP-10004233,100,20
FUR-BO-10003965,100,20
TEC-BRO-10002345,100,20
TEC-EPS-10000774,100,20
FUR-CH-10002924,100,20
FUR-CH-10002574,100,20
FUR-BO-10003660,100,20
OFF-AP-10002041,100,20
TEC-CO-10004481,100,20
TEC-MA-10003280,100,20
OFF-CUI-10003409,100,20
OFF-LA-10000793,100,20
TEC-PH-10000647,100,20
FUR-FU-10002379,100,20
TEC-PH-10004680,100,20
OFF-BI-10000725,100,20
FUR-BO-10000155,100,20
TEC-PH-10004509,100,20
OFF-SU-10000969,100,20
TEC-PAN-10001172,100,20
TEC-CO-10000915,100,20
TEC-PH-10003535,100,20
TEC-PH-10000922,100,20
FUR-CH-10002053,100,20
OFF-ST-10004855,100,20
OFF-ST-10001418,100,20
TEC-PH-10000960,100,20
OFF-PA-10001223,100,20
TEC-AC-10004571,100,20
FUR-FU-10003619,100,20
FUR-BO-10001519,100,20
FUR-HON-10000344,100,20
TEC-AC-10002308,100,20
OFF-ST-10000242,100,20
FUR-RUB-10004036,100,20
TEC-CO-10004985,100,20
TEC-MA-10004249,100,20
OFF-AR-10002745,100,20
TEC-MA-10003361,100,20
TEC-PH-10002443,100,20
TEC-PH-10001071,100,20
FUR-CH-10002093,100,20
FUR-SAF-10000545,100,20
FUR-NOV-10004003,100,20
TEC-PH-10002251,100,20
FUR-BO-10003563,100,20
FUR-BO-10001860,100,20
TEC-AC-10001314,100,20
TEC-MA-10001832,100,20
TEC-PH-10001921,100,20
FUR-CH-10001153,100,20
TEC-AC-10000450,100,20
TEC-PH-10000037,100,20
OFF-AR-10003554,100,20
OFF-PA-10000482,100,20
FUR-BAR-10000831,100,20
FUR-FU-10004306,100,20
TEC-BEL-10003985,100,20
TEC-PH-10003960,100,20
OFF-BI-10000051,100,20
TEC-PH-10000289,100,20
TEC-CO-10001501,100,20
TEC-PH-10002624,100,20
FUR-CH-10003833,100,20
FUR-FU-10003036,100,20
FUR-CH-10003355,100,20
TEC-BRO-10001852,100,20
TEC-PH-10000373,100,20
FUR-CH-10004101,100,20
OFF-NOV-10002258,100,20
TEC-AC-10000271,100,20
TEC-CO-10000266,100,20
TEC-PH-10002904,100,20
TEC-MEM-10004524,100,20
TEC-PH-10000577,100,20
OFF-ST-10002263,100,20
OFF-SU-10003072,100,20
OFF-EN-10004677,100,20
FUR-CH-10003606,100,20
TEC-PH-10001700,100,20
FUR-SAF-10001136,100,20
TEC-AC-10001405,100,20
FUR-BO-10004404,100,20
TEC-APP-10004464,100,20
FUR-CH-10002932,100,20
TEC-PH-10000072,100,20
FUR-BO-10000330,100,20
OFF-ST-10003716,100,20
OFF-AP-10001469,100,20
FUR-TA-10000789,100,20
OFF-AR-10001708,100,20
TEC-HEW-10001710,100,20
TEC-PH-10003877,100,20
TEC-CO-10000956,100,20
OFF-BI-10004250,100,20
TEC-CO-10001674,100,20
TEC-CAN-10001789,100,20
OFF-AP-10002536,100,20
FUR-BO-10004423,100,20
OFF-PA-10000100,100,20
TEC-MA-10002694,100,20
TEC-STA-10002286,100,20
TEC-MA-10000461,100,20
OFF-ST-10001954,100,20
OFF-ST-10002743,100,20
FUR-SAF-10002940,100,20
FUR-BO-10004459,100,20
TEC-AC-10004094,100,20
TEC-AC-10000499,100,20
FUR-BUS-10000984,100,20
TEC-OKI-10003050,100,20
TEC-PH-10001805,100,20
OFF-ST-10001458,100,20
OFF-AP-10000023,100,20
OFF-BI-10004593,100,20
FUR-BO-10004032,100,20
TEC-PH-10004888,100,20
OFF-AP-10003210,100,20
OFF-AP-10004274,100,20
FUR-HON-10000722,100,20
TEC-CO-10001425,100,20
TEC-HP -10004082,100,20
OFF-SU-10003252,100,20
OFF-AP-10002128,100,20
OFF-EN-10000940,100,20
OFF-ST-10004597,100,20
FUR-CH-10000528,100,20
OFF-AP-10004515,100,20
TEC-AC-10000540,100,20
FUR-CH-10004218,100,20
FUR-BO-10001155,100,20
OFF-ELD-10000845,100,20
TEC-CO-10001937,100,20
OFF-PA-10000878,100,20
TEC-PH-10000342,100,20
OFF-AR-10000937,100,20
TEC-OKI-10001385,100,20
FUR-FU-10003930,100,20
OFF-PA-10004640,100,20
TEC-MA-10001731,100,20
OFF-SU-10000283,100,20
FUR-BO-10002981,100,20
OFF-SU-10000452,100,20
TEC-AC-10003626,100,20
TEC-CIS-10003017,100,20
FUR-CH-10002226,100,20
TEC-PH-10002601,100,20
FUR-BO-10003589,100,20
OFF-AP-10001402,100,20
OFF-AP-10004972,100,20
FUR-SAF-10000351,100,20
TEC-AC-10000530,100,20
FUR-CH-10001203,100,20
TEC-CO-10001571,100,20
TEC-CIS-10002259,100,20
OFF-ST-10000872,100,20
FUR-BO-10002378,100,20
FUR-BO-10000002,100,20
TEC-MA-10003682,100,20
FUR-CH-10002780,100,20
FUR-FU-10001410,100,20
TEC-MA-10001811,100,20
OFF-ST-10004346,100,20
OFF-ST-10004236,100,20
TEC-MOT-10001178,100,20
TEC-AC-10001106,100,20
FUR-FU-10000913,100,20
FUR-FU-10000946,100,20
TEC-PH-10003927,100,20
OFF-AP-10001018,100,20
FUR-BO-10001608,100,20
TEC-CIS-10001661,100,20
OFF-EN-10000069,100,20
TEC-AC-10003989,100,20
OFF-ACM-10001587,100,20
OFF-AP-10001931,100,20
FUR-FU-10001471,100,20
OFF-AR-10002135,100,20
TEC-PH-10003513,100,20
OFF-AP-10000172,100,20
TEC-AC-10001765,100,20
FUR-TA-10002530,100,20
OFF-SU-10001173,100,20
FUR-BO-10003631,100,20
TEC-CO-10001589,100,20
FUR-BO-10003904,100,20
FUR-BO-10000120,100,20
TEC-CO-10001725,100,20
FUR-CH-10003808,100,20
TEC-PH-10003796,100,20
FUR-CH-10001854,100,20
FUR-ELD-10004384,100,20
FUR-FU-10000468,100,20
TEC-AC-10003422,100,20
FUR-RUB-10001484,100,20
OFF-FEL-10001261,100,20
OFF-SU-10000817,100,20
FUR-CH-10004082,100,20
TEC-PH-10003954,100,20
FUR-FU-10000815,100,20
TEC-AC-10001611,100,20
OFF-BI-10001973,100,20
TEC-PH-10002647,100,20
OFF-ST-10001752,100,20
OFF-PA-10001085,100,20
OFF-EN-10002891,100,20
TEC-AC-10001616,100,20
OFF-ST-10001753,100,20
OFF-EN-10001136,100,20
FUR-CH-10000969,100,20
TEC-AC-10000398,100,20
FUR-FU-10003273,100,20
TEC-SAN-10004424,100,20
TEC-PH-10002218,100,20
OFF-ST-10003089,100,20
FUR-CH-10003440,100,20
TEC-HP -10002307,100,20
OFF-FA-10003897,100,20
FUR-CH-10000790,100,20
TEC-CO-10003268,100,20
TEC-AC-10002881,100,20
FUR-CH-10000988,100,20
TEC-CAN-10000932,100,20
TEC-AC-10002145,100,20
FUR-CH-10002335,100,20
OFF-BI-10004227,100,20
TEC-CO-10003007,100,20
TEC-PH-10004263,100,20
FUR-TA-10001237,100,20
TEC-AC-10001197,100,20
FUR-DAN-10003011,100,20
TEC-KON-10000562,100,20
OFF-AP-10003800,100,20
FUR-CH-10004009,100,20
TEC-AC-10002852,100,20
FUR-BO-10004340,100,20
FUR-CH-10002927,100,20
OFF-AP-10001394,100,20
TEC-KON-10002034,100,20
FUR-HON-10001847,100,20
FUR-BO-10004075,100,20
OFF-EN-10003785,100,20
FUR-CH-10003760,100,20
FUR-BO-10003668,100,20
TEC-PH-10000215,100,20
TEC-CO-10002089,100,20
TEC-PH-10003405,100,20
OFF-ST-10001941,100,20
FUR-CH-10002991,100,20
FUR-FU-10001746,100,20
OFF-LA-10004137,100,20
TEC-CAN-10004913,100,20
FUR-RUB-10000501,100,20
TEC-MOT-10000851,100,20
FUR-FU-10002614,100,20
OFF-SU-10002934,100,20
OFF-PA-10003134,100,20
OFF-STI-10002245,100,20
OFF-SU-10000198,100,20
TEC-MA-10001305,100,20
FUR-FU-10000612,100,20
FUR-CH-10002890,100,20
TEC-CO-10004143,100,20
OFF-BI-10004519,100,20
TEC-LOG-10004917,100,20
FUR-FU-10001246,100,20
TEC-PH-10001884,100,20
TEC-MA-10003998,100,20
OFF-SU-10003130,100,20
OFF-AP-10001559,100,20
OFF-AP-10004453,100,20
FUR-BO-10001452,100,20
FUR-FU-10004281,100,20
OFF-SU-10002363,100,20
TEC-MA-10003329,100,20
TEC-PH-10002663,100,20
FUR-CH-10000666,100,20
FUR-DAN-10002314,100,20
TEC-AC-10001666,100,20
FUR-FU-10003500,100,20
FUR-CH-10004289,100,20
OFF-SU-10004283,100,20
TEC-CO-10002110,100,20
TEC-PH-10004503,100,20
OFF-LA-10002325,100,20
TEC-AC-10001754,100,20
OFF-AP-10001335,100,20
FUR-ADV-10000600,100,20
OFF-ST-10003811,100,20
TEC-HP -10004801,100,20
OFF-SU-10001592,100,20
OFF-ST-10002276,100,20
TEC-PH-10002310,100,20
FUR-BUS-10004854,100,20
TEC-NOK-10000784,100,20
FUR-FU-10000705,100,20
OFF-EN-10001434,100,20
TEC-CO-10004185,100,20
FUR-FU-10003512,100,20
OFF-HAM-10004805,100,20
OFF-EN-10004212,100,20
TEC-CO-10003992,100,20
OFF-EN-10001712,100,20
FUR-BO-10003894,100,20
TEC-HEW-10000839,100,20
TEC-OKI-10003433,100,20
TEC-CAN-10000030,100,20
OFF-AP-10003577,100,20
FUR-CH-10004609,100,20
OFF-AR-10001508,100,20
OFF-ST-10002822,100,20
OFF-ST-10002460,100,20
OFF-AR-10001291,100,20
FUR-FU-10000368,100,20
OFF-EN-10004491,100,20
FUR-NOV-10002333,100,20
OFF-ST-10000917,100,20
OFF-SU-10000650,100,20
OFF-SU-10002710,100,20
OFF-PA-10003556,100,20
FUR-CH-10003514,100,20
TEC-AC-10004001,100,20
TEC-PH-10003995,100,20
TEC-CO-10004171,100,20
OFF-EN-10003547,100,20
OFF-ST-10001469,100,20
TEC-HP -10000464,100,20
TEC-CO-10002493,100,20
OFF-EN-10002955,100,20
OFF-PA-10003823,100,20
TEC-MOT-10001196,100,20
OFF-ST-10003741,100,20
FUR-CH-10001317,100,20
TEC-NOK-10001319,100,20
TEC-AC-10004557,100,20
FUR-OFF-10004495,100,20
OFF-ELD-10004324,100,20
TEC-BRO-10000381,100,20
FUR-DAN-10004940,100,20
TEC-PH-10000297,100,20
TEC-CO-10004570,100,20
FUR-BO-10004162,100,20
FUR-BO-10003903,100,20
TEC-PH-10003823,100,20
FUR-BO-10002853,100,20
FUR-HAR-10004129,100,20
TEC-MA-10004198,100,20
FUR-BO-10003706,100,20
TEC-EPS-10003277,100,20
TEC-MA-10002424,100,20
OFF-ST-10004315,100,20
TEC-HP -10004590,100,20
FUR-FU-10003066,100,20
TEC-PH-10002115,100,20
FUR-CH-10000302,100,20
OFF-EN-10003381,100,20
FUR-FU-10004422,100,20
OFF-SU-10004246,100,20
OFF-BI-10003098,100,20
OFF-EN-10000561,100,20
TEC-AC-10001438,100,20
OFF-SU-10000256,100,20
OFF-PA-10003228,100,20
FUR-BO-10004430,100,20
OFF-BI-10001032,100,20
TEC-CO-10002108,100,20
FUR-SAF-10001956,100,20
TEC-AC-10004341,100,20
TEC-MA-10002029,100,20
FUR-TA-10002568,100,20
FUR-FU-10002539,100,20
OFF-SU-10003624,100,20
FUR-BO-10003441,100,20
OFF-ST-10002756,100,20
FUR-DAN-10001462,100,20
OFF-ST-10001346,100,20
OFF-ST-10002555,100,20
TEC-AC-10002357,100,20
OFF-BRE-10004211,100,20
FUR-BAR-10004553,100,20
OFF-ELD-10001694,100,20
FUR-FU-10000298,100,20
TEC-MA-10002435,100,20
TEC-PH-10001478,100,20
FUR-CH-10000568,100,20
OFF-EN-10002671,100,20
TEC-AC-10000926,100,20
FUR-CH-10001810,100,20
TEC-AC-10003334,100,20
FUR-CH-10004365,100,20
FUR-HON-10003137,100,20
TEC-MA-10003198,100,20
OFF-EN-10000824,100,20
FUR-HON-10004632,100,20
FUR-FU-10000251,100,20
TEC-PH-10002079,100,20
OFF-SU-10004938,100,20
TEC-PH-10003487,100,20
OFF-EN-10004755,100,20
FUR-TA-10000147,100,20
TEC-CO-10003250,100,20
OFF-AP-10003979,100,20
OFF-AP-10003400,100,20
TEC-PH-10002806,100,20
OFF-FA-10003213,100,20
TEC-HP -10000081,100,20
OFF-EN-10000556,100,20
TEC-CO-10003448,100,20
OFF-BI-10000389,100,20
FUR-BO-10001874,100,20
TEC-PH-10001336,100,20
OFF-BI-10003709,100,20
OFF-SU-10001980,100,20
OFF-EN-10004684,100,20
OFF-AR-10003629,100,20
OFF-LA-10000861,100,20
FUR-CH-10000863,100,20
TEC-STA-10003447,100,20
TEC-HEW-10002435,100,20
FUR-BO-10002824,100,20
FUR-SAF-10002557,100,20
FUR-CH-10000583,100,20
TEC-AC-10000332,100,20
TEC-PH-10000193,100,20
FUR-CH-10000430,100,20
OFF-ST-10004381,100,20
TEC-PH-10000437,100,20
OFF-ST-10004947,100,20
TEC-ENE-10000154,100,20
OFF-AP-10001905,100,20
OFF-EN-10004784,100,20
FUR-FU-10000666,100,20
TEC-AC-10002295,100,20
TEC-SHA-10000971,100,20
TEC-PH-10002570,100,20
OFF-SU-10004434,100,20
FUR-FU-10004823,100,20
FUR-BO-10003297,100,20
TEC-MA-10003816,100,20
FUR-BO-10003284,100,20
FUR-FU-10004820,100,20
TEC-PH-10002726,100,20
FUR-LES-10003538,100,20
TEC-BRO-10000374,100,20
OFF-EN-10004521,100,20
FUR-SAU-10000209,100,20
OFF-SU-10001455,100,20
TEC-MA-10003066,100,20
OFF-AP-10002568,100,20
TEC-PH-10001382,100,20
TEC-AC-10000358,100,20
TEC-PH-10000586,100,20
TEC-PH-10000526,100,20
TEC-STA-10003330,100,20
OFF-ST-10000877,100,20
OFF-AP-10000981,100,20
FUR-BO-10001746,100,20
FUR-CH-10004151,100,20
TEC-AC-10000218,100,20
TEC-PH-10003620,100,20
TEC-PH-10004959,100,20
OFF-EN-10001315,100,20
OFF-PA-10002968,100,20
FUR-NOV-10002791,100,20
TEC-CO-10003298,100,20
OFF-AP-10001670,100,20
OFF-ST-10002292,100,20
FUR-BO-10002738,100,20
OFF-BI-10004328,100,20
OFF-ST-10004739,100,20
FUR-FU-10003798,100,20
TEC-AC-10004901,100,20
TEC-CIS-10003501,100,20
TEC-APP-10004049,100,20
TEC-CO-10003982,100,20
OFF-SU-10004814,100,20
TEC-PAN-10003382,100,20
TEC-AC-10004051,100,20
TEC-CO-10000791,100,20
FUR-OFF-10001125,100,20
FUR-ADV-10001283,100,20
FUR-BO-10000378,100,20
OFF-PA-10002043,100,20
TEC-MA-10004482,100,20
FUR-CH-10004339,100,20
FUR-CH-10004875,100,20
FUR-CH-10004826,100,20
TEC-CO-10004901,100,20
OFF-AP-10004946,100,20
FUR-BO-10002032,100,20
OFF-EN-10000947,100,20
OFF-AR-10003738,100,20
OFF-BI-10003879,100,20
FUR-CH-10003540,100,20
OFF-BI-10001984,100,20
FUR-FU-10004497,100,20
TEC-PH-10001254,100,20
TEC-CO-10001818,100,20
FUR-FU-10002837,100,20
OFF-ST-10000095,100,20
TEC-MA-10000473,100,20
TEC-AC-10004518,100,20
FUR-SAF-10003819,100,20
FUR-CH-10003874,100,20
TEC-CO-10001595,100,20
TEC-AC-10004679,100,20
OFF-ST-10004191,100,20
FUR-IKE-10003796,100,20
OFF-AP-10004569,100,20
FUR-CH-10001802,100,20
OFF-AP-10002017,100,20
OFF-SAN-10001094,100,20
FUR-CH-10004992,100,20
OFF-AP-10002226,100,20
FUR-FU-10002253,100,20
OFF-EN-10002035,100,20
TEC-CO-10001846,100,20
TEC-MA-10002710,100,20
TEC-AC-10002850,100,20
FUR-BO-10000895,100,20
TEC-PH-10000026,100,20
FUR-CH-10002966,100,20
TEC-PH-10003931,100,20
OFF-ST-10000288,100,20
TEC-PH-10003772,100,20
OFF-FA-10001152,100,20
TEC-AC-10004406,100,20
OFF-PA-10000423,100,20
TEC-AC-10003904,100,20
OFF-EN-10003540,100,20
FUR-BUS-10002192,100,20
FUR-CH-10001455,100,20
OFF-PA-10000562,100,20
OFF-AP-10002371,100,20
FUR-CH-10000689,100,20
FUR-FU-10001015,100,20
TEC-CO-10004521,100,20
OFF-ST-10001534,100,20
FUR-TA-10004147,100,20
TEC-HP -10001905,100,20
TEC-PH-10003062,100,20
OFF-ST-10003141,100,20
OFF-EN-10002081,100,20
OFF-AR-10004139,100,20
OFF-PA-10004092,100,20
OFF-ST-10001476,100,20
OFF-ELD-10001318,100,20
FUR-IKE-10003576,100,20
OFF-PA-10000655,100,20
TEC-AC-10001142,100,20
FUR-CH-10003853,100,20
OFF-SU-10004230,100,20
FUR-FU-10003094,100,20
TEC-MA-10000711,100,20
FUR-CH-10004606,100,20
TEC-PH-10004006,100,20
OFF-ST-10003256,100,20
OFF-AR-10002022,100,20
OFF-ELD-10001477,100,20
FUR-BO-10002008,100,20
FUR-BO-10002352,100,20
OFF-AP-10002344,100,20
OFF-AR-10002816,100,20
OFF-XER-10004820,100,20
TEC-AC-10001089,100,20
FUR-BO-10003408,100,20
TEC-PH-10000100,100,20
OFF-EN-10001038,100,20
OFF-ST-10003411,100,20
FUR-BO-10000676,100,20
TEC-PH-10003481,100,20
OFF-EN-10004550,100,20
TEC-OKI-10002752,100,20
FUR-BO-10003463,100,20
TEC-AC-10001942,100,20
FUR-CH-10001037,100,20
FUR-FU-10004748,100,20
TEC-STA-10004181,100,20
OFF-BI-10000734,100,20
TEC-PH-10003723,100,20
TEC-PH-10004760,100,20
FUR-FU-10004241,100,20
OFF-HOO-10002920,100,20
OFF-PA-10001869,100,20
TEC-STA-10003550,100,20
TEC-CO-10000344,100,20
FUR-FU-10002486,100,20
TEC-MA-10000811,100,20
FUR-FU-10003198,100,20
FUR-CH-10004447,100,20
FUR-FU-10000256,100,20
OFF-SU-10004873,100,20
TEC-AC-10001082,100,20
FUR-TA-10001595,100,20
FUR-BO-10003103,100,20
TEC-MA-10004993,100,20
OFF-FA-10002683,100,20
TEC-AC-10002738,100,20
FUR-CH-10001695,100,20
OFF-ST-10002538,100,20
TEC-PH-10003774,100,20
TEC-MA-10002521,100,20
OFF-EN-10000872,100,20
OFF-ST-10003204,100,20
TEC-AC-10004249,100,20
TEC-AC-10001295,100,20
TEC-AC-10003174,100,20
OFF-AP-10000935,100,20
FUR-HON-10001504,100,20
FUR-BUS-10004336,100,20
TEC-BEL-10004162,100,20
OFF-EN-10003511,100,20
OFF-EN-10000897,100,20
FUR-FU-10004503,100,20
TEC-PH-10003437,100,20
FUR-RUB-10001704,100,20
OFF-PA-10002356,100,20
OFF-FA-10001764,100,20
TEC-AC-10001990,100,20
FUR-TEN-10000558,100,20
TEC-EPS-10000689,100,20
TEC-SAM-10003205,100,20
TEC-AC-10002086,100,20
FUR-CH-10004694,100,20
OFF-AP-10001606,100,20
TEC-MA-10003630,100,20
TEC-EPS-10001129,100,20
OFF-AR-10000540,100,20
OFF-ST-10001729,100,20
FUR-BO-10001699,100,20
TEC-AC-10000203,100,20
FUR-BO-10001888,100,20
OFF-PA-10002371,100,20
OFF-BI-10004795,100,20
OFF-PA-10003129,100,20
FUR-IKE-10002509,100,20
TEC-MA-10002660,100,20
TEC-ENE-10003873,100,20
OFF-ST-10002159,100,20
OFF-SU-10000102,100,20
FUR-CH-10000785,100,20
OFF-PA-10001327,100,20
TEC-BEL-10001189,100,20
OFF-FEL-10004016,100,20
OFF-SU-10000079,100,20
OFF-BI-10004146,100,20
OFF-SU-10002337,100,20
OFF-AP-10000490,100,20
OFF-SU-10000157,100,20
OFF-PA-10000312,100,20
OFF-ST-10003153,100,20
OFF-ST-10003656,100,20
FUR-HON-10000029,100,20
OFF-PA-10003365,100,20
FUR-CH-10000488,100,20
TEC-PH-10001619,100,20
FUR-BO-10003078,100,20
OFF-ST-10000585,100,20
OFF-KIT-10001245,100,20
TEC-PH-10004970,100,20
FUR-FU-10004462,100,20
TEC-STA-10004927,100,20
FUR-BO-10001067,100,20
TEC-PH-10002549,100,20
FUR-BO-10002346,100,20
TEC-AC-10004508,100,20
TEC-CIS-10003439,100,20
TEC-CO-10001087,100,20
OFF-PA-10004296,100,20
FUR-FU-10002709,100,20
FUR-FU-10003662,100,20
OFF-EN-10002911,100,20
FUR-FU-10002829,100,20
OFF-PA-10001258,100,20
FUR-CH-10001784,100,20
OFF-AP-10001067,100,20
OFF-ELI-10001057,100,20
FUR-IKE-10004815,100,20
OFF-EN-10003550,100,20
OFF-LA-10004280,100,20
OFF-ST-10003953,100,20
TEC-AC-10002255,100,20
FUR-CH-10002117,100,20
TEC-AC-10001406,100,20
OFF-SU-10004299,100,20
OFF-SU-10004249,100,20
TEC-KON-10001519,100,20
OFF-EN-10002924,100,20
TEC-AC-10001341,100,20
OFF-AP-10002531,100,20
TEC-PH-10004152,100,20
FUR-TA-10004757,100,20
OFF-ST-10003203,100,20
FUR-FU-10001194,100,20
FUR-FU-10002094,100,20
TEC-AC-10004334,100,20
FUR-CH-10002752,100,20
FUR-CH-10002970,100,20
FUR-CH-10001414,100,20
FUR-FU-10003546,100,20
FUR-TA-10002855,100,20
OFF-LA-10001541,100,20
TEC-PH-10002332,100,20
TEC-MA-10000597,100,20
FUR-OFF-10003019,100,20
FUR-BO-10000883,100,20
TEC-PH-10002387,100,20
FUR-BO-10004238,100,20
TEC-PH-10003963,100,20
OFF-ST-10004996,100,20
OFF-PA-10004694,100,20
FUR-FU-10002069,100,20
FUR-FU-10002722,100,20
FUR-CH-10001756,100,20
TEC-PH-10004618,100,20
FUR-RUB-10003518,100,20
TEC-AC-10001688,100,20
OFF-ST-10002371,100,20
TEC-PH-10001163,100,20
OFF-SU-10004452,100,20
OFF-SU-10001407,100,20
TEC-PH-10001535,100,20
TEC-MOT-10001927,100,20
OFF-SAN-10001546,100,20
TEC-BEL-10003875,100,20
OFF-AR-10002240,100,20
TEC-PH-10000693,100,20
TEC-AC-10001767,100,20
TEC-BEL-10002207,100,20
OFF-AR-10000227,100,20
TEC-PH-10001937,100,20
OFF-AP-10002497,100,20
FUR-CH-10004751,100,20
TEC-PH-10004437,100,20
FUR-FU-10003394,100,20
FUR-CH-10000343,100,20
FUR-BO-10001276,100,20
TEC-MA-10002039,100,20
OFF-AR-10001208,100,20
OFF-SU-10004771,100,20
OFF-ST-10002175,100,20
OFF-SU-10004802,100,20
OFF-BRE-10004933,100,20
TEC-AC-10002996,100,20
OFF-EN-10000051,100,20
OFF-FA-10001419,100,20
OFF-PA-10000565,100,20
OFF-AR-10002583,100,20
FUR-BO-10001721,100,20
TEC-MA-10002864,100,20
TEC-LOG-10001137,100,20
TEC-MA-10003366,100,20
FUR-BO-10004947,100,20
OFF-SME-10000746,100,20
OFF-SU-10000153,100,20
FUR-FU-10004622,100,20
OFF-EN-10003296,100,20
OFF-SU-10000776,100,20
OFF-BI-10002562,100,20
OFF-ST-10000704,100,20
OFF-ST-10001511,100,20
FUR-TA-10003008,100,20
TEC-MA-10003558,100,20
FUR-FU-10000889,100,20
TEC-AC-10004108,100,20
OFF-LA-10004916,100,20
FUR-CH-10002793,100,20
TEC-HP -10002221,100,20
TEC-MEM-10002280,100,20
FUR-NOV-10000323,100,20
TEC-APP-10003588,100,20
OFF-AP-10000228,100,20
TEC-CO-10000011,100,20
FUR-CH-10000117,100,20
OFF-STI-10002262,100,20
FUR-DEF-10001359,100,20
TEC-AC-10001311,100,20
FUR-BO-10002423,100,20
OFF-STO-10001693,100,20
TEC-CO-10003702,100,20
FUR-CH-10002626,100,20
TEC-PH-10001708,100,20
TEC-MA-10002413,100,20
OFF-EN-10001044,100,20
OFF-EN-10003512,100,20
FUR-FU-10004952,100,20
TEC-SHA-10000306,100,20
FUR-CH-10001831,100,20
TEC-CO-10001472,100,20
TEC-MA-10000755,100,20
TEC-MA-10003886,100,20
TEC-KON-10002052,100,20
OFF-AP-10000569,100,20
FUR-BO-10004218,100,20
OFF-ROG-10002132,100,20
TEC-AC-10002600,100,20
TEC-AC-10002567,100,20
OFF-HOO-10000318,100,20
TEC-OKI-10002547,100,20
FUR-CH-10001278,100,20
FUR-FU-10000267,100,20
OFF-PA-10000579,100,20
OFF-EN-10003729,100,20
FUR-BO-10004467,100,20
FUR-DAN-10004745,100,20
OFF-AP-10000528,100,20
TEC-AC-10003750,100,20
TEC-AC-10002402,100,20
TEC-BRO-10000773,100,20
OFF-BI-10000590,100,20
FUR-FU-10004845,100,20
FUR-BUS-10003055,100,20
OFF-SU-10001808,100,20
TEC-PH-10002565,100,20
FUR-BO-10001147,100,20
TEC-PH-10003556,100,20
FUR-BO-10001598,100,20
TEC-CO-10001352,100,20
TEC-SAM-10000345,100,20
OFF-ST-10001490,100,20
FUR-HAR-10001089,100,20
TEC-SHA-10000052,100,20
TEC-MOT-10002260,100,20
TEC-CO-10002759,100,20
FUR-TA-10003539,100,20
OFF-SU-10004888,100,20
OFF-AP-10003318,100,20
FUR-FU-10004074,100,20
OFF-PA-10001850,100,20
OFF-ST-10003058,100,20
TEC-MA-10000753,100,20
TEC-PH-10002907,100,20
FUR-FU-10000905,100,20
OFF-EN-10003615,100,20
FUR-FU-10002525,100,20
FUR-BO-10000807,100,20
OFF-SU-10001337,100,20
FUR-FU-10003664,100,20
OFF-SU-10000997,100,20
TEC-PH-10001640,100,20
OFF-PA-10003517,100,20
FUR-TA-10004152,100,20
FUR-FU-10001185,100,20
OFF-PA-10003625,100,20
OFF-ENE-10002470,100,20
FUR-FU-10002655,100,20
OFF-FA-10000179,100,20
TEC-PH-10002138,100,20
TEC-PH-10002789,100,20
OFF-BI-10003925,100,20
OFF-PA-10001758,100,20
TEC-AC-10002158,100,20
OFF-EN-10000898,100,20
FUR-BUS-10004121,100,20
TEC-CO-10000534,100,20
OFF-EN-10004057,100,20
TEC-PH-10004348,100,20
OFF-FEL-10001630,100,20
TEC-PH-10000788,100,20
OFF-PA-10003332,100,20
TEC-BEL-10002178,100,20
OFF-AR-10003046,100,20
TEC-AC-10001600,100,20
OFF-SU-10000180,100,20
TEC-PH-10003935,100,20
TEC-MA-10003121,100,20
FUR-TA-10004767,100,20
FUR-ELD-10003479,100,20
OFF-PA-10003907,100,20
FUR-TA-10002860,100,20
OFF-SU-10004198,100,20
OFF-AP-10004336,100,20
OFF-EN-10001453,100,20
OFF-GRE-10004359,100,20
OFF-AP-10002697,100,20
TEC-PH-10001079,100,20
FUR-OFF-10000344,100,20
OFF-JIF-10002228,100,20
TEC-AC-10001221,100,20
FUR-CH-10000694,100,20
FUR-FU-10001260,100,20
FUR-CH-10003608,100,20
TEC-AC-10004196,100,20
TEC-SHA-10001231,100,20
FUR-FU-10000065,100,20
OFF-AR-10003914,100,20
TEC-PH-10003522,100,20
TEC-MA-10004669,100,20
TEC-AC-10004195,100,20
FUR-CH-10004899,100,20
TEC-CO-10004567,100,20
TEC-PH-10004675,100,20
OFF-FA-10003318,100,20
FUR-CH-10001482,100,20
FUR-FU-10003862,100,20
OFF-SU-10002709,100,20
FUR-BO-10004567,100,20
FUR-BO-10000112,100,20
OFF-PA-10004881,100,20
OFF-AR-10003253,100,20
TEC-OKI-10001062,100,20
TEC-CO-10000422,100,20
OFF-SU-10000556,100,20
OFF-EN-10002008,100,20
OFF-HOO-10000638,100,20
TEC-CO-10000660,100,20
OFF-AR-10004022,100,20
TEC-AC-10002335,100,20
TEC-CO-10002113,100,20
TEC-AC-10004880,100,20
OFF-BI-10001650,100,20
FUR-BO-10000746,100,20
TEC-PH-10004635,100,20
OFF-ST-10001025,100,20
TEC-PH-10001575,100,20
FUR-CH-10004844,100,20
OFF-ST-10000884,100,20
OFF-EN-10002808,100,20
TEC-AC-10004393,100,20
FUR-FU-10003601,100,20
TEC-CO-10001042,100,20
TEC-PH-10003416,100,20
TEC-AC-10000335,100,20
OFF-AP-10001266,100,20
FUR-OFF-10003688,100,20
FUR-HAR-10004593,100,20
OFF-ST-10001326,100,20
OFF-ST-10002459,100,20
FUR-BO-10004425,100,20
OFF-ST-10000643,100,20
OFF-ST-10000220,100,20
OFF-ST-10000794,100,20
FUR-RUB-10003724,100,20
TEC-MA-10001825,100,20
OFF-FA-10003266,100,20
TEC-SAM-10001843,100,20
FUR-ADV-10004499,100,20
OFF-SU-10001586,100,20
TEC-PH-10000141,100,20
FUR-FU-10004816,100,20
TEC-MA-10004655,100,20
FUR-TA-10001935,100,20
TEC-PH-10002428,100,20
FUR-OFF-10004824,100,20
TEC-PH-10002018,100,20
OFF-PA-10004286,100,20
TEC-PH-10004048,100,20
TEC-OKI-10003221,100,20
FUR-CH-10003249,100,20
OFF-PA-10004444,100,20
OFF-BI-10001071,100,20
TEC-AC-10000860,100,20
OFF-ST-10001272,100,20
FUR-SAF-10002360,100,20
TEC-EPS-10004558,100,20
OFF-BI-10003616,100,20
FUR-BO-10004529,100,20
FUR-DEF-10003551,100,20
FUR-SAF-10004530,100,20
TEC-PH-10000381,100,20
TEC-AC-10003851,100,20
TEC-PH-10000641,100,20
OFF-ST-10000306,100,20
TEC-PH-10002660,100,20
OFF-SU-10001886,100,20
OFF-AP-10002238,100,20
OFF-AR-10001823,100,20
TEC-AC-10000051,100,20
FUR-FU-10000816,100,20
FUR-FU-10004182,100,20
FUR-CH-10001545,100,20
FUR-BO-10001779,100,20
OFF-SU-10004980,100,20
TEC-CO-10001775,100,20
TEC-MA-10002242,100,20
OFF-ST-10004365,100,20
TEC-MA-10003330,100,20
OFF-AR-10001461,100,20
TEC-PH-10002296,100,20
OFF-AR-10001720,100,20
TEC-PH-10000441,100,20
OFF-AP-10000825,100,20
FUR-FU-10002598,100,20
OFF-BI-10000561,100,20
TEC-AC-10003987,100,20
TEC-EPS-10001651,100,20
OFF-ACC-10002680,100,20
OFF-ST-10000619,100,20
OFF-PA-10000382,100,20
FUR-FU-10001619,100,20
OFF-AP-10003442,100,20
FUR-BO-10001567,100,20
FUR-FU-10001775,100,20
OFF-SU-10002379,100,20
TEC-PH-10002483,100,20
OFF-BI-10001304,100,20
OFF-AR-10004049,100,20
OFF-BI-10000538,100,20
TEC-AC-10001187,100,20
OFF-HON-10001706,100,20
FUR-CH-10004580,100,20
FUR-SAF-10000881,100,20
TEC-AC-10001463,100,20
FUR-FU-10002210,100,20
FUR-FU-10003855,100,20
OFF-ST-10000352,100,20
OFF-ST-10000645,100,20
OFF-SU-10002732,100,20
OFF-ST-10004123,100,20
FUR-DAN-10001340,100,20
TEC-MA-10003909,100,20
OFF-ST-10000648,100,20
TEC-CO-10001831,100,20
OFF-SU-10002094,100,20
FUR-BAR-10002449,100,20
FUR-CH-10001972,100,20
TEC-PH-10003368,100,20
FUR-FU-10004339,100,20
OFF-BI-10002859,100,20
OFF-AR-10003123,100,20
OFF-PA-10002382,100,20
OFF-PA-10002976,100,20
FUR-CH-10003423,100,20
OFF-SU-10004848,100,20
TEC-PH-10001354,100,20
TEC-AC-10000354,100,20
OFF-BI-10003725,100,20
OFF-KIT-10002357,100,20
FUR-CH-10004536,100,20
OFF-ST-10001222,100,20
OFF-PA-10003381,100,20
FUR-CH-10004576,100,20
TEC-AC-10001874,100,20
OFF-ST-10003956,100,20
FUR-NOV-10001972,100,20
TEC-AC-10001904,100,20
OFF-ST-10001713,100,20
FUR-RUB-10003004,100,20
FUR-CH-10002212,100,20
OFF-SU-10004846,100,20
FUR-FU-10003235,100,20
OFF-AR-10001694,100,20
OFF-EN-10000623,100,20
OFF-AP-10004756,100,20
TEC-CO-10004563,100,20
TEC-STA-10004834,100,20
TEC-MEM-10001409,100,20
TEC-PH-10002419,100,20
FUR-BUS-10004475,100,20
FUR-SAF-10004426,100,20
OFF-AR-10001423,100,20
TEC-PH-10004597,100,20
OFF-AP-10004305,100,20
TEC-MA-10001210,100,20
OFF-FA-10002506,100,20
TEC-PH-10004402,100,20
OFF-AP-10003040,100,20
TEC-LOG-10001434,100,20
FUR-RUB-10001717,100,20
OFF-FIS-10003234,100,20
OFF-LA-10002324,100,20
TEC-PH-10004281,100,20
OFF-LA-10000901,100,20
FUR-FU-10004017,100,20
FUR-BO-10002936,100,20
OFF-LA-10003376,100,20
TEC-AC-10000692,100,20
FUR-BO-10000265,100,20
OFF-AP-10004665,100,20
TEC-AC-10002756,100,20
FUR-BO-10001476,100,20
OFF-AP-10002439,100,20
OFF-AR-10002975,100,20
OFF-PA-10003510,100,20
TEC-AC-10000269,100,20
OFF-AR-10001622,100,20
FUR-CH-10001051,100,20
OFF-SU-10001087,100,20
OFF-AR-10003085,100,20
OFF-PA-10002473,100,20
FUR-FU-10001950,100,20
OFF-PA-10001371,100,20
FUR-FU-10002703,100,20
FUR-OFF-10000303,100,20
TEC-HP -10001577,100,20
OFF-FEL-10001405,100,20
TEC-CO-10004664,100,20
FUR-CH-10000351,100,20
FUR-TA-10004607,100,20
FUR-CH-10001553,100,20
FUR-CH-10001477,100,20
OFF-ST-10004340,100,20
TEC-AC-10002025,100,20
OFF-AP-10003779,100,20
FUR-FU-10002122,100,20
FUR-CH-10003883,100,20
TEC-AC-10001831,100,20
FUR-CH-10002653,100,20
FUR-CH-10003109,100,20
OFF-SU-10001889,100,20
OFF-LA-10001383,100,20
TEC-AC-10000588,100,20
FUR-CH-10001343,100,20
FUR-FU-10001252,100,20
TEC-PH-10000292,100,20
TEC-AC-10002670,100,20
OFF-EN-10002140,100,20
FUR-CH-10003692,100,20
FUR-CH-10002410,100,20
FUR-CH-10003817,100,20
TEC-PH-10001448,100,20
OFF-SU-10003105,100,20
OFF-PA-10003115,100,20
OFF-AP-10001005,100,20
OFF-FEL-10001776,100,20
OFF-TEN-10000025,100,20
FUR-BO-10003287,100,20
OFF-EN-10003498,100,20
FUR-BUS-10002138,100,20
OFF-SU-10004659,100,20
FUR-CH-10003026,100,20
OFF-SU-10003671,100,20
OFF-XER-10003495,100,20
OFF-SU-10002419,100,20
OFF-AR-10001061,100,20
OFF-PA-10004480,100,20
TEC-CO-10003474,100,20
FUR-CH-10002213,100,20
OFF-PA-10001725,100,20
TEC-STA-10001407,100,20
OFF-ROG-10000191,100,20
OFF-PA-10004200,100,20
OFF-SU-10001409,100,20
OFF-FA-10000659,100,20
FUR-BO-10001342,100,20
FUR-CH-10001871,100,20
OFF-FA-10001115,100,20
TEC-CO-10003568,100,20
TEC-AC-10004520,100,20
TEC-PH-10001070,100,20
OFF-EN-10003413,100,20
TEC-PH-10000014,100,20
TEC-BEL-10000485,100,20
TEC-PH-10002892,100,20
TEC-HP -10001426,100,20
FUR-CH-10003392,100,20
FUR-FU-10004619,100,20
OFF-EN-10003000,100,20
OFF-AR-10004116,100,20
TEC-OKI-10003868,100,20
TEC-MOT-10001950,100,20
FUR-CH-10001397,100,20
OFF-SU-10001848,100,20
OFF-BI-10004105,100,20
FUR-FU-10001657,100,20
OFF-EN-10002873,100,20
TEC-AC-10003487,100,20
OFF-AR-10000676,100,20
TEC-CO-10002062,100,20
FUR-CH-10003535,100,20
OFF-BRE-10004359,100,20
TEC-ENE-10002686,100,20
OFF-SU-10002451,100,20
OFF-ST-10004473,100,20
OFF-AP-10000039,100,20
TEC-AC-10004803,100,20
OFF-KIT-10000717,100,20
OFF-EN-10004895,100,20
TEC-AC-10003172,100,20
TEC-MA-10001298,100,20
OFF-AR-10002818,100,20
OFF-TEN-10002835,100,20
OFF-BRE-10000157,100,20
FUR-CH-10000265,100,20
TEC-PH-10004242,100,20
FUR-CH-10000171,100,20
OFF-SU-10003098,100,20
OFF-AP-10003334,100,20
OFF-AR-10002165,100,20
OFF-EN-10002104,100,20
OFF-AP-10001772,100,20
OFF-FA-10001057,100,20
FUR-CH-10004448,100,20
OFF-EN-10002186,100,20
FUR-CH-10000690,100,20
OFF-AR-10001599,100,20
TEC-AC-10001907,100,20
OFF-EN-10001727,100,20
TEC-PH-10004358,100,20
TEC-PH-10004800,100,20
TEC-AC-10000736,100,20
TEC-AC-10004997,100,20
OFF-AP-10001568,100,20
OFF-PA-10002862,100,20
OFF-PA-10002254,100,20
OFF-ST-10001837,100,20
OFF-PA-10002292,100,20
TEC-AC-10003408,100,20
TEC-PH-10001428,100,20
OFF-SU-10004095,100,20
TEC-AC-10004709,100,20
TEC-MEM-10004782,100,20
TEC-CO-10000262,100,20
FUR-CH-10002045,100,20
FUR-CH-10001423,100,20
FUR-BO-10002680,100,20
FUR-FU-10000287,100,20
OFF-ST-10001124,100,20
TEC-MA-10002844,100,20
OFF-PA-10004034,100,20
TEC-AC-10002800,100,20
TEC-PH-10004922,100,20
OFF-EN-10003859,100,20
OFF-AP-10003473,100,20
FUR-CH-10003848,100,20
OFF-AP-10003884,100,20
FUR-ELD-10002511,100,20
OFF-ST-10004703,100,20
OFF-AR-10001952,100,20
TEC-PH-10000127,100,20
OFF-AP-10001617,100,20
OFF-PA-10000915,100,20
OFF-ST-10003322,100,20
OFF-FA-10002964,100,20
TEC-AC-10002702,100,20
FUR-BO-10000269,100,20
OFF-AR-10000314,100,20
FUR-CH-10004642,100,20
OFF-FA-10004139,100,20
OFF-EN-10002449,100,20
TEC-PH-10001809,100,20
TEC-HEW-10004522,100,20
OFF-AP-10001623,100,20
FUR-FU-10001343,100,20
OFF-EN-10003887,100,20
FUR-FU-10000606,100,20
FUR-CH-10003282,100,20
TEC-CO-10001371,100,20
FUR-CH-10002030,100,20
OFF-ST-10004576,100,20
TEC-AC-10004469,100,20
FUR-HAR-10000334,100,20
OFF-FA-10003815,100,20
FUR-CH-10003354,100,20
OFF-AP-10002413,100,20
OFF-AP-10004220,100,20
FUR-CH-10002247,100,20
TEC-SHA-10001413,100,20
OFF-AP-10002625,100,20
OFF-SU-10000782,100,20
TEC-CO-10001382,100,20
TEC-PH-10002085,100,20
TEC-KON-10000302,100,20
OFF-ADV-10003050,100,20
FUR-CH-10002152,100,20
FUR-FU-10003462,100,20
FUR-FU-10003420,100,20
TEC-AC-10003027,100,20
FUR-BO-10003768,100,20
FUR-CH-10000373,100,20
FUR-TA-10003469,100,20
TEC-CIS-10003676,100,20
TEC-EPS-10002523,100,20
OFF-AR-10000727,100,20
TEC-MA-10003178,100,20
TEC-PH-10001730,100,20
FUR-OFF-10002486,100,20
FUR-FU-10000135,100,20
OFF-EN-10002749,100,20
TEC-AC-10000258,100,20
OFF-SU-10003505,100,20
OFF-HOO-10002715,100,20
TEC-PH-10002871,100,20
TEC-CO-10001824,100,20
OFF-AP-10001138,100,20
OFF-BRE-10003081,100,20
OFF-ST-10004631,100,20
OFF-AP-10004921,100,20
TEC-AC-10002204,100,20
FUR-FU-10003986,100,20
OFF-PA-10003550,100,20
FUR-CH-10003155,100,20
OFF-AP-10001130,100,20
OFF-LA-10000757,100,20
OFF-PA-10001351,100,20
OFF-AR-10004422,100,20
TEC-PH-10001432,100,20
OFF-EN-10004904,100,20
FUR-CH-10003794,100,20
TEC-AC-10001022,100,20
FUR-BO-10003181,100,20
OFF-ST-10001414,100,20
TEC-BRO-10000463,100,20
FUR-CH-10002498,100,20
OFF-ST-10001932,100,20
OFF-PA-10001954,100,20
OFF-ELI-10001351,100,20
TEC-PH-10002708,100,20
TEC-CO-10003002,100,20
OFF-SU-10004496,100,20
OFF-ST-10000922,100,20
FUR-BO-10003433,100,20
TEC-MOT-10004111,100,20
TEC-CIS-10002598,100,20
FUR-TA-10000855,100,20
FUR-FU-10004459,100,20
OFF-SU-10001762,100,20
TEC-AC-10004864,100,20
OFF-FA-10004587,100,20
OFF-EN-10004989,100,20
OFF-AP-10002534,100,20
FUR-FU-10004787,100,20
OFF-ST-10004549,100,20
OFF-ST-10002105,100,20
OFF-AR-10002454,100,20
OFF-ST-10000378,100,20
TEC-CO-10002586,100,20
OFF-BI-10001927,100,20
OFF-ST-10001974,100,20
OFF-BI-10002533,100,20
OFF-PA-10001849,100,20
OFF-PA-10000675,100,20
TEC-KON-10001388,100,20
TEC-AC-10001274,100,20
FUR-FU-10002170,100,20
OFF-ST-10000695,100,20
FUR-CH-10002207,100,20
TEC-PH-10003177,100,20
OFF-EN-10004305,100,20
FUR-HON-10004137,100,20
TEC-CAN-10004839,100,20
OFF-ST-10002463,100,20
OFF-EN-10004495,100,20
FUR-TEN-10001349,100,20
FUR-RUB-10001190,100,20
OFF-SU-10001080,100,20
OFF-SU-10004822,100,20
OFF-AR-10001336,100,20
OFF-EN-10000507,100,20
OFF-ST-10004479,100,20
TEC-AC-10004855,100,20
OFF-SU-10004919,100,20
OFF-SU-10003085,100,20
FUR-FU-10003708,100,20
OFF-PA-10004071,100,20
OFF-LA-10001074,100,20
OFF-SU-10001682,100,20
OFF-SU-10000480,100,20
OFF-FA-10003749,100,20
OFF-ST-10003578,100,20
OFF-SU-10002002,100,20
TEC-PH-10003601,100,20
OFF-ROG-10002818,100,20
OFF-KLE-10000552,100,20
TEC-APP-10001732,100,20
OFF-AR-10003291,100,20
OFF-PA-10003518,100,20
OFF-AP-10000775,100,20
OFF-LA-10003930,100,20
FUR-BUS-10002639,100,20
OFF-ST-10001513,100,20
TEC-AC-10001352,100,20
FUR-BO-10001972,100,20
FUR-FU-10002696,100,20
OFF-ST-10003306,100,20
OFF-PA-10004756,100,20
TEC-AC-10004773,100,20
OFF-AP-10002867,100,20
TEC-PAN-10000979,100,20
OFF-STI-10001171,100,20
FUR-CH-10002555,100,20
TEC-AC-10003556,100,20
OFF-PA-10001259,100,20
OFF-BI-10003656,100,20
OFF-AP-10002457,100,20
FUR-CH-10003733,100,20
TEC-CO-10003597,100,20
OFF-SU-10000411,100,20
TEC-AC-10000109,100,20
TEC-AC-10004114,100,20
FUR-TA-10001100,100,20
OFF-STA-10000247,100,20
OFF-AR-10000804,100,20
TEC-MA-10004693,100,20
TEC-PH-10004042,100,20
OFF-ELI-10003911,100,20
TEC-AC-10004848,100,20
OFF-PA-10003892,100,20
FUR-CH-10003968,100,20
OFF-ST-10000934,100,20
OFF-FIS-10003463,100,20
TEC-ENE-10001466,100,20
OFF-SU-10002230,100,20
FUR-CH-10003054,100,20
OFF-PA-10004335,100,20
OFF-ST-10000604,100,20
OFF-AP-10000159,100,20
FUR-HAR-10002178,100,20
FUR-CH-10004338,100,20
FUR-BO-10001781,100,20
FUR-FU-10003970,100,20
FUR-CH-10002989,100,20
TEC-PH-10003312,100,20
OFF-ST-10004754,100,20
OFF-BI-10004597,100,20
OFF-PA-10000210,100,20
TEC-SHA-10004184,100,20
OFF-SU-10001021,100,20
TEC-AC-10000397,100,20
OFF-PA-10002047,100,20
OFF-LA-10003297,100,20
OFF-FEL-10001541,100,20
FUR-CH-10000182,100,20
TEC-AC-10000710,100,20
FUR-FU-10002185,100,20
OFF-BIC-10002403,100,20
OFF-SU-10000375,100,20
OFF-AR-10001221,100,20
TEC-BRO-10003555,100,20
OFF-ST-10002781,100,20
TEC-PH-10001424,100,20
OFF-SU-10000885,100,20
OFF-KLE-10001699,100,20
TEC-AC-10004556,100,20
FUR-SAU-10004137,100,20
TEC-CO-10000135,100,20
FUR-CH-10002132,100,20
OFF-SU-10000255,100,20
TEC-AC-10001243,100,20
FUR-SAU-10000893,100,20
OFF-PA-10002461,100,20
OFF-SU-10003522,100,20
OFF-AR-10001612,100,20
TEC-AC-10001606,100,20
OFF-PA-10002222,100,20
FUR-FU-10000432,100,20
OFF-AR-10004068,100,20
OFF-SME-10003033,100,20
FUR-TEN-10003050,100,20
OFF-PA-10001795,100,20
FUR-FU-10004093,100,20
TEC-AC-10004938,100,20
TEC-AC-10000025,100,20
TEC-PH-10003784,100,20
TEC-AC-10003198,100,20
TEC-CAN-10004697,100,20
FUR-HAR-10002223,100,20
OFF-EN-10003780,100,20
OFF-ST-10000632,100,20
TEC-AC-10001114,100,20
FUR-IKE-10003251,100,20
FUR-SAU-10003694,100,20
OFF-EN-10003619,100,20
TEC-MA-10003173,100,20
TEC-APP-10002829,100,20
TEC-PH-10001677,100,20
OFF-SU-10001595,100,20
FUR-FU-10003069,100,20
FUR-CH-10002362,100,20
OFF-EN-10004007,100,20
OFF-IBI-10003541,100,20
OFF-EN-10003689,100,20
FUR-BO-10001834,100,20
FUR-CH-10002209,100,20
FUR-BO-10001385,100,20
OFF-SU-10004630,100,20
TEC-PH-10002807,100,20
FUR-FU-10001876,100,20
TEC-PH-10001305,100,20
OFF-AP-10003610,100,20
OFF-SU-10004087,100,20
OFF-EN-10002258,100,20
TEC-MA-10000029,100,20
FUR-BUS-10002040,100,20
TEC-NOK-10001678,100,20
TEC-MA-10002525,100,20
FUR-FU-10001915,100,20
OFF-AP-10001293,100,20
TEC-MA-10004615,100,20
OFF-AR-10004881,100,20
OFF-AR-10003806,100,20
OFF-AR-10003249,100,20
TEC-AC-10003280,100,20
OFF-PA-10002923,100,20
TEC-KON-10004519,100,20
TEC-NOK-10001172,100,20
TEC-MA-10004897,100,20
OFF-SU-10002775,100,20
OFF-SU-10004794,100,20
OFF-ST-10002066,100,20
TEC-AC-10001696,100,20
TEC-AC-10003327,100,20
TEC-PH-10001427,100,20
FUR-CH-10000414,100,20
TEC-AC-10004704,100,20
TEC-PH-10002152,100,20
FUR-BO-10001946,100,20
OFF-SU-10004655,100,20
OFF-BI-10004581,100,20
FUR-BO-10001621,100,20
TEC-MA-10001447,100,20
FUR-CH-10000026,100,20
OFF-FA-10003257,100,20
OFF-PA-10003390,100,20
OFF-BI-10002735,100,20
TEC-PH-10003811,100,20
TEC-LOG-10001123,100,20
TEC-PH-10000931,100,20
TEC-MA-10002268,100,20
OFF-AR-10000452,100,20
OFF-PA-10002101,100,20
TEC-MA-10004064,100,20
OFF-BI-10003364,100,20
OFF-CAM-10002734,100,20
OFF-AP-10002364,100,20
OFF-ST-10004116,100,20
OFF-PA-10004600,100,20
FUR-CH-10002374,100,20
OFF-ENE-10001117,100,20
OFF-BI-10002841,100,20
OFF-AR-10003321,100,20
OFF-SU-10001690,100,20
TEC-PH-10003153,100,20
OFF-AR-10002681,100,20
OFF-EN-10003465,100,20
TEC-PH-10004552,100,20
FUR-FU-10004811,100,20
OFF-EN-10004903,100,20
OFF-PA-10001536,100,20
OFF-ST-10000485,100,20
OFF-EN-10001627,100,20
OFF-BI-10004510,100,20
OFF-ST-10001522,100,20
FUR-HAR-10003548,100,20
FUR-FU-10000641,100,20
OFF-PA-10001492,100,20
TEC-PH-10003549,100,20
TEC-AC-10004562,100,20
OFF-PA-10001144,100,20
TEC-PH-10003011,100,20
OFF-ST-10002499,100,20
OFF-ST-10003159,100,20
TEC-OKI-10004199,100,20
OFF-EN-10004254,100,20
OFF-FEL-10001865,100,20
FUR-FU-10004019,100,20
OFF-PA-10002645,100,20
FUR-RUB-10002067,100,20
FUR-BO-10004098,100,20
FUR-TA-10004468,100,20
OFF-AR-10003448,100,20
OFF-PA-10000527,100,20
OFF-PA-10000483,100,20
OFF-EN-10001311,100,20
FUR-FU-10000567,100,20
FUR-CH-10000663,100,20
OFF-FA-10000260,100,20
TEC-CO-10003561,100,20
TEC-CIS-10002565,100,20
OFF-SME-10004702,100,20
TEC-PH-10001644,100,20
TEC-AC-10004883,100,20
OFF-AR-10001278,100,20
FUR-FU-10002116,100,20
TEC-CIS-10001122,100,20
FUR-CH-10002547,100,20
TEC-PH-10003400,100,20
FUR-TA-10001039,100,20
TEC-KON-10001507,100,20
OFF-SU-10004643,100,20
OFF-FA-10001711,100,20
FUR-CH-10000013,100,20
FUR-CH-10002819,100,20
OFF-AR-10000431,100,20
OFF-AP-10000026,100,20
TEC-HEW-10003695,100,20
OFF-KIT-10004732,100,20
OFF-PA-10004746,100,20
TEC-AC-10003776,100,20
TEC-MOT-10003366,100,20
FUR-FU-10004450,100,20
TEC-AC-10001312,100,20
OFF-BI-10000778,100,20
TEC-NOK-10004278,100,20
TEC-CIS-10001877,100,20
FUR-FU-10002630,100,20
FUR-CH-10003842,100,20
OFF-BI-10004139,100,20
FUR-FU-10002157,100,20
OFF-PA-10000595,100,20
OFF-ACM-10001112,100,20
FUR-FU-10004181,100,20
FUR-FU-10001902,100,20
OFF-BI-10001718,100,20
FUR-CH-10003485,100,20
OFF-PA-10001466,100,20
TEC-AC-10002172,100,20
OFF-ST-10001755,100,20
OFF-ST-10000532,100,20
TEC-BRO-10003401,100,20
OFF-STI-10000937,100,20
TEC-CO-10004981,100,20
TEC-AC-10002363,100,20
OFF-AR-10002952,100,20
TEC-PH-10000087,100,20
FUR-OFF-10003713,100,20
TEC-MOT-10004136,100,20
FUR-BO-10002235,100,20
TEC-AC-10003454,100,20
FUR-BO-10001867,100,20
TEC-PH-10001475,100,20
OFF-AP-10001723,100,20
FUR-CH-10002631,100,20
OFF-ST-10004183,100,20
OFF-BI-10001293,100,20
TEC-AC-10000873,100,20
OFF-LA-10000818,100,20
TEC-AC-10001590,100,20
OFF-ST-10002085,100,20
OFF-ST-10004837,100,20
OFF-EN-10000699,100,20
OFF-BI-10001397,100,20
TEC-AC-10001267,100,20
OFF-PA-10001164,100,20
FUR-CH-10001674,100,20
OFF-ST-10001213,100,20
FUR-FU-10003919,100,20
TEC-PH-10000213,100,20
TEC-EPS-10003962,100,20
FUR-BAR-10001039,100,20
OFF-HOO-10001448,100,20
FUR-BO-10003326,100,20
TEC-PH-10004827,100,20
OFF-BI-10003519,100,20
OFF-SU-10001868,100,20
OFF-AR-10004109,100,20
TEC-AC-10002664,100,20
TEC-CO-10004152,100,20
OFF-ST-10004017,100,20
TEC-AC-10003857,100,20
OFF-SU-10001397,100,20
TEC-AC-10003416,100,20
FUR-SAU-10002714,100,20
OFF-GRE-10003316,100,20
FUR-CH-10004725,100,20
FUR-BO-10001585,100,20
TEC-PH-10004287,100,20
TEC-AC-10003640,100,20
TEC-MA-10002871,100,20
OFF-SU-10004589,100,20
OFF-FA-10000401,100,20
OFF-ST-10004019,100,20
OFF-ST-10002967,100,20
FUR-SAF-10003745,100,20
TEC-AC-10001491,100,20
OFF-PA-10000752,100,20
OFF-BI-10003951,100,20
OFF-PA-10004115,100,20
OFF-AP-10000407,100,20
FUR-CH-10001634,100,20
OFF-PA-10002524,100,20
OFF-ST-10004871,100,20
OFF-EN-10002472,100,20
FUR-FU-10001893,100,20
OFF-AR-10003683,100,20
OFF-EN-10003361,100,20
OFF-ACM-10001029,100,20
FUR-NOV-10002453,100,20
OFF-AR-10000953,100,20
OFF-ST-10003479,100,20
OFF-AR-10003373,100,20
TEC-PH-10003800,100,20
TEC-MA-10000888,100,20
OFF-AR-10002037,100,20
OFF-PA-10001733,100,20
FUR-CH-10003143,100,20
OFF-AP-10003177,100,20
OFF-BRE-10000391,100,20
TEC-PH-10002597,100,20
TEC-MA-10004684,100,20
OFF-PA-10003939,100,20
TEC-AC-10001226,100,20
OFF-FEL-10002658,100,20
FUR-FU-10002412,100,20
OFF-PA-10002671,100,20
TEC-PH-10003946,100,20
TEC-PH-10002170,100,20
OFF-XER-10001454,100,20
OFF-SAN-10001681,100,20
OFF-ST-10000675,100,20
FUR-HON-10003653,100,20
OFF-ST-10000542,100,20
OFF-AR-10001226,100,20
FUR-BO-10000468,100,20
FUR-ADV-10004971,100,20
OFF-LA-10001873,100,20
OFF-ST-10000130,100,20
OFF-PA-10004766,100,20
OFF-GRE-10001059,100,20
TEC-APP-10000135,100,20
OFF-SU-10002816,100,20
OFF-FA-10003817,100,20
OFF-SU-10000649,100,20
OFF-AP-10002998,100,20
OFF-PA-10000157,100,20
OFF-HOO-10003338,100,20
FUR-CH-10004943,100,20
OFF-FA-10000207,100,20
FUR-FU-10000018,100,20
TEC-EPS-10001644,100,20
TEC-STA-10002497,100,20
FUR-CH-10001607,100,20
OFF-AR-10003962,100,20
OFF-SU-10003483,100,20
OFF-SU-10001840,100,20
OFF-CAM-10000192,100,20
TEC-BRO-10004328,100,20
OFF-AR-10000401,100,20
OFF-AP-10001076,100,20
FUR-FU-10002699,100,20
TEC-MA-10001546,100,20
OFF-ST-10003994,100,20
TEC-SAN-10003793,100,20
OFF-PA-10002033,100,20
OFF-BI-10001621,100,20
OFF-ST-10002161,100,20
OFF-FA-10003546,100,20
OFF-EN-10003422,100,20
OFF-ADV-10004228,100,20
FUR-FU-10004288,100,20
FUR-FU-10002017,100,20
FUR-BO-10001753,100,20
OFF-EN-10000904,100,20
OFF-FA-10002637,100,20
OFF-ST-10000806,100,20
FUR-FU-10000521,100,20
OFF-SU-10000113,100,20
TEC-AC-10001792,100,20
TEC-BRO-10000663,100,20
OFF-TEN-10000433,100,20
TEC-AC-10000342,100,20
FUR-BO-10000670,100,20
TEC-MA-10003868,100,20
OFF-ST-10000563,100,20
OFF-BRE-10000448,100,20
OFF-SU-10001633,100,20
TEC-AC-10001030,100,20
FUR-CH-10000187,100,20
OFF-SU-10001512,100,20
TEC-MA-10003349,100,20
OFF-FA-10003727,100,20
OFF-FA-10000907,100,20
FUR-SAF-10002253,100,20
TEC-NOK-10001058,100,20
TEC-PH-10003254,100,20
TEC-CO-10003678,100,20
TEC-PH-10004825,100,20
OFF-EN-10001993,100,20
OFF-PA-10002755,100,20
OFF-AP-10001154,100,20
FUR-FU-10000222,100,20
OFF-ST-10000580,100,20
OFF-PA-10003796,100,20
OFF-EN-10002961,100,20
OFF-EN-10000428,100,20
FUR-FU-10001557,100,20
OFF-AP-10000891,100,20
OFF-SME-10003530,100,20
OFF-AR-10001244,100,20
OFF-AR-10002115,100,20
TEC-PH-10004871,100,20
OFF-EN-10001669,100,20
OFF-AP-10003043,100,20
OFF-ST-10000362,100,20
TEC-BRO-10004178,100,20
OFF-PA-10001595,100,20
OFF-AR-10004519,100,20
OFF-EN-10002789,100,20
OFF-SU-10004696,100,20
OFF-ST-10001342,100,20
TEC-PAN-10000131,100,20
TEC-APP-10000530,100,20
TEC-PH-10004404,100,20
FUR-CH-10001374,100,20
OFF-EN-10003332,100,20
FUR-FU-10004289,100,20
OFF-BI-10003705,100,20
OFF-AR-10001232,100,20
TEC-PH-10004714,100,20
OFF-LA-10001187,100,20
OFF-HOO-10001248,100,20
OFF-BIN-10001715,100,20
OFF-SU-10001421,100,20
OFF-SU-10000304,100,20
OFF-ST-10004228,100,20
OFF-BI-10001456,100,20
FUR-HON-10001627,100,20
FUR-HAR-10002328,100,20
OFF-EN-10003685,100,20
OFF-FA-10003990,100,20
OFF-AP-10000576,100,20
TEC-MEM-10000723,100,20
FUR-HON-10002424,100,20
OFF-PA-10000194,100,20
OFF-FA-10002017,100,20
OFF-PA-10000824,100,20
FUR-ADV-10000002,100,20
FUR-TA-10004086,100,20
TEC-SAN-10004181,100,20
FUR-CH-10003623,100,20
OFF-EN-10001771,100,20
OFF-AP-10004869,100,20
TEC-MA-10003796,100,20
FUR-TA-10003748,100,20
OFF-BI-10003934,100,20
FUR-CH-10000608,100,20
OFF-PA-10002811,100,20
TEC-AC-10004683,100,20
OFF-ST-10003692,100,20
OFF-PA-10004381,100,20
TEC-MOT-10004345,100,20
TEC-AC-10001636,100,20
FUR-CH-10002372,100,20
OFF-GRE-10000492,100,20
OFF-AR-10000655,100,20
FUR-FU-10004608,100,20
OFF-LA-10003967,100,20
TEC-MA-10001966,100,20
OFF-AP-10003758,100,20
OFF-SU-10003803,100,20
TEC-PH-10001084,100,20
OFF-KIT-10003990,100,20
FUR-BUS-10004622,100,20
TEC-ENE-10000995,100,20
OFF-BI-10004042,100,20
TEC-MA-10004842,100,20
FUR-BO-10004917,100,20
OFF-SU-10000272,100,20
OFF-ROG-10004646,100,20
OFF-BI-10000232,100,20
TEC-CO-10001177,100,20
FUR-CH-10003621,100,20
OFF-AP-10002134,100,20
TEC-MA-10003632,100,20
OFF-BI-10004651,100,20
OFF-FA-10000146,100,20
FUR-OFF-10001187,100,20
OFF-CUI-10002506,100,20
OFF-AR-10002706,100,20
TEC-AC-10003343,100,20
OFF-PA-10002516,100,20
TEC-CO-10001628,100,20
OFF-FA-10001213,100,20
TEC-NOK-10004541,100,20
TEC-MA-10001922,100,20
OFF-SU-10002962,100,20
OFF-AR-10000307,100,20
OFF-SU-10003357,100,20
TEC-AC-10002795,100,20
OFF-EN-10003455,100,20
OFF-BI-10003007,100,20
TEC-PH-10004901,100,20
OFF-SU-10004279,100,20
TEC-PH-10002586,100,20
OFF-AP-10001805,100,20
OFF-BI-10004078,100,20
OFF-EN-10004885,100,20
OFF-LA-10003551,100,20
TEC-PH-10001750,100,20
OFF-KIT-10000964,100,20
OFF-AME-10001009,100,20
OFF-KIT-10001791,100,20
FUR-CH-10000336,100,20
OFF-BI-10003373,100,20
OFF-AR-10001405,100,20
FUR-FU-10003012,100,20
FUR-FU-10002407,100,20
OFF-PA-10002231,100,20
OFF-ST-10001597,100,20
OFF-FA-10001051,100,20
OFF-EN-10003885,100,20
OFF-ST-10001824,100,20
TEC-AC-10003951,100,20
OFF-SU-10001686,100,20
FUR-FU-10003975,100,20
TEC-HEW-10001558,100,20
TEC-AC-10002629,100,20
OFF-ST-10004695,100,20
OFF-EN-10003049,100,20
FUR-FU-10001718,100,20
TEC-AC-10003610,100,20
FUR-FU-10001161,100,20
OFF-EN-10001854,100,20
OFF-AR-10000079,100,20
FUR-BO-10003905,100,20
OFF-BI-10003025,100,20
OFF-PA-10003465,100,20
TEC-AC-10002942,100,20
FUR-FU-10003773,100,20
TEC-SAN-10002954,100,20
OFF-PA-10003002,100,20
OFF-BI-10003068,100,20
OFF-EN-10003087,100,20
OFF-FA-10002759,100,20
TEC-AC-10003023,100,20
OFF-PA-10004294,100,20
OFF-SU-10001074,100,20
OFF-ST-10003641,100,20
FUR-FU-10001130,100,20
FUR-FU-10000514,100,20
OFF-ST-10002834,100,20
OFF-AR-10004009,100,20
OFF-ST-10002250,100,20
OFF-HAM-10003628,100,20
OFF-ROG-10001372,100,20
TEC-SAN-10000235,100,20
FUR-IKE-10003771,100,20
OFF-AP-10002165,100,20
OFF-ST-10003810,100,20
OFF-PA-10000758,100,20
OFF-ELI-10002160,100,20
OFF-SU-10003229,100,20
OFF-FA-10003505,100,20
FUR-FU-10002292,100,20
FUR-CH-10003061,100,20
FUR-FU-10002874,100,20
FUR-FU-10002784,100,20
OFF-AP-10001797,100,20
OFF-EN-10002926,100,20
OFF-SU-10003211,100,20
TEC-AC-10004811,100,20
TEC-MA-10004954,100,20
TEC-AC-10003889,100,20
OFF-SU-10001535,100,20
OFF-ST-10000649,100,20
OFF-ST-10003638,100,20
FUR-TEN-10000986,100,20
TEC-PH-10003636,100,20
OFF-AR-10002145,100,20
OFF-FA-10000429,100,20
FUR-FU-10003424,100,20
FUR-SAF-10004664,100,20
OFF-KRA-10000492,100,20
OFF-BI-10001987,100,20
TEC-AC-10000575,100,20
OFF-PA-10004160,100,20
OFF-SU-10003511,100,20
FUR-CH-10000391,100,20
FUR-CH-10002647,100,20
OFF-AP-10004785,100,20
FUR-HAR-10002546,100,20
TEC-ENE-10000817,100,20
OFF-AR-10004594,100,20
FUR-FU-10004460,100,20
FUR-BO-10004445,100,20
FUR-FU-10000548,100,20
FUR-TA-10001359,100,20
OFF-ST-10004293,100,20
TEC-AC-10004117,100,20
TEC-PH-10001664,100,20
TEC-AC-10000170,100,20
OFF-SU-10004462,100,20
FUR-CH-10003956,100,20
OFF-ST-10002554,100,20
OFF-SU-10002342,100,20
OFF-EN-10004667,100,20
TEC-PH-10003847,100,20
TEC-MA-10001711,100,20
TEC-AC-10000887,100,20
OFF-AR-10000989,100,20
TEC-PH-10001615,100,20
OFF-SU-10002357,100,20
OFF-PA-10001523,100,20
TEC-CO-10004689,100,20
OFF-PA-10000026,100,20
TEC-AC-10004708,100,20
TEC-PH-10000673,100,20
OFF-KIT-10000624,100,20
OFF-AR-10001053,100,20
OFF-SU-10000192,100,20
OFF-PA-10001656,100,20
OFF-AP-10003477,100,20
TEC-AC-10001055,100,20
OFF-BI-10001192,100,20
OFF-PA-10002319,100,20
FUR-CH-10004860,100,20
TEC-HEW-10004833,100,20
OFF-TEN-10003089,100,20
FUR-FU-10002521,100,20
OFF-FA-10001520,100,20
OFF-AR-10001602,100,20
OFF-FA-10002965,100,20
OFF-LA-10003119,100,20
TEC-CIS-10001938,100,20
TEC-STA-10003065,100,20
OFF-AR-10004492,100,20
OFF-FA-10004605,100,20
TEC-AC-10002017,100,20
OFF-PA-10002196,100,20
OFF-PA-10003303,100,20
FUR-CH-10000553,100,20
OFF-PA-10000919,100,20
TEC-AC-10001013,100,20
OFF-AR-10001495,100,20
FUR-FU-10003918,100,20
OFF-BI-10002682,100,20
OFF-BI-10003919,100,20
OFF-PA-10003699,100,20
TEC-SAM-10003520,100,20
OFF-PA-10002767,100,20
OFF-BI-10004924,100,20
TEC-AC-10000929,100,20
TEC-AC-10004353,100,20
FUR-HON-10001622,100,20
OFF-STI-10003148,100,20
OFF-EN-10001870,100,20
OFF-PA-10003981,100,20
OFF-ST-10001890,100,20
TEC-AC-10001539,100,20
OFF-AP-10003842,100,20
OFF-FA-10003991,100,20
TEC-PH-10003075,100,20
FUR-FU-10000308,100,20
OFF-PA-10001357,100,20
FUR-NOV-10002939,100,20
TEC-BEL-10001391,100,20
FUR-DEF-10000720,100,20
OFF-BI-10004220,100,20
OFF-SU-10000822,100,20
TEC-PH-10001014,100,20
OFF-AR-10003012,100,20
FUR-CH-10001270,100,20
TEC-NOK-10003560,100,20
OFF-CUI-10003670,100,20
OFF-PA-10002925,100,20
OFF-BI-10001183,100,20
OFF-SU-10000294,100,20
OFF-SU-10002152,100,20
OFF-SU-10002344,100,20
TEC-PH-10004093,100,20
FUR-FU-10002485,100,20
OFF-ST-10000028,100,20
OFF-EN-10002372,100,20
OFF-ST-10001050,100,20
FUR-FU-10004704,100,20
OFF-AP-10003217,100,20
OFF-EN-10003055,100,20
TEC-AC-10000244,100,20
OFF-ST-10004377,100,20
OFF-SU-10001992,100,20
FUR-FU-10001366,100,20
TEC-PH-10002564,100,20
OFF-ST-10001631,100,20
OFF-ST-10004496,100,20
OFF-PA-10004530,100,20
OFF-ST-10002574,100,20
FUR-BO-10003438,100,20
TEC-PH-10001329,100,20
TEC-AC-10003103,100,20
OFF-EN-10003858,100,20
OFF-PA-10004946,100,20
TEC-PH-10001819,100,20
OFF-PA-10002960,100,20
OFF-ACM-10003715,100,20
OFF-EN-10003728,100,20
OFF-ST-10002539,100,20
OFF-ST-10002759,100,20
FUR-FU-10001169,100,20
OFF-ST-10004464,100,20
OFF-SU-10002412,100,20
FUR-CH-10003180,100,20
OFF-PA-10002966,100,20
FUR-CH-10003706,100,20
OFF-FA-10004310,100,20
FUR-FU-10000907,100,20
OFF-SU-10000810,100,20
FUR-FU-10003325,100,20
OFF-SU-10002566,100,20
TEC-AC-10001705,100,20
OFF-AR-10001068,100,20
OFF-PA-10004930,100,20
FUR-FU-10001986,100,20
OFF-AR-10001953,100,20
OFF-EN-10003567,100,20
OFF-AR-10002605,100,20
FUR-CH-10004054,100,20
OFF-PA-10001086,100,20
OFF-BI-10002061,100,20
TEC-OKI-10000794,100,20
FUR-CH-10001914,100,20
TEC-AC-10001756,100,20
OFF-ST-10002172,100,20
TEC-PH-10001433,100,20
OFF-SAN-10004706,100,20
TEC-AC-10001735,100,20
OFF-EN-10002491,100,20
OFF-EN-10004518,100,20
FUR-FU-10003384,100,20
TEC-PH-10000494,100,20
OFF-EN-10004150,100,20
TEC-AC-10001402,100,20
OFF-PA-10001497,100,20
FUR-FU-10003651,100,20
OFF-FA-10001800,100,20
OFF-EN-10003463,100,20
OFF-AR-10003536,100,20
FUR-FU-10003039,100,20
OFF-XER-10004519,100,20
TEC-CO-10001450,100,20
OFF-PA-10003395,100,20
TEC-PH-10001304,100,20
OFF-BI-10002459,100,20
FUR-FU-10000972,100,20
TEC-CO-10003362,100,20
OFF-SU-10001343,100,20
OFF-BIC-10003841,100,20
OFF-ELD-10002297,100,20
FUR-FU-10001667,100,20
OFF-LA-10001915,100,20
OFF-ST-10001478,100,20
OFF-AR-10000283,100,20
OFF-LA-10003444,100,20
OFF-AP-10004487,100,20
OFF-PA-10000740,100,20
OFF-STI-10001957,100,20
OFF-AP-10002753,100,20
OFF-FA-10000790,100,20
OFF-EN-10000694,100,20
FUR-CH-10004506,100,20
TEC-AC-10002014,100,20
FUR-FU-10004712,100,20
TEC-PH-10002121,100,20
OFF-AR-10003021,100,20
OFF-FA-10001086,100,20
FUR-BO-10001580,100,20
OFF-PA-10003805,100,20
OFF-PA-10004243,100,20
OFF-ST-10003282,100,20
TEC-AC-10003047,100,20
OFF-BI-10003774,100,20
OFF-BI-10004666,100,20
OFF-PA-10002930,100,20
OFF-EN-10002986,100,20
TEC-MOT-10001342,100,20
FUR-TEN-10003552,100,20
FUR-ADV-10004159,100,20
TEC-BEL-10004386,100,20
TEC-CO-10002657,100,20
OFF-LA-10001471,100,20
FUR-BO-10001483,100,20
OFF-FA-10001783,100,20
OFF-SU-10003515,100,20
FUR-CH-10003512,100,20
OFF-PA-10000476,100,20
OFF-SU-10004784,100,20
OFF-PA-10001461,100,20
TEC-SHA-10002034,100,20
OFF-FA-10001030,100,20
OFF-LA-10004964,100,20
OFF-EN-10003103,100,20
OFF-PA-10004187,100,20
FUR-HAR-10000100,100,20
FUR-HAR-10002632,100,20
OFF-SU-10003879,100,20
OFF-SU-10003126,100,20
OFF-AR-10004348,100,20
OFF-ST-10003858,100,20
OFF-BI-10001138,100,20
OFF-ST-10003012,100,20
FUR-CH-10002965,100,20
FUR-ADV-10000571,100,20
OFF-BI-10001089,100,20
FUR-FU-10000072,100,20
OFF-ST-10001648,100,20
OFF-EN-10004462,100,20
FUR-CH-10003822,100,20
FUR-FU-10000647,100,20
OFF-ST-10004432,100,20
TEC-AC-10000023,100,20
TEC-PAN-10002583,100,20
TEC-AC-10003052,100,20
TEC-MA-10000327,100,20
OFF-EN-10001449,100,20
FUR-FU-10003052,100,20
TEC-AC-10002833,100,20
OFF-FA-10002617,100,20
FUR-HAR-10000441,100,20
OFF-HON-10000278,100,20
OFF-AR-10001192,100,20
TEC-MA-10002779,100,20
FUR-FU-10004960,100,20
OFF-EAT-10004979,100,20
FUR-ADV-10000183,100,20
OFF-PA-10004411,100,20
OFF-AP-10001682,100,20
TEC-AC-10000097,100,20
OFF-LA-10003851,100,20
OFF-SU-10003535,100,20
OFF-AR-10003774,100,20
TEC-AC-10003063,100,20
FUR-BO-10001337,100,20
OFF-PA-10003302,100,20
OFF-EN-10003673,100,20
TEC-AC-10001639,100,20
FUR-FU-10000657,100,20
OFF-SU-10000289,100,20
TEC-SAN-10004215,100,20
OFF-ELI-10004597,100,20
OFF-AR-10002882,100,20
FUR-CH-10004387,100,20
TEC-AC-10003920,100,20
OFF-EN-10000835,100,20
FUR-CH-10000852,100,20
TEC-MA-10003698,100,20
OFF-LA-10000590,100,20
OFF-AR-10001862,100,20
OFF-AR-10001773,100,20
TEC-AC-10004566,100,20
FUR-CH-10001191,100,20
FUR-RUB-10004420,100,20
OFF-AR-10001879,100,20
FUR-FU-10004509,100,20
OFF-PA-10002394,100,20
FUR-CH-10002880,100,20
OFF-PA-10001033,100,20
OFF-AP-10000240,100,20
OFF-PA-10000393,100,20
FUR-FU-10001640,100,20
TEC-PH-10004272,100,20
OFF-EN-10002936,100,20
TEC-AC-10004604,100,20
FUR-FU-10004617,100,20
FUR-CH-10003697,100,20
FUR-CH-10003982,100,20
OFF-SU-10002649,100,20
FUR-CH-10004049,100,20
FUR-FU-10003336,100,20
FUR-FU-10000758,100,20
OFF-FIS-10004915,100,20
TEC-AC-10003548,100,20
OFF-AR-10003766,100,20
FUR-CH-10000996,100,20
OFF-FA-10002453,100,20
OFF-SU-10003582,100,20
FUR-FU-10004236,100,20
TEC-AC-10004054,100,20
FUR-CH-10000422,100,20
OFF-PA-10001712,100,20
TEC-SAN-10004027,100,20
TEC-ENE-10002254,100,20
OFF-AR-10003005,100,20
TEC-MA-10004822,100,20
OFF-PA-10001790,100,20
OFF-EAT-10002068,100,20
OFF-EN-10003111,100,20
TEC-AC-10004801,100,20
FUR-CH-10003559,100,20
TEC-PH-10000070,100,20
TEC-PH-10001699,100,20
OFF-CUI-10002314,100,20
OFF-SME-10004926,100,20
OFF-SAN-10001114,100,20
FUR-CH-10002542,100,20
OFF-LA-10002805,100,20
OFF-AR-10001759,100,20
TEC-MA-10004059,100,20
OFF-AR-10000179,100,20
TEC-PH-10003092,100,20
FUR-TA-10001520,100,20
TEC-MEM-10000312,100,20
OFF-SU-10001578,100,20
OFF-BI-10000340,100,20
OFF-GRE-10002738,100,20
TEC-SAM-10001935,100,20
OFF-ST-10002685,100,20
OFF-EN-10003544,100,20
TEC-AC-10001728,100,20
OFF-FA-10001698,100,20
OFF-EN-10004503,100,20
OFF-EN-10002757,100,20
OFF-AR-10002256,100,20
OFF-PA-10002764,100,20
TEC-HP -10004012,100,20
FUR-FU-10004915,100,20
OFF-BI-10000029,100,20
FUR-FU-10000481,100,20
OFF-PA-10004761,100,20
TEC-AC-10000494,100,20
OFF-PA-10003350,100,20
OFF-EN-10001029,100,20
TEC-AC-10001542,100,20
TEC-AC-10004396,100,20
OFF-PA-10001001,100,20
FUR-ADV-10002632,100,20
OFF-HAM-10002455,100,20
TEC-NOK-10003034,100,20
OFF-ENE-10002104,100,20
OFF-BI-10003579,100,20
OFF-PA-10004849,100,20
OFF-SU-10003474,100,20
OFF-ST-10002659,100,20
TEC-MA-10002471,100,20
OFF-BI-10004179,100,20
TEC-MA-10002981,100,20
TEC-AC-10000158,100,20
FUR-FU-10000620,100,20
FUR-BO-10000684,100,20
OFF-BI-10002734,100,20
OFF-EN-10002002,100,20
FUR-CH-10000225,100,20
FUR-FU-10004091,100,20
FUR-IKE-10003262,100,20
TEC-STA-10001232,100,20
TEC-MA-10001302,100,20
FUR-FU-10001317,100,20
TEC-AC-10001076,100,20
TEC-CO-10002998,100,20
OFF-PA-10003994,100,20
OFF-AR-10000539,100,20
FUR-CH-10004089,100,20
OFF-AR-10004552,100,20
FUR-FU-10001979,100,20
OFF-BRE-10004310,100,20
FUR-TEN-10002448,100,20
OFF-KRA-10004192,100,20
FUR-FU-10003297,100,20
OFF-ST-10003750,100,20
OFF-AR-10003245,100,20
FUR-CH-10001043,100,20
OFF-PA-10003878,100,20
OFF-AR-10000054,100,20
TEC-AC-10003217,100,20
TEC-MA-10004975,100,20
OFF-PA-10000062,100,20
FUR-BO-10002471,100,20
OFF-LA-10002323,100,20
OFF-LA-10001188,100,20
OFF-FA-10003437,100,20
OFF-AR-10002747,100,20
FUR-FU-10002250,100,20
OFF-ELD-10002199,100,20
TEC-BRO-10002103,100,20
OFF-CAM-10004338,100,20
OFF-PA-10000756,100,20
OFF-SU-10002785,100,20
TEC-AC-10002130,100,20
OFF-FA-10003668,100,20
OFF-STO-10002803,100,20
OFF-KIT-10003938,100,20
TEC-CAN-10004166,100,20
OFF-EN-10002396,100,20
OFF-EN-10003731,100,20
OFF-SU-10001879,100,20
OFF-AR-10004739,100,20
FUR-FU-10000496,100,20
OFF-FA-10002597,100,20
TEC-PAN-10000878,100,20
OFF-KRA-10004876,100,20
OFF-PA-10001115,100,20
OFF-FA-10002353,100,20
OFF-BI-10001820,100,20
OFF-EN-10002119,100,20
OFF-EN-10002592,100,20
TEC-AC-10001772,100,20
OFF-CUI-10003923,100,20
FUR-NOV-10004563,100,20
FUR-CH-10002882,100,20
TEC-MA-10000946,100,20
OFF-PA-10001858,100,20
OFF-AP-10001882,100,20
OFF-PA-10002585,100,20
FUR-FU-10000448,100,20
FUR-HON-10002599,100,20
OFF-ST-10000711,100,20
FUR-CH-10001282,100,20
OFF-FA-10001348,100,20
FUR-FU-10003552,100,20
TEC-PH-10000439,100,20
OFF-AP-10000390,100,20
TEC-STA-10000546,100,20
OFF-FEL-10003785,100,20
FUR-SAU-10003188,100,20
TEC-APP-10002310,100,20
OFF-FA-10003930,100,20
OFF-PA-10000453,100,20
FUR-FU-10002305,100,20
OFF-SU-10001689,100,20
OFF-AR-10001645,100,20
TEC-AC-10001956,100,20
TEC-AC-10004429,100,20
TEC-AC-10000431,100,20
OFF-EN-10003936,100,20
OFF-PA-10002477,100,20
OFF-ST-10004583,100,20
OFF-AR-10002847,100,20
OFF-SU-10001406,100,20
TEC-SAN-10000260,100,20
OFF-ROG-10000566,100,20
FUR-CH-10004194,100,20
FUR-FU-10000516,100,20
TEC-AC-10001908,100,20
FUR-FU-10001588,100,20
TEC-AC-10002473,100,20
OFF-ACM-10004669,100,20
TEC-LOG-10003254,100,20
FUR-BO-10000148,100,20
OFF-LA-10001831,100,20
OFF-PA-10000301,100,20
OFF-PA-10003338,100,20
OFF-FA-10002011,100,20
OFF-PA-10004151,100,20
FUR-FU-10002508,100,20
TEC-MOT-10002372,100,20
OFF-EN-10001647,100,20
TEC-PH-10002623,100,20
OFF-LA-10000157,100,20
OFF-ST-10004280,100,20
OFF-AP-10004980,100,20
OFF-PA-10003591,100,20
OFF-AR-10003247,100,20
OFF-SU-10003509,100,20
FUR-CH-10000603,100,20
OFF-SU-10000618,100,20
TEC-AC-10004812,100,20
OFF-EN-10002465,100,20
FUR-CH-10003248,100,20
OFF-SU-10001308,100,20
OFF-SU-10000496,100,20
FUR-CH-10003580,100,20
OFF-AR-10004344,100,20
OFF-PA-10001125,100,20
FUR-TEN-10004388,100,20
FUR-RUB-10001310,100,20
OFF-FA-10001128,100,20
OFF-ST-10003997,100,20
FUR-CH-10000788,100,20
TEC-CO-10001968,100,20
OFF-EN-10004649,100,20
OFF-FA-10000191,100,20
OFF-AR-10000467,100,20
OFF-EN-10003933,100,20
FUR-CH-10002288,100,20
FUR-FU-10002813,100,20
OFF-BI-10003876,100,20
TEC-PH-10002890,100,20
TEC-HP -10002095,100,20
OFF-SME-10004370,100,20
OFF-AR-10003630,100,20
FUR-FU-10002459,100,20
OFF-ST-10000798,100,20
OFF-ST-10002205,100,20
OFF-ELI-10003732,100,20
FUR-FU-10001711,100,20
TEC-PH-10001651,100,20
TEC-MA-10002149,100,20
OFF-FA-10000349,100,20
OFF-SU-10001731,100,20
OFF-ST-10000736,100,20
OFF-PA-10001370,100,20
OFF-AR-10004486,100,20
OFF-ST-10002119,100,20
OFF-PA-10002606,100,20
FUR-SAF-10003540,100,20
FUR-NOV-10000283,100,20
TEC-KON-10001017,100,20
OFF-PA-10003039,100,20
OFF-EN-10004404,100,20
OFF-SU-10000695,100,20
OFF-PA-10003499,100,20
FUR-CH-10000258,100,20
OFF-PA-10004379,100,20
OFF-ST-10001186,100,20
OFF-EN-10002679,100,20
OFF-LA-10003674,100,20
OFF-FA-10002900,100,20
OFF-PA-10001952,100,20
OFF-ST-10003123,100,20
TEC-SHA-10002696,100,20
OFF-STI-10003234,100,20
OFF-SU-10003801,100,20
FUR-CH-10003362,100,20
OFF-PA-10001531,100,20
OFF-BI-10002627,100,20
OFF-AR-10004918,100,20
TEC-SAN-10002477,100,20
TEC-BRO-10003986,100,20
OFF-AP-10003079,100,20
FUR-FU-10001078,100,20
OFF-AR-10001132,100,20
FUR-CH-10004913,100,20
OFF-HAM-10001387,100,20
TEC-HEW-10000365,100,20
OFF-STA-10001968,100,20
OFF-AR-10003989,100,20
OFF-FA-10002071,100,20
OFF-LA-10000471,100,20
OFF-PA-10002581,100,20
FUR-FU-10003623,100,20
OFF-AP-10001205,100,20
OFF-BI-10002133,100,20
TEC-BEL-10002678,100,20
OFF-ENE-10003274,100,20
OFF-HAM-10001712,100,20
TEC-HEW-10004652,100,20
TEC-AC-10003964,100,20
TEC-MA-10003332,100,20
OFF-SU-10003556,100,20
OFF-BI-10004741,100,20
OFF-FA-10000059,100,20
TEC-AC-10002323,100,20
OFF-EN-10003628,100,20
OFF-AR-10003096,100,20
OFF-ST-10001743,100,20
OFF-PA-10000167,100,20
OFF-BI-10003091,100,20
OFF-GLO-10002315,100,20
OFF-FA-10004374,100,20
TEC-AC-10004620,100,20
OFF-AR-10004362,100,20
TEC-AC-10002581,100,20
OFF-PA-10001720,100,20
TEC-CO-10001726,100,20
OFF-PA-10003232,100,20
TEC-CO-10001222,100,20
FUR-CH-10002940,100,20
OFF-PA-10001450,100,20
TEC-SAM-10003493,100,20
OFF-ST-10000718,100,20
OFF-FA-10003531,100,20
TEC-AC-10002243,100,20
OFF-AP-10000304,100,20
TEC-ENE-10004520,100,20
FUR-ELD-10004515,100,20
FUR-CH-10004755,100,20
TEC-AC-10001172,100,20
OFF-EN-10001202,100,20
OFF-EN-10004977,100,20
FUR-FU-10004995,100,20
OFF-BI-10000359,100,20
TEC-AC-10003590,100,20
OFF-ST-10004946,100,20
TEC-OKI-10004735,100,20
OFF-AR-10002650,100,20
FUR-CH-10004547,100,20
FUR-FU-10000975,100,20
TEC-PH-10004578,100,20
OFF-EN-10000938,100,20
FUR-FU-10003276,100,20
OFF-AR-10004260,100,20
TEC-PH-10002867,100,20
TEC-PH-10001602,100,20
FUR-FU-10003447,100,20
OFF-BI-10001049,100,20
OFF-BI-10001575,100,20
TEC-EPS-10001473,100,20
OFF-BRE-10001343,100,20
TEC-AC-10003970,100,20
FUR-CH-10000667,100,20
OFF-AR-10000409,100,20
OFF-BI-10004376,100,20
OFF-AP-10002191,100,20
TEC-NOK-10001282,100,20
FUR-CH-10001819,100,20
OFF-SU-10002466,100,20
FUR-FU-10002104,100,20
FUR-FU-10001452,100,20
OFF-PA-10004337,100,20
TEC-PH-10001527,100,20
FUR-CH-10003298,100,20
OFF-EAT-10003702,100,20
TEC-LOG-10000546,100,20
OFF-SAN-10001542,100,20
OFF-BI-10004969,100,20
FUR-CH-10000745,100,20
OFF-BI-10004986,100,20
OFF-SU-10004077,100,20
FUR-BO-10001369,100,20
TEC-AC-10003690,100,20
OFF-AR-10000785,100,20
FUR-FU-10000735,100,20
OFF-PA-10002611,100,20
OFF-AP-10000692,100,20
FUR-IKE-10000619,100,20
TEC-ENE-10003090,100,20
OFF-BI-10002465,100,20
OFF-AR-10001598,100,20
OFF-PA-10000705,100,20
FUR-TA-10000304,100,20
OFF-FA-10002790,100,20
OFF-AR-10004748,100,20
TEC-PH-10004833,100,20
OFF-FA-10000067,100,20
TEC-PH-10004188,100,20
OFF-BI-10003372,100,20
OFF-EN-10004870,100,20
OFF-ST-10004060,100,20
OFF-EN-10003737,100,20
FUR-CH-10004306,100,20
OFF-EN-10004473,100,20
OFF-BI-10004181,100,20
TEC-MEM-10000178,100,20
OFF-FA-10000447,100,20
OFF-PA-10004835,100,20
OFF-AR-10003684,100,20
OFF-SU-10004514,100,20
OFF-PA-10002421,100,20
TEC-BEL-10000681,100,20
FUR-FU-10004596,100,20
OFF-ST-10003344,100,20
OFF-LA-10001549,100,20
OFF-FIS-10001591,100,20
OFF-EAT-10004036,100,20
TEC-BRO-10002579,100,20
OFF-FIS-10004155,100,20
OFF-KLE-10000050,100,20
TEC-KON-10003726,100,20
OFF-EN-10003675,100,20
OFF-FA-10000856,100,20
OFF-BI-10001744,100,20
FUR-CH-10002961,100,20
TEC-SAM-10003538,100,20
TEC-PAN-10002454,100,20
OFF-AR-10001777,100,20
OFF-ST-10001999,100,20
OFF-AR-10003228,100,20
OFF-PA-10000806,100,20
OFF-ST-10001627,100,20
FUR-ADV-10000108,100,20
OFF-ST-10000127,100,20
OFF-EN-10004744,100,20
OFF-AR-10001074,100,20
OFF-LA-10002770,100,20
TEC-PH-10001300,100,20
TEC-AC-10001284,100,20
TEC-OKI-10000592,100,20
OFF-SU-10002402,100,20
TEC-PH-10004237,100,20
TEC-CO-10003370,100,20
OFF-ST-10004368,100,20
OFF-ST-10004793,100,20
OFF-SU-10002653,100,20
FUR-FU-10004780,100,20
OFF-SU-10004008,100,20
OFF-PA-10000721,100,20
OFF-EN-10003920,100,20
OFF-BI-10002711,100,20
FUR-TEN-10000377,100,20
TEC-AC-10003927,100,20
OFF-EN-10002674,100,20
OFF-SU-10004818,100,20
OFF-FA-10002728,100,20
OFF-ST-10000892,100,20
FUR-FU-10004090,100,20
OFF-SU-10004884,100,20
FUR-FU-10003268,100,20
TEC-KON-10003116,100,20
TEC-AC-10002749,100,20
OFF-BI-10002727,100,20
FUR-CH-10003062,100,20
OFF-LA-10000341,100,20
OFF-EN-10000645,100,20
FUR-OFF-10002511,100,20
FUR-CH-10000136,100,20
OFF-BI-10002190,100,20
FUR-CH-10002938,100,20
OFF-SU-10003191,100,20
OFF-PA-10001289,100,20
TEC-BEL-10001971,100,20
TEC-LOG-10002218,100,20
OFF-ELI-10002935,100,20
TEC-AC-10001407,100,20
OFF-ST-10000423,100,20
FUR-CH-10003195,100,20
OFF-EN-10002816,100,20
FUR-CH-10000105,100,20
OFF-PA-10002842,100,20
OFF-SU-10000707,100,20
OFF-AR-10000465,100,20
OFF-BI-10001543,100,20
OFF-LA-10003498,100,20
FUR-FU-10000747,100,20
OFF-CAM-10004790,100,20
TEC-EPS-10004171,100,20
FUR-TEN-10002418,100,20
FUR-FU-10003112,100,20
TEC-PH-10001846,100,20
OFF-SU-10003758,100,20
OFF-PA-10003875,100,20
OFF-BI-10001058,100,20
OFF-ST-10003088,100,20
OFF-ST-10004897,100,20
TEC-EPS-10004328,100,20
TEC-AC-10000883,100,20
OFF-PA-10000644,100,20
OFF-AR-10003691,100,20
OFF-SU-10004480,100,20
OFF-PA-10002338,100,20
OFF-PA-10002918,100,20
OFF-SU-10000171,100,20
OFF-PA-10003784,100,20
OFF-ST-10000777,100,20
OFF-KLE-10002340,100,20
TEC-HEW-10001074,100,20
OFF-EN-10002015,100,20
OFF-PA-10000344,100,20
OFF-EN-10000056,100,20
TEC-AC-10004568,100,20
OFF-PA-10000108,100,20
OFF-SU-10001125,100,20
FUR-FU-10004096,100,20
OFF-EN-10001882,100,20
OFF-BI-10003963,100,20
OFF-STI-10001955,100,20
OFF-PA-10003911,100,20
OFF-ST-10002670,100,20
OFF-SU-10004899,100,20
TEC-AC-10000284,100,20
OFF-ST-10004804,100,20
FUR-CH-10002017,100,20
FUR-ELD-10000963,100,20
OFF-GRE-10002561,100,20
FUR-DEF-10000065,100,20
OFF-BI-10000813,100,20
OFF-PA-10003571,100,20
OFF-EAT-10000854,100,20
FUR-CH-10003448,100,20
TEC-AC-10002901,100,20
FUR-CH-10000727,100,20
OFF-AR-10002902,100,20
OFF-AR-10001479,100,20
OFF-BI-10004185,100,20
OFF-JIF-10000375,100,20
FUR-FU-10001436,100,20
OFF-EN-10000890,100,20
OFF-EN-10004597,100,20
OFF-PA-10001236,100,20
TEC-PH-10001845,100,20
TEC-PH-10002350,100,20
OFF-AME-10004651,100,20
OFF-SU-10003137,100,20
OFF-EN-10000025,100,20
OFF-AR-10003450,100,20
OFF-AR-10000399,100,20
TEC-CO-10000269,100,20
OFF-PA-10000383,100,20
OFF-AP-10000382,100,20
OFF-GLO-10003496,100,20
OFF-AME-10001179,100,20
OFF-BIN-10000170,100,20
OFF-JIF-10003677,100,20
FUR-FU-10004998,100,20
OFF-ELI-10004427,100,20
FUR-DEF-10004141,100,20
OFF-BI-10003952,100,20
OFF-AP-10000261,100,20
TEC-CO-10004147,100,20
OFF-SU-10003259,100,20
OFF-FA-10003378,100,20
OFF-EN-10003520,100,20
OFF-EN-10003425,100,20
FUR-CH-10001658,100,20
FUR-CH-10004783,100,20
OFF-AR-10003446,100,20
OFF-LA-10000220,100,20
TEC-AC-10003133,100,20
OFF-PA-10001457,100,20
FUR-CH-10002304,100,20
FUR-HAR-10001144,100,20
TEC-PH-10002755,100,20
OFF-ST-10004367,100,20
OFF-LA-10003610,100,20
TEC-AC-10000221,100,20
FUR-CH-10004754,100,20
OFF-AR-10001338,100,20
TEC-AC-10004849,100,20
OFF-SU-10001813,100,20
OFF-PA-10001421,100,20
TEC-AC-10001553,100,20
FUR-RUB-10004285,100,20
TEC-KON-10002482,100,20
OFF-AR-10004772,100,20
OFF-FA-10003415,100,20
OFF-BI-10003031,100,20
OFF-SU-10000954,100,20
OFF-FA-10003838,100,20
FUR-CH-10003396,100,20
FUR-DAN-10002846,100,20
FUR-TEN-10003879,100,20
OFF-ROG-10001399,100,20
OFF-CAM-10002625,100,20
TEC-STA-10003925,100,20
FUR-FU-10004464,100,20
OFF-SU-10001573,100,20
OFF-LA-10000483,100,20
TEC-PH-10000576,100,20
OFF-AR-10004691,100,20
TEC-SAN-10000740,100,20
OFF-FIS-10004882,100,20
OFF-BI-10001504,100,20
OFF-PA-10004998,100,20
OFF-EN-10004988,100,20
TEC-AC-10002530,100,20
OFF-AR-10002897,100,20
OFF-EN-10000328,100,20
FUR-CH-10001262,100,20
OFF-ST-10001335,100,20
OFF-AR-10000584,100,20
OFF-AR-10000319,100,20
OFF-BI-10001266,100,20
OFF-AR-10004648,100,20
OFF-PA-10000300,100,20
FUR-FU-10000159,100,20
TEC-AC-10003400,100,20
OFF-ST-10001172,100,20
FUR-CH-10000233,100,20
OFF-PA-10002522,100,20
TEC-CO-10001560,100,20
OFF-ST-10004326,100,20
OFF-FA-10000520,100,20
OFF-SU-10004872,100,20
FUR-FU-10004283,100,20
OFF-FA-10003685,100,20
OFF-BI-10001407,100,20
TEC-AC-10000892,100,20
OFF-EN-10001047,100,20
FUR-FU-10001480,100,20
OFF-BI-10002511,100,20
OFF-EN-10003392,100,20
OFF-PA-10003449,100,20
OFF-AR-10001117,100,20
OFF-ST-10000142,100,20
TEC-OKI-10001454,100,20
FUR-FU-10003419,100,20
OFF-AP-10001847,100,20
TEC-PH-10003875,100,20
OFF-AP-10003266,100,20
TEC-STA-10002650,100,20
OFF-SU-10001515,100,20
OFF-ST-10000836,100,20
OFF-SU-10003040,100,20
FUR-TA-10002482,100,20
OFF-LA-10004487,100,20
OFF-AR-10002513,100,20
OFF-FA-10000670,100,20
OFF-AR-10001518,100,20
TEC-AC-10000057,100,20
TEC-SAM-10000779,100,20
OFF-ELD-10000151,100,20
OFF-FIS-10001549,100,20
FUR-BUS-10003368,100,20
OFF-BI-10003162,100,20
TEC-AC-10004241,100,20
OFF-AR-10002111,100,20
OFF-ST-10003455,100,20
FUR-FU-10000755,100,20
TEC-AC-10003289,100,20
OFF-BI-10004446,100,20
OFF-PA-10001722,100,20
OFF-EN-10001162,100,20
OFF-AP-10003914,100,20
OFF-PA-10004039,100,20
TEC-LOG-10001629,100,20
FUR-SAF-10001870,100,20
FUR-CH-10001130,100,20
TEC-AC-10001564,100,20
OFF-SU-10003209,100,20
OFF-EN-10003431,100,20
OFF-ST-10001858,100,20
OFF-ST-10004857,100,20
OFF-PA-10002373,100,20
OFF-AR-10001615,100,20
OFF-GLO-10000014,100,20
OFF-KRA-10002828,100,20
TEC-AC-10004939,100,20
OFF-LA-10004972,100,20
OFF-FA-10001184,100,20
OFF-PA-10003455,100,20
OFF-PA-10000061,100,20
TEC-AC-10004859,100,20
TEC-PH-10004080,100,20
FUR-ELD-10000301,100,20
TEC-AC-10004975,100,20
OFF-SU-10004658,100,20
FUR-BO-10003199,100,20
OFF-AR-10002800,100,20
OFF-PA-10001944,100,20
OFF-AR-10001030,100,20
OFF-AR-10000706,100,20
TEC-HP -10003345,100,20
FUR-OFF-10001661,100,20
FUR-CH-10004572,100,20
OFF-PA-10004842,100,20
OFF-BI-10001643,100,20
FUR-FU-10004954,100,20
OFF-PA-10004741,100,20
FUR-FU-10004006,100,20
TEC-APP-10004912,100,20
OFF-EN-10003668,100,20
OFF-PA-10001170,100,20
OFF-SU-10003456,100,20
OFF-FA-10004754,100,20
OFF-ST-10001707,100,20
OFF-ST-10004608,100,20
TEC-AC-10001465,100,20
OFF-AP-10002709,100,20
TEC-PH-10000358,100,20
FUR-FU-10002030,100,20
FUR-HON-10001558,100,20
TEC-BEL-10003177,100,20
OFF-SME-10004553,100,20
TEC-AC-10000152,100,20
TEC-MA-10003471,100,20
OFF-PA-10000354,100,20
OFF-EN-10001755,100,20
FUR-FU-10003717,100,20
OFF-EN-10000274,100,20
OFF-ST-10003121,100,20
FUR-CH-10001797,100,20
OFF-SU-10002715,100,20
TEC-AC-10003895,100,20
OFF-EN-10002434,100,20
OFF-EN-10000096,100,20
OFF-BI-10002520,100,20
OFF-ST-10000642,100,20
TEC-AC-10002167,100,20
FUR-RUB-10001094,100,20
TEC-ENE-10003801,100,20
OFF-PA-10000081,100,20
OFF-AR-10001230,100,20
OFF-ST-10002622,100,20
OFF-FA-10004257,100,20
OFF-FA-10002539,100,20
OFF-AR-10002109,100,20
FUR-FU-10002553,100,20
OFF-AR-10001955,100,20
OFF-PA-10004353,100,20
OFF-ACC-10004910,100,20
TEC-SAN-10002871,100,20
TEC-LOG-10002018,100,20
OFF-SAN-10003393,100,20
OFF-FA-10003034,100,20
TEC-MA-10004584,100,20
OFF-SU-10001618,100,20
OFF-LA-10004738,100,20
OFF-EN-10004418,100,20
OFF-PA-10001302,100,20
OFF-EN-10001749,100,20
TEC-AC-10004761,100,20
FUR-SAU-10001776,100,20
OFF-SME-10003752,100,20
OFF-SU-10004361,100,20
OFF-ST-10002271,100,20
OFF-FA-10004243,100,20
TEC-PH-10002068,100,20
OFF-ST-10003760,100,20
OFF-BI-10002881,100,20
TEC-AC-10000682,100,20
FUR-ADV-10002601,100,20
TEC-SAN-10003336,100,20
TEC-KON-10003077,100,20
OFF-AR-10003369,100,20
OFF-EN-10004956,100,20
FUR-FU-10003910,100,20
OFF-BI-10000482,100,20
OFF-ST-10003147,100,20
TEC-MA-10003856,100,20
OFF-SU-10003473,100,20
OFF-ST-10003243,100,20
OFF-PA-10000127,100,20
FUR-FU-10000076,100,20
OFF-AME-10001489,100,20
FUR-ELD-10003179,100,20
FUR-DAN-10002631,100,20
TEC-LOG-10003995,100,20
OFF-PA-10002927,100,20
OFF-PA-10001686,100,20
OFF-LA-10001170,100,20
OFF-LA-10004007,100,20
FUR-FU-10004797,100,20
OFF-AR-10004077,100,20
OFF-PA-10001246,100,20
FUR-FU-10001215,100,20
FUR-HAR-10000870,100,20
FUR-CH-10004920,100,20
OFF-FA-10001832,100,20
OFF-EN-10002313,100,20
OFF-ST-10003319,100,20
TEC-AC-10000642,100,20
FUR-FU-10000669,100,20
OFF-EN-10004773,100,20
FUR-TA-10001676,100,20
OFF-SU-10002573,100,20
TEC-ENE-10004192,100,20
FUR-ELD-10004559,100,20
TEC-APP-10004296,100,20
OFF-EN-10000258,100,20
TEC-AC-10003403,100,20
TEC-AC-10001441,100,20
OFF-LA-10002037,100,20
OFF-SU-10004316,100,20
OFF-EN-10004571,100,20
OFF-AR-10000058,100,20
TEC-PH-10000149,100,20
OFF-BI-10004716,100,20
OFF-CUI-10001060,100,20
OFF-CUI-10002413,100,20
OFF-JIF-10004450,100,20
OFF-FA-10003399,100,20
OFF-PA-10001537,100,20
TEC-PH-10004614,100,20
TEC-AC-10000896,100,20
OFF-EN-10002427,100,20
OFF-ST-10001832,100,20
TEC-AC-10000927,100,20
OFF-PA-10001295,100,20
FUR-ADV-10002889,100,20
FUR-ELD-10004973,100,20
TEC-SAM-10002682,100,20
TEC-PH-10003945,100,20
FUR-FU-10004604,100,20
OFF-PA-10001620,100,20
FUR-FU-10000422,100,20
OFF-ST-10002583,100,20
FUR-BUS-10001876,100,20
TEC-PAN-10004360,100,20
OFF-ACC-10002343,100,20
TEC-PH-10003793,100,20
OFF-AR-10001271,100,20
TEC-PH-10004823,100,20
TEC-AC-10000510,100,20
OFF-PA-10004069,100,20
OFF-PA-10000522,100,20
FUR-CH-10004540,100,20
OFF-ACM-10002301,100,20
TEC-APP-10001851,100,20
OFF-GLO-10003429,100,20
OFF-KRA-10002441,100,20
OFF-EN-10002855,100,20
OFF-AP-10001885,100,20
OFF-FA-10003605,100,20
OFF-EN-10004547,100,20
OFF-AR-10004656,100,20
TEC-AC-10002324,100,20
OFF-SU-10002543,100,20
OFF-AR-10002727,100,20
OFF-AR-10004602,100,20
FUR-SAF-10002529,100,20
OFF-KIT-10001899,100,20
OFF-PA-10003936,100,20
OFF-FA-10000131,100,20
TEC-AC-10002607,100,20
OFF-ST-10001051,100,20
OFF-PA-10000420,100,20
OFF-LA-10004648,100,20
OFF-AR-10002640,100,20
OFF-SU-10000087,100,20
OFF-AP-10004749,100,20
OFF-EN-10000673,100,20
FUR-FU-10000918,100,20
FUR-FU-10004907,100,20
OFF-SU-10004373,100,20
TEC-PH-10000004,100,20
OFF-STI-10001136,100,20
OFF-GRE-10004796,100,20
OFF-BOS-10003699,100,20
OFF-ST-10000886,100,20
OFF-SU-10000378,100,20
OFF-FA-10000256,100,20
OFF-LA-10003795,100,20
OFF-AP-10001587,100,20
OFF-EN-10000352,100,20
OFF-BI-10004448,100,20
OFF-ST-10004046,100,20
OFF-PA-10003252,100,20
TEC-AC-10001987,100,20
OFF-AR-10003957,100,20
OFF-EN-10002090,100,20
OFF-BI-10002281,100,20
OFF-TEN-10004210,100,20
OFF-ACC-10003713,100,20
OFF-PA-10003224,100,20
TEC-MA-10003326,100,20
OFF-AR-10000184,100,20
OFF-SU-10003834,100,20
OFF-LA-10004166,100,20
OFF-STO-10003395,100,20
TEC-NOK-10002716,100,20
FUR-SAF-10001322,100,20
OFF-AR-10001696,100,20
OFF-LA-10001067,100,20
OFF-EN-10002046,100,20
OFF-LA-10001026,100,20
OFF-EN-10003669,100,20
OFF-EN-10002634,100,20
OFF-PA-10000098,100,20
OFF-EN-10003853,100,20
TEC-SAN-10000142,100,20
TEC-AC-10002170,100,20
TEC-AC-10001950,100,20
OFF-EN-10000215,100,20
FUR-CH-10001616,100,20
OFF-AR-10001418,100,20
OFF-ST-10004550,100,20
OFF-PA-10004468,100,20
OFF-AR-10003633,100,20
OFF-PA-10004267,100,20
TEC-PH-10002154,100,20
FUR-FU-10000762,100,20
OFF-EN-10001789,100,20
OFF-LA-10000927,100,20
OFF-SU-10004663,100,20
TEC-AC-10002712,100,20
OFF-LA-10004094,100,20
FUR-FU-10000776,100,20
OFF-FA-10000411,100,20
FUR-FU-10001770,100,20
FUR-FU-10001602,100,20
OFF-SU-10004231,100,20
TEC-APP-10004469,100,20
FUR-DEF-10000810,100,20
FUR-TEN-10001809,100,20
TEC-AC-10002219,100,20
FUR-CH-10002088,100,20
FUR-CH-10001675,100,20
TEC-SAM-10002496,100,20
TEC-MEM-10002524,100,20
OFF-FEL-10004665,100,20
OFF-SU-10002498,100,20
OFF-AR-10001029,100,20
OFF-AP-10002223,100,20
FUR-FU-10001890,100,20
OFF-LA-10001839,100,20
OFF-FA-10002241,100,20
OFF-LA-10002575,100,20
OFF-EN-10004892,100,20
OFF-BI-10003342,100,20
TEC-PH-10000912,100,20
FUR-CH-10003774,100,20
OFF-GRE-10001084,100,20
OFF-SAN-10001237,100,20
OFF-JIF-10004747,100,20
TEC-STA-10000008,100,20
TEC-PAN-10000391,100,20
OFF-AR-10002486,100,20
OFF-ST-10002399,100,20
OFF-FA-10002459,100,20
OFF-AR-10000120,100,20
OFF-SU-10000866,100,20
OFF-AR-10003752,100,20
OFF-ROG-10003993,100,20
OFF-NOV-10002610,100,20
OFF-AME-10004759,100,20
OFF-PA-10000277,100,20
OFF-AR-10000380,100,20
FUR-TEN-10000296,100,20
TEC-APP-10001586,100,20
OFF-SAN-10004426,100,20
TEC-AC-10000336,100,20
OFF-EN-10002725,100,20
FUR-CH-10001114,100,20
OFF-FA-10002636,100,20
TEC-PH-10002538,100,20
TEC-ENE-10003125,100,20
OFF-GRE-10004054,100,20
TEC-AC-10003571,100,20
OFF-SU-10003907,100,20
OFF-LA-10001793,100,20
FUR-CH-10001382,100,20
OFF-EN-10001621,100,20
FUR-FU-10001617,100,20
OFF-AP-10004532,100,20
FUR-NOV-10004962,100,20
OFF-SME-10000520,100,20
OFF-FA-10000196,100,20
OFF-EN-10002406,100,20
OFF-EN-10002013,100,20
OFF-EN-10004981,100,20
OFF-PA-10004124,100,20
FUR-CH-10002412,100,20
OFF-LA-10002674,100,20
OFF-SU-10001442,100,20
OFF-BI-10002082,100,20
OFF-AR-10003696,100,20
FUR-FU-10004587,100,20
OFF-PA-10003573,100,20
OFF-BI-10004624,100,20
OFF-FA-10002264,100,20
FUR-FU-10001063,100,20
FUR-CH-10004685,100,20
OFF-SU-10004727,100,20
OFF-ST-10000661,100,20
OFF-AR-10002956,100,20
OFF-ST-10004412,100,20
TEC-AC-10003734,100,20
OFF-FA-10000720,100,20
OFF-FA-10001375,100,20
OFF-SU-10000723,100,20
OFF-AR-10000729,100,20
FUR-FU-10000193,100,20
TEC-AC-10002006,100,20
OFF-HAM-10003992,100,20
OFF-FIS-10002924,100,20
OFF-FA-10003004,100,20
OFF-EN-10004995,100,20
TEC-PH-10001587,100,20
OFF-PA-10002539,100,20
OFF-AR-10003674,100,20
OFF-ST-10002423,100,20
TEC-CO-10001157,100,20
OFF-PA-10000694,100,20
OFF-PA-10003407,100,20
FUR-FU-10002648,100,20
FUR-CH-10004312,100,20
OFF-ST-10004141,100,20
TEC-MA-10002930,100,20
OFF-CUI-10000203,100,20
FUR-FU-10003886,100,20
OFF-EN-10003607,100,20
OFF-PA-10003982,100,20
OFF-AR-10001678,100,20
OFF-FA-10001052,100,20
OFF-PA-10003511,100,20
OFF-AR-10000851,100,20
OFF-SU-10002027,100,20
FUR-CH-10003336,100,20
OFF-SU-10004304,100,20
OFF-AR-10003532,100,20
TEC-AC-10001383,100,20
FUR-FU-10001934,100,20
OFF-CAM-10003605,100,20
OFF-FIS-10000628,100,20
OFF-ELI-10001705,100,20
OFF-SU-10003973,100,20
OFF-FA-10000631,100,20
OFF-FA-10004108,100,20
OFF-SU-10003173,100,20
OFF-AR-10000578,100,20
OFF-SU-10002388,100,20
OFF-BI-10003240,100,20
OFF-EN-10000781,100,20
OFF-FA-10004449,100,20
OFF-AR-10001190,100,20
OFF-AR-10001002,100,20
OFF-BI-10000928,100,20
OFF-ST-10004180,100,20
TEC-AC-10003447,100,20
FUR-BO-10002268,100,20
TEC-SAN-10000250,100,20
OFF-BI-10003009,100,20
OFF-BI-10001254,100,20
OFF-EN-10000271,100,20
TEC-MA-10003461,100,20
OFF-FA-10004799,100,20
OFF-AR-10000251,100,20
FUR-TA-10000222,100,20
OFF-SU-10002909,100,20
OFF-FA-10004687,100,20
OFF-LA-10000114,100,20
FUR-FU-10000073,100,20
FUR-NOV-10003053,100,20
TEC-LOG-10003539,100,20
OFF-STO-10000041,100,20
TEC-LOG-10004419,100,20
TEC-PH-10004184,100,20
OFF-BI-10002894,100,20
FUR-FU-10000039,100,20
FUR-FU-10004579,100,20
OFF-FA-10002890,100,20
OFF-PA-10003654,100,20
OFF-FA-10000697,100,20
OFF-EN-10004840,100,20
OFF-FA-10004563,100,20
FUR-FU-10000955,100,20
FUR-FU-10002546,100,20
OFF-AR-10001897,100,20
FUR-CH-10002774,100,20
FUR-ELD-10004994,100,20
TEC-CAN-10001378,100,20
OFF-AR-10004012,100,20
OFF-AR-10001991,100,20
OFF-SU-10001894,100,20
OFF-AR-10000833,100,20
OFF-SU-10003343,100,20
OFF-PA-10003731,100,20
OFF-FA-10000074,100,20
OFF-AR-10004587,100,20
OFF-ST-10003324,100,20
TEC-BEL-10002153,100,20
OFF-SU-10002521,100,20
OFF-PA-10002372,100,20
OFF-ST-10002598,100,20
TEC-AC-10004434,100,20
OFF-ST-10000988,100,20
OFF-EN-10003069,100,20
OFF-BI-10001400,100,20
OFF-BI-10000006,100,20
OFF-AR-10004990,100,20
TEC-AC-10001592,100,20
OFF-BI-10001294,100,20
TEC-PH-10001870,100,20
OFF-LA-10000121,100,20
FUR-FU-10002759,100,20
TEC-EPS-10002212,100,20
FUR-CH-10002727,100,20
OFF-SU-10001506,100,20
OFF-AR-10004825,100,20
OFF-ST-10003111,100,20
OFF-ST-10001255,100,20
OFF-LA-10002020,100,20
OFF-AP-10002186,100,20
TEC-AC-10004016,100,20
TEC-AC-10002857,100,20
TEC-PH-10002923,100,20
OFF-LA-10003537,100,20
TEC-AC-10002076,100,20
FUR-FU-10000110,100,20
OFF-BI-10000423,100,20
TEC-CO-10001756,100,20
OFF-AP-10003774,100,20
FUR-CH-10002846,100,20
TEC-AC-10002799,100,20
FUR-BO-10003688,100,20
OFF-LA-10004594,100,20
OFF-SU-10002214,100,20
FUR-CH-10002944,100,20
OFF-AR-10002067,100,20
OFF-AR-10002704,100,20
FUR-FU-10000723,100,20
OFF-EN-10004386,100,20
OFF-AVE-10003549,100,20
FUR-HON-10000191,100,20
OFF-BIC-10000718,100,20
TEC-APP-10004584,100,20
FUR-ELD-10003802,100,20
FUR-FU-10001126,100,20
OFF-PA-10000362,100,20
OFF-SU-10001554,100,20
OFF-FA-10004878,100,20
OFF-LA-10004832,100,20
TEC-AC-10001608,100,20
FUR-CH-10003419,100,20
TEC-AC-10003873,100,20
OFF-AR-10003557,100,20
FUR-FU-10000672,100,20
OFF-SU-10002423,100,20
OFF-BI-10003417,100,20
OFF-FA-10002163,100,20
OFF-EN-10000532,100,20
TEC-AC-10004203,100,20
TEC-CO-10000778,100,20
FUR-CH-10000110,100,20
OFF-SU-10004497,100,20
FUR-FU-10000719,100,20
TEC-SAM-10000765,100,20
FUR-DEF-10001763,100,20
OFF-GLO-10004610,100,20
FUR-FU-10004640,100,20
FUR-FU-10000605,100,20
OFF-FA-10004239,100,20
FUR-FU-10001717,100,20
TEC-MA-10002267,100,20
OFF-BI-10002172,100,20
OFF-GRE-10002510,100,20
FUR-RUB-10004633,100,20
OFF-FEL-10002897,100,20
OFF-SU-10002670,100,20
OFF-EN-10003939,100,20
TEC-PH-10001095,100,20
FUR-FU-10004097,100,20
OFF-EN-10002556,100,20
OFF-AP-10002765,100,20
OFF-ST-10000419,100,20
OFF-ACM-10003978,100,20
OFF-PA-10002219,100,20
FUR-TA-10004504,100,20
OFF-EN-10002122,100,20
OFF-ST-10003334,100,20
OFF-LA-10004795,100,20
OFF-BI-10001815,100,20
TEC-AC-10003441,100,20
OFF-AP-10004036,100,20
OFF-LA-10000414,100,20
TEC-APP-10001340,100,20
OFF-STI-10001651,100,20
OFF-SU-10000150,100,20
OFF-AR-10004424,100,20
OFF-EN-10004173,100,20
OFF-EN-10001157,100,20
OFF-SAN-10000722,100,20
OFF-ELI-10000541,100,20
OFF-CAM-10004269,100,20
TEC-MA-10002729,100,20
FUR-CH-10004827,100,20
OFF-FA-10004899,100,20
OFF-LA-10001075,100,20
TEC-AC-10000140,100,20
OFF-AR-10000762,100,20
FUR-FU-10002223,100,20
OFF-PA-10000776,100,20
OFF-EN-10002985,100,20
OFF-SU-10000484,100,20
OFF-FA-10004839,100,20
OFF-BI-10004685,100,20
TEC-PH-10000011,100,20
TEC-PH-10003357,100,20
FUR-FU-10000965,100,20
OFF-AR-10002445,100,20
OFF-CAM-10002611,100,20
TEC-ENE-10005000,100,20
OFF-ENE-10003549,100,20
TEC-BEL-10003896,100,20
TEC-LOG-10002262,100,20
OFF-SU-10003371,100,20
OFF-SU-10003991,100,20
OFF-FA-10004474,100,20
OFF-LA-10000604,100,20
OFF-SU-10000738,100,20
OFF-BI-10004330,100,20
OFF-STI-10002716,100,20
OFF-ST-10004330,100,20
OFF-LA-10001924,100,20
OFF-AR-10004303,100,20
OFF-SU-10001351,100,20
OFF-AP-10000904,100,20
OFF-AR-10004485,100,20
OFF-AR-10004219,100,20
OFF-LA-10001719,100,20
OFF-ST-10002074,100,20
OFF-BI-10003181,100,20
OFF-PA-10001736,100,20
TEC-PH-10003215,100,20
FUR-BO-10003450,100,20
OFF-PA-10001363,100,20
OFF-TEN-10004194,100,20
OFF-BIC-10001823,100,20
OFF-SU-10000320,100,20
OFF-PA-10004313,100,20
OFF-FA-10001175,100,20
OFF-LA-10000536,100,20
OFF-SU-10003951,100,20
TEC-PH-10004583,100,20
FUR-TA-10001744,100,20
FUR-FU-10001692,100,20
OFF-BI-10003277,100,20
OFF-EN-10001976,100,20
OFF-EN-10002784,100,20
OFF-PA-10000302,100,20
FUR-TA-10000198,100,20
OFF-BIN-10000308,100,20
TEC-MOT-10001535,100,20
FUR-FU-10003694,100,20
FUR-CH-10004736,100,20
OFF-EN-10001997,100,20
OFF-BI-10000880,100,20
OFF-EN-10002849,100,20
OFF-PA-10003884,100,20
OFF-PA-10002248,100,20
OFF-AR-10002417,100,20
OFF-BI-10002907,100,20
TEC-AC-10004904,100,20
OFF-PA-10000241,100,20
FUR-FU-10004597,100,20
TEC-SAN-10000060,100,20
OFF-STO-10004363,100,20
OFF-KRA-10000695,100,20
OFF-SAN-10002839,100,20
OFF-PA-10002363,100,20
OFF-LA-10000779,100,20
OFF-LA-10001833,100,20
OFF-FA-10000122,100,20
OFF-ST-10000022,100,20
OFF-BI-10001765,100,20
TEC-AC-10000303,100,20
OFF-SU-10004446,100,20
OFF-SU-10001923,100,20
OFF-LA-10002559,100,20
OFF-AR-10001110,100,20
OFF-AR-10003028,100,20
FUR-FU-10004421,100,20
OFF-PA-10000673,100,20
OFF-ST-10001328,100,20
OFF-WIL-10000146,100,20
OFF-GRE-10000216,100,20
FUR-FU-10001371,100,20
OFF-PA-10000318,100,20
OFF-AR-10004010,100,20
FUR-FU-10000640,100,20
OFF-EN-10003817,100,20
OFF-LA-10004859,100,20
OFF-PA-10000450,100,20
OFF-AR-10004780,100,20
OFF-FA-10003716,100,20
OFF-AR-10003978,100,20
FUR-FU-10001129,100,20
OFF-BI-10002524,100,20
OFF-EN-10003018,100,20
OFF-SU-10002537,100,20
FUR-SAF-10002616,100,20
FUR-FU-10002387,100,20
OFF-EN-10004211,100,20
OFF-FA-10000474,100,20
OFF-AR-10001266,100,20
FUR-CH-10001895,100,20
OFF-PA-10004918,100,20
OFF-BI-10001510,100,20
TEC-OKI-10001433,100,20
OFF-ACM-10000277,100,20
OFF-EN-10003094,100,20
OFF-FA-10001199,100,20
FUR-FU-10003237,100,20
OFF-EN-10002710,100,20
FUR-FU-10000813,100,20
OFF-AR-10001176,100,20
OFF-FA-10004503,100,20
OFF-EN-10003854,100,20
OFF-LA-10003278,100,20
TEC-PH-10003239,100,20
OFF-FA-10003218,100,20
OFF-EN-10004181,100,20
OFF-AP-10002350,100,20
OFF-SAN-10003687,100,20
OFF-EN-10001538,100,20
OFF-PA-10001835,100,20
OFF-EN-10004958,100,20
OFF-EN-10000657,100,20
OFF-FA-10002061,100,20
OFF-SU-10002414,100,20
OFF-LA-10003121,100,20
OFF-EN-10002504,100,20
TEC-PH-10002033,100,20
OFF-KLE-10004112,100,20
OFF-GLO-10000485,100,20
OFF-ST-10000496,100,20
OFF-AR-10000974,100,20
OFF-SU-10002131,100,20
OFF-PA-10002534,100,20
OFF-AR-10001529,100,20
OFF-ST-10001057,100,20
OFF-BI-10003768,100,20
OFF-EN-10001335,100,20
OFF-SU-10004261,100,20
OFF-BIN-10000712,100,20
OFF-GLO-10001233,100,20
OFF-KRA-10004624,100,20
OFF-BIN-10004729,100,20
OFF-FA-10003144,100,20
OFF-BI-10000179,100,20
OFF-ST-10002437,100,20
OFF-AR-10002156,100,20
OFF-FA-10001526,100,20
OFF-AR-10000097,100,20
OFF-AR-10004456,100,20
OFF-AR-10004974,100,20
TEC-AC-10000171,100,20
OFF-BI-10002854,100,20
OFF-HAM-10003368,100,20
OFF-ELD-10003038,100,20
OFF-HAR-10004896,100,20
OFF-PA-10004027,100,20
FUR-BO-10003291,100,20
TEC-AC-10002760,100,20
FUR-FU-10001760,100,20
OFF-LA-10003210,100,20
OFF-EN-10003373,100,20
FUR-FU-10002803,100,20
FUR-HON-10000339,100,20
OFF-ACC-10001281,100,20
OFF-ELI-10000711,100,20
TEC-STA-10000699,100,20
OFF-FA-10003977,100,20
FUR-CH-10002297,100,20
OFF-LA-10003295,100,20
OFF-EN-10001728,100,20
OFF-ST-10000016,100,20
OFF-AR-10003110,100,20
OFF-FA-10001710,100,20
TEC-PH-10004896,100,20
OFF-PA-10001745,100,20
OFF-IBI-10000684,100,20
TEC-SHA-10004658,100,20
OFF-GRE-10003213,100,20
OFF-PA-10000935,100,20
OFF-BI-10004177,100,20
TEC-AC-10004715,100,20
FUR-FU-10002834,100,20
OFF-ST-10004800,100,20
OFF-SU-10001133,100,20
OFF-PA-10002360,100,20
TEC-AC-10000111,100,20
FUR-FU-10002933,100,20
OFF-SU-10000175,100,20
FUR-FU-10001135,100,20
OFF-EN-10003529,100,20
OFF-BI-10003883,100,20
OFF-EN-10000648,100,20
OFF-SU-10000514,100,20
OFF-BI-10000323,100,20
OFF-LA-10004020,100,20
OFF-LA-10000108,100,20
OFF-SU-10004762,100,20
OFF-PA-10001763,100,20
OFF-FA-10001883,100,20
OFF-AP-10004859,100,20
FUR-DEF-10000384,100,20
TEC-MEM-10002883,100,20
TEC-LOG-10003079,100,20
OFF-PA-10003133,100,20
OFF-SU-10000979,100,20
FUR-CH-10003077,100,20
OFF-AR-10001659,100,20
OFF-EN-10000122,100,20
OFF-ST-10001719,100,20
OFF-WIL-10000164,100,20
OFF-PA-10003664,100,20
OFF-BI-10001895,100,20
OFF-BI-10004541,100,20
OFF-EN-10001147,100,20
OFF-BI-10004120,100,20
OFF-PA-10003835,100,20
TEC-CIS-10002814,100,20
OFF-BOS-10001772,100,20
OFF-SU-10000164,100,20
OFF-SU-10003162,100,20
OFF-SU-10001500,100,20
TEC-AC-10000766,100,20
OFF-BI-10003281,100,20
OFF-SU-10003866,100,20
OFF-SU-10003697,100,20
OFF-AR-10004151,100,20
FUR-FU-10001045,100,20
OFF-ST-10000107,100,20
OFF-BI-10002437,100,20
OFF-PA-10001243,100,20
OFF-CAM-10004002,100,20
OFF-OIC-10002161,100,20
OFF-KLE-10001644,100,20
OFF-PA-10000781,100,20
OFF-SU-10001750,100,20
OFF-EN-10001751,100,20
FUR-CH-10001701,100,20
OFF-FA-10000046,100,20
OFF-PA-10000961,100,20
OFF-SU-10004461,100,20
OFF-PA-10001275,100,20
OFF-SU-10004766,100,20
OFF-FA-10001838,100,20
OFF-EN-10002034,100,20
OFF-FA-10002025,100,20
OFF-BI-10004486,100,20
TEC-SAM-10004851,100,20
TEC-MEM-10002919,100,20
OFF-PA-10001844,100,20
OFF-FA-10000999,100,20
OFF-PA-10001968,100,20
OFF-SU-10002448,100,20
OFF-ST-10004015,100,20
OFF-PA-10002921,100,20
OFF-AR-10004042,100,20
OFF-PA-10001826,100,20
TEC-PH-10004774,100,20
OFF-SU-10004737,100,20
OFF-JIF-10000890,100,20
OFF-XER-10002982,100,20
OFF-CAM-10001191,100,20
OFF-HOO-10003820,100,20
TEC-AC-10002110,100,20
OFF-EN-10000084,100,20
OFF-AR-10002400,100,20
OFF-EN-10003632,100,20
OFF-PA-10002370,100,20
OFF-BI-10000707,100,20
OFF-ST-10002485,100,20
FUR-CH-10004477,100,20
OFF-BOS-10002472,100,20
OFF-AVE-10001367,100,20
OFF-EN-10000857,100,20
OFF-FA-10001435,100,20
TEC-AC-10001364,100,20
OFF-SU-10001185,100,20
TEC-AC-10004102,100,20
FUR-FU-10004483,100,20
OFF-AR-10000176,100,20
OFF-PA-10004910,100,20
OFF-EN-10003979,100,20
OFF-EN-10002524,100,20
OFF-SME-10001652,100,20
OFF-ACM-10002713,100,20
FUR-OFF-10003104,100,20
OFF-HAM-10004917,100,20
OFF-ACC-10002220,100,20
OFF-SU-10000926,100,20
OFF-PA-10001495,100,20
OFF-ST-10000154,100,20
OFF-FA-10004657,100,20
OFF-AR-10000242,100,20
TEC-CO-10000129,100,20
OFF-SU-10003723,100,20
OFF-LA-10000473,100,20
OFF-FA-10003816,100,20
OFF-ST-10000060,100,20
OFF-OIC-10000189,100,20
OFF-GLO-10004123,100,20
OFF-KRA-10000916,100,20
OFF-BOS-10002041,100,20
TEC-PAN-10004651,100,20
OFF-SAN-10003660,100,20
OFF-PA-10003389,100,20
OFF-FA-10002085,100,20
FUR-CH-10004652,100,20
OFF-PA-10000850,100,20
TEC-AC-10003763,100,20
OFF-BI-10004007,100,20
OFF-FA-10003050,100,20
OFF-LA-10000658,100,20
OFF-SU-10000697,100,20
OFF-BI-10001885,100,20
FUR-FU-10000507,100,20
OFF-FA-10001631,100,20
OFF-AR-10003478,100,20
TEC-PH-10003555,100,20
OFF-HAR-10003043,100,20
OFF-BRE-10000493,100,20
OFF-EN-10004899,100,20
OFF-SU-10001132,100,20
TEC-AC-10003294,100,20
OFF-AR-10001578,100,20
OFF-SU-10004691,100,20
OFF-LA-10002225,100,20
OFF-EN-10000476,100,20
OFF-FA-10001963,100,20
FUR-FU-10000069,100,20
OFF-EN-10002806,100,20
OFF-BI-10000287,100,20
OFF-AR-10002517,100,20
OFF-PA-10003808,100,20
OFF-BI-10004562,100,20
TEC-MEM-10000582,100,20
TEC-NOK-10004183,100,20
OFF-SAN-10003318,100,20
TEC-AC-10003681,100,20
OFF-PA-10003513,100,20
FUR-FU-10003362,100,20
FUR-FU-10004139,100,20
TEC-AC-10003824,100,20
FUR-FU-10004049,100,20
OFF-PA-10001662,100,20
OFF-PA-10003797,100,20
OFF-XER-10003901,100,20
OFF-STI-10000856,100,20
FUR-SAF-10003402,100,20
OFF-EN-10004186,100,20
OFF-ST-10001393,100,20
FUR-CH-10004219,100,20
OFF-AR-10003281,100,20
TEC-AC-10003463,100,20
OFF-AR-10000505,100,20
OFF-LA-10001803,100,20
OFF-EN-10004938,100,20
OFF-PA-10000924,100,20
FUR-FU-10001393,100,20
OFF-EN-10003733,100,20
OFF-LA-10004345,100,20
OFF-AR-10000588,100,20
OFF-PA-10004327,100,20
OFF-AP-10002892,100,20
OFF-PA-10003832,100,20
OFF-AR-10002499,100,20
OFF-SU-10004481,100,20
OFF-FA-10004942,100,20
OFF-AP-10004113,100,20
FUR-FU-10004224,100,20
FUR-FU-10002502,100,20
FUR-FU-10004313,100,20
OFF-BI-10001904,100,20
OFF-LA-10003971,100,20
TEC-AC-10001278,100,20
FUR-FU-10000394,100,20
OFF-AR-10003157,100,20
FUR-FU-10003976,100,20
OFF-PA-10004040,100,20
TEC-PH-10000038,100,20
OFF-ST-10004258,100,20
FUR-FU-10001591,100,20
TEC-MA-10004086,100,20
OFF-GLO-10000016,100,20
TEC-CIS-10004967,100,20
OFF-PA-10003838,100,20
OFF-SU-10003019,100,20
OFF-PA-10000994,100,20
OFF-SU-10002993,100,20
OFF-SU-10004902,100,20
OFF-PA-10003744,100,20
OFF-BI-10004553,100,20
OFF-FA-10000459,100,20
TEC-PH-10004531,100,20
OFF-PA-10002333,100,20
OFF-EN-10004955,100,20
TEC-AC-10001998,100,20
OFF-AP-10001563,100,20
TEC-LOG-10003634,100,20
TEC-MOT-10004682,100,20
OFF-BRE-10004872,100,20
FUR-RUB-10002945,100,20
FUR-SAU-10002540,100,20
OFF-FA-10002358,100,20
OFF-AR-10003685,100,20
FUR-FU-10000936,100,20
TEC-AC-10001951,100,20
OFF-PA-10001456,100,20
OFF-SU-10004711,100,20
OFF-LA-10002996,100,20
OFF-LA-10004050,100,20
FUR-BO-10002182,100,20
OFF-AR-10000110,100,20
OFF-AVE-10004251,100,20
FUR-CH-10004478,100,20
OFF-AR-10000150,100,20
OFF-SU-10003719,100,20
OFF-SU-10000573,100,20
OFF-PA-10001650,100,20
OFF-FA-10004880,100,20
FUR-FU-10004778,100,20
OFF-LA-10003510,100,20
OFF-FEL-10004117,100,20
OFF-TEN-10000703,100,20
OFF-ELI-10000443,100,20
OFF-BI-10004053,100,20
OFF-BI-10004628,100,20
OFF-AR-10001606,100,20
OFF-BI-10001645,100,20
FUR-FU-10002928,100,20
OFF-ST-10001321,100,20
OFF-EN-10001099,100,20
TEC-PH-10002496,100,20
TEC-PH-10004875,100,20
TEC-AC-10002305,100,20
TEC-SAM-10003948,100,20
OFF-STO-10001916,100,20
OFF-SME-10002740,100,20
TEC-SAM-10004384,100,20
OFF-HAR-10000681,100,20
FUR-TEN-10004147,100,20
TEC-AC-10003081,100,20
OFF-LA-10004320,100,20
OFF-PA-10003920,100,20
OFF-FA-10002045,100,20
OFF-SU-10001488,100,20
OFF-ST-10002974,100,20
OFF-ROG-10001418,100,20
TEC-SAM-10001013,100,20
FUR-ELD-10000605,100,20
FUR-DEF-10000639,100,20
TEC-STA-10003081,100,20
OFF-SME-10000538,100,20
OFF-SU-10003082,100,20
OFF-ST-10003470,100,20
OFF-ST-10003305,100,20
OFF-AR-10003457,100,20
OFF-LA-10004761,100,20
OFF-BI-10000206,100,20
TEC-AC-10000474,100,20
FUR-BO-10001811,100,20
OFF-SU-10004498,100,20
OFF-AR-10000411,100,20
OFF-ST-10000136,100,20
OFF-BI-10000666,100,20
FUR-ELD-10000857,100,20
OFF-GLO-10000813,100,20
OFF-ST-10004930,100,20
FUR-FU-10003150,100,20
OFF-LA-10002159,100,20
OFF-LA-10001669,100,20
TEC-AC-10002482,100,20
OFF-LA-10003973,100,20
OFF-EN-10000094,100,20
FUR-FU-10001254,100,20
OFF-PA-10003205,100,20
OFF-ST-10002182,100,20
OFF-TEN-10001129,100,20
OFF-FEL-10001796,100,20
TEC-BEL-10003311,100,20
FUR-ADV-10000847,100,20
OFF-BI-10000419,100,20
OFF-FA-10001228,100,20
OFF-FA-10003411,100,20
TEC-PH-10000705,100,20
OFF-FA-10004993,100,20
OFF-EN-10004051,100,20
OFF-ST-10000287,100,20
OFF-SU-10003221,100,20
OFF-BI-10003397,100,20
FUR-BO-10004409,100,20
OFF-PA-10000501,100,20
TEC-MEM-10001732,100,20
OFF-ELD-10004625,100,20
OFF-AR-10000812,100,20
FUR-FU-10000490,100,20
FUR-CH-10002010,100,20
OFF-ST-10003184,100,20
FUR-CH-10004467,100,20
TEC-AC-10002458,100,20
TEC-AC-10004451,100,20
TEC-AC-10002883,100,20
OFF-ST-10002800,100,20
OFF-EN-10003838,100,20
OFF-FA-10002388,100,20
TEC-PH-10003652,100,20
OFF-EN-10003231,100,20
OFF-PA-10002666,100,20
FUR-FU-10003799,100,20
OFF-SU-10003567,100,20
OFF-PA-10004911,100,20
TEC-AC-10003399,100,20
TEC-ENE-10004728,100,20
OFF-ADV-10000308,100,20
FUR-HON-10003593,100,20
OFF-SAN-10000931,100,20
OFF-EN-10004183,100,20
OFF-FA-10001574,100,20
OFF-ST-10000078,100,20
OFF-BI-10004700,100,20
OFF-BI-10003779,100,20
OFF-SU-10000914,100,20
OFF-LA-10002337,100,20
OFF-ST-10001291,100,20
OFF-ST-10001580,100,20
OFF-SME-10004110,100,20
TEC-STA-10004542,100,20
TEC-SAM-10000588,100,20
FUR-SAF-10001949,100,20
OFF-ST-10002343,100,20
OFF-ST-10000560,100,20
OFF-FA-10003123,100,20
OFF-EN-10001711,100,20
OFF-AR-10002447,100,20
OFF-PA-10002416,100,20
OFF-AR-10003727,100,20
TEC-AC-10002550,100,20
OFF-AR-10001725,100,20
FUR-FU-10000397,100,20
TEC-OKI-10003655,100,20
TEC-MEM-10001436,100,20
OFF-ENE-10002784,100,20
OFF-STI-10000144,100,20
OFF-XER-10003600,100,20
OFF-KIT-10002678,100,20
TEC-CIS-10003103,100,20
OFF-ST-10000035,100,20
FUR-FU-10001255,100,20
FUR-FU-10002168,100,20
OFF-LA-10000709,100,20
OFF-BI-10003899,100,20
OFF-ST-10003547,100,20
OFF-ST-10001366,100,20
OFF-AR-10002415,100,20
FUR-FU-10002362,100,20
OFF-BI-10000172,100,20
OFF-AR-10001860,100,20
FUR-FU-10003096,100,20
FUR-FU-10001379,100,20
FUR-NOV-10003257,100,20
TEC-NOK-10001219,100,20
OFF-SAN-10001074,100,20
FUR-FU-10003874,100,20
OFF-BI-10001279,100,20
OFF-EN-10000755,100,20
TEC-AC-10003725,100,20
OFF-BI-10003903,100,20
OFF-PA-10001004,100,20
FUR-CH-10004242,100,20
OFF-SU-10002215,100,20
OFF-FA-10002803,100,20
OFF-LA-10003058,100,20
OFF-EN-10004422,100,20
OFF-FA-10000136,100,20
OFF-BI-10001312,100,20
TEC-PH-10001580,100,20
TEC-AC-10001109,100,20
FUR-DEF-10000346,100,20
TEC-BEL-10002324,100,20
OFF-BI-10000501,100,20
OFF-AR-10000543,100,20
OFF-EN-10004568,100,20
OFF-SU-10002544,100,20
OFF-EN-10003448,100,20
OFF-PA-10002971,100,20
OFF-BI-10000308,100,20
TEC-AC-10003451,100,20
OFF-ST-10002505,100,20
OFF-EN-10002630,100,20
TEC-MA-10001296,100,20
TEC-AC-10003657,100,20
FUR-RUB-10001380,100,20
OFF-ACC-10000687,100,20
FUR-OFF-10002740,100,20
OFF-AR-10001402,100,20
OFF-FA-10000563,100,20
OFF-BI-10002289,100,20
OFF-BI-10001253,100,20
OFF-FA-10004997,100,20
OFF-AR-10001269,100,20
OFF-SU-10001066,100,20
OFF-BI-10004809,100,20
TEC-SAM-10001017,100,20
OFF-BOS-10003160,100,20
OFF-SME-10000973,100,20
OFF-SU-10002169,100,20
OFF-PA-10000947,100,20
OFF-LA-10001265,100,20
OFF-BI-10001622,100,20
OFF-AR-10001329,100,20
OFF-ST-10000701,100,20
OFF-LA-10001865,100,20
FUR-CH-10004287,100,20
OFF-AP-10003849,100,20
FUR-DAN-10002967,100,20
FUR-FU-10001583,100,20
OFF-PA-10001409,100,20
OFF-SU-10000213,100,20
OFF-AR-10000019,100,20
OFF-LA-10000345,100,20
OFF-LA-10003217,100,20
OFF-FA-10001359,100,20
OFF-AR-10000502,100,20
OFF-BI-10000346,100,20
OFF-AR-10000219,100,20
OFF-LA-10004877,100,20
TEC-AC-10004652,100,20
FUR-FU-10001507,100,20
TEC-AC-10003628,100,20
FUR-BO-10004709,100,20
OFF-ST-10001031,100,20
OFF-PA-10004733,100,20
FUR-FU-10001095,100,20
OFF-BI-10001524,100,20
OFF-TEN-10004270,100,20
OFF-JIF-10004616,100,20
OFF-FIS-10002759,100,20
FUR-BO-10001042,100,20
OFF-SU-10002306,100,20
OFF-PA-10001818,100,20
OFF-FA-10003020,100,20
OFF-AR-10001965,100,20
OFF-ST-10002370,100,20
FUR-FU-10003535,100,20
FUR-NOV-10003195,100,20
TEC-AC-10003105,100,20
TEC-CO-10001893,100,20
FUR-FU-10004013,100,20
OFF-BI-10003653,100,20
OFF-LA-10003699,100,20
OFF-FA-10000487,100,20
TEC-AC-10003276,100,20
OFF-LA-10004894,100,20
OFF-FA-10003429,100,20
OFF-EN-10000483,100,20
OFF-ACM-10003278,100,20
FUR-SAF-10001873,100,20
OFF-ELD-10000124,100,20
OFF-LA-10000713,100,20
FUR-TA-10003371,100,20
OFF-EN-10004410,100,20
OFF-BI-10001422,100,20
OFF-PA-10000540,100,20
OFF-ST-10002251,100,20
TEC-MA-10000122,100,20
OFF-EN-10004296,100,20
FUR-FU-10000482,100,20
OFF-ST-10003327,100,20
FUR-DEF-10000349,100,20
OFF-BIN-10003023,100,20
FUR-SAF-10000265,100,20
OFF-PA-10001091,100,20
OFF-SU-10001624,100,20
OFF-AR-10000925,100,20
OFF-SU-10003924,100,20
OFF-PA-10002040,100,20
OFF-LA-10000244,100,20
TEC-AC-10004306,100,20
OFF-PA-10003527,100,20
OFF-ST-10001799,100,20
OFF-PA-10003739,100,20
OFF-PA-10002709,100,20
OFF-TEN-10002817,100,20
OFF-KLE-10004771,100,20
OFF-EN-10002410,100,20
OFF-AR-10000659,100,20
OFF-PA-10002974,100,20
OFF-AR-10002036,100,20
OFF-EN-10002464,100,20
OFF-PA-10001215,100,20
OFF-SAN-10003152,100,20
OFF-AR-10003897,100,20
OFF-BI-10003324,100,20
OFF-EN-10003533,100,20
OFF-AR-10001714,100,20
FUR-FU-10000142,100,20
FUR-CH-10002085,100,20
TEC-MA-10000684,100,20
OFF-SU-10004306,100,20
OFF-FA-10004659,100,20
OFF-PA-10000951,100,20
OFF-BI-10002364,100,20
OFF-EN-10004053,100,20
OFF-AR-10004651,100,20
OFF-AR-10004790,100,20
OFF-ST-10000876,100,20
TEC-AC-10003614,100,20
OFF-KIT-10001609,100,20
OFF-STI-10000388,100,20
OFF-FA-10000700,100,20
TEC-AC-10004188,100,20
OFF-FA-10002619,100,20
FUR-FU-10000388,100,20
OFF-LA-10004929,100,20
OFF-PA-10002259,100,20
FUR-FU-10000087,100,20
OFF-PA-10001260,100,20
OFF-ST-10004963,100,20
OFF-AME-10001587,100,20
OFF-STO-10002449,100,20
OFF-CUI-10004428,100,20
OFF-SU-10004119,100,20
OFF-EN-10003721,100,20
OFF-FA-10004258,100,20
OFF-SU-10003665,100,20
OFF-EN-10002896,100,20
FUR-BO-10002309,100,20
OFF-EN-10004970,100,20
OFF-EN-10004775,100,20
OFF-BI-10003058,100,20
OFF-AR-10000513,100,20
OFF-EN-10003398,100,20
OFF-IBI-10003191,100,20
OFF-STO-10001791,100,20
FUR-FU-10004458,100,20
OFF-AR-10004373,100,20
FUR-FU-10001090,100,20
TEC-MA-10000687,100,20
OFF-FA-10000227,100,20
OFF-FA-10003604,100,20
OFF-AR-10002340,100,20
OFF-AR-10002105,100,20
OFF-FA-10004156,100,20
OFF-FA-10001111,100,20
OFF-ST-10002318,100,20
OFF-PA-10000007,100,20
OFF-ELI-10001507,100,20
OFF-ACC-10004782,100,20
TEC-LOG-10000368,100,20
OFF-HOO-10003246,100,20
TEC-CO-10001040,100,20
OFF-LA-10001230,100,20
OFF-EN-10000927,100,20
OFF-PA-10003418,100,20
FUR-FU-10004730,100,20
FUR-FU-10000794,100,20
OFF-BI-10001153,100,20
FUR-RUB-10002507,100,20
FUR-ADV-10001440,100,20
OFF-OIC-10000121,100,20
OFF-BOS-10001386,100,20
OFF-AR-10000481,100,20
OFF-EN-10000139,100,20
OFF-FA-10003797,100,20
OFF-SU-10000085,100,20
TEC-AC-10004539,100,20
OFF-AR-10001072,100,20
OFF-ST-10000520,100,20
OFF-LA-10000155,100,20
OFF-SU-10002346,100,20
TEC-MA-10004896,100,20
OFF-FA-10000899,100,20
OFF-PA-10004994,100,20
OFF-FA-10003332,100,20
FUR-FU-10003540,100,20
TEC-AC-10004696,100,20
OFF-FA-10001039,100,20
OFF-EN-10004147,100,20
OFF-AR-10001468,100,20
OFF-ACC-10000102,100,20
FUR-FU-10000546,100,20
OFF-PA-10003052,100,20
OFF-EN-10001852,100,20
OFF-PA-10004343,100,20
OFF-BI-10002718,100,20
FUR-FU-10004137,100,20
OFF-FA-10003631,100,20
OFF-AR-10000027,100,20
OFF-PA-10002618,100,20
FUR-BO-10000087,100,20
OFF-BI-10000787,100,20
TEC-PH-10002293,100,20
OFF-BI-10002931,100,20
OFF-BI-10004099,100,20
OFF-STA-10004885,100,20
OFF-BIN-10002236,100,20
OFF-FA-10003734,100,20
OFF-LA-10002544,100,20
OFF-PA-10000591,100,20
OFF-EN-10000127,100,20
OFF-AR-10001672,100,20
OFF-AR-10000387,100,20
OFF-ST-10004668,100,20
OFF-LA-10003338,100,20
FUR-FU-10002335,100,20
TEC-AC-10003704,100,20
OFF-AR-10004511,100,20
FUR-FU-10001889,100,20
OFF-ELD-10001832,100,20
OFF-XER-10002906,100,20
OFF-ACC-10003636,100,20
OFF-AP-10001548,100,20
OFF-ST-10004382,100,20
OFF-LA-10003591,100,20
OFF-EN-10003962,100,20
OFF-EN-10003444,100,20
OFF-FA-10004339,100,20
OFF-AR-10000780,100,20
OFF-PA-10002771,100,20
OFF-LA-10003057,100,20
OFF-BI-10003090,100,20
OFF-SU-10002301,100,20
OFF-PA-10000556,100,20
OFF-AR-10000914,100,20
FUR-FU-10004973,100,20
OFF-SU-10000898,100,20
FUR-TEN-10000525,100,20
OFF-SAN-10004633,100,20
FUR-DEF-10000622,100,20
OFF-BI-10001533,100,20
OFF-SU-10002325,100,20
OFF-SU-10004110,100,20
OFF-SU-10002983,100,20
OFF-SU-10003749,100,20
OFF-BI-10004028,100,20
OFF-AR-10002389,100,20
OFF-FA-10002717,100,20
OFF-FA-10002983,100,20
OFF-PA-10003883,100,20
OFF-BI-10001036,100,20
OFF-PA-10003036,100,20
FUR-HAR-10004726,100,20
OFF-EN-10003416,100,20
OFF-LA-10000560,100,20
OFF-PA-10000677,100,20
OFF-LA-10000404,100,20
FUR-CH-10002749,100,20
OFF-BI-10000348,100,20
OFF-LA-10004544,100,20
OFF-ST-10003221,100,20
FUR-FU-10001196,100,20
OFF-EN-10003798,100,20
FUR-FU-10002396,100,20
OFF-WIL-10000390,100,20
OFF-ELI-10001176,100,20
TEC-APP-10001108,100,20
TEC-SAN-10002684,100,20
TEC-SAM-10001985,100,20
OFF-BIC-10003680,100,20
OFF-EAT-10002789,100,20
OFF-LA-10001778,100,20
OFF-AR-10004132,100,20
OFF-FA-10002752,100,20
OFF-ST-10002354,100,20
OFF-PA-10004589,100,20
OFF-FA-10002226,100,20
OFF-EN-10003834,100,20
TEC-AC-10002221,100,20
OFF-LA-10004623,100,20
OFF-FA-10003745,100,20
FUR-CH-10000825,100,20
OFF-ST-10003017,100,20
OFF-EN-10000863,100,20
OFF-SU-10002503,100,20
OFF-STI-10002040,100,20
OFF-EN-10002490,100,20
FUR-FU-10004598,100,20
OFF-FA-10001029,100,20
OFF-AP-10001565,100,20
OFF-FA-10003730,100,20
FUR-CH-10003846,100,20
OFF-LA-10000370,100,20
OFF-AR-10004900,100,20
OFF-EN-10002048,100,20
OFF-BI-10000328,100,20
OFF-FA-10004698,100,20
OFF-BI-10004001,100,20
OFF-AR-10004062,100,20
FUR-FU-10000585,100,20
FUR-FU-10004474,100,20
OFF-PA-10004854,100,20
OFF-SU-10000130,100,20
OFF-PA-10003774,100,20
OFF-ST-10004577,100,20
OFF-FA-10001082,100,20
OFF-PA-10004495,100,20
OFF-FA-10001045,100,20
OFF-ST-10000351,100,20
OFF-ST-10001229,100,20
OFF-SU-10002750,100,20
TEC-PH-10003505,100,20
TEC-PH-10003095,100,20
OFF-LA-10002312,100,20
OFF-PA-10001593,100,20
OFF-PA-10004438,100,20
FUR-TEN-10000407,100,20
OFF-ACM-10004587,100,20
TEC-KON-10000091,100,20
OFF-GRE-10002555,100,20
OFF-KRA-10002406,100,20
OFF-FA-10003499,100,20
OFF-FA-10001776,100,20
FUR-FU-10000499,100,20
OFF-SU-10002849,100,20
OFF-FA-10003799,100,20
OFF-FA-10003961,100,20
OFF-AR-10002797,100,20
OFF-FA-10004684,100,20
OFF-PA-10000249,100,20
TEC-APP-10001965,100,20
OFF-OIC-10003028,100,20
OFF-BIC-10004557,100,20
OFF-EAT-10000652,100,20
OFF-FA-10001237,100,20
OFF-AR-10002710,100,20
OFF-AR-10003077,100,20
OFF-AR-10000503,100,20
OFF-FA-10002084,100,20
OFF-LA-10003820,100,20
OFF-AR-10001462,100,20
OFF-AR-10003384,100,20
OFF-AR-10001850,100,20
OFF-FA-10003980,100,20
OFF-FA-10002175,100,20
OFF-ST-10004325,100,20
OFF-SU-10004177,100,20
OFF-SU-10001346,100,20
OFF-ST-10001214,100,20
OFF-BI-10004869,100,20
OFF-LA-10003678,100,20
OFF-PA-10000944,100,20
OFF-SU-10002161,100,20
OFF-ST-10002618,100,20
FUR-FU-10004864,100,20
OFF-KLE-10002292,100,20
OFF-GRE-10003334,100,20
OFF-EN-10004935,100,20
OFF-ST-10002902,100,20
OFF-AR-10004115,100,20
OFF-LA-10001738,100,20
OFF-AR-10002485,100,20
OFF-LA-10004285,100,20
OFF-ST-10004482,100,20
OFF-BI-10000368,100,20
OFF-EN-10003537,100,20
OFF-PA-10000116,100,20
OFF-EN-10004309,100,20
OFF-AR-10001958,100,20
TEC-PH-10001536,100,20
OFF-BI-10002215,100,20
TEC-PH-10003589,100,20
OFF-ST-10000636,100,20
OFF-SME-10001761,100,20
FUR-RUB-10002817,100,20
OFF-BIN-10000327,100,20
OFF-FIS-10000063,100,20
OFF-PA-10000320,100,20
OFF-AR-10002380,100,20
OFF-PA-10004261,100,20
FUR-FU-10001324,100,20
OFF-LA-10000700,100,20
FUR-CH-10001204,100,20
OFF-FA-10004398,100,20
OFF-FA-10004739,100,20
OFF-PA-10002105,100,20
OFF-AR-10001915,100,20
FUR-FU-10002878,100,20
OFF-AR-10003582,100,20
OFF-LA-10002762,100,20
OFF-PA-10004782,100,20
OFF-KRA-10003816,100,20
OFF-STI-10002519,100,20
OFF-SU-10000429,100,20
OFF-SU-10002742,100,20
OFF-AR-10003592,100,20
OFF-AR-10002656,100,20
OFF-PA-10004983,100,20
OFF-GRE-10002109,100,20
OFF-ST-10001991,100,20
OFF-EN-10004580,100,20
FUR-FU-10004800,100,20
TEC-MA-10003422,100,20
OFF-PA-10001971,100,20
OFF-FA-10000799,100,20
OFF-FA-10004494,100,20
OFF-SU-10000062,100,20
OFF-EN-10003508,100,20
OFF-EN-10004526,100,20
OFF-BI-10004361,100,20
OFF-PA-10000069,100,20
OFF-PA-10002230,100,20
OFF-PA-10003001,100,20
FUR-ADV-10004223,100,20
OFF-GRE-10001521,100,20
OFF-ADV-10002593,100,20
FUR-FU-10000012,100,20
OFF-PA-10001283,100,20
OFF-AR-10002055,100,20
OFF-LA-10002353,100,20
OFF-LA-10002029,100,20
OFF-BI-10000329,100,20
OFF-FA-10001187,100,20
OFF-EN-10002425,100,20
OFF-PA-10001691,100,20
OFF-FA-10003112,100,20
TEC-PH-10004924,100,20
FUR-FU-10003464,100,20
OFF-BIC-10001211,100,20
TEC-NOK-10003341,100,20
OFF-KRA-10001807,100,20
FUR-FU-10000242,100,20
OFF-LA-10004519,100,20
OFF-FA-10003911,100,20
OFF-BI-10001124,100,20
OFF-LA-10004108,100,20
OFF-PA-10000908,100,20
OFF-BI-10002128,100,20
OFF-FA-10001010,100,20
OFF-FA-10001521,100,20
OFF-LA-10000438,100,20
OFF-ST-10002344,100,20
OFF-KLE-10004581,100,20
OFF-SAN-10003226,100,20
FUR-HON-10001776,100,20
OFF-AVE-10002079,100,20
OFF-ADV-10004030,100,20
OFF-BIN-10001621,100,20
OFF-XER-10001746,100,20
OFF-ENE-10000935,100,20
TEC-AC-10004951,100,20
OFF-AR-10002440,100,20
OFF-PA-10001178,100,20
OFF-SU-10004650,100,20
OFF-AR-10000703,100,20
OFF-EN-10001979,100,20
OFF-AR-10002113,100,20
OFF-BI-10002632,100,20
OFF-AR-10002236,100,20
TEC-AC-10004227,100,20
OFF-AP-10001242,100,20
OFF-AP-10002684,100,20
OFF-ST-10002301,100,20
OFF-XER-10002848,100,20
OFF-FEL-10001792,100,20
OFF-FA-10001871,100,20
OFF-EN-10000075,100,20
OFF-AR-10000185,100,20
FUR-FU-10000850,100,20
OFF-EN-10001327,100,20
TEC-MA-10001411,100,20
OFF-BI-10004200,100,20
OFF-SU-10000706,100,20
OFF-FA-10001246,100,20
OFF-FA-10002635,100,20
OFF-BI-10001326,100,20
TEC-AC-10004081,100,20
TEC-AC-10002257,100,20
OFF-FA-10003450,100,20
OFF-PA-10001509,100,20
OFF-PA-10001970,100,20
OFF-AR-10001044,100,20
OFF-PA-10001977,100,20
OFF-ST-10001558,100,20
OFF-BI-10002429,100,20
OFF-PA-10002741,100,20
OFF-AVE-10002311,100,20
FUR-TEN-10003923,100,20
TEC-EPS-10001323,100,20
OFF-EAT-10004908,100,20
OFF-SAN-10004881,100,20
FUR-CH-10004010,100,20
OFF-EN-10001443,100,20
OFF-SU-10003892,100,20
OFF-PA-10001301,100,20
OFF-SU-10001086,100,20
OFF-LA-10001154,100,20
OFF-ST-10003990,100,20
OFF-AR-10003117,100,20
OFF-LA-10004848,100,20
OFF-LA-10000195,100,20
OFF-LA-10004614,100,20
OFF-AR-10003903,100,20
FUR-FU-10002685,100,20
TEC-MA-10000423,100,20
OFF-EAT-10002674,100,20
OFF-CAM-10001249,100,20
OFF-FIS-10004183,100,20
FUR-FU-10003725,100,20
OFF-BI-10002517,100,20
TEC-MA-10003557,100,20
OFF-FA-10004140,100,20
OFF-SU-10000906,100,20
OFF-LA-10004709,100,20
OFF-ST-10003132,100,20
FUR-FU-10002972,100,20
OFF-LA-10002851,100,20
OFF-AR-10001654,100,20
OFF-SU-10000148,100,20
OFF-LA-10003929,100,20
OFF-ST-10004950,100,20
OFF-BI-10002867,100,20
FUR-FU-10000409,100,20
OFF-PA-10000176,100,20
OFF-LA-10000305,100,20
FUR-FU-10003247,100,20
OFF-AP-10000252,100,20
OFF-BOS-10001511,100,20
FUR-SAF-10003160,100,20
OFF-ACM-10003510,100,20
OFF-ELI-10003277,100,20
OFF-GLO-10003463,100,20
FUR-ELD-10003843,100,20
OFF-PA-10001878,100,20
OFF-BI-10002080,100,20
OFF-SU-10003234,100,20
FUR-FU-10001096,100,20
OFF-LA-10002992,100,20
OFF-PA-10004621,100,20
OFF-PA-10001293,100,20
OFF-FA-10002815,100,20
OFF-SU-10000952,100,20
OFF-AR-10001227,100,20
OFF-PA-10002036,100,20
FUR-FU-10004245,100,20
OFF-STO-10000924,100,20
OFF-GRE-10001774,100,20
OFF-SU-10004799,100,20
OFF-EN-10000761,100,20
OFF-EN-10001109,100,20
TEC-AC-10003044,100,20
OFF-AR-10000082,100,20
TEC-AC-10002900,100,20
OFF-LA-10002490,100,20
FUR-FU-10000556,100,20
OFF-AR-10003023,100,20
OFF-LA-10000271,100,20
OFF-PA-10002749,100,20
OFF-BI-10003982,100,20
FUR-FU-10002501,100,20
OFF-EN-10001028,100,20
OFF-PA-10003022,100,20
OFF-ST-10002289,100,20
OFF-STO-10002026,100,20
TEC-LOG-10001482,100,20
OFF-EN-10003352,100,20
OFF-ST-10001598,100,20
OFF-FA-10002632,100,20
OFF-SU-10001831,100,20
OFF-SU-10004244,100,20
OFF-SU-10004236,100,20
FUR-FU-10002019,100,20
OFF-FIS-10004787,100,20
OFF-ENE-10001291,100,20
OFF-AME-10002652,100,20
OFF-ACM-10002131,100,20
OFF-AR-10000821,100,20
OFF-FA-10004946,100,20
OFF-FA-10000475,100,20
OFF-ST-10002122,100,20
OFF-BI-10004251,100,20
OFF-SU-10004662,100,20
TEC-AC-10002842,100,20
OFF-ST-10004660,100,20
OFF-AR-10001812,100,20
OFF-AR-10002094,100,20
OFF-LA-10001402,100,20
OFF-FA-10000027,100,20
OFF-EN-10000296,100,20
OFF-PA-10003127,100,20
OFF-AR-10003772,100,20
OFF-PA-10001994,100,20
FUR-FU-10001057,100,20
OFF-AR-10003896,100,20
OFF-LA-10001934,100,20
OFF-JIF-10002184,100,20
OFF-GLO-10001127,100,20
OFF-SME-10002417,100,20
OFF-SU-10003683,100,20
OFF-FA-10003994,100,20
FUR-BO-10004483,100,20
OFF-ST-10000486,100,20
OFF-ST-10001554,100,20
OFF-BI-10004589,100,20
OFF-PA-10004248,100,20
OFF-PA-10004665,100,20
FUR-FU-10003489,100,20
OFF-PA-10004041,100,20
OFF-STO-10003878,100,20
FUR-RUB-10001796,100,20
OFF-AME-10000440,100,20
OFF-EN-10001940,100,20
OFF-BI-10003392,100,20
FUR-CH-10002291,100,20
OFF-PA-10001708,100,20
OFF-FA-10002350,100,20
OFF-FA-10001054,100,20
OFF-AP-10000391,100,20
TEC-AC-10002455,100,20
TEC-MA-10001475,100,20
OFF-PA-10000206,100,20
FUR-FU-10002045,100,20
OFF-EAT-10001137,100,20
OFF-STA-10001112,100,20
OFF-KRA-10002170,100,20
OFF-KRA-10002789,100,20
OFF-ST-10002632,100,20
OFF-PA-10003715,100,20
OFF-AR-10001571,100,20
OFF-EN-10004100,100,20
FUR-FU-10002422,100,20
OFF-BI-10000827,100,20
TEC-AC-10000598,100,20
TEC-MA-10003787,100,20
OFF-PA-10000876,100,20
OFF-BI-10000972,100,20
OFF-PA-10000827,100,20
FUR-FU-10000714,100,20
OFF-EN-10000383,100,20
OFF-EN-10001823,100,20
TEC-PH-10001557,100,20
OFF-AP-10002403,100,20
OFF-BIN-10000901,100,20
OFF-ENE-10004401,100,20
TEC-MEM-10000919,100,20
OFF-ADV-10001451,100,20
OFF-SAN-10001634,100,20
OFF-PA-10002464,100,20
OFF-SU-10004317,100,20
OFF-FA-10003891,100,20
OFF-ST-10004190,100,20
OFF-LA-10002821,100,20
OFF-PA-10001801,100,20
OFF-ST-10004409,100,20
OFF-AR-10002116,100,20
OFF-AR-10004884,100,20
OFF-BI-10000115,100,20
OFF-BI-10003340,100,20
OFF-FA-10003596,100,20
OFF-LA-10004545,100,20
FUR-TA-10002607,100,20
OFF-PA-10003848,100,20
OFF-ST-10000464,100,20
OFF-AR-10003876,100,20
TEC-MEM-10003743,100,20
FUR-DEF-10003315,100,20
OFF-ACC-10002853,100,20
OFF-AVE-10003740,100,20
OFF-LA-10002469,100,20
OFF-AR-10004986,100,20
OFF-PA-10004856,100,20
OFF-FA-10001330,100,20
OFF-SU-10000877,100,20
OFF-ST-10003835,100,20
OFF-FA-10003789,100,20
OFF-FA-10004233,100,20
OFF-FA-10000248,100,20
OFF-EN-10000232,100,20
OFF-ST-10003445,100,20
OFF-BI-10000968,100,20
OFF-EN-10001141,100,20
OFF-ST-10000943,100,20
OFF-STI-10004202,100,20
OFF-BOS-10002340,100,20
OFF-ROG-10004949,100,20
TEC-SAN-10004721,100,20
OFF-FA-10000194,100,20
OFF-AR-10002802,100,20
OFF-LA-10003090,100,20
OFF-ST-10001646,100,20
OFF-EN-10001977,100,20
TEC-AC-10004012,100,20
OFF-FA-10004705,100,20
OFF-AR-10001129,100,20
OFF-LA-10004181,100,20
OFF-PA-10000350,100,20
OFF-ST-10000760,100,20
OFF-PA-10003363,100,20
TEC-SAN-10002254,100,20
TEC-LOG-10002431,100,20
OFF-FIS-10002661,100,20
OFF-PA-10003475,100,20
OFF-AR-10000156,100,20
OFF-EN-10003850,100,20
OFF-BI-10000070,100,20
OFF-ST-10003718,100,20
OFF-AR-10000468,100,20
OFF-PA-10002616,100,20
OFF-BI-10004554,100,20
OFF-EN-10004486,100,20
OFF-FA-10000974,100,20
OFF-ST-10000948,100,20
OFF-FA-10001297,100,20
FUR-FU-10000783,100,20
OFF-BI-10004483,100,20
OFF-BI-10003265,100,20
OFF-FA-10000805,100,20
OFF-FA-10003054,100,20
TEC-AC-10001266,100,20
OFF-PA-10001019,100,20
OFF-EN-10001539,100,20
OFF-AVE-10004159,100,20
OFF-LA-10000190,100,20
OFF-AP-10000653,100,20
FUR-FU-10002800,100,20
OFF-EN-10003904,100,20
OFF-FA-10003744,100,20
OFF-BI-10003142,100,20
OFF-EN-10001946,100,20
OFF-SU-10002547,100,20
OFF-BI-10003367,100,20
FUR-FU-10001487,100,20
OFF-ST-10001228,100,20
OFF-BOS-10002073,100,20
TEC-KON-10000005,100,20
TEC-BEL-10000696,100,20
OFF-KLE-10003497,100,20
OFF-PA-10003708,100,20
OFF-AP-10003236,100,20
OFF-PA-10004190,100,20
OFF-SU-10000705,100,20
OFF-SU-10003236,100,20
OFF-EN-10001861,100,20
OFF-PA-10004016,100,20
OFF-PA-10004359,100,20
OFF-LA-10000425,100,20
OFF-AR-10000249,100,20
FUR-FU-10004064,100,20
OFF-SU-10003789,100,20
OFF-EN-10002540,100,20
OFF-ST-10003393,100,20
OFF-ST-10003442,100,20
OFF-AR-10000255,100,20
OFF-PA-10003893,100,20
TEC-AC-10002380,100,20
OFF-ROG-10001101,100,20
TEC-ENE-10004236,100,20
OFF-ACM-10002045,100,20
OFF-FEL-10004224,100,20
FUR-DEF-10001477,100,20
OFF-ACM-10004150,100,20
OFF-AME-10002956,100,20
TEC-AC-10004044,100,20
OFF-SU-10001794,100,20
OFF-PA-10004627,100,20
TEC-MA-10004609,100,20
OFF-AR-10001752,100,20
OFF-LA-10004538,100,20
OFF-SU-10002323,100,20
OFF-LA-10004700,100,20
OFF-AR-10001607,100,20
OFF-BI-10002335,100,20
OFF-AR-10004138,100,20
OFF-LA-10003388,100,20
OFF-AP-10001947,100,20
OFF-AP-10002578,100,20
OFF-PA-10003729,100,20
TEC-AC-10002926,100,20
OFF-ST-10000615,100,20
OFF-XER-10000482,100,20
TEC-NOK-10001844,100,20
OFF-SME-10001278,100,20
OFF-FA-10001761,100,20
OFF-FA-10001476,100,20
FUR-FU-10002818,100,20
OFF-FA-10001530,100,20
OFF-EN-10000353,100,20
OFF-ST-10004317,100,20
OFF-FA-10002600,100,20
OFF-BI-10000871,100,20
OFF-ST-10003808,100,20
OFF-LA-10001215,100,20
OFF-PA-10002713,100,20
OFF-ST-10003722,100,20
OFF-STO-10002708,100,20
OFF-BIC-10001682,100,20
FUR-RUB-10003699,100,20
OFF-EAT-10002122,100,20
OFF-WIL-10003532,100,20
OFF-FA-10004516,100,20
FUR-FU-10001142,100,20
OFF-LA-10004370,100,20
OFF-ST-10002362,100,20
OFF-LA-10004969,100,20
TEC-AC-10002048,100,20
OFF-LA-10002334,100,20
OFF-LA-10003422,100,20
OFF-FA-10004359,100,20
FUR-FU-10001495,100,20
OFF-PA-10003037,100,20
OFF-EN-10003073,100,20
OFF-AR-10001482,100,20
TEC-AC-10001835,100,20
OFF-AR-10004148,100,20
OFF-PA-10003969,100,20
OFF-EN-10001680,100,20
FUR-FU-10001933,100,20
OFF-EN-10002007,100,20
OFF-FA-10002177,100,20
FUR-FU-10000260,100,20
TEC-AC-10002718,100,20
OFF-PA-10002552,100,20
OFF-ROG-10004393,100,20
OFF-GLO-10004223,100,20
OFF-ENE-10001906,100,20
FUR-HON-10002570,100,20
OFF-EN-10004012,100,20
TEC-AC-10004043,100,20
OFF-EN-10002700,100,20
OFF-EN-10003577,100,20
OFF-FA-10003638,100,20
OFF-LA-10002964,100,20
OFF-BI-10004240,100,20
TEC-AC-10004252,100,20
FUR-FU-10002960,100,20
OFF-PA-10002001,100,20
OFF-AR-10003631,100,20
OFF-AP-10003860,100,20
OFF-EN-10003040,100,20
OFF-LA-10002034,100,20
OFF-STI-10000286,100,20
OFF-TEN-10000360,100,20
OFF-CAM-10002159,100,20
OFF-STA-10002791,100,20
OFF-BI-10001819,100,20
OFF-LA-10001065,100,20
OFF-EN-10001768,100,20
OFF-AR-10002824,100,20
OFF-EN-10000338,100,20
FUR-FU-10002937,100,20
OFF-FA-10004067,100,20
OFF-ST-10003154,100,20
TEC-AC-10003668,100,20
OFF-AR-10001374,100,20
TEC-PH-10001552,100,20
OFF-BIC-10000582,100,20
OFF-NOV-10003401,100,20
FUR-DEF-10002774,100,20
FUR-FU-10003370,100,20
OFF-FA-10003818,100,20
OFF-PA-10004429,100,20
OFF-BI-10002674,100,20
OFF-SU-10002362,100,20
OFF-BI-10001028,100,20
OFF-LA-10002123,100,20
OFF-EN-10000454,100,20
OFF-LA-10002465,100,20
OFF-BI-10000854,100,20
FUR-FU-10003691,100,20
OFF-BI-10001460,100,20
FUR-FU-10001290,100,20
OFF-STI-10000114,100,20
OFF-STO-10003604,100,20
OFF-ADV-10001437,100,20
OFF-ENE-10002922,100,20
OFF-OIC-10004255,100,20
OFF-KRA-10003337,100,20
FUR-ADV-10000188,100,20
OFF-BI-10001002,100,20
OFF-BI-10001662,100,20
OFF-LA-10002609,100,20
OFF-SU-10001891,100,20
TEC-PH-10003182,100,20
OFF-ST-10002042,100,20
FUR-FU-10000361,100,20
OFF-LA-10003827,100,20
OFF-LA-10002900,100,20
OFF-ST-10003764,100,20
OFF-FA-10003893,100,20
OFF-FA-10003833,100,20
OFF-SU-10003592,100,20
OFF-LA-10003273,100,20
OFF-BI-10004769,100,20
OFF-SU-10001968,100,20
OFF-ST-10002790,100,20
OFF-PA-10004734,100,20
FUR-SAF-10000593,100,20
FUR-ADV-10001659,100,20
OFF-ACC-10000808,100,20
OFF-STO-10000631,100,20
OFF-SU-10003701,100,20
OFF-FA-10002552,100,20
OFF-EN-10001375,100,20
OFF-ST-10000880,100,20
OFF-FA-10001551,100,20
OFF-AR-10002433,100,20
OFF-EN-10003271,100,20
OFF-ST-10003931,100,20
OFF-ST-10001173,100,20
OFF-LA-10001607,100,20
OFF-EN-10000142,100,20
OFF-ST-10002714,100,20
OFF-LA-10001229,100,20
OFF-LA-10001246,100,20
OFF-PA-10002870,100,20
FUR-FU-10002554,100,20
OFF-AR-10001683,100,20
OFF-WIL-10000777,100,20
OFF-ELI-10003004,100,20
OFF-TEN-10000766,100,20
FUR-SAF-10000565,100,20
TEC-SAN-10001738,100,20
OFF-PA-10004386,100,20
OFF-SU-10003157,100,20
OFF-EN-10003472,100,20
OFF-EN-10004820,100,20
OFF-ST-10001818,100,20
OFF-BI-10001843,100,20
OFF-FA-10002308,100,20
OFF-AR-10002382,100,20
OFF-PA-10002941,100,20
OFF-SU-10003651,100,20
OFF-FA-10001651,100,20
TEC-EPS-10001341,100,20
OFF-SAN-10004288,100,20
OFF-FEL-10002837,100,20
OFF-ST-10003489,100,20
OFF-FA-10001727,100,20
FUR-FU-10001175,100,20
FUR-FU-10000686,100,20
OFF-FA-10002531,100,20
FUR-FU-10000444,100,20
OFF-ST-10001562,100,20
OFF-LA-10004062,100,20
OFF-EN-10004493,100,20
OFF-FA-10000581,100,20
OFF-PA-10004965,100,20
OFF-AVE-10001473,100,20
OFF-ELI-10003179,100,20
OFF-BIN-10000772,100,20
OFF-FIS-10004721,100,20
OFF-CAR-10001577,100,20
OFF-FA-10000644,100,20
OFF-AR-10000461,100,20
OFF-FA-10004931,100,20
OFF-EN-10002240,100,20
OFF-FA-10002066,100,20
OFF-LA-10002995,100,20
FUR-CH-10001664,100,20
OFF-LA-10003379,100,20
TEC-PH-10002299,100,20
OFF-FA-10001596,100,20
OFF-EN-10000968,100,20
OFF-SU-10003897,100,20
OFF-LA-10002086,100,20
FUR-FU-10004666,100,20
OFF-AR-10001446,100,20
OFF-PA-10003971,100,20
FUR-FU-10002456,100,20
TEC-PH-10002070,100,20
OFF-PA-10003724,100,20
OFF-ST-10002444,100,20
OFF-KLE-10004543,100,20
OFF-CAM-10003933,100,20
OFF-BIC-10002942,100,20
OFF-STO-10000128,100,20
OFF-SME-10002823,100,20
OFF-OIC-10000855,100,20
OFF-LA-10001484,100,20
OFF-BI-10003112,100,20
OFF-ST-10000557,100,20
OFF-FA-10003850,100,20
OFF-BI-10000620,100,20
OFF-ST-10002905,100,20
OFF-LA-10004774,100,20
OFF-FA-10002047,100,20
OFF-PA-10004923,100,20
OFF-AR-10002260,100,20
OFF-BI-10003806,100,20
TEC-AC-10000387,100,20
TEC-AC-10001635,100,20
TEC-PH-10003885,100,20
OFF-BI-10001098,100,20
OFF-GLO-10001567,100,20
OFF-CAM-10000726,100,20
OFF-JIF-10004213,100,20
OFF-LA-10004799,100,20
OFF-LA-10003459,100,20
OFF-AR-10003794,100,20
TEC-AC-10004586,100,20
FUR-FU-10003046,100,20
OFF-AR-10002991,100,20
OFF-SU-10001703,100,20
OFF-FA-10001613,100,20
OFF-PA-10004648,100,20
OFF-BI-10000636,100,20
OFF-LA-10003923,100,20
OFF-FA-10000735,100,20
OFF-BOS-10001375,100,20
FUR-TEN-10003349,100,20
FUR-HAR-10003124,100,20
OFF-GRE-10003899,100,20
OFF-TEN-10003148,100,20
TEC-PAN-10001593,100,20
FUR-ELD-10000335,100,20
OFF-GRE-10000320,100,20
OFF-BIC-10002270,100,20
OFF-ACC-10001028,100,20
TEC-AC-10004379,100,20
OFF-BI-10004388,100,20
TEC-AC-10000263,100,20
OFF-LA-10003327,100,20
FUR-FU-10003408,100,20
OFF-FA-10001577,100,20
FUR-FU-10000502,100,20
OFF-LA-10004744,100,20
OFF-LA-10002630,100,20
OFF-SU-10003537,100,20
OFF-SU-10001709,100,20
OFF-LA-10001292,100,20
OFF-FA-10003186,100,20
OFF-SU-10004705,100,20
OFF-PA-10000697,100,20
OFF-ST-10000885,100,20
OFF-KRA-10002085,100,20
OFF-GRE-10004604,100,20
OFF-AME-10003089,100,20
OFF-NOV-10000141,100,20
FUR-FU-10003507,100,20
OFF-FA-10002247,100,20
OFF-BI-10002607,100,20
OFF-FA-10004533,100,20
OFF-ST-10001066,100,20
OFF-AP-10000615,100,20
OFF-EN-10004788,100,20
OFF-LA-10002486,100,20
OFF-ST-10000710,100,20
OFF-BI-10000081,100,20
OFF-ST-10000355,100,20
OFF-PA-10004111,100,20
OFF-ST-10001460,100,20
OFF-BI-10002708,100,20
TEC-AC-10004897,100,20
OFF-BI-10001399,100,20
OFF-SU-10001382,100,20
OFF-PA-10004673,100,20
OFF-SU-10001218,100,20
FUR-FU-10004671,100,20
OFF-BI-10002976,100,20
FUR-FU-10002671,100,20
OFF-ACM-10000671,100,20
FUR-SAF-10000949,100,20
OFF-PA-10000867,100,20
OFF-SU-10002599,100,20
FUR-FU-10004117,100,20
OFF-FA-10001877,100,20
OFF-FA-10000740,100,20
OFF-ST-10003446,100,20
OFF-AR-10000444,100,20
OFF-PA-10004573,100,20
OFF-BI-10001967,100,20
OFF-SU-10000970,100,20
OFF-BI-10003475,100,20
OFF-FA-10002360,100,20
OFF-PA-10004433,100,20
OFF-PA-10000587,100,20
FUR-FU-10000629,100,20
OFF-LA-10004689,100,20
OFF-AP-10001366,100,20
OFF-AR-10003158,100,20
TEC-PH-10003356,100,20
OFF-ENE-10003409,100,20
TEC-NOK-10000002,100,20
OFF-STA-10004163,100,20
TEC-APP-10001389,100,20
OFF-GLO-10002982,100,20
OFF-SME-10002250,100,20
OFF-PA-10001516,100,20
FUR-FU-10001765,100,20
OFF-EN-10004525,100,20
OFF-FA-10000801,100,20
OFF-AR-10003758,100,20
OFF-LA-10003982,100,20
OFF-EN-10002613,100,20
OFF-FA-10001304,100,20
OFF-LA-10001191,100,20
OFF-FA-10001272,100,20
OFF-PA-10004174,100,20
OFF-LA-10000634,100,20
FUR-FU-10001867,100,20
OFF-AR-10001954,100,20
OFF-AR-10003338,100,20
OFF-EN-10001990,100,20
TEC-PH-10000307,100,20
OFF-AP-10004136,100,20
OFF-PA-10001184,100,20
OFF-FA-10000134,100,20
OFF-SAN-10002484,100,20
OFF-GLO-10000491,100,20
FUR-NOV-10000669,100,20
OFF-JIF-10000981,100,20
OFF-OIC-10001056,100,20
OFF-KLE-10004673,100,20
OFF-ST-10003231,100,20
OFF-FA-10004637,100,20
FUR-CH-10001647,100,20
OFF-ST-10004160,100,20
OFF-LA-10001028,100,20
TEC-AC-10004713,100,20
OFF-AR-10000404,100,20
OFF-EN-10003623,100,20
FUR-CH-10000214,100,20
OFF-AR-10003521,100,20
OFF-FA-10002393,100,20
OFF-AR-10003066,100,20
OFF-SU-10000216,100,20
OFF-SU-10000207,100,20
OFF-BI-10004454,100,20
OFF-AR-10003405,100,20
OFF-PA-10000466,100,20
OFF-PA-10002250,100,20
OFF-ENE-10000516,100,20
FUR-RUB-10000958,100,20
OFF-ELI-10001685,100,20
OFF-XER-10002256,100,20
FUR-FU-10000140,100,20
OFF-LA-10001469,100,20
OFF-LA-10002401,100,20
OFF-SU-10003966,100,20
OFF-BI-10003124,100,20
FUR-CH-10004790,100,20
OFF-LA-10003233,100,20
OFF-PA-10004990,100,20
OFF-BI-10001808,100,20
OFF-SU-10000789,100,20
OFF-PA-10003686,100,20
OFF-FA-10000471,100,20
OFF-AP-10001303,100,20
OFF-PA-10001947,100,20
FUR-FU-10002364,100,20
OFF-AP-10000358,100,20
TEC-PH-10004100,100,20
OFF-PA-10004947,100,20
OFF-PA-10002586,100,20
OFF-PA-10003641,100,20
OFF-PA-10001846,100,20
TEC-PH-10004094,100,20
OFF-PA-10000246,100,20
OFF-WIL-10003299,100,20
OFF-CUI-10004536,100,20
OFF-AME-10002557,100,20
OFF-SME-10001745,100,20
OFF-CUI-10003993,100,20
OFF-FA-10004924,100,20
FUR-FU-10003622,100,20
OFF-AR-10001813,100,20
OFF-BI-10004632,100,20
OFF-ST-10003172,100,20
OFF-SU-10001552,100,20
OFF-AR-10002419,100,20
OFF-ST-10001091,100,20
OFF-SU-10003160,100,20
FUR-FU-10000718,100,20
OFF-LA-10003511,100,20
OFF-LA-10004737,100,20
OFF-PA-10003020,100,20
OFF-ST-10000327,100,20
OFF-PA-10001979,100,20
OFF-BI-10002792,100,20
OFF-EN-10000539,100,20
OFF-FA-10001718,100,20
OFF-BI-10004193,100,20
OFF-AR-10000205,100,20
OFF-EN-10001535,100,20
OFF-JIF-10003976,100,20
TEC-LOG-10001750,100,20
OFF-BRE-10001378,100,20
TEC-AC-10003611,100,20
OFF-EN-10004537,100,20
OFF-BI-10000440,100,20
OFF-ST-10001426,100,20
OFF-FA-10000010,100,20
OFF-LA-10000477,100,20
OFF-AR-10001043,100,20
TEC-PH-10003613,100,20
OFF-LA-10000635,100,20
OFF-FA-10003587,100,20
FUR-FU-10003347,100,20
OFF-LA-10001297,100,20
OFF-PA-10002365,100,20
OFF-AP-10000055,100,20
OFF-PA-10001937,100,20
TEC-AC-10002134,100,20
OFF-SAN-10002323,100,20
FUR-ELD-10003695,100,20
OFF-OIC-10002625,100,20
OFF-STO-10004940,100,20
OFF-HAR-10004011,100,20
OFF-ACC-10003745,100,20
OFF-FA-10001670,100,20
OFF-SU-10003739,100,20
TEC-AC-10000815,100,20
OFF-AR-10002672,100,20
OFF-ST-10001358,100,20
OFF-FA-10000571,100,20
OFF-LA-10002875,100,20
OFF-AR-10004153,100,20
OFF-SU-10003717,100,20
FUR-FU-10004963,100,20
OFF-EN-10001532,100,20
OFF-AR-10003179,100,20
FUR-FU-10002506,100,20
OFF-KRA-10000534,100,20
OFF-STO-10001239,100,20
OFF-EN-10003560,100,20
OFF-PA-10001385,100,20
OFF-AR-10002346,100,20
OFF-EN-10004470,100,20
OFF-LA-10004034,100,20
OFF-LA-10001633,100,20
OFF-LA-10000508,100,20
OFF-FA-10001097,100,20
OFF-LA-10001169,100,20
OFF-ST-10004702,100,20
OFF-LA-10003215,100,20
FUR-BO-10004230,100,20
OFF-BI-10002329,100,20
OFF-FA-10000757,100,20
OFF-ST-10003414,100,20
OFF-PA-10001274,100,20
OFF-BI-10004002,100,20
OFF-AR-10004956,100,20
OFF-PA-10000575,100,20
OFF-FA-10002975,100,20
OFF-AP-10000027,100,20
OFF-LA-10004677,100,20
OFF-CAR-10000202,100,20
OFF-SAN-10004420,100,20
OFF-ELI-10002337,100,20
TEC-SAN-10004885,100,20
OFF-NOV-10004680,100,20
OFF-NOV-10001568,100,20
OFF-KRA-10000117,100,20
OFF-ST-10003648,100,20
FUR-CH-10003941,100,20
OFF-ST-10003426,100,20
FUR-CH-10000677,100,20
FUR-FU-10002637,100,20
OFF-FA-10000406,100,20
OFF-BI-10002570,100,20
OFF-BI-10001723,100,20
OFF-BI-10001754,100,20
OFF-LA-10004918,100,20
OFF-AR-10002144,100,20
OFF-LA-10001930,100,20
OFF-AR-10002392,100,20
OFF-AR-10002364,100,20
FUR-FU-10000246,100,20
TEC-PH-10003171,100,20
FUR-FU-10004586,100,20
FUR-FU-10003849,100,20
OFF-ST-10004342,100,20
OFF-FA-10002719,100,20
OFF-FA-10001700,100,20
OFF-FA-10003885,100,20
OFF-EN-10002348,100,20
OFF-FA-10001680,100,20
OFF-AR-10003377,100,20
OFF-FA-10004664,100,20
OFF-SU-10000932,100,20
OFF-LA-10000879,100,20
OFF-SU-10001869,100,20
OFF-BI-10003309,100,20
OFF-AR-10001107,100,20
OFF-LA-10001417,100,20
OFF-LA-10001175,100,20
OFF-LA-10000476,100,20
OFF-AR-10001770,100,20
OFF-EN-10003286,100,20
OFF-TEN-10001160,100,20
OFF-ELI-10001904,100,20
OFF-SME-10001667,100,20
OFF-HON-10000172,100,20
TEC-MEM-10000649,100,20
OFF-FA-10003595,100,20
FUR-FU-10003608,100,20
OFF-FA-10000522,100,20
OFF-FA-10003892,100,20
OFF-AR-10004360,100,20
OFF-EN-10000061,100,20
OFF-BI-10004644,100,20
OFF-BI-10002354,100,20
OFF-AR-10000266,100,20
OFF-LA-10004234,100,20
FUR-FU-10003605,100,20
OFF-ST-10003528,100,20
OFF-EN-10003316,100,20
OFF-AR-10001228,100,20
OFF-FA-10003626,100,20
OFF-PA-10004943,100,20
OFF-AR-10003461,100,20
OFF-LA-10000869,100,20
OFF-SU-10001697,100,20
OFF-FA-10002015,100,20
TEC-AC-10001748,100,20
FUR-FU-10004351,100,20
OFF-PA-10000308,100,20
OFF-PA-10000551,100,20
OFF-ST-10000918,100,20
OFF-ADV-10002549,100,20
OFF-STA-10004108,100,20
TEC-SAN-10004999,100,20
OFF-ENE-10002093,100,20
OFF-TEN-10000894,100,20
OFF-PA-10003492,100,20
OFF-PA-10002328,100,20
OFF-PA-10003718,100,20
OFF-EN-10003507,100,20
OFF-FA-10002991,100,20
OFF-PA-10004024,100,20
TEC-MA-10004857,100,20
OFF-LA-10000685,100,20
OFF-AR-10001525,100,20
OFF-FA-10004795,100,20
OFF-LA-10002289,100,20
OFF-FA-10004447,100,20
OFF-LA-10001312,100,20
OFF-BI-10003985,100,20
OFF-FA-10004269,100,20
OFF-PA-10001837,100,20
OFF-EN-10002500,100,20
OFF-EN-10003160,100,20
OFF-BIC-10004826,100,20
OFF-ELI-10000797,100,20
OFF-EAT-10003338,100,20
OFF-ELD-10002279,100,20
OFF-ELD-10002240,100,20
OFF-SU-10004932,100,20
OFF-AR-10000493,100,20
OFF-FA-10002835,100,20
OFF-EN-10001832,100,20
OFF-PA-10000960,100,20
OFF-PA-10004421,100,20
OFF-LA-10001942,100,20
OFF-ST-10004296,100,20
OFF-LA-10002139,100,20
OFF-LA-10003141,100,20
OFF-LA-10000615,100,20
OFF-PA-10003139,100,20
OFF-AR-10001073,100,20
OFF-BI-10003159,100,20
OFF-PA-10001639,100,20
FUR-FU-10002088,100,20
TEC-AC-10004510,100,20
OFF-ACC-10002327,100,20
OFF-CAR-10002942,100,20
OFF-JIF-10000556,100,20
FUR-ADV-10004718,100,20
OFF-JIF-10002454,100,20
OFF-AME-10001641,100,20
FUR-FU-10000885,100,20
TEC-AC-10000086,100,20
OFF-ST-10001869,100,20
OFF-PA-10003027,100,20
OFF-SU-10003559,100,20
OFF-FA-10002156,100,20
OFF-FA-10001339,100,20
OFF-FA-10000263,100,20
OFF-PA-10000213,100,20
TEC-AC-10002558,100,20
OFF-PA-10001972,100,20
OFF-PA-10004100,100,20
FUR-FU-10000820,100,20
OFF-AP-10003287,100,20
OFF-ST-10004634,100,20
OFF-IBI-10002637,100,20
OFF-HON-10003538,100,20
OFF-CAR-10002031,100,20
OFF-ACC-10002167,100,20
OFF-KLE-10001381,100,20
OFF-EN-10000812,100,20
OFF-ST-10002605,100,20
OFF-PA-10003034,100,20
OFF-ST-10002608,100,20
OFF-AR-10002805,100,20
OFF-EN-10004120,100,20
OFF-EN-10000788,100,20
OFF-EN-10004801,100,20
OFF-BI-10000309,100,20
TEC-AC-10003237,100,20
OFF-KLE-10002118,100,20
OFF-FIS-10002703,100,20
TEC-BEL-10002516,100,20
OFF-LA-10003717,100,20
OFF-FA-10000470,100,20
OFF-EN-10001939,100,20
OFF-PA-10002237,100,20
OFF-BI-10003022,100,20
OFF-ST-10001576,100,20
OFF-PA-10001323,100,20
OFF-PA-10001212,100,20
OFF-LA-10002974,100,20
OFF-EN-10000776,100,20
OFF-FA-10002569,100,20
OFF-PA-10000070,100,20
OFF-FA-10002444,100,20
OFF-BI-10002775,100,20
OFF-PA-10002246,100,20
FUR-FU-10004018,100,20
OFF-BI-10003684,100,20
OFF-AVE-10000585,100,20
OFF-KLE-10000296,100,20
OFF-BOS-10000363,100,20
OFF-ROG-10003300,100,20
OFF-ROG-10000332,100,20
OFF-BI-10000517,100,20
OFF-BI-10000335,100,20
OFF-ST-10001374,100,20
OFF-ST-10002151,100,20
OFF-EN-10003630,100,20
OFF-BI-10004436,100,20
OFF-LA-10000624,100,20
OFF-BI-10003468,100,20
OFF-EN-10002581,100,20
OFF-EN-10003715,100,20
OFF-BI-10002852,100,20
OFF-PA-10004470,100,20
OFF-AR-10000634,100,20
FUR-TA-10003837,100,20
OFF-PA-10000232,100,20
OFF-PA-10004475,100,20
OFF-SU-10004768,100,20
TEC-PH-10004908,100,20
TEC-PH-10004897,100,20
OFF-PA-10000474,100,20
OFF-STO-10000683,100,20
OFF-GLO-10001348,100,20
OFF-BOS-10003113,100,20
OFF-AVE-10004404,100,20
OFF-HOO-10002386,100,20
OFF-PA-10002488,100,20
OFF-LA-10004747,100,20
OFF-AR-10000347,100,20
OFF-FA-10004792,100,20
OFF-BI-10003763,100,20
OFF-AR-10000724,100,20
OFF-ST-10000300,100,20
OFF-LA-10004148,100,20
FUR-FU-10001447,100,20
TEC-AC-10001090,100,20
OFF-SU-10002911,100,20
OFF-FA-10001072,100,20
TEC-AC-10002345,100,20
TEC-PH-10000376,100,20
OFF-ST-10002486,100,20
TEC-PH-10003187,100,20
OFF-BI-10001132,100,20
OFF-PA-10004609,100,20
OFF-HAR-10003514,100,20
TEC-CAN-10001981,100,20
OFF-ROG-10001340,100,20
OFF-PA-10004241,100,20
OFF-FA-10004586,100,20
OFF-BI-10004980,100,20
OFF-EN-10000606,100,20
OFF-LA-10000334,100,20
OFF-ST-10000650,100,20
OFF-AR-10004454,100,20
OFF-PA-10003937,100,20
FUR-FU-10004152,100,20
OFF-FA-10004344,100,20
OFF-BI-10003724,100,20
OFF-AR-10000066,100,20
OFF-ST-10000020,100,20
OFF-PA-10000731,100,20
OFF-PA-10002073,100,20
OFF-FA-10000621,100,20
OFF-FA-10000992,100,20
OFF-SU-10004782,100,20
OFF-AP-10002082,100,20
OFF-BI-10004826,100,20
OFF-AR-10004999,100,20
OFF-BI-10001628,100,20
OFF-ACM-10000476,100,20
OFF-KLE-10003227,100,20
OFF-BIC-10001632,100,20
OFF-ELD-10000024,100,20
OFF-STO-10004971,100,20
OFF-SU-10000388,100,20
OFF-FA-10003985,100,20
OFF-EN-10001616,100,20
OFF-SU-10003115,100,20
OFF-AR-10000594,100,20
OFF-AR-10000124,100,20
OFF-LA-10004727,100,20
OFF-SU-10003267,100,20
OFF-FA-10004824,100,20
OFF-LA-10000880,100,20
OFF-EN-10002736,100,20
OFF-AR-10000681,100,20
OFF-ST-10000268,100,20
OFF-SU-10001770,100,20
OFF-PA-10000030,100,20
OFF-SU-10000178,100,20
OFF-FA-10000294,100,20
OFF-BI-10004121,100,20
OFF-BI-10003638,100,20
OFF-PA-10003919,100,20
OFF-AR-10003045,100,20
OFF-BI-10002794,100,20
OFF-BI-10000948,100,20
OFF-AR-10003770,100,20
OFF-ST-10002562,100,20
OFF-PA-10001583,100,20
OFF-PA-10000349,100,20
OFF-ACC-10003909,100,20
FUR-DEF-10004936,100,20
OFF-HON-10000137,100,20
OFF-BI-10001546,100,20
FUR-CH-10001044,100,20
OFF-FA-10000540,100,20
OFF-SU-10002227,100,20
OFF-PA-10000273,100,20
TEC-PH-10000270,100,20
OFF-BI-10003320,100,20
OFF-FA-10001892,100,20
OFF-LA-10000668,100,20
OFF-FA-10001026,100,20
OFF-LA-10003807,100,20
OFF-PA-10000659,100,20
FUR-FU-10001037,100,20
OFF-LA-10004853,100,20
TEC-AC-10000991,100,20
OFF-AVE-10000418,100,20
FUR-DEF-10002814,100,20
OFF-ACC-10003422,100,20
OFF-CAR-10004293,100,20
TEC-ENE-10000895,100,20
OFF-BIC-10003473,100,20
OFF-ADV-10002299,100,20
OFF-BIC-10004976,100,20
OFF-STO-10004779,100,20
OFF-ADV-10004241,100,20
OFF-LA-10000765,100,20
OFF-BI-10004442,100,20
OFF-LA-10000073,100,20
OFF-FA-10003464,100,20
OFF-BI-10002977,100,20
OFF-EN-10003272,100,20
OFF-LA-10001063,100,20
OFF-AR-10001833,100,20
OFF-BI-10000563,100,20
OFF-LA-10001299,100,20
OFF-LA-10004058,100,20
OFF-FA-10004523,100,20
OFF-BI-10001200,100,20
OFF-LA-10001158,100,20
OFF-SU-10001165,100,20
OFF-SU-10000381,100,20
OFF-BI-10004781,100,20
OFF-BI-10001787,100,20
OFF-PA-10002986,100,20
OFF-AP-10002222,100,20
OFF-GLO-10004160,100,20
OFF-SME-10001852,100,20
OFF-AME-10002081,100,20
OFF-ACC-10003265,100,20
FUR-IKE-10001301,100,20
TEC-PH-10001298,100,20
OFF-PA-10000872,100,20
OFF-FA-10002120,100,20
FUR-FU-10000060,100,20
OFF-FA-10001104,100,20
OFF-PA-10002563,100,20
OFF-BI-10001833,100,20
OFF-ST-10001142,100,20
OFF-AR-10003466,100,20
OFF-LA-10003435,100,20
OFF-BI-10002287,100,20
OFF-FA-10004527,100,20
OFF-AP-10001492,100,20
OFF-PA-10000788,100,20
OFF-AR-10003514,100,20
TEC-AC-10001101,100,20
TEC-AC-10000521,100,20
OFF-NOV-10000512,100,20
OFF-AME-10002697,100,20
OFF-ACM-10004895,100,20
TEC-STA-10001487,100,20
OFF-SAN-10002020,100,20
OFF-BIC-10001458,100,20
OFF-AVE-10004828,100,20
TEC-PH-10003970,100,20
OFF-LA-10003955,100,20
OFF-ST-10002522,100,20
OFF-EN-10003071,100,20
OFF-FA-10002708,100,20
OFF-SU-10002550,100,20
TEC-MA-10001624,100,20
OFF-AR-10002060,100,20
OFF-PA-10004326,100,20
TEC-CO-10002674,100,20
OFF-LA-10000219,100,20
OFF-LA-10002319,100,20
OFF-BI-10001670,100,20
OFF-PA-10001800,100,20
OFF-AR-10002280,100,20
OFF-PA-10004996,100,20
OFF-PA-10004519,100,20
OFF-PA-10000807,100,20
OFF-AP-10002311,100,20
OFF-ROG-10002294,100,20
OFF-CAR-10003703,100,20
OFF-STI-10001743,100,20
OFF-CAR-10004661,100,20
OFF-OIC-10004622,100,20
OFF-BI-10000816,100,20
TEC-AC-10004853,100,20
FUR-CH-10000966,100,20
OFF-FA-10004734,100,20
OFF-BI-10003114,100,20
OFF-FA-10002577,100,20
OFF-AR-10000491,100,20
OFF-LA-10003396,100,20
OFF-LA-10003627,100,20
OFF-SU-10002961,100,20
OFF-LA-10004114,100,20
OFF-FA-10003819,100,20
OFF-LA-10004398,100,20
OFF-AR-10003156,100,20
TEC-PH-10000169,100,20
OFF-PA-10001307,100,20
OFF-FA-10000089,100,20
FUR-FU-10002268,100,20
OFF-PA-10003349,100,20
OFF-AP-10002287,100,20
FUR-FU-10002111,100,20
OFF-PA-10003256,100,20
OFF-NOV-10004671,100,20
OFF-JIF-10003115,100,20
OFF-NOV-10000787,100,20
OFF-BIN-10004563,100,20
FUR-FU-10002659,100,20
OFF-LA-10002354,100,20
OFF-ST-10000290,100,20
OFF-AR-10004920,100,20
OFF-BI-10004142,100,20
OFF-LA-10001038,100,20
OFF-FA-10000577,100,20
OFF-FA-10002791,100,20
TEC-PH-10004071,100,20
OFF-PA-10003424,100,20
OFF-BI-10002309,100,20
TEC-MA-10000752,100,20
OFF-AVE-10002892,100,20
OFF-AVE-10004909,100,20
OFF-STA-10003803,100,20
OFF-FEL-10004974,100,20
OFF-CAM-10001341,100,20
OFF-ENE-10002833,100,20
FUR-OFF-10001552,100,20
OFF-BI-10000506,100,20
OFF-FA-10004775,100,20
OFF-LA-10003515,100,20
OFF-LA-10002868,100,20
OFF-EN-10000251,100,20
OFF-ST-10000442,100,20
OFF-BI-10004861,100,20
OFF-BI-10001685,100,20
OFF-EN-10004590,100,20
OFF-LA-10000984,100,20
OFF-BI-10000721,100,20
OFF-PA-10003405,100,20
OFF-BI-10002005,100,20
TEC-AC-10004633,100,20
OFF-BI-10001989,100,20
OFF-BI-10000632,100,20
OFF-SU-10000946,100,20
OFF-PA-10002377,100,20
TEC-PH-10002365,100,20
OFF-ST-10003996,100,20
OFF-PA-10000295,100,20
OFF-STO-10003728,100,20
FUR-ELD-10004727,100,20
OFF-GLO-10004430,100,20
OFF-OIC-10000988,100,20
FUR-FU-10002004,100,20
FUR-FU-10000944,100,20
OFF-LA-10002673,100,20
OFF-PA-10000863,100,20
OFF-FA-10003836,100,20
OFF-BI-10001384,100,20
OFF-BI-10002243,100,20
OFF-AR-10004817,100,20
FUR-FU-10004164,100,20
FUR-FU-10000771,100,20
OFF-BI-10000315,100,20
TEC-AC-10003499,100,20
OFF-AVE-10004148,100,20
FUR-RUB-10003411,100,20
OFF-FA-10001427,100,20
OFF-LA-10004318,100,20
OFF-SU-10001412,100,20
OFF-LA-10001634,100,20
OFF-PA-10000745,100,20
OFF-PA-10002944,100,20
OFF-EN-10000714,100,20
OFF-SU-10003277,100,20
OFF-FA-10001724,100,20
OFF-LA-10001672,100,20
FUR-FU-10002665,100,20
OFF-LA-10004745,100,20
OFF-LA-10002939,100,20
OFF-BI-10002072,100,20
OFF-BI-10001078,100,20
OFF-PA-10003651,100,20
FUR-FU-10004848,100,20
OFF-PA-10000552,100,20
OFF-BI-10001721,100,20
OFF-PA-10003845,100,20
OFF-SU-10003936,100,20
OFF-STI-10000697,100,20
OFF-STA-10002719,100,20
FUR-IKE-10003642,100,20
OFF-STA-10001747,100,20
OFF-FIS-10002784,100,20
OFF-EN-10003559,100,20
OFF-SU-10004904,100,20
OFF-LA-10003898,100,20
OFF-FA-10002427,100,20
OFF-FA-10004265,100,20
OFF-BI-10003642,100,20
OFF-BI-10000844,100,20
OFF-LA-10001185,100,20
FUR-FU-10001477,100,20
OFF-AR-10000720,100,20
OFF-BI-10001096,100,20
OFF-PA-10003033,100,20
OFF-BI-10002975,100,20
OFF-AR-10001246,100,20
OFF-ST-10000344,100,20
OFF-BI-10004828,100,20
OFF-BI-10000977,100,20
OFF-STO-10003082,100,20
OFF-XER-10000641,100,20
OFF-CAM-10004271,100,20
FUR-NOV-10002911,100,20
OFF-KRA-10001967,100,20
OFF-ENE-10000199,100,20
OFF-KRA-10004892,100,20
OFF-FA-10004206,100,20
OFF-EN-10000358,100,20
OFF-FA-10003007,100,20
OFF-LA-10004933,100,20
OFF-AR-10003913,100,20
OFF-BI-10002681,100,20
OFF-LA-10002635,100,20
OFF-LA-10000598,100,20
OFF-FA-10003161,100,20
FUR-CH-10001146,100,20
OFF-PA-10002005,100,20
OFF-BI-10004224,100,20
OFF-PA-10001166,100,20
OFF-BI-10002353,100,20
OFF-HAR-10001855,100,20
OFF-SAN-10000844,100,20
OFF-EAT-10000820,100,20
TEC-OKI-10003770,100,20
FUR-ELD-10000038,100,20
OFF-AVE-10000894,100,20
OFF-ENE-10000012,100,20
OFF-AME-10000244,100,20
OFF-KRA-10000113,100,20
OFF-FA-10002526,100,20
OFF-PA-10003301,100,20
OFF-SU-10001476,100,20
OFF-FA-10004709,100,20
OFF-FA-10003463,100,20
OFF-LA-10000039,100,20
OFF-AR-10000475,100,20
OFF-BI-10001717,100,20
FUR-FU-10004689,100,20
OFF-BI-10004903,100,20
OFF-SU-10003527,100,20
OFF-AR-10002665,100,20
OFF-FA-10003615,100,20
OFF-EN-10003435,100,20
OFF-LA-10001538,100,20
OFF-AR-10000125,100,20
OFF-PA-10002893,100,20
TEC-AC-10003116,100,20
OFF-BI-10004236,100,20
OFF-SU-10002189,100,20
FUR-FU-10003194,100,20
FUR-FU-10001085,100,20
OFF-AP-10000124,100,20
OFF-PA-10004285,100,20
OFF-BI-10003707,100,20
OFF-AR-10001761,100,20
OFF-ADV-10000425,100,20
FUR-SAF-10002121,100,20
OFF-HAR-10004816,100,20
OFF-XER-10003329,100,20
OFF-CAM-10000497,100,20
FUR-ADV-10001855,100,20
OFF-FA-10002100,100,20
OFF-EN-10004560,100,20
OFF-LA-10001618,100,20
OFF-FA-10000154,100,20
OFF-AR-10001626,100,20
OFF-LA-10001546,100,20
OFF-AR-10001988,100,20
OFF-PA-10004255,100,20
OFF-PA-10004022,100,20
OFF-PA-10004082,100,20
OFF-BI-10003719,100,20
FUR-FU-10002445,100,20
TEC-PH-10000148,100,20
OFF-FA-10000254,100,20
OFF-PA-10004610,100,20
OFF-ENE-10003314,100,20
OFF-STO-10000007,100,20
OFF-ELD-10002578,100,20
OFF-AR-10003680,100,20
FUR-FU-10004427,100,20
OFF-SU-10003629,100,20
OFF-LA-10003583,100,20
OFF-BI-10002040,100,20
OFF-LA-10003390,100,20
OFF-SU-10003332,100,20
OFF-LA-10002876,100,20
OFF-FA-10001126,100,20
OFF-EN-10000726,100,20
OFF-LA-10002180,100,20
OFF-LA-10001731,100,20
OFF-EN-10003862,100,20
TEC-PH-10000923,100,20
OFF-EN-10002973,100,20
OFF-LA-10004409,100,20
OFF-LA-10000407,100,20
OFF-LA-10004093,100,20
OFF-AR-10003394,100,20
OFF-BI-10003694,100,20
TEC-AC-10002217,100,20
OFF-IBI-10000080,100,20
OFF-HON-10001783,100,20
OFF-NOV-10004048,100,20
OFF-ELD-10000967,100,20
OFF-WIL-10001801,100,20
OFF-AVE-10004412,100,20
OFF-IBI-10004074,100,20
OFF-HAR-10003580,100,20
TEC-SAN-10001899,100,20
OFF-BI-10003472,100,20
OFF-AR-10003336,100,20
OFF-FA-10004410,100,20
OFF-FA-10003879,100,20
OFF-ST-10001413,100,20
OFF-LA-10000296,100,20
OFF-FA-10003462,100,20
FUR-FU-10002557,100,20
OFF-EN-10002065,100,20
OFF-PA-10000809,100,20
OFF-AR-10000127,100,20
OFF-PA-10002479,100,20
TEC-PH-10002185,100,20
OFF-PA-10000048,100,20
OFF-AR-10003986,100,20
OFF-STA-10004327,100,20
OFF-SAN-10004232,100,20
TEC-CIS-10000436,100,20
OFF-ENE-10001356,100,20
OFF-ROG-10002866,100,20
OFF-BIN-10000561,100,20
OFF-AVE-10000110,100,20
OFF-LA-10002895,100,20
OFF-BI-10002937,100,20
OFF-ST-10001227,100,20
OFF-PA-10001761,100,20
OFF-ST-10003800,100,20
OFF-FA-10003542,100,20
OFF-BI-10000815,100,20
OFF-LA-10002752,100,20
OFF-AR-10001546,100,20
OFF-FA-10000834,100,20
OFF-BI-10001867,100,20
OFF-SU-10004575,100,20
OFF-AR-10000658,100,20
OFF-PA-10000019,100,20
OFF-AR-10004930,100,20
OFF-BI-10000088,100,20
OFF-BI-10000962,100,20
OFF-AP-10000804,100,20
OFF-BI-10003984,100,20
OFF-PA-10000520,100,20
FUR-FU-10003731,100,20
OFF-WIL-10002772,100,20
OFF-AME-10003180,100,20
OFF-SME-10002870,100,20
OFF-XER-10001513,100,20
OFF-KLE-10002550,100,20
OFF-HAR-10001913,100,20
OFF-OIC-10004999,100,20
OFF-FA-10003931,100,20
OFF-EN-10000543,100,20
OFF-LA-10000950,100,20
OFF-SU-10004115,100,20
OFF-AR-10001419,100,20
OFF-EN-10002312,100,20
FUR-FU-10001967,100,20
FUR-FU-10000320,100,20
OFF-SU-10004661,100,20
TEC-PH-10000702,100,20
OFF-BI-10002026,100,20
OFF-BI-10000474,100,20
FUR-ELD-10001413,100,20
OFF-STO-10001150,100,20
OFF-AVE-10000065,100,20
OFF-KRA-10002752,100,20
OFF-GLO-10003650,100,20
OFF-ADV-10003369,100,20
OFF-AVE-10000802,100,20
OFF-SAN-10004602,100,20
OFF-EN-10003175,100,20
OFF-PA-10001470,100,20
OFF-EN-10003898,100,20
OFF-SU-10001368,100,20
OFF-ST-10001372,100,20
OFF-FA-10002652,100,20
FUR-FU-10002957,100,20
OFF-LA-10002733,100,20
OFF-ST-10004841,100,20
OFF-BI-10003713,100,20
OFF-FA-10001650,100,20
OFF-EN-10001715,100,20
FUR-FU-10004415,100,20
FUR-FU-10003832,100,20
OFF-BI-10001617,100,20
OFF-ST-10002214,100,20
OFF-EN-10004459,100,20
OFF-ROG-10001549,100,20
OFF-NOV-10000721,100,20
OFF-ROG-10003733,100,20
OFF-IBI-10000959,100,20
OFF-SU-10004780,100,20
OFF-LA-10002650,100,20
OFF-EN-10003636,100,20
OFF-AR-10000845,100,20
OFF-PA-10003105,100,20
OFF-LA-10001830,100,20
OFF-EN-10001154,100,20
OFF-FA-10002058,100,20
OFF-FA-10000197,100,20
FUR-FU-10001424,100,20
OFF-PA-10001685,100,20
OFF-ST-10002406,100,20
OFF-BI-10002225,100,20
OFF-BOS-10000477,100,20
OFF-HON-10002389,100,20
OFF-STI-10000305,100,20
OFF-ACM-10002816,100,20
OFF-SAN-10001326,100,20
OFF-ADV-10001124,100,20
OFF-NOV-10000092,100,20
OFF-PA-10002303,100,20
OFF-FA-10003058,100,20
OFF-BI-10003400,100,20
TEC-MA-10003261,100,20
FUR-FU-10000295,100,20
OFF-AR-10000091,100,20
OFF-BI-10002047,100,20
OFF-LA-10000519,100,20
OFF-ST-10002340,100,20
OFF-BI-10000267,100,20
OFF-BI-10000439,100,20
OFF-LA-10003848,100,20
OFF-ST-10002791,100,20
OFF-BOS-10001753,100,20
TEC-PH-10002844,100,20
FUR-FU-10003878,100,20
OFF-BI-10002706,100,20
OFF-FA-10004395,100,20
OFF-SU-10002557,100,20
OFF-PA-10003016,100,20
OFF-AP-10003971,100,20
OFF-PA-10003441,100,20
OFF-AR-10002766,100,20
OFF-SME-10004740,100,20
OFF-JIF-10000843,100,20
OFF-ENE-10003066,100,20
OFF-HAR-10004099,100,20
OFF-PA-10004531,100,20
OFF-BI-10004428,100,20
OFF-BI-10000631,100,20
FUR-FU-10003283,100,20
FUR-FU-10004903,100,20
OFF-BI-10003718,100,20
FUR-FU-10001008,100,20
OFF-BI-10002296,100,20
OFF-FA-10003529,100,20
OFF-BI-10001900,100,20
OFF-SU-10001657,100,20
OFF-FA-10004665,100,20
OFF-LA-10001284,100,20
OFF-LA-10002741,100,20
OFF-LA-10002633,100,20
OFF-ST-10000617,100,20
TEC-AC-10002399,100,20
OFF-PA-10001804,100,20
OFF-ST-10001128,100,20
OFF-BI-10004230,100,20
OFF-EN-10003134,100,20
FUR-FU-10000175,100,20
OFF-SU-10004290,100,20
OFF-HON-10003230,100,20
OFF-SAN-10003368,100,20
OFF-LA-10001019,100,20
OFF-LA-10001677,100,20
OFF-LA-10004312,100,20
OFF-EN-10002624,100,20
OFF-LA-10000897,100,20
OFF-AR-10000751,100,20
OFF-ST-10004097,100,20
OFF-BI-10001804,100,20
OFF-LA-10002272,100,20
OFF-LA-10004488,100,20
OFF-EN-10000387,100,20
OFF-LA-10003155,100,20
OFF-BI-10001636,100,20
OFF-BI-10002498,100,20
OFF-AR-10004165,100,20
OFF-PA-10000223,100,20
OFF-LA-10002945,100,20
OFF-BIC-10003800,100,20
OFF-NOV-10003578,100,20
OFF-BOS-10000577,100,20
OFF-SME-10004256,100,20
OFF-SU-10004192,100,20
OFF-LA-10003337,100,20
OFF-FA-10004781,100,20
OFF-FA-10000455,100,20
OFF-SU-10003632,100,20
OFF-FA-10002248,100,20
OFF-LA-10000356,100,20
OFF-BI-10004098,100,20
OFF-BI-10002594,100,20
OFF-LA-10003132,100,20
OFF-FA-10002101,100,20
OFF-PA-10004101,100,20
OFF-LA-10004008,100,20
OFF-ST-10004835,100,20
TEC-AC-10001714,100,20
OFF-PA-10000605,100,20
OFF-SME-10004247,100,20
OFF-STO-10004496,100,20
OFF-OIC-10004253,100,20
OFF-AME-10000870,100,20
OFF-SAN-10004824,100,20
OFF-LA-10001800,100,20
OFF-BI-10004148,100,20
OFF-BI-10000769,100,20
OFF-PA-10004501,100,20
OFF-ST-10003335,100,20
OFF-LA-10004753,100,20
OFF-FA-10002715,100,20
FUR-FU-10001351,100,20
OFF-FA-10001702,100,20
OFF-LA-10004919,100,20
OFF-LA-10002744,100,20
OFF-FA-10003015,100,20
OFF-PA-10004735,100,20
OFF-PA-10004405,100,20
OFF-PA-10004355,100,20
FUR-FU-10001861,100,20
OFF-EN-10004846,100,20
OFF-LA-10002043,100,20
OFF-PA-10000143,100,20
OFF-ELD-10002207,100,20
OFF-STA-10003027,100,20
OFF-AVE-10004570,100,20
OFF-BOS-10001711,100,20
OFF-SME-10004519,100,20
OFF-AR-10002096,100,20
OFF-PA-10002193,100,20
OFF-PA-10002818,100,20
OFF-SU-10004091,100,20
OFF-AR-10002811,100,20
OFF-BI-10002715,100,20
OFF-BI-10004275,100,20
OFF-FA-10003659,100,20
OFF-BI-10000312,100,20
OFF-BI-10000894,100,20
OFF-BI-10002738,100,20
OFF-BI-10002083,100,20
OFF-FA-10001621,100,20
OFF-SU-10003780,100,20
TEC-AC-10002331,100,20
FUR-FU-10002107,100,20
OFF-AR-10002987,100,20
OFF-PA-10004239,100,20
OFF-BI-10001196,100,20
OFF-AR-10000203,100,20
OFF-BOS-10002705,100,20
OFF-XER-10003203,100,20
OFF-ACC-10000375,100,20
OFF-ROG-10001818,100,20
OFF-BIN-10003327,100,20
FUR-ADV-10003147,100,20
OFF-BOS-10003478,100,20
OFF-LA-10000448,100,20
OFF-LA-10002063,100,20
OFF-AR-10001738,100,20
FUR-FU-10004790,100,20
FUR-FU-10004923,100,20
OFF-AR-10002535,100,20
OFF-ST-10001195,100,20
OFF-FA-10001925,100,20
OFF-LA-10000322,100,20
OFF-FA-10001563,100,20
OFF-EN-10000219,100,20
OFF-LA-10004714,100,20
FUR-FU-10003724,100,20
FUR-FU-10000732,100,20
OFF-EN-10003845,100,20
OFF-BIN-10001257,100,20
OFF-AME-10000360,100,20
OFF-STO-10004910,100,20
FUR-NOV-10000222,100,20
OFF-AME-10003167,100,20
FUR-DEF-10002865,100,20
OFF-TEN-10001480,100,20
OFF-OIC-10004810,100,20
OFF-EAT-10002463,100,20
OFF-OIC-10004536,100,20
OFF-LA-10003809,100,20
OFF-AR-10002677,100,20
OFF-ST-10003729,100,20
OFF-ST-10002466,100,20
OFF-LA-10001202,100,20
OFF-LA-10002295,100,20
OFF-EN-10002850,100,20
OFF-BI-10003018,100,20
OFF-PA-10003938,100,20
OFF-ST-10003274,100,20
FUR-FU-10000921,100,20
OFF-LA-10002806,100,20
OFF-ST-10000025,100,20
OFF-BI-10002003,100,20
OFF-PA-10004675,100,20
OFF-BI-10004492,100,20
OFF-EN-10003068,100,20
OFF-ST-10001590,100,20
OFF-PA-10003270,100,20
OFF-FEL-10001343,100,20
OFF-ELD-10001293,100,20
OFF-HAR-10000242,100,20
OFF-ACC-10004748,100,20
OFF-SME-10001754,100,20
OFF-HON-10004621,100,20
OFF-STO-10000753,100,20
OFF-ELI-10001812,100,20
OFF-ST-10002546,100,20
OFF-LA-10004164,100,20
OFF-BI-10001362,100,20
OFF-FA-10000300,100,20
OFF-BI-10001284,100,20
OFF-LA-10002258,100,20
OFF-LA-10000714,100,20
OFF-FA-10000087,100,20
OFF-BI-10004195,100,20
OFF-LA-10003969,100,20
OFF-BI-10003440,100,20
FUR-CH-10004969,100,20
OFF-LA-10000648,100,20
OFF-LA-10000216,100,20
OFF-FA-10000353,100,20
OFF-BI-10003917,100,20
OFF-EN-10001958,100,20
FUR-FU-10001475,100,20
OFF-LA-10003223,100,20
OFF-FA-10001229,100,20
OFF-ACC-10003925,100,20
OFF-BIC-10001510,100,20
OFF-ACM-10000570,100,20
OFF-AME-10002376,100,20
OFF-STO-10000347,100,20
TEC-CO-10001037,100,20
OFF-BI-10000542,100,20
OFF-LA-10000203,100,20
TEC-AC-10003955,100,20
OFF-AR-10003551,100,20
OFF-ST-10002233,100,20
OFF-PA-10002295,100,20
OFF-FA-10003139,100,20
OFF-LA-10000688,100,20
OFF-BI-10003588,100,20
OFF-PA-10001560,100,20
OFF-PA-10000726,100,20
OFF-PA-10001892,100,20
OFF-PA-10004451,100,20
OFF-BI-10003669,100,20
OFF-PA-10002262,100,20
OFF-PA-10001934,100,20
OFF-BI-10000822,100,20
OFF-AP-10003281,100,20
OFF-NOV-10002952,100,20
OFF-CAR-10003259,100,20
OFF-AVE-10001079,100,20
OFF-STI-10001162,100,20
OFF-LA-10003140,100,20
OFF-AR-10004218,100,20
OFF-FA-10000038,100,20
OFF-BI-10000280,100,20
TEC-PH-10003764,100,20
OFF-BI-10002986,100,20
OFF-EN-10003601,100,20
OFF-LA-10001092,100,20
OFF-BI-10002919,100,20
OFF-LA-10001444,100,20
OFF-EN-10003072,100,20
FUR-FU-10000221,100,20
OFF-BI-10003305,100,20
OFF-LA-10001982,100,20
OFF-PA-10000528,100,20
OFF-HON-10003010,100,20
OFF-SAN-10002441,100,20
OFF-KLE-10001794,100,20
OFF-TEN-10003127,100,20
OFF-ADV-10003125,100,20
OFF-ELD-10003918,100,20
OFF-STO-10004841,100,20
OFF-ACC-10001993,100,20
OFF-FA-10002895,100,20
OFF-LA-10002183,100,20
FUR-FU-10004015,100,20
TEC-AC-10000151,100,20
OFF-FA-10004649,100,20
FUR-FU-10003658,100,20
TEC-MA-10001267,100,20
OFF-FA-10004027,100,20
FUR-FU-10003214,100,20
FUR-FU-10000628,100,20
OFF-LA-10002596,100,20
OFF-LA-10004756,100,20
OFF-EN-10002003,100,20
OFF-FA-10003954,100,20
OFF-PA-10000955,100,20
OFF-AR-10001130,100,20
OFF-LA-10002195,100,20
OFF-PA-10004156,100,20
OFF-NOV-10001753,100,20
OFF-ACC-10003806,100,20
TEC-BEL-10004950,100,20
OFF-AVE-10004536,100,20
OFF-WIL-10002153,100,20
OFF-KLE-10000527,100,20
OFF-CAR-10000687,100,20
OFF-AVE-10004308,100,20
OFF-HAR-10002479,100,20
OFF-LA-10000116,100,20
OFF-LA-10003372,100,20
OFF-AR-10000740,100,20
OFF-LA-10002972,100,20
OFF-LA-10002651,100,20
OFF-LA-10002703,100,20
OFF-FA-10002481,100,20
OFF-BI-10002558,100,20
OFF-EN-10001528,100,20
FUR-FU-10002885,100,20
OFF-PA-10001569,100,20
OFF-AR-10000614,100,20
OFF-ST-10001325,100,20
TEC-AC-10002018,100,20
OFF-PA-10001752,100,20
TEC-PH-10002583,100,20
OFF-AP-10004708,100,20
OFF-IBI-10000440,100,20
OFF-STO-10004302,100,20
OFF-OIC-10001155,100,20
OFF-STA-10001895,100,20
OFF-BI-10000325,100,20
OFF-LA-10000633,100,20
OFF-AR-10004818,100,20
OFF-AR-10004173,100,20
OFF-BI-10001248,100,20
TEC-CO-10000372,100,20
OFF-LA-10004543,100,20
OFF-BI-10001055,100,20
OFF-BI-10000341,100,20
OFF-LA-10004132,100,20
OFF-LA-10002765,100,20
OFF-AP-10001529,100,20
OFF-FA-10004606,100,20
OFF-BI-10000069,100,20
OFF-AR-10001166,100,20
OFF-SU-10002522,100,20
FUR-FU-10002191,100,20
OFF-LA-10002475,100,20
FUR-FU-10004053,100,20
OFF-ACC-10002849,100,20
OFF-GLO-10000201,100,20
OFF-AVE-10003558,100,20
OFF-WIL-10001979,100,20
FUR-TEN-10003648,100,20
OFF-STO-10000923,100,20
OFF-KLE-10001317,100,20
OFF-ACC-10002425,100,20
OFF-STA-10000298,100,20
OFF-STO-10003342,100,20
OFF-FA-10000467,100,20
OFF-FA-10004813,100,20
OFF-BI-10000126,100,20
OFF-PA-10000032,100,20
OFF-LA-10004239,100,20
OFF-SU-10002627,100,20
OFF-FA-10002268,100,20
OFF-BI-10000124,100,20
OFF-LA-10002943,100,20
OFF-LA-10003381,100,20
OFF-LA-10004430,100,20
TEC-AC-10002568,100,20
OFF-BI-10000777,100,20
OFF-BI-10002684,100,20
OFF-LA-10000959,100,20
OFF-BI-10000724,100,20
TEC-AC-10001445,100,20
OFF-AR-10000034,100,20
OFF-PA-10003543,100,20
FUR-FU-10001940,100,20
OFF-PA-10000304,100,20
TEC-PH-10003655,100,20
OFF-EN-10002621,100,20
OFF-PA-10002109,100,20
TEC-AC-10004877,100,20
OFF-AR-10004269,100,20
OFF-PA-10000743,100,20
OFF-SME-10004160,100,20
OFF-SME-10003746,100,20
OFF-TEN-10003948,100,20
OFF-KLE-10000228,100,20
OFF-ACC-10002834,100,20
OFF-CAR-10004229,100,20
OFF-STO-10001839,100,20
OFF-OIC-10003518,100,20
OFF-STO-10004495,100,20
OFF-AR-10004652,100,20
FUR-FU-10000342,100,20
OFF-LA-10004777,100,20
OFF-EN-10003999,100,20
OFF-BI-10003503,100,20
OFF-EN-10003832,100,20
OFF-PA-10000601,100,20
OFF-LA-10003617,100,20
OFF-FA-10004545,100,20
OFF-PA-10002751,100,20
OFF-AR-10000896,100,20
OFF-AR-10000315,100,20
OFF-BI-10001072,100,20
FUR-FU-10001847,100,20
OFF-AP-10003622,100,20
OFF-PA-10000859,100,20
OFF-BI-10003429,100,20
OFF-SME-10003305,100,20
OFF-TEN-10002065,100,20
OFF-NOV-10004585,100,20
OFF-AVE-10000909,100,20
OFF-ACC-10000233,100,20
OFF-SAN-10001295,100,20
OFF-SME-10004518,100,20
OFF-BOS-10002558,100,20
OFF-LA-10002598,100,20
OFF-ST-10003331,100,20
OFF-BI-10001598,100,20
OFF-BI-10004080,100,20
OFF-FA-10004920,100,20
FUR-FU-10003414,100,20
OFF-BI-10002523,100,20
FUR-FU-10002751,100,20
FUR-BO-10004119,100,20
OFF-LA-10001413,100,20
OFF-AR-10000799,100,20
OFF-LA-10003778,100,20
OFF-BI-10003646,100,20
OFF-BI-10001067,100,20
OFF-PA-10004613,100,20
OFF-EN-10004144,100,20
OFF-LA-10000707,100,20
OFF-BI-10003323,100,20
OFF-LA-10003714,100,20
OFF-PA-10000380,100,20
FUR-FU-10002505,100,20
OFF-GRE-10000328,100,20
OFF-EAT-10001933,100,20
FUR-DEF-10004355,100,20
OFF-NOV-10003180,100,20
OFF-CAR-10004408,100,20
OFF-ELD-10000819,100,20
OFF-ENE-10002038,100,20
OFF-SAN-10004339,100,20
OFF-WIL-10003933,100,20
OFF-BIN-10002061,100,20
OFF-HON-10004800,100,20
OFF-LA-10000970,100,20
OFF-BI-10000188,100,20
OFF-EN-10004030,100,20
OFF-LA-10002782,100,20
OFF-LA-10002625,100,20
OFF-BI-10000583,100,20
OFF-LA-10000732,100,20
OFF-BI-10004369,100,20
OFF-PA-10003906,100,20
OFF-BI-10000518,100,20
OFF-EN-10000224,100,20
OFF-BI-10000373,100,20
OFF-LA-10003663,100,20
OFF-FA-10002701,100,20
OFF-BI-10001658,100,20
FUR-FU-10000023,100,20
OFF-BI-10004965,100,20
OFF-PA-10002160,100,20
OFF-SU-10000432,100,20
OFF-LA-10002473,100,20
OFF-AR-10001231,100,20
OFF-LA-10002271,100,20
OFF-FA-10001135,100,20
OFF-AVE-10004708,100,20
OFF-SME-10001800,100,20
OFF-BIC-10000041,100,20
FUR-ADV-10003326,100,20
OFF-CAM-10003488,100,20
OFF-STO-10004503,100,20
OFF-ADV-10000331,100,20
OFF-HAR-10000495,100,20
OFF-BI-10002222,100,20
OFF-LA-10002883,100,20
OFF-LA-10001294,100,20
OFF-BI-10004305,100,20
OFF-PA-10002258,100,20
OFF-LA-10004495,100,20
OFF-FA-10001684,100,20
OFF-BI-10003152,100,20
OFF-EN-10003484,100,20
OFF-AR-10002852,100,20
OFF-SU-10001137,100,20
OFF-BI-10000121,100,20
OFF-LA-10000767,100,20
OFF-BI-10002712,100,20
OFF-BI-10002386,100,20
OFF-FA-10004854,100,20
OFF-PA-10003072,100,20
OFF-EN-10004483,100,20
OFF-AR-10001177,100,20
TEC-AC-10004209,100,20
OFF-BI-10001758,100,20
OFF-ACC-10004692,100,20
OFF-IBI-10000099,100,20
OFF-ACM-10000777,100,20
OFF-HAR-10001714,100,20
OFF-HAR-10000501,100,20
OFF-STO-10002857,100,20
OFF-ACM-10003591,100,20
OFF-TEN-10001585,100,20
OFF-IBI-10000951,100,20
OFF-STA-10000244,100,20
OFF-SU-10003485,100,20
OFF-EN-10003661,100,20
OFF-FA-10004186,100,20
OFF-FA-10001401,100,20
OFF-AR-10000719,100,20
OFF-BI-10004054,100,20
OFF-LA-10004332,100,20
OFF-LA-10003283,100,20
OFF-BI-10002301,100,20
OFF-BI-10004440,100,20
OFF-FA-10003962,100,20
OFF-LA-10002107,100,20
OFF-LA-10004462,100,20
OFF-BI-10001135,100,20
OFF-LA-10003077,100,20
OFF-FA-10004076,100,20
OFF-PA-10000174,100,20
OFF-PA-10002195,100,20
OFF-BI-10004506,100,20
OFF-CAM-10001690,100,20
OFF-ROG-10002279,100,20
OFF-EAT-10001303,100,20
OFF-HON-10000966,100,20
OFF-BIC-10003575,100,20
FUR-ADV-10004395,100,20
OFF-OIC-10003879,100,20
OFF-IBI-10003422,100,20
OFF-BIN-10004569,100,20
FUR-CH-10004062,100,20
TEC-AC-10001948,100,20
FUR-FU-10004842,100,20
OFF-LA-10003821,100,20
OFF-FA-10004626,100,20
OFF-BI-10000185,100,20
OFF-LA-10001287,100,20
OFF-EN-10003604,100,20
OFF-AR-10001898,100,20
OFF-EN-10001991,100,20
OFF-EN-10003391,100,20
OFF-FA-10003779,100,20
OFF-AP-10001824,100,20
OFF-AP-10000696,100,20
OFF-PA-10000029,100,20
OFF-FA-10002780,100,20
OFF-AR-10003481,100,20
OFF-FA-10002763,100,20
FUR-FU-10001473,100,20
OFF-AP-10004868,100,20
OFF-PA-10002947,100,20
FUR-FU-10002240,100,20
OFF-PA-10002689,100,20
OFF-PA-10001950,100,20
OFF-TEN-10003211,100,20
OFF-CAM-10001761,100,20
OFF-AME-10002949,100,20
OFF-HON-10001723,100,20
OFF-GRE-10001814,100,20
OFF-ACC-10004182,100,20
OFF-WIL-10000986,100,20
OFF-CAR-10004886,100,20
OFF-SME-10001149,100,20
OFF-GLO-10000617,100,20
OFF-SME-10000675,100,20
OFF-BI-10001167,100,20
OFF-PA-10001448,100,20
OFF-FA-10004377,100,20
OFF-SU-10001683,100,20
OFF-FA-10003929,100,20
OFF-BI-10001191,100,20
OFF-LA-10004182,100,20
OFF-BI-10001544,100,20
OFF-LA-10001184,100,20
OFF-ST-10000752,100,20
OFF-LA-10003236,100,20
OFF-LA-10002493,100,20
OFF-AR-10003875,100,20
OFF-LA-10001404,100,20
OFF-PA-10000533,100,20
OFF-BI-10000829,100,20
TEC-PH-10003988,100,20
OFF-BI-10000216,100,20
OFF-PA-10001622,100,20
OFF-AR-10002467,100,20
OFF-BI-10004308,100,20
OFF-PA-10002245,100,20
TEC-AC-10000199,100,20
OFF-PA-10002137,100,20
OFF-ACC-10002772,100,20
OFF-STA-10000155,100,20
OFF-SME-10004754,100,20
OFF-BIN-10000711,100,20
OFF-FEL-10002399,100,20
FUR-RUB-10002021,100,20
OFF-ACC-10004430,100,20
OFF-STO-10001310,100,20
OFF-EAT-10004307,100,20
OFF-BIC-10003654,100,20
FUR-ELD-10003828,100,20
OFF-BOS-10004950,100,20
OFF-ACC-10004008,100,20
OFF-HON-10001508,100,20
OFF-SU-10000066,100,20
OFF-LA-10001256,100,20
OFF-FA-10000099,100,20
TEC-MA-10000261,100,20
OFF-LA-10003231,100,20
OFF-ST-10001694,100,20
OFF-LA-10000095,100,20
OFF-PA-10004815,100,20
OFF-AR-10001922,100,20
OFF-ST-10003606,100,20
OFF-PA-10002514,100,20
OFF-PA-10001006,100,20
OFF-BI-10001347,100,20
OFF-BI-10001982,100,20
OFF-AR-10003560,100,20
OFF-AR-10000369,100,20
OFF-BI-10002824,100,20
OFF-BI-10002103,100,20
OFF-AR-10003477,100,20
OFF-EAT-10004051,100,20
OFF-BIC-10002722,100,20
OFF-KRA-10002094,100,20
OFF-TEN-10000827,100,20
OFF-BIN-10002407,100,20
OFF-SAN-10003041,100,20
OFF-LA-10001582,100,20
FUR-FU-10003901,100,20
FUR-FU-10000350,100,20
OFF-AR-10002153,100,20
OFF-SU-10001851,100,20
FUR-BO-10003221,100,20
OFF-BI-10000397,100,20
OFF-BI-10000171,100,20
TEC-AC-10003407,100,20
OFF-AR-10001940,100,20
OFF-AR-10003958,100,20
OFF-BI-10004410,100,20
TEC-PH-10003442,100,20
OFF-LA-10000443,100,20
OFF-LA-10004425,100,20
OFF-PA-10003790,100,20
OFF-AP-10004052,100,20
OFF-PA-10001870,100,20
OFF-AR-10001216,100,20
OFF-BI-10000174,100,20
OFF-AR-10002053,100,20
OFF-AR-10003856,100,20
OFF-ELD-10001882,100,20
OFF-CAM-10001177,100,20
OFF-BIN-10001274,100,20
OFF-ADV-10000213,100,20
TEC-MEM-10000263,100,20
OFF-ACC-10004871,100,20
OFF-SME-10000258,100,20
TEC-ENE-10001355,100,20
OFF-SAN-10004618,100,20
FUR-FU-10000488,100,20
OFF-FA-10000091,100,20
OFF-LA-10002980,100,20
OFF-FA-10001567,100,20
OFF-PA-10000091,100,20
OFF-BI-10001892,100,20
OFF-BI-10002062,100,20
OFF-LA-10000151,100,20
TEC-AC-10001719,100,20
OFF-BI-10000821,100,20
OFF-PA-10000816,100,20
OFF-AR-10003031,100,20
OFF-LA-10001764,100,20
OFF-BI-10001324,100,20
OFF-PA-10000130,100,20
OFF-AR-10004752,100,20
OFF-PA-10002787,100,20
OFF-PA-10000682,100,20
OFF-LA-10002381,100,20
OFF-AR-10000657,100,20
FUR-FU-10001731,100,20
FUR-DEF-10003140,100,20
OFF-OIC-10002160,100,20
OFF-JIF-10003890,100,20
OFF-AME-10000851,100,20
OFF-OIC-10002266,100,20
OFF-FEL-10000998,100,20
OFF-AVE-10000608,100,20
OFF-KLE-10002869,100,20
OFF-STA-10004484,100,20
OFF-EAT-10000522,100,20
OFF-LA-10002389,100,20
OFF-EN-10002226,100,20
OFF-FA-10002286,100,20
OFF-PA-10002011,100,20
OFF-FA-10000713,100,20
FUR-FU-10004888,100,20
FUR-CH-10004676,100,20
OFF-AR-10003113,100,20
OFF-PA-10003943,100,20
OFF-BI-10000960,100,20
TEC-AC-10000290,100,20
OFF-FA-10001754,100,20
OFF-BI-10001553,100,20
OFF-BI-10001634,100,20
OFF-FA-10004968,100,20
FUR-FU-10003274,100,20
OFF-BI-10002049,100,20
OFF-PA-10001471,100,20
TEC-AC-10000487,100,20
OFF-CAM-10003511,100,20
OFF-BOS-10001576,100,20
OFF-STA-10001636,100,20
OFF-HON-10002456,100,20
OFF-HAR-10001310,100,20
OFF-IBI-10002805,100,20
OFF-XER-10003300,100,20
OFF-HAR-10002914,100,20
OFF-FA-10003496,100,20
OFF-FA-10002782,100,20
OFF-EN-10004190,100,20
OFF-LA-10002681,100,20
OFF-LA-10004576,100,20
OFF-LA-10000934,100,20
OFF-LA-10002848,100,20
OFF-BI-10003975,100,20
OFF-LA-10002731,100,20
OFF-FA-10000439,100,20
OFF-BI-10004908,100,20
OFF-SU-10002611,100,20
OFF-ST-10004035,100,20
OFF-BI-10002446,100,20
OFF-PA-10004268,100,20
TEC-PH-10004300,100,20
OFF-EN-10000615,100,20
FUR-FU-10002597,100,20
OFF-AR-10001149,100,20
OFF-FA-10003485,100,20
TEC-AC-10002370,100,20
OFF-CAR-10001746,100,20
OFF-JIF-10004822,100,20
FUR-DEF-10003676,100,20
OFF-OIC-10001477,100,20
OFF-AVE-10004310,100,20
OFF-BIN-10000837,100,20
FUR-TEN-10003900,100,20
OFF-ACC-10000798,100,20
OFF-FEL-10002158,100,20
OFF-CAR-10001471,100,20
OFF-GLO-10001688,100,20
OFF-BI-10001613,100,20
OFF-BI-10004491,100,20
OFF-EN-10002559,100,20
OFF-PA-10001661,100,20
OFF-EN-10003080,100,20
OFF-EN-10003977,100,20
OFF-BI-10003012,100,20
OFF-BI-10001659,100,20
OFF-LA-10003644,100,20
FUR-FU-10002848,100,20
OFF-AR-10003811,100,20
OFF-FA-10001843,100,20
OFF-AR-10002399,100,20
TEC-AC-10003832,100,20
FUR-FU-10003142,100,20
OFF-BI-10002949,100,20
OFF-EN-10001509,100,20
TEC-SAM-10003891,100,20
OFF-ELD-10003181,100,20
OFF-HAR-10003659,100,20
OFF-HAR-10000187,100,20
TEC-CIS-10001767,100,20
FUR-DEF-10000495,100,20
OFF-AVE-10003465,100,20
OFF-BI-10000925,100,20
OFF-LA-10000276,100,20
OFF-AR-10000980,100,20
OFF-PA-10002352,100,20
OFF-FA-10004175,100,20
OFF-AR-10000316,100,20
OFF-LA-10000379,100,20
OFF-LA-10004122,100,20
OFF-EN-10000114,100,20
OFF-AR-10002221,100,20
OFF-FA-10000936,100,20
OFF-PA-10004000,100,20
OFF-AR-10003504,100,20
OFF-PA-10003309,100,20
OFF-BI-10004094,100,20
OFF-AR-10003251,100,20
OFF-JIF-10002621,100,20
OFF-SAN-10002639,100,20
OFF-IBI-10004323,100,20
OFF-BIN-10001385,100,20
OFF-EAT-10003094,100,20
OFF-AVE-10001847,100,20
OFF-STO-10003802,100,20
OFF-AVE-10004508,100,20
OFF-STO-10003098,100,20
OFF-SME-10003047,100,20
OFF-FA-10000509,100,20
OFF-LA-10001867,100,20
OFF-LA-10002688,100,20
OFF-BI-10003999,100,20
OFF-FA-10001113,100,20
OFF-BI-10004722,100,20
OFF-EN-10001975,100,20
OFF-AR-10003673,100,20
OFF-PA-10003899,100,20
OFF-BI-10000305,100,20
OFF-BI-10001757,100,20
TEC-AC-10004127,100,20
OFF-SU-10001574,100,20
OFF-AR-10003056,100,20
OFF-ST-10003572,100,20
FUR-FU-10003981,100,20
OFF-LA-10000081,100,20
OFF-AR-10002257,100,20
TEC-PH-10004700,100,20
OFF-BI-10003476,100,20
OFF-XER-10003104,100,20
OFF-SAN-10001345,100,20
OFF-ACC-10004322,100,20
OFF-STO-10002042,100,20
OFF-SAN-10004746,100,20
OFF-STO-10002661,100,20
OFF-FIS-10001399,100,20
OFF-HON-10001102,100,20
OFF-SME-10001853,100,20
OFF-ST-10003056,100,20
OFF-EN-10004909,100,20
OFF-BI-10003184,100,20
OFF-FA-10000189,100,20
OFF-LA-10001676,100,20
OFF-BI-10002278,100,20
OFF-BI-10003582,100,20
OFF-BI-10002853,100,20
TEC-AC-10001840,100,20
OFF-FA-10004248,100,20
OFF-LA-10000248,100,20
OFF-AR-10003651,100,20
OFF-AR-10002578,100,20
OFF-AR-10000246,100,20
OFF-BI-10003166,100,20
TEC-ENE-10000690,100,20
OFF-HON-10004698,100,20
OFF-BOS-10001348,100,20
FUR-OFF-10001798,100,20
OFF-HAR-10001948,100,20
OFF-IBI-10001494,100,20
OFF-JIF-10000704,100,20
OFF-LA-10000495,100,20
OFF-FA-10002491,100,20
OFF-SU-10001892,100,20
OFF-BI-10003650,100,20
OFF-PA-10002396,100,20
OFF-LA-10001497,100,20
OFF-PA-10004260,100,20
FUR-TA-10000207,100,20
OFF-FA-10000838,100,20
OFF-BI-10003874,100,20
OFF-PA-10004185,100,20
OFF-BI-10003188,100,20
OFF-BI-10004352,100,20
OFF-LA-10000452,100,20
OFF-FA-10000053,100,20
OFF-BI-10004465,100,20
OFF-AR-10002375,100,20
OFF-BI-10000138,100,20
OFF-AR-10001427,100,20
OFF-PA-10001609,100,20
OFF-PA-10000791,100,20
OFF-ST-10002352,100,20
OFF-STO-10001142,100,20
OFF-CAR-10002931,100,20
OFF-HON-10001204,100,20
OFF-AVE-10000357,100,20
OFF-AVE-10004827,100,20
OFF-XER-10004012,100,20
OFF-ADV-10003030,100,20
OFF-JIF-10002275,100,20
OFF-JIF-10000165,100,20
OFF-AVE-10003504,100,20
OFF-ADV-10004598,100,20
TEC-AC-10001246,100,20
OFF-BI-10004654,100,20
OFF-LA-10000845,100,20
OFF-LA-10000321,100,20
OFF-BI-10000168,100,20
OFF-FA-10003782,100,20
OFF-ST-10001505,100,20
FUR-FU-10003026,100,20
FUR-FU-10004020,100,20
OFF-LA-10004559,100,20
OFF-AR-10000940,100,20
OFF-AR-10001473,100,20
OFF-PA-10004888,100,20
OFF-SME-10000880,100,20
OFF-FEL-10000070,100,20
OFF-KLE-10000466,100,20
OFF-OIC-10003366,100,20
OFF-FIS-10002949,100,20
OFF-ADV-10003196,100,20
OFF-FEL-10003848,100,20
OFF-STA-10000054,100,20
OFF-STI-10003510,100,20
OFF-HON-10004825,100,20
OFF-HAR-10001531,100,20
OFF-HON-10000934,100,20
OFF-HAR-10001262,100,20
OFF-BI-10002796,100,20
OFF-BI-10004145,100,20
OFF-EN-10004479,100,20
OFF-AR-10004559,100,20
OFF-BI-10001430,100,20
OFF-BI-10002455,100,20
OFF-LA-10004947,100,20
OFF-BI-10000282,100,20
OFF-BI-10004712,100,20
OFF-ST-10000875,100,20
OFF-LA-10001375,100,20
OFF-FA-10004298,100,20
OFF-FA-10000549,100,20
OFF-LA-10000540,100,20
OFF-AR-10004746,100,20
OFF-FA-10002988,100,20
OFF-BI-10001759,100,20
OFF-LA-10003720,100,20
OFF-AR-10002335,100,20
OFF-FA-10002676,100,20
OFF-LA-10004178,100,20
OFF-AP-10004249,100,20
OFF-BI-10003314,100,20
OFF-FA-10004838,100,20
OFF-BI-10002412,100,20
OFF-EN-10001415,100,20
OFF-SU-10004664,100,20
OFF-SME-10002467,100,20
OFF-JIF-10003842,100,20
OFF-ACC-10001285,100,20
OFF-SME-10003805,100,20
FUR-TEN-10000002,100,20
OFF-IBI-10004916,100,20
OFF-LA-10001228,100,20
OFF-LA-10002199,100,20
OFF-FA-10002831,100,20
OFF-BI-10000765,100,20
OFF-BI-10000136,100,20
OFF-BI-10001119,100,20
OFF-BI-10000106,100,20
OFF-BI-10001286,100,20
OFF-LA-10004272,100,20
OFF-ST-10000321,100,20
OFF-BI-10000605,100,20
OFF-BI-10003291,100,20
OFF-BI-10003676,100,20
OFF-BI-10002393,100,20
FUR-FU-10004909,100,20
OFF-ST-10002957,100,20
OFF-PA-10002659,100,20
OFF-LA-10003766,100,20
OFF-PA-10000357,100,20
OFF-LA-10004055,100,20
OFF-AR-10000817,100,20
OFF-ST-10000036,100,20
OFF-LA-10003190,100,20
OFF-AR-10003190,100,20
OFF-BI-10003355,100,20
OFF-IBI-10000779,100,20
OFF-ADV-10000177,100,20
OFF-NOV-10003499,100,20
OFF-STO-10000876,100,20
OFF-XER-10004042,100,20
OFF-XER-10001429,100,20
OFF-FA-10004401,100,20
OFF-FA-10002992,100,20
OFF-BI-10001679,100,20
OFF-AR-10004027,100,20
OFF-AR-10004078,100,20
OFF-SU-10001935,100,20
OFF-AR-10003602,100,20
OFF-FA-10000585,100,20
OFF-FA-10000304,100,20
OFF-SU-10001225,100,20
OFF-PA-10003657,100,20
OFF-BI-10002827,100,20
OFF-AR-10002804,100,20
OFF-BI-10000279,100,20
OFF-AR-10001972,100,20
OFF-HON-10003921,100,20
OFF-STA-10002654,100,20
OFF-AVE-10002014,100,20
TEC-MEM-10003302,100,20
OFF-STO-10003021,100,20
OFF-GRE-10003943,100,20
OFF-LA-10002927,100,20
OFF-BI-10000963,100,20
OFF-BI-10001275,100,20
OFF-BI-10003856,100,20
OFF-SU-10001722,100,20
OFF-FA-10003022,100,20
OFF-BI-10000490,100,20
FUR-FU-10000790,100,20
OFF-BI-10002193,100,20
OFF-BI-10002935,100,20
OFF-ST-10000624,100,20
OFF-AR-10001134,100,20
OFF-PA-10004727,100,20
OFF-FA-10004910,100,20
OFF-BI-10000848,100,20
OFF-AR-10001118,100,20
OFF-LA-10001569,100,20
OFF-AR-10000716,100,20
OFF-BI-10002160,100,20
FUR-FU-10003829,100,20
OFF-PA-10003172,100,20
OFF-LA-10001474,100,20
OFF-LA-10003148,100,20
OFF-BI-10000014,100,20
OFF-AR-10003829,100,20
OFF-AR-10001547,100,20
OFF-BI-10004364,100,20
OFF-PA-10003953,100,20
OFF-PA-10001526,100,20
OFF-FIS-10004067,100,20
OFF-CAR-10001911,100,20
OFF-IBI-10003732,100,20
OFF-FIS-10001797,100,20
OFF-SME-10000335,100,20
OFF-WIL-10002787,100,20
OFF-STA-10003756,100,20
OFF-LA-10000413,100,20
OFF-BI-10004830,100,20
OFF-EN-10002778,100,20
OFF-BI-10002075,100,20
OFF-BI-10003870,100,20
FUR-FU-10004338,100,20
OFF-AR-10003217,100,20
TEC-PH-10004992,100,20
TEC-CO-10003525,100,20
OFF-BI-10004868,100,20
OFF-LA-10004400,100,20
OFF-AR-10001022,100,20
OFF-BI-10001031,100,20
OFF-BI-10003910,100,20
OFF-BI-10000546,100,20
OFF-BI-10002571,100,20
OFF-SU-10001664,100,20
OFF-AP-10000595,100,20
OFF-ST-10004507,100,20
OFF-AR-10004272,100,20
OFF-SME-10000018,100,20
OFF-EAT-10004696,100,20
OFF-NOV-10004968,100,20
OFF-SAN-10002015,100,20
OFF-ACC-10004538,100,20
OFF-STO-10001173,100,20
OFF-ACC-10003788,100,20
OFF-LA-10000989,100,20
OFF-BI-10002126,100,20
OFF-EN-10000359,100,20
OFF-PA-10004385,100,20
OFF-PA-10003956,100,20
OFF-LA-10000553,100,20
OFF-EN-10004074,100,20
OFF-FA-10004171,100,20
OFF-BI-10000698,100,20
OFF-LA-10000506,100,20
OFF-BI-10003981,100,20
OFF-EN-10002600,100,20
OFF-BI-10002432,100,20
OFF-AR-10000462,100,20
FUR-FU-10004270,100,20
OFF-BI-10003196,100,20
TEC-PH-10003072,100,20
OFF-LA-10000240,100,20
OFF-BI-10004970,100,20
OFF-LA-10000973,100,20
OFF-AR-10003469,100,20
OFF-AR-10004582,100,20
OFF-EN-10000461,100,20
OFF-BI-10001116,100,20
FUR-FU-10001918,100,20
OFF-FA-10001561,100,20
OFF-IBI-10004855,100,20
OFF-ELI-10000044,100,20
OFF-AVE-10004556,100,20
OFF-BOS-10000557,100,20
OFF-WIL-10000604,100,20
OFF-PA-10003296,100,20
OFF-LA-10003594,100,20
OFF-BI-10003585,100,20
OFF-AR-10003816,100,20
OFF-BI-10000719,100,20
OFF-FA-10001815,100,20
OFF-BI-10002483,100,20
OFF-EN-10000053,100,20
OFF-EN-10000315,100,20
OFF-LA-10004749,100,20
OFF-BI-10004738,100,20
OFF-FA-10000624,100,20
OFF-PA-10004971,100,20
FUR-FU-10000206,100,20
FUR-FU-10000010,100,20
OFF-BI-10004187,100,20
OFF-BI-10002954,100,20
OFF-FA-10003472,100,20
OFF-BI-10001097,100,20
OFF-BI-10003274,100,20
OFF-LA-10000262,100,20
FUR-FU-10001546,100,20
OFF-BI-10000042,100,20
OFF-SU-10001212,100,20
OFF-BI-10004656,100,20
OFF-BI-10000320,100,20
OFF-LA-10001771,100,20
OFF-AVE-10001750,100,20
OFF-ACC-10000497,100,20
OFF-WIL-10002947,100,20
OFF-SAN-10000335,100,20
OFF-AVE-10000432,100,20
OFF-CAR-10003373,100,20
OFF-ACC-10004364,100,20
OFF-NOV-10000986,100,20
OFF-CAR-10003030,100,20
OFF-TEN-10001031,100,20
OFF-CAR-10000319,100,20
OFF-BIC-10002440,100,20
OFF-SAN-10003644,100,20
OFF-LA-10003437,100,20
OFF-BI-10000814,100,20
OFF-BI-10000289,100,20
OFF-AR-10000715,100,20
OFF-BI-10002990,100,20
OFF-LA-10003290,100,20
OFF-AR-10002939,100,20
OFF-LA-10001658,100,20
TEC-MA-10001991,100,20
OFF-BI-10004334,100,20
OFF-LA-10002364,100,20
OFF-FA-10003495,100,20
OFF-FA-10000611,100,20
OFF-BI-10004040,100,20
OFF-PA-10000141,100,20
OFF-AP-10001962,100,20
OFF-LA-10002368,100,20
OFF-BI-10000404,100,20
OFF-AR-10000823,100,20
FUR-SAF-10002314,100,20
OFF-AVE-10002102,100,20
OFF-ADV-10004875,100,20
OFF-AVE-10004732,100,20
OFF-SAN-10001128,100,20
OFF-HON-10001132,100,20
OFF-GLO-10003639,100,20
OFF-WIL-10001495,100,20
OFF-BIN-10003089,100,20
OFF-LA-10003285,100,20
FUR-FU-10002007,100,20
OFF-LA-10000738,100,20
OFF-PA-10001576,100,20
FUR-CH-10001795,100,20
OFF-LA-10003503,100,20
OFF-EN-10002959,100,20
OFF-LA-10001548,100,20
OFF-AR-10002255,100,20
OFF-BI-10004528,100,20
OFF-AR-10003723,100,20
OFF-PA-10003063,100,20
OFF-PA-10001204,100,20
OFF-AR-10004707,100,20
OFF-PA-10003177,100,20
OFF-AR-10001573,100,20
OFF-NOV-10004223,100,20
OFF-NOV-10001238,100,20
TEC-MEM-10001163,100,20
OFF-JIF-10004777,100,20
OFF-STO-10003605,100,20
OFF-IBI-10001772,100,20
OFF-ENE-10004866,100,20
OFF-NOV-10003964,100,20
OFF-IBI-10001640,100,20
OFF-BI-10000390,100,20
OFF-EN-10000031,100,20
OFF-EN-10003748,100,20
OFF-BI-10002885,100,20
OFF-FA-10001309,100,20
OFF-BI-10000831,100,20
TEC-PH-10000347,100,20
OFF-BI-10004728,100,20
OFF-BI-10000773,100,20
OFF-LA-10001613,100,20
OFF-BI-10003708,100,20
OFF-FA-10001332,100,20
OFF-AR-10004685,100,20
OFF-BI-10002557,100,20
OFF-AP-10001634,100,20
OFF-AR-10001315,100,20
OFF-BI-10001525,100,20
OFF-BI-10004233,100,20
OFF-STA-10003908,100,20
OFF-NOV-10000808,100,20
FUR-TEN-10004549,100,20
OFF-HAR-10002083,100,20
OFF-AVE-10003279,100,20
OFF-ACC-10004281,100,20
OFF-OIC-10003978,100,20
OFF-STO-10001671,100,20
OFF-WIL-10004697,100,20
OFF-ADV-10004274,100,20
OFF-ACC-10004713,100,20
OFF-LA-10000692,100,20
OFF-AR-10001609,100,20
OFF-SU-10002032,100,20
OFF-BI-10002194,100,20
OFF-BI-10000050,100,20
OFF-AR-10001919,100,20
OFF-LA-10001045,100,20
OFF-BI-10003655,100,20
OFF-AR-10003087,100,20
OFF-BI-10004876,100,20
OFF-LA-10004484,100,20
OFF-AP-10003278,100,20
OFF-BI-10002764,100,20
OFF-AR-10004757,100,20
OFF-AR-10000422,100,20
OFF-AR-10002833,100,20
OFF-SAN-10003285,100,20
OFF-BIN-10004512,100,20
OFF-AVE-10004312,100,20
OFF-BI-10000930,100,20
OFF-LA-10000990,100,20
OFF-LA-10003487,100,20
OFF-LA-10002015,100,20
OFF-AR-10001026,100,20
OFF-PA-10002615,100,20
OFF-FA-10003059,100,20
OFF-LA-10001317,100,20
OFF-BI-10001890,100,20
OFF-BI-10000285,100,20
OFF-BI-10004817,100,20
OFF-FA-10000840,100,20
TEC-AC-10003433,100,20
OFF-WIL-10001889,100,20
OFF-SME-10000950,100,20
TEC-LOG-10002589,100,20
OFF-ROG-10002682,100,20
OFF-CAR-10000150,100,20
OFF-SME-10004323,100,20
OFF-PA-10003681,100,20
OFF-FA-10004112,100,20
OFF-BI-10001507,100,20
OFF-LA-10002088,100,20
OFF-EN-10002166,100,20
OFF-BI-10004967,100,20
OFF-LA-10002787,100,20
OFF-BI-10001308,100,20
OFF-FA-10000490,100,20
OFF-FA-10003467,100,20
OFF-BI-10002897,100,20
OFF-AP-10001626,100,20
OFF-BI-10000756,100,20
OFF-BI-10000145,100,20
OFF-FA-10003021,100,20
OFF-ACC-10003984,100,20
OFF-HAR-10000414,100,20
OFF-BOS-10004262,100,20
OFF-BI-10003253,100,20
OFF-BI-10004470,100,20
OFF-LA-10002068,100,20
OFF-BI-10002510,100,20
OFF-BI-10003702,100,20
OFF-FA-10004424,100,20
OFF-BI-10004182,100,20
OFF-AR-10001662,100,20
OFF-PA-10000289,100,20
OFF-LA-10000134,100,20
OFF-AR-10000122,100,20
FUR-FU-10001852,100,20
FUR-FU-10002963,100,20
OFF-BI-10000343,100,20
OFF-BI-10003529,100,20
OFF-BI-10000201,100,20
OFF-BI-10002982,100,20
OFF-BI-10004209,100,20
TEC-AC-10003709,100,20
OFF-AR-10004441,100,20
OFF-AR-10001868,100,20
OFF-BI-10000494,100,20
OFF-BI-10003350,100,20
OFF-OIC-10000492,100,20
TEC-EPS-10003473,100,20
OFF-WIL-10002233,100,20
OFF-CAR-10001428,100,20
OFF-WIL-10000979,100,20
OFF-AME-10002923,100,20
OFF-ACC-10004278,100,20
FUR-TEN-10000325,100,20
OFF-HON-10002610,100,20
OFF-PA-10003380,100,20
OFF-LA-10000760,100,20
OFF-AR-10000711,100,20
OFF-AR-10004614,100,20
OFF-BI-10002609,100,20
FUR-FU-10001706,100,20
OFF-BI-10003460,100,20
OFF-BI-10002813,100,20
OFF-LA-10001641,100,20
OFF-AR-10001545,100,20
OFF-PA-10004948,100,20
OFF-PA-10003673,100,20
OFF-AR-10000390,100,20
OFF-ADV-10000551,100,20
OFF-SME-10001718,100,20
OFF-ACC-10000307,100,20
OFF-WIL-10003308,100,20
OFF-STO-10003329,100,20
TEC-MOT-10001088,100,20
OFF-OIC-10001921,100,20
OFF-WIL-10002593,100,20
OFF-EAT-10003405,100,20
OFF-ELD-10001037,100,20
OFF-BI-10001199,100,20
OFF-LA-10001701,100,20
OFF-PA-10003416,100,20
FUR-FU-10001935,100,20
OFF-PA-10001838,100,20
OFF-EN-10001137,100,20
OFF-BI-10001267,100,20
OFF-BI-10002071,100,20
OFF-BI-10003094,100,20
OFF-CAR-10001358,100,20
OFF-ACC-10001703,100,20
OFF-IBI-10001951,100,20
OFF-WIL-10003774,100,20
OFF-LA-10002827,100,20
FUR-CH-10004277,100,20
OFF-BI-10001639,100,20
OFF-BI-10000089,100,20
OFF-AR-10003732,100,20
OFF-PA-10001776,100,20
OFF-AR-10003759,100,20
OFF-BI-10000591,100,20
OFF-PA-10000327,100,20
OFF-AP-10004655,100,20
OFF-AR-10003183,100,20
OFF-BI-10001597,100,20
OFF-SU-10003002,100,20
OFF-AVE-10000543,100,20
OFF-ST-10003164,100,20
OFF-PA-10004380,100,20
OFF-PA-10002022,100,20
OFF-FA-10003530,100,20
OFF-BI-10004022,100,20
OFF-PA-10000477,100,20
TEC-PH-10002275,100,20
OFF-BI-10002012,100,20
OFF-BI-10003727,100,20
OFF-STA-10003956,100,20
OFF-SME-10003134,100,20
OFF-ACC-10000218,100,20
OFF-WIL-10001069,100,20
OFF-AVE-10004512,100,20
OFF-BI-10001150,100,20
OFF-LA-10000236,100,20
FUR-FU-10002698,100,20
OFF-AR-10003658,100,20
OFF-SU-10001877,100,20
OFF-LA-10000436,100,20
OFF-LA-10003505,100,20
TEC-PH-10001924,100,20
OFF-BI-10004141,100,20
FUR-FU-10000550,100,20
OFF-BI-10003712,100,20
OFF-BI-10001922,100,20
FUR-FU-10001025,100,20
OFF-SAN-10000874,100,20
OFF-CAR-10002375,100,20
OFF-IBI-10004959,100,20
FUR-ADV-10002329,100,20
OFF-IBI-10002486,100,20
OFF-HON-10004014,100,20
OFF-IBI-10001123,100,20
OFF-FA-10001337,100,20
OFF-BI-10001568,100,20
OFF-LA-10000784,100,20
OFF-PA-10001653,100,20
FUR-FU-10001756,100,20
OFF-BI-10000301,100,20
OFF-BI-10001107,100,20
OFF-FA-10002280,100,20
OFF-BI-10004140,100,20
TEC-AC-10003038,100,20
OFF-BI-10001249,100,20
OFF-TEN-10000794,100,20
OFF-AVE-10002024,100,20
OFF-BI-10002799,100,20
OFF-LA-10003084,100,20
OFF-AR-10002783,100,20
OFF-EN-10004941,100,20
OFF-PA-10004968,100,20
OFF-PA-10004569,100,20
OFF-PA-10001534,100,20
OFF-BI-10003784,100,20
OFF-CAR-10002054,100,20
OFF-AR-10002564,100,20
OFF-BI-10002414,100,20
OFF-LA-10003271,100,20
OFF-BI-10004801,100,20
OFF-AP-10002203,100,20
OFF-PA-10001667,100,20
OFF-STA-10001791,100,20
OFF-SAN-10001862,100,20
OFF-BOS-10000350,100,20
OFF-PA-10002418,100,20
OFF-PA-10004020,100,20
OFF-PA-10000215,100,20
OFF-BI-10002424,100,20
OFF-FA-10000746,100,20
OFF-AP-10002906,100,20
OFF-EN-10001219,100,20
OFF-BI-10000806,100,20
OFF-PA-10004155,100,20
