product_id,stock_quantity,low_stock_threshold
TEC-SHA-10000501,86,20
OFF-AP-10004246,49,20
TEC-MA-10004125,106,20
OFF-AP-10001630,15,20
FUR-TA-10000687,55,20
TEC-PH-10004327,117,20
FUR-TA-10003627,121,20
TEC-PH-10002898,13,20
TEC-MA-10003979,109,20
FUR-TA-10000347,122,20
TEC-MA-10003673,58,20
TEC-EPS-10000053,37,20
FUR-BAR-10004434,56,20
FUR-TA-10000022,87,20
FUR-TA-10002153,36,20
OFF-AP-10004350,122,20
OFF-AP-10003240,64,20
FUR-BO-10002866,72,20
TEC-CO-10002663,36,20
OFF-AP-10000136,98,20
FUR-LES-10002026,94,20
FUR-TA-10001285,55,20
FUR-TA-10001116,67,20
TEC-MA-10000010,14,20
FUR-BUS-10004644,92,20
OFF-AP-10002321,56,20
FUR-TA-10004711,123,20
FUR-CH-10000051,83,20
OFF-AP-10001329,93,20
OFF-AP-10003558,76,20
FUR-TA-10002101,94,20
OFF-AP-10003621,114,20
TEC-MA-10002927,49,20
TEC-CO-10002122,96,20
FUR-TA-10001229,96,20
TEC-PH-10000808,81,20
FUR-TA-10003641,96,20
FUR-TA-10002951,85,20
FUR-TA-10004745,89,20
FUR-CHR-10002165,98,20
FUR-BO-10003282,37,20
FUR-CH-10002980,85,20
FUR-CH-10004910,9,20
OFF-AP-10004186,7,20
FUR-TA-10002650,107,20
TEC-PH-10004182,73,20
FUR-BUS-10001781,52,20
FUR-TA-10000927,38,20
FUR-TA-10000226,123,20
FUR-TA-10003307,94,20
FUR-BO-10000160,48,20
OFF-AP-10000162,43,20
FUR-TA-10004744,124,20
OFF-AP-10000437,87,20
OFF-AP-10003057,36,20
FUR-TA-10001572,118,20
TEC-PH-10004057,94,20
TEC-MA-10001047,105,20
FUR-CHR-10001018,78,20
TEC-CO-10002043,42,20
FUR-TA-10004649,81,20
TEC-PH-10002936,69,20
TEC-PH-10003856,112,20
TEC-MA-10003353,3,20
FUR-BO-10000892,70,20
TEC-CO-10003226,84,20
TEC-PH-10002114,38,20
FUR-TA-10000991,36,20
FUR-CH-10000527,40,20
FUR-DAN-10002348,88,20
TEC-MA-10001695,38,20
FUR-TA-10002523,88,20
FUR-LES-10004886,97,20
FUR-CH-10000981,52,20
TEC-PH-10000030,124,20
TEC-CO-10001449,78,20
TEC-CO-10003087,68,20
TEC-PH-10001289,12,20
OFF-AP-10002904,96,20
TEC-MA-10000112,48,20
FUR-TA-10000989,82,20
FUR-TA-10002931,49,20
TEC-MA-10002937,106,20
TEC-MA-10004587,16,20
FUR-TA-10004416,121,20
FUR-TA-10003164,96,20
FUR-TA-10003319,74,20
OFF-CUI-10002022,119,20
OFF-HAM-10000983,114,20
FUR-CH-10001559,116,20
TEC-PH-10002652,87,20
TEC-CO-10002678,58,20
TEC-EPS-10004965,60,20
TEC-CO-10003019,123,20
FUR-CH-10000005,94,20
TEC-MA-10002629,75,20
FUR-TA-10003929,63,20
TEC-PH-10004626,49,20
OFF-AP-10000329,79,20
FUR-LES-10002616,99,20
FUR-BO-10000170,123,20
OFF-AP-10000423,105,20
OFF-AP-10000195,43,20
OFF-AP-10002306,10,20
TEC-MA-10002178,35,20
OFF-KIT-10001213,42,20
TEC-CO-10001864,122,20
OFF-AP-10003917,97,20
FUR-BO-10002529,45,20
TEC-MA-10004552,115,20
FUR-BO-10001318,42,20
OFF-AP-10001593,69,20
OFF-AP-10000672,5,20
OFF-HAM-10003040,67,20
FUR-TA-10000805,39,20
FUR-TA-10001205,75,20
OFF-AP-10003511,62,20
OFF-AP-10000975,41,20
TEC-CO-10001343,107,20
OFF-AP-10000509,106,20
FUR-BAR-10004682,46,20
FUR-TA-10001089,68,20
FUR-TA-10000971,67,20
TEC-PH-10001396,18,20
OFF-AP-10000577,57,20
TEC-MA-10003230,96,20
FUR-BO-10003985,122,20
TEC-PH-10002352,71,20
FUR-TA-10003690,78,20
FUR-FU-10002979,120,20
TEC-MA-10004535,69,20
FUR-BO-10004648,99,20
FUR-CH-10004050,81,20
FUR-TA-10003785,112,20
TEC-MA-10004617,37,20
OFF-AP-10004293,35,20
FUR-TA-10002786,39,20
FUR-TA-10000945,124,20
OFF-BRE-10004436,48,20
FUR-BEV-10004919,61,20
OFF-AP-10002244,43,20
TEC-CO-10004377,113,20
FUR-BO-10001553,49,20
FUR-TA-10000963,12,20
TEC-HEW-10002302,76,20
FUR-BEV-10004805,111,20
OFF-BI-10001120,85,20
FUR-CHR-10002686,17,20
TEC-PH-10004575,86,20
TEC-MA-10004172,38,20
FUR-TA-10001056,57,20
TEC-CO-10000415,49,20
FUR-TA-10003354,77,20
OFF-AP-10004994,63,20
TEC-CO-10004343,70,20
FUR-TA-10000283,47,20
FUR-TA-10004801,66,20
TEC-MA-10003773,105,20
TEC-MA-10002148,93,20
TEC-PH-10001146,120,20
FUR-CH-10002816,62,20
OFF-AP-10002397,100,20
FUR-TA-10003228,76,20
OFF-CUI-10000682,15,20
FUR-BO-10000279,96,20
TEC-MA-10001792,91,20
OFF-ST-10002221,40,20
FUR-BO-10002387,62,20
OFF-AP-10001178,62,20
OFF-AP-10003598,78,20
TEC-MA-10004666,118,20
TEC-MA-10000822,64,20
OFF-AP-10000864,96,20
TEC-PH-10000332,109,20
FUR-TA-10003771,123,20
OFF-AP-10001298,96,20
FUR-DAN-10004510,35,20
TEC-PH-10001459,61,20
FUR-BEV-10001217,96,20
FUR-TA-10002497,111,20
TEC-AC-10004018,37,20
TEC-PH-10002035,104,20
FUR-HON-10003871,10,20
OFF-AP-10004711,13,20
TEC-MA-10001248,43,20
FUR-TA-10003254,96,20
OFF-AP-10002675,71,20
OFF-AP-10001503,85,20
TEC-CO-10001196,78,20
TEC-MOT-10001244,58,20
FUR-TA-10001386,113,20
OFF-AP-10002629,93,20
FUR-BO-10000655,66,20
OFF-AP-10001322,122,20
TEC-MA-10000172,86,20
FUR-TA-10000671,96,20
FUR-BO-10000820,92,20
FUR-TA-10001306,86,20
FUR-FU-10001144,46,20
FUR-FU-10002246,73,20
FUR-TA-10000038,36,20
OFF-AP-10004646,37,20
TEC-CO-10004182,90,20
TEC-CO-10000208,3,20
OFF-AP-10000108,93,20
FUR-CH-10000470,36,20
TEC-MA-10004063,36,20
OFF-AP-10000486,88,20
TEC-AC-10003947,121,20
FUR-TA-10002519,35,20
FUR-TA-10000317,53,20
TEC-PH-10002672,36,20
OFF-AR-10002671,87,20
FUR-TA-10002611,78,20
TEC-CO-10001191,124,20
FUR-TA-10002341,66,20
OFF-AP-10000540,104,20
FUR-BO-10003386,18,20
FUR-TA-10004680,102,20
TEC-MA-10000488,89,20
FUR-CH-10000749,109,20
OFF-ST-10002011,90,20
FUR-TA-10001930,51,20
OFF-AP-10003568,17,20
FUR-TA-10004820,72,20
OFF-AP-10001692,58,20
FUR-TA-10001289,103,20
OFF-AP-10000003,104,20
OFF-AP-10001876,120,20
TEC-AC-10001455,45,20
OFF-AP-10003561,50,20
TEC-AC-10000089,107,20
FUR-TA-10003893,93,20
OFF-AP-10001664,104,20
TEC-PH-10003002,114,20
TEC-CO-10004961,37,20
TEC-PH-10001578,54,20
FUR-TA-10004972,93,20
OFF-AP-10004572,70,20
FUR-FU-10000729,53,20
TEC-PH-10003762,124,20
FUR-TA-10001360,101,20
FUR-TA-10004531,53,20
TEC-AC-10003921,6,20
OFF-AP-10001285,105,20
FUR-TA-10002699,86,20
FUR-TA-10002487,67,20
FUR-BO-10004679,74,20
FUR-CH-10002275,73,20
OFF-AR-10002331,116,20
FUR-LES-10004098,35,20
OFF-AP-10004041,45,20
TEC-MA-10000045,14,20
FUR-TA-10000164,91,20
FUR-CHR-10002278,123,20
FUR-TA-10003594,84,20
TEC-MA-10000433,57,20
FUR-TA-10000861,65,20
FUR-TA-10003185,76,20
FUR-BO-10003661,41,20
OFF-AP-10000675,50,20
FUR-BEV-10002803,124,20
TEC-MA-10001259,94,20
OFF-AP-10004295,3,20
TEC-MA-10004414,36,20
FUR-BO-10004924,35,20
TEC-MA-10002073,82,20
OFF-AP-10004168,46,20
FUR-BUS-10003724,103,20
OFF-AP-10000330,71,20
FUR-CH-10003616,66,20
FUR-TA-10001642,43,20
FUR-BO-10001876,53,20
FUR-TA-10000299,82,20
FUR-TA-10001600,114,20
OFF-PA-10000373,37,20
FUR-CH-10000479,54,20
FUR-BO-10001835,58,20
FUR-TA-10001228,88,20
TEC-CO-10002659,67,20
OFF-AP-10002312,58,20
TEC-PH-10001712,109,20
TEC-CO-10000447,106,20
TEC-PH-10004940,6,20
OFF-AP-10002552,72,20
TEC-MA-10000984,118,20
TEC-CO-10001301,123,20
TEC-AC-10000053,5,20
FUR-TA-10003522,59,20
OFF-EN-10004206,52,20
FUR-CH-10004455,116,20
OFF-BI-10004995,100,20
OFF-AP-10002433,88,20
TEC-AC-10001258,69,20
FUR-CH-10001207,114,20
TEC-PH-10002774,95,20
TEC-MA-10002468,75,20
FUR-TA-10004957,67,20
TEC-BRO-10004184,102,20
TEC-CO-10004904,67,20
FUR-CHR-10004803,48,20
TEC-PH-10002991,55,20
TEC-AC-10002153,82,20
TEC-PH-10001360,6,20
OFF-AP-10001815,42,20
FUR-TA-10002966,41,20
OFF-AP-10004512,101,20
FUR-TA-10001786,51,20
TEC-MA-10003801,67,20
FUR-TA-10001494,82,20
FUR-BO-10004452,110,20
OFF-ST-10002642,93,20
FUR-CHR-10001570,120,20
FUR-BO-10004129,56,20
OFF-AP-10003382,64,20
TEC-PH-10000800,72,20
OFF-AP-10003625,85,20
TEC-MA-10000742,88,20
FUR-TA-10004832,42,20
OFF-AP-10000275,61,20
TEC-MA-10000875,61,20
FUR-BO-10001372,55,20
TEC-CO-10004170,16,20
FUR-BO-10003404,3,20
FUR-TA-10003527,62,20
TEC-CO-10003083,98,20
OFF-AP-10001041,103,20
FUR-BO-10001324,95,20
FUR-TA-10004634,82,20
TEC-AC-10002348,53,20
FUR-TA-10000478,38,20
FUR-TA-10001726,69,20
TEC-MA-10004212,98,20
FUR-BEV-10000326,83,20
FUR-TA-10004722,51,20
TEC-CO-10004535,78,20
TEC-CO-10000953,64,20
OFF-AP-10003354,80,20
FUR-TA-10000649,40,20
TEC-AC-10003870,71,20
FUR-BAR-10000560,58,20
TEC-CO-10001275,80,20
TEC-MOT-10002272,87,20
TEC-CO-10002376,17,20
FUR-FU-10000668,94,20
FUR-TA-10000670,97,20
FUR-TA-10004892,119,20
TEC-MA-10000374,66,20
TEC-PH-10001795,121,20
TEC-PH-10000499,67,20
TEC-HEW-10004690,101,20
FUR-CH-10002024,52,20
FUR-TA-10003591,59,20
FUR-TA-10003899,88,20
OFF-AP-10004964,92,20
OFF-CUI-10000105,101,20
FUR-BO-10002708,80,20
OFF-AP-10004755,10,20
TEC-PH-10002517,66,20
FUR-BO-10004999,81,20
FUR-BEV-10001048,120,20
TEC-PH-10002962,57,20
FUR-BO-10004771,100,20
OFF-AP-10003866,17,20
OFF-BRE-10002738,61,20
TEC-PH-10002935,36,20
TEC-PH-10001670,124,20
FUR-TA-10003006,51,20
TEC-KON-10002050,67,20
FUR-BO-10000288,43,20
FUR-TA-10004810,77,20
FUR-TA-10003358,82,20
TEC-MA-10002392,73,20
FUR-BO-10000203,76,20
TEC-PH-10000036,60,20
OFF-AP-10004227,84,20
FUR-TA-10001968,59,20
FUR-BO-10002277,58,20
TEC-PH-10002824,47,20
TEC-PH-10004553,94,20
FUR-HON-10002837,41,20
OFF-AP-10001274,91,20
FUR-TA-10004306,70,20
TEC-AC-10003577,15,20
FUR-BO-10003734,54,20
OFF-AP-10000381,99,20
FUR-TA-10002638,42,20
TEC-MA-10004458,50,20
FUR-TA-10004336,48,20
TEC-PH-10002815,110,20
FUR-TA-10004653,121,20
TEC-MA-10000982,49,20
TEC-MA-10004446,14,20
FUR-CH-10004705,100,20
FUR-BO-10002462,66,20
TEC-PH-10002799,121,20
OFF-AP-10001408,97,20
TEC-MA-10004241,120,20
FUR-BO-10000425,85,20
TEC-CO-10003608,59,20
TEC-MA-10002614,92,20
FUR-CH-10003750,97,20
TEC-CO-10002035,96,20
TEC-CAN-10001571,15,20
TEC-CO-10002465,56,20
FUR-CH-10001588,92,20
TEC-CO-10003496,92,20
FUR-CH-10000602,120,20
FUR-TA-10003157,83,20
TEC-MA-10004408,86,20
TEC-CO-10001919,76,20
TEC-PH-10002094,104,20
OFF-AP-10001106,49,20
TEC-MA-10004224,88,20
TEC-AC-10003180,94,20
FUR-TA-10004132,42,20
OFF-AP-10001527,87,20
OFF-SU-10002881,94,20
FUR-BO-10002990,39,20
TEC-PH-10001468,102,20
TEC-CO-10002911,40,20
TEC-MOT-10002855,81,20
TEC-CO-10004406,89,20
FUR-CH-10000015,10,20
TEC-AC-10000657,86,20
TEC-PH-10002683,50,20
TEC-MA-10000864,47,20
OFF-AP-10002945,4,20
TEC-AC-10000990,64,20
FUR-TA-10002351,53,20
FUR-CH-10003618,51,20
OFF-AP-10000326,97,20
OFF-AP-10001124,53,20
TEC-CO-10002157,92,20
FUR-TA-10004256,89,20
FUR-BO-10001370,124,20
FUR-CH-10001919,124,20
FUR-TA-10003963,96,20
FUR-BO-10004633,57,20
FUR-CH-10004462,43,20
OFF-ST-10002619,46,20
TEC-CO-10000961,35,20
OFF-AP-10004913,92,20
FUR-LES-10000488,12,20
OFF-AP-10000647,35,20
FUR-TA-10003596,68,20
OFF-AP-10004140,82,20
TEC-AC-10004666,123,20
FUR-BAR-10004561,35,20
OFF-BI-10003527,50,20
FUR-BO-10001943,95,20
TEC-MA-10000429,98,20
TEC-PH-10002641,97,20
OFF-AP-10002421,103,20
FUR-TA-10000136,56,20
TEC-CO-10000279,101,20
TEC-PH-10003916,110,20
FUR-BO-10004254,60,20
TEC-MA-10001311,50,20
FUR-BO-10003783,85,20
FUR-BO-10004043,120,20
FUR-CH-10003597,91,20
OFF-AP-10000213,15,20
OFF-AP-10004191,16,20
TEC-CO-10001204,103,20
FUR-TA-10000665,81,20
FUR-HON-10004987,96,20
TEC-CO-10000013,103,20
FUR-TA-10003786,110,20
TEC-PH-10000780,50,20
OFF-AP-10002361,124,20
OFF-AP-10000534,124,20
OFF-ST-10004374,82,20
OFF-AP-10004201,119,20
TEC-CO-10004756,73,20
OFF-AP-10004464,67,20
TEC-MOT-10000939,57,20
FUR-CH-10002203,44,20
OFF-AP-10002537,103,20
FUR-TA-10000360,68,20
TEC-PH-10001494,86,20
FUR-BO-10001507,44,20
TEC-CO-10001001,53,20
TEC-CO-10003655,12,20
OFF-AP-10001635,35,20
OFF-AP-10000487,103,20
FUR-TA-10000591,38,20
OFF-AP-10001103,50,20
FUR-TA-10000558,58,20
FUR-BO-10000259,114,20
TEC-MA-10004236,36,20
FUR-CH-10000685,66,20
FUR-TA-10004371,118,20
OFF-AP-10004698,58,20
TEC-SAM-10004940,46,20
TEC-AC-10002844,84,20
FUR-TA-10000075,69,20
OFF-AP-10001926,14,20
OFF-AP-10002734,67,20
OFF-AP-10003618,67,20
TEC-AC-10001047,95,20
TEC-CO-10002812,85,20
FUR-TA-10000519,77,20
TEC-CO-10002696,7,20
FUR-CH-10003973,46,20
FUR-BO-10002031,101,20
FUR-BO-10001872,99,20
FUR-TA-10002789,67,20
FUR-TA-10001226,74,20
FUR-IKE-10003053,108,20
FUR-TA-10003583,77,20
FUR-BO-10003541,78,20
TEC-PH-10001492,63,20
FUR-BO-10004844,47,20
OFF-AP-10000691,46,20
OFF-AP-10002351,80,20
FUR-TA-10001276,36,20
OFF-AP-10000584,69,20
TEC-AC-10003417,121,20
TEC-AC-10004420,115,20
TEC-AC-10003262,124,20
TEC-PH-10002584,42,20
TEC-MA-10004168,60,20
FUR-TA-10002467,12,20
TEC-CO-10004099,124,20
FUR-HON-10000224,68,20
OFF-AP-10004627,41,20
FUR-TA-10003954,102,20
TEC-APP-10004657,92,20
TEC-CO-10002095,109,20
TEC-CO-10000764,63,20
OFF-KIT-10003757,70,20
OFF-AP-10002090,11,20
OFF-AP-10002941,55,20
FUR-CH-10001187,70,20
FUR-FU-10000576,44,20
TEC-PH-10000018,107,20
FUR-TA-10004484,58,20
TEC-AC-10002364,98,20
TEC-MA-10002992,83,20
FUR-BO-10004371,70,20
FUR-TA-10003386,116,20
FUR-LES-10004420,58,20
FUR-TA-10003790,9,20
FUR-TA-10003449,96,20
FUR-CH-10000546,71,20
FUR-CH-10003168,46,20
FUR-TA-10003179,89,20
FUR-BO-10004560,47,20
OFF-AP-10004571,57,20
FUR-CH-10000155,123,20
OFF-HOO-10000445,64,20
FUR-TA-10003323,51,20
TEC-CO-10002316,96,20
FUR-BUS-10002989,118,20
FUR-CH-10003365,123,20
TEC-PH-10002885,120,20
OFF-AP-10001099,47,20
FUR-BO-10004852,93,20
OFF-ST-10000439,53,20
TEC-CO-10003166,83,20
TEC-MA-10002918,46,20
FUR-BO-10000596,95,20
TEC-MA-10001494,11,20
FUR-TA-10001633,53,20
TEC-PH-10001457,110,20
OFF-AP-10001305,43,20
TEC-PH-10003794,9,20
FUR-CH-10003761,62,20
FUR-NOV-10002107,112,20
FUR-HON-10002941,86,20
FUR-SAU-10003933,117,20
TEC-PH-10000298,50,20
TEC-CO-10002686,103,20
OFF-AP-10002698,46,20
TEC-PH-10001573,59,20
TEC-STA-10002459,86,20
FUR-CH-10002438,119,20
FUR-BO-10001196,87,20
TEC-AC-10004487,57,20
FUR-BO-10001039,50,20
FUR-TA-10000962,91,20
FUR-TA-10004219,73,20
TEC-CO-10002119,15,20
OFF-ST-10001780,87,20
OFF-HAM-10001107,76,20
FUR-TA-10002527,92,20
FUR-BO-10000022,73,20
TEC-CO-10003113,48,20
FUR-BO-10000311,39,20
FUR-BO-10004690,69,20
TEC-MA-10001261,121,20
FUR-CH-10000783,109,20
TEC-MA-10003223,52,20
OFF-AP-10002252,110,20
FUR-TA-10004342,43,20
OFF-ST-10002763,108,20
TEC-PH-10000840,92,20
OFF-AP-10003221,51,20
FUR-BO-10003968,41,20
FUR-BO-10001392,80,20
OFF-AP-10004958,47,20
TEC-EPS-10002711,10,20
OFF-AP-10003834,12,20
FUR-TA-10000434,43,20
FUR-FU-10004876,84,20
TEC-MA-10003441,61,20
TEC-SAM-10001131,100,20
TEC-PH-10004554,39,20
FUR-CH-10004026,63,20
FUR-BO-10003126,71,20
FUR-BO-10001192,72,20
FUR-TA-10003568,117,20
OFF-HOO-10001881,42,20
TEC-MA-10003626,99,20
FUR-BO-10004842,120,20
FUR-TA-10003078,51,20
OFF-AP-10003963,105,20
OFF-HOO-10001105,123,20
FUR-CH-10004199,79,20
FUR-CH-10002250,38,20
FUR-HON-10003412,70,20
FUR-IKE-10000521,104,20
TEC-PAN-10000577,14,20
FUR-TA-10001950,65,20
TEC-CO-10003420,53,20
FUR-CH-10000309,95,20
OFF-AP-10001058,88,20
OFF-AP-10003497,73,20
FUR-CH-10003894,108,20
TEC-PH-10001117,124,20
FUR-TA-10000490,53,20
FUR-NOV-10004925,73,20
TEC-MA-10004534,101,20
FUR-SAF-10004252,79,20
FUR-CH-10003771,47,20
OFF-AP-10000663,92,20
FUR-BO-10004142,6,20
FUR-TA-10000184,106,20
FUR-TA-10001980,95,20
FUR-TA-10004406,73,20
FUR-CH-10001271,35,20
TEC-AC-10001100,37,20
TEC-PH-10002680,15,20
FUR-BO-10000008,96,20
FUR-CH-10001582,97,20
TEC-MA-10003936,59,20
OFF-ST-10004687,90,20
TEC-MA-10002093,67,20
FUR-CH-10003950,72,20
FUR-BO-10004103,40,20
TEC-CO-10002872,92,20
FUR-CH-10003702,78,20
TEC-MA-10002952,79,20
FUR-TA-10003268,66,20
TEC-MA-10001972,79,20
TEC-MA-10003953,95,20
TEC-CO-10000865,81,20
TEC-CO-10002323,55,20
FUR-BAR-10003532,114,20
TEC-CO-10000775,119,20
TEC-MA-10000199,109,20
TEC-AC-10001056,70,20
OFF-ST-10000003,5,20
FUR-CH-10002782,53,20
FUR-ELD-10001163,54,20
FUR-CH-10003312,91,20
OFF-AP-10003909,52,20
OFF-AP-10001299,81,20
TEC-CO-10000854,83,20
TEC-MA-10003757,48,20
OFF-AP-10003588,49,20
OFF-EN-10002061,17,20
FUR-BO-10002444,35,20
TEC-CO-10003228,88,20
FUR-TA-10002935,37,20
TEC-AC-10003506,50,20
OFF-AP-10001956,121,20
TEC-CO-10003236,91,20
TEC-EPS-10002920,109,20
TEC-CO-10004089,46,20
FUR-BO-10001309,108,20
FUR-CH-10001429,50,20
TEC-MA-10002210,10,20
OFF-ST-10001097,110,20
OFF-AP-10002425,58,20
FUR-TA-10003171,62,20
FUR-TA-10003030,42,20
OFF-AP-10004494,70,20
TEC-CO-10004394,124,20
TEC-MA-10000768,42,20
TEC-CO-10003354,92,20
OFF-AP-10002681,94,20
OFF-ST-10004341,84,20
TEC-CO-10001046,62,20
FUR-SAF-10002846,75,20
FUR-BO-10001875,98,20
TEC-PH-10000160,61,20
FUR-TA-10004937,97,20
TEC-MA-10003743,51,20
OFF-AP-10001391,107,20
TEC-MA-10001627,67,20
FUR-TA-10001889,118,20
TEC-CO-10002269,15,20
FUR-HON-10001851,63,20
FUR-CHR-10003806,47,20
FUR-TA-10002544,80,20
TEC-CO-10004367,5,20
TEC-CO-10002242,40,20
FUR-CH-10000774,116,20
OFF-AP-10003304,103,20
FUR-CH-10004063,81,20
TEC-MA-10001360,59,20
FUR-BO-10004388,100,20
FUR-FU-10004614,44,20
OFF-ST-10002530,90,20
FUR-CH-10000932,64,20
TEC-CO-10003589,39,20
TEC-CO-10000666,67,20
TEC-CO-10001766,99,20
FUR-LES-10002852,52,20
OFF-PA-10001281,83,20
TEC-CO-10004234,45,20
TEC-CO-10003217,7,20
FUR-BO-10001892,60,20
OFF-AP-10004063,97,20
FUR-BO-10001073,123,20
FUR-LES-10000874,120,20
TEC-PH-10000303,93,20
FUR-CHR-10001784,61,20
FUR-TA-10003747,83,20
FUR-BO-10003893,111,20
FUR-TA-10001327,67,20
FUR-NOV-10000847,35,20
FUR-BO-10002889,55,20
TEC-AC-10002340,89,20
TEC-CO-10002040,40,20
OFF-AP-10003275,115,20
TEC-CO-10003307,103,20
FUR-TA-10002235,39,20
OFF-AP-10003524,37,20
TEC-PH-10004196,87,20
FUR-IKE-10004853,9,20
TEC-PH-10002217,7,20
TEC-PH-10001824,87,20
TEC-AC-10003969,71,20
TEC-NOK-10003562,108,20
TEC-BEL-10001689,108,20
FUR-HON-10003533,117,20
FUR-CH-10000027,51,20
OFF-KIT-10003337,119,20
TEC-MA-10000258,112,20
TEC-CO-10004997,107,20
TEC-CO-10004365,35,20
OFF-AP-10000667,85,20
FUR-TA-10001622,79,20
FUR-BO-10000624,111,20
FUR-TA-10004748,38,20
FUR-TA-10003576,96,20
TEC-PH-10000486,99,20
FUR-CH-10004774,66,20
OFF-AP-10003099,68,20
FUR-BO-10002740,106,20
TEC-MA-10003674,9,20
TEC-CO-10001375,60,20
TEC-PH-10004631,68,20
TEC-MA-10002771,88,20
FUR-CH-10002891,37,20
OFF-AP-10000934,84,20
FUR-BO-10001165,46,20
TEC-MA-10001598,99,20
TEC-CO-10002197,88,20
TEC-AC-10004145,39,20
OFF-AP-10002283,91,20
FUR-BO-10004408,51,20
FUR-TA-10004524,81,20
OFF-CUI-10001032,57,20
FUR-FU-10003095,17,20
FUR-CH-10002033,119,20
FUR-BO-10004660,48,20
TEC-CO-10001895,100,20
TEC-CO-10002240,109,20
TEC-PH-10002590,85,20
TEC-MA-10001622,9,20
TEC-HP -10001115,72,20
OFF-AP-10002008,98,20
TEC-CO-10003406,72,20
TEC-MA-10000858,84,20
FUR-CH-10001215,116,20
TEC-MA-10001569,64,20
FUR-TA-10004440,113,20
FUR-BO-10000786,85,20
TEC-MA-10003990,97,20
OFF-BIC-10001739,86,20
OFF-AP-10003702,72,20
OFF-HAM-10000312,122,20
TEC-SAM-10004230,113,20
FUR-BO-10004630,64,20
FUR-CH-10004255,85,20
OFF-AP-10002932,115,20
OFF-BI-10000545,39,20
FUR-OFF-10002330,63,20
OFF-AP-10001975,38,20
TEC-CO-10003622,12,20
FUR-CH-10000042,90,20
OFF-AP-10001190,51,20
OFF-ENE-10004377,108,20
TEC-MA-10003337,51,20
TEC-AC-10003814,118,20
OFF-AP-10000751,122,20
FUR-TA-10004005,103,20
FUR-BAR-10000946,68,20
FUR-BO-10004199,8,20
FUR-BO-10003046,87,20
FUR-BO-10002892,100,20
FUR-TA-10002172,111,20
FUR-CH-10002585,77,20
FUR-SAU-10002255,109,20
OFF-AP-10004937,57,20
FUR-TA-10003782,89,20
TEC-CO-10004813,114,20
FUR-NOV-10004602,109,20
FUR-TA-10003663,50,20
FUR-SAF-10002495,10,20
OFF-BI-10004600,38,20
OFF-HOO-10004910,38,20
OFF-EN-10003299,90,20
TEC-MA-10003631,59,20
TEC-MOT-10000554,101,20
FUR-BO-10004670,101,20
FUR-TA-10000052,61,20
TEC-SHA-10003353,66,20
FUR-BO-10000321,84,20
TEC-CO-10003964,95,20
OFF-JIF-10002836,85,20
FUR-CH-10001237,53,20
TEC-BRO-10004802,55,20
OFF-AP-10000078,39,20
OFF-AP-10000226,116,20
TEC-CO-10001093,76,20
FUR-CH-10001021,95,20
FUR-BO-10002580,56,20
OFF-AP-10003380,55,20
TEC-KON-10004735,8,20
TEC-MA-10000317,35,20
TEC-AC-10002914,39,20
FUR-CH-10003232,46,20
OFF-AP-10003965,12,20
TEC-PH-10002759,80,20
TEC-AC-10002159,68,20
FUR-TA-10003055,83,20
FUR-BO-10000514,112,20
FUR-TA-10003003,124,20
FUR-DAN-10002741,79,20
TEC-PAN-10001674,61,20
TEC-CAN-10001376,107,20
TEC-PH-10003646,60,20
FUR-BEV-10001853,81,20
TEC-AC-10004289,120,20
OFF-AP-10001197,90,20
FUR-BO-10001714,97,20
TEC-SHA-10001309,82,20
TEC-CO-10000270,95,20
OFF-AP-10002573,3,20
OFF-EN-10002752,60,20
TEC-MA-10002118,70,20
FUR-TA-10002557,35,20
TEC-AC-10003415,42,20
FUR-TA-10000073,86,20
OFF-PA-10000871,113,20
FUR-BO-10004707,81,20
TEC-MA-10001727,90,20
FUR-TA-10000323,120,20
FUR-CH-10000857,48,20
FUR-CHR-10000585,124,20
FUR-TA-10001496,62,20
FUR-BO-10001362,121,20
FUR-BO-10001822,112,20
TEC-AC-10000712,122,20
TEC-CO-10001741,36,20
OFF-HOO-10004243,60,20
OFF-AP-10000258,48,20
OFF-AP-10004415,13,20
OFF-ST-10002774,10,20
TEC-MA-10004679,41,20
TEC-PH-10004144,37,20
FUR-TA-10003518,57,20
FUR-BO-10002000,52,20
TEC-CO-10002271,72,20
FUR-TA-10003405,49,20
TEC-MA-10001940,98,20
TEC-NOK-10004339,123,20
FUR-CH-10004040,62,20
TEC-CO-10003763,108,20
TEC-CIS-10002344,73,20
FUR-FU-10001132,91,20
OFF-AP-10000800,51,20
TEC-PH-10000956,120,20
FUR-SAU-10003928,124,20
TEC-PH-10002780,78,20
TEC-PH-10002042,59,20
OFF-AP-10004183,51,20
OFF-PA-10003273,47,20
FUR-CH-10000974,6,20
TEC-CO-10001869,59,20
TEC-AC-10001838,102,20
TEC-CO-10001419,44,20
FUR-TA-10001740,101,20
TEC-PH-10002715,52,20
FUR-CH-10001394,120,20
TEC-PH-10001413,68,20
TEC-LOG-10004405,42,20
TEC-MA-10004814,74,20
FUR-CH-10001415,117,20
FUR-LES-10002613,76,20
TEC-CO-10001234,75,20
FUR-SAU-10002043,40,20
TEC-CO-10003506,6,20
FUR-CH-10000213,60,20
TEC-CO-10000387,98,20
TEC-MA-10002790,93,20
TEC-MA-10003404,90,20
FUR-TA-10001549,93,20
FUR-CH-10002923,15,20
TEC-PH-10000505,104,20
FUR-BO-10002793,67,20
TEC-CO-10001926,87,20
FUR-TA-10000750,56,20
FUR-BO-10000490,55,20
TEC-MA-10004486,104,20
TEC-MA-10004997,104,20
FUR-CH-10000885,38,20
TEC-CO-10001413,109,20
OFF-AP-10003021,96,20
FUR-CH-10002573,96,20
FUR-BEV-10002369,58,20
TEC-AC-10000512,89,20
TEC-MA-10003298,43,20
TEC-CO-10001596,37,20
TEC-CO-10001795,65,20
FUR-BO-10000623,74,20
OFF-EN-10000975,70,20
OFF-AP-10000729,58,20
FUR-CH-10004086,17,20
TEC-CO-10003917,40,20
FUR-TA-10004667,100,20
FUR-BO-10002926,118,20
TEC-APP-10002966,109,20
FUR-BO-10004441,38,20
TEC-ENE-10004509,113,20
TEC-CO-10002379,40,20
OFF-ST-10004159,85,20
TEC-PH-10003891,16,20
TEC-CO-10004045,91,20
FUR-BO-10003738,100,20
OFF-KIT-10002828,113,20
FUR-BO-10001461,109,20
FUR-BO-10000021,42,20
FUR-TA-10004619,60,20
OFF-HAM-10003663,85,20
TEC-PH-10000688,79,20
FUR-CH-10002758,78,20
TEC-PH-10000562,39,20
TEC-MA-10004143,8,20
FUR-BO-10004537,60,20
FUR-BO-10003945,102,20
TEC-CO-10000972,53,20
OFF-ST-10003102,118,20
TEC-CO-10004005,54,20
TEC-PH-10004830,46,20
OFF-HOO-10002946,81,20
FUR-TA-10003497,35,20
TEC-AC-10001566,124,20
TEC-CO-10000500,48,20
FUR-ADV-10000190,98,20
TEC-MA-10003146,72,20
FUR-BO-10001558,71,20
OFF-EAT-10001025,45,20
FUR-BO-10003647,111,20
FUR-BO-10002289,37,20
FUR-TA-10003152,67,20
FUR-BO-10004806,40,20
FUR-BO-10004935,84,20
TEC-MA-10002898,10,20
FUR-BO-10002003,44,20
TEC-CO-10001678,39,20
TEC-CO-10003965,57,20
FUR-BO-10001133,12,20
TEC-CAN-10003392,78,20
FUR-CH-10002477,36,20
TEC-AC-10002244,47,20
FUR-BO-10003991,74,20
OFF-AP-10003850,36,20
FUR-TA-10003715,118,20
FUR-BO-10000567,99,20
FUR-BO-10003320,97,20
FUR-TA-10000355,107,20
TEC-CO-10000427,51,20
FUR-BO-10001436,43,20
TEC-PH-10004505,109,20
TEC-PH-10004570,49,20
TEC-MA-10001856,58,20
FUR-CH-10003379,72,20
TEC-MA-10000560,9,20
FUR-BUS-10001187,69,20
TEC-PH-10003511,83,20
TEC-PH-10001187,103,20
FUR-BO-10002992,96,20
FUR-TA-10002571,94,20
FUR-BO-10000402,84,20
OFF-AP-10002794,112,20
FUR-BO-10002613,109,20
TEC-SAM-10004785,43,20
FUR-TA-10004826,68,20
FUR-TA-10003887,110,20
TEC-MA-10004255,69,20
TEC-HP -10001574,35,20
TEC-PH-10004536,74,20
TEC-CO-10001142,98,20
TEC-PH-10004028,56,20
FUR-BO-10000967,94,20
FUR-FU-10003806,98,20
TEC-MA-10001148,15,20
FUR-BO-10002042,10,20
FUR-CH-10004795,45,20
FUR-TA-10004817,48,20
TEC-PH-10003439,94,20
FUR-SAF-10000204,64,20
FUR-BO-10002084,69,20
OFF-EN-10001480,119,20
FUR-TA-10000695,71,20
TEC-CO-10003158,39,20
FUR-CH-10000333,117,20
TEC-CO-10000777,112,20
FUR-BO-10001393,60,20
TEC-MA-10003779,96,20
TEC-PH-10003457,38,20
FUR-TA-10002833,123,20
OFF-AP-10003795,76,20
OFF-AP-10002499,123,20
TEC-CO-10003410,52,20
FUR-BO-10004434,74,20
TEC-BRO-10000348,106,20
FUR-FU-10002919,9,20
TEC-AC-10000317,48,20
FUR-BO-10001212,66,20
TEC-CO-10001567,85,20
TEC-AC-10003518,72,20
OFF-CUI-10001990,57,20
FUR-BO-10003880,97,20
FUR-TA-10002912,49,20
FUR-BO-10000533,59,20
TEC-PH-10002353,51,20
OFF-KIT-10003611,100,20
FUR-BO-10002906,112,20
FUR-TA-10001371,87,20
OFF-ST-10003150,85,20
TEC-MA-10003515,9,20
TEC-AC-10001254,85,20
FUR-BO-10002213,104,20
TEC-CIS-10001717,40,20
FUR-DAN-10004625,101,20
FUR-TA-10004289,41,20
FUR-CH-10000660,5,20
OFF-AP-10002651,106,20
TEC-PH-10003994,76,20
OFF-AP-10003956,98,20
FUR-TA-10000617,49,20
TEC-AC-10004808,63,20
TEC-MA-10004502,67,20
FUR-CH-10000777,61,20
TEC-ENE-10004052,70,20
OFF-EN-10000378,63,20
TEC-CO-10001482,72,20
TEC-CO-10000405,91,20
TEC-CO-10000051,61,20
FUR-TA-10003485,89,20
TEC-MA-10002134,67,20
FUR-BO-10001471,102,20
FUR-FU-10001438,120,20
FUR-BO-10004665,100,20
FUR-FU-10004031,44,20
TEC-MA-10003176,39,20
TEC-CO-10002326,13,20
TEC-MA-10000087,108,20
TEC-MA-10002263,72,20
TEC-CO-10001487,47,20
OFF-KIT-10000099,65,20
OFF-AR-10001162,81,20
OFF-ST-10004983,122,20
FUR-CH-10003841,86,20
TEC-HEW-10002304,90,20
TEC-PH-10001284,17,20
FUR-BO-10001831,63,20
FUR-CH-10001322,42,20
TEC-MA-10002520,39,20
OFF-AP-10003259,63,20
FUR-BO-10003543,81,20
TEC-HP -10003894,102,20
TEC-CO-10001742,110,20
FUR-CH-10003746,79,20
FUR-BO-10001708,36,20
OFF-BRE-10001197,61,20
TEC-PH-10000458,17,20
FUR-HAR-10002873,70,20
TEC-CO-10001839,70,20
TEC-AC-10003753,60,20
OFF-HAM-10004674,77,20
TEC-AC-10004414,61,20
TEC-MA-10001031,103,20
TEC-AC-10001720,54,20
TEC-MA-10004002,45,20
TEC-MA-10004929,108,20
TEC-AC-10002224,72,20
FUR-TA-10001691,40,20
OFF-ST-10004226,106,20
FUR-FU-10000980,57,20
FUR-BO-10000889,81,20
TEC-PH-10000419,124,20
TEC-MA-10003078,80,20
OFF-SU-10003863,46,20
TEC-PH-10000895,124,20
FUR-BO-10001739,47,20
FUR-BEV-10000388,10,20
FUR-BO-10003323,96,20
OFF-BRE-10003382,116,20
FUR-TA-10001272,123,20
FUR-TA-10004575,3,20
OFF-PA-10002558,94,20
TEC-MA-10000240,77,20
OFF-SU-10001124,110,20
TEC-MA-10001279,102,20
TEC-CO-10004202,39,20
OFF-AP-10004527,71,20
OFF-AP-10002764,106,20
FUR-OFF-10004214,65,20
TEC-CO-10002063,43,20
FUR-BO-10003022,85,20
FUR-TA-10001833,63,20
FUR-TA-10002885,112,20
TEC-CO-10002526,74,20
TEC-PH-10000493,75,20
TEC-CIS-10000791,120,20
FUR-TA-10004915,13,20
TEC-MA-10000170,57,20
FUR-BO-10001010,35,20
TEC-PH-10004211,80,20
FUR-TA-10000245,55,20
OFF-AP-10002735,124,20
OFF-AP-10002264,70,20
TEC-AC-10001355,88,20
TEC-MA-10003246,121,20
OFF-HAM-10001302,91,20
TEC-PH-10003484,35,20
TEC-CO-10004589,97,20
OFF-AP-10000415,88,20
FUR-FU-10001541,89,20
TEC-PH-10001076,74,20
OFF-AP-10000621,49,20
FUR-BO-10000517,55,20
TEC-PH-10001835,81,20
TEC-PH-10004221,107,20
FUR-CH-10000229,7,20
TEC-MA-10001308,11,20
FUR-BO-10003333,108,20
OFF-AP-10000717,86,20
TEC-HP -10003559,91,20
OFF-AP-10000873,60,20
FUR-TA-10004383,75,20
TEC-ENE-10002744,69,20
OFF-HOO-10001783,97,20
TEC-MA-10001859,59,20
TEC-CO-10004404,124,20
TEC-KON-10003211,109,20
FUR-BO-10001295,72,20
OFF-ST-10004748,36,20
TEC-MA-10003780,41,20
FUR-TA-10001090,116,20
TEC-PH-10004105,68,20
OFF-BRE-10003558,51,20
FUR-BO-10000184,77,20
OFF-ST-10002515,93,20
TEC-MA-10000559,85,20
OFF-AP-10003308,8,20
OFF-BRE-10003295,58,20
FUR-BO-10003697,59,20
TEC-PH-10000841,105,20
FUR-CH-10002373,86,20
TEC-BRO-10003876,104,20
OFF-AP-10003184,122,20
FUR-CH-10002002,67,20
TEC-CIS-10000758,83,20
OFF-ST-10003286,63,20
TEC-MA-10000904,97,20
FUR-BO-10000195,56,20
TEC-MA-10001570,60,20
TEC-CO-10000395,62,20
FUR-TA-10002972,4,20
FUR-CH-10001190,119,20
FUR-CH-10001663,83,20
FUR-SAF-10001428,105,20
TEC-MA-10002040,115,20
FUR-CH-10002317,118,20
TEC-AC-10000007,11,20
OFF-AP-10002960,83,20
TEC-PH-10003486,54,20
OFF-AP-10002793,120,20
TEC-CO-10002697,97,20
FUR-CH-10000836,95,20
TEC-AC-10003469,83,20
FUR-BO-10002109,105,20
FUR-BO-10002308,35,20
TEC-CO-10000794,47,20
FUR-BO-10003301,121,20
TEC-MA-10002464,85,20
TEC-AC-10002322,90,20
FUR-CH-10000294,117,20
TEC-CO-10002578,96,20
TEC-CO-10000043,66,20
TEC-MA-10003730,64,20
OFF-AP-10001955,63,20
TEC-MA-10002874,83,20
FUR-CH-10002417,79,20
TEC-PH-10004880,15,20
FUR-FU-10001091,64,20
FUR-CH-10003341,50,20
TEC-AC-10002522,74,20
TEC-CO-10003346,53,20
FUR-FU-10001764,52,20
FUR-TA-10003291,35,20
FUR-BO-10004558,112,20
OFF-AP-10004372,81,20
FUR-FU-10000366,4,20
FUR-BO-10002964,100,20
TEC-MA-10001681,72,20
OFF-AP-10004821,85,20
OFF-BI-10004390,97,20
TEC-CAN-10004214,38,20
FUR-BO-10001271,35,20
FUR-CH-10002481,42,20
TEC-MA-10004772,63,20
FUR-CH-10000454,89,20
FUR-CH-10000848,37,20
TEC-CO-10001703,18,20
FUR-TA-10000518,44,20
TEC-MA-10001128,108,20
FUR-BO-10004541,117,20
TEC-CO-10004115,68,20
TEC-CO-10003204,121,20
TEC-MA-10000334,89,20
TEC-CO-10003784,66,20
FUR-TA-10002774,84,20
FUR-CH-10000847,41,20
TEC-AC-10000866,42,20
TEC-PH-10001918,99,20
TEC-AC-10002148,91,20
TEC-PH-10003683,101,20
TEC-CO-10000562,122,20
OFF-EN-10002522,121,20
TEC-CO-10002673,93,20
FUR-SAF-10001793,106,20
TEC-CO-10000825,88,20
FUR-TA-10002979,101,20
FUR-TA-10001558,5,20
OFF-ST-10002028,42,20
OFF-AP-10000005,68,20
TEC-PH-10004664,69,20
FUR-OFF-10002542,18,20
TEC-MA-10002155,122,20
TEC-CO-10003777,112,20
FUR-CH-10001147,66,20
OFF-AP-10000916,80,20
TEC-CO-10000620,50,20
TEC-AC-10000519,102,20
OFF-HOO-10003653,71,20
TEC-MA-10004553,88,20
TEC-CO-10003124,119,20
TEC-MA-10002711,48,20
TEC-MA-10003314,89,20
TEC-MA-10000366,82,20
TEC-MA-10000964,116,20
TEC-MA-10002459,41,20
TEC-MA-10003079,108,20
TEC-CO-10002057,9,20
FUR-BO-10003028,67,20
FUR-BO-10004357,57,20
OFF-AR-10002714,119,20
TEC-PH-10001990,53,20
TEC-MA-10000765,53,20
FUR-TA-10002095,70,20
TEC-HEW-10003829,63,20
FUR-TA-10001602,94,20
FUR-CH-10004792,116,20
TEC-CO-10001523,36,20
TEC-MA-10003351,35,20
TEC-AC-10001876,81,20
TEC-PH-10000560,103,20
TEC-PH-10004707,54,20
OFF-AP-10001458,45,20
OFF-CUI-10002269,36,20
TEC-CO-10000172,101,20
TEC-CO-10003349,121,20
TEC-PH-10000490,9,20
TEC-CO-10002350,14,20
OFF-AR-10000733,54,20
OFF-AP-10000335,39,20
OFF-ST-10002566,71,20
TEC-AC-10000212,72,20
OFF-SU-10000596,43,20
FUR-CH-10003558,87,20
FUR-BO-10004704,78,20
TEC-MA-10003536,120,20
TEC-CO-10002284,58,20
TEC-AC-10001949,115,20
FUR-BO-10004316,108,20
TEC-MA-10003812,64,20
OFF-AP-10002330,93,20
TEC-MA-10003553,121,20
TEC-PAN-10000377,115,20
TEC-CO-10004701,115,20
TEC-CO-10001317,48,20
FUR-BO-10000791,43,20
OFF-ST-10004267,74,20
FUR-BO-10002916,4,20
TEC-AC-10003570,59,20
FUR-TA-10000403,107,20
TEC-PAN-10004404,56,20
OFF-AP-10003559,38,20
TEC-AC-10000254,60,20
TEC-CO-10001309,92,20
FUR-BAR-10002710,63,20
FUR-BO-10000243,121,20
TEC-MA-10002412,71,20
FUR-CH-10001805,109,20
TEC-AC-10000957,104,20
TEC-MA-10003084,52,20
TEC-PH-10001817,119,20
OFF-PA-10004641,12,20
FUR-CHR-10000888,75,20
TEC-CO-10003523,72,20
OFF-AP-10003615,68,20
FUR-FU-10001601,51,20
FUR-IKE-10002719,71,20
TEC-CO-10002700,11,20
FUR-NOV-10003754,110,20
TEC-AC-10003265,121,20
FUR-BO-10001256,120,20
FUR-TA-10001113,119,20
TEC-PH-10001751,61,20
FUR-CH-10003353,91,20
OFF-ST-10002900,65,20
FUR-HON-10003950,40,20
OFF-AP-10003182,74,20
TEC-CO-10001531,46,20
TEC-MA-10000124,87,20
TEC-MA-10004955,105,20
FUR-TA-10002958,44,20
FUR-BO-10003499,79,20
TEC-PH-10004559,51,20
TEC-MA-10001403,60,20
FUR-BO-10000891,119,20
TEC-CO-10003212,96,20
FUR-CH-10002073,80,20
TEC-STA-10003386,18,20
OFF-AP-10002899,36,20
OFF-HAM-10002778,88,20
OFF-ST-10004847,99,20
TEC-PH-10002563,85,20
OFF-BRE-10004073,87,20
TEC-MA-10003154,70,20
OFF-EN-10004453,60,20
OFF-AP-10004511,63,20
TEC-AC-10000742,7,20
OFF-CUI-10001965,45,20
TEC-CO-10001787,74,20
TEC-PH-10002932,45,20
FUR-CH-10004495,70,20
TEC-MA-10002712,93,20
FUR-BO-10004681,73,20
FUR-TA-10004544,88,20
TEC-PH-10004223,89,20
TEC-PH-10000258,58,20
FUR-CH-10001832,56,20
TEC-HEW-10003460,7,20
OFF-AP-10003912,90,20
FUR-TA-10002093,67,20
OFF-ST-10003208,70,20
TEC-PH-10004328,54,20
FUR-BO-10002250,117,20
FUR-BO-10004824,115,20
TEC-SHA-10004083,96,20
FUR-TA-10004134,107,20
FUR-HON-10001689,60,20
FUR-DAN-10002017,100,20
TEC-BRO-10001568,107,20
OFF-ST-10003020,107,20
FUR-FU-10004516,74,20
TEC-CO-10001629,51,20
TEC-PH-10004389,35,20
FUR-BO-10002682,123,20
FUR-BO-10000616,95,20
TEC-AC-10002015,77,20
FUR-CH-10004675,76,20
TEC-PH-10004915,11,20
TEC-CO-10002466,73,20
FUR-CH-10002510,69,20
FUR-DAN-10001557,37,20
OFF-AP-10000004,4,20
TEC-MA-10002571,78,20
OFF-AP-10003945,85,20
TEC-CO-10000556,46,20
TEC-PH-10001363,53,20
FUR-HON-10001960,78,20
TEC-PH-10004350,93,20
OFF-SU-10003428,83,20
FUR-BO-10002812,95,20
TEC-AC-10001432,51,20
FUR-TA-10000486,108,20
TEC-MA-10002941,91,20
FUR-FU-10004527,89,20
TEC-CO-10000452,81,20
TEC-PH-10003813,46,20
OFF-ST-10000210,96,20
OFF-HAM-10001621,18,20
FUR-TA-10000577,122,20
TEC-CO-10001407,117,20
TEC-HEW-10003260,42,20
TEC-CO-10004831,55,20
FUR-TA-10004534,115,20
TEC-CO-10002796,121,20
TEC-CO-10002587,114,20
TEC-PH-10002447,104,20
TEC-MA-10000606,106,20
FUR-CH-10000513,59,20
TEC-MA-10002080,116,20
TEC-CO-10003694,123,20
TEC-CAN-10001437,46,20
FUR-TA-10002228,49,20
TEC-MA-10003390,93,20
TEC-CO-10002523,60,20
FUR-CH-10004011,60,20
TEC-MA-10002135,81,20
TEC-CO-10004976,18,20
FUR-TA-10002827,12,20
FUR-TA-10003926,50,20
TEC-CO-10003135,105,20
OFF-AP-10004248,51,20
TEC-CO-10000786,57,20
TEC-AC-10003159,60,20
FUR-BO-10003966,119,20
OFF-ST-10001496,120,20
TEC-APP-10000308,41,20
OFF-ST-10003785,48,20
TEC-CO-10000119,113,20
TEC-MA-10003185,41,20
FUR-CH-10004441,43,20
FUR-CH-10001490,82,20
FUR-TA-10002433,106,20
FUR-CH-10004592,93,20
TEC-MA-10004423,121,20
TEC-MA-10002226,116,20
OFF-EN-10000826,73,20
TEC-MA-10002428,52,20
OFF-AP-10001941,13,20
TEC-PH-10003078,51,20
TEC-MA-10002340,48,20
FUR-TA-10003569,65,20
TEC-CO-10002538,58,20
TEC-MOT-10003050,94,20
TEC-PH-10003174,79,20
TEC-PH-10001732,37,20
FUR-FU-10004095,71,20
TEC-CO-10002283,77,20
FUR-CH-10003948,74,20
TEC-PH-10001128,124,20
FUR-BO-10000210,89,20
FUR-CH-10004997,121,20
TEC-PH-10004910,14,20
FUR-BUS-10001243,73,20
OFF-ST-10001357,49,20
TEC-CO-10004034,38,20
OFF-SU-10003688,120,20
FUR-HON-10004932,59,20
TEC-PH-10001066,15,20
TEC-MA-10001372,116,20
FUR-CH-10002543,67,20
OFF-KIT-10001380,50,20
TEC-AC-10004626,76,20
OFF-AR-10000767,100,20
FUR-CH-10004309,89,20
TEC-MA-10002680,76,20
TEC-PH-10000106,68,20
FUR-CH-10000656,64,20
FUR-BO-10002390,47,20
TEC-HP -10003618,47,20
OFF-SU-10000646,52,20
TEC-ENE-10000235,66,20
TEC-PH-10002127,73,20
FUR-TA-10001693,80,20
TEC-PH-10001087,63,20
OFF-LA-10004112,96,20
FUR-BO-10003549,96,20
TEC-AC-10002543,91,20
TEC-PH-10002817,18,20
TEC-CO-10002434,90,20
TEC-PH-10003157,44,20
TEC-PH-10003491,64,20
FUR-TA-10002957,59,20
FUR-CH-10000399,118,20
TEC-CO-10003574,39,20
FUR-BO-10003713,99,20
OFF-ST-10000676,83,20
OFF-AP-10002317,5,20
FUR-BO-10002334,79,20
FUR-BO-10003604,48,20
FUR-CH-10002060,64,20
FUR-TA-10003222,102,20
FUR-TA-10002797,52,20
FUR-FU-10003427,96,20
TEC-CO-10001445,71,20
FUR-BAR-10003576,59,20
TEC-PH-10000455,82,20
FUR-TA-10001086,99,20
FUR-SAF-10000213,7,20
TEC-PH-10001555,113,20
TEC-PH-10000822,107,20
FUR-CH-10002974,49,20
FUR-BO-10001749,83,20
TEC-CO-10004081,122,20
FUR-TA-10002903,102,20
FUR-TA-10001307,46,20
FUR-BO-10000797,93,20
FUR-BO-10004053,71,20
TEC-CO-10002423,95,20
FUR-TA-10000115,77,20
TEC-EPS-10002958,104,20
TEC-MA-10000697,73,20
FUR-HON-10001015,90,20
OFF-AP-10001510,97,20
FUR-BO-10001498,80,20
FUR-FU-10003219,122,20
TEC-MA-10004613,45,20
FUR-BO-10001254,96,20
FUR-BO-10002318,15,20
FUR-BO-10003383,59,20
FUR-DAN-10002167,105,20
TEC-AC-10003367,86,20
TEC-CO-10003819,6,20
FUR-CH-10002228,93,20
FUR-CH-10001492,106,20
OFF-AP-10000802,54,20
OFF-ST-10003459,97,20
TEC-CO-10000967,88,20
TEC-CO-10003102,108,20
TEC-PH-10000369,91,20
FUR-CH-10004746,124,20
TEC-AC-10002289,75,20
TEC-AC-10001348,37,20
FUR-BEV-10003414,40,20
FUR-OFF-10002395,39,20
TEC-AC-10003911,39,20
TEC-MA-10004956,88,20
TEC-PH-10002104,81,20
TEC-CO-10001342,9,20
FUR-BO-10003881,83,20
TEC-PH-10003713,43,20
FUR-TA-10004175,54,20
TEC-CO-10000663,95,20
TEC-HEW-10003531,69,20
TEC-PH-10002102,84,20
TEC-CO-10000917,116,20
TEC-MA-10002538,96,20
FUR-BO-10003887,51,20
TEC-PH-10000879,122,20
FUR-BO-10004821,37,20
TEC-CAN-10002879,66,20
OFF-HOO-10002752,47,20
FUR-CH-10000920,123,20
TEC-CO-10004042,107,20
TEC-PH-10000984,102,20
TEC-CO-10002769,48,20
TEC-PH-10000214,45,20
TEC-AC-10000264,11,20
TEC-PH-10002398,10,20
TEC-MEM-10002202,101,20
FUR-FU-10003736,63,20
FUR-HON-10000103,43,20
OFF-AR-10002458,101,20
FUR-HON-10001343,59,20
TEC-MEM-10002005,110,20
FUR-FU-10003326,76,20
TEC-MA-10000772,43,20
TEC-PH-10003137,113,20
FUR-TA-10003238,74,20
FUR-CH-10002273,59,20
TEC-PH-10003913,39,20
TEC-MA-10000843,45,20
TEC-MA-10003478,93,20
OFF-ST-10000103,122,20
OFF-AP-10003500,113,20
FUR-CH-10003551,72,20
TEC-MA-10000555,106,20
TEC-CO-10000178,39,20
FUR-TA-10003392,18,20
TEC-PH-10001530,124,20
FUR-BO-10003106,52,20
FUR-BO-10004911,104,20
FUR-CH-10001913,71,20
TEC-PH-10004434,94,20
FUR-FU-10001322,82,20
OFF-SU-10003118,111,20
FUR-TA-10002982,62,20
TEC-CO-10002583,103,20
FUR-CH-10002331,111,20
TEC-CIS-10000351,115,20
OFF-AP-10003491,74,20
TEC-CO-10003570,79,20
OFF-AP-10004499,18,20
FUR-CH-10002188,96,20
TEC-MA-10000331,92,20
TEC-MA-10001934,101,20
TEC-MA-10002368,90,20
FUR-BO-10003873,74,20
TEC-AC-10003554,4,20
TEC-OKI-10000372,74,20
FUR-BO-10002781,111,20
TEC-PH-10001760,67,20
TEC-PH-10000019,40,20
OFF-EN-10003770,122,20
OFF-AP-10004031,53,20
TEC-CO-10004722,114,20
OFF-ST-10004186,74,20
TEC-CAN-10001853,93,20
OFF-EN-10000871,93,20
TEC-CO-10004662,82,20
TEC-PH-10004261,75,20
FUR-SAU-10003795,47,20
FUR-BO-10001798,79,20
TEC-PH-10000774,123,20
FUR-LES-10000904,87,20
TEC-AC-10002013,76,20
OFF-CUI-10003665,97,20
OFF-EN-10002066,61,20
TEC-CO-10001933,8,20
FUR-CH-10003981,94,20
TEC-MA-10002827,41,20
OFF-CUI-10001302,39,20
OFF-AP-10002239,79,20
OFF-AP-10002577,92,20
TEC-AC-10000865,65,20
OFF-AR-10004749,57,20
TEC-CO-10000601,76,20
TEC-SHA-10004390,12,20
OFF-EN-10001476,66,20
TEC-CO-10000259,87,20
TEC-PH-10002119,64,20
OFF-ST-10004768,73,20
OFF-SU-10000427,65,20
FUR-FU-10001488,116,20
TEC-PH-10000785,36,20
TEC-PH-10004074,112,20
FUR-CH-10001726,111,20
OFF-AP-10004882,46,20
OFF-AP-10001406,9,20
TEC-ENE-10004627,100,20
FUR-BO-10000214,47,20
FUR-DAN-10001622,80,20
TEC-AC-10001660,61,20
TEC-CO-10002857,51,20
TEC-CO-10002232,94,20
FUR-TA-10003597,98,20
FUR-BO-10001873,122,20
FUR-TA-10004154,69,20
TEC-MA-10001187,104,20
TEC-ENE-10001541,117,20
TEC-AC-10000501,64,20
OFF-AP-10000285,105,20
FUR-BAR-10003465,108,20
TEC-PH-10001590,97,20
TEC-PH-10002292,62,20
TEC-CO-10004252,94,20
TEC-BRO-10000917,113,20
TEC-PH-10004162,71,20
OFF-AP-10000818,15,20
FUR-DAN-10000597,56,20
FUR-FU-10002304,102,20
TEC-PH-10003691,54,20
FUR-BO-10001934,18,20
FUR-CH-10003508,102,20
OFF-PA-10001348,98,20
TEC-CO-10004507,51,20
OFF-ST-10004646,46,20
FUR-BO-10004926,56,20
FUR-NOV-10002655,51,20
FUR-FU-10003264,44,20
OFF-PA-10004450,99,20
TEC-LOG-10003896,56,20
TEC-LOG-10001871,124,20
FUR-BO-10004507,116,20
TEC-MA-10001527,84,20
FUR-BO-10000847,48,20
TEC-MA-10003183,98,20
OFF-BI-10002277,81,20
FUR-TEN-10003871,15,20
TEC-MA-10002686,110,20
FUR-BO-10003029,70,20
TEC-CO-10001626,86,20
FUR-CH-10000595,110,20
FUR-BO-10004080,41,20
TEC-CO-10003160,63,20
TEC-CO-10004027,45,20
TEC-AC-10004269,67,20
OFF-AP-10003431,40,20
FUR-CH-10004810,113,20
OFF-AP-10004425,66,20
TEC-PH-10003980,85,20
TEC-CO-10003262,109,20
FUR-CH-10003033,92,20
FUR-TA-10004054,121,20
FUR-FU-10003217,60,20
OFF-ST-10001809,80,20
TEC-MA-10001607,63,20
OFF-ST-10003964,6,20
FUR-CH-10000665,3,20
TEC-MA-10003589,47,20
TEC-CO-10000082,73,20
FUR-SAF-10002112,49,20
OFF-ENE-10004132,63,20
TEC-AC-10001995,63,20
OFF-AP-10000639,109,20
TEC-PH-10000990,66,20
TEC-PH-10002695,36,20
FUR-BO-10001255,81,20
TEC-CO-10004169,112,20
FUR-BO-10004407,118,20
FUR-FU-10001774,56,20
FUR-BO-10002985,109,20
TEC-AC-10000633,61,20
TEC-CO-10000887,101,20
TEC-CO-10003807,115,20
TEC-PH-10004165,90,20
FUR-TA-10004840,55,20
TEC-CO-10003471,81,20
TEC-MA-10000572,18,20
TEC-PH-10001137,93,20
TEC-CO-10003048,118,20
TEC-CO-10000679,40,20
TEC-AC-10002049,53,20
FUR-CH-10002090,91,20
FUR-CH-10002126,103,20
TEC-PH-10003273,37,20
FUR-FU-10002298,35,20
FUR-TA-10002088,92,20
OFF-SU-10003545,72,20
TEC-PH-10003982,49,20
OFF-KIT-10003683,68,20
TEC-CO-10002567,95,20
FUR-CH-10002116,5,20
TEC-MA-10003923,98,20
TEC-CO-10004998,59,20
FUR-CH-10003965,58,20
FUR-BO-10002204,46,20
TEC-CO-10004154,52,20
TEC-CO-10002065,17,20
TEC-CO-10002244,114,20
TEC-AC-10004070,61,20
OFF-SU-10000835,106,20
FUR-NOV-10000123,94,20
TEC-MA-10004820,80,20
FUR-TA-10002411,123,20
OFF-ST-10000546,51,20
FUR-BO-10003185,87,20
TEC-MA-10002264,42,20
OFF-AP-10003794,113,20
FUR-BEV-10002193,61,20
FUR-TA-10002582,80,20
OFF-AP-10000344,84,20
FUR-CH-10000891,105,20
TEC-MA-10003704,37,20
OFF-AP-10004466,98,20
TEC-AC-10003615,78,20
FUR-TA-10003451,87,20
FUR-CH-10002435,58,20
TEC-HP -10004971,14,20
OFF-SAN-10002873,37,20
FUR-TA-10001932,54,20
FUR-TA-10002065,80,20
FUR-TA-10002146,49,20
TEC-PH-10002312,59,20
TEC-CO-10004306,112,20
FUR-BO-10000411,105,20
OFF-BI-10001359,51,20
OFF-AP-10000200,16,20
TEC-MA-10003492,118,20
TEC-CO-10003759,43,20
OFF-ST-10003807,72,20
TEC-MA-10002859,82,20
TEC-MEM-10004014,94,20
TEC-CO-10003951,97,20
OFF-XER-10000846,120,20
TEC-MA-10003356,36,20
OFF-KRA-10002126,122,20
OFF-AP-10002360,106,20
OFF-AP-10004978,13,20
FUR-FU-10002055,98,20
TEC-MA-10001197,111,20
TEC-PH-10004586,115,20
OFF-EN-10002831,106,20
FUR-BO-10002766,55,20
FUR-BO-10001537,52,20
TEC-CO-10002055,98,20
FUR-FU-10000305,116,20
FUR-TA-10001192,72,20
OFF-EN-10001533,66,20
TEC-MA-10001127,45,20
TEC-CO-10003682,79,20
TEC-PH-10004732,123,20
FUR-BO-10002968,67,20
OFF-FA-10002639,75,20
FUR-CH-10000089,42,20
FUR-TA-10001705,45,20
TEC-CO-10001630,120,20
OFF-AP-10003135,85,20
FUR-HON-10003080,10,20
TEC-MA-10002043,75,20
FUR-FU-10000188,51,20
TEC-PAN-10003688,110,20
TEC-PH-10002742,11,20
TEC-PAN-10002690,80,20
TEC-MA-10003338,66,20
FUR-FU-10000743,113,20
OFF-EN-10001733,114,20
TEC-PH-10004241,88,20
OFF-ST-10003837,120,20
FUR-BUS-10004882,54,20
TEC-AC-10002389,67,20
TEC-AC-10004478,108,20
OFF-AR-10003890,74,20
TEC-CO-10002768,66,20
TEC-PH-10002645,36,20
FUR-HAR-10003770,67,20
TEC-CO-10003587,111,20
FUR-BO-10004585,64,20
OFF-AR-10001195,3,20
OFF-PA-10001735,111,20
FUR-BO-10004699,60,20
FUR-BO-10002782,56,20
OFF-ST-10002386,100,20
TEC-AC-10001791,72,20
OFF-EN-10002096,124,20
FUR-BO-10000961,80,20
FUR-BO-10002142,49,20
TEC-PH-10000158,78,20
FUR-BO-10001003,83,20
OFF-HOO-10003269,109,20
FUR-BO-10002632,95,20
TEC-AC-10002253,101,20
TEC-AC-10000420,40,20
TEC-AC-10004659,43,20
TEC-MA-10004023,40,20
FUR-TA-10000637,107,20
TEC-AC-10001830,66,20
TEC-MA-10000003,11,20
TEC-MA-10003101,4,20
TEC-AC-10002545,110,20
TEC-CO-10001192,42,20
FUR-HAR-10004086,106,20
FUR-FU-10000293,84,20
FUR-BO-10000038,96,20
FUR-HAR-10001374,118,20
FUR-BO-10004327,96,20
TEC-PH-10001470,41,20
FUR-BO-10003174,109,20
TEC-AC-10000827,118,20
FUR-SAU-10002167,114,20
OFF-AP-10001191,38,20
OFF-BRE-10002706,40,20
OFF-ST-10004337,92,20
OFF-AP-10004245,56,20
FUR-TA-10004442,60,20
TEC-PH-10000675,37,20
FUR-BO-10004980,75,20
FUR-CH-10004491,94,20
TEC-PH-10002306,12,20
TEC-MA-10001752,48,20
TEC-PH-10000412,109,20
FUR-FU-10000225,116,20
OFF-EN-10002723,46,20
OFF-PA-10001142,121,20
TEC-CO-10000070,46,20
TEC-PH-10002699,47,20
FUR-FU-10000702,59,20
TEC-PH-10003325,79,20
OFF-AP-10000806,53,20
FUR-BO-10001541,89,20
TEC-MA-10001009,79,20
OFF-SU-10003540,42,20
TEC-PH-10004933,15,20
OFF-BRE-10002255,87,20
TEC-MA-10001142,89,20
TEC-SHA-10003670,66,20
TEC-CO-10003541,85,20
OFF-SU-10000151,78,20
TEC-PH-10003932,4,20
FUR-BO-10004547,104,20
FUR-BO-10002574,52,20
TEC-CO-10001162,117,20
TEC-PH-10002415,56,20
OFF-CUI-10001670,71,20
TEC-PH-10002183,90,20
TEC-MA-10000686,93,20
FUR-BO-10002736,37,20
OFF-ST-10000689,62,20
TEC-CO-10001468,108,20
OFF-AP-10001567,69,20
TEC-MA-10004603,95,20
FUR-TA-10001768,88,20
TEC-MA-10002306,97,20
TEC-CO-10001008,113,20
TEC-PH-10000309,41,20
FUR-BO-10003779,110,20
FUR-BO-10004082,83,20
TEC-PH-10002491,119,20
TEC-MA-10001098,17,20
OFF-CUI-10000140,92,20
TEC-PAN-10002613,95,20
TEC-CAN-10004354,58,20
TEC-PH-10002255,54,20
TEC-MA-10004428,71,20
OFF-ST-10000991,38,20
TEC-AC-10001251,54,20
TEC-CO-10004078,94,20
FUR-TA-10003510,10,20
FUR-BO-10004191,84,20
OFF-HAM-10004122,83,20
TEC-AC-10002263,85,20
TEC-CO-10004897,70,20
TEC-PH-10004636,100,20
OFF-ST-10004802,113,20
TEC-KON-10000837,68,20
TEC-CO-10004558,70,20
FUR-CH-10001138,40,20
TEC-MA-10004295,73,20
OFF-ST-10004794,12,20
OFF-PA-10004054,92,20
FUR-BO-10004113,46,20
TEC-PH-10003560,37,20
FUR-CH-10002091,52,20
FUR-CH-10001897,74,20
FUR-BO-10001099,55,20
TEC-MA-10004521,49,20
FUR-BO-10001216,60,20
TEC-NOK-10000534,42,20
FUR-BO-10002592,121,20
FUR-BUS-10004820,76,20
TEC-MA-10004303,78,20
TEC-CO-10002381,48,20
OFF-PA-10001445,112,20
FUR-TA-10003637,36,20
TEC-AC-10001075,71,20
OFF-ST-10001370,103,20
FUR-BO-10001918,72,20
FUR-TA-10003079,75,20
OFF-SU-10004627,16,20
TEC-PH-10003353,94,20
TEC-AC-10000462,48,20
FUR-CH-10001313,123,20
FUR-CH-10004626,6,20
TEC-CIS-10002544,36,20
TEC-CO-10002817,104,20
OFF-AR-10000067,51,20
FUR-CH-10004584,123,20
OFF-AP-10000263,62,20
OFF-EN-10002728,100,20
OFF-LA-10002523,69,20
FUR-BO-10000712,39,20
TEC-CO-10001145,99,20
TEC-PH-10003012,74,20
FUR-OFF-10003703,110,20
FUR-BO-10000268,90,20
TEC-PH-10001917,70,20
FUR-FU-10003339,79,20
TEC-LOG-10003651,57,20
TEC-AC-10000580,17,20
TEC-SHA-10004151,65,20
TEC-PH-10002834,45,20
FUR-FU-10004549,44,20
FUR-FU-10003826,101,20
FUR-CH-10001975,48,20
TEC-SAN-10003238,114,20
FUR-LES-10003082,108,20
FUR-BO-10001966,44,20
FUR-TA-10002041,110,20
FUR-IKE-10001312,35,20
FUR-CH-10002084,39,20
TEC-MA-10002701,54,20
OFF-ST-10004830,42,20
OFF-AP-10002933,77,20
FUR-TA-10003273,110,20
OFF-AR-10001386,35,20
OFF-SU-10004911,91,20
TEC-CO-10001943,98,20
TEC-CO-10002981,8,20
TEC-CO-10002150,6,20
OFF-AP-10001891,62,20
TEC-KON-10002309,71,20
FUR-CH-10000133,81,20
OFF-ST-10002615,110,20
FUR-SAU-10004053,71,20
FUR-BO-10003034,83,20
FUR-IKE-10004160,78,20
TEC-CO-10002916,90,20
FUR-CH-10003097,62,20
TEC-AC-10003095,113,20
TEC-MA-10001358,40,20
FUR-FU-10003879,95,20
TEC-PH-10002320,54,20
OFF-PA-10004498,112,20
FUR-FU-10002930,36,20
OFF-ST-10000046,107,20
FUR-DAN-10001875,71,20
TEC-MA-10003315,54,20
FUR-CH-10003114,60,20
TEC-MA-10004533,15,20
OFF-SU-10000105,35,20
TEC-CO-10002313,69,20
FUR-BO-10004565,104,20
TEC-AC-10002647,93,20
TEC-STA-10004536,103,20
OFF-AP-10001916,67,20
FUR-DEF-10004555,85,20
FUR-BO-10002214,112,20
TEC-APP-10002321,46,20
FUR-BO-10001390,54,20
TEC-MA-10000161,87,20
TEC-PH-10001425,122,20
OFF-AR-10003620,77,20
TEC-HP -10004451,16,20
OFF-AP-10002326,123,20
OFF-ST-10003995,84,20
OFF-PA-10003156,63,20
TEC-AC-10002601,91,20
TEC-MA-10003607,73,20
TEC-PH-10003870,17,20
TEC-AC-10004317,90,20
FUR-TA-10001857,77,20
TEC-MA-10001335,84,20
TEC-MA-10002165,57,20
TEC-CO-10000243,78,20
FUR-CH-10004853,72,20
FUR-BO-10004620,118,20
FUR-SAF-10002180,57,20
TEC-PAN-10002365,79,20
TEC-PH-10002103,86,20
TEC-SHA-10000479,114,20
TEC-AC-10001974,84,20
FUR-FU-10001098,42,20
TEC-AC-10003666,119,20
FUR-BO-10004508,35,20
OFF-AP-10001621,42,20
TEC-CO-10004928,63,20
TEC-CO-10002788,39,20
TEC-AC-10002122,120,20
FUR-BO-10000936,17,20
TEC-PH-10003698,68,20
OFF-SU-10000343,99,20
TEC-PH-10003488,89,20
OFF-AP-10002518,124,20
TEC-AC-10002637,77,20
FUR-FU-10002804,108,20
FUR-CH-10002320,64,20
TEC-CO-10003516,116,20
TEC-AC-10002719,3,20
OFF-AP-10002057,60,20
FUR-BO-10003530,42,20
TEC-CO-10001952,81,20
OFF-AP-10002872,110,20
FUR-DAN-10003065,106,20
FUR-BO-10001405,123,20
OFF-AP-10001169,80,20
TEC-AC-10000241,102,20
FUR-CH-10004355,67,20
TEC-CO-10003318,35,20
TEC-PH-10002456,5,20
TEC-BEL-10002476,65,20
FUR-CH-10002061,114,20
TEC-AC-10003861,48,20
TEC-CO-10001633,87,20
OFF-KIT-10004058,82,20
OFF-AP-10003562,103,20
FUR-TA-10000593,124,20
TEC-PH-10004544,96,20
OFF-AP-10003590,100,20
TEC-CO-10002962,98,20
OFF-ST-10004459,104,20
TEC-CO-10001894,97,20
FUR-BO-10004055,107,20
TEC-MEM-10000374,67,20
FUR-BO-10004725,75,20
OFF-SU-10001983,123,20
FUR-TA-10000688,82,20
FUR-IKE-10000649,47,20
OFF-ST-10000129,107,20
TEC-CO-10003924,7,20
FUR-TA-10001866,111,20
OFF-AP-10000119,65,20
TEC-CO-10002380,109,20
FUR-BO-10001233,6,20
FUR-BO-10000780,38,20
TEC-HEW-10002501,53,20
FUR-DAN-10001584,104,20
TEC-CO-10002083,116,20
TEC-OKI-10003124,47,20
TEC-PH-10003770,57,20
TEC-AC-10003335,117,20
OFF-PA-10000976,109,20
FUR-TA-10002645,35,20
TEC-MA-10001015,122,20
FUR-CH-10004331,88,20
TEC-NOK-10001283,105,20
FUR-FU-10000674,123,20
FUR-SAU-10000637,119,20
FUR-TA-10000310,49,20
TEC-PH-10002076,3,20
TEC-NOK-10003743,110,20
TEC-PH-10001949,105,20
TEC-MA-10004049,49,20
TEC-PH-10004977,55,20
FUR-BO-10004360,53,20
FUR-FU-10004188,94,20
TEC-CO-10003931,123,20
TEC-MA-10001777,67,20
OFF-AP-10004825,83,20
OFF-SU-10001909,69,20
FUR-BO-10002598,78,20
FUR-BO-10004695,124,20
FUR-CH-10000892,45,20
OFF-ST-10001567,106,20
TEC-MA-10002055,112,20
TEC-CO-10002467,108,20
TEC-MA-10003885,100,20
TEC-CO-10002174,80,20
TEC-PH-10003055,11,20
OFF-ST-10004020,5,20
TEC-PH-10003492,119,20
TEC-CO-10001954,60,20
OFF-ST-10002506,106,20
OFF-AP-10001233,82,20
TEC-PH-10001288,100,20
TEC-AC-10000422,104,20
FUR-TA-10002356,62,20
FUR-DAN-10002028,60,20
FUR-OFF-10001224,59,20
OFF-ST-10003018,46,20
TEC-CO-10004128,39,20
FUR-BO-10001601,82,20
FUR-SAF-10000508,71,20
FUR-CH-10004801,113,20
TEC-AC-10000890,78,20
TEC-SAM-10000613,49,20
TEC-CO-10002427,77,20
FUR-TA-10004249,82,20
OFF-AP-10001776,121,20
TEC-MA-10000379,8,20
OFF-PA-10003586,80,20
FUR-FU-10000204,77,20
TEC-AC-10000639,55,20
FUR-BO-10001358,57,20
FUR-CH-10001536,114,20
TEC-AC-10001002,81,20
FUR-BO-10000034,49,20
FUR-FU-10000339,59,20
FUR-CH-10000025,70,20
FUR-BUS-10000332,109,20
OFF-AP-10002104,85,20
TEC-CO-10000847,49,20
TEC-CIS-10002153,102,20
FUR-BO-10001201,7,20
TEC-AC-10004791,47,20
TEC-CO-10000228,120,20
FUR-CH-10002830,53,20
FUR-CH-10004196,68,20
FUR-FU-10001942,112,20
FUR-SAF-10004173,15,20
TEC-PH-10003546,102,20
OFF-ST-10003907,86,20
OFF-EN-10000182,61,20
FUR-CH-10004886,63,20
TEC-CO-10004409,62,20
TEC-PH-10002602,69,20
TEC-CO-10003342,42,20
OFF-PA-10000034,50,20
TEC-MA-10003486,70,20
TEC-AC-10003033,64,20
TEC-AC-10003413,52,20
TEC-MA-10003625,36,20
OFF-AP-10002963,83,20
FUR-BO-10002819,111,20
FUR-CH-10002344,38,20
OFF-BI-10004584,124,20
TEC-MA-10002316,123,20
FUR-TA-10004730,109,20
TEC-AC-10003533,41,20
OFF-ST-10001547,17,20
TEC-HEW-10004172,108,20
OFF-ST-10003266,73,20
TEC-EPS-10004111,47,20
TEC-BRO-10001293,65,20
TEC-CO-10003901,105,20
FUR-FU-10003374,97,20
TEC-NOK-10002555,90,20
TEC-CO-10004690,76,20
TEC-MA-10001841,15,20
TEC-PH-10000730,76,20
TEC-MA-10000605,90,20
FUR-FU-10002838,70,20
FUR-BO-10003878,118,20
TEC-AC-10003034,102,20
OFF-ST-10002930,41,20
TEC-MA-10000868,88,20
FUR-FU-10004071,35,20
OFF-HOO-10004188,78,20
TEC-MA-10000354,79,20
TEC-PH-10004879,12,20
OFF-ST-10004428,81,20
OFF-EN-10003001,47,20
OFF-SU-10003659,56,20
FUR-FU-10004955,55,20
TEC-AC-10001500,120,20
TEC-MOT-10003348,43,20
TEC-PH-10002262,60,20
FUR-CH-10001752,43,20
TEC-CO-10002009,49,20
OFF-AP-10004540,44,20
TEC-PH-10002468,122,20
TEC-MA-10003927,76,20
FUR-CH-10001684,106,20
OFF-SU-10000076,58,20
FUR-CH-10003581,114,20
TEC-PH-10002574,83,20
TEC-MA-10002249,60,20
FUR-SAF-10000678,71,20
FUR-CH-10002602,102,20
FUR-CH-10001714,4,20
FUR-SAU-10002331,58,20
TEC-MA-10000154,53,20
FUR-BO-10003206,94,20
OFF-AR-10002575,9,20
OFF-ST-10004331,108,20
TEC-PH-10003430,123,20
FUR-BO-10004161,52,20
FUR-BO-10002852,53,20
FUR-BUS-10003708,70,20
OFF-AR-10000904,108,20
OFF-SU-10002429,89,20
TEC-PH-10001585,103,20
TEC-AC-10000844,81,20
TEC-CO-10000971,83,20
OFF-SU-10003804,67,20
FUR-CH-10001150,55,20
TEC-CO-10004605,115,20
OFF-EN-10004443,56,20
TEC-PH-10004447,82,20
OFF-HAM-10000822,7,20
TEC-CO-10000565,49,20
OFF-ST-10002650,69,20
OFF-EN-10004507,105,20
TEC-PH-10004810,66,20
FUR-BO-10004773,45,20
FUR-BO-10002206,44,20
FUR-BO-10001356,107,20
FUR-SAF-10000607,112,20
OFF-ST-10002395,111,20
OFF-PA-10004145,91,20
TEC-CO-10002658,59,20
TEC-CO-10004263,36,20
OFF-ST-10000085,98,20
OFF-PA-10001294,69,20
FUR-BO-10000700,41,20
FUR-CH-10004095,119,20
OFF-BI-10003452,52,20
TEC-PH-10001321,101,20
TEC-PH-10004450,12,20
FUR-CH-10001944,8,20
TEC-CO-10002937,73,20
TEC-BEL-10002106,75,20
TEC-KON-10001624,109,20
OFF-AP-10000938,58,20
FUR-SAF-10003469,94,20
TEC-PH-10001148,80,20
FUR-BO-10000208,53,20
TEC-CO-10002504,102,20
TEC-OKI-10002750,124,20
FUR-BO-10000035,76,20
FUR-BO-10002285,66,20
TEC-AC-10000857,73,20
TEC-PH-10004345,70,20
FUR-IKE-10002268,70,20
OFF-AR-10000660,37,20
OFF-AP-10000179,107,20
TEC-MOT-10002560,42,20
FUR-CH-10000326,104,20
TEC-PH-10001725,75,20
TEC-PH-10004912,9,20
TEC-PH-10004577,102,20
OFF-EN-10001491,47,20
TEC-CO-10004929,83,20
TEC-AC-10002938,94,20
TEC-PH-10001264,36,20
FUR-FU-10001843,94,20
TEC-CO-10003813,39,20
OFF-AP-10000844,78,20
FUR-BO-10001679,61,20
OFF-EN-10001346,66,20
FUR-FU-10002918,55,20
OFF-AP-10001564,42,20
OFF-ST-10004185,106,20
FUR-BO-10001668,4,20
FUR-BO-10000502,101,20
FUR-CH-10002589,78,20
TEC-CO-10001654,92,20
TEC-MA-10002109,37,20
TEC-CO-10004649,120,20
OFF-EN-10004564,8,20
OFF-AP-10001920,36,20
TEC-MA-10001330,121,20
TEC-MA-10001881,78,20
TEC-CO-10000771,36,20
TEC-PH-10004200,115,20
TEC-MA-10004116,69,20
TEC-STA-10000893,121,20
OFF-ST-10002561,64,20
OFF-AP-10003363,42,20
TEC-AC-10004221,56,20
TEC-PH-10000824,78,20
TEC-PH-10002713,92,20
FUR-IKE-10001539,70,20
TEC-AC-10003738,103,20
FUR-CH-10004669,111,20
OFF-ST-10000430,65,20
TEC-CO-10001271,81,20
OFF-AP-10000604,89,20
OFF-EN-10004424,114,20
OFF-ST-10003952,12,20
TEC-PH-10003752,96,20
FUR-TA-10002868,64,20
TEC-PH-10003572,89,20
OFF-AP-10004226,50,20
TEC-AC-10003569,46,20
FUR-BO-10000980,51,20
OFF-PA-10000588,50,20
FUR-BO-10004015,46,20
TEC-AC-10000763,10,20
TEC-HEW-10001056,118,20
TEC-MA-10002989,37,20
TEC-AC-10001486,50,20
TEC-CO-10004325,64,20
TEC-PH-10002200,57,20
TEC-PH-10004251,39,20
FUR-FU-10001468,118,20
TEC-PH-10001198,99,20
TEC-MA-10001016,64,20
FUR-OFF-10001132,55,20
TEC-MA-10000776,6,20
OFF-AP-10000828,104,20
OFF-HOO-10000335,56,20
TEC-CAN-10002363,116,20
FUR-CH-10003772,106,20
TEC-AC-10004591,66,20
OFF-ST-10004532,67,20
OFF-AP-10003032,50,20
TEC-PH-10001548,110,20
TEC-PH-10002922,72,20
OFF-ST-10004350,48,20
TEC-PH-10000497,70,20
OFF-BI-10001858,57,20
TEC-PH-10000611,100,20
TEC-MA-10002722,119,20
FUR-CH-10002610,36,20
OFF-PA-10001578,107,20
FUR-BO-10004878,99,20
FUR-FU-10004665,109,20
OFF-ST-10004976,101,20
TEC-PH-10001963,6,20
OFF-SU-10004791,96,20
FUR-FU-10004904,57,20
FUR-SAU-10000745,60,20
FUR-BO-10000728,6,20
TEC-AC-10003080,116,20
TEC-PH-10001299,89,20
FUR-CH-10003107,40,20
FUR-CH-10000438,69,20
TEC-CAN-10002843,56,20
OFF-BI-10003064,77,20
TEC-CO-10001580,49,20
TEC-PH-10000571,120,20
TEC-AC-10004753,94,20
FUR-BO-10001646,46,20
FUR-CH-10003696,83,20
FUR-CH-10000423,76,20
TEC-MA-10002195,72,20
TEC-PH-10004539,116,20
FUR-BO-10002133,79,20
OFF-PA-10002120,5,20
FUR-BO-10000734,64,20
TEC-MA-10004626,122,20
OFF-AP-10003717,64,20
OFF-AP-10002938,112,20
TEC-AC-10004595,40,20
TEC-PAN-10000092,101,20
OFF-ST-10002471,114,20
FUR-BO-10001387,41,20
TEC-CO-10003017,86,20
TEC-AC-10001410,48,20
TEC-CO-10004138,107,20
OFF-AP-10002882,49,20
TEC-CO-10003800,55,20
TEC-MA-10002780,69,20
OFF-EN-10004469,100,20
OFF-HAM-10004896,36,20
FUR-BO-10002679,69,20
FUR-BO-10000610,116,20
FUR-TA-10001095,16,20
TEC-PH-10001061,6,20
TEC-MA-10003251,116,20
TEC-PH-10003220,44,20
FUR-SAU-10003203,59,20
TEC-MA-10003400,100,20
FUR-BO-10004834,59,20
OFF-AP-10000977,88,20
OFF-AP-10003298,67,20
TEC-CO-10000263,70,20
TEC-PH-10003102,48,20
OFF-PA-10000418,99,20
TEC-AC-10001703,114,20
TEC-AC-10001745,88,20
OFF-SU-10001233,86,20
OFF-ROG-10001735,37,20
FUR-CH-10002044,75,20
OFF-EN-10004759,40,20
TEC-CAN-10002802,59,20
FUR-TA-10001664,47,20
OFF-AP-10002495,42,20
FUR-BO-10000666,7,20
TEC-MOT-10002689,102,20
OFF-AP-10001254,59,20
TEC-MA-10003624,113,20
TEC-AC-10004743,102,20
TEC-PH-10002222,79,20
TEC-AC-10002884,94,20
FUR-CH-10001891,46,20
FUR-CH-10001973,66,20
TEC-SHA-10000244,47,20
FUR-CH-10003861,65,20
TEC-PH-10004682,112,20
TEC-CO-10004125,54,20
FUR-TA-10003855,52,20
OFF-ST-10003293,15,20
TEC-PH-10002572,94,20
FUR-CH-10001465,97,20
OFF-ST-10000622,40,20
TEC-AC-10002533,66,20
TEC-PH-10000896,77,20
OFF-AP-10002670,16,20
FUR-BO-10003828,36,20
TEC-MA-10004452,94,20
TEC-CO-10003353,57,20
OFF-EN-10001454,117,20
TEC-STA-10001994,65,20
TEC-MA-10004424,39,20
FUR-TA-10004353,117,20
FUR-TA-10004050,68,20
OFF-AR-10000340,44,20
OFF-ST-10002164,123,20
TEC-PH-10002493,36,20
OFF-BI-10004318,45,20
FUR-BO-10003112,84,20
TEC-AC-10004068,65,20
FUR-BO-10002202,90,20
FUR-SAU-10004653,113,20
FUR-BO-10001501,107,20
OFF-ST-10003295,121,20
FUR-CH-10002468,117,20
OFF-ST-10001638,11,20
FUR-BO-10001619,55,20
FUR-FU-10003804,107,20
FUR-CH-10003875,62,20
OFF-KIT-10004515,96,20
FUR-BO-10002324,41,20
TEC-PH-10004085,114,20
OFF-ST-10004431,50,20
OFF-AR-10001570,38,20
OFF-ST-10003816,6,20
FUR-FU-10001674,74,20
OFF-EN-10004303,51,20
TEC-AC-10001664,86,20
FUR-CH-10000994,86,20
FUR-SAU-10003872,70,20
FUR-CH-10001220,72,20
FUR-FU-10000277,84,20
FUR-SAF-10002400,97,20
OFF-ST-10001526,97,20
TEC-AC-10004171,96,20
TEC-PH-10002075,18,20
TEC-CO-10001410,41,20
TEC-AC-10000863,61,20
TEC-PH-10002555,120,20
TEC-MA-10004323,48,20
TEC-PH-10001051,105,20
TEC-AC-10004752,120,20
OFF-SU-10002445,39,20
TEC-PAN-10002884,89,20
OFF-PA-10001905,36,20
FUR-CH-10004007,96,20
TEC-CAN-10004291,55,20
TEC-SHA-10001103,113,20
TEC-AC-10002649,55,20
OFF-AR-10000356,44,20
TEC-MA-10001290,121,20
OFF-AP-10000900,92,20
FUR-CH-10002439,73,20
FUR-CH-10002378,39,20
FUR-FU-10003609,99,20
OFF-BRE-10003443,15,20
OFF-AP-10002118,119,20
TEC-PH-10004655,124,20
FUR-TA-10001771,119,20
TEC-HP -10002603,7,20
FUR-BO-10000175,116,20
OFF-ST-10003206,79,20
TEC-CO-10001978,66,20
OFF-ST-10002510,70,20
FUR-TA-10002256,115,20
FUR-CH-10003009,94,20
TEC-CO-10002201,45,20
TEC-AC-10002218,97,20
TEC-PH-10002916,55,20
OFF-AP-10004919,86,20
TEC-HEW-10001908,89,20
FUR-BO-10001596,60,20
TEC-OKI-10004464,102,20
OFF-AP-10001049,68,20
TEC-SHA-10002753,86,20
TEC-CO-10003633,18,20
OFF-AR-10001533,116,20
FUR-FU-10000950,86,20
OFF-SU-10001791,63,20
TEC-CO-10003393,72,20
FUR-CH-10002224,76,20
OFF-LA-10004411,55,20
FUR-CH-10003499,76,20
OFF-FA-10004362,47,20
FUR-BO-10000711,98,20
FUR-CH-10001708,51,20
TEC-PH-10003303,43,20
OFF-AP-10000600,75,20
OFF-HAM-10004471,35,20
TEC-CO-10000407,36,20
FUR-FU-10001977,94,20
FUR-SAU-10002642,82,20
FUR-HAR-10002288,63,20
TEC-PH-10000599,44,20
FUR-TA-10002622,4,20
OFF-AR-10004215,12,20
TEC-CO-10000296,94,20
OFF-PA-10002369,55,20
TEC-AC-10004144,62,20
FUR-FU-10001086,109,20
TEC-MA-10004298,68,20
OFF-BRE-10001107,42,20
OFF-ST-10003409,93,20
TEC-PH-10003645,120,20
OFF-ROG-10003898,106,20
TEC-PH-10001362,83,20
FUR-BO-10003043,113,20
OFF-SU-10000925,51,20
FUR-BO-10003554,94,20
FUR-BO-10004899,121,20
OFF-SU-10004524,122,20
FUR-BO-10001967,79,20
TEC-AC-10000115,117,20
FUR-CH-10001347,103,20
FUR-FU-10000526,66,20
OFF-ST-10000299,14,20
FUR-FU-10001791,99,20
OFF-ST-10002070,121,20
OFF-EN-10003177,42,20
TEC-CO-10000560,111,20
OFF-ST-10001963,106,20
FUR-FU-10003553,121,20
OFF-ST-10003929,77,20
TEC-AC-10000394,35,20
FUR-BO-10002383,85,20
FUR-BO-10001969,58,20
FUR-BO-10004914,58,20
TEC-CO-10002601,51,20
FUR-CH-10004698,39,20
TEC-MA-10004985,6,20
OFF-SU-10002831,55,20
TEC-MA-10000002,92,20
OFF-PA-10003656,65,20
FUR-CH-10004863,45,20
TEC-PH-10004882,86,20
OFF-FA-10003717,17,20
TEC-CO-10003522,117,20
TEC-KON-10004774,41,20
OFF-ST-10000007,62,20
OFF-PA-10000036,85,20
TEC-PH-10001754,92,20
OFF-HAM-10003872,39,20
OFF-AP-10002229,39,20
FUR-BO-10003384,42,20
FUR-SAU-10004221,98,20
FUR-CH-10000604,44,20
FUR-CH-10001332,72,20
TEC-MA-10000345,115,20
OFF-ST-10003805,42,20
OFF-EN-10004793,59,20
FUR-CH-10004983,107,20
OFF-ST-10001290,100,20
OFF-BI-10003132,113,20
FUR-BO-10000699,84,20
FUR-BO-10001287,101,20
FUR-BO-10004399,3,20
OFF-SU-10002327,70,20
OFF-PA-10003333,102,20
OFF-KIT-10001040,112,20
OFF-AP-10000043,75,20
TEC-EPS-10003568,123,20
FUR-BO-10002325,96,20
OFF-AP-10002822,44,20
OFF-AP-10000510,55,20
FUR-TA-10004308,6,20
TEC-AC-10000596,46,20
FUR-BO-10004219,36,20
TEC-PH-10004601,47,20
FUR-BO-10000668,87,20
TEC-PH-10004120,66,20
FUR-FU-10002890,50,20
FUR-FU-10000067,66,20
TEC-PH-10002658,66,20
TEC-PH-10000286,45,20
TEC-PH-10002392,44,20
FUR-BO-10001555,17,20
FUR-CH-10004163,51,20
FUR-BO-10003546,74,20
FUR-TA-10003473,52,20
TEC-MA-10003493,89,20
FUR-CH-10004047,107,20
TEC-MA-10002910,59,20
TEC-PH-10001002,93,20
TEC-PH-10000365,112,20
TEC-CIS-10002986,123,20
FUR-BO-10004472,56,20
FUR-CH-10000807,64,20
TEC-PAN-10002756,118,20
FUR-SAF-10002757,119,20
FUR-DEF-10000572,78,20
TEC-CO-10003534,66,20
OFF-PA-10002218,85,20
OFF-AR-10002538,80,20
FUR-FU-10003192,55,20
OFF-FEL-10002867,66,20
FUR-CH-10003199,16,20
FUR-BO-10003272,73,20
FUR-BO-10002510,46,20
TEC-AC-10003659,81,20
FUR-CH-10003910,4,20
OFF-ST-10004638,55,20
TEC-MA-10001080,47,20
OFF-PA-10003359,55,20
OFF-EN-10004849,42,20
FUR-BO-10003159,80,20
FUR-IKE-10002894,41,20
TEC-AC-10002688,57,20
OFF-AR-10000293,109,20
TEC-CO-10004398,120,20
TEC-HP -10004149,56,20
OFF-AR-10003688,123,20
TEC-PH-10001574,56,20
OFF-PA-10000317,63,20
TEC-MA-10004421,47,20
OFF-AP-10003538,116,20
TEC-CO-10000821,4,20
TEC-PH-10004522,63,20
FUR-DAN-10003334,119,20
OFF-AP-10003972,113,20
FUR-BO-10002545,86,20
TEC-PH-10001900,61,20
TEC-PH-10001961,84,20
OFF-AP-10001504,113,20
TEC-PH-10004271,57,20
TEC-PH-10000237,122,20
TEC-CO-10001221,78,20
OFF-AP-10002476,111,20
FUR-TA-10002533,56,20
OFF-EN-10004604,77,20
TEC-PH-10004772,71,20
OFF-PA-10004287,95,20
FUR-FU-10001200,90,20
OFF-BI-10002628,37,20
TEC-OKI-10000616,97,20
FUR-BO-10004504,8,20
OFF-AR-10001535,5,20
TEC-HEW-10004937,57,20
OFF-CAM-10001141,63,20
FUR-BO-10004135,64,20
OFF-EN-10000128,73,20
FUR-BO-10003793,59,20
TEC-AC-10004814,42,20
TEC-CO-10000137,92,20
FUR-CH-10004065,50,20
TEC-AC-10000110,106,20
FUR-TA-10004584,35,20
OFF-ST-10000990,39,20
OFF-AR-10004744,37,20
OFF-ST-10002220,99,20
OFF-PA-10003640,38,20
FUR-TA-10001433,98,20
FUR-BO-10001641,123,20
OFF-FA-10001953,44,20
TEC-MA-10003986,55,20
TEC-CO-10002404,80,20
TEC-MA-10003170,9,20
OFF-AP-10004841,61,20
OFF-ST-10001010,100,20
FUR-CH-10000843,75,20
OFF-BI-10004534,47,20
OFF-AR-10000603,43,20
TEC-CO-10000594,70,20
OFF-ST-10004489,120,20
FUR-CH-10004993,124,20
FUR-HAR-10001792,92,20
FUR-CH-10000953,88,20
OFF-ST-10004972,46,20
OFF-BI-10003633,115,20
OFF-FA-10003703,112,20
TEC-AC-10001552,16,20
TEC-MA-10000418,68,20
FUR-BO-10001524,87,20
TEC-CO-10001166,54,20
FUR-FU-10003451,109,20
TEC-PH-10001944,50,20
OFF-AP-10000545,5,20
TEC-AC-10000483,104,20
FUR-FU-10003960,90,20
FUR-FU-10000541,117,20
FUR-FU-10004158,92,20
OFF-PA-10002520,38,20
TEC-MA-10002389,38,20
OFF-EN-10003176,54,20
FUR-CH-10002316,44,20
OFF-EN-10003360,58,20
OFF-SU-10002900,60,20
TEC-CO-10002617,71,20
TEC-CO-10000338,119,20
TEC-CO-10002550,88,20
FUR-BO-10001326,55,20
TEC-AC-10000861,108,20
OFF-ST-10002424,72,20
FUR-DAN-10001993,80,20
FUR-HAR-10002697,38,20
TEC-MA-10000232,94,20
TEC-MA-10004933,11,20
TEC-CO-10001391,79,20
TEC-PH-10003348,54,20
TEC-AC-10003711,51,20
OFF-AR-10003613,105,20
OFF-ST-10001026,38,20
OFF-EN-10002263,48,20
FUR-TA-10000849,37,20
TEC-CO-10004468,122,20
OFF-ST-10002720,7,20
OFF-ST-10002240,114,20
FUR-CH-10004600,92,20
OFF-ST-10004050,89,20
TEC-MA-10002931,38,20
FUR-FU-10000163,58,20
FUR-BO-10004312,68,20
OFF-XER-10000566,64,20
TEC-CO-10002681,116,20
TEC-PH-10001063,53,20
FUR-CH-10000432,65,20
TEC-PH-10001614,14,20
OFF-EN-10002230,94,20
OFF-SU-10001698,53,20
FUR-BO-10003559,83,20
TEC-PH-10000810,97,20
TEC-PAN-10004279,117,20
OFF-HOO-10001987,56,20
OFF-SU-10000047,58,20
OFF-EN-10004742,110,20
OFF-SU-10003544,64,20
TEC-MA-10002193,92,20
OFF-ST-10002176,65,20
FUR-BO-10000071,98,20
OFF-ST-10001758,53,20
FUR-CH-10002872,82,20
OFF-BI-10001305,79,20
OFF-ST-10001440,89,20
FUR-CH-10000068,89,20
FUR-IKE-10002147,52,20
TEC-MA-10003112,97,20
TEC-AC-10004992,6,20
OFF-ST-10001073,81,20
TEC-AC-10002001,109,20
FUR-SAF-10000085,91,20
TEC-SHA-10004874,14,20
OFF-ST-10000505,79,20
TEC-PH-10004297,67,20
OFF-PA-10002499,51,20
FUR-FU-10003577,104,20
TEC-CAN-10001256,38,20
FUR-BO-10003086,54,20
OFF-ST-10001776,81,20
TEC-PH-10004235,49,20
FUR-TA-10001539,104,20
TEC-HP -10003248,81,20
TEC-HEW-10000930,112,20
TEC-OKI-10002736,109,20
FUR-FU-10003939,43,20
FUR-BO-10000362,124,20
OFF-PA-10002652,50,20
TEC-PH-10001183,7,20
TEC-MA-10002998,95,20
FUR-FU-10000306,44,20
TEC-SAN-10001506,84,20
FUR-BO-10002975,37,20
FUR-CH-10002768,111,20
OFF-SU-10003355,104,20
TEC-CO-10004191,115,20
FUR-BO-10002300,85,20
FUR-SAF-10004525,53,20
TEC-BRO-10003380,76,20
OFF-ACM-10001704,69,20
FUR-CH-10002693,80,20
TEC-CO-10000388,60,20
FUR-FU-10002549,103,20
TEC-MA-10002633,98,20
OFF-FA-10001957,71,20
OFF-AR-10000814,118,20
TEC-CO-10003142,83,20
FUR-BO-10000636,7,20
TEC-AC-10004813,12,20
FUR-CH-10003844,98,20
TEC-CO-10000222,39,20
OFF-AP-10002608,104,20
FUR-FU-10000483,124,20
FUR-IKE-10003015,38,20
TEC-KON-10002194,73,20
OFF-SU-10004048,69,20
OFF-ST-10002873,35,20
OFF-AR-10004961,58,20
TEC-AC-10001032,91,20
OFF-SU-10003046,104,20
TEC-APP-10003032,75,20
FUR-FU-10001691,88,20
TEC-PH-10003580,80,20
FUR-CH-10001039,94,20
OFF-FIS-10000670,94,20
TEC-MA-10000110,91,20
OFF-PA-10003320,65,20
OFF-PA-10001815,118,20
TEC-NOK-10001070,10,20
TEC-SHA-10001976,123,20
TEC-SHA-10003039,70,20
TEC-MA-10001139,119,20
OFF-AR-10000538,64,20
TEC-MA-10001726,58,20
TEC-MA-10001831,64,20
TEC-MA-10003975,120,20
OFF-ST-10001034,41,20
TEC-PH-10004667,69,20
TEC-MA-10004902,89,20
TEC-CO-10004267,48,20
FUR-CH-10002817,44,20
OFF-PA-10003868,114,20
FUR-TA-10001531,18,20
TEC-BRO-10001938,88,20
TEC-AC-10002815,123,20
OFF-SU-10004435,111,20
TEC-CO-10001264,104,20
FUR-BO-10003007,78,20
OFF-LA-10001194,11,20
OFF-SU-10002135,79,20
TEC-CAN-10002337,90,20
TEC-AC-10000376,118,20
OFF-ST-10000952,116,20
FUR-CH-10003836,91,20
TEC-CAN-10004556,55,20
TEC-PH-10002816,102,20
OFF-ST-10002706,84,20
OFF-BI-10000621,67,20
TEC-PH-10003361,41,20
OFF-SU-10004401,104,20
FUR-BO-10003913,49,20
FUR-CH-10003123,116,20
TEC-CO-10002571,66,20
FUR-CH-10002743,109,20
FUR-IKE-10003682,54,20
OFF-AP-10001271,122,20
FUR-ELD-10003131,49,20
OFF-AP-10003007,82,20
OFF-AP-10002472,9,20
TEC-PH-10000720,55,20
OFF-ST-10000123,76,20
OFF-HAM-10000430,60,20
OFF-PA-10002725,48,20
OFF-AP-10004233,91,20
FUR-BO-10003965,71,20
TEC-BRO-10002345,92,20
TEC-EPS-10000774,55,20
FUR-CH-10002924,4,20
FUR-CH-10002574,103,20
FUR-BO-10003660,37,20
OFF-AP-10002041,121,20
TEC-CO-10004481,124,20
TEC-MA-10003280,71,20
OFF-CUI-10003409,122,20
OFF-LA-10000793,83,20
TEC-PH-10000647,53,20
FUR-FU-10002379,123,20
TEC-PH-10004680,119,20
OFF-BI-10000725,18,20
FUR-BO-10000155,46,20
TEC-PH-10004509,95,20
OFF-SU-10000969,75,20
TEC-PAN-10001172,67,20
TEC-CO-10000915,84,20
TEC-PH-10003535,102,20
TEC-PH-10000922,105,20
FUR-CH-10002053,120,20
OFF-ST-10004855,67,20
OFF-ST-10001418,115,20
TEC-PH-10000960,58,20
OFF-PA-10001223,95,20
TEC-AC-10004571,95,20
FUR-FU-10003619,62,20
FUR-BO-10001519,92,20
FUR-HON-10000344,77,20
TEC-AC-10002308,75,20
OFF-ST-10000242,73,20
FUR-RUB-10004036,120,20
TEC-CO-10004985,3,20
TEC-MA-10004249,51,20
OFF-AR-10002745,104,20
TEC-MA-10003361,104,20
TEC-PH-10002443,4,20
TEC-PH-10001071,99,20
FUR-CH-10002093,108,20
FUR-SAF-10000545,119,20
FUR-NOV-10004003,39,20
TEC-PH-10002251,36,20
FUR-BO-10003563,56,20
FUR-BO-10001860,91,20
TEC-AC-10001314,100,20
TEC-MA-10001832,108,20
TEC-PH-10001921,50,20
FUR-CH-10001153,85,20
TEC-AC-10000450,73,20
TEC-PH-10000037,120,20
OFF-AR-10003554,110,20
OFF-PA-10000482,122,20
FUR-BAR-10000831,17,20
FUR-FU-10004306,74,20
TEC-BEL-10003985,72,20
TEC-PH-10003960,94,20
OFF-BI-10000051,93,20
TEC-PH-10000289,44,20
TEC-CO-10001501,98,20
TEC-PH-10002624,97,20
FUR-CH-10003833,83,20
FUR-FU-10003036,98,20
FUR-CH-10003355,66,20
TEC-BRO-10001852,41,20
TEC-PH-10000373,55,20
FUR-CH-10004101,54,20
OFF-NOV-10002258,60,20
TEC-AC-10000271,102,20
TEC-CO-10000266,120,20
TEC-PH-10002904,49,20
TEC-MEM-10004524,119,20
TEC-PH-10000577,17,20
OFF-ST-10002263,8,20
OFF-SU-10003072,48,20
OFF-EN-10004677,61,20
FUR-CH-10003606,74,20
TEC-PH-10001700,92,20
FUR-SAF-10001136,62,20
TEC-AC-10001405,60,20
FUR-BO-10004404,97,20
TEC-APP-10004464,100,20
FUR-CH-10002932,59,20
TEC-PH-10000072,37,20
FUR-BO-10000330,106,20
OFF-ST-10003716,78,20
OFF-AP-10001469,76,20
FUR-TA-10000789,40,20
OFF-AR-10001708,73,20
TEC-HEW-10001710,86,20
TEC-PH-10003877,57,20
TEC-CO-10000956,123,20
OFF-BI-10004250,84,20
TEC-CO-10001674,13,20
TEC-CAN-10001789,53,20
OFF-AP-10002536,103,20
FUR-BO-10004423,85,20
OFF-PA-10000100,45,20
TEC-MA-10002694,46,20
TEC-STA-10002286,108,20
TEC-MA-10000461,42,20
OFF-ST-10001954,58,20
OFF-ST-10002743,75,20
FUR-SAF-10002940,70,20
FUR-BO-10004459,119,20
TEC-AC-10004094,106,20
TEC-AC-10000499,89,20
FUR-BUS-10000984,11,20
TEC-OKI-10003050,81,20
TEC-PH-10001805,49,20
OFF-ST-10001458,82,20
OFF-AP-10000023,116,20
OFF-BI-10004593,76,20
FUR-BO-10004032,14,20
TEC-PH-10004888,118,20
OFF-AP-10003210,104,20
OFF-AP-10004274,46,20
FUR-HON-10000722,36,20
TEC-CO-10001425,41,20
TEC-HP -10004082,114,20
OFF-SU-10003252,37,20
OFF-AP-10002128,37,20
OFF-EN-10000940,61,20
OFF-ST-10004597,74,20
FUR-CH-10000528,67,20
OFF-AP-10004515,35,20
TEC-AC-10000540,42,20
FUR-CH-10004218,66,20
FUR-BO-10001155,82,20
OFF-ELD-10000845,38,20
TEC-CO-10001937,104,20
OFF-PA-10000878,53,20
TEC-PH-10000342,66,20
OFF-AR-10000937,11,20
TEC-OKI-10001385,46,20
FUR-FU-10003930,45,20
OFF-PA-10004640,80,20
TEC-MA-10001731,50,20
OFF-SU-10000283,35,20
FUR-BO-10002981,97,20
OFF-SU-10000452,55,20
TEC-AC-10003626,64,20
TEC-CIS-10003017,15,20
FUR-CH-10002226,68,20
TEC-PH-10002601,38,20
FUR-BO-10003589,62,20
OFF-AP-10001402,93,20
OFF-AP-10004972,61,20
FUR-SAF-10000351,103,20
TEC-AC-10000530,59,20
FUR-CH-10001203,37,20
TEC-CO-10001571,102,20
TEC-CIS-10002259,59,20
OFF-ST-10000872,6,20
FUR-BO-10002378,68,20
FUR-BO-10000002,60,20
TEC-MA-10003682,39,20
FUR-CH-10002780,95,20
FUR-FU-10001410,43,20
TEC-MA-10001811,84,20
OFF-ST-10004346,40,20
OFF-ST-10004236,117,20
TEC-MOT-10001178,94,20
TEC-AC-10001106,78,20
FUR-FU-10000913,45,20
FUR-FU-10000946,100,20
TEC-PH-10003927,81,20
OFF-AP-10001018,107,20
FUR-BO-10001608,119,20
TEC-CIS-10001661,122,20
OFF-EN-10000069,120,20
TEC-AC-10003989,37,20
OFF-ACM-10001587,110,20
OFF-AP-10001931,14,20
FUR-FU-10001471,64,20
OFF-AR-10002135,124,20
TEC-PH-10003513,55,20
OFF-AP-10000172,14,20
TEC-AC-10001765,124,20
FUR-TA-10002530,96,20
OFF-SU-10001173,67,20
FUR-BO-10003631,119,20
TEC-CO-10001589,69,20
FUR-BO-10003904,86,20
FUR-BO-10000120,68,20
TEC-CO-10001725,75,20
FUR-CH-10003808,85,20
TEC-PH-10003796,81,20
FUR-CH-10001854,116,20
FUR-ELD-10004384,92,20
FUR-FU-10000468,109,20
TEC-AC-10003422,91,20
FUR-RUB-10001484,57,20
OFF-FEL-10001261,18,20
OFF-SU-10000817,56,20
FUR-CH-10004082,51,20
TEC-PH-10003954,103,20
FUR-FU-10000815,45,20
TEC-AC-10001611,49,20
OFF-BI-10001973,69,20
TEC-PH-10002647,67,20
OFF-ST-10001752,118,20
OFF-PA-10001085,50,20
OFF-EN-10002891,68,20
TEC-AC-10001616,100,20
OFF-ST-10001753,74,20
OFF-EN-10001136,62,20
FUR-CH-10000969,81,20
TEC-AC-10000398,73,20
FUR-FU-10003273,104,20
TEC-SAN-10004424,107,20
TEC-PH-10002218,54,20
OFF-ST-10003089,14,20
FUR-CH-10003440,3,20
TEC-HP -10002307,106,20
OFF-FA-10003897,121,20
FUR-CH-10000790,97,20
TEC-CO-10003268,101,20
TEC-AC-10002881,38,20
FUR-CH-10000988,92,20
TEC-CAN-10000932,59,20
TEC-AC-10002145,81,20
FUR-CH-10002335,72,20
OFF-BI-10004227,49,20
TEC-CO-10003007,97,20
TEC-PH-10004263,55,20
FUR-TA-10001237,91,20
TEC-AC-10001197,87,20
FUR-DAN-10003011,80,20
TEC-KON-10000562,48,20
OFF-AP-10003800,110,20
FUR-CH-10004009,51,20
TEC-AC-10002852,73,20
FUR-BO-10004340,11,20
FUR-CH-10002927,111,20
OFF-AP-10001394,113,20
TEC-KON-10002034,116,20
FUR-HON-10001847,40,20
FUR-BO-10004075,57,20
OFF-EN-10003785,93,20
FUR-CH-10003760,80,20
FUR-BO-10003668,72,20
TEC-PH-10000215,48,20
TEC-CO-10002089,106,20
TEC-PH-10003405,96,20
OFF-ST-10001941,69,20
FUR-CH-10002991,53,20
FUR-FU-10001746,16,20
OFF-LA-10004137,112,20
TEC-CAN-10004913,118,20
FUR-RUB-10000501,59,20
TEC-MOT-10000851,74,20
FUR-FU-10002614,122,20
OFF-SU-10002934,16,20
OFF-PA-10003134,60,20
OFF-STI-10002245,121,20
OFF-SU-10000198,56,20
TEC-MA-10001305,82,20
FUR-FU-10000612,117,20
FUR-CH-10002890,85,20
TEC-CO-10004143,37,20
OFF-BI-10004519,76,20
TEC-LOG-10004917,53,20
FUR-FU-10001246,107,20
TEC-PH-10001884,62,20
TEC-MA-10003998,118,20
OFF-SU-10003130,79,20
OFF-AP-10001559,105,20
OFF-AP-10004453,112,20
FUR-BO-10001452,97,20
FUR-FU-10004281,107,20
OFF-SU-10002363,53,20
TEC-MA-10003329,81,20
TEC-PH-10002663,6,20
FUR-CH-10000666,48,20
FUR-DAN-10002314,72,20
TEC-AC-10001666,87,20
FUR-FU-10003500,95,20
FUR-CH-10004289,70,20
OFF-SU-10004283,74,20
TEC-CO-10002110,115,20
TEC-PH-10004503,64,20
OFF-LA-10002325,11,20
TEC-AC-10001754,98,20
OFF-AP-10001335,67,20
FUR-ADV-10000600,86,20
OFF-ST-10003811,123,20
TEC-HP -10004801,48,20
OFF-SU-10001592,109,20
OFF-ST-10002276,87,20
TEC-PH-10002310,93,20
FUR-BUS-10004854,112,20
TEC-NOK-10000784,75,20
FUR-FU-10000705,6,20
OFF-EN-10001434,102,20
TEC-CO-10004185,42,20
FUR-FU-10003512,36,20
OFF-HAM-10004805,120,20
OFF-EN-10004212,75,20
TEC-CO-10003992,89,20
OFF-EN-10001712,50,20
FUR-BO-10003894,96,20
TEC-HEW-10000839,82,20
TEC-OKI-10003433,64,20
TEC-CAN-10000030,46,20
OFF-AP-10003577,69,20
FUR-CH-10004609,45,20
OFF-AR-10001508,98,20
OFF-ST-10002822,84,20
OFF-ST-10002460,119,20
OFF-AR-10001291,55,20
FUR-FU-10000368,103,20
OFF-EN-10004491,82,20
FUR-NOV-10002333,6,20
OFF-ST-10000917,101,20
OFF-SU-10000650,78,20
OFF-SU-10002710,67,20
OFF-PA-10003556,7,20
FUR-CH-10003514,107,20
TEC-AC-10004001,95,20
TEC-PH-10003995,43,20
TEC-CO-10004171,102,20
OFF-EN-10003547,69,20
OFF-ST-10001469,115,20
TEC-HP -10000464,122,20
TEC-CO-10002493,99,20
OFF-EN-10002955,42,20
OFF-PA-10003823,79,20
TEC-MOT-10001196,121,20
OFF-ST-10003741,81,20
FUR-CH-10001317,74,20
TEC-NOK-10001319,110,20
TEC-AC-10004557,88,20
FUR-OFF-10004495,14,20
OFF-ELD-10004324,80,20
TEC-BRO-10000381,81,20
FUR-DAN-10004940,49,20
TEC-PH-10000297,53,20
TEC-CO-10004570,60,20
FUR-BO-10004162,86,20
FUR-BO-10003903,56,20
TEC-PH-10003823,55,20
FUR-BO-10002853,85,20
FUR-HAR-10004129,72,20
TEC-MA-10004198,54,20
FUR-BO-10003706,63,20
TEC-EPS-10003277,85,20
TEC-MA-10002424,38,20
OFF-ST-10004315,89,20
TEC-HP -10004590,105,20
FUR-FU-10003066,62,20
TEC-PH-10002115,38,20
FUR-CH-10000302,8,20
OFF-EN-10003381,14,20
FUR-FU-10004422,79,20
OFF-SU-10004246,101,20
OFF-BI-10003098,120,20
OFF-EN-10000561,100,20
TEC-AC-10001438,122,20
OFF-SU-10000256,68,20
OFF-PA-10003228,89,20
FUR-BO-10004430,35,20
OFF-BI-10001032,106,20
TEC-CO-10002108,121,20
FUR-SAF-10001956,72,20
TEC-AC-10004341,40,20
TEC-MA-10002029,120,20
FUR-TA-10002568,59,20
FUR-FU-10002539,116,20
OFF-SU-10003624,51,20
FUR-BO-10003441,95,20
OFF-ST-10002756,46,20
FUR-DAN-10001462,40,20
OFF-ST-10001346,12,20
OFF-ST-10002555,61,20
TEC-AC-10002357,42,20
OFF-BRE-10004211,117,20
FUR-BAR-10004553,99,20
OFF-ELD-10001694,91,20
FUR-FU-10000298,74,20
TEC-MA-10002435,48,20
TEC-PH-10001478,69,20
FUR-CH-10000568,82,20
OFF-EN-10002671,118,20
TEC-AC-10000926,90,20
FUR-CH-10001810,83,20
TEC-AC-10003334,47,20
FUR-CH-10004365,15,20
FUR-HON-10003137,83,20
TEC-MA-10003198,80,20
OFF-EN-10000824,96,20
FUR-HON-10004632,42,20
FUR-FU-10000251,77,20
TEC-PH-10002079,6,20
OFF-SU-10004938,124,20
TEC-PH-10003487,73,20
OFF-EN-10004755,119,20
FUR-TA-10000147,83,20
TEC-CO-10003250,98,20
OFF-AP-10003979,96,20
OFF-AP-10003400,88,20
TEC-PH-10002806,43,20
OFF-FA-10003213,122,20
TEC-HP -10000081,71,20
OFF-EN-10000556,83,20
TEC-CO-10003448,75,20
OFF-BI-10000389,51,20
FUR-BO-10001874,122,20
TEC-PH-10001336,55,20
OFF-BI-10003709,85,20
OFF-SU-10001980,93,20
OFF-EN-10004684,73,20
OFF-AR-10003629,89,20
OFF-LA-10000861,11,20
FUR-CH-10000863,73,20
TEC-STA-10003447,47,20
TEC-HEW-10002435,98,20
FUR-BO-10002824,45,20
FUR-SAF-10002557,53,20
FUR-CH-10000583,45,20
TEC-AC-10000332,111,20
TEC-PH-10000193,80,20
FUR-CH-10000430,15,20
OFF-ST-10004381,35,20
TEC-PH-10000437,74,20
OFF-ST-10004947,53,20
TEC-ENE-10000154,110,20
OFF-AP-10001905,106,20
OFF-EN-10004784,106,20
FUR-FU-10000666,95,20
TEC-AC-10002295,46,20
TEC-SHA-10000971,95,20
TEC-PH-10002570,67,20
OFF-SU-10004434,15,20
FUR-FU-10004823,124,20
FUR-BO-10003297,103,20
TEC-MA-10003816,42,20
FUR-BO-10003284,59,20
FUR-FU-10004820,80,20
TEC-PH-10002726,121,20
FUR-LES-10003538,64,20
TEC-BRO-10000374,81,20
OFF-EN-10004521,121,20
FUR-SAU-10000209,83,20
OFF-SU-10001455,81,20
TEC-MA-10003066,118,20
OFF-AP-10002568,116,20
TEC-PH-10001382,52,20
TEC-AC-10000358,100,20
TEC-PH-10000586,102,20
TEC-PH-10000526,67,20
TEC-STA-10003330,70,20
OFF-ST-10000877,116,20
OFF-AP-10000981,7,20
FUR-BO-10001746,53,20
FUR-CH-10004151,62,20
TEC-AC-10000218,74,20
TEC-PH-10003620,6,20
TEC-PH-10004959,110,20
OFF-EN-10001315,49,20
OFF-PA-10002968,75,20
FUR-NOV-10002791,73,20
TEC-CO-10003298,36,20
OFF-AP-10001670,97,20
OFF-ST-10002292,63,20
FUR-BO-10002738,108,20
OFF-BI-10004328,100,20
OFF-ST-10004739,85,20
FUR-FU-10003798,109,20
TEC-AC-10004901,111,20
TEC-CIS-10003501,44,20
TEC-APP-10004049,48,20
TEC-CO-10003982,116,20
OFF-SU-10004814,5,20
TEC-PAN-10003382,107,20
TEC-AC-10004051,73,20
TEC-CO-10000791,62,20
FUR-OFF-10001125,37,20
FUR-ADV-10001283,118,20
FUR-BO-10000378,104,20
OFF-PA-10002043,61,20
TEC-MA-10004482,36,20
FUR-CH-10004339,72,20
FUR-CH-10004875,37,20
FUR-CH-10004826,50,20
TEC-CO-10004901,74,20
OFF-AP-10004946,36,20
FUR-BO-10002032,115,20
OFF-EN-10000947,75,20
OFF-AR-10003738,46,20
OFF-BI-10003879,69,20
FUR-CH-10003540,99,20
OFF-BI-10001984,9,20
FUR-FU-10004497,15,20
TEC-PH-10001254,113,20
TEC-CO-10001818,124,20
FUR-FU-10002837,119,20
OFF-ST-10000095,96,20
TEC-MA-10000473,83,20
TEC-AC-10004518,59,20
FUR-SAF-10003819,57,20
FUR-CH-10003874,58,20
TEC-CO-10001595,72,20
TEC-AC-10004679,62,20
OFF-ST-10004191,55,20
FUR-IKE-10003796,88,20
OFF-AP-10004569,52,20
FUR-CH-10001802,70,20
OFF-AP-10002017,79,20
OFF-SAN-10001094,107,20
FUR-CH-10004992,87,20
OFF-AP-10002226,64,20
FUR-FU-10002253,94,20
OFF-EN-10002035,14,20
TEC-CO-10001846,66,20
TEC-MA-10002710,101,20
TEC-AC-10002850,101,20
FUR-BO-10000895,62,20
TEC-PH-10000026,78,20
FUR-CH-10002966,113,20
TEC-PH-10003931,75,20
OFF-ST-10000288,97,20
TEC-PH-10003772,57,20
OFF-FA-10001152,109,20
TEC-AC-10004406,82,20
OFF-PA-10000423,66,20
TEC-AC-10003904,91,20
OFF-EN-10003540,8,20
FUR-BUS-10002192,67,20
FUR-CH-10001455,58,20
OFF-PA-10000562,73,20
OFF-AP-10002371,68,20
FUR-CH-10000689,90,20
FUR-FU-10001015,14,20
TEC-CO-10004521,71,20
OFF-ST-10001534,41,20
FUR-TA-10004147,102,20
TEC-HP -10001905,71,20
TEC-PH-10003062,90,20
OFF-ST-10003141,99,20
OFF-EN-10002081,99,20
OFF-AR-10004139,81,20
OFF-PA-10004092,54,20
OFF-ST-10001476,53,20
OFF-ELD-10001318,63,20
FUR-IKE-10003576,108,20
OFF-PA-10000655,94,20
TEC-AC-10001142,52,20
FUR-CH-10003853,69,20
OFF-SU-10004230,77,20
FUR-FU-10003094,45,20
TEC-MA-10000711,83,20
FUR-CH-10004606,72,20
TEC-PH-10004006,18,20
OFF-ST-10003256,103,20
OFF-AR-10002022,42,20
OFF-ELD-10001477,68,20
FUR-BO-10002008,82,20
FUR-BO-10002352,90,20
OFF-AP-10002344,110,20
OFF-AR-10002816,99,20
OFF-XER-10004820,65,20
TEC-AC-10001089,6,20
FUR-BO-10003408,84,20
TEC-PH-10000100,103,20
OFF-EN-10001038,64,20
OFF-ST-10003411,122,20
FUR-BO-10000676,93,20
TEC-PH-10003481,101,20
OFF-EN-10004550,109,20
TEC-OKI-10002752,79,20
FUR-BO-10003463,38,20
TEC-AC-10001942,60,20
FUR-CH-10001037,13,20
FUR-FU-10004748,80,20
TEC-STA-10004181,98,20
OFF-BI-10000734,85,20
TEC-PH-10003723,84,20
TEC-PH-10004760,40,20
FUR-FU-10004241,93,20
OFF-HOO-10002920,49,20
OFF-PA-10001869,64,20
TEC-STA-10003550,76,20
TEC-CO-10000344,71,20
FUR-FU-10002486,76,20
TEC-MA-10000811,69,20
FUR-FU-10003198,121,20
FUR-CH-10004447,40,20
FUR-FU-10000256,102,20
OFF-SU-10004873,52,20
TEC-AC-10001082,107,20
FUR-TA-10001595,63,20
FUR-BO-10003103,111,20
TEC-MA-10004993,13,20
OFF-FA-10002683,81,20
TEC-AC-10002738,51,20
FUR-CH-10001695,56,20
OFF-ST-10002538,6,20
TEC-PH-10003774,103,20
TEC-MA-10002521,71,20
OFF-EN-10000872,83,20
OFF-ST-10003204,47,20
TEC-AC-10004249,68,20
TEC-AC-10001295,120,20
TEC-AC-10003174,87,20
OFF-AP-10000935,121,20
FUR-HON-10001504,85,20
FUR-BUS-10004336,37,20
TEC-BEL-10004162,76,20
OFF-EN-10003511,66,20
OFF-EN-10000897,85,20
FUR-FU-10004503,119,20
TEC-PH-10003437,80,20
FUR-RUB-10001704,17,20
OFF-PA-10002356,55,20
OFF-FA-10001764,78,20
TEC-AC-10001990,45,20
FUR-TEN-10000558,102,20
TEC-EPS-10000689,35,20
TEC-SAM-10003205,97,20
TEC-AC-10002086,58,20
FUR-CH-10004694,47,20
OFF-AP-10001606,45,20
TEC-MA-10003630,85,20
TEC-EPS-10001129,51,20
OFF-AR-10000540,116,20
OFF-ST-10001729,120,20
FUR-BO-10001699,58,20
TEC-AC-10000203,53,20
FUR-BO-10001888,71,20
OFF-PA-10002371,119,20
OFF-BI-10004795,42,20
OFF-PA-10003129,14,20
FUR-IKE-10002509,7,20
TEC-MA-10002660,51,20
TEC-ENE-10003873,70,20
OFF-ST-10002159,53,20
OFF-SU-10000102,98,20
FUR-CH-10000785,45,20
OFF-PA-10001327,88,20
TEC-BEL-10001189,79,20
OFF-FEL-10004016,81,20
OFF-SU-10000079,46,20
OFF-BI-10004146,55,20
OFF-SU-10002337,45,20
OFF-AP-10000490,39,20
OFF-SU-10000157,115,20
OFF-PA-10000312,90,20
OFF-ST-10003153,54,20
OFF-ST-10003656,75,20
FUR-HON-10000029,80,20
OFF-PA-10003365,46,20
FUR-CH-10000488,104,20
TEC-PH-10001619,3,20
FUR-BO-10003078,53,20
OFF-ST-10000585,60,20
OFF-KIT-10001245,82,20
TEC-PH-10004970,86,20
FUR-FU-10004462,104,20
TEC-STA-10004927,89,20
FUR-BO-10001067,109,20
TEC-PH-10002549,67,20
FUR-BO-10002346,96,20
TEC-AC-10004508,122,20
TEC-CIS-10003439,57,20
TEC-CO-10001087,49,20
OFF-PA-10004296,61,20
FUR-FU-10002709,13,20
FUR-FU-10003662,98,20
OFF-EN-10002911,115,20
FUR-FU-10002829,85,20
OFF-PA-10001258,87,20
FUR-CH-10001784,112,20
OFF-AP-10001067,13,20
OFF-ELI-10001057,116,20
FUR-IKE-10004815,85,20
OFF-EN-10003550,81,20
OFF-LA-10004280,38,20
OFF-ST-10003953,41,20
TEC-AC-10002255,69,20
FUR-CH-10002117,82,20
TEC-AC-10001406,107,20
OFF-SU-10004299,106,20
OFF-SU-10004249,79,20
TEC-KON-10001519,115,20
OFF-EN-10002924,115,20
TEC-AC-10001341,106,20
OFF-AP-10002531,53,20
TEC-PH-10004152,97,20
FUR-TA-10004757,72,20
OFF-ST-10003203,101,20
FUR-FU-10001194,93,20
FUR-FU-10002094,103,20
TEC-AC-10004334,15,20
FUR-CH-10002752,81,20
FUR-CH-10002970,95,20
FUR-CH-10001414,65,20
FUR-FU-10003546,114,20
FUR-TA-10002855,56,20
OFF-LA-10001541,120,20
TEC-PH-10002332,77,20
TEC-MA-10000597,101,20
FUR-OFF-10003019,8,20
FUR-BO-10000883,44,20
TEC-PH-10002387,76,20
FUR-BO-10004238,98,20
TEC-PH-10003963,55,20
OFF-ST-10004996,114,20
OFF-PA-10004694,110,20
FUR-FU-10002069,100,20
FUR-FU-10002722,75,20
FUR-CH-10001756,58,20
TEC-PH-10004618,69,20
FUR-RUB-10003518,10,20
TEC-AC-10001688,64,20
OFF-ST-10002371,91,20
TEC-PH-10001163,81,20
OFF-SU-10004452,69,20
OFF-SU-10001407,53,20
TEC-PH-10001535,42,20
TEC-MOT-10001927,60,20
OFF-SAN-10001546,105,20
TEC-BEL-10003875,64,20
OFF-AR-10002240,41,20
TEC-PH-10000693,101,20
TEC-AC-10001767,99,20
TEC-BEL-10002207,70,20
OFF-AR-10000227,59,20
TEC-PH-10001937,71,20
OFF-AP-10002497,35,20
FUR-CH-10004751,49,20
TEC-PH-10004437,71,20
FUR-FU-10003394,47,20
FUR-CH-10000343,10,20
FUR-BO-10001276,42,20
TEC-MA-10002039,39,20
OFF-AR-10001208,94,20
OFF-SU-10004771,18,20
OFF-ST-10002175,107,20
OFF-SU-10004802,35,20
OFF-BRE-10004933,70,20
TEC-AC-10002996,69,20
OFF-EN-10000051,100,20
OFF-FA-10001419,97,20
OFF-PA-10000565,57,20
OFF-AR-10002583,43,20
FUR-BO-10001721,68,20
TEC-MA-10002864,80,20
TEC-LOG-10001137,112,20
TEC-MA-10003366,38,20
FUR-BO-10004947,64,20
OFF-SME-10000746,109,20
OFF-SU-10000153,106,20
FUR-FU-10004622,5,20
OFF-EN-10003296,48,20
OFF-SU-10000776,94,20
OFF-BI-10002562,111,20
OFF-ST-10000704,79,20
OFF-ST-10001511,68,20
FUR-TA-10003008,79,20
TEC-MA-10003558,95,20
FUR-FU-10000889,117,20
TEC-AC-10004108,50,20
OFF-LA-10004916,100,20
FUR-CH-10002793,74,20
TEC-HP -10002221,51,20
TEC-MEM-10002280,68,20
FUR-NOV-10000323,50,20
TEC-APP-10003588,94,20
OFF-AP-10000228,100,20
TEC-CO-10000011,100,20
FUR-CH-10000117,124,20
OFF-STI-10002262,15,20
FUR-DEF-10001359,10,20
TEC-AC-10001311,65,20
FUR-BO-10002423,68,20
OFF-STO-10001693,73,20
TEC-CO-10003702,101,20
FUR-CH-10002626,42,20
TEC-PH-10001708,121,20
TEC-MA-10002413,112,20
OFF-EN-10001044,89,20
OFF-EN-10003512,61,20
FUR-FU-10004952,87,20
TEC-SHA-10000306,73,20
FUR-CH-10001831,99,20
TEC-CO-10001472,51,20
TEC-MA-10000755,64,20
TEC-MA-10003886,87,20
TEC-KON-10002052,47,20
OFF-AP-10000569,55,20
FUR-BO-10004218,53,20
OFF-ROG-10002132,87,20
TEC-AC-10002600,5,20
TEC-AC-10002567,91,20
OFF-HOO-10000318,59,20
TEC-OKI-10002547,120,20
FUR-CH-10001278,65,20
FUR-FU-10000267,115,20
OFF-PA-10000579,89,20
OFF-EN-10003729,57,20
FUR-BO-10004467,66,20
FUR-DAN-10004745,96,20
OFF-AP-10000528,108,20
TEC-AC-10003750,44,20
TEC-AC-10002402,106,20
TEC-BRO-10000773,88,20
OFF-BI-10000590,6,20
FUR-FU-10004845,54,20
FUR-BUS-10003055,66,20
OFF-SU-10001808,48,20
TEC-PH-10002565,84,20
FUR-BO-10001147,62,20
TEC-PH-10003556,16,20
FUR-BO-10001598,87,20
TEC-CO-10001352,58,20
TEC-SAM-10000345,113,20
OFF-ST-10001490,56,20
FUR-HAR-10001089,64,20
TEC-SHA-10000052,97,20
TEC-MOT-10002260,38,20
TEC-CO-10002759,111,20
FUR-TA-10003539,93,20
OFF-SU-10004888,121,20
OFF-AP-10003318,42,20
FUR-FU-10004074,116,20
OFF-PA-10001850,46,20
OFF-ST-10003058,65,20
TEC-MA-10000753,112,20
TEC-PH-10002907,68,20
FUR-FU-10000905,116,20
OFF-EN-10003615,109,20
FUR-FU-10002525,110,20
FUR-BO-10000807,3,20
OFF-SU-10001337,113,20
FUR-FU-10003664,91,20
OFF-SU-10000997,60,20
TEC-PH-10001640,52,20
OFF-PA-10003517,120,20
FUR-TA-10004152,72,20
FUR-FU-10001185,115,20
OFF-PA-10003625,121,20
OFF-ENE-10002470,10,20
FUR-FU-10002655,84,20
OFF-FA-10000179,42,20
TEC-PH-10002138,75,20
TEC-PH-10002789,40,20
OFF-BI-10003925,103,20
OFF-PA-10001758,78,20
TEC-AC-10002158,98,20
OFF-EN-10000898,63,20
FUR-BUS-10004121,62,20
TEC-CO-10000534,45,20
OFF-EN-10004057,11,20
TEC-PH-10004348,99,20
OFF-FEL-10001630,53,20
TEC-PH-10000788,43,20
OFF-PA-10003332,61,20
TEC-BEL-10002178,68,20
OFF-AR-10003046,78,20
TEC-AC-10001600,102,20
OFF-SU-10000180,116,20
TEC-PH-10003935,49,20
TEC-MA-10003121,85,20
FUR-TA-10004767,47,20
FUR-ELD-10003479,117,20
OFF-PA-10003907,83,20
FUR-TA-10002860,104,20
OFF-SU-10004198,90,20
OFF-AP-10004336,110,20
OFF-EN-10001453,85,20
OFF-GRE-10004359,71,20
OFF-AP-10002697,51,20
TEC-PH-10001079,12,20
FUR-OFF-10000344,121,20
OFF-JIF-10002228,124,20
TEC-AC-10001221,63,20
FUR-CH-10000694,3,20
FUR-FU-10001260,94,20
FUR-CH-10003608,123,20
TEC-AC-10004196,89,20
TEC-SHA-10001231,44,20
FUR-FU-10000065,81,20
OFF-AR-10003914,57,20
TEC-PH-10003522,119,20
TEC-MA-10004669,55,20
TEC-AC-10004195,47,20
FUR-CH-10004899,67,20
TEC-CO-10004567,58,20
TEC-PH-10004675,45,20
OFF-FA-10003318,51,20
FUR-CH-10001482,102,20
FUR-FU-10003862,81,20
OFF-SU-10002709,11,20
FUR-BO-10004567,107,20
FUR-BO-10000112,55,20
OFF-PA-10004881,118,20
OFF-AR-10003253,117,20
TEC-OKI-10001062,117,20
TEC-CO-10000422,46,20
OFF-SU-10000556,71,20
OFF-EN-10002008,76,20
OFF-HOO-10000638,51,20
TEC-CO-10000660,82,20
OFF-AR-10004022,62,20
TEC-AC-10002335,75,20
TEC-CO-10002113,81,20
TEC-AC-10004880,52,20
OFF-BI-10001650,112,20
FUR-BO-10000746,105,20
TEC-PH-10004635,47,20
OFF-ST-10001025,116,20
TEC-PH-10001575,7,20
FUR-CH-10004844,15,20
OFF-ST-10000884,65,20
OFF-EN-10002808,36,20
TEC-AC-10004393,50,20
FUR-FU-10003601,43,20
TEC-CO-10001042,107,20
TEC-PH-10003416,72,20
TEC-AC-10000335,109,20
OFF-AP-10001266,88,20
FUR-OFF-10003688,90,20
FUR-HAR-10004593,120,20
OFF-ST-10001326,121,20
OFF-ST-10002459,79,20
FUR-BO-10004425,68,20
OFF-ST-10000643,43,20
OFF-ST-10000220,122,20
OFF-ST-10000794,42,20
FUR-RUB-10003724,41,20
TEC-MA-10001825,70,20
OFF-FA-10003266,52,20
TEC-SAM-10001843,5,20
FUR-ADV-10004499,62,20
OFF-SU-10001586,104,20
TEC-PH-10000141,78,20
FUR-FU-10004816,55,20
TEC-MA-10004655,62,20
FUR-TA-10001935,88,20
TEC-PH-10002428,88,20
FUR-OFF-10004824,99,20
TEC-PH-10002018,55,20
OFF-PA-10004286,47,20
TEC-PH-10004048,91,20
TEC-OKI-10003221,83,20
FUR-CH-10003249,88,20
OFF-PA-10004444,12,20
OFF-BI-10001071,87,20
TEC-AC-10000860,78,20
OFF-ST-10001272,81,20
FUR-SAF-10002360,87,20
TEC-EPS-10004558,108,20
OFF-BI-10003616,16,20
FUR-BO-10004529,47,20
FUR-DEF-10003551,71,20
FUR-SAF-10004530,58,20
TEC-PH-10000381,36,20
TEC-AC-10003851,120,20
TEC-PH-10000641,115,20
OFF-ST-10000306,48,20
TEC-PH-10002660,44,20
OFF-SU-10001886,69,20
OFF-AP-10002238,59,20
OFF-AR-10001823,37,20
TEC-AC-10000051,51,20
FUR-FU-10000816,46,20
FUR-FU-10004182,88,20
FUR-CH-10001545,58,20
FUR-BO-10001779,63,20
OFF-SU-10004980,77,20
TEC-CO-10001775,59,20
TEC-MA-10002242,94,20
OFF-ST-10004365,12,20
TEC-MA-10003330,99,20
OFF-AR-10001461,118,20
TEC-PH-10002296,62,20
OFF-AR-10001720,50,20
TEC-PH-10000441,81,20
OFF-AP-10000825,115,20
FUR-FU-10002598,92,20
OFF-BI-10000561,110,20
TEC-AC-10003987,13,20
TEC-EPS-10001651,87,20
OFF-ACC-10002680,76,20
OFF-ST-10000619,93,20
OFF-PA-10000382,81,20
FUR-FU-10001619,68,20
OFF-AP-10003442,71,20
FUR-BO-10001567,40,20
FUR-FU-10001775,41,20
OFF-SU-10002379,59,20
TEC-PH-10002483,67,20
OFF-BI-10001304,9,20
OFF-AR-10004049,92,20
OFF-BI-10000538,41,20
TEC-AC-10001187,91,20
OFF-HON-10001706,46,20
FUR-CH-10004580,50,20
FUR-SAF-10000881,114,20
TEC-AC-10001463,77,20
FUR-FU-10002210,111,20
FUR-FU-10003855,41,20
OFF-ST-10000352,85,20
OFF-ST-10000645,107,20
OFF-SU-10002732,66,20
OFF-ST-10004123,109,20
FUR-DAN-10001340,42,20
TEC-MA-10003909,121,20
OFF-ST-10000648,123,20
TEC-CO-10001831,106,20
OFF-SU-10002094,79,20
FUR-BAR-10002449,120,20
FUR-CH-10001972,13,20
TEC-PH-10003368,38,20
FUR-FU-10004339,101,20
OFF-BI-10002859,63,20
OFF-AR-10003123,11,20
OFF-PA-10002382,63,20
OFF-PA-10002976,62,20
FUR-CH-10003423,111,20
OFF-SU-10004848,113,20
TEC-PH-10001354,121,20
TEC-AC-10000354,78,20
OFF-BI-10003725,124,20
OFF-KIT-10002357,38,20
FUR-CH-10004536,124,20
OFF-ST-10001222,43,20
OFF-PA-10003381,39,20
FUR-CH-10004576,90,20
TEC-AC-10001874,118,20
OFF-ST-10003956,84,20
FUR-NOV-10001972,109,20
TEC-AC-10001904,17,20
OFF-ST-10001713,66,20
FUR-RUB-10003004,62,20
FUR-CH-10002212,56,20
OFF-SU-10004846,51,20
FUR-FU-10003235,93,20
OFF-AR-10001694,124,20
OFF-EN-10000623,105,20
OFF-AP-10004756,91,20
TEC-CO-10004563,60,20
TEC-STA-10004834,59,20
TEC-MEM-10001409,44,20
TEC-PH-10002419,79,20
FUR-BUS-10004475,117,20
FUR-SAF-10004426,45,20
OFF-AR-10001423,111,20
TEC-PH-10004597,87,20
OFF-AP-10004305,106,20
TEC-MA-10001210,102,20
OFF-FA-10002506,17,20
TEC-PH-10004402,17,20
OFF-AP-10003040,62,20
TEC-LOG-10001434,109,20
FUR-RUB-10001717,99,20
OFF-FIS-10003234,83,20
OFF-LA-10002324,81,20
TEC-PH-10004281,86,20
OFF-LA-10000901,122,20
FUR-FU-10004017,88,20
FUR-BO-10002936,94,20
OFF-LA-10003376,91,20
TEC-AC-10000692,81,20
FUR-BO-10000265,65,20
OFF-AP-10004665,80,20
TEC-AC-10002756,60,20
FUR-BO-10001476,39,20
OFF-AP-10002439,118,20
OFF-AR-10002975,86,20
OFF-PA-10003510,109,20
TEC-AC-10000269,88,20
OFF-AR-10001622,3,20
FUR-CH-10001051,84,20
OFF-SU-10001087,72,20
OFF-AR-10003085,61,20
OFF-PA-10002473,49,20
FUR-FU-10001950,95,20
OFF-PA-10001371,55,20
FUR-FU-10002703,80,20
FUR-OFF-10000303,103,20
TEC-HP -10001577,40,20
OFF-FEL-10001405,72,20
TEC-CO-10004664,96,20
FUR-CH-10000351,120,20
FUR-TA-10004607,96,20
FUR-CH-10001553,4,20
FUR-CH-10001477,112,20
OFF-ST-10004340,108,20
TEC-AC-10002025,80,20
OFF-AP-10003779,47,20
FUR-FU-10002122,37,20
FUR-CH-10003883,16,20
TEC-AC-10001831,40,20
FUR-CH-10002653,42,20
FUR-CH-10003109,78,20
OFF-SU-10001889,67,20
OFF-LA-10001383,115,20
TEC-AC-10000588,109,20
FUR-CH-10001343,111,20
FUR-FU-10001252,84,20
TEC-PH-10000292,45,20
TEC-AC-10002670,62,20
OFF-EN-10002140,104,20
FUR-CH-10003692,75,20
FUR-CH-10002410,50,20
FUR-CH-10003817,102,20
TEC-PH-10001448,82,20
OFF-SU-10003105,90,20
OFF-PA-10003115,98,20
OFF-AP-10001005,93,20
OFF-FEL-10001776,124,20
OFF-TEN-10000025,16,20
FUR-BO-10003287,110,20
OFF-EN-10003498,45,20
FUR-BUS-10002138,123,20
OFF-SU-10004659,52,20
FUR-CH-10003026,53,20
OFF-SU-10003671,121,20
OFF-XER-10003495,89,20
OFF-SU-10002419,116,20
OFF-AR-10001061,12,20
OFF-PA-10004480,40,20
TEC-CO-10003474,38,20
FUR-CH-10002213,63,20
OFF-PA-10001725,93,20
TEC-STA-10001407,51,20
OFF-ROG-10000191,77,20
OFF-PA-10004200,114,20
OFF-SU-10001409,100,20
OFF-FA-10000659,68,20
FUR-BO-10001342,42,20
FUR-CH-10001871,15,20
OFF-FA-10001115,42,20
TEC-CO-10003568,99,20
TEC-AC-10004520,77,20
TEC-PH-10001070,73,20
OFF-EN-10003413,115,20
TEC-PH-10000014,93,20
TEC-BEL-10000485,118,20
TEC-PH-10002892,122,20
TEC-HP -10001426,120,20
FUR-CH-10003392,120,20
FUR-FU-10004619,78,20
OFF-EN-10003000,43,20
OFF-AR-10004116,71,20
TEC-OKI-10003868,108,20
TEC-MOT-10001950,70,20
FUR-CH-10001397,62,20
OFF-SU-10001848,76,20
OFF-BI-10004105,77,20
FUR-FU-10001657,119,20
OFF-EN-10002873,10,20
TEC-AC-10003487,76,20
OFF-AR-10000676,100,20
TEC-CO-10002062,89,20
FUR-CH-10003535,10,20
OFF-BRE-10004359,82,20
TEC-ENE-10002686,56,20
OFF-SU-10002451,61,20
OFF-ST-10004473,101,20
OFF-AP-10000039,47,20
TEC-AC-10004803,79,20
OFF-KIT-10000717,44,20
OFF-EN-10004895,43,20
TEC-AC-10003172,88,20
TEC-MA-10001298,61,20
OFF-AR-10002818,68,20
OFF-TEN-10002835,35,20
OFF-BRE-10000157,66,20
FUR-CH-10000265,123,20
TEC-PH-10004242,105,20
FUR-CH-10000171,3,20
OFF-SU-10003098,101,20
OFF-AP-10003334,118,20
OFF-AR-10002165,54,20
OFF-EN-10002104,69,20
OFF-AP-10001772,124,20
OFF-FA-10001057,112,20
FUR-CH-10004448,51,20
OFF-EN-10002186,52,20
FUR-CH-10000690,79,20
OFF-AR-10001599,118,20
TEC-AC-10001907,87,20
OFF-EN-10001727,116,20
TEC-PH-10004358,102,20
TEC-PH-10004800,99,20
TEC-AC-10000736,35,20
TEC-AC-10004997,92,20
OFF-AP-10001568,60,20
OFF-PA-10002862,54,20
OFF-PA-10002254,6,20
OFF-ST-10001837,9,20
OFF-PA-10002292,44,20
TEC-AC-10003408,93,20
TEC-PH-10001428,109,20
OFF-SU-10004095,75,20
TEC-AC-10004709,39,20
TEC-MEM-10004782,99,20
TEC-CO-10000262,51,20
FUR-CH-10002045,56,20
FUR-CH-10001423,75,20
FUR-BO-10002680,102,20
FUR-FU-10000287,103,20
OFF-ST-10001124,45,20
TEC-MA-10002844,90,20
OFF-PA-10004034,85,20
TEC-AC-10002800,55,20
TEC-PH-10004922,110,20
OFF-EN-10003859,60,20
OFF-AP-10003473,53,20
FUR-CH-10003848,94,20
OFF-AP-10003884,9,20
FUR-ELD-10002511,81,20
OFF-ST-10004703,105,20
OFF-AR-10001952,60,20
TEC-PH-10000127,74,20
OFF-AP-10001617,39,20
OFF-PA-10000915,55,20
OFF-ST-10003322,112,20
OFF-FA-10002964,38,20
TEC-AC-10002702,57,20
FUR-BO-10000269,118,20
OFF-AR-10000314,49,20
FUR-CH-10004642,42,20
OFF-FA-10004139,75,20
OFF-EN-10002449,18,20
TEC-PH-10001809,53,20
TEC-HEW-10004522,80,20
OFF-AP-10001623,62,20
FUR-FU-10001343,102,20
OFF-EN-10003887,49,20
FUR-FU-10000606,5,20
FUR-CH-10003282,71,20
TEC-CO-10001371,35,20
FUR-CH-10002030,101,20
OFF-ST-10004576,58,20
TEC-AC-10004469,61,20
FUR-HAR-10000334,74,20
OFF-FA-10003815,97,20
FUR-CH-10003354,95,20
OFF-AP-10002413,70,20
OFF-AP-10004220,58,20
FUR-CH-10002247,58,20
TEC-SHA-10001413,38,20
OFF-AP-10002625,101,20
OFF-SU-10000782,68,20
TEC-CO-10001382,91,20
TEC-PH-10002085,83,20
TEC-KON-10000302,121,20
OFF-ADV-10003050,87,20
FUR-CH-10002152,57,20
FUR-FU-10003462,15,20
FUR-FU-10003420,103,20
TEC-AC-10003027,87,20
FUR-BO-10003768,96,20
FUR-CH-10000373,75,20
FUR-TA-10003469,91,20
TEC-CIS-10003676,94,20
TEC-EPS-10002523,88,20
OFF-AR-10000727,104,20
TEC-MA-10003178,7,20
TEC-PH-10001730,91,20
FUR-OFF-10002486,44,20
FUR-FU-10000135,74,20
OFF-EN-10002749,41,20
TEC-AC-10000258,72,20
OFF-SU-10003505,119,20
OFF-HOO-10002715,95,20
TEC-PH-10002871,118,20
TEC-CO-10001824,37,20
OFF-AP-10001138,85,20
OFF-BRE-10003081,8,20
OFF-ST-10004631,81,20
OFF-AP-10004921,102,20
TEC-AC-10002204,110,20
FUR-FU-10003986,72,20
OFF-PA-10003550,70,20
FUR-CH-10003155,75,20
OFF-AP-10001130,103,20
OFF-LA-10000757,47,20
OFF-PA-10001351,121,20
OFF-AR-10004422,92,20
TEC-PH-10001432,84,20
OFF-EN-10004904,64,20
FUR-CH-10003794,96,20
TEC-AC-10001022,59,20
FUR-BO-10003181,61,20
OFF-ST-10001414,85,20
TEC-BRO-10000463,112,20
FUR-CH-10002498,91,20
OFF-ST-10001932,81,20
OFF-PA-10001954,8,20
OFF-ELI-10001351,73,20
TEC-PH-10002708,50,20
TEC-CO-10003002,56,20
OFF-SU-10004496,7,20
OFF-ST-10000922,88,20
FUR-BO-10003433,55,20
TEC-MOT-10004111,106,20
TEC-CIS-10002598,50,20
FUR-TA-10000855,93,20
FUR-FU-10004459,65,20
OFF-SU-10001762,76,20
TEC-AC-10004864,108,20
OFF-FA-10004587,66,20
OFF-EN-10004989,93,20
OFF-AP-10002534,68,20
FUR-FU-10004787,43,20
OFF-ST-10004549,115,20
OFF-ST-10002105,45,20
OFF-AR-10002454,44,20
OFF-ST-10000378,8,20
TEC-CO-10002586,51,20
OFF-BI-10001927,102,20
OFF-ST-10001974,82,20
OFF-BI-10002533,86,20
OFF-PA-10001849,59,20
OFF-PA-10000675,55,20
TEC-KON-10001388,99,20
TEC-AC-10001274,97,20
FUR-FU-10002170,123,20
OFF-ST-10000695,85,20
FUR-CH-10002207,70,20
TEC-PH-10003177,115,20
OFF-EN-10004305,122,20
FUR-HON-10004137,100,20
TEC-CAN-10004839,49,20
OFF-ST-10002463,73,20
OFF-EN-10004495,104,20
FUR-TEN-10001349,35,20
FUR-RUB-10001190,17,20
OFF-SU-10001080,9,20
OFF-SU-10004822,73,20
OFF-AR-10001336,91,20
OFF-EN-10000507,115,20
OFF-ST-10004479,68,20
TEC-AC-10004855,75,20
OFF-SU-10004919,107,20
OFF-SU-10003085,47,20
FUR-FU-10003708,104,20
OFF-PA-10004071,40,20
OFF-LA-10001074,118,20
OFF-SU-10001682,86,20
OFF-SU-10000480,37,20
OFF-FA-10003749,115,20
OFF-ST-10003578,97,20
OFF-SU-10002002,83,20
TEC-PH-10003601,110,20
OFF-ROG-10002818,81,20
OFF-KLE-10000552,89,20
TEC-APP-10001732,98,20
OFF-AR-10003291,3,20
OFF-PA-10003518,115,20
OFF-AP-10000775,101,20
OFF-LA-10003930,124,20
FUR-BUS-10002639,49,20
OFF-ST-10001513,66,20
TEC-AC-10001352,102,20
FUR-BO-10001972,52,20
FUR-FU-10002696,117,20
OFF-ST-10003306,77,20
OFF-PA-10004756,69,20
TEC-AC-10004773,112,20
OFF-AP-10002867,92,20
TEC-PAN-10000979,67,20
OFF-STI-10001171,16,20
FUR-CH-10002555,68,20
TEC-AC-10003556,95,20
OFF-PA-10001259,38,20
OFF-BI-10003656,122,20
OFF-AP-10002457,93,20
FUR-CH-10003733,15,20
TEC-CO-10003597,117,20
OFF-SU-10000411,40,20
TEC-AC-10000109,83,20
TEC-AC-10004114,74,20
FUR-TA-10001100,117,20
OFF-STA-10000247,99,20
OFF-AR-10000804,103,20
TEC-MA-10004693,61,20
TEC-PH-10004042,114,20
OFF-ELI-10003911,40,20
TEC-AC-10004848,47,20
OFF-PA-10003892,98,20
FUR-CH-10003968,96,20
OFF-ST-10000934,53,20
OFF-FIS-10003463,110,20
TEC-ENE-10001466,114,20
OFF-SU-10002230,77,20
FUR-CH-10003054,108,20
OFF-PA-10004335,123,20
OFF-ST-10000604,6,20
OFF-AP-10000159,102,20
FUR-HAR-10002178,78,20
FUR-CH-10004338,57,20
FUR-BO-10001781,36,20
FUR-FU-10003970,56,20
FUR-CH-10002989,91,20
TEC-PH-10003312,106,20
OFF-ST-10004754,41,20
OFF-BI-10004597,16,20
OFF-PA-10000210,90,20
TEC-SHA-10004184,101,20
OFF-SU-10001021,50,20
TEC-AC-10000397,117,20
OFF-PA-10002047,85,20
OFF-LA-10003297,116,20
OFF-FEL-10001541,114,20
FUR-CH-10000182,106,20
TEC-AC-10000710,46,20
FUR-FU-10002185,87,20
OFF-BIC-10002403,13,20
OFF-SU-10000375,39,20
OFF-AR-10001221,61,20
TEC-BRO-10003555,46,20
OFF-ST-10002781,51,20
TEC-PH-10001424,40,20
OFF-SU-10000885,39,20
OFF-KLE-10001699,91,20
TEC-AC-10004556,62,20
FUR-SAU-10004137,112,20
TEC-CO-10000135,103,20
FUR-CH-10002132,93,20
OFF-SU-10000255,67,20
TEC-AC-10001243,96,20
FUR-SAU-10000893,84,20
OFF-PA-10002461,53,20
OFF-SU-10003522,120,20
OFF-AR-10001612,103,20
TEC-AC-10001606,100,20
OFF-PA-10002222,81,20
FUR-FU-10000432,9,20
OFF-AR-10004068,102,20
OFF-SME-10003033,67,20
FUR-TEN-10003050,47,20
OFF-PA-10001795,6,20
FUR-FU-10004093,88,20
TEC-AC-10004938,41,20
TEC-AC-10000025,113,20
TEC-PH-10003784,121,20
TEC-AC-10003198,48,20
TEC-CAN-10004697,121,20
FUR-HAR-10002223,53,20
OFF-EN-10003780,88,20
OFF-ST-10000632,54,20
TEC-AC-10001114,63,20
FUR-IKE-10003251,58,20
FUR-SAU-10003694,116,20
OFF-EN-10003619,97,20
TEC-MA-10003173,108,20
TEC-APP-10002829,91,20
TEC-PH-10001677,10,20
OFF-SU-10001595,124,20
FUR-FU-10003069,96,20
FUR-CH-10002362,63,20
OFF-EN-10004007,108,20
OFF-IBI-10003541,51,20
OFF-EN-10003689,100,20
FUR-BO-10001834,40,20
FUR-CH-10002209,92,20
FUR-BO-10001385,103,20
OFF-SU-10004630,62,20
TEC-PH-10002807,96,20
FUR-FU-10001876,75,20
TEC-PH-10001305,103,20
OFF-AP-10003610,116,20
OFF-SU-10004087,124,20
OFF-EN-10002258,118,20
TEC-MA-10000029,75,20
FUR-BUS-10002040,83,20
TEC-NOK-10001678,13,20
TEC-MA-10002525,3,20
FUR-FU-10001915,110,20
OFF-AP-10001293,105,20
TEC-MA-10004615,37,20
OFF-AR-10004881,44,20
OFF-AR-10003806,123,20
OFF-AR-10003249,69,20
TEC-AC-10003280,114,20
OFF-PA-10002923,36,20
TEC-KON-10004519,58,20
TEC-NOK-10001172,108,20
TEC-MA-10004897,72,20
OFF-SU-10002775,56,20
OFF-SU-10004794,60,20
OFF-ST-10002066,77,20
TEC-AC-10001696,89,20
TEC-AC-10003327,73,20
TEC-PH-10001427,63,20
FUR-CH-10000414,54,20
TEC-AC-10004704,75,20
TEC-PH-10002152,8,20
FUR-BO-10001946,54,20
OFF-SU-10004655,53,20
OFF-BI-10004581,118,20
FUR-BO-10001621,100,20
TEC-MA-10001447,64,20
FUR-CH-10000026,87,20
OFF-FA-10003257,68,20
OFF-PA-10003390,56,20
OFF-BI-10002735,101,20
TEC-PH-10003811,40,20
TEC-LOG-10001123,113,20
TEC-PH-10000931,61,20
TEC-MA-10002268,44,20
OFF-AR-10000452,11,20
OFF-PA-10002101,82,20
TEC-MA-10004064,104,20
OFF-BI-10003364,93,20
OFF-CAM-10002734,93,20
OFF-AP-10002364,36,20
OFF-ST-10004116,15,20
OFF-PA-10004600,102,20
FUR-CH-10002374,99,20
OFF-ENE-10001117,117,20
OFF-BI-10002841,60,20
OFF-AR-10003321,123,20
OFF-SU-10001690,44,20
TEC-PH-10003153,87,20
OFF-AR-10002681,113,20
OFF-EN-10003465,93,20
TEC-PH-10004552,56,20
FUR-FU-10004811,85,20
OFF-EN-10004903,82,20
OFF-PA-10001536,55,20
OFF-ST-10000485,56,20
OFF-EN-10001627,64,20
OFF-BI-10004510,59,20
OFF-ST-10001522,62,20
FUR-HAR-10003548,99,20
FUR-FU-10000641,79,20
OFF-PA-10001492,6,20
TEC-PH-10003549,41,20
TEC-AC-10004562,83,20
OFF-PA-10001144,43,20
TEC-PH-10003011,70,20
OFF-ST-10002499,117,20
OFF-ST-10003159,35,20
TEC-OKI-10004199,44,20
OFF-EN-10004254,70,20
OFF-FEL-10001865,11,20
FUR-FU-10004019,80,20
OFF-PA-10002645,66,20
FUR-RUB-10002067,66,20
FUR-BO-10004098,40,20
FUR-TA-10004468,82,20
OFF-AR-10003448,72,20
OFF-PA-10000527,51,20
OFF-PA-10000483,108,20
OFF-EN-10001311,61,20
FUR-FU-10000567,88,20
FUR-CH-10000663,4,20
OFF-FA-10000260,69,20
TEC-CO-10003561,119,20
TEC-CIS-10002565,59,20
OFF-SME-10004702,62,20
TEC-PH-10001644,49,20
TEC-AC-10004883,38,20
OFF-AR-10001278,107,20
FUR-FU-10002116,61,20
TEC-CIS-10001122,60,20
FUR-CH-10002547,53,20
TEC-PH-10003400,51,20
FUR-TA-10001039,77,20
TEC-KON-10001507,75,20
OFF-SU-10004643,76,20
OFF-FA-10001711,84,20
FUR-CH-10000013,118,20
FUR-CH-10002819,74,20
OFF-AR-10000431,73,20
OFF-AP-10000026,57,20
TEC-HEW-10003695,17,20
OFF-KIT-10004732,86,20
OFF-PA-10004746,81,20
TEC-AC-10003776,97,20
TEC-MOT-10003366,3,20
FUR-FU-10004450,103,20
TEC-AC-10001312,77,20
OFF-BI-10000778,82,20
TEC-NOK-10004278,68,20
TEC-CIS-10001877,74,20
FUR-FU-10002630,109,20
FUR-CH-10003842,95,20
OFF-BI-10004139,84,20
FUR-FU-10002157,101,20
OFF-PA-10000595,96,20
OFF-ACM-10001112,92,20
FUR-FU-10004181,67,20
FUR-FU-10001902,109,20
OFF-BI-10001718,50,20
FUR-CH-10003485,116,20
OFF-PA-10001466,16,20
TEC-AC-10002172,82,20
OFF-ST-10001755,44,20
OFF-ST-10000532,116,20
TEC-BRO-10003401,72,20
OFF-STI-10000937,53,20
TEC-CO-10004981,70,20
TEC-AC-10002363,93,20
OFF-AR-10002952,97,20
TEC-PH-10000087,111,20
FUR-OFF-10003713,80,20
TEC-MOT-10004136,37,20
FUR-BO-10002235,108,20
TEC-AC-10003454,99,20
FUR-BO-10001867,42,20
TEC-PH-10001475,85,20
OFF-AP-10001723,115,20
FUR-CH-10002631,107,20
OFF-ST-10004183,40,20
OFF-BI-10001293,13,20
TEC-AC-10000873,11,20
OFF-LA-10000818,73,20
TEC-AC-10001590,94,20
OFF-ST-10002085,62,20
OFF-ST-10004837,88,20
OFF-EN-10000699,71,20
OFF-BI-10001397,43,20
TEC-AC-10001267,116,20
OFF-PA-10001164,90,20
FUR-CH-10001674,93,20
OFF-ST-10001213,119,20
FUR-FU-10003919,36,20
TEC-PH-10000213,95,20
TEC-EPS-10003962,92,20
FUR-BAR-10001039,94,20
OFF-HOO-10001448,74,20
FUR-BO-10003326,70,20
TEC-PH-10004827,71,20
OFF-BI-10003519,113,20
OFF-SU-10001868,52,20
OFF-AR-10004109,4,20
TEC-AC-10002664,97,20
TEC-CO-10004152,56,20
OFF-ST-10004017,45,20
TEC-AC-10003857,92,20
OFF-SU-10001397,91,20
TEC-AC-10003416,111,20
FUR-SAU-10002714,38,20
OFF-GRE-10003316,120,20
FUR-CH-10004725,41,20
FUR-BO-10001585,95,20
TEC-PH-10004287,88,20
TEC-AC-10003640,122,20
TEC-MA-10002871,102,20
OFF-SU-10004589,14,20
OFF-FA-10000401,113,20
OFF-ST-10004019,35,20
OFF-ST-10002967,89,20
FUR-SAF-10003745,37,20
TEC-AC-10001491,112,20
OFF-PA-10000752,8,20
OFF-BI-10003951,35,20
OFF-PA-10004115,72,20
OFF-AP-10000407,119,20
FUR-CH-10001634,63,20
OFF-PA-10002524,39,20
OFF-ST-10004871,108,20
OFF-EN-10002472,55,20
FUR-FU-10001893,105,20
OFF-AR-10003683,101,20
OFF-EN-10003361,81,20
OFF-ACM-10001029,118,20
FUR-NOV-10002453,117,20
OFF-AR-10000953,69,20
OFF-ST-10003479,102,20
OFF-AR-10003373,103,20
TEC-PH-10003800,35,20
TEC-MA-10000888,102,20
OFF-AR-10002037,46,20
OFF-PA-10001733,94,20
FUR-CH-10003143,13,20
OFF-AP-10003177,90,20
OFF-BRE-10000391,57,20
TEC-PH-10002597,59,20
TEC-MA-10004684,55,20
OFF-PA-10003939,95,20
TEC-AC-10001226,97,20
OFF-FEL-10002658,86,20
FUR-FU-10002412,122,20
OFF-PA-10002671,11,20
TEC-PH-10003946,89,20
TEC-PH-10002170,80,20
OFF-XER-10001454,66,20
OFF-SAN-10001681,89,20
OFF-ST-10000675,39,20
FUR-HON-10003653,70,20
OFF-ST-10000542,83,20
OFF-AR-10001226,92,20
FUR-BO-10000468,73,20
FUR-ADV-10004971,114,20
OFF-LA-10001873,3,20
OFF-ST-10000130,119,20
OFF-PA-10004766,95,20
OFF-GRE-10001059,43,20
TEC-APP-10000135,40,20
OFF-SU-10002816,69,20
OFF-FA-10003817,73,20
OFF-SU-10000649,56,20
OFF-AP-10002998,75,20
OFF-PA-10000157,39,20
OFF-HOO-10003338,76,20
FUR-CH-10004943,121,20
OFF-FA-10000207,115,20
FUR-FU-10000018,110,20
TEC-EPS-10001644,121,20
TEC-STA-10002497,114,20
FUR-CH-10001607,101,20
OFF-AR-10003962,64,20
OFF-SU-10003483,91,20
OFF-SU-10001840,120,20
OFF-CAM-10000192,11,20
TEC-BRO-10004328,63,20
OFF-AR-10000401,71,20
OFF-AP-10001076,121,20
FUR-FU-10002699,15,20
TEC-MA-10001546,66,20
OFF-ST-10003994,80,20
TEC-SAN-10003793,57,20
OFF-PA-10002033,79,20
OFF-BI-10001621,51,20
OFF-ST-10002161,119,20
OFF-FA-10003546,100,20
OFF-EN-10003422,40,20
OFF-ADV-10004228,52,20
FUR-FU-10004288,56,20
FUR-FU-10002017,67,20
FUR-BO-10001753,64,20
OFF-EN-10000904,115,20
OFF-FA-10002637,66,20
OFF-ST-10000806,76,20
FUR-FU-10000521,5,20
OFF-SU-10000113,112,20
TEC-AC-10001792,44,20
TEC-BRO-10000663,70,20
OFF-TEN-10000433,68,20
TEC-AC-10000342,107,20
FUR-BO-10000670,62,20
TEC-MA-10003868,45,20
OFF-ST-10000563,112,20
OFF-BRE-10000448,73,20
OFF-SU-10001633,81,20
TEC-AC-10001030,53,20
FUR-CH-10000187,49,20
OFF-SU-10001512,62,20
TEC-MA-10003349,58,20
OFF-FA-10003727,106,20
OFF-FA-10000907,43,20
FUR-SAF-10002253,81,20
TEC-NOK-10001058,67,20
TEC-PH-10003254,16,20
TEC-CO-10003678,3,20
TEC-PH-10004825,53,20
OFF-EN-10001993,101,20
OFF-PA-10002755,108,20
OFF-AP-10001154,74,20
FUR-FU-10000222,81,20
OFF-ST-10000580,99,20
OFF-PA-10003796,63,20
OFF-EN-10002961,84,20
OFF-EN-10000428,47,20
FUR-FU-10001557,35,20
OFF-AP-10000891,68,20
OFF-SME-10003530,82,20
OFF-AR-10001244,111,20
OFF-AR-10002115,82,20
TEC-PH-10004871,83,20
OFF-EN-10001669,98,20
OFF-AP-10003043,95,20
OFF-ST-10000362,63,20
TEC-BRO-10004178,73,20
OFF-PA-10001595,18,20
OFF-AR-10004519,122,20
OFF-EN-10002789,60,20
OFF-SU-10004696,51,20
OFF-ST-10001342,105,20
TEC-PAN-10000131,47,20
TEC-APP-10000530,103,20
TEC-PH-10004404,60,20
FUR-CH-10001374,83,20
OFF-EN-10003332,101,20
FUR-FU-10004289,41,20
OFF-BI-10003705,92,20
OFF-AR-10001232,83,20
TEC-PH-10004714,87,20
OFF-LA-10001187,3,20
OFF-HOO-10001248,96,20
OFF-BIN-10001715,51,20
OFF-SU-10001421,77,20
OFF-SU-10000304,59,20
OFF-ST-10004228,37,20
OFF-BI-10001456,17,20
FUR-HON-10001627,63,20
FUR-HAR-10002328,66,20
OFF-EN-10003685,60,20
OFF-FA-10003990,50,20
OFF-AP-10000576,59,20
TEC-MEM-10000723,88,20
FUR-HON-10002424,62,20
OFF-PA-10000194,107,20
OFF-FA-10002017,90,20
OFF-PA-10000824,99,20
FUR-ADV-10000002,120,20
FUR-TA-10004086,114,20
TEC-SAN-10004181,75,20
FUR-CH-10003623,85,20
OFF-EN-10001771,105,20
OFF-AP-10004869,112,20
TEC-MA-10003796,63,20
FUR-TA-10003748,117,20
OFF-BI-10003934,53,20
FUR-CH-10000608,4,20
OFF-PA-10002811,75,20
TEC-AC-10004683,79,20
OFF-ST-10003692,49,20
OFF-PA-10004381,37,20
TEC-MOT-10004345,45,20
TEC-AC-10001636,87,20
FUR-CH-10002372,80,20
OFF-GRE-10000492,64,20
OFF-AR-10000655,11,20
FUR-FU-10004608,52,20
OFF-LA-10003967,85,20
TEC-MA-10001966,82,20
OFF-AP-10003758,100,20
OFF-SU-10003803,42,20
TEC-PH-10001084,56,20
OFF-KIT-10003990,40,20
FUR-BUS-10004622,110,20
TEC-ENE-10000995,91,20
OFF-BI-10004042,70,20
TEC-MA-10004842,17,20
FUR-BO-10004917,91,20
OFF-SU-10000272,83,20
OFF-ROG-10004646,79,20
OFF-BI-10000232,116,20
TEC-CO-10001177,100,20
FUR-CH-10003621,111,20
OFF-AP-10002134,79,20
TEC-MA-10003632,113,20
OFF-BI-10004651,54,20
OFF-FA-10000146,98,20
FUR-OFF-10001187,101,20
OFF-CUI-10002506,117,20
OFF-AR-10002706,37,20
TEC-AC-10003343,88,20
OFF-PA-10002516,112,20
TEC-CO-10001628,98,20
OFF-FA-10001213,74,20
TEC-NOK-10004541,93,20
TEC-MA-10001922,89,20
OFF-SU-10002962,16,20
OFF-AR-10000307,38,20
OFF-SU-10003357,94,20
TEC-AC-10002795,109,20
OFF-EN-10003455,12,20
OFF-BI-10003007,64,20
TEC-PH-10004901,36,20
OFF-SU-10004279,96,20
TEC-PH-10002586,83,20
OFF-AP-10001805,43,20
OFF-BI-10004078,65,20
OFF-EN-10004885,95,20
OFF-LA-10003551,113,20
TEC-PH-10001750,82,20
OFF-KIT-10000964,59,20
OFF-AME-10001009,70,20
OFF-KIT-10001791,42,20
FUR-CH-10000336,107,20
OFF-BI-10003373,92,20
OFF-AR-10001405,79,20
FUR-FU-10003012,16,20
FUR-FU-10002407,73,20
OFF-PA-10002231,92,20
OFF-ST-10001597,115,20
OFF-FA-10001051,117,20
OFF-EN-10003885,98,20
OFF-ST-10001824,78,20
TEC-AC-10003951,63,20
OFF-SU-10001686,93,20
FUR-FU-10003975,105,20
TEC-HEW-10001558,43,20
TEC-AC-10002629,40,20
OFF-ST-10004695,63,20
OFF-EN-10003049,92,20
FUR-FU-10001718,51,20
TEC-AC-10003610,50,20
FUR-FU-10001161,121,20
OFF-EN-10001854,37,20
OFF-AR-10000079,55,20
FUR-BO-10003905,18,20
OFF-BI-10003025,12,20
OFF-PA-10003465,70,20
TEC-AC-10002942,120,20
FUR-FU-10003773,96,20
TEC-SAN-10002954,76,20
OFF-PA-10003002,110,20
OFF-BI-10003068,76,20
OFF-EN-10003087,95,20
OFF-FA-10002759,47,20
TEC-AC-10003023,45,20
OFF-PA-10004294,88,20
OFF-SU-10001074,50,20
OFF-ST-10003641,42,20
FUR-FU-10001130,93,20
FUR-FU-10000514,91,20
OFF-ST-10002834,74,20
OFF-AR-10004009,93,20
OFF-ST-10002250,36,20
OFF-HAM-10003628,110,20
OFF-ROG-10001372,44,20
TEC-SAN-10000235,14,20
FUR-IKE-10003771,45,20
OFF-AP-10002165,113,20
OFF-ST-10003810,114,20
OFF-PA-10000758,115,20
OFF-ELI-10002160,124,20
OFF-SU-10003229,36,20
OFF-FA-10003505,84,20
FUR-FU-10002292,46,20
FUR-CH-10003061,124,20
FUR-FU-10002874,57,20
FUR-FU-10002784,52,20
OFF-AP-10001797,96,20
OFF-EN-10002926,96,20
OFF-SU-10003211,8,20
TEC-AC-10004811,101,20
TEC-MA-10004954,72,20
TEC-AC-10003889,101,20
OFF-SU-10001535,95,20
OFF-ST-10000649,35,20
OFF-ST-10003638,16,20
FUR-TEN-10000986,79,20
TEC-PH-10003636,62,20
OFF-AR-10002145,55,20
OFF-FA-10000429,47,20
FUR-FU-10003424,61,20
FUR-SAF-10004664,41,20
OFF-KRA-10000492,56,20
OFF-BI-10001987,108,20
TEC-AC-10000575,87,20
OFF-PA-10004160,113,20
OFF-SU-10003511,113,20
FUR-CH-10000391,38,20
FUR-CH-10002647,57,20
OFF-AP-10004785,104,20
FUR-HAR-10002546,122,20
TEC-ENE-10000817,118,20
OFF-AR-10004594,118,20
FUR-FU-10004460,110,20
FUR-BO-10004445,67,20
FUR-FU-10000548,14,20
FUR-TA-10001359,42,20
OFF-ST-10004293,35,20
TEC-AC-10004117,71,20
TEC-PH-10001664,97,20
TEC-AC-10000170,56,20
OFF-SU-10004462,104,20
FUR-CH-10003956,55,20
OFF-ST-10002554,69,20
OFF-SU-10002342,17,20
OFF-EN-10004667,39,20
TEC-PH-10003847,94,20
TEC-MA-10001711,80,20
TEC-AC-10000887,84,20
OFF-AR-10000989,82,20
TEC-PH-10001615,40,20
OFF-SU-10002357,123,20
OFF-PA-10001523,90,20
TEC-CO-10004689,93,20
OFF-PA-10000026,63,20
TEC-AC-10004708,9,20
TEC-PH-10000673,111,20
OFF-KIT-10000624,52,20
OFF-AR-10001053,36,20
OFF-SU-10000192,42,20
OFF-PA-10001656,109,20
OFF-AP-10003477,88,20
TEC-AC-10001055,72,20
OFF-BI-10001192,82,20
OFF-PA-10002319,61,20
FUR-CH-10004860,54,20
TEC-HEW-10004833,46,20
OFF-TEN-10003089,77,20
FUR-FU-10002521,95,20
OFF-FA-10001520,65,20
OFF-AR-10001602,95,20
OFF-FA-10002965,108,20
OFF-LA-10003119,101,20
TEC-CIS-10001938,69,20
TEC-STA-10003065,49,20
OFF-AR-10004492,18,20
OFF-FA-10004605,47,20
TEC-AC-10002017,69,20
OFF-PA-10002196,109,20
OFF-PA-10003303,13,20
FUR-CH-10000553,55,20
OFF-PA-10000919,88,20
TEC-AC-10001013,109,20
OFF-AR-10001495,64,20
FUR-FU-10003918,82,20
OFF-BI-10002682,69,20
OFF-BI-10003919,120,20
OFF-PA-10003699,72,20
TEC-SAM-10003520,65,20
OFF-PA-10002767,112,20
OFF-BI-10004924,58,20
TEC-AC-10000929,83,20
TEC-AC-10004353,66,20
FUR-HON-10001622,89,20
OFF-STI-10003148,113,20
OFF-EN-10001870,18,20
OFF-PA-10003981,92,20
OFF-ST-10001890,37,20
TEC-AC-10001539,114,20
OFF-AP-10003842,103,20
OFF-FA-10003991,119,20
TEC-PH-10003075,44,20
FUR-FU-10000308,117,20
OFF-PA-10001357,59,20
FUR-NOV-10002939,102,20
TEC-BEL-10001391,95,20
FUR-DEF-10000720,63,20
OFF-BI-10004220,53,20
OFF-SU-10000822,77,20
TEC-PH-10001014,100,20
OFF-AR-10003012,108,20
FUR-CH-10001270,95,20
TEC-NOK-10003560,77,20
OFF-CUI-10003670,59,20
OFF-PA-10002925,6,20
OFF-BI-10001183,18,20
OFF-SU-10000294,117,20
OFF-SU-10002152,121,20
OFF-SU-10002344,58,20
TEC-PH-10004093,45,20
FUR-FU-10002485,89,20
OFF-ST-10000028,62,20
OFF-EN-10002372,103,20
OFF-ST-10001050,97,20
FUR-FU-10004704,93,20
OFF-AP-10003217,39,20
OFF-EN-10003055,85,20
TEC-AC-10000244,55,20
OFF-ST-10004377,46,20
OFF-SU-10001992,84,20
FUR-FU-10001366,38,20
TEC-PH-10002564,76,20
OFF-ST-10001631,118,20
OFF-ST-10004496,72,20
OFF-PA-10004530,59,20
OFF-ST-10002574,16,20
FUR-BO-10003438,109,20
TEC-PH-10001329,66,20
TEC-AC-10003103,45,20
OFF-EN-10003858,95,20
OFF-PA-10004946,52,20
TEC-PH-10001819,61,20
OFF-PA-10002960,89,20
OFF-ACM-10003715,88,20
OFF-EN-10003728,116,20
OFF-ST-10002539,121,20
OFF-ST-10002759,109,20
FUR-FU-10001169,55,20
OFF-ST-10004464,78,20
OFF-SU-10002412,7,20
FUR-CH-10003180,121,20
OFF-PA-10002966,75,20
FUR-CH-10003706,93,20
OFF-FA-10004310,123,20
FUR-FU-10000907,88,20
OFF-SU-10000810,12,20
FUR-FU-10003325,56,20
OFF-SU-10002566,117,20
TEC-AC-10001705,99,20
OFF-AR-10001068,98,20
OFF-PA-10004930,105,20
FUR-FU-10001986,38,20
OFF-AR-10001953,99,20
OFF-EN-10003567,49,20
OFF-AR-10002605,110,20
FUR-CH-10004054,56,20
OFF-PA-10001086,120,20
OFF-BI-10002061,81,20
TEC-OKI-10000794,115,20
FUR-CH-10001914,80,20
TEC-AC-10001756,48,20
OFF-ST-10002172,84,20
TEC-PH-10001433,54,20
OFF-SAN-10004706,84,20
TEC-AC-10001735,67,20
OFF-EN-10002491,9,20
OFF-EN-10004518,93,20
FUR-FU-10003384,77,20
TEC-PH-10000494,113,20
OFF-EN-10004150,46,20
TEC-AC-10001402,74,20
OFF-PA-10001497,54,20
FUR-FU-10003651,72,20
OFF-FA-10001800,37,20
OFF-EN-10003463,14,20
OFF-AR-10003536,90,20
FUR-FU-10003039,124,20
OFF-XER-10004519,47,20
TEC-CO-10001450,111,20
OFF-PA-10003395,100,20
TEC-PH-10001304,71,20
OFF-BI-10002459,83,20
FUR-FU-10000972,100,20
TEC-CO-10003362,70,20
OFF-SU-10001343,88,20
OFF-BIC-10003841,12,20
OFF-ELD-10002297,109,20
FUR-FU-10001667,106,20
OFF-LA-10001915,74,20
OFF-ST-10001478,77,20
OFF-AR-10000283,56,20
OFF-LA-10003444,54,20
OFF-AP-10004487,42,20
OFF-PA-10000740,63,20
OFF-STI-10001957,74,20
OFF-AP-10002753,124,20
OFF-FA-10000790,64,20
OFF-EN-10000694,115,20
FUR-CH-10004506,118,20
TEC-AC-10002014,89,20
FUR-FU-10004712,50,20
TEC-PH-10002121,80,20
OFF-AR-10003021,96,20
OFF-FA-10001086,41,20
FUR-BO-10001580,114,20
OFF-PA-10003805,15,20
OFF-PA-10004243,93,20
OFF-ST-10003282,90,20
TEC-AC-10003047,82,20
OFF-BI-10003774,13,20
OFF-BI-10004666,87,20
OFF-PA-10002930,121,20
OFF-EN-10002986,122,20
TEC-MOT-10001342,107,20
FUR-TEN-10003552,69,20
FUR-ADV-10004159,85,20
TEC-BEL-10004386,118,20
TEC-CO-10002657,71,20
OFF-LA-10001471,115,20
FUR-BO-10001483,91,20
OFF-FA-10001783,42,20
OFF-SU-10003515,113,20
FUR-CH-10003512,54,20
OFF-PA-10000476,87,20
OFF-SU-10004784,46,20
OFF-PA-10001461,3,20
TEC-SHA-10002034,51,20
OFF-FA-10001030,98,20
OFF-LA-10004964,76,20
OFF-EN-10003103,63,20
OFF-PA-10004187,53,20
FUR-HAR-10000100,45,20
FUR-HAR-10002632,84,20
OFF-SU-10003879,105,20
OFF-SU-10003126,92,20
OFF-AR-10004348,68,20
OFF-ST-10003858,54,20
OFF-BI-10001138,84,20
OFF-ST-10003012,122,20
FUR-CH-10002965,44,20
FUR-ADV-10000571,66,20
OFF-BI-10001089,86,20
FUR-FU-10000072,49,20
OFF-ST-10001648,118,20
OFF-EN-10004462,5,20
FUR-CH-10003822,7,20
FUR-FU-10000647,74,20
OFF-ST-10004432,106,20
TEC-AC-10000023,74,20
TEC-PAN-10002583,90,20
TEC-AC-10003052,57,20
TEC-MA-10000327,45,20
OFF-EN-10001449,98,20
FUR-FU-10003052,42,20
TEC-AC-10002833,90,20
OFF-FA-10002617,94,20
FUR-HAR-10000441,44,20
OFF-HON-10000278,73,20
OFF-AR-10001192,62,20
TEC-MA-10002779,83,20
FUR-FU-10004960,70,20
OFF-EAT-10004979,47,20
FUR-ADV-10000183,70,20
OFF-PA-10004411,60,20
OFF-AP-10001682,120,20
TEC-AC-10000097,6,20
OFF-LA-10003851,116,20
OFF-SU-10003535,98,20
OFF-AR-10003774,72,20
TEC-AC-10003063,122,20
FUR-BO-10001337,121,20
OFF-PA-10003302,56,20
OFF-EN-10003673,36,20
TEC-AC-10001639,65,20
FUR-FU-10000657,45,20
OFF-SU-10000289,80,20
TEC-SAN-10004215,96,20
OFF-ELI-10004597,103,20
OFF-AR-10002882,98,20
FUR-CH-10004387,8,20
TEC-AC-10003920,44,20
OFF-EN-10000835,74,20
FUR-CH-10000852,58,20
TEC-MA-10003698,78,20
OFF-LA-10000590,94,20
OFF-AR-10001862,16,20
OFF-AR-10001773,121,20
TEC-AC-10004566,51,20
FUR-CH-10001191,99,20
FUR-RUB-10004420,91,20
OFF-AR-10001879,89,20
FUR-FU-10004509,87,20
OFF-PA-10002394,90,20
FUR-CH-10002880,43,20
OFF-PA-10001033,56,20
OFF-AP-10000240,47,20
OFF-PA-10000393,123,20
FUR-FU-10001640,82,20
TEC-PH-10004272,52,20
OFF-EN-10002936,110,20
TEC-AC-10004604,74,20
FUR-FU-10004617,51,20
FUR-CH-10003697,49,20
FUR-CH-10003982,49,20
OFF-SU-10002649,113,20
FUR-CH-10004049,17,20
FUR-FU-10003336,73,20
FUR-FU-10000758,47,20
OFF-FIS-10004915,115,20
TEC-AC-10003548,66,20
OFF-AR-10003766,43,20
FUR-CH-10000996,74,20
OFF-FA-10002453,54,20
OFF-SU-10003582,124,20
FUR-FU-10004236,13,20
TEC-AC-10004054,119,20
FUR-CH-10000422,116,20
OFF-PA-10001712,111,20
TEC-SAN-10004027,114,20
TEC-ENE-10002254,107,20
OFF-AR-10003005,97,20
TEC-MA-10004822,110,20
OFF-PA-10001790,78,20
OFF-EAT-10002068,72,20
OFF-EN-10003111,117,20
TEC-AC-10004801,14,20
FUR-CH-10003559,105,20
TEC-PH-10000070,82,20
TEC-PH-10001699,52,20
OFF-CUI-10002314,50,20
OFF-SME-10004926,89,20
OFF-SAN-10001114,73,20
FUR-CH-10002542,102,20
OFF-LA-10002805,93,20
OFF-AR-10001759,123,20
TEC-MA-10004059,96,20
OFF-AR-10000179,47,20
TEC-PH-10003092,115,20
FUR-TA-10001520,40,20
TEC-MEM-10000312,117,20
OFF-SU-10001578,111,20
OFF-BI-10000340,94,20
OFF-GRE-10002738,124,20
TEC-SAM-10001935,48,20
OFF-ST-10002685,88,20
OFF-EN-10003544,6,20
TEC-AC-10001728,73,20
OFF-FA-10001698,106,20
OFF-EN-10004503,59,20
OFF-EN-10002757,15,20
OFF-AR-10002256,66,20
OFF-PA-10002764,93,20
TEC-HP -10004012,97,20
FUR-FU-10004915,72,20
OFF-BI-10000029,87,20
FUR-FU-10000481,101,20
OFF-PA-10004761,62,20
TEC-AC-10000494,37,20
OFF-PA-10003350,114,20
OFF-EN-10001029,56,20
TEC-AC-10001542,72,20
TEC-AC-10004396,106,20
OFF-PA-10001001,106,20
FUR-ADV-10002632,96,20
OFF-HAM-10002455,91,20
TEC-NOK-10003034,8,20
OFF-ENE-10002104,112,20
OFF-BI-10003579,66,20
OFF-PA-10004849,44,20
OFF-SU-10003474,37,20
OFF-ST-10002659,93,20
TEC-MA-10002471,110,20
OFF-BI-10004179,83,20
TEC-MA-10002981,93,20
TEC-AC-10000158,65,20
FUR-FU-10000620,103,20
FUR-BO-10000684,96,20
OFF-BI-10002734,86,20
OFF-EN-10002002,123,20
FUR-CH-10000225,75,20
FUR-FU-10004091,65,20
FUR-IKE-10003262,119,20
TEC-STA-10001232,118,20
TEC-MA-10001302,56,20
FUR-FU-10001317,6,20
TEC-AC-10001076,15,20
TEC-CO-10002998,79,20
OFF-PA-10003994,76,20
OFF-AR-10000539,83,20
FUR-CH-10004089,54,20
OFF-AR-10004552,111,20
FUR-FU-10001979,115,20
OFF-BRE-10004310,88,20
FUR-TEN-10002448,70,20
OFF-KRA-10004192,35,20
FUR-FU-10003297,49,20
OFF-ST-10003750,111,20
OFF-AR-10003245,51,20
FUR-CH-10001043,58,20
OFF-PA-10003878,92,20
OFF-AR-10000054,106,20
TEC-AC-10003217,57,20
TEC-MA-10004975,80,20
OFF-PA-10000062,106,20
FUR-BO-10002471,42,20
OFF-LA-10002323,13,20
OFF-LA-10001188,124,20
OFF-FA-10003437,93,20
OFF-AR-10002747,47,20
FUR-FU-10002250,73,20
OFF-ELD-10002199,62,20
TEC-BRO-10002103,123,20
OFF-CAM-10004338,95,20
OFF-PA-10000756,50,20
OFF-SU-10002785,36,20
TEC-AC-10002130,116,20
OFF-FA-10003668,51,20
OFF-STO-10002803,64,20
OFF-KIT-10003938,47,20
TEC-CAN-10004166,18,20
OFF-EN-10002396,116,20
OFF-EN-10003731,47,20
OFF-SU-10001879,77,20
OFF-AR-10004739,119,20
FUR-FU-10000496,55,20
OFF-FA-10002597,18,20
TEC-PAN-10000878,89,20
OFF-KRA-10004876,115,20
OFF-PA-10001115,74,20
OFF-FA-10002353,117,20
OFF-BI-10001820,49,20
OFF-EN-10002119,107,20
OFF-EN-10002592,86,20
TEC-AC-10001772,108,20
OFF-CUI-10003923,87,20
FUR-NOV-10004563,121,20
FUR-CH-10002882,86,20
TEC-MA-10000946,64,20
OFF-PA-10001858,67,20
OFF-AP-10001882,91,20
OFF-PA-10002585,86,20
FUR-FU-10000448,43,20
FUR-HON-10002599,88,20
OFF-ST-10000711,35,20
FUR-CH-10001282,78,20
OFF-FA-10001348,5,20
FUR-FU-10003552,109,20
TEC-PH-10000439,114,20
OFF-AP-10000390,43,20
TEC-STA-10000546,66,20
OFF-FEL-10003785,49,20
FUR-SAU-10003188,46,20
TEC-APP-10002310,112,20
OFF-FA-10003930,91,20
OFF-PA-10000453,10,20
FUR-FU-10002305,106,20
OFF-SU-10001689,61,20
OFF-AR-10001645,96,20
TEC-AC-10001956,46,20
TEC-AC-10004429,99,20
TEC-AC-10000431,76,20
OFF-EN-10003936,96,20
OFF-PA-10002477,45,20
OFF-ST-10004583,77,20
OFF-AR-10002847,51,20
OFF-SU-10001406,3,20
TEC-SAN-10000260,66,20
OFF-ROG-10000566,119,20
FUR-CH-10004194,119,20
FUR-FU-10000516,74,20
TEC-AC-10001908,57,20
FUR-FU-10001588,90,20
TEC-AC-10002473,40,20
OFF-ACM-10004669,120,20
TEC-LOG-10003254,84,20
FUR-BO-10000148,71,20
OFF-LA-10001831,98,20
OFF-PA-10000301,88,20
OFF-PA-10003338,106,20
OFF-FA-10002011,83,20
OFF-PA-10004151,45,20
FUR-FU-10002508,122,20
TEC-MOT-10002372,83,20
OFF-EN-10001647,55,20
TEC-PH-10002623,100,20
OFF-LA-10000157,17,20
OFF-ST-10004280,117,20
OFF-AP-10004980,62,20
OFF-PA-10003591,51,20
OFF-AR-10003247,8,20
OFF-SU-10003509,53,20
FUR-CH-10000603,90,20
OFF-SU-10000618,62,20
TEC-AC-10004812,100,20
OFF-EN-10002465,72,20
FUR-CH-10003248,71,20
OFF-SU-10001308,102,20
OFF-SU-10000496,120,20
FUR-CH-10003580,124,20
OFF-AR-10004344,83,20
OFF-PA-10001125,77,20
FUR-TEN-10004388,70,20
FUR-RUB-10001310,92,20
OFF-FA-10001128,47,20
OFF-ST-10003997,86,20
FUR-CH-10000788,12,20
TEC-CO-10001968,66,20
OFF-EN-10004649,115,20
OFF-FA-10000191,94,20
OFF-AR-10000467,117,20
OFF-EN-10003933,92,20
FUR-CH-10002288,90,20
FUR-FU-10002813,62,20
OFF-BI-10003876,35,20
TEC-PH-10002890,76,20
TEC-HP -10002095,116,20
OFF-SME-10004370,82,20
OFF-AR-10003630,74,20
FUR-FU-10002459,97,20
OFF-ST-10000798,110,20
OFF-ST-10002205,106,20
OFF-ELI-10003732,122,20
FUR-FU-10001711,114,20
TEC-PH-10001651,38,20
TEC-MA-10002149,8,20
OFF-FA-10000349,14,20
OFF-SU-10001731,61,20
OFF-ST-10000736,43,20
OFF-PA-10001370,50,20
OFF-AR-10004486,90,20
OFF-ST-10002119,110,20
OFF-PA-10002606,65,20
FUR-SAF-10003540,122,20
FUR-NOV-10000283,48,20
TEC-KON-10001017,59,20
OFF-PA-10003039,68,20
OFF-EN-10004404,101,20
OFF-SU-10000695,58,20
OFF-PA-10003499,107,20
FUR-CH-10000258,60,20
OFF-PA-10004379,54,20
OFF-ST-10001186,98,20
OFF-EN-10002679,44,20
OFF-LA-10003674,117,20
OFF-FA-10002900,101,20
OFF-PA-10001952,10,20
OFF-ST-10003123,39,20
TEC-SHA-10002696,101,20
OFF-STI-10003234,92,20
OFF-SU-10003801,61,20
FUR-CH-10003362,114,20
OFF-PA-10001531,49,20
OFF-BI-10002627,69,20
OFF-AR-10004918,110,20
TEC-SAN-10002477,87,20
TEC-BRO-10003986,78,20
OFF-AP-10003079,60,20
FUR-FU-10001078,81,20
OFF-AR-10001132,68,20
FUR-CH-10004913,9,20
OFF-HAM-10001387,84,20
TEC-HEW-10000365,118,20
OFF-STA-10001968,46,20
OFF-AR-10003989,121,20
OFF-FA-10002071,38,20
OFF-LA-10000471,9,20
OFF-PA-10002581,82,20
FUR-FU-10003623,89,20
OFF-AP-10001205,35,20
OFF-BI-10002133,123,20
TEC-BEL-10002678,100,20
OFF-ENE-10003274,64,20
OFF-HAM-10001712,37,20
TEC-HEW-10004652,55,20
TEC-AC-10003964,123,20
TEC-MA-10003332,118,20
OFF-SU-10003556,83,20
OFF-BI-10004741,120,20
OFF-FA-10000059,119,20
TEC-AC-10002323,96,20
OFF-EN-10003628,72,20
OFF-AR-10003096,49,20
OFF-ST-10001743,86,20
OFF-PA-10000167,113,20
OFF-BI-10003091,80,20
OFF-GLO-10002315,11,20
OFF-FA-10004374,55,20
TEC-AC-10004620,122,20
OFF-AR-10004362,39,20
TEC-AC-10002581,104,20
OFF-PA-10001720,81,20
TEC-CO-10001726,121,20
OFF-PA-10003232,102,20
TEC-CO-10001222,52,20
FUR-CH-10002940,7,20
OFF-PA-10001450,120,20
TEC-SAM-10003493,57,20
OFF-ST-10000718,98,20
OFF-FA-10003531,101,20
TEC-AC-10002243,74,20
OFF-AP-10000304,44,20
TEC-ENE-10004520,123,20
FUR-ELD-10004515,86,20
FUR-CH-10004755,106,20
TEC-AC-10001172,109,20
OFF-EN-10001202,15,20
OFF-EN-10004977,98,20
FUR-FU-10004995,39,20
OFF-BI-10000359,87,20
TEC-AC-10003590,89,20
OFF-ST-10004946,71,20
TEC-OKI-10004735,90,20
OFF-AR-10002650,93,20
FUR-CH-10004547,103,20
FUR-FU-10000975,107,20
TEC-PH-10004578,93,20
OFF-EN-10000938,36,20
FUR-FU-10003276,99,20
OFF-AR-10004260,94,20
TEC-PH-10002867,85,20
TEC-PH-10001602,64,20
FUR-FU-10003447,45,20
OFF-BI-10001049,110,20
OFF-BI-10001575,73,20
TEC-EPS-10001473,124,20
OFF-BRE-10001343,15,20
TEC-AC-10003970,106,20
FUR-CH-10000667,97,20
OFF-AR-10000409,98,20
OFF-BI-10004376,15,20
OFF-AP-10002191,88,20
TEC-NOK-10001282,107,20
FUR-CH-10001819,92,20
OFF-SU-10002466,119,20
FUR-FU-10002104,90,20
FUR-FU-10001452,68,20
OFF-PA-10004337,65,20
TEC-PH-10001527,86,20
FUR-CH-10003298,123,20
OFF-EAT-10003702,110,20
TEC-LOG-10000546,35,20
OFF-SAN-10001542,89,20
OFF-BI-10004969,56,20
FUR-CH-10000745,74,20
OFF-BI-10004986,35,20
OFF-SU-10004077,3,20
FUR-BO-10001369,97,20
TEC-AC-10003690,88,20
OFF-AR-10000785,76,20
FUR-FU-10000735,55,20
OFF-PA-10002611,113,20
OFF-AP-10000692,115,20
FUR-IKE-10000619,56,20
TEC-ENE-10003090,72,20
OFF-BI-10002465,114,20
OFF-AR-10001598,42,20
OFF-PA-10000705,96,20
FUR-TA-10000304,81,20
OFF-FA-10002790,51,20
OFF-AR-10004748,51,20
TEC-PH-10004833,124,20
OFF-FA-10000067,47,20
TEC-PH-10004188,51,20
OFF-BI-10003372,72,20
OFF-EN-10004870,3,20
OFF-ST-10004060,18,20
OFF-EN-10003737,112,20
FUR-CH-10004306,79,20
OFF-EN-10004473,40,20
OFF-BI-10004181,69,20
TEC-MEM-10000178,48,20
OFF-FA-10000447,106,20
OFF-PA-10004835,95,20
OFF-AR-10003684,49,20
OFF-SU-10004514,88,20
OFF-PA-10002421,61,20
TEC-BEL-10000681,47,20
FUR-FU-10004596,65,20
OFF-ST-10003344,69,20
OFF-LA-10001549,94,20
OFF-FIS-10001591,40,20
OFF-EAT-10004036,103,20
TEC-BRO-10002579,120,20
OFF-FIS-10004155,92,20
OFF-KLE-10000050,83,20
TEC-KON-10003726,9,20
OFF-EN-10003675,123,20
OFF-FA-10000856,68,20
OFF-BI-10001744,60,20
FUR-CH-10002961,81,20
TEC-SAM-10003538,39,20
TEC-PAN-10002454,124,20
OFF-AR-10001777,54,20
OFF-ST-10001999,40,20
OFF-AR-10003228,104,20
OFF-PA-10000806,93,20
OFF-ST-10001627,98,20
FUR-ADV-10000108,52,20
OFF-ST-10000127,38,20
OFF-EN-10004744,3,20
OFF-AR-10001074,48,20
OFF-LA-10002770,112,20
TEC-PH-10001300,47,20
TEC-AC-10001284,41,20
TEC-OKI-10000592,78,20
OFF-SU-10002402,9,20
TEC-PH-10004237,49,20
TEC-CO-10003370,53,20
OFF-ST-10004368,97,20
OFF-ST-10004793,69,20
OFF-SU-10002653,115,20
FUR-FU-10004780,69,20
OFF-SU-10004008,53,20
OFF-PA-10000721,54,20
OFF-EN-10003920,69,20
OFF-BI-10002711,66,20
FUR-TEN-10000377,82,20
TEC-AC-10003927,78,20
OFF-EN-10002674,58,20
OFF-SU-10004818,95,20
OFF-FA-10002728,51,20
OFF-ST-10000892,105,20
FUR-FU-10004090,84,20
OFF-SU-10004884,99,20
FUR-FU-10003268,66,20
TEC-KON-10003116,6,20
TEC-AC-10002749,47,20
OFF-BI-10002727,104,20
FUR-CH-10003062,92,20
OFF-LA-10000341,48,20
OFF-EN-10000645,71,20
FUR-OFF-10002511,113,20
FUR-CH-10000136,102,20
OFF-BI-10002190,74,20
FUR-CH-10002938,13,20
OFF-SU-10003191,114,20
OFF-PA-10001289,50,20
TEC-BEL-10001971,96,20
TEC-LOG-10002218,38,20
OFF-ELI-10002935,79,20
TEC-AC-10001407,124,20
OFF-ST-10000423,62,20
FUR-CH-10003195,100,20
OFF-EN-10002816,65,20
FUR-CH-10000105,37,20
OFF-PA-10002842,8,20
OFF-SU-10000707,42,20
OFF-AR-10000465,58,20
OFF-BI-10001543,49,20
OFF-LA-10003498,77,20
FUR-FU-10000747,65,20
OFF-CAM-10004790,107,20
TEC-EPS-10004171,79,20
FUR-TEN-10002418,100,20
FUR-FU-10003112,42,20
TEC-PH-10001846,105,20
OFF-SU-10003758,91,20
OFF-PA-10003875,114,20
OFF-BI-10001058,64,20
OFF-ST-10003088,108,20
OFF-ST-10004897,52,20
TEC-EPS-10004328,103,20
TEC-AC-10000883,73,20
OFF-PA-10000644,94,20
OFF-AR-10003691,77,20
OFF-SU-10004480,16,20
OFF-PA-10002338,79,20
OFF-PA-10002918,57,20
OFF-SU-10000171,103,20
OFF-PA-10003784,16,20
OFF-ST-10000777,40,20
OFF-KLE-10002340,90,20
TEC-HEW-10001074,38,20
OFF-EN-10002015,57,20
OFF-PA-10000344,40,20
OFF-EN-10000056,66,20
TEC-AC-10004568,52,20
OFF-PA-10000108,49,20
OFF-SU-10001125,74,20
FUR-FU-10004096,107,20
OFF-EN-10001882,108,20
OFF-BI-10003963,118,20
OFF-STI-10001955,40,20
OFF-PA-10003911,97,20
OFF-ST-10002670,101,20
OFF-SU-10004899,12,20
TEC-AC-10000284,45,20
OFF-ST-10004804,77,20
FUR-CH-10002017,51,20
FUR-ELD-10000963,38,20
OFF-GRE-10002561,97,20
FUR-DEF-10000065,102,20
OFF-BI-10000813,115,20
OFF-PA-10003571,75,20
OFF-EAT-10000854,117,20
FUR-CH-10003448,39,20
TEC-AC-10002901,66,20
FUR-CH-10000727,120,20
OFF-AR-10002902,104,20
OFF-AR-10001479,69,20
OFF-BI-10004185,56,20
OFF-JIF-10000375,99,20
FUR-FU-10001436,118,20
OFF-EN-10000890,56,20
OFF-EN-10004597,18,20
OFF-PA-10001236,9,20
TEC-PH-10001845,45,20
TEC-PH-10002350,111,20
OFF-AME-10004651,37,20
OFF-SU-10003137,43,20
OFF-EN-10000025,94,20
OFF-AR-10003450,110,20
OFF-AR-10000399,121,20
TEC-CO-10000269,48,20
OFF-PA-10000383,52,20
OFF-AP-10000382,107,20
OFF-GLO-10003496,57,20
OFF-AME-10001179,108,20
OFF-BIN-10000170,117,20
OFF-JIF-10003677,81,20
FUR-FU-10004998,103,20
OFF-ELI-10004427,81,20
FUR-DEF-10004141,121,20
OFF-BI-10003952,64,20
OFF-AP-10000261,59,20
TEC-CO-10004147,14,20
OFF-SU-10003259,59,20
OFF-FA-10003378,108,20
OFF-EN-10003520,112,20
OFF-EN-10003425,92,20
FUR-CH-10001658,75,20
FUR-CH-10004783,59,20
OFF-AR-10003446,112,20
OFF-LA-10000220,82,20
TEC-AC-10003133,44,20
OFF-PA-10001457,109,20
FUR-CH-10002304,45,20
FUR-HAR-10001144,119,20
TEC-PH-10002755,55,20
OFF-ST-10004367,8,20
OFF-LA-10003610,79,20
TEC-AC-10000221,41,20
FUR-CH-10004754,115,20
OFF-AR-10001338,98,20
TEC-AC-10004849,98,20
OFF-SU-10001813,4,20
OFF-PA-10001421,110,20
TEC-AC-10001553,76,20
FUR-RUB-10004285,116,20
TEC-KON-10002482,88,20
OFF-AR-10004772,109,20
OFF-FA-10003415,50,20
OFF-BI-10003031,52,20
OFF-SU-10000954,93,20
OFF-FA-10003838,124,20
FUR-CH-10003396,50,20
FUR-DAN-10002846,40,20
FUR-TEN-10003879,91,20
OFF-ROG-10001399,81,20
OFF-CAM-10002625,82,20
TEC-STA-10003925,76,20
FUR-FU-10004464,110,20
OFF-SU-10001573,94,20
OFF-LA-10000483,111,20
TEC-PH-10000576,38,20
OFF-AR-10004691,9,20
TEC-SAN-10000740,36,20
OFF-FIS-10004882,124,20
OFF-BI-10001504,93,20
OFF-PA-10004998,61,20
OFF-EN-10004988,61,20
TEC-AC-10002530,113,20
OFF-AR-10002897,106,20
OFF-EN-10000328,41,20
FUR-CH-10001262,17,20
OFF-ST-10001335,80,20
OFF-AR-10000584,97,20
OFF-AR-10000319,46,20
OFF-BI-10001266,47,20
OFF-AR-10004648,77,20
OFF-PA-10000300,51,20
FUR-FU-10000159,97,20
TEC-AC-10003400,115,20
OFF-ST-10001172,70,20
FUR-CH-10000233,119,20
OFF-PA-10002522,10,20
TEC-CO-10001560,103,20
OFF-ST-10004326,124,20
OFF-FA-10000520,114,20
OFF-SU-10004872,70,20
FUR-FU-10004283,62,20
OFF-FA-10003685,81,20
OFF-BI-10001407,110,20
TEC-AC-10000892,64,20
OFF-EN-10001047,57,20
FUR-FU-10001480,50,20
OFF-BI-10002511,48,20
OFF-EN-10003392,108,20
OFF-PA-10003449,105,20
OFF-AR-10001117,86,20
OFF-ST-10000142,71,20
TEC-OKI-10001454,63,20
FUR-FU-10003419,101,20
OFF-AP-10001847,49,20
TEC-PH-10003875,81,20
OFF-AP-10003266,16,20
TEC-STA-10002650,86,20
OFF-SU-10001515,53,20
OFF-ST-10000836,111,20
OFF-SU-10003040,12,20
FUR-TA-10002482,55,20
OFF-LA-10004487,98,20
OFF-AR-10002513,71,20
OFF-FA-10000670,61,20
OFF-AR-10001518,89,20
TEC-AC-10000057,63,20
TEC-SAM-10000779,54,20
OFF-ELD-10000151,59,20
OFF-FIS-10001549,104,20
FUR-BUS-10003368,97,20
OFF-BI-10003162,70,20
TEC-AC-10004241,36,20
OFF-AR-10002111,56,20
OFF-ST-10003455,50,20
FUR-FU-10000755,52,20
TEC-AC-10003289,7,20
OFF-BI-10004446,88,20
OFF-PA-10001722,64,20
OFF-EN-10001162,79,20
OFF-AP-10003914,53,20
OFF-PA-10004039,121,20
TEC-LOG-10001629,68,20
FUR-SAF-10001870,47,20
FUR-CH-10001130,77,20
TEC-AC-10001564,96,20
OFF-SU-10003209,56,20
OFF-EN-10003431,86,20
OFF-ST-10001858,86,20
OFF-ST-10004857,70,20
OFF-PA-10002373,107,20
OFF-AR-10001615,53,20
OFF-GLO-10000014,72,20
OFF-KRA-10002828,104,20
TEC-AC-10004939,113,20
OFF-LA-10004972,11,20
OFF-FA-10001184,6,20
OFF-PA-10003455,43,20
OFF-PA-10000061,66,20
TEC-AC-10004859,38,20
TEC-PH-10004080,84,20
FUR-ELD-10000301,116,20
TEC-AC-10004975,39,20
OFF-SU-10004658,54,20
FUR-BO-10003199,121,20
OFF-AR-10002800,109,20
OFF-PA-10001944,71,20
OFF-AR-10001030,56,20
OFF-AR-10000706,92,20
TEC-HP -10003345,102,20
FUR-OFF-10001661,78,20
FUR-CH-10004572,68,20
OFF-PA-10004842,111,20
OFF-BI-10001643,76,20
FUR-FU-10004954,43,20
OFF-PA-10004741,41,20
FUR-FU-10004006,6,20
TEC-APP-10004912,53,20
OFF-EN-10003668,65,20
OFF-PA-10001170,69,20
OFF-SU-10003456,91,20
OFF-FA-10004754,119,20
OFF-ST-10001707,95,20
OFF-ST-10004608,65,20
TEC-AC-10001465,117,20
OFF-AP-10002709,87,20
TEC-PH-10000358,66,20
FUR-FU-10002030,100,20
FUR-HON-10001558,93,20
TEC-BEL-10003177,44,20
OFF-SME-10004553,4,20
TEC-AC-10000152,100,20
TEC-MA-10003471,94,20
OFF-PA-10000354,122,20
OFF-EN-10001755,51,20
FUR-FU-10003717,50,20
OFF-EN-10000274,18,20
OFF-ST-10003121,80,20
FUR-CH-10001797,73,20
OFF-SU-10002715,65,20
TEC-AC-10003895,122,20
OFF-EN-10002434,35,20
OFF-EN-10000096,45,20
OFF-BI-10002520,119,20
OFF-ST-10000642,38,20
TEC-AC-10002167,105,20
FUR-RUB-10001094,60,20
TEC-ENE-10003801,84,20
OFF-PA-10000081,46,20
OFF-AR-10001230,115,20
OFF-ST-10002622,109,20
OFF-FA-10004257,99,20
OFF-FA-10002539,81,20
OFF-AR-10002109,87,20
FUR-FU-10002553,105,20
OFF-AR-10001955,36,20
OFF-PA-10004353,12,20
OFF-ACC-10004910,58,20
TEC-SAN-10002871,38,20
TEC-LOG-10002018,53,20
OFF-SAN-10003393,60,20
OFF-FA-10003034,109,20
TEC-MA-10004584,74,20
OFF-SU-10001618,84,20
OFF-LA-10004738,77,20
OFF-EN-10004418,13,20
OFF-PA-10001302,101,20
OFF-EN-10001749,46,20
TEC-AC-10004761,101,20
FUR-SAU-10001776,61,20
OFF-SME-10003752,88,20
OFF-SU-10004361,100,20
OFF-ST-10002271,83,20
OFF-FA-10004243,50,20
TEC-PH-10002068,36,20
OFF-ST-10003760,94,20
OFF-BI-10002881,8,20
TEC-AC-10000682,64,20
FUR-ADV-10002601,118,20
TEC-SAN-10003336,72,20
TEC-KON-10003077,62,20
OFF-AR-10003369,59,20
OFF-EN-10004956,44,20
FUR-FU-10003910,94,20
OFF-BI-10000482,76,20
OFF-ST-10003147,74,20
TEC-MA-10003856,111,20
OFF-SU-10003473,76,20
OFF-ST-10003243,81,20
OFF-PA-10000127,71,20
FUR-FU-10000076,114,20
OFF-AME-10001489,56,20
FUR-ELD-10003179,91,20
FUR-DAN-10002631,118,20
TEC-LOG-10003995,61,20
OFF-PA-10002927,75,20
OFF-PA-10001686,18,20
OFF-LA-10001170,68,20
OFF-LA-10004007,66,20
FUR-FU-10004797,124,20
OFF-AR-10004077,11,20
OFF-PA-10001246,100,20
FUR-FU-10001215,46,20
FUR-HAR-10000870,74,20
FUR-CH-10004920,107,20
OFF-FA-10001832,110,20
OFF-EN-10002313,124,20
OFF-ST-10003319,107,20
TEC-AC-10000642,44,20
FUR-FU-10000669,82,20
OFF-EN-10004773,54,20
FUR-TA-10001676,73,20
OFF-SU-10002573,94,20
TEC-ENE-10004192,100,20
FUR-ELD-10004559,99,20
TEC-APP-10004296,85,20
OFF-EN-10000258,14,20
TEC-AC-10003403,70,20
TEC-AC-10001441,58,20
OFF-LA-10002037,61,20
OFF-SU-10004316,36,20
OFF-EN-10004571,65,20
OFF-AR-10000058,91,20
TEC-PH-10000149,112,20
OFF-BI-10004716,100,20
OFF-CUI-10001060,63,20
OFF-CUI-10002413,49,20
OFF-JIF-10004450,46,20
OFF-FA-10003399,62,20
OFF-PA-10001537,118,20
TEC-PH-10004614,58,20
TEC-AC-10000896,55,20
OFF-EN-10002427,44,20
OFF-ST-10001832,112,20
TEC-AC-10000927,52,20
OFF-PA-10001295,10,20
FUR-ADV-10002889,16,20
FUR-ELD-10004973,68,20
TEC-SAM-10002682,92,20
TEC-PH-10003945,110,20
FUR-FU-10004604,56,20
OFF-PA-10001620,104,20
FUR-FU-10000422,70,20
OFF-ST-10002583,79,20
FUR-BUS-10001876,70,20
TEC-PAN-10004360,56,20
OFF-ACC-10002343,112,20
TEC-PH-10003793,114,20
OFF-AR-10001271,95,20
TEC-PH-10004823,90,20
TEC-AC-10000510,123,20
OFF-PA-10004069,67,20
OFF-PA-10000522,79,20
FUR-CH-10004540,70,20
OFF-ACM-10002301,54,20
TEC-APP-10001851,52,20
OFF-GLO-10003429,8,20
OFF-KRA-10002441,101,20
OFF-EN-10002855,57,20
OFF-AP-10001885,50,20
OFF-FA-10003605,93,20
OFF-EN-10004547,103,20
OFF-AR-10004656,102,20
TEC-AC-10002324,55,20
OFF-SU-10002543,112,20
OFF-AR-10002727,112,20
OFF-AR-10004602,104,20
FUR-SAF-10002529,46,20
OFF-KIT-10001899,50,20
OFF-PA-10003936,115,20
OFF-FA-10000131,15,20
TEC-AC-10002607,121,20
OFF-ST-10001051,48,20
OFF-PA-10000420,95,20
OFF-LA-10004648,105,20
OFF-AR-10002640,80,20
OFF-SU-10000087,18,20
OFF-AP-10004749,49,20
OFF-EN-10000673,78,20
FUR-FU-10000918,51,20
FUR-FU-10004907,75,20
OFF-SU-10004373,88,20
TEC-PH-10000004,78,20
OFF-STI-10001136,39,20
OFF-GRE-10004796,61,20
OFF-BOS-10003699,121,20
OFF-ST-10000886,112,20
OFF-SU-10000378,113,20
OFF-FA-10000256,77,20
OFF-LA-10003795,65,20
OFF-AP-10001587,51,20
OFF-EN-10000352,117,20
OFF-BI-10004448,88,20
OFF-ST-10004046,96,20
OFF-PA-10003252,121,20
TEC-AC-10001987,66,20
OFF-AR-10003957,10,20
OFF-EN-10002090,47,20
OFF-BI-10002281,118,20
OFF-TEN-10004210,69,20
OFF-ACC-10003713,39,20
OFF-PA-10003224,107,20
TEC-MA-10003326,63,20
OFF-AR-10000184,104,20
OFF-SU-10003834,59,20
OFF-LA-10004166,17,20
OFF-STO-10003395,56,20
TEC-NOK-10002716,100,20
FUR-SAF-10001322,79,20
OFF-AR-10001696,103,20
OFF-LA-10001067,123,20
OFF-EN-10002046,106,20
OFF-LA-10001026,35,20
OFF-EN-10003669,118,20
OFF-EN-10002634,78,20
OFF-PA-10000098,121,20
OFF-EN-10003853,18,20
TEC-SAN-10000142,109,20
TEC-AC-10002170,73,20
TEC-AC-10001950,88,20
OFF-EN-10000215,122,20
FUR-CH-10001616,109,20
OFF-AR-10001418,63,20
OFF-ST-10004550,88,20
OFF-PA-10004468,124,20
OFF-AR-10003633,50,20
OFF-PA-10004267,54,20
TEC-PH-10002154,80,20
FUR-FU-10000762,101,20
OFF-EN-10001789,99,20
OFF-LA-10000927,92,20
OFF-SU-10004663,87,20
TEC-AC-10002712,35,20
OFF-LA-10004094,115,20
FUR-FU-10000776,100,20
OFF-FA-10000411,63,20
FUR-FU-10001770,6,20
FUR-FU-10001602,104,20
OFF-SU-10004231,42,20
TEC-APP-10004469,63,20
FUR-DEF-10000810,18,20
FUR-TEN-10001809,85,20
TEC-AC-10002219,67,20
FUR-CH-10002088,37,20
FUR-CH-10001675,94,20
TEC-SAM-10002496,69,20
TEC-MEM-10002524,103,20
OFF-FEL-10004665,110,20
OFF-SU-10002498,118,20
OFF-AR-10001029,54,20
OFF-AP-10002223,107,20
FUR-FU-10001890,73,20
OFF-LA-10001839,38,20
OFF-FA-10002241,53,20
OFF-LA-10002575,79,20
OFF-EN-10004892,77,20
OFF-BI-10003342,15,20
TEC-PH-10000912,47,20
FUR-CH-10003774,94,20
OFF-GRE-10001084,91,20
OFF-SAN-10001237,120,20
OFF-JIF-10004747,86,20
TEC-STA-10000008,87,20
TEC-PAN-10000391,120,20
OFF-AR-10002486,77,20
OFF-ST-10002399,117,20
OFF-FA-10002459,106,20
OFF-AR-10000120,106,20
OFF-SU-10000866,76,20
OFF-AR-10003752,124,20
OFF-ROG-10003993,60,20
OFF-NOV-10002610,57,20
OFF-AME-10004759,77,20
OFF-PA-10000277,111,20
OFF-AR-10000380,62,20
FUR-TEN-10000296,11,20
TEC-APP-10001586,6,20
OFF-SAN-10004426,90,20
TEC-AC-10000336,117,20
OFF-EN-10002725,73,20
FUR-CH-10001114,85,20
OFF-FA-10002636,46,20
TEC-PH-10002538,113,20
TEC-ENE-10003125,89,20
OFF-GRE-10004054,112,20
TEC-AC-10003571,45,20
OFF-SU-10003907,60,20
OFF-LA-10001793,76,20
FUR-CH-10001382,61,20
OFF-EN-10001621,45,20
FUR-FU-10001617,72,20
OFF-AP-10004532,77,20
FUR-NOV-10004962,53,20
OFF-SME-10000520,98,20
OFF-FA-10000196,40,20
OFF-EN-10002406,80,20
OFF-EN-10002013,6,20
OFF-EN-10004981,76,20
OFF-PA-10004124,99,20
FUR-CH-10002412,106,20
OFF-LA-10002674,93,20
OFF-SU-10001442,86,20
OFF-BI-10002082,81,20
OFF-AR-10003696,41,20
FUR-FU-10004587,45,20
OFF-PA-10003573,95,20
OFF-BI-10004624,102,20
OFF-FA-10002264,59,20
FUR-FU-10001063,46,20
FUR-CH-10004685,60,20
OFF-SU-10004727,8,20
OFF-ST-10000661,46,20
OFF-AR-10002956,77,20
OFF-ST-10004412,85,20
TEC-AC-10003734,71,20
OFF-FA-10000720,80,20
OFF-FA-10001375,7,20
OFF-SU-10000723,122,20
OFF-AR-10000729,114,20
FUR-FU-10000193,47,20
TEC-AC-10002006,123,20
OFF-HAM-10003992,88,20
OFF-FIS-10002924,91,20
OFF-FA-10003004,38,20
OFF-EN-10004995,109,20
TEC-PH-10001587,83,20
OFF-PA-10002539,41,20
OFF-AR-10003674,45,20
OFF-ST-10002423,88,20
TEC-CO-10001157,121,20
OFF-PA-10000694,79,20
OFF-PA-10003407,57,20
FUR-FU-10002648,62,20
FUR-CH-10004312,91,20
OFF-ST-10004141,60,20
TEC-MA-10002930,59,20
OFF-CUI-10000203,8,20
FUR-FU-10003886,63,20
OFF-EN-10003607,117,20
OFF-PA-10003982,70,20
OFF-AR-10001678,48,20
OFF-FA-10001052,112,20
OFF-PA-10003511,69,20
OFF-AR-10000851,64,20
OFF-SU-10002027,51,20
FUR-CH-10003336,5,20
OFF-SU-10004304,114,20
OFF-AR-10003532,64,20
TEC-AC-10001383,79,20
FUR-FU-10001934,113,20
OFF-CAM-10003605,123,20
OFF-FIS-10000628,85,20
OFF-ELI-10001705,81,20
OFF-SU-10003973,87,20
OFF-FA-10000631,98,20
OFF-FA-10004108,72,20
OFF-SU-10003173,18,20
OFF-AR-10000578,121,20
OFF-SU-10002388,123,20
OFF-BI-10003240,41,20
OFF-EN-10000781,56,20
OFF-FA-10004449,115,20
OFF-AR-10001190,116,20
OFF-AR-10001002,75,20
OFF-BI-10000928,108,20
OFF-ST-10004180,44,20
TEC-AC-10003447,91,20
FUR-BO-10002268,41,20
TEC-SAN-10000250,84,20
OFF-BI-10003009,86,20
OFF-BI-10001254,67,20
OFF-EN-10000271,35,20
TEC-MA-10003461,87,20
OFF-FA-10004799,94,20
OFF-AR-10000251,68,20
FUR-TA-10000222,38,20
OFF-SU-10002909,3,20
OFF-FA-10004687,38,20
OFF-LA-10000114,77,20
FUR-FU-10000073,124,20
FUR-NOV-10003053,6,20
TEC-LOG-10003539,35,20
OFF-STO-10000041,105,20
TEC-LOG-10004419,84,20
TEC-PH-10004184,107,20
OFF-BI-10002894,95,20
FUR-FU-10000039,69,20
FUR-FU-10004579,42,20
OFF-FA-10002890,58,20
OFF-PA-10003654,117,20
OFF-FA-10000697,70,20
OFF-EN-10004840,84,20
OFF-FA-10004563,77,20
FUR-FU-10000955,61,20
FUR-FU-10002546,66,20
OFF-AR-10001897,112,20
FUR-CH-10002774,11,20
FUR-ELD-10004994,52,20
TEC-CAN-10001378,62,20
OFF-AR-10004012,63,20
OFF-AR-10001991,50,20
OFF-SU-10001894,81,20
OFF-AR-10000833,93,20
OFF-SU-10003343,65,20
OFF-PA-10003731,38,20
OFF-FA-10000074,71,20
OFF-AR-10004587,51,20
OFF-ST-10003324,73,20
TEC-BEL-10002153,82,20
OFF-SU-10002521,80,20
OFF-PA-10002372,124,20
OFF-ST-10002598,82,20
TEC-AC-10004434,73,20
OFF-ST-10000988,38,20
OFF-EN-10003069,64,20
OFF-BI-10001400,16,20
OFF-BI-10000006,8,20
OFF-AR-10004990,109,20
TEC-AC-10001592,100,20
OFF-BI-10001294,46,20
TEC-PH-10001870,70,20
OFF-LA-10000121,52,20
FUR-FU-10002759,124,20
TEC-EPS-10002212,87,20
FUR-CH-10002727,105,20
OFF-SU-10001506,35,20
OFF-AR-10004825,92,20
OFF-ST-10003111,124,20
OFF-ST-10001255,121,20
OFF-LA-10002020,124,20
OFF-AP-10002186,40,20
TEC-AC-10004016,104,20
TEC-AC-10002857,78,20
TEC-PH-10002923,106,20
OFF-LA-10003537,58,20
TEC-AC-10002076,120,20
FUR-FU-10000110,5,20
OFF-BI-10000423,52,20
TEC-CO-10001756,64,20
OFF-AP-10003774,76,20
FUR-CH-10002846,67,20
TEC-AC-10002799,108,20
FUR-BO-10003688,46,20
OFF-LA-10004594,61,20
OFF-SU-10002214,73,20
FUR-CH-10002944,43,20
OFF-AR-10002067,55,20
OFF-AR-10002704,110,20
FUR-FU-10000723,63,20
OFF-EN-10004386,67,20
OFF-AVE-10003549,13,20
FUR-HON-10000191,96,20
OFF-BIC-10000718,49,20
TEC-APP-10004584,36,20
FUR-ELD-10003802,86,20
FUR-FU-10001126,78,20
OFF-PA-10000362,8,20
OFF-SU-10001554,52,20
OFF-FA-10004878,37,20
OFF-LA-10004832,41,20
TEC-AC-10001608,77,20
FUR-CH-10003419,116,20
TEC-AC-10003873,72,20
OFF-AR-10003557,71,20
FUR-FU-10000672,92,20
OFF-SU-10002423,67,20
OFF-BI-10003417,93,20
OFF-FA-10002163,45,20
OFF-EN-10000532,102,20
TEC-AC-10004203,116,20
TEC-CO-10000778,102,20
FUR-CH-10000110,122,20
OFF-SU-10004497,56,20
FUR-FU-10000719,100,20
TEC-SAM-10000765,78,20
FUR-DEF-10001763,40,20
OFF-GLO-10004610,12,20
FUR-FU-10004640,59,20
FUR-FU-10000605,91,20
OFF-FA-10004239,119,20
FUR-FU-10001717,89,20
TEC-MA-10002267,50,20
OFF-BI-10002172,48,20
OFF-GRE-10002510,73,20
FUR-RUB-10004633,62,20
OFF-FEL-10002897,18,20
OFF-SU-10002670,85,20
OFF-EN-10003939,83,20
TEC-PH-10001095,43,20
FUR-FU-10004097,92,20
OFF-EN-10002556,79,20
OFF-AP-10002765,56,20
OFF-ST-10000419,66,20
OFF-ACM-10003978,103,20
OFF-PA-10002219,121,20
FUR-TA-10004504,103,20
OFF-EN-10002122,12,20
OFF-ST-10003334,87,20
OFF-LA-10004795,93,20
OFF-BI-10001815,108,20
TEC-AC-10003441,73,20
OFF-AP-10004036,49,20
OFF-LA-10000414,105,20
TEC-APP-10001340,63,20
OFF-STI-10001651,37,20
OFF-SU-10000150,117,20
OFF-AR-10004424,44,20
OFF-EN-10004173,63,20
OFF-EN-10001157,113,20
OFF-SAN-10000722,69,20
OFF-ELI-10000541,40,20
OFF-CAM-10004269,46,20
TEC-MA-10002729,72,20
FUR-CH-10004827,111,20
OFF-FA-10004899,53,20
OFF-LA-10001075,101,20
TEC-AC-10000140,10,20
OFF-AR-10000762,42,20
FUR-FU-10002223,118,20
OFF-PA-10000776,81,20
OFF-EN-10002985,6,20
OFF-SU-10000484,85,20
OFF-FA-10004839,119,20
OFF-BI-10004685,101,20
TEC-PH-10000011,79,20
TEC-PH-10003357,42,20
FUR-FU-10000965,121,20
OFF-AR-10002445,50,20
OFF-CAM-10002611,111,20
TEC-ENE-10005000,101,20
OFF-ENE-10003549,43,20
TEC-BEL-10003896,94,20
TEC-LOG-10002262,112,20
OFF-SU-10003371,111,20
OFF-SU-10003991,105,20
OFF-FA-10004474,49,20
OFF-LA-10000604,9,20
OFF-SU-10000738,75,20
OFF-BI-10004330,56,20
OFF-STI-10002716,58,20
OFF-ST-10004330,78,20
OFF-LA-10001924,35,20
OFF-AR-10004303,44,20
OFF-SU-10001351,114,20
OFF-AP-10000904,106,20
OFF-AR-10004485,90,20
OFF-AR-10004219,123,20
OFF-LA-10001719,84,20
OFF-ST-10002074,46,20
OFF-BI-10003181,123,20
OFF-PA-10001736,115,20
TEC-PH-10003215,94,20
FUR-BO-10003450,60,20
OFF-PA-10001363,112,20
OFF-TEN-10004194,75,20
OFF-BIC-10001823,6,20
OFF-SU-10000320,11,20
OFF-PA-10004313,57,20
OFF-FA-10001175,77,20
OFF-LA-10000536,40,20
OFF-SU-10003951,103,20
TEC-PH-10004583,77,20
FUR-TA-10001744,59,20
FUR-FU-10001692,52,20
OFF-BI-10003277,96,20
OFF-EN-10001976,47,20
OFF-EN-10002784,77,20
OFF-PA-10000302,112,20
FUR-TA-10000198,62,20
OFF-BIN-10000308,52,20
TEC-MOT-10001535,93,20
FUR-FU-10003694,94,20
FUR-CH-10004736,97,20
OFF-EN-10001997,91,20
OFF-BI-10000880,85,20
OFF-EN-10002849,90,20
OFF-PA-10003884,13,20
OFF-PA-10002248,66,20
OFF-AR-10002417,43,20
OFF-BI-10002907,118,20
TEC-AC-10004904,102,20
OFF-PA-10000241,80,20
FUR-FU-10004597,101,20
TEC-SAN-10000060,60,20
OFF-STO-10004363,42,20
OFF-KRA-10000695,40,20
OFF-SAN-10002839,114,20
OFF-PA-10002363,58,20
OFF-LA-10000779,82,20
OFF-LA-10001833,79,20
OFF-FA-10000122,15,20
OFF-ST-10000022,103,20
OFF-BI-10001765,59,20
TEC-AC-10000303,54,20
OFF-SU-10004446,116,20
OFF-SU-10001923,116,20
OFF-LA-10002559,4,20
OFF-AR-10001110,108,20
OFF-AR-10003028,79,20
FUR-FU-10004421,81,20
OFF-PA-10000673,97,20
OFF-ST-10001328,110,20
OFF-WIL-10000146,111,20
OFF-GRE-10000216,89,20
FUR-FU-10001371,109,20
OFF-PA-10000318,53,20
OFF-AR-10004010,69,20
FUR-FU-10000640,87,20
OFF-EN-10003817,60,20
OFF-LA-10004859,48,20
OFF-PA-10000450,79,20
OFF-AR-10004780,78,20
OFF-FA-10003716,122,20
OFF-AR-10003978,99,20
FUR-FU-10001129,85,20
OFF-BI-10002524,77,20
OFF-EN-10003018,9,20
OFF-SU-10002537,120,20
FUR-SAF-10002616,57,20
FUR-FU-10002387,90,20
OFF-EN-10004211,53,20
OFF-FA-10000474,116,20
OFF-AR-10001266,110,20
FUR-CH-10001895,89,20
OFF-PA-10004918,94,20
OFF-BI-10001510,13,20
TEC-OKI-10001433,67,20
OFF-ACM-10000277,53,20
OFF-EN-10003094,62,20
OFF-FA-10001199,86,20
FUR-FU-10003237,83,20
OFF-EN-10002710,71,20
FUR-FU-10000813,60,20
OFF-AR-10001176,74,20
OFF-FA-10004503,114,20
OFF-EN-10003854,72,20
OFF-LA-10003278,15,20
TEC-PH-10003239,121,20
OFF-FA-10003218,88,20
OFF-EN-10004181,56,20
OFF-AP-10002350,50,20
OFF-SAN-10003687,62,20
OFF-EN-10001538,69,20
OFF-PA-10001835,94,20
OFF-EN-10004958,79,20
OFF-EN-10000657,80,20
OFF-FA-10002061,106,20
OFF-SU-10002414,89,20
OFF-LA-10003121,120,20
OFF-EN-10002504,119,20
TEC-PH-10002033,60,20
OFF-KLE-10004112,119,20
OFF-GLO-10000485,59,20
OFF-ST-10000496,99,20
OFF-AR-10000974,40,20
OFF-SU-10002131,57,20
OFF-PA-10002534,5,20
OFF-AR-10001529,98,20
OFF-ST-10001057,121,20
OFF-BI-10003768,77,20
OFF-EN-10001335,13,20
OFF-SU-10004261,57,20
OFF-BIN-10000712,64,20
OFF-GLO-10001233,111,20
OFF-KRA-10004624,52,20
OFF-BIN-10004729,121,20
OFF-FA-10003144,113,20
OFF-BI-10000179,55,20
OFF-ST-10002437,91,20
OFF-AR-10002156,57,20
OFF-FA-10001526,79,20
OFF-AR-10000097,78,20
OFF-AR-10004456,116,20
OFF-AR-10004974,122,20
TEC-AC-10000171,81,20
OFF-BI-10002854,74,20
OFF-HAM-10003368,5,20
OFF-ELD-10003038,76,20
OFF-HAR-10004896,41,20
OFF-PA-10004027,84,20
FUR-BO-10003291,82,20
TEC-AC-10002760,118,20
FUR-FU-10001760,40,20
OFF-LA-10003210,43,20
OFF-EN-10003373,91,20
FUR-FU-10002803,65,20
FUR-HON-10000339,55,20
OFF-ACC-10001281,124,20
OFF-ELI-10000711,74,20
TEC-STA-10000699,79,20
OFF-FA-10003977,111,20
FUR-CH-10002297,83,20
OFF-LA-10003295,121,20
OFF-EN-10001728,54,20
OFF-ST-10000016,51,20
OFF-AR-10003110,14,20
OFF-FA-10001710,11,20
TEC-PH-10004896,100,20
OFF-PA-10001745,59,20
OFF-IBI-10000684,92,20
TEC-SHA-10004658,75,20
OFF-GRE-10003213,40,20
OFF-PA-10000935,109,20
OFF-BI-10004177,72,20
TEC-AC-10004715,40,20
FUR-FU-10002834,79,20
OFF-ST-10004800,109,20
OFF-SU-10001133,48,20
OFF-PA-10002360,100,20
TEC-AC-10000111,74,20
FUR-FU-10002933,37,20
OFF-SU-10000175,58,20
FUR-FU-10001135,53,20
OFF-EN-10003529,52,20
OFF-BI-10003883,98,20
OFF-EN-10000648,122,20
OFF-SU-10000514,15,20
OFF-BI-10000323,69,20
OFF-LA-10004020,96,20
OFF-LA-10000108,35,20
OFF-SU-10004762,59,20
OFF-PA-10001763,79,20
OFF-FA-10001883,83,20
OFF-AP-10004859,123,20
FUR-DEF-10000384,50,20
TEC-MEM-10002883,53,20
TEC-LOG-10003079,57,20
OFF-PA-10003133,117,20
OFF-SU-10000979,59,20
FUR-CH-10003077,50,20
OFF-AR-10001659,8,20
OFF-EN-10000122,107,20
OFF-ST-10001719,35,20
OFF-WIL-10000164,76,20
OFF-PA-10003664,53,20
OFF-BI-10001895,68,20
OFF-BI-10004541,18,20
OFF-EN-10001147,89,20
OFF-BI-10004120,52,20
OFF-PA-10003835,68,20
TEC-CIS-10002814,123,20
OFF-BOS-10001772,79,20
OFF-SU-10000164,40,20
OFF-SU-10003162,55,20
OFF-SU-10001500,104,20
TEC-AC-10000766,82,20
OFF-BI-10003281,73,20
OFF-SU-10003866,65,20
OFF-SU-10003697,44,20
OFF-AR-10004151,64,20
FUR-FU-10001045,52,20
OFF-ST-10000107,94,20
OFF-BI-10002437,122,20
OFF-PA-10001243,107,20
OFF-CAM-10004002,49,20
OFF-OIC-10002161,38,20
OFF-KLE-10001644,17,20
OFF-PA-10000781,74,20
OFF-SU-10001750,43,20
OFF-EN-10001751,43,20
FUR-CH-10001701,60,20
OFF-FA-10000046,38,20
OFF-PA-10000961,115,20
OFF-SU-10004461,50,20
OFF-PA-10001275,49,20
OFF-SU-10004766,5,20
OFF-FA-10001838,86,20
OFF-EN-10002034,103,20
OFF-FA-10002025,39,20
OFF-BI-10004486,54,20
TEC-SAM-10004851,113,20
TEC-MEM-10002919,52,20
OFF-PA-10001844,36,20
OFF-FA-10000999,47,20
OFF-PA-10001968,38,20
OFF-SU-10002448,76,20
OFF-ST-10004015,15,20
OFF-PA-10002921,108,20
OFF-AR-10004042,95,20
OFF-PA-10001826,42,20
TEC-PH-10004774,101,20
OFF-SU-10004737,97,20
OFF-JIF-10000890,43,20
OFF-XER-10002982,45,20
OFF-CAM-10001191,76,20
OFF-HOO-10003820,47,20
TEC-AC-10002110,70,20
OFF-EN-10000084,47,20
OFF-AR-10002400,46,20
OFF-EN-10003632,71,20
OFF-PA-10002370,108,20
OFF-BI-10000707,107,20
OFF-ST-10002485,86,20
FUR-CH-10004477,105,20
OFF-BOS-10002472,36,20
OFF-AVE-10001367,90,20
OFF-EN-10000857,14,20
OFF-FA-10001435,57,20
TEC-AC-10001364,74,20
OFF-SU-10001185,98,20
TEC-AC-10004102,9,20
FUR-FU-10004483,119,20
OFF-AR-10000176,57,20
OFF-PA-10004910,63,20
OFF-EN-10003979,112,20
OFF-EN-10002524,124,20
OFF-SME-10001652,85,20
OFF-ACM-10002713,103,20
FUR-OFF-10003104,123,20
OFF-HAM-10004917,65,20
OFF-ACC-10002220,84,20
OFF-SU-10000926,54,20
OFF-PA-10001495,89,20
OFF-ST-10000154,115,20
OFF-FA-10004657,36,20
OFF-AR-10000242,59,20
TEC-CO-10000129,15,20
OFF-SU-10003723,104,20
OFF-LA-10000473,101,20
OFF-FA-10003816,92,20
OFF-ST-10000060,116,20
OFF-OIC-10000189,109,20
OFF-GLO-10004123,118,20
OFF-KRA-10000916,98,20
OFF-BOS-10002041,103,20
TEC-PAN-10004651,117,20
OFF-SAN-10003660,120,20
OFF-PA-10003389,93,20
OFF-FA-10002085,94,20
FUR-CH-10004652,117,20
OFF-PA-10000850,96,20
TEC-AC-10003763,50,20
OFF-BI-10004007,122,20
OFF-FA-10003050,102,20
OFF-LA-10000658,49,20
OFF-SU-10000697,11,20
OFF-BI-10001885,14,20
FUR-FU-10000507,89,20
OFF-FA-10001631,69,20
OFF-AR-10003478,89,20
TEC-PH-10003555,48,20
OFF-HAR-10003043,83,20
OFF-BRE-10000493,117,20
OFF-EN-10004899,41,20
OFF-SU-10001132,64,20
TEC-AC-10003294,117,20
OFF-AR-10001578,83,20
OFF-SU-10004691,123,20
OFF-LA-10002225,50,20
OFF-EN-10000476,85,20
OFF-FA-10001963,106,20
FUR-FU-10000069,116,20
OFF-EN-10002806,114,20
OFF-BI-10000287,117,20
OFF-AR-10002517,76,20
OFF-PA-10003808,51,20
OFF-BI-10004562,17,20
TEC-MEM-10000582,79,20
TEC-NOK-10004183,111,20
OFF-SAN-10003318,41,20
TEC-AC-10003681,61,20
OFF-PA-10003513,44,20
FUR-FU-10003362,68,20
FUR-FU-10004139,70,20
TEC-AC-10003824,59,20
FUR-FU-10004049,40,20
OFF-PA-10001662,58,20
OFF-PA-10003797,52,20
OFF-XER-10003901,121,20
OFF-STI-10000856,40,20
FUR-SAF-10003402,15,20
OFF-EN-10004186,59,20
OFF-ST-10001393,89,20
FUR-CH-10004219,115,20
OFF-AR-10003281,80,20
TEC-AC-10003463,58,20
OFF-AR-10000505,13,20
OFF-LA-10001803,60,20
OFF-EN-10004938,62,20
OFF-PA-10000924,37,20
FUR-FU-10001393,109,20
OFF-EN-10003733,72,20
OFF-LA-10004345,95,20
OFF-AR-10000588,112,20
OFF-PA-10004327,85,20
OFF-AP-10002892,124,20
OFF-PA-10003832,82,20
OFF-AR-10002499,55,20
OFF-SU-10004481,88,20
OFF-FA-10004942,90,20
OFF-AP-10004113,93,20
FUR-FU-10004224,106,20
FUR-FU-10002502,85,20
FUR-FU-10004313,54,20
OFF-BI-10001904,120,20
OFF-LA-10003971,93,20
TEC-AC-10001278,9,20
FUR-FU-10000394,43,20
OFF-AR-10003157,35,20
FUR-FU-10003976,63,20
OFF-PA-10004040,97,20
TEC-PH-10000038,106,20
OFF-ST-10004258,90,20
FUR-FU-10001591,102,20
TEC-MA-10004086,69,20
OFF-GLO-10000016,13,20
TEC-CIS-10004967,37,20
OFF-PA-10003838,41,20
OFF-SU-10003019,61,20
OFF-PA-10000994,35,20
OFF-SU-10002993,114,20
OFF-SU-10004902,105,20
OFF-PA-10003744,78,20
OFF-BI-10004553,121,20
OFF-FA-10000459,75,20
TEC-PH-10004531,109,20
OFF-PA-10002333,12,20
OFF-EN-10004955,67,20
TEC-AC-10001998,84,20
OFF-AP-10001563,97,20
TEC-LOG-10003634,71,20
TEC-MOT-10004682,93,20
OFF-BRE-10004872,115,20
FUR-RUB-10002945,82,20
FUR-SAU-10002540,39,20
OFF-FA-10002358,82,20
OFF-AR-10003685,37,20
FUR-FU-10000936,81,20
TEC-AC-10001951,96,20
OFF-PA-10001456,48,20
OFF-SU-10004711,97,20
OFF-LA-10002996,95,20
OFF-LA-10004050,65,20
FUR-BO-10002182,51,20
OFF-AR-10000110,58,20
OFF-AVE-10004251,57,20
FUR-CH-10004478,4,20
OFF-AR-10000150,84,20
OFF-SU-10003719,112,20
OFF-SU-10000573,113,20
OFF-PA-10001650,17,20
OFF-FA-10004880,104,20
FUR-FU-10004778,61,20
OFF-LA-10003510,49,20
OFF-FEL-10004117,84,20
OFF-TEN-10000703,70,20
OFF-ELI-10000443,42,20
OFF-BI-10004053,113,20
OFF-BI-10004628,37,20
OFF-AR-10001606,96,20
OFF-BI-10001645,81,20
FUR-FU-10002928,111,20
OFF-ST-10001321,122,20
OFF-EN-10001099,95,20
TEC-PH-10002496,66,20
TEC-PH-10004875,47,20
TEC-AC-10002305,3,20
TEC-SAM-10003948,68,20
OFF-STO-10001916,96,20
OFF-SME-10002740,113,20
TEC-SAM-10004384,112,20
OFF-HAR-10000681,116,20
FUR-TEN-10004147,105,20
TEC-AC-10003081,65,20
OFF-LA-10004320,98,20
OFF-PA-10003920,59,20
OFF-FA-10002045,72,20
OFF-SU-10001488,48,20
OFF-ST-10002974,42,20
OFF-ROG-10001418,88,20
TEC-SAM-10001013,36,20
FUR-ELD-10000605,115,20
FUR-DEF-10000639,112,20
TEC-STA-10003081,123,20
OFF-SME-10000538,90,20
OFF-SU-10003082,16,20
OFF-ST-10003470,15,20
OFF-ST-10003305,118,20
OFF-AR-10003457,119,20
OFF-LA-10004761,95,20
OFF-BI-10000206,56,20
TEC-AC-10000474,69,20
FUR-BO-10001811,50,20
OFF-SU-10004498,84,20
OFF-AR-10000411,77,20
OFF-ST-10000136,51,20
OFF-BI-10000666,114,20
FUR-ELD-10000857,92,20
OFF-GLO-10000813,36,20
OFF-ST-10004930,38,20
FUR-FU-10003150,119,20
OFF-LA-10002159,73,20
OFF-LA-10001669,40,20
TEC-AC-10002482,115,20
OFF-LA-10003973,123,20
OFF-EN-10000094,103,20
FUR-FU-10001254,7,20
OFF-PA-10003205,54,20
OFF-ST-10002182,98,20
OFF-TEN-10001129,50,20
OFF-FEL-10001796,85,20
TEC-BEL-10003311,71,20
FUR-ADV-10000847,107,20
OFF-BI-10000419,103,20
OFF-FA-10001228,76,20
OFF-FA-10003411,91,20
TEC-PH-10000705,100,20
OFF-FA-10004993,43,20
OFF-EN-10004051,120,20
OFF-ST-10000287,98,20
OFF-SU-10003221,8,20
OFF-BI-10003397,56,20
FUR-BO-10004409,68,20
OFF-PA-10000501,89,20
TEC-MEM-10001732,63,20
OFF-ELD-10004625,72,20
OFF-AR-10000812,13,20
FUR-FU-10000490,52,20
FUR-CH-10002010,105,20
OFF-ST-10003184,99,20
FUR-CH-10004467,35,20
TEC-AC-10002458,122,20
TEC-AC-10004451,38,20
TEC-AC-10002883,38,20
OFF-ST-10002800,116,20
OFF-EN-10003838,61,20
OFF-FA-10002388,77,20
TEC-PH-10003652,93,20
OFF-EN-10003231,66,20
OFF-PA-10002666,67,20
FUR-FU-10003799,62,20
OFF-SU-10003567,89,20
OFF-PA-10004911,94,20
TEC-AC-10003399,104,20
TEC-ENE-10004728,96,20
OFF-ADV-10000308,114,20
FUR-HON-10003593,4,20
OFF-SAN-10000931,121,20
OFF-EN-10004183,122,20
OFF-FA-10001574,90,20
OFF-ST-10000078,47,20
OFF-BI-10004700,90,20
OFF-BI-10003779,52,20
OFF-SU-10000914,88,20
OFF-LA-10002337,111,20
OFF-ST-10001291,3,20
OFF-ST-10001580,77,20
OFF-SME-10004110,73,20
TEC-STA-10004542,95,20
TEC-SAM-10000588,76,20
FUR-SAF-10001949,115,20
OFF-ST-10002343,113,20
OFF-ST-10000560,52,20
OFF-FA-10003123,57,20
OFF-EN-10001711,88,20
OFF-AR-10002447,64,20
OFF-PA-10002416,12,20
OFF-AR-10003727,92,20
TEC-AC-10002550,102,20
OFF-AR-10001725,101,20
FUR-FU-10000397,105,20
TEC-OKI-10003655,52,20
TEC-MEM-10001436,41,20
OFF-ENE-10002784,74,20
OFF-STI-10000144,104,20
OFF-XER-10003600,120,20
OFF-KIT-10002678,99,20
TEC-CIS-10003103,102,20
OFF-ST-10000035,83,20
FUR-FU-10001255,86,20
FUR-FU-10002168,63,20
OFF-LA-10000709,55,20
OFF-BI-10003899,124,20
OFF-ST-10003547,112,20
OFF-ST-10001366,43,20
OFF-AR-10002415,81,20
FUR-FU-10002362,14,20
OFF-BI-10000172,76,20
OFF-AR-10001860,85,20
FUR-FU-10003096,90,20
FUR-FU-10001379,5,20
FUR-NOV-10003257,104,20
TEC-NOK-10001219,54,20
OFF-SAN-10001074,122,20
FUR-FU-10003874,61,20
OFF-BI-10001279,72,20
OFF-EN-10000755,106,20
TEC-AC-10003725,99,20
OFF-BI-10003903,88,20
OFF-PA-10001004,58,20
FUR-CH-10004242,81,20
OFF-SU-10002215,105,20
OFF-FA-10002803,117,20
OFF-LA-10003058,120,20
OFF-EN-10004422,97,20
OFF-FA-10000136,91,20
OFF-BI-10001312,9,20
TEC-PH-10001580,94,20
TEC-AC-10001109,96,20
FUR-DEF-10000346,64,20
TEC-BEL-10002324,56,20
OFF-BI-10000501,109,20
OFF-AR-10000543,118,20
OFF-EN-10004568,63,20
OFF-SU-10002544,75,20
OFF-EN-10003448,76,20
OFF-PA-10002971,99,20
OFF-BI-10000308,65,20
TEC-AC-10003451,64,20
OFF-ST-10002505,52,20
OFF-EN-10002630,51,20
TEC-MA-10001296,72,20
TEC-AC-10003657,48,20
FUR-RUB-10001380,121,20
OFF-ACC-10000687,123,20
FUR-OFF-10002740,17,20
OFF-AR-10001402,16,20
OFF-FA-10000563,90,20
OFF-BI-10002289,56,20
OFF-BI-10001253,101,20
OFF-FA-10004997,90,20
OFF-AR-10001269,53,20
OFF-SU-10001066,91,20
OFF-BI-10004809,78,20
TEC-SAM-10001017,69,20
OFF-BOS-10003160,35,20
OFF-SME-10000973,86,20
OFF-SU-10002169,119,20
OFF-PA-10000947,104,20
OFF-LA-10001265,71,20
OFF-BI-10001622,99,20
OFF-AR-10001329,85,20
OFF-ST-10000701,35,20
OFF-LA-10001865,55,20
FUR-CH-10004287,87,20
OFF-AP-10003849,50,20
FUR-DAN-10002967,14,20
FUR-FU-10001583,95,20
OFF-PA-10001409,88,20
OFF-SU-10000213,74,20
OFF-AR-10000019,60,20
OFF-LA-10000345,114,20
OFF-LA-10003217,99,20
OFF-FA-10001359,108,20
OFF-AR-10000502,98,20
OFF-BI-10000346,77,20
OFF-AR-10000219,51,20
OFF-LA-10004877,93,20
TEC-AC-10004652,57,20
FUR-FU-10001507,41,20
TEC-AC-10003628,14,20
FUR-BO-10004709,87,20
OFF-ST-10001031,105,20
OFF-PA-10004733,113,20
FUR-FU-10001095,68,20
OFF-BI-10001524,80,20
OFF-TEN-10004270,15,20
OFF-JIF-10004616,102,20
OFF-FIS-10002759,112,20
FUR-BO-10001042,112,20
OFF-SU-10002306,50,20
OFF-PA-10001818,105,20
OFF-FA-10003020,53,20
OFF-AR-10001965,36,20
OFF-ST-10002370,44,20
FUR-FU-10003535,84,20
FUR-NOV-10003195,115,20
TEC-AC-10003105,46,20
TEC-CO-10001893,104,20
FUR-FU-10004013,56,20
OFF-BI-10003653,66,20
OFF-LA-10003699,118,20
OFF-FA-10000487,35,20
TEC-AC-10003276,88,20
OFF-LA-10004894,92,20
OFF-FA-10003429,104,20
OFF-EN-10000483,5,20
OFF-ACM-10003278,52,20
FUR-SAF-10001873,40,20
OFF-ELD-10000124,79,20
OFF-LA-10000713,57,20
FUR-TA-10003371,57,20
OFF-EN-10004410,60,20
OFF-BI-10001422,111,20
OFF-PA-10000540,41,20
OFF-ST-10002251,17,20
TEC-MA-10000122,78,20
OFF-EN-10004296,61,20
FUR-FU-10000482,60,20
OFF-ST-10003327,113,20
FUR-DEF-10000349,70,20
OFF-BIN-10003023,89,20
FUR-SAF-10000265,98,20
OFF-PA-10001091,91,20
OFF-SU-10001624,103,20
OFF-AR-10000925,95,20
OFF-SU-10003924,4,20
OFF-PA-10002040,89,20
OFF-LA-10000244,114,20
TEC-AC-10004306,121,20
OFF-PA-10003527,72,20
OFF-ST-10001799,114,20
OFF-PA-10003739,112,20
OFF-PA-10002709,63,20
OFF-TEN-10002817,60,20
OFF-KLE-10004771,69,20
OFF-EN-10002410,113,20
OFF-AR-10000659,101,20
OFF-PA-10002974,121,20
OFF-AR-10002036,63,20
OFF-EN-10002464,68,20
OFF-PA-10001215,75,20
OFF-SAN-10003152,75,20
OFF-AR-10003897,57,20
OFF-BI-10003324,105,20
OFF-EN-10003533,37,20
OFF-AR-10001714,12,20
FUR-FU-10000142,66,20
FUR-CH-10002085,65,20
TEC-MA-10000684,116,20
OFF-SU-10004306,13,20
OFF-FA-10004659,41,20
OFF-PA-10000951,35,20
OFF-BI-10002364,95,20
OFF-EN-10004053,48,20
OFF-AR-10004651,86,20
OFF-AR-10004790,40,20
OFF-ST-10000876,44,20
TEC-AC-10003614,105,20
OFF-KIT-10001609,124,20
OFF-STI-10000388,64,20
OFF-FA-10000700,55,20
TEC-AC-10004188,94,20
OFF-FA-10002619,115,20
FUR-FU-10000388,108,20
OFF-LA-10004929,97,20
OFF-PA-10002259,17,20
FUR-FU-10000087,76,20
OFF-PA-10001260,85,20
OFF-ST-10004963,98,20
OFF-AME-10001587,110,20
OFF-STO-10002449,90,20
OFF-CUI-10004428,114,20
OFF-SU-10004119,75,20
OFF-EN-10003721,66,20
OFF-FA-10004258,49,20
OFF-SU-10003665,96,20
OFF-EN-10002896,61,20
FUR-BO-10002309,62,20
OFF-EN-10004970,115,20
OFF-EN-10004775,98,20
OFF-BI-10003058,93,20
OFF-AR-10000513,92,20
OFF-EN-10003398,36,20
OFF-IBI-10003191,70,20
OFF-STO-10001791,4,20
FUR-FU-10004458,9,20
OFF-AR-10004373,47,20
FUR-FU-10001090,49,20
TEC-MA-10000687,123,20
OFF-FA-10000227,121,20
OFF-FA-10003604,94,20
OFF-AR-10002340,56,20
OFF-AR-10002105,97,20
OFF-FA-10004156,124,20
OFF-FA-10001111,109,20
OFF-ST-10002318,108,20
OFF-PA-10000007,59,20
OFF-ELI-10001507,82,20
OFF-ACC-10004782,77,20
TEC-LOG-10000368,72,20
OFF-HOO-10003246,75,20
TEC-CO-10001040,79,20
OFF-LA-10001230,122,20
OFF-EN-10000927,74,20
OFF-PA-10003418,51,20
FUR-FU-10004730,10,20
FUR-FU-10000794,91,20
OFF-BI-10001153,36,20
FUR-RUB-10002507,96,20
FUR-ADV-10001440,122,20
OFF-OIC-10000121,43,20
OFF-BOS-10001386,102,20
OFF-AR-10000481,115,20
OFF-EN-10000139,51,20
OFF-FA-10003797,84,20
OFF-SU-10000085,74,20
TEC-AC-10004539,92,20
OFF-AR-10001072,109,20
OFF-ST-10000520,119,20
OFF-LA-10000155,7,20
OFF-SU-10002346,52,20
TEC-MA-10004896,89,20
OFF-FA-10000899,63,20
OFF-PA-10004994,58,20
OFF-FA-10003332,108,20
FUR-FU-10003540,15,20
TEC-AC-10004696,51,20
OFF-FA-10001039,52,20
OFF-EN-10004147,76,20
OFF-AR-10001468,118,20
OFF-ACC-10000102,79,20
FUR-FU-10000546,116,20
OFF-PA-10003052,51,20
OFF-EN-10001852,107,20
OFF-PA-10004343,48,20
OFF-BI-10002718,83,20
FUR-FU-10004137,63,20
OFF-FA-10003631,38,20
OFF-AR-10000027,116,20
OFF-PA-10002618,54,20
FUR-BO-10000087,81,20
OFF-BI-10000787,43,20
TEC-PH-10002293,111,20
OFF-BI-10002931,113,20
OFF-BI-10004099,61,20
OFF-STA-10004885,17,20
OFF-BIN-10002236,53,20
OFF-FA-10003734,124,20
OFF-LA-10002544,86,20
OFF-PA-10000591,60,20
OFF-EN-10000127,123,20
OFF-AR-10001672,60,20
OFF-AR-10000387,60,20
OFF-ST-10004668,80,20
OFF-LA-10003338,14,20
FUR-FU-10002335,83,20
TEC-AC-10003704,116,20
OFF-AR-10004511,87,20
FUR-FU-10001889,37,20
OFF-ELD-10001832,100,20
OFF-XER-10002906,76,20
OFF-ACC-10003636,53,20
OFF-AP-10001548,51,20
OFF-ST-10004382,67,20
OFF-LA-10003591,110,20
OFF-EN-10003962,3,20
OFF-EN-10003444,90,20
OFF-FA-10004339,97,20
OFF-AR-10000780,37,20
OFF-PA-10002771,83,20
OFF-LA-10003057,89,20
OFF-BI-10003090,60,20
OFF-SU-10002301,106,20
OFF-PA-10000556,86,20
OFF-AR-10000914,41,20
FUR-FU-10004973,80,20
OFF-SU-10000898,80,20
FUR-TEN-10000525,50,20
OFF-SAN-10004633,58,20
FUR-DEF-10000622,95,20
OFF-BI-10001533,88,20
OFF-SU-10002325,96,20
OFF-SU-10004110,35,20
OFF-SU-10002983,83,20
OFF-SU-10003749,59,20
OFF-BI-10004028,12,20
OFF-AR-10002389,114,20
OFF-FA-10002717,50,20
OFF-FA-10002983,92,20
OFF-PA-10003883,10,20
OFF-BI-10001036,63,20
OFF-PA-10003036,40,20
FUR-HAR-10004726,50,20
OFF-EN-10003416,54,20
OFF-LA-10000560,114,20
OFF-PA-10000677,105,20
OFF-LA-10000404,112,20
FUR-CH-10002749,77,20
OFF-BI-10000348,60,20
OFF-LA-10004544,124,20
OFF-ST-10003221,112,20
FUR-FU-10001196,105,20
OFF-EN-10003798,67,20
FUR-FU-10002396,60,20
OFF-WIL-10000390,79,20
OFF-ELI-10001176,6,20
TEC-APP-10001108,97,20
TEC-SAN-10002684,101,20
TEC-SAM-10001985,86,20
OFF-BIC-10003680,102,20
OFF-EAT-10002789,60,20
OFF-LA-10001778,109,20
OFF-AR-10004132,36,20
OFF-FA-10002752,48,20
OFF-ST-10002354,64,20
OFF-PA-10004589,83,20
OFF-FA-10002226,46,20
OFF-EN-10003834,124,20
TEC-AC-10002221,78,20
OFF-LA-10004623,67,20
OFF-FA-10003745,47,20
FUR-CH-10000825,112,20
OFF-ST-10003017,122,20
OFF-EN-10000863,60,20
OFF-SU-10002503,7,20
OFF-STI-10002040,14,20
OFF-EN-10002490,82,20
FUR-FU-10004598,74,20
OFF-FA-10001029,100,20
OFF-AP-10001565,107,20
OFF-FA-10003730,121,20
FUR-CH-10003846,113,20
OFF-LA-10000370,111,20
OFF-AR-10004900,57,20
OFF-EN-10002048,115,20
OFF-BI-10000328,82,20
OFF-FA-10004698,36,20
OFF-BI-10004001,118,20
OFF-AR-10004062,54,20
FUR-FU-10000585,93,20
FUR-FU-10004474,80,20
OFF-PA-10004854,37,20
OFF-SU-10000130,89,20
OFF-PA-10003774,46,20
OFF-ST-10004577,74,20
OFF-FA-10001082,4,20
OFF-PA-10004495,112,20
OFF-FA-10001045,50,20
OFF-ST-10000351,117,20
OFF-ST-10001229,68,20
OFF-SU-10002750,78,20
TEC-PH-10003505,40,20
TEC-PH-10003095,111,20
OFF-LA-10002312,98,20
OFF-PA-10001593,56,20
OFF-PA-10004438,52,20
FUR-TEN-10000407,46,20
OFF-ACM-10004587,86,20
TEC-KON-10000091,85,20
OFF-GRE-10002555,10,20
OFF-KRA-10002406,105,20
OFF-FA-10003499,82,20
OFF-FA-10001776,53,20
FUR-FU-10000499,40,20
OFF-SU-10002849,118,20
OFF-FA-10003799,13,20
OFF-FA-10003961,87,20
OFF-AR-10002797,82,20
OFF-FA-10004684,41,20
OFF-PA-10000249,93,20
TEC-APP-10001965,103,20
OFF-OIC-10003028,45,20
OFF-BIC-10004557,49,20
OFF-EAT-10000652,98,20
OFF-FA-10001237,37,20
OFF-AR-10002710,103,20
OFF-AR-10003077,57,20
OFF-AR-10000503,87,20
OFF-FA-10002084,71,20
OFF-LA-10003820,43,20
OFF-AR-10001462,49,20
OFF-AR-10003384,37,20
OFF-AR-10001850,104,20
OFF-FA-10003980,51,20
OFF-FA-10002175,60,20
OFF-ST-10004325,7,20
OFF-SU-10004177,106,20
OFF-SU-10001346,55,20
OFF-ST-10001214,45,20
OFF-BI-10004869,72,20
OFF-LA-10003678,106,20
OFF-PA-10000944,122,20
OFF-SU-10002161,69,20
OFF-ST-10002618,48,20
FUR-FU-10004864,9,20
OFF-KLE-10002292,48,20
OFF-GRE-10003334,44,20
OFF-EN-10004935,46,20
OFF-ST-10002902,72,20
OFF-AR-10004115,68,20
OFF-LA-10001738,75,20
OFF-AR-10002485,44,20
OFF-LA-10004285,51,20
OFF-ST-10004482,51,20
OFF-BI-10000368,101,20
OFF-EN-10003537,16,20
OFF-PA-10000116,35,20
OFF-EN-10004309,46,20
OFF-AR-10001958,38,20
TEC-PH-10001536,76,20
OFF-BI-10002215,47,20
TEC-PH-10003589,119,20
OFF-ST-10000636,120,20
OFF-SME-10001761,38,20
FUR-RUB-10002817,116,20
OFF-BIN-10000327,103,20
OFF-FIS-10000063,53,20
OFF-PA-10000320,36,20
OFF-AR-10002380,46,20
OFF-PA-10004261,115,20
FUR-FU-10001324,108,20
OFF-LA-10000700,40,20
FUR-CH-10001204,42,20
OFF-FA-10004398,85,20
OFF-FA-10004739,45,20
OFF-PA-10002105,17,20
OFF-AR-10001915,91,20
FUR-FU-10002878,46,20
OFF-AR-10003582,107,20
OFF-LA-10002762,4,20
OFF-PA-10004782,42,20
OFF-KRA-10003816,45,20
OFF-STI-10002519,87,20
OFF-SU-10000429,44,20
OFF-SU-10002742,119,20
OFF-AR-10003592,118,20
OFF-AR-10002656,42,20
OFF-PA-10004983,70,20
OFF-GRE-10002109,110,20
OFF-ST-10001991,48,20
OFF-EN-10004580,88,20
FUR-FU-10004800,119,20
TEC-MA-10003422,120,20
OFF-PA-10001971,55,20
OFF-FA-10000799,84,20
OFF-FA-10004494,16,20
OFF-SU-10000062,73,20
OFF-EN-10003508,54,20
OFF-EN-10004526,122,20
OFF-BI-10004361,121,20
OFF-PA-10000069,41,20
OFF-PA-10002230,43,20
OFF-PA-10003001,35,20
FUR-ADV-10004223,60,20
OFF-GRE-10001521,72,20
OFF-ADV-10002593,72,20
FUR-FU-10000012,95,20
OFF-PA-10001283,78,20
OFF-AR-10002055,120,20
OFF-LA-10002353,78,20
OFF-LA-10002029,108,20
OFF-BI-10000329,96,20
OFF-FA-10001187,40,20
OFF-EN-10002425,51,20
OFF-PA-10001691,5,20
OFF-FA-10003112,4,20
TEC-PH-10004924,72,20
FUR-FU-10003464,58,20
OFF-BIC-10001211,85,20
TEC-NOK-10003341,44,20
OFF-KRA-10001807,106,20
FUR-FU-10000242,55,20
OFF-LA-10004519,104,20
OFF-FA-10003911,119,20
OFF-BI-10001124,91,20
OFF-LA-10004108,73,20
OFF-PA-10000908,122,20
OFF-BI-10002128,67,20
OFF-FA-10001010,93,20
OFF-FA-10001521,52,20
OFF-LA-10000438,90,20
OFF-ST-10002344,91,20
OFF-KLE-10004581,110,20
OFF-SAN-10003226,82,20
FUR-HON-10001776,76,20
OFF-AVE-10002079,13,20
OFF-ADV-10004030,108,20
OFF-BIN-10001621,86,20
OFF-XER-10001746,76,20
OFF-ENE-10000935,66,20
TEC-AC-10004951,60,20
OFF-AR-10002440,59,20
OFF-PA-10001178,109,20
OFF-SU-10004650,57,20
OFF-AR-10000703,91,20
OFF-EN-10001979,86,20
OFF-AR-10002113,121,20
OFF-BI-10002632,65,20
OFF-AR-10002236,98,20
TEC-AC-10004227,9,20
OFF-AP-10001242,67,20
OFF-AP-10002684,119,20
OFF-ST-10002301,36,20
OFF-XER-10002848,52,20
OFF-FEL-10001792,81,20
OFF-FA-10001871,3,20
OFF-EN-10000075,118,20
OFF-AR-10000185,69,20
FUR-FU-10000850,85,20
OFF-EN-10001327,52,20
TEC-MA-10001411,122,20
OFF-BI-10004200,106,20
OFF-SU-10000706,64,20
OFF-FA-10001246,78,20
OFF-FA-10002635,87,20
OFF-BI-10001326,44,20
TEC-AC-10004081,121,20
TEC-AC-10002257,86,20
OFF-FA-10003450,83,20
OFF-PA-10001509,45,20
OFF-PA-10001970,100,20
OFF-AR-10001044,92,20
OFF-PA-10001977,124,20
OFF-ST-10001558,70,20
OFF-BI-10002429,67,20
OFF-PA-10002741,17,20
OFF-AVE-10002311,47,20
FUR-TEN-10003923,74,20
TEC-EPS-10001323,123,20
OFF-EAT-10004908,102,20
OFF-SAN-10004881,76,20
FUR-CH-10004010,53,20
OFF-EN-10001443,116,20
OFF-SU-10003892,53,20
OFF-PA-10001301,12,20
OFF-SU-10001086,57,20
OFF-LA-10001154,88,20
OFF-ST-10003990,114,20
OFF-AR-10003117,99,20
OFF-LA-10004848,46,20
OFF-LA-10000195,58,20
OFF-LA-10004614,68,20
OFF-AR-10003903,87,20
FUR-FU-10002685,42,20
TEC-MA-10000423,52,20
OFF-EAT-10002674,11,20
OFF-CAM-10001249,39,20
OFF-FIS-10004183,60,20
FUR-FU-10003725,64,20
OFF-BI-10002517,88,20
TEC-MA-10003557,47,20
OFF-FA-10004140,117,20
OFF-SU-10000906,63,20
OFF-LA-10004709,37,20
OFF-ST-10003132,124,20
FUR-FU-10002972,92,20
OFF-LA-10002851,110,20
OFF-AR-10001654,36,20
OFF-SU-10000148,109,20
OFF-LA-10003929,62,20
OFF-ST-10004950,116,20
OFF-BI-10002867,111,20
FUR-FU-10000409,120,20
OFF-PA-10000176,110,20
OFF-LA-10000305,36,20
FUR-FU-10003247,17,20
OFF-AP-10000252,41,20
OFF-BOS-10001511,60,20
FUR-SAF-10003160,124,20
OFF-ACM-10003510,10,20
OFF-ELI-10003277,110,20
OFF-GLO-10003463,50,20
FUR-ELD-10003843,57,20
OFF-PA-10001878,74,20
OFF-BI-10002080,94,20
OFF-SU-10003234,107,20
FUR-FU-10001096,66,20
OFF-LA-10002992,49,20
OFF-PA-10004621,47,20
OFF-PA-10001293,39,20
OFF-FA-10002815,109,20
OFF-SU-10000952,108,20
OFF-AR-10001227,86,20
OFF-PA-10002036,111,20
FUR-FU-10004245,75,20
OFF-STO-10000924,7,20
OFF-GRE-10001774,84,20
OFF-SU-10004799,49,20
OFF-EN-10000761,41,20
OFF-EN-10001109,74,20
TEC-AC-10003044,62,20
OFF-AR-10000082,66,20
TEC-AC-10002900,49,20
OFF-LA-10002490,119,20
FUR-FU-10000556,104,20
OFF-AR-10003023,99,20
OFF-LA-10000271,38,20
OFF-PA-10002749,45,20
OFF-BI-10003982,60,20
FUR-FU-10002501,95,20
OFF-EN-10001028,71,20
OFF-PA-10003022,57,20
OFF-ST-10002289,119,20
OFF-STO-10002026,74,20
TEC-LOG-10001482,15,20
OFF-EN-10003352,9,20
OFF-ST-10001598,50,20
OFF-FA-10002632,95,20
OFF-SU-10001831,102,20
OFF-SU-10004244,114,20
OFF-SU-10004236,65,20
FUR-FU-10002019,87,20
OFF-FIS-10004787,59,20
OFF-ENE-10001291,78,20
OFF-AME-10002652,46,20
OFF-ACM-10002131,124,20
OFF-AR-10000821,43,20
OFF-FA-10004946,46,20
OFF-FA-10000475,103,20
OFF-ST-10002122,88,20
OFF-BI-10004251,88,20
OFF-SU-10004662,62,20
TEC-AC-10002842,90,20
OFF-ST-10004660,103,20
OFF-AR-10001812,111,20
OFF-AR-10002094,9,20
OFF-LA-10001402,92,20
OFF-FA-10000027,112,20
OFF-EN-10000296,109,20
OFF-PA-10003127,76,20
OFF-AR-10003772,72,20
OFF-PA-10001994,102,20
FUR-FU-10001057,87,20
OFF-AR-10003896,67,20
OFF-LA-10001934,105,20
OFF-JIF-10002184,90,20
OFF-GLO-10001127,106,20
OFF-SME-10002417,85,20
OFF-SU-10003683,108,20
OFF-FA-10003994,13,20
FUR-BO-10004483,49,20
OFF-ST-10000486,72,20
OFF-ST-10001554,49,20
OFF-BI-10004589,39,20
OFF-PA-10004248,117,20
OFF-PA-10004665,8,20
FUR-FU-10003489,85,20
OFF-PA-10004041,44,20
OFF-STO-10003878,46,20
FUR-RUB-10001796,38,20
OFF-AME-10000440,52,20
OFF-EN-10001940,114,20
OFF-BI-10003392,70,20
FUR-CH-10002291,59,20
OFF-PA-10001708,121,20
OFF-FA-10002350,110,20
OFF-FA-10001054,70,20
OFF-AP-10000391,101,20
TEC-AC-10002455,43,20
TEC-MA-10001475,95,20
OFF-PA-10000206,87,20
FUR-FU-10002045,52,20
OFF-EAT-10001137,77,20
OFF-STA-10001112,69,20
OFF-KRA-10002170,97,20
OFF-KRA-10002789,11,20
OFF-ST-10002632,112,20
OFF-PA-10003715,38,20
OFF-AR-10001571,75,20
OFF-EN-10004100,79,20
FUR-FU-10002422,84,20
OFF-BI-10000827,113,20
TEC-AC-10000598,62,20
TEC-MA-10003787,76,20
OFF-PA-10000876,18,20
OFF-BI-10000972,110,20
OFF-PA-10000827,103,20
FUR-FU-10000714,35,20
OFF-EN-10000383,73,20
OFF-EN-10001823,124,20
TEC-PH-10001557,51,20
OFF-AP-10002403,122,20
OFF-BIN-10000901,69,20
OFF-ENE-10004401,80,20
TEC-MEM-10000919,76,20
OFF-ADV-10001451,8,20
OFF-SAN-10001634,73,20
OFF-PA-10002464,124,20
OFF-SU-10004317,83,20
OFF-FA-10003891,96,20
OFF-ST-10004190,72,20
OFF-LA-10002821,57,20
OFF-PA-10001801,56,20
OFF-ST-10004409,38,20
OFF-AR-10002116,83,20
OFF-AR-10004884,93,20
OFF-BI-10000115,107,20
OFF-BI-10003340,102,20
OFF-FA-10003596,105,20
OFF-LA-10004545,121,20
FUR-TA-10002607,36,20
OFF-PA-10003848,83,20
OFF-ST-10000464,122,20
OFF-AR-10003876,65,20
TEC-MEM-10003743,74,20
FUR-DEF-10003315,18,20
OFF-ACC-10002853,85,20
OFF-AVE-10003740,77,20
OFF-LA-10002469,89,20
OFF-AR-10004986,10,20
OFF-PA-10004856,83,20
OFF-FA-10001330,124,20
OFF-SU-10000877,114,20
OFF-ST-10003835,91,20
OFF-FA-10003789,111,20
OFF-FA-10004233,49,20
OFF-FA-10000248,61,20
OFF-EN-10000232,102,20
OFF-ST-10003445,114,20
OFF-BI-10000968,98,20
OFF-EN-10001141,64,20
OFF-ST-10000943,70,20
OFF-STI-10004202,101,20
OFF-BOS-10002340,120,20
OFF-ROG-10004949,120,20
TEC-SAN-10004721,4,20
OFF-FA-10000194,83,20
OFF-AR-10002802,110,20
OFF-LA-10003090,89,20
OFF-ST-10001646,119,20
OFF-EN-10001977,90,20
TEC-AC-10004012,102,20
OFF-FA-10004705,78,20
OFF-AR-10001129,65,20
OFF-LA-10004181,92,20
OFF-PA-10000350,121,20
OFF-ST-10000760,87,20
OFF-PA-10003363,118,20
TEC-SAN-10002254,113,20
TEC-LOG-10002431,57,20
OFF-FIS-10002661,62,20
OFF-PA-10003475,50,20
OFF-AR-10000156,71,20
OFF-EN-10003850,55,20
OFF-BI-10000070,17,20
OFF-ST-10003718,3,20
OFF-AR-10000468,71,20
OFF-PA-10002616,111,20
OFF-BI-10004554,53,20
OFF-EN-10004486,64,20
OFF-FA-10000974,79,20
OFF-ST-10000948,52,20
OFF-FA-10001297,112,20
FUR-FU-10000783,96,20
OFF-BI-10004483,70,20
OFF-BI-10003265,118,20
OFF-FA-10000805,86,20
OFF-FA-10003054,53,20
TEC-AC-10001266,78,20
OFF-PA-10001019,41,20
OFF-EN-10001539,78,20
OFF-AVE-10004159,102,20
OFF-LA-10000190,68,20
OFF-AP-10000653,100,20
FUR-FU-10002800,103,20
OFF-EN-10003904,9,20
OFF-FA-10003744,44,20
OFF-BI-10003142,76,20
OFF-EN-10001946,75,20
OFF-SU-10002547,111,20
OFF-BI-10003367,103,20
FUR-FU-10001487,44,20
OFF-ST-10001228,44,20
OFF-BOS-10002073,94,20
TEC-KON-10000005,85,20
TEC-BEL-10000696,55,20
OFF-KLE-10003497,42,20
OFF-PA-10003708,99,20
OFF-AP-10003236,112,20
OFF-PA-10004190,7,20
OFF-SU-10000705,64,20
OFF-SU-10003236,119,20
OFF-EN-10001861,83,20
OFF-PA-10004016,43,20
OFF-PA-10004359,51,20
OFF-LA-10000425,7,20
OFF-AR-10000249,92,20
FUR-FU-10004064,91,20
OFF-SU-10003789,96,20
OFF-EN-10002540,86,20
OFF-ST-10003393,95,20
OFF-ST-10003442,74,20
OFF-AR-10000255,72,20
OFF-PA-10003893,77,20
TEC-AC-10002380,97,20
OFF-ROG-10001101,53,20
TEC-ENE-10004236,84,20
OFF-ACM-10002045,67,20
OFF-FEL-10004224,47,20
FUR-DEF-10001477,112,20
OFF-ACM-10004150,96,20
OFF-AME-10002956,77,20
TEC-AC-10004044,83,20
OFF-SU-10001794,70,20
OFF-PA-10004627,44,20
TEC-MA-10004609,17,20
OFF-AR-10001752,40,20
OFF-LA-10004538,91,20
OFF-SU-10002323,35,20
OFF-LA-10004700,105,20
OFF-AR-10001607,92,20
OFF-BI-10002335,55,20
OFF-AR-10004138,114,20
OFF-LA-10003388,90,20
OFF-AP-10001947,16,20
OFF-AP-10002578,121,20
OFF-PA-10003729,54,20
TEC-AC-10002926,88,20
OFF-ST-10000615,59,20
OFF-XER-10000482,62,20
TEC-NOK-10001844,39,20
OFF-SME-10001278,55,20
OFF-FA-10001761,52,20
OFF-FA-10001476,81,20
FUR-FU-10002818,104,20
OFF-FA-10001530,11,20
OFF-EN-10000353,53,20
OFF-ST-10004317,99,20
OFF-FA-10002600,37,20
OFF-BI-10000871,76,20
OFF-ST-10003808,55,20
OFF-LA-10001215,74,20
OFF-PA-10002713,101,20
OFF-ST-10003722,59,20
OFF-STO-10002708,89,20
OFF-BIC-10001682,118,20
FUR-RUB-10003699,86,20
OFF-EAT-10002122,78,20
OFF-WIL-10003532,119,20
OFF-FA-10004516,90,20
FUR-FU-10001142,89,20
OFF-LA-10004370,121,20
OFF-ST-10002362,104,20
OFF-LA-10004969,111,20
TEC-AC-10002048,121,20
OFF-LA-10002334,11,20
OFF-LA-10003422,115,20
OFF-FA-10004359,100,20
FUR-FU-10001495,53,20
OFF-PA-10003037,5,20
OFF-EN-10003073,41,20
OFF-AR-10001482,97,20
TEC-AC-10001835,76,20
OFF-AR-10004148,76,20
OFF-PA-10003969,93,20
OFF-EN-10001680,54,20
FUR-FU-10001933,107,20
OFF-EN-10002007,51,20
OFF-FA-10002177,61,20
FUR-FU-10000260,81,20
TEC-AC-10002718,36,20
OFF-PA-10002552,97,20
OFF-ROG-10004393,96,20
OFF-GLO-10004223,53,20
OFF-ENE-10001906,51,20
FUR-HON-10002570,7,20
OFF-EN-10004012,73,20
TEC-AC-10004043,116,20
OFF-EN-10002700,105,20
OFF-EN-10003577,115,20
OFF-FA-10003638,73,20
OFF-LA-10002964,70,20
OFF-BI-10004240,74,20
TEC-AC-10004252,79,20
FUR-FU-10002960,38,20
OFF-PA-10002001,59,20
OFF-AR-10003631,103,20
OFF-AP-10003860,64,20
OFF-EN-10003040,110,20
OFF-LA-10002034,102,20
OFF-STI-10000286,122,20
OFF-TEN-10000360,63,20
OFF-CAM-10002159,107,20
OFF-STA-10002791,102,20
OFF-BI-10001819,5,20
OFF-LA-10001065,10,20
OFF-EN-10001768,48,20
OFF-AR-10002824,103,20
OFF-EN-10000338,52,20
FUR-FU-10002937,76,20
OFF-FA-10004067,91,20
OFF-ST-10003154,117,20
TEC-AC-10003668,46,20
OFF-AR-10001374,116,20
TEC-PH-10001552,51,20
OFF-BIC-10000582,64,20
OFF-NOV-10003401,122,20
FUR-DEF-10002774,109,20
FUR-FU-10003370,57,20
OFF-FA-10003818,115,20
OFF-PA-10004429,35,20
OFF-BI-10002674,113,20
OFF-SU-10002362,66,20
OFF-BI-10001028,43,20
OFF-LA-10002123,49,20
OFF-EN-10000454,14,20
OFF-LA-10002465,58,20
OFF-BI-10000854,94,20
FUR-FU-10003691,69,20
OFF-BI-10001460,120,20
FUR-FU-10001290,61,20
OFF-STI-10000114,117,20
OFF-STO-10003604,110,20
OFF-ADV-10001437,54,20
OFF-ENE-10002922,99,20
OFF-OIC-10004255,119,20
OFF-KRA-10003337,83,20
FUR-ADV-10000188,35,20
OFF-BI-10001002,44,20
OFF-BI-10001662,17,20
OFF-LA-10002609,93,20
OFF-SU-10001891,96,20
TEC-PH-10003182,120,20
OFF-ST-10002042,52,20
FUR-FU-10000361,80,20
OFF-LA-10003827,18,20
OFF-LA-10002900,61,20
OFF-ST-10003764,52,20
OFF-FA-10003893,73,20
OFF-FA-10003833,83,20
OFF-SU-10003592,116,20
OFF-LA-10003273,78,20
OFF-BI-10004769,106,20
OFF-SU-10001968,88,20
OFF-ST-10002790,68,20
OFF-PA-10004734,105,20
FUR-SAF-10000593,70,20
FUR-ADV-10001659,52,20
OFF-ACC-10000808,72,20
OFF-STO-10000631,93,20
OFF-SU-10003701,43,20
OFF-FA-10002552,107,20
OFF-EN-10001375,106,20
OFF-ST-10000880,85,20
OFF-FA-10001551,69,20
OFF-AR-10002433,4,20
OFF-EN-10003271,39,20
OFF-ST-10003931,48,20
OFF-ST-10001173,64,20
OFF-LA-10001607,38,20
OFF-EN-10000142,73,20
OFF-ST-10002714,118,20
OFF-LA-10001229,98,20
OFF-LA-10001246,59,20
OFF-PA-10002870,14,20
FUR-FU-10002554,110,20
OFF-AR-10001683,100,20
OFF-WIL-10000777,112,20
OFF-ELI-10003004,56,20
OFF-TEN-10000766,65,20
FUR-SAF-10000565,57,20
TEC-SAN-10001738,82,20
OFF-PA-10004386,54,20
OFF-SU-10003157,72,20
OFF-EN-10003472,89,20
OFF-EN-10004820,6,20
OFF-ST-10001818,113,20
OFF-BI-10001843,122,20
OFF-FA-10002308,123,20
OFF-AR-10002382,35,20
OFF-PA-10002941,41,20
OFF-SU-10003651,91,20
OFF-FA-10001651,46,20
TEC-EPS-10001341,39,20
OFF-SAN-10004288,84,20
OFF-FEL-10002837,76,20
OFF-ST-10003489,46,20
OFF-FA-10001727,52,20
FUR-FU-10001175,100,20
FUR-FU-10000686,108,20
OFF-FA-10002531,113,20
FUR-FU-10000444,51,20
OFF-ST-10001562,102,20
OFF-LA-10004062,105,20
OFF-EN-10004493,96,20
OFF-FA-10000581,11,20
OFF-PA-10004965,68,20
OFF-AVE-10001473,104,20
OFF-ELI-10003179,79,20
OFF-BIN-10000772,12,20
OFF-FIS-10004721,85,20
OFF-CAR-10001577,68,20
OFF-FA-10000644,78,20
OFF-AR-10000461,49,20
OFF-FA-10004931,112,20
OFF-EN-10002240,104,20
OFF-FA-10002066,84,20
OFF-LA-10002995,66,20
FUR-CH-10001664,101,20
OFF-LA-10003379,37,20
TEC-PH-10002299,120,20
OFF-FA-10001596,120,20
OFF-EN-10000968,108,20
OFF-SU-10003897,85,20
OFF-LA-10002086,101,20
FUR-FU-10004666,15,20
OFF-AR-10001446,110,20
OFF-PA-10003971,82,20
FUR-FU-10002456,51,20
TEC-PH-10002070,41,20
OFF-PA-10003724,47,20
OFF-ST-10002444,100,20
OFF-KLE-10004543,38,20
OFF-CAM-10003933,44,20
OFF-BIC-10002942,122,20
OFF-STO-10000128,51,20
OFF-SME-10002823,86,20
OFF-OIC-10000855,40,20
OFF-LA-10001484,117,20
OFF-BI-10003112,103,20
OFF-ST-10000557,108,20
OFF-FA-10003850,43,20
OFF-BI-10000620,111,20
OFF-ST-10002905,117,20
OFF-LA-10004774,7,20
OFF-FA-10002047,10,20
OFF-PA-10004923,38,20
OFF-AR-10002260,58,20
OFF-BI-10003806,93,20
TEC-AC-10000387,37,20
TEC-AC-10001635,102,20
TEC-PH-10003885,74,20
OFF-BI-10001098,82,20
OFF-GLO-10001567,88,20
OFF-CAM-10000726,69,20
OFF-JIF-10004213,90,20
OFF-LA-10004799,123,20
OFF-LA-10003459,74,20
OFF-AR-10003794,111,20
TEC-AC-10004586,102,20
FUR-FU-10003046,80,20
OFF-AR-10002991,112,20
OFF-SU-10001703,47,20
OFF-FA-10001613,61,20
OFF-PA-10004648,40,20
OFF-BI-10000636,3,20
OFF-LA-10003923,70,20
OFF-FA-10000735,115,20
OFF-BOS-10001375,36,20
FUR-TEN-10003349,111,20
FUR-HAR-10003124,86,20
OFF-GRE-10003899,100,20
OFF-TEN-10003148,86,20
TEC-PAN-10001593,77,20
FUR-ELD-10000335,124,20
OFF-GRE-10000320,56,20
OFF-BIC-10002270,89,20
OFF-ACC-10001028,101,20
TEC-AC-10004379,94,20
OFF-BI-10004388,12,20
TEC-AC-10000263,46,20
OFF-LA-10003327,122,20
FUR-FU-10003408,103,20
OFF-FA-10001577,118,20
FUR-FU-10000502,73,20
OFF-LA-10004744,15,20
OFF-LA-10002630,75,20
OFF-SU-10003537,91,20
OFF-SU-10001709,87,20
OFF-LA-10001292,46,20
OFF-FA-10003186,47,20
OFF-SU-10004705,108,20
OFF-PA-10000697,91,20
OFF-ST-10000885,74,20
OFF-KRA-10002085,114,20
OFF-GRE-10004604,79,20
OFF-AME-10003089,69,20
OFF-NOV-10000141,37,20
FUR-FU-10003507,39,20
OFF-FA-10002247,124,20
OFF-BI-10002607,45,20
OFF-FA-10004533,105,20
OFF-ST-10001066,90,20
OFF-AP-10000615,44,20
OFF-EN-10004788,68,20
OFF-LA-10002486,5,20
OFF-ST-10000710,106,20
OFF-BI-10000081,65,20
OFF-ST-10000355,109,20
OFF-PA-10004111,105,20
OFF-ST-10001460,100,20
OFF-BI-10002708,104,20
TEC-AC-10004897,75,20
OFF-BI-10001399,97,20
OFF-SU-10001382,18,20
OFF-PA-10004673,54,20
OFF-SU-10001218,91,20
FUR-FU-10004671,84,20
OFF-BI-10002976,114,20
FUR-FU-10002671,59,20
OFF-ACM-10000671,46,20
FUR-SAF-10000949,105,20
OFF-PA-10000867,73,20
OFF-SU-10002599,51,20
FUR-FU-10004117,79,20
OFF-FA-10001877,13,20
OFF-FA-10000740,104,20
OFF-ST-10003446,57,20
OFF-AR-10000444,104,20
OFF-PA-10004573,72,20
OFF-BI-10001967,36,20
OFF-SU-10000970,120,20
OFF-BI-10003475,118,20
OFF-FA-10002360,123,20
OFF-PA-10004433,113,20
OFF-PA-10000587,106,20
FUR-FU-10000629,71,20
OFF-LA-10004689,83,20
OFF-AP-10001366,86,20
OFF-AR-10003158,67,20
TEC-PH-10003356,56,20
OFF-ENE-10003409,39,20
TEC-NOK-10000002,52,20
OFF-STA-10004163,72,20
TEC-APP-10001389,71,20
OFF-GLO-10002982,16,20
OFF-SME-10002250,98,20
OFF-PA-10001516,44,20
FUR-FU-10001765,113,20
OFF-EN-10004525,12,20
OFF-FA-10000801,82,20
OFF-AR-10003758,78,20
OFF-LA-10003982,116,20
OFF-EN-10002613,121,20
OFF-FA-10001304,50,20
OFF-LA-10001191,88,20
OFF-FA-10001272,69,20
OFF-PA-10004174,62,20
OFF-LA-10000634,36,20
FUR-FU-10001867,47,20
OFF-AR-10001954,75,20
OFF-AR-10003338,114,20
OFF-EN-10001990,93,20
TEC-PH-10000307,103,20
OFF-AP-10004136,87,20
OFF-PA-10001184,9,20
OFF-FA-10000134,79,20
OFF-SAN-10002484,54,20
OFF-GLO-10000491,58,20
FUR-NOV-10000669,95,20
OFF-JIF-10000981,92,20
OFF-OIC-10001056,61,20
OFF-KLE-10004673,60,20
OFF-ST-10003231,41,20
OFF-FA-10004637,76,20
FUR-CH-10001647,81,20
OFF-ST-10004160,87,20
OFF-LA-10001028,93,20
TEC-AC-10004713,72,20
OFF-AR-10000404,103,20
OFF-EN-10003623,121,20
FUR-CH-10000214,87,20
OFF-AR-10003521,49,20
OFF-FA-10002393,60,20
OFF-AR-10003066,18,20
OFF-SU-10000216,17,20
OFF-SU-10000207,53,20
OFF-BI-10004454,43,20
OFF-AR-10003405,98,20
OFF-PA-10000466,88,20
OFF-PA-10002250,85,20
OFF-ENE-10000516,73,20
FUR-RUB-10000958,38,20
OFF-ELI-10001685,37,20
OFF-XER-10002256,98,20
FUR-FU-10000140,63,20
OFF-LA-10001469,45,20
OFF-LA-10002401,92,20
OFF-SU-10003966,109,20
OFF-BI-10003124,61,20
FUR-CH-10004790,55,20
OFF-LA-10003233,73,20
OFF-PA-10004990,80,20
OFF-BI-10001808,100,20
OFF-SU-10000789,70,20
OFF-PA-10003686,13,20
OFF-FA-10000471,116,20
OFF-AP-10001303,99,20
OFF-PA-10001947,97,20
FUR-FU-10002364,69,20
OFF-AP-10000358,65,20
TEC-PH-10004100,62,20
OFF-PA-10004947,35,20
OFF-PA-10002586,59,20
OFF-PA-10003641,77,20
OFF-PA-10001846,118,20
TEC-PH-10004094,101,20
OFF-PA-10000246,97,20
OFF-WIL-10003299,85,20
OFF-CUI-10004536,4,20
OFF-AME-10002557,116,20
OFF-SME-10001745,98,20
OFF-CUI-10003993,108,20
OFF-FA-10004924,103,20
FUR-FU-10003622,43,20
OFF-AR-10001813,4,20
OFF-BI-10004632,68,20
OFF-ST-10003172,94,20
OFF-SU-10001552,95,20
OFF-AR-10002419,65,20
OFF-ST-10001091,44,20
OFF-SU-10003160,110,20
FUR-FU-10000718,70,20
OFF-LA-10003511,119,20
OFF-LA-10004737,83,20
OFF-PA-10003020,104,20
OFF-ST-10000327,83,20
OFF-PA-10001979,37,20
OFF-BI-10002792,108,20
OFF-EN-10000539,39,20
OFF-FA-10001718,124,20
OFF-BI-10004193,95,20
OFF-AR-10000205,119,20
OFF-EN-10001535,124,20
OFF-JIF-10003976,60,20
TEC-LOG-10001750,10,20
OFF-BRE-10001378,39,20
TEC-AC-10003611,49,20
OFF-EN-10004537,50,20
OFF-BI-10000440,35,20
OFF-ST-10001426,50,20
OFF-FA-10000010,71,20
OFF-LA-10000477,37,20
OFF-AR-10001043,86,20
TEC-PH-10003613,17,20
OFF-LA-10000635,47,20
OFF-FA-10003587,114,20
FUR-FU-10003347,89,20
OFF-LA-10001297,55,20
OFF-PA-10002365,100,20
OFF-AP-10000055,88,20
OFF-PA-10001937,61,20
TEC-AC-10002134,72,20
OFF-SAN-10002323,124,20
FUR-ELD-10003695,92,20
OFF-OIC-10002625,16,20
OFF-STO-10004940,80,20
OFF-HAR-10004011,123,20
OFF-ACC-10003745,45,20
OFF-FA-10001670,106,20
OFF-SU-10003739,42,20
TEC-AC-10000815,105,20
OFF-AR-10002672,98,20
OFF-ST-10001358,55,20
OFF-FA-10000571,106,20
OFF-LA-10002875,97,20
OFF-AR-10004153,119,20
OFF-SU-10003717,98,20
FUR-FU-10004963,54,20
OFF-EN-10001532,42,20
OFF-AR-10003179,92,20
FUR-FU-10002506,80,20
OFF-KRA-10000534,65,20
OFF-STO-10001239,43,20
OFF-EN-10003560,49,20
OFF-PA-10001385,16,20
OFF-AR-10002346,60,20
OFF-EN-10004470,44,20
OFF-LA-10004034,63,20
OFF-LA-10001633,8,20
OFF-LA-10000508,114,20
OFF-FA-10001097,70,20
OFF-LA-10001169,118,20
OFF-ST-10004702,71,20
OFF-LA-10003215,120,20
FUR-BO-10004230,105,20
OFF-BI-10002329,57,20
OFF-FA-10000757,75,20
OFF-ST-10003414,114,20
OFF-PA-10001274,62,20
OFF-BI-10004002,82,20
OFF-AR-10004956,72,20
OFF-PA-10000575,65,20
OFF-FA-10002975,48,20
OFF-AP-10000027,107,20
OFF-LA-10004677,11,20
OFF-CAR-10000202,122,20
OFF-SAN-10004420,111,20
OFF-ELI-10002337,124,20
TEC-SAN-10004885,63,20
OFF-NOV-10004680,85,20
OFF-NOV-10001568,83,20
OFF-KRA-10000117,77,20
OFF-ST-10003648,106,20
FUR-CH-10003941,121,20
OFF-ST-10003426,39,20
FUR-CH-10000677,76,20
FUR-FU-10002637,41,20
OFF-FA-10000406,76,20
OFF-BI-10002570,70,20
OFF-BI-10001723,61,20
OFF-BI-10001754,92,20
OFF-LA-10004918,80,20
OFF-AR-10002144,100,20
OFF-LA-10001930,11,20
OFF-AR-10002392,11,20
OFF-AR-10002364,61,20
FUR-FU-10000246,35,20
TEC-PH-10003171,121,20
FUR-FU-10004586,108,20
FUR-FU-10003849,76,20
OFF-ST-10004342,86,20
OFF-FA-10002719,59,20
OFF-FA-10001700,88,20
OFF-FA-10003885,101,20
OFF-EN-10002348,40,20
OFF-FA-10001680,92,20
OFF-AR-10003377,104,20
OFF-FA-10004664,87,20
OFF-SU-10000932,100,20
OFF-LA-10000879,92,20
OFF-SU-10001869,116,20
OFF-BI-10003309,121,20
OFF-AR-10001107,36,20
OFF-LA-10001417,110,20
OFF-LA-10001175,8,20
OFF-LA-10000476,71,20
OFF-AR-10001770,54,20
OFF-EN-10003286,58,20
OFF-TEN-10001160,118,20
OFF-ELI-10001904,99,20
OFF-SME-10001667,99,20
OFF-HON-10000172,115,20
TEC-MEM-10000649,35,20
OFF-FA-10003595,37,20
FUR-FU-10003608,80,20
OFF-FA-10000522,89,20
OFF-FA-10003892,109,20
OFF-AR-10004360,122,20
OFF-EN-10000061,8,20
OFF-BI-10004644,98,20
OFF-BI-10002354,79,20
OFF-AR-10000266,60,20
OFF-LA-10004234,111,20
FUR-FU-10003605,99,20
OFF-ST-10003528,10,20
OFF-EN-10003316,108,20
OFF-AR-10001228,69,20
OFF-FA-10003626,58,20
OFF-PA-10004943,62,20
OFF-AR-10003461,114,20
OFF-LA-10000869,50,20
OFF-SU-10001697,93,20
OFF-FA-10002015,115,20
TEC-AC-10001748,88,20
FUR-FU-10004351,113,20
OFF-PA-10000308,50,20
OFF-PA-10000551,49,20
OFF-ST-10000918,45,20
OFF-ADV-10002549,99,20
OFF-STA-10004108,113,20
TEC-SAN-10004999,124,20
OFF-ENE-10002093,102,20
OFF-TEN-10000894,77,20
OFF-PA-10003492,103,20
OFF-PA-10002328,5,20
OFF-PA-10003718,47,20
OFF-EN-10003507,44,20
OFF-FA-10002991,109,20
OFF-PA-10004024,116,20
TEC-MA-10004857,75,20
OFF-LA-10000685,84,20
OFF-AR-10001525,121,20
OFF-FA-10004795,105,20
OFF-LA-10002289,13,20
OFF-FA-10004447,73,20
OFF-LA-10001312,37,20
OFF-BI-10003985,110,20
OFF-FA-10004269,41,20
OFF-PA-10001837,83,20
OFF-EN-10002500,60,20
OFF-EN-10003160,67,20
OFF-BIC-10004826,82,20
OFF-ELI-10000797,113,20
OFF-EAT-10003338,36,20
OFF-ELD-10002279,11,20
OFF-ELD-10002240,105,20
OFF-SU-10004932,66,20
OFF-AR-10000493,38,20
OFF-FA-10002835,54,20
OFF-EN-10001832,70,20
OFF-PA-10000960,66,20
OFF-PA-10004421,62,20
OFF-LA-10001942,111,20
OFF-ST-10004296,35,20
OFF-LA-10002139,94,20
OFF-LA-10003141,90,20
OFF-LA-10000615,69,20
OFF-PA-10003139,64,20
OFF-AR-10001073,88,20
OFF-BI-10003159,70,20
OFF-PA-10001639,89,20
FUR-FU-10002088,123,20
TEC-AC-10004510,114,20
OFF-ACC-10002327,92,20
OFF-CAR-10002942,5,20
OFF-JIF-10000556,99,20
FUR-ADV-10004718,103,20
OFF-JIF-10002454,85,20
OFF-AME-10001641,8,20
FUR-FU-10000885,122,20
TEC-AC-10000086,87,20
OFF-ST-10001869,70,20
OFF-PA-10003027,102,20
OFF-SU-10003559,70,20
OFF-FA-10002156,86,20
OFF-FA-10001339,87,20
OFF-FA-10000263,116,20
OFF-PA-10000213,84,20
TEC-AC-10002558,114,20
OFF-PA-10001972,75,20
OFF-PA-10004100,52,20
FUR-FU-10000820,56,20
OFF-AP-10003287,100,20
OFF-ST-10004634,55,20
OFF-IBI-10002637,6,20
OFF-HON-10003538,78,20
OFF-CAR-10002031,81,20
OFF-ACC-10002167,73,20
OFF-KLE-10001381,63,20
OFF-EN-10000812,88,20
OFF-ST-10002605,124,20
OFF-PA-10003034,119,20
OFF-ST-10002608,51,20
OFF-AR-10002805,114,20
OFF-EN-10004120,94,20
OFF-EN-10000788,65,20
OFF-EN-10004801,107,20
OFF-BI-10000309,112,20
TEC-AC-10003237,83,20
OFF-KLE-10002118,36,20
OFF-FIS-10002703,82,20
TEC-BEL-10002516,48,20
OFF-LA-10003717,93,20
OFF-FA-10000470,3,20
OFF-EN-10001939,5,20
OFF-PA-10002237,92,20
OFF-BI-10003022,92,20
OFF-ST-10001576,85,20
OFF-PA-10001323,118,20
OFF-PA-10001212,36,20
OFF-LA-10002974,75,20
OFF-EN-10000776,117,20
OFF-FA-10002569,116,20
OFF-PA-10000070,50,20
OFF-FA-10002444,38,20
OFF-BI-10002775,46,20
OFF-PA-10002246,63,20
FUR-FU-10004018,41,20
OFF-BI-10003684,48,20
OFF-AVE-10000585,46,20
OFF-KLE-10000296,39,20
OFF-BOS-10000363,115,20
OFF-ROG-10003300,66,20
OFF-ROG-10000332,108,20
OFF-BI-10000517,13,20
OFF-BI-10000335,115,20
OFF-ST-10001374,103,20
OFF-ST-10002151,79,20
OFF-EN-10003630,43,20
OFF-BI-10004436,83,20
OFF-LA-10000624,67,20
OFF-BI-10003468,52,20
OFF-EN-10002581,43,20
OFF-EN-10003715,96,20
OFF-BI-10002852,91,20
OFF-PA-10004470,63,20
OFF-AR-10000634,112,20
FUR-TA-10003837,59,20
OFF-PA-10000232,17,20
OFF-PA-10004475,40,20
OFF-SU-10004768,76,20
TEC-PH-10004908,63,20
TEC-PH-10004897,113,20
OFF-PA-10000474,38,20
OFF-STO-10000683,4,20
OFF-GLO-10001348,91,20
OFF-BOS-10003113,83,20
OFF-AVE-10004404,78,20
OFF-HOO-10002386,114,20
OFF-PA-10002488,109,20
OFF-LA-10004747,48,20
OFF-AR-10000347,37,20
OFF-FA-10004792,96,20
OFF-BI-10003763,98,20
OFF-AR-10000724,79,20
OFF-ST-10000300,116,20
OFF-LA-10004148,92,20
FUR-FU-10001447,54,20
TEC-AC-10001090,92,20
OFF-SU-10002911,123,20
OFF-FA-10001072,91,20
TEC-AC-10002345,111,20
TEC-PH-10000376,102,20
OFF-ST-10002486,112,20
TEC-PH-10003187,3,20
OFF-BI-10001132,86,20
OFF-PA-10004609,71,20
OFF-HAR-10003514,42,20
TEC-CAN-10001981,78,20
OFF-ROG-10001340,39,20
OFF-PA-10004241,103,20
OFF-FA-10004586,65,20
OFF-BI-10004980,79,20
OFF-EN-10000606,11,20
OFF-LA-10000334,66,20
OFF-ST-10000650,67,20
OFF-AR-10004454,101,20
OFF-PA-10003937,64,20
FUR-FU-10004152,110,20
OFF-FA-10004344,63,20
OFF-BI-10003724,37,20
OFF-AR-10000066,124,20
OFF-ST-10000020,91,20
OFF-PA-10000731,64,20
OFF-PA-10002073,11,20
OFF-FA-10000621,60,20
OFF-FA-10000992,36,20
OFF-SU-10004782,96,20
OFF-AP-10002082,37,20
OFF-BI-10004826,80,20
OFF-AR-10004999,102,20
OFF-BI-10001628,59,20
OFF-ACM-10000476,85,20
OFF-KLE-10003227,47,20
OFF-BIC-10001632,78,20
OFF-ELD-10000024,69,20
OFF-STO-10004971,89,20
OFF-SU-10000388,121,20
OFF-FA-10003985,43,20
OFF-EN-10001616,36,20
OFF-SU-10003115,95,20
OFF-AR-10000594,75,20
OFF-AR-10000124,78,20
OFF-LA-10004727,98,20
OFF-SU-10003267,17,20
OFF-FA-10004824,81,20
OFF-LA-10000880,36,20
OFF-EN-10002736,116,20
OFF-AR-10000681,15,20
OFF-ST-10000268,103,20
OFF-SU-10001770,92,20
OFF-PA-10000030,78,20
OFF-SU-10000178,108,20
OFF-FA-10000294,90,20
OFF-BI-10004121,77,20
OFF-BI-10003638,123,20
OFF-PA-10003919,68,20
OFF-AR-10003045,64,20
OFF-BI-10002794,105,20
OFF-BI-10000948,104,20
OFF-AR-10003770,89,20
OFF-ST-10002562,101,20
OFF-PA-10001583,47,20
OFF-PA-10000349,37,20
OFF-ACC-10003909,12,20
FUR-DEF-10004936,91,20
OFF-HON-10000137,58,20
OFF-BI-10001546,87,20
FUR-CH-10001044,104,20
OFF-FA-10000540,77,20
OFF-SU-10002227,94,20
OFF-PA-10000273,92,20
TEC-PH-10000270,83,20
OFF-BI-10003320,76,20
OFF-FA-10001892,110,20
OFF-LA-10000668,100,20
OFF-FA-10001026,45,20
OFF-LA-10003807,124,20
OFF-PA-10000659,52,20
FUR-FU-10001037,119,20
OFF-LA-10004853,86,20
TEC-AC-10000991,80,20
OFF-AVE-10000418,78,20
FUR-DEF-10002814,8,20
OFF-ACC-10003422,7,20
OFF-CAR-10004293,93,20
TEC-ENE-10000895,64,20
OFF-BIC-10003473,42,20
OFF-ADV-10002299,91,20
OFF-BIC-10004976,107,20
OFF-STO-10004779,54,20
OFF-ADV-10004241,59,20
OFF-LA-10000765,53,20
OFF-BI-10004442,39,20
OFF-LA-10000073,109,20
OFF-FA-10003464,113,20
OFF-BI-10002977,106,20
OFF-EN-10003272,117,20
OFF-LA-10001063,121,20
OFF-AR-10001833,61,20
OFF-BI-10000563,74,20
OFF-LA-10001299,60,20
OFF-LA-10004058,61,20
OFF-FA-10004523,96,20
OFF-BI-10001200,5,20
OFF-LA-10001158,84,20
OFF-SU-10001165,76,20
OFF-SU-10000381,63,20
OFF-BI-10004781,73,20
OFF-BI-10001787,94,20
OFF-PA-10002986,75,20
OFF-AP-10002222,67,20
OFF-GLO-10004160,117,20
OFF-SME-10001852,117,20
OFF-AME-10002081,50,20
OFF-ACC-10003265,57,20
FUR-IKE-10001301,41,20
TEC-PH-10001298,60,20
OFF-PA-10000872,18,20
OFF-FA-10002120,46,20
FUR-FU-10000060,106,20
OFF-FA-10001104,39,20
OFF-PA-10002563,103,20
OFF-BI-10001833,83,20
OFF-ST-10001142,12,20
OFF-AR-10003466,39,20
OFF-LA-10003435,56,20
OFF-BI-10002287,113,20
OFF-FA-10004527,47,20
OFF-AP-10001492,62,20
OFF-PA-10000788,67,20
OFF-AR-10003514,57,20
TEC-AC-10001101,52,20
TEC-AC-10000521,64,20
OFF-NOV-10000512,60,20
OFF-AME-10002697,50,20
OFF-ACM-10004895,111,20
TEC-STA-10001487,73,20
OFF-SAN-10002020,67,20
OFF-BIC-10001458,60,20
OFF-AVE-10004828,82,20
TEC-PH-10003970,99,20
OFF-LA-10003955,72,20
OFF-ST-10002522,36,20
OFF-EN-10003071,3,20
OFF-FA-10002708,40,20
OFF-SU-10002550,80,20
TEC-MA-10001624,84,20
OFF-AR-10002060,72,20
OFF-PA-10004326,122,20
TEC-CO-10002674,52,20
OFF-LA-10000219,61,20
OFF-LA-10002319,75,20
OFF-BI-10001670,10,20
OFF-PA-10001800,108,20
OFF-AR-10002280,51,20
OFF-PA-10004996,96,20
OFF-PA-10004519,63,20
OFF-PA-10000807,92,20
OFF-AP-10002311,104,20
OFF-ROG-10002294,112,20
OFF-CAR-10003703,56,20
OFF-STI-10001743,40,20
OFF-CAR-10004661,60,20
OFF-OIC-10004622,9,20
OFF-BI-10000816,46,20
TEC-AC-10004853,48,20
FUR-CH-10000966,56,20
OFF-FA-10004734,85,20
OFF-BI-10003114,57,20
OFF-FA-10002577,82,20
OFF-AR-10000491,105,20
OFF-LA-10003396,84,20
OFF-LA-10003627,123,20
OFF-SU-10002961,47,20
OFF-LA-10004114,119,20
OFF-FA-10003819,44,20
OFF-LA-10004398,89,20
OFF-AR-10003156,43,20
TEC-PH-10000169,113,20
OFF-PA-10001307,86,20
OFF-FA-10000089,36,20
FUR-FU-10002268,59,20
OFF-PA-10003349,47,20
OFF-AP-10002287,4,20
FUR-FU-10002111,85,20
OFF-PA-10003256,92,20
OFF-NOV-10004671,68,20
OFF-JIF-10003115,5,20
OFF-NOV-10000787,37,20
OFF-BIN-10004563,93,20
FUR-FU-10002659,104,20
OFF-LA-10002354,82,20
OFF-ST-10000290,98,20
OFF-AR-10004920,53,20
OFF-BI-10004142,101,20
OFF-LA-10001038,116,20
OFF-FA-10000577,107,20
OFF-FA-10002791,110,20
TEC-PH-10004071,39,20
OFF-PA-10003424,101,20
OFF-BI-10002309,45,20
TEC-MA-10000752,102,20
OFF-AVE-10002892,103,20
OFF-AVE-10004909,3,20
OFF-STA-10003803,97,20
OFF-FEL-10004974,63,20
OFF-CAM-10001341,116,20
OFF-ENE-10002833,46,20
FUR-OFF-10001552,111,20
OFF-BI-10000506,75,20
OFF-FA-10004775,36,20
OFF-LA-10003515,71,20
OFF-LA-10002868,79,20
OFF-EN-10000251,114,20
OFF-ST-10000442,82,20
OFF-BI-10004861,58,20
OFF-BI-10001685,56,20
OFF-EN-10004590,45,20
OFF-LA-10000984,92,20
OFF-BI-10000721,80,20
OFF-PA-10003405,63,20
OFF-BI-10002005,69,20
TEC-AC-10004633,18,20
OFF-BI-10001989,8,20
OFF-BI-10000632,49,20
OFF-SU-10000946,94,20
OFF-PA-10002377,76,20
TEC-PH-10002365,77,20
OFF-ST-10003996,114,20
OFF-PA-10000295,108,20
OFF-STO-10003728,83,20
FUR-ELD-10004727,98,20
OFF-GLO-10004430,66,20
OFF-OIC-10000988,98,20
FUR-FU-10002004,36,20
FUR-FU-10000944,58,20
OFF-LA-10002673,121,20
OFF-PA-10000863,100,20
OFF-FA-10003836,72,20
OFF-BI-10001384,65,20
OFF-BI-10002243,60,20
OFF-AR-10004817,63,20
FUR-FU-10004164,101,20
FUR-FU-10000771,12,20
OFF-BI-10000315,112,20
TEC-AC-10003499,59,20
OFF-AVE-10004148,82,20
FUR-RUB-10003411,99,20
OFF-FA-10001427,87,20
OFF-LA-10004318,101,20
OFF-SU-10001412,124,20
OFF-LA-10001634,52,20
OFF-PA-10000745,43,20
OFF-PA-10002944,72,20
OFF-EN-10000714,121,20
OFF-SU-10003277,55,20
OFF-FA-10001724,99,20
OFF-LA-10001672,7,20
FUR-FU-10002665,61,20
OFF-LA-10004745,104,20
OFF-LA-10002939,78,20
OFF-BI-10002072,62,20
OFF-BI-10001078,79,20
OFF-PA-10003651,3,20
FUR-FU-10004848,74,20
OFF-PA-10000552,37,20
OFF-BI-10001721,110,20
OFF-PA-10003845,110,20
OFF-SU-10003936,100,20
OFF-STI-10000697,80,20
OFF-STA-10002719,120,20
FUR-IKE-10003642,121,20
OFF-STA-10001747,64,20
OFF-FIS-10002784,103,20
OFF-EN-10003559,43,20
OFF-SU-10004904,119,20
OFF-LA-10003898,45,20
OFF-FA-10002427,103,20
OFF-FA-10004265,100,20
OFF-BI-10003642,122,20
OFF-BI-10000844,65,20
OFF-LA-10001185,67,20
FUR-FU-10001477,73,20
OFF-AR-10000720,16,20
OFF-BI-10001096,80,20
OFF-PA-10003033,71,20
OFF-BI-10002975,94,20
OFF-AR-10001246,65,20
OFF-ST-10000344,45,20
OFF-BI-10004828,121,20
OFF-BI-10000977,36,20
OFF-STO-10003082,61,20
OFF-XER-10000641,5,20
OFF-CAM-10004271,36,20
FUR-NOV-10002911,55,20
OFF-KRA-10001967,92,20
OFF-ENE-10000199,39,20
OFF-KRA-10004892,86,20
OFF-FA-10004206,79,20
OFF-EN-10000358,119,20
OFF-FA-10003007,54,20
OFF-LA-10004933,95,20
OFF-AR-10003913,72,20
OFF-BI-10002681,6,20
OFF-LA-10002635,59,20
OFF-LA-10000598,36,20
OFF-FA-10003161,66,20
FUR-CH-10001146,60,20
OFF-PA-10002005,104,20
OFF-BI-10004224,75,20
OFF-PA-10001166,101,20
OFF-BI-10002353,35,20
OFF-HAR-10001855,85,20
OFF-SAN-10000844,39,20
OFF-EAT-10000820,47,20
TEC-OKI-10003770,53,20
FUR-ELD-10000038,46,20
OFF-AVE-10000894,82,20
OFF-ENE-10000012,59,20
OFF-AME-10000244,91,20
OFF-KRA-10000113,69,20
OFF-FA-10002526,110,20
OFF-PA-10003301,39,20
OFF-SU-10001476,4,20
OFF-FA-10004709,56,20
OFF-FA-10003463,111,20
OFF-LA-10000039,91,20
OFF-AR-10000475,17,20
OFF-BI-10001717,88,20
FUR-FU-10004689,37,20
OFF-BI-10004903,87,20
OFF-SU-10003527,118,20
OFF-AR-10002665,65,20
OFF-FA-10003615,103,20
OFF-EN-10003435,122,20
OFF-LA-10001538,67,20
OFF-AR-10000125,106,20
OFF-PA-10002893,122,20
TEC-AC-10003116,84,20
OFF-BI-10004236,118,20
OFF-SU-10002189,50,20
FUR-FU-10003194,110,20
FUR-FU-10001085,111,20
OFF-AP-10000124,15,20
OFF-PA-10004285,73,20
OFF-BI-10003707,123,20
OFF-AR-10001761,80,20
OFF-ADV-10000425,122,20
FUR-SAF-10002121,81,20
OFF-HAR-10004816,78,20
OFF-XER-10003329,43,20
OFF-CAM-10000497,121,20
FUR-ADV-10001855,84,20
OFF-FA-10002100,111,20
OFF-EN-10004560,94,20
OFF-LA-10001618,49,20
OFF-FA-10000154,70,20
OFF-AR-10001626,97,20
OFF-LA-10001546,103,20
OFF-AR-10001988,120,20
OFF-PA-10004255,114,20
OFF-PA-10004022,75,20
OFF-PA-10004082,12,20
OFF-BI-10003719,10,20
FUR-FU-10002445,116,20
TEC-PH-10000148,83,20
OFF-FA-10000254,52,20
OFF-PA-10004610,41,20
OFF-ENE-10003314,38,20
OFF-STO-10000007,124,20
OFF-ELD-10002578,103,20
OFF-AR-10003680,94,20
FUR-FU-10004427,89,20
OFF-SU-10003629,50,20
OFF-LA-10003583,124,20
OFF-BI-10002040,116,20
OFF-LA-10003390,63,20
OFF-SU-10003332,57,20
OFF-LA-10002876,48,20
OFF-FA-10001126,113,20
OFF-EN-10000726,83,20
OFF-LA-10002180,67,20
OFF-LA-10001731,59,20
OFF-EN-10003862,7,20
TEC-PH-10000923,51,20
OFF-EN-10002973,57,20
OFF-LA-10004409,91,20
OFF-LA-10000407,115,20
OFF-LA-10004093,92,20
OFF-AR-10003394,48,20
OFF-BI-10003694,54,20
TEC-AC-10002217,64,20
OFF-IBI-10000080,53,20
OFF-HON-10001783,87,20
OFF-NOV-10004048,90,20
OFF-ELD-10000967,111,20
OFF-WIL-10001801,116,20
OFF-AVE-10004412,9,20
OFF-IBI-10004074,96,20
OFF-HAR-10003580,67,20
TEC-SAN-10001899,52,20
OFF-BI-10003472,107,20
OFF-AR-10003336,67,20
OFF-FA-10004410,18,20
OFF-FA-10003879,95,20
OFF-ST-10001413,88,20
OFF-LA-10000296,51,20
OFF-FA-10003462,53,20
FUR-FU-10002557,104,20
OFF-EN-10002065,68,20
OFF-PA-10000809,118,20
OFF-AR-10000127,59,20
OFF-PA-10002479,102,20
TEC-PH-10002185,108,20
OFF-PA-10000048,108,20
OFF-AR-10003986,122,20
OFF-STA-10004327,119,20
OFF-SAN-10004232,45,20
TEC-CIS-10000436,50,20
OFF-ENE-10001356,124,20
OFF-ROG-10002866,95,20
OFF-BIN-10000561,114,20
OFF-AVE-10000110,41,20
OFF-LA-10002895,18,20
OFF-BI-10002937,50,20
OFF-ST-10001227,74,20
OFF-PA-10001761,46,20
OFF-ST-10003800,69,20
OFF-FA-10003542,55,20
OFF-BI-10000815,84,20
OFF-LA-10002752,77,20
OFF-AR-10001546,51,20
OFF-FA-10000834,18,20
OFF-BI-10001867,75,20
OFF-SU-10004575,40,20
OFF-AR-10000658,122,20
OFF-PA-10000019,61,20
OFF-AR-10004930,54,20
OFF-BI-10000088,59,20
OFF-BI-10000962,100,20
OFF-AP-10000804,43,20
OFF-BI-10003984,87,20
OFF-PA-10000520,95,20
FUR-FU-10003731,8,20
OFF-WIL-10002772,37,20
OFF-AME-10003180,118,20
OFF-SME-10002870,104,20
OFF-XER-10001513,89,20
OFF-KLE-10002550,35,20
OFF-HAR-10001913,104,20
OFF-OIC-10004999,79,20
OFF-FA-10003931,81,20
OFF-EN-10000543,113,20
OFF-LA-10000950,60,20
OFF-SU-10004115,48,20
OFF-AR-10001419,88,20
OFF-EN-10002312,105,20
FUR-FU-10001967,80,20
FUR-FU-10000320,65,20
OFF-SU-10004661,122,20
TEC-PH-10000702,93,20
OFF-BI-10002026,63,20
OFF-BI-10000474,51,20
FUR-ELD-10001413,16,20
OFF-STO-10001150,70,20
OFF-AVE-10000065,92,20
OFF-KRA-10002752,58,20
OFF-GLO-10003650,15,20
OFF-ADV-10003369,97,20
OFF-AVE-10000802,59,20
OFF-SAN-10004602,93,20
OFF-EN-10003175,66,20
OFF-PA-10001470,116,20
OFF-EN-10003898,52,20
OFF-SU-10001368,71,20
OFF-ST-10001372,60,20
OFF-FA-10002652,43,20
FUR-FU-10002957,98,20
OFF-LA-10002733,106,20
OFF-ST-10004841,54,20
OFF-BI-10003713,88,20
OFF-FA-10001650,120,20
OFF-EN-10001715,117,20
FUR-FU-10004415,16,20
FUR-FU-10003832,87,20
OFF-BI-10001617,97,20
OFF-ST-10002214,45,20
OFF-EN-10004459,65,20
OFF-ROG-10001549,83,20
OFF-NOV-10000721,121,20
OFF-ROG-10003733,53,20
OFF-IBI-10000959,46,20
OFF-SU-10004780,49,20
OFF-LA-10002650,65,20
OFF-EN-10003636,77,20
OFF-AR-10000845,71,20
OFF-PA-10003105,113,20
OFF-LA-10001830,63,20
OFF-EN-10001154,60,20
OFF-FA-10002058,36,20
OFF-FA-10000197,118,20
FUR-FU-10001424,49,20
OFF-PA-10001685,6,20
OFF-ST-10002406,6,20
OFF-BI-10002225,120,20
OFF-BOS-10000477,84,20
OFF-HON-10002389,72,20
OFF-STI-10000305,57,20
OFF-ACM-10002816,93,20
OFF-SAN-10001326,124,20
OFF-ADV-10001124,109,20
OFF-NOV-10000092,62,20
OFF-PA-10002303,100,20
OFF-FA-10003058,42,20
OFF-BI-10003400,63,20
TEC-MA-10003261,45,20
FUR-FU-10000295,52,20
OFF-AR-10000091,89,20
OFF-BI-10002047,84,20
OFF-LA-10000519,48,20
OFF-ST-10002340,108,20
OFF-BI-10000267,43,20
OFF-BI-10000439,45,20
OFF-LA-10003848,17,20
OFF-ST-10002791,110,20
OFF-BOS-10001753,101,20
TEC-PH-10002844,87,20
FUR-FU-10003878,73,20
OFF-BI-10002706,112,20
OFF-FA-10004395,90,20
OFF-SU-10002557,62,20
OFF-PA-10003016,109,20
OFF-AP-10003971,73,20
OFF-PA-10003441,59,20
OFF-AR-10002766,55,20
OFF-SME-10004740,44,20
OFF-JIF-10000843,77,20
OFF-ENE-10003066,17,20
OFF-HAR-10004099,117,20
OFF-PA-10004531,82,20
OFF-BI-10004428,120,20
OFF-BI-10000631,55,20
FUR-FU-10003283,94,20
FUR-FU-10004903,6,20
OFF-BI-10003718,84,20
FUR-FU-10001008,57,20
OFF-BI-10002296,47,20
OFF-FA-10003529,103,20
OFF-BI-10001900,38,20
OFF-SU-10001657,112,20
OFF-FA-10004665,106,20
OFF-LA-10001284,43,20
OFF-LA-10002741,69,20
OFF-LA-10002633,55,20
OFF-ST-10000617,92,20
TEC-AC-10002399,52,20
OFF-PA-10001804,106,20
OFF-ST-10001128,115,20
OFF-BI-10004230,77,20
OFF-EN-10003134,40,20
FUR-FU-10000175,120,20
OFF-SU-10004290,112,20
OFF-HON-10003230,101,20
OFF-SAN-10003368,14,20
OFF-LA-10001019,46,20
OFF-LA-10001677,100,20
OFF-LA-10004312,36,20
OFF-EN-10002624,49,20
OFF-LA-10000897,57,20
OFF-AR-10000751,63,20
OFF-ST-10004097,115,20
OFF-BI-10001804,41,20
OFF-LA-10002272,16,20
OFF-LA-10004488,62,20
OFF-EN-10000387,48,20
OFF-LA-10003155,78,20
OFF-BI-10001636,64,20
OFF-BI-10002498,115,20
OFF-AR-10004165,66,20
OFF-PA-10000223,104,20
OFF-LA-10002945,122,20
OFF-BIC-10003800,40,20
OFF-NOV-10003578,61,20
OFF-BOS-10000577,4,20
OFF-SME-10004256,122,20
OFF-SU-10004192,58,20
OFF-LA-10003337,68,20
OFF-FA-10004781,74,20
OFF-FA-10000455,81,20
OFF-SU-10003632,113,20
OFF-FA-10002248,109,20
OFF-LA-10000356,120,20
OFF-BI-10004098,58,20
OFF-BI-10002594,99,20
OFF-LA-10003132,52,20
OFF-FA-10002101,78,20
OFF-PA-10004101,110,20
OFF-LA-10004008,91,20
OFF-ST-10004835,62,20
TEC-AC-10001714,105,20
OFF-PA-10000605,57,20
OFF-SME-10004247,119,20
OFF-STO-10004496,68,20
OFF-OIC-10004253,13,20
OFF-AME-10000870,120,20
OFF-SAN-10004824,69,20
OFF-LA-10001800,76,20
OFF-BI-10004148,14,20
OFF-BI-10000769,116,20
OFF-PA-10004501,112,20
OFF-ST-10003335,116,20
OFF-LA-10004753,58,20
OFF-FA-10002715,42,20
FUR-FU-10001351,87,20
OFF-FA-10001702,106,20
OFF-LA-10004919,38,20
OFF-LA-10002744,39,20
OFF-FA-10003015,83,20
OFF-PA-10004735,64,20
OFF-PA-10004405,106,20
OFF-PA-10004355,97,20
FUR-FU-10001861,81,20
OFF-EN-10004846,60,20
OFF-LA-10002043,11,20
OFF-PA-10000143,71,20
OFF-ELD-10002207,41,20
OFF-STA-10003027,74,20
OFF-AVE-10004570,73,20
OFF-BOS-10001711,96,20
OFF-SME-10004519,112,20
OFF-AR-10002096,87,20
OFF-PA-10002193,38,20
OFF-PA-10002818,116,20
OFF-SU-10004091,59,20
OFF-AR-10002811,41,20
OFF-BI-10002715,62,20
OFF-BI-10004275,103,20
OFF-FA-10003659,101,20
OFF-BI-10000312,54,20
OFF-BI-10000894,117,20
OFF-BI-10002738,45,20
OFF-BI-10002083,101,20
OFF-FA-10001621,9,20
OFF-SU-10003780,9,20
TEC-AC-10002331,57,20
FUR-FU-10002107,95,20
OFF-AR-10002987,105,20
OFF-PA-10004239,68,20
OFF-BI-10001196,53,20
OFF-AR-10000203,92,20
OFF-BOS-10002705,43,20
OFF-XER-10003203,82,20
OFF-ACC-10000375,116,20
OFF-ROG-10001818,75,20
OFF-BIN-10003327,82,20
FUR-ADV-10003147,79,20
OFF-BOS-10003478,59,20
OFF-LA-10000448,112,20
OFF-LA-10002063,59,20
OFF-AR-10001738,53,20
FUR-FU-10004790,73,20
FUR-FU-10004923,113,20
OFF-AR-10002535,114,20
OFF-ST-10001195,13,20
OFF-FA-10001925,108,20
OFF-LA-10000322,97,20
OFF-FA-10001563,102,20
OFF-EN-10000219,53,20
OFF-LA-10004714,62,20
FUR-FU-10003724,119,20
FUR-FU-10000732,112,20
OFF-EN-10003845,67,20
OFF-BIN-10001257,44,20
OFF-AME-10000360,117,20
OFF-STO-10004910,64,20
FUR-NOV-10000222,56,20
OFF-AME-10003167,37,20
FUR-DEF-10002865,7,20
OFF-TEN-10001480,116,20
OFF-OIC-10004810,109,20
OFF-EAT-10002463,82,20
OFF-OIC-10004536,36,20
OFF-LA-10003809,110,20
OFF-AR-10002677,8,20
OFF-ST-10003729,40,20
OFF-ST-10002466,74,20
OFF-LA-10001202,36,20
OFF-LA-10002295,107,20
OFF-EN-10002850,36,20
OFF-BI-10003018,108,20
OFF-PA-10003938,89,20
OFF-ST-10003274,106,20
FUR-FU-10000921,94,20
OFF-LA-10002806,40,20
OFF-ST-10000025,53,20
OFF-BI-10002003,61,20
OFF-PA-10004675,35,20
OFF-BI-10004492,67,20
OFF-EN-10003068,74,20
OFF-ST-10001590,66,20
OFF-PA-10003270,103,20
OFF-FEL-10001343,51,20
OFF-ELD-10001293,42,20
OFF-HAR-10000242,11,20
OFF-ACC-10004748,76,20
OFF-SME-10001754,43,20
OFF-HON-10004621,121,20
OFF-STO-10000753,69,20
OFF-ELI-10001812,105,20
OFF-ST-10002546,113,20
OFF-LA-10004164,87,20
OFF-BI-10001362,88,20
OFF-FA-10000300,6,20
OFF-BI-10001284,59,20
OFF-LA-10002258,101,20
OFF-LA-10000714,96,20
OFF-FA-10000087,89,20
OFF-BI-10004195,80,20
OFF-LA-10003969,58,20
OFF-BI-10003440,80,20
FUR-CH-10004969,56,20
OFF-LA-10000648,45,20
OFF-LA-10000216,82,20
OFF-FA-10000353,10,20
OFF-BI-10003917,73,20
OFF-EN-10001958,69,20
FUR-FU-10001475,83,20
OFF-LA-10003223,80,20
OFF-FA-10001229,72,20
OFF-ACC-10003925,42,20
OFF-BIC-10001510,88,20
OFF-ACM-10000570,71,20
OFF-AME-10002376,74,20
OFF-STO-10000347,68,20
TEC-CO-10001037,113,20
OFF-BI-10000542,51,20
OFF-LA-10000203,67,20
TEC-AC-10003955,81,20
OFF-AR-10003551,86,20
OFF-ST-10002233,114,20
OFF-PA-10002295,43,20
OFF-FA-10003139,67,20
OFF-LA-10000688,94,20
OFF-BI-10003588,3,20
OFF-PA-10001560,111,20
OFF-PA-10000726,55,20
OFF-PA-10001892,92,20
OFF-PA-10004451,7,20
OFF-BI-10003669,103,20
OFF-PA-10002262,44,20
OFF-PA-10001934,40,20
OFF-BI-10000822,47,20
OFF-AP-10003281,99,20
OFF-NOV-10002952,54,20
OFF-CAR-10003259,91,20
OFF-AVE-10001079,80,20
OFF-STI-10001162,42,20
OFF-LA-10003140,44,20
OFF-AR-10004218,107,20
OFF-FA-10000038,101,20
OFF-BI-10000280,45,20
TEC-PH-10003764,46,20
OFF-BI-10002986,44,20
OFF-EN-10003601,11,20
OFF-LA-10001092,83,20
OFF-BI-10002919,83,20
OFF-LA-10001444,123,20
OFF-EN-10003072,45,20
FUR-FU-10000221,96,20
OFF-BI-10003305,70,20
OFF-LA-10001982,73,20
OFF-PA-10000528,87,20
OFF-HON-10003010,124,20
OFF-SAN-10002441,112,20
OFF-KLE-10001794,90,20
OFF-TEN-10003127,35,20
OFF-ADV-10003125,90,20
OFF-ELD-10003918,38,20
OFF-STO-10004841,64,20
OFF-ACC-10001993,46,20
OFF-FA-10002895,69,20
OFF-LA-10002183,111,20
FUR-FU-10004015,6,20
TEC-AC-10000151,17,20
OFF-FA-10004649,121,20
FUR-FU-10003658,102,20
TEC-MA-10001267,86,20
OFF-FA-10004027,114,20
FUR-FU-10003214,41,20
FUR-FU-10000628,56,20
OFF-LA-10002596,109,20
OFF-LA-10004756,90,20
OFF-EN-10002003,92,20
OFF-FA-10003954,98,20
OFF-PA-10000955,46,20
OFF-AR-10001130,41,20
OFF-LA-10002195,89,20
OFF-PA-10004156,96,20
OFF-NOV-10001753,124,20
OFF-ACC-10003806,107,20
TEC-BEL-10004950,111,20
OFF-AVE-10004536,89,20
OFF-WIL-10002153,70,20
OFF-KLE-10000527,11,20
OFF-CAR-10000687,58,20
OFF-AVE-10004308,78,20
OFF-HAR-10002479,51,20
OFF-LA-10000116,36,20
OFF-LA-10003372,47,20
OFF-AR-10000740,65,20
OFF-LA-10002972,62,20
OFF-LA-10002651,94,20
OFF-LA-10002703,61,20
OFF-FA-10002481,49,20
OFF-BI-10002558,113,20
OFF-EN-10001528,67,20
FUR-FU-10002885,54,20
OFF-PA-10001569,12,20
OFF-AR-10000614,46,20
OFF-ST-10001325,107,20
TEC-AC-10002018,57,20
OFF-PA-10001752,106,20
TEC-PH-10002583,48,20
OFF-AP-10004708,13,20
OFF-IBI-10000440,59,20
OFF-STO-10004302,111,20
OFF-OIC-10001155,119,20
OFF-STA-10001895,65,20
OFF-BI-10000325,88,20
OFF-LA-10000633,39,20
OFF-AR-10004818,47,20
OFF-AR-10004173,62,20
OFF-BI-10001248,77,20
TEC-CO-10000372,123,20
OFF-LA-10004543,81,20
OFF-BI-10001055,105,20
OFF-BI-10000341,72,20
OFF-LA-10004132,101,20
OFF-LA-10002765,96,20
OFF-AP-10001529,73,20
OFF-FA-10004606,71,20
OFF-BI-10000069,120,20
OFF-AR-10001166,42,20
OFF-SU-10002522,3,20
FUR-FU-10002191,86,20
OFF-LA-10002475,67,20
FUR-FU-10004053,115,20
OFF-ACC-10002849,76,20
OFF-GLO-10000201,110,20
OFF-AVE-10003558,61,20
OFF-WIL-10001979,42,20
FUR-TEN-10003648,57,20
OFF-STO-10000923,14,20
OFF-KLE-10001317,98,20
OFF-ACC-10002425,54,20
OFF-STA-10000298,50,20
OFF-STO-10003342,51,20
OFF-FA-10000467,114,20
OFF-FA-10004813,53,20
OFF-BI-10000126,42,20
OFF-PA-10000032,72,20
OFF-LA-10004239,72,20
OFF-SU-10002627,87,20
OFF-FA-10002268,15,20
OFF-BI-10000124,124,20
OFF-LA-10002943,65,20
OFF-LA-10003381,78,20
OFF-LA-10004430,94,20
TEC-AC-10002568,110,20
OFF-BI-10000777,51,20
OFF-BI-10002684,113,20
OFF-LA-10000959,107,20
OFF-BI-10000724,73,20
TEC-AC-10001445,76,20
OFF-AR-10000034,82,20
OFF-PA-10003543,46,20
FUR-FU-10001940,123,20
OFF-PA-10000304,52,20
TEC-PH-10003655,113,20
OFF-EN-10002621,40,20
OFF-PA-10002109,77,20
TEC-AC-10004877,69,20
OFF-AR-10004269,88,20
OFF-PA-10000743,11,20
OFF-SME-10004160,96,20
OFF-SME-10003746,103,20
OFF-TEN-10003948,116,20
OFF-KLE-10000228,18,20
OFF-ACC-10002834,42,20
OFF-CAR-10004229,123,20
OFF-STO-10001839,124,20
OFF-OIC-10003518,120,20
OFF-STO-10004495,65,20
OFF-AR-10004652,44,20
FUR-FU-10000342,90,20
OFF-LA-10004777,110,20
OFF-EN-10003999,104,20
OFF-BI-10003503,54,20
OFF-EN-10003832,39,20
OFF-PA-10000601,57,20
OFF-LA-10003617,43,20
OFF-FA-10004545,92,20
OFF-PA-10002751,93,20
OFF-AR-10000896,15,20
OFF-AR-10000315,114,20
OFF-BI-10001072,88,20
FUR-FU-10001847,80,20
OFF-AP-10003622,56,20
OFF-PA-10000859,98,20
OFF-BI-10003429,42,20
OFF-SME-10003305,54,20
OFF-TEN-10002065,85,20
OFF-NOV-10004585,112,20
OFF-AVE-10000909,73,20
OFF-ACC-10000233,71,20
OFF-SAN-10001295,84,20
OFF-SME-10004518,68,20
OFF-BOS-10002558,109,20
OFF-LA-10002598,67,20
OFF-ST-10003331,65,20
OFF-BI-10001598,88,20
OFF-BI-10004080,78,20
OFF-FA-10004920,4,20
FUR-FU-10003414,4,20
OFF-BI-10002523,105,20
FUR-FU-10002751,96,20
FUR-BO-10004119,57,20
OFF-LA-10001413,80,20
OFF-AR-10000799,90,20
OFF-LA-10003778,41,20
OFF-BI-10003646,123,20
OFF-BI-10001067,95,20
OFF-PA-10004613,37,20
OFF-EN-10004144,72,20
OFF-LA-10000707,118,20
OFF-BI-10003323,68,20
OFF-LA-10003714,78,20
OFF-PA-10000380,64,20
FUR-FU-10002505,51,20
OFF-GRE-10000328,93,20
OFF-EAT-10001933,44,20
FUR-DEF-10004355,118,20
OFF-NOV-10003180,52,20
OFF-CAR-10004408,15,20
OFF-ELD-10000819,93,20
OFF-ENE-10002038,96,20
OFF-SAN-10004339,93,20
OFF-WIL-10003933,83,20
OFF-BIN-10002061,97,20
OFF-HON-10004800,121,20
OFF-LA-10000970,66,20
OFF-BI-10000188,44,20
OFF-EN-10004030,45,20
OFF-LA-10002782,104,20
OFF-LA-10002625,96,20
OFF-BI-10000583,81,20
OFF-LA-10000732,68,20
OFF-BI-10004369,6,20
OFF-PA-10003906,51,20
OFF-BI-10000518,88,20
OFF-EN-10000224,110,20
OFF-BI-10000373,119,20
OFF-LA-10003663,74,20
OFF-FA-10002701,5,20
OFF-BI-10001658,101,20
FUR-FU-10000023,116,20
OFF-BI-10004965,87,20
OFF-PA-10002160,98,20
OFF-SU-10000432,117,20
OFF-LA-10002473,81,20
OFF-AR-10001231,40,20
OFF-LA-10002271,50,20
OFF-FA-10001135,106,20
OFF-AVE-10004708,52,20
OFF-SME-10001800,86,20
OFF-BIC-10000041,82,20
FUR-ADV-10003326,77,20
OFF-CAM-10003488,73,20
OFF-STO-10004503,83,20
OFF-ADV-10000331,46,20
OFF-HAR-10000495,44,20
OFF-BI-10002222,105,20
OFF-LA-10002883,89,20
OFF-LA-10001294,3,20
OFF-BI-10004305,83,20
OFF-PA-10002258,70,20
OFF-LA-10004495,55,20
OFF-FA-10001684,71,20
OFF-BI-10003152,58,20
OFF-EN-10003484,89,20
OFF-AR-10002852,59,20
OFF-SU-10001137,41,20
OFF-BI-10000121,17,20
OFF-LA-10000767,115,20
OFF-BI-10002712,105,20
OFF-BI-10002386,105,20
OFF-FA-10004854,58,20
OFF-PA-10003072,45,20
OFF-EN-10004483,107,20
OFF-AR-10001177,46,20
TEC-AC-10004209,69,20
OFF-BI-10001758,97,20
OFF-ACC-10004692,102,20
OFF-IBI-10000099,6,20
OFF-ACM-10000777,91,20
OFF-HAR-10001714,47,20
OFF-HAR-10000501,57,20
OFF-STO-10002857,117,20
OFF-ACM-10003591,73,20
OFF-TEN-10001585,122,20
OFF-IBI-10000951,114,20
OFF-STA-10000244,46,20
OFF-SU-10003485,68,20
OFF-EN-10003661,105,20
OFF-FA-10004186,109,20
OFF-FA-10001401,65,20
OFF-AR-10000719,96,20
OFF-BI-10004054,47,20
OFF-LA-10004332,65,20
OFF-LA-10003283,36,20
OFF-BI-10002301,49,20
OFF-BI-10004440,91,20
OFF-FA-10003962,109,20
OFF-LA-10002107,4,20
OFF-LA-10004462,102,20
OFF-BI-10001135,109,20
OFF-LA-10003077,63,20
OFF-FA-10004076,4,20
OFF-PA-10000174,50,20
OFF-PA-10002195,73,20
OFF-BI-10004506,111,20
OFF-CAM-10001690,71,20
OFF-ROG-10002279,115,20
OFF-EAT-10001303,55,20
OFF-HON-10000966,78,20
OFF-BIC-10003575,53,20
FUR-ADV-10004395,105,20
OFF-OIC-10003879,42,20
OFF-IBI-10003422,111,20
OFF-BIN-10004569,100,20
FUR-CH-10004062,75,20
TEC-AC-10001948,109,20
FUR-FU-10004842,122,20
OFF-LA-10003821,8,20
OFF-FA-10004626,95,20
OFF-BI-10000185,60,20
OFF-LA-10001287,105,20
OFF-EN-10003604,117,20
OFF-AR-10001898,104,20
OFF-EN-10001991,63,20
OFF-EN-10003391,100,20
OFF-FA-10003779,53,20
OFF-AP-10001824,102,20
OFF-AP-10000696,92,20
OFF-PA-10000029,104,20
OFF-FA-10002780,91,20
OFF-AR-10003481,71,20
OFF-FA-10002763,95,20
FUR-FU-10001473,64,20
OFF-AP-10004868,105,20
OFF-PA-10002947,107,20
FUR-FU-10002240,59,20
OFF-PA-10002689,3,20
OFF-PA-10001950,17,20
OFF-TEN-10003211,99,20
OFF-CAM-10001761,40,20
OFF-AME-10002949,52,20
OFF-HON-10001723,44,20
OFF-GRE-10001814,45,20
OFF-ACC-10004182,99,20
OFF-WIL-10000986,111,20
OFF-CAR-10004886,118,20
OFF-SME-10001149,99,20
OFF-GLO-10000617,86,20
OFF-SME-10000675,101,20
OFF-BI-10001167,116,20
OFF-PA-10001448,112,20
OFF-FA-10004377,65,20
OFF-SU-10001683,51,20
OFF-FA-10003929,89,20
OFF-BI-10001191,70,20
OFF-LA-10004182,60,20
OFF-BI-10001544,87,20
OFF-LA-10001184,3,20
OFF-ST-10000752,120,20
OFF-LA-10003236,59,20
OFF-LA-10002493,36,20
OFF-AR-10003875,120,20
OFF-LA-10001404,39,20
OFF-PA-10000533,38,20
OFF-BI-10000829,70,20
TEC-PH-10003988,40,20
OFF-BI-10000216,55,20
OFF-PA-10001622,111,20
OFF-AR-10002467,123,20
OFF-BI-10004308,60,20
OFF-PA-10002245,89,20
TEC-AC-10000199,9,20
OFF-PA-10002137,118,20
OFF-ACC-10002772,67,20
OFF-STA-10000155,48,20
OFF-SME-10004754,90,20
OFF-BIN-10000711,115,20
OFF-FEL-10002399,7,20
FUR-RUB-10002021,80,20
OFF-ACC-10004430,50,20
OFF-STO-10001310,50,20
OFF-EAT-10004307,118,20
OFF-BIC-10003654,63,20
FUR-ELD-10003828,42,20
OFF-BOS-10004950,122,20
OFF-ACC-10004008,37,20
OFF-HON-10001508,123,20
OFF-SU-10000066,53,20
OFF-LA-10001256,100,20
OFF-FA-10000099,113,20
TEC-MA-10000261,120,20
OFF-LA-10003231,108,20
OFF-ST-10001694,116,20
OFF-LA-10000095,56,20
OFF-PA-10004815,80,20
OFF-AR-10001922,47,20
OFF-ST-10003606,67,20
OFF-PA-10002514,7,20
OFF-PA-10001006,124,20
OFF-BI-10001347,111,20
OFF-BI-10001982,61,20
OFF-AR-10003560,112,20
OFF-AR-10000369,58,20
OFF-BI-10002824,101,20
OFF-BI-10002103,97,20
OFF-AR-10003477,82,20
OFF-EAT-10004051,17,20
OFF-BIC-10002722,112,20
OFF-KRA-10002094,46,20
OFF-TEN-10000827,62,20
OFF-BIN-10002407,78,20
OFF-SAN-10003041,77,20
OFF-LA-10001582,51,20
FUR-FU-10003901,74,20
FUR-FU-10000350,83,20
OFF-AR-10002153,119,20
OFF-SU-10001851,91,20
FUR-BO-10003221,9,20
OFF-BI-10000397,118,20
OFF-BI-10000171,98,20
TEC-AC-10003407,109,20
OFF-AR-10001940,91,20
OFF-AR-10003958,108,20
OFF-BI-10004410,108,20
TEC-PH-10003442,104,20
OFF-LA-10000443,122,20
OFF-LA-10004425,110,20
OFF-PA-10003790,77,20
OFF-AP-10004052,57,20
OFF-PA-10001870,61,20
OFF-AR-10001216,92,20
OFF-BI-10000174,71,20
OFF-AR-10002053,40,20
OFF-AR-10003856,99,20
OFF-ELD-10001882,40,20
OFF-CAM-10001177,84,20
OFF-BIN-10001274,56,20
OFF-ADV-10000213,11,20
TEC-MEM-10000263,122,20
OFF-ACC-10004871,59,20
OFF-SME-10000258,113,20
TEC-ENE-10001355,12,20
OFF-SAN-10004618,106,20
FUR-FU-10000488,85,20
OFF-FA-10000091,122,20
OFF-LA-10002980,82,20
OFF-FA-10001567,104,20
OFF-PA-10000091,99,20
OFF-BI-10001892,94,20
OFF-BI-10002062,80,20
OFF-LA-10000151,70,20
TEC-AC-10001719,92,20
OFF-BI-10000821,110,20
OFF-PA-10000816,72,20
OFF-AR-10003031,45,20
OFF-LA-10001764,46,20
OFF-BI-10001324,76,20
OFF-PA-10000130,4,20
OFF-AR-10004752,73,20
OFF-PA-10002787,105,20
OFF-PA-10000682,45,20
OFF-LA-10002381,70,20
OFF-AR-10000657,86,20
FUR-FU-10001731,65,20
FUR-DEF-10003140,67,20
OFF-OIC-10002160,47,20
OFF-JIF-10003890,52,20
OFF-AME-10000851,75,20
OFF-OIC-10002266,92,20
OFF-FEL-10000998,90,20
OFF-AVE-10000608,58,20
OFF-KLE-10002869,107,20
OFF-STA-10004484,65,20
OFF-EAT-10000522,89,20
OFF-LA-10002389,44,20
OFF-EN-10002226,94,20
OFF-FA-10002286,4,20
OFF-PA-10002011,8,20
OFF-FA-10000713,49,20
FUR-FU-10004888,37,20
FUR-CH-10004676,77,20
OFF-AR-10003113,65,20
OFF-PA-10003943,104,20
OFF-BI-10000960,101,20
TEC-AC-10000290,90,20
OFF-FA-10001754,97,20
OFF-BI-10001553,109,20
OFF-BI-10001634,49,20
OFF-FA-10004968,44,20
FUR-FU-10003274,72,20
OFF-BI-10002049,81,20
OFF-PA-10001471,91,20
TEC-AC-10000487,84,20
OFF-CAM-10003511,105,20
OFF-BOS-10001576,49,20
OFF-STA-10001636,52,20
OFF-HON-10002456,116,20
OFF-HAR-10001310,6,20
OFF-IBI-10002805,122,20
OFF-XER-10003300,36,20
OFF-HAR-10002914,118,20
OFF-FA-10003496,77,20
OFF-FA-10002782,60,20
OFF-EN-10004190,105,20
OFF-LA-10002681,72,20
OFF-LA-10004576,76,20
OFF-LA-10000934,39,20
OFF-LA-10002848,45,20
OFF-BI-10003975,99,20
OFF-LA-10002731,68,20
OFF-FA-10000439,35,20
OFF-BI-10004908,5,20
OFF-SU-10002611,36,20
OFF-ST-10004035,119,20
OFF-BI-10002446,54,20
OFF-PA-10004268,95,20
TEC-PH-10004300,121,20
OFF-EN-10000615,7,20
FUR-FU-10002597,122,20
OFF-AR-10001149,102,20
OFF-FA-10003485,46,20
TEC-AC-10002370,56,20
OFF-CAR-10001746,54,20
OFF-JIF-10004822,116,20
FUR-DEF-10003676,35,20
OFF-OIC-10001477,64,20
OFF-AVE-10004310,58,20
OFF-BIN-10000837,48,20
FUR-TEN-10003900,70,20
OFF-ACC-10000798,103,20
OFF-FEL-10002158,109,20
OFF-CAR-10001471,58,20
OFF-GLO-10001688,94,20
OFF-BI-10001613,89,20
OFF-BI-10004491,111,20
OFF-EN-10002559,114,20
OFF-PA-10001661,58,20
OFF-EN-10003080,15,20
OFF-EN-10003977,58,20
OFF-BI-10003012,88,20
OFF-BI-10001659,60,20
OFF-LA-10003644,100,20
FUR-FU-10002848,114,20
OFF-AR-10003811,72,20
OFF-FA-10001843,99,20
OFF-AR-10002399,109,20
TEC-AC-10003832,5,20
FUR-FU-10003142,69,20
OFF-BI-10002949,77,20
OFF-EN-10001509,63,20
TEC-SAM-10003891,71,20
OFF-ELD-10003181,115,20
OFF-HAR-10003659,92,20
OFF-HAR-10000187,88,20
TEC-CIS-10001767,73,20
FUR-DEF-10000495,76,20
OFF-AVE-10003465,62,20
OFF-BI-10000925,15,20
OFF-LA-10000276,77,20
OFF-AR-10000980,37,20
OFF-PA-10002352,44,20
OFF-FA-10004175,93,20
OFF-AR-10000316,48,20
OFF-LA-10000379,110,20
OFF-LA-10004122,81,20
OFF-EN-10000114,76,20
OFF-AR-10002221,66,20
OFF-FA-10000936,66,20
OFF-PA-10004000,76,20
OFF-AR-10003504,66,20
OFF-PA-10003309,60,20
OFF-BI-10004094,35,20
OFF-AR-10003251,90,20
OFF-JIF-10002621,36,20
OFF-SAN-10002639,115,20
OFF-IBI-10004323,64,20
OFF-BIN-10001385,105,20
OFF-EAT-10003094,6,20
OFF-AVE-10001847,43,20
OFF-STO-10003802,56,20
OFF-AVE-10004508,68,20
OFF-STO-10003098,16,20
OFF-SME-10003047,83,20
OFF-FA-10000509,35,20
OFF-LA-10001867,107,20
OFF-LA-10002688,118,20
OFF-BI-10003999,87,20
OFF-FA-10001113,117,20
OFF-BI-10004722,74,20
OFF-EN-10001975,79,20
OFF-AR-10003673,102,20
OFF-PA-10003899,43,20
OFF-BI-10000305,56,20
OFF-BI-10001757,52,20
TEC-AC-10004127,110,20
OFF-SU-10001574,77,20
OFF-AR-10003056,73,20
OFF-ST-10003572,11,20
FUR-FU-10003981,40,20
OFF-LA-10000081,117,20
OFF-AR-10002257,82,20
TEC-PH-10004700,41,20
OFF-BI-10003476,114,20
OFF-XER-10003104,103,20
OFF-SAN-10001345,50,20
OFF-ACC-10004322,35,20
OFF-STO-10002042,71,20
OFF-SAN-10004746,117,20
OFF-STO-10002661,71,20
OFF-FIS-10001399,115,20
OFF-HON-10001102,98,20
OFF-SME-10001853,124,20
OFF-ST-10003056,120,20
OFF-EN-10004909,96,20
OFF-BI-10003184,106,20
OFF-FA-10000189,95,20
OFF-LA-10001676,15,20
OFF-BI-10002278,3,20
OFF-BI-10003582,100,20
OFF-BI-10002853,64,20
TEC-AC-10001840,54,20
OFF-FA-10004248,94,20
OFF-LA-10000248,116,20
OFF-AR-10003651,108,20
OFF-AR-10002578,58,20
OFF-AR-10000246,38,20
OFF-BI-10003166,71,20
TEC-ENE-10000690,38,20
OFF-HON-10004698,111,20
OFF-BOS-10001348,123,20
FUR-OFF-10001798,111,20
OFF-HAR-10001948,52,20
OFF-IBI-10001494,122,20
OFF-JIF-10000704,100,20
OFF-LA-10000495,82,20
OFF-FA-10002491,67,20
OFF-SU-10001892,92,20
OFF-BI-10003650,5,20
OFF-PA-10002396,107,20
OFF-LA-10001497,62,20
OFF-PA-10004260,69,20
FUR-TA-10000207,44,20
OFF-FA-10000838,99,20
OFF-BI-10003874,76,20
OFF-PA-10004185,119,20
OFF-BI-10003188,43,20
OFF-BI-10004352,94,20
OFF-LA-10000452,49,20
OFF-FA-10000053,91,20
OFF-BI-10004465,103,20
OFF-AR-10002375,56,20
OFF-BI-10000138,18,20
OFF-AR-10001427,75,20
OFF-PA-10001609,121,20
OFF-PA-10000791,105,20
OFF-ST-10002352,90,20
OFF-STO-10001142,57,20
OFF-CAR-10002931,14,20
OFF-HON-10001204,59,20
OFF-AVE-10000357,40,20
OFF-AVE-10004827,68,20
OFF-XER-10004012,97,20
OFF-ADV-10003030,43,20
OFF-JIF-10002275,94,20
OFF-JIF-10000165,83,20
OFF-AVE-10003504,85,20
OFF-ADV-10004598,94,20
TEC-AC-10001246,104,20
OFF-BI-10004654,71,20
OFF-LA-10000845,65,20
OFF-LA-10000321,75,20
OFF-BI-10000168,96,20
OFF-FA-10003782,92,20
OFF-ST-10001505,48,20
FUR-FU-10003026,70,20
FUR-FU-10004020,70,20
OFF-LA-10004559,113,20
OFF-AR-10000940,10,20
OFF-AR-10001473,60,20
OFF-PA-10004888,70,20
OFF-SME-10000880,82,20
OFF-FEL-10000070,119,20
OFF-KLE-10000466,62,20
OFF-OIC-10003366,102,20
OFF-FIS-10002949,96,20
OFF-ADV-10003196,114,20
OFF-FEL-10003848,8,20
OFF-STA-10000054,110,20
OFF-STI-10003510,114,20
OFF-HON-10004825,85,20
OFF-HAR-10001531,76,20
OFF-HON-10000934,63,20
OFF-HAR-10001262,116,20
OFF-BI-10002796,44,20
OFF-BI-10004145,73,20
OFF-EN-10004479,116,20
OFF-AR-10004559,35,20
OFF-BI-10001430,9,20
OFF-BI-10002455,55,20
OFF-LA-10004947,99,20
OFF-BI-10000282,49,20
OFF-BI-10004712,38,20
OFF-ST-10000875,94,20
OFF-LA-10001375,95,20
OFF-FA-10004298,54,20
OFF-FA-10000549,44,20
OFF-LA-10000540,121,20
OFF-AR-10004746,68,20
OFF-FA-10002988,82,20
OFF-BI-10001759,67,20
OFF-LA-10003720,95,20
OFF-AR-10002335,44,20
OFF-FA-10002676,88,20
OFF-LA-10004178,118,20
OFF-AP-10004249,99,20
OFF-BI-10003314,111,20
OFF-FA-10004838,35,20
OFF-BI-10002412,7,20
OFF-EN-10001415,114,20
OFF-SU-10004664,49,20
OFF-SME-10002467,62,20
OFF-JIF-10003842,17,20
OFF-ACC-10001285,57,20
OFF-SME-10003805,51,20
FUR-TEN-10000002,47,20
OFF-IBI-10004916,48,20
OFF-LA-10001228,45,20
OFF-LA-10002199,62,20
OFF-FA-10002831,76,20
OFF-BI-10000765,95,20
OFF-BI-10000136,98,20
OFF-BI-10001119,65,20
OFF-BI-10000106,115,20
OFF-BI-10001286,107,20
OFF-LA-10004272,44,20
OFF-ST-10000321,42,20
OFF-BI-10000605,55,20
OFF-BI-10003291,15,20
OFF-BI-10003676,93,20
OFF-BI-10002393,84,20
FUR-FU-10004909,103,20
OFF-ST-10002957,104,20
OFF-PA-10002659,64,20
OFF-LA-10003766,51,20
OFF-PA-10000357,109,20
OFF-LA-10004055,54,20
OFF-AR-10000817,82,20
OFF-ST-10000036,107,20
OFF-LA-10003190,36,20
OFF-AR-10003190,71,20
OFF-BI-10003355,35,20
OFF-IBI-10000779,38,20
OFF-ADV-10000177,88,20
OFF-NOV-10003499,59,20
OFF-STO-10000876,37,20
OFF-XER-10004042,43,20
OFF-XER-10001429,8,20
OFF-FA-10004401,9,20
OFF-FA-10002992,110,20
OFF-BI-10001679,108,20
OFF-AR-10004027,68,20
OFF-AR-10004078,77,20
OFF-SU-10001935,108,20
OFF-AR-10003602,56,20
OFF-FA-10000585,104,20
OFF-FA-10000304,36,20
OFF-SU-10001225,100,20
OFF-PA-10003657,66,20
OFF-BI-10002827,50,20
OFF-AR-10002804,110,20
OFF-BI-10000279,35,20
OFF-AR-10001972,106,20
OFF-HON-10003921,82,20
OFF-STA-10002654,84,20
OFF-AVE-10002014,47,20
TEC-MEM-10003302,49,20
OFF-STO-10003021,87,20
OFF-GRE-10003943,14,20
OFF-LA-10002927,42,20
OFF-BI-10000963,108,20
OFF-BI-10001275,80,20
OFF-BI-10003856,103,20
OFF-SU-10001722,53,20
OFF-FA-10003022,72,20
OFF-BI-10000490,45,20
FUR-FU-10000790,77,20
OFF-BI-10002193,54,20
OFF-BI-10002935,54,20
OFF-ST-10000624,55,20
OFF-AR-10001134,116,20
OFF-PA-10004727,91,20
OFF-FA-10004910,4,20
OFF-BI-10000848,108,20
OFF-AR-10001118,60,20
OFF-LA-10001569,64,20
OFF-AR-10000716,107,20
OFF-BI-10002160,65,20
FUR-FU-10003829,12,20
OFF-PA-10003172,102,20
OFF-LA-10001474,95,20
OFF-LA-10003148,95,20
OFF-BI-10000014,104,20
OFF-AR-10003829,112,20
OFF-AR-10001547,102,20
OFF-BI-10004364,124,20
OFF-PA-10003953,51,20
OFF-PA-10001526,53,20
OFF-FIS-10004067,85,20
OFF-CAR-10001911,104,20
OFF-IBI-10003732,97,20
OFF-FIS-10001797,109,20
OFF-SME-10000335,114,20
OFF-WIL-10002787,64,20
OFF-STA-10003756,59,20
OFF-LA-10000413,109,20
OFF-BI-10004830,105,20
OFF-EN-10002778,60,20
OFF-BI-10002075,10,20
OFF-BI-10003870,56,20
FUR-FU-10004338,123,20
OFF-AR-10003217,53,20
TEC-PH-10004992,65,20
TEC-CO-10003525,60,20
OFF-BI-10004868,76,20
OFF-LA-10004400,75,20
OFF-AR-10001022,57,20
OFF-BI-10001031,17,20
OFF-BI-10003910,47,20
OFF-BI-10000546,123,20
OFF-BI-10002571,100,20
OFF-SU-10001664,100,20
OFF-AP-10000595,50,20
OFF-ST-10004507,107,20
OFF-AR-10004272,62,20
OFF-SME-10000018,111,20
OFF-EAT-10004696,69,20
OFF-NOV-10004968,75,20
OFF-SAN-10002015,15,20
OFF-ACC-10004538,65,20
OFF-STO-10001173,119,20
OFF-ACC-10003788,66,20
OFF-LA-10000989,88,20
OFF-BI-10002126,106,20
OFF-EN-10000359,93,20
OFF-PA-10004385,75,20
OFF-PA-10003956,100,20
OFF-LA-10000553,88,20
OFF-EN-10004074,74,20
OFF-FA-10004171,62,20
OFF-BI-10000698,71,20
OFF-LA-10000506,99,20
OFF-BI-10003981,108,20
OFF-EN-10002600,89,20
OFF-BI-10002432,38,20
OFF-AR-10000462,44,20
FUR-FU-10004270,81,20
OFF-BI-10003196,109,20
TEC-PH-10003072,16,20
OFF-LA-10000240,72,20
OFF-BI-10004970,46,20
OFF-LA-10000973,79,20
OFF-AR-10003469,3,20
OFF-AR-10004582,114,20
OFF-EN-10000461,69,20
OFF-BI-10001116,100,20
FUR-FU-10001918,109,20
OFF-FA-10001561,75,20
OFF-IBI-10004855,101,20
OFF-ELI-10000044,63,20
OFF-AVE-10004556,52,20
OFF-BOS-10000557,54,20
OFF-WIL-10000604,48,20
OFF-PA-10003296,68,20
OFF-LA-10003594,83,20
OFF-BI-10003585,88,20
OFF-AR-10003816,65,20
OFF-BI-10000719,92,20
OFF-FA-10001815,10,20
OFF-BI-10002483,76,20
OFF-EN-10000053,92,20
OFF-EN-10000315,116,20
OFF-LA-10004749,64,20
OFF-BI-10004738,59,20
OFF-FA-10000624,97,20
OFF-PA-10004971,53,20
FUR-FU-10000206,106,20
FUR-FU-10000010,42,20
OFF-BI-10004187,37,20
OFF-BI-10002954,101,20
OFF-FA-10003472,120,20
OFF-BI-10001097,115,20
OFF-BI-10003274,51,20
OFF-LA-10000262,48,20
FUR-FU-10001546,43,20
OFF-BI-10000042,96,20
OFF-SU-10001212,55,20
OFF-BI-10004656,14,20
OFF-BI-10000320,7,20
OFF-LA-10001771,45,20
OFF-AVE-10001750,54,20
OFF-ACC-10000497,69,20
OFF-WIL-10002947,87,20
OFF-SAN-10000335,81,20
OFF-AVE-10000432,109,20
OFF-CAR-10003373,86,20
OFF-ACC-10004364,42,20
OFF-NOV-10000986,38,20
OFF-CAR-10003030,61,20
OFF-TEN-10001031,78,20
OFF-CAR-10000319,74,20
OFF-BIC-10002440,81,20
OFF-SAN-10003644,78,20
OFF-LA-10003437,82,20
OFF-BI-10000814,119,20
OFF-BI-10000289,86,20
OFF-AR-10000715,118,20
OFF-BI-10002990,102,20
OFF-LA-10003290,13,20
OFF-AR-10002939,111,20
OFF-LA-10001658,107,20
TEC-MA-10001991,38,20
OFF-BI-10004334,110,20
OFF-LA-10002364,107,20
OFF-FA-10003495,111,20
OFF-FA-10000611,82,20
OFF-BI-10004040,60,20
OFF-PA-10000141,111,20
OFF-AP-10001962,73,20
OFF-LA-10002368,92,20
OFF-BI-10000404,53,20
OFF-AR-10000823,122,20
FUR-SAF-10002314,5,20
OFF-AVE-10002102,111,20
OFF-ADV-10004875,111,20
OFF-AVE-10004732,92,20
OFF-SAN-10001128,62,20
OFF-HON-10001132,100,20
OFF-GLO-10003639,12,20
OFF-WIL-10001495,120,20
OFF-BIN-10003089,111,20
OFF-LA-10003285,92,20
FUR-FU-10002007,107,20
OFF-LA-10000738,48,20
OFF-PA-10001576,118,20
FUR-CH-10001795,49,20
OFF-LA-10003503,67,20
OFF-EN-10002959,51,20
OFF-LA-10001548,58,20
OFF-AR-10002255,64,20
OFF-BI-10004528,96,20
OFF-AR-10003723,47,20
OFF-PA-10003063,96,20
OFF-PA-10001204,81,20
OFF-AR-10004707,50,20
OFF-PA-10003177,100,20
OFF-AR-10001573,115,20
OFF-NOV-10004223,77,20
OFF-NOV-10001238,10,20
TEC-MEM-10001163,37,20
OFF-JIF-10004777,46,20
OFF-STO-10003605,118,20
OFF-IBI-10001772,50,20
OFF-ENE-10004866,112,20
OFF-NOV-10003964,114,20
OFF-IBI-10001640,93,20
OFF-BI-10000390,83,20
OFF-EN-10000031,17,20
OFF-EN-10003748,96,20
OFF-BI-10002885,83,20
OFF-FA-10001309,85,20
OFF-BI-10000831,67,20
TEC-PH-10000347,64,20
OFF-BI-10004728,93,20
OFF-BI-10000773,110,20
OFF-LA-10001613,49,20
OFF-BI-10003708,116,20
OFF-FA-10001332,57,20
OFF-AR-10004685,16,20
OFF-BI-10002557,79,20
OFF-AP-10001634,96,20
OFF-AR-10001315,113,20
OFF-BI-10001525,105,20
OFF-BI-10004233,49,20
OFF-STA-10003908,80,20
OFF-NOV-10000808,98,20
FUR-TEN-10004549,80,20
OFF-HAR-10002083,90,20
OFF-AVE-10003279,78,20
OFF-ACC-10004281,109,20
OFF-OIC-10003978,63,20
OFF-STO-10001671,96,20
OFF-WIL-10004697,123,20
OFF-ADV-10004274,86,20
OFF-ACC-10004713,88,20
OFF-LA-10000692,122,20
OFF-AR-10001609,91,20
OFF-SU-10002032,117,20
OFF-BI-10002194,4,20
OFF-BI-10000050,56,20
OFF-AR-10001919,54,20
OFF-LA-10001045,67,20
OFF-BI-10003655,10,20
OFF-AR-10003087,59,20
OFF-BI-10004876,80,20
OFF-LA-10004484,107,20
OFF-AP-10003278,91,20
OFF-BI-10002764,121,20
OFF-AR-10004757,39,20
OFF-AR-10000422,89,20
OFF-AR-10002833,95,20
OFF-SAN-10003285,123,20
OFF-BIN-10004512,42,20
OFF-AVE-10004312,50,20
OFF-BI-10000930,82,20
OFF-LA-10000990,95,20
OFF-LA-10003487,49,20
OFF-LA-10002015,99,20
OFF-AR-10001026,8,20
OFF-PA-10002615,37,20
OFF-FA-10003059,88,20
OFF-LA-10001317,48,20
OFF-BI-10001890,70,20
OFF-BI-10000285,116,20
OFF-BI-10004817,116,20
OFF-FA-10000840,101,20
TEC-AC-10003433,44,20
OFF-WIL-10001889,83,20
OFF-SME-10000950,99,20
TEC-LOG-10002589,91,20
OFF-ROG-10002682,61,20
OFF-CAR-10000150,109,20
OFF-SME-10004323,39,20
OFF-PA-10003681,105,20
OFF-FA-10004112,117,20
OFF-BI-10001507,91,20
OFF-LA-10002088,49,20
OFF-EN-10002166,5,20
OFF-BI-10004967,17,20
OFF-LA-10002787,110,20
OFF-BI-10001308,64,20
OFF-FA-10000490,54,20
OFF-FA-10003467,71,20
OFF-BI-10002897,37,20
OFF-AP-10001626,107,20
OFF-BI-10000756,75,20
OFF-BI-10000145,73,20
OFF-FA-10003021,60,20
OFF-ACC-10003984,36,20
OFF-HAR-10000414,57,20
OFF-BOS-10004262,57,20
OFF-BI-10003253,119,20
OFF-BI-10004470,50,20
OFF-LA-10002068,43,20
OFF-BI-10002510,47,20
OFF-BI-10003702,62,20
OFF-FA-10004424,61,20
OFF-BI-10004182,85,20
OFF-AR-10001662,18,20
OFF-PA-10000289,86,20
OFF-LA-10000134,115,20
OFF-AR-10000122,72,20
FUR-FU-10001852,99,20
FUR-FU-10002963,52,20
OFF-BI-10000343,97,20
OFF-BI-10003529,85,20
OFF-BI-10000201,43,20
OFF-BI-10002982,47,20
OFF-BI-10004209,74,20
TEC-AC-10003709,89,20
OFF-AR-10004441,113,20
OFF-AR-10001868,77,20
OFF-BI-10000494,14,20
OFF-BI-10003350,102,20
OFF-OIC-10000492,67,20
TEC-EPS-10003473,58,20
OFF-WIL-10002233,70,20
OFF-CAR-10001428,44,20
OFF-WIL-10000979,6,20
OFF-AME-10002923,54,20
OFF-ACC-10004278,109,20
FUR-TEN-10000325,46,20
OFF-HON-10002610,96,20
OFF-PA-10003380,52,20
OFF-LA-10000760,97,20
OFF-AR-10000711,118,20
OFF-AR-10004614,59,20
OFF-BI-10002609,46,20
FUR-FU-10001706,55,20
OFF-BI-10003460,59,20
OFF-BI-10002813,45,20
OFF-LA-10001641,98,20
OFF-AR-10001545,107,20
OFF-PA-10004948,84,20
OFF-PA-10003673,96,20
OFF-AR-10000390,123,20
OFF-ADV-10000551,83,20
OFF-SME-10001718,48,20
OFF-ACC-10000307,3,20
OFF-WIL-10003308,115,20
OFF-STO-10003329,59,20
TEC-MOT-10001088,93,20
OFF-OIC-10001921,106,20
OFF-WIL-10002593,103,20
OFF-EAT-10003405,39,20
OFF-ELD-10001037,53,20
OFF-BI-10001199,57,20
OFF-LA-10001701,11,20
OFF-PA-10003416,84,20
FUR-FU-10001935,50,20
OFF-PA-10001838,67,20
OFF-EN-10001137,36,20
OFF-BI-10001267,48,20
OFF-BI-10002071,35,20
OFF-BI-10003094,124,20
OFF-CAR-10001358,92,20
OFF-ACC-10001703,123,20
OFF-IBI-10001951,50,20
OFF-WIL-10003774,17,20
OFF-LA-10002827,124,20
FUR-CH-10004277,81,20
OFF-BI-10001639,78,20
OFF-BI-10000089,114,20
OFF-AR-10003732,48,20
OFF-PA-10001776,58,20
OFF-AR-10003759,89,20
OFF-BI-10000591,49,20
OFF-PA-10000327,117,20
OFF-AP-10004655,106,20
OFF-AR-10003183,68,20
OFF-BI-10001597,36,20
OFF-SU-10003002,61,20
OFF-AVE-10000543,108,20
OFF-ST-10003164,121,20
OFF-PA-10004380,106,20
OFF-PA-10002022,57,20
OFF-FA-10003530,102,20
OFF-BI-10004022,48,20
OFF-PA-10000477,17,20
TEC-PH-10002275,99,20
OFF-BI-10002012,102,20
OFF-BI-10003727,97,20
OFF-STA-10003956,18,20
OFF-SME-10003134,124,20
OFF-ACC-10000218,115,20
OFF-WIL-10001069,121,20
OFF-AVE-10004512,98,20
OFF-BI-10001150,66,20
OFF-LA-10000236,113,20
FUR-FU-10002698,47,20
OFF-AR-10003658,100,20
OFF-SU-10001877,53,20
OFF-LA-10000436,58,20
OFF-LA-10003505,122,20
TEC-PH-10001924,45,20
OFF-BI-10004141,93,20
FUR-FU-10000550,120,20
OFF-BI-10003712,49,20
OFF-BI-10001922,12,20
FUR-FU-10001025,75,20
OFF-SAN-10000874,61,20
OFF-CAR-10002375,94,20
OFF-IBI-10004959,107,20
FUR-ADV-10002329,86,20
OFF-IBI-10002486,62,20
OFF-HON-10004014,99,20
OFF-IBI-10001123,51,20
OFF-FA-10001337,78,20
OFF-BI-10001568,44,20
OFF-LA-10000784,97,20
OFF-PA-10001653,116,20
FUR-FU-10001756,81,20
OFF-BI-10000301,72,20
OFF-BI-10001107,104,20
OFF-FA-10002280,110,20
OFF-BI-10004140,87,20
TEC-AC-10003038,112,20
OFF-BI-10001249,14,20
OFF-TEN-10000794,9,20
OFF-AVE-10002024,108,20
OFF-BI-10002799,88,20
OFF-LA-10003084,54,20
OFF-AR-10002783,113,20
OFF-EN-10004941,65,20
OFF-PA-10004968,41,20
OFF-PA-10004569,92,20
OFF-PA-10001534,44,20
OFF-BI-10003784,44,20
OFF-CAR-10002054,73,20
OFF-AR-10002564,62,20
OFF-BI-10002414,64,20
OFF-LA-10003271,71,20
OFF-BI-10004801,101,20
OFF-AP-10002203,77,20
OFF-PA-10001667,113,20
OFF-STA-10001791,119,20
OFF-SAN-10001862,86,20
OFF-BOS-10000350,90,20
OFF-PA-10002418,14,20
OFF-PA-10004020,102,20
OFF-PA-10000215,43,20
OFF-BI-10002424,57,20
OFF-FA-10000746,97,20
OFF-AP-10002906,95,20
OFF-EN-10001219,74,20
OFF-BI-10000806,78,20
OFF-PA-10004155,120,20
