store_id,store_name,location
1,Store_New_York_City,"New York City, New York, United States"
2,Store_Wollongong,"Wollongong, New South Wales, Australia"
3,Store_Brisbane,"Brisbane, Queensland, Australia"
4,Store_Berlin,"Berlin, Berlin, Germany"
5,Store_Dakar,"Dakar, Dakar, Senegal"
6,Store_Sydney,"Sydney, New South Wales, Australia"
7,Store_Porirua,"Porirua, Wellington, New Zealand"
8,Store_Hamilton,"Hamilton, Waikato, New Zealand"
9,Store_Sacramento,"Sacramento, California, United States"
10,Store_Concord,"Concord, North Carolina, United States"
11,Store_Alexandria,"Alexandria, Virginia, United States"
12,Store_Kabul,"Kabul, Kabul, Afghanistan"
13,Store_Jizan,"Jizan, Jizan, Saudi Arabia"
14,Store_Toledo,"Toledo, Parana, Brazil"
15,Store_Mudanjiang,"Mudanjiang, Heilongjiang, China"
16,Store_Paris,"Paris, Ile-de-France, France"
17,Store_Henderson,"Henderson, Kentucky, United States"
18,Store_Prato,"Prato, Tuscany, Italy"
19,Store_Townsville,"Townsville, Queensland, Australia"
20,Store_Uvinza,"Uvinza, Kigoma, Tanzania"
21,Store_Bytom,"Bytom, Silesia, Poland"
22,Store_Chicago,"Chicago, Illinois, United States"
23,Store_Suzhou,"Suzhou, Anhui, China"
24,Store_Edinburgh,"Edinburgh, Scotland, United Kingdom"
25,Store_Juárez,"Juárez, Chihuahua, Mexico"
26,Store_Soyapango,"Soyapango, San Salvador, El Salvador"
27,Store_Taipei,"Taipei, Taipei City, Taiwan"
28,Store_Leipzig,"Leipzig, Saxony, Germany"
29,Store_Los_Angeles,"Los Angeles, California, United States"
30,Store_Surat,"Surat, Gujarat, India"
31,Store_Santo_Domingo,"Santo Domingo, Santo Domingo, Dominican Republic"
32,Store_Saint-Brieuc,"Saint-Brieuc, Brittany, France"
33,Store_Amarillo,"Amarillo, Texas, United States"
34,Store_Gold_Coast,"Gold Coast, Queensland, Australia"
35,Store_Fresno,"Fresno, California, United States"
36,Store_Kamina,"Kamina, Katanga, Democratic Republic of the Congo"
37,Store_Burlington,"Burlington, North Carolina, United States"
38,Store_Stockton-on-Tees,"Stockton-on-Tees, England, United Kingdom"
39,Store_Mataram,"Mataram, Nusa Tenggara Barat, Indonesia"
40,Store_Gorakhpur,"Gorakhpur, Haryana, India"
41,Store_Thiruvananthapuram,"Thiruvananthapuram, Kerala, India"
42,Store_Huddersfield,"Huddersfield, England, United Kingdom"
43,Store_Minneapolis,"Minneapolis, Minnesota, United States"
44,Store_Montreuil,"Montreuil, Ile-de-France, France"
45,Store_Shouguang,"Shouguang, Shandong, China"
46,Store_Jamshedpur,"Jamshedpur, Jharkhand, India"
47,Store_Paysandú,"Paysandú, Paysandú, Uruguay"
48,Store_Behshahr,"Behshahr, Mazandaran, Iran"
49,Store_Huntington_Beach,"Huntington Beach, California, United States"
50,Store_Maputo,"Maputo, Cidade De Maputo, Mozambique"
51,Store_Bhopal,"Bhopal, Madhya Pradesh, India"
52,Store_Seattle,"Seattle, Washington, United States"
53,Store_Delhi,"Delhi, Delhi, India"
54,Store_Geraldton,"Geraldton, Western Australia, Australia"
55,Store_Tallahassee,"Tallahassee, Florida, United States"
56,Store_Dhaka,"Dhaka, Dhaka, Bangladesh"
57,Store_Munster,"Munster, Lower Saxony, Germany"
58,Store_Celle,"Celle, Lower Saxony, Germany"
59,Store_Wuxi,"Wuxi, Jiangsu, China"
60,Store_Richmond,"Richmond, Virginia, United States"
61,Store_Seville,"Seville, Andalusía, Spain"
62,Store_Raipur,"Raipur, Uttarakhand, India"
63,Store_Gómez_Palacio,"Gómez Palacio, Durango, Mexico"
64,Store_Kharkiv,"Kharkiv, Kharkiv, Ukraine"
65,Store_Jinan,"Jinan, Shandong, China"
66,Store_Chinandega,"Chinandega, Chinandega, Nicaragua"
67,Store_Kananga,"Kananga, Kasai-Occidental, Democratic Republic of the Congo"
68,Store_Palembang,"Palembang, Sumatera Selatan, Indonesia"
69,Store_London,"London, England, United Kingdom"
70,Store_Melbourne,"Melbourne, Victoria, Australia"
71,Store_Atlanta,"Atlanta, Georgia, United States"
72,Store_Duisburg,"Duisburg, North Rhine-Westphalia, Germany"
73,Store_Nanchong,"Nanchong, Sichuan, China"
74,Store_Naihati,"Naihati, West Bengal, India"
75,Store_Lille,"Lille, Nord-Pas-de-Calais, France"
76,Store_Meknes,"Meknes, Meknès-Tafilalet, Morocco"
77,Store_Jackson,"Jackson, Michigan, United States"
78,Store_Philadelphia,"Philadelphia, Pennsylvania, United States"
79,Store_Krefeld,"Krefeld, North Rhine-Westphalia, Germany"
80,Store_Bandung,"Bandung, Jawa Barat, Indonesia"
81,Store_Casablanca,"Casablanca, Grand Casablanca, Morocco"
82,Store_Tongi,"Tongi, Dhaka, Bangladesh"
83,Store_Henderson,"Henderson, Nevada, United States"
84,Store_Montréal,"Montréal, Quebec, Canada"
85,Store_Manila,"Manila, National Capital, Philippines"
86,Store_Newcastle,"Newcastle, New South Wales, Australia"
87,Store_Graz,"Graz, Styria, Austria"
88,Store_Nowra,"Nowra, New South Wales, Australia"
89,Store_Boulogne-Billancourt,"Boulogne-Billancourt, Ile-de-France, France"
90,Store_Malakoff,"Malakoff, Ile-de-France, France"
91,Store_Kinshasa,"Kinshasa, Kinshasa, Democratic Republic of the Congo"
92,Store_Perth,"Perth, Western Australia, Australia"
93,Store_Le_Bouscat,"Le Bouscat, Aquitaine, France"
94,Store_Puebla,"Puebla, Puebla, Mexico"
95,Store_Augsburg,"Augsburg, Bavaria, Germany"
96,Store_Nice,"Nice, Provence-Alpes-Côte d'Azur, France"
97,Store_Medellín,"Medellín, Antioquia, Colombia"
98,Store_Bergen_op_Zoom,"Bergen op Zoom, North Brabant, Netherlands"
99,Store_Lakewood,"Lakewood, New Jersey, United States"
100,Store_Hanover,"Hanover, Lower Saxony, Germany"
101,Store_Vigo,"Vigo, Galicia, Spain"
102,Store_Gaoyou,"Gaoyou, Jiangsu, China"
103,Store_Bremen,"Bremen, Bremen, Germany"
104,Store_Muret,"Muret, Midi-Pyrénées, France"
105,Store_Zigong,"Zigong, Sichuan, China"
106,Store_Adelaide,"Adelaide, South Australia, Australia"
107,Store_Detroit,"Detroit, Michigan, United States"
108,Store_Chelles,"Chelles, Ile-de-France, France"
109,Store_Kuantan,"Kuantan, Pahang, Malaysia"
110,Store_Harrisonburg,"Harrisonburg, Virginia, United States"
111,Store_Everett,"Everett, Massachusetts, United States"
112,Store_Quito,"Quito, Pichincha, Ecuador"
113,Store_Vadodara,"Vadodara, Gujarat, India"
114,Store_Sanya,"Sanya, Hainan, China"
115,Store_Bangkok,"Bangkok, Bangkok, Thailand"
116,Store_San_Diego,"San Diego, California, United States"
117,Store_Tasikmalaya,"Tasikmalaya, Jawa Barat, Indonesia"
118,Store_Guaymas,"Guaymas, Sonora, Mexico"
119,Store_Wuhan,"Wuhan, Hubei, China"
120,Store_Madison,"Madison, Wisconsin, United States"
121,Store_Salto,"Salto, São Paulo, Brazil"
122,Store_Treviso,"Treviso, Veneto, Italy"
123,Store_Hargeysa,"Hargeysa, Woqooyi Galbeed, Somalia"
124,Store_Long_Beach,"Long Beach, California, United States"
125,Store_Yogyakarta,"Yogyakarta, Yogyakarta, Indonesia"
126,Store_Anshan,"Anshan, Liaoning, China"
127,Store_Amsterdam,"Amsterdam, North Holland, Netherlands"
128,Store_Le_Petit-Quevilly,"Le Petit-Quevilly, Upper Normandy, France"
129,Store_Bochum,"Bochum, North Rhine-Westphalia, Germany"
130,Store_Hamburg,"Hamburg, Hamburg, Germany"
131,Store_Houston,"Houston, Texas, United States"
132,Store_Mixco,"Mixco, Guatemala, Guatemala"
133,Store_Yonkers,"Yonkers, New York, United States"
134,Store_Morelia,"Morelia, Michoacán, Mexico"
135,Store_Changchun,"Changchun, Jilin, China"
136,Store_Madrid,"Madrid, Madrid, Spain"
137,Store_Jeddah,"Jeddah, Makkah, Saudi Arabia"
138,Store_Norman,"Norman, Oklahoma, United States"
139,Store_Medan,"Medan, Sumatera Utara, Indonesia"
140,Store_Jakarta,"Jakarta, Jakarta, Indonesia"
141,Store_Lancaster,"Lancaster, Ohio, United States"
142,Store_Surakarta,"Surakarta, Jawa Tengah, Indonesia"
143,Store_Beijing,"Beijing, Beijing, China"
144,Store_Tulancingo,"Tulancingo, Hidalgo, Mexico"
145,Store_Brest,"Brest, Brest, Belarus"
146,Store_Valencia,"Valencia, Valenciana, Spain"
147,Store_Charlotte,"Charlotte, North Carolina, United States"
148,Store_Zhytomyr,"Zhytomyr, Zhytomyr, Ukraine"
149,Store_Argenteuil,"Argenteuil, Ile-de-France, France"
150,Store_Talence,"Talence, Aquitaine, France"
151,Store_Aurangabad,"Aurangabad, Bihar, India"
152,Store_Plaisir,"Plaisir, Ile-de-France, France"
153,Store_Harrogate,"Harrogate, England, United Kingdom"
154,Store_Phnom_Penh,"Phnom Penh, Phnom Penh, Cambodia"
155,Store_Mackay,"Mackay, Queensland, Australia"
156,Store_North_Las_Vegas,"North Las Vegas, Nevada, United States"
157,Store_Jambi,"Jambi, Jambi, Indonesia"
158,Store_Moers,"Moers, North Rhine-Westphalia, Germany"
159,Store_Newark,"Newark, Delaware, United States"
160,Store_Shenzhen,"Shenzhen, Guangdong, China"
161,Store_Launceston,"Launceston, Tasmania, Australia"
162,Store_Marikina,"Marikina, National Capital, Philippines"
163,Store_Johannesburg,"Johannesburg, Gauteng, South Africa"
164,Store_Barakaldo,"Barakaldo, Basque Country, Spain"
165,Store_Providence,"Providence, Rhode Island, United States"
166,Store_Long_Beach,"Long Beach, New York, United States"
167,Store_Qingdao,"Qingdao, Shandong, China"
168,Store_San_Francisco,"San Francisco, California, United States"
169,Store_Shiraz,"Shiraz, Fars, Iran"
170,Store_Bokaro,"Bokaro, Jharkhand, India"
171,Store_Fuji,"Fuji, Shizuoka, Japan"
172,Store_Benidorm,"Benidorm, Valenciana, Spain"
173,Store_Kozhikode,"Kozhikode, Kerala, India"
174,Store_Kuala_Lumpur,"Kuala Lumpur, Kuala Lumpur, Malaysia"
175,Store_Astrakhan',"Astrakhan', Astrakhan', Russia"
176,Store_Columbus,"Columbus, Ohio, United States"
177,Store_Xiangtan,"Xiangtan, Hunan, China"
178,Store_Shaoxing,"Shaoxing, Zhejiang, China"
179,Store_Jabalpur,"Jabalpur, Madhya Pradesh, India"
180,Store_Patna,"Patna, Bihar, India"
181,Store_La_Baule-Escoublac,"La Baule-Escoublac, Pays de la Loire, France"
182,Store_Dijon,"Dijon, Burgundy, France"
183,Store_Cape_Town,"Cape Town, Western Cape, South Africa"
184,Store_Cairo,"Cairo, Al Qahirah, Egypt"
185,Store_West_Bromwich,"West Bromwich, England, United Kingdom"
186,Store_Baku,"Baku, Baki, Azerbaijan"
187,Store_Burnley,"Burnley, England, United Kingdom"
188,Store_Laval,"Laval, Pays de la Loire, France"
189,Store_Vilnius,"Vilnius, Vilnius, Lithuania"
190,Store_Buenos_Aires,"Buenos Aires, Buenos Aires, Argentina"
191,Store_Girga,"Girga, Suhaj, Egypt"
192,Store_Kochi,"Kochi, Kerala, India"
193,Store_Maseru,"Maseru, Maseru, Lesotho"
194,Store_Wellington,"Wellington, Wellington, New Zealand"
195,Store_Luoyang,"Luoyang, Henan, China"
196,Store_Feira_de_Santana,"Feira de Santana, Bahia, Brazil"
197,Store_Matagalpa,"Matagalpa, Matagalpa, Nicaragua"
198,Store_Virginia_Beach,"Virginia Beach, Virginia, United States"
199,Store_Managua,"Managua, Managua, Nicaragua"
200,Store_Wuhai,"Wuhai, Inner Mongolia, China"
201,Store_Nantes,"Nantes, Pays de la Loire, France"
202,Store_Strasbourg,"Strasbourg, Alsace, France"
203,Store_Surabaya,"Surabaya, Jawa Timur, Indonesia"
204,Store_Tupã,"Tupã, São Paulo, Brazil"
205,Store_Vienna,"Vienna, Vienna, Austria"
206,Store_Mexico_City,"Mexico City, Distrito Federal, Mexico"
207,Store_Hobart,"Hobart, Tasmania, Australia"
208,Store_Hirakata,"Hirakata, Osaka, Japan"
209,Store_Preston,"Preston, England, United Kingdom"
210,Store_Agra,"Agra, Uttar Pradesh, India"
211,Store_Granollers,"Granollers, Catalonia, Spain"
212,Store_Ho_Chi_Minh_City,"Ho Chi Minh City, Ho Chí Minh City, Vietnam"
213,Store_Camagüey,"Camagüey, Camagüey, Cuba"
214,Store_Morristown,"Morristown, New Jersey, United States"
215,Store_Piatra-Neamt,"Piatra-Neamt, Neamt, Romania"
216,Store_Milpa_Alta,"Milpa Alta, Distrito Federal, Mexico"
217,Store_León,"León, Guanajuato, Mexico"
218,Store_Izmir,"Izmir, Izmir, Turkey"
219,Store_Coyoacán,"Coyoacán, Distrito Federal, Mexico"
220,Store_Manukau_City,"Manukau City, Auckland, New Zealand"
221,Store_Yaounde,"Yaounde, Centre, Cameroon"
222,Store_Newcastle_upon_Tyne,"Newcastle upon Tyne, England, United Kingdom"
223,Store_Dehra_Dun,"Dehra Dun, Uttarakhand, India"
224,Store_Santander,"Santander, Cantabria, Spain"
225,Store_Cangzhou,"Cangzhou, Hebei, China"
226,Store_Shanghai,"Shanghai, Shanghai, China"
227,Store_León,"León, León, Nicaragua"
228,Store_Rybinsk,"Rybinsk, Yaroslavl', Russia"
229,Store_Ibiúna,"Ibiúna, São Paulo, Brazil"
230,Store_Canberra,"Canberra, Australian Capital Territory, Australia"
231,Store_Port_Elizabeth,"Port Elizabeth, Eastern Cape, South Africa"
232,Store_Newark,"Newark, Ohio, United States"
233,Store_Cambridge,"Cambridge, England, United Kingdom"
234,Store_Kota,"Kota, Chhattisgarh, India"
235,Store_Christchurch,"Christchurch, Canterbury, New Zealand"
236,Store_Vincennes,"Vincennes, Ile-de-France, France"
237,Store_Chongqing,"Chongqing, Chongqing, China"
238,Store_Gyula,"Gyula, Bekes, Hungary"
239,Store_Lucknow,"Lucknow, Uttar Pradesh, India"
240,Store_Florence,"Florence, Kentucky, United States"
241,Store_Turin,"Turin, Piedmont, Italy"
242,Store_Springfield,"Springfield, Missouri, United States"
243,Store_Singapore,"Singapore, Singapore, Singapore"
244,Store_Benguela,"Benguela, Benguela, Angola"
245,Store_Lafayette,"Lafayette, Indiana, United States"
246,Store_Himeji,"Himeji, Hyogo, Japan"
247,Store_Kendari,"Kendari, Sulawesi Tenggara, Indonesia"
248,Store_Mejicanos,"Mejicanos, San Salvador, El Salvador"
249,Store_Barcelona,"Barcelona, Catalonia, Spain"
250,Store_Menton,"Menton, Provence-Alpes-Côte d'Azur, France"
251,Store_Huntsville,"Huntsville, Alabama, United States"
252,Store_Clermont-Ferrand,"Clermont-Ferrand, Auvergne, France"
253,Store_Buzau,"Buzau, Buzau, Romania"
254,Store_Bayeux,"Bayeux, Paraíba, Brazil"
255,Store_Columbus,"Columbus, Georgia, United States"
256,Store_San_Antonio,"San Antonio, Texas, United States"
257,Store_Darwin,"Darwin, Northern Territory, Australia"
258,Store_Jamestown,"Jamestown, New York, United States"
259,Store_Bayeux,"Bayeux, Lower Normandy, France"
260,Store_Lens,"Lens, Nord-Pas-de-Calais, France"
261,Store_Lannion,"Lannion, Brittany, France"
262,Store_Iserlohn,"Iserlohn, North Rhine-Westphalia, Germany"
263,Store_Kalemie,"Kalemie, Katanga, Democratic Republic of the Congo"
264,Store_Ghent,"Ghent, East Flanders, Belgium"
265,Store_Indianapolis,"Indianapolis, Indiana, United States"
266,Store_Marseille,"Marseille, Provence-Alpes-Côte d'Azur, France"
267,Store_Lahore,"Lahore, Punjab, Pakistan"
268,Store_Grenoble,"Grenoble, Rhône-Alpes, France"
269,Store_Espoo,"Espoo, Uusimaa, Finland"
270,Store_Whyalla,"Whyalla, South Australia, Australia"
271,Store_Ivry-sur-Seine,"Ivry-sur-Seine, Ile-de-France, France"
272,Store_Kanpur,"Kanpur, Uttar Pradesh, India"
273,Store_Saint-Laurent-du-Var,"Saint-Laurent-du-Var, Provence-Alpes-Côte d'Azur, France"
274,Store_Cartagena,"Cartagena, Bolívar, Colombia"
275,Store_Cancún,"Cancún, Quintana Roo, Mexico"
276,Store_Harbin,"Harbin, Heilongjiang, China"
277,Store_Kumasi,"Kumasi, Ashanti, Ghana"
278,Store_Salem,"Salem, Tamil Nadu, India"
279,Store_Angers,"Angers, Pays de la Loire, France"
280,Store_Khorramabad,"Khorramabad, Lorestan, Iran"
281,Store_Chennai,"Chennai, Tamil Nadu, India"
282,Store_Barletta,"Barletta, Apulia, Italy"
283,Store_Tamworth,"Tamworth, England, United Kingdom"
284,Store_Kulti,"Kulti, West Bengal, India"
285,Store_Le_Mans,"Le Mans, Pays de la Loire, France"
286,Store_Mianyang,"Mianyang, Sichuan, China"
287,Store_Cadereyta,"Cadereyta, Nuevo León, Mexico"
288,Store_Bundaberg,"Bundaberg, Queensland, Australia"
289,Store_Valparaíso_de_Goiás,"Valparaíso de Goiás, Goiás, Brazil"
290,Store_Manado,"Manado, Sulawesi Utara, Indonesia"
291,Store_Muzaffarpur,"Muzaffarpur, Bihar, India"
292,Store_Kermanshah,"Kermanshah, Kermanshah, Iran"
293,Store_Thane,"Thane, Maharashtra, India"
294,Store_Piedecuesta,"Piedecuesta, Santander, Colombia"
295,Store_Bangalore,"Bangalore, Karnataka, India"
296,Store_Xiamen,"Xiamen, Fujian, China"
297,Store_Kitwe,"Kitwe, Copperbelt, Zambia"
298,Store_Jieyang,"Jieyang, Guangdong, China"
299,Store_Hamamatsu,"Hamamatsu, Shizuoka, Japan"
300,Store_Ningbo,"Ningbo, Zhejiang, China"
301,Store_Jodhpur,"Jodhpur, Rajasthan, India"
302,Store_Weimar,"Weimar, Thuringia, Germany"
303,Store_Auckland,"Auckland, Auckland, New Zealand"
304,Store_Lubumbashi,"Lubumbashi, Katanga, Democratic Republic of the Congo"
305,Store_Franklin,"Franklin, Wisconsin, United States"
306,Store_Omaha,"Omaha, Nebraska, United States"
307,Store_Nagpur,"Nagpur, Maharashtra, India"
308,Store_Villahermosa,"Villahermosa, Tabasco, Mexico"
309,Store_Oyonnax,"Oyonnax, Rhône-Alpes, France"
310,Store_Metepec,"Metepec, México, Mexico"
311,Store_Santa_Ana,"Santa Ana, California, United States"
312,Store_Antony,"Antony, Ile-de-France, France"
313,Store_Culiacán,"Culiacán, Sinaloa, Mexico"
314,Store_Mobile,"Mobile, Alabama, United States"
315,Store_Al_Amarah,"Al Amarah, Maysan, Iraq"
316,Store_Mashhad,"Mashhad, Razavi Khorasan, Iran"
317,Store_Springfield,"Springfield, Virginia, United States"
318,Store_Bhavnagar,"Bhavnagar, Gujarat, India"
319,Store_Rome,"Rome, Lazio, Italy"
320,Store_Palma_de_Mallorca,"Palma de Mallorca, Balearic Islands, Spain"
321,Store_Saint-Priest,"Saint-Priest, Rhône-Alpes, France"
322,Store_Gyor,"Gyor, Gyor, Hungary"
323,Store_Monrovia,"Monrovia, Montserrado, Liberia"
324,Store_Santiago_de_Cuba,"Santiago de Cuba, Santiago de Cuba, Cuba"
325,Store_Bogotá,"Bogotá, Bogota, Colombia"
326,Store_Erlangen,"Erlangen, Bavaria, Germany"
327,Store_Tbilisi,"Tbilisi, Tbilisi, Georgia"
328,Store_Jaipur,"Jaipur, Rajasthan, India"
329,Store_Suzhou,"Suzhou, Gansu, China"
330,Store_Reggio_nell'Emilia,"Reggio nell'Emilia, Emilia-Romagna, Italy"
331,Store_Azcapotzalco,"Azcapotzalco, Distrito Federal, Mexico"
332,Store_Lublin,"Lublin, Lublin, Poland"
333,Store_Zurich,"Zurich, Zürich, Switzerland"
334,Store_Elbasan,"Elbasan, Elbasan, Albania"
335,Store_Voronezh,"Voronezh, Voronezh, Russia"
336,Store_Shimonoseki,"Shimonoseki, Yamaguchi, Japan"
337,Store_Palu,"Palu, Sulawesi Tengah, Indonesia"
338,Store_Imphal,"Imphal, Manipur, India"
339,Store_Shenyang,"Shenyang, Liaoning, China"
340,Store_Bethlehem,"Bethlehem, Pennsylvania, United States"
341,Store_Koumra,"Koumra, Mandoul, Chad"
342,Store_Ballarat,"Ballarat, Victoria, Australia"
343,Store_Podgorica,"Podgorica, Podgorica, Montenegro"
344,Store_Ribeirão_Preto,"Ribeirão Preto, São Paulo, Brazil"
345,Store_Zapopan,"Zapopan, Jalisco, Mexico"
346,Store_Guelph,"Guelph, Ontario, Canada"
347,Store_Bellingham,"Bellingham, Washington, United States"
348,Store_Bordeaux,"Bordeaux, Aquitaine, France"
349,Store_Hamadan,"Hamadan, Hamadan, Iran"
350,Store_Windhoek,"Windhoek, Khomas, Namibia"
351,Store_Eindhoven,"Eindhoven, North Brabant, Netherlands"
352,Store_Quetzaltenango,"Quetzaltenango, Quezaltenango, Guatemala"
353,Store_Antiguo_Cuscatlán,"Antiguo Cuscatlán, La Libertad, El Salvador"
354,Store_Cranston,"Cranston, Rhode Island, United States"
355,Store_Guantánamo,"Guantánamo, Guantánamo, Cuba"
356,Store_Bacolod_City,"Bacolod City, Western Visayas, Philippines"
357,Store_Kwinana,"Kwinana, Western Australia, Australia"
358,Store_Deuil-la-Barre,"Deuil-la-Barre, Ile-de-France, France"
359,Store_Lafayette,"Lafayette, Louisiana, United States"
360,Store_Lisbon,"Lisbon, Lisboa, Portugal"
361,Store_Jhansi,"Jhansi, Uttar Pradesh, India"
362,Store_Amravati,"Amravati, Maharashtra, India"
363,Store_Wafangdian,"Wafangdian, Liaoning, China"
364,Store_San_Juan_de_la_Maguana,"San Juan de la Maguana, San Juan, Dominican Republic"
365,Store_Antananarivo,"Antananarivo, Analamanga, Madagascar"
366,Store_Ufa,"Ufa, Bashkortostan, Russia"
367,Store_Tehran,"Tehran, Tehran, Iran"
368,Store_Bendigo,"Bendigo, Victoria, Australia"
369,Store_Quetta,"Quetta, Baluchistan, Pakistan"
370,Store_Rovigo,"Rovigo, Veneto, Italy"
371,Store_Soacha,"Soacha, Cundinamarca, Colombia"
372,Store_Dudley,"Dudley, England, United Kingdom"
373,Store_Ris-Orangis,"Ris-Orangis, Ile-de-France, France"
374,Store_Levallois-Perret,"Levallois-Perret, Ile-de-France, France"
375,Store_Luts'k,"Luts'k, Volyn, Ukraine"
376,Store_San_Salvador,"San Salvador, San Salvador, El Salvador"
377,Store_Lorain,"Lorain, Ohio, United States"
378,Store_Stoke-on-Trent,"Stoke-on-Trent, England, United Kingdom"
379,Store_São_Paulo,"São Paulo, São Paulo, Brazil"
380,Store_Huaibei,"Huaibei, Anhui, China"
381,Store_Lehi,"Lehi, Utah, United States"
382,Store_Masterton,"Masterton, Wellington, New Zealand"
383,Store_Whangarei,"Whangarei, Northland, New Zealand"
384,Store_Kunming,"Kunming, Yunnan, China"
385,Store_Columbia,"Columbia, Missouri, United States"
386,Store_Vancouver,"Vancouver, British Columbia, Canada"
387,Store_Pamplona,"Pamplona, Navarra, Spain"
388,Store_Haninge,"Haninge, Stockholm, Sweden"
389,Store_Oviedo,"Oviedo, Asturias, Spain"
390,Store_Carrollton,"Carrollton, Texas, United States"
391,Store_Nasik,"Nasik, Maharashtra, India"
392,Store_Torrevieja,"Torrevieja, Valenciana, Spain"
393,Store_Ube,"Ube, Yamaguchi, Japan"
394,Store_Pozzuoli,"Pozzuoli, Campania, Italy"
395,Store_Poltava,"Poltava, Poltava, Ukraine"
396,Store_Depok,"Depok, Yogyakarta, Indonesia"
397,Store_Regensburg,"Regensburg, Bavaria, Germany"
398,Store_Visakhapatnam,"Visakhapatnam, Andhra Pradesh, India"
399,Store_Clamart,"Clamart, Ile-de-France, France"
400,Store_Garbsen,"Garbsen, Lower Saxony, Germany"
401,Store_Jixi,"Jixi, Heilongjiang, China"
402,Store_Potchefstroom,"Potchefstroom, North-West, South Africa"
403,Store_Vladimir,"Vladimir, Vladimir, Russia"
404,Store_Burgos,"Burgos, Castile and León, Spain"
405,Store_Kollam,"Kollam, Kerala, India"
406,Store_Yangon,"Yangon, Yangon, Myanmar (Burma)"
407,Store_Bondy,"Bondy, Ile-de-France, France"
408,Store_Mont-de-Marsan,"Mont-de-Marsan, Aquitaine, France"
409,Store_Lyon,"Lyon, Rhône-Alpes, France"
410,Store_Depok,"Depok, Jawa Barat, Indonesia"
411,Store_Santo_André,"Santo André, São Paulo, Brazil"
412,Store_Menden,"Menden, North Rhine-Westphalia, Germany"
413,Store_Spanish_Town,"Spanish Town, Saint Catherine, Jamaica"
414,Store_Taupo,"Taupo, Waikato, New Zealand"
415,Store_Fengcheng,"Fengcheng, Liaoning, China"
416,Store_Vernon,"Vernon, Upper Normandy, France"
417,Store_Tianjin,"Tianjin, Tianjin, China"
418,Store_Chihuahua,"Chihuahua, Chihuahua, Mexico"
419,Store_Elx,"Elx, Valenciana, Spain"
420,Store_Santa_Cruz_de_Barahona,"Santa Cruz de Barahona, Barahona, Dominican Republic"
421,Store_Brasília,"Brasília, Federal District, Brazil"
422,Store_Lanzhou,"Lanzhou, Gansu, China"
423,Store_Bologna,"Bologna, Emilia-Romagna, Italy"
424,Store_Alice_Springs,"Alice Springs, Northern Territory, Australia"
425,Store_Doha,"Doha, Ad Dawhah, Qatar"
426,Store_Velletri,"Velletri, Lazio, Italy"
427,Store_Matsubara,"Matsubara, Oita, Japan"
428,Store_Gloucester,"Gloucester, England, United Kingdom"
429,Store_Puteaux,"Puteaux, Ile-de-France, France"
430,Store_Geelong,"Geelong, Victoria, Australia"
431,Store_Whakatane,"Whakatane, Bay of Plenty, New Zealand"
432,Store_Açu,"Açu, Rio Grande do Norte, Brazil"
433,Store_Colchester,"Colchester, England, United Kingdom"
434,Store_Sandy_Springs,"Sandy Springs, Georgia, United States"
435,Store_Montpellier,"Montpellier, Languedoc-Roussillon, France"
436,Store_Wetzlar,"Wetzlar, Hesse, Germany"
437,Store_Cleveland,"Cleveland, Ohio, United States"
438,Store_Shashi,"Shashi, Hubei, China"
439,Store_Chaoyang,"Chaoyang, Jilin, China"
440,Store_Rugby,"Rugby, England, United Kingdom"
441,Store_Round_Rock,"Round Rock, Texas, United States"
442,Store_Saint-Chamond,"Saint-Chamond, Rhône-Alpes, France"
443,Store_Fontenay-aux-Roses,"Fontenay-aux-Roses, Ile-de-France, France"
444,Store_Baotou,"Baotou, Inner Mongolia, China"
445,Store_Fort_Worth,"Fort Worth, Texas, United States"
446,Store_Joinville,"Joinville, Santa Catarina, Brazil"
447,Store_Colombo,"Colombo, Parana, Brazil"
448,Store_Dover,"Dover, New Hampshire, United States"
449,Store_Jining,"Jining, Shandong, China"
450,Store_Zhenjiang,"Zhenjiang, Jiangsu, China"
451,Store_York,"York, England, United Kingdom"
452,Store_Jining,"Jining, Inner Mongolia, China"
453,Store_Mérida,"Mérida, Yucatán, Mexico"
454,Store_Villa_Nueva,"Villa Nueva, Guatemala, Guatemala"
455,Store_Annecy-le-Vieux,"Annecy-le-Vieux, Rhône-Alpes, France"
456,Store_Drancy,"Drancy, Ile-de-France, France"
457,Store_Jacksonville,"Jacksonville, Florida, United States"
458,Store_Dar_es_Salaam,"Dar es Salaam, Dar Es Salaam, Tanzania"
459,Store_Nuremberg,"Nuremberg, Bavaria, Germany"
460,Store_Concord,"Concord, California, United States"
461,Store_Macheng,"Macheng, Hubei, China"
462,Store_Beni_Mellal,"Beni Mellal, Tadla-Azilal, Morocco"
463,Store_Roswell,"Roswell, Georgia, United States"
464,Store_Madurai,"Madurai, Tamil Nadu, India"
465,Store_Dortmund,"Dortmund, North Rhine-Westphalia, Germany"
466,Store_Loubomo,"Loubomo, Niari, Republic of the Congo"
467,Store_Jiangmen,"Jiangmen, Guangdong, China"
468,Store_Troy,"Troy, Ohio, United States"
469,Store_Kaliningrad,"Kaliningrad, Kaliningrad, Russia"
470,Store_Kristiansand,"Kristiansand, Vest-Agder, Norway"
471,Store_Ad_Diwaniyah,"Ad Diwaniyah, Al Qadisiyah, Iraq"
472,Store_Bayonne,"Bayonne, Aquitaine, France"
473,Store_Avondale,"Avondale, Arizona, United States"
474,Store_Fairfield,"Fairfield, Ohio, United States"
475,Store_San_José_de_las_Lajas,"San José de las Lajas, Mayabeque, Cuba"
476,Store_Algiers,"Algiers, Alger, Algeria"
477,Store_Lowell,"Lowell, Massachusetts, United States"
478,Store_Istanbul,"Istanbul, Istanbul, Turkey"
479,Store_Kaunas,"Kaunas, Kaunas, Lithuania"
480,Store_Ardabil,"Ardabil, Ardabil, Iran"
481,Store_Mexicali,"Mexicali, Baja California, Mexico"
482,Store_Mecca,"Mecca, Makkah, Saudi Arabia"
483,Store_Alexandria,"Alexandria, Al Iskandariyah, Egypt"
484,Store_Queanbeyan,"Queanbeyan, New South Wales, Australia"
485,Store_Guilin,"Guilin, Guangxi, China"
486,Store_Gaomi,"Gaomi, Shandong, China"
487,Store_Pretoria,"Pretoria, Gauteng, South Africa"
488,Store_Blackpool,"Blackpool, England, United Kingdom"
489,Store_Schwerin,"Schwerin, Mecklenburg-Vorpommern, Germany"
490,Store_Aligarh,"Aligarh, Uttar Pradesh, India"
491,Store_Trento,"Trento, Trentino-Alto Adige, Italy"
492,Store_Ravenna,"Ravenna, Emilia-Romagna, Italy"
493,Store_Basel,"Basel, Basel-Stadt, Switzerland"
494,Store_Matola,"Matola, Maputo, Mozambique"
495,Store_Poitiers,"Poitiers, Poitou-Charentes, France"
496,Store_Seoul,"Seoul, Seoul, South Korea"
497,Store_Mulhouse,"Mulhouse, Alsace, France"
498,Store_Milan,"Milan, Lombardy, Italy"
499,Store_Kota_Kinabalu,"Kota Kinabalu, Sabah, Malaysia"
500,Store_Denver,"Denver, Colorado, United States"
501,Store_Uberaba,"Uberaba, Minas Gerais, Brazil"
502,Store_Rueil-Malmaison,"Rueil-Malmaison, Ile-de-France, France"
503,Store_Crawley,"Crawley, England, United Kingdom"
504,Store_Makurdi,"Makurdi, Benue, Nigeria"
505,Store_Tallinn,"Tallinn, Harjumaa, Estonia"
506,Store_Swansea,"Swansea, Wales, United Kingdom"
507,Store_Paranaguá,"Paranaguá, Parana, Brazil"
508,Store_Samarinda,"Samarinda, Kalimantan Timur, Indonesia"
509,Store_Vijayawada,"Vijayawada, Andhra Pradesh, India"
510,Store_Bandirma,"Bandirma, Balikesir, Turkey"
511,Store_Gagnoa,"Gagnoa, Fromager, Cote d'Ivoire"
512,Store_Tegucigalpa,"Tegucigalpa, Francisco Morazán, Honduras"
513,Store_Villiers-le-Bel,"Villiers-le-Bel, Ile-de-France, France"
514,Store_Brampton,"Brampton, Ontario, Canada"
515,Store_Columbia,"Columbia, Maryland, United States"
516,Store_Tlaquepaque,"Tlaquepaque, Jalisco, Mexico"
517,Store_Saint-Denis,"Saint-Denis, Ile-de-France, France"
518,Store_Mangalore,"Mangalore, Karnataka, India"
519,Store_Sancti_Spíritus,"Sancti Spíritus, Sancti Spíritus, Cuba"
520,Store_Indaial,"Indaial, Santa Catarina, Brazil"
521,Store_Bergen,"Bergen, Hordaland, Norway"
522,Store_Riyadh,"Riyadh, Ar Riyad, Saudi Arabia"
523,Store_Lucerne,"Lucerne, Lucerne, Switzerland"
524,Store_Fernando_de_la_Mora,"Fernando de la Mora, Central, Paraguay"
525,Store_Noblesville,"Noblesville, Indiana, United States"
526,Store_Malayer,"Malayer, Hamadan, Iran"
527,Store_Mbuji-mayi,"Mbuji-mayi, Kasai-Oriental, Democratic Republic of the Congo"
528,Store_Gwalior,"Gwalior, Madhya Pradesh, India"
529,Store_Luoyang,"Luoyang, Fujian, China"
530,Store_Southend-on-Sea,"Southend-on-Sea, England, United Kingdom"
531,Store_Thionville,"Thionville, Lorraine, France"
532,Store_Srinagar,"Srinagar, Jammu and Kashmir, India"
533,Store_Allahabad,"Allahabad, Uttar Pradesh, India"
534,Store_Bekasi,"Bekasi, Jawa Barat, Indonesia"
535,Store_Daloa,"Daloa, Haut-Sassandra, Cote d'Ivoire"
536,Store_Saltillo,"Saltillo, Coahuila, Mexico"
537,Store_Anaheim,"Anaheim, California, United States"
538,Store_Woking,"Woking, England, United Kingdom"
539,Store_Baguio_City,"Baguio City, Cordillera, Philippines"
540,Store_Magnitogorsk,"Magnitogorsk, Chelyabinsk, Russia"
541,Store_Varanasi,"Varanasi, Uttar Pradesh, India"
542,Store_Serra,"Serra, Espírito Santo, Brazil"
543,Store_Florence,"Florence, Tuscany, Italy"
544,Store_Raleigh,"Raleigh, North Carolina, United States"
545,Store_Pescara,"Pescara, Abruzzi, Italy"
546,Store_Warwick,"Warwick, Rhode Island, United States"
547,Store_Chittagong,"Chittagong, Chittagong, Bangladesh"
548,Store_Monclova,"Monclova, Coahuila, Mexico"
549,Store_Worthing,"Worthing, England, United Kingdom"
550,Store_Lençóis_Paulista,"Lençóis Paulista, São Paulo, Brazil"
551,Store_Coffs_Harbour,"Coffs Harbour, New South Wales, Australia"
552,Store_Baghdad,"Baghdad, Baghdad, Iraq"
553,Store_San_Severo,"San Severo, Apulia, Italy"
554,Store_San_Luis,"San Luis, San Luis, Argentina"
555,Store_Guangzhou,"Guangzhou, Guangdong, China"
556,Store_Tiruppur,"Tiruppur, Tamil Nadu, India"
557,Store_San_Luis_Potosí,"San Luis Potosí, San Luis Potosí, Mexico"
558,Store_Le_Chesnay,"Le Chesnay, Ile-de-France, France"
559,Store_Prague,"Prague, Prague, Czech Republic"
560,Store_Lansing,"Lansing, Michigan, United States"
561,Store_Dieppe,"Dieppe, Upper Normandy, France"
562,Store_Gap,"Gap, Provence-Alpes-Côte d'Azur, France"
563,Store_Redlands,"Redlands, California, United States"
564,Store_Shuangcheng,"Shuangcheng, Heilongjiang, China"
565,Store_Bangui,"Bangui, Bangui, Central African Republic"
566,Store_Hastings,"Hastings, Hawke's Bay, New Zealand"
567,Store_Oakland,"Oakland, California, United States"
568,Store_Irapuato,"Irapuato, Guanajuato, Mexico"
569,Store_Xinyi,"Xinyi, Guangdong, China"
570,Store_Bhilwara,"Bhilwara, Rajasthan, India"
571,Store_Antwerp,"Antwerp, Antwerp, Belgium"
572,Store_Orange,"Orange, New South Wales, Australia"
573,Store_Napier,"Napier, Hawke's Bay, New Zealand"
574,Store_Torreón,"Torreón, Coahuila, Mexico"
575,Store_Noda,"Noda, Chiba, Japan"
576,Store_Porto-Novo,"Porto-Novo, Ouémé, Benin"
577,Store_Outreau,"Outreau, Nord-Pas-de-Calais, France"
578,Store_Burlington,"Burlington, Vermont, United States"
579,Store_Muskogee,"Muskogee, Oklahoma, United States"
580,Store_Bourg-en-Bresse,"Bourg-en-Bresse, Rhône-Alpes, France"
581,Store_Americana,"Americana, São Paulo, Brazil"
582,Store_Kashan,"Kashan, Esfahan, Iran"
583,Store_Sunbury,"Sunbury, Victoria, Australia"
584,Store_Herford,"Herford, North Rhine-Westphalia, Germany"
585,Store_Chesapeake,"Chesapeake, Virginia, United States"
586,Store_Cairns,"Cairns, Queensland, Australia"
587,Store_L'viv,"L'viv, L'viv, Ukraine"
588,Store_Oslo,"Oslo, Oslo, Norway"
589,Store_Arbil,"Arbil, Arbil, Iraq"
590,Store_Des_Moines,"Des Moines, Washington, United States"
591,Store_Bradford,"Bradford, England, United Kingdom"
592,Store_San_Pedro_de_Macorís,"San Pedro de Macorís, San Pedro de Macorís, Dominican Republic"
593,Store_Estelí,"Estelí, Estelí, Nicaragua"
594,Store_San_Sebastian,"San Sebastian, Basque Country, Spain"
595,Store_Schiltigheim,"Schiltigheim, Alsace, France"
596,Store_Milwaukee,"Milwaukee, Wisconsin, United States"
597,Store_Consolación_del_Sur,"Consolación del Sur, Pinar del Río, Cuba"
598,Store_Tangier,"Tangier, Tanger-Tétouan, Morocco"
599,Store_Oruro,"Oruro, Oruro, Bolivia"
600,Store_Munich,"Munich, Bavaria, Germany"
601,Store_Malegaon,"Malegaon, Maharashtra, India"
602,Store_Euskirchen,"Euskirchen, North Rhine-Westphalia, Germany"
603,Store_Sakai,"Sakai, Gunma, Japan"
604,Store_Blagoveshchensk,"Blagoveshchensk, Amur, Russia"
605,Store_Tijuana,"Tijuana, Baja California, Mexico"
606,Store_Hyderabad,"Hyderabad, Telangana, India"
607,Store_Villeneuve-Saint-Georges,"Villeneuve-Saint-Georges, Ile-de-France, France"
608,Store_Takasaki,"Takasaki, Gunma, Japan"
609,Store_Bhilai,"Bhilai, Chhattisgarh, India"
610,Store_Santa_Barbara,"Santa Barbara, California, United States"
611,Store_Rochester,"Rochester, New York, United States"
612,Store_Durres,"Durres, Durrës, Albania"
613,Store_Frankfurt,"Frankfurt, Hesse, Germany"
614,Store_Anqing,"Anqing, Anhui, China"
615,Store_Victoria,"Victoria, Tamaulipas, Mexico"
616,Store_San_Gabriel,"San Gabriel, California, United States"
617,Store_Copiapó,"Copiapó, Atacama, Chile"
618,Store_Cincinnati,"Cincinnati, Ohio, United States"
619,Store_Ensenada,"Ensenada, Baja California, Mexico"
620,Store_La_Romana,"La Romana, La Romana, Dominican Republic"
621,Store_Fort-de-France,"Fort-de-France, Martinique, Martinique"
622,Store_Kingswood,"Kingswood, England, United Kingdom"
623,Store_Trier,"Trier, Rhineland-Palatinate, Germany"
624,Store_Leeds,"Leeds, England, United Kingdom"
625,Store_Luoyang,"Luoyang, Guangdong, China"
626,Store_Petrópolis,"Petrópolis, Rio de Janeiro, Brazil"
627,Store_Vantaa,"Vantaa, Uusimaa, Finland"
628,Store_Watertown,"Watertown, New York, United States"
629,Store_Noisy-le-Grand,"Noisy-le-Grand, Ile-de-France, France"
630,Store_Homs,"Homs, Hims, Syria"
631,Store_Liaoyang,"Liaoyang, Liaoning, China"
632,Store_Fayetteville,"Fayetteville, North Carolina, United States"
633,Store_Araguaína,"Araguaína, Tocantins, Brazil"
634,Store_Denpasar,"Denpasar, Bali, Indonesia"
635,Store_Toulon,"Toulon, Provence-Alpes-Côte d'Azur, France"
636,Store_Pune,"Pune, Maharashtra, India"
637,Store_Tucson,"Tucson, Arizona, United States"
638,Store_Miami,"Miami, Florida, United States"
639,Store_Goyang,"Goyang, Gyeonggi, South Korea"
640,Store_Kalyan,"Kalyan, Maharashtra, India"
641,Store_Khulna,"Khulna, Khulna, Bangladesh"
642,Store_Avadi,"Avadi, Tamil Nadu, India"
643,Store_Semarang,"Semarang, Jawa Tengah, Indonesia"
644,Store_Stuttgart,"Stuttgart, Baden-Württemberg, Germany"
645,Store_Chelyabinsk,"Chelyabinsk, Chelyabinsk, Russia"
646,Store_Zhanjiang,"Zhanjiang, Guangdong, China"
647,Store_Greenville,"Greenville, North Carolina, United States"
648,Store_Yueyang,"Yueyang, Hunan, China"
649,Store_Pueblo,"Pueblo, Colorado, United States"
650,Store_Reutlingen,"Reutlingen, Baden-Württemberg, Germany"
651,Store_Arras,"Arras, Nord-Pas-de-Calais, France"
652,Store_Matsudo,"Matsudo, Chiba, Japan"
653,Store_Bayamo,"Bayamo, Granma, Cuba"
654,Store_Reynosa,"Reynosa, Tamaulipas, Mexico"
655,Store_Chester,"Chester, England, United Kingdom"
656,Store_Rostock,"Rostock, Mecklenburg-Vorpommern, Germany"
657,Store_Namur,"Namur, Namur, Belgium"
658,Store_Aachen,"Aachen, North Rhine-Westphalia, Germany"
659,Store_Rasht,"Rasht, Gilan, Iran"
660,Store_Grajaú,"Grajaú, Maranhão, Brazil"
661,Store_Koshigaya,"Koshigaya, Saitama, Japan"
662,Store_Beirut,"Beirut, Beirut, Lebanon"
663,Store_Huelva,"Huelva, Andalusía, Spain"
664,Store_Hefei,"Hefei, Anhui, China"
665,Store_Louisville,"Louisville, Kentucky, United States"
666,Store_Valenzuela,"Valenzuela, National Capital, Philippines"
667,Store_Thanjavur,"Thanjavur, Tamil Nadu, India"
668,Store_Tegal,"Tegal, Jawa Tengah, Indonesia"
669,Store_Kitchener,"Kitchener, Ontario, Canada"
670,Store_Sevran,"Sevran, Ile-de-France, France"
671,Store_Hastings,"Hastings, England, United Kingdom"
672,Store_Halmstad,"Halmstad, Halland, Sweden"
673,Store_Amstelveen,"Amstelveen, North Holland, Netherlands"
674,Store_Portici,"Portici, Campania, Italy"
675,Store_Toledo,"Toledo, Ohio, United States"
676,Store_Sparks,"Sparks, Nevada, United States"
677,Store_Murray_Bridge,"Murray Bridge, South Australia, Australia"
678,Store_Tengzhou,"Tengzhou, Shandong, China"
679,Store_Bagneux,"Bagneux, Ile-de-France, France"
680,Store_Balikpapan,"Balikpapan, Kalimantan Timur, Indonesia"
681,Store_Bhatinda,"Bhatinda, Punjab, India"
682,Store_Poza_Rica_de_Hidalgo,"Poza Rica de Hidalgo, Veracruz, Mexico"
683,Store_Colmar,"Colmar, Alsace, France"
684,Store_Clichy-sous-Bois,"Clichy-sous-Bois, Ile-de-France, France"
685,Store_La_Seyne-sur-Mer,"La Seyne-sur-Mer, Provence-Alpes-Côte d'Azur, France"
686,Store_Antipolo,"Antipolo, Calabarzon, Philippines"
687,Store_Creil,"Creil, Picardy, France"
688,Store_Curitiba,"Curitiba, Parana, Brazil"
689,Store_Sale,"Sale, Rabat-Salé-Zemmour-Zaer, Morocco"
690,Store_Albury,"Albury, New South Wales, Australia"
691,Store_Kutahya,"Kutahya, Kutahya, Turkey"
692,Store_Daqing,"Daqing, Heilongjiang, China"
693,Store_Waynesboro,"Waynesboro, Virginia, United States"
694,Store_Rockhampton,"Rockhampton, Queensland, Australia"
695,Store_Accra,"Accra, Greater Accra, Ghana"
696,Store_Conselheiro_Lafaiete,"Conselheiro Lafaiete, Minas Gerais, Brazil"
697,Store_Jiangdu,"Jiangdu, Jiangsu, China"
698,Store_Cochabamba,"Cochabamba, Cochabamba, Bolivia"
699,Store_Wolverhampton,"Wolverhampton, England, United Kingdom"
700,Store_Mumbai,"Mumbai, Maharashtra, India"
701,Store_Caloundra,"Caloundra, Queensland, Australia"
702,Store_Talcahuano,"Talcahuano, Biobio, Chile"
703,Store_Santiago,"Santiago, Santiago, Chile"
704,Store_Nairobi,"Nairobi, Nairobi, Kenya"
705,Store_Aurora,"Aurora, Illinois, United States"
706,Store_New_Plymouth,"New Plymouth, Taranaki, New Zealand"
707,Store_Sesto_San_Giovanni,"Sesto San Giovanni, Lombardy, Italy"
708,Store_Florence,"Florence, Alabama, United States"
709,Store_Tangshan,"Tangshan, Hebei, China"
710,Store_Edmonton,"Edmonton, Alberta, Canada"
711,Store_Lismore,"Lismore, New South Wales, Australia"
712,Store_Sikasso,"Sikasso, Sikasso, Mali"
713,Store_Macapá,"Macapá, Amapá, Brazil"
714,Store_Nottingham,"Nottingham, England, United Kingdom"
715,Store_Mandurah,"Mandurah, Western Australia, Australia"
716,Store_Venice,"Venice, Veneto, Italy"
717,Store_Dormagen,"Dormagen, North Rhine-Westphalia, Germany"
718,Store_Bilbao,"Bilbao, Basque Country, Spain"
719,Store_Bagcilar,"Bagcilar, Istanbul, Turkey"
720,Store_Bressuire,"Bressuire, Poitou-Charentes, France"
721,Store_Houilles,"Houilles, Ile-de-France, France"
722,Store_Solapur,"Solapur, Maharashtra, India"
723,Store_Capannori,"Capannori, Tuscany, Italy"
724,Store_Kawagoe,"Kawagoe, Saitama, Japan"
725,Store_Yangzhou,"Yangzhou, Jiangsu, China"
726,Store_Monterrey,"Monterrey, Nuevo León, Mexico"
727,Store_Ann_Arbor,"Ann Arbor, Michigan, United States"
728,Store_Misratah,"Misratah, Misratah, Libya"
729,Store_Tlalpan,"Tlalpan, Distrito Federal, Mexico"
730,Store_Matanzas,"Matanzas, Matanzas, Cuba"
731,Store_Can_Tho,"Can Tho, T?nh C?n Th?, Vietnam"
732,Store_Greenwood,"Greenwood, Indiana, United States"
733,Store_Las_Tunas,"Las Tunas, Las Tunas, Cuba"
734,Store_Phoenix,"Phoenix, Arizona, United States"
735,Store_Villeneuve-le-Roi,"Villeneuve-le-Roi, Ile-de-France, France"
736,Store_Vitrolles,"Vitrolles, Provence-Alpes-Côte d'Azur, France"
737,Store_Tiruchchirappalli,"Tiruchchirappalli, Tamil Nadu, India"
738,Store_Hengyang,"Hengyang, Hunan, China"
739,Store_Hialeah,"Hialeah, Florida, United States"
740,Store_Marietta,"Marietta, Georgia, United States"
741,Store_Ilopango,"Ilopango, San Salvador, El Salvador"
742,Store_Torbali,"Torbali, Izmir, Turkey"
743,Store_Bhiwandi,"Bhiwandi, Maharashtra, India"
744,Store_Palmerston_North,"Palmerston North, Manawatu-Wanganui, New Zealand"
745,Store_Kaifeng,"Kaifeng, Henan, China"
746,Store_Thornton,"Thornton, Colorado, United States"
747,Store_Georgetown,"Georgetown, Kentucky, United States"
748,Store_Villa_Alemana,"Villa Alemana, Valparaíso, Chile"
749,Store_Tlalnepantla,"Tlalnepantla, México, Mexico"
750,Store_São_Gonçalo,"São Gonçalo, Rio de Janeiro, Brazil"
751,Store_Richmond,"Richmond, Kentucky, United States"
752,Store_Katowice,"Katowice, Silesia, Poland"
753,Store_Carora,"Carora, Lara, Venezuela"
754,Store_Orihuela,"Orihuela, Valenciana, Spain"
755,Store_Tulsa,"Tulsa, Oklahoma, United States"
756,Store_Fasa,"Fasa, Fars, Iran"
757,Store_San_Fernando,"San Fernando, San Fernando, Trinidad and Tobago"
758,Store_Mainz,"Mainz, Rhineland-Palatinate, Germany"
759,Store_Gronau,"Gronau, North Rhine-Westphalia, Germany"
760,Store_Bengbu,"Bengbu, Anhui, China"
761,Store_Dublin,"Dublin, Dublin, Ireland"
762,Store_Antibes,"Antibes, Provence-Alpes-Côte d'Azur, France"
763,Store_Natal,"Natal, Rio Grande do Norte, Brazil"
764,Store_Concarneau,"Concarneau, Brittany, France"
765,Store_Lakeland,"Lakeland, Florida, United States"
766,Store_Brentwood,"Brentwood, California, United States"
767,Store_Solingen,"Solingen, North Rhine-Westphalia, Germany"
768,Store_Palmerston,"Palmerston, Northern Territory, Australia"
769,Store_Marrakech,"Marrakech, Marrakech-Tensift-El Haouz, Morocco"
770,Store_Cologne,"Cologne, North Rhine-Westphalia, Germany"
771,Store_Reading,"Reading, England, United Kingdom"
772,Store_Xinshi,"Xinshi, Hubei, China"
773,Store_Sofia,"Sofia, Sofiya-Grad, Bulgaria"
774,Store_Kryvyy_Rih,"Kryvyy Rih, Dnipropetrovs'k, Ukraine"
775,Store_Cachan,"Cachan, Ile-de-France, France"
776,Store_Carlisle,"Carlisle, England, United Kingdom"
777,Store_Pleasant_Grove,"Pleasant Grove, Utah, United States"
778,Store_Montenegro,"Montenegro, Quindío, Colombia"
779,Store_Asheville,"Asheville, North Carolina, United States"
780,Store_Ipoh,"Ipoh, Perak, Malaysia"
781,Store_Xiaogan,"Xiaogan, Hubei, China"
782,Store_Yuci,"Yuci, Shanxi, China"
783,Store_Makhachkala,"Makhachkala, Dagestan, Russia"
784,Store_Gongzhuling,"Gongzhuling, Jilin, China"
785,Store_Devonport,"Devonport, Tasmania, Australia"
786,Store_Bottrop,"Bottrop, North Rhine-Westphalia, Germany"
787,Store_Jember,"Jember, Jawa Timur, Indonesia"
788,Store_Shulan,"Shulan, Jilin, China"
789,Store_Ulm,"Ulm, Baden-Württemberg, Germany"
790,Store_Sheffield,"Sheffield, England, United Kingdom"
791,Store_Guelma,"Guelma, Guelma, Algeria"
792,Store_Stockholm,"Stockholm, Stockholm, Sweden"
793,Store_Liaocheng,"Liaocheng, Shandong, China"
794,Store_Innsbruck,"Innsbruck, Tyrol, Austria"
795,Store_Shantou,"Shantou, Guangdong, China"
796,Store_Rockford,"Rockford, Illinois, United States"
797,Store_Panama_City,"Panama City, Panama, Panama"
798,Store_Cabo_de_Santo_Agostinho,"Cabo de Santo Agostinho, Pernambuco, Brazil"
799,Store_Castrop-Rauxel,"Castrop-Rauxel, North Rhine-Westphalia, Germany"
800,Store_Saint-Germain-en-Laye,"Saint-Germain-en-Laye, Ile-de-France, France"
801,Store_Cuttack,"Cuttack, Odisha, India"
802,Store_Tilburg,"Tilburg, North Brabant, Netherlands"
803,Store_Parla,"Parla, Madrid, Spain"
804,Store_Ludhiana,"Ludhiana, Punjab, India"
805,Store_Xinzhou,"Xinzhou, Shanxi, China"
806,Store_Glendale,"Glendale, Arizona, United States"
807,Store_La_Rochelle,"La Rochelle, Poitou-Charentes, France"
808,Store_Soledad,"Soledad, Atlántico, Colombia"
809,Store_Ramat_Aviv,"Ramat Aviv, Tel Aviv, Israel"
810,Store_Paulista,"Paulista, Pernambuco, Brazil"
811,Store_Wagga_Wagga,"Wagga Wagga, New South Wales, Australia"
812,Store_Lunel,"Lunel, Languedoc-Roussillon, France"
813,Store_Cajazeiras,"Cajazeiras, Paraíba, Brazil"
814,Store_Laiyang,"Laiyang, Shandong, China"
815,Store_Guyancourt,"Guyancourt, Ile-de-France, France"
816,Store_Zamora,"Zamora, Castile and León, Spain"
817,Store_Dallas,"Dallas, Texas, United States"
818,Store_Lagos,"Lagos, Lagos, Nigeria"
819,Store_Ninghai,"Ninghai, Shandong, China"
820,Store_Bogor,"Bogor, Jawa Barat, Indonesia"
821,Store_Nancy,"Nancy, Lorraine, France"
822,Store_Bello,"Bello, Antioquia, Colombia"
823,Store_Chimaltenango,"Chimaltenango, Chimaltenango, Guatemala"
824,Store_Toronto,"Toronto, Ontario, Canada"
825,Store_El_Prat_de_Llobregat,"El Prat de Llobregat, Catalonia, Spain"
826,Store_Pematangsiantar,"Pematangsiantar, Sumatera Utara, Indonesia"
827,Store_Albacete,"Albacete, Castile-La Mancha, Spain"
828,Store_Santa_Clara,"Santa Clara, Villa Clara, Cuba"
829,Store_Maringá,"Maringá, Parana, Brazil"
830,Store_Osorno,"Osorno, Los Lagos, Chile"
831,Store_Brindisi,"Brindisi, Apulia, Italy"
832,Store_Doncaster,"Doncaster, England, United Kingdom"
833,Store_Fremont,"Fremont, Nebraska, United States"
834,Store_Santa_Catarina,"Santa Catarina, Nuevo León, Mexico"
835,Store_Annaba,"Annaba, Annaba, Algeria"
836,Store_Utrecht,"Utrecht, Utrecht, Netherlands"
837,Store_Nagasaki,"Nagasaki, Nagasaki, Japan"
838,Store_Albany,"Albany, Western Australia, Australia"
839,Store_Las_Pinas,"Las Pinas, National Capital, Philippines"
840,Store_Westminster,"Westminster, California, United States"
841,Store_Shah_Alam,"Shah Alam, Selangor, Malaysia"
842,Store_Birmingham,"Birmingham, England, United Kingdom"
843,Store_Rach_Gia,"Rach Gia, Kiên Giang, Vietnam"
844,Store_Dongguan,"Dongguan, Guangdong, China"
845,Store_Fontainebleau,"Fontainebleau, Ile-de-France, France"
846,Store_Santa_Cruz_de_la_Sierra,"Santa Cruz de la Sierra, Santa Cruz, Bolivia"
847,Store_Donets'k,"Donets'k, Donetsk, Ukraine"
848,Store_Jacksonville,"Jacksonville, North Carolina, United States"
849,Store_Cardiff,"Cardiff, Wales, United Kingdom"
850,Store_Spokane,"Spokane, Washington, United States"
851,Store_Villeurbanne,"Villeurbanne, Rhône-Alpes, France"
852,Store_Nicolás_Romero,"Nicolás Romero, México, Mexico"
853,Store_Chililabombwe,"Chililabombwe, Copperbelt, Zambia"
854,Store_Baltimore,"Baltimore, Maryland, United States"
855,Store_Nanterre,"Nanterre, Ile-de-France, France"
856,Store_Shihezi,"Shihezi, Xinjiang Uygur, China"
857,Store_Givors,"Givors, Rhône-Alpes, France"
858,Store_Carrefour,"Carrefour, Ouest, Haiti"
859,Store_Brasov,"Brasov, Brasov, Romania"
860,Store_Vichy,"Vichy, Auvergne, France"
861,Store_Kure,"Kure, Hiroshima, Japan"
862,Store_Derby,"Derby, England, United Kingdom"
863,Store_Arnhem,"Arnhem, Gelderland, Netherlands"
864,Store_Aprilia,"Aprilia, Lazio, Italy"
865,Store_Waitakere,"Waitakere, Auckland, New Zealand"
866,Store_Fargo,"Fargo, North Dakota, United States"
867,Store_Aurora,"Aurora, Colorado, United States"
868,Store_Hanoi,"Hanoi, Th? Dô Hà N?i, Vietnam"
869,Store_Genk,"Genk, Limburg, Belgium"
870,Store_Castanhal,"Castanhal, Pará, Brazil"
871,Store_La_Spezia,"La Spezia, Liguria, Italy"
872,Store_Jiangyan,"Jiangyan, Jiangsu, China"
873,Store_Wilmington,"Wilmington, Delaware, United States"
874,Store_Fairfield,"Fairfield, Connecticut, United States"
875,Store_Littlehampton,"Littlehampton, England, United Kingdom"
876,Store_Padang,"Padang, Sumatera Barat, Indonesia"
877,Store_Yunyang,"Yunyang, Henan, China"
878,Store_Fatehpur,"Fatehpur, Rajasthan, India"
879,Store_Changshu,"Changshu, Jiangsu, China"
880,Store_Quevedo,"Quevedo, Los Rios, Ecuador"
881,Store_Changzhou,"Changzhou, Jiangsu, China"
882,Store_Sakaka,"Sakaka, Al Jawf, Saudi Arabia"
883,Store_Saint-Dizier,"Saint-Dizier, Champagne-Ardenne, France"
884,Store_Stourbridge,"Stourbridge, England, United Kingdom"
885,Store_Presidente_Dutra,"Presidente Dutra, Maranhão, Brazil"
886,Store_El_Paso,"El Paso, Texas, United States"
887,Store_Bognor_Regis,"Bognor Regis, England, United Kingdom"
888,Store_Xuzhou,"Xuzhou, Jiangsu, China"
889,Store_Ninghai,"Ninghai, Zhejiang, China"
890,Store_Bridgetown,"Bridgetown, Saint Michael, Barbados"
891,Store_Fort_Lauderdale,"Fort Lauderdale, Florida, United States"
892,Store_Beauvais,"Beauvais, Picardy, France"
893,Store_South_Shields,"South Shields, England, United Kingdom"
894,Store_Manchester,"Manchester, Connecticut, United States"
895,Store_Nuevo_Laredo,"Nuevo Laredo, Tamaulipas, Mexico"
896,Store_Kano,"Kano, Kano, Nigeria"
897,Store_Dewas,"Dewas, Madhya Pradesh, India"
898,Store_Puertollano,"Puertollano, Castile-La Mancha, Spain"
899,Store_Lawrence,"Lawrence, Massachusetts, United States"
900,Store_Bonn,"Bonn, North Rhine-Westphalia, Germany"
901,Store_Danville,"Danville, California, United States"
902,Store_Arles,"Arles, Provence-Alpes-Côte d'Azur, France"
903,Store_Murcia,"Murcia, Murcia, Spain"
904,Store_Liverpool,"Liverpool, England, United Kingdom"
905,Store_Fes,"Fes, Fès-Boulemane, Morocco"
906,Store_Farnborough,"Farnborough, England, United Kingdom"
907,Store_Suining,"Suining, Sichuan, China"
908,Store_Herne,"Herne, North Rhine-Westphalia, Germany"
909,Store_Ciego_de_Ávila,"Ciego de Ávila, Ciego de Ávila, Cuba"
910,Store_Arkhangelsk,"Arkhangelsk, Arkhangel'sk, Russia"
911,Store_Ljubljana,"Ljubljana, Ljubljana, Slovenia"
912,Store_Marion,"Marion, Ohio, United States"
913,Store_Mount_Isa,"Mount Isa, Queensland, Australia"
914,Store_Nizhyn,"Nizhyn, Chernihiv, Ukraine"
915,Store_Bamako,"Bamako, Bamako, Mali"
916,Store_Montevideo,"Montevideo, Montevideo, Uruguay"
917,Store_Tepic,"Tepic, Nayarit, Mexico"
918,Store_Dnipropetrovs'k,"Dnipropetrovs'k, Dnipropetrovs'k, Ukraine"
919,Store_Gorakhpur,"Gorakhpur, Uttar Pradesh, India"
920,Store_Catania,"Catania, Sicily, Italy"
921,Store_Grigny,"Grigny, Ile-de-France, France"
922,Store_Yibin,"Yibin, Sichuan, China"
923,Store_Mahajanga,"Mahajanga, Boeny, Madagascar"
924,Store_Saida,"Saida, Saida, Algeria"
925,Store_Cergy,"Cergy, Ile-de-France, France"
926,Store_Arzgir,"Arzgir, Stavropol', Russia"
927,Store_Gravesend,"Gravesend, England, United Kingdom"
928,Store_Mentougou,"Mentougou, Beijing, China"
929,Store_Nampula,"Nampula, Nampula, Mozambique"
930,Store_Edmonds,"Edmonds, Washington, United States"
931,Store_Traralgon,"Traralgon, Victoria, Australia"
932,Store_Vinnytsya,"Vinnytsya, Vinnytsya, Ukraine"
933,Store_Evanston,"Evanston, Illinois, United States"
934,Store_Bossier_City,"Bossier City, Louisiana, United States"
935,Store_Timaru,"Timaru, Canterbury, New Zealand"
936,Store_Libourne,"Libourne, Aquitaine, France"
937,Store_Tampa,"Tampa, Florida, United States"
938,Store_Ashdod,"Ashdod, Southern, Israel"
939,Store_Patrocínio,"Patrocínio, Minas Gerais, Brazil"
940,Store_Slough,"Slough, England, United Kingdom"
941,Store_Rennes,"Rennes, Brittany, France"
942,Store_Datong,"Datong, Shanxi, China"
943,Store_Oberhausen,"Oberhausen, North Rhine-Westphalia, Germany"
944,Store_Chipata,"Chipata, Eastern, Zambia"
945,Store_Galati,"Galati, Galati, Romania"
946,Store_Toowoomba,"Toowoomba, Queensland, Australia"
947,Store_Bry-sur-Marne,"Bry-sur-Marne, Ile-de-France, France"
948,Store_Balneário_Camboriú,"Balneário Camboriú, Santa Catarina, Brazil"
949,Store_Dreux,"Dreux, Centre, France"
950,Store_Toulouse,"Toulouse, Midi-Pyrénées, France"
951,Store_Benghazi,"Benghazi, Banghazi, Libya"
952,Store_Bacoor,"Bacoor, Calabarzon, Philippines"
953,Store_Nanning,"Nanning, Guangxi, China"
954,Store_Stolberg,"Stolberg, North Rhine-Westphalia, Germany"
955,Store_Bari,"Bari, Apulia, Italy"
956,Store_Xining,"Xining, Qinghai, China"
957,Store_Tabuk,"Tabuk, Tabuk, Saudi Arabia"
958,Store_Guiyang,"Guiyang, Guizhou, China"
959,Store_Durango,"Durango, Durango, Mexico"
960,Store_Kenosha,"Kenosha, Wisconsin, United States"
961,Store_Tokyo,"Tokyo, Tokyo, Japan"
962,Store_Bene_Beraq,"Bene Beraq, Tel Aviv, Israel"
963,Store_Rotherham,"Rotherham, England, United Kingdom"
964,Store_Cork,"Cork, Cork, Ireland"
965,Store_Columbus,"Columbus, Indiana, United States"
966,Store_Roodepoort,"Roodepoort, Gauteng, South Africa"
967,Store_Fontaine,"Fontaine, Rhône-Alpes, France"
968,Store_Rabat,"Rabat, Rabat-Salé-Zemmour-Zaer, Morocco"
969,Store_Temecula,"Temecula, California, United States"
970,Store_José_Bonifácio,"José Bonifácio, São Paulo, Brazil"
971,Store_Lusaka,"Lusaka, Lusaka, Zambia"
972,Store_Basra,"Basra, Al Basrah, Iraq"
973,Store_Apple_Valley,"Apple Valley, California, United States"
974,Store_Meizhou,"Meizhou, Guangdong, China"
975,Store_Guasave,"Guasave, Sinaloa, Mexico"
976,Store_Richardson,"Richardson, Texas, United States"
977,Store_Santana_de_Parnaíba,"Santana de Parnaíba, São Paulo, Brazil"
978,Store_Montgomery,"Montgomery, Alabama, United States"
979,Store_Austin,"Austin, Texas, United States"
980,Store_Aubervilliers,"Aubervilliers, Ile-de-France, France"
981,Store_Upper_Hutt,"Upper Hutt, Wellington, New Zealand"
982,Store_Neuilly-sur-Seine,"Neuilly-sur-Seine, Ile-de-France, France"
983,Store_Faridabad,"Faridabad, Haryana, India"
984,Store_Fairfield,"Fairfield, California, United States"
985,Store_Santa_Ana,"Santa Ana, Santa Ana, El Salvador"
986,Store_Le_Havre,"Le Havre, Upper Normandy, France"
987,Store_Mwanza,"Mwanza, Mwanza, Tanzania"
988,Store_Orem,"Orem, Utah, United States"
989,Store_Petapa,"Petapa, Guatemala, Guatemala"
990,Store_Newport_News,"Newport News, Virginia, United States"
991,Store_Miramas,"Miramas, Provence-Alpes-Côte d'Azur, France"
992,Store_Mabopane,"Mabopane, Gauteng, South Africa"
993,Store_David,"David, Chiriquí, Panama"
994,Store_Dos_Hermanas,"Dos Hermanas, Andalusía, Spain"
995,Store_Villa_Frontera,"Villa Frontera, Coahuila, Mexico"
996,Store_Franklin,"Franklin, Massachusetts, United States"
997,Store_Suzhou,"Suzhou, Jiangsu, China"
998,Store_Hartlepool,"Hartlepool, England, United Kingdom"
999,Store_Orizaba,"Orizaba, Veracruz, Mexico"
1000,Store_Lázaro_Cárdenas,"Lázaro Cárdenas, Michoacán, Mexico"
1001,Store_Busan,"Busan, Busan, South Korea"
1002,Store_Pearland,"Pearland, Texas, United States"
1003,Store_Holguín,"Holguín, Holguín, Cuba"
1004,Store_Korba,"Korba, Chhattisgarh, India"
1005,Store_Viterbo,"Viterbo, Lazio, Italy"
1006,Store_Carcassonne,"Carcassonne, Languedoc-Roussillon, France"
1007,Store_Villach,"Villach, Carinthia, Austria"
1008,Store_Altamura,"Altamura, Apulia, Italy"
1009,Store_Longmont,"Longmont, Colorado, United States"
1010,Store_Ezhou,"Ezhou, Hubei, China"
1011,Store_Escuintla,"Escuintla, Escuintla, Guatemala"
1012,Store_Gujranwala,"Gujranwala, Punjab, Pakistan"
1013,Store_Jena,"Jena, Thuringia, Germany"
1014,Store_Oxford,"Oxford, England, United Kingdom"
1015,Store_Anantapur,"Anantapur, Andhra Pradesh, India"
1016,Store_Qom,"Qom, Qom, Iran"
1017,Store_Jiaozuo,"Jiaozuo, Henan, China"
1018,Store_Portsmouth,"Portsmouth, England, United Kingdom"
1019,Store_Hildesheim,"Hildesheim, Lower Saxony, Germany"
1020,Store_Sunderland,"Sunderland, England, United Kingdom"
1021,Store_Al_Mahallah_al_Kubra,"Al Mahallah al Kubra, Al Gharbiyah, Egypt"
1022,Store_La_Plata,"La Plata, Provincia de Buenos Aires, Argentina"
1023,Store_Landskrona,"Landskrona, Skåne, Sweden"
1024,Store_Helsinki,"Helsinki, Uusimaa, Finland"
1025,Store_Las_Vegas,"Las Vegas, Nevada, United States"
1026,Store_Budapest,"Budapest, Budapest, Hungary"
1027,Store_Bath,"Bath, England, United Kingdom"
1028,Store_Lome,"Lome, Maritime, Togo"
1029,Store_Ferrara,"Ferrara, Emilia-Romagna, Italy"
1030,Store_Palaiseau,"Palaiseau, Ile-de-France, France"
1031,Store_Gateshead,"Gateshead, England, United Kingdom"
1032,Store_Saint-Louis,"Saint-Louis, Alsace, France"
1033,Store_Plainfield,"Plainfield, New Jersey, United States"
1034,Store_Itamaraju,"Itamaraju, Bahia, Brazil"
1035,Store_Coventry,"Coventry, England, United Kingdom"
1036,Store_Villeneuve-d'Ascq,"Villeneuve-d'Ascq, Nord-Pas-de-Calais, France"
1037,Store_Mathura,"Mathura, Uttar Pradesh, India"
1038,Store_Wilhelmshaven,"Wilhelmshaven, Lower Saxony, Germany"
1039,Store_Hurghada,"Hurghada, Al Bahr Al Ahmar, Egypt"
1040,Store_Gaya,"Gaya, Bihar, India"
1041,Store_Toul,"Toul, Lorraine, France"
1042,Store_Arusha,"Arusha, Arusha, Tanzania"
1043,Store_Ibirité,"Ibirité, Minas Gerais, Brazil"
1044,Store_Guadalajara,"Guadalajara, Jalisco, Mexico"
1045,Store_Ciudad_del_Carmen,"Ciudad del Carmen, Campeche, Mexico"
1046,Store_Kolhapur,"Kolhapur, Maharashtra, India"
1047,Store_Valles,"Valles, San Luis Potosí, Mexico"
1048,Store_Beverly,"Beverly, Massachusetts, United States"
1049,Store_Buffalo,"Buffalo, New York, United States"
1050,Store_Kassel,"Kassel, Hesse, Germany"
1051,Store_Greensboro,"Greensboro, North Carolina, United States"
1052,Store_La_Vega,"La Vega, La Vega, Dominican Republic"
1053,Store_Nouakchott,"Nouakchott, Nouakchott, Mauritania"
1054,Store_Saint-Louis,"Saint-Louis, Saint-Louis, Senegal"
1055,Store_Santa_Marta,"Santa Marta, Magdalena, Colombia"
1056,Store_Córdoba,"Córdoba, Córdoba, Argentina"
1057,Store_George,"George, Western Cape, South Africa"
1058,Store_Sindelfingen,"Sindelfingen, Baden-Württemberg, Germany"
1059,Store_Kawaguchi,"Kawaguchi, Chiba, Japan"
1060,Store_Villa_Canales,"Villa Canales, Guatemala, Guatemala"
1061,Store_Zunyi,"Zunyi, Guizhou, China"
1062,Store_Wuchang,"Wuchang, Heilongjiang, China"
1063,Store_Hermosillo,"Hermosillo, Sonora, Mexico"
1064,Store_Douai,"Douai, Nord-Pas-de-Calais, France"
1065,Store_Fukuyama,"Fukuyama, Hiroshima, Japan"
1066,Store_Dabrowa_Gornicza,"Dabrowa Gornicza, Silesia, Poland"
1067,Store_Essen,"Essen, North Rhine-Westphalia, Germany"
1068,Store_Gresham,"Gresham, Oregon, United States"
1069,Store_Santiago_de_Compostela,"Santiago de Compostela, Galicia, Spain"
1070,Store_Paraparaumu,"Paraparaumu, Wellington, New Zealand"
1071,Store_San_Juan,"San Juan, San Juan, Argentina"
1072,Store_Manaus,"Manaus, Amazonas, Brazil"
1073,Store_Mantes-la-Jolie,"Mantes-la-Jolie, Ile-de-France, France"
1074,Store_Glasgow,"Glasgow, Scotland, United Kingdom"
1075,Store_Reno,"Reno, Nevada, United States"
1076,Store_Pontivy,"Pontivy, Brittany, France"
1077,Store_Tauranga,"Tauranga, Bay of Plenty, New Zealand"
1078,Store_The_Hague,"The Hague, South Holland, Netherlands"
1079,Store_Karlstad,"Karlstad, Värmland, Sweden"
1080,Store_Rajkot,"Rajkot, Gujarat, India"
1081,Store_Satna,"Satna, Madhya Pradesh, India"
1082,Store_Yulin,"Yulin, Shaanxi, China"
1083,Store_Manzanillo,"Manzanillo, Granma, Cuba"
1084,Store_Karbala',"Karbala', Karbala', Iraq"
1085,Store_Hrodna,"Hrodna, Hrodna, Belarus"
1086,Store_Clarksville,"Clarksville, Tennessee, United States"
1087,Store_Guangshui,"Guangshui, Hubei, China"
1088,Store_Bikaner,"Bikaner, Rajasthan, India"
1089,Store_Indore,"Indore, Madhya Pradesh, India"
1090,Store_Wigan,"Wigan, England, United Kingdom"
1091,Store_Beykoz,"Beykoz, Istanbul, Turkey"
1092,Store_Le_Cannet,"Le Cannet, Provence-Alpes-Côte d'Azur, France"
1093,Store_Columbia,"Columbia, South Carolina, United States"
1094,Store_Tirupati,"Tirupati, Andhra Pradesh, India"
1095,Store_Manizales,"Manizales, Caldas, Colombia"
1096,Store_Conflans-Sainte-Honorine,"Conflans-Sainte-Honorine, Ile-de-France, France"
1097,Store_Leicester,"Leicester, England, United Kingdom"
1098,Store_Luanda,"Luanda, Luanda, Angola"
1099,Store_Mbandaka,"Mbandaka, Equateur, Democratic Republic of the Congo"
1100,Store_Cuernavaca,"Cuernavaca, Morelos, Mexico"
1101,Store_San_Pedro_Sula,"San Pedro Sula, Cortés, Honduras"
1102,Store_Jinjiang,"Jinjiang, Fujian, China"
1103,Store_Zhaoqing,"Zhaoqing, Guangdong, China"
1104,Store_Broken_Arrow,"Broken Arrow, Oklahoma, United States"
1105,Store_Ponferrada,"Ponferrada, Castile and León, Spain"
1106,Store_Yerres,"Yerres, Ile-de-France, France"
1107,Store_Lawrence,"Lawrence, Indiana, United States"
1108,Store_Blenheim,"Blenheim, Marlborough, New Zealand"
1109,Store_Rillieux-la-Pape,"Rillieux-la-Pape, Rhône-Alpes, France"
1110,Store_Luohe,"Luohe, Henan, China"
1111,Store_Spijkenisse,"Spijkenisse, South Holland, Netherlands"
1112,Store_Nzerekore,"Nzerekore, Nzérékoré, Guinea"
1113,Store_Zaria,"Zaria, Kaduna, Nigeria"
1114,Store_Bielefeld,"Bielefeld, North Rhine-Westphalia, Germany"
1115,Store_Stains,"Stains, Ile-de-France, France"
1116,Store_San_Francisco_de_Macorís,"San Francisco de Macorís, Duarte, Dominican Republic"
1117,Store_Lecce,"Lecce, Apulia, Italy"
1118,Store_Colorado_Springs,"Colorado Springs, Colorado, United States"
1119,Store_São_Luís,"São Luís, Maranhão, Brazil"
1120,Store_Bagnolet,"Bagnolet, Ile-de-France, France"
1121,Store_Qitaihe,"Qitaihe, Heilongjiang, China"
1122,Store_Meerut,"Meerut, Uttar Pradesh, India"
1123,Store_Shumen,"Shumen, Shumen, Bulgaria"
1124,Store_Ponte_Nova,"Ponte Nova, Minas Gerais, Brazil"
1125,Store_Jinhua,"Jinhua, Zhejiang, China"
1126,Store_Cheltenham,"Cheltenham, England, United Kingdom"
1127,Store_Kaduna,"Kaduna, Kaduna, Nigeria"
1128,Store_Breda,"Breda, North Brabant, Netherlands"
1129,Store_Valladolid,"Valladolid, Castile and León, Spain"
1130,Store_Courbevoie,"Courbevoie, Ile-de-France, France"
1131,Store_Fuengirola,"Fuengirola, Andalusía, Spain"
1132,Store_Charleroi,"Charleroi, Hainaut, Belgium"
1133,Store_Oran,"Oran, Oran, Algeria"
1134,Store_Kigali,"Kigali, Kigali, Rwanda"
1135,Store_Adana,"Adana, Adana, Turkey"
1136,Store_Nova_Serrana,"Nova Serrana, Minas Gerais, Brazil"
1137,Store_Guadalajara,"Guadalajara, Castile-La Mancha, Spain"
1138,Store_Oklahoma_City,"Oklahoma City, Oklahoma, United States"
1139,Store_Santa_Helena,"Santa Helena, Maranhão, Brazil"
1140,Store_Great_Falls,"Great Falls, Montana, United States"
1141,Store_Belo_Horizonte,"Belo Horizonte, Minas Gerais, Brazil"
1142,Store_North_York,"North York, Ontario, Canada"
1143,Store_Lakeville,"Lakeville, Minnesota, United States"
1144,Store_Atakpame,"Atakpame, Plateaux, Togo"
1145,Store_Amadora,"Amadora, Lisboa, Portugal"
1146,Store_Pekanbaru,"Pekanbaru, Riau, Indonesia"
1147,Store_Louisville,"Louisville, Colorado, United States"
1148,Store_Smyrna,"Smyrna, Georgia, United States"
1149,Store_Saint_Cloud,"Saint Cloud, Minnesota, United States"
1150,Store_Jamundí,"Jamundí, Valle del Cauca, Colombia"
1151,Store_Foumban,"Foumban, Ouest, Cameroon"
1152,Store_Jilin,"Jilin, Jilin, China"
1153,Store_Versailles,"Versailles, Ile-de-France, France"
1154,Store_Lorca,"Lorca, Murcia, Spain"
1155,Store_Langenhagen,"Langenhagen, Lower Saxony, Germany"
1156,Store_Caucaia,"Caucaia, Ceará, Brazil"
1157,Store_Borujerd,"Borujerd, Lorestan, Iran"
1158,Store_Fortaleza,"Fortaleza, Ceará, Brazil"
1159,Store_Anyang,"Anyang, Gyeonggi, South Korea"
1160,Store_Apodaca,"Apodaca, Nuevo León, Mexico"
1161,Store_Parbhani,"Parbhani, Maharashtra, India"
1162,Store_Kita-ku,"Kita-ku, Osaka, Japan"
1163,Store_Likasi,"Likasi, Katanga, Democratic Republic of the Congo"
1164,Store_Bom_Jesus_da_Lapa,"Bom Jesus da Lapa, Bahia, Brazil"
1165,Store_Arlington,"Arlington, Virginia, United States"
1166,Store_Appleton,"Appleton, Wisconsin, United States"
1167,Store_Apopa,"Apopa, San Salvador, El Salvador"
1168,Store_Asti,"Asti, Piedmont, Italy"
1169,Store_Mauá,"Mauá, São Paulo, Brazil"
1170,Store_Ranchi,"Ranchi, Jharkhand, India"
1171,Store_Brest,"Brest, Brittany, France"
1172,Store_Newcastle,"Newcastle, Kwazulu-natal, South Africa"
1173,Store_Luhans'k,"Luhans'k, Luhans'k, Ukraine"
1174,Store_Geneva,"Geneva, Geneva, Switzerland"
1175,Store_Hautmont,"Hautmont, Nord-Pas-de-Calais, France"
1176,Store_Offenburg,"Offenburg, Baden-Württemberg, Germany"
1177,Store_Ananindeua,"Ananindeua, Pará, Brazil"
1178,Store_Nagercoil,"Nagercoil, Tamil Nadu, India"
1179,Store_Iguala,"Iguala, Guerrero, Mexico"
1180,Store_Portland,"Portland, Oregon, United States"
1181,Store_Comodoro_Rivadavia,"Comodoro Rivadavia, Chubut, Argentina"
1182,Store_Nizamabad,"Nizamabad, Telangana, India"
1183,Store_Meriden,"Meriden, Connecticut, United States"
1184,Store_Resistencia,"Resistencia, Chaco, Argentina"
1185,Store_Bijie,"Bijie, Guizhou, China"
1186,Store_Copenhagen,"Copenhagen, Hovedstaden, Denmark"
1187,Store_Niamey,"Niamey, Niamey, Niger"
1188,Store_Evry,"Evry, Ile-de-France, France"
1189,Store_Bourges,"Bourges, Centre, France"
1190,Store_Great_Yarmouth,"Great Yarmouth, England, United Kingdom"
1191,Store_Nashville,"Nashville, Tennessee, United States"
1192,Store_Draguignan,"Draguignan, Provence-Alpes-Côte d'Azur, France"
1193,Store_Jiutepec,"Jiutepec, Morelos, Mexico"
1194,Store_Hamm,"Hamm, North Rhine-Westphalia, Germany"
1195,Store_Bareilly,"Bareilly, Uttar Pradesh, India"
1196,Store_Mamak,"Mamak, Ankara, Turkey"
1197,Store_Sannois,"Sannois, Ile-de-France, France"
1198,Store_Toluca,"Toluca, México, Mexico"
1199,Store_Linz,"Linz, Upper Austria, Austria"
1200,Store_Dubuque,"Dubuque, Iowa, United States"
1201,Store_Port_Moresby,"Port Moresby, National Capital, Papua New Guinea"
1202,Store_Kerman,"Kerman, Kerman, Iran"
1203,Store_Lakewood,"Lakewood, Ohio, United States"
1204,Store_La_Ceiba,"La Ceiba, Atlántida, Honduras"
1205,Store_Port_Macquarie,"Port Macquarie, New South Wales, Australia"
1206,Store_Nelson,"Nelson, Nelson, New Zealand"
1207,Store_Gdansk,"Gdansk, Pomerania, Poland"
1208,Store_Puducherry,"Puducherry, Puducherry, India"
1209,Store_Little_Rock,"Little Rock, Arkansas, United States"
1210,Store_Changwon,"Changwon, Gyeongsangnam, South Korea"
1211,Store_Remscheid,"Remscheid, North Rhine-Westphalia, Germany"
1212,Store_Exeter,"Exeter, England, United Kingdom"
1213,Store_Leshan,"Leshan, Sichuan, China"
1214,Store_Chinautla,"Chinautla, Guatemala, Guatemala"
1215,Store_Brandenburg,"Brandenburg, Brandenburg, Germany"
1216,Store_Saint-Ouen,"Saint-Ouen, Ile-de-France, France"
1217,Store_Le_Plessis-Robinson,"Le Plessis-Robinson, Ile-de-France, France"
1218,Store_Halle,"Halle, Saxony-Anhalt, Germany"
1219,Store_Harrow,"Harrow, England, United Kingdom"
1220,Store_Echirolles,"Echirolles, Rhône-Alpes, France"
1221,Store_Nogent-sur-Oise,"Nogent-sur-Oise, Picardy, France"
1222,Store_Casoria,"Casoria, Campania, Italy"
1223,Store_Griffith,"Griffith, New South Wales, Australia"
1224,Store_Barra_Mansa,"Barra Mansa, Rio de Janeiro, Brazil"
1225,Store_Naperville,"Naperville, Illinois, United States"
1226,Store_Saint-Genis-Laval,"Saint-Genis-Laval, Rhône-Alpes, France"
1227,Store_Ibagué,"Ibagué, Tolima, Colombia"
1228,Store_Tirunelveli,"Tirunelveli, Tamil Nadu, India"
1229,Store_Ulan_Bator,"Ulan Bator, Ulaanbaatar, Mongolia"
1230,Store_Les_Herbiers,"Les Herbiers, Pays de la Loire, France"
1231,Store_Pasco,"Pasco, Washington, United States"
1232,Store_Cheyenne,"Cheyenne, Wyoming, United States"
1233,Store_Perugia,"Perugia, Umbria, Italy"
1234,Store_Dresden,"Dresden, Saxony, Germany"
1235,Store_Francisco_Beltrão,"Francisco Beltrão, Parana, Brazil"
1236,Store_Tours,"Tours, Centre, France"
1237,Store_Araçatuba,"Araçatuba, São Paulo, Brazil"
1238,Store_Gawler,"Gawler, South Australia, Australia"
1239,Store_Des_Moines,"Des Moines, Iowa, United States"
1240,Store_Groningen,"Groningen, Groningen, Netherlands"
1241,Store_Ichalkaranji,"Ichalkaranji, Maharashtra, India"
1242,Store_Naples,"Naples, Campania, Italy"
1243,Store_Bur_Sudan,"Bur Sudan, Red Sea, Sudan"
1244,Store_Firozabad,"Firozabad, Uttar Pradesh, India"
1245,Store_Aschaffenburg,"Aschaffenburg, Bavaria, Germany"
1246,Store_Soissons,"Soissons, Picardy, France"
1247,Store_Aoba-ku,"Aoba-ku, Kanagawa, Japan"
1248,Store_Silivri,"Silivri, Istanbul, Turkey"
1249,Store_Tawau,"Tawau, Sabah, Malaysia"
1250,Store_Limeira,"Limeira, São Paulo, Brazil"
1251,Store_Oldham,"Oldham, England, United Kingdom"
1252,Store_Itajaí,"Itajaí, Santa Catarina, Brazil"
1253,Store_Goiânia,"Goiânia, Goiás, Brazil"
1254,Store_Neuwied,"Neuwied, Rhineland-Palatinate, Germany"
1255,Store_Marano_di_Napoli,"Marano di Napoli, Campania, Italy"
1256,Store_Papakura,"Papakura, Auckland, New Zealand"
1257,Store_Watford,"Watford, England, United Kingdom"
1258,Store_Dalian,"Dalian, Liaoning, China"
1259,Store_Annecy,"Annecy, Rhône-Alpes, France"
1260,Store_Sunnyvale,"Sunnyvale, California, United States"
1261,Store_Madero,"Madero, Tamaulipas, Mexico"
1262,Store_Tongchuan,"Tongchuan, Shaanxi, China"
1263,Store_Kramators'k,"Kramators'k, Donetsk, Ukraine"
1264,Store_Ujjain,"Ujjain, Madhya Pradesh, India"
1265,Store_Asansol,"Asansol, West Bengal, India"
1266,Store_Brahmapur,"Brahmapur, Odisha, India"
1267,Store_Roissy-en-Brie,"Roissy-en-Brie, Ile-de-France, France"
1268,Store_Varese,"Varese, Lombardy, Italy"
1269,Store_Coulommiers,"Coulommiers, Ile-de-France, France"
1270,Store_Chelmsford,"Chelmsford, England, United Kingdom"
1271,Store_Coimbra,"Coimbra, Coimbra, Portugal"
1272,Store_Ashford,"Ashford, England, United Kingdom"
1273,Store_Bouake,"Bouake, Vallee Du Bandama, Cote d'Ivoire"
1274,Store_Mildura,"Mildura, Victoria, Australia"
1275,Store_Puerto_La_Cruz,"Puerto La Cruz, Anzoátegui, Venezuela"
1276,Store_Teresópolis,"Teresópolis, Rio de Janeiro, Brazil"
1277,Store_Juiz_de_Fora,"Juiz de Fora, Minas Gerais, Brazil"
1278,Store_Foggia,"Foggia, Apulia, Italy"
1279,Store_Parma,"Parma, Ohio, United States"
1280,Store_Farmington,"Farmington, New Mexico, United States"
1281,Store_Cholula,"Cholula, Puebla, Mexico"
1282,Store_Pamiers,"Pamiers, Midi-Pyrénées, France"
1283,Store_Criciúma,"Criciúma, Santa Catarina, Brazil"
1284,Store_Taubaté,"Taubaté, São Paulo, Brazil"
1285,Store_Pantin,"Pantin, Ile-de-France, France"
1286,Store_Gilbert,"Gilbert, Arizona, United States"
1287,Store_Oceanside,"Oceanside, New York, United States"
1288,Store_Celaya,"Celaya, Guanajuato, Mexico"
1289,Store_Mansfield,"Mansfield, England, United Kingdom"
1290,Store_Kazerun,"Kazerun, Fars, Iran"
1291,Store_Taiyuan,"Taiyuan, Shanxi, China"
1292,Store_Pasadena,"Pasadena, Texas, United States"
1293,Store_Río_Bravo,"Río Bravo, Tamaulipas, Mexico"
1294,Store_Chiclana_de_la_Frontera,"Chiclana de la Frontera, Andalusía, Spain"
1295,Store_Los_Mochis,"Los Mochis, Sinaloa, Mexico"
1296,Store_Suffolk,"Suffolk, Virginia, United States"
1297,Store_Anshun,"Anshun, Guizhou, China"
1298,Store_San_Pablo_de_las_Salinas,"San Pablo de las Salinas, México, Mexico"
1299,Store_Poissy,"Poissy, Ile-de-France, France"
1300,Store_Choluteca,"Choluteca, Choluteca, Honduras"
1301,Store_San_Andrés_Tuxtla,"San Andrés Tuxtla, Veracruz, Mexico"
1302,Store_Fort_Collins,"Fort Collins, Colorado, United States"
1303,Store_Dublin,"Dublin, Ohio, United States"
1304,Store_Hiratsuka,"Hiratsuka, Kanagawa, Japan"
1305,Store_Huangshi,"Huangshi, Hubei, China"
1306,Store_Xinghua,"Xinghua, Jiangsu, China"
1307,Store_Knoxville,"Knoxville, Tennessee, United States"
1308,Store_Khartoum,"Khartoum, Khartoum, Sudan"
1309,Store_Al_Minya,"Al Minya, Al Minya, Egypt"
1310,Store_Midland,"Midland, Michigan, United States"
1311,Store_Vicenza,"Vicenza, Veneto, Italy"
1312,Store_Lima,"Lima, Lima (city), Peru"
1313,Store_Pontoise,"Pontoise, Ile-de-France, France"
1314,Store_Daejeon,"Daejeon, Daejeon, South Korea"
1315,Store_Springfield,"Springfield, Ohio, United States"
1316,Store_Zhengzhou,"Zhengzhou, Henan, China"
1317,Store_Landerneau,"Landerneau, Brittany, France"
1318,Store_Rouen,"Rouen, Upper Normandy, France"
1319,Store_Heze,"Heze, Shandong, China"
1320,Store_Quelimane,"Quelimane, Zambezia, Mozambique"
1321,Store_Atlixco,"Atlixco, Puebla, Mexico"
1322,Store_Rajshahi,"Rajshahi, Rajshahi, Bangladesh"
1323,Store_Villefontaine,"Villefontaine, Rhône-Alpes, France"
1324,Store_Arraiján,"Arraiján, Panama, Panama"
1325,Store_Querétaro,"Querétaro, Querétaro, Mexico"
1326,Store_Ploiesti,"Ploiesti, Prahova, Romania"
1327,Store_Kassala,"Kassala, Kassala, Sudan"
1328,Store_Saqqez,"Saqqez, Kordestan, Iran"
1329,Store_Dos_Quebradas,"Dos Quebradas, Risaralda, Colombia"
1330,Store_Seremban,"Seremban, Negeri Sembilan, Malaysia"
1331,Store_Meudon,"Meudon, Ile-de-France, France"
1332,Store_Hradec_Kralove,"Hradec Kralove, Hradec Kralove, Czech Republic"
1333,Store_Peoria,"Peoria, Illinois, United States"
1334,Store_Villemomble,"Villemomble, Ile-de-France, France"
1335,Store_Kupang,"Kupang, Nusa Tenggara Timur, Indonesia"
1336,Store_General_Escobedo,"General Escobedo, Nuevo León, Mexico"
1337,Store_Kawasaki,"Kawasaki, Fukuoka, Japan"
1338,Store_Rambouillet,"Rambouillet, Ile-de-France, France"
1339,Store_Kopeysk,"Kopeysk, Chelyabinsk, Russia"
1340,Store_Kaiyuan,"Kaiyuan, Liaoning, China"
1341,Store_Parma,"Parma, Emilia-Romagna, Italy"
1342,Store_Maceió,"Maceió, Alagoas, Brazil"
1343,Store_Ndola,"Ndola, Copperbelt, Zambia"
1344,Store_Samarra',"Samarra', Salah Ad Din, Iraq"
1345,Store_Huainan,"Huainan, Anhui, China"
1346,Store_Sumy,"Sumy, Sumy, Ukraine"
1347,Store_Taranto,"Taranto, Apulia, Italy"
1348,Store_Mount_Gambier,"Mount Gambier, South Australia, Australia"
1349,Store_Bolton,"Bolton, England, United Kingdom"
1350,Store_Valinhos,"Valinhos, São Paulo, Brazil"
1351,Store_Safi,"Safi, Doukkala-Abda, Morocco"
1352,Store_Jackson,"Jackson, Mississippi, United States"
1353,Store_Marly-le-Roi,"Marly-le-Roi, Ile-de-France, France"
1354,Store_Lugo,"Lugo, Galicia, Spain"
1355,Store_Potosí,"Potosí, Potosí, Bolivia"
1356,Store_Belleville,"Belleville, New Jersey, United States"
1357,Store_Oldenburg,"Oldenburg, Lower Saxony, Germany"
1358,Store_Garza_García,"Garza García, Nuevo León, Mexico"
1359,Store_Concord,"Concord, New Hampshire, United States"
1360,Store_Dayr_az_Zawr,"Dayr az Zawr, Dayr Az Zawr, Syria"
1361,Store_Irkutsk,"Irkutsk, Irkutsk, Russia"
1362,Store_San_Miguelito,"San Miguelito, Panama, Panama"
1363,Store_Chillán,"Chillán, Biobio, Chile"
1364,Store_Wodonga,"Wodonga, Victoria, Australia"
1365,Store_Annonay,"Annonay, Rhône-Alpes, France"
1366,Store_Zhongxiang,"Zhongxiang, Hubei, China"
1367,Store_Mogadishu,"Mogadishu, Banaadir, Somalia"
1368,Store_Bryansk,"Bryansk, Bryansk, Russia"
1369,Store_Severodvinsk,"Severodvinsk, Arkhangel'sk, Russia"
1370,Store_Chengdu,"Chengdu, Sichuan, China"
1371,Store_Armidale,"Armidale, New South Wales, Australia"
1372,Store_Soweto,"Soweto, Gauteng, South Africa"
1373,Store_Durgapur,"Durgapur, Maharashtra, India"
1374,Store_Nueva_Gerona,"Nueva Gerona, Isla de la Juventud, Cuba"
1375,Store_Presidencia_Roque_Sáenz_Peña,"Presidencia Roque Sáenz Peña, Chaco, Argentina"
1376,Store_Castres,"Castres, Midi-Pyrénées, France"
1377,Store_Fushun,"Fushun, Liaoning, China"
1378,Store_Franca,"Franca, São Paulo, Brazil"
1379,Store_Ludwigshafen_am_Rhein,"Ludwigshafen am Rhein, Rhineland-Palatinate, Germany"
1380,Store_Arica,"Arica, Arica y Parinacota, Chile"
1381,Store_Sartrouville,"Sartrouville, Ile-de-France, France"
1382,Store_Mombasa,"Mombasa, Coast, Kenya"
1383,Store_Nazilli,"Nazilli, Aydin, Turkey"
1384,Store_Jiutai,"Jiutai, Jilin, China"
1385,Store_Koidu,"Koidu, Eastern, Sierra Leone"
1386,Store_Suihua,"Suihua, Heilongjiang, China"
1387,Store_Messina,"Messina, Sicily, Italy"
1388,Store_Reims,"Reims, Champagne-Ardenne, France"
1389,Store_Behbahan,"Behbahan, Khuzestan, Iran"
1390,Store_Ajmer,"Ajmer, Rajasthan, India"
1391,Store_Cluj-Napoca,"Cluj-Napoca, Cluj, Romania"
1392,Store_Oradea,"Oradea, Bihor, Romania"
1393,Store_Bristol,"Bristol, England, United Kingdom"
1394,Store_Tipitapa,"Tipitapa, Managua, Nicaragua"
1395,Store_Alicante,"Alicante, Valenciana, Spain"
1396,Store_Hasselt,"Hasselt, Limburg, Belgium"
1397,Store_Aksu,"Aksu, Xinjiang Uygur, China"
1398,Store_Trabzon,"Trabzon, Trabzon, Turkey"
1399,Store_Troisdorf,"Troisdorf, North Rhine-Westphalia, Germany"
1400,Store_Kindia,"Kindia, Kindia, Guinea"
1401,Store_Aix-en-Provence,"Aix-en-Provence, Provence-Alpes-Côte d'Azur, France"
1402,Store_Tanta,"Tanta, Al Gharbiyah, Egypt"
1403,Store_Choloma,"Choloma, Cortés, Honduras"
1404,Store_Ulhasnagar,"Ulhasnagar, Maharashtra, India"
1405,Store_Caracas,"Caracas, Distrito Capital, Venezuela"
1406,Store_Oleksandriya,"Oleksandriya, Kirovohrad, Ukraine"
1407,Store_Mississauga,"Mississauga, Ontario, Canada"
1408,Store_Independence,"Independence, Missouri, United States"
1409,Store_Wattrelos,"Wattrelos, Nord-Pas-de-Calais, France"
1410,Store_Licheng,"Licheng, Guangdong, China"
1411,Store_Nieuwegein,"Nieuwegein, Utrecht, Netherlands"
1412,Store_Huaiyin,"Huaiyin, Jiangsu, China"
1413,Store_Pimpri,"Pimpri, Maharashtra, India"
1414,Store_Brownsville,"Brownsville, Texas, United States"
1415,Store_Abidjan,"Abidjan, Lagunes, Cote d'Ivoire"
1416,Store_Turku,"Turku, Finland Proper, Finland"
1417,Store_Portmore,"Portmore, Saint Catherine, Jamaica"
1418,Store_Ivanovo,"Ivanovo, Ivanovo, Russia"
1419,Store_Artemisa,"Artemisa, Artemisa, Cuba"
1420,Store_Niort,"Niort, Poitou-Charentes, France"
1421,Store_Denizli,"Denizli, Denizli, Turkey"
1422,Store_Heerlen,"Heerlen, Limburg, Netherlands"
1423,Store_Pharr,"Pharr, Texas, United States"
1424,Store_Valencia,"Valencia, Carabobo, Venezuela"
1425,Store_Takamatsu,"Takamatsu, Kagawa, Japan"
1426,Store_Kaluga,"Kaluga, Kaluga, Russia"
1427,Store_Burbank,"Burbank, California, United States"
1428,Store_Jayapura,"Jayapura, Papua, Indonesia"
1429,Store_Martigues,"Martigues, Provence-Alpes-Côte d'Azur, France"
1430,Store_Bastia,"Bastia, Corsica, France"
1431,Store_Deltona,"Deltona, Florida, United States"
1432,Store_London,"London, Ontario, Canada"
1433,Store_Kankan,"Kankan, Kankan, Guinea"
1434,Store_Shanwei,"Shanwei, Guangdong, China"
1435,Store_Massy,"Massy, Ile-de-France, France"
1436,Store_Vaughan,"Vaughan, Ontario, Canada"
1437,Store_Acuña,"Acuña, Coahuila, Mexico"
1438,Store_Langen,"Langen, Lower Saxony, Germany"
1439,Store_Villeneuve-sur-Lot,"Villeneuve-sur-Lot, Aquitaine, France"
1440,Store_Manchester,"Manchester, England, United Kingdom"
1441,Store_Como,"Como, Lombardy, Italy"
1442,Store_Les_Ulis,"Les Ulis, Ile-de-France, France"
1443,Store_Melitopol',"Melitopol', Zaporizhzhya, Ukraine"
1444,Store_Haarlem,"Haarlem, North Holland, Netherlands"
1445,Store_Memphis,"Memphis, Tennessee, United States"
1446,Store_Ashqelon,"Ashqelon, Southern, Israel"
1447,Store_Garforth,"Garforth, England, United Kingdom"
1448,Store_Sarajevo,"Sarajevo, Federation of Bosnia and Herzegovina, Bosnia and Herzegovina"
1449,Store_Dunedin,"Dunedin, Otago, New Zealand"
1450,Store_Vitoria,"Vitoria, Basque Country, Spain"
1451,Store_Middlesbrough,"Middlesbrough, England, United Kingdom"
1452,Store_Bissau,"Bissau, Bissau, Guinea-Bissau"
1453,Store_Dubbo,"Dubbo, New South Wales, Australia"
1454,Store_Genoa,"Genoa, Liguria, Italy"
1455,Store_Ratlam,"Ratlam, Madhya Pradesh, India"
1456,Store_Khmel'nyts'kyy,"Khmel'nyts'kyy, Khmel'nyts'kyy, Ukraine"
1457,Store_Linhai,"Linhai, Zhejiang, China"
1458,Store_Avion,"Avion, Nord-Pas-de-Calais, France"
1459,Store_Pforzheim,"Pforzheim, Baden-Württemberg, Germany"
1460,Store_Coimbatore,"Coimbatore, Tamil Nadu, India"
1461,Store_Durham,"Durham, North Carolina, United States"
1462,Store_Makati,"Makati, National Capital, Philippines"
1463,Store_Mechelen,"Mechelen, Antwerp, Belgium"
1464,Store_Perth_Amboy,"Perth Amboy, New Jersey, United States"
1465,Store_Nellore,"Nellore, Andhra Pradesh, India"
1466,Store_Tivoli,"Tivoli, Lazio, Italy"
1467,Store_Cuiabá,"Cuiabá, Mato Grosso, Brazil"
1468,Store_Pinar_del_Río,"Pinar del Río, Pinar del Río, Cuba"
1469,Store_Coacalco,"Coacalco, México, Mexico"
1470,Store_Bowling_Green,"Bowling Green, Ohio, United States"
1471,Store_Tamarac,"Tamarac, Florida, United States"
1472,Store_Cúcuta,"Cúcuta, Norte de Santander, Colombia"
1473,Store_Ijuí,"Ijuí, Rio Grande do Sul, Brazil"
1474,Store_Clinton,"Clinton, Maryland, United States"
1475,Store_Beira,"Beira, Sofala, Mozambique"
1476,Store_Basildon,"Basildon, England, United Kingdom"
1477,Store_Yamoussoukro,"Yamoussoukro, Lacs, Cote d'Ivoire"
1478,Store_San_Jose,"San Jose, California, United States"
1479,Store_Huntsville,"Huntsville, Texas, United States"
1480,Store_Maubeuge,"Maubeuge, Nord-Pas-de-Calais, France"
1481,Store_Djibouti,"Djibouti, Djibouti, Djibouti"
1482,Store_Saga,"Saga, Saga, Japan"
1483,Store_Tournefeuille,"Tournefeuille, Midi-Pyrénées, France"
1484,Store_Chester,"Chester, Pennsylvania, United States"
1485,Store_Donghai,"Donghai, Guangdong, China"
1486,Store_Oshawa,"Oshawa, Ontario, Canada"
1487,Store_Crewe,"Crewe, England, United Kingdom"
1488,Store_Sucy-en-Brie,"Sucy-en-Brie, Ile-de-France, France"
1489,Store_Jackson,"Jackson, Tennessee, United States"
1490,Store_Roseville,"Roseville, Minnesota, United States"
1491,Store_Renton,"Renton, Washington, United States"
1492,Store_Nakuru,"Nakuru, Rift Valley, Kenya"
1493,Store_Montmorency,"Montmorency, Ile-de-France, France"
1494,Store_Barueri,"Barueri, São Paulo, Brazil"
1495,Store_Valenciennes,"Valenciennes, Nord-Pas-de-Calais, France"
1496,Store_Bilaspur,"Bilaspur, Uttar Pradesh, India"
1497,Store_Divinópolis,"Divinópolis, Minas Gerais, Brazil"
1498,Store_Lugoj,"Lugoj, Timis, Romania"
1499,Store_Salamanca,"Salamanca, Guanajuato, Mexico"
1500,Store_Passo_Fundo,"Passo Fundo, Rio Grande do Sul, Brazil"
1501,Store_Saumur,"Saumur, Pays de la Loire, France"
1502,Store_Siegen,"Siegen, North Rhine-Westphalia, Germany"
1503,Store_Dumai,"Dumai, Riau, Indonesia"
1504,Store_Palermo,"Palermo, Sicily, Italy"
1505,Store_Tumkur,"Tumkur, Karnataka, India"
1506,Store_Mount_Vernon,"Mount Vernon, New York, United States"
1507,Store_Limoges,"Limoges, Limousin, France"
1508,Store_Wasquehal,"Wasquehal, Nord-Pas-de-Calais, France"
1509,Store_Cagliari,"Cagliari, Sardinia, Italy"
1510,Store_Vannes,"Vannes, Brittany, France"
1511,Store_Lausanne,"Lausanne, Vaud, Switzerland"
1512,Store_Athis-Mons,"Athis-Mons, Ile-de-France, France"
1513,Store_Jerusalem,"Jerusalem, Jerusalem, Israel"
1514,Store_Charallave,"Charallave, Miranda, Venezuela"
1515,Store_Masjed_Soleyman,"Masjed Soleyman, Khuzestan, Iran"
1516,Store_Palma_Soriano,"Palma Soriano, Santiago de Cuba, Cuba"
1517,Store_Sonsonate,"Sonsonate, Sonsonate, El Salvador"
1518,Store_Northampton,"Northampton, England, United Kingdom"
1519,Store_Gera,"Gera, Thuringia, Germany"
1520,Store_Redondo_Beach,"Redondo Beach, California, United States"
1521,Store_Walsall,"Walsall, England, United Kingdom"
1522,Store_Jonesboro,"Jonesboro, Arkansas, United States"
1523,Store_Potsdam,"Potsdam, Brandenburg, Germany"
1524,Store_Grosseto,"Grosseto, Tuscany, Italy"
1525,Store_Parker,"Parker, Colorado, United States"
1526,Store_Neunkirchen,"Neunkirchen, Saarland, Germany"
1527,Store_Marignane,"Marignane, Provence-Alpes-Côte d'Azur, France"
1528,Store_Boise,"Boise, Idaho, United States"
1529,Store_Pietermaritzburg,"Pietermaritzburg, Kwazulu-natal, South Africa"
1530,Store_Huehuetenango,"Huehuetenango, Huehuetenango, Guatemala"
1531,Store_Cuenca,"Cuenca, Azuay, Ecuador"
1532,Store_Medina,"Medina, Al Madinah, Saudi Arabia"
1533,Store_Mansfield,"Mansfield, Texas, United States"
1534,Store_Tamworth,"Tamworth, New South Wales, Australia"
1535,Store_Worcester,"Worcester, England, United Kingdom"
1536,Store_Champigny-sur-Marne,"Champigny-sur-Marne, Ile-de-France, France"
1537,Store_Port_Harcourt,"Port Harcourt, Rivers, Nigeria"
1538,Store_Smyrna,"Smyrna, Tennessee, United States"
1539,Store_Hoover,"Hoover, Alabama, United States"
1540,Store_Ituiutaba,"Ituiutaba, Minas Gerais, Brazil"
1541,Store_Raipur,"Raipur, Chhattisgarh, India"
1542,Store_Guwahati,"Guwahati, Assam, India"
1543,Store_Gaziantep,"Gaziantep, Gaziantep, Turkey"
1544,Store_Jerez_de_la_Frontera,"Jerez de la Frontera, Andalusía, Spain"
1545,Store_Carrara,"Carrara, Tuscany, Italy"
1546,Store_Constanta,"Constanta, Constanta, Romania"
1547,Store_Cotia,"Cotia, São Paulo, Brazil"
1548,Store_Beaumont,"Beaumont, Texas, United States"
1549,Store_Rafsanjan,"Rafsanjan, Kerman, Iran"
1550,Store_Guacara,"Guacara, Carabobo, Venezuela"
1551,Store_Al_Mubarraz,"Al Mubarraz, Ash Sharqiyah, Saudi Arabia"
1552,Store_Aberdeen,"Aberdeen, Scotland, United Kingdom"
1553,Store_Montes_Claros,"Montes Claros, Minas Gerais, Brazil"
1554,Store_La_Chorrera,"La Chorrera, Panama, Panama"
1555,Store_Cotonou,"Cotonou, Littoral, Benin"
1556,Store_Washington,"Washington, District of Columbia, United States"
1557,Store_Chico,"Chico, California, United States"
1558,Store_Puente_Alto,"Puente Alto, Santiago, Chile"
1559,Store_Tecomán,"Tecomán, Colima, Mexico"
1560,Store_Peshawar,"Peshawar, Khyber Pakhtunkhwa, Pakistan"
1561,Store_Kawasaki,"Kawasaki, Kanagawa, Japan"
1562,Store_Pasadena,"Pasadena, California, United States"
1563,Store_Acerra,"Acerra, Campania, Italy"
1564,Store_Chilpancingo,"Chilpancingo, Guerrero, Mexico"
1565,Store_Khomeynishahr,"Khomeynishahr, Esfahan, Iran"
1566,Store_Edmond,"Edmond, Oklahoma, United States"
1567,Store_Jieshou,"Jieshou, Anhui, China"
1568,Store_Surrey,"Surrey, British Columbia, Canada"
1569,Store_Progreso,"Progreso, Yucatán, Mexico"
1570,Store_Decatur,"Decatur, Illinois, United States"
1571,Store_San_Bernardo,"San Bernardo, Santiago, Chile"
1572,Store_Aalen,"Aalen, Baden-Württemberg, Germany"
1573,Store_Aurangabad,"Aurangabad, Maharashtra, India"
1574,Store_Marsabit,"Marsabit, Eastern, Kenya"
1575,Store_Lodz,"Lodz, Lodz, Poland"
1576,Store_Multan,"Multan, Punjab, Pakistan"
1577,Store_Allentown,"Allentown, Pennsylvania, United States"
1578,Store_Mufulira,"Mufulira, Copperbelt, Zambia"
1579,Store_Greifswald,"Greifswald, Mecklenburg-Vorpommern, Germany"
1580,Store_Tempe,"Tempe, Arizona, United States"
1581,Store_Letchworth,"Letchworth, England, United Kingdom"
1582,Store_Mosul,"Mosul, Ninawa, Iraq"
1583,Store_João_Pessoa,"João Pessoa, Paraíba, Brazil"
1584,Store_Sibiu,"Sibiu, Sibiu, Romania"
1585,Store_Fresnes,"Fresnes, Ile-de-France, France"
1586,Store_Cuajimalpa,"Cuajimalpa, Distrito Federal, Mexico"
1587,Store_Córdoba,"Córdoba, Veracruz, Mexico"
1588,Store_Fayetteville,"Fayetteville, Arkansas, United States"
1589,Store_Tunis,"Tunis, Tunis, Tunisia"
1590,Store_Itapevi,"Itapevi, São Paulo, Brazil"
1591,Store_Halle,"Halle, North Rhine-Westphalia, Germany"
1592,Store_Rosario,"Rosario, Santa Fe, Argentina"
1593,Store_Mykolayiv,"Mykolayiv, Mykolayiv, Ukraine"
1594,Store_Sandnes,"Sandnes, Rogaland, Norway"
1595,Store_Masaya,"Masaya, Masaya, Nicaragua"
1596,Store_Kissimmee,"Kissimmee, Florida, United States"
1597,Store_Aylesbury,"Aylesbury, England, United Kingdom"
1598,Store_Cambé,"Cambé, Parana, Brazil"
1599,Store_Aracaju,"Aracaju, Sergipe, Brazil"
1600,Store_Warrington,"Warrington, England, United Kingdom"
1601,Store_Granada,"Granada, Granada, Nicaragua"
1602,Store_Limoeiro_do_Norte,"Limoeiro do Norte, Ceará, Brazil"
1603,Store_Katoomba,"Katoomba, New South Wales, Australia"
1604,Store_Kediri,"Kediri, Jawa Timur, Indonesia"
1605,Store_Yaroslavl',"Yaroslavl', Yaroslavl', Russia"
1606,Store_Salavat,"Salavat, Bashkortostan, Russia"
1607,Store_Malang,"Malang, Jawa Timur, Indonesia"
1608,Store_Calais,"Calais, Nord-Pas-de-Calais, France"
1609,Store_Provo,"Provo, Utah, United States"
1610,Store_Novo_Gama,"Novo Gama, Goiás, Brazil"
1611,Store_Peterborough,"Peterborough, England, United Kingdom"
1612,Store_Bunbury,"Bunbury, Western Australia, Australia"
1613,Store_Plymouth,"Plymouth, England, United Kingdom"
1614,Store_Maryborough,"Maryborough, Queensland, Australia"
1615,Store_Leuven,"Leuven, Flemish Brabant, Belgium"
1616,Store_Zagreb,"Zagreb, Grad Zagreb, Croatia"
1617,Store_Frontera,"Frontera, Tabasco, Mexico"
1618,Store_Resende,"Resende, Rio de Janeiro, Brazil"
1619,Store_Weifang,"Weifang, Shandong, China"
1620,Store_Chaville,"Chaville, Ile-de-France, France"
1621,Store_Patiala,"Patiala, Punjab, India"
1622,Store_Al_Hillah,"Al Hillah, Babil, Iraq"
1623,Store_Lowestoft,"Lowestoft, England, United Kingdom"
1624,Store_Hardenberg,"Hardenberg, Overijssel, Netherlands"
1625,Store_Kowloon,"Kowloon, Hong Kong, Hong Kong"
1626,Store_Cuscatancingo,"Cuscatancingo, San Salvador, El Salvador"
1627,Store_Yantai,"Yantai, Shandong, China"
1628,Store_Melton,"Melton, Victoria, Australia"
1629,Store_Drammen,"Drammen, Buskerud, Norway"
1630,Store_Auburn,"Auburn, Alabama, United States"
1631,Store_Oosterhout,"Oosterhout, North Brabant, Netherlands"
1632,Store_Torrance,"Torrance, California, United States"
1633,Store_Montauban,"Montauban, Midi-Pyrénées, France"
1634,Store_Jiangyou,"Jiangyou, Sichuan, China"
1635,Store_Livry-Gargan,"Livry-Gargan, Ile-de-France, France"
1636,Store_Sorocaba,"Sorocaba, São Paulo, Brazil"
1637,Store_Xi'an,"Xi'an, Shaanxi, China"
1638,Store_Kathmandu,"Kathmandu, Central, Nepal"
1639,Store_Quimper,"Quimper, Brittany, France"
1640,Store_Ixtapaluca,"Ixtapaluca, México, Mexico"
1641,Store_Wiesbaden,"Wiesbaden, Hesse, Germany"
1642,Store_Gdynia,"Gdynia, Pomerania, Poland"
1643,Store_Magdeburg,"Magdeburg, Saxony-Anhalt, Germany"
1644,Store_Gennevilliers,"Gennevilliers, Ile-de-France, France"
1645,Store_Castelldefels,"Castelldefels, Catalonia, Spain"
1646,Store_Widnes,"Widnes, England, United Kingdom"
1647,Store_Kaspiysk,"Kaspiysk, Dagestan, Russia"
1648,Store_Chapecó,"Chapecó, Santa Catarina, Brazil"
1649,Store_Darbhanga,"Darbhanga, Bihar, India"
1650,Store_Coral_Springs,"Coral Springs, Florida, United States"
1651,Store_Laredo,"Laredo, Texas, United States"
1652,Store_Klagenfurt,"Klagenfurt, Carinthia, Austria"
1653,Store_Aswan,"Aswan, Aswan, Egypt"
1654,Store_Cienfuegos,"Cienfuegos, Cienfuegos, Cuba"
1655,Store_Miguel_Hidalgo,"Miguel Hidalgo, Distrito Federal, Mexico"
1656,Store_Panevezys,"Panevezys, Panevezys, Lithuania"
1657,Store_Erftstadt,"Erftstadt, North Rhine-Westphalia, Germany"
1658,Store_Lippstadt,"Lippstadt, North Rhine-Westphalia, Germany"
1659,Store_Brive-la-Gaillarde,"Brive-la-Gaillarde, Limousin, France"
1660,Store_Gisborne,"Gisborne, Gisborne, New Zealand"
1661,Store_Pulheim,"Pulheim, North Rhine-Westphalia, Germany"
1662,Store_Coudekerque-Branche,"Coudekerque-Branche, Nord-Pas-de-Calais, France"
1663,Store_Roeselare,"Roeselare, West Flanders, Belgium"
1664,Store_Highland_Park,"Highland Park, Illinois, United States"
1665,Store_Ciénaga,"Ciénaga, Magdalena, Colombia"
1666,Store_Bingol,"Bingol, Bingol, Turkey"
1667,Store_Les_Abymes,"Les Abymes, Guadeloupe, Guadeloupe"
1668,Store_Swindon,"Swindon, England, United Kingdom"
1669,Store_Abreu_e_Lima,"Abreu e Lima, Pernambuco, Brazil"
1670,Store_Pereira,"Pereira, Risaralda, Colombia"
1671,Store_Odense,"Odense, South Denmark, Denmark"
1672,Store_Haikou,"Haikou, Hainan, China"
1673,Store_Obregón,"Obregón, Sonora, Mexico"
1674,Store_Sari,"Sari, Mazandaran, Iran"
1675,Store_Baruta,"Baruta, Miranda, Venezuela"
1676,Store_Hangzhou,"Hangzhou, Zhejiang, China"
1677,Store_Chingola,"Chingola, Copperbelt, Zambia"
1678,Store_Saint-Cyr-sur-Loire,"Saint-Cyr-sur-Loire, Centre, France"
1679,Store_Guntur,"Guntur, Andhra Pradesh, India"
1680,Store_Nishinomiya,"Nishinomiya, Hyogo, Japan"
1681,Store_Offenbach,"Offenbach, Hesse, Germany"
1682,Store_Waterlooville,"Waterlooville, England, United Kingdom"
1683,Store_Huizhou,"Huizhou, Guangdong, China"
1684,Store_Sohag,"Sohag, Suhaj, Egypt"
1685,Store_Decatur,"Decatur, Alabama, United States"
1686,Store_Dewsbury,"Dewsbury, England, United Kingdom"
1687,Store_Bishkek,"Bishkek, Bishkek, Kyrgyzstan"
1688,Store_Licheng,"Licheng, Jiangsu, China"
1689,Store_Thika,"Thika, Central, Kenya"
1690,Store_Bron,"Bron, Rhône-Alpes, France"
1691,Store_Normal,"Normal, Illinois, United States"
1692,Store_Deventer,"Deventer, Overijssel, Netherlands"
1693,Store_Tieling,"Tieling, Liaoning, China"
1694,Store_Santiago_de_los_Caballeros,"Santiago de los Caballeros, Santiago, Dominican Republic"
1695,Store_Laval,"Laval, Quebec, Canada"
1696,Store_Montereau-Fault-Yonne,"Montereau-Fault-Yonne, Ile-de-France, France"
1697,Store_Bulawayo,"Bulawayo, Bulawayo, Zimbabwe"
1698,Store_Xuanhua,"Xuanhua, Hebei, China"
1699,Store_Vallauris,"Vallauris, Provence-Alpes-Côte d'Azur, France"
1700,Store_Redmond,"Redmond, Oregon, United States"
1701,Store_Clydach,"Clydach, Wales, United Kingdom"
1702,Store_Xianyang,"Xianyang, Shaanxi, China"
1703,Store_Forster,"Forster, New South Wales, Australia"
1704,Store_Springfield,"Springfield, Oregon, United States"
1705,Store_Dartford,"Dartford, England, United Kingdom"
1706,Store_Yokkaichi,"Yokkaichi, Mie, Japan"
1707,Store_El_Ejido,"El Ejido, Andalusía, Spain"
1708,Store_Salzburg,"Salzburg, Salzburg, Austria"
1709,Store_Dundee,"Dundee, Scotland, United Kingdom"
1710,Store_Belgaum,"Belgaum, Karnataka, India"
1711,Store_Rybnik,"Rybnik, Silesia, Poland"
1712,Store_Iringa,"Iringa, Iringa, Tanzania"
1713,Store_Benin_City,"Benin City, Edo, Nigeria"
1714,Store_Arlington,"Arlington, Texas, United States"
1715,Store_Yicheng,"Yicheng, Hubei, China"
1716,Store_Kiel,"Kiel, Schleswig-Holstein, Germany"
1717,Store_Kaiserslautern,"Kaiserslautern, Rhineland-Palatinate, Germany"
1718,Store_Garches,"Garches, Ile-de-France, France"
1719,Store_Waterbury,"Waterbury, Connecticut, United States"
1720,Store_Rosenheim,"Rosenheim, Bavaria, Germany"
1721,Store_Poole,"Poole, England, United Kingdom"
1722,Store_Pocatello,"Pocatello, Idaho, United States"
1723,Store_Villejuif,"Villejuif, Ile-de-France, France"
1724,Store_Vryburg,"Vryburg, North-West, South Africa"
1725,Store_Termez,"Termez, Surxondaryo, Uzbekistan"
1726,Store_Xintai,"Xintai, Shandong, China"
1727,Store_Richmond,"Richmond, Indiana, United States"
1728,Store_Wuchuan,"Wuchuan, Guangdong, China"
1729,Store_Heroica_Zitácuaro,"Heroica Zitácuaro, Michoacán, Mexico"
1730,Store_Richmond,"Richmond, British Columbia, Canada"
1731,Store_Worms,"Worms, Rhineland-Palatinate, Germany"
1732,Store_Darmstadt,"Darmstadt, Hesse, Germany"
1733,Store_Issoire,"Issoire, Auvergne, France"
1734,Store_Yichun,"Yichun, Heilongjiang, China"
1735,Store_Issy-les-Moulineaux,"Issy-les-Moulineaux, Ile-de-France, France"
1736,Store_Chaozhou,"Chaozhou, Guangdong, China"
1737,Store_Chaoyang,"Chaoyang, Liaoning, China"
1738,Store_Granada,"Granada, Andalusía, Spain"
1739,Store_Bhubaneswar,"Bhubaneswar, Odisha, India"
1740,Store_Broken_Hill,"Broken Hill, New South Wales, Australia"
1741,Store_Porto,"Porto, Porto, Portugal"
1742,Store_Columbia,"Columbia, Tennessee, United States"
1743,Store_Sanming,"Sanming, Fujian, China"
1744,Store_Invercargill,"Invercargill, Southland, New Zealand"
1745,Store_Salt_Lake_City,"Salt Lake City, Utah, United States"
1746,Store_Kuching,"Kuching, Sarawak, Malaysia"
1747,Store_Probolinggo,"Probolinggo, Jawa Timur, Indonesia"
1748,Store_Chandler,"Chandler, Arizona, United States"
1749,Store_Kandahar,"Kandahar, Kandahar, Afghanistan"
1750,Store_Duitama,"Duitama, Boyacá, Colombia"
1751,Store_Taverny,"Taverny, Ile-de-France, France"
1752,Store_Caxias_do_Sul,"Caxias do Sul, Rio Grande do Sul, Brazil"
1753,Store_Elmhurst,"Elmhurst, Illinois, United States"
1754,Store_Laghouat,"Laghouat, Laghouat, Algeria"
1755,Store_Juba,"Juba, Central Equatoria, South Sudan"
1756,Store_Sumaré,"Sumaré, São Paulo, Brazil"
1757,Store_Lucca,"Lucca, Tuscany, Italy"
1758,Store_Minden,"Minden, North Rhine-Westphalia, Germany"
1759,Store_Herten,"Herten, North Rhine-Westphalia, Germany"
1760,Store_Pelotas,"Pelotas, Rio Grande do Sul, Brazil"
1761,Store_Arvada,"Arvada, Colorado, United States"
1762,Store_Campo_Grande,"Campo Grande, Mato Grosso do Sul, Brazil"
1763,Store_Lower_Hutt,"Lower Hutt, Wellington, New Zealand"
1764,Store_Poznan,"Poznan, Greater Poland, Poland"
1765,Store_Birigui,"Birigui, São Paulo, Brazil"
1766,Store_Wad_Madani,"Wad Madani, Gezira, Sudan"
1767,Store_Florence,"Florence, South Carolina, United States"
1768,Store_Islamabad,"Islamabad, F.C.T., Pakistan"
1769,Store_Stevenage,"Stevenage, England, United Kingdom"
1770,Store_Nanchang,"Nanchang, Jiangxi, China"
1771,Store_Guayaquil,"Guayaquil, Guayas, Ecuador"
1772,Store_Rancagua,"Rancagua, O'Higgins, Chile"
1773,Store_Rawalpindi,"Rawalpindi, Punjab, Pakistan"
1774,Store_Zhuhai,"Zhuhai, Guangdong, China"
1775,Store_Mau,"Mau, Madhya Pradesh, India"
1776,Store_Shahriar,"Shahriar, Tehran, Iran"
1777,Store_Contramaestre,"Contramaestre, Santiago de Cuba, Cuba"
1778,Store_Thonon-les-Bains,"Thonon-les-Bains, Rhône-Alpes, France"
1779,Store_Allauch,"Allauch, Provence-Alpes-Côte d'Azur, France"
1780,Store_Amritsar,"Amritsar, Punjab, India"
1781,Store_Rondonópolis,"Rondonópolis, Mato Grosso, Brazil"
1782,Store_Handan,"Handan, Hebei, China"
1783,Store_Coslada,"Coslada, Madrid, Spain"
1784,Store_Plantation,"Plantation, Florida, United States"
1785,Store_Bauchi,"Bauchi, Bauchi, Nigeria"
1786,Store_Maple_Grove,"Maple Grove, Minnesota, United States"
1787,Store_Auburn,"Auburn, New York, United States"
1788,Store_Ratingen,"Ratingen, North Rhine-Westphalia, Germany"
1789,Store_Caloocan,"Caloocan, National Capital, Philippines"
1790,Store_Inglewood,"Inglewood, California, United States"
1791,Store_Libreville,"Libreville, Estuaire, Gabon"
1792,Store_Saint_Charles,"Saint Charles, Illinois, United States"
1793,Store_Pomona,"Pomona, California, United States"
1794,Store_Opole,"Opole, Opole, Poland"
1795,Store_Gastonia,"Gastonia, North Carolina, United States"
1796,Store_São_Bernardo_do_Campo,"São Bernardo do Campo, São Paulo, Brazil"
1797,Store_Metz,"Metz, Lorraine, France"
1798,Store_Peoria,"Peoria, Arizona, United States"
1799,Store_Albuquerque,"Albuquerque, New Mexico, United States"
1800,Store_Plano,"Plano, Texas, United States"
1801,Store_Tongling,"Tongling, Anhui, China"
1802,Store_Colima,"Colima, Colima, Mexico"
1803,Store_Green_Bay,"Green Bay, Wisconsin, United States"
1804,Store_Cheshunt,"Cheshunt, England, United Kingdom"
1805,Store_Middletown,"Middletown, Connecticut, United States"
1806,Store_Chula_Vista,"Chula Vista, California, United States"
1807,Store_Riverside,"Riverside, California, United States"
1808,Store_Guarulhos,"Guarulhos, São Paulo, Brazil"
1809,Store_Homyel',"Homyel', Homyel', Belarus"
1810,Store_Torquay,"Torquay, England, United Kingdom"
1811,Store_Narbonne,"Narbonne, Languedoc-Roussillon, France"
1812,Store_Sylhet,"Sylhet, Sylhet, Bangladesh"
1813,Store_Sandakan,"Sandakan, Sabah, Malaysia"
1814,Store_Takamatsu,"Takamatsu, Ishikawa, Japan"
1815,Store_Al_Muharraq,"Al Muharraq, Muharraq, Bahrain"
1816,Store_Akola,"Akola, Maharashtra, India"
1817,Store_Troy,"Troy, New York, United States"
1818,Store_El_Cajon,"El Cajon, California, United States"
1819,Store_Birkenhead,"Birkenhead, England, United Kingdom"
1820,Store_Istres,"Istres, Provence-Alpes-Côte d'Azur, France"
1821,Store_Noisy-le-Sec,"Noisy-le-Sec, Ile-de-France, France"
1822,Store_Shangyu,"Shangyu, Zhejiang, China"
1823,Store_Winnipeg,"Winnipeg, Manitoba, Canada"
1824,Store_Burnaby,"Burnaby, British Columbia, Canada"
1825,Store_Bacau,"Bacau, Bacau, Romania"
1826,Store_Nantong,"Nantong, Jiangsu, China"
1827,Store_Mougins,"Mougins, Provence-Alpes-Côte d'Azur, France"
1828,Store_Bolzano,"Bolzano, Trentino-Alto Adige, Italy"
1829,Store_Amiens,"Amiens, Picardy, France"
1830,Store_Valencia,"Valencia, Northern Mindanao, Philippines"
1831,Store_Farroupilha,"Farroupilha, Rio Grande do Sul, Brazil"
1832,Store_Hangu,"Hangu, Tianjin, China"
1833,Store_Uskudar,"Uskudar, Istanbul, Turkey"
1834,Store_Wuxi,"Wuxi, Hunan, China"
1835,Store_Lora_del_Río,"Lora del Río, Andalusía, Spain"
1836,Store_Mcallen,"Mcallen, Texas, United States"
1837,Store_Colón,"Colón, Colón, Panama"
1838,Store_Torcy,"Torcy, Ile-de-France, France"
1839,Store_Zanjan,"Zanjan, Zanjan, Iran"
1840,Store_Calabar,"Calabar, Cross River, Nigeria"
1841,Store_Rotorua,"Rotorua, Bay of Plenty, New Zealand"
1842,Store_Veracruz,"Veracruz, Veracruz, Mexico"
1843,Store_Sincan,"Sincan, Ankara, Turkey"
1844,Store_Paderborn,"Paderborn, North Rhine-Westphalia, Germany"
1845,Store_Orsay,"Orsay, Ile-de-France, France"
1846,Store_Medina,"Medina, Ohio, United States"
1847,Store_Guatire,"Guatire, Miranda, Venezuela"
1848,Store_Thiais,"Thiais, Ile-de-France, France"
1849,Store_San_Lorenzo,"San Lorenzo, Central, Paraguay"
1850,Store_Sterlitamak,"Sterlitamak, Bashkortostan, Russia"
1851,Store_La_Teste-de-Buch,"La Teste-de-Buch, Aquitaine, France"
1852,Store_Haifa,"Haifa, Haifa, Israel"
1853,Store_Barranquilla,"Barranquilla, Atlántico, Colombia"
1854,Store_Maradi,"Maradi, Maradi, Niger"
1855,Store_Dearborn,"Dearborn, Michigan, United States"
1856,Store_Blumenau,"Blumenau, Santa Catarina, Brazil"
1857,Store_Gravatá,"Gravatá, Pernambuco, Brazil"
1858,Store_Scottsdale,"Scottsdale, Arizona, United States"
1859,Store_Oxnard,"Oxnard, California, United States"
1860,Store_Margate,"Margate, England, United Kingdom"
1861,Store_Trapani,"Trapani, Sicily, Italy"
1862,Store_Lormont,"Lormont, Aquitaine, France"
1863,Store_Sapucaia_do_Sul,"Sapucaia do Sul, Rio Grande do Sul, Brazil"
1864,Store_Paço_do_Lumiar,"Paço do Lumiar, Maranhão, Brazil"
1865,Store_Jingmen,"Jingmen, Hubei, China"
1866,Store_Bengkulu,"Bengkulu, Bengkulu, Indonesia"
1867,Store_Kirkwood,"Kirkwood, Missouri, United States"
1868,Store_Lichinga,"Lichinga, Niassa, Mozambique"
1869,Store_Sargodha,"Sargodha, Punjab, Pakistan"
1870,Store_Mardin,"Mardin, Mardin, Turkey"
1871,Store_Aulnay-sous-Bois,"Aulnay-sous-Bois, Ile-de-France, France"
1872,Store_Mesa,"Mesa, Arizona, United States"
1873,Store_Bihar_Sharif,"Bihar Sharif, Bihar, India"
1874,Store_Ottawa,"Ottawa, Ontario, Canada"
1875,Store_Huyton,"Huyton, England, United Kingdom"
1876,Store_Hyderabad,"Hyderabad, Sindh, Pakistan"
1877,Store_Taizz,"Taizz, Ta'izz, Yemen"
1878,Store_Trappes,"Trappes, Ile-de-France, France"
1879,Store_Montrouge,"Montrouge, Ile-de-France, France"
1880,Store_Huambo,"Huambo, Huambo, Angola"
1881,Store_Wuppertal,"Wuppertal, North Rhine-Westphalia, Germany"
1882,Store_Verona,"Verona, Veneto, Italy"
1883,Store_Brighton,"Brighton, England, United Kingdom"
1884,Store_Bayreuth,"Bayreuth, Bavaria, Germany"
1885,Store_Ankara,"Ankara, Ankara, Turkey"
1886,Store_Tehuacán,"Tehuacán, Puebla, Mexico"
1887,Store_Redditch,"Redditch, England, United Kingdom"
1888,Store_Kent,"Kent, Washington, United States"
1889,Store_Da_Nang,"Da Nang, Dà Nang, Vietnam"
1890,Store_Umtata,"Umtata, Eastern Cape, South Africa"
1891,Store_Hubli,"Hubli, Karnataka, India"
1892,Store_Ludwigsfelde,"Ludwigsfelde, Brandenburg, Germany"
1893,Store_Maidenhead,"Maidenhead, England, United Kingdom"
1894,Store_Delmenhorst,"Delmenhorst, Lower Saxony, Germany"
1895,Store_Kingston,"Kingston, Ontario, Canada"
1896,Store_Gagny,"Gagny, Ile-de-France, France"
1897,Store_Weston-super-Mare,"Weston-super-Mare, England, United Kingdom"
1898,Store_Kuala_Terengganu,"Kuala Terengganu, Trengganu, Malaysia"
1899,Store_Emden,"Emden, Lower Saxony, Germany"
1900,Store_Karlsruhe,"Karlsruhe, Baden-Württemberg, Germany"
1901,Store_Amman,"Amman, 'Amman, Jordan"
1902,Store_Pau,"Pau, Aquitaine, France"
1903,Store_Calgary,"Calgary, Alberta, Canada"
1904,Store_Whitby,"Whitby, Ontario, Canada"
1905,Store_Legnano,"Legnano, Lombardy, Italy"
1906,Store_Baranagar,"Baranagar, West Bengal, India"
1907,Store_Arequipa,"Arequipa, Arequipa, Peru"
1908,Store_Gravataí,"Gravataí, Rio Grande do Sul, Brazil"
1909,Store_Niterói,"Niterói, Rio de Janeiro, Brazil"
1910,Store_Avignon,"Avignon, Provence-Alpes-Côte d'Azur, France"
1911,Store_Sanandaj,"Sanandaj, Kordestan, Iran"
1912,Store_Gebze,"Gebze, Kocaeli, Turkey"
1913,Store_Hazebrouck,"Hazebrouck, Nord-Pas-de-Calais, France"
1914,Store_Uppsala,"Uppsala, Uppsala, Sweden"
1915,Store_Slupsk,"Slupsk, Pomerania, Poland"
1916,Store_South_Bend,"South Bend, Indiana, United States"
1917,Store_Agen,"Agen, Aquitaine, France"
1918,Store_Wallasey,"Wallasey, England, United Kingdom"
1919,Store_Ras_al_Khaymah,"Ras al Khaymah, Ra's Al Khaymah, United Arab Emirates"
1920,Store_Burnie,"Burnie, Tasmania, Australia"
1921,Store_Xinxiang,"Xinxiang, Henan, China"
1922,Store_Irun,"Irun, Basque Country, Spain"
1923,Store_Pontianak,"Pontianak, Kalimantan Barat, Indonesia"
1924,Store_Roseville,"Roseville, Michigan, United States"
1925,Store_Grevenbroich,"Grevenbroich, North Rhine-Westphalia, Germany"
1926,Store_Hamilton,"Hamilton, Ontario, Canada"
1927,Store_Santa_Rosa,"Santa Rosa, Rio Grande do Sul, Brazil"
1928,Store_Paraná,"Paraná, Entre Ríos, Argentina"
1929,Store_Canton,"Canton, Michigan, United States"
1930,Store_Guildford,"Guildford, England, United Kingdom"
1931,Store_Ruda_Slaska,"Ruda Slaska, Silesia, Poland"
1932,Store_Six-Fours-les-Plages,"Six-Fours-les-Plages, Provence-Alpes-Côte d'Azur, France"
1933,Store_Murray,"Murray, Kentucky, United States"
1934,Store_Salvador,"Salvador, Bahia, Brazil"
1935,Store_Luton,"Luton, England, United Kingdom"
1936,Store_Cottbus,"Cottbus, Brandenburg, Germany"
1937,Store_Kilwinning,"Kilwinning, Scotland, United Kingdom"
1938,Store_Neijiang,"Neijiang, Sichuan, China"
1939,Store_Shkoder,"Shkoder, Shkodër, Albania"
1940,Store_Abadan,"Abadan, Khuzestan, Iran"
1941,Store_Overland_Park,"Overland Park, Kansas, United States"
1942,Store_Cainta,"Cainta, Calabarzon, Philippines"
1943,Store_Velsen,"Velsen, North Holland, Netherlands"
1944,Store_Ahvaz,"Ahvaz, Khuzestan, Iran"
1945,Store_Lawton,"Lawton, Oklahoma, United States"
1946,Store_Paterson,"Paterson, New Jersey, United States"
1947,Store_Jamnagar,"Jamnagar, Gujarat, India"
1948,Store_Gothenburg,"Gothenburg, Västra Götaland, Sweden"
1949,Store_Durban,"Durban, Kwazulu-natal, South Africa"
1950,Store_Cárdenas,"Cárdenas, Matanzas, Cuba"
1951,Store_Rheine,"Rheine, North Rhine-Westphalia, Germany"
1952,Store_Maracaibo,"Maracaibo, Zulia, Venezuela"
1953,Store_Tourcoing,"Tourcoing, Nord-Pas-de-Calais, France"
1954,Store_Saint_Peters,"Saint Peters, Missouri, United States"
1955,Store_Guanambi,"Guanambi, Bahia, Brazil"
1956,Store_Sukkur,"Sukkur, Sindh, Pakistan"
1957,Store_Firminy,"Firminy, Rhône-Alpes, France"
1958,Store_Las_Rozas_de_Madrid,"Las Rozas de Madrid, Madrid, Spain"
1959,Store_Moradabad,"Moradabad, Uttar Pradesh, India"
1960,Store_Shinyanga,"Shinyanga, Shinyanga, Tanzania"
1961,Store_Chisinau,"Chisinau, Chisinau, Moldova"
1962,Store_Lakewood,"Lakewood, California, United States"
1963,Store_Sakai,"Sakai, Ibaraki, Japan"
1964,Store_Barreiras,"Barreiras, Bahia, Brazil"
1965,Store_Ajaccio,"Ajaccio, Corsica, France"
1966,Store_Meyzieu,"Meyzieu, Rhône-Alpes, France"
1967,Store_Batman,"Batman, Batman, Turkey"
1968,Store_La_Crosse,"La Crosse, Wisconsin, United States"
1969,Store_Bukavu,"Bukavu, South Kivu, Democratic Republic of the Congo"
1970,Store_San_Rafael,"San Rafael, Mendoza, Argentina"
1971,Store_Gorgan,"Gorgan, Golestan, Iran"
1972,Store_Woodstock,"Woodstock, Georgia, United States"
1973,Store_Brescia,"Brescia, Lombardy, Italy"
1974,Store_Heidelberg,"Heidelberg, Baden-Württemberg, Germany"
1975,Store_Haguenau,"Haguenau, Alsace, France"
1976,Store_Jos,"Jos, Plateau, Nigeria"
1977,Store_Punta_Arenas,"Punta Arenas, Magallanes y Antártica Chilena, Chile"
1978,Store_Galway,"Galway, Galway, Ireland"
1979,Store_Wenzhou,"Wenzhou, Zhejiang, China"
1980,Store_Targu_Jiu,"Targu Jiu, Gorj, Romania"
1981,Store_Ingolstadt,"Ingolstadt, Bavaria, Germany"
1982,Store_Wheeling,"Wheeling, West Virginia, United States"
1983,Store_Southaven,"Southaven, Mississippi, United States"
1984,Store_Neiva,"Neiva, Huila, Colombia"
1985,Store_Savigny-le-Temple,"Savigny-le-Temple, Ile-de-France, France"
1986,Store_Tarragona,"Tarragona, Catalonia, Spain"
1987,Store_Pingdingshan,"Pingdingshan, Henan, China"
1988,Store_Canoas,"Canoas, Rio Grande do Sul, Brazil"
1989,Store_Timisoara,"Timisoara, Timis, Romania"
1990,Store_Stralsund,"Stralsund, Mecklenburg-Vorpommern, Germany"
1991,Store_Ceuta,"Ceuta, Ceuta, Spain"
1992,Store_Varna,"Varna, Varna, Bulgaria"
1993,Store_Nevsehir,"Nevsehir, Nevsehir, Turkey"
1994,Store_Guanajuato,"Guanajuato, Guanajuato, Mexico"
1995,Store_Takestan,"Takestan, Qazvin, Iran"
1996,Store_Quilmes,"Quilmes, Provincia de Buenos Aires, Argentina"
1997,Store_Rio_Branco,"Rio Branco, Acre, Brazil"
1998,Store_Salem,"Salem, Oregon, United States"
1999,Store_Delgado,"Delgado, San Salvador, El Salvador"
2000,Store_Bistrita,"Bistrita, Bistrita-Nasaud, Romania"
2001,Store_Angeles_City,"Angeles City, Central Luzon, Philippines"
2002,Store_Gelsenkirchen,"Gelsenkirchen, North Rhine-Westphalia, Germany"
2003,Store_Huancayo,"Huancayo, Junín, Peru"
2004,Store_Vallejo,"Vallejo, California, United States"
2005,Store_Amersfoort,"Amersfoort, Utrecht, Netherlands"
2006,Store_Camarillo,"Camarillo, California, United States"
2007,Store_Linyi,"Linyi, Shandong, China"
2008,Store_Kherson,"Kherson, Kherson, Ukraine"
2009,Store_Girona,"Girona, Catalonia, Spain"
2010,Store_Dorsten,"Dorsten, North Rhine-Westphalia, Germany"
2011,Store_Kirovohrad,"Kirovohrad, Kirovohrad, Ukraine"
2012,Store_Moca,"Moca, Espaillat, Dominican Republic"
2013,Store_Berdyans'k,"Berdyans'k, Zaporizhzhya, Ukraine"
2014,Store_Osasco,"Osasco, São Paulo, Brazil"
2015,Store_Cerignola,"Cerignola, Apulia, Italy"
2016,Store_Borazjan,"Borazjan, Bushehr, Iran"
2017,Store_Wels,"Wels, Upper Austria, Austria"
2018,Store_Mission_Viejo,"Mission Viejo, California, United States"
2019,Store_Berne,"Berne, Bern, Switzerland"
2020,Store_Surubim,"Surubim, Pernambuco, Brazil"
2021,Store_Woodbury,"Woodbury, Minnesota, United States"
2022,Store_Jammu,"Jammu, Jammu and Kashmir, India"
2023,Store_Des_Plaines,"Des Plaines, Illinois, United States"
2024,Store_Man,"Man, Dix-Huit Montagnes, Cote d'Ivoire"
2025,Store_Saint-Malo,"Saint-Malo, Brittany, France"
2026,Store_Ebolowa,"Ebolowa, Sud, Cameroon"
2027,Store_Djougou,"Djougou, Donga, Benin"
2028,Store_Thies_Nones,"Thies Nones, Thies, Senegal"
2029,Store_Pilar,"Pilar, Alagoas, Brazil"
2030,Store_Batna,"Batna, Batna, Algeria"
2031,Store_Roseville,"Roseville, California, United States"
2032,Store_Villenave-d'Ornon,"Villenave-d'Ornon, Aquitaine, France"
2033,Store_Passaic,"Passaic, New Jersey, United States"
2034,Store_Wakefield,"Wakefield, England, United Kingdom"
2035,Store_Norderstedt,"Norderstedt, Schleswig-Holstein, Germany"
2036,Store_Saint-Michel-sur-Orge,"Saint-Michel-sur-Orge, Ile-de-France, France"
2037,Store_Samobor,"Samobor, Zagrebacka, Croatia"
2038,Store_Regina,"Regina, Saskatchewan, Canada"
2039,Store_Changsha,"Changsha, Hunan, China"
2040,Store_Dearborn_Heights,"Dearborn Heights, Michigan, United States"
2041,Store_Twin_Falls,"Twin Falls, Idaho, United States"
2042,Store_Les_Clayes-sous-Bois,"Les Clayes-sous-Bois, Ile-de-France, France"
2043,Store_Yongchuan,"Yongchuan, Chongqing, China"
2044,Store_Melun,"Melun, Ile-de-France, France"
2045,Store_Chemnitz,"Chemnitz, Saxony, Germany"
2046,Store_Rotterdam,"Rotterdam, South Holland, Netherlands"
2047,Store_Koblenz,"Koblenz, Rhineland-Palatinate, Germany"
2048,Store_Binjai,"Binjai, Sumatera Utara, Indonesia"
2049,Store_Yuma,"Yuma, Arizona, United States"
2050,Store_Wadi_as_Sir,"Wadi as Sir, 'Amman, Jordan"
2051,Store_Hagen,"Hagen, North Rhine-Westphalia, Germany"
2052,Store_Zahedan,"Zahedan, Sistan Va Baluchestan, Iran"
2053,Store_Heyuan,"Heyuan, Guangdong, China"
2054,Store_Halesowen,"Halesowen, England, United Kingdom"
2055,Store_Pingnan,"Pingnan, Guangxi, China"
2056,Store_Lubango,"Lubango, Huila, Angola"
2057,Store_Ceyhan,"Ceyhan, Adana, Turkey"
2058,Store_Mount_Pleasant,"Mount Pleasant, South Carolina, United States"
2059,Store_Xingtai,"Xingtai, Hebei, China"
2060,Store_Bandar_Abbas,"Bandar Abbas, Hormozgan, Iran"
2061,Store_Gonaïves,"Gonaïves, Artibonite, Haiti"
2062,Store_Wilmington,"Wilmington, North Carolina, United States"
2063,Store_Chieti,"Chieti, Abruzzi, Italy"
2064,Store_Auxerre,"Auxerre, Burgundy, France"
2065,Store_Rio_Rancho,"Rio Rancho, New Mexico, United States"
2066,Store_Gradignan,"Gradignan, Aquitaine, France"
2067,Store_Trenton,"Trenton, Michigan, United States"
2068,Store_Satu_Mare,"Satu Mare, Satu Mare, Romania"
2069,Store_Badalona,"Badalona, Catalonia, Spain"
2070,Store_Bornova,"Bornova, Izmir, Turkey"
2071,Store_Tripoli,"Tripoli, North Lebanon, Lebanon"
2072,Store_Lincoln,"Lincoln, England, United Kingdom"
2073,Store_Washington,"Washington, England, United Kingdom"
2074,Store_Monroe,"Monroe, Louisiana, United States"
2075,Store_Lake_Forest,"Lake Forest, California, United States"
2076,Store_Winterthur,"Winterthur, Zürich, Switzerland"
2077,Store_Caen,"Caen, Lower Normandy, France"
2078,Store_Araranguá,"Araranguá, Santa Catarina, Brazil"
2079,Store_Frontignan,"Frontignan, Languedoc-Roussillon, France"
2080,Store_Piedras_Negras,"Piedras Negras, Coahuila, Mexico"
2081,Store_Huangshan,"Huangshan, Anhui, China"
2082,Store_Derbent,"Derbent, Dagestan, Russia"
2083,Store_Wheeling,"Wheeling, Illinois, United States"
2084,Store_Ramnicu_Valcea,"Ramnicu Valcea, Valcea, Romania"
2085,Store_Reading,"Reading, Pennsylvania, United States"
2086,Store_Hod_HaSharon,"Hod HaSharon, Central, Israel"
2087,Store_Hesperia,"Hesperia, California, United States"
2088,Store_Kisangani,"Kisangani, Orientale, Democratic Republic of the Congo"
2089,Store_Gladstone,"Gladstone, Queensland, Australia"
2090,Store_Santos,"Santos, São Paulo, Brazil"
2091,Store_Pertuis,"Pertuis, Provence-Alpes-Côte d'Azur, France"
2092,Store_Mont-Saint-Aignan,"Mont-Saint-Aignan, Upper Normandy, France"
2093,Store_Le_Pontet,"Le Pontet, Provence-Alpes-Côte d'Azur, France"
2094,Store_Zhuzhou,"Zhuzhou, Hunan, China"
2095,Store_Colomiers,"Colomiers, Midi-Pyrénées, France"
2096,Store_Cessnock,"Cessnock, New South Wales, Australia"
2097,Store_Nanyang,"Nanyang, Henan, China"
2098,Store_Pasto,"Pasto, Nariño, Colombia"
2099,Store_San_Bernardino,"San Bernardino, California, United States"
2100,Store_Apopka,"Apopka, Florida, United States"
2101,Store_Barika,"Barika, Batna, Algeria"
2102,Store_Fuzhou,"Fuzhou, Fujian, China"
2103,Store_Taytay,"Taytay, Calabarzon, Philippines"
2104,Store_Ermont,"Ermont, Ile-de-France, France"
2105,Store_Zhoukou,"Zhoukou, Henan, China"
2106,Store_Les_Mureaux,"Les Mureaux, Ile-de-France, France"
2107,Store_Quchan,"Quchan, Razavi Khorasan, Iran"
2108,Store_Miramar,"Miramar, Tamaulipas, Mexico"
2109,Store_K'ut'aisi,"K'ut'aisi, Imereti, Georgia"
2110,Store_Cartagena,"Cartagena, Murcia, Spain"
2111,Store_Myslowice,"Myslowice, Silesia, Poland"
2112,Store_Rivne,"Rivne, Rivne, Ukraine"
2113,Store_Emmen,"Emmen, Drenthe, Netherlands"
2114,Store_Chenzhou,"Chenzhou, Hunan, China"
2115,Store_Revere,"Revere, Massachusetts, United States"
2116,Store_Siedlce,"Siedlce, Masovia, Poland"
2117,Store_Shuangyashan,"Shuangyashan, Heilongjiang, China"
2118,Store_Paracatu,"Paracatu, Minas Gerais, Brazil"
2119,Store_Aew?l-li,"Aew?l-li, Jeju, South Korea"
2120,Store_Quibdó,"Quibdó, Chocó, Colombia"
2121,Store_Budënnovsk,"Budënnovsk, Stavropol', Russia"
2122,Store_Burgas,"Burgas, Burgas, Bulgaria"
2123,Store_Zlatoust,"Zlatoust, Chelyabinsk, Russia"
2124,Store_Vitória,"Vitória, Espírito Santo, Brazil"
2125,Store_Jalalabad,"Jalalabad, Nangarhar, Afghanistan"
2126,Store_Sabadell,"Sabadell, Catalonia, Spain"
2127,Store_Presidente_Prudente,"Presidente Prudente, São Paulo, Brazil"
2128,Store_Garoua,"Garoua, Nord, Cameroon"
2129,Store_Kolwezi,"Kolwezi, Katanga, Democratic Republic of the Congo"
2130,Store_San_Fernando,"San Fernando, Andalusía, Spain"
2131,Store_Verviers,"Verviers, Liège, Belgium"
2132,Store_Wichita,"Wichita, Kansas, United States"
2133,Store_Eugene,"Eugene, Oregon, United States"
2134,Store_Saharanpur,"Saharanpur, Uttar Pradesh, India"
2135,Store_Cremona,"Cremona, Lombardy, Italy"
2136,Store_Duque_de_Caxias,"Duque de Caxias, Rio de Janeiro, Brazil"
2137,Store_Warsaw,"Warsaw, Masovia, Poland"
2138,Store_Bakersfield,"Bakersfield, California, United States"
2139,Store_Lajeado,"Lajeado, Rio Grande do Sul, Brazil"
2140,Store_Plzen,"Plzen, Plzen, Czech Republic"
2141,Store_Mazyr,"Mazyr, Homyel', Belarus"
2142,Store_Getafe,"Getafe, Madrid, Spain"
2143,Store_Tongliao,"Tongliao, Inner Mongolia, China"
2144,Store_San_Cristóbal_de_Las_Casas,"San Cristóbal de Las Casas, Chiapas, Mexico"
2145,Store_Mentor,"Mentor, Ohio, United States"
2146,Store_Bursa,"Bursa, Bursa, Turkey"
2147,Store_Gaspar,"Gaspar, Santa Catarina, Brazil"
2148,Store_Daegu,"Daegu, Daegu, South Korea"
2149,Store_Betim,"Betim, Minas Gerais, Brazil"
2150,Store_Goulburn,"Goulburn, New South Wales, Australia"
2151,Store_Rolândia,"Rolândia, Parana, Brazil"
2152,Store_Laohekou,"Laohekou, Hubei, China"
2153,Store_Blackburn,"Blackburn, England, United Kingdom"
2154,Store_Doetinchem,"Doetinchem, Gelderland, Netherlands"
2155,Store_Botosani,"Botosani, Botosani, Romania"
2156,Store_Beni_Suef,"Beni Suef, Bani Suwayf, Egypt"
2157,Store_Tarbes,"Tarbes, Midi-Pyrénées, France"
2158,Store_Modica,"Modica, Sicily, Italy"
2159,Store_Grand_Prairie,"Grand Prairie, Texas, United States"
2160,Store_Manzini,"Manzini, Manzini, Swaziland"
2161,Store_Port_Arthur,"Port Arthur, Texas, United States"
2162,Store_San_Francisco_del_Rincón,"San Francisco del Rincón, Guanajuato, Mexico"
2163,Store_Chatou,"Chatou, Ile-de-France, France"
2164,Store_Akron,"Akron, Ohio, United States"
2165,Store_Novara,"Novara, Piedmont, Italy"
2166,Store_Broomfield,"Broomfield, Colorado, United States"
2167,Store_Capelle_aan_den_IJssel,"Capelle aan den IJssel, South Holland, Netherlands"
2168,Store_Francisco_Morato,"Francisco Morato, São Paulo, Brazil"
2169,Store_Torquay,"Torquay, Queensland, Australia"
2170,Store_Stellenbosch,"Stellenbosch, Western Cape, South Africa"
2171,Store_La_Porte,"La Porte, Indiana, United States"
2172,Store_Bar-le-Duc,"Bar-le-Duc, Lorraine, France"
2173,Store_Jundiaí,"Jundiaí, São Paulo, Brazil"
2174,Store_Cuautitlán,"Cuautitlán, México, Mexico"
2175,Store_Palencia,"Palencia, Castile and León, Spain"
2176,Store_Enugu,"Enugu, Enugu, Nigeria"
2177,Store_Idfu,"Idfu, Aswan, Egypt"
2178,Store_Buffalo_Grove,"Buffalo Grove, Illinois, United States"
2179,Store_Woodstock,"Woodstock, Illinois, United States"
2180,Store_Manzanillo,"Manzanillo, Colima, Mexico"
2181,Store_Recife,"Recife, Pernambuco, Brazil"
2182,Store_Bedford,"Bedford, England, United Kingdom"
2183,Store_Mbinga,"Mbinga, Ruvuma, Tanzania"
2184,Store_Monroe,"Monroe, North Carolina, United States"
2185,Store_Bamenda,"Bamenda, Nord-Ouest, Cameroon"
2186,Store_Heilbronn,"Heilbronn, Baden-Württemberg, Germany"
2187,Store_Puerto_Vallarta,"Puerto Vallarta, Jalisco, Mexico"
2188,Store_Qiqihar,"Qiqihar, Heilongjiang, China"
2189,Store_Sarcelles,"Sarcelles, Ile-de-France, France"
2190,Store_Carvin,"Carvin, Nord-Pas-de-Calais, France"
2191,Store_Latina,"Latina, Lazio, Italy"
2192,Store_Purwokerto,"Purwokerto, Jawa Tengah, Indonesia"
2193,Store_Rochester,"Rochester, Minnesota, United States"
2194,Store_Torre_del_Greco,"Torre del Greco, Campania, Italy"
2195,Store_Diyarbakir,"Diyarbakir, Diyarbakir, Turkey"
2196,Store_Mitry-Mory,"Mitry-Mory, Ile-de-France, France"
2197,Store_Srinagar,"Srinagar, Uttarakhand, India"
2198,Store_Targu_Mures,"Targu Mures, Mures, Romania"
2199,Store_Chaguanas,"Chaguanas, Chaguanas, Trinidad and Tobago"
2200,Store_Utica,"Utica, New York, United States"
2201,Store_Los_Patios,"Los Patios, Norte de Santander, Colombia"
2202,Store_Anápolis,"Anápolis, Goiás, Brazil"
2203,Store_Orlando,"Orlando, Florida, United States"
2204,Store_Bournemouth,"Bournemouth, England, United Kingdom"
2205,Store_Porto_Alegre,"Porto Alegre, Rio Grande do Sul, Brazil"
2206,Store_São_José_dos_Campos,"São José dos Campos, São Paulo, Brazil"
2207,Store_Pico_Rivera,"Pico Rivera, California, United States"
2208,Store_Taiping,"Taiping, Perak, Malaysia"
2209,Store_Andradina,"Andradina, São Paulo, Brazil"
2210,Store_Erfurt,"Erfurt, Thuringia, Germany"
2211,Store_Olympia,"Olympia, Washington, United States"
2212,Store_Vacaville,"Vacaville, California, United States"
2213,Store_Tigard,"Tigard, Oregon, United States"
2214,Store_Stockton,"Stockton, California, United States"
2215,Store_Vratsa,"Vratsa, Vratsa, Bulgaria"
2216,Store_Valle_de_La_Pascua,"Valle de La Pascua, Guárico, Venezuela"
2217,Store_Talavera_de_la_Reina,"Talavera de la Reina, Castile-La Mancha, Spain"
2218,Store_Hempstead,"Hempstead, New York, United States"
2219,Store_Montecatini_Terme,"Montecatini Terme, Tuscany, Italy"
2220,Store_Guayana,"Guayana, Bolivar, Venezuela"
2221,Store_Gladstone,"Gladstone, Missouri, United States"
2222,Store_Yingcheng,"Yingcheng, Hubei, China"
2223,Store_Tuxtla_Gutiérrez,"Tuxtla Gutiérrez, Chiapas, Mexico"
2224,Store_Pasig,"Pasig, National Capital, Philippines"
2225,Store_Pucallpa,"Pucallpa, Ucayali, Peru"
2226,Store_Johnson_City,"Johnson City, Tennessee, United States"
2227,Store_Richmond_Hill,"Richmond Hill, Ontario, Canada"
2228,Store_Capua,"Capua, Campania, Italy"
2229,Store_San_Juan_del_Río,"San Juan del Río, Querétaro, Mexico"
2230,Store_Chincha_Alta,"Chincha Alta, Ica, Peru"
2231,Store_Oceanside,"Oceanside, California, United States"
2232,Store_Sousa,"Sousa, Paraíba, Brazil"
2233,Store_Norwich,"Norwich, England, United Kingdom"
2234,Store_Boscoreale,"Boscoreale, Campania, Italy"
2235,Store_Friedrichshafen,"Friedrichshafen, Baden-Württemberg, Germany"
2236,Store_Namangan,"Namangan, Namangan, Uzbekistan"
2237,Store_Yacuiba,"Yacuiba, Tarija, Bolivia"
2238,Store_La_Pintana,"La Pintana, Santiago, Chile"
2239,Store_Corbeil-Essonnes,"Corbeil-Essonnes, Ile-de-France, France"
2240,Store_Anglet,"Anglet, Aquitaine, France"
2241,Store_Bertoua,"Bertoua, Est, Cameroon"
2242,Store_Teresina,"Teresina, Piauí, Brazil"
2243,Store_El_Progreso,"El Progreso, Yoro, Honduras"
2244,Store_Kikwit,"Kikwit, Bandundu, Democratic Republic of the Congo"
2245,Store_Giyani,"Giyani, Limpopo, South Africa"
2246,Store_Girón,"Girón, Santander, Colombia"
2247,Store_Holon,"Holon, Tel Aviv, Israel"
2248,Store_Altamira,"Altamira, Pará, Brazil"
2249,Store_Oak_Park,"Oak Park, Michigan, United States"
2250,Store_Cabo_Frio,"Cabo Frio, Rio de Janeiro, Brazil"
2251,Store_Moulins,"Moulins, Auvergne, France"
2252,Store_Stockport,"Stockport, England, United Kingdom"
2253,Store_Amatitlán,"Amatitlán, Guatemala, Guatemala"
2254,Store_Eau_Claire,"Eau Claire, Wisconsin, United States"
2255,Store_Hove,"Hove, England, United Kingdom"
2256,Store_Kartal,"Kartal, Istanbul, Turkey"
2257,Store_York,"York, Pennsylvania, United States"
2258,Store_Ibadan,"Ibadan, Oyo, Nigeria"
2259,Store_Jacareí,"Jacareí, São Paulo, Brazil"
2260,Store_Marl,"Marl, North Rhine-Westphalia, Germany"
2261,Store_Bonneuil-sur-Marne,"Bonneuil-sur-Marne, Ile-de-France, France"
2262,Store_Skokie,"Skokie, Illinois, United States"
2263,Store_Abha,"Abha, 'Asir, Saudi Arabia"
2264,Store_Tanga,"Tanga, Tanga, Tanzania"
2265,Store_Eastbourne,"Eastbourne, England, United Kingdom"
2266,Store_Tahta,"Tahta, Suhaj, Egypt"
2267,Store_Orsha,"Orsha, Vitsyebsk, Belarus"
2268,Store_Ibb,"Ibb, Ibb, Yemen"
2269,Store_Passos,"Passos, Minas Gerais, Brazil"
2270,Store_Cherbourg-Octeville,"Cherbourg-Octeville, Lower Normandy, France"
2271,Store_Temixco,"Temixco, Morelos, Mexico"
2272,Store_Oswego,"Oswego, Illinois, United States"
2273,Store_Rottingdean,"Rottingdean, England, United Kingdom"
2274,Store_Hailin,"Hailin, Heilongjiang, China"
2275,Store_Salinas,"Salinas, California, United States"
2276,Store_Agadir,"Agadir, Souss-Massa-Draâ, Morocco"
2277,Store_Castelnau-le-Lez,"Castelnau-le-Lez, Languedoc-Roussillon, France"
2278,Store_Roman,"Roman, Neamt, Romania"
2279,Store_Costa_Mesa,"Costa Mesa, California, United States"
2280,Store_Chernihiv,"Chernihiv, Chernihiv, Ukraine"
2281,Store_Livingstone,"Livingstone, Southern, Zambia"
2282,Store_Superior,"Superior, Wisconsin, United States"
2283,Store_Whittier,"Whittier, California, United States"
2284,Store_Kisumu,"Kisumu, Nyanza, Kenya"
2285,Store_Constantine,"Constantine, Constantine, Algeria"
2286,Store_Kindu,"Kindu, Maniema, Democratic Republic of the Congo"
2287,Store_Damanhur,"Damanhur, Al Buhayrah, Egypt"
2288,Store_Minuf,"Minuf, Al Minufiyah, Egypt"
2289,Store_Cherkasy,"Cherkasy, Cherkasy, Ukraine"
2290,Store_Bolu,"Bolu, Bolu, Turkey"
2291,Store_Morgan_Hill,"Morgan Hill, California, United States"
2292,Store_Kota,"Kota, Rajasthan, India"
2293,Store_Hisar,"Hisar, Haryana, India"
2294,Store_Carol_Stream,"Carol Stream, Illinois, United States"
2295,Store_Chartres,"Chartres, Centre, France"
2296,Store_Lubbock,"Lubbock, Texas, United States"
2297,Store_Guiping,"Guiping, Guangxi, China"
2298,Store_Shijiazhuang,"Shijiazhuang, Hebei, China"
2299,Store_Callao,"Callao, Callao, Peru"
2300,Store_Yokkaichi,"Yokkaichi, Oita, Japan"
2301,Store_Osh,"Osh, Osh, Kyrgyzstan"
2302,Store_Rochdale,"Rochdale, England, United Kingdom"
2303,Store_Salina_Cruz,"Salina Cruz, Oaxaca, Mexico"
2304,Store_Villingen-Schwenningen,"Villingen-Schwenningen, Baden-Württemberg, Germany"
2305,Store_Huadian,"Huadian, Jilin, China"
2306,Store_Catia_La_Mar,"Catia La Mar, Vargas, Venezuela"
2307,Store_Cholet,"Cholet, Pays de la Loire, France"
2308,Store_Bucheon,"Bucheon, Gyeonggi, South Korea"
2309,Store_Fontenay-sous-Bois,"Fontenay-sous-Bois, Ile-de-France, France"
2310,Store_Hollywood,"Hollywood, Florida, United States"
2311,Store_Nacka,"Nacka, Stockholm, Sweden"
2312,Store_Cannes,"Cannes, Provence-Alpes-Côte d'Azur, France"
2313,Store_Calamba,"Calamba, Calabarzon, Philippines"
2314,Store_La_Madeleine,"La Madeleine, Nord-Pas-de-Calais, France"
2315,Store_Livingston,"Livingston, Scotland, United Kingdom"
2316,Store_Boa_Vista,"Boa Vista, Roraima, Brazil"
2317,Store_Pine_Bluff,"Pine Bluff, Arkansas, United States"
2318,Store_Ad_Diwem,"Ad Diwem, White Nile, Sudan"
2319,Store_Karimnagar,"Karimnagar, Telangana, India"
2320,Store_Herat,"Herat, Hirat, Afghanistan"
2321,Store_Takatsuki,"Takatsuki, Osaka, Japan"
2322,Store_Clifton,"Clifton, New Jersey, United States"
2323,Store_Angarsk,"Angarsk, Irkutsk, Russia"
2324,Store_Gallarate,"Gallarate, Lombardy, Italy"
2325,Store_Chetumal,"Chetumal, Quintana Roo, Mexico"
2326,Store_Franklin,"Franklin, Tennessee, United States"
2327,Store_Bangor,"Bangor, Maine, United States"
2328,Store_Zaanstad,"Zaanstad, North Holland, Netherlands"
2329,Store_Mishawaka,"Mishawaka, Indiana, United States"
2330,Store_Horlivka,"Horlivka, Donetsk, Ukraine"
2331,Store_São_Miguel_dos_Campos,"São Miguel dos Campos, Alagoas, Brazil"
2332,Store_Tamale,"Tamale, Northern, Ghana"
2333,Store_Salon-de-Provence,"Salon-de-Provence, Provence-Alpes-Côte d'Azur, France"
2334,Store_Cognac,"Cognac, Poitou-Charentes, France"
2335,Store_Plovdiv,"Plovdiv, Plovdiv, Bulgaria"
2336,Store_Halluin,"Halluin, Nord-Pas-de-Calais, France"
2337,Store_Hereford,"Hereford, England, United Kingdom"
2338,Store_Huzhou,"Huzhou, Zhejiang, China"
2339,Store_Recklinghausen,"Recklinghausen, North Rhine-Westphalia, Germany"
2340,Store_Portoviejo,"Portoviejo, Manabi, Ecuador"
2341,Store_Ngaoundere,"Ngaoundere, Adamaoua, Cameroon"
2342,Store_São_Leopoldo,"São Leopoldo, Rio Grande do Sul, Brazil"
2343,Store_Pistoia,"Pistoia, Tuscany, Italy"
2344,Store_Rubí,"Rubí, Catalonia, Spain"
2345,Store_Hechuan,"Hechuan, Chongqing, China"
2346,Store_Radom,"Radom, Masovia, Poland"
2347,Store_Esenyurt,"Esenyurt, Istanbul, Turkey"
2348,Store_Bergamo,"Bergamo, Lombardy, Italy"
2349,Store_Diadema,"Diadema, São Paulo, Brazil"
2350,Store_Vanves,"Vanves, Ile-de-France, France"
2351,Store_Moshi,"Moshi, Kilimanjaro, Tanzania"
2352,Store_Jaú,"Jaú, São Paulo, Brazil"
2353,Store_Caçador,"Caçador, Santa Catarina, Brazil"
2354,Store_Murrieta,"Murrieta, California, United States"
2355,Store_La_Paz,"La Paz, La Paz, Bolivia"
2356,Store_San_Jose_del_Monte,"San Jose del Monte, Central Luzon, Philippines"
2357,Store_Moorhead,"Moorhead, Minnesota, United States"
2358,Store_Lorena,"Lorena, São Paulo, Brazil"
2359,Store_Northwich,"Northwich, England, United Kingdom"
2360,Store_Warangal,"Warangal, Telangana, India"
2361,Store_Polatli,"Polatli, Ankara, Turkey"
2362,Store_Dunstable,"Dunstable, England, United Kingdom"
2363,Store_Ashgabat,"Ashgabat, Ashgabat, Turkmenistan"
2364,Store_Florencia,"Florencia, Caquetá, Colombia"
2365,Store_Dhule,"Dhule, Maharashtra, India"
2366,Store_Najafabad,"Najafabad, Esfahan, Iran"
2367,Store_Belfort,"Belfort, Franche-Comté, France"
2368,Store_Santa_Maria,"Santa Maria, California, United States"
2369,Store_Carlsbad,"Carlsbad, New Mexico, United States"
2370,Store_Lagos_de_Moreno,"Lagos de Moreno, Jalisco, Mexico"
2371,Store_Pontault-Combault,"Pontault-Combault, Ile-de-France, France"
2372,Store_Bryan,"Bryan, Texas, United States"
2373,Store_Turgutlu,"Turgutlu, Manisa, Turkey"
2374,Store_Athens,"Athens, Georgia, United States"
2375,Store_Pesaro,"Pesaro, Marche, Italy"
2376,Store_Saint_Petersburg,"Saint Petersburg, Florida, United States"
2377,Store_Quincy,"Quincy, Massachusetts, United States"
2378,Store_Iasi,"Iasi, Iasi, Romania"
2379,Store_Mossoró,"Mossoró, Rio Grande do Norte, Brazil"
2380,Store_Friedberg,"Friedberg, Hesse, Germany"
2381,Store_Lancaster,"Lancaster, Pennsylvania, United States"
2382,Store_Puyang,"Puyang, Henan, China"
2383,Store_Puerto_Montt,"Puerto Montt, Los Lagos, Chile"
2384,Store_Al_Fayyum,"Al Fayyum, Al Fayyum, Egypt"
2385,Store_Irbid,"Irbid, Irbid, Jordan"
2386,Store_Barbacena,"Barbacena, Minas Gerais, Brazil"
2387,Store_Zhumadian,"Zhumadian, Henan, China"
2388,Store_Arak,"Arak, Markazi, Iran"
2389,Store_Perpignan,"Perpignan, Languedoc-Roussillon, France"
2390,Store_Westfield,"Westfield, New Jersey, United States"
2391,Store_Waco,"Waco, Texas, United States"
2392,Store_Ludwigsburg,"Ludwigsburg, Baden-Württemberg, Germany"
2393,Store_Franconville,"Franconville, Ile-de-France, France"
2394,Store_Penedo,"Penedo, Alagoas, Brazil"
2395,Store_Dniprodzerzhyns'k,"Dniprodzerzhyns'k, Dnipropetrovs'k, Ukraine"
2396,Store_Korhogo,"Korhogo, Savanes, Cote d'Ivoire"
2397,Store_Flers,"Flers, Lower Normandy, France"
2398,Store_Tarnow,"Tarnow, Lesser Poland, Poland"
2399,Store_Lohne,"Lohne, Lower Saxony, Germany"
2400,Store_Musoma,"Musoma, Mara, Tanzania"
2401,Store_Mbeya,"Mbeya, Mbeya, Tanzania"
2402,Store_Kasugai,"Kasugai, Aichi, Japan"
2403,Store_Senhor_do_Bonfim,"Senhor do Bonfim, Bahia, Brazil"
2404,Store_Sallanches,"Sallanches, Rhône-Alpes, France"
2405,Store_Apeldoorn,"Apeldoorn, Gelderland, Netherlands"
2406,Store_Karliova,"Karliova, Bingol, Turkey"
2407,Store_Plaisance-du-Touch,"Plaisance-du-Touch, Midi-Pyrénées, France"
2408,Store_Kirsehir,"Kirsehir, Kirsehir, Turkey"
2409,Store_Bandar-e_Anzali,"Bandar-e Anzali, Gilan, Iran"
2410,Store_Trieste,"Trieste, Friuli-Venezia Giulia, Italy"
2411,Store_Balikesir,"Balikesir, Balikesir, Turkey"
2412,Store_Colombes,"Colombes, Ile-de-France, France"
2413,Store_Acayucan,"Acayucan, Veracruz, Mexico"
2414,Store_Irving,"Irving, Texas, United States"
2415,Store_Carpi,"Carpi, Emilia-Romagna, Italy"
2416,Store_Amol,"Amol, Mazandaran, Iran"
2417,Store_Bahawalpur,"Bahawalpur, Punjab, Pakistan"
2418,Store_Zabol,"Zabol, Sistan Va Baluchestan, Iran"
2419,Store_Reus,"Reus, Catalonia, Spain"
2420,Store_Braga,"Braga, Braga, Portugal"
2421,Store_Badajoz,"Badajoz, Extremadura, Spain"
2422,Store_Hayange,"Hayange, Lorraine, France"
2423,Store_Bejaia,"Bejaia, Bejaia, Algeria"
2424,Store_Unna,"Unna, North Rhine-Westphalia, Germany"
2425,Store_Texarkana,"Texarkana, Arkansas, United States"
2426,Store_Sucre,"Sucre, Chuquisaca, Bolivia"
2427,Store_Ontario,"Ontario, California, United States"
2428,Store_La_Roche-sur-Yon,"La Roche-sur-Yon, Pays de la Loire, France"
2429,Store_Almelo,"Almelo, Overijssel, Netherlands"
2430,Store_Vacaria,"Vacaria, Rio Grande do Sul, Brazil"
2431,Store_Marbella,"Marbella, Andalusía, Spain"
2432,Store_Lake_Charles,"Lake Charles, Louisiana, United States"
2433,Store_Malatya,"Malatya, Malatya, Turkey"
2434,Store_Bezerros,"Bezerros, Pernambuco, Brazil"
2435,Store_Al_Hufuf,"Al Hufuf, Ash Sharqiyah, Saudi Arabia"
2436,Store_Bagé,"Bagé, Rio Grande do Sul, Brazil"
2437,Store_Delft,"Delft, South Holland, Netherlands"
2438,Store_Sittard,"Sittard, Limburg, Netherlands"
2439,Store_Panihati,"Panihati, West Bengal, India"
2440,Store_Hidalgo,"Hidalgo, Michoacán, Mexico"
2441,Store_Choisy-le-Roi,"Choisy-le-Roi, Ile-de-France, France"
2442,Store_Raipur,"Raipur, Rajasthan, India"
2443,Store_Uithoorn,"Uithoorn, North Holland, Netherlands"
2444,Store_Sioux_Falls,"Sioux Falls, South Dakota, United States"
2445,Store_Eragny,"Eragny, Ile-de-France, France"
2446,Store_Lake_Elsinore,"Lake Elsinore, California, United States"
2447,Store_Rosarito,"Rosarito, Baja California, Mexico"
2448,Store_New_Rochelle,"New Rochelle, New York, United States"
2449,Store_Chandigarh,"Chandigarh, Chandigarh, India"
2450,Store_Sagamihara,"Sagamihara, Kanagawa, Japan"
2451,Store_Xichang,"Xichang, Sichuan, China"
2452,Store_Cagnes-sur-Mer,"Cagnes-sur-Mer, Provence-Alpes-Côte d'Azur, France"
2453,Store_Zabrze,"Zabrze, Silesia, Poland"
2454,Store_Molina_de_Segura,"Molina de Segura, Murcia, Spain"
2455,Store_Matadi,"Matadi, Bas-Congo, Democratic Republic of the Congo"
2456,Store_Kaiyuan,"Kaiyuan, Yunnan, China"
2457,Store_Esquina,"Esquina, Corrientes, Argentina"
2458,Store_Saveh,"Saveh, Markazi, Iran"
2459,Store_Cankaya,"Cankaya, Ankara, Turkey"
2460,Store_Uruguaiana,"Uruguaiana, Rio Grande do Sul, Brazil"
2461,Store_Valence,"Valence, Rhône-Alpes, France"
2462,Store_Chitungwiza,"Chitungwiza, Harare, Zimbabwe"
2463,Store_East_London,"East London, Eastern Cape, South Africa"
2464,Store_Conway,"Conway, Arkansas, United States"
2465,Store_Maiduguri,"Maiduguri, Borno, Nigeria"
2466,Store_Gonesse,"Gonesse, Ile-de-France, France"
2467,Store_Schiedam,"Schiedam, South Holland, Netherlands"
2468,Store_Hattiesburg,"Hattiesburg, Mississippi, United States"
2469,Store_Wetter_(Ruhr),"Wetter (Ruhr), North Rhine-Westphalia, Germany"
2470,Store_Floridablanca,"Floridablanca, Santander, Colombia"
2471,Store_Halifax,"Halifax, England, United Kingdom"
2472,Store_Bebington,"Bebington, England, United Kingdom"
2473,Store_Saint-Cloud,"Saint-Cloud, Ile-de-France, France"
2474,Store_Pontes_e_Lacerda,"Pontes e Lacerda, Mato Grosso, Brazil"
2475,Store_Solihull,"Solihull, England, United Kingdom"
2476,Store_Iskenderun,"Iskenderun, Hatay, Turkey"
2477,Store_Canakkale,"Canakkale, Canakkale, Turkey"
2478,Store_Freeport,"Freeport, New York, United States"
2479,Store_Kozan,"Kozan, Adana, Turkey"
2480,Store_Helena,"Helena, Montana, United States"
2481,Store_Vlore,"Vlore, Vlorë, Albania"
2482,Store_Monza,"Monza, Lombardy, Italy"
2483,Store_Palm_Coast,"Palm Coast, Florida, United States"
2484,Store_São_Pedro_da_Aldeia,"São Pedro da Aldeia, Rio de Janeiro, Brazil"
2485,Store_Uvira,"Uvira, South Kivu, Democratic Republic of the Congo"
2486,Store_Edogawa-ku,"Edogawa-ku, Tokyo, Japan"
2487,Store_Cirebon,"Cirebon, Jawa Barat, Indonesia"
2488,Store_Kokshetau,"Kokshetau, Aqmola, Kazakhstan"
2489,Store_Brussels,"Brussels, Brussels, Belgium"
2490,Store_Yancheng,"Yancheng, Jiangsu, China"
2491,Store_Saanich,"Saanich, British Columbia, Canada"
2492,Store_Manteca,"Manteca, California, United States"
2493,Store_Neuilly-sur-Marne,"Neuilly-sur-Marne, Ile-de-France, France"
2494,Store_Nakhon_Ratchasima,"Nakhon Ratchasima, Nakhon Ratchasima, Thailand"
2495,Store_Saint-Avold,"Saint-Avold, Lorraine, France"
2496,Store_Gaziemir,"Gaziemir, Izmir, Turkey"
2497,Store_Edinburg,"Edinburg, Texas, United States"
2498,Store_Hengelo,"Hengelo, Overijssel, Netherlands"
2499,Store_Pekalongan,"Pekalongan, Jawa Tengah, Indonesia"
2500,Store_Naumburg,"Naumburg, Saxony-Anhalt, Germany"
2501,Store_Civitavecchia,"Civitavecchia, Lazio, Italy"
2502,Store_Dinslaken,"Dinslaken, North Rhine-Westphalia, Germany"
2503,Store_Pila,"Pila, Greater Poland, Poland"
2504,Store_Moreno_Valley,"Moreno Valley, California, United States"
2505,Store_Antalya,"Antalya, Antalya, Turkey"
2506,Store_Epinal,"Epinal, Lorraine, France"
2507,Store_Grasse,"Grasse, Provence-Alpes-Côte d'Azur, France"
2508,Store_Ipswich,"Ipswich, England, United Kingdom"
2509,Store_East_Kilbride,"East Kilbride, Scotland, United Kingdom"
2510,Store_Chorzow,"Chorzow, Silesia, Poland"
2511,Store_Montfermeil,"Montfermeil, Ile-de-France, France"
2512,Store_Gummersbach,"Gummersbach, North Rhine-Westphalia, Germany"
2513,Store_Marsala,"Marsala, Sicily, Italy"
2514,Store_Suwon,"Suwon, Gyeonggi, South Korea"
2515,Store_Buca,"Buca, Izmir, Turkey"
2516,Store_Sant_Boi_de_Llobregat,"Sant Boi de Llobregat, Catalonia, Spain"
2517,Store_Van,"Van, Van, Turkey"
2518,Store_Hackensack,"Hackensack, New Jersey, United States"
2519,Store_Guzmán,"Guzmán, Jalisco, Mexico"
2520,Store_Cruz_das_Almas,"Cruz das Almas, Bahia, Brazil"
2521,Store_Cipolletti,"Cipolletti, Río Negro, Argentina"
2522,Store_Siping,"Siping, Jilin, China"
2523,Store_Arauca,"Arauca, Arauca, Colombia"
2524,Store_Sukabumi,"Sukabumi, Jawa Barat, Indonesia"
2525,Store_Registro,"Registro, São Paulo, Brazil"
2526,Store_Sevastopol,"Sevastopol, Sevastopol', Ukraine"
2527,Store_Langenfeld,"Langenfeld, North Rhine-Westphalia, Germany"
2528,Store_Mirzapur,"Mirzapur, Uttar Pradesh, India"
2529,Store_Rome,"Rome, New York, United States"
2530,Store_Zeist,"Zeist, Utrecht, Netherlands"
2531,Store_Benevento,"Benevento, Campania, Italy"
2532,Store_Kotka,"Kotka, Kymenlaakso, Finland"
2533,Store_Baní,"Baní, Peravia, Dominican Republic"
2534,Store_Ibaraki,"Ibaraki, Osaka, Japan"
2535,Store_Taza,"Taza, Taza-Al Hoceima-Taounate, Morocco"
2536,Store_Quixadá,"Quixadá, Ceará, Brazil"
2537,Store_Yao,"Yao, Osaka, Japan"
2538,Store_Porlamar,"Porlamar, Nueva Esparta, Venezuela"
2539,Store_Qarshi,"Qarshi, Qashqadaryo, Uzbekistan"
2540,Store_Ternopil',"Ternopil', Ternopil', Ukraine"
2541,Store_Le_Blanc-Mesnil,"Le Blanc-Mesnil, Ile-de-France, France"
2542,Store_Tangerang,"Tangerang, Jawa Barat, Indonesia"
2543,Store_Centurion,"Centurion, Gauteng, South Africa"
2544,Store_Delray_Beach,"Delray Beach, Florida, United States"
2545,Store_Pembroke_Pines,"Pembroke Pines, Florida, United States"
2546,Store_Ipiales,"Ipiales, Nariño, Colombia"
2547,Store_Bristol,"Bristol, Connecticut, United States"
2548,Store_Bratsk,"Bratsk, Irkutsk, Russia"
2549,Store_Sialkot,"Sialkot, Punjab, Pakistan"
2550,Store_Pessac,"Pessac, Aquitaine, France"
2551,Store_Rizhao,"Rizhao, Shandong, China"
2552,Store_Nha_Trang,"Nha Trang, Khánh Hòa, Vietnam"
2553,Store_Freiburg,"Freiburg, Baden-Württemberg, Germany"
2554,Store_Ocaña,"Ocaña, Norte de Santander, Colombia"
2555,Store_Bezons,"Bezons, Ile-de-France, France"
2556,Store_Yambol,"Yambol, Yambol, Bulgaria"
2557,Store_Shangzhi,"Shangzhi, Heilongjiang, China"
2558,Store_Oktyabr'skiy,"Oktyabr'skiy, Bashkortostan, Russia"
2559,Store_Senlis,"Senlis, Picardy, France"
2560,Store_Mar_del_Plata,"Mar del Plata, Provincia de Buenos Aires, Argentina"
2561,Store_Dire_Dawa,"Dire Dawa, Dire Dawa, Ethiopia"
2562,Store_Agrigento,"Agrigento, Sicily, Italy"
2563,Store_Sale,"Sale, England, United Kingdom"
2564,Store_Cambrai,"Cambrai, Nord-Pas-de-Calais, France"
2565,Store_Aba,"Aba, Abia, Nigeria"
2566,Store_Poços_de_Caldas,"Poços de Caldas, Minas Gerais, Brazil"
2567,Store_Vaulx-en-Velin,"Vaulx-en-Velin, Rhône-Alpes, France"
2568,Store_Butare,"Butare, Southern, Rwanda"
2569,Store_Asunción,"Asunción, Asunción, Paraguay"
2570,Store_Mendoza,"Mendoza, Mendoza, Argentina"
2571,Store_Southport,"Southport, England, United Kingdom"
2572,Store_Missoula,"Missoula, Montana, United States"
2573,Store_Itaúna,"Itaúna, Minas Gerais, Brazil"
2574,Store_Sabzevar,"Sabzevar, Razavi Khorasan, Iran"
2575,Store_Markham,"Markham, Ontario, Canada"
2576,Store_Sangli,"Sangli, Maharashtra, India"
2577,Store_Bremerhaven,"Bremerhaven, Bremen, Germany"
2578,Store_Miramar,"Miramar, Florida, United States"
2579,Store_Drobeta-Turnu_Severin,"Drobeta-Turnu Severin, Mehedinti, Romania"
2580,Store_Jodhpur,"Jodhpur, Gujarat, India"
2581,Store_Bo,"Bo, Southern, Sierra Leone"
2582,Store_Acireale,"Acireale, Sicily, Italy"
2583,Store_Laon,"Laon, Picardy, France"
2584,Store_Hampton,"Hampton, Virginia, United States"
2585,Store_Redding,"Redding, California, United States"
2586,Store_Corlu,"Corlu, Tekirdag, Turkey"
2587,Store_Baia_Mare,"Baia Mare, Maramures, Romania"
2588,Store_San_José_de_Guanipa,"San José de Guanipa, Anzoátegui, Venezuela"
2589,Store_Nagaoka,"Nagaoka, Shizuoka, Japan"
2590,Store_Durgapur,"Durgapur, West Bengal, India"
2591,Store_Mâcon,"Mâcon, Burgundy, France"
2592,Store_Zhaoyuan,"Zhaoyuan, Heilongjiang, China"
2593,Store_Tyler,"Tyler, Texas, United States"
2594,Store_Ploemeur,"Ploemeur, Brittany, France"
2595,Store_La_Paz,"La Paz, Baja California Sur, Mexico"
2596,Store_Vertou,"Vertou, Pays de la Loire, France"
2597,Store_Holyoke,"Holyoke, Massachusetts, United States"
2598,Store_Mauguio,"Mauguio, Languedoc-Roussillon, France"
2599,Store_Funabashi,"Funabashi, Chiba, Japan"
2600,Store_Elazig,"Elazig, Elazig, Turkey"
2601,Store_San_Justo,"San Justo, Santa Fe, Argentina"
2602,Store_Santo_Domingo_de_los_Colorados,"Santo Domingo de los Colorados, Pichincha, Ecuador"
2603,Store_Gladbeck,"Gladbeck, North Rhine-Westphalia, Germany"
2604,Store_Woodland,"Woodland, California, United States"
2605,Store_Korla,"Korla, Xinjiang Uygur, China"
2606,Store_Maisons-Alfort,"Maisons-Alfort, Ile-de-France, France"
2607,Store_Bisceglie,"Bisceglie, Apulia, Italy"
2608,Store_Draper,"Draper, Utah, United States"
2609,Store_Jurema,"Jurema, Pernambuco, Brazil"
2610,Store_Bijapur,"Bijapur, Karnataka, India"
2611,Store_Witten,"Witten, North Rhine-Westphalia, Germany"
2612,Store_Marina_di_Carrara,"Marina di Carrara, Tuscany, Italy"
2613,Store_Taboão_da_Serra,"Taboão da Serra, São Paulo, Brazil"
2614,Store_Meaux,"Meaux, Ile-de-France, France"
2615,Store_Alcobendas,"Alcobendas, Madrid, Spain"
2616,Store_Cuxhaven,"Cuxhaven, Lower Saxony, Germany"
2617,Store_Natitingou,"Natitingou, Atakora, Benin"
2618,Store_Basingstoke,"Basingstoke, England, United Kingdom"
2619,Store_Czestochowa,"Czestochowa, Silesia, Poland"
2620,Store_Lebanon,"Lebanon, Tennessee, United States"
2621,Store_Pinheiro,"Pinheiro, Maranhão, Brazil"
2622,Store_Albi,"Albi, Midi-Pyrénées, France"
2623,Store_Wuzhou,"Wuzhou, Guangxi, China"
2624,Store_Ilorin,"Ilorin, Kwara, Nigeria"
2625,Store_Barreirinhas,"Barreirinhas, Maranhão, Brazil"
2626,Store_East_Orange,"East Orange, New Jersey, United States"
2627,Store_Goussainville,"Goussainville, Ile-de-France, France"
2628,Store_Qostanay,"Qostanay, Qostanay, Kazakhstan"
2629,Store_Vineland,"Vineland, New Jersey, United States"
2630,Store_Cesena,"Cesena, Emilia-Romagna, Italy"
2631,Store_Shahreza,"Shahreza, Esfahan, Iran"
2632,Store_Settat,"Settat, Chaouia-Ouardigha, Morocco"
2633,Store_Rancho_Cucamonga,"Rancho Cucamonga, California, United States"
2634,Store_Ercolano,"Ercolano, Campania, Italy"
2635,Store_Vitry-sur-Seine,"Vitry-sur-Seine, Ile-de-France, France"
2636,Store_Cavaillon,"Cavaillon, Provence-Alpes-Côte d'Azur, France"
2637,Store_Chesterfield,"Chesterfield, England, United Kingdom"
2638,Store_Gien,"Gien, Centre, France"
2639,Store_Port_Said,"Port Said, Bur Sa'id, Egypt"
2640,Store_Solna,"Solna, Stockholm, Sweden"
2641,Store_Nikopol',"Nikopol', Dnipropetrovs'k, Ukraine"
2642,Store_San_Angelo,"San Angelo, Texas, United States"
2643,Store_Hadera,"Hadera, Haifa, Israel"
2644,Store_Itapecerica_da_Serra,"Itapecerica da Serra, São Paulo, Brazil"
2645,Store_Ocotlán,"Ocotlán, Jalisco, Mexico"
2646,Store_Vilhena,"Vilhena, Rondônia, Brazil"
2647,Store_Tel_Aviv,"Tel Aviv, Tel Aviv, Israel"
2648,Store_Taylor,"Taylor, Michigan, United States"
2649,Store_Antofagasta,"Antofagasta, Antofagasta, Chile"
2650,Store_Shrewsbury,"Shrewsbury, England, United Kingdom"
2651,Store_Evreux,"Evreux, Upper Normandy, France"
2652,Store_Mouscron,"Mouscron, Hainaut, Belgium"
2653,Store_Bucaramanga,"Bucaramanga, Santander, Colombia"
2654,Store_Piotrkow_Trybunalski,"Piotrkow Trybunalski, Lodz, Poland"
2655,Store_Jiaxing,"Jiaxing, Zhejiang, China"
2656,Store_Zhangjiakou,"Zhangjiakou, Hebei, China"
2657,Store_Andijon,"Andijon, Andijan, Uzbekistan"
2658,Store_Arnsberg,"Arnsberg, North Rhine-Westphalia, Germany"
2659,Store_Les_Pennes-Mirabeau,"Les Pennes-Mirabeau, Provence-Alpes-Côte d'Azur, France"
2660,Store_Harare,"Harare, Harare, Zimbabwe"
2661,Store_Saint_Louis,"Saint Louis, Missouri, United States"
2662,Store_Boghni,"Boghni, Tizi Ouzou, Algeria"
2663,Store_Runcorn,"Runcorn, England, United Kingdom"
2664,Store_Las_Piedras,"Las Piedras, Canelones, Uruguay"
2665,Store_Changde,"Changde, Hunan, China"
2666,Store_Puerto_Padre,"Puerto Padre, Las Tunas, Cuba"
2667,Store_Carquefou,"Carquefou, Pays de la Loire, France"
2668,Store_Cedar_Rapids,"Cedar Rapids, Iowa, United States"
2669,Store_Kenitra,"Kenitra, Gharb-Chrarda-Béni Hssen, Morocco"
2670,Store_Caserta,"Caserta, Campania, Italy"
2671,Store_Saint-Quentin,"Saint-Quentin, Picardy, France"
2672,Store_Osmaniye,"Osmaniye, Osmaniye, Turkey"
2673,Store_Posadas,"Posadas, Misiones, Argentina"
2674,Store_Brumado,"Brumado, Bahia, Brazil"
2675,Store_Xianning,"Xianning, Hubei, China"
2676,Store_Chattanooga,"Chattanooga, Tennessee, United States"
2677,Store_Salem,"Salem, Virginia, United States"
2678,Store_Khorramshahr,"Khorramshahr, Khuzestan, Iran"
2679,Store_Eskilstuna,"Eskilstuna, Södermanland, Sweden"
2680,Store_Jalna,"Jalna, Maharashtra, India"
2681,Store_Pavlodar,"Pavlodar, Pavlodar, Kazakhstan"
2682,Store_Tartu,"Tartu, Tartumaa, Estonia"
2683,Store_Encinitas,"Encinitas, California, United States"
2684,Store_Sidi_Bel_Abbes,"Sidi Bel Abbes, Sidi Bel Abbes, Algeria"
2685,Store_Kampala,"Kampala, Kampala, Uganda"
2686,Store_Qazvin,"Qazvin, Qazvin, Iran"
2687,Store_Igdir,"Igdir, Igdir, Turkey"
2688,Store_Louviers,"Louviers, Upper Normandy, France"
2689,Store_Guanare,"Guanare, Portuguesa, Venezuela"
2690,Store_Mallawi,"Mallawi, Al Minya, Egypt"
2691,Store_Bedford,"Bedford, Texas, United States"
2692,Store_Kettering,"Kettering, England, United Kingdom"
2693,Store_Leverkusen,"Leverkusen, North Rhine-Westphalia, Germany"
2694,Store_Zenica,"Zenica, Federation of Bosnia and Herzegovina, Bosnia and Herzegovina"
2695,Store_Miass,"Miass, Chelyabinsk, Russia"
2696,Store_Tychy,"Tychy, Silesia, Poland"
2697,Store_Khenifra,"Khenifra, Meknès-Tafilalet, Morocco"
2698,Store_Drogobych,"Drogobych, L'viv, Ukraine"
2699,Store_Visalia,"Visalia, California, United States"
2700,Store_Balmazujvaros,"Balmazujvaros, Hajdu-Bihar, Hungary"
2701,Store_Guatemala_City,"Guatemala City, Guatemala, Guatemala"
2702,Store_Fleury-les-Aubrais,"Fleury-les-Aubrais, Centre, France"
2703,Store_Mohammedia,"Mohammedia, Grand Casablanca, Morocco"
2704,Store_Hendersonville,"Hendersonville, Tennessee, United States"
2705,Store_Acarigua,"Acarigua, Portuguesa, Venezuela"
2706,Store_Maturín,"Maturín, Monagas, Venezuela"
2707,Store_Nitra,"Nitra, Nitra, Slovakia"
2708,Store_Barquisimeto,"Barquisimeto, Lara, Venezuela"
2709,Store_League_City,"League City, Texas, United States"
2710,Store_San_Martín,"San Martín, Cuscatlán, El Salvador"
2711,Store_Barneveld,"Barneveld, Gelderland, Netherlands"
2712,Store_Tarsus,"Tarsus, Mersin, Turkey"
2713,Store_Pirapora,"Pirapora, Minas Gerais, Brazil"
2714,Store_Rapid_City,"Rapid City, South Dakota, United States"
2715,Store_Bellary,"Bellary, Karnataka, India"
2716,Store_Frankfort,"Frankfort, Illinois, United States"
2717,Store_Gubkin,"Gubkin, Belgorod, Russia"
2718,Store_Velbert,"Velbert, North Rhine-Westphalia, Germany"
2719,Store_Colombo,"Colombo, Western, Sri Lanka"
2720,Store_Mau,"Mau, Uttar Pradesh, India"
2721,Store_Zwolle,"Zwolle, Overijssel, Netherlands"
2722,Store_Messaad,"Messaad, Djelfa, Algeria"
2723,Store_Umuarama,"Umuarama, Parana, Brazil"
2724,Store_Park_Ridge,"Park Ridge, Illinois, United States"
2725,Store_Norwich,"Norwich, Connecticut, United States"
2726,Store_Kayseri,"Kayseri, Kayseri, Turkey"
2727,Store_Corum,"Corum, Corum, Turkey"
2728,Store_Manisa,"Manisa, Manisa, Turkey"
2729,Store_Domont,"Domont, Ile-de-France, France"
2730,Store_Neuilly-Plaisance,"Neuilly-Plaisance, Ile-de-France, France"
2731,Store_Lins,"Lins, São Paulo, Brazil"
2732,Store_Antakya,"Antakya, Hatay, Turkey"
2733,Store_St._Catharines,"St. Catharines, Ontario, Canada"
2734,Store_Blois,"Blois, Centre, France"
2735,Store_Ikot_Ekpene,"Ikot Ekpene, Akwa Ibom, Nigeria"
2736,Store_Manhattan,"Manhattan, Kansas, United States"
2737,Store_Tournai,"Tournai, Hainaut, Belgium"
2738,Store_Montceau-les-Mines,"Montceau-les-Mines, Burgundy, France"
2739,Store_The_Colony,"The Colony, Texas, United States"
2740,Store_Nigde,"Nigde, Nigde, Turkey"
2741,Store_Sanford,"Sanford, Florida, United States"
2742,Store_Bourgoin-Jallieu,"Bourgoin-Jallieu, Rhône-Alpes, France"
2743,Store_Lanxi,"Lanxi, Zhejiang, China"
2744,Store_Conroe,"Conroe, Texas, United States"
2745,Store_Lianzhou,"Lianzhou, Guangdong, China"
2746,Store_Mezitli,"Mezitli, Mersin, Turkey"
2747,Store_Sceaux,"Sceaux, Ile-de-France, France"
2748,Store_Stavanger,"Stavanger, Rogaland, Norway"
2749,Store_Eggenstein-Leopoldshafen,"Eggenstein-Leopoldshafen, Baden-Württemberg, Germany"
2750,Store_Ancona,"Ancona, Marche, Italy"
2751,Store_Campeche,"Campeche, Campeche, Mexico"
2752,Store_Saint-Herblain,"Saint-Herblain, Pays de la Loire, France"
2753,Store_Uvarovo,"Uvarovo, Tambov, Russia"
2754,Store_Hilden,"Hilden, North Rhine-Westphalia, Germany"
2755,Store_Saint-Nazaire,"Saint-Nazaire, Pays de la Loire, France"
2756,Store_Navegantes,"Navegantes, Santa Catarina, Brazil"
2757,Store_Saskatoon,"Saskatoon, Saskatchewan, Canada"
2758,Store_Cormeilles-en-Parisis,"Cormeilles-en-Parisis, Ile-de-France, France"
2759,Store_Bhatpara,"Bhatpara, West Bengal, India"
2760,Store_Zinder,"Zinder, Zinder, Niger"
2761,Store_Covington,"Covington, Washington, United States"
2762,Store_Olathe,"Olathe, Kansas, United States"
2763,Store_Barnsley,"Barnsley, England, United Kingdom"
2764,Store_La_Mesa,"La Mesa, California, United States"
2765,Store_Sakai,"Sakai, Osaka, Japan"
2766,Store_Malambo,"Malambo, Atlántico, Colombia"
2767,Store_Mardan,"Mardan, Khyber Pakhtunkhwa, Pakistan"
2768,Store_Iquitos,"Iquitos, Loreto, Peru"
2769,Store_Randfontein,"Randfontein, Gauteng, South Africa"
2770,Store_Huddinge,"Huddinge, Stockholm, Sweden"
2771,Store_Chengjiang,"Chengjiang, Jiangsu, China"
2772,Store_Lancaster,"Lancaster, California, United States"
2773,Store_Kuito,"Kuito, Bie, Angola"
2774,Store_Pinsk,"Pinsk, Brest, Belarus"
2775,Store_Auch,"Auch, Midi-Pyrénées, France"
2776,Store_Sahuayo_de_José_María_Morelos,"Sahuayo de José María Morelos, Michoacán, Mexico"
2777,Store_Albertville,"Albertville, Rhône-Alpes, France"
2778,Store_Vittoria,"Vittoria, Sicily, Italy"
2779,Store_Tetouan,"Tetouan, Tanger-Tétouan, Morocco"
2780,Store_Langen,"Langen, Hesse, Germany"
2781,Store_Handa,"Handa, Aichi, Japan"
2782,Store_Lanester,"Lanester, Brittany, France"
2783,Store_Daytona_Beach,"Daytona Beach, Florida, United States"
2784,Store_Khouribga,"Khouribga, Chaouia-Ouardigha, Morocco"
2785,Store_Gardanne,"Gardanne, Provence-Alpes-Côte d'Azur, France"
2786,Store_Bloomington,"Bloomington, Illinois, United States"
2787,Store_Valdemoro,"Valdemoro, Madrid, Spain"
2788,Store_Gulbarga,"Gulbarga, Karnataka, India"
2789,Store_Rockville,"Rockville, Maryland, United States"
2790,Store_Fukui,"Fukui, Fukui, Japan"
2791,Store_Salamanca,"Salamanca, Castile and León, Spain"
2792,Store_Santiago_del_Estero,"Santiago del Estero, Santiago del Estero, Argentina"
2793,Store_Qidong,"Qidong, Jiangsu, China"
2794,Store_Bajos_de_Haina,"Bajos de Haina, San Cristóbal, Dominican Republic"
2795,Store_Forbach,"Forbach, Lorraine, France"
2796,Store_Freeport,"Freeport, Illinois, United States"
2797,Store_Yichun,"Yichun, Jiangxi, China"
2798,Store_Cártama,"Cártama, Andalusía, Spain"
2799,Store_Villiers-sur-Marne,"Villiers-sur-Marne, Ile-de-France, France"
2800,Store_Minna,"Minna, Niger, Nigeria"
2801,Store_Almaty,"Almaty, Almaty City, Kazakhstan"
2802,Store_Coatzacoalcos,"Coatzacoalcos, Veracruz, Mexico"
2803,Store_Contagem,"Contagem, Minas Gerais, Brazil"
2804,Store_Niagara_Falls,"Niagara Falls, New York, United States"
2805,Store_Balti,"Balti, Balti, Moldova"
2806,Store_Ulsan,"Ulsan, Ulsan, South Korea"
2807,Store_Garden_City,"Garden City, Kansas, United States"
2808,Store_Kawaguchi,"Kawaguchi, Saitama, Japan"
2809,Store_Boa_Esperança,"Boa Esperança, Minas Gerais, Brazil"
2810,Store_Armenia,"Armenia, Quindío, Colombia"
2811,Store_Petare,"Petare, Miranda, Venezuela"
2812,Store_Bragança_Paulista,"Bragança Paulista, São Paulo, Brazil"
2813,Store_Barretos,"Barretos, São Paulo, Brazil"
2814,Store_Guidonia_Montecelio,"Guidonia Montecelio, Lazio, Italy"
2815,Store_Cournon-d'Auvergne,"Cournon-d'Auvergne, Auvergne, France"
2816,Store_Boulogne-sur-Mer,"Boulogne-sur-Mer, Nord-Pas-de-Calais, France"
2817,Store_Nkongsamba,"Nkongsamba, Littoral, Cameroon"
2818,Store_Palatine,"Palatine, Illinois, United States"
2819,Store_Tianguá,"Tianguá, Ceará, Brazil"
2820,Store_North_Charleston,"North Charleston, South Carolina, United States"
2821,Store_Glenview,"Glenview, Illinois, United States"
2822,Store_Antsiranana,"Antsiranana, Diana, Madagascar"
2823,Store_Valledupar,"Valledupar, Cesar, Colombia"
2824,Store_Pindamonhangaba,"Pindamonhangaba, São Paulo, Brazil"
2825,Store_Tampico,"Tampico, Tamaulipas, Mexico"
2826,Store_Coppell,"Coppell, Texas, United States"
2827,Store_Vignola,"Vignola, Emilia-Romagna, Italy"
2828,Store_Jincheng,"Jincheng, Shanxi, China"
2829,Store_Gaithersburg,"Gaithersburg, Maryland, United States"
2830,Store_Kahramanmaras,"Kahramanmaras, Kahramanmaras, Turkey"
2831,Store_Texas_City,"Texas City, Texas, United States"
2832,Store_Kamarhati,"Kamarhati, West Bengal, India"
2833,Store_Bandundu,"Bandundu, Bandundu, Democratic Republic of the Congo"
2834,Store_Chevilly-Larue,"Chevilly-Larue, Ile-de-France, France"
2835,Store_Kent,"Kent, Ohio, United States"
2836,Store_Port_Saint_Lucie,"Port Saint Lucie, Florida, United States"
2837,Store_Bolívar,"Bolívar, Bolivar, Venezuela"
2838,Store_Warri,"Warri, Delta, Nigeria"
2839,Store_Delicias,"Delicias, Chihuahua, Mexico"
2840,Store_Alfortville,"Alfortville, Ile-de-France, France"
2841,Store_Yaritagua,"Yaritagua, Yaracuy, Venezuela"
2842,Store_Kremenchuk,"Kremenchuk, Poltava, Ukraine"
2843,Store_Villeparisis,"Villeparisis, Ile-de-France, France"
2844,Store_Verdun,"Verdun, Lorraine, France"
2845,Store_Berck,"Berck, Nord-Pas-de-Calais, France"
2846,Store_Roanne,"Roanne, Rhône-Alpes, France"
2847,Store_Warner_Robins,"Warner Robins, Georgia, United States"
2848,Store_Mtwara,"Mtwara, Mtwara, Tanzania"
2849,Store_Banda_Aceh,"Banda Aceh, Aceh, Indonesia"
2850,Store_Westland,"Westland, Michigan, United States"
2851,Store_Jiamusi,"Jiamusi, Heilongjiang, China"
2852,Store_Roubaix,"Roubaix, Nord-Pas-de-Calais, France"
2853,Store_Villeneuve-la-Garenne,"Villeneuve-la-Garenne, Ile-de-France, France"
2854,Store_Katsushika-ku,"Katsushika-ku, Tokyo, Japan"
2855,Store_San_Mateo,"San Mateo, California, United States"
2856,Store_Fano,"Fano, Marche, Italy"
2857,Store_Feira,"Feira, Aveiro, Portugal"
2858,Store_Moa,"Moa, Holguín, Cuba"
2859,Store_Viersen,"Viersen, North Rhine-Westphalia, Germany"
2860,Store_Mococa,"Mococa, São Paulo, Brazil"
2861,Store_Gliwice,"Gliwice, Silesia, Poland"
2862,Store_Estepona,"Estepona, Andalusía, Spain"
2863,Store_Dover,"Dover, Delaware, United States"
2864,Store_Mostaganem,"Mostaganem, Mostaganem, Algeria"
2865,Store_Sanary-sur-Mer,"Sanary-sur-Mer, Provence-Alpes-Côte d'Azur, France"
2866,Store_Warrnambool,"Warrnambool, Victoria, Australia"
2867,Store_Mersin,"Mersin, Mersin, Turkey"
2868,Store_Trinidad,"Trinidad, Beni, Bolivia"
2869,Store_Lisieux,"Lisieux, Lower Normandy, France"
2870,Store_Datong,"Datong, Anhui, China"
2871,Store_Neu-Ulm,"Neu-Ulm, Bavaria, Germany"
2872,Store_Getxo,"Getxo, Basque Country, Spain"
2873,Store_Soledad_Díez_Gutiérrez,"Soledad Díez Gutiérrez, San Luis Potosí, Mexico"
2874,Store_Piacenza,"Piacenza, Emilia-Romagna, Italy"
2875,Store_Clichy,"Clichy, Ile-de-France, France"
2876,Store_Toyohashi,"Toyohashi, Aichi, Japan"
2877,Store_Milford,"Milford, Connecticut, United States"
2878,Store_Astana,"Astana, Astana, Kazakhstan"
2879,Store_Mariupol',"Mariupol', Donetsk, Ukraine"
2880,Store_Garanhuns,"Garanhuns, Pernambuco, Brazil"
2881,Store_Zaporizhzhya,"Zaporizhzhya, Zaporizhzhya, Ukraine"
2882,Store_Ganganagar,"Ganganagar, Rajasthan, India"
2883,Store_Maracay,"Maracay, Aragua, Venezuela"
2884,Store_Summerville,"Summerville, South Carolina, United States"
2885,Store_Asyut,"Asyut, Asyut, Egypt"
2886,Store_Vassouras,"Vassouras, Rio de Janeiro, Brazil"
2887,Store_Medea,"Medea, Medea, Algeria"
2888,Store_Viña_del_Mar,"Viña del Mar, Valparaíso, Chile"
2889,Store_Halifax,"Halifax, Nova Scotia, Canada"
2890,Store_Trani,"Trani, Apulia, Italy"
2891,Store_Toledo,"Toledo, Castile-La Mancha, Spain"
2892,Store_Loughborough,"Loughborough, England, United Kingdom"
2893,Store_Helmond,"Helmond, North Brabant, Netherlands"
2894,Store_Neubrandenburg,"Neubrandenburg, Mecklenburg-Vorpommern, Germany"
2895,Store_Buyukcekmece,"Buyukcekmece, Istanbul, Turkey"
2896,Store_Darton,"Darton, England, United Kingdom"
2897,Store_Pingxiang,"Pingxiang, Jiangxi, China"
2898,Store_Khemisset,"Khemisset, Rabat-Salé-Zemmour-Zaer, Morocco"
2899,Store_College_Station,"College Station, Texas, United States"
2900,Store_Arcoverde,"Arcoverde, Pernambuco, Brazil"
2901,Store_Dzhezkazgan,"Dzhezkazgan, Qaraghandy, Kazakhstan"
2902,Store_Bowling_Green,"Bowling Green, Kentucky, United States"
2903,Store_Yanji,"Yanji, Jilin, China"
2904,Store_Rhondda,"Rhondda, Wales, United Kingdom"
2905,Store_Sosnowiec,"Sosnowiec, Silesia, Poland"
2906,Store_Jequié,"Jequié, Bahia, Brazil"
2907,Store_Rosny-sous-Bois,"Rosny-sous-Bois, Ile-de-France, France"
2908,Store_Chimbote,"Chimbote, Ancash, Peru"
2909,Store_Cartago,"Cartago, Valle del Cauca, Colombia"
2910,Store_Troyes,"Troyes, Champagne-Ardenne, France"
2911,Store_Fuenlabrada,"Fuenlabrada, Madrid, Spain"
2912,Store_Konya,"Konya, Konya, Turkey"
2913,Store_Wilson,"Wilson, North Carolina, United States"
2914,Store_Clacton-on-Sea,"Clacton-on-Sea, England, United Kingdom"
2915,Store_Pomezia,"Pomezia, Lazio, Italy"
2916,Store_Springs,"Springs, Gauteng, South Africa"
2917,Store_Bergheim,"Bergheim, North Rhine-Westphalia, Germany"
2918,Store_Abbotsford,"Abbotsford, British Columbia, Canada"
2919,Store_Bruges,"Bruges, West Flanders, Belgium"
2920,Store_Cruzeiro,"Cruzeiro, São Paulo, Brazil"
2921,Store_Harlingen,"Harlingen, Texas, United States"
2922,Store_Bilbeis,"Bilbeis, Ash Sharqiyah, Egypt"
2923,Store_Cumaná,"Cumaná, Sucre, Venezuela"
2924,Store_Vancouver,"Vancouver, Washington, United States"
2925,Store_Panipat,"Panipat, Haryana, India"
2926,Store_Bad_Waldsee,"Bad Waldsee, Baden-Württemberg, Germany"
2927,Store_Udaipur,"Udaipur, Tripura, India"
2928,Store_Eunápolis,"Eunápolis, Bahia, Brazil"
2929,Store_Kalundborg,"Kalundborg, Zealand, Denmark"
2930,Store_Bergisch_Gladbach,"Bergisch Gladbach, North Rhine-Westphalia, Germany"
2931,Store_Santa_Cruz_do_Sul,"Santa Cruz do Sul, Rio Grande do Sul, Brazil"
2932,Store_Murray,"Murray, Utah, United States"
2933,Store_Gandia,"Gandia, Valenciana, Spain"
2934,Store_Grand_Rapids,"Grand Rapids, Michigan, United States"
2935,Store_Águas_Lindas_de_Goiás,"Águas Lindas de Goiás, Goiás, Brazil"
2936,Store_Moncalieri,"Moncalieri, Piedmont, Italy"
2937,Store_Roermond,"Roermond, Limburg, Netherlands"
2938,Store_Wolfsburg,"Wolfsburg, Lower Saxony, Germany"
2939,Store_Skikda,"Skikda, Skikda, Algeria"
2940,Store_Yushu,"Yushu, Jilin, China"
2941,Store_Ostrava,"Ostrava, Moravian-Silesian, Czech Republic"
2942,Store_Valparaíso,"Valparaíso, Valparaíso, Chile"
2943,Store_Zacatecas,"Zacatecas, Zacatecas, Mexico"
2944,Store_Arrentela,"Arrentela, Setúbal, Portugal"
2945,Store_Citrus_Heights,"Citrus Heights, California, United States"
2946,Store_Montesson,"Montesson, Ile-de-France, France"
2947,Store_Hot_Springs,"Hot Springs, Arkansas, United States"
2948,Store_Coon_Rapids,"Coon Rapids, Minnesota, United States"
2949,Store_Ramat_Gan,"Ramat Gan, Tel Aviv, Israel"
2950,Store_Wendeng,"Wendeng, Shandong, China"
2951,Store_Caluire-et-Cuire,"Caluire-et-Cuire, Rhône-Alpes, France"
2952,Store_Camaçari,"Camaçari, Bahia, Brazil"
2953,Store_Bialystok,"Bialystok, Podlaskie, Poland"
2954,Store_Apatzingán_de_la_Constitución,"Apatzingán de la Constitución, Michoacán, Mexico"
2955,Store_Vespasiano,"Vespasiano, Minas Gerais, Brazil"
2956,Store_Cambridge,"Cambridge, Massachusetts, United States"
2957,Store_Ain_Oussera,"Ain Oussera, Djelfa, Algeria"
2958,Store_Ji-Paraná,"Ji-Paraná, Rondônia, Brazil"
2959,Store_Kashira,"Kashira, Moscow, Russia"
2960,Store_Adiyaman,"Adiyaman, Adiyaman, Turkey"
2961,Store_Giurgiu,"Giurgiu, Giurgiu, Romania"
2962,Store_Barra_do_Piraí,"Barra do Piraí, Rio de Janeiro, Brazil"
2963,Store_Kulob,"Kulob, Khatlon, Tajikistan"
2964,Store_Las_Cruces,"Las Cruces, New Mexico, United States"
2965,Store_Pontevedra,"Pontevedra, Galicia, Spain"
2966,Store_Esbjerg,"Esbjerg, South Denmark, Denmark"
2967,Store_Arezzo,"Arezzo, Tuscany, Italy"
2968,Store_Mijas,"Mijas, Andalusía, Spain"
2969,Store_Chimoio,"Chimoio, Manica, Mozambique"
2970,Store_Sanliurfa,"Sanliurfa, Sanliurfa, Turkey"
2971,Store_Camocim,"Camocim, Ceará, Brazil"
2972,Store_Pestovo,"Pestovo, Novgorod, Russia"
2973,Store_Argentan,"Argentan, Lower Normandy, France"
2974,Store_Saint_Charles,"Saint Charles, Missouri, United States"
2975,Store_Sarreguemines,"Sarreguemines, Lorraine, France"
2976,Store_Waiblingen,"Waiblingen, Baden-Württemberg, Germany"
2977,Store_Vigneux-sur-Seine,"Vigneux-sur-Seine, Ile-de-France, France"
2978,Store_Tlemcen,"Tlemcen, Tlemcen, Algeria"
2979,Store_Fresnillo_de_González_Echeverría,"Fresnillo de González Echeverría, Zacatecas, Mexico"
2980,Store_Javanrud,"Javanrud, Kermanshah, Iran"
2981,Store_Rochefort,"Rochefort, Poitou-Charentes, France"
2982,Store_Belgorod,"Belgorod, Belgorod, Russia"
2983,Store_Molfetta,"Molfetta, Apulia, Italy"
2984,Store_Westonaria,"Westonaria, Gauteng, South Africa"
2985,Store_Majadahonda,"Majadahonda, Madrid, Spain"
2986,Store_Maisons-Laffitte,"Maisons-Laffitte, Ile-de-France, France"
2987,Store_Floriano,"Floriano, Piauí, Brazil"
2988,Store_Terneuzen,"Terneuzen, Zeeland, Netherlands"
2989,Store_Les_Lilas,"Les Lilas, Ile-de-France, France"
2990,Store_Sliven,"Sliven, Sliven, Bulgaria"
2991,Store_Sagunto,"Sagunto, Valenciana, Spain"
2992,Store_Sapele,"Sapele, Delta, Nigeria"
2993,Store_Avellino,"Avellino, Campania, Italy"
2994,Store_Baraki,"Baraki, Tipaza, Algeria"
2995,Store_Echuca,"Echuca, Victoria, Australia"
2996,Store_Turkmenabat,"Turkmenabat, Lebap, Turkmenistan"
2997,Store_Oriximiná,"Oriximiná, Pará, Brazil"
2998,Store_Erechim,"Erechim, Rio Grande do Sul, Brazil"
2999,Store_Leeuwarden,"Leeuwarden, Friesland, Netherlands"
3000,Store_Yiwu,"Yiwu, Zhejiang, China"
3001,Store_Ayacucho,"Ayacucho, Ayacucho, Peru"
3002,Store_San_Marcos,"San Marcos, Texas, United States"
3003,Store_Corrientes,"Corrientes, Corrientes, Argentina"
3004,Store_Ziguinchor,"Ziguinchor, Ziguinchor, Senegal"
3005,Store_Briton_Ferry,"Briton Ferry, Wales, United Kingdom"
3006,Store_Barry,"Barry, Wales, United Kingdom"
3007,Store_Yazd,"Yazd, Yazd, Iran"
3008,Store_Qena,"Qena, Qina, Egypt"
3009,Store_Hinckley,"Hinckley, England, United Kingdom"
3010,Store_Guarapari,"Guarapari, Espírito Santo, Brazil"
3011,Store_Lund,"Lund, Skåne, Sweden"
3012,Store_Montargis,"Montargis, Centre, France"
3013,Store_La_Celle-Saint-Cloud,"La Celle-Saint-Cloud, Ile-de-France, France"
3014,Store_Abu_Kabir,"Abu Kabir, Ash Sharqiyah, Egypt"
3015,Store_Caldwell,"Caldwell, Idaho, United States"
3016,Store_Lianzhou,"Lianzhou, Guangxi, China"
3017,Store_Xinzhou,"Xinzhou, Hubei, China"
3018,Store_Braila,"Braila, Braila, Romania"
3019,Store_Lianyuan,"Lianyuan, Hunan, China"
3020,Store_Itapecuru_Mirim,"Itapecuru Mirim, Maranhão, Brazil"
3021,Store_Damaturu,"Damaturu, Yobe, Nigeria"
3022,Store_Duzce,"Duzce, Düzce, Turkey"
3023,Store_Kayes,"Kayes, Kayes, Mali"
3024,Store_Santa_Fe,"Santa Fe, Santa Fe, Argentina"
3025,Store_Grove_City,"Grove City, Ohio, United States"
3026,Store_Rochester_Hills,"Rochester Hills, Michigan, United States"
3027,Store_Bamberg,"Bamberg, Bavaria, Germany"
3028,Store_Alphen_aan_den_Rijn,"Alphen aan den Rijn, South Holland, Netherlands"
3029,Store_Sogamoso,"Sogamoso, Boyacá, Colombia"
3030,Store_Oakville,"Oakville, Ontario, Canada"
3031,Store_El_Escorial,"El Escorial, Madrid, Spain"
3032,Store_Cary,"Cary, North Carolina, United States"
3033,Store_Haltom_City,"Haltom City, Texas, United States"
3034,Store_Avellaneda,"Avellaneda, Santa Fe, Argentina"
3035,Store_Treviglio,"Treviglio, Lombardy, Italy"
3036,Store_Lons-le-Saunier,"Lons-le-Saunier, Franche-Comté, France"
3037,Store_Oullins,"Oullins, Rhône-Alpes, France"
3038,Store_Indaiatuba,"Indaiatuba, São Paulo, Brazil"
3039,Store_Hemel_Hempstead,"Hemel Hempstead, England, United Kingdom"
3040,Store_Mannheim,"Mannheim, Baden-Württemberg, Germany"
3041,Store_Juazeiro,"Juazeiro, Bahia, Brazil"
3042,Store_Le_Creusot,"Le Creusot, Burgundy, France"
3043,Store_Longueuil,"Longueuil, Quebec, Canada"
3044,Store_Limbe,"Limbe, Sud-Ouest, Cameroon"
3045,Store_Temirtau,"Temirtau, Qaraghandy, Kazakhstan"
3046,Store_Mysore,"Mysore, Karnataka, India"
3047,Store_Hohhot,"Hohhot, Inner Mongolia, China"
3048,Store_Woonsocket,"Woonsocket, Rhode Island, United States"
3049,Store_Kars,"Kars, Kars, Turkey"
3050,Store_Eskisehir,"Eskisehir, Eskisehir, Turkey"
3051,Store_Oyama,"Oyama, Tochigi, Japan"
3052,Store_Cosenza,"Cosenza, Calabria, Italy"
3053,Store_Xiangfan,"Xiangfan, Hubei, China"
3054,Store_Jizzakh,"Jizzakh, Jizzakh, Uzbekistan"
3055,Store_Zielona_Gora,"Zielona Gora, Lubusz, Poland"
3056,Store_Fareham,"Fareham, England, United Kingdom"
3057,Store_Boynton_Beach,"Boynton Beach, Florida, United States"
3058,Store_Juliaca,"Juliaca, Puno, Peru"
3059,Store_Bielsko-Biala,"Bielsko-Biala, Silesia, Poland"
3060,Store_Qaraghandy,"Qaraghandy, Qaraghandy, Kazakhstan"
3061,Store_Potenza,"Potenza, Basilicata, Italy"
3062,Store_Dourados,"Dourados, Mato Grosso do Sul, Brazil"
3063,Store_Allen,"Allen, Texas, United States"
3064,Store_Montgeron,"Montgeron, Ile-de-France, France"
3065,Store_Windsor,"Windsor, Ontario, Canada"
3066,Store_Ennigerloh,"Ennigerloh, North Rhine-Westphalia, Germany"
3067,Store_Aalst,"Aalst, East Flanders, Belgium"
3068,Store_Stara_Zagora,"Stara Zagora, Stara Zagora, Bulgaria"
3069,Store_Rijeka,"Rijeka, Primorsko-Goranska, Croatia"
3070,Store_Hamilton,"Hamilton, Ohio, United States"
3071,Store_Catanduva,"Catanduva, São Paulo, Brazil"
3072,Store_Bafoussam,"Bafoussam, Ouest, Cameroon"
3073,Store_Cinisello_Balsamo,"Cinisello Balsamo, Lombardy, Italy"
3074,Store_Tokat,"Tokat, Tokat, Turkey"
3075,Store_Sonneberg,"Sonneberg, Thuringia, Germany"
3076,Store_Dordrecht,"Dordrecht, South Holland, Netherlands"
3077,Store_Etimesgut,"Etimesgut, Ankara, Turkey"
3078,Store_Tanggu,"Tanggu, Tianjin, China"
3079,Store_Marion,"Marion, Iowa, United States"
3080,Store_Guimarães,"Guimarães, Braga, Portugal"
3081,Store_Odessa,"Odessa, Texas, United States"
3082,Store_Saint-Pol-sur-Mer,"Saint-Pol-sur-Mer, Nord-Pas-de-Calais, France"
3083,Store_Turmero,"Turmero, Aragua, Venezuela"
3084,Store_Palmira,"Palmira, Valle del Cauca, Colombia"
3085,Store_Ilo,"Ilo, Moquegua, Peru"
3086,Store_Hamme,"Hamme, East Flanders, Belgium"
3087,Store_Wenling,"Wenling, Zhejiang, China"
3088,Store_Urganch,"Urganch, Khorezm, Uzbekistan"
3089,Store_Assen,"Assen, Drenthe, Netherlands"
3090,Store_Sivas,"Sivas, Sivas, Turkey"
3091,Store_Passau,"Passau, Bavaria, Germany"
3092,Store_Shagamu,"Shagamu, Ogun, Nigeria"
3093,Store_Enschede,"Enschede, Overijssel, Netherlands"
3094,Store_Southampton,"Southampton, England, United Kingdom"
3095,Store_Lorient,"Lorient, Brittany, France"
3096,Store_Ilhéus,"Ilhéus, Bahia, Brazil"
3097,Store_An_Nasiriyah,"An Nasiriyah, Dhi Qar, Iraq"
3098,Store_San_Luis_Río_Colorado,"San Luis Río Colorado, Sonora, Mexico"
3099,Store_Kurashiki,"Kurashiki, Okayama, Japan"
3100,Store_Elbeuf,"Elbeuf, Upper Normandy, France"
3101,Store_Lincoln_Park,"Lincoln Park, Michigan, United States"
3102,Store_Purmerend,"Purmerend, North Holland, Netherlands"
3103,Store_Kabwe,"Kabwe, Central, Zambia"
3104,Store_Sarkand,"Sarkand, Almaty, Kazakhstan"
3105,Store_Elkhart,"Elkhart, Indiana, United States"
3106,Store_Owerri,"Owerri, Imo, Nigeria"
3107,Store_Les_Pavillons-sous-Bois,"Les Pavillons-sous-Bois, Ile-de-France, France"
3108,Store_Gulu,"Gulu, Gulu, Uganda"
3109,Store_Taizhou,"Taizhou, Jiangsu, China"
3110,Store_Nuneaton,"Nuneaton, England, United Kingdom"
3111,Store_Willich,"Willich, North Rhine-Westphalia, Germany"
3112,Store_Tremblay-en-France,"Tremblay-en-France, Ile-de-France, France"
3113,Store_Quincy,"Quincy, Illinois, United States"
3114,Store_San_Salvador_de_Jujuy,"San Salvador de Jujuy, Jujuy, Argentina"
3115,Store_Tsukuba,"Tsukuba, Ibaraki, Japan"
3116,Store_Durg,"Durg, Chhattisgarh, India"
3117,Store_Lida,"Lida, Hrodna, Belarus"
3118,Store_High_Wycombe,"High Wycombe, England, United Kingdom"
3119,Store_Palo_Negro,"Palo Negro, Aragua, Venezuela"
3120,Store_Banjarmasin,"Banjarmasin, Kalimantan Selatan, Indonesia"
3121,Store_Orland_Park,"Orland Park, Illinois, United States"
3122,Store_Meridian,"Meridian, Idaho, United States"
3123,Store_Macon,"Macon, Georgia, United States"
3124,Store_Onitsha,"Onitsha, Anambra, Nigeria"
3125,Store_Sonipat,"Sonipat, Haryana, India"
3126,Store_Beipiao,"Beipiao, Liaoning, China"
3127,Store_Marlborough,"Marlborough, Massachusetts, United States"
3128,Store_Arapiraca,"Arapiraca, Alagoas, Brazil"
3129,Store_Santa_Rosa,"Santa Rosa, La Pampa, Argentina"
3130,Store_Anzio,"Anzio, Lazio, Italy"
3131,Store_Holland,"Holland, Michigan, United States"
3132,Store_Banska_Bystrica,"Banska Bystrica, Banská Bystrica, Slovakia"
3133,Store_Commerce_City,"Commerce City, Colorado, United States"
3134,Store_Kerpen,"Kerpen, North Rhine-Westphalia, Germany"
3135,Store_Edea,"Edea, Littoral, Cameroon"
3136,Store_Taunton,"Taunton, England, United Kingdom"
3137,Store_Acámbaro,"Acámbaro, Guanajuato, Mexico"
3138,Store_Ariquemes,"Ariquemes, Rondônia, Brazil"
3139,Store_Rio_Grande,"Rio Grande, Rio Grande do Sul, Brazil"
3140,Store_Loudi,"Loudi, Hunan, China"
3141,Store_Bristol,"Bristol, Tennessee, United States"
3142,Store_Palmares,"Palmares, Pernambuco, Brazil"
3143,Store_Guarujá,"Guarujá, São Paulo, Brazil"
3144,Store_Lingolsheim,"Lingolsheim, Alsace, France"
3145,Store_Quebec,"Quebec, Quebec, Canada"
3146,Store_Montbrison,"Montbrison, Rhône-Alpes, France"
3147,Store_Guaratinguetá,"Guaratinguetá, São Paulo, Brazil"
3148,Store_Flensburg,"Flensburg, Schleswig-Holstein, Germany"
3149,Store_Yangjiang,"Yangjiang, Guangdong, China"
3150,Store_Bujumbura,"Bujumbura, Bujumbura-Mairie, Burundi"
3151,Store_Maastricht,"Maastricht, Limburg, Netherlands"
3152,Store_Laguna_Niguel,"Laguna Niguel, California, United States"
3153,Store_Puno,"Puno, Puno, Peru"
3154,Store_Kismaayo,"Kismaayo, Jubbada Hoose, Somalia"
3155,Store_Beaune,"Beaune, Burgundy, France"
3156,Store_Pazardzhik,"Pazardzhik, Pazardzhik, Bulgaria"
3157,Store_Asahikawa,"Asahikawa, Hokkaido, Japan"
3158,Store_Linden,"Linden, New Jersey, United States"
3159,Store_Tabora,"Tabora, Tabora, Tanzania"
3160,Store_Champaign,"Champaign, Illinois, United States"
3161,Store_Zihuatanejo,"Zihuatanejo, Guerrero, Mexico"
3162,Store_Jacobina,"Jacobina, Bahia, Brazil"
3163,Store_Deyang,"Deyang, Sichuan, China"
3164,Store_Neuquén,"Neuquén, Neuquén, Argentina"
3165,Store_Chatham,"Chatham, England, United Kingdom"
3166,Store_Inegol,"Inegol, Bursa, Turkey"
3167,Store_Mopti,"Mopti, Mopti, Mali"
3168,Store_Fianarantsoa,"Fianarantsoa, Haute-Matsiatra, Madagascar"
3169,Store_Wausau,"Wausau, Wisconsin, United States"
3170,Store_Ichikawa,"Ichikawa, Chiba, Japan"
3171,Store_Cajamarca,"Cajamarca, Cajamarca, Peru"
3172,Store_Coachella,"Coachella, California, United States"
3173,Store_Kortrijk,"Kortrijk, West Flanders, Belgium"
3174,Store_Baqubah,"Baqubah, Diyala, Iraq"
3175,Store_Alessandria,"Alessandria, Piedmont, Italy"
3176,Store_Gela,"Gela, Sicily, Italy"
3177,Store_Parakou,"Parakou, Borgou, Benin"
3178,Store_La_Rioja,"La Rioja, La Rioja, Argentina"
3179,Store_Jaworzno,"Jaworzno, Silesia, Poland"
3180,Store_Bahía_Blanca,"Bahía Blanca, Provincia de Buenos Aires, Argentina"
3181,Store_Ronchin,"Ronchin, Nord-Pas-de-Calais, France"
3182,Store_Rustenburg,"Rustenburg, North-West, South Africa"
3183,Store_Chaumont,"Chaumont, Champagne-Ardenne, France"
3184,Store_Birobidzhan,"Birobidzhan, Yevrey, Russia"
3185,Store_Caraguatatuba,"Caraguatatuba, São Paulo, Brazil"
3186,Store_Peterborough,"Peterborough, Ontario, Canada"
3187,Store_Littleton,"Littleton, Colorado, United States"
3188,Store_Samsun,"Samsun, Samsun, Turkey"
3189,Store_Foshan,"Foshan, Guangdong, China"
3190,Store_Usol'ye-Sibirskoye,"Usol'ye-Sibirskoye, Irkutsk, Russia"
3191,Store_Arad,"Arad, Arad, Romania"
3192,Store_West_Jordan,"West Jordan, Utah, United States"
3193,Store_Nijmegen,"Nijmegen, Gelderland, Netherlands"
3194,Store_Tatuí,"Tatuí, São Paulo, Brazil"
3195,Store_Shushtar,"Shushtar, Khuzestan, Iran"
3196,Store_Kenner,"Kenner, Louisiana, United States"
3197,Store_Maidstone,"Maidstone, England, United Kingdom"
3198,Store_Villavicencio,"Villavicencio, Meta, Colombia"
3199,Store_Tongzhou,"Tongzhou, Beijing, China"
3200,Store_Bolingbrook,"Bolingbrook, Illinois, United States"
3201,Store_Chioggia,"Chioggia, Veneto, Italy"
3202,Store_Praia_Grande,"Praia Grande, São Paulo, Brazil"
3203,Store_Pompano_Beach,"Pompano Beach, Florida, United States"
3204,Store_Saginaw,"Saginaw, Michigan, United States"
3205,Store_Disuq,"Disuq, Kafr Ash Shaykh, Egypt"
3206,Store_Limay,"Limay, Ile-de-France, France"
3207,Store_Maltepe,"Maltepe, Istanbul, Turkey"
3208,Store_Changzhi,"Changzhi, Shanxi, China"
3209,Store_Cambridge,"Cambridge, Waikato, New Zealand"
3210,Store_Valle_Hermoso,"Valle Hermoso, Tamaulipas, Mexico"
3211,Store_Zaoyang,"Zaoyang, Hubei, China"
3212,Store_Itapetininga,"Itapetininga, São Paulo, Brazil"
3213,Store_Pisa,"Pisa, Tuscany, Italy"
3214,Store_Jingdezhen,"Jingdezhen, Jiangxi, China"
3215,Store_Mons-en-Baroeul,"Mons-en-Baroeul, Nord-Pas-de-Calais, France"
3216,Store_Saint-Laurent,"Saint-Laurent, Quebec, Canada"
3217,Store_Carpentras,"Carpentras, Provence-Alpes-Côte d'Azur, France"
3218,Store_Chifeng,"Chifeng, Inner Mongolia, China"
3219,Store_Hapur,"Hapur, Uttar Pradesh, India"
3220,Store_Morogoro,"Morogoro, Morogoro, Tanzania"
3221,Store_Teziutlán,"Teziutlán, Puebla, Mexico"
3222,Store_Den_Helder,"Den Helder, North Holland, Netherlands"
3223,Store_Shimoga,"Shimoga, Karnataka, India"
3224,Store_Annemasse,"Annemasse, Rhône-Alpes, France"
3225,Store_Sassari,"Sassari, Sardinia, Italy"
3226,Store_Corpus_Christi,"Corpus Christi, Texas, United States"
3227,Store_San_Nicolás_de_los_Arroyos,"San Nicolás de los Arroyos, Provincia de Buenos Aires, Argentina"
3228,Store_Seraing,"Seraing, Liège, Belgium"
3229,Store_Hilversum,"Hilversum, North Holland, Netherlands"
3230,Store_Zhangzhou,"Zhangzhou, Fujian, China"
3231,Store_Melbourne,"Melbourne, Florida, United States"
3232,Store_Erzurum,"Erzurum, Erzurum, Turkey"
3233,Store_Iquique,"Iquique, Tarapacá, Chile"
3234,Store_Barcelona,"Barcelona, Anzoátegui, Venezuela"
3235,Store_Votuporanga,"Votuporanga, São Paulo, Brazil"
3236,Store_Olomouc,"Olomouc, Olomouc, Czech Republic"
3237,Store_Gusau,"Gusau, Zamfara, Nigeria"
3238,Store_Yanbu_al_Bahr,"Yanbu al Bahr, Al Madinah, Saudi Arabia"
3239,Store_Clovis,"Clovis, New Mexico, United States"
3240,Store_Loures,"Loures, Lisboa, Portugal"
3241,Store_Upplands_Väsby,"Upplands Väsby, Stockholm, Sweden"
3242,Store_Vesoul,"Vesoul, Franche-Comté, France"
3243,Store_Bloemfontein,"Bloemfontein, Free State, South Africa"
3244,Store_Várzea_Grande,"Várzea Grande, Mato Grosso, Brazil"
3245,Store_Huixquilucan,"Huixquilucan, México, Mexico"
3246,Store_Luanshya,"Luanshya, Copperbelt, Zambia"
3247,Store_Sokode,"Sokode, Centrale, Togo"
3248,Store_Liuyang,"Liuyang, Hunan, China"
3249,Store_Barddhaman,"Barddhaman, West Bengal, India"
3250,Store_Salta,"Salta, Salta, Argentina"
3251,Store_Tallaght,"Tallaght, South Dublin, Ireland"
3252,Store_Quartu_Sant'Elena,"Quartu Sant'Elena, Sardinia, Italy"
3253,Store_New_Bedford,"New Bedford, Massachusetts, United States"
3254,Store_Soma,"Soma, Manisa, Turkey"
3255,Store_Imola,"Imola, Emilia-Romagna, Italy"
3256,Store_Olivet,"Olivet, Centre, France"
3257,Store_Bobigny,"Bobigny, Ile-de-France, France"
3258,Store_San_Pedro,"San Pedro, Calabarzon, Philippines"
3259,Store_Ilam,"Ilam, Ilam, Iran"
3260,Store_Red_Deer,"Red Deer, Alberta, Canada"
3261,Store_Biarritz,"Biarritz, Aquitaine, France"
3262,Store_Modesto,"Modesto, California, United States"
3263,Store_Torbat-e_Heydariyeh,"Torbat-e Heydariyeh, Razavi Khorasan, Iran"
3264,Store_Stakhanov,"Stakhanov, Luhans'k, Ukraine"
3265,Store_Polatsk,"Polatsk, Vitsyebsk, Belarus"
3266,Store_Abbeville,"Abbeville, Picardy, France"
3267,Store_Shizuishan,"Shizuishan, Ningxia, China"
3268,Store_Kumanovo,"Kumanovo, Kumanovo, Macedonia"
3269,Store_Kiziltepe,"Kiziltepe, Mardin, Turkey"
3270,Store_Al_Khums,"Al Khums, Al Marqab, Libya"
3271,Store_Helsingborg,"Helsingborg, Skåne, Sweden"
3272,Store_St._John's,"St. John's, Newfoundland, Canada"
3273,Store_El_Limón,"El Limón, Aragua, Venezuela"
3274,Store_Siauliai,"Siauliai, iauliai, Lithuania"
3275,Store_Sobral,"Sobral, Ceará, Brazil"
3276,Store_Kwangju,"Kwangju, Gyeonggi, South Korea"
3277,Store_Craiova,"Craiova, Dolj, Romania"
3278,Store_Baden-Baden,"Baden-Baden, Baden-Württemberg, Germany"
3279,Store_Cedar_Hill,"Cedar Hill, Texas, United States"
3280,Store_Orange,"Orange, New Jersey, United States"
3281,Store_Bury,"Bury, England, United Kingdom"
3282,Store_Barasat,"Barasat, West Bengal, India"
3283,Store_Alanya,"Alanya, Antalya, Turkey"
3284,Store_Saint_Paul,"Saint Paul, Minnesota, United States"
3285,Store_Bitonto,"Bitonto, Apulia, Italy"
3286,Store_Fulda,"Fulda, Hesse, Germany"
3287,Store_Melchor_Ocampo,"Melchor Ocampo, México, Mexico"
3288,Store_Savona,"Savona, Liguria, Italy"
3289,Store_Borken,"Borken, North Rhine-Westphalia, Germany"
3290,Store_Fiumicino,"Fiumicino, Lazio, Italy"
3291,Store_Itu,"Itu, São Paulo, Brazil"
3292,Store_Ordu,"Ordu, Ordu, Turkey"
3293,Store_Mary,"Mary, Mary, Turkmenistan"
3294,Store_Hamar,"Hamar, Hedmark, Norway"
3295,Store_La_Quinta,"La Quinta, California, United States"
3296,Store_Linares,"Linares, Nuevo León, Mexico"
3297,Store_Ghaziabad,"Ghaziabad, Uttar Pradesh, India"
3298,Store_Shangqiu,"Shangqiu, Henan, China"
3299,Store_Hickory,"Hickory, North Carolina, United States"
3300,Store_Hillsboro,"Hillsboro, Oregon, United States"
3301,Store_Kalisz,"Kalisz, Greater Poland, Poland"
3302,Store_Gulfport,"Gulfport, Mississippi, United States"
3303,Store_Ivano-Frankivs'k,"Ivano-Frankivs'k, Ivano-Frankivsk, Ukraine"
3304,Store_Laurel,"Laurel, Maryland, United States"
3305,Store_Cassilândia,"Cassilândia, Mato Grosso do Sul, Brazil"
3306,Store_Schweinfurt,"Schweinfurt, Bavaria, Germany"
3307,Store_Benoni,"Benoni, Gauteng, South Africa"
3308,Store_Kandi,"Kandi, Alibori, Benin"
3309,Store_Isparta,"Isparta, Isparta, Turkey"
3310,Store_Loum,"Loum, Littoral, Cameroon"
3311,Store_Bagamoyo,"Bagamoyo, Pwani, Tanzania"
3312,Store_Goldsboro,"Goldsboro, North Carolina, United States"
3313,Store_Homestead,"Homestead, Florida, United States"
3314,Store_Trujillo,"Trujillo, La Libertad, Peru"
3315,Store_Cabimas,"Cabimas, Zulia, Venezuela"
3316,Store_Koforidua,"Koforidua, Eastern, Ghana"
3317,Store_New_Albany,"New Albany, Indiana, United States"
3318,Store_Bloomington,"Bloomington, Indiana, United States"
3319,Store_Mubi,"Mubi, Adamawa, Nigeria"
3320,Store_Rimini,"Rimini, Emilia-Romagna, Italy"
3321,Store_Manacapuru,"Manacapuru, Amazonas, Brazil"
3322,Store_Ekibastuz,"Ekibastuz, Pavlodar, Kazakhstan"
3323,Store_Santa_Clara,"Santa Clara, California, United States"
3324,Store_Vila_Nova_de_Gaia,"Vila Nova de Gaia, Porto, Portugal"
3325,Store_Anyang,"Anyang, Henan, China"
3326,Store_Harlow,"Harlow, England, United Kingdom"
3327,Store_La_Ciotat,"La Ciotat, Provence-Alpes-Côte d'Azur, France"
3328,Store_Coari,"Coari, Amazonas, Brazil"
3329,Store_Hattingen,"Hattingen, North Rhine-Westphalia, Germany"
3330,Store_Zilina,"Zilina, ilina, Slovakia"
3331,Store_Kocaeli,"Kocaeli, Kocaeli, Turkey"
3332,Store_Kukatpalli,"Kukatpalli, Telangana, India"
3333,Store_Huaihua,"Huaihua, Hunan, China"
3334,Store_Arapongas,"Arapongas, Parana, Brazil"
3335,Store_Babol,"Babol, Mazandaran, Iran"
3336,Store_Faches-Thumesnil,"Faches-Thumesnil, Nord-Pas-de-Calais, France"
3337,Store_Saint-Pierre-des-Corps,"Saint-Pierre-des-Corps, Centre, France"
3338,Store_Lo_Prado,"Lo Prado, Santiago, Chile"
3339,Store_Coxs_B?z?r,"Coxs B?z?r, Chittagong, Bangladesh"
3340,Store_Owo,"Owo, Ondo, Nigeria"
3341,Store_Pierrefitte-sur-Seine,"Pierrefitte-sur-Seine, Ile-de-France, France"
3342,Store_Tuscaloosa,"Tuscaloosa, Alabama, United States"
3343,Store_Santarém,"Santarém, Pará, Brazil"
3344,Store_Ilesha,"Ilesha, Osun, Nigeria"
3345,Store_Yuanjiang,"Yuanjiang, Hunan, China"
3346,Store_East_Point,"East Point, Georgia, United States"
3347,Store_Bento_Gonçalves,"Bento Gonçalves, Rio Grande do Sul, Brazil"
3348,Store_Cottage_Grove,"Cottage Grove, Minnesota, United States"
3349,Store_Apple_Valley,"Apple Valley, Minnesota, United States"
3350,Store_Atsugacho,"Atsugacho, Hokkaido, Japan"
3351,Store_Longjumeau,"Longjumeau, Ile-de-France, France"
3352,Store_Eagan,"Eagan, Minnesota, United States"
3353,Store_Itaituba,"Itaituba, Pará, Brazil"
3354,Store_Pitesti,"Pitesti, Arges, Romania"
3355,Store_Kumba,"Kumba, Sud-Ouest, Cameroon"
3356,Store_Tongchuan,"Tongchuan, Sichuan, China"
3357,Store_Leominster,"Leominster, Massachusetts, United States"
3358,Store_Matehuala,"Matehuala, San Luis Potosí, Mexico"
3359,Store_Ajman,"Ajman, 'Ajman, United Arab Emirates"
3360,Store_Umraniye,"Umraniye, Istanbul, Turkey"
3361,Store_Hachinohe,"Hachinohe, Aomori, Japan"
3362,Store_Gillingham,"Gillingham, England, United Kingdom"
3363,Store_Waterloo,"Waterloo, Ontario, Canada"
3364,Store_Guamúchil,"Guamúchil, Sinaloa, Mexico"
3365,Store_Bechar,"Bechar, Bechar, Algeria"
3366,Store_Palhoça,"Palhoça, Santa Catarina, Brazil"
3367,Store_Cruzeiro_do_Sul,"Cruzeiro do Sul, Acre, Brazil"
3368,Store_Murfreesboro,"Murfreesboro, Tennessee, United States"
3369,Store_Toguchin,"Toguchin, Novosibirsk, Russia"
3370,Store_Tembisa,"Tembisa, Gauteng, South Africa"
3371,Store_Denain,"Denain, Nord-Pas-de-Calais, France"
3372,Store_Lodi,"Lodi, California, United States"
3373,Store_Englewood,"Englewood, Colorado, United States"
3374,Store_Baoding,"Baoding, Hebei, China"
3375,Store_Thousand_Oaks,"Thousand Oaks, California, United States"
3376,Store_Berdychiv,"Berdychiv, Zhytomyr, Ukraine"
3377,Store_Schiffweiler,"Schiffweiler, Saarland, Germany"
3378,Store_Penglai,"Penglai, Shandong, China"
3379,Store_Elda,"Elda, Valenciana, Spain"
3380,Store_Bideford,"Bideford, England, United Kingdom"
3381,Store_Bayonne,"Bayonne, New Jersey, United States"
3382,Store_Chaohu,"Chaohu, Anhui, China"
3383,Store_Jefferson_City,"Jefferson City, Missouri, United States"
3384,Store_Amagasaki,"Amagasaki, Hyogo, Japan"
3385,Store_Menemen,"Menemen, Izmir, Turkey"
3386,Store_Focsani,"Focsani, Vrancea, Romania"
3387,Store_Tekirdag,"Tekirdag, Tekirdag, Turkey"
3388,Store_Kadoma,"Kadoma, Mashonaland West, Zimbabwe"
3389,Store_Mason,"Mason, Ohio, United States"
3390,Store_Piura,"Piura, Piura, Peru"
3391,Store_Paisley,"Paisley, Scotland, United Kingdom"
3392,Store_Junín,"Junín, Provincia de Buenos Aires, Argentina"
3393,Store_Gosport,"Gosport, England, United Kingdom"
3394,Store_Ulundi,"Ulundi, Kwazulu-natal, South Africa"
3395,Store_Keren,"Keren, Anseba, Eritrea"
3396,Store_Le_Pré-Saint-Gervais,"Le Pré-Saint-Gervais, Ile-de-France, France"
3397,Store_Be'er_Sheva,"Be'er Sheva, Southern, Israel"
3398,Store_Alkmaar,"Alkmaar, North Holland, Netherlands"
3399,Store_Bata,"Bata, Litoral, Equatorial Guinea"
3400,Store_Urbandale,"Urbandale, Iowa, United States"
3401,Store_Gujrat,"Gujrat, Punjab, Pakistan"
3402,Store_Stanger,"Stanger, Kwazulu-natal, South Africa"
3403,Store_Pickering,"Pickering, Ontario, Canada"
3404,Store_Aksaray,"Aksaray, Aksaray, Turkey"
3405,Store_Amasya,"Amasya, Amasya, Turkey"
3406,Store_Taixing,"Taixing, Jiangsu, China"
3407,Store_Moissy-Cramayel,"Moissy-Cramayel, Ile-de-France, France"
3408,Store_Abuja,"Abuja, Abuja Capital Territory, Nigeria"
3409,Store_Vlaardingen,"Vlaardingen, South Holland, Netherlands"
3410,Store_Thomasville,"Thomasville, North Carolina, United States"
3411,Store_eMbalenhle,"eMbalenhle, Mpumalanga, South Africa"
3412,Store_Lisichansk,"Lisichansk, Luhans'k, Ukraine"
3413,Store_Silopi,"Silopi, Sirnak, Turkey"
3414,Store_Siirt,"Siirt, Siirt, Turkey"
3415,Store_Tete,"Tete, Tete, Mozambique"
3416,Store_Mosquera,"Mosquera, Cundinamarca, Colombia"
3417,Store_Faenza,"Faenza, Emilia-Romagna, Italy"
3418,Store_Ouidah,"Ouidah, Atlantique, Benin"
3419,Store_Mpumalanga,"Mpumalanga, Kwazulu-natal, South Africa"
3420,Store_Vitória_de_Santo_Antão,"Vitória de Santo Antão, Pernambuco, Brazil"
3421,Store_Barranca,"Barranca, Lima, Peru"
3422,Store_Malden,"Malden, Massachusetts, United States"
3423,Store_Namibe,"Namibe, Namibe, Angola"
3424,Store_Marysville,"Marysville, Washington, United States"
3425,Store_Dartmouth,"Dartmouth, Nova Scotia, Canada"
3426,Store_Bracknell,"Bracknell, England, United Kingdom"
3427,Store_Roosendaal,"Roosendaal, North Brabant, Netherlands"
3428,Store_Vanadzor,"Vanadzor, Lori, Armenia"
3429,Store_Foligno,"Foligno, Umbria, Italy"
3430,Store_Agde,"Agde, Languedoc-Roussillon, France"
3431,Store_Vence,"Vence, Provence-Alpes-Côte d'Azur, France"
3432,Store_Frederiksberg,"Frederiksberg, Hovedstaden, Denmark"
3433,Store_Andover,"Andover, Massachusetts, United States"
3434,Store_Sidi_Qacem,"Sidi Qacem, Gharb-Chrarda-Béni Hssen, Morocco"
3435,Store_Yiyang,"Yiyang, Hunan, China"
3436,Store_Kafr_ad_Dawwar,"Kafr ad Dawwar, Al Buhayrah, Egypt"
3437,Store_Coquitlam,"Coquitlam, British Columbia, Canada"
3438,Store_Apucarana,"Apucarana, Parana, Brazil"
3439,Store_Forst,"Forst, Brandenburg, Germany"
3440,Store_Makeni,"Makeni, Northern, Sierra Leone"
3441,Store_Chiclayo,"Chiclayo, Lambayeque, Peru"
3442,Store_New_Castle,"New Castle, Indiana, United States"
3443,Store_Coral_Gables,"Coral Gables, Florida, United States"
3444,Store_Cumbernauld,"Cumbernauld, Scotland, United Kingdom"
3445,Store_Mesquite,"Mesquite, Texas, United States"
3446,Store_Tuzla,"Tuzla, Federation of Bosnia and Herzegovina, Bosnia and Herzegovina"
3447,Store_Quanzhou,"Quanzhou, Fujian, China"
3448,Store_Split,"Split, Splitsko-Dalmatinska, Croatia"
3449,Store_Apartadó,"Apartadó, Antioquia, Colombia"
3450,Store_Nal'chik,"Nal'chik, Kabardino-Balkariya, Russia"
3451,Store_Busto_Arsizio,"Busto Arsizio, Lombardy, Italy"
3452,Store_Ipatinga,"Ipatinga, Minas Gerais, Brazil"
3453,Store_Manresa,"Manresa, Catalonia, Spain"
3454,Store_Ugep,"Ugep, Cross River, Nigeria"
3455,Store_Maroua,"Maroua, Extreme-Nord, Cameroon"
3456,Store_Redwood_City,"Redwood City, California, United States"
3457,Store_Carapicuíba,"Carapicuíba, São Paulo, Brazil"
3458,Store_Siena,"Siena, Tuscany, Italy"
3459,Store_Concepción_del_Uruguay,"Concepción del Uruguay, Entre Ríos, Argentina"
3460,Store_Samalut,"Samalut, Al Minya, Egypt"
3461,Store_Botshabelo,"Botshabelo, Free State, South Africa"
3462,Store_San_Carlos_del_Zulia,"San Carlos del Zulia, Zulia, Venezuela"
3463,Store_Facatativá,"Facatativá, Cundinamarca, Colombia"
3464,Store_Sterling_Heights,"Sterling Heights, Michigan, United States"
3465,Store_Uman',"Uman', Cherkasy, Ukraine"
3466,Store_Funtua,"Funtua, Katsina, Nigeria"
3467,Store_San_Clemente,"San Clemente, California, United States"
3468,Store_Cluses,"Cluses, Rhône-Alpes, France"
3469,Store_Afragola,"Afragola, Campania, Italy"
3470,Store_Tapachula,"Tapachula, Chiapas, Mexico"
3471,Store_Chalinze,"Chalinze, Pwani, Tanzania"
3472,Store_Aracati,"Aracati, Ceará, Brazil"
3473,Store_Weihai,"Weihai, Shandong, China"
3474,Store_Rogers,"Rogers, Arkansas, United States"
3475,Store_Cercola,"Cercola, Campania, Italy"
3476,Store_Stafford,"Stafford, England, United Kingdom"
3477,Store_São_Benedito,"São Benedito, Ceará, Brazil"
3478,Store_Itapeva,"Itapeva, São Paulo, Brazil"
3479,Store_Liberec,"Liberec, Liberec, Czech Republic"
3480,Store_Lindenhurst,"Lindenhurst, New York, United States"
3481,Store_Silao,"Silao, Guanajuato, Mexico"
3482,Store_La_Porte,"La Porte, Texas, United States"
3483,Store_Douarnenez,"Douarnenez, Brittany, France"
3484,Store_Modena,"Modena, Emilia-Romagna, Italy"
3485,Store_Montebello,"Montebello, California, United States"
3486,Store_São_Vicente,"São Vicente, São Paulo, Brazil"
3487,Store_Chalus,"Chalus, Mazandaran, Iran"
3488,Store_Plock,"Plock, Masovia, Poland"
3489,Store_Usti_nad_Labem,"Usti nad Labem, Usti nad Labem, Czech Republic"
3490,Store_Deva,"Deva, Hunedoara, Romania"
3491,Store_Mantes-la-Ville,"Mantes-la-Ville, Ile-de-France, France"
3492,Store_Melilla,"Melilla, Melilla, Spain"
3493,Store_Suresnes,"Suresnes, Ile-de-France, France"
3494,Store_Tulle,"Tulle, Limousin, France"
3495,Store_West_Palm_Beach,"West Palm Beach, Florida, United States"
3496,Store_Rock_Hill,"Rock Hill, South Carolina, United States"
3497,Store_Tinaquillo,"Tinaquillo, Cojedes, Venezuela"
3498,Store_Jinja,"Jinja, Jinja, Uganda"
3499,Store_Chuncheon,"Chuncheon, Gangwon, South Korea"
3500,Store_Kasama,"Kasama, Northern, Zambia"
3501,Store_Charlottesville,"Charlottesville, Virginia, United States"
3502,Store_Gombe,"Gombe, Gombe, Nigeria"
3503,Store_Klaipeda,"Klaipeda, Klaipeda, Lithuania"
3504,Store_Shelton,"Shelton, Connecticut, United States"
3505,Store_Jiaohe,"Jiaohe, Jilin, China"
3506,Store_Aberdeen,"Aberdeen, South Dakota, United States"
3507,Store_Rohtak,"Rohtak, Haryana, India"
3508,Store_Grapevine,"Grapevine, Texas, United States"
3509,Store_El_Jadida,"El Jadida, Doukkala-Abda, Morocco"
3510,Store_Bafra,"Bafra, Samsun, Turkey"
3511,Store_Salihli,"Salihli, Manisa, Turkey"
3512,Store_Campo_Limpo_Paulista,"Campo Limpo Paulista, São Paulo, Brazil"
3513,Store_Etawah,"Etawah, Uttar Pradesh, India"
3514,Store_Cidade_Ocidental,"Cidade Ocidental, Goiás, Brazil"
3515,Store_Hagerstown,"Hagerstown, Maryland, United States"
3516,Store_Venlo,"Venlo, Limburg, Netherlands"
3517,Store_Sierra_Vista,"Sierra Vista, Arizona, United States"
3518,Store_Riom,"Riom, Auvergne, France"
3519,Store_Leoben,"Leoben, Styria, Austria"
3520,Store_Yucaipa,"Yucaipa, California, United States"
3521,Store_Vereeniging,"Vereeniging, Gauteng, South Africa"
3522,Store_Mérida,"Mérida, Mérida, Venezuela"
3523,Store_Pato_Branco,"Pato Branco, Parana, Brazil"
3524,Store_Dronfield,"Dronfield, England, United Kingdom"
3525,Store_Boca_Raton,"Boca Raton, Florida, United States"
3526,Store_Viroflay,"Viroflay, Ile-de-France, France"
3527,Store_Yuyao,"Yuyao, Zhejiang, China"
3528,Store_Mogi_das_Cruzes,"Mogi das Cruzes, São Paulo, Brazil"
3529,Store_Riberalta,"Riberalta, Beni, Bolivia"
3530,Store_Benxi,"Benxi, Liaoning, China"
3531,Store_Sonderborg,"Sonderborg, South Denmark, Denmark"
3532,Store_Logan,"Logan, Utah, United States"
3533,Store_Londrina,"Londrina, Parana, Brazil"
3534,Store_Blanquefort,"Blanquefort, Aquitaine, France"
3535,Store_Ferndown,"Ferndown, England, United Kingdom"
3536,Store_Araucária,"Araucária, Parana, Brazil"
3537,Store_Vigevano,"Vigevano, Lombardy, Italy"
3538,Store_Ambattur,"Ambattur, Tamil Nadu, India"
3539,Store_Iranshahr,"Iranshahr, Sistan Va Baluchestan, Iran"
3540,Store_Lomme,"Lomme, Nord-Pas-de-Calais, France"
3541,Store_Owensboro,"Owensboro, Kentucky, United States"
3542,Store_Berrechid,"Berrechid, Chaouia-Ouardigha, Morocco"
3543,Store_Blagoveshchensk,"Blagoveshchensk, Bashkortostan, Russia"
3544,Store_Segovia,"Segovia, Castile and León, Spain"
3545,Store_Burlington,"Burlington, Iowa, United States"
3546,Store_Dax,"Dax, Aquitaine, France"
3547,Store_Sokoto,"Sokoto, Sokoto, Nigeria"
3548,Store_Ardahan,"Ardahan, Ardahan, Turkey"
3549,Store_Cuneo,"Cuneo, Piedmont, Italy"
3550,Store_Longview,"Longview, Washington, United States"
3551,Store_Morón,"Morón, Ciego de Ávila, Cuba"
3552,Store_Saint-Gratien,"Saint-Gratien, Ile-de-France, France"
3553,Store_Aligudarz,"Aligudarz, Lorestan, Iran"
3554,Store_Pemba,"Pemba, Cabo Delgado, Mozambique"
3555,Store_Pitalito,"Pitalito, Huila, Colombia"
3556,Store_Guelmim,"Guelmim, Guelmim-Es Semara, Morocco"
3557,Store_Gatineau,"Gatineau, Quebec, Canada"
3558,Store_Cheonan,"Cheonan, South Chungcheong, South Korea"
3559,Store_Ar_Raqqah,"Ar Raqqah, Ar Raqqah, Syria"
3560,Store_Campina_Grande,"Campina Grande, Paraíba, Brazil"
3561,Store_Zwickau,"Zwickau, Saxony, Germany"
3562,Store_Yalova,"Yalova, Yalova, Turkey"
3563,Store_Pleven,"Pleven, Pleven, Bulgaria"
3564,Store_Akhisar,"Akhisar, Manisa, Turkey"
3565,Store_Suceava,"Suceava, Suceava, Romania"
3566,Store_Abeokuta,"Abeokuta, Ogun, Nigeria"
3567,Store_Chapel_Allerton,"Chapel Allerton, England, United Kingdom"
3568,Store_Toliara,"Toliara, Atsimo-Andrefana, Madagascar"
3569,Store_Volksrust,"Volksrust, Mpumalanga, South Africa"
3570,Store_Veenendaal,"Veenendaal, Utrecht, Netherlands"
3571,Store_Camaragibe,"Camaragibe, Pernambuco, Brazil"
3572,Store_Yuncheng,"Yuncheng, Shanxi, China"
3573,Store_Santa_Fe,"Santa Fe, New Mexico, United States"
3574,Store_San_Antonio,"San Antonio, Valparaíso, Chile"
3575,Store_Crotone,"Crotone, Calabria, Italy"
3576,Store_Montigny-le-Bretonneux,"Montigny-le-Bretonneux, Ile-de-France, France"
3577,Store_Sabanalarga,"Sabanalarga, Atlántico, Colombia"
3578,Store_Uberlândia,"Uberlândia, Minas Gerais, Brazil"
3579,Store_Chilly-Mazarin,"Chilly-Mazarin, Ile-de-France, France"
3580,Store_Malanje,"Malanje, Malanje, Angola"
3581,Store_Langfang,"Langfang, Hebei, China"
3582,Store_Cúa,"Cúa, Miranda, Venezuela"
3583,Store_Anjo,"Anjo, Aichi, Japan"
3584,Store_Khasavyurt,"Khasavyurt, Dagestan, Russia"
3585,Store_Simões_Filho,"Simões Filho, Bahia, Brazil"
3586,Store_Lattes,"Lattes, Languedoc-Roussillon, France"
3587,Store_Bonao,"Bonao, Monseñor Nouel, Dominican Republic"
3588,Store_Garland,"Garland, Texas, United States"
3589,Store_Frisco,"Frisco, Texas, United States"
3590,Store_Antioch,"Antioch, California, United States"
3591,Store_Epworth,"Epworth, Harare, Zimbabwe"
3592,Store_Igurusi,"Igurusi, Mbeya, Tanzania"
3593,Store_La_Crau,"La Crau, Provence-Alpes-Côte d'Azur, France"
3594,Store_Parintins,"Parintins, Amazonas, Brazil"
3595,Store_Toamasina,"Toamasina, Atsinanana, Madagascar"
3596,Store_Peer,"Peer, Limburg, Belgium"
3597,Store_Liaoyuan,"Liaoyuan, Jilin, China"
3598,Store_Darlington,"Darlington, England, United Kingdom"
3599,Store_Narsingdi,"Narsingdi, Dhaka, Bangladesh"
3600,Store_Katsina,"Katsina, Katsina, Nigeria"
3601,Store_Lambaré,"Lambaré, Central, Paraguay"
3602,Store_West_Allis,"West Allis, Wisconsin, United States"
3603,Store_Escondido,"Escondido, California, United States"
3604,Store_Digne-les-Bains,"Digne-les-Bains, Provence-Alpes-Côte d'Azur, France"
3605,Store_Bharatpur,"Bharatpur, Rajasthan, India"
3606,Store_Novo_Cruzeiro,"Novo Cruzeiro, Minas Gerais, Brazil"
3607,Store_Araraquara,"Araraquara, São Paulo, Brazil"
3608,Store_Boksburg,"Boksburg, Gauteng, South Africa"
3609,Store_Igarassu,"Igarassu, Pernambuco, Brazil"
3610,Store_Los_Ángeles,"Los Ángeles, Biobio, Chile"
3611,Store_Saint-Jean-de-la-Ruelle,"Saint-Jean-de-la-Ruelle, Centre, France"
3612,Store_Kara,"Kara, Kara, Togo"
3613,Store_Loos,"Loos, Nord-Pas-de-Calais, France"
3614,Store_Danville,"Danville, Illinois, United States"
3615,Store_Waukesha,"Waukesha, Wisconsin, United States"
3616,Store_Rivera,"Rivera, Rivera, Uruguay"
3617,Store_Bartlett,"Bartlett, Tennessee, United States"
3618,Store_Birjand,"Birjand, South Khorasan, Iran"
3619,Store_Detmold,"Detmold, North Rhine-Westphalia, Germany"
3620,Store_Binzhou,"Binzhou, Shandong, China"
3621,Store_Nashua,"Nashua, New Hampshire, United States"
3622,Store_Zwedru,"Zwedru, Grand Gedeh, Liberia"
3623,Store_Akhmim,"Akhmim, Suhaj, Egypt"
3624,Store_Cuenca,"Cuenca, Castile-La Mancha, Spain"
3625,Store_Viransehir,"Viransehir, Sanliurfa, Turkey"
3626,Store_Guarenas,"Guarenas, Miranda, Venezuela"
3627,Store_El_Tigre,"El Tigre, Anzoátegui, Venezuela"
3628,Store_Varamin,"Varamin, Tehran, Iran"
3629,Store_Larache,"Larache, Tanger-Tétouan, Morocco"
3630,Store_San_Fernando_del_Valle_de_Catamarca,"San Fernando del Valle de Catamarca, Catamarca, Argentina"
3631,Store_Nysa,"Nysa, Opole, Poland"
3632,Store_Battipaglia,"Battipaglia, Campania, Italy"
3633,Store_Andria,"Andria, Apulia, Italy"
3634,Store_Castellammare_di_Stabia,"Castellammare di Stabia, Campania, Italy"
3635,Store_Cubuk,"Cubuk, Ankara, Turkey"
3636,Store_St._Gallen,"St. Gallen, St. Gallen, Switzerland"
3637,Store_Cubatão,"Cubatão, São Paulo, Brazil"
3638,Store_Günzburg,"Günzburg, Bavaria, Germany"
3639,Store_Pouso_Alegre,"Pouso Alegre, Minas Gerais, Brazil"
3640,Store_Bergerac,"Bergerac, Aquitaine, France"
3641,Store_Gurupi,"Gurupi, Tocantins, Brazil"
3642,Store_Fontenay-le-Comte,"Fontenay-le-Comte, Pays de la Loire, France"
3643,Store_Cagua,"Cagua, Aragua, Venezuela"
3644,Store_Bozeman,"Bozeman, Montana, United States"
3645,Store_Paita,"Paita, Piura, Peru"
3646,Store_Talara,"Talara, Piura, Peru"
3647,Store_Yangquan,"Yangquan, Shanxi, China"
3648,Store_Suizhou,"Suizhou, Hubei, China"
3649,Store_Kidderminster,"Kidderminster, England, United Kingdom"
3650,Store_Mount_Pleasant,"Mount Pleasant, Michigan, United States"
3651,Store_Cape_Coast,"Cape Coast, Central, Ghana"
3652,Store_Catalão,"Catalão, Goiás, Brazil"
3653,Store_Ueda,"Ueda, Nagano, Japan"
3654,Store_Portage,"Portage, Indiana, United States"
3655,Store_Afyon,"Afyon, Afyonkarahisar, Turkey"
3656,Store_Karaman,"Karaman, Karaman, Turkey"
3657,Store_Chigasaki,"Chigasaki, Kanagawa, Japan"
3658,Store_Bridgeton,"Bridgeton, New Jersey, United States"
3659,Store_Al_Hudaydah,"Al Hudaydah, Al Hudaydah, Yemen"
3660,Store_Krasnyy_Luch,"Krasnyy Luch, Luhans'k, Ukraine"
3661,Store_Kalush,"Kalush, Ivano-Frankivsk, Ukraine"
3662,Store_La_Chapelle-sur-Erdre,"La Chapelle-sur-Erdre, Pays de la Loire, France"
3663,Store_Kita-ku,"Kita-ku, Hyogo, Japan"
3664,Store_Medford,"Medford, Oregon, United States"
3665,Store_Nguigmi,"Nguigmi, Diffa, Niger"
3666,Store_Akure,"Akure, Ondo, Nigeria"
3667,Store_Latur,"Latur, Maharashtra, India"
3668,Store_Tinley_Park,"Tinley Park, Illinois, United States"
3669,Store_Altoona,"Altoona, Pennsylvania, United States"
3670,Store_Dole,"Dole, Franche-Comté, France"
3671,Store_Lagny-sur-Marne,"Lagny-sur-Marne, Ile-de-France, France"
3672,Store_Falconara_Marittima,"Falconara Marittima, Marche, Italy"
3673,Store_Kastamonu,"Kastamonu, Kastamonu, Turkey"
3674,Store_Kilis,"Kilis, Kilis, Turkey"
3675,Store_Neyshabur,"Neyshabur, Razavi Khorasan, Iran"
3676,Store_Karnal,"Karnal, Haryana, India"
3677,Store_Resita,"Resita, Caras-Severin, Romania"
3678,Store_Illkirch-Graffenstaden,"Illkirch-Graffenstaden, Alsace, France"
3679,Store_Linhares,"Linhares, Espírito Santo, Brazil"
3680,Store_Ponteareas,"Ponteareas, Galicia, Spain"
3681,Store_Hebi,"Hebi, Henan, China"
3682,Store_Gorzow_Wielkopolski,"Gorzow Wielkopolski, Lubusz, Poland"
3683,Store_Sheboygan,"Sheboygan, Wisconsin, United States"
3684,Store_Leiden,"Leiden, South Holland, Netherlands"
3685,Store_Usak,"Usak, Usak, Turkey"
3686,Store_Calabozo,"Calabozo, Guárico, Venezuela"
3687,Store_Jaboticabal,"Jaboticabal, São Paulo, Brazil"
3688,Store_Huaraz,"Huaraz, Ancash, Peru"
3689,Store_Kakinada,"Kakinada, Andhra Pradesh, India"
3690,Store_Bellevue,"Bellevue, Washington, United States"
3691,Store_Taldyqorghan,"Taldyqorghan, Almaty, Kazakhstan"
3692,Store_Brantford,"Brantford, Ontario, Canada"
3693,Store_Zaozhuang,"Zaozhuang, Shandong, China"
3694,Store_Sinop,"Sinop, Mato Grosso, Brazil"
3695,Store_Korce,"Korce, Korçë, Albania"
3696,Store_Teramo,"Teramo, Abruzzi, Italy"
3697,Store_Krugersdorp,"Krugersdorp, Gauteng, South Africa"
3698,Store_Ambon,"Ambon, Maluku, Indonesia"
3699,Store_Danbury,"Danbury, Connecticut, United States"
3700,Store_Yopal,"Yopal, Casanare, Colombia"
3701,Store_Morley,"Morley, England, United Kingdom"
3702,Store_Avon,"Avon, Ile-de-France, France"
3703,Store_Fujisawa,"Fujisawa, Kanagawa, Japan"
3704,Store_Voiron,"Voiron, Rhône-Alpes, France"
3705,Store_Davis,"Davis, California, United States"
3706,Store_Necochea,"Necochea, Provincia de Buenos Aires, Argentina"
3707,Store_San_Cristóbal,"San Cristóbal, Táchira, Venezuela"
3708,Store_Redmond,"Redmond, Washington, United States"
3709,Store_Maxixe,"Maxixe, Inhambane, Mozambique"
3710,Store_Guarapuava,"Guarapuava, Parana, Brazil"
3711,Store_Vitória_da_Conquista,"Vitória da Conquista, Bahia, Brazil"
3712,Store_Xiantao,"Xiantao, Hubei, China"
3713,Store_Marsa_Matruh,"Marsa Matruh, Matruh, Egypt"
3714,Store_Burlington,"Burlington, Ontario, Canada"
3715,Store_Ragusa,"Ragusa, Sicily, Italy"
3716,Store_Cestas,"Cestas, Aquitaine, France"
3717,Store_Lewiston,"Lewiston, Maine, United States"
3718,Store_Renqiu,"Renqiu, Hebei, China"
3719,Store_Sète,"Sète, Languedoc-Roussillon, France"
3720,Store_Tottori,"Tottori, Tottori, Japan"
3721,Store_Semnan,"Semnan, Semnan, Iran"
3722,Store_Crato,"Crato, Ceará, Brazil"
3723,Store_Osijek,"Osijek, Osjecko-Baranjska, Croatia"
3724,Store_Rize,"Rize, Rize, Turkey"
3725,Store_Altotonga,"Altotonga, Veracruz, Mexico"
3726,Store_Cosmópolis,"Cosmópolis, São Paulo, Brazil"
3727,Store_Greeley,"Greeley, Colorado, United States"
3728,Store_Manfredonia,"Manfredonia, Apulia, Italy"
3729,Store_Massa,"Massa, Tuscany, Italy"
3730,Store_Randers,"Randers, Central Jutland, Denmark"
3731,Store_Royal_Oak,"Royal Oak, Michigan, United States"
3732,Store_Taraz,"Taraz, Zhambyl, Kazakhstan"
3733,Store_Jataí,"Jataí, Goiás, Brazil"
3734,Store_Aix-les-Bains,"Aix-les-Bains, Rhône-Alpes, France"
3735,Store_Billings,"Billings, Montana, United States"
3736,Store_Abakaliki,"Abakaliki, Ebonyi, Nigeria"
3737,Store_Shahjahanpur,"Shahjahanpur, Uttar Pradesh, India"
3738,Store_Izúcar_de_Matamoros,"Izúcar de Matamoros, Puebla, Mexico"
3739,Store_Seropédica,"Seropédica, Rio de Janeiro, Brazil"
3740,Store_Chapel_Hill,"Chapel Hill, North Carolina, United States"
3741,Store_Rehovot,"Rehovot, Central, Israel"
3742,Store_Montería,"Montería, Córdoba, Colombia"
3743,Store_Margate,"Margate, Florida, United States"
3744,Store_Dublin,"Dublin, California, United States"
3745,Store_Sorgues,"Sorgues, Provence-Alpes-Côte d'Azur, France"
3746,Store_Cizre,"Cizre, Sirnak, Turkey"
3747,Store_Aydin,"Aydin, Aydin, Turkey"
3748,Store_Kigoma,"Kigoma, Kigoma, Tanzania"
3749,Store_Oss,"Oss, North Brabant, Netherlands"
3750,Store_Odivelas,"Odivelas, Lisboa, Portugal"
3751,Store_Gonabad,"Gonabad, Razavi Khorasan, Iran"
3752,Store_Calama,"Calama, Antofagasta, Chile"
3753,Store_Dar_Chioukh,"Dar Chioukh, Djelfa, Algeria"
3754,Store_Cuyahoga_Falls,"Cuyahoga Falls, Ohio, United States"
3755,Store_Missouri_City,"Missouri City, Texas, United States"
3756,Store_Loveland,"Loveland, Colorado, United States"
3757,Store_Bitola,"Bitola, Bitola, Macedonia"
3758,Store_Levin,"Levin, Manawatu-Wanganui, New Zealand"
3759,Store_Edirne,"Edirne, Edirne, Turkey"
3760,Store_Deer_Park,"Deer Park, Texas, United States"
3761,Store_North_Miami,"North Miami, Florida, United States"
3762,Store_Pernik,"Pernik, Pernik, Bulgaria"
3763,Store_Gitarama,"Gitarama, Southern, Rwanda"
3764,Store_Pensacola,"Pensacola, Florida, United States"
3765,Store_Matsumoto,"Matsumoto, Nagano, Japan"
3766,Store_Jastrzebie_Zdroj,"Jastrzebie Zdroj, Silesia, Poland"
3767,Store_Franco_da_Rocha,"Franco da Rocha, São Paulo, Brazil"
3768,Store_Lokossa,"Lokossa, Mono, Benin"
3769,Store_Stadtlohn,"Stadtlohn, North Rhine-Westphalia, Germany"
3770,Store_Baytown,"Baytown, Texas, United States"
3771,Store_Binzhou,"Binzhou, Heilongjiang, China"
3772,Store_Waterloo,"Waterloo, Iowa, United States"
3773,Store_Bullhead_City,"Bullhead City, Arizona, United States"
3774,Store_Envigado,"Envigado, Antioquia, Colombia"
3775,Store_New_Delhi,"New Delhi, Delhi, India"
3776,Store_Midyat,"Midyat, Mardin, Turkey"
3777,Store_Mutare,"Mutare, Manicaland, Zimbabwe"
3778,Store_Port_Orange,"Port Orange, Florida, United States"
3779,Store_Arlington_Heights,"Arlington Heights, Illinois, United States"
3780,Store_Obninsk,"Obninsk, Kaluga, Russia"
3781,Store_New_Brunswick,"New Brunswick, New Jersey, United States"
3782,Store_Kafr_ash_Shaykh,"Kafr ash Shaykh, Kafr Ash Shaykh, Egypt"
3783,Store_Norfolk,"Norfolk, Nebraska, United States"
3784,Store_Zhlobin,"Zhlobin, Homyel', Belarus"
3785,Store_Iowa_City,"Iowa City, Iowa, United States"
3786,Store_Grand_Island,"Grand Island, Nebraska, United States"
3787,Store_Springdale,"Springdale, Arkansas, United States"
3788,Store_Keller,"Keller, Texas, United States"
3789,Store_Oak_Park,"Oak Park, Illinois, United States"
3790,Store_Barrie,"Barrie, Ontario, Canada"
3791,Store_Sorriso,"Sorriso, Mato Grosso, Brazil"
3792,Store_Millau,"Millau, Midi-Pyrénées, France"
3793,Store_Atlantic_City,"Atlantic City, New Jersey, United States"
3794,Store_Al_Manaqil,"Al Manaqil, Gezira, Sudan"
3795,Store_Romeoville,"Romeoville, Illinois, United States"
3796,Store_Torremolinos,"Torremolinos, Andalusía, Spain"
3797,Store_Buriticupu,"Buriticupu, Maranhão, Brazil"
3798,Store_Fort_Portal,"Fort Portal, Kabarole, Uganda"
3799,Store_Vanderbijlpark,"Vanderbijlpark, Gauteng, South Africa"
3800,Store_Tartagal,"Tartagal, Salta, Argentina"
3801,Store_Layton,"Layton, Utah, United States"
3802,Store_Elyria,"Elyria, Ohio, United States"
3803,Store_Jupiter,"Jupiter, Florida, United States"
3804,Store_Everett,"Everett, Washington, United States"
3805,Store_Osny,"Osny, Ile-de-France, France"
3806,Store_Auburn,"Auburn, Washington, United States"
3807,Store_Ormond_Beach,"Ormond Beach, Florida, United States"
3808,Store_San_Luis_Obispo,"San Luis Obispo, California, United States"
3809,Store_Abilene,"Abilene, Texas, United States"
3810,Store_Felahiye,"Felahiye, Kayseri, Turkey"
3811,Store_Lewiston,"Lewiston, Idaho, United States"
3812,Store_Victoria_Falls,"Victoria Falls, Matabeleland North, Zimbabwe"
