Order Date,Total amount,,
41121,2309.65,,
41310,3709.395,,
41564,5175.171,,
41302,2892.51,,
41583,2832.96,,
41453,2862.675,,
40854,1822.08,,
41013,5244.84,,
41926,5083.96,,
40936,4297.644,,
40638,4164.05,,
41018,4626.15,,
40904,2616.96,,
41226,2221.8,,
41431,3701.52,,
41851,1869.588,,
41946,2249.91,,
41890,7958.58,,
41670,2565.594,,
41978,3409.74,,
41129,1977.72,,
40845,2735.952,,
40665,2754,,
41332,5273.7,,
41851,1713.84,,
41887,2106.496,,
40894,1715.16,,
40616,3069.738,,
41344,4158.912,,
40964,1878.72,,
40905,1696.64,,
41107,2402.865,,
41197,2453.43,,
40850,2526.93,,
40889,3610.848,,
40800,3817.26,,
40800,2799.96,,
41948,7999.98,,
41653,4141.02,,
40553,2875.095,,
41508,3200.5962,,
41954,4518.78,,
41908,5667.87,,
41256,5785.02,,
40809,3018.624,,
40809,9449.95,,
41341,2092.5,,
41879,2761.2,,
41760,2174.13,,
41991,3473.14,,
41076,3050.376,,
41900,2108.64,,
41845,2399.96,,
40894,2197.5,,
41626,2582.16,,
41059,1526.52,,
40987,3149.93,,
41054,1745.34,,
41856,4191.507,,
41875,4367.896,,
41709,3063.27,,
41221,4643.8,,
41862,4473,,
41517,1502.01,,
41657,5049,,
41610,2104.55,,
41980,2188.05,,
41989,1920.36,,
41963,1704,,
40856,1858.68,,
41432,3298.26,,
40869,2443.48,,
41362,3808.8,,
41877,3427.1496,,
41172,3441.69,,
41775,2863.35,,
40984,6354.95,,
41602,1487.4,,
40856,3200.04,,
40844,2301,,
41962,5729.346,,
41940,5301.24,,
41656,5443.96,,
41869,4416.174,,
41303,3219.9,,
41170,2487.8088,,
41601,2266.44,,
41073,3068.361,,
41575,3728.43,,
41620,1581.48,,
41054,1916.73,,
41400,1685.88,,
41610,2432.16,,
41996,3863.88,,
41302,2465.82,,
41036,1847.52,,
41605,2899.89,,
41241,2891.7,,
41181,2016.846,,
41520,3155.544,,
41481,3856.14,,
41962,3524.472,,
41079,2167.296,,
41193,2556,,
40764,1469.25,,
40852,4448.832,,
41950,2036.86,,
41390,2472.66,,
41634,3739.176,,
41346,2570.865,,
41381,9099.93,,
41004,2875.77,,
41269,1741.8,,
41382,1601.64,,
40687,3670.8,,
41051,2973.32,,
41410,1900.95,,
40883,1261.33,,
40590,4544.1,,
41425,1455.12,,
41548,1943.19,,
40891,6999.96,,
41626,9892.74,,
41619,1695.87,,
41716,1505.979,,
41992,1954.17,,
40897,2244.48,,
41418,8399.976,,
40830,1628.82,,
41900,1213.18876,,
41603,1590.6,,
41585,2330.64,,
41839,3278.5848,,
41137,3741.5238,,
41513,1603.136,,
40919,3637.602,,
41302,2455.88,,
41074,1024.68,,
40878,2807.84,,
41450,4476.8,,
41249,2297.96,,
41522,2671.41,,
41900,3834,,
41894,2054.272,,
41124,3501.7368,,
41982,1725.462,,
41207,1583.7,,
41103,1931.04,,
41513,2760.345,,
40676,3078.72,,
40850,1983.135,,
41853,1112.778,,
40806,3616.5,,
41647,3059.982,,
41344,2892.105,,
40941,3263.4,,
41526,2396.2656,,
41738,3117.088,,
41335,4899.93,,
41717,1888.7,,
41549,3000.78,,
41286,3801.63,,
41871,5211.12,,
40894,1356.03,,
41712,3569.643,,
41359,1287.45,,
41829,2910.0816,,
41436,3126.4002,,
40765,5276.988,,
41715,2645.376,,
41276,1637.01,,
41604,4499.985,,
41192,2645.376,,
41935,2399.6,,
40711,3238.305,,
41732,2291.814,,
40680,2124.5,,
41681,2757.78,,
41559,1549.98,,
40805,2624.985,,
41837,3146.4,,
41965,2456.619,,
40693,2228.6355,,
41730,2999.95,,
41837,4001.04,,
41880,4876.875,,
41269,1788.822,,
41954,3622.29,,
41395,1242.585,,
40771,4453.05,,
41976,2673.36,,
41450,2046.195,,
41295,5451.3,,
41569,4535.976,,
41832,1722.2832,,
41634,2575.944,,
41883,1007.424,,
40864,2934.33,,
40701,4624.29,,
40829,1066.446,,
41435,957.6,,
41986,4864.32,,
41925,2154.9,,
41800,1433.8395,,
40589,2784.6,,
41606,3063.27,,
41808,3404.5,,
41537,1606.23,,
40764,2044.8,,
40715,1214.85,,
41123,1521,,
41079,2443.905,,
41106,1348.704,,
41488,1141.8,,
41781,1865.97,,
40584,6998.64,,
41544,1091.25,,
41792,1094.22,,
41547,1320.624,,
40743,2555.64,,
41865,3498.72,,
41481,1439.976,,
41943,2272.86,,
41480,5211.12,,
41919,2582.16,,
41929,3194.55,,
41611,1704.996,,
41951,1538.721,,
41435,1381.32,,
40807,1181.547,,
40715,1696.248,,
41768,3359.952,,
41905,4663.736,,
41969,1237.56,,
40998,1274.7,,
40857,3172.14,,
41873,4305.552,,
41122,3979.29,,
41996,1586.69,,
41824,2395.2,,
41964,1259.97,,
41297,2058,,
40684,2539.8765,,
41910,2898.21,,
40853,1320.0075,,
41667,2171.16,,
41895,4448.223,,
41244,1913.4,,
40899,2300.616,,
41310,2615.94,,
40905,1066.68,,
41422,3504.9,,
40660,2544.6,,
40822,3694.68,,
41510,2214.849,,
41538,1236.48,,
41990,1805.9,,
40805,3059.982,,
41824,1687.8,,
40684,2715.93,,
41793,1810.3,,
41894,2120.5,,
41746,1275,,
41234,1593.648,,
41704,1114.236,,
41113,2944.08,,
41950,3309.2598,,
41965,897.48,,
40705,2056.05,,
41166,2365.6592,,
40872,1336.356,,
41131,3038.64,,
41353,2698.65,,
41638,3799.08,,
41186,2756.34,,
41127,983.88,,
41184,1719.807,,
41724,1421.541,,
41964,1053.6884,,
40877,1440.84,,
40850,2544.372,,
41236,2625.12,,
41249,1554.48,,
41611,1278,,
41263,3474.08,,
41165,2550,,
41582,1101.48,,
41594,1016.792,,
41372,1199.976,,
41052,934.248,,
41961,10499.97,,
41743,3908.88,,
41880,2142.3,,
41775,1900.584,,
41256,1840.68,,
40633,2624.04,,
40943,3076.5,,
41423,3181.7718,,
41150,1392.633,,
40709,1296.24,,
41879,1682.91,,
40843,1278,,
41717,2570.76,,
41893,2332.96,,
41149,1582.2,,
41867,1801.632,,
41487,1512,,
41435,695.7,,
41997,2550,,
41258,2025.36,,
40962,2285.7,,
41923,1029.2589,,
41750,1058.2792,,
41437,5751.54,,
41534,2442.069,,
41901,1190.52,,
41969,3150.819,,
41883,1599.9,,
41810,2063.4,,
41935,1269.9,,
40771,3274.02,,
41894,848.32,,
41145,3080,,
41653,2847.36,,
41956,1725.75,,
41438,1479.3138,,
41267,4899.93,,
41904,1282.23,,
40551,2478.6,,
41550,17499.95,,
41485,959.76,,
41121,1090.782,,
41759,4135.641,,
40814,2325.28,,
41814,5486.67,,
40639,1523.664,,
41858,1625.2425,,
41597,1319.96,,
41684,734.94,,
41972,2065.32,,
41138,1391.52,,
41152,1552.831,,
41128,2461.06,,
41666,2939.93,,
40794,8159.952,,
41130,1226.19,,
41326,1809.255,,
41108,1863,,
40866,4548.81,,
41738,1244.187,,
41078,2364.102,,
41639,1946.313,,
41820,895.92,,
40924,2283.714,,
41072,2549.76,,
41715,3299.562,,
41226,2489.4,,
41605,3406.664,,
41249,999.98,,
41775,1189.242,,
41998,2879.952,,
41995,1269.6,,
41531,3499.155,,
41281,2993.025,,
41817,815.949,,
41103,1245,,
41681,1027.728,,
41788,1703.025,,
41745,1803.0837,,
41970,676.485,,
40856,969.36,,
41900,1637.01,,
41694,1655.96144,,
41520,976.96,,
41631,731.34,,
41807,1239,,
41713,1680.606,,
41832,2190.75,,
41799,935.172,,
41927,1026.96,,
41857,2550,,
41250,1224.714,,
41268,2667.537,,
41410,2605.92,,
41442,2962.68,,
41946,2664,,
41057,1513.56,,
41503,1233.63,,
40697,855.15,,
40738,956.34,,
40815,1801.632,,
40833,1838.52,,
40861,4498.83,,
41834,1824.144,,
41793,2344,,
41988,2043.72,,
41818,856.8,,
41993,2509.36,,
40945,819.936,,
40564,2797.248,,
41124,1455.08,,
41939,2189.0898,,
40966,5451.3,,
41071,1291.08,,
40597,1526.52,,
41897,1079.85,,
41475,1869.72,,
41362,1815.24,,
41935,959.76,,
41814,3045.84,,
41577,2125,,
41256,976.08,,
41398,1266.36,,
41767,1458.65,,
40794,2134.44,,
41021,4748.436,,
41577,1867.5,,
40649,1001.7,,
41194,899.136,,
41785,663.92,,
41943,4306.32,,
41376,899.55,,
41589,763.92,,
41195,2544.24,,
41195,1136.664,,
41669,2301,,
41194,3908.88,,
41614,1951.84,,
41976,2479.96,,
41536,2249.16,,
41274,2528.26,,
42002,1461.135,,
41593,3045.84,,
40798,3785.292,,
41774,1399.93,,
41890,2152.956,,
41442,1244.1,,
40885,2226.816,,
41901,1586.412,,
41605,3040,,
41680,3425.4,,
41678,1136.94,,
41491,677.6352,,
41744,731.34,,
40623,3499.93,,
41764,1272.72,,
41582,1856.34,,
41800,2295,,
41152,1622.1825,,
41445,1063.44,,
41874,3449.88,,
41057,585.456,,
41778,1429.44,,
41393,1057.8,,
41631,1092.96,,
41924,1483,,
41744,1792.4,,
41971,2455.677,,
41040,1900.44,,
41443,3712.59,,
41033,2372.22,,
40858,5725.35,,
41997,2553.18,,
41774,2003.52,,
41982,1188.36,,
40884,2875.095,,
41527,2380.5,,
40605,1619.1,,
40910,2821.7178,,
41212,2991.1032,,
41597,1798.6764,,
41501,2544.84,,
41433,951.72,,
41914,2575.92,,
41697,1699.83,,
41578,2634.552,,
41626,3707.352,,
41768,4298.85,,
41824,3417.48,,
41046,2080.32,,
40758,840.6,,
41484,1369.764,,
41319,1288.8,,
41052,660.69,,
41855,3234.24,,
41591,2171.3,,
41682,2074.734,,
41954,849.8,,
41363,1177.173,,
41510,2270.34,,
41945,2665.62,,
41505,2863.08,,
41788,1253.07,,
41143,3369.24,,
41825,1464.12,,
40982,1273.125,,
41914,1704.89,,
41898,1258.7774,,
41858,2584.008,,
41526,1482.39,,
41890,1274.7,,
40847,1604.9,,
41199,2818.08,,
41687,1046.25,,
40963,3187.2,,
41246,4099.68,,
41255,703.35,,
41806,2293.488,,
41263,1238.6115,,
41772,1715.056,,
41993,1665.62,,
41950,2841.66,,
41435,3399.66,,
41039,1607.76,,
41530,840.15,,
41480,1236.33,,
41923,2488.56,,
40869,1124.256,,
41402,3999.95,,
41937,726.72,,
41149,2799.96,,
41561,1519.92,,
40588,1279.32,,
41760,723.3,,
40613,642.69,,
41124,2619,,
41263,1704.87,,
41124,1715.91,,
41080,1278,,
41313,1234.56,,
40814,4195.2,,
41083,1765.395,,
41628,1480.368,,
41193,2968.98,,
40784,2301.138,,
41838,1100.52,,
40883,2518.95,,
41745,996.3,,
41960,1919.976,,
40788,922.95,,
41487,1850.445,,
41894,664.56,,
41857,1547.1,,
41963,2190.951,,
41033,3242.88,,
41148,2544.6,,
41632,2605.56,,
41303,1271.457,,
41583,876.3,,
40904,1207.56,,
41243,2051.1,,
41415,2544.24,,
40847,1421.664,,
41817,1314.45,,
40851,3991.98,,
41480,980.32,,
40671,1799.97,,
40843,2470.5,,
41457,1499.95,,
41269,877.02,,
41264,1618.37,,
41036,1917.36,,
40551,2173.5,,
41565,1927.59,,
41097,1799.1,,
40712,1814.25,,
40918,1293.675,,
41681,2477.55,,
41499,1399.944,,
41011,723.3,,
41642,2097.12,,
41317,1350.12,,
41986,3242.88,,
41821,1044.63,,
41916,1793.98,,
41919,597.36,,
41445,3955.14,,
41831,796.824,,
41753,2305.26,,
40667,2833.76,,
40822,2077.32,,
41955,1916.88,,
41990,1212.5,,
41957,2404.704,,
41369,1622.565,,
41901,856.44,,
41508,2887.056,,
41830,1361.043,,
41918,3391.74,,
41426,2375.296,,
41141,889.02,,
40785,1782.48,,
41247,667.7685,,
41925,1612.845,,
41627,845.208,,
41076,2799.63,,
41506,1549.1286,,
41081,1696.4,,
41052,935.5,,
41394,2036.8125,,
41075,980.52,,
41626,1654.644,,
41963,1525.188,,
41841,2063.7684,,
41313,1457.28,,
40843,1693.23,,
41653,4164.05,,
41331,1411.2,,
40873,2039.796,,
41141,5737.5,,
41053,1641.087,,
40851,1380.9,,
40808,1917,,
41564,823.5,,
41537,872.32,,
41430,3180.75,,
41408,2910.1875,,
40815,2348.82,,
41655,1924.16,,
41568,910.35,,
41862,856.68,,
41398,1731.072,,
41470,1330.992,,
40550,2573.82,,
41975,1914.08,,
41647,3393.12,,
41974,1079.316,,
41817,1446.6,,
40614,3272.01,,
41289,3386.859,,
40866,728.532,,
41149,2498.526,,
41997,2575.92,,
41076,2546.46,,
41466,2888.76,,
41051,1031.4,,
41856,1237.44,,
41863,1018.32,,
41269,600.6,,
41279,2756.943,,
42002,1534.869,,
41332,1781.136,,
41624,6439.8,,
41094,1363.2,,
41141,3315.27,,
41456,1266.86,,
41093,2123.028,,
41972,2478.84,,
40641,1894.536,,
41403,1006.056,,
41552,5399.91,,
41232,1317.9,,
41883,1350.09,,
41582,1839.18,,
41522,2799.96,,
41597,1908.18,,
42004,1264.466,,
41337,3930.072,,
40941,965.16,,
41352,748.116,,
40989,943.866,,
41783,1447.44,,
41439,1552.5,,
40830,1999.96,,
41792,2405.2,,
41807,1212.96,,
41617,919.26,,
41556,3045.84,,
41563,766.872,,
40901,2880.18,,
41380,1403.36,,
40764,1819.104,,
41262,2249.91,,
40835,2018.331,,
40597,2065.5,,
40612,1274.16,,
41664,2485.62,,
41808,1560.24,,
40901,3271.2,,
41282,751.488,,
41278,2120.8,,
41670,2102.832,,
40851,820.488,,
41761,2803.92,,
40716,1718.172,,
41541,553.44,,
41151,2794.2525,,
41442,1242.54,,
41842,1626.192,,
41261,1274.7,,
41542,1553.76,,
41722,2205.568,,
41738,2690.97,,
40880,3227.7,,
41787,1395,,
41804,2291.835,,
40859,1660.8,,
41425,2436.672,,
41688,899.43,,
40772,954.6,,
40974,1903,,
41215,2621.322,,
41857,1590.9,,
41808,1467.36,,
42004,1091.2806,,
41176,2014.3632,,
41323,3877.68,,
41947,1673.184,,
41169,3083.43,,
41967,2863.35,,
41905,2841.66,,
41947,765.459,,
41883,1887.84,,
40847,742.336,,
40816,795.408,,
41746,1801.6,,
41341,779.28,,
40599,613.26,,
41976,979.95,,
41898,1837.56,,
41463,3979.29,,
41430,1349.85,,
41639,1198.2986,,
40994,3393.68,,
41668,1864.215,,
40794,1142.64,,
41687,1630.8,,
41059,1172.664,,
41276,2021.88,,
41236,836.928,,
41740,1302.78,,
41124,2243.88,,
41961,1221.561,,
40890,1609.29,,
41810,1596.51,,
41946,975.92,,
41415,2018.88,,
41915,1885.32,,
40903,3119.34,,
41906,1964.25,,
40782,1202.94,,
41877,1653.804,,
41961,621,,
41244,2673.81,,
41888,1307.97,,
41912,1145.232,,
41926,1504.52,,
41178,1902.10816,,
42003,1913.4,,
41659,1854.72,,
41470,2958.984,,
40602,810.72,,
41729,2953.584,,
41428,2593.8,,
41338,2051.013,,
41963,2504.74,,
41927,1318.65,,
40686,1120.77,,
40848,1983.968,,
41880,3044.8,,
41811,656.856,,
41767,2518.95,,
41505,1669.248,,
41452,2476.08,,
40908,1687.8,,
40567,1302.78,,
41977,2125.32,,
41453,1954.44,,
41053,856.92,,
41981,3696.0315,,
41254,1302.96,,
41703,1136.664,,
41792,1043.9304,,
41450,1720.116,,
40813,1253.76,,
41430,2180.244,,
41563,1306.467,,
41630,1704.96,,
41953,1633.14,,
41964,775.536,,
41223,2012.049,,
40702,2166.8976,,
41736,3271.2,,
40834,755.80536,,
41024,2182.68,,
41152,1285.56,,
41017,1479.36,,
41628,740.184,,
41429,1533.15,,
41085,2563.92,,
41137,2897.91,,
41865,1582.11,,
41799,1497.666,,
41520,2616.96,,
41788,1399.113,,
41449,3421.71,,
40715,1322.93,,
41767,820.08,,
41590,2678.94,,
41683,1198.56,,
41971,1832.607,,
41145,1857.06,,
41853,1752.6,,
41606,1850.46,,
40774,2337.15,,
41711,788.4,,
41368,715.53,,
41887,1478.272,,
41776,3094.56,,
41387,882.0324,,
41712,959.984,,
41166,953.82,,
41908,2871.54,,
41187,2544.6,,
41941,886.1412,,
40870,473.847,,
41983,1767.6,,
40886,780.608,,
41620,892.136,,
41625,2711.7,,
41743,2111.97,,
41993,1189.2825,,
41534,1908.45,,
41627,1793.98,,
41934,909.12,,
41269,1854.9297,,
41558,924.66,,
41024,1760.43,,
41813,827.28,,
41241,1510.96,,
41817,2098.32,,
41816,1938.24,,
41169,803.52,,
41606,1391.76,,
41897,942.784,,
41843,952.29,,
41886,2927.28,,
41249,1619.91,,
41632,1999.96,,
41657,2117.22,,
41253,799.984,,
41816,2747.7,,
40934,1014.72,,
41097,1591.56,,
40875,533.22,,
41970,2124.5,,
41250,1053.8676,,
40988,1087.936,,
41260,1248.84,,
41597,2040.92,,
41884,1068.714,,
41775,875.22,,
41583,1403.082,,
40854,1743.96,,
41373,1071.84,,
41802,925.02,,
41435,1682.748,,
41825,1944.9,,
41395,3040.8,,
41258,1799.994,,
41219,1003.34928,,
41887,825.174,,
40801,808.731,,
41634,2764.3275,,
41634,2563.056,,
41884,457.14,,
41003,599.98,,
41450,1933.2,,
40720,704.052,,
41906,1355.13,,
40620,1198.33,,
41213,1295.84,,
41551,2819.52,,
41221,2571.12,,
40936,976.08,,
41262,607.32,,
41976,1159.056,,
41612,1649.95,,
41990,1697.584,,
40863,2063.4,,
41565,632.043,,
41921,2906.4,,
41722,2572.74,,
41643,2022.272,,
41274,1583.82,,
41244,2003.92,,
41227,826.11,,
41738,1656.72,,
41916,2015.496,,
41223,2219.184,,
41929,2533.92,,
41977,1410.4,,
41207,1773.72,,
40807,1377.9,,
40858,2582.16,,
40820,589.41,,
40981,1257.456,,
41371,1294.75,,
40906,2429.44,,
41934,1439.92,,
41667,977.022,,
41591,2891.7,,
41351,901.95,,
41136,2042.82,,
41834,997.8004,,
40921,1411.344,,
41024,1647,,
41036,972.567,,
41561,1313.712,,
40763,1273.56,,
40894,1908.18,,
40586,1256.22,,
40862,2398.374,,
41218,680.28,,
40915,964.08,,
41918,5199.96,,
40809,1709.235,,
41149,929.34,,
41879,1119.888,,
40807,1799.97,,
41807,2383.857,,
41065,1891.5,,
41397,912.24,,
41549,947.22176,,
40892,1983.015,,
41207,2146.6,,
41323,2879.82,,
41893,1622.01,,
41562,1503.684,,
41367,1454.9,,
41563,893.5614,,
41709,1143.44,,
41899,2280.6,,
40851,1401.84,,
41911,2088.24,,
41829,2194.53,,
40987,1527.12,,
41438,972.615,,
41517,794.7,,
41418,2761.2,,
40723,3312.24,,
40891,825.792,,
41899,538.194,,
41498,3180.3,,
41162,1860,,
41436,2582.16,,
41571,881.1,,
41436,1622.1825,,
41172,1677.186,,
41774,1001.88,,
40805,2519.958,,
40887,554.526,,
41565,2120.8,,
41607,1531.2,,
41997,1572.84,,
40945,1236.33,,
41432,3023.928,,
41879,759.66,,
41314,2951.991,,
41885,1282.41,,
40675,627.276,,
41576,756.8,,
41498,553.92,,
41814,3873.24,,
41670,791.19,,
41785,2470.5,,
40842,2120.7,,
41667,759.06,,
41416,1581.03,,
40767,1161.1971,,
40666,642.72,,
41512,1308.48,,
41183,3547.44,,
41450,724.8,,
40658,1487.04,,
41750,803.52,,
41425,839.988,,
41726,1011.696,,
41890,2419.2,,
41596,803.04,,
41929,1773.72,,
41745,777.24,,
40975,1893.3,,
41078,689.094,,
40738,737.91,,
41424,2570.76,,
41442,1199.76,,
41724,3216.24,,
40801,1274.24,,
41172,2145.72,,
41869,895.92,,
40894,882.15,,
41870,2793.528,,
40776,895.05,,
41176,1570.176,,
41730,2614.689,,
41496,569.536,,
41564,636.78,,
41293,2751.2,,
41983,1587.0015,,
40695,1037.7096,,
41592,2279.96,,
41915,1487.4,,
41921,908.608,,
41928,1241.001,,
40794,1121.688,,
41296,1838.52,,
41954,899.136,,
41573,783.96,,
40758,2605.392,,
41395,803.52,,
41557,584.2,,
41572,1679.616,,
41569,1148.7825,,
40586,681.72,,
41507,3633.9,,
40910,1229.6865,,
40716,2637,,
41422,1764.165,,
41865,757.32,,
41936,3720,,
41969,985.2,,
41159,2367.954,,
40704,837.864,,
40633,824.22,,
41948,723.66,,
41600,4618.215,,
41716,1212.56,,
40795,1299.99,,
41880,1075.44,,
41187,883.95,,
40809,1209.84,,
41278,1926.72,,
41554,703.71,,
41618,804.768,,
40865,470.112,,
41242,1447.44,,
41668,1028.16,,
41353,1519.32,,
40682,935.172,,
41866,3256.95,,
41563,952.722,,
41181,2968.7,,
41080,2584.386,,
41961,891.756,,
41017,1134.81,,
40877,634.8,,
41899,722.36,,
41537,491.136,,
41310,2842.83,,
41662,642.72,,
41974,947.22,,
40598,2076,,
41223,1309.203,,
40719,2266.1475,,
41181,1081.71,,
41214,3606.336,,
41465,2367.36,,
41963,1113.264,,
40975,1285.44,,
41156,1718.1,,
41953,544.38,,
41180,1971.675,,
40700,578.238,,
41627,900.08,,
40880,755.0868,,
41432,714.3,,
41928,510.24,,
41988,498.36,,
41459,2069.55,,
40774,1836,,
41790,1001.7,,
41283,624.42,,
41977,859.68,,
41491,750.195,,
41842,1269.9,,
41400,535.653,,
41268,2182.68,,
41250,1181.88,,
41813,2614.689,,
40787,1429.05,,
40663,826,,
41270,1431.3375,,
41153,959.984,,
41528,3407.94,,
41167,752.21256,,
41680,1584.387,,
41273,2548.56,,
41639,781.02,,
41976,1559.16,,
41963,771.228,,
41920,967.32,,
41919,1241.001,,
40711,3266.376,,
41492,1352.376,,
40746,1508.04,,
40709,738.63,,
41306,694.47,,
41263,874.02,,
41996,629.958,,
41416,2396.4,,
41299,3709.26,,
41690,1245.86,,
41001,528.93,,
41914,1828.35,,
41419,1487.808,,
41715,1029.6,,
41925,1317.3096,,
41258,1987.32,,
41229,1471.1157,,
40548,3028.8,,
40660,1713.096,,
41012,1245.861,,
41070,2266.1475,,
41303,886.221,,
41463,2683.8,,
41429,2752.8525,,
40876,1629.756,,
41922,1070.685,,
41724,1444.548,,
41093,907.011,,
40822,2147.6,,
41853,822.42,,
41039,1921.968,,
41815,1563.552,,
41115,704.9,,
41502,1378.17,,
41015,1196.86,,
40784,2453.04,,
41438,1007.979,,
41470,1332.639,,
41458,2147.46,,
41411,759.78,,
41936,637.896,,
41760,512.568,,
41719,2605.56,,
41852,865.9,,
40925,2605.92,,
41158,1111.725,,
41984,778.5,,
41619,1035.3,,
41344,915.68,,
41085,2198.7,,
41988,1272.12,,
41027,1207.67296,,
41221,1821.6,,
40557,1325.85,,
41628,535.8,,
41970,954.54,,
41485,816.72,,
41793,1754.298,,
41828,683.988,,
41065,721.8534,,
41786,1770.2524,,
41849,1922.3379,,
41507,636.21,,
41123,5759.964,,
40782,579.95,,
41510,868.95,,
41670,2003.168,,
41980,1227.57992,,
41205,1620.3,,
41725,2399.96,,
41907,1169.694,,
41929,3048.15,,
41044,914.28,,
41757,1232.28,,
41432,709.69776,,
41841,1219.04,,
41405,1993.08,,
40896,1819.86,,
41976,559.62,,
41766,595.17,,
41782,1781.19,,
41725,2289.75,,
41852,2070.15,,
40858,780.6912,,
40756,1157.58,,
41089,1513.56,,
41529,911.574,,
41713,1058.022,,
42003,1094.22,,
41977,2472.6933,,
41221,4404.9,,
41968,1570.6,,
41886,2019.6,,
40724,1852.032,,
41806,3139.128,,
41517,599.88,,
41999,1954.44,,
41963,2056.95,,
41262,1022.56,,
41438,1981.044,,
41547,538.488,,
41606,590.904,,
41421,1150.038,,
40905,1770.67156,,
41886,1284.822,,
40751,1621.953,,
41453,905.13,,
40996,1859.13,,
41332,1429.44,,
41075,987.957,,
41813,1136.64,,
41798,1141.8,,
41262,2973.06,,
41332,1026.54,,
42002,1104.408,,
41244,903.006,,
41970,775.62,,
40953,1393.524,,
41935,617.55,,
41723,2060.7,,
41936,646.4988,,
40589,1743.96,,
41831,890.4285,,
41090,1229.904,,
41969,2066.4,,
40854,1274.88,,
41834,1717.848,,
40918,1321.92,,
41989,630.15,,
41191,619.95,,
40690,1113.504,,
41509,2470.5,,
40794,2363.757,,
41674,2981.58,,
41054,1461.7,,
41501,1167.168,,
41341,966.4,,
41941,528.009,,
41619,1424.9,,
41269,1125.6,,
41582,1034.94,,
41887,775.56576,,
40904,946.764,,
41904,439.68,,
40812,585.552,,
41925,1138.83,,
41891,676.0305,,
40759,1455.12,,
41962,2060.7,,
41130,1217.568,,
40718,1591.11,,
40554,1384.29,,
40893,1013.832,,
41409,1215.36,,
41477,1822.08,,
41275,1649.214,,
40700,1266.03,,
41951,1703.14688,,
41757,1845.72,,
41591,637.35,,
41850,2671.452,,
41607,1126.02,,
41537,1264.466,,
41579,3029.28,,
40773,1121.67216,,
41713,521.184,,
40823,511.56,,
41207,2186.7,,
41956,1458.96,,
41233,641.97,,
41792,1925.88,,
40897,447.944,,
41614,584.82,,
41019,556.704,,
41223,2300.076,,
41610,863.928,,
41173,946.344,,
40933,795.6,,
41523,1652.94,,
41600,757.08,,
41903,2888.127,,
41003,701.47424,,
40698,467.04,,
41786,1953.666,,
41953,826.62,,
41508,875.22,,
41983,1399.98,,
41294,991.02,,
41897,858.64,,
40996,996.54,,
40677,1836,,
40900,753.888,,
41487,1002.6,,
40714,764.928,,
41183,1199.76,,
40696,1252.584,,
40793,821.88,,
41992,1285.44,,
41155,2076.48,,
40772,755.73,,
41894,927.72,,
41282,525.48,,
41634,2194.836,,
41341,861.6,,
41339,1976.562,,
41547,803.52,,
41493,1954.44,,
41674,714.15,,
41909,766.95,,
41799,1062.534,,
41903,2254.41,,
41949,1272.6,,
40661,1679.96,,
41431,390.96,,
41596,2115.216,,
41057,570.9,,
41799,1523.46696,,
40744,976.08,,
41929,529.74,,
41174,617.976,,
41577,976.08,,
41940,2970.9,,
40694,761.73348,,
41508,522.48,,
40702,956.88,,
41606,1913.52,,
41071,1123.92,,
41951,409.08,,
41869,2518.29,,
41527,1508.04,,
41325,1347.57,,
41968,1411.02,,
41898,2357.488,,
41971,1849.32,,
40760,586.08,,
41599,1274.7,,
41606,791.93296,,
41107,508.68,,
41765,1266.96,,
41995,1000.02,,
41570,1123.956,,
40599,1527.12,,
41589,782.28,,
41531,968.4,,
41715,2096.4555,,
41493,840.15,,
40960,1025.52,,
41502,1184.0272,,
40750,2177.584,,
41389,1327.347,,
41631,563.904,,
40921,1207.08,,
41440,1136.43,,
41233,698.64,,
40759,1089.75,,
41570,1888.7,,
41885,2804.58,,
41817,543.92,,
41415,1363.96,,
40723,1282.8,,
41867,1904.4,,
40887,776.25,,
41732,1599.156,,
41774,1224.9,,
41751,858.06,,
41444,1652.4,,
41422,1899.15,,
41846,2049.84,,
41842,2039.0715,,
41996,1272.6,,
40774,1938.15,,
41501,758.979,,
41701,900.72,,
40667,1112.697,,
41984,1144.89,,
41801,1287.96,,
40890,2120.8,,
41191,1196.3,,
40916,2092.752,,
41397,1324.35,,
41751,454.95,,
41248,1869.72,,
41663,346.29,,
41269,1908.72,,
41456,688.95,,
40752,1312.64,,
41310,993.66,,
41911,2415.42,,
41423,1685.90144,,
41373,1088.792,,
41430,2509.36,,
41380,1448.16,,
41702,1060.44,,
41618,1115.37,,
41874,616.44,,
41542,442.372,,
41687,1071.84,,
41260,1136.664,,
41080,1081.302,,
41925,1308.48,,
40831,1375.6,,
41986,1622.3355,,
41719,2092.5,,
40754,1340.3421,,
41493,1607.202,,
41138,1333.44,,
41949,552.501,,
40918,1181.0325,,
41345,788.22,,
40983,1900.5,,
41045,2713.41,,
41622,810.15,,
41356,2217.78,,
41453,687.852,,
41521,1141.47,,
41964,1241.28,,
41895,960,,
41992,4627.368,,
41379,933.536,,
41446,1524.2058,,
41695,918.459,,
41404,799.272,,
41822,2550,,
41691,1299.684,,
41216,1448.82,,
41500,1052.16,,
41731,766.5246,,
41358,509.16,,
41237,1836.03,,
41195,1460.5,,
41465,2544.24,,
41449,2068.335,,
40810,2220.534,,
41455,2583.18,,
40886,428.274,,
41146,395.44752,,
41284,730.32,,
41712,1243.98,,
41724,1884.6,,
41115,561.568,,
41899,1715.16,,
40997,1795.92,,
41785,1182.6,,
41677,2830.425,,
41766,627.168,,
40811,2885.085,,
41955,2863.35,,
40994,1085.42,,
41149,1099.96,,
40731,651.708,,
40857,724.8,,
41547,1289.5659,,
41941,1015.92,,
41802,726.78,,
40865,3177.711,,
41158,1388.94,,
41478,874.68,,
41292,1119.36,,
42000,829.22,,
40603,551.16,,
40740,1729.14,,
41925,2077.32,,
41408,1395,,
41844,932.985,,
40862,772.47,,
41086,1587.0015,,
41228,1551.6,,
41992,1704.56,,
40856,703.968,,
41311,965.0475,,
40843,1274.7,,
41948,1123.08,,
40990,1487.976,,
41779,1274.7,,
41624,2423.54,,
40651,474.984,,
41502,1358.28,,
41894,1471.96,,
41988,2534.0175,,
41099,1060.8,,
41618,485.888,,
40802,1674.45,,
41810,967.896,,
40731,1855.68,,
41864,811.23,,
40851,1046.25,,
42000,750.68,,
41246,1121.94,,
40920,1962,,
41974,663.936,,
41939,709.56,,
40897,1111.56,,
41866,1161.16,,
41064,393.5727,,
41614,920.88,,
40904,1061.04,,
41178,1114.4,,
40725,1888.236,,
41608,628.44,,
41634,3547.44,,
41998,1762.68,,
41745,610.6,,
40665,1057.38,,
40899,3024.189,,
41512,1912.5,,
41944,1808.757,,
41997,2386.125,,
41068,1367.4,,
40667,1413.45,,
41587,731.94,,
41251,1718.4,,
40592,825.12,,
41859,1473.1,,
41969,578.2,,
41262,1578.636,,
41824,501.9,,
41505,1614.87,,
41365,2672.517,,
41663,1699.56,,
41305,1286.145,,
41570,1961.82,,
40651,2016.846,,
41442,497.88,,
41574,1564.56,,
40792,870.24,,
41642,695.7,,
41194,626.352,,
41955,1275,,
41555,837.6,,
41887,1054.74,,
41629,757.2,,
40560,1411.55124,,
41531,1490.7,,
41678,756.6,,
41967,783.99,,
40781,2472.93,,
41782,321.728,,
41113,1181.16,,
40848,743.13,,
41319,776.412,,
41972,1049.2,,
41593,1462.14,,
41319,1083.75,,
41975,963.9,,
40947,464.2785,,
41023,672.448,,
41739,478.24,,
41442,1091.412,,
40770,1305.882,,
41606,677.76,,
41435,1652.4,,
41724,842.76,,
41656,1770.6,,
41607,1263.3,,
41060,2131.245,,
41262,1721.25,,
41583,1268.784,,
41750,1958.04,,
40941,1779.12,,
41809,1168.65,,
41907,520.464,,
41276,1567.44,,
42000,652.68,,
41900,698.04112,,
40772,1648.44,,
41117,1532.1,,
41668,581.4,,
41757,1447.8135,,
41835,1889.946,,
41924,1275,,
40744,1535.814,,
41622,571.83,,
41501,1767.552,,
41536,885.528,,
40710,561.3,,
41435,954.09,,
41218,523.8,,
41533,843.318,,
41780,704.76,,
41970,979.95,,
41807,798.75,,
41594,846.6,,
41561,727.45,,
42002,725.84,,
41152,632.145,,
41643,1002.9105,,
41009,527.31,,
41235,830.7,,
42003,1830.78,,
41471,1895.388,,
41905,1071,,
41261,452.088,,
41884,2452.275,,
41726,1023.332,,
41880,1216.53,,
40697,1353.6,,
41905,391.98,,
41967,1536.84,,
41130,979.95,,
41316,1266.96,,
40703,1441.3,,
40861,832.93,,
41275,1358.28,,
41852,2172.0768,,
40813,1892.25,,
41212,1035.8,,
40878,1795.92,,
41961,2129.4954,,
40576,1052.31,,
40637,512.76,,
41452,1201.095,,
40830,2173.5,,
41060,951.6,,
40768,1038.492,,
41901,972.81048,,
40842,1402.29,,
41548,404.73,,
41110,696.75,,
41445,1904.4,,
41964,1429.26,,
41803,2571.12,,
41887,1322.352,,
41999,931.77,,
41610,751.92,,
41751,868.95,,
41438,899.208,,
40900,897.225,,
40856,677.778,,
41908,1315.68,,
41886,520.8,,
41236,418.464,,
40872,1175.12,,
40892,763.28,,
41898,1388.73,,
41284,1501.2,,
41875,785.61,,
41634,852.48,,
41471,871.71,,
41096,882.75096,,
41955,1158.12,,
41682,963.136,,
41173,1899.54,,
41387,1272.63,,
40812,1253.07,,
41177,899.91,,
41915,1704.87,,
41603,1219.96,,
41520,1012.68,,
40742,1658.64,,
41569,1043.92,,
41517,786.744,,
40624,2124.5,,
41144,760.38,,
40735,575.968,,
41130,1251.936,,
41334,648.576,,
41820,1961.0352,,
41129,954.36,,
41960,482.76,,
40970,2104.74,,
40883,636.3,,
41101,504,,
41780,1940.064,,
41983,576.2,,
41450,566.2308,,
41988,1199.98,,
40644,785.34,,
41946,590.352,,
41394,1068.768,,
40850,1206.84,,
41233,513.72,,
40787,1232.88,,
41978,897.156,,
41150,719.07,,
40997,1078.08,,
40603,1314.45,,
40794,1111.725,,
40809,543.186,,
40722,1228.465,,
41215,586.08,,
41506,1361.9304,,
41053,774.18,,
41575,1308.48,,
41199,1086.18,,
41968,1409.04,,
41969,517.80624,,
41954,834.9,,
40858,893.8104,,
41213,425.833,,
41204,1428.8,,
41145,1917,,
41260,635.04,,
41887,1180.44,,
41270,1548.99,,
41657,840.56,,
41925,542.484,,
41940,1269.72,,
41451,852.48,,
41501,1878.72,,
41774,899.43,,
41968,1443.96,,
41564,1115.37,,
41936,1935.104,,
41416,697.86,,
41507,837.2376,,
41776,2153.16,,
41506,557.76,,
40696,2052.54,,
40854,346.92,,
41976,286.86,,
41932,1196.02,,
41785,1021.14,,
41262,883.264,,
40988,433.92,,
40858,393.2388,,
40868,1954.17,,
41446,636.24,,
40793,524.28,,
41857,1629.9075,,
41530,1210.626,,
40988,2878.47,,
41475,920.4,,
41257,1003.17,,
41422,1726.335,,
41082,1502.784,,
41620,477.8424,,
41933,439.92,,
41816,871.4,,
41271,1652.4,,
41201,1776.544,,
40732,1630.125,,
41490,1181.67,,
41673,331.84,,
41998,378.66,,
41799,1052.16,,
41034,1214.72,,
41015,1093.4112,,
40773,1568.8365,,
41597,947.22,,
41443,1658.88,,
41433,1095.8025,,
41286,2035.5816,,
40953,861.408,,
41970,2679.12,,
41825,1936.62,,
40702,454.71,,
41484,504.36,,
41290,404.676,,
41377,1076.58,,
41611,500.202,,
40829,1298.55,,
41162,2050.488,,
40722,1798.6764,,
41141,2276.0388,,
40603,1470.78,,
41148,627.192,,
41015,1439.968,,
40557,572.58,,
41233,1232.1,,
41837,636.06,,
41761,355.482,,
40566,1102.08,,
40806,801.568,,
40676,398.352,,
40633,1125.488,,
41858,1218.24,,
40610,2855.16,,
40715,617.97,,
41909,583.8,,
41065,1487.628,,
41165,1952.16,,
41558,1625.76,,
40897,2277.6,,
41240,1792.98,,
40744,530.52,,
40767,1067.6772,,
41905,601.32,,
41767,1774.224,,
41849,1145.6,,
41792,967.552,,
41909,931.176,,
40848,1592.7,,
41278,959.968,,
41281,1607.202,,
41439,1032.48,,
40995,1314.45,,
41275,728.568,,
41775,2365.605,,
41136,1255.5,,
41057,1467.36,,
40562,417.9,,
41786,1037.52,,
41612,2129.7,,
40930,1086.18,,
41959,872.13,,
40694,1680.3,,
40701,1068.984,,
41754,596.28,,
41214,565.515,,
40900,868.077,,
41058,473.84,,
41594,339.12,,
41269,1601.73,,
41403,429.48,,
40815,1395.54,,
41044,826.2,,
41493,1000.9125,,
40584,717.84,,
40897,1516.32,,
41957,2194.92,,
41579,758.484,,
41996,474.95,,
41418,1979.928,,
41892,1931.958,,
41219,837.63,,
41394,3217.41,,
41813,1180.44,,
41853,1863.54,,
41074,2011.92,,
40788,2076.606,,
41089,461.104,,
41995,532.5,,
41184,741.888,,
41925,645.138,,
41037,2799.944,,
40610,860.895,,
41844,399.95,,
41870,1496.16,,
41950,1464.12,,
40891,478.8,,
41830,761.4,,
41697,1198.32,,
41244,2676.672,,
41913,1971.3456,,
41060,1908.72,,
41226,1995.3,,
41595,2290.14,,
41131,1685.16,,
41999,629.1,,
40695,1029.375,,
41862,1454.49,,
41508,411.21,,
41264,1952.424,,
40557,646.74,,
41731,1156.68,,
40766,1513.56,,
41451,1075.44,,
41256,494.376,,
41520,1362.9,,
40745,392.93256,,
40891,637.08,,
41327,2477.55,,
40637,507.276,,
41106,599.9,,
40886,1773.9,,
41076,1486.26,,
41915,1727.46,,
41879,823.8591,,
41647,698.8995,,
41838,1194.165,,
41544,565.02,,
40800,991.8124,,
41684,678.771,,
40700,1717.335,,
41617,1097.544,,
41767,1046.376,,
41019,1264.466,,
41894,634.95,,
41071,1036.624,,
41437,613.095,,
41972,1007.232,,
41894,447.3,,
40834,1394.95,,
40644,758.352,,
40905,1236.42,,
41911,1468.44,,
41760,962.7345,,
41437,969.0228,,
41556,1649.214,,
41360,594.96,,
40806,1349.91,,
41558,1553.76,,
41720,1718.1,,
41943,492.912,,
40908,1573.488,,
41268,1199.96,,
41710,561.54,,
41872,630.36,,
41727,795.48,,
41274,625.644,,
41165,717.72,,
41538,967.56,,
41352,1653.12,,
41842,578.79,,
41387,752.51196,,
42003,1207.84,,
41767,951.72,,
41929,347.22,,
40898,2321.514,,
40947,465,,
41999,1063.44,,
41949,1236.06,,
41593,499.98,,
41067,490.32,,
40872,2123.13,,
41060,1406.86,,
41732,527.868,,
41337,1179.2625,,
41769,1152.6459,,
40751,1457.28,,
41529,1599.92,,
41496,1281.834,,
41166,2278.32,,
41046,1162.89,,
41690,1127.28,,
41971,1459.68,,
41550,611.2,,
41904,928.2,,
41654,334.9288,,
41440,1115.7768,,
40931,1451.136,,
41373,1371.42,,
40880,990.468,,
41593,1287.96,,
42004,865.62,,
41825,1166.96,,
41879,1488.424,,
41493,786.96,,
41607,1661.499,,
41888,798.75,,
41043,1117.92,,
41963,744,,
41523,659.178,,
41926,904.9,,
41858,1692.76768,,
40849,336.24,,
41984,1116.84,,
41593,1199.976,,
41081,1696.64,,
40649,1232.1,,
40865,827.9733,,
41411,539.775,,
41460,1279.165,,
41394,756.9,,
41796,470.376,,
41170,1264.965,,
41725,2722.86,,
41424,2272.86,,
40609,1011.9,,
41262,1053.164,,
41150,822.852,,
41793,808.731,,
41955,1846.11,,
41984,584.352,,
41899,802.2,,
41533,2286.88,,
41674,956.025,,
41925,1762.3,,
40770,453.438,,
41443,483.136,,
41085,1035.84,,
41278,2841.66,,
40945,2737.98,,
41481,403.56,,
41498,1075.23,,
41961,655.56,,
40700,938.145,,
41965,1397.169,,
41400,668.34,,
41907,596.7,,
41648,892.98,,
41249,1325.85,,
41347,552.56,,
40598,654.24,,
41900,2086.98,,
41585,900.072,,
40858,1383.12,,
41881,729.54,,
41984,1669.6,,
41475,1190.28,,
41424,1609.29,,
41781,892.269,,
41051,775.728,,
40623,2313.8325,,
41159,1272.3,,
41054,1731.1,,
40809,1093.92,,
41816,3200.73,,
41918,714.72,,
40798,731.34,,
41080,448.02,,
41947,696.192,,
41241,1422.72,,
41247,729.48,,
41961,662.775,,
41594,911.04,,
41338,1236.33,,
41780,1123.128,,
40871,1049.97,,
41592,2052.54,,
40553,363.39,,
41984,556.6,,
41488,1282.8,,
41925,2549.4,,
41142,544.008,,
41446,620.64,,
41106,700.152,,
40711,828.96,,
41127,570.5,,
41794,1356.72,,
41626,2003.52,,
41268,488.16,,
41864,1541.43,,
40983,1066.44,,
41584,1423.68,,
41421,1903.284,,
41197,3062.631,,
40822,822.42,,
40820,1292.34,,
41815,1334.64,,
41738,2591.56,,
41029,1242.54,,
41215,640.74,,
40861,1000.26,,
40567,560.97,,
41530,969.084,,
40756,516.96,,
41797,1811.34,,
41519,533.61,,
40878,909.72,,
41537,1122.174,,
40973,2756.943,,
41695,1652.4,,
41345,655.52,,
41633,795.6,,
40962,513.12,,
40904,767.214,,
41870,1629.45,,
40645,1451.4,,
41394,1109.556,,
41165,1516.2,,
41423,767.52,,
41730,2135.28,,
41312,623.96,,
41390,1026.24,,
41241,892.08,,
41299,1590.66,,
41677,541.518,,
40561,746.388,,
40866,607.38,,
41139,1023.2904,,
41207,1208,,
41278,2069.88,,
41614,378.4,,
41180,2280.4,,
41050,771.968,,
41655,1377,,
41669,1272.6,,
40906,578.502,,
41428,785.79,,
41940,1718.0004,,
41147,1314.24,,
40905,1737.18,,
40830,845.46,,
40969,1227.9984,,
40870,603.92,,
41312,950.22,,
40864,2152.776,,
41984,1162.89,,
41732,1414.611,,
41137,698.544,,
41894,1177.173,,
40703,596.16,,
41948,523.764,,
40777,1928.34,,
41137,1879.96,,
41395,503.664,,
40843,747.36,,
41951,1571.22,,
40869,752.51196,,
41858,592.56,,
41914,1703.76,,
41569,825.1,,
41508,815.292,,
41900,1926.72,,
41932,1759.5135,,
41880,2320.64,,
41919,1001.76,,
41627,719.28,,
40938,1919.976,,
41517,298.62,,
41799,394.272,,
41382,678.79968,,
41970,616.815,,
41969,678.96,,
41976,631.176,,
41313,1226.3445,,
41984,553.92,,
41873,1842.66,,
41139,1058.2792,,
41890,1513.56,,
41242,1106.91,,
41899,1031.1,,
41768,343.0971,,
41116,620.1585,,
41477,1285.56,,
41005,866.1,,
41964,990.12,,
41981,1889.99,,
41089,1085.553,,
41461,950.4,,
40798,1026.24,,
41134,355.725,,
41999,1271.97,,
41693,445.62,,
41842,737.64,,
41334,1270.17456,,
40896,1542.24,,
41171,1519.14,,
41295,1013.488,,
41256,2131.92,,
41971,1277.82,,
40796,1487.04,,
41502,1040.55,,
40749,1431.54,,
40574,2571.12,,
41577,939.36,,
41452,1573.92,,
40904,1587.168,,
40833,723.72,,
41457,1235.25,,
40807,705.072,,
41767,846.288,,
41085,1319.6502,,
40771,537.4,,
41380,1121.568,,
41849,576,,
41172,985.284,,
41544,266.58,,
40908,475.944,,
41563,534.9555,,
40653,744.1,,
41123,1621.953,,
40838,1249.857,,
41556,1711.125,,
41570,1298.241,,
41268,380.19,,
40898,878.223,,
41029,1022.97,,
40780,327.18,,
40589,921.375,,
41631,1440.84,,
41634,1006.0641,,
41565,697.584,,
41998,313.35,,
41841,1187.64,,
41887,949.104,,
41258,1469.25,,
40931,2636.85,,
41500,729.48,,
41631,990.9516,,
41956,636.489,,
40831,1190.17488,,
41799,741.852,,
41710,895.92,,
40700,394.98,,
41066,1513.2,,
41682,1564.56,,
41499,1591.02,,
41807,1302.96,,
41247,1598.058,,
41604,892.44,,
41915,1575.14,,
41932,1633.188,,
40821,850.95,,
40794,1666.656,,
41450,1630.8,,
40903,1380.6,,
41884,1285.56,,
40806,631.782,,
41809,917.9235,,
41589,961.8,,
41086,649.20492,,
41211,802.2,,
40857,490.5,,
41582,842.94,,
40637,585.98568,,
41463,949.77,,
40858,2033.584,,
41694,471,,
41768,309.8844,,
41401,949.6872,,
41044,2438.667,,
41548,437.34,,
41167,626.56,,
41215,624.18,,
40756,1503.744,,
41360,2075.04,,
41981,2070,,
41543,1636.956,,
41173,1690.04,,
41880,871.98,,
41417,583.48,,
41856,1076.247,,
41870,1054.02,,
40826,985.68,,
41285,788.4,,
41534,1751.625,,
40837,1053.1894,,
41586,452.55444,,
41668,1611,,
41046,565.11,,
41850,1363.905,,
41752,666.84,,
41346,1198.32,,
41446,739.44,,
40546,276.102,,
41837,1049.616,,
41988,666.72,,
41200,760.38,,
41897,589.41,,
40776,513.81,,
41176,821.94,,
41681,318.675,,
40911,358.02,,
41102,537.544,,
41925,1616.0625,,
41234,393.54,,
41369,527.01,,
41660,867.96,,
41547,1497.9,,
41957,2068.335,,
41204,690.48,,
42003,433.98,,
41324,1128.72,,
41972,1979.89,,
41862,1955.124,,
41886,590.94,,
41502,1184.391,,
41327,1743.96,,
41713,793.5879,,
41716,1487.724,,
41621,587.7,,
41144,1134.9,,
41442,566.61,,
40872,1285.44,,
41051,899.55,,
41884,1117.701,,
41135,1345.329,,
41546,874.962,,
41974,1242.9,,
41822,1838.1,,
41806,1436.5212,,
41087,1272.48,,
41741,1000.26,,
40693,464,,
41972,738.288,,
41183,972.567,,
41521,607.9,,
41493,869.1,,
41799,398.88,,
41996,290.7,,
41877,1006.5897,,
41576,660.312,,
41900,1415.76,,
41389,1325.76,,
41123,1140.3,,
41438,825.1,,
41740,972.81048,,
40884,723.72,,
41873,879.6,,
41131,1281.75,,
41425,2275.5,,
40878,674.058,,
41898,782.94,,
41969,1839.18,,
41718,1272.48,,
41103,807.084,,
41437,902.712,,
40854,1272.6,,
41502,891.9,,
40680,849.8,,
41456,994.5,,
41976,1590.66,,
41514,805.5,,
41929,898.38,,
40665,479.984,,
40894,683.064,,
41080,1593.375,,
41964,1275.12,,
41429,447.552,,
41859,1102.536,,
41444,591.948,,
40634,496.584,,
41694,896.886,,
41169,2003.92,,
40872,1294.8,,
41549,412.8,,
41712,547.83,,
41901,415.08,,
41820,1008,,
40638,1889.055,,
41617,701.54,,
40879,883.92,,
40903,1451.4,,
41612,1679.616,,
41302,460.98,,
41632,1117.92,,
41249,485.94,,
41774,1001.7,,
41584,675.54,,
41957,689.136,,
40800,601.3,,
41986,410.88,,
41312,865.98,,
41311,1508.256,,
41250,773.94,,
40875,397.6,,
41929,1482.84836,,
41998,1003.62,,
41568,1724.928,,
40819,1526.5,,
40835,380.0736,,
41635,471.18,,
41513,1838.52,,
41398,642,,
41178,370.899,,
41724,736.5,,
41230,1323.9,,
41547,2142,,
41662,2999.95,,
41981,1192.8,,
41191,631.96,,
40588,465,,
40864,733.95,,
41899,1854.495,,
41832,778.6935,,
41920,851.57344,,
41625,1272.6,,
41134,541.296,,
41652,743.58,,
41254,1761.8692,,
40695,1503.25,,
41102,388.8,,
40964,700.65,,
41747,716.1,,
41996,1758,,
41247,797.232,,
41453,403.866,,
40890,855.225,,
40842,862.0878,,
41157,1223.7912,,
41395,1236.96,,
41082,1499.7,,
41747,2549.985,,
41310,484.83,,
41907,655.9,,
41403,602.76,,
41873,654.6,,
42000,842.32,,
41421,1236.96,,
41954,550.128,,
41871,2544.96,,
41810,760.116,,
40911,1352.3976,,
41544,1553.76,,
41447,789.93,,
41839,831.789,,
41563,1708.14,,
41157,794.3562,,
40872,743.7,,
41418,1140.75,,
41015,1912.5,,
41338,831.1122,,
41736,1060.56,,
40792,665.55,,
41900,580.72,,
41654,877.92,,
41582,712.8,,
41451,989.04,,
40807,1403.244,,
41794,413.64,,
41523,1144.89,,
41215,1292.1,,
41526,1998.24,,
41659,887.271,,
41131,558.9552,,
40897,455.1,,
41964,1837.56,,
41983,3445.344,,
41577,442.638,,
41457,679.671,,
40589,1235.286,,
41184,503.96,,
41536,792.36,,
41032,1516.28136,,
41968,727.5,,
40736,1057.8,,
41808,587.16,,
41942,659.54,,
41807,1134.21,,
41304,1439.968,,
40641,1666.656,,
41514,911.04,,
40905,848.32,,
41867,1028.601,,
41179,1871.88,,
41885,1199.8,,
41237,645.138,,
41562,1649.75,,
41602,443.07,,
40910,417.34,,
41040,1054.02,,
41628,1027.2,,
41233,873.2928,,
41830,561.12,,
41499,724.12,,
41003,644.076,,
40952,612.684,,
40954,546,,
41964,1078.08,,
41470,751.872,,
41247,1495.35,,
41650,2243.88,,
40637,657.84,,
41874,578.136,,
41440,1057.9798,,
40772,578.976,,
41459,710.76,,
41908,877.38,,
40798,666.96,,
41956,671.984,,
41078,899.82,,
41873,815.796,,
41620,363.92,,
41926,348.56,,
41031,529.8,,
41986,1070.16,,
41614,681.92,,
41013,1058.1,,
41842,1101.33,,
40703,667.539,,
40966,633.48,,
41607,2478.6,,
41920,1115.91,,
41424,628.11,,
40896,1395,,
41911,848.07,,
41323,1970.496,,
41452,931.77,,
41676,1867.136,,
41183,572.8,,
41060,2567.84,,
41919,378.405,,
41953,1019.904,,
41912,720.42,,
40760,1133.35,,
40870,381.44,,
40855,394.704,,
41744,1354.95,,
40666,532.77,,
40764,956.16,,
41449,1111.56,,
40897,1899.54,,
40701,846.78304,,
40882,640.725,,
40886,1725.057,,
41499,1019.7,,
41242,699.2,,
41766,868.959,,
41635,700.68,,
40800,464.292,,
41883,569.568,,
41458,1011.738,,
41106,486.324,,
41558,947.22,,
41382,720.48,,
41016,1447.65,,
41247,1799.75,,
41278,1523.664,,
40823,1272.3,,
40627,413.37,,
41806,2239.936,,
41999,1820.7,,
41375,387.396,,
41586,650.72,,
40822,900.96,,
40631,639,,
41470,380.864,,
41080,762.93,,
40553,588.6,,
41508,1428.3,,
41179,3187.5,,
41132,738.36,,
41316,1091.04,,
41228,496.83,,
40813,1140.75,,
40655,645.2775,,
41907,735.408,,
41265,780.423,,
41608,1828.98,,
41176,1408.1,,
41627,573.615,,
41012,519.66,,
41578,1142.064,,
41563,1140.3,,
41486,715.64,,
40704,314.0046,,
40774,359.235,,
41974,1781.682,,
41624,307.152,,
41949,2080.32,,
41162,682.5,,
41922,640.08,,
41281,1603.314,,
41166,911.328,,
41880,1274.3625,,
41939,444.5415,,
41376,459.52,,
40707,1512.20952,,
40590,1210.86,,
41766,772.68,,
41990,275.52,,
41982,1052.433,,
41165,274.995,,
41004,892.224,,
41246,985.824,,
41953,2408.0925,,
41893,930,,
41824,1301.44,,
40859,507.84,,
41901,918.78,,
41715,445.44,,
40848,1549.98,,
41897,2180.34,,
40871,963.9,,
41185,766.8,,
41569,672.19292,,
41955,3221.4,,
41606,3232.845,,
40991,724.536,,
41414,621.45,,
41968,1387.68,,
41811,858.96,,
41855,613.89,,
40875,998.85,,
41629,1239.3,,
40695,881.93,,
41068,743.265,,
40703,511.623,,
41046,1162.485,,
40893,627.168,,
41864,1218.45,,
41558,395.4,,
41745,1393.875,,
40686,767.952,,
41989,1058.1,,
41449,770.85,,
41463,384.72,,
41655,1040.22,,
41946,1380.6,,
41351,971.5,,
41536,870.24,,
40737,583.92,,
41941,832.842,,
41436,2276.4825,,
41591,1533.33,,
41151,1894.4205,,
41019,1087.2,,
40947,635.80584,,
41285,816.264,,
41170,1676.259,,
41752,548.64,,
41634,770.3064,,
41930,1192.56,,
41527,532.8,,
41174,423.24,,
41141,354.9,,
41173,659.424,,
41339,621.18,,
41205,762.075,,
41810,1094.22,,
41990,575.96,,
41977,785.91,,
41487,450.66,,
41033,1017.927,,
41162,280.872,,
41038,911.358,,
41550,1287.432,,
41752,1543.44,,
41467,723.3,,
41498,1091.34,,
41313,629.424,,
41663,970.048,,
41996,1109.052,,
40871,1502.376,,
40781,2223.99,,
41855,1167.48,,
41162,735.048,,
41082,796.425,,
41131,451.6,,
41207,1431.135,,
40599,393.96,,
41784,951.0426,,
41884,1297.62,,
41521,1023.36,,
40654,485.856,,
41079,2570.94,,
41228,3421.467,,
41234,724.248,,
41682,1822.536,,
41073,863.2,,
41425,920.4,,
41593,1022.256,,
41419,440.37,,
40701,381.76,,
40829,1139.16,,
41199,2052.54,,
41864,1497.44,,
41053,602.651,,
41817,967.552,,
41847,1649.95,,
41468,612.9,,
41736,1250.235,,
41811,598.104,,
41859,555.6,,
41990,1813.5,,
41829,500.13,,
41515,1269.912,,
41745,1431.4725,,
41649,1621.9275,,
40794,975.92,,
40794,1591.11,,
41724,898.74,,
40871,1707.264,,
41586,1603.136,,
41067,1084.68,,
41823,993.25408,,
41062,1016.64,,
41246,1236.6,,
41885,476.28,,
41835,2525.184,,
41337,1845.72,,
41438,552.204,,
41411,1208.25,,
40864,526.40508,,
41177,1000.98,,
41591,674.352,,
41234,1252.704,,
41638,884.952,,
40785,569.22,,
40975,461.484,,
41873,765,,
41435,370.02,,
40576,583.92,,
40547,1648.44,,
41879,1100.16,,
41550,630.336,,
41907,1258.7774,,
41642,913.43,,
40750,872.5514,,
41467,527.76,,
41268,462.834,,
41915,483.2,,
41888,461.052,,
41536,402.96,,
40744,262.278,,
40630,1184.72,,
41918,955.5,,
41687,735.39,,
40681,785.61,,
41011,1000.98,,
41940,642.6336,,
40602,401.28,,
41237,1455.12,,
42000,1010.34,,
41209,1362.72,,
41888,870.24,,
41536,781.47,,
41631,1232.1,,
41858,655.35,,
41053,757.5795,,
41715,1481.7,,
41142,1110.267,,
41597,1837.206,,
41510,497.64,,
41512,1422.24,,
40961,988.008,,
41212,1168.83,,
41908,769.68,,
41533,1860,,
41528,719.96,,
40697,384.21,,
41943,1702.12,,
41911,1059.237,,
40583,618.56,,
41775,1601.46,,
40637,1063.9678,,
41072,714.204,,
41706,474.18,,
41292,1051.38,,
41369,826.2,,
41961,1318.38,,
40600,988.3194,,
41040,900.9,,
41841,609.52,,
41956,1187.64,,
41308,866.4,,
41690,2042.544,,
41305,1270.99,,
41017,1657.08,,
41527,1205.54,,
41477,757.32,,
41929,1096.326,,
41185,1567.62,,
40716,619.02,,
40546,912.456,,
41807,1859.55,,
40822,965.58,,
41921,535.68,,
41974,1414.53,,
40728,799.848,,
41779,828.36,,
41349,1352.032,,
41820,307.314,,
41039,569.88,,
41226,951.72,,
41489,333.576,,
41620,2346.84,,
41863,414.75,,
41953,215.976,,
41894,406.6,,
41942,758.85924,,
41061,1969.596,,
41808,590.1174,,
41730,671.93,,
40766,756.78,,
41998,1649.25488,,
41323,388.8,,
41698,545.4,,
41619,414.666,,
41220,396.84,,
41239,955.17,,
41984,914.34,,
40694,1245.024,,
41818,240,,
40798,1250.04,,
41981,676.8,,
40889,1112.778,,
41513,1241.28,,
41157,750.06,,
41448,1536.489,,
41859,707.88,,
41425,552.24,,
41871,689.22,,
41164,332.43,,
41277,970.272,,
41823,854.28,,
41545,762.075,,
41183,1852.875,,
41793,714.42,,
41766,881.55,,
41690,724.248,,
41897,1119.582,,
41650,1290.6,,
41624,364.284,,
41554,967.032,,
41310,415.62,,
41990,1058.25,,
41541,743.04,,
41185,1220.31,,
40837,1302.696,,
41206,1417.3578,,
41898,1715.91,,
41589,720.76,,
41587,1277.82,,
40759,616.2,,
41791,414.66,,
41706,1078.08,,
41354,820.665,,
41779,488.88,,
41222,1198.32,,
41820,514.548,,
40893,1744.64,,
40809,1107.2,,
41528,664.2,,
41255,852.48,,
40872,1117.92,,
40888,632.21304,,
40898,629.58,,
41960,1549.296,,
40984,729.5295,,
40686,918,,
41591,1537.074,,
41032,339.96,,
41887,605.61,,
40858,494.6088,,
41626,1134.94556,,
41824,545.85,,
41295,1022.528,,
41943,614.272,,
41741,1603.071,,
41916,822.96,,
41474,773.28,,
41624,1057.14,,
41908,2171.3,,
41534,586.944,,
41229,485.1288,,
41572,587.16,,
40785,757.2,,
41640,677.4075,,
41794,536.43,,
40882,1113.024,,
41612,542.646,,
41123,566.52,,
40886,1280.08,,
41597,793.56,,
41397,925.92,,
40883,1048.56,,
41355,265.74,,
41725,500.7,,
41513,1024.716,,
41921,1174.08,,
41453,583.44,,
41948,342.09,,
41036,633.18,,
40872,659.424,,
41247,723.12,,
41865,2124.72,,
40819,1236.2,,
41459,706.86,,
41433,1180.095,,
40574,1917.24,,
40714,351.9,,
41836,872.94,,
41215,447.93,,
41873,568.728,,
41169,900.234,,
41724,569.07,,
41024,579.45,,
41537,361.584,,
41282,826.56,,
41278,306.992,,
41066,657.006,,
41711,969.36,,
41044,338.4,,
40877,688.743,,
41423,1697.25,,
41155,345.23736,,
41589,228.33,,
41913,319.98,,
41522,1459.68,,
40554,1322.8,,
40805,274.5,,
41529,654.102,,
41645,1828.71,,
41778,987.957,,
41152,1281.75,,
41960,292.2,,
41853,1439.982,,
40816,939.84,,
41684,1051.7175,,
41796,619.2,,
41753,1337.634,,
41654,284.16,,
41935,579.136,,
40757,838.38,,
41975,1502.976,,
41759,1048.35,,
41853,785.088,,
41022,1219.61588,,
41538,383.95056,,
41431,445.2369,,
41758,794.736,,
41991,1693.3,,
40870,773.4,,
40905,538.24,,
41968,1130.76,,
41439,366.75,,
41422,747.054,,
41723,717.408,,
41166,991.2,,
41591,1474.802,,
41233,863.2,,
41531,2491.2,,
41212,820.44,,
41915,2314.116,,
40802,552.96,,
41768,1094.22,,
41954,931.176,,
41823,1293.75,,
40882,830.88,,
41813,992.16,,
41213,323.136,,
41915,985.2,,
41027,3812.97,,
41528,254.85,,
41820,517.92,,
41262,541.92,,
41694,997.29,,
41878,999.9639,,
40863,856.8,,
40665,1388.88,,
41634,252.558,,
41114,1034.8938,,
41947,513.12,,
40920,1195.2,,
41860,964.17,,
40787,767.52,,
41142,598.458,,
41523,759.6,,
41139,716.55,,
41381,881.685,,
40913,425.28,,
41911,1242.36,,
41915,1174.56,,
40899,1589.4,,
41282,1565.88,,
41275,2189.52,,
41870,487.38,,
40922,391.86,,
41712,1332.496,,
41953,1192.3106,,
41477,1771.74,,
42003,457.164,,
41444,910.98,,
41996,2379.618,,
41097,252.48,,
41992,965.0475,,
41242,782.28,,
41922,772.776,,
41502,657.216,,
41653,596.4,,
41538,1060.8,,
41725,1031.04,,
40883,1885.428,,
40882,802.07264,,
41893,636.15,,
40819,780.165,,
41159,559.93,,
40785,394.56,,
40997,1166.92,,
40987,383.4656,,
41071,1419.6636,,
41449,1268.96,,
41605,654.48,,
41439,2078.64,,
41103,756.9,,
41369,286.8,,
41886,613.89,,
41276,1053.6884,,
41869,362.151,,
41782,1286.67,,
40820,879.6,,
41934,683.952,,
41224,418.32,,
41611,2079.4,,
40619,1579.746,,
41170,1285.56,,
40992,359.058,,
41533,1047.948,,
41188,296.4884,,
41187,1825.6182,,
41135,2171.6,,
41906,620.298,,
40716,618.78,,
41724,479.984,,
41879,849.75,,
41580,661.905,,
41792,815.6286,,
41983,1105.92,,
40605,1095.66,,
41611,1113.264,,
41572,704.76,,
41129,1285.05,,
41905,749.49,,
41824,1065.96,,
41634,1747.25,,
41347,1810.26,,
40742,1207.08,,
41152,639.84,,
40659,683.5785,,
41905,980.91,,
41858,1708.74,,
41988,591.948,,
40644,383.976,,
41404,1088.235,,
41443,1331.253,,
41853,610.47,,
41961,551.04,,
41988,458.16,,
41530,395.82,,
41957,651.48,,
41148,861.9,,
41877,246.48,,
41236,770.3811,,
41876,457.7616,,
41129,562.08,,
41201,1640.7,,
40795,785.88,,
41402,305.92,,
41041,410.184,,
41255,169.1208,,
41449,862.344,,
41562,825.36,,
41715,879,,
40655,414.66,,
41260,715.86,,
41586,656.56,,
40957,795.6,,
41166,831.24,,
41128,1534.96,,
41512,913.05,,
41859,876.3,,
41481,2430.08,,
41729,812.88,,
41145,1420.416,,
41603,607.512,,
41802,1227.03,,
41991,459.63,,
41961,448.48,,
40892,1112.208,,
41879,490.32,,
40698,324.52,,
41310,876.3,,
40794,457.326,,
40863,305.9745,,
40806,629.95,,
41828,527.92,,
41929,891.5256,,
41436,487.88,,
41576,1082.48,,
40871,646.2,,
40898,1325.76,,
40847,993.06,,
41212,1494.6,,
41559,362.151,,
41492,607.2,,
41858,824.95,,
41792,378.45,,
41586,1193.4,,
41356,454.779,,
41450,829.52,,
40987,383.76,,
41948,1359.96,,
41941,618.56,,
41228,586.764,,
41442,1128.735,,
41467,1275,,
40919,2004.156,,
41152,1639.872,,
41601,1483.704,,
40740,523.86,,
41169,425.5695,,
41795,1320,,
41820,409.9992,,
41852,795.6,,
41453,266.25,,
40945,670.752,,
41246,259.524,,
41820,469.12,,
41428,1548.36,,
41982,759.66,,
41852,512.7,,
41440,1293.488,,
41548,1065.96,,
41751,908.82,,
40627,1396.92056,,
41439,259.83,,
41880,1137.75,,
40773,924.21,,
41751,895.05,,
41963,718.116,,
41401,1240.12,,
40897,705.348,,
41376,669.222,,
40864,437.58,,
41794,1099.5,,
41977,1515.24,,
41931,768.366,,
41201,984.9,,
41458,470.772,,
40850,292.8,,
40795,1325.85,,
41199,1777.8,,
41689,1272.6,,
41479,250.2,,
41124,706.806,,
41853,242.856,,
40684,507.6,,
41344,523.602,,
40871,611.058,,
40977,788.9256,,
40724,533.1588,,
41256,1241.28,,
40948,667.539,,
41338,719.9874,,
41206,454.272,,
41542,741.96,,
41891,685.44,,
41940,429.92,,
41221,1571.724,,
41010,1147.23,,
41955,412.56,,
40794,424.2,,
41779,602.28,,
40716,469.287,,
40954,338.1,,
41079,914.49,,
41904,333.78,,
41618,1056.86,,
41818,831.24,,
41972,973.32,,
41618,875.376,,
41155,525.51,,
41655,461.6,,
41252,690.48,,
41369,915.12,,
41122,1621.44,,
40691,1302.96,,
40676,1025.4,,
41297,1564.29,,
41603,1785.78,,
41646,3810.996,,
40576,549.927,,
41606,497.16,,
41332,538.44,,
41542,287.94,,
41610,901.95,,
41229,1880.64,,
41620,403.92,,
40915,1402.29,,
41932,465.24,,
40677,724.8,,
40697,972.648,,
40863,520.56,,
41738,252.18,,
41621,500.49,,
40829,635.08728,,
41652,1301.25,,
40565,888.93,,
41645,919.89,,
41737,684.16,,
41263,2811.45,,
41283,727.056,,
41304,435.168,,
41799,805.707,,
41556,773.12,,
40798,776.79,,
41536,801.568,,
40994,477.54,,
40946,651.06,,
41471,1785.2304,,
41542,1302.78,,
41766,1104.48,,
41226,1002.95008,,
40632,729.135,,
41974,657.776,,
41180,576.6,,
41980,418.446,,
40641,526.08,,
40863,616.14,,
41981,747.36,,
40626,453.06,,
41832,746.82,,
41787,1877.16,,
40908,674.244,,
40759,439.2,,
41131,527.46,,
41918,799.47,,
41332,521.82,,
41551,1121.832,,
41078,716.1,,
41381,723.3,,
41959,2503.872,,
41086,971.88,,
41099,1420.83264,,
40717,764.28,,
41487,863.31,,
41530,414.72,,
40786,768.144,,
41664,575.856,,
41633,1463.64,,
41932,300.18,,
41268,2906.766,,
41227,481.14,,
40743,980.91,,
41843,439.5,,
40906,767.952,,
40901,818.376,,
40780,392.67,,
41767,374.85,,
41886,419.4,,
40684,617.97,,
41466,616.572,,
41996,839.43,,
41472,1252.584,,
41064,1220.87336,,
41968,977.292,,
41890,1577.94,,
40807,620.64,,
41593,1093.248,,
41019,961.43328,,
41603,682.95,,
40613,587.97,,
41925,1350.99,,
41551,572.454,,
41390,697.32,,
41598,402.39,,
41499,1285.38,,
41130,670.14,,
41956,633.48,,
41985,865.62,,
41263,434.16,,
41876,646.272,,
40632,251.944,,
41579,887.976,,
41584,863.128,,
41635,1031.04,,
41983,1380.1,,
41380,910.35,,
41513,850.35,,
41653,537.6,,
40729,479.97,,
41737,526.62,,
41587,713.15088,,
40687,1444.128,,
41535,295.4,,
41576,1519.32,,
41256,246.6,,
41302,335.52,,
40746,717.72,,
40767,806.336,,
41824,529.32,,
41825,714.72,,
41347,449.1,,
40675,1074.06,,
41503,718.2,,
41999,663.39,,
41515,583.308,,
41755,476.361,,
41218,489.96,,
41398,431.976,,
41347,386.68,,
40687,850,,
41205,463.176,,
41502,1195.2,,
41890,875.61,,
41510,727.296,,
41224,645.948,,
41279,1232.352,,
41587,770.4,,
40620,1856.19,,
41564,1243.9044,,
41877,607.14,,
41465,638.91,,
41790,296.34,,
41908,956.664,,
41558,401.976,,
41696,1918.98,,
41400,987.56,,
41885,1173.42,,
41268,606.1328,,
41215,2070.9,,
41988,1473.408,,
41073,442.26,,
41522,494.1,,
41197,1557,,
41478,876.528,,
41877,410.88,,
41656,714.204,,
40844,616.998,,
41743,1578.636,,
41873,624.24,,
41568,426.3,,
40777,1395.24392,,
41937,1234.359,,
41598,364.14,,
41018,692.73176,,
41964,825.792,,
41065,245.13,,
41127,330.64,,
40871,351.09,,
41395,636.3,,
41998,1135.8,,
40725,575.92,,
41688,1539.36,,
41564,899.16,,
40817,1016.64,,
41878,892.5768,,
41963,643.8852,,
41513,1206.84,,
40957,579.6,,
40647,541.44,,
41870,843.9,,
41096,342.51,,
41093,793.8,,
41214,914.28,,
40934,527.0085,,
41856,528.444,,
41901,548.694,,
41088,822.852,,
40569,334.3035,,
41855,1745.34,,
40856,603.54,,
41807,2114.64,,
41555,1707.21,,
41920,1695.87,,
41821,627.9,,
41900,555.228,,
41541,1168.44,,
41932,1158.408,,
41423,1260.1746,,
41144,664.35,,
41814,1236.465,,
41025,218.16,,
41521,881.34,,
40906,353.16,,
41222,2321.9,,
41560,915.9,,
40819,1039.27728,,
40893,1081.08,,
41982,385.76,,
40558,526.62,,
41969,1157.22,,
40690,359.32,,
41820,1227.717,,
40787,1100.16,,
41537,677.817,,
41213,398.352,,
41978,1262.925,,
41633,1255.5,,
41435,1579.86,,
41957,1174.56,,
40759,728.64,,
41865,1316.448,,
41192,1801.632,,
41429,885.87,,
41880,636.36,,
41926,381.78,,
40851,1035.72,,
41795,756.6,,
41351,1463.64,,
41936,823.96,,
41663,1226.52,,
41267,1126.296,,
40759,1758.12,,
41597,799.83,,
41360,958.63888,,
41170,717.12,,
41990,637.5,,
42002,516,,
41720,706.65,,
41454,1691.235,,
41396,370.62,,
41811,878.904,,
41729,1272.12,,
41469,680.562,,
41628,491.456,,
40917,919.89,,
41087,714.42,,
41951,637.335,,
41543,504.06984,,
40960,2541.98,,
41855,504.36,,
41127,740.34,,
41562,636.3,,
41072,967.2,,
41668,853.344,,
41809,1360.62,,
40725,622.86,,
41899,408.3,,
41072,567,,
41611,575.16,,
41992,1599.9,,
41134,828.06,,
40716,1285.56,,
41964,637.35,,
41988,764.28,,
41808,540.192,,
40823,578.61,,
41639,848.4,,
41895,1074.8,,
41963,868.64,,
41423,558.4,,
40626,245.514,,
41862,397.89,,
40882,744,,
41202,986.904,,
40828,1092.72,,
41884,852.498,,
41275,1362.06,,
41603,634.95,,
41545,449.496,,
40736,698.352,,
40836,505.32,,
41057,824.28,,
40886,874.02,,
41823,672.72,,
41051,620.055,,
41600,1050.732,,
40813,603.92,,
41619,591.7032,,
40668,1047.48,,
41303,497.7,,
41819,1391.76,,
41849,504.0756,,
40764,2060.744,,
41156,956.16,,
41390,709.3125,,
40941,1109.16,,
41362,685.8,,
41659,568.47,,
40897,256.74,,
41221,371.97,,
41131,463.68,,
41872,412.695,,
41577,505.95,,
40866,1025.88,,
41940,972.864,,
41443,370.944,,
41760,653.13,,
41150,1533.33,,
41533,1700,,
41794,594.27,,
41813,822.852,,
41778,744.066,,
40612,520.11,,
41925,1291.65,,
41900,925.23,,
41834,574.47,,
41531,714.24,,
40863,344.91,,
41243,335.744,,
41900,389.655,,
40819,1567.62,,
41150,910.35,,
41351,318.08256,,
41951,1193.4,,
41977,345.28,,
40805,887.103,,
41487,643.977,,
41565,315.98,,
41928,667.56,,
41496,560.916,,
41893,1781.19,,
41926,1268.96,,
41628,881.9326,,
40763,1199.976,,
41963,333.9,,
40620,1279.968,,
41369,1225.65,,
41303,516.9,,
41961,262.528,,
41268,736.218,,
40945,1268.82,,
41960,899.982,,
41627,961.48,,
40975,1079.568,,
40849,1262.061,,
41605,494.982,,
41778,1034.88,,
40722,628.44,,
40795,1369.2,,
41071,826.56,,
41785,634.24,,
41170,1259.93,,
41988,308.7,,
40693,956.13,,
41369,588.784,,
41788,429.48,,
41473,566.4,,
40563,825.36,,
41486,1393.92,,
41981,1022.22,,
41060,896.76,,
41271,1138.44,,
41604,1568.61,,
41845,1127.76,,
41893,397.44,,
40640,731.424,,
41783,1486.53,,
41898,512.96,,
41743,895.92,,
41078,492.84,,
40843,2190.72,,
41162,1000.98,,
40673,1432,,
40850,1199.76,,
41458,528.43,,
40564,1244.16,,
41964,432.6,,
40808,687.48,,
40558,652.32,,
41646,1788.588,,
41849,1744.64,,
41982,1336.829,,
40747,479.04,,
41911,1274.7,,
41887,327.12,,
41841,229.056,,
40576,380.88,,
40600,685.44,,
41879,347.97,,
41985,520.464,,
41240,748.752,,
41410,825.6,,
41584,625.02,,
40704,672,,
41384,371.52,,
41262,434.352,,
40716,853.93,,
41158,2447.55,,
40822,667.92,,
41627,481.52,,
41135,1360.56,,
41498,1114.9656,,
40754,512.0436,,
41530,244.26,,
41956,370.782,,
41859,773.55,,
40995,829.44,,
40550,609.98,,
41062,538.44,,
41888,1239.84,,
41222,1297.62,,
40647,625.02,,
41472,494.376,,
41113,1282.8,,
41614,786.8232,,
41625,611.745,,
41281,1156.896,,
41074,550.08,,
40754,619.2,,
41691,805.896,,
41229,672.448,,
40770,338.94,,
41457,631.91364,,
41436,634.1192,,
41136,319.56,,
41239,692.472,,
41626,447.264,,
41729,745.686,,
41786,828.06,,
40869,332.28,,
41549,1292.1,,
41176,651.48,,
41911,881.55,,
41223,715.64,,
41965,1039.992,,
41778,1285.56,,
41081,1609.29,,
41799,1579.92,,
41859,264.384,,
41227,709.0275,,
41647,769.86,,
41216,1212.848,,
41969,740.7,,
41531,1231.05,,
40764,1091.168,,
41705,692.44,,
41893,1094.22,,
41808,458.4,,
41695,1319.8,,
40864,4007.84,,
41538,968.4,,
41254,1324.88,,
40903,230.352,,
41096,1952.424,,
41480,1272.186,,
40759,963.36,,
40708,1272.12,,
41683,1726.65,,
41068,509.868,,
41067,509.88,,
41808,370.818,,
40701,386.1,,
41211,1169.36,,
41818,199.08,,
41698,1272.42,,
41969,424.8,,
40797,446.04,,
41534,464.049,,
41743,821.52,,
41831,972.64,,
40623,780.84,,
41352,214.455,,
40883,639.45,,
41466,1248.8625,,
40878,1181.016,,
41260,546.66,,
40858,575.928,,
40681,1058.58,,
41519,215.46,,
41419,1107.9369,,
41943,959.104,,
41983,526.5,,
42004,1048.7313,,
41967,814.374,,
40794,322.44,,
40719,1044.2166,,
41594,630.024,,
40949,406.2888,,
40627,190.92,,
41108,424.158,,
41856,781.224,,
41874,1221.48,,
41977,189.6,,
41490,872.13,,
41496,887.46,,
41821,1085.42,,
41991,1656.72,,
41893,406.98,,
41411,575.64,,
41946,672.96,,
41582,341.9766,,
41442,531.36,,
40718,728.595,,
41808,835.056,,
41521,463.68,,
41183,917.73,,
41962,929.988,,
41606,488.16,,
41815,370.6425,,
41187,591.3,,
41950,811.104,,
41403,316.296,,
41996,695.16,,
41486,690,,
41386,547.128,,
41487,294.66,,
41052,850.5,,
41551,509.88,,
41026,467.43,,
41946,452.55,,
41532,406.44,,
41998,962.4712,,
41284,751.6299,,
41141,824.04,,
40684,755.2,,
41436,1227.2,,
41604,599.16,,
41582,828.8811,,
40801,1292.7,,
40645,1075.088,,
41886,1378.56,,
41086,763.26,,
40830,2544.24,,
41010,782.0328,,
41390,1314.45,,
40702,1676.88,,
41957,720.064,,
41480,348.81,,
41628,1715.16,,
40564,1067.94,,
41594,848.124,,
41593,542.1,,
41442,333.84,,
41431,743.58,,
40596,476.982,,
40931,1519.32,,
41788,1893.888,,
41402,779.58,,
41143,914.5125,,
40801,749.07,,
41425,801.568,,
41242,1188.36,,
41919,910.8,,
41460,554.16,,
41684,573.48,,
40812,437.7171,,
40771,853.092,,
41149,892.35,,
41829,525.69,,
41391,406.44,,
41103,815.796,,
41614,1466.88,,
41555,2348.4,,
40744,981.372,,
41909,826.56,,
41542,245.13,,
41229,696.42,,
40765,5100,,
41558,1285.56,,
41576,248.796,,
41871,1272.42,,
41774,877.02,,
41298,381.63,,
41998,848.08,,
41800,559.062,,
41104,758.484,,
41527,632.34,,
40799,410.8,,
41838,816.72,,
41032,844.116,,
41873,1244.16,,
41724,1526.56,,
41947,760.2,,
41855,622.2,,
41436,546,,
41977,521.96,,
41937,517.405,,
41920,505.90616,,
40751,823.8591,,
41626,458.208,,
41159,495.42,,
41642,1256.445,,
40835,1741.8,,
41755,950.4,,
40711,421.27576,,
42002,972.864,,
40757,275.4,,
41760,677.58,,
41533,1841.67,,
41798,578.79,,
40714,1516.28136,,
41827,1026.90208,,
41078,643.136,,
41746,477.24,,
41016,783.96,,
41971,643.1508,,
41983,223.398,,
41500,365.283,,
41344,3357.6,,
41750,848.544,,
41682,655.452,,
40703,911.424,,
41813,806.68,,
40984,1454.832,,
41394,780.3,,
41509,1409.76,,
41997,1314.432,,
41218,286.848,,
41258,899.91,,
41716,1076.406,,
41488,396.9,,
40899,1136.94,,
41177,477.6,,
40757,911.04,,
40701,1359.864,,
41965,1162.89,,
40747,1023.936,,
41491,1484.544,,
41898,1209.45,,
41893,829.32,,
41982,531.36,,
41887,478.8404,,
41799,381.576,,
40893,319.968,,
41764,853.65,,
41908,603.42,,
41619,850.95,,
41688,951.8376,,
41147,437.688,,
41930,1123.1703,,
40885,743.904,,
40856,275.58,,
41885,642.69,,
41156,888.4755,,
41420,1267.65,,
41855,1533.9,,
40844,434.4,,
41009,950.4,,
41947,891.99,,
41965,578.976,,
41884,780.75,,
41963,821.88,,
41206,820.7,,
41416,236.97,,
40856,523.602,,
41256,248.85,,
41933,269.64,,
41215,1038.84,,
41031,435.45,,
41788,1244.16,,
40848,283.26,,
41047,692.7,,
40912,673.05,,
40894,468.72,,
41718,327.24,,
40644,492.1236,,
41727,532.72,,
41939,877.02,,
40606,554.76,,
41129,447.86,,
41729,325.86,,
41778,1182.8296,,
41019,230.74428,,
41635,400.848,,
41652,323.82,,
41970,1175.4,,
41096,1123.08,,
41888,729.99,,
41123,1106.46,,
41801,493.38,,
41167,1063.9678,,
40689,2858.52,,
41026,1267.53,,
40981,915.136,,
41143,849.92,,
41405,697.584,,
41296,568.32,,
41439,1322.01,,
41251,338.7,,
41289,496.53,,
41579,568.269,,
41995,261.48,,
41012,494.464,,
41960,496.53,,
41683,740.775,,
41670,604.768,,
41782,269.865,,
41943,720.42,,
40893,1409.04,,
41725,1048.194,,
41234,2615.94,,
41922,652.45,,
41625,1440.96,,
40708,636.06,,
41194,1978.56,,
41894,1079.784,,
41502,1107.432,,
41207,305.1,,
40827,433.568,,
41519,4355.168,,
41570,1238.55,,
40563,372.28,,
41454,741.96,,
40834,961.8,,
41157,756.54,,
41046,546.588,,
40841,430.848,,
41323,1026.24,,
41393,319.2,,
40811,1017.522,,
40764,457.14,,
40588,297.48,,
41932,246.3,,
40928,636.24,,
41599,944.93,,
41583,534.6,,
41533,449.874,,
41610,637.08,,
41366,302.4,,
41198,824.97,,
41835,470.376,,
40869,218.25,,
41170,347.8377,,
40848,527.16,,
41975,541.24,,
40701,712.65,,
41948,788.4,,
41913,204.912,,
41596,683.256,,
41800,765,,
41423,613.56,,
41796,1161.54,,
40703,1706.184,,
41544,747.558,,
41514,346.761,,
41907,783.72,,
41969,723.92,,
41880,986.37,,
41635,583.872,,
41621,979.695,,
41603,657.552,,
40773,498.744,,
41883,465.24,,
41013,970.2,,
41785,341.55,,
41919,487.38,,
41620,328.59,,
41083,967.56,,
41976,382.41,,
41330,1322.01,,
41879,243.69,,
41687,344.5425,,
40816,577.888,,
41897,1137.2235,,
40815,686.32,,
41491,357.3648,,
41381,536.43,,
41172,499.56,,
41307,397.8,,
41483,589.815,,
41353,1277.82,,
40600,287.4456,,
41271,764.82,,
41963,351.339,,
41025,831.936,,
41424,979.95,,
41142,663.072,,
41005,1247.4,,
41914,248.82,,
41948,911.358,,
41905,776,,
41626,533.82,,
40818,318.4,,
40795,766.8,,
41660,1745.34,,
41443,1078.0455,,
41948,1173.0492,,
41468,457.95,,
41068,497.6556,,
40695,2001.86,,
41162,492.3,,
41906,637.416,,
41416,826.2,,
41099,439.2,,
41166,628.44,,
40918,1018.104,,
40546,666.84,,
40879,379.287,,
41515,551.872,,
40875,880.32,,
41584,756.8,,
41855,1327.2,,
40682,785.79,,
41484,837,,
41528,864,,
41830,524.64,,
41332,756,,
41330,496.64472,,
41008,367.83,,
40707,284.4,,
41822,734.4,,
41827,1164.375,,
41254,769.176,,
41964,517.92,,
41438,460.1688,,
40701,506.43,,
41481,940.914,,
41356,247.455,,
40619,1071.576,,
40831,958.68,,
41720,1805.88,,
41905,691.96,,
41668,415.08,,
40612,636.408,,
41425,1979.7,,
41615,831.24,,
41681,688.74,,
40867,833.94,,
41802,377.6,,
40785,500.576,,
41864,890.595,,
40603,364.416,,
40665,246.48,,
41954,664.767,,
41942,1269.84,,
41803,514.2348,,
41781,639.06,,
40791,555.516,,
40831,339.39984,,
41767,799.2,,
41510,837.6,,
41872,634.848,,
41441,912.6,,
41081,435.12,,
40799,1474.128,,
41428,437.157,,
40878,1894.05,,
41579,516.66,,
41682,369.09,,
41410,511.84,,
41069,461.43,,
41440,637.184,,
41533,661.851,,
40877,286.8,,
41054,471.96,,
41260,336.72,,
40814,477.12384,,
41589,330.04,,
41418,941.77824,,
41808,607.824,,
41758,751.984,,
41604,594.54,,
40744,272.76,,
41825,523.341,,
41459,537.4,,
40553,967.98,,
41556,340.86,,
40695,805.56,,
41761,764.28,,
41291,1375.8456,,
41620,458.43,,
41778,302.94,,
41856,259.74,,
41803,228.744,,
40620,543.456,,
41755,857.1,,
41067,730.6173,,
41818,1287.45,,
41991,666.08,,
41367,612.45,,
41592,428.4765,,
40824,1085.94,,
40931,683.88,,
41647,1056.1086,,
41790,1171.53,,
41618,275.68,,
41257,319.968,,
41645,773.7975,,
41976,651.96,,
41555,450.48,,
41146,308.745,,
41437,239.97,,
41193,957.5775,,
41821,1001.584,,
41775,765.36,,
41440,1115.17,,
40980,1725.462,,
41409,924.966,,
41783,292.7592,,
41936,1495.92,,
41984,500.94,,
40921,640.656,,
40947,263.52,,
41936,210.68,,
40658,453.12,,
41755,449.9145,,
41794,1105.956,,
40633,616.14,,
41759,468.6381,,
41432,1275,,
41087,846.612,,
41101,210.48,,
41397,568.29,,
41862,725.67,,
40758,525.69,,
40879,676.2,,
41250,830.2158,,
41663,927.84,,
41890,776.88,,
41471,940.0716,,
41369,189.98,,
41744,187.68,,
41901,1157.22,,
41743,396.18,,
41166,912.75,,
40625,604.752,,
41158,1252.48,,
41348,692.03316,,
40800,317.16,,
41835,517.95,,
40984,474.8301,,
41230,551.36,,
40857,601.536,,
40921,612.45,,
41457,825.1,,
41729,743.25,,
41579,1403.92,,
41449,163.908,,
41570,344.34,,
41832,1287.45,,
41675,1419.363,,
41757,825.36,,
41047,1305.36,,
41739,1167.48,,
41869,1190.49,,
41946,264.222,,
41188,687.6,,
41306,266.94,,
41066,403.83,,
41827,822.906,,
41221,754.05,,
41715,444.204,,
41853,668.925,,
41816,916.272,,
41968,293.58,,
41164,249.84,,
41305,861.9,,
41113,322,,
41757,990.36,,
41123,314.1,,
41872,511.623,,
41060,1189.728,,
41405,1048.8,,
40843,1238.688,,
41082,439.74,,
41892,732.06,,
41697,889.536,,
41169,883.8,,
40840,1422.24,,
41677,388.92,,
40687,874.68,,
40610,1330.29,,
41410,463.84,,
41604,1175.4,,
41433,600.3,,
41934,637.08,,
41312,1023.36,,
41793,1243.98,,
41634,716.40432,,
40966,493.92,,
41556,325.36,,
40885,910.6,,
41886,564.36,,
41750,793.584,,
41971,461.9,,
41934,866.0644,,
41422,396.72496,,
41667,301.41,,
40595,803.25,,
41563,868.59,,
41642,249.15,,
40697,986.202,,
41755,344.981,,
40897,662.448,,
41159,703.29,,
40897,380.457,,
41078,395.88,,
41123,558.4,,
40672,1015.9848,,
41492,2120.79,,
41191,1334.55,,
40707,631.91364,,
41162,870.24,,
41101,1053.405,,
41642,288.54,,
40653,692.85,,
41164,637.08,,
40589,874.68,,
41317,1091.25,,
40792,1119.36,,
41607,710.964,,
41816,400.784,,
41058,423.24,,
41423,454.48,,
40954,248.28,,
40924,435.294,,
40903,321.824,,
40683,660.8,,
40957,930,,
40782,741.96,,
41606,1818.84,,
40576,587.412,,
41864,517.5,,
41221,577.764,,
40896,583.8,,
41791,391.14,,
41262,1265.85,,
41247,818.08,,
41853,1336.86,,
41820,1295.78,,
40798,745.416,,
41858,595.17,,
41101,761.832,,
41370,657.396,,
41354,585.12,,
40984,491.55,,
41131,512.7,,
41606,825.36,,
41444,872.67,,
41507,1373.52,,
41537,955.17,,
41096,601.65,,
41597,1117.92,,
41628,982.912,,
40780,796.48,,
40838,503.4,,
40735,455.1876,,
41291,528.66,,
40869,426.24,,
41873,311.304,,
41986,1002.72,,
40889,764.688,,
41647,227.34,,
41893,258.9,,
41789,659.3625,,
41676,1640.7,,
41925,516.132,,
40797,287.55,,
41715,659.976,,
40851,1028.16,,
41276,1533.33,,
41256,463.84,,
41808,523.41,,
41647,388.08,,
41949,577.68,,
41995,919.26,,
41610,471.33,,
41499,185.52,,
41221,759.66,,
41455,1236.96,,
41796,755.0946,,
41682,1186.65,,
41778,1010.16,,
41579,551.61,,
41929,513.12,,
41633,485.43,,
40858,797.944,,
41863,537.28,,
41124,667.68,,
40990,633.92,,
41865,414.72,,
41634,612.84,,
40941,1184.94,,
41590,451.152,,
41801,447.2,,
41664,534.357,,
41894,358.41,,
41864,789.9525,,
41709,639.66,,
41900,1292.94,,
41120,209.93,,
41774,261.96,,
40565,825.36,,
41171,1192.737,,
41228,846.6,,
41967,709.56,,
41933,928.256,,
41999,940.914,,
41999,459.513,,
41808,863.82,,
41494,591.3,,
41366,370.53,,
41068,1490.7,,
41207,582.336,,
41513,836.64,,
41453,245.55,,
41992,456.96,,
41131,467.1576,,
40873,1133.22,,
41961,671.25,,
41261,582,,
41971,1250.04,,
41463,972.24,,
41761,314.352,,
41267,479.988,,
40907,217.584,,
41453,1987.32,,
41529,755.73,,
40822,415.44,,
41078,370.35,,
41969,227.28,,
41872,1311.552,,
40903,714.42,,
41171,355.482,,
41565,1912.32,,
41816,1133.04,,
40556,793.68,,
41961,705.348,,
40669,1131.03,,
41769,1744.64,,
40913,893.025,,
41360,682.08,,
41955,1269.72,,
40753,470.48,,
41452,987.12,,
40697,515.88,,
41044,324.36,,
41823,656.532,,
41984,333.84,,
41624,533.79,,
41982,632.07,,
41659,1785.888,,
40999,572.67,,
41509,657.4815,,
41853,788.868,,
41577,899.55,,
41130,1080.63,,
40745,1083.54,,
41876,392.31,,
40905,998.82,,
41932,253.02,,
41401,928.2,,
41207,353.85,,
41489,330.696,,
41235,353.76,,
41978,307.62,,
40681,1383.36,,
41969,304.71,,
40976,568.47,,
41614,254.52,,
41703,687.6,,
41874,861.21,,
41991,342.08,,
41922,593.568,,
41542,831.456,,
41790,773.55,,
40690,713.124,,
41170,499.99,,
41922,636.5244,,
41094,1099.96,,
40647,575.64,,
41226,763.917,,
40890,1362.825,,
41078,445.554,,
41818,999.12,,
41161,1200.888,,
41101,289.8,,
41622,357.12,,
41453,156.168,,
41026,1379.92,,
41436,956.124,,
41786,916.41,,
41878,255.42,,
41684,1280.286,,
40665,309.36,,
41494,657.15,,
41110,913.43,,
41723,488.6258,,
41226,597.915,,
40862,618.24,,
41501,824.22,,
41923,737.64,,
41684,1235.25,,
41732,360,,
41787,1009.44,,
41859,747.405,,
41389,796.1355,,
41312,531.18,,
41746,217.28,,
41988,526.582,,
41513,1545.0825,,
41643,515.184,,
41352,332.01,,
41261,710.964,,
41187,873,,
41970,1758,,
41775,1032,,
41526,696.762,,
41463,287.968,,
40943,598.68024,,
41787,1032.5,,
41762,987.45,,
40665,520.56,,
41890,455.712,,
41344,267.36,,
41998,772.605,,
41530,1059.12,,
41799,327.312,,
41531,969.36,,
41990,1279.32,,
41808,1106.19,,
41213,525.042,,
41101,255.22,,
41864,720.42,,
40876,1272.48,,
40824,1080.63,,
41545,1001.584,,
41894,928.256,,
41968,890.73,,
41611,1272.92,,
41571,331.8,,
41998,198.9,,
41600,352.44,,
41872,327.24,,
41492,651.348,,
41749,667.539,,
41661,370.152,,
41940,556.665,,
41702,656.91,,
41793,1428.84,,
41695,672.48,,
41966,754.758,,
41498,259.2,,
41848,706.4,,
41607,535.734,,
40621,323.976,,
41804,569.184,,
41100,932.992,,
41976,715.86,,
40910,413.37,,
41656,1008.063,,
40768,769.14,,
41305,677.8776,,
41229,523.25,,
41214,323.79112,,
41064,989.97,,
41443,219.84,,
41451,753.72,,
41498,1035,,
41955,621,,
40677,952.7,,
41885,1577.94,,
41901,1003.02,,
41988,306.81,,
40830,712.584,,
41411,458.136,,
41977,1054.68,,
41501,826.902,,
40606,354.9,,
41976,906.68,,
41164,249.99,,
40794,1740.06,,
40879,370.818,,
41801,514.165,,
41988,413.904,,
40670,872.32,,
41775,890.15612,,
41964,509.4,,
41612,450.441,,
40690,735.156,,
41221,756.81,,
41296,316.74,,
41432,664.36,,
41631,1629.2205,,
41410,332.64,,
41788,838.62,,
41961,356.16,,
41902,680.76,,
40976,373.08,,
41471,569.55,,
41144,234.276,,
41648,1020.612,,
40744,297.96,,
41628,988.632,,
41429,347.67,,
41404,457.92,,
41283,645.54,,
41499,244.2,,
40644,335.944,,
40924,639.84,,
41562,1154.90556,,
40796,284.1,,
41267,590.058,,
41537,599.34,,
41487,366.84,,
41187,495.42,,
41317,535.05,,
41016,750.97504,,
41366,227.28,,
41842,264.6,,
41583,459.513,,
40693,235.95,,
40882,348.488,,
41638,1635.255,,
41244,511.92,,
40806,973.32,,
41265,410.76,,
41593,370.26,,
41066,293.112,,
41059,239.97,,
41542,653.52,,
40905,513.72,,
40822,538.56,,
40886,294.729,,
41907,859.2,,
41730,166.275,,
41259,1447.56,,
40885,769.662,,
41092,1101.5676,,
41073,899.97,,
41970,350.93672,,
40779,557.2,,
41713,354.564,,
41577,376.128,,
41876,954.36,,
41507,493.56,,
41983,231.132,,
41405,743.988,,
41479,897.372,,
41344,698.04112,,
40758,712.8,,
41328,659.52,,
41999,262.14,,
41466,460.08,,
41943,484.176,,
41779,681.408,,
40929,357.36,,
41374,580.56,,
40907,328.776,,
41583,343.95,,
40717,457.95,,
41383,915.9,,
41464,360.3915,,
41087,578.421,,
40998,366.744,,
41379,515.862,,
41050,930,,
41869,427.68,,
41774,440.19,,
41626,333.6,,
41356,382.14,,
40565,666,,
40617,379.89,,
41184,391.36,,
41962,705.072,,
41964,183.968,,
41426,680.848,,
41814,604.908,,
41556,592.3,,
41278,258.9,,
40959,286.79,,
40931,848.4,,
41870,332.496,,
41045,453.4788,,
41086,303.984,,
40795,1592.7,,
41873,572.58,,
40935,2803.92,,
41233,654.24,,
41757,667.9215,,
40863,337.68,,
41980,327.564,,
41887,793.206,,
41218,343.83,,
41800,627.228,,
41091,1062.36,,
41873,553.92,,
40595,1003.02,,
41190,1133.22,,
41911,735.408,,
41170,1140.75,,
41571,288.4,,
41914,390.15,,
41268,947.079,,
41178,343.74,,
41893,1162.64,,
41692,886.41,,
41873,1233.63,,
41442,292.44,,
41138,1127.808,,
41220,697.5,,
41131,438.368,,
41289,1275.12,,
41193,657.84,,
41830,669.12,,
40665,337.23,,
41081,195.76,,
41932,277.89,,
41248,196.668,,
41996,566.2062,,
41294,1021.14,,
41836,550.2,,
41281,1091.25,,
41522,1078.08,,
41800,1215.36,,
41536,1034.4,,
41415,494.04,,
41337,756.135,,
41880,819.6975,,
41520,2610.72,,
41592,966.4,,
41583,741.852,,
41071,839.889,,
41992,1141.938,,
41267,883.84,,
41260,204.85,,
40945,216.888,,
41934,478.48,,
40862,727.5,,
41596,708.15,,
41226,643.824,,
41953,587.79,,
41818,205.8,,
41237,1239,,
41606,907.2,,
41579,735.48,,
41960,743.4,,
41886,444.42,,
41948,339.192,,
41828,409.8,,
41071,563.808,,
41662,1126.02,,
41292,520.11,,
41141,632.34,,
41310,342.37,,
41921,1144.5,,
41955,793.68,,
41102,1181.547,,
40982,429.6,,
41625,1005.156,,
41228,734.94,,
41715,856.44,,
41766,623.4648,,
41958,328.28,,
41925,610.077,,
41064,826.56,,
41255,1175.58,,
41912,923.76,,
40652,880.146,,
41796,1682.748,,
41763,772.776,,
40887,304.56,,
41215,437.94,,
41353,1155.6,,
41307,462.348,,
41113,1141.8,,
41138,254.52,,
41436,417.42,,
41519,473.976,,
41232,636.06,,
41208,1140.48,,
40826,904.032,,
41473,459.24,,
41800,583.12,,
40843,1285.47,,
41862,1158.3,,
41062,779.58,,
41905,741.852,,
41145,724.08,,
41082,622.14,,
41186,332.181,,
41600,1508.85,,
41628,751.2579,,
41942,533.82,,
41947,869.7,,
41220,369.1125,,
40805,302.46,,
41443,566.97,,
40984,308.556,,
41586,759.44,,
40576,378.81,,
41960,275.7,,
41069,355.36,,
41822,907.011,,
41167,485.904,,
41914,198.72,,
41940,266.72,,
41429,5726.16,,
41341,1931.94,,
41825,583.12,,
40703,300.18,,
41626,1270.41,,
41466,338.04,,
41457,254.496,,
41846,1116.36,,
41809,263.296,,
41358,634.68,,
41984,195.39,,
40673,609.66,,
41612,581.96,,
41951,883.792,,
40681,964.53,,
40655,1243.9044,,
41863,561.087,,
41269,535.68,,
41523,867.5,,
40711,412.8,,
41250,457.14,,
40634,295.92,,
41538,680.5,,
41410,788.67,,
41859,1039.08,,
41215,254.16,,
41946,459,,
41850,761.6,,
41270,246.48,,
41502,705.544,,
41983,1267.76,,
41816,423.3,,
41876,370.575,,
41842,207.36,,
41638,596.4,,
41776,480.522,,
41951,761.544,,
41220,549.24,,
41901,709.0275,,
41218,267.36,,
41564,333.153,,
41912,276.6,,
41233,723.168,,
41821,569.058,,
40870,583.38,,
40639,653.55,,
41614,1480.68,,
40576,692.328,,
41457,373.59,,
40719,458.4,,
41652,293.85,,
41877,580.608,,
41267,911.52,,
41579,763.92,,
41439,759.96,,
41502,432.6,,
41252,333.6,,
41806,2190.848,,
41971,637.335,,
41975,575.92584,,
41628,346.74,,
41872,833.7,,
41954,717.633,,
41538,711.12,,
41499,212.76,,
41556,468.315,,
41344,233.28,,
41697,892.224,,
41399,750.735,,
41516,947.916,,
41054,467.04,,
41310,167.96,,
40754,1367.84,,
40772,189.405,,
41809,274.407,,
41636,456.192,,
41620,385.11,,
41605,634.392,,
41926,818.25,,
41584,956.6648,,
41305,1461.2895,,
41519,1467.36,,
41898,295.056,,
41184,730.44,,
40605,751.872,,
40922,693.84,,
41577,564.76,,
41155,670.14,,
41036,552.96,,
41963,975.12,,
41376,700.68,,
41222,899.95,,
41935,696.762,,
41214,1399.93,,
41285,799.83,,
41991,481.32,,
41536,680.6,,
41439,402.9,,
41998,842.376,,
40987,1247.64,,
41536,1470.78,,
40686,1272.12,,
41624,963.2,,
41457,415.62,,
41478,580.6,,
40781,538.203,,
41162,677.6352,,
41718,653.1,,
41408,555.552,,
41347,379.96,,
41888,788.4,,
41910,692.58,,
40603,634.116,,
41981,521.82,,
41410,725.49,,
41618,435.99,,
41510,666.4,,
40653,667.32,,
41618,413.52,,
41344,332.96,,
41339,664.36,,
41260,302.94,,
40779,182.196,,
41087,340.08,,
41270,245.484,,
40672,534.8,,
40994,412.8,,
40995,381.375,,
41918,793.476,,
40991,596.052,,
41528,519.68,,
41808,1019.52,,
41618,705.72,,
42002,486.642,,
41786,521.37,,
41963,1064.2672,,
40716,807.732,,
41018,859.3065,,
40842,883.2861,,
41145,999.432,,
40878,180.075,,
41752,386.4,,
41926,254.88,,
41962,1713.96,,
41218,655.776,,
41464,823.96,,
40759,735.12,,
40598,501.47504,,
41466,596.7,,
42003,292.44,,
41530,466.768,,
40969,733.44,,
41905,486.999,,
41767,497.28,,
41040,634.96752,,
41885,421.27576,,
41739,509.04,,
40924,728.64,,
41490,517.65,,
41435,583.92,,
40829,315.2,,
40623,269.82,,
40623,287.94,,
40899,1031.4,,
41848,915.1155,,
41506,954.45,,
41161,513.12,,
41530,379.809,,
40905,1314.45,,
40898,530.22,,
41487,863.128,,
41205,820.992,,
41229,351.2892,,
41808,1031.82,,
41618,293.28,,
40716,535.14,,
41946,934.185,,
40756,922.86,,
41052,511.3962,,
41228,298.92,,
41971,561.87,,
41449,835.17,,
40672,533.82,,
41584,663,,
41659,542.94,,
41943,221.454,,
41467,731.82,,
41355,528.43,,
40882,916.8,,
41344,870.588,,
41002,1073.024,,
41880,985.68,,
41626,520.68,,
41401,435.0024,,
41426,737.586,,
40949,1144.2048,,
41858,342.072,,
41156,487.38,,
41753,366.84,,
41892,628.81,,
41569,479.97,,
41358,462.642,,
41961,410.22,,
41508,989.7,,
41236,321.36,,
41992,940.32,,
41173,887.84,,
41262,583.12,,
41243,540.36,,
41046,571.374,,
42003,387.261,,
41246,615.24,,
41877,591.3,,
40654,584.352,,
41855,340.2,,
41148,786.618,,
41752,451.818,,
40788,1793.98,,
40815,552.96,,
41108,519.96,,
40976,631.512,,
41372,545.37,,
41820,293.04,,
40898,183.84,,
41529,755.3862,,
41667,506.88,,
41956,712.3428,,
41626,433.62,,
41358,639.6,,
41137,231.36,,
41901,697.08304,,
41449,826.2,,
41823,252.84,,
41509,413.1,,
41535,396,,
41232,861.76,,
41586,359.97,,
41547,859.2,,
41954,683.4,,
41547,1420.8,,
41197,643.02,,
40885,415.44,,
41207,622.62,,
40987,1035.909,,
41932,396.333,,
40707,437.724,,
41639,911.52,,
40850,1200.312,,
41621,383.952,,
41622,1114.272,,
40840,2120.8,,
40941,985.11,,
40946,1285.44,,
41531,1567.2,,
40935,431.976,,
41265,422.625,,
41388,872.32,,
41045,704.88,,
40994,955.8675,,
41473,768.51,,
40865,931.77,,
41807,449.04,,
41815,368.5302,,
42003,271.7631,,
41712,465.16,,
40674,1212.96,,
41502,797.04,,
41262,1081.302,,
41578,293.085,,
41910,869.76,,
41936,240.744,,
41330,834.75,,
41337,646.5375,,
41402,785.79,,
41232,726.144,,
40970,815.103,,
41374,414.72,,
40584,821.52,,
41920,580.672,,
41229,582.912,,
41229,914.28,,
41072,437.481,,
41904,686.7,,
40892,923.58,,
41432,426.6,,
40962,487.62,,
41076,520.08,,
41323,985.248,,
40990,447.944,,
41487,441.9,,
40722,662.832,,
40681,697.584,,
40553,142.38,,
41366,1317.492,,
41480,453.681,,
41495,525.78,,
41804,666.84,,
41932,884.448,,
40882,809.7,,
40995,577.665,,
41921,197.88,,
41796,743.58,,
41865,1614.582,,
41234,264.56,,
40973,409.239,,
40828,220.32,,
40802,861.6,,
41156,570.24,,
41221,884.52,,
41274,509.04,,
41522,575.694,,
41498,989.04,,
40893,1403.92,,
41358,672.72,,
41841,735.98,,
41587,680.82,,
41401,497.64,,
41155,182.58,,
41366,263.88,,
41267,527.46,,
41855,400.788,,
41940,566,,
41331,439.02,,
41422,1297.368,,
41659,565.362,,
41358,798.75,,
41654,305.3925,,
40862,604.656,,
41879,879.984,,
40900,424.272,,
41500,420.864,,
41072,513.12,,
41145,587.97,,
41957,629.95,,
41264,600.53,,
41012,710.832,,
40849,799.92,,
41772,1421.52,,
41754,402.78,,
41332,743.13,,
41682,681.744,,
41380,408.744,,
41905,562.68,,
41984,426.79,,
40973,607.36,,
41101,342.54,,
41890,628.2,,
41857,727.5,,
40885,992.9955,,
41264,1214.72,,
41971,536.8,,
41115,1731.1,,
41471,633.18,,
41656,637.2,,
40773,639.66,,
41436,409.7,,
41012,1386.88,,
41138,1124.58,,
40778,811.134,,
41985,661.905,,
41188,1199.76,,
41538,934.86,,
41802,215.592,,
41925,595,,
40870,312.912,,
40848,593.64,,
41983,413.28,,
40927,587.16,,
41045,659.52,,
41988,974.988,,
41174,753.72,,
41243,280.26,,
41932,562.68,,
40886,1079.976,,
41302,695.76,,
41187,1002.95008,,
41726,711.858,,
41756,591.0156,,
41879,870.24,,
41157,333.96,,
41877,346.113,,
41593,666.72,,
40576,468.9,,
41129,570.96,,
40857,603.72,,
40871,863.4951,,
41082,1217.568,,
41748,316.05,,
41799,624.18,,
40872,1218.735,,
40832,601.55448,,
41614,699.98,,
41023,274.416,,
40695,482.48,,
41437,481.68,,
41878,588.36,,
41958,735.39,,
41891,368.226,,
41221,967.56,,
41817,619.4205,,
41411,552.56,,
41023,558.6315,,
41367,1098.96,,
40641,1215.92,,
41583,192.8,,
41488,1039.728,,
41431,254.16,,
41552,1715.056,,
41955,330.156,,
41814,402.894,,
41820,535.734,,
41165,535.68,,
40809,567.8,,
41263,1478.25,,
41404,1178.01,,
40954,699.98,,
41732,411.8,,
40690,324,,
41508,399.5775,,
41677,798.84,,
41802,1217.58,,
41894,236.952,,
41745,750.6,,
41242,343.17,,
41935,325.68,,
41965,1892.25,,
41192,235.3086,,
41150,342.225,,
41887,487.984,,
41502,921.978,,
41234,396.802,,
41409,1025.4,,
41753,1190.304,,
41558,324.06,,
40724,249.372,,
41477,502.0836,,
40891,674.6904,,
40887,671.892,,
40567,591.3,,
41951,890.052,,
40578,440.88,,
41948,1053.6884,,
41223,577.584,,
41176,947.7,,
40893,241.568,,
41986,524.58,,
41452,930,,
40859,629.064,,
41597,581.67432,,
41874,210.008,,
41261,646.776,,
41436,1335.68,,
41201,335.502,,
41863,623.7,,
40687,955.17,,
41989,831.4608,,
41537,625.02,,
41947,443.475,,
41606,876.8428,,
41739,851.57344,,
41457,871.08,,
41912,333.48,,
41894,822.3,,
41724,352.6587,,
41185,766.692,,
40603,246.48,,
40994,311.136,,
41569,661.176,,
41193,800.208,,
41503,255.78,,
41437,590.22,,
40837,409.59,,
41633,540.048,,
41346,367,,
41066,351.68,,
41443,319.41,,
41446,899.16,,
40801,784.782,,
41440,620.496,,
41823,433.95,,
41737,620.6145,,
40551,986.904,,
41670,490.3059,,
41068,426.36,,
41114,354.9,,
40730,478.48,,
41033,720.64,,
41465,473.472,,
41799,445.95,,
41094,1488.24,,
41258,262.864,,
41521,506.64,,
41984,310.88,,
40758,360.96,,
41865,534.357,,
41236,343.785,,
41967,513.213,,
41880,783.54976,,
41108,256.095,,
41898,637.08,,
41491,309.3825,,
41757,553.635,,
41240,446.068,,
41911,338.688,,
40648,335.64,,
41227,729.48,,
41310,344.682,,
41681,212.1,,
41203,154.77,,
41485,256.74,,
41565,617.28,,
41081,897.2,,
41814,528.444,,
41351,1021.14,,
41968,232.08,,
40921,547.11,,
40858,952.29,,
41234,424.944,,
40662,384.3,,
41677,706.158,,
40745,657.93,,
41478,348.34192,,
41159,791.964,,
41850,261.954,,
41271,517.92,,
41836,688.95,,
41970,1879.96,,
41797,875.7,,
41563,417,,
40694,382.56,,
41398,288.84,,
41587,243.3,,
41803,684.606,,
40751,346.74,,
41541,830.574,,
41739,643.977,,
41955,246.15,,
41912,476.49,,
41619,960.64,,
40602,358,,
40820,285.20844,,
41079,529.92,,
41534,364.59,,
41926,413.316,,
40690,827.268,,
40813,507.492,,
41512,1050.96,,
41626,478.7406,,
41155,666.248,,
41818,879,,
40770,431.37,,
40759,447.84,,
41620,686.76,,
41293,307.008,,
41955,697.2,,
41131,1001.1366,,
41410,501.248,,
41324,890.595,,
41208,724.8,,
41635,902.712,,
41694,395.82,,
41460,550.4,,
41446,506.43,,
40808,579.528,,
41589,1103.04,,
41865,702.27,,
41995,1120.77,,
41997,379.53,,
41017,244.768,,
40780,646.3044,,
41218,387.136,,
40805,1968.03,,
41442,381.915,,
41724,503.51096,,
41579,1085.42,,
40850,783.96,,
40603,704.55,,
41974,546.06,,
41638,1564.56,,
41215,467.32,,
41065,661.851,,
41290,634.74,,
41814,182.76,,
41470,419.944,,
41624,1256.88,,
41240,760.38,,
41617,195.444,,
40690,567.12,,
40956,418.716,,
41321,827.55,,
40695,449.64,,
41932,640.656,,
41743,211.92,,
41744,227.745,,
41809,800.64,,
40624,273.18,,
41283,312.576,,
41486,1036.624,,
41349,644.448,,
41090,522.48,,
41579,375.165,,
41673,207.648,,
41418,626.80224,,
41864,725.3415,,
40854,830.7,,
41146,370.52,,
41626,229.2,,
41873,866.4,,
41335,836.592,,
40970,1239.462,,
41069,269.22,,
41578,523.23144,,
41356,859.32,,
41523,507.924,,
41039,334.68,,
41440,1071.441,,
41095,518.85,,
41065,1522.638,,
40616,574.91,,
41403,246.6945,,
41268,547.136,,
41989,228.78,,
40897,1103.97,,
40735,600.84,,
41443,636.3,,
40791,1076.004,,
41769,541.77,,
40910,1188,,
41260,542.34,,
41814,474.8,,
41006,707,,
41633,540.324,,
41351,676.2,,
41978,2105.04,,
41431,657.216,,
41542,395.88,,
40848,770.22,,
41500,813.8325,,
41726,634.96752,,
41443,239.666,,
41603,351.68,,
41682,499.56,,
41767,747.63,,
41534,462.24,,
40785,728.64,,
40699,991.44,,
41485,704.76,,
40849,177.66,,
41310,239.98,,
41331,456.192,,
41130,644.436,,
40989,962.08,,
41990,278.46,,
41954,551.286,,
41181,217.89,,
41054,370.56,,
41872,977.022,,
41908,587.79,,
40806,493.43,,
41554,705.72,,
41044,291.792,,
41752,298.2,,
41775,602.28,,
41242,523.48,,
41793,635.90848,,
40809,410.76,,
41485,254.94,,
41495,422.928,,
41597,468.792,,
41702,1049.44,,
41937,2460.96,,
40714,509.488,,
41036,225.72,,
41870,1000.02,,
41128,340.38,,
41740,210.78,,
40658,504,,
41796,565.32,,
41263,426.24,,
41741,1001.76,,
41632,669.78,,
41249,364.92,,
40573,161.892,,
41852,849.95,,
41347,157.92,,
40946,434.04,,
41610,1112.94,,
41171,296.64,,
41271,324.819,,
41769,207,,
41353,489.0858,,
41707,647.84,,
41991,632.07,,
41778,764.928,,
41688,495.18,,
40702,859.653,,
41894,576,,
41304,626.1,,
40813,1100.52,,
41274,273.564,,
41659,354.12,,
41235,613.71,,
41867,725.7,,
41956,632.07,,
40829,263.106,,
41632,789.936,,
41485,780.57,,
41621,776.16,,
41120,195.78,,
41969,1233.84,,
40786,483.552,,
41790,325.44,,
41991,544.38,,
41078,334.8,,
41957,840.15,,
41740,879,,
41060,555.138,,
41229,810.54,,
41656,685.8,,
41277,1592.85,,
41893,513.12,,
40809,435.999,,
41310,348.84,,
41786,698.04112,,
40982,671.94,,
41608,504.9,,
41573,336.36,,
41920,339.36,,
41514,597.84,,
41467,499.2,,
40836,966.3444,,
41919,332,,
41843,195.12,,
40878,271.9,,
40973,383.607,,
41051,827.334,,
40696,413.3943,,
40757,178.254,,
41128,212.94,,
41106,761.832,,
41003,279.74624,,
41597,198.24,,
40625,512.76,,
40831,703.16,,
41907,473.616,,
40550,391.98,,
41252,1140.3,,
41178,764.775,,
41781,205.68,,
41520,472.518,,
40928,656.532,,
40823,1017.936,,
41282,171.312,,
41246,1409.04,,
41250,493.32,,
41087,672.5115,,
41235,891.405,,
41472,190.89,,
41855,512.19,,
41921,384.34656,,
41470,579.136,,
41222,1024.38,,
41711,1582.95,,
41594,242.298,,
41754,552,,
41944,397.8,,
41177,561.54,,
41082,565.32,,
41127,336.06,,
41264,637.44,,
41186,837,,
41552,1130.832,,
40894,748.116,,
41388,286.26,,
41277,319.92,,
41919,799.83,,
41390,395.88,,
40794,303.84,,
41436,548.9046,,
41020,228.15,,
41522,804.168,,
41585,207.984,,
41116,896.76,,
41011,342.72,,
41373,981.36,,
41349,218.52,,
41160,1317.3264,,
41437,469.92,,
41243,508.38,,
40742,701.616,,
41873,1012.62,,
40633,423.24,,
40735,589.815,,
40910,627.1722,,
40749,1415.88,,
41085,370.008,,
41817,170.64,,
41037,1490.685,,
41865,221.292,,
41053,459.24,,
41876,1518.183,,
41885,1928.78,,
40823,518.4,,
41589,467.46,,
41925,339.795,,
41984,217.35,,
41858,668.4,,
41893,762.594,,
41593,328.16,,
40906,685.248,,
40785,383.76,,
41218,339.15,,
40703,907.152,,
41722,347.58,,
40765,796.32,,
41233,450.36,,
41730,677.58,,
41688,508.32,,
41855,513.48,,
40959,546.48,,
41626,701.622,,
41867,719.4825,,
41277,617.895,,
41219,375.9,,
40917,1022.04,,
41940,1038.339,,
41723,764.82,,
41166,428.76,,
41729,462.348,,
41929,476.49,,
41439,861.6,,
40659,412.56,,
40623,256.16664,,
41808,618.72,,
41271,438.3,,
41829,786.48,,
41324,749.72,,
40997,744,,
41680,602.3808,,
41253,801.96,,
41205,842.352,,
41810,460.44,,
42000,533.67912,,
41311,998.1,,
41800,840.9,,
41360,1028.9175,,
40843,381.76,,
40788,1236.465,,
41743,159.84,,
40884,164.88,,
41677,616.4,,
41330,423.3,,
41492,1026.24,,
41774,488.04,,
41012,479.92,,
41069,366.21,,
41803,1071.84,,
41192,362.136,,
41220,627.12,,
40852,909,,
41505,674.4,,
41534,1391.04,,
41473,597,,
41472,308.112,,
40696,1502.784,,
41474,663.11112,,
41342,1363.96,,
41874,314.532,,
41969,527.16,,
41878,880.416,,
41445,808.92,,
41576,349.944,,
41075,224.4,,
41371,593.73,,
41165,1011.972,,
41723,332.496,,
41155,204.96,,
41506,587.76,,
41935,427.41,,
41806,426.972,,
41715,344.169,,
40750,911.984,,
41963,933.21,,
41936,863.88,,
41086,622.5,,
41737,736.5,,
41579,990.15,,
41126,571.455,,
41965,674.244,,
41508,573.174,,
41156,619.95,,
41334,370.575,,
41180,427.41,,
40665,266.28,,
42002,687.48,,
41969,701.96,,
41880,851.7,,
40584,214.608,,
40851,666.344,,
41936,987.7,,
41443,704.92,,
41275,299.052,,
40893,362.88,,
41876,829.32,,
41145,404.514,,
41015,558.42,,
41533,347.49,,
40602,311.07,,
41067,285.804,,
40826,1050.48,,
40603,1244.16,,
41236,879.06,,
40589,727.536,,
41786,762.615,,
41787,662.175,,
41606,450.16,,
41520,558,,
41467,1430.77272,,
41611,347.232,,
41876,982.125,,
41029,657.396,,
41543,662.112,,
41153,765.639,,
41603,297.576,,
41708,1230.66,,
41943,676.9728,,
41162,396.408,,
41858,242.838,,
40842,596.196,,
41771,508.26144,,
41893,870.24,,
41735,327.981,,
41808,963.36,,
41060,346.74,,
41226,492.273,,
41379,383.8,,
41137,519.792,,
41563,764.8,,
40903,218.352,,
40806,177.984,,
41374,556.665,,
41845,1016.1,,
41060,306.072,,
41223,714.3,,
41582,706.32,,
40771,669.33,,
41010,639.968,,
41110,735.048,,
41191,786.2868,,
41366,517.347,,
41260,1250.04,,
41089,529.0005,,
41430,1057.32,,
41366,161.94,,
40740,267.912,,
41877,234.9,,
41864,560.52,,
40630,302.376,,
40616,230.256,,
40850,880.95,,
41961,1247.64,,
40941,298.44,,
40878,659.988,,
41165,650.72,,
40880,379.44,,
41907,955.62,,
41450,623.43,,
41814,868.842,,
41961,654.24,,
40989,394.98,,
41867,457.95,,
40709,797.944,,
41529,653.175,,
40770,168.81,,
41078,328.644,,
41135,816.6,,
41921,1116.45,,
41865,351.09,,
40813,1022.04,,
41500,333.48,,
41337,637.35,,
41110,831.2,,
40618,471.92,,
41421,1094.5449,,
41830,363.8466,,
41904,833.328,,
40982,713.61,,
41001,636.3,,
40710,605.1,,
41976,464.778,,
41946,859.2,,
40751,173.304,,
41561,224.748,,
41665,332.28,,
41208,498.36,,
42002,209.76,,
41166,515.52,,
41480,537.408,,
40852,931.446,,
41453,189.522,,
41930,509.76,,
41642,634.8,,
40640,537.516,,
40831,928.17,,
41586,549.48,,
41535,573.21,,
41492,711.12,,
41529,728.946,,
41710,735.84,,
41547,553.0896,,
41689,341.9982,,
41326,432.456,,
41885,779.22,,
41452,368.91,,
41046,365.958,,
41167,716.85,,
40836,808.92,,
41324,849.6,,
41421,1062.81,,
41295,410.88,,
40843,590.22,,
41904,512.91,,
41450,477.576,,
41884,695.88,,
41800,519.93804,,
40669,187.88,,
41218,304.92,,
41123,331.452,,
41543,548.28,,
41905,927.84,,
41933,648,,
41165,209.7,,
41576,469.2156,,
41655,674.4,,
41926,1072.86,,
41271,582,,
40870,269.28,,
41708,292.44,,
41820,385.02,,
41480,238.4824,,
40597,157.84,,
41444,447.74272,,
41397,1154.9616,,
41144,439.56,,
41515,434.04,,
41969,501.81,,
40919,1039.32,,
40912,142.9758,,
41449,286.464,,
40869,142.83,,
41551,437.67,,
40723,460.593,,
41157,313.9641,,
41922,538.38,,
41849,489,,
41452,551.76,,
40767,597,,
41979,1654.668,,
41070,495.42,,
41986,311.01,,
41495,762.48,,
40952,593.892,,
41614,191.82,,
41928,207.9,,
41697,585.06,,
42002,400.95,,
40584,304.71,,
40952,530.52,,
41953,718.0186,,
41463,642,,
41128,494.97,,
41902,734.4,,
40804,517.86,,
41638,754.45,,
41547,388.608,,
40627,149.22,,
41888,351.09,,
41949,538.755,,
41600,418.26512,,
41101,906.24,,
41142,847.53,,
41403,1213.758,,
40863,288.66,,
41744,483.57,,
41914,475.2486,,
41526,372.96,,
41384,182.07,,
41303,642.06,,
41255,299.94,,
41834,360.38,,
41057,589.32,,
41240,694.8,,
41412,240.96,,
41683,352.8,,
41565,449.97,,
41579,1122.6,,
40875,871.182,,
40662,561.584,,
41024,315.63,,
41576,367.902,,
41347,539.91,,
41618,1176,,
41973,642,,
41966,484.52,,
41712,615.72,,
41893,362.352,,
41145,866.52,,
40800,597.96168,,
41124,720,,
41537,755.26644,,
41582,217.584,,
41211,262.14,,
40733,1057.38,,
41935,333.09,,
40711,327.12,,
41454,275.24,,
41410,707.52,,
41620,1019.52,,
41870,256.86,,
41645,511.68,,
41769,286.85,,
41057,990.432,,
41670,316.44,,
41747,1451.511,,
40711,960.64,,
40830,177,,
41964,346.08,,
41751,148.32,,
41415,492.42,,
40667,379.08,,
41130,687.4,,
41470,154.17,,
40974,993.615,,
41996,381.456,,
41030,384.912,,
41443,266.352,,
41390,437.61,,
41450,773.6496,,
41120,885.168,,
41951,751.872,,
41496,455.04,,
41802,209.01296,,
41853,604.92,,
41717,453.12,,
41733,380.97,,
41606,513.52,,
41474,489.2,,
41354,697.16,,
41004,328.5306,,
40823,740.46,,
41955,652.37264,,
40903,600.558,,
41887,284.37012,,
41643,327.5802,,
41710,776.85,,
41813,493.8,,
41103,241.785,,
40638,676.368,,
41547,183.789,,
41069,594.1638,,
41150,876.3,,
41542,460.971,,
41722,379.7,,
41940,1600.96,,
40883,1234.278,,
41806,560.6,,
42002,328.8,,
41549,954.72,,
41442,289.92,,
41437,243.747,,
41311,1582.38,,
41041,508.32,,
41258,448.2,,
41975,897.15,,
41589,953.82,,
41611,540.432,,
40885,852.813,,
41962,606.6396,,
41977,398.61,,
41851,876.3,,
41925,724.104,,
41961,710.964,,
41608,220.5144,,
41542,563.24,,
40553,154.98,,
40898,220.56,,
41744,597.66,,
40841,195.66,,
41877,272.76,,
40562,145.26,,
41159,573.696,,
41778,283.611,,
41788,380.97,,
40960,265.3,,
41736,339.6,,
41632,356.238,,
41619,262.4274,,
41912,303.3,,
41624,589.2,,
40866,159,,
41568,975.186,,
40830,700.4046,,
41631,498.96,,
40700,236.88,,
41228,229.5216,,
41037,1145.28,,
40990,511.44,,
41202,369.45,,
41288,315.776,,
41025,334.611,,
41780,518.272,,
41815,1631.916,,
41514,666.225,,
41789,1119.582,,
41170,636.86,,
41936,826.2,,
41720,725.84,,
41605,417.42,,
40693,719.976,,
41786,1035.84,,
41956,336.393,,
41719,274.064,,
41246,848.28,,
41887,714.312,,
41877,209.592,,
41513,394.98,,
41971,372.168,,
41145,435.504,,
40975,603.72,,
40751,238,,
41545,624.24,,
41970,138.45,,
41043,793.68,,
40824,853.5,,
41634,866.646,,
40892,391.545,,
41544,467.289,,
41697,757.32,,
41440,1345.329,,
41683,681.1506,,
41988,610.6,,
41999,321.75,,
41919,457.812,,
41506,933.471,,
41311,333.66,,
41135,427.68,,
41970,397.8,,
41543,499.95,,
40554,451.6,,
40651,311.76,,
41639,799.83,,
41199,821.52,,
40869,675.12,,
41083,561.54,,
40745,272.72,,
41495,521.184,,
41561,363.6,,
41526,341.46,,
41597,651.96,,
41669,644.76,,
41926,583.584,,
40905,195.72,,
41604,563.4,,
41036,350.85688,,
40771,266.22,,
41550,735.98,,
40767,272.61,,
41533,268.164,,
41074,558.18,,
40891,679.884,,
41960,971.808,,
41390,203.256,,
40946,492.264,,
41998,527.01,,
41478,641.85,,
41533,841.568,,
41025,1145.34,,
41611,963.63,,
41282,657.765,,
41586,894.42,,
41139,439.3116,,
41431,361.557,,
41610,556.92,,
41407,169.44,,
41408,508.68,,
41667,335.64,,
41750,203.388,,
41537,330.939,,
41428,944.2,,
41947,356.616,,
41919,692.328,,
41968,672.10416,,
41848,190.56,,
41272,891.108,,
40851,275.94,,
41145,217.44,,
40575,285.78,,
41382,680.28,,
40822,582.84,,
40835,493.047,,
42003,151.56,,
41595,366.84,,
41073,379.7388,,
41884,720.42,,
41393,369.576,,
41172,830.574,,
41857,577.9,,
41187,1847.34,,
41710,238.65,,
41619,158.76,,
41996,411.8,,
41906,594.816,,
41927,874.68,,
41541,590.58,,
41505,512.19,,
41589,1077.066,,
41862,254.16,,
41767,449.496,,
40803,616.005,,
41829,2616.96,,
41625,1102.86,,
40651,730.0125,,
41767,945.828,,
41421,388.43,,
41605,151.76,,
41142,455.52,,
41316,1035.84,,
41934,289.92,,
41969,516.636,,
41089,769.44,,
41225,1246.48,,
41589,771.282,,
40987,417.144,,
41547,346.68,,
41829,413.64,,
41373,467.568,,
41167,1056.86,,
41925,673.344,,
42003,370.926,,
41891,765.625,,
40811,739.536,,
41389,622.944,,
41004,450.684,,
41363,812.736,,
41747,712.992,,
40848,978.84,,
41225,585.6,,
41864,448.74,,
41884,283.56,,
41836,507.82232,,
41801,449.46,,
40681,779.796,,
40669,199.75968,,
41218,155.08,,
40701,194.31,,
40898,1244.187,,
41555,129.32,,
41549,595.296,,
41444,453.6,,
40763,954.52,,
41948,450.792,,
41639,481.32,,
41073,491.82,,
41801,380.916,,
41847,612.84,,
41983,439.6,,
41872,881.34,,
41890,216.216,,
41240,143.4,,
41704,262.24,,
41257,443.9104,,
41598,276.24,,
40920,1560.24,,
41900,434.46,,
41998,1200.72,,
41515,186.948,,
41500,394.98,,
41263,779.27832,,
40953,733.44,,
41110,536.1375,,
41919,340.35,,
41964,594.72,,
40837,737.019,,
41174,354.15,,
41268,275.88,,
41831,341.73,,
41863,397.143,,
41813,455.9418,,
40773,605.25,,
41452,704.25,,
41444,318.09,,
41041,298.62,,
41946,800.928,,
41816,256.74,,
40612,1097.28,,
41734,357.552,,
41499,1278,,
41835,396.92,,
41268,204.876,,
41254,175.23,,
41521,558.576,,
41632,572.76,,
41724,211.168,,
40794,485.88,,
41218,345.96,,
41915,259.7,,
41584,479.72,,
41768,679.68,,
41168,487.38,,
41641,307.872,,
40953,625.99,,
41155,678.96,,
40896,610.6,,
41176,1158.12,,
41795,290.52,,
41864,295.7175,,
41186,695.28,,
41570,862.464,,
41846,298.116,,
40625,769.65,,
41347,4912.59,,
41949,795.6,,
41834,366.12,,
41551,529.011,,
41655,778.1499,,
41488,504.54,,
41634,1676.5515,,
41079,434.16,,
41464,863.64,,
40576,729.48,,
41906,439.02,,
41432,466.32,,
41537,210.288,,
41820,780.57,,
41487,898.59,,
40631,890.841,,
41061,303.96,,
41362,545.652,,
40862,1003.986,,
41437,312.09,,
40583,513.29136,,
41517,290.898,,
41190,309.75,,
40892,988.86,,
41775,201.96,,
41135,389.25,,
41796,373.68,,
40800,287.97,,
41601,400.88,,
41857,326.55,,
40851,1086.18,,
41218,343.83,,
41795,976.5,,
40778,229.152,,
41933,1151.928,,
41725,256.16664,,
41576,408.3,,
41691,215.968,,
41198,336.36,,
41912,257.004,,
41271,844.2,,
41617,1421.664,,
41745,421.47536,,
40809,144.99,,
41873,1216.65,,
40603,214.758,,
41888,549.36,,
41849,185.92,,
41775,945.945,,
40811,1071.441,,
40716,501.81,,
40556,1199.76,,
41859,287.94,,
41352,525.42,,
41494,604.07568,,
40861,533.2527,,
40652,575.96,,
41986,174.17096,,
41619,238.293,,
41073,337.68,,
41866,465,,
41405,601.888,,
41627,377.45,,
41373,354.9,,
41264,544.95,,
41593,380.058,,
41390,306.16,,
41442,298.08,,
41453,233.766,,
40991,239.97,,
41866,513.12,,
40779,636.3,,
41162,787.92,,
41520,999.98,,
40841,308.718,,
41800,720.76,,
40800,455.52,,
42000,1582.11,,
41158,486.324,,
41495,513.024,,
41583,686.4,,
41866,957.18,,
41752,575.4,,
40649,639.96,,
41708,799.95,,
41262,246.48,,
41981,214.2,,
41988,481.815,,
41205,150.384,,
40716,462.672,,
41079,316.764,,
40766,185.01,,
41816,341.84,,
40955,131.568,,
41698,271.05,,
40928,900.234,,
41774,455.52,,
40724,566.787,,
40655,247.84,,
41633,393.84,,
41430,419.68,,
41436,328.14,,
41867,1733.6,,
41916,585.15,,
41780,173.097,,
41698,743.028,,
40897,298.032,,
41933,133.824,,
40875,413.775,,
41793,483.78,,
41712,551.556,,
41207,946.26368,,
41943,371.07,,
41906,351.54,,
41415,1049.2,,
41480,302.08,,
41537,417,,
41227,239.22,,
41423,392.67,,
41043,509.9575,,
41352,428.1,,
41516,424.89,,
40906,169.92,,
41655,168.96,,
41328,221.904,,
41456,182.76,,
41549,169.092,,
40607,479.97,,
41555,1274.7,,
41722,511.575,,
40857,464.76,,
41746,352.512,,
42003,484.029,,
40633,673.568,,
41185,532.56,,
41389,429.48,,
41904,688.92,,
40983,861.15,,
41246,615.24,,
40857,431.55,,
41844,704.34,,
40794,546.944,,
41436,369.84,,
41971,261.63,,
41156,1024.38,,
41008,541.184,,
41467,487.728,,
41891,626.625,,
41606,517.08,,
41902,502.2,,
40672,677.4,,
41194,362.4,,
41344,389.28,,
41555,573.48,,
41248,414.36,,
41501,2109.36,,
41871,790.416,,
41961,693.84,,
41549,533.76,,
41681,363.384,,
41929,554.85,,
41454,359.976,,
41037,485,,
41521,1127.52,,
41113,412.02,,
40601,624.96,,
41416,764.802,,
41821,293.58,,
41956,634.78788,,
41004,472.992,,
41614,344.034,,
41338,198.045,,
41964,517.08,,
41302,459.39,,
41324,327.981,,
40575,290.666,,
41192,663.11112,,
41925,791.88,,
41867,299.52,,
41044,175.17,,
41768,622.14,,
41367,549.48,,
41631,1100.608,,
41883,219.28,,
41628,1816.95,,
41522,535.41,,
41984,599.97,,
40555,495.06,,
41593,900.207,,
41573,503.5908,,
41960,415.44,,
40865,424.116,,
41954,201.584,,
40701,599.4,,
41912,395.8875,,
41652,760.98,,
41744,624.42,,
41693,147.84,,
40848,443.92,,
41432,323.37,,
41956,613.56,,
41145,453.681,,
41264,355.455,,
41911,209.792,,
41597,846.48,,
41858,1033.32,,
41932,845.856,,
41307,460.2,,
41542,457.14,,
41606,504,,
41389,367.74,,
40809,170.64,,
41116,393.165,,
41153,1088.76,,
41774,539.97,,
41718,697.16,,
41226,489,,
41456,963.9,,
41281,698.058,,
41243,563.76,,
41729,483.66,,
40716,272.76,,
41226,309.12,,
41500,989.04,,
41326,449.15,,
41253,1085.58,,
41018,307.86,,
41614,405.3,,
40845,750.195,,
41047,437.61,,
40897,242.352,,
41155,263.55,,
40574,838.593,,
40595,805.707,,
41250,464.04,,
40908,605.88,,
41089,445.986,,
41800,390.78,,
41810,378.81,,
41824,211.728,,
40673,469.854,,
41463,697.86,,
40903,300.416,,
41816,648.54032,,
41661,874.68,,
40711,714.15,,
41587,261.96,,
41479,528.57,,
40745,307.56336,,
41950,394.6455,,
41253,577.08,,
41783,317.142,,
40798,681.72,,
41221,358.92,,
41070,398.52,,
41633,799.56,,
41614,731.424,,
41226,613.9992,,
41898,323.976,,
41981,354.24,,
41899,447.74272,,
41143,691.983,,
41864,1217.673,,
41001,642.72,,
41060,298.68,,
41572,763.26,,
41520,1091.168,,
41161,297.96,,
41186,915.1155,,
41387,1275,,
40848,388.608,,
40806,565.32,,
41477,419.9,,
41660,586.092,,
41614,407.976,,
41970,316.1664,,
41855,111.84,,
41089,943.704,,
40886,646.38,,
41532,673.568,,
41373,638.56032,,
41739,501.81,,
41536,900.08,,
40852,1080.096,,
41627,579.3,,
41472,214.848,,
41850,297.84,,
41167,801.96,,
41934,583.872,,
41514,618.084,,
41417,662.84,,
41856,145.98,,
41813,418.02592,,
41557,369.18,,
40764,469.233,,
41999,385.86,,
40876,438.96,,
40823,768.49992,,
41126,1284.822,,
41104,426.249,,
41168,276.489,,
41201,758.96,,
40666,534.438,,
41827,239.24,,
41066,1302.78,,
41089,525.69,,
41122,1004.976,,
41618,1014.741,,
40954,398.6631,,
40848,196.8,,
40632,127.302,,
41604,456.588,,
41736,413.04,,
41376,3172.14,,
41931,490.08,,
41940,189.576,,
41465,568.863,,
40814,506.38,,
41908,531.48,,
41873,825.36,,
41458,302.616,,
41626,308.07,,
41015,799.6,,
41107,136.701,,
41837,448.8,,
40805,171.558,,
41638,732.78,,
40583,405.12,,
41796,427.9,,
41965,659.976,,
41310,557.728,,
40893,612.54,,
41647,495.3375,,
40886,256.446,,
41206,385.29,,
41152,567.6204,,
40647,615.276,,
41704,262.926,,
41999,990.12,,
40638,689.82,,
41418,741.006,,
40759,399.96,,
41533,1128.39,,
40788,561.495,,
41444,1008.13968,,
40751,340.443,,
41628,674.4,,
41963,820.44,,
41145,512.28,,
41072,855.36,,
41333,552.501,,
40669,424.35,,
41879,707.049,,
41612,772.68,,
41487,240.12,,
41117,251.1966,,
41715,486.6,,
41991,368.271,,
40779,744,,
41510,1040.8,,
41820,421.38,,
41297,263.36,,
40969,596.82,,
41903,1299.66,,
40785,415.2,,
41771,1533.33,,
41950,551.205,,
41480,1050.246,,
40861,1307.97,,
41044,559.926,,
41246,680.76,,
40765,370.17,,
42004,867.3,,
41220,715.2,,
41943,232.344,,
41805,423.3,,
40723,554.04,,
41489,1220.94,,
41814,379.242,,
41508,363.447,,
41067,339.6,,
40575,206.4,,
41813,372.9132,,
41925,383.796,,
41697,385.398,,
41928,634.96752,,
40894,715.89,,
41783,576.384,,
40557,485.73,,
41316,1973.295,,
41863,288.84,,
41135,1075.23,,
41082,500.85,,
41292,332.85,,
41404,612.6,,
41779,840.6,,
41352,871.8,,
40666,600.36,,
41164,414.72,,
41137,178.1595,,
41250,464.94,,
41178,369.72,,
41088,621.76,,
41866,468.765,,
40845,747.054,,
41068,369.72,,
41813,487.96,,
41597,1812.72,,
40553,156.24,,
41033,946.344,,
40905,704.25,,
41919,256.719,,
41699,382.51668,,
41743,465.102,,
41226,428.04,,
41599,756.78,,
40747,604.752,,
41187,887.922,,
41779,378.32184,,
41393,304.776,,
41510,1058.25,,
41725,329.85,,
41682,147.568,,
41961,260.592,,
41150,593.82,,
41956,412.673,,
41556,705.072,,
41030,1349.325,,
40716,507.6,,
40831,637.35,,
41508,1378.728,,
41915,358.272,,
41499,245.07,,
40648,187.76,,
41479,485.55,,
41050,1180.2348,,
40831,183.372,,
41409,185.528,,
41972,516.488,,
41963,508.77,,
41577,182.376,,
41591,477.84,,
41997,494.97,,
41211,338.4,,
41600,203.76,,
41530,466.128,,
41956,540.048,,
41850,705.72,,
41289,352.98,,
41284,823.5675,,
41065,138.39,,
41535,497.76,,
41115,623.96,,
40716,672.48,,
41431,264.96,,
41837,207.12,,
41187,661.3,,
40655,397.8,,
41801,942.36,,
41914,574.47,,
41940,737.6,,
41333,436.05,,
40736,249.75,,
41537,2057.13,,
41712,209.986,,
41685,381.63,,
40694,523.86,,
41439,803.52,,
40957,820.7,,
41941,866.0644,,
41880,299.1,,
41346,667.9215,,
40736,414.9,,
41470,1289.76,,
40802,255.744,,
41173,542.94,,
41999,732.72,,
41683,722.4714,,
40700,991.764,,
40921,464.85,,
40550,255.84,,
41976,647.76,,
41878,619.974,,
41575,424.89,,
41785,315.432,,
41816,339.48,,
41382,137.79,,
41754,331.8,,
40883,245.862,,
41058,317.058,,
41585,307.4625,,
41599,652.68,,
40999,447.744,,
41481,297.55,,
41586,206.604,,
41419,191.6,,
41522,447.876,,
40557,545.94,,
41618,672.12,,
40697,2544.96,,
41537,701.372,,
41901,438.51,,
41501,394.92,,
41855,848.4,,
41950,534.762,,
41782,260.82,,
41550,1714.365,,
41234,453.6,,
40654,551.556,,
40665,155.7,,
40724,310.688,,
41689,337.2,,
41886,224.4,,
41538,393.25,,
41438,255.285,,
41736,367.2,,
40940,593.9895,,
41601,496.44,,
41072,319.92,,
40843,911.52,,
41662,190.8,,
41451,277.89,,
41205,561.344,,
41733,356.292,,
41897,241.17,,
41739,572.52,,
41545,269.85,,
40739,151.1976,,
41809,341.9982,,
41632,195.444,,
41660,1136.664,,
41905,425.25,,
40604,775.278,,
41985,735.98,,
41821,435.999,,
42004,292.7592,,
41907,339.18,,
41380,291.96,,
41619,217.755,,
41545,1086.147,,
41680,477.3411,,
41320,251.2,,
41978,549.36,,
41597,595,,
41578,307.548,,
41227,883.84,,
41432,311.25,,
41898,650.7,,
41366,406.368,,
41250,322.2,,
41578,277.08,,
41124,325.269,,
41635,976.56,,
40595,297.18,,
40865,264.8268,,
40763,549.99,,
41232,348.93,,
41269,788.4,,
41360,731.82,,
41617,729.84,,
41507,1431.81,,
41271,378.39,,
40856,340.92,,
41804,470.302,,
41775,952.2,,
41215,985.248,,
41543,3085.344,,
40632,165.88,,
41929,473.61,,
41533,509.85,,
40877,149.58,,
41831,1023.12,,
40866,503.96,,
41876,459.513,,
41703,861.84,,
40988,244.74,,
41241,647.904,,
41614,195.417,,
41969,143.37,,
41551,915.136,,
40710,369.144,,
41135,364.32,,
42004,557.28,,
41536,159.48,,
41179,691.1163,,
41487,568.62,,
41775,350.088,,
41957,274.9545,,
41744,871.98,,
41426,793.206,,
41619,895.18,,
40696,976.08,,
40710,248.82,,
41904,227.08,,
41363,414,,
40890,410.76,,
41645,535.8825,,
41599,636.36,,
40897,487.984,,
41796,557.28,,
41949,369.117,,
40583,133.35,,
40809,410.346,,
40709,660.312,,
41451,491.76,,
41677,182.55,,
41505,567.135,,
40856,543.0168,,
41087,690.48,,
41248,183.95496,,
41180,337.2,,
40892,244.74,,
41795,646.569,,
41888,405.09,,
41039,691.4706,,
41004,669.06,,
41271,687.36,,
41968,599.16,,
42004,333.9,,
41593,1291.446,,
40689,607.716,,
40872,725.344,,
40571,531.522,,
41698,643.98,,
41961,448.77,,
41699,700.176,,
40855,769.176,,
40715,589.68,,
41531,247.32,,
41612,876.3,,
41074,141.825,,
41569,337.92,,
41467,231.72,,
41935,701.6625,,
41526,601.47,,
41929,307.776,,
41383,1554.936,,
41387,333.92,,
41620,593.53056,,
41508,117.62,,
41862,829.1325,,
41969,853.93,,
41530,1283.52,,
41554,366.84,,
41885,756.6,,
41970,656.46,,
41628,303.92,,
40879,281.82,,
41712,521.43,,
41407,566.61,,
40932,502.95,,
41088,500.88,,
40976,769.95,,
41332,230.742,,
41611,295.452,,
41270,163.98,,
41724,176.04,,
41752,675.06,,
41609,496.86,,
40745,140.98,,
40904,182.304,,
41929,648.9,,
41225,504.12,,
41610,530.145,,
41544,424.9575,,
41998,311.25,,
41388,164.772,,
41927,312.51,,
40639,584.22,,
41396,171.882,,
41787,302.376,,
41830,309.24,,
41689,341.8,,
41740,533.1588,,
41520,145.68,,
41961,256.86,,
41687,238.5,,
41942,654.102,,
41786,643.248,,
40604,776.466,,
40882,367.2,,
41702,143.52,,
41746,332.748,,
40848,677.4,,
41328,147.24,,
41863,252.828,,
41045,1318.752,,
41122,428.22,,
41801,711.828,,
41927,378.88,,
41592,196.08,,
40990,642.72,,
41065,177.824,,
41340,456.66,,
41996,437.724,,
41388,251.52,,
41241,335.52,,
40801,633.528,,
40632,695.88,,
41220,191.49624,,
41600,382.725,,
40602,139.944,,
41787,464.13,,
41810,457.485,,
41863,706.32,,
41915,705.72,,
41370,769.184,,
41780,538.44,,
40891,491.64,,
41110,384.944,,
41517,1527.12,,
41234,325.632,,
41536,439.56,,
41943,238.14,,
41809,623.168,,
41397,366.744,,
41732,566.916,,
41326,626.184,,
41194,438.15,,
41745,1687.392,,
40863,195.264,,
41619,679.96,,
41348,563.517,,
41516,845.856,,
41384,510.306,,
40812,747.3,,
41304,479.115,,
41799,119.64,,
41611,256.284,,
40815,409.272,,
41960,811.28,,
40858,665.88,,
41134,342.3,,
41806,526.62,,
41246,575.6634,,
41468,156.249,,
41071,463.32,,
41983,872.94,,
40981,327.76,,
41811,166.56,,
41226,683.332,,
41330,716.96,,
41144,630.585,,
41950,499.584,,
40848,928.8,,
41590,671.544,,
41639,671.9265,,
41528,770.7,,
41933,417.456,,
41778,435.78,,
41523,459.24,,
41529,147.3,,
41848,543.92,,
40630,492.96,,
41669,323.028,,
41846,321.72,,
41740,412.8,,
41912,494.532,,
41661,1428.3,,
41870,362.46,,
41763,763.44,,
41534,387.63,,
41067,438.84,,
41589,364.32,,
40988,4486.86,,
41599,405.144,,
41603,281.88,,
41366,1339.416,,
40584,780.3,,
41536,454.71,,
41408,828.306,,
41556,680.76,,
41040,401.04,,
41968,410.8,,
41801,1429.44,,
41544,454.965,,
41922,556.1,,
41440,423.19192,,
41085,444.042,,
40788,249.84,,
41905,241.96,,
41957,652.995,,
41871,339,,
41159,776.88,,
40933,798.66,,
41467,182.112,,
41991,532.98,,
41186,328.0824,,
41201,740.178,,
41332,322.2,,
41222,432.9612,,
41178,629.93,,
41397,354.48,,
41603,659.9,,
41458,146.736,,
41527,382.41,,
41240,259.98,,
41040,380.19,,
41206,776.412,,
41528,307.44,,
41899,463.104,,
41356,784.782,,
40635,683.496,,
41428,116.34,,
41660,338.4,,
42002,373.23,,
40976,167.1,,
41340,375.4,,
41417,473.9502,,
41950,240.3,,
41668,449.91,,
40893,760.2,,
40780,439.452,,
40788,189.96,,
40623,747.3,,
41873,1236.42,,
41614,236.1,,
41292,267.09,,
41698,486.09,,
41628,459,,
41364,356.238,,
40649,344.61,,
41162,278.82,,
41493,1021.14,,
41347,203.184,,
40557,439.56,,
41955,628.2,,
41268,303.69,,
40910,916.11,,
40884,272.76,,
40782,370.98,,
41871,340.08,,
41086,273.321,,
41390,636.24,,
41914,880.8,,
41458,396.4,,
41648,294.3,,
41585,235.71,,
40973,563.4,,
41284,850.9872,,
40655,364.74,,
41106,549.24,,
41985,244.5,,
41711,318.03,,
41734,240.37,,
41906,362.4,,
41179,692.718,,
40917,379.08,,
41630,445.28,,
41360,459.95,,
41879,211.3,,
41675,380.16,,
41694,528.66,,
41495,348.429,,
41276,369.45,,
40634,567.6,,
41642,523.98,,
41877,329.76,,
40805,332.28,,
41508,244.56,,
41952,480.24,,
41968,361.68,,
41887,446.4,,
40880,354.15,,
41622,256.52592,,
41853,333.6,,
42002,1612.872,,
41254,350.48,,
40576,161.514,,
41661,184.758,,
41912,321.36,,
41431,511.68,,
41691,573.48,,
41975,327.6,,
40701,268.935,,
41801,352.35,,
41614,384.45,,
40730,993.531,,
41838,323.46,,
41233,313.44,,
40681,396.84,,
40907,743.25,,
41527,756.9,,
40832,179.97,,
41813,491.64,,
41356,649.32,,
41137,620.32,,
41619,942.36,,
41962,364.416,,
41761,933.262,,
41036,635.6262,,
40744,176.256,,
41562,637.2,,
41337,892.8,,
41961,639,,
40745,650.88,,
41180,978.48,,
41611,781.864,,
41519,594.36,,
41187,414.24,,
40841,873.072,,
41172,618.56,,
41955,338.1,,
41943,660.312,,
40849,607.92,,
41633,219.84,,
41230,150.24,,
41964,333.96,,
41615,244.2,,
41867,289.44,,
41556,675.8775,,
40638,712.35,,
41850,375.9,,
41656,762.48,,
41242,555.21,,
41115,336,,
41961,185.22,,
41894,464.128,,
40903,387.09,,
41386,607.36,,
41433,659.34,,
40872,546.975,,
41313,340.86,,
41545,531.58,,
40879,299.58,,
41540,675.54,,
41890,566.61,,
41697,337.92,,
40620,821.3,,
41724,545.52,,
41085,743.04,,
41246,517.5,,
41703,307.656,,
41451,856.8,,
41659,255.84,,
41788,500.4,,
40794,966.7,,
41593,166.62,,
41442,372.036,,
40848,121.575,,
41957,207.036,,
41661,451.1295,,
41715,196.98,,
40610,618.86,,
41661,467.43,,
40696,356.94,,
41817,267.84,,
41563,855.75,,
41796,827.52,,
41450,448.578,,
41944,539.244,,
41067,500.67,,
41058,442.476,,
41310,877.905,,
41564,646.8,,
41053,141.12,,
41589,200.76,,
40641,341.82,,
41620,209.6,,
41399,528.93,,
41785,120,,
41274,385.92,,
41736,348.624,,
41527,1037.19,,
41912,217.2,,
41438,1004.1672,,
41404,856.656,,
41248,527.34,,
41576,360,,
41677,307.44,,
41960,390.96,,
40714,471.9,,
42002,1054.02,,
41680,354.9,,
41864,607.68,,
40879,349.2,,
41435,335.1465,,
41550,319.83,,
41557,332.832,,
41218,282.18,,
41722,433.62,,
41346,770.352,,
41096,423.67096,,
41603,559.92,,
40858,603.92,,
41709,933.408,,
41635,261.48,,
41960,646.425,,
41982,1004.024,,
41135,301.77,,
41691,735.048,,
40679,309.996,,
41220,285.696,,
41697,454.8,,
41491,397.74,,
40949,414.9,,
41508,199.44,,
41267,556.704,,
41970,828.6,,
41597,344.8152,,
40723,404.676,,
40604,682.4478,,
41467,532.8,,
41528,655.35,,
41813,717.336,,
41610,112.05,,
41529,224.75,,
41583,629.184,,
41162,361.96,,
41461,396.9,,
41746,567.6,,
41069,312.06,,
41764,533.88,,
41128,791.1,,
41409,430.575,,
41043,198.272,,
41043,169.92,,
40670,414.27,,
41778,344.704,,
41621,1461.7,,
40704,541.188,,
40781,865.242,,
41360,359.568,,
41968,249.06,,
41050,440.88,,
41418,349.44,,
41227,533.22,,
40796,249.18,,
40605,310.5,,
41857,422.82,,
41632,530.22,,
41947,486.368,,
41606,152,,
41268,843.9,,
41173,728.64,,
41614,208.11,,
41960,407.2626,,
41251,360.712,,
41542,511.056,,
41508,561.4125,,
41859,469.92,,
41192,444.624,,
41028,241.28,,
41832,158.58,,
41597,363.447,,
41113,391.14,,
41985,647.76,,
41992,758.484,,
41783,841.8,,
40666,145.962,,
40823,333.78,,
41978,498.42,,
41887,274.14,,
41469,182.28,,
40590,517.08,,
41975,226.257,,
41320,690.12,,
40696,441.9,,
41536,168.04,,
41447,353.568,,
41587,356.238,,
41582,384.38064,,
41627,273.472,,
40626,152.25,,
41149,728.82,,
40785,682.992,,
41929,1875.258,,
41567,408.3,,
41867,695.808,,
41872,197.94,,
41613,182.94,,
41808,572.481,,
41783,735.75,,
40865,489.96,,
41436,1015.68,,
41701,221.4,,
41604,656.991,,
41230,415.968,,
41905,471.21568,,
41276,976.7772,,
41523,887.271,,
41912,344.22,,
41418,329.76,,
41612,401.355,,
40792,602.76,,
41101,716,,
41446,447.696,,
40823,785.088,,
41964,709.128,,
41877,304.3776,,
41780,205.44,,
40834,682.08,,
42004,530.22,,
41404,830.7,,
41471,247.6,,
40869,425.91,,
41634,396.78,,
41576,364.32,,
40740,227.16,,
42000,204.3,,
40626,230.256,,
41740,206.784,,
41443,166.68,,
41939,568.215,,
40782,513.72,,
41917,526.635,,
41589,155.82,,
41820,634.78788,,
41680,1128.384,,
40603,457.568,,
41631,891.54,,
41792,207.9,,
40665,236.1765,,
41918,803.04,,
41513,368.334,,
41310,154.44,,
41977,183.136,,
41628,422.73,,
40884,2596.293,,
40862,636.21,,
40747,124.68,,
41871,1168.4,,
41522,154.26,,
41950,449.568,,
40737,351.216,,
41925,435.84,,
41890,301.38,,
41544,157.95,,
41222,248.832,,
41167,359.76,,
41914,854.784,,
41603,1684.752,,
41909,390.08,,
40898,422.01,,
40780,1007.944,,
41361,761.4,,
41982,1089.75,,
41719,443.7,,
41472,537.705,,
41072,391.14,,
41236,1166.94,,
41872,148.44,,
41327,282.9,,
41265,341.577,,
41225,696.654,,
41471,245.484,,
41858,310.14,,
41296,424.35,,
41534,136.35,,
41801,421.38,,
41313,378.39,,
40865,730.2,,
41832,285.3,,
41929,243.6,,
41970,263.1,,
40805,358.92,,
41772,423.24,,
41474,880.74,,
41898,632.61,,
40669,513.6,,
40997,457.95,,
40655,298.68,,
41452,532.98,,
41943,251.006,,
41440,599.165,,
40904,281.88,,
40721,455.328,,
41703,446.148,,
41533,879.6,,
41893,718.794,,
40780,423.6,,
41422,578.34,,
41529,457.812,,
41207,762.48,,
41292,448.578,,
41004,547.136,,
41387,806.10768,,
41270,119.25,,
41255,346.761,,
41989,352.86,,
41941,701.298,,
40621,170.24,,
41955,142.08,,
41213,747.36,,
41975,453.747,,
40569,1113.408,,
41087,560.115,,
40935,181.986,,
41674,419.4,,
41537,496,,
41681,670.95,,
40979,381.84,,
41779,379.134,,
41803,452.94,,
40658,181.26,,
41841,364.392,,
41869,224.856,,
41885,333.48,,
41604,94.98,,
41816,484.03,,
41745,504.972,,
41756,256.86,,
41465,270.54,,
41618,572.67,,
40660,920.4,,
41890,332.28,,
40694,539.472,,
41625,626.175,,
41549,242.52,,
41085,370.44,,
41538,313.248,,
41975,317.058,,
41230,225.568,,
40807,246.384,,
41645,234,,
40763,445.96,,
41303,504.09,,
41792,667.4244,,
40870,653.94,,
41999,909.552,,
40863,204.36,,
41960,584.2,,
41402,270.96,,
41969,351.66,,
40890,726.84,,
40708,241.434,,
41519,468.9,,
41625,563.92,,
41410,1031.355,,
41822,661.32,,
41852,660.08,,
41137,254.352,,
41933,504.09,,
41234,439.992,,
41563,809.04432,,
41718,553.92,,
40984,719.136,,
41960,618.3,,
41639,706.158,,
41877,296.64,,
40681,149.232,,
41479,318.36,,
41398,495.36,,
41613,244.65,,
41960,490.4802,,
40550,445.41,,
41270,415.287,,
41946,384.592,,
41004,239.94,,
41135,545.52,,
40935,377.352,,
41438,439.74,,
40863,398.31,,
41061,343.02,,
41547,598.995,,
41639,865.62,,
41475,486,,
41464,662.88,,
41900,723.92,,
41235,159.84,,
41180,379.314,,
41667,336.6,,
40694,659.97,,
40841,675.72,,
41961,161.7,,
41744,651.96,,
41009,548.505,,
40924,302.76,,
41438,208.16,,
41159,671.93,,
41456,669.21888,,
41746,361.86,,
41439,308.16,,
41964,424.2,,
41325,749.49,,
41453,196.98,,
41799,516,,
41909,1451.5,,
41802,479.36,,
41983,252.72,,
41498,408.78,,
41954,239.952,,
41012,388.62,,
40592,276.6,,
41968,321.568,,
41967,408.42,,
40887,442.884,,
41417,122.76,,
41199,492.399,,
41927,276.18,,
41848,465.156,,
41558,395.88,,
40872,352.9575,,
41268,414.96,,
41898,529.9,,
41763,293.85,,
41913,375.9,,
41703,348.39,,
41723,469.99,,
40760,391.86,,
41227,442.692,,
41412,345.096,,
41869,191.31,,
40850,410.352,,
41780,192.9,,
41915,246.84,,
41124,259.05,,
41012,258.576,,
40906,1183.6296,,
41916,524.896,,
41836,324,,
41156,279.9,,
41158,311.85,,
41457,671.814,,
41836,662.448,,
41787,539.97,,
41884,390.24,,
40865,1119.195,,
40849,649.35,,
41463,225.24,,
40848,519.525,,
41591,287.52,,
41552,420.687,,
41472,123.24,,
40619,348.04,,
41229,304.8,,
41877,274.992,,
41764,408.42,,
41348,1587.12,,
41872,736.29,,
41817,198.24,,
40576,334.3035,,
41526,397.89,,
40934,349.6,,
41626,547.74,,
41442,272.76,,
41330,773.4,,
41047,458.64,,
41871,795.2064,,
41005,468.44,,
41968,253.92,,
40852,339.18,,
41039,606.9,,
40814,535.78,,
41271,291,,
41309,379.08,,
41467,297.18,,
41640,846.288,,
41292,740.7,,
41065,555.03,,
40806,551.16,,
41001,607.824,,
40970,583.47,,
41508,621.504,,
40919,688.32,,
41214,503.96,,
41010,406.44,,
41542,512.064,,
42004,258.12,,
40899,263.64,,
41510,532.704,,
41234,315.72,,
40788,475.944,,
41970,230.22,,
41022,198.528,,
41802,280.792,,
41702,493.32,,
41803,858.24,,
41802,290.64,,
41751,154.26,,
41725,281.34,,
41502,225.296,,
40644,306.24,,
41689,876.681,,
41935,11199.968,,
41863,569.97,,
41717,220.24,,
40714,418.8,,
41817,545.916,,
41509,301.71,,
41800,359.475,,
41661,1226.52,,
41246,589.1364,,
41602,501.67464,,
41816,781.47,,
41675,379.38,,
40855,173.94,,
41514,511.56,,
40952,904.65,,
41636,845.488,,
41623,556.704,,
41502,169.1,,
41924,560.1,,
41430,426.4,,
41954,430.88,,
41617,212.04,,
41968,395.32776,,
41346,271.68,,
41131,674.4,,
41703,339.18,,
41824,333.6,,
41179,375.6069,,
40679,409.26,,
41976,273.456,,
41432,747,,
41947,245.22,,
40842,383.96,,
41806,698.352,,
41543,291,,
41621,657.93,,
41620,395.82,,
40566,920.4,,
40893,718.72,,
40936,377.46,,
41857,517.92,,
40822,330.84,,
41270,668.16,,
41632,286.38,,
41960,322.2,,
41613,284.16,,
41257,326.835,,
41446,486.6,,
40810,617.895,,
41586,423.3,,
41521,311.29488,,
41255,454.5,,
41820,422.928,,
41942,694.32,,
41788,581.55,,
41388,215.64,,
41341,541.77,,
40870,344,,
41703,254.19,,
42002,524.178,,
42002,918.96,,
41066,973.35,,
41817,560.655,,
41395,543.09,,
41046,206.28,,
40750,674.352,,
41967,113.82,,
41509,304.38,,
40702,585.552,,
40632,335.72,,
41995,228.78,,
41583,650.352,,
41051,613.224,,
41730,519.48,,
40658,270.72,,
41288,387.96,,
41729,382.14,,
40826,255.85,,
41855,369.9,,
41575,454.6,,
41891,230.5098,,
41726,559.872,,
41110,459.39,,
41006,771.72,,
41996,607.52,,
41038,837.63,,
40884,595.92,,
40799,252,,
41922,447.2,,
41676,576.72,,
41474,854.352,,
41838,478.56,,
41150,634.95,,
41226,633.18,,
41430,327.408,,
41506,703.04,,
41430,615.15,,
41526,207.48,,
41600,271.242,,
41800,862.812,,
41948,157.5,,
40617,340.86,,
40559,149.95,,
41214,327.564,,
40684,1054.02,,
41702,108.56,,
41149,625.3875,,
41807,350.406,,
41929,545.094,,
41918,172.62,,
41397,161.94,,
41450,241.44,,
41129,135.09,,
41716,822.42,,
41515,320.544,,
40942,149.97,,
41645,354.15,,
40988,780.3,,
41858,517.47,,
40757,847.872,,
41270,215.475,,
41648,1843.17,,
41891,319.984,,
41914,405.12,,
40774,699.744,,
41788,358,,
41624,621.99,,
41813,204.16,,
41758,228.285,,
41358,403.168,,
41162,447.627,,
40873,222.56,,
41089,559.872,,
41960,119.94,,
41971,497.94,,
40926,271.46,,
41803,189.7,,
41674,582.894,,
41929,320.37,,
40880,219.834,,
41372,512.28,,
40876,925.92,,
41372,430.5708,,
41710,346.14,,
41674,273.24,,
41947,959.984,,
41506,259.77,,
41106,574.02,,
41915,415.2,,
41984,283.8,,
40880,362.5047,,
41681,262.14,,
41851,330.4,,
41579,492.835,,
41268,505.17,,
41882,275.58,,
41862,600.48,,
40647,250.2,,
40719,263.96,,
41104,607.9,,
40905,276.912,,
40988,888.14016,,
41626,218.844,,
41318,453.84,,
41908,521.82,,
41551,599.292,,
41593,408.006,,
41829,145.9,,
41223,795.51,,
41428,575.64,,
40823,411.75,,
41642,486.09,,
40893,566,,
42003,327.4446,,
41427,408.75,,
41242,152.22,,
40787,182.88,,
41970,263.58,,
41015,835.056,,
41713,298.566,,
40885,603.92,,
41888,300.24,,
40763,423.28,,
40788,559.71,,
40873,669.08,,
40862,728.832,,
41781,221.94,,
40871,339.36,,
41746,228.42,,
41082,466.722,,
41451,302.832,,
40583,406.704,,
40816,532.864,,
41846,259.92,,
41807,216.04,,
41225,856.35,,
40882,408.744,,
41297,394.56,,
40686,244.26,,
41961,358.88,,
41403,176.1435,,
41970,144.585,,
41125,462.348,,
41757,355.968,,
40892,119.52,,
41655,139.65,,
41222,237.3219,,
41663,364.14,,
41985,309.12,,
41968,731.82,,
41576,355.3425,,
41753,374.058,,
41849,247.86,,
41254,125.99,,
41975,629.64,,
41080,684.36,,
41244,757.8454,,
41930,594.22,,
41355,342.5136,,
41955,231.36,,
41628,575.64,,
41957,145.8,,
41204,756.6,,
40885,688.32,,
41929,547.3,,
41599,318.43,,
41687,574.02,,
41615,968.744,,
41154,250.68,,
41977,429.7293,,
41601,497.16,,
41829,507.6,,
41015,609.66,,
41661,264.492,,
41976,901.908,,
40796,139.44,,
41792,324.744,,
41044,848.4,,
41742,537.03,,
41635,365.796,,
41218,356.13,,
41244,693.198,,
41533,793.6875,,
40841,490.26,,
41970,126.3,,
41568,1762.3,,
41855,394.98,,
41936,423.1755,,
40575,162.72,,
41870,263.736,,
41957,341.55552,,
41872,486.1725,,
41529,535.815,,
41793,295.29,,
41500,215.322,,
40829,157.86,,
41564,511.29,,
40788,541.44,,
41498,306.126,,
40949,505.08,,
41387,670.14,,
41914,333.36,,
41212,299.9,,
41589,881.93,,
41808,533.2527,,
41793,266.58,,
41542,739.8,,
40876,643.8393,,
41803,330.144,,
41849,507.84,,
41341,414.102,,
41868,391.86,,
41477,430.575,,
41645,736.8225,,
41262,380.36388,,
41922,657.84,,
41418,167.58,,
40808,1240.974,,
40992,844.02,,
41537,140.96,,
40905,479.196,,
41424,194.4,,
41977,235.92,,
41873,546.3612,,
41185,403.68,,
41523,108.784,,
41656,399.672,,
41432,477.6,,
41221,549.98,,
41570,570.15,,
41324,437.688,,
41150,1165.68,,
41559,410.5,,
41941,722.36,,
41443,576.7112,,
41669,362.85,,
40903,227.136,,
41480,253.764,,
41619,294.3,,
41983,644.88,,
41781,386.3,,
41398,357.68,,
41174,204.6,,
41691,386.91,,
41428,911.88,,
40984,276.6,,
41604,536.64,,
40730,559.992,,
41624,439.5,,
41860,520.11,,
41043,722.352,,
40880,395.82,,
41559,158.22,,
41852,366.84,,
41824,287.97,,
41883,638.73,,
41863,578.34,,
40770,176.49,,
41718,246,,
41032,665.88,,
41065,846.6,,
41953,825.216,,
40861,372.192,,
41393,232.62,,
40788,307.395,,
41461,327.3,,
40823,151.83,,
41725,318.48,,
41605,595.38,,
41983,419.4,,
41971,388.872,,
41862,311.688,,
40988,350.352,,
41260,1392.384,,
40837,316.656,,
41072,795.6,,
41035,529.15956,,
40975,333.66,,
41999,229.284,,
41096,518.4,,
40938,248.7,,
41615,214.2,,
41744,497.592,,
40785,220.95,,
41978,424.2,,
41624,1281.45,,
41947,206.784,,
41807,226.557,,
41740,240.64,,
41592,162,,
41634,367.902,,
41881,1151.22,,
41738,529.9884,,
40722,237.3,,
41659,465,,
41973,263.136,,
40954,541.44,,
41872,465.0372,,
41536,191.28,,
41216,281.61564,,
40847,385.686,,
41999,304.45,,
40848,253.98256,,
41710,194.448,,
40894,532.5,,
41657,264.99,,
41744,642.6,,
40625,363.4902,,
41787,477.15,,
41032,483.552,,
41484,816.72,,
41893,844.02,,
41316,790.65552,,
41527,705.8805,,
40700,252,,
41257,880.32,,
41766,253.692,,
41801,172.2,,
40616,1139.92,,
41430,474.48,,
40558,265.44,,
41158,669.21888,,
41885,254.526,,
41687,600.558,,
41170,599.28,,
41173,491.94,,
40937,587.28,,
41726,297.48,,
41005,504,,
41911,166.04,,
41775,420.96,,
41207,457.14,,
41655,1057.38,,
41429,597.36,,
41377,638.288,,
40701,349.068,,
41235,537.4,,
41439,760.38,,
41220,190.72,,
41053,500.576,,
40717,248.88,,
40799,118,,
41104,179.2,,
41510,450.36,,
40933,142.56,,
41886,181.764,,
41384,595.08744,,
41475,319.77,,
41738,306.9,,
40924,504.36,,
41964,205.7,,
40715,264.6,,
41426,264.9,,
42004,120.24,,
40704,325.98,,
41251,221.96,,
41495,755.0868,,
41907,892.755,,
41703,355.11,,
41229,653.55,,
41345,236.25,,
41243,98.352,,
41456,1065,,
41963,184.5,,
41953,693.198,,
41791,418.6728,,
41836,664.146,,
41881,612.981,,
41687,574.56,,
41915,771.72,,
41863,608.58,,
41891,1310.7,,
41968,415.872,,
41870,274.32,,
41950,663.84,,
41577,225.072,,
41535,256.74,,
41759,571.32,,
41591,775.26,,
41197,324.66,,
41270,239.9,,
41726,600.558,,
40758,646.38,,
41109,222.345,,
41844,397.89,,
41591,536.58,,
41159,402.7824,,
41904,845.46,,
41799,544.275,,
40935,303.12,,
41419,141.993,,
41618,482.112,,
40836,327.3,,
41408,329.67,,
41925,232.2,,
41628,349.44,,
40605,597.84,,
41543,362,,
41684,799.96,,
41954,268.03,,
40701,758.979,,
41737,370.737,,
41427,636.06,,
41734,287.28,,
40640,629.95,,
41230,777.21,,
40926,622.14,,
41746,192,,
40767,251.64,,
41320,398.352,,
40809,343.02,,
41514,347.2875,,
41452,231.72,,
40871,525.132,,
40739,257.076,,
41429,341.49564,,
41582,234.78,,
40984,341.52,,
40892,869.7,,
41145,1269.9,,
40864,657.93,,
41787,337.2,,
41451,254.352,,
41990,184.068,,
41487,350.85688,,
41918,1015.168,,
41664,785.79,,
41501,346.92,,
41766,664.56,,
41537,310.38,,
41543,477.666,,
41607,753.888,,
41348,501.3,,
41237,454.86,,
41013,523.23144,,
40941,256.392,,
41428,341.88,,
41202,784.8,,
40787,473.61,,
41060,274.8,,
41737,528.69,,
41951,505.7864,,
41079,247.77,,
41027,428.28,,
41292,378.4,,
41941,773.388,,
41262,557.2188,,
41638,603.3,,
42004,684.606,,
40924,1045.44,,
41899,409.8,,
41374,907.416,,
41691,333.576,,
40838,940.96,,
41050,792.0045,,
41988,266.352,,
41215,256.16664,,
41089,620.1585,,
41803,377.01,,
40739,140.976,,
41990,480.2232,,
40603,587.7,,
41926,384.34656,,
41645,357.21,,
40925,303.84,,
41559,425.91,,
40721,415.1,,
41480,883.71,,
41739,191.6,,
41383,384.72,,
41538,423.67096,,
41185,312.444,,
41776,221.024,,
41848,384.96852,,
41927,303.3,,
41457,474.984,,
41276,149.1,,
41822,757.32,,
41438,399.168,,
41869,517.92,,
41177,1044.63,,
41591,260.28,,
41443,208.56,,
41446,777.96,,
41064,347.2056,,
41302,204.75,,
40639,299.97,,
40609,481.568,,
41648,164.2,,
40700,486,,
42000,984.84,,
41559,324.27016,,
41927,236.76,,
41597,718.72,,
41494,290.52,,
41684,447.876,,
41432,802.2645,,
41730,198.528,,
40829,213.92,,
41999,142.74,,
41516,121.2,,
41842,551.3886,,
41666,428.34,,
40903,1552.77,,
41745,356.6196,,
40910,273.8298,,
41275,246.12,,
41473,428.4,,
40773,381.591,,
40977,457.4628,,
40793,399.54,,
40619,613.908,,
41907,769.44,,
40696,449.64,,
41984,241.89,,
41918,408.36,,
41095,485.73,,
41478,413.424,,
41263,355.56,,
41104,488.04,,
41953,508.26144,,
41233,572.616,,
41078,534.18,,
41970,354.564,,
41021,346.08,,
41948,270.594,,
40997,494.424,,
41433,733.635,,
40554,554.3736,,
41463,177.12,,
41975,287.58,,
40890,248.022,,
40766,155.34,,
41950,752.76,,
41912,500.992,,
41241,606.933,,
41244,513.108,,
41107,199.368,,
40826,719.952,,
41877,513.36,,
41935,145.35,,
41688,480.96,,
41142,586.398,,
40793,304.99,,
41626,135.48,,
40877,141.12,,
41724,374.58,,
41190,567.486,,
41857,448.341,,
41233,281.88,,
41352,231.92,,
41201,333.66,,
41688,455.97,,
40855,491.94,,
41537,492.42,,
41180,412.95,,
40547,222.56,,
41711,511.02,,
41372,334.8222,,
41797,342.72,,
41941,341.46,,
41213,427.42,,
40774,638.82,,
40709,687.4,,
41897,210.5685,,
41129,113.92,,
41265,524.4,,
40999,173.82,,
41311,789.6,,
41537,474.2496,,
40855,368.34,,
40802,188.7975,,
41665,362.4,,
41949,455.52,,
41993,378.39,,
40926,852.48,,
41743,169.65,,
40550,273.702,,
41144,338.31,,
41817,584.61,,
41750,1116.99,,
41054,845.728,,
40766,1093.2,,
41814,823.5,,
40872,539.92,,
41174,189.225,,
41193,637.749,,
41432,467.43,,
41507,363.924,,
41933,211.12,,
40988,296.784,,
41453,299.115,,
40934,636.36,,
41221,588.978,,
40879,504.72,,
41836,256.86,,
41498,650.7,,
41668,239.97,,
41541,616.92,,
40868,267.96,,
40933,132.15,,
41310,622.14,,
41815,276.69,,
41725,245.13,,
41950,318.96,,
41739,577.53,,
41960,138.3,,
41705,138.57,,
40688,697.86,,
40719,447.84,,
40852,750.864,,
41269,183,,
41076,710.76,,
40578,883.8,,
41852,487.616,,
40871,485.88,,
40858,521.96,,
41628,485.676,,
41068,102.24,,
42002,429.6,,
41531,729.48,,
41621,383.64,,
41030,214.896,,
41841,548.2,,
41793,573.102,,
41425,364.74,,
41313,149.82,,
41241,331.728,,
40633,336.24,,
41750,312.822,,
41094,3408,,
40851,360,,
40967,509.88,,
41193,863.31,,
41635,270.72,,
41950,292.896,,
40767,105.06,,
41983,444.768,,
41976,251.16,,
41786,151.83,,
41897,895.944,,
40787,243,,
41477,363.92,,
40779,189.65992,,
41718,346.68,,
41570,332.856,,
41312,488.88,,
40872,320.88,,
41270,100.95,,
41914,241.96,,
41014,382.624,,
41411,398.52,,
41885,534.72,,
41421,484.08,,
41120,242.298,,
41604,504.36,,
41241,311.25,,
40954,636.264,,
40792,514.188,,
41880,450.912,,
41426,825.216,,
41955,385.2,,
41971,495.99,,
41167,225.24,,
41452,482.2,,
41415,447.3,,
40808,331.536,,
41519,148.98,,
41310,133.92,,
41484,301.38,,
41773,914.97,,
41641,546.72,,
41960,317.7045,,
41267,268.704,,
41870,267.12,,
41604,286.8,,
41015,523.26,,
41218,268.848,,
41523,494.64,,
41170,411.93,,
40956,502.02,,
40639,116.784,,
41363,844.116,,
41520,309.456,,
41610,180.18,,
41582,206.76,,
41761,819.54,,
41656,883.8,,
41900,586.5246,,
41537,251.55,,
41612,268.704,,
41543,691.95,,
41071,402.39,,
41488,260.25,,
41496,218.16,,
41141,459.63,,
42002,324.66,,
41908,540.189,,
41648,1032.75,,
41205,191.968,,
41584,273.96,,
41915,495.3606,,
41759,256.74,,
41395,145.536,,
41529,260.4,,
41803,124.428,,
41239,414.66,,
41221,418.6,,
41543,614.85,,
41794,291.06,,
40689,359.772,,
41378,497.76,,
41888,703.8,,
41052,825.36,,
41096,352.404,,
41036,518.0694,,
41768,207.81,,
41894,260.52,,
41334,381.63,,
41715,485.28,,
40977,359.88,,
41773,587.97,,
41762,559.872,,
41260,537.696,,
41947,239.344,,
41908,222.81,,
41135,369.72,,
41424,1084.95,,
41865,278.88,,
40749,636.15,,
41145,163.1331,,
41799,87.237,,
41092,408.422,,
41438,295.2,,
41915,352.44,,
41411,378.92064,,
41521,331.776,,
41430,402.96,,
41435,674.901,,
41850,886.95,,
41085,424.5315,,
41968,387.224,,
41411,190.512,,
41472,173.46,,
41740,242.88,,
41262,746.24,,
41639,498,,
41446,161.568,,
41619,877.3418,,
41918,423.9,,
40681,437.088,,
41901,371.79,,
41432,409.08,,
41842,123.12,,
41465,333.774,,
41515,366.08,,
41988,179.496,,
41431,735.024,,
41740,85.44,,
41148,485.82,,
41778,706.86,,
41950,260.34,,
41856,734.94,,
41899,244.2,,
41506,618.48,,
41654,169.064,,
41743,436.704,,
41722,403.2,,
41968,526.10568,,
41844,583.48,,
41897,231.48,,
41898,576,,
41218,148.96,,
41253,599.472,,
41617,190.92,,
41045,255.968,,
41606,317.16,,
41435,469.84,,
40779,274.704,,
41416,373.68,,
41925,603.3,,
41899,623.3175,,
41205,479.976,,
41408,476.928,,
41900,318.43,,
41634,229.57992,,
40850,745.686,,
41981,432.81,,
40782,630.15,,
41435,308.07,,
40774,494.22,,
41754,632.07,,
40700,883.71,,
41340,454.086,,
41738,256.8,,
41438,580.635,,
41081,303.2712,,
41720,364.74,,
41698,415.44,,
41858,222.9795,,
41345,166.08,,
41450,339.84,,
41516,538.44,,
41952,377.01,,
41986,445.326,,
41858,592.68,,
41289,181.797,,
41830,236.4,,
41376,510.18,,
41837,597,,
41270,371.168,,
41598,378.39,,
41692,552.36,,
41466,414.18,,
41995,281.97,,
41215,197.72,,
40821,357.6,,
41520,493.452,,
40907,787.92,,
41211,196.98,,
40712,518.784,,
41534,139.032,,
41062,250.02,,
41514,288,,
40736,255.936,,
41218,598.32,,
41853,676.485,,
41026,191.13,,
41824,597.132,,
41506,137.88,,
40925,496.53,,
41304,531.9,,
41293,272.52,,
41589,221.98,,
41505,124.5,,
41663,642.69,,
41947,508.92,,
40721,342.54,,
41488,315.18,,
41792,550.08,,
41085,157.815,,
41088,195.66,,
41885,527.46,,
41787,477.3,,
41418,396.78,,
41964,447.876,,
41172,294.368,,
41262,509.796,,
40873,538.056,,
41939,402.084,,
41471,331.92,,
41192,333.96,,
42002,340.704,,
40763,365.22,,
41152,239.976,,
41628,125.1,,
41949,341.577,,
41687,579.51,,
41530,490.26,,
41899,659.7,,
40907,325.08,,
40731,546.96,,
41047,727.536,,
41960,409.14,,
41226,528.12,,
40801,639.66,,
41898,395.94,,
41440,115.8,,
41615,431.976,,
41808,1950.372,,
40974,1119.984,,
41619,437.04,,
41552,239.372,,
40751,423.19192,,
41225,1027.152,,
40826,755.944,,
41542,702.3,,
41984,347.64,,
41788,165.42,,
41859,290.196,,
40809,404.9,,
41885,215.976,,
41964,414.72,,
41380,429.6,,
40610,543.105,,
41887,334.4418,,
41747,612.198,,
41415,216.945,,
40988,199.98,,
40557,333.999,,
41985,149.4,,
41676,346.113,,
41085,271.264,,
40632,389.61,,
41718,286.605,,
41229,999.96,,
41576,435.672,,
40843,421.95,,
41534,423.27,,
41442,417.42,,
40800,723.324,,
41598,221.292,,
41194,263.96,,
41746,516.66,,
41928,264.96,,
40760,721.8534,,
40776,130.2,,
41832,443.73,,
41456,513.48,,
41746,232.875,,
41130,291.6,,
41529,520.02,,
41143,345.9,,
41957,230.376,,
41513,447.84,,
40753,216.8442,,
41959,408.42,,
41611,360.128,,
41300,209.658,,
42001,237.33,,
41949,159.99,,
41918,160.93,,
40820,859.04,,
41855,673.647,,
41265,195.885,,
41467,101.7,,
40687,978.39,,
41438,226.56,,
41907,383.96,,
41507,540.804,,
41053,645.948,,
41570,101.94,,
41536,395.12,,
41219,823.5801,,
41180,293.52,,
41542,473.6,,
40999,342.792,,
41894,312.48,,
41899,310.35,,
40695,389.48,,
41964,520.38,,
41212,439.2,,
41263,343.68,,
40800,507.84,,
41521,696.762,,
40554,696.852,,
41533,520.68,,
41710,111.12,,
41081,573.48,,
41250,478.08,,
41740,211.68,,
41422,328.64,,
41440,213.36,,
40780,277.056,,
41920,265.44,,
41960,385.76,,
40752,623.16,,
41001,818.28,,
40900,247.424,,
41684,268.62,,
41247,274.14,,
40820,567.528,,
41817,526.45,,
41660,359.976,,
41038,278.64,,
41961,723.72,,
41114,136.14,,
41854,211.464,,
41894,204.83064,,
40803,126.846,,
40893,414.72,,
40730,529.15956,,
41183,235.008,,
41130,622.45,,
41006,383.952,,
41515,324,,
41439,318.816,,
41008,948.051,,
40747,130.56,,
41842,378,,
41613,344.6,,
40900,807.24,,
40549,324.45,,
40865,381.72,,
41253,387.18,,
41538,175.1,,
41302,250.263,,
41260,212.13,,
41541,256.68,,
40708,288.36,,
41694,636.768,,
41821,283.26,,
41615,127.008,,
41523,691.56,,
41260,149.28,,
41544,139.95,,
41410,988.2327,,
41906,199.95,,
41970,220.56,,
41201,236.16,,
41677,413.82,,
41831,529.8,,
41582,334.8,,
40707,215.376,,
41359,345.24,,
40625,507.663,,
40745,801.568,,
41185,147.712,,
41337,222.24,,
41848,590.1174,,
41087,448.96,,
41190,250.65,,
40988,869.7,,
41964,226.56,,
40796,414.33,,
41940,84.6,,
41448,409.032,,
41279,757.5,,
41711,242.94,,
40995,504,,
41796,254.94,,
41891,408.36,,
40957,405.891,,
40872,714.42,,
41617,680.01,,
41024,242.55,,
41211,170.1,,
41873,477.3006,,
40708,340.38,,
41800,241.74,,
41376,107.73,,
41810,412.02,,
41827,732.9,,
40920,558,,
41907,391.98,,
41443,376.866,,
40849,385.02,,
41928,225.82,,
41548,173.61,,
41720,731.82,,
41577,967.98,,
41870,740.85,,
41344,190.998,,
41835,276.69,,
41212,439.992,,
40767,297.9036,,
41801,685.755,,
41949,492.768,,
41533,340.35,,
41947,586.4,,
41182,642.992,,
41480,154.35,,
41996,219.6,,
41929,282.744,,
41684,604.575,,
41901,312.336,,
41089,177.48,,
40999,634.5,,
41052,265.26,,
40721,99.84,,
41477,418.728,,
41354,865.053,,
41982,459.92,,
41340,270.9,,
41857,457.893,,
40696,1160.784,,
40815,161.7,,
41270,444.798,,
40796,254.9,,
41897,594.18,,
41781,527.76,,
40813,445.176,,
41082,645.966,,
41921,123.93,,
41615,437.472,,
41315,342.624,,
40763,299.98,,
41086,500.13,,
41495,877.1422,,
40757,142.623,,
41801,346.92,,
40721,527.34,,
40886,428.175,,
40673,349.965,,
41797,546,,
41950,477.12384,,
41857,988.08,,
41174,720.064,,
41059,209.76,,
41866,418.296,,
41199,639,,
41148,253.32,,
41850,501.47504,,
41841,176.38652,,
41522,875.016,,
41556,248.82,,
40759,259.74,,
41992,658.638,,
40982,156.744,,
40906,457.84,,
40975,572.67,,
41172,2768.58,,
41220,689.96,,
41089,248.22,,
41107,210.9,,
40883,275.49,,
41982,954.09,,
40927,409.77,,
41377,343.92,,
41610,98.64,,
41383,350.808,,
41799,179.88,,
41831,504.09,,
40904,278.6652,,
41589,338.7,,
41265,931.392,,
40900,263.488,,
41800,648.324,,
41442,239.85,,
41958,558.42,,
41781,149.46,,
41306,168.288,,
41958,727.56,,
41305,409.5441,,
41562,623.6685,,
40600,533.376,,
41904,671.0598,,
41965,520.2,,
41593,491.832,,
40710,647.84,,
41960,715.38636,,
41595,287.94,,
41208,718.64,,
41951,868.644,,
41906,557.0475,,
41827,373.275,,
40998,282.18,,
41213,379.809,,
41606,271.992,,
41520,285.6,,
41465,166.8,,
41276,234.816,,
41241,349.32,,
41172,1369.764,,
41697,567.9,,
41761,299.04,,
41977,212.04,,
41815,555.66,,
41859,561.087,,
41548,934.86,,
41152,408.3,,
41193,319.984,,
41871,273.472,,
41449,444.624,,
41394,330.1384,,
41634,510.12,,
41267,190.44,,
40554,244.5,,
41774,729.48,,
41901,776.25,,
40847,251.91,,
41801,113.28,,
41907,235.944,,
41866,859.5,,
41270,679.8,,
40829,316.476,,
41726,292.1,,
40896,211.168,,
40598,490.14,,
41956,348.46168,,
41874,207.18,,
41036,95.688,,
40845,544.725,,
41250,355.38,,
41423,502.92,,
41687,249.18,,
40957,333.8,,
41898,298.14,,
41901,135.84,,
41963,654.102,,
41507,948.618,,
40788,486.36,,
41464,152.82,,
40837,515.646,,
41618,422.73,,
41366,114.6,,
41591,463.968,,
41961,131.868,,
41725,119.96,,
41372,658.746,,
41579,665.145,,
41141,170.46,,
41582,179.991,,
41970,258.264,,
41908,321.075,,
41745,726.3486,,
41976,401.646,,
41176,298.14,,
41158,260.415,,
40829,523.98,,
40646,509.97,,
40931,278.88,,
41886,378.66,,
41551,1301.25,,
41242,301.96,,
41921,415.008,,
41281,246.72,,
41041,619.152,,
40823,333.9,,
40613,228.906,,
41977,391.608,,
41648,631.5,,
41950,349.056,,
40770,392.22,,
41138,581.25,,
41499,1091.04,,
41247,298.26,,
41261,404.16,,
41796,505.90616,,
41913,284.1098,,
41081,342.06,,
41867,284.1,,
41548,523.92,,
41638,647.872,,
41627,342.72,,
41834,352.38,,
41015,829.728,,
40835,371.28,,
41503,161.28,,
41885,480.03,,
41077,220.44,,
41782,259.248,,
40560,299.97,,
41466,627.696,,
41484,177.45,,
41884,424.2,,
41021,680.76,,
41439,535.68,,
40669,570.15,,
41869,634.86,,
40660,718.95,,
41888,358.68,,
41759,93.0762,,
41375,579.51,,
41838,672.57,,
41264,333.36,,
41442,428.28,,
40918,197.19,,
41450,303,,
41863,449.64,,
41229,256.74,,
40636,390.72,,
41793,199.08,,
40836,915.9,,
41514,345.06,,
41183,116.28,,
40920,235.188,,
42002,607.14,,
41790,145.896,,
40952,254.52,,
41990,364.32,,
41996,429.4125,,
41603,207.76,,
40637,526.64,,
41530,282.6,,
41730,314.496,,
41313,364.8483,,
41435,415.2,,
41876,190.65,,
41531,157.392,,
41855,551.7504,,
41900,1983.015,,
41053,202.92,,
41769,199.98,,
41819,612.48,,
40865,392.94,,
41628,198.39,,
41089,224.82,,
41661,242.94,,
41848,1799.64,,
41513,155.52,,
41529,303.84,,
41362,919.05,,
40675,700.056,,
40905,212.32,,
40973,852.498,,
40609,436.704,,
40975,438.84,,
40771,226.12,,
41593,227.4,,
40654,238.272,,
41535,232.4,,
41077,333.96,,
41127,406.35,,
41614,483.6,,
41865,600.48,,
41290,437.34,,
40693,740.34,,
41445,278.9298,,
41312,624.736,,
41408,281.34,,
40892,487.728,,
41951,272.97,,
41857,194.64,,
40859,251.37,,
40586,234.45,,
41871,435.99,,
41103,375.84,,
41036,613.56,,
41577,162.06,,
41813,319.644,,
41991,250.992,,
41372,507.276,,
41451,422.058,,
41698,146.56,,
41880,492.42,,
40628,551.205,,
40625,268.32,,
40879,889.92,,
41033,512.34,,
40616,219.618,,
41493,415.44,,
40862,404.73,,
41148,484.65,,
41046,512.163,,
41617,507.6,,
41633,197.97,,
41729,920.4,,
41525,984.18,,
40866,392.31,,
41451,208.5,,
41620,326.835,,
42004,323.136,,
40871,151.72,,
41632,453.576,,
41951,508.32,,
40907,551.985,,
41978,188.552,,
40714,307.272,,
41487,394.98,,
41620,197.7,,
41701,441.96,,
40651,348.81,,
40838,493.83,,
40864,479.9,,
41949,549.75,,
41953,494.64,,
40555,384.96852,,
41352,628.24,,
41101,246.024,,
41442,265.824,,
41351,199.9,,
41235,329.4,,
41985,199.26,,
41634,698.352,,
40648,98.376,,
41631,207.12,,
41233,185.04,,
41358,360.24,,
41445,257.76,,
41451,317.52,,
41241,414.66,,
41038,291.792,,
41713,685.44,,
41788,314.64,,
41894,440.5275,,
40861,364.92,,
40632,284.76,,
41778,241.38,,
41886,281.34,,
41134,283.92,,
41710,321.9426,,
41954,341.96,,
41928,407.904,,
40795,288.08268,,
41597,255.108,,
41971,250.83732,,
41713,850.35,,
41999,277.398,,
41429,598.23,,
41246,879.15,,
41931,386.388,,
40775,729.84,,
41540,148.68,,
41082,418.05,,
41912,146.82,,
41606,291.06,,
41074,529.2,,
41410,548.604,,
41942,435.357,,
41907,603.92,,
41366,135.72,,
40793,429.9,,
41017,115.44,,
40942,245.56,,
41984,1462.1445,,
41754,99.28,,
41871,311.25,,
40853,148.014,,
41583,422.82,,
41876,211.65,,
41379,509.696,,
41055,664.56,,
41124,468.792,,
41940,96.48,,
41981,339.18,,
40854,146.96,,
41129,573.9498,,
41267,132.79,,
41957,563.024,,
41902,168.48,,
41576,207,,
41963,119.92,,
41640,332.163,,
41456,674.55,,
41913,392.88,,
41382,257.499,,
41807,192.16,,
41256,204.63,,
40721,322.44,,
41920,222.384,,
41901,411.75,,
40830,269.9,,
41570,404.73,,
41614,170.07,,
41442,248.832,,
41961,363.3,,
40905,233.7,,
41863,406.44,,
41106,190.863,,
41093,269.82,,
41873,431.968,,
40991,430.92,,
41209,156.88,,
40639,154.764,,
41883,811.72,,
41194,272.52,,
41613,618.732,,
41458,631.91364,,
41422,199.392,,
41516,185.76,,
41179,435.294,,
41349,528.43,,
40868,140.736,,
41982,592.74,,
41178,262.74,,
41843,368.172,,
41469,340.08,,
41678,124.44,,
40635,1049.93,,
41173,589.9,,
41773,299.52,,
41748,217.6,,
41890,207.81,,
40877,633.48,,
41519,298.62,,
41885,496.16568,,
41885,355.38,,
41684,382.32,,
41799,276.72,,
41424,314.9601,,
41068,516.96,,
40977,244.65,,
41015,408.456,,
41587,408.3,,
41514,244.615,,
41590,126.8,,
40952,371.808,,
41962,198.9,,
41599,246.84,,
41661,264.9384,,
41354,293.29224,,
41477,191.88,,
41216,179.392,,
41164,459.918,,
41315,337.2456,,
41659,643.365,,
41893,342.792,,
41102,659.168,,
41012,243.81,,
41853,670.41,,
41859,217.2,,
41639,170.786,,
41207,184.194,,
41362,527.16,,
41087,425.7,,
41767,419.944,,
41542,281.88,,
40658,302.376,,
41099,464.97,,
41299,493.452,,
41352,132.3,,
41278,220.08,,
41541,1081.647,,
41326,135.8,,
41860,364.5,,
41267,447.2,,
41910,325.08,,
41830,244.8,,
41299,313.722,,
41698,372.96,,
40872,341.7471,,
41635,155.34,,
40849,593.46,,
41653,318.132,,
41761,445.28,,
41120,380.97,,
41689,1072.08,,
41615,479.984,,
40858,418.8,,
41971,382.32,,
41906,127.9,,
41298,727.536,,
40889,497.4,,
41360,340.86,,
41440,156.1032,,
41088,725.7,,
41764,571.44,,
41363,299.975,,
41268,157.9,,
41634,169.38,,
41270,396.78,,
41089,243,,
41568,247.36428,,
41530,326.97,,
41719,134.946,,
41796,128.37,,
41701,281.82,,
41498,1219.7,,
41226,258.9,,
40904,105.18,,
41960,293,,
41422,377.568,,
41211,276.8,,
40716,529.15956,,
41466,129.132,,
41246,359.499,,
41377,335.664,,
41491,209.7,,
41465,416.592,,
41187,82.86,,
41449,394.2,,
40669,323.19,,
41402,110.1132,,
40896,466.7007,,
41996,846.1992,,
40658,408.7215,,
40847,207.81,,
41456,410.7,,
41356,424.062,,
40848,200.394,,
41900,328.14,,
41989,387.84,,
40788,578.64,,
41397,394.98,,
41254,212.592,,
41214,459.918,,
41892,243.92,,
41705,572.192,,
40805,1107.516,,
41289,254.97,,
41855,146.28,,
41256,326.84,,
41118,152.55,,
41932,328.3992,,
41305,244.56,,
41929,516,,
41750,976.08,,
41662,131.85,,
41860,168.6,,
40775,421.372,,
41586,479.97,,
41388,96.96,,
41690,81.63,,
41415,144,,
41584,137.58,,
41897,389.9928,,
41062,804.56,,
41799,332.28,,
41328,100.62,,
41716,223.92,,
41488,171.36,,
40742,332.019,,
40595,173.349,,
41839,655.776,,
40712,277.56,,
41962,400.32,,
41295,333.96,,
41927,651,,
41629,139.8,,
41775,183.72,,
41452,371.328,,
40662,160.92,,
41292,382.9,,
41541,295.776,,
40750,232.624,,
40877,252.27,,
41080,319.984,,
41527,478.17,,
41130,245.07,,
41741,493.68,,
41989,214.02,,
41807,380.538,,
41731,508.32,,
41038,249.885,,
41356,366.84,,
41164,620.055,,
41453,539.658,,
41344,238.62,,
41562,554.16,,
41120,110.856,,
41929,270.56,,
41970,189,,
41198,361.998,,
40931,146.6775,,
41699,735.66,,
41004,563.808,,
41125,183.735,,
41799,193.68,,
41531,698.85,,
41228,373.41,,
41716,626.184,,
41517,121.23,,
41156,1164.6975,,
40964,260.82,,
41584,135.9333,,
41606,189.54,,
41339,829.32,,
41883,995.28,,
41017,947.17,,
41965,245.82,,
41143,294.6,,
41241,117.558,,
41369,111.384,,
41541,375.9,,
41032,197.883,,
41864,542.94,,
41165,131.88,,
41770,269.244,,
41857,151.056,,
40882,250.26,,
41814,273.18,,
41967,123.39,,
40905,266.91,,
40898,392.4,,
40697,132.696,,
41337,388.68,,
41480,267.192,,
41282,204.63,,
41697,450.48,,
41801,1347.52,,
41899,131.648,,
40758,509.4,,
41885,511.5,,
41526,225.54,,
41019,130.212,,
41444,403.272,,
41290,186.624,,
41731,984.18,,
41078,585.69,,
41248,232.4,,
41260,142.36,,
41158,1487.16,,
41998,147.04,,
41135,244.8,,
41085,231.6312,,
41856,268.32,,
41879,220.44,,
41896,351.84,,
41828,285.075,,
41402,442.764,,
41608,719.7,,
41971,565.32,,
41596,333.6,,
41844,396.78,,
41538,163.425,,
41795,177.12,,
41445,171.16,,
41164,68.769,,
41303,515.61,,
41649,274.491,,
41467,371.3364,,
41907,247.35,,
40998,266.22,,
40805,737.019,,
41580,295.29,,
40719,266.04,,
40649,144.9,,
41228,351.216,,
41745,196.45,,
41407,249,,
41531,373.08,,
41815,293.52,,
41352,566.712,,
40954,329.9886,,
41983,127,,
41117,762.39216,,
41386,600.64,,
41564,486.12,,
40637,232.55,,
41006,602.76,,
41488,418.392,,
41418,572.616,,
41458,304.2405,,
41544,308.7,,
41977,166.44,,
41863,182.61,,
41519,487.593,,
40906,283.56,,
41680,362.664,,
40560,127.104,,
41549,200.1,,
41573,377.68,,
41037,617.1,,
41934,417.216,,
41681,464.13,,
40777,622.14,,
41207,224.289,,
41086,204.672,,
40721,317.9925,,
41803,95.202,,
41228,478.44,,
41907,713.29056,,
40862,243.7,,
41234,357.21,,
40831,352.35,,
40883,345.6,,
41514,242.04,,
41451,218.025,,
41215,512.499,,
41975,398.972,,
40562,716,,
41230,409.4604,,
41514,555.072,,
41398,280.35,,
41166,879.984,,
41502,312.03,,
41853,354.12,,
41191,494.22,,
41589,113.76,,
41439,201.36,,
41808,529.98,,
41961,184.86,,
42003,588.0225,,
40878,219.78,,
40970,303.66,,
41979,172.752,,
41992,508.32,,
41495,487.92,,
40763,284.94,,
40671,533.799,,
41919,509.3634,,
41225,822.42,,
41226,468.93,,
41941,319.68,,
41656,302.67,,
41806,297.918,,
41568,805.86,,
41941,646.38,,
42002,525.72,,
41592,166.536,,
40695,512.19,,
41871,311.4,,
40760,235.05,,
41929,595.17,,
41537,654.102,,
41948,261.03,,
41439,377.97,,
41971,268.8,,
40834,275.97,,
40858,896.99,,
41005,758.85924,,
41368,729.99,,
41212,182.91,,
41929,256.8,,
42000,928.8,,
41542,241.65,,
41145,381.96,,
41191,389.97,,
41338,585.98568,,
41857,528.69,,
41422,314.55,,
41220,207.24,,
41327,451.08,,
41828,339.18,,
41441,173.488,,
41794,238.2,,
41634,330.075,,
40605,489,,
40852,265.65,,
41271,487.728,,
41265,718.794,,
41517,249.264,,
40870,189.93936,,
41993,281.3265,,
40555,551.61,,
41688,250.4046,,
41533,149.76,,
41471,636.21,,
40609,846.48,,
41677,174.96,,
41414,641.96,,
41916,371.97,,
40919,146.688,,
41361,331.92,,
41109,485.73,,
41470,219.84,,
41814,147.75,,
41186,285.48,,
41398,211.44,,
41453,667.56,,
41914,761.886,,
41360,453.48,,
40822,248.52,,
41527,605.1,,
40583,422.82,,
41381,673.2,,
42000,175.26,,
41538,646.38,,
41253,184.66,,
40792,236.52096,,
40921,278.7,,
41851,152.64,,
41244,650.97,,
40799,394.704,,
41944,169.5,,
41773,530.34,,
41905,568.608,,
41787,454.5,,
41964,158.328,,
41062,434.16,,
41867,197.49,,
41413,418.5,,
41335,362.92,,
41815,550.24,,
41570,321.21,,
40849,539.964,,
41769,269.28,,
41227,358.96,,
40711,273.48,,
41572,199.99,,
41103,607.32,,
40886,194.796,,
40583,268.812,,
41029,166.617,,
41522,324.072,,
41015,571.374,,
41600,446.4,,
41206,245.97,,
41130,396.84,,
41366,533.8935,,
41583,382.401,,
41918,333.24,,
41226,369.28,,
41996,555.39,,
40576,248.022,,
40890,1274.24,,
41737,152.55,,
40830,119.952,,
41538,248.94,,
41384,459.88,,
41659,193.14,,
40890,313.9641,,
41067,439.344,,
41972,457.056,,
41499,562.2925,,
41950,259.136,,
41705,293.22,,
40995,546.6,,
41190,486.09,,
41989,493.452,,
41941,567.42,,
41988,361.86,,
41944,156.204,,
41152,506.64,,
41247,556.1,,
41933,334.68,,
41669,519.66,,
41122,462.348,,
41934,380.688,,
41603,180.36,,
41764,407.232,,
41974,562.887,,
40935,520.98,,
41618,469.962,,
41491,171.558,,
41390,381.91464,,
41618,164.48,,
40624,314.352,,
41444,683.6,,
41166,381.636,,
41852,513.6,,
41960,274.68,,
40544,408.3,,
41123,211.95,,
41173,629.95,,
41158,1232.28,,
41200,228.528,,
41464,210.048,,
41888,577.665,,
41066,821.4,,
41983,399.9159,,
40793,196.776,,
41442,598.2,,
41233,322.44,,
41724,186.786,,
41746,282.66,,
41944,508.768,,
41534,370.368,,
41079,349.965,,
40723,380.4,,
41804,185.536,,
41374,517.9,,
41984,437.52,,
41215,208.272,,
41055,399.54,,
41760,291.654,,
40915,639.6,,
41853,154.848,,
41527,426.06,,
41927,398.688,,
41928,204.95,,
40758,365.91,,
40771,581.04,,
41893,244.35,,
41438,313.488,,
41302,297.36,,
41599,343.8,,
41878,357.156,,
41614,1034.16,,
41950,401.58,,
41998,585.63,,
41085,302.4816,,
40905,190.62,,
41946,575.505,,
40638,497.7,,
41023,185.055,,
40722,401.088,,
41661,613.287,,
41908,382.4253,,
41045,228.8808,,
40654,828.84,,
40834,605.34,,
41078,467.97,,
41919,398.52,,
41964,529.32,,
41794,757.32,,
41960,146.82,,
41847,362.352,,
41716,264.96,,
40605,825.0606,,
41292,217.02,,
41425,629.1,,
41407,112.52,,
41583,246.72,,
40716,218.862,,
41597,292.53,,
40716,196.752,,
40878,491,,
41964,283.92,,
41913,174.12,,
41594,194.0805,,
41344,166.4316,,
40785,128.76,,
41637,286.44,,
41542,409.95,,
41881,1661.049,,
41948,210.996,,
41935,248.98,,
40905,110.72,,
41596,578.2,,
40865,669.06,,
41620,387.136,,
40583,266.832,,
41250,157.86,,
41620,283.68,,
41767,435.4,,
41033,698.04112,,
41141,385.56,,
41469,423.39152,,
41824,489.44,,
41701,322.44,,
41373,465.24,,
40997,213.36,,
41270,372.15,,
41074,397.17,,
41161,621.18,,
41960,239.148,,
41519,242.1,,
41010,406.6,,
41498,460.08,,
41963,380.55,,
41863,477.51,,
41534,239.28,,
41576,528.24,,
41583,553.365,,
41753,860.79,,
41598,108.48,,
41885,236.528,,
41663,636.15,,
41537,496.048,,
41799,457.5465,,
41613,265.68,,
40617,253.692,,
40552,239.7372,,
40884,312.228,,
41498,401.04,,
40750,431.136,,
41463,2799.96,,
40938,218.16,,
41221,106.26,,
40806,268.32,,
41186,343.0971,,
41246,590.352,,
41502,190.92,,
41426,102.72,,
41187,167.28,,
41729,515.52,,
41247,289.248,,
41565,604.16,,
41542,236.79,,
41620,243.384,,
41247,364.41,,
40886,651.39,,
40695,222.56,,
41303,217.32,,
41551,139.1,,
41242,249.885,,
41446,574.41488,,
41003,122.76,,
41918,409.824,,
40799,748.72,,
41726,135.96,,
41956,457.4628,,
41806,392.85,,
41912,554.28,,
40644,256.95,,
40722,323.325,,
41372,300.9234,,
41604,247.53,,
41873,429.48,,
41586,215.055,,
41906,667.84,,
41862,246.72,,
40904,87.96,,
41807,462.132,,
41820,130.71,,
41844,259.56,,
41645,314.364,,
41807,335.205,,
41857,435.45,,
41972,391.32,,
41429,166.14,,
41663,296.34,,
40943,221.112,,
41906,215.19,,
41869,94.44,,
41613,283.26,,
41871,209.76,,
41183,428.52,,
40764,336.36,,
41949,550.08,,
41079,173.34,,
40983,413.82,,
41894,118.62,,
41785,375.3,,
41804,160.02,,
41237,174.33,,
41465,352.512,,
41543,483.136,,
41280,98.96,,
41370,259.5,,
41226,211.92,,
40693,1198.2986,,
41638,186.048,,
41702,391.68,,
41782,1086.156,,
40823,290.34,,
40801,361.2,,
41899,267.732,,
41206,1114.8,,
41968,268.848,,
41961,379.44,,
41979,199.9,,
40833,691.4706,,
41605,164.7,,
41571,266.64,,
41642,401.355,,
40943,379.38,,
40693,355.455,,
41495,470.448,,
41617,200.9,,
41587,251.262,,
41634,399.98,,
40728,177.536,,
41827,262.17,,
41841,389.97,,
41751,369.28,,
40617,153.81,,
41619,795.33,,
41536,383.438,,
41880,249.3,,
40810,147.69,,
41881,358.8498,,
41044,312.6006,,
40625,330.4,,
41247,271.44,,
41928,555.0336,,
41611,629.95,,
41884,314.6,,
41685,330.22,,
41948,430.11,,
41369,329.94,,
41612,481.248,,
41968,370.44,,
41948,606.18,,
41592,168.72,,
41981,245.22,,
41950,477.09,,
41240,283.92,,
40745,290.7,,
40890,162,,
40903,364.32,,
41534,202.8,,
41313,393.9372,,
40662,834.432,,
41969,677.4,,
40724,137.2986,,
41437,242.1,,
41214,282.6,,
41608,201.24,,
41536,631.782,,
41251,236,,
41712,299.9,,
40828,1104.72,,
41150,316.44,,
41373,158.76,,
40605,302.45,,
41551,166.32,,
41612,205.666,,
41974,440.1,,
41515,279.6,,
41911,385.2,,
41570,533.22,,
40935,816.72,,
41761,275.616,,
41583,209.88,,
42004,289.35,,
41239,450.912,,
41185,690.768,,
41983,214.9,,
40712,373.23,,
41940,221.62,,
41628,138.696,,
41471,115.5,,
41933,157.98,,
41687,273.564,,
40859,335.58,,
41628,343.74,,
41165,317.16,,
40659,230.28,,
41054,697.86,,
41667,354.15,,
41268,751.653,,
41625,280.44,,
40693,489.12,,
40837,121.792,,
40849,362.92,,
41558,494.64,,
41139,558.9,,
41332,170.88,,
40760,247.86,,
41873,388.704,,
40669,162.54,,
41864,229.23,,
41219,200.196,,
41814,473.85,,
41802,257.25,,
41947,845.424,,
41304,305.01,,
41550,292.99608,,
41162,353.88,,
41233,256.68,,
41401,162.84,,
41592,210.69,,
41585,280.3275,,
41538,365.55,,
41604,442.2,,
41510,465,,
40701,423.19192,,
41078,717.12,,
41964,388.08,,
41919,487.6,,
40910,452.45,,
41726,332.94,,
41271,561.5379,,
41484,302.72,,
41899,172.2,,
41095,295.92,,
41723,145.86,,
41402,512.34,,
41992,119.232,,
40610,899.82,,
41645,821.214,,
41711,167.82,,
41584,310.752,,
41583,206.43,,
41494,441.855,,
41876,602.208,,
41709,181.656,,
40880,479.96,,
41192,213.81152,,
41064,182.688,,
41292,146.34,,
41233,479.988,,
41633,231.36,,
41471,385.9002,,
41855,271.32,,
41968,595.986,,
41227,382.4,,
41971,86.382,,
41914,451.152,,
40854,84,,
41841,573.9,,
41820,464.67,,
40766,360.15,,
41368,264.222,,
41983,261.03,,
41016,514.4004,,
41257,441,,
40837,591.32,,
41494,336.24,,
41628,259.77,,
41240,336.6,,
41586,166.032,,
40856,183.75,,
41402,274.32,,
41214,301.96,,
41661,268.576,,
41922,379.16016,,
41584,617.895,,
40869,331.84,,
41605,314.784,,
41897,214.7514,,
41202,468.6,,
41218,640.332,,
40889,492.4215,,
41319,550.431,,
41940,177.664,,
41180,379.242,,
40716,358.533,,
41053,219.9,,
41192,95.28,,
41548,333.66,,
41577,176.6,,
42003,300.98,,
41488,235.116,,
41167,391.58,,
41862,543.201,,
41932,328.995,,
41962,236.088,,
41738,195.76,,
41225,223.888,,
40797,204.36,,
40666,182.898,,
41590,109.32,,
40711,183.8,,
41339,395.32776,,
41648,180.224,,
41957,371.79,,
40814,193.8,,
40635,1278,,
40569,570.285,,
41190,945.828,,
41438,115.02,,
41549,173.1,,
41082,551.872,,
41890,279.944,,
41626,196.2,,
40981,254.88,,
41144,1309.608,,
41155,238.9,,
41731,238.8,,
40924,223.65,,
41284,262.5,,
41941,234.36,,
41562,1715.952,,
40810,709.665,,
41370,120.042,,
40673,117.99,,
41961,187.76,,
41136,282.51,,
41510,378.39,,
41030,115.56,,
40716,228.825,,
41982,228.75,,
41012,264.33,,
42002,247.158,,
40848,588.6,,
41065,848.4,,
41541,368.97,,
41664,475.2,,
41752,222.64,,
41428,464.5344,,
41157,230.56488,,
41947,179.508,,
41981,232.95,,
41443,1622.565,,
41027,426.3,,
41971,224.8911,,
41709,418.5,,
41627,360,,
40800,965.0475,,
40694,336.45,,
41221,179.85,,
41999,251.1,,
41836,465.24,,
41261,166.24,,
40714,193.0656,,
41412,250.38,,
41912,239.976,,
41900,227.24,,
41243,218.76,,
41401,721.008,,
41981,320.64,,
40857,248.22,,
41850,575.1474,,
40836,513.72,,
40546,337.6395,,
41584,326.72,,
41411,350.649,,
41943,442.4,,
41513,330.12,,
41298,260.19,,
40938,305.046,,
41610,105.48,,
40873,438.336,,
41422,144.12,,
41795,406.44,,
41477,99.488,,
41976,250.2,,
41607,149.58,,
41947,303.84,,
41971,143.73,,
41869,540.57,,
40702,225.54,,
41971,315.306,,
40832,272.84,,
40551,396.9,,
41617,346.761,,
40913,760.5,,
41755,472.8,,
41459,314.991,,
41325,419.016,,
41770,288,,
41436,214.2645,,
41432,100.368,,
41346,967.56,,
41975,406.368,,
41442,346.08,,
41950,311.4,,
41537,137.88,,
41901,148.14,,
41956,128.37,,
41433,648.18,,
40892,176.61,,
41197,526.08,,
41025,408.422,,
41075,364.704,,
41139,475.1916,,
41233,344.372,,
41667,217.89,,
41197,888.72,,
41192,667.9215,,
41286,345.06,,
41334,642.96,,
41057,314.1,,
41570,438.15,,
41948,616.14,,
41145,370.53,,
40568,445.23,,
41970,97.8,,
40885,344.16,,
41531,428.4,,
41235,370.71,,
40653,401.59,,
40896,637.5,,
41965,176.88,,
41754,269.784,,
40581,144.95,,
41885,195.93,,
41803,303.84,,
41262,258.3,,
41060,323.1,,
41089,175.92,,
41337,144.6,,
41403,222.36,,
41816,297,,
41241,322.59,,
41393,226.4022,,
41425,223.96,,
41061,433.872,,
40770,238.14,,
40640,413.424,,
41659,252.828,,
41967,458.3628,,
41898,109.32,,
41086,332.94,,
41114,279.86,,
41226,339.96,,
41077,435.42,,
41696,332.4195,,
41221,356.16,,
41296,193.68,,
41805,250.44,,
41779,1628.82,,
41647,340.86,,
41765,282.3,,
41900,274.68,,
40721,267.228,,
41724,275.76,,
41410,392.445,,
41313,241.5,,
41137,575.64,,
41023,363.75,,
41085,345.384,,
40948,462.105,,
41372,201.0675,,
40984,259.83,,
40861,339.885,,
40744,178.32,,
41366,444.72,,
41163,142.47,,
41737,228.06,,
40924,785.34,,
41202,398.61,,
40729,213.216,,
41236,307.98,,
41454,195.84,,
41626,434.88,,
41870,199.344,,
40899,166.62,,
40779,450.792,,
40661,497.61,,
40600,268.26,,
41794,381.68,,
41114,108.6288,,
41673,474.984,,
41528,300.93,,
41809,225.24,,
41879,244.5,,
41480,179.739,,
41267,505.2,,
41668,464.61,,
41453,201.584,,
41818,325.92,,
41428,636.21,,
41176,345.303,,
41636,230.796,,
41836,206.4,,
41439,342.5136,,
41477,430.704,,
41519,237.072,,
40780,820.665,,
41508,254.97,,
40786,204.15,,
41457,258,,
41883,565.32,,
40995,130.44,,
41474,544.008,,
41006,1134.9,,
40806,362.94,,
41975,274.8,,
40823,270.144,,
41143,483.516,,
41543,331.536,,
41769,642.6,,
41996,111.12,,
41988,248.5,,
40952,248.13,,
41999,910.35,,
40575,352.35,,
41984,230.04,,
40767,618.24,,
41464,360.288,,
41538,214.92,,
40935,440.64,,
41167,385.02,,
41964,364.92,,
41916,332.28,,
41030,363.447,,
40868,629.1,,
40875,139.93,,
41871,616.92,,
41580,399.6,,
41064,196.74,,
40820,349.6986,,
41041,100.764,,
41879,179.25,,
41120,243.06,,
41884,498.26,,
41933,503.5908,,
41536,475.44,,
41250,171.42,,
40913,199.2,,
41183,183.12,,
41347,557.585,,
41316,446.4,,
41461,323.064,,
40794,209.97,,
41813,325.062,,
41902,108.24,,
41443,264.06,,
41599,369.72,,
40819,258.279,,
41910,592.99164,,
40982,947.7,,
41565,120.98,,
41215,145.836,,
40854,683.144,,
40973,466.158,,
41219,89.92,,
41204,289.92,,
40879,219.4275,,
42003,333.6255,,
41857,171.87,,
40655,210.54,,
41130,307.98,,
41815,571.455,,
41502,498.42,,
40801,75.114,,
40940,151.92,,
41498,297.84,,
40990,399,,
41587,529.8,,
40828,206.56,,
41864,579.45,,
41999,319.56,,
41232,414.24,,
40849,504.72,,
41918,375.12,,
41960,473.148,,
41668,380.97,,
41812,447.84,,
41554,414.66,,
40841,339.296,,
41381,194.766,,
41295,717.12,,
41951,439.8,,
41593,248.08,,
41176,346.5,,
41939,223.83,,
41859,251.25,,
41272,364.581,,
40915,179.208,,
41920,327.12,,
41884,394.98,,
41083,201.568,,
41191,176.202,,
41891,213.43,,
41969,520.68,,
41154,357.102,,
41384,140.88,,
41688,160.7877,,
41985,721.875,,
41507,568.47,,
40994,245.862,,
41984,445.71,,
41611,229.392,,
41744,292.928,,
41877,336.24,,
41859,455.436,,
40642,205.44,,
41188,273.384,,
41563,219.792,,
40998,381.19608,,
41522,218.025,,
41382,491.76,,
40826,122.352,,
41831,359.648,,
41853,490.26,,
41087,262.278,,
41954,244.44,,
41648,225.24,,
41184,138.4,,
41542,322.218,,
41191,342.08,,
40801,215.376,,
41267,221.44,,
40667,369.09,,
41988,393.39,,
40785,222.36,,
41981,257.25,,
41853,443.808,,
40603,376.509,,
41562,492.96,,
41593,430.92,,
41124,215.1,,
41417,195.84,,
41614,98,,
41102,307.168,,
41823,435.51,,
41501,446.796,,
41590,417.5976,,
41450,440.91,,
41715,442.32,,
41373,431.928,,
41943,105.98,,
41706,385.02,,
41054,127.96,,
41988,255.78,,
40697,562.518,,
41090,340.38,,
41953,296.922,,
41487,367.71,,
41858,115.92,,
41092,184.32,,
41527,261.45,,
40744,190.2,,
40851,230.202,,
40913,255.84,,
40605,626.352,,
41241,243.168,,
41212,267.48,,
40976,860.93,,
41410,244.14,,
41643,183.33,,
40988,535.44,,
41671,484.596,,
41814,1732.71,,
41800,826.2,,
41134,373.23,,
41527,205.104,,
41423,261.24,,
41649,97.632,,
41463,230.16,,
41799,461.43,,
41046,231.417,,
41948,167.44,,
40906,317.94,,
40550,716.04,,
41810,339.36,,
41704,156.06,,
41613,545.04,,
41788,301.96,,
40774,289.24,,
40631,170.43,,
41260,403.2,,
41757,98.016,,
41920,196.704,,
41885,269.028,,
41927,203.14,,
41080,112.95,,
41505,83.84,,
41229,576.828,,
41282,226.8,,
41843,526.344,,
41824,133.44,,
41366,300.402,,
40828,243,,
41596,145.32,,
41537,263.196,,
40946,311.15,,
41572,346.92,,
41794,191.85552,,
41120,401.76,,
41179,493.2,,
41603,105.6,,
40672,378.92064,,
41862,338.3154,,
41933,623.7,,
41781,375.66,,
41130,549.24,,
41246,683.6,,
41827,576.6525,,
40694,345.96,,
41885,238,,
41449,370.4,,
41587,395.82,,
41972,424.2,,
41899,870.9,,
40821,194.4,,
42002,474.4116,,
41320,307.86,,
41907,636.36,,
40994,375.3675,,
41993,203.76,,
41466,441.9,,
41502,248.55,,
41610,136.6605,,
41266,194.32,,
40751,276.28,,
41092,170.07,,
41391,1242.81,,
41401,254.016,,
41984,255.42,,
41278,681.72,,
40977,248.82,,
41974,269.49,,
41417,238.944,,
41864,154.44,,
41529,3347.37,,
41695,158.58,,
40819,266.58,,
41990,139.6815,,
41939,415.62,,
41240,203.2,,
41310,234.06,,
41121,214.176,,
41461,490.44,,
41663,222.345,,
41905,364.932,,
40719,439.344,,
41489,720,,
41778,239.184,,
41921,343.74,,
41631,842.72,,
41892,375.744,,
41956,505.42712,,
40798,229.446,,
40753,116.22,,
40834,155.277,,
41874,263.88,,
41444,159.12,,
41639,263.58,,
41698,522.06,,
41793,388.608,,
41442,307.26,,
41270,428.274,,
41879,230.28,,
41039,179.82,,
41529,339.84,,
41493,281.754,,
41328,474.552,,
41712,314.55,,
40807,239.984,,
41609,389.97,,
41228,408.36,,
41914,135.2,,
41236,425.187,,
41536,292.5252,,
41437,248.7237,,
41970,249.06,,
41523,147,,
41401,148.932,,
40983,742.824,,
41622,636.948,,
41796,674.163,,
40926,339.9,,
40907,195.84,,
41971,267.84,,
41914,267.744,,
41443,581.55,,
41943,206.685,,
41760,222.021,,
40991,235.008,,
40732,502.488,,
41841,348.792,,
41565,546.96,,
41451,195.6,,
40850,375.84,,
41890,320.166,,
40618,225.24,,
41509,246.6,,
41122,280.2834,,
41624,313.362,,
41541,102.48,,
41648,529.47,,
41965,223.182,,
41458,275.76,,
41421,206.4,,
41960,351.864,,
41066,379,,
40632,233.8875,,
40947,83.55,,
41991,354.861,,
41457,764.82,,
41925,254.604,,
41538,271.984,,
41846,277.695,,
41681,93.18,,
41122,257.25,,
41283,167.94,,
41158,294.896,,
40623,81.756,,
40704,331.02,,
41192,393.504,,
41894,177.568,,
41753,387.136,,
41138,276.864,,
41964,168.03,,
40970,447.72,,
41764,302.76,,
40744,342.864,,
41925,369.544,,
41995,661.32,,
41477,705.6,,
41978,649,,
41899,152.1,,
41779,299.97,,
41349,319.76,,
41662,518.112,,
41550,303.84,,
41128,582.12,,
41164,496.584,,
41536,725.67,,
40655,195,,
41505,155.34,,
42002,354.861,,
40966,538.92,,
41331,331.728,,
41533,109.53,,
40735,854.94,,
41614,465.18,,
41964,209.568,,
41176,301.68,,
41449,489.45912,,
40556,201.26,,
41908,659.424,,
41551,246.69,,
41997,251.7,,
41883,650.034,,
41838,193.68,,
41611,485.904,,
41939,662.19296,,
41053,203.184,,
40773,524.28,,
41911,332.16,,
41811,226.56,,
40862,498.12,,
41922,194.766,,
41220,1345.485,,
40885,188.192,,
40716,196.92,,
41078,87.21,,
40755,85.14,,
41941,666.72,,
41163,409.824,,
40898,450.765,,
41995,243.27,,
41750,317.058,,
41438,101.754,,
41957,344.91,,
41957,239.92,,
41999,513.12,,
41809,494.0658,,
41019,595.38,,
41570,486.3,,
41181,170.94,,
41585,88.768,,
41986,323.2125,,
41262,675.96,,
40637,292.8,,
41739,137.12,,
41977,359.04,,
40588,607.32,,
41766,549.52,,
41199,434.88,,
41864,807.84,,
41816,339.15,,
41520,204.18,,
41778,262.14,,
41158,394.956,,
40891,263.96,,
41809,413,,
41847,459.156,,
40858,262.336,,
41690,301.38,,
41977,209.0136,,
41195,366.72,,
41881,329.28,,
41283,194.1975,,
41633,255.68,,
41268,449.568,,
40787,357,,
41225,636.15,,
41606,286.74,,
41161,505.386,,
41537,209.952,,
41379,174.33,,
41085,545.4,,
41443,665.1,,
41991,152.64,,
40863,319.68,,
40742,223.83,,
40975,587.97,,
40870,155.372,,
41531,378,,
41642,260.49,,
41339,170.14956,,
40572,492.624,,
41946,286.8,,
41213,535.653,,
40814,621.18,,
40904,312.12,,
41976,242.64,,
41495,329.22,,
40564,699.93,,
41620,300.768,,
41684,106.272,,
41496,239.1,,
41634,263.7492,,
41815,385.6,,
40968,184.752,,
41057,332.28,,
41204,507.6,,
41675,170.28,,
41173,124.593,,
40987,453.576,,
41604,319.92,,
41144,222.777,,
41502,292.734,,
41254,196.62,,
41885,167.97,,
40750,364.32,,
41627,207.12,,
41170,208.911,,
40772,239.952,,
41745,198.56,,
41939,266.22,,
41838,269.98,,
41380,166.83,,
41673,306.342,,
41914,300.63,,
41950,406.14,,
41000,399.735,,
41137,313.024,,
40904,498,,
40900,224.48,,
41247,519.93804,,
41271,440.82,,
41661,582.426,,
40553,308.64,,
41474,333.78,,
41596,75.9,,
41943,97.568,,
41983,896.328,,
41970,570.9,,
41999,349.52,,
41239,201.285,,
41568,341.523,,
41537,341.6,,
41936,173.94,,
41603,321.3,,
41193,446.24,,
40948,558.954,,
41517,124.8237,,
41860,152.25,,
41710,104.58,,
41883,276.48,,
42003,255.285,,
41925,247.2768,,
41219,110.6,,
40815,854.49,,
40932,332.01,,
41052,103.2,,
41591,222.56,,
41843,468.612,,
41702,399.672,,
41429,192.78,,
41571,379.4,,
41277,311.25,,
40697,329.55,,
41659,552.501,,
40890,324.921,,
41132,66.69,,
41701,479.94,,
41025,74.88,,
40897,221.92,,
41997,190.98,,
41507,354.861,,
41355,279,,
41178,364.74,,
41608,242.176,,
41803,166.92,,
41052,249.72,,
40812,425.187,,
41956,223.056,,
41929,599.985,,
41766,219.808,,
40703,80.352,,
41499,598.995,,
40829,634.86,,
41379,199.206,,
41795,309.12,,
41136,248.64,,
41613,379.386,,
40759,351.3,,
41232,310.32,,
40948,245.97,,
41344,464.04,,
41412,113.52,,
41793,517.14,,
41123,277.5,,
41540,241.368,,
40742,259.136,,
41613,138.57,,
41960,268.704,,
41509,175.68,,
41188,504,,
41108,698.058,,
41408,152.64,,
41869,229.56,,
41537,148.5,,
41569,150.39,,
40788,213.3,,
40931,124.74,,
41869,462.564,,
40801,300.564,,
41471,340.86,,
41397,200.76,,
41993,311.4,,
41979,385.984,,
41795,352.584,,
41284,248.82,,
41493,170.55,,
41562,206.517,,
40857,535.41,,
41626,190.08,,
40635,228.42,,
41542,219.48,,
40660,807.597,,
41218,98.352,,
41894,222.24,,
41905,364.32,,
41793,127.68,,
41879,212.4,,
41421,184.704,,
41962,304.8,,
40932,294.3,,
40886,443.988,,
40795,266.328,,
41037,377.97,,
41904,256.14,,
41903,743.58,,
41240,375.4575,,
41990,133.11,,
41143,327.312,,
41266,196.12,,
41163,253.02,,
41879,249.426,,
41685,323.46,,
40743,359.98,,
41852,159.12,,
41382,271.6,,
41939,329.712,,
40632,415.62,,
41953,499.168,,
41543,230.16,,
41038,504.54,,
40931,152.928,,
41663,128.223,,
41478,293.112,,
41250,136.95,,
41148,256.8,,
41729,347.88,,
41494,414.72,,
40814,235.24,,
41061,342.672,,
40833,243.168,,
41388,98.9,,
40897,78.6424,,
40848,142.44,,
41746,144,,
41977,256.64568,,
41348,344.4,,
41582,82.95,,
41089,117.882,,
41737,262.14,,
40675,481.6098,,
40844,475.2,,
41227,159.968,,
41130,143.7,,
41779,286.93,,
41299,428.68,,
41498,495.72,,
41808,180.12,,
40812,424.14,,
41961,200.64,,
41946,165.96,,
41101,341.488,,
40725,138.82,,
41073,372.555,,
41526,73.5402,,
41917,367.578,,
41443,123.24,,
41898,200.52,,
41788,113.58,,
41148,498.2988,,
40858,382.68,,
40808,496,,
41809,174.528,,
40698,388.125,,
41631,100.8,,
41820,172.38,,
41457,220.704,,
41412,206.52,,
41584,83.34,,
41949,348.48,,
41547,682.584,,
41918,246.9,,
41814,546.96,,
41953,488.6208,,
41639,142.8,,
41187,427.8816,,
40820,520.68,,
41772,871.2,,
41594,361.376,,
41623,396.92,,
40796,121.59,,
40828,163.1,,
41520,599.16,,
40813,473.61088,,
41685,248.265,,
41653,428.67,,
41856,321.6591,,
40705,344,,
41619,133.728,,
40616,193.32,,
41789,396.252,,
41220,378.88,,
40660,214.368,,
41584,492.84,,
41746,605.7525,,
41809,522.144,,
41733,458.1564,,
40856,222.666,,
40899,296.712,,
40975,152.1,,
41974,245.7,,
41345,1063.692,,
41073,295.47,,
41820,362.94,,
41492,448.48,,
41079,280.92,,
41554,392.76,,
41604,1391.76,,
41149,470.36,,
41544,328.14,,
41006,396.78,,
41851,455.76,,
41716,229.608,,
41102,97.56,,
41965,2183.979,,
41642,402.48,,
40813,688.734,,
41950,224.259,,
41621,288.9,,
41233,280.422,,
41661,184.14,,
40822,443.0706,,
41976,508.704,,
41611,392.85,,
40843,532.8,,
41741,199.95,,
41894,143.952,,
41575,427.644,,
41543,479.976,,
40843,171.5,,
41982,286.44,,
41640,156.512,,
40900,638.91,,
41037,607.2,,
41355,245.76,,
40819,82.368,,
41450,190.9332,,
41486,814.17,,
41949,413.1,,
41639,499.44,,
41163,305.408,,
41162,449.793,,
41442,296.028,,
41361,364.74,,
41996,363.39,,
41718,463.44,,
41488,340.86,,
41634,309.5568,,
41969,359.499,,
40792,331.92,,
40884,370.53,,
41888,216.144,,
41167,378.66,,
41775,128.88,,
41682,262.29,,
41625,245.82,,
41852,123.9,,
41914,171.27,,
41453,171.2,,
41891,108.51,,
41768,251.55,,
41218,197.64,,
41654,225.24,,
41810,249.06,,
41177,94.392,,
41885,334.53,,
41555,555.2442,,
41061,403.68,,
41402,445.281,,
41669,495.06,,
40876,163.968,,
40820,279.68,,
41736,260.28,,
41951,394.72896,,
41843,126.36,,
41720,277.4,,
41814,481.6,,
40813,304.704,,
41717,537.544,,
40815,807.75,,
41421,248.82,,
41670,654.804,,
41947,317.94,,
41715,163.32,,
40996,194.34,,
41792,121.02,,
41897,138.3,,
41829,313.69884,,
41839,311.976,,
41860,494.22,,
41603,189.63,,
40682,68.634,,
41207,286.212,,
40627,366.786,,
41572,450,,
41249,357.36,,
40652,230.384,,
41246,859.05,,
41435,692.94,,
41936,238.14,,
40721,520.38,,
41850,301.5,,
41019,377.19,,
41987,493.68,,
41186,269.55,,
40921,116.04,,
41256,192.78,,
41531,258.15,,
41978,245.484,,
41653,330.912,,
40588,406.44,,
41738,74.49,,
41044,137.79,,
41971,225.18,,
41478,251.1,,
41922,570.15,,
41559,122.742,,
41144,159.3,,
41912,385.077,,
41591,164.08,,
41248,365.76,,
41859,143.1,,
41928,208.035,,
41199,264.06,,
40557,224.07,,
41561,265.792,,
40786,374.058,,
41321,1110.267,,
40651,317.058,,
41587,480.69,,
41836,310.443,,
40973,154.08,,
41653,358.992,,
40798,339.48,,
41531,483.408,,
40696,266.4,,
41754,266.4,,
41321,227.96,,
41957,306.84,,
41611,248.88,,
41523,197.64,,
41759,209.3394,,
41814,98.64,,
41747,187.92,,
41583,534.357,,
41452,448.188,,
41493,89.424,,
41501,288.54,,
41627,226.2,,
41145,284.364,,
41188,114.84,,
41103,211.464,,
41569,189.54,,
41565,262.912,,
41951,312.15,,
40751,803.52972,,
41163,260.52,,
41604,417.204,,
41544,431.976,,
40886,181.92,,
41346,231.066,,
41584,610.6725,,
41915,244.74,,
41378,589.2,,
41246,392.0144,,
41794,199.2,,
41338,426.24,,
41296,451.136,,
41668,196.272,,
41844,202.08,,
41912,194.544,,
40596,402.72,,
41198,384.11024,,
41829,234.3519,,
41888,402.75,,
40931,147.3,,
41949,566.52,,
40714,377.37,,
41647,407.115,,
41431,259.56,,
41899,518.496,,
40758,218.75,,
41071,104.16,,
41267,559.791,,
41967,222.384,,
41771,209.979,,
41408,199.9,,
41726,845.019,,
41592,217.056,,
41590,153.04,,
41950,201.69,,
41187,147.663,,
41669,174.6,,
41024,276.16,,
40707,264.168,,
40707,332.5296,,
40725,463.44,,
41170,517.5,,
41550,204.876,,
41939,249.18,,
41257,273.568,,
41704,344.4,,
40714,210.288,,
41262,164.2,,
41551,155.34,,
41740,371.6,,
41006,463.248,,
41939,526.40508,,
41676,371.2,,
41941,303.3,,
41767,187.08,,
40828,515.904,,
40970,259.146,,
40799,133.5,,
41212,532.56,,
41161,167.28,,
41414,298.68,,
41411,177.16,,
41596,266.355,,
41409,312.51,,
41844,362.952,,
41810,464.464,,
40771,509.868,,
42003,118.1007,,
41327,490.32,,
41380,344.36988,,
41270,470.88,,
41968,364.08,,
41501,170.52,,
40904,487.88,,
41698,332.01,,
41138,294.3,,
41863,226.8,,
40728,278.85,,
41941,373.284,,
41422,378.31584,,
41310,122.97,,
41220,310.32,,
40716,976.08,,
41174,266.49,,
41122,223.47,,
42000,121.188,,
41263,161.1,,
41733,414.072,,
40751,450.792,,
40696,219.6,,
41722,474,,
40638,293.58,,
40851,252.27,,
41537,87.075,,
41237,160.38,,
41737,617.976,,
40710,155.568,,
41864,342.18,,
41101,221.06,,
41520,568.728,,
41452,350.848,,
41072,218.592,,
41977,1790.7582,,
41059,160.32,,
41710,485.024,,
41274,487.984,,
41241,251.296,,
40981,177.2,,
40834,545.88,,
41536,195.93,,
41864,119.028,,
41858,333.9,,
41263,269.22,,
40903,245.94,,
41991,118.17,,
41157,411.332,,
41627,563.94,,
40967,385.86,,
41685,299.64,,
41589,157.32,,
41628,658.672,,
40567,72.948,,
41820,293.328,,
41593,148.68,,
41681,204.15,,
41950,546.336,,
41954,396.84,,
41899,222.56,,
41438,105.06,,
41766,199.2375,,
41884,130.56,,
41012,241.568,,
41813,156.4,,
41968,120.45,,
41135,367.83,,
41769,147.92,,
41739,150.696,,
41909,419.136,,
41905,122.4,,
41513,636.06,,
41433,223.329,,
41409,200.97,,
41858,137.31,,
41222,597.744,,
41250,152.94,,
41226,299.97,,
41939,204.96,,
41569,340.92,,
41006,360.21,,
41095,257.952,,
41279,191.472,,
41955,475.52704,,
41888,153.828,,
41508,175.77,,
41129,494.64,,
41634,254.24,,
41626,161.89556,,
41766,408.744,,
41220,494.91,,
40848,533.94,,
40878,392.445,,
41879,483.7095,,
41874,323.028,,
41823,275.58,,
42002,584.6445,,
41005,354.72,,
41823,398.56,,
40876,264.56,,
41430,887.8208,,
40735,216.8775,,
40996,329.3772,,
41977,940.32,,
41795,304.8,,
40981,141.96,,
40684,447.86,,
40954,387.09,,
41848,339.18,,
41232,307.557,,
40729,415.1826,,
41285,256.8,,
41628,149.832,,
41043,98.85,,
41963,286.92,,
41516,435.45,,
40563,181.47,,
40610,383.796,,
40870,307.26,,
41802,154.656,,
41480,69.3,,
40696,286.32,,
41591,115.8,,
41212,631.89,,
41670,419.136,,
41596,296.235,,
41757,356.562,,
41129,297.48,,
41935,349.272,,
41397,214.14,,
41892,517.08,,
41598,395.82,,
41961,327.7328,,
41401,364.5,,
41604,221.712,,
40920,465.18,,
41554,282.66,,
41477,308.34,,
41801,139.5,,
41649,276.9378,,
41976,183.36,,
40851,226.5165,,
41660,354.861,,
41429,122.94,,
41080,439.8,,
41767,321.912,,
41976,294.62,,
40948,284.07,,
41383,246.48,,
41209,244.8,,
41904,784.728,,
41763,373.47,,
41047,451.2,,
41192,266.544,,
41810,137.22,,
41594,216.3,,
41780,343.2,,
41584,109.8,,
41946,207.732,,
41466,263.58,,
41871,144.9,,
41645,148.95,,
41543,226.59,,
41921,110.28,,
41750,126.9,,
40924,362.67,,
40691,470.9799,,
41694,207.81,,
40865,95.5413,,
41941,165.6,,
40773,423.36,,
41617,405.86,,
41962,249.543,,
41751,182.58,,
41906,119.96,,
41582,470.155,,
40775,500.24,,
41190,211.476,,
40892,683.91,,
41915,312.912,,
41517,193.32,,
41293,183.735,,
41983,153.657,,
41811,503.96,,
41923,261.468,,
41016,506.5848,,
41722,91.746,,
41122,355.92,,
41375,615.384,,
41800,845.64,,
41999,243.684,,
40800,192,,
41149,367.74,,
40880,159.66,,
41758,959.412,,
41612,259.4274,,
41655,372.12,,
41871,245.13,,
42002,440.67,,
41652,270.96,,
41675,571.428,,
41612,111.9,,
41831,204.63,,
41702,308.16,,
41696,318.12,,
41067,509.04,,
41551,523.908,,
40964,117.75,,
41919,138.096,,
41073,137.6,,
41312,228.825,,
41568,264.9,,
40822,207.36,,
41012,347.553,,
41474,593.568,,
41352,154.35,,
40855,333.576,,
40672,408.168,,
41757,198,,
41971,312.012,,
41263,263.73,,
41111,422.76208,,
41369,136.5525,,
40925,259.74,,
41894,249.93,,
41302,207.12,,
41085,168.075,,
41841,416.32,,
41104,191.04,,
40753,132.048,,
41113,142.452,,
40899,155.34,,
41505,303.03,,
41848,184.92,,
41981,237.87,,
41078,530.22,,
41794,143.91,,
41942,225.84,,
41766,770.4,,
41398,330.5367,,
41870,323.1,,
41863,200.736,,
41753,501.69,,
40918,210.24,,
40660,128.37,,
41053,263.52,,
41043,486.66,,
40854,238.62,,
41841,257.52,,
41695,268.62,,
41801,185.64,,
41200,294.57,,
41310,104.85,,
41345,312.09,,
41591,288.08268,,
41689,447.147,,
41804,164.736,,
41295,318.816,,
41627,174.51,,
41908,257.04,,
41095,144.084,,
41111,281.37008,,
41964,316.1664,,
41269,212.64,,
41653,105.72,,
41432,328.224,,
41591,449.372,,
41760,163.98,,
41903,272.646,,
41062,356.4,,
41354,258.96,,
41359,212.1,,
41005,530.25,,
40620,595.68,,
41863,225.84,,
41973,155.628,,
41775,100.56,,
41131,224.4,,
41410,147.84,,
41290,181.98,,
41858,289.32,,
40898,166.05,,
40730,353.22,,
41870,102.168,,
41717,571.32,,
41260,409.86,,
40745,95,,
41324,448.3665,,
41912,130.14,,
40903,189.6,,
41334,360,,
40898,166.71,,
41382,621.18,,
40684,206.844,,
40918,163.62,,
41324,327.879,,
41627,254.058,,
41184,270.34,,
41758,94.38,,
41051,145.44,,
40592,257.85,,
41369,149.97,,
41801,276.6,,
41185,137.68,,
41614,543.09,,
41472,273.8298,,
41907,506.28,,
41271,402.6456,,
41794,503.96,,
41969,299.96,,
41743,250.5,,
41523,82.764,,
41005,445.2,,
41785,280.65,,
40869,228.78,,
41659,597.24,,
40967,299.295,,
41717,182.994,,
41983,89.04,,
40876,169.65,,
41891,277.185,,
41936,140.94,,
41346,511.02,,
41481,201.6,,
41114,1071.468,,
41870,176.88,,
41479,265.475,,
41549,69.9,,
40799,144.96,,
40858,223.92,,
41187,524.28,,
41148,450.33,,
41694,64.8,,
41449,148.16,,
41255,274.68,,
41489,136.464,,
41972,233.568,,
40876,135.744,,
41890,151.164,,
41879,354.9,,
41877,291.96,,
41634,178.56,,
40780,112.698,,
41431,229.2,,
41533,409.26,,
41248,115.008,,
41683,259.038,,
41269,153.04,,
41346,242.16,,
41038,549.24,,
41596,249.18,,
41096,301.96,,
40889,348.54152,,
41859,152.4,,
41779,281.34,,
41024,141.6,,
41718,140.96,,
41108,330.075,,
41661,127.296,,
41550,205.632,,
41975,219.8,,
41519,197.424,,
40940,200.16,,
41531,1336.44,,
41521,1272.42,,
41022,414.9,,
41174,124.92,,
41923,503.82,,
41704,234.36,,
40555,522.06,,
40994,143.28,,
41563,158.22,,
41422,113.04,,
41005,101.04,,
41204,309.36,,
40600,79.38,,
41079,278.7,,
41449,494.8,,
41085,436.8,,
41198,475.328,,
41542,268.164,,
41890,478.08,,
41407,266.976,,
41745,128.88,,
41221,263.96,,
41012,609.98,,
41921,404.04,,
41337,431.976,,
41697,356.79,,
41583,185.376,,
41964,781.776,,
42001,440.64,,
41935,171.36,,
41982,272.94,,
41206,347.361,,
41100,316.305,,
40767,226.59,,
41163,210.68,,
41285,211.62,,
41451,495.99,,
41929,173.25,,
41887,385.56,,
41848,75.28,,
41101,464.5,,
41139,826.56,,
40792,224.3504,,
41883,659.9,,
41999,275.712,,
41900,327,,
40716,261.873,,
41929,178.0857,,
41793,323.028,,
40686,440.88,,
41729,164.792,,
40714,205.8,,
40928,326.3643,,
41587,315.75,,
41072,193.56,,
41975,182.304,,
41702,2951.442,,
40856,94.85,,
41724,185.92,,
41289,81.98,,
41696,190.836,,
41604,350.848,,
41899,274.176,,
41979,197.28,,
41522,721.395,,
41128,224.916,,
41990,219.48,,
41059,341.088,,
41129,142.074,,
41844,199.53,,
40794,6517.08,,
40786,362.232,,
41722,705.4,,
41101,397.74,,
41862,504.09,,
40907,523.764,,
41961,268.24,,
41155,496.44,,
41681,132.768,,
40833,341.46,,
40890,390.89664,,
41410,212.382,,
40975,119.85,,
41433,418.8,,
41243,681.408,,
40716,366,,
41593,256.23,,
41536,239.984,,
40688,212.592,,
41170,336.36,,
41636,125.415,,
41254,356.64,,
41459,347.22,,
41571,138.16,,
41925,201.12,,
41702,347.16,,
40899,309.42,,
41517,100.24,,
41423,390.272,,
40646,414.36,,
41864,126.9,,
41178,363.648,,
41461,284.94,,
41753,588.816,,
41838,479.984,,
41527,227.328,,
41555,158.58,,
41551,102.48,,
41830,246.9,,
41543,137.31,,
41610,480.1356,,
40815,667.08,,
41422,178.08,,
40911,93.51,,
41718,228.42,,
41967,166.536,,
40967,389.696,,
40746,236.5,,
41158,385.42,,
41031,246.456,,
41227,112.52,,
40711,523.974,,
41576,157.95,,
41284,142.89,,
41230,343.02,,
40654,443.988,,
41720,260.715,,
41281,765.855,,
41080,195.48,,
41783,454.41,,
41365,140.2,,
40903,144.9,,
41087,469.68,,
41962,139.032,,
41116,592.99164,,
40826,440.88,,
40764,215.46,,
41890,126.56,,
40907,251.964,,
41708,173.7,,
41579,87.84,,
41331,420.42,,
41323,409.032,,
41976,202.095,,
40812,513.7704,,
41702,173.592,,
41183,100.125,,
41934,281.82,,
41891,95.16,,
40604,257.742,,
41846,623.592,,
41955,159.2,,
41891,599.676,,
41970,158.13,,
41805,97.632,,
41139,224.0028,,
41768,131.0955,,
40851,331.02,,
41766,933.4014,,
40697,267.381,,
41521,253.32,,
40840,382.5,,
41395,205.8,,
41127,205.4025,,
41152,137.24,,
41169,344.22,,
41216,336.08,,
41726,341.6,,
41794,145.1,,
41558,366.72,,
41800,158.1,,
41337,637.896,,
40851,248.85,,
41850,302.67,,
41124,371.79,,
40632,461.3625,,
41820,246.48,,
40588,237.6,,
41772,184.76,,
40751,404.4,,
41283,377.928,,
41768,132.87,,
41825,144,,
41869,496.2,,
40749,260.34,,
40849,103.92,,
41628,137.25,,
41262,498.36,,
41729,291.78,,
41512,307.23,,
40687,366.1296,,
40865,219.096,,
41632,227.28,,
41145,105.498,,
41037,89.16,,
40676,147.04,,
40910,178.248,,
41813,306.774,,
41291,258.9,,
41025,105.78,,
41798,118.17,,
41978,98.94,,
41596,356.4,,
41771,238.734,,
40908,506.04,,
41902,394.2,,
41247,128.52,,
40670,224.154,,
41816,379.44,,
41860,325.08,,
40788,220.968,,
41975,284.94,,
41033,125.93,,
41898,417.231,,
41865,189.435,,
41989,322.1271,,
41130,247.8,,
41858,81.9,,
40981,226.56,,
40848,82.62,,
41015,369.84,,
41291,131.52,,
41953,268.92,,
41860,527.688,,
41247,264.384,,
41768,594.6,,
41968,276.18,,
40898,97.74,,
41425,298.83,,
41365,293.88,,
40851,486.66,,
41429,128.304,,
41153,298.44,,
40630,309.36,,
41527,290.52,,
41846,223.2,,
41139,201.123,,
40976,281.82,,
41999,396.336,,
41201,146.367,,
41593,1051.824,,
41764,277.8,,
40816,251.586,,
41075,211.62,,
40673,322.38,,
41892,217.84,,
41433,601.92,,
41451,99.099,,
41808,155.25,,
40851,447.968,,
41505,561.3,,
41088,115.74,,
41767,476.8,,
41610,366.009,,
41949,276.96,,
41996,317.66,,
41493,78.288,,
41572,239.976,,
41795,485,,
41936,350.64,,
41270,195.64,,
41913,167.94,,
41541,316.32,,
41558,391.32,,
41860,353.124,,
41752,120,,
41632,340.68,,
41166,229.32,,
41982,215.544,,
41974,456.84,,
41330,424.2,,
41274,364.8,,
41955,81.84,,
40967,314.46,,
41872,241.65,,
41885,201.584,,
41887,136.08,,
41290,409.5,,
41633,101.1,,
41587,300.48304,,
41272,287.712,,
40665,287.58,,
41951,277.14,,
40814,186.93,,
41206,170.64,,
41200,279.54,,
40819,242.1,,
41929,145.2,,
40623,104.67,,
41631,124.416,,
41935,158.58,,
41372,508.92,,
41814,248.856,,
41254,347.88,,
41698,179.352,,
41944,278.2,,
41534,201.285,,
41975,147.9654,,
41515,169.44,,
41206,267.55344,,
41515,413.1297,,
41283,256.74,,
40745,260.352,,
41508,441.45,,
40803,110.673,,
41667,248.022,,
40918,206.3475,,
41635,367.47,,
41771,227.24,,
41860,81.3,,
40823,206.4,,
41407,631.96,,
41836,197.1,,
41876,79.8,,
41494,92.304,,
41290,221.76,,
41578,301.896,,
41771,378.27,,
40879,228,,
41438,379.372,,
41606,204.95,,
41001,305.6,,
41712,210.96,,
41789,307.44,,
41418,348.3,,
41858,668.8638,,
40693,380.7,,
41039,497.64,,
41278,205.104,,
41449,324.9,,
41856,198.45,,
41270,235.569,,
41997,152.28,,
41757,439.344,,
41550,697.2,,
41928,336.24,,
41828,398.52,,
41012,209.37,,
41851,468.6,,
40966,165.348,,
41107,292.56,,
41736,200.76,,
40696,239.97,,
41823,111.168,,
41200,592.875,,
41552,123.34,,
41933,346.08,,
40590,277.263,,
41932,139.8,,
41940,336.6,,
41263,359.85,,
40668,382.26,,
41885,501.66,,
41789,166.68,,
41922,572.76,,
41704,339.012,,
41910,317.52,,
41927,425,,
42000,179.88,,
41345,244.006,,
41670,257.952,,
41288,489.27948,,
40962,426.24,,
41867,498.744,,
41261,151.11,,
41075,391.14,,
41442,189,,
41961,396.09,,
41687,218.79,,
41187,288,,
41472,553.8,,
40766,375.34,,
41919,306.16,,
41312,514.53,,
41409,132.3,,
41735,110.484,,
41800,169.7961,,
41781,246.12,,
41607,347.802,,
40816,393.48,,
41409,230.16,,
41607,308.64,,
41997,149.31,,
41852,285.576,,
41596,226.08,,
41247,533.22,,
41933,358.02,,
41411,361.44,,
41853,286.2,,
41706,117.84,,
41233,572.16,,
41835,239.456,,
41422,204.93,,
41607,232.686,,
41752,254.352,,
41641,474.43,,
41368,193.8,,
41717,114.76,,
41738,90.36,,
41661,619.95,,
41766,152.94,,
40904,182.352,,
40994,235.116,,
41461,335.988,,
41451,308.28,,
41498,279.72,,
41164,428.544,,
41943,427.41,,
41452,496.16568,,
41124,414.72,,
41435,110.241,,
41948,505.656,,
41250,119.04,,
41199,230.742,,
40605,491.76,,
41533,354.48,,
41185,358,,
41584,382.68,,
41894,472.122,,
41578,118.4,,
41357,164.28,,
41529,195.44832,,
40855,349.44,,
41883,734.22,,
40700,103.95,,
40718,356.57544,,
41834,346.5,,
41934,795.8295,,
41564,679.5495,,
41809,459.36,,
40926,256.74,,
41854,216.108,,
41162,168.6,,
41820,140.67,,
40569,310.59,,
40988,285.48,,
40869,604.08,,
42002,113.76,,
41064,166.14,,
40858,123.92,,
41459,415.62,,
41477,419.904,,
40900,199.53,,
41064,264.735,,
41801,225.909,,
41492,769.68,,
41855,183.372,,
40557,393.48,,
41333,200.64,,
41513,234.576,,
40788,95.64,,
40686,84.42,,
41207,178.0857,,
41488,326.76,,
41170,713.124,,
41787,130.41,,
41347,126.08,,
41787,475.86,,
40829,320.544,,
41918,344.16,,
41519,191.82,,
41409,347.82,,
41037,357.93,,
41949,91.5,,
41886,112.509,,
40688,272.76,,
41620,211.65,,
40721,146.88,,
40595,345.72,,
41643,168.96,,
41527,396.84,,
41163,772.68,,
41999,429.318,,
41541,532.704,,
40921,369.28,,
41816,137.6,,
41323,100.95,,
41362,198,,
41586,347.76,,
41947,464.67,,
41589,389.61,,
41969,172.62,,
41449,825.1,,
41151,153.45,,
41520,109.935,,
40994,177.72,,
41614,465.24,,
41737,237.528,,
40869,319.9,,
41529,136.944,,
41424,535.782,,
41551,338.688,,
40768,264.6,,
41885,206.988,,
41804,220.56,,
41644,275.94,,
41544,314.415,,
41836,179.94,,
40847,81.9,,
40838,140.616,,
41449,157.68,,
41978,167.8,,
41206,326.13,,
41787,236.376,,
41900,480,,
41822,154.6,,
41983,284.07,,
41632,555.06,,
41269,227.66376,,
41862,121.32,,
41422,111.75,,
40822,340.2585,,
41934,165.18,,
41589,225.6,,
40795,731.472,,
41746,223.5,,
40565,59.724,,
41988,313.95,,
41648,111.24,,
40836,422.5032,,
41005,480.69,,
41986,107.244,,
40834,186.912,,
42003,157.8,,
41804,410.22,,
40695,90.3,,
41121,115.96,,
40600,360.24,,
41612,303,,
41659,238.788,,
40829,141.696,,
41705,82.32,,
41792,333.78,,
41543,504.6,,
41165,207.35,,
41774,172.62,,
40635,455.664,,
40812,281.04,,
41762,340.62,,
41313,515.088,,
40747,302.376,,
41947,527.46,,
41992,724.104,,
41578,332.32,,
41998,479.97,,
41885,512.28,,
41922,100.32,,
41177,395.12,,
41278,277.8,,
41010,398.52,,
41922,165.9,,
41479,319.842,,
41039,136.59,,
41610,248.43,,
41668,266.4,,
41957,283.8,,
41012,763.929,,
41677,429.48,,
40800,168.24,,
41618,318.54,,
40655,218.034,,
41225,321.552,,
41319,419.89168,,
41240,185.52,,
41767,158.76,,
41319,156.222,,
40991,192.72,,
41642,129.76,,
41789,219.456,,
41324,369.856,,
41368,482.04,,
41278,1027.62,,
41587,249.72,,
41404,124.416,,
40599,339.3,,
41899,92,,
41717,461.484,,
41206,324.06,,
40820,276.15,,
41624,341.46,,
41919,290.336,,
41769,495.06,,
41452,321.3,,
41582,244.56,,
41779,289.8,,
41562,177,,
41877,652.68,,
41515,176.508,,
40890,342.08,,
41026,225.2952,,
41859,128.385,,
41908,258.75,,
41206,157.68,,
41221,226.2,,
41794,132.624,,
40715,264.512,,
41293,1629.27,,
41858,874.3635,,
40613,259.281,,
41466,341.991,,
40784,195.44832,,
41268,550.4,,
41128,382.9,,
41430,248.22,,
40830,125.1,,
41802,385.8,,
41855,202.2,,
40647,179,,
41529,332.94,,
40648,96.84,,
41310,200.66508,,
40816,250.65,,
41597,301.96,,
41452,1007.74048,,
41379,638.56032,,
41863,327.12,,
41872,131.85,,
40984,260.88,,
41521,324.921,,
41741,306.63,,
41668,441.609,,
41666,381.22,,
40891,282.4,,
41584,362.88,,
41849,342.72,,
40604,1055.457,,
41747,218.352,,
41804,291.136,,
41217,489.12,,
41321,256.44,,
41183,184.011,,
40897,122.688,,
41173,601.536,,
41104,272.736,,
41877,344.76,,
41458,300.78,,
41887,228.68,,
41191,211.93528,,
41948,120.042,,
41675,354.15,,
41569,104.79,,
40655,292.68,,
41999,232.62,,
41801,323.46,,
40884,561.33,,
41956,293.58,,
41949,390.75,,
41969,111.45,,
40619,126.624,,
41374,110.28,,
41851,100.56,,
41176,727.536,,
41363,373.896,,
40971,251.55,,
41886,284.4,,
41164,479.984,,
41452,779.58,,
41866,415.3,,
40744,106.092,,
41510,174.45,,
41180,159.48,,
41561,308.112,,
41625,382.14,,
41614,440.8794,,
41624,92.64,,
41176,517.5,,
41600,388.8,,
41517,118.62,,
41895,159.138,,
40715,404.76,,
41477,254.0343,,
41236,588.9225,,
41918,435.168,,
41183,148.968,,
41367,165.2136,,
41802,603.24,,
41710,428.4,,
41907,437.85,,
41819,187.02,,
41785,144.18,,
41866,351.675,,
41768,233.6664,,
41817,273.552,,
41562,347.88,,
41391,434.646,,
41430,434.04,,
41110,153.584,,
41955,124.68,,
40800,408.36,,
40907,358.92,,
41439,222.24,,
41319,175.16,,
41884,255.78,,
41860,397.44,,
41390,415.62,,
41933,176.38652,,
40793,131.868,,
41180,243.84,,
40638,231.15,,
41655,362.85,,
41893,73.629,,
41288,118.44,,
41859,207.184,,
41239,155.4,,
40912,579.9378,,
40800,256.56,,
41876,256.23,,
41869,88.41,,
41859,204.15,,
41524,69.444,,
41676,130.3488,,
41779,307.98,,
41865,239.28,,
41005,244,,
41123,561.087,,
41121,326.3,,
41285,777.87,,
41619,685.584,,
41640,159.768,,
40633,140.952,,
41488,168.84,,
41411,126.36,,
41526,157.98,,
41047,109.53,,
40813,205.8,,
41628,192.834,,
41577,111.88,,
40764,194.4,,
41533,214.02,,
41976,109.92,,
41092,382.116,,
41817,216.72,,
41536,232.62,,
41894,126.9,,
41339,184.92,,
41766,253.92,,
41753,203.688,,
41031,472.7514,,
40801,94.284,,
41808,350.6193,,
41586,243.06,,
41752,397.224,,
41928,227.24,,
40926,112.176,,
41898,227.6,,
41538,366.21,,
40736,154.872,,
40765,513.12,,
41234,83.9,,
41996,182.55,,
41293,122.25,,
41160,242.4,,
40849,178.08,,
41186,136.26,,
40681,94.05,,
41856,214.8,,
41615,277.38,,
41946,83.9,,
41754,149.58,,
41036,179.1,,
40987,135.54,,
41509,98.328,,
41243,189.69,,
41668,828.546,,
40897,291.78,,
41657,411.624,,
41053,69.3,,
41487,272.94,,
40666,588.6,,
41029,398.88,,
40834,1333.92,,
41957,378.39,,
41262,337.62,,
40770,152.24,,
41549,200.544,,
41711,127.68,,
40765,175.92,,
41513,256.86,,
41274,168.78,,
41721,240.45,,
41925,243.36,,
41340,431.94,,
41926,114.72,,
40564,404.88,,
41968,69.75,,
40590,479.898,,
41076,404.16,,
40714,195.72,,
41866,136.6,,
40553,425.24976,,
41831,285.89184,,
41052,225.45,,
41253,542.94,,
41405,400.608,,
41270,323.1,,
41460,341.28,,
41862,812.88,,
42003,302.376,,
41180,288,,
40667,228.75,,
41870,200.64,,
41595,306.24,,
41323,102.9,,
41120,306.81,,
41438,370.6425,,
41436,328.64,,
40900,131.58,,
41967,136.38,,
41786,150.12,,
41228,243.648,,
41155,173.94,,
40829,325.3617,,
41514,514.41,,
41857,220.56,,
41167,76.5,,
41757,524.28,,
41883,689.408,,
41624,564.195,,
41334,383.13,,
41887,217.85,,
41227,306.63,,
41799,163.98,,
40936,635.80584,,
40777,215.88,,
41247,327.232,,
41085,254.88,,
40576,468.12,,
41983,126,,
41775,405.1,,
41921,256.74,,
41885,212.85,,
40901,289.32,,
41271,369.6,,
41144,359.397,,
40806,203.22,,
41487,136.59,,
41215,129.696,,
40836,545.52,,
41771,470.232,,
41970,348.16,,
40688,600.588,,
40591,309.36,,
41176,135.945,,
41180,178.68,,
41834,446.04,,
41352,189.882,,
41145,918.785,,
40722,335.52,,
41523,278.4,,
41607,213.12,,
41866,110.7,,
41514,492.96,,
41887,133.11,,
41495,193.185,,
41489,223.452,,
41963,204.228,,
40857,131.64,,
41215,423.24,,
41530,160.578,,
41620,119.96,,
41194,319.98,,
41199,307.67688,,
41724,372.96,,
41405,287.49,,
41423,262.24,,
41118,414.03,,
41589,237.492,,
41078,365.25,,
41591,292.824,,
40901,361.96,,
41676,330.24,,
41053,175.24,,
41626,167.832,,
41474,164.7135,,
41562,286.0263,,
41576,81.6,,
41554,272.88,,
41247,755.3862,,
41917,108.288,,
41178,120.744,,
41884,137.25,,
41978,399.95,,
41529,500.4,,
41212,225.342,,
40655,239.1,,
41055,167.944,,
41817,713.88,,
41661,190.32,,
41691,426.5514,,
40833,402.75,,
41712,288.24,,
41600,357.12,,
41989,418.35,,
41254,159.984,,
41101,199.836,,
40997,135.552,,
41002,311.184,,
41075,292.8,,
41859,267.72,,
41820,182.304,,
41429,471,,
40863,250.2,,
41270,355.96,,
40780,130.464,,
41619,321.568,,
40903,242.214,,
41620,157.56,,
40903,202.032,,
40663,182.088,,
41883,100.17,,
41442,318.09,,
41079,237.72,,
41138,207.84,,
41710,346.08,,
41486,200.544,,
41073,154.98,,
41324,327.84,,
41967,287.92,,
41808,537.705,,
41246,482.34,,
40830,322.192,,
41899,350.136,,
40756,270.378,,
41466,319.2084,,
41873,235.05,,
41998,169.92,,
41408,169.4445,,
40967,135.432,,
41773,458.43,,
41331,335.808,,
41941,288.944,,
41568,148.56,,
40784,505.176,,
41545,424.2,,
41536,192.78,,
41494,202.2,,
41799,162.54,,
41950,207.9,,
41783,338.418,,
41537,159.3,,
41645,724.9338,,
41709,497.64,,
41775,355.56,,
41946,211.62,,
41215,930,,
41922,207.864,,
40624,228.48,,
41452,244.35,,
41617,256.35,,
41314,414.66,,
40848,266.91,,
40907,298.68,,
41202,364.776,,
42003,115.68,,
41992,76.92,,
41478,349.872,,
41961,262.95,,
40850,226.839,,
40557,105.52,,
40678,193.9275,,
41636,432.288,,
41514,242.2035,,
40654,367.704,,
41508,212.22,,
41133,379.68,,
41628,100.5,,
41241,100.92,,
41508,408.36,,
41107,237.168,,
41647,153.78,,
41996,505.986,,
41544,344.64,,
41775,118.44,,
41495,546.885,,
40550,387.5175,,
41534,497.7,,
41578,220.65,,
41606,97.984,,
41942,528.003,,
41522,149.58,,
41981,374.376,,
41955,181.86,,
40897,155.12,,
41568,234.32032,,
41646,195.72,,
41089,215.55,,
41060,796.1355,,
41967,195.96,,
41997,367.96,,
41607,340.182,,
41973,390.368,,
41899,95.936,,
41038,834.624,,
40901,512.163,,
41367,318.3,,
40890,332.28,,
41395,190.44,,
41715,310.12,,
41912,308.34,,
41262,378.32184,,
41267,302.03784,,
41450,224.046,,
41499,74.52,,
40912,187.68,,
41970,263.6,,
41240,206.82,,
40560,124.2,,
41580,251.79,,
41633,197.49,,
41396,93.114,,
41156,165.51,,
41976,78.66,,
41576,390.6,,
41360,249.904,,
40625,417.216,,
40772,195.264,,
41934,194.292,,
40721,219.9,,
40806,167.22,,
41820,216.3294,,
41947,678.7512,,
41461,382.21404,,
40770,396.45,,
41998,264.32,,
41625,164.754,,
41442,689.9292,,
41123,183.42,,
40976,512.94,,
41224,123.858,,
41527,165.12,,
41933,206.74584,,
41897,230.88,,
41515,173.79,,
41361,136.581,,
41278,161.312,,
41568,333.9,,
41739,240.16,,
41625,303.3,,
41982,1199.976,,
41618,111.12,,
41516,341.49564,,
40616,378.888,,
41982,224.37,,
41631,225.36,,
41783,205.68,,
41870,159.296,,
41858,283.986,,
41928,197.64,,
41346,258.9,,
41879,167.832,,
41897,211.968,,
40955,273.1968,,
41803,399.735,,
41477,231.48,,
41856,105.72,,
41172,171.42,,
41591,134.91,,
41953,191.976,,
40757,280.44,,
41274,134.46,,
41977,222.56,,
40786,446.58,,
40803,62.208,,
41445,598.68024,,
41359,283.2,,
40597,160.224,,
41008,369.912,,
41169,199.764,,
41851,157.968,,
41211,164.133,,
41129,144.784,,
40807,306.936,,
41575,290.98,,
41762,132.555,,
41537,250.8,,
41950,315,,
40766,478.332,,
41634,313.176,,
41547,641.4,,
41404,136.8,,
40631,391.86,,
41808,133.2,,
40684,116.544,,
41894,293.58,,
40590,476.361,,
41709,231.15,,
41417,222.384,,
40806,152.496,,
41675,283.26,,
41606,84,,
40978,421.96,,
40581,185.04,,
41162,232.08,,
41076,133.98,,
41654,336.06,,
40665,80.73,,
41295,517.92,,
41612,182.72,,
40772,219.75,,
41779,287.28,,
41988,159.8,,
41869,512.28,,
41726,520.38,,
40751,359.85,,
41436,153,,
40744,383.904,,
41388,171.18,,
40562,226.4,,
40885,191.49,,
41711,113.16,,
41985,155.52,,
41617,297.183,,
41438,185.88,,
41802,459,,
41477,691.641,,
41757,168.6,,
41337,479.95,,
41612,389.79,,
40770,172.98,,
41166,336.8,,
40984,173.88,,
41365,375.4098,,
41944,481.68,,
41996,379.044,,
41400,298.776,,
41356,167.888,,
41197,587.79,,
41867,204.624,,
41411,415.62,,
41977,274.68,,
41123,74.49,,
41872,244.35,,
41798,88.26,,
41934,162.3978,,
41736,130.92,,
41852,519.33,,
40983,107.82,,
41919,159.408,,
41135,346.32,,
41921,214.92,,
40977,113.52,,
41395,81.69,,
41995,103.68,,
41254,341.6,,
41750,558.576,,
41633,656.6,,
40880,335.583,,
41209,4242.3624,,
41106,186.8895,,
40729,220.776,,
41493,211.168,,
41402,281.952,,
41706,149.508,,
40785,221.7,,
40862,136.14,,
41080,293.44,,
41236,304.884,,
41663,210.98,,
41965,150.8,,
41060,173.488,,
41421,444.88,,
41395,66.624,,
41953,97.92,,
41500,363.06,,
41055,75.69,,
41404,295.65,,
41816,234.92,,
41254,730.6173,,
40970,787.53,,
41665,581.55,,
40716,384.21,,
41674,299.052,,
41852,371.7,,
41932,309.576,,
41123,128.85,,
41681,387.63,,
41589,307.728,,
41687,342.51,,
40994,207.45,,
41351,129.98,,
41538,255.84,,
40569,284.88,,
41054,96.66,,
41919,109.08,,
40687,252.936,,
41515,170.77776,,
40703,345.28,,
41619,378.45,,
41249,247.104,,
41304,249.72,,
41583,295.92,,
41153,453.747,,
41998,408.72,,
41320,170.76,,
40830,910.752,,
41305,153.12,,
41092,340.38,,
40880,63.3,,
41044,139.65,,
41514,354.32,,
41824,151.936,,
41501,194.796,,
41879,242.25,,
40626,109.38,,
40911,398.4,,
41863,364.65,,
41957,593.73,,
41801,488.3214,,
40737,78.57,,
40759,255.42,,
41830,424.1,,
41955,368.352,,
40758,388.161,,
42000,473.847,,
41458,166.56,,
41791,290.1312,,
40836,319.968,,
40630,259.75944,,
41438,183.36,,
41984,455.9688,,
41311,199.26,,
41521,201.48,,
41767,203.14,,
41372,273.664,,
41044,348.66,,
41631,342.63,,
41898,218.352,,
41853,294.3,,
41957,153.063,,
41247,384.174,,
40808,304.38,,
41289,157.44,,
41050,333.54,,
41544,416.745,,
41982,186.786,,
40898,397.44,,
41636,339.6858,,
41953,523.392,,
41127,169.56,,
41710,111.4,,
41298,218.3868,,
40894,148.32,,
41918,242.64,,
41990,347.4375,,
41990,152.5125,,
41471,422.6028,,
40822,575.88,,
41447,248.82,,
40705,237.42,,
40721,92.34,,
41026,253.5,,
40875,462.132,,
41863,153.584,,
40746,159.98,,
41339,381.6,,
41621,416.7,,
41977,148.5,,
41713,426.6,,
41681,173.82,,
41864,291.06,,
41947,193.68,,
40724,334.768,,
41617,100.92,,
41040,1295.28,,
41745,263.5416,,
41676,255.744,,
41443,356.6178,,
41488,663.8766,,
40987,65.584,,
41641,395.88,,
41934,251.16,,
41348,381.76,,
40603,194.64,,
41843,132.03,,
41568,227.64,,
41610,204.12,,
40750,427.68,,
41198,497.16,,
41983,81.405,,
40906,191.976,,
41261,175.92,,
41464,84.8406,,
41890,157.41,,
41116,266.352,,
41619,170.19,,
41997,461.16,,
40712,338.4,,
40872,232.1676,,
41677,340.4826,,
41358,301.47,,
41970,521.22,,
41607,342.09,,
40833,143.4,,
41526,321.84,,
40957,583.12,,
41648,124.056,,
40967,131.922,,
41764,243.16,,
41589,171.51,,
41592,282.66,,
41894,512.19,,
40666,86.346,,
41740,234.816,,
41858,340.68,,
41449,3916.08,,
41507,340.62,,
41430,91.95,,
41040,373.2,,
41013,535.35,,
41639,442.935,,
41674,285.552,,
40648,165.88,,
41860,164.322,,
40744,165.24,,
41929,270.27,,
40581,161.61,,
41677,359.97,,
41438,115.8,,
41271,108.9,,
41589,341.96,,
41268,227.28,,
40756,217.2,,
41871,233.76,,
41435,378.39,,
41274,154.368,,
41851,135.63,,
40740,265.59,,
41183,604.5,,
41069,140.376,,
41795,371.268,,
41286,458.976,,
41247,243.81,,
41106,150.98,,
41402,324.06,,
41992,158.976,,
41490,167.28,,
40603,362.25,,
41899,148.08,,
41620,122.688,,
41967,402.96,,
41723,510.57,,
41362,122.52,,
41769,354.12,,
41215,365.535,,
41037,244.8,,
41967,211.68,,
40635,522.72,,
41254,276.24,,
41260,379.08,,
40897,1036.8,,
41136,199.32,,
41953,245.52,,
41047,207.12,,
40778,237.51,,
40758,136.1034,,
40858,559.984,,
41569,242.136,,
41828,163.98,,
42004,78.12,,
41747,145.05,,
41075,107.4,,
40892,354.96,,
40812,85.23,,
40786,71.4378,,
41967,626.7,,
41435,225.36,,
41815,342.09,,
40623,187.839,,
41228,119.04,,
41593,126.09,,
41570,222.36,,
41226,583.308,,
41787,243.972,,
41960,90.18,,
41450,319.98,,
41934,409.824,,
41108,281.82,,
41166,194.64,,
40856,145.35,,
41456,163.36,,
41111,218.208,,
41587,78.96,,
41858,295.515,,
41901,552.501,,
41823,278.88,,
41975,191.8455,,
41481,124.25,,
41082,431.46,,
41275,155.034,,
41919,195.885,,
41738,244.55,,
41123,265.65,,
41079,206.4,,
41628,423.31168,,
41661,112.9392,,
41902,256.473,,
41806,102.9,,
41891,144,,
41222,156.24,,
40759,332.24,,
41079,160.956,,
41998,444.42,,
41087,235.872,,
41331,179.46,,
41521,280.782,,
41916,496.08,,
41998,623.7,,
41907,274.8,,
41589,186.8832,,
41517,339.96,,
41864,304.92,,
41466,286.26,,
40722,191.28,,
41929,466.704,,
41579,551.1,,
41229,318.132,,
41640,302.376,,
41817,431.928,,
41526,261.74,,
41464,182.3,,
41963,523.98,,
41265,98.388,,
41201,567.45,,
41713,260.6976,,
41991,504.9,,
41205,327.408,,
41919,366.75,,
41633,213.36,,
41590,257.98,,
41524,329.584,,
41761,475.86,,
41359,201.12,,
41997,78.534,,
41618,158.94,,
40704,162.81,,
41759,254.1792,,
40814,337.088,,
41321,326.646,,
41549,119.472,,
41502,262.8,,
41901,411.98,,
40679,232.88,,
41257,263.1,,
41451,205.52,,
41793,271.44,,
40712,410.67,,
41683,358.668,,
41554,358.92,,
41004,501.228,,
41830,526.45,,
41877,446.4,,
41683,99.2,,
40885,275.88,,
41571,353.22,,
41996,182.898,,
41918,474.3,,
41953,243.9,,
41188,251.01,,
41603,139.96,,
41145,98,,
41746,210.78,,
41754,123.99,,
41975,527.49,,
41253,341.172,,
41134,422.856,,
41606,409.26,,
41592,141.3,,
40646,470.394,,
41997,218.352,,
41253,306.98928,,
41144,206.604,,
41964,155.7,,
40681,262.65,,
41493,136.62,,
41373,132.264,,
41071,151.74,,
41808,529.98,,
41224,206.76,,
41920,247.86,,
41442,196.74,,
40835,261.792,,
41225,824.22,,
41255,360.38,,
41242,111,,
41653,580.392,,
41976,302.25312,,
40835,376.02,,
41641,116.712,,
41561,191.976,,
40767,196.21,,
40756,248.64,,
41403,144.9,,
40673,195.12,,
41796,100.26,,
40625,172.179,,
40752,184.8,,
41801,330.966,,
41247,361.764,,
41540,128.34,,
41551,497.64,,
41492,263.31,,
41437,126.15,,
41079,79.92,,
41824,321.75,,
41611,795.33,,
41344,358.56,,
40569,119.184,,
41853,381.78,,
41256,107.136,,
40564,276.96,,
41725,292.896,,
41556,291.96,,
41318,516.66,,
41922,254.058,,
41494,170.64,,
41880,214.14,,
41554,112.56,,
41953,260.496,,
41935,238.5,,
41110,679.5495,,
41731,1357.725,,
41932,118.665,,
41583,228.78,,
41922,203.952,,
41544,47.61,,
41716,117,,
40786,764.802,,
41859,340.62,,
40715,109.8,,
41096,189.576,,
40894,317.52,,
41277,178.2,,
41954,313.7265,,
40908,113.97,,
41542,106.92,,
41429,297.3,,
40801,202.56,,
41908,357.68,,
41292,153.414,,
41713,246.6945,,
41936,259.136,,
41988,95.232,,
41786,208.44,,
41397,260.288,,
41148,431.2182,,
41598,94.8,,
41337,447.86,,
41547,209.97,,
41494,406.44,,
41246,292.64,,
41852,364.48,,
41624,116.04,,
41996,210.924,,
41834,113.76,,
40703,312.21,,
41214,190.8816,,
41590,87.96,,
41726,229.2,,
41702,265.26,,
41513,236.16,,
41625,354.348,,
41780,207.81,,
41337,142.452,,
41292,165.456,,
41947,307.136,,
41947,156.816,,
41969,91.71,,
41472,96,,
41292,252.41416,,
41899,210.24,,
41100,364.74,,
41748,269.19,,
41251,238.5,,
41748,279,,
41745,344.64,,
41361,141.3,,
40882,324.45,,
40885,384.192,,
41271,255,,
41927,97.68,,
41409,220.3578,,
41598,351.936,,
40872,275.952,,
40872,156.88,,
41592,483.2,,
41977,60.6,,
41536,180.8,,
41327,312.18,,
41681,411.93,,
41659,429.6,,
41731,128.43,,
41312,398.7,,
41128,348.0273,,
41758,275.886,,
40752,129.888,,
40570,141.96,,
40859,297.3,,
41510,463.2,,
41921,366.66,,
41240,170.98,,
41253,92.16,,
41808,340.2585,,
41401,103.3725,,
41837,102.9,,
41216,207.18,,
40910,244.89,,
41433,169.8,,
40652,275.58,,
41348,196.784,,
41579,332.94,,
41226,178.56,,
41850,438.56,,
40898,243.15,,
41053,164.025,,
41505,355.32,,
41653,212.94,,
41085,160.992,,
41606,328.608,,
41715,460.50984,,
40875,413.82,,
41340,311.472,,
41926,213.1938,,
41079,234.24,,
41451,199.28,,
41198,244.65,,
41816,241.05,,
41568,387.136,,
40759,379.44,,
40570,115.44,,
42000,533.2212,,
41561,509.88,,
41446,161.94,,
41788,361.56,,
41219,186.84,,
41564,451.605,,
41444,76.864,,
41642,184.92,,
41803,109.38,,
41894,166.08,,
41961,185.01,,
40776,106.974,,
41955,317.142,,
41384,266.4,,
40799,204.15,,
41926,354.942,,
40879,239.84,,
41453,278.304,,
41601,134.16,,
41906,399.648,,
41909,505.90616,,
41274,179.856,,
41991,168.4,,
40697,80,,
41954,132.8,,
41040,177.6,,
41590,315.36,,
41970,136.14,,
41439,362.232,,
40665,476.763,,
40833,95.64,,
41792,315.87,,
41544,107.82,,
41902,409.216,,
41500,103.6,,
40603,162.84,,
41520,255.744,,
41211,119.271,,
41466,154.24,,
41641,382.21404,,
41222,235.024,,
41395,631.071,,
41430,177.225,,
41709,364.428,,
41019,198.24,,
40869,90.936,,
40645,308.499,,
40883,214.95,,
41110,636.36,,
41604,325.8,,
41535,293.52,,
41730,205.3328,,
41477,66.688,,
41858,341.46,,
41570,198.576,,
41114,448.8,,
41885,118.68,,
41849,92.79,,
41360,119.976,,
41963,305.312,,
41705,286.93,,
41501,259.896,,
40881,459.39,,
41596,330.24,,
41737,164.4,,
40865,298.62,,
40777,162.06,,
41440,178.2,,
41873,329.07,,
41708,479.984,,
40777,254.88,,
41718,99.54,,
41820,94.8,,
41256,95.28,,
41460,1386.63,,
41919,121.3128,,
41926,348.81,,
41311,132.5925,,
41123,100.5,,
41417,52.65,,
41214,259.7,,
41607,180.873,,
41984,324.9,,
40620,22638.48,,
41943,272.28,,
41428,198.45,,
40716,144.99,,
41244,231.6,,
41895,259.05,,
41873,195.39,,
41626,210.75,,
40854,87.12,,
41913,339.885,,
41621,133.02,,
41705,818.28,,
41227,229.44,,
41912,375.48752,,
41899,165.408,,
41584,150.8,,
41772,94.5,,
41729,154.2,,
41675,244.14,,
40764,333.84,,
41841,236.376,,
41365,281.04,,
41561,231.456,,
41597,79.38,,
41984,416.721,,
41562,198.75,,
41198,720.36,,
41273,287.88,,
41698,277.14,,
41264,122,,
41589,334.88,,
41423,286.4,,
41008,370.14,,
41459,123.92,,
41744,86.94,,
41886,237.492,,
41530,180.2262,,
41093,279.3375,,
41947,395.4,,
41526,404.832,,
40897,260.49,,
41079,224.82,,
41866,99.66,,
41450,438.96,,
41475,504.9,,
40851,137.784,,
41228,74.22,,
41946,177.96,,
41837,223.83,,
41844,390.582,,
41509,192.06,,
40970,227.28,,
41270,320.4585,,
41274,99.48,,
41256,352.38,,
41814,73.26,,
41159,333.963,,
41678,281.88,,
41369,54.66,,
41604,304.3,,
41794,265.26,,
41206,303.84,,
41824,102.3,,
41166,162.576,,
40759,333.48,,
41604,257.76,,
41409,254.88,,
40701,222.258,,
40932,454.41,,
41349,178.32,,
41570,130.212,,
41400,307.0494,,
41528,308.259,,
41222,244.55,,
41592,206.92,,
41565,111.078,,
41648,204.225,,
41751,162.6,,
40545,314.22,,
40613,323.79112,,
41187,290.52,,
41072,362.85,,
41751,65.4,,
41066,102.08,,
41242,161.82,,
41489,147.24,,
41307,256.16664,,
41318,338.94,,
41974,321.5088,,
41968,368.334,,
41402,140.13,,
41956,113.888,,
40870,314.1,,
41594,151.92,,
41274,147.96,,
41211,140.32,,
41816,264.6,,
41430,260.52,,
41944,254.16,,
40680,148.104,,
41659,151.2,,
40847,247.98,,
40891,374.76,,
41888,510.12,,
40863,273.96,,
40906,319.968,,
41587,255.06,,
40584,205.53,,
41225,414.9,,
41234,240.624,,
40696,388.125,,
41150,373.23,,
41902,349.02,,
40830,268.26,,
41151,318.33,,
41992,158.1,,
41803,447.678,,
41911,147.184,,
41117,228.48,,
41746,103.2,,
42004,300.24,,
41542,161.514,,
41509,362.88,,
41906,180.588,,
41953,154.7,,
40816,142.152,,
40635,3195,,
41614,365.712,,
41247,52.8,,
41653,157.95,,
41664,355.482,,
40893,101.094,,
41417,396.72496,,
41541,279.72,,
41244,316.8492,,
41552,59.752,,
41983,318.09,,
41374,132.5,,
41344,247.296,,
41704,241.32,,
41680,482.4855,,
41816,97.05,,
41995,349.6828,,
41218,309.84,,
40879,246,,
40995,208.656,,
41569,226.839,,
41816,364.14,,
41996,478.98,,
41594,378.9045,,
41638,574.02,,
40861,91.824,,
41656,231.44,,
41901,244.55,,
41760,220.704,,
41528,393.6,,
40557,136.44,,
40907,269.4,,
41782,102.18,,
41327,445.96,,
41887,88.074,,
40898,202.08,,
40831,151.875,,
41966,338.91,,
41912,232.68,,
41647,324.45,,
41218,598.23,,
41050,137.25,,
41858,571.32,,
41498,205.56,,
41664,276.784,,
41064,226.08,,
41159,198.612,,
41086,143.96,,
41580,111.672,,
41815,172.764,,
41513,186.54,,
40550,174.33,,
41508,204.93,,
40758,134.61,,
41456,309.39,,
41919,298.92,,
41171,371.28,,
41605,313.176,,
41523,74.871,,
41160,98.388,,
41688,222.618,,
41636,167.184,,
41731,86.3052,,
41247,200.64,,
41124,269.028,,
41554,775.62,,
41558,190.08,,
41792,347.355,,
41134,338.04,,
41599,291.792,,
41393,226.6,,
40784,174.6,,
40931,165.672,,
41675,66.696,,
41544,255.84,,
41698,183.6,,
41957,311.7825,,
41602,369.45,,
41438,195.72,,
40759,129.84,,
40702,95.64,,
41284,261.12,,
41310,164.76,,
41521,87.28,,
42003,135.672,,
41618,296.34,,
40758,148.05,,
41512,177.93,,
41024,221.024,,
41088,289.98,,
41962,389.056,,
41165,131.184,,
41411,167.94,,
41372,330.48,,
41010,662.2,,
41704,245.88,,
41697,154.08,,
41914,411.75,,
41848,109.008,,
40847,73.584,,
41804,58.86,,
40576,266.496,,
40731,689.52,,
41871,223.2,,
41211,293.04,,
41362,87.92,,
41577,324.27016,,
41694,134.082,,
40884,269.36,,
40791,204.15,,
40590,283.611,,
41828,243.33,,
41849,1252.3455,,
41324,84.648,,
41064,214.92,,
40695,211.803,,
41865,423.648,,
41220,301.89,,
41501,244,,
41802,122.97,,
41071,249.584,,
41961,272.76,,
41683,334.68,,
41179,222.021,,
41368,670.65,,
41694,128.85,,
41814,387.3,,
41872,239.12,,
40813,296.82,,
41247,52.05,,
41123,248.64,,
41514,180.144,,
40910,264.9942,,
41898,369.544,,
41090,281.94,,
41783,227.955,,
41818,126.3,,
41720,359.32,,
41256,637.0234,,
40788,158.6,,
41061,312.0435,,
41624,217.701,,
41744,75.6,,
41413,190.32,,
41312,129.12,,
41454,117.48,,
41351,207.168,,
41962,334.773,,
41807,479.952,,
41458,144.99,,
41610,695.28,,
41775,169.92,,
41958,260.88,,
41817,325.8,,
41400,172.53,,
41999,133.2,,
41066,99.96,,
41095,147.04,,
40939,100.92,,
41988,255.15,,
40554,333.6903,,
40894,277.0374,,
41600,229.74,,
41124,161.59616,,
41022,183.42,,
41045,117.12,,
41874,300.51,,
41576,302.376,,
41943,201.24,,
41850,461.97,,
40889,148.17,,
41803,519.33,,
41869,248.3,,
41145,57.75,,
41071,201.447,,
41946,150.66,,
41960,263.64,,
40973,98.64,,
41680,319.98,,
41961,641.835,,
41871,495.51,,
40796,87.9,,
41715,195.156,,
40868,336.15,,
41543,151.04,,
41842,447.74272,,
41562,215.1,,
41247,296.352,,
41246,123.753,,
41425,553.2,,
41724,150.66,,
41398,100.56,,
40697,350.649,,
41485,518.67,,
41740,338.4,,
41302,365.22,,
41754,327.3,,
41331,920.88,,
40939,46,,
41341,231.525,,
41908,299.16,,
41094,390.42,,
41073,484.5114,,
41718,158.76,,
41901,317.331,,
41240,83.97,,
41221,186.54,,
41255,154.224,,
41818,69.6,,
41585,247.212,,
41628,115.5,,
41591,246.66,,
41106,243.09,,
40571,333,,
41205,240.784,,
41227,230.352,,
41719,238,,
40631,260.52,,
41929,226.32,,
41219,325.44,,
40850,537,,
41945,189.7,,
41731,253.69552,,
41997,620.415,,
41751,439.5,,
41586,263.96,,
41537,142.56,,
40763,248.778,,
41174,285.06,,
41429,83.34,,
41237,166.05,,
40686,244.08,,
41506,146.688,,
41731,110.4855,,
41681,52.731,,
41155,238.152,,
41985,106.32,,
41500,183,,
41229,241.704,,
41963,484.596,,
41760,275.13,,
41234,122.616,,
41871,105.48,,
41011,132.256,,
40963,356.4135,,
41704,528.66,,
41617,156.249,,
41537,131.625,,
41327,262.86,,
41492,388.62,,
41495,174.906,,
41954,400.8,,
41255,117.36,,
41964,179.712,,
41545,956.6648,,
41572,120.024,,
41500,184.66,,
41951,290.826,,
41044,80.432,,
40637,207.54,,
41389,142.5,,
41654,178.875,,
41092,435.504,,
40944,198.9,,
41094,329.94,,
41905,251.91,,
41423,256.56,,
41121,469.92,,
41816,310.65,,
41939,109.32,,
41235,334.125,,
41536,368.91,,
40892,341.523,,
41998,208.548,,
40858,343.74,,
41573,129.28092,,
41985,311.01,,
41937,216,,
40823,114.45,,
40772,339.96,,
41661,409.26,,
41909,275.3,,
41080,296.88,,
40779,393.21,,
41257,98.64,,
41950,83.88,,
41123,368.226,,
41605,91.68,,
41698,308.7,,
41985,170.52,,
41919,112.752,,
41965,412.8,,
40773,196.776,,
41761,194.64,,
41386,337.2,,
41981,339.52,,
41281,164.88,,
41463,183.756,,
41376,225.84,,
41894,152.37,,
41710,357.76,,
41863,154.89,,
40847,146.352,,
41997,197.49,,
41442,176.256,,
41363,158.376,,
41131,133.472,,
41900,256.56,,
40798,81.42,,
41362,180,,
40707,274.68,,
41430,75.88,,
41731,486.6,,
41536,281.34,,
41505,348.32,,
41998,271.764,,
41998,232.88,,
40892,228.15,,
41352,43.605,,
41562,299.052,,
41899,840.15,,
41999,75.87,,
41957,46.305,,
41989,464.8,,
40918,88.47,,
41409,203.22,,
41709,583.872,,
41393,157.95,,
41972,330.966,,
41978,255.968,,
41586,231.84,,
41611,328.608,,
41808,474,,
41402,261.63,,
41544,236.88,,
41740,268.26,,
41880,148.878,,
40675,245.13,,
41569,296.34,,
41157,511.68,,
41960,439.416,,
41923,324.216,,
41230,304.9,,
41509,378.45,,
41108,319.98,,
40851,130.08,,
41150,1640.16,,
40798,331.96,,
41629,320.448,,
41173,314.64,,
41409,142.68,,
41065,184.167,,
41585,238.56,,
41263,229.056,,
41561,237.33,,
41867,208.95,,
40975,136.485,,
41962,132.52,,
41232,175.83,,
40823,485.856,,
41611,262.14,,
41436,231.084,,
41179,197.37,,
41183,286.299,,
41957,115.992,,
41155,137.62,,
41886,284.97,,
41461,284.16,,
41548,424.2,,
41117,283.8,,
41389,130.104,,
41187,121.05,,
41949,243.992,,
41083,104.4,,
41514,215.64,,
41062,213.75,,
41839,289.30044,,
41799,618.56,,
41614,65.824,,
41561,310.16,,
41667,240.84,,
41290,180.6,,
41670,217.89,,
41779,377.97,,
41598,54.96,,
41750,122.382,,
41041,170.964,,
41356,387.099,,
41625,105.12,,
41108,54.18,,
41780,79.632,,
40861,193.9902,,
41128,196.056,,
41752,161.91,,
41968,203.952,,
41879,260.76,,
41919,402.246,,
41429,271.731,,
41970,250.95708,,
41824,208.728,,
40763,150.48,,
41769,84.75,,
41767,214.8,,
41118,96.12,,
41858,179.76,,
41180,1136.331,,
41389,362.46,,
41032,351.84,,
41149,991.92,,
41064,154.44,,
41905,234.92,,
41701,388.608,,
40583,80.22,,
40892,736.452,,
41886,201.08,,
41990,220.44,,
41967,275.616,,
41370,158.22,,
40687,81.9,,
41893,249.75,,
41078,444.312,,
41619,138.08,,
41124,321,,
40858,241.176,,
41354,148.17,,
41044,145.836,,
40995,134.4,,
41336,130.32,,
40918,196.2,,
41057,321.84,,
40795,296.34,,
41562,287.94,,
41961,307.62,,
41152,333.27,,
41683,153.9,,
40968,286.44,,
40882,157.824,,
41173,477.12384,,
40747,99.98,,
41571,199.056,,
41527,156.672,,
41689,167.976,,
40744,104.85,,
41981,81.99,,
41540,284.4,,
41704,110.25,,
41255,348.928,,
41824,215.148,,
40715,254.94,,
41465,490.26,,
40737,235.48,,
40857,199.08,,
40744,89.712,,
41403,195.66,,
41278,323.79112,,
41537,252,,
41796,752.9193,,
40945,283.92,,
41952,274.2,,
40758,195.408,,
41146,176.148,,
42002,169.344,,
41957,668.22,,
40716,132.111,,
40707,200.88,,
40714,161.91,,
41124,177.849,,
41918,252.045,,
41969,511.65,,
41450,138.6,,
41649,256.74,,
40801,282.24,,
41766,187.68,,
40675,609.4026,,
41996,83.7322,,
41051,359.7795,,
40922,271.44,,
41955,87.96,,
41334,135.558,,
40809,190.2,,
40786,60.6315,,
41816,377.79,,
41124,408.24,,
41274,241.32,,
41536,118.272,,
40989,342.495,,
41414,289.35,,
41970,58.98,,
41932,137.538,,
41790,339.12,,
40718,166.32,,
41635,137.31,,
41376,170.7,,
41946,347.88,,
41915,440.64,,
41860,539.04,,
41059,809.109,,
40868,229.3,,
40684,245.88,,
41348,172.62,,
41187,311.6,,
41211,92.952,,
41270,212.058,,
41828,298.14,,
41956,467.04,,
41216,612.357,,
41893,219.75,,
41964,569.99,,
41528,250.74,,
40674,212.4,,
41206,255.45,,
40875,454.08,,
41726,211.246,,
40794,649.593,,
41493,106.8,,
41226,190.62,,
40844,195.44,,
41776,109.08,,
40756,99.48,,
41772,528.9,,
41207,221.4,,
40995,340.65,,
41926,152.1,,
41957,154.95,,
41634,217.32,,
41071,213.12,,
40624,394.065,,
40811,300.5328,,
41233,62.16,,
41596,225.12,,
41169,224.85,,
41477,270.594,,
41071,335.61,,
41502,233.352,,
41427,76.8,,
41628,69.3,,
41708,199.98,,
41654,226.12,,
41531,336.06,,
41069,216.3,,
41478,314.16,,
41569,98.16,,
41190,95.94,,
41597,197.82,,
41349,202.2,,
41691,384.48,,
41527,146.4,,
41613,78.15,,
41556,207.648,,
40801,251.7,,
41268,164.46,,
40702,336.48,,
41550,157.95,,
41885,352.38,,
41489,101.58,,
41489,486.12,,
41076,259.47,,
41632,141.372,,
41618,220.08,,
41494,333.54,,
41043,396,,
40717,151.548,,
41657,229.68,,
41528,146.88,,
41661,179.97,,
41517,1584.0783,,
41606,331.023,,
41673,528.7425,,
41505,273.36,,
41194,209.67,,
40574,229.94,,
40945,146.73,,
41713,209.16,,
41922,162.576,,
40905,499.56,,
41887,163.2,,
41866,175.52,,
41178,170.96,,
41863,138.24,,
41911,261.48,,
41757,345.06,,
41223,170.46,,
41624,296.37,,
41191,57.96,,
41025,191.5155,,
40879,644.88,,
40625,136.5147,,
40927,235.05,,
41376,256.86,,
41719,385.02,,
40731,61.64,,
41035,349.02056,,
41855,358.2,,
41690,314.262,,
40994,97.8,,
40898,77.04,,
41859,66.096,,
40806,617.7,,
40800,267.96,,
41059,64,,
41114,346.62536,,
41065,367.47,,
41612,141.63,,
41501,205.8,,
41850,522.48,,
41632,205.856,,
41750,334.8,,
40798,152.964,,
41785,104.16,,
41584,312.09,,
41855,993.66,,
41346,245.916,,
41374,313.74,,
41711,110.64,,
41502,256.08,,
40870,155.43,,
41785,130.248,,
41886,259.875,,
41058,540.57,,
41603,74.352,,
41926,232.08,,
41799,380.1,,
41954,168.6,,
41620,1029.95,,
40959,238.8,,
41444,198.64,,
41033,230.48,,
41318,441.774,,
40755,82.8258,,
41530,221.5353,,
41243,71.88,,
41782,181.986,,
41267,188.1,,
41919,210.192,,
40776,264.9,,
40838,499.68,,
41790,342.495,,
41045,148.5,,
41911,152.1,,
41758,243.44,,
41610,136.1781,,
40848,323.46,,
41911,505.986,,
41653,97.02,,
41627,414.03,,
41295,153.568,,
41999,151.464,,
41130,161.59616,,
41612,400.032,,
41617,116.289,,
41932,436.0728,,
41961,148.92,,
40823,144.2,,
41488,142.76,,
41891,94.128,,
41144,253.854,,
41992,770.3811,,
41610,179.97,,
41173,136.9368,,
40598,143.264,,
41464,103.122,,
41985,647.13,,
41615,190.44,,
41684,346.92,,
41628,155.07,,
41911,76.776,,
40697,212.1,,
41451,275.88,,
41752,287.96292,,
41266,117.9,,
41746,273.36,,
41232,225.33,,
40841,303.66,,
41114,166.8051,,
41536,243.18,,
41731,367.2,,
40757,90.3,,
41254,261.03,,
41978,302.94,,
41949,305.37,,
41666,235.32,,
41381,182.304,,
41579,153.42,,
41449,440.964,,
41718,121.53,,
41802,78,,
40789,145.5,,
41501,226.557,,
40921,138.48,,
40854,214.2,,
40865,178.8,,
41638,146.475,,
41807,462.132,,
41744,131.274,,
41824,217.32,,
41599,244.768,,
40655,78.84,,
41134,124.59,,
41562,284.37012,,
40813,294.08,,
41557,244.98,,
41947,130.23,,
41703,260.352,,
41963,80.352,,
41124,170.46,,
41261,293.382,,
41519,105.84,,
40903,139.56,,
41541,395.82,,
41311,115.38,,
40896,296.226,,
40574,435.99,,
40877,321.02,,
41847,142.08,,
40987,209.7,,
41921,302.625,,
40763,167.535,,
41122,255.168,,
41499,515.862,,
41516,241.92,,
40684,107.772,,
42002,380.54328,,
41555,190.17,,
40773,262.14,,
41263,403.34112,,
41492,163.62,,
41451,157.77,,
41110,109.74,,
40654,246.56,,
41899,218.4,,
41799,342.08,,
40876,243.808,,
41036,163.56,,
41578,165.456,,
41784,156.1728,,
41934,205.68,,
40772,287.847,,
41514,206.4,,
40910,102.624,,
41596,212.64,,
41438,278.28,,
41779,97.16,,
41095,228.84264,,
41062,252.3,,
41716,485.68668,,
41917,81.108,,
40758,387,,
40645,73.2,,
40927,332.64,,
41263,359.058,,
41115,358.58,,
41804,92.3,,
41955,161.91,,
41158,231.6,,
41659,139.32,,
41713,200.016,,
40716,239.112,,
41273,455.868,,
41431,360.38,,
41899,504.711,,
40621,380.7,,
41240,149.898,,
41989,277.56,,
40605,125.76,,
41926,63.312,,
41335,190.863,,
41397,225.6,,
40711,89.73,,
41828,109.674,,
41582,314.55,,
41474,69,,
41725,268.5,,
41527,103.26,,
41012,93.12,,
41576,1171.53,,
41908,269.97,,
40681,119.68,,
41430,203.88,,
41979,104.976,,
41765,99.42,,
41538,163.88,,
41537,76.8,,
41451,105.3,,
41187,97.68,,
41450,152.496,,
41131,1214.22,,
40837,261.468,,
41703,259.248,,
41702,113.82,,
41509,356.238,,
41253,77.4,,
41621,249.95,,
41954,167.82,,
41058,227.52,,
40686,289.968,,
41919,145.896,,
41867,135.48,,
41500,228.36,,
41945,602.76,,
41124,422.586,,
40655,234.36,,
41455,188.04,,
41543,393.165,,
41283,349.95,,
41983,143.856,,
41437,389.97,,
40767,211.248,,
41398,195.64,,
41915,144.33,,
42004,107.505,,
41631,288.9,,
40788,243.81,,
41569,235.152,,
41467,245.44,,
41555,122.04,,
41160,662.4396,,
41452,156.654,,
41475,389.97,,
41389,995.6,,
40701,151.02,,
41424,268.5,,
41417,345,,
40651,125.22,,
41767,263.73,,
41820,62.31,,
41457,74.736,,
40599,53.52,,
40816,443.43,,
41261,318.888,,
41313,290.775,,
41691,364.2975,,
41506,182.88,,
41871,414.9,,
40848,494.316,,
41887,230.202,,
41079,117.18,,
41442,279.54,,
41774,383.46,,
41449,179.88,,
41746,205.92,,
41421,371.976,,
40676,540.1,,
40584,132.8,,
41075,90.36,,
41624,418.818,,
41737,365.25,,
41890,166.176,,
41788,195.96,,
41912,387.09,,
41254,338.47968,,
41957,172.44,,
41921,146.7,,
40932,571.32,,
41154,448.65,,
41444,217.188,,
41869,221.056,,
41159,481.176,,
41477,152.88,,
40801,263.52,,
41468,75.384,,
41443,231.516,,
41085,75.384,,
41252,246.84,,
41954,642.78,,
41845,65.68,,
41236,286.65,,
41716,81.96,,
41610,129.387,,
41862,372.6,,
41038,95.256,,
41015,154.38,,
41908,162,,
41025,311.976,,
41528,276.784,,
40721,138.08,,
41589,339.36,,
41025,150.147,,
40672,169.92,,
41886,268.812,,
41614,286.5,,
40974,169.95,,
41407,202.44,,
41989,78.12,,
40794,492.3261,,
41426,151.65,,
41432,218.844,,
40856,62.65,,
40865,539.964,,
40797,136.08,,
41368,211.716,,
41823,202.23,,
40861,1356.8328,,
41342,113.6,,
41774,110.052,,
41503,104.733,,
41704,127.96,,
41947,199.75,,
41915,109.38,,
40887,397.71,,
41435,128.304,,
41452,151.92,,
41699,360.24,,
40857,563.94,,
40821,58.374,,
41941,414,,
41228,270.18,,
41522,312.0435,,
42001,202.2,,
41893,85.056,,
41615,222.352,,
41443,176.94,,
41974,912.6,,
40646,115.5,,
41029,175.68,,
41211,95.12,,
41135,257.7,,
41370,158.368,,
41513,141.44,,
41673,248.184,,
41053,130.41,,
41241,129.76,,
41101,359.04,,
41248,152.8,,
41339,158.16,,
41907,132.048,,
41801,77.46,,
40908,281.34,,
41242,316.47,,
41186,207.12,,
41188,249.6,,
41341,478.8,,
41291,316,,
41419,69.5,,
41808,248.418,,
41578,313.92,,
41778,230.256,,
42004,276.6,,
41283,112.104,,
41158,271.764,,
40792,767.52,,
41346,171.9,,
40634,157.95,,
41857,197.94,,
40806,198.24,,
41163,195.76,,
40942,136.92,,
41411,75.744,,
40736,512.358,,
41991,266.22,,
41877,309.54,,
40884,241.8,,
41062,478.08,,
41716,67.41,,
41742,1076.406,,
40712,262.764,,
40848,367.524,,
41276,137.07,,
41960,321.912,,
41527,230.88,,
41029,124.47,,
41871,155.85,,
41240,151.2,,
41404,119.808,,
41997,113.52,,
41683,276.444,,
41901,117.15,,
40945,100.8,,
41180,88.48,,
41440,222.705,,
41836,173.58,,
41717,242.1,,
41222,204.384,,
40890,211.104,,
41813,146.76,,
41774,90.8,,
40632,226.125,,
41663,232.47,,
41772,87.534,,
41730,104.436,,
40973,309.75,,
41571,346.42576,,
40670,194.25,,
40735,164.85,,
41982,148.17,,
41971,163.32,,
41871,111.22,,
41792,159.768,,
40844,257.98,,
41787,342.08,,
41289,122.4,,
41942,255.08,,
41953,171.396,,
41956,369.99,,
40641,399.96,,
42003,244.98,,
41849,249.7725,,
41935,129.22,,
41789,457.2,,
41246,67.64,,
40721,67.44,,
41183,133.11,,
40819,142.488,,
41556,387.72,,
41226,488.96,,
41508,206.85,,
41229,77.832,,
41711,165.888,,
41201,319.616,,
41814,247.7514,,
40877,292.8,,
41423,264.9384,,
41807,88.563,,
41796,330,,
41621,126.27,,
41962,92.52,,
41064,160.929,,
41796,203.22,,
41719,143.472,,
41970,135.3,,
40698,353.568,,
40712,149.6,,
41017,191.592,,
41317,396.9,,
41395,333.6,,
41893,244.8,,
41899,190.5,,
40697,238.491,,
41898,272.76,,
41532,437.85,,
41890,256.14,,
41004,284.48988,,
41815,229.32,,
41060,109.08,,
41435,515.5794,,
40939,440.64,,
40800,153.09,,
41619,153.552,,
41016,323.37,,
41985,116.312,,
40565,95.1,,
41457,95.1,,
41241,425,,
41344,295.8,,
40656,281.372,,
41116,167.86,,
41179,265.824,,
41513,123.24,,
41856,307.683,,
41157,243.8208,,
41725,362.85,,
41025,197.76,,
40584,307.44,,
41964,68.97,,
41668,279.9,,
41915,369.16,,
41558,48.45,,
40637,119.56,,
41144,82.14,,
41985,180.288,,
41869,264.5958,,
41037,239.436,,
41246,299.58,,
41088,284.256,,
41557,201.96,,
40844,480.74,,
41718,381.36,,
40899,263.92,,
40827,345,,
41106,137.25,,
41849,250.74,,
41934,195.84,,
41554,126.5382,,
41254,364.95,,
41976,179.9,,
41534,175.32,,
41977,59.22,,
40946,169.38,,
41526,279.72,,
40714,346.698,,
41166,269.49,,
41262,158.376,,
41341,246.21,,
40890,344.34,,
41983,119.556,,
41892,258.696,,
41983,148.257,,
41900,89.97,,
41878,290.83716,,
41905,260.592,,
41290,344.37,,
40554,267.984,,
41094,148.8,,
41579,470.7624,,
41148,558,,
41853,67.14,,
41079,158.994,,
41986,88.06,,
41694,161.91,,
40696,243.27,,
41569,264.87,,
40665,115.05,,
41928,123.8526,,
41233,180.4572,,
41375,161.16,,
40570,489.92,,
41860,216.3294,,
40896,323.976,,
41509,236.4,,
41995,319.68,,
41998,222.66,,
41618,440.16,,
41541,191.52,,
41810,236.97,,
40784,147.3,,
41526,131.136,,
40604,210.69,,
41960,304.3,,
41792,79.8,,
41466,294.18,,
41004,352.45,,
41520,182.76,,
41907,187.8,,
40988,381.91464,,
41157,410.8,,
41296,267.84,,
41235,299.295,,
40786,138.645,,
41971,375.66,,
40758,329.76,,
41960,321.3,,
41798,460.26,,
40883,245.76,,
41656,219.3,,
41541,235.515,,
41704,299.97,,
41794,205.992,,
41654,343.8,,
40977,132.72,,
41108,329.67,,
41650,169.308,,
41726,599.28,,
41685,308.16,,
41704,122.22,,
41900,173.25,,
41052,512.163,,
41219,138.75,,
41082,130.977,,
41907,175.824,,
41613,193.86,,
41365,280.782,,
41960,167.28,,
40575,400.704,,
41814,202.72,,
41964,151.02,,
40858,68.2011,,
41502,212.706,,
41628,277.08,,
41542,115.032,,
41733,205.392,,
41163,172.6,,
41951,376.74,,
40892,445.802,,
40969,95.84,,
40835,176.61,,
40988,147.96,,
41312,292.734,,
40803,152.64,,
41691,412.2,,
41232,141.96,,
41614,160.02,,
41310,98.736,,
41260,331.695,,
41397,203.6322,,
40675,273.9729,,
40711,163.96,,
41541,213.228,,
41416,735.777,,
41068,239.22,,
40647,173.88,,
40546,211.1805,,
41150,415.2,,
41393,70.35,,
41163,207.18,,
41499,392.22,,
40989,292.977,,
41634,282.18,,
41243,221.832,,
41134,61.74,,
40649,169.02,,
41597,165.42,,
41195,287.94,,
40887,318.3,,
41359,154.24,,
41778,293.4,,
40975,263.736,,
41276,231.98,,
41628,455.97,,
41926,209.94,,
41453,448.38,,
41666,220.185,,
41263,100.8,,
41153,352.536,,
41885,181.818,,
41006,260.4,,
41851,76.776,,
41873,88.608,,
41764,288.84,,
41624,170.73,,
41970,257.94,,
41939,224.262,,
41643,168.72,,
41570,229.62,,
41653,364.257,,
41036,197.4942,,
41579,660.288,,
40562,278.397,,
41206,258.852,,
41443,84.84,,
41774,300.72,,
40716,244.49004,,
40785,146.16,,
40772,83.4,,
41872,163.38,,
41526,246.105,,
41996,934.956,,
41991,90.76,,
41050,312.498,,
41285,128.466,,
40760,489.23,,
40855,192.3978,,
41540,306.342,,
41206,219.321,,
41935,286.902,,
41510,132.48,,
41373,100.92,,
41418,97.32,,
41705,263.655,,
41606,143.22,,
41912,285.84,,
40687,82.44,,
41705,206.384,,
41341,181.26,,
41061,96.88,,
41162,723.72,,
40883,120.42,,
41794,209.34,,
40558,149.9712,,
41149,194.58,,
41919,267.48,,
41740,191.7,,
41616,182.3,,
41465,90.096,,
41799,188.4,,
41939,356.85,,
40870,583.02,,
41440,136.89,,
41951,239.598,,
40589,272.673,,
41766,346.5882,,
40558,51.3774,,
40717,117.03,,
41114,118.8,,
41036,540.288,,
41498,163.5,,
40856,92.52,,
41668,330.27,,
41870,170.46,,
41720,105.45,,
41857,502.578,,
41228,124.3755,,
41628,159.68,,
41437,274.74,,
40799,270.96,,
41624,76.707,,
40689,159.192,,
41150,254.88,,
41971,114.87,,
41255,244.23,,
41688,127.89,,
41418,287.94,,
41824,273.896,,
41858,227.88,,
41620,73.536,,
40914,96,,
40723,185.92,,
41233,248.58,,
41653,371.952,,
41267,176.43,,
41037,398.52,,
41841,182.94,,
41604,364.92,,
41121,130.52,,
41914,540.82,,
41794,333.072,,
41472,143.982,,
41589,279.944,,
41842,210.564,,
41851,287.28,,
41667,107.982,,
41107,231.92,,
41843,58.32,,
40978,252.828,,
41176,202.56,,
40730,108.48,,
41332,152.064,,
41782,158.76,,
41996,162.54,,
41210,168.03,,
40800,88.56,,
41970,240.336,,
41100,128.736,,
41541,368.352,,
40745,127.725,,
41589,419.31,,
40886,214.65,,
40714,358.16,,
40707,271.08,,
41965,140.535,,
40767,99.84,,
41860,306.78,,
41550,381.96,,
41482,360.24,,
41141,139.5,,
41179,239.04,,
41899,255.84,,
41710,449.91,,
41102,474.444,,
41544,116.937,,
41939,212.208,,
42002,189.36,,
41996,341.523,,
40983,282.0672,,
40714,201.584,,
41694,90.3,,
41715,145.89,,
41384,930,,
41150,284.25,,
41304,207.6,,
40847,131.76,,
41864,192.16,,
41054,194.784,,
41405,273.3,,
41913,247.32,,
41871,418.6188,,
41233,290.352,,
41543,292.8,,
41578,103.122,,
40952,350.58,,
41830,278.9,,
41544,189.621,,
40689,201.584,,
41269,683.6,,
41973,95.424,,
41052,323.46,,
40750,194.472,,
41246,150.48,,
41177,105.48,,
40647,105.6,,
41439,198.396,,
41918,755.0946,,
41387,191.205,,
40677,310.88,,
41282,86.04,,
41870,345.24,,
41571,128.52,,
40563,140.91,,
41970,83.6,,
40898,84.34,,
41557,289.068,,
41855,187.936,,
41912,138.567,,
41439,278.64,,
41513,479.97,,
41908,288.36,,
40981,344.64,,
41178,87.6,,
40904,811.944,,
41109,466.956,,
41456,183.75,,
41059,381.591,,
41061,210.112,,
41221,146.61,,
41681,68.175,,
41389,240.912,,
41429,411.4,,
41585,243,,
41428,148.59,,
41155,178.776,,
41708,359.85,,
40907,85.23,,
41633,96.66,,
41625,142.47,,
41493,199.26,,
41923,215.73,,
41806,91.665,,
41414,242.9,,
41106,266.4,,
41094,223.104,,
41886,293.76,,
41556,394.2,,
41778,148.68,,
41751,99.96,,
41820,59.28,,
40610,954.225,,
40850,391.2,,
41893,192.6,,
40667,187.68,,
41599,79.59,,
41095,164.64,,
40745,272.848,,
41950,195.72,,
41712,58.8,,
40614,272.76,,
40780,1341.63,,
41221,263.67,,
41209,118.95,,
41229,185.58,,
41436,224.82,,
41432,277.92,,
40792,318.03,,
41228,148.32,,
41401,56.3736,,
41897,113.372,,
41537,382.21404,,
41091,379.8,,
40681,509.52,,
41156,206.4,,
40877,87.03,,
41143,259.605,,
41635,302.384,,
41251,86.562,,
41969,64,,
41963,98.1,,
41603,260.415,,
41809,340.83,,
41186,392.94,,
41237,166.71,,
41782,242.1,,
41532,110.88,,
40715,284.82,,
41240,154.9,,
41298,76.14,,
41227,288.192,,
40648,106.96,,
41318,202.38,,
40724,202.56,,
40719,211.38104,,
40809,216.3,,
40862,208.44,,
41412,248.08284,,
41158,133.76,,
41490,321.9426,,
41421,128.76,,
41513,110.5062,,
40687,170.04,,
41591,292.64,,
41041,108.15,,
41235,92.88,,
41267,166.68,,
41867,1954.17,,
41886,659.178,,
41123,211.5,,
41949,260.34,,
41912,145.05,,
41618,248.64,,
40732,213.84,,
41521,526.26,,
41805,394.98,,
40983,108.24,,
40833,185.0175,,
40564,272.94,,
41472,348.82096,,
41841,242.944,,
40904,160.356,,
40739,311.796,,
41979,378.81,,
41078,450.04,,
41893,175.8,,
41235,203.76,,
41425,71.19,,
41667,181.44,,
41477,129.8871,,
41860,289.35,,
41724,470.376,,
41481,243.88,,
41460,177.48,,
41519,117.12,,
40548,207.12,,
41735,71.46,,
41759,276.885,,
41838,143.1,,
41282,66.32,,
41963,291.924,,
41120,186.66,,
41135,190.89,,
40893,599.16,,
40992,111.051,,
41908,177.55,,
41152,555.96,,
41962,213.12,,
41897,162.18,,
41082,159.68,,
41860,180.7,,
41908,129.12,,
41060,137.295,,
41589,174.204,,
41949,369.99,,
41634,400.32,,
40764,178.384,,
41677,240.784,,
41737,219.184,,
41373,172.62,,
41697,246.42,,
41044,210.288,,
40973,117.666,,
41465,209.52,,
42002,113.372,,
41813,178.88,,
41766,222.615,,
41039,769.65,,
41879,409.95,,
41612,294.57,,
41214,118.95,,
41884,415.152,,
41925,122.94,,
41772,285.48,,
41269,131.811,,
41396,109.92,,
41788,247.44,,
40806,317.37,,
41480,84,,
41480,169.9,,
41355,151.65,,
41760,47.52,,
40752,273.18,,
41656,418.05,,
41558,110.28,,
41173,199.74,,
41942,338.4,,
42001,135.45,,
41709,166.68,,
41757,220.2656,,
41794,384.768,,
41955,88.92,,
41968,197.94,,
41606,64.776,,
40554,102.72,,
41829,75.18,,
41139,122.37,,
40665,73.206,,
41424,164.7,,
41416,212.2875,,
41612,199.665,,
40624,58.17,,
41790,204.6664,,
41320,98.304,,
41612,191.85552,,
41440,368.91,,
40892,212.1,,
41979,254.9,,
40891,136.53,,
41078,222.66,,
41827,130.704,,
40977,151.992,,
41877,168.68,,
41995,278.7,,
41243,717.4764,,
41959,529.29,,
41557,169.568,,
41835,140.97,,
41298,175.32,,
41853,336.36,,
41878,290.3502,,
41184,115.287,,
40835,340.08,,
41549,330.588,,
41334,325.26,,
41128,77.58,,
41715,159.984,,
41614,153.024,,
41995,76.248,,
41867,520.776,,
40836,211.96,,
40903,78.6,,
41191,269.91,,
40770,152.91,,
41689,102.9,,
41933,113.68,,
41451,111.12,,
41071,341.475,,
41017,250.992,,
41836,219.9,,
41039,166.68,,
40758,149.1,,
41169,553.5,,
40926,161.532,,
41675,51.156,,
41710,239.96,,
41961,144.18,,
41722,143.728,,
41769,104.28,,
41456,278.88,,
41501,208.572,,
41528,180.252,,
40877,101.1936,,
40625,164.088,,
41620,343.728,,
41877,224.3504,,
40777,137.2,,
41769,130.32,,
41809,875.16,,
41244,344.16,,
41201,444.51,,
41598,363.825,,
40634,138.696,,
40705,231.72,,
41893,308.46,,
41636,235.3812,,
41891,158.376,,
41135,189.63,,
41037,512.91,,
41458,265.74,,
41439,215.04,,
41977,192,,
41600,293.58,,
41676,207.12,,
41634,357.6,,
41744,74.56,,
41755,326.88,,
41153,140.94,,
41076,137.736,,
41873,118.44,,
40925,262.74,,
41560,187.36,,
41493,98.08,,
40728,248.9004,,
41942,179.46,,
41520,215.976,,
41863,149.28,,
41700,114.81,,
41939,67.78928,,
40653,238.455,,
41177,520.38,,
41481,241.568,,
41522,113.94,,
41390,275.58,,
40798,439.92,,
41508,496.332,,
41463,215.65,,
41452,171.04,,
40785,290.88,,
40837,292.68,,
41160,112.698,,
41499,326.64,,
40904,86.58,,
41706,99,,
41239,150.528,,
41512,159.66,,
40797,138.06,,
40662,243.7,,
40647,168.63,,
41261,102.9,,
41311,203.904,,
41440,337.176,,
40892,303.84,,
41722,291.024,,
41527,304.44,,
41501,247.188,,
41914,215.1,,
41087,117.408,,
41628,248.52,,
41792,113.52,,
41284,169.38,,
41403,211.96,,
41891,258.528,,
41731,127.95,,
41870,259.75944,,
41173,124.875,,
41516,45.69,,
41211,121.428,,
41538,79.712,,
41177,417.42,,
41710,123.42,,
41869,459.3,,
41869,428.22,,
41473,265.17,,
41718,199.96,,
41591,200.4,,
41527,207.69736,,
41223,161.4,,
41284,142.74,,
41149,48.816,,
41088,482.94,,
40929,174.6,,
41459,139.86,,
41885,197.97,,
41969,245.82,,
41579,159.732,,
41227,275.072,,
41779,532.8,,
40911,207.33,,
41603,193.83,,
41258,89.28,,
40831,251.16,,
40578,115.44,,
41393,132.3,,
41877,199.056,,
41760,373.896,,
41557,345.735,,
41949,317.574,,
41597,99.144,,
41452,135.95,,
41898,117.96,,
41992,327.816,,
41947,170.424,,
41093,238.512,,
41886,279.68,,
41555,264.816,,
41025,206.16,,
41842,271.96,,
41108,135.99,,
41778,172.5,,
40767,289.98,,
41023,159.296,,
41778,198.96,,
41359,93.2502,,
41737,258.072,,
41519,376.74,,
40949,185.28,,
41844,271.136,,
41592,122.496,,
41746,192.78,,
41977,57.93,,
41204,446.4,,
41864,1779.9,,
41996,154.68,,
40581,278.16,,
41892,268.1748,,
41526,67.136,,
41604,165.7,,
41745,423.31168,,
40596,102.78,,
41370,175.92,,
41494,114,,
41750,301.89,,
41432,460.356,,
41487,635.96,,
40912,192.22,,
40768,276.96,,
41909,135.576,,
41543,300.32,,
41561,146.736,,
40588,191.6,,
41454,103.518,,
41183,115.9344,,
41359,311.76,,
41788,271.968,,
41841,313.44,,
40858,256.16664,,
41144,171.288,,
41440,99.66,,
41767,322.974,,
41159,366.84,,
41804,48.68,,
41583,123.75,,
40681,192.6324,,
40938,123.42,,
41380,189.588,,
41312,100,,
41886,124.53,,
40599,57.06,,
41458,110.25,,
41103,315.54,,
40667,82.044,,
41061,226.53,,
40784,310.554,,
41054,97.68,,
41338,192.84,,
41614,130.62,,
41268,389.04,,
41608,226.8735,,
41969,645.966,,
41773,188.37,,
41829,174.95,,
40814,301.77,,
41177,230.256,,
41143,545.94,,
40589,238.62,,
41942,163.2,,
41596,284.8274,,
41905,92.64,,
41533,249.93,,
41877,143.172,,
41954,261.54,,
41487,388.92,,
41669,124.32,,
41915,112.12,,
41192,312.51,,
40661,177.52,,
41243,350.244,,
40958,175.8,,
41694,157.872,,
41817,358.2,,
41305,130.56,,
41241,221.568,,
41680,450.603,,
41223,102.9,,
41907,642,,
41712,89.768,,
40676,256.56,,
41992,168.24,,
41436,546.56,,
41269,246.78,,
41850,245.94,,
41429,258.9,,
41310,72.48,,
41650,349.32,,
40567,420.42,,
40700,185.28,,
41040,214.8,,
41694,187.74376,,
41879,123.06,,
41920,225.08,,
41898,107.4,,
40670,82.38,,
40673,316.8,,
41201,374.2,,
41522,249.21,,
41345,481.32,,
41627,161.6,,
41722,13999.96,,
41735,310.716,,
41957,121.8855,,
42002,214.515,,
41170,443.92,,
41713,263.73,,
41541,316.59,,
41578,90.6,,
41499,173.25,,
41829,177.876,,
41820,638.82,,
41373,333.66,,
41848,284.76,,
41401,225.6,,
41879,152.28,,
41542,169.8,,
41551,95.04,,
41534,84.132,,
41839,218.3868,,
41981,127.984,,
41859,118.16,,
41377,137.6,,
41320,70.755,,
41919,170.28,,
40736,594.86,,
41878,340.992,,
41594,642.72,,
41168,175.68,,
41361,323.4,,
41482,248.022,,
41138,855.45,,
40735,177.2,,
41236,294.6,,
41548,102.96,,
41877,130.98,,
40868,73.944,,
41081,286.44,,
41068,97.44,,
41435,478.764,,
41422,537.6,,
40569,318.24,,
40701,305.928,,
41990,68.48,,
41977,111.12,,
41345,245.88,,
40595,149.58,,
41466,321.492,,
41127,369.1992,,
41914,257.76,,
40813,66.99,,
41902,101.88,,
41760,85.185,,
41957,241.434,,
41123,249.264,,
41877,60.552,,
41019,287.97,,
41743,191.7,,
41667,101.04,,
41936,236.34,,
41338,283.2,,
41236,91.92,,
40890,122.325,,
41885,147.92,,
41591,98.46,,
40896,396.72496,,
41089,101.04,,
40655,154.392,,
41438,278.28,,
41951,147.582,,
40598,94.9935,,
41162,179.886,,
41530,82.98,,
41745,118.62,,
41720,181.12,,
41880,92.76,,
40771,158,,
41025,522.72,,
40853,43.92,,
40724,67.89,,
41718,245.13,,
41791,253.32,,
41017,260.415,,
41635,163.62,,
41337,274.44,,
40857,205.44,,
41689,154.3752,,
41251,270.96,,
41941,200.44,,
40800,382.4,,
41788,84.96,,
41683,274.4658,,
41974,351.9,,
41028,103.32,,
41510,96.81,,
40898,122.67,,
41956,143.58,,
41258,182.3,,
41897,283.49984,,
41346,126.27,,
41537,166.617,,
41853,137.25,,
41753,263.412,,
41892,333.84,,
41914,149.04,,
41432,69.03,,
41704,373.68,,
41722,386.64,,
41408,214.3791,,
41968,327.84,,
41961,206.604,,
41437,151.929,,
41645,246.15,,
41767,176.76,,
41898,242.48,,
41429,76.11,,
41857,355.56,,
41730,132.352,,
41814,221.2,,
40702,288.684,,
41792,759.66,,
41604,228.204,,
41224,122.37,,
41264,314.91876,,
41564,292.734,,
41501,462.96,,
41634,249.72,,
41199,223.47,,
41102,66.42,,
40844,396.78,,
41233,119.04,,
41072,244.14,,
41562,186.36,,
40619,86.96,,
41402,84.4608,,
41522,279.95,,
41963,412.695,,
41990,143.532,,
41877,100.08,,
41959,339.136,,
41123,199.98,,
41787,141.6,,
41397,90.64,,
40905,269.12,,
41761,448.6344,,
41075,225.576,,
41383,344.372,,
41141,137.16,,
41848,194.848,,
40922,82.98,,
41314,1272.3,,
41267,268.2,,
41550,153.6,,
41225,175.35,,
40813,278.07,,
41807,301.96,,
41600,113.568,,
41729,122.88,,
41694,83.46,,
41735,205.8,,
41437,144.99,,
40605,333.66,,
41780,236.7,,
40983,254.34,,
41992,138.96,,
41265,133.893,,
41538,253.746,,
41936,146.5425,,
41150,131.98,,
41513,146.688,,
41526,373.98,,
41184,118.62,,
40906,205.44,,
41124,167.805,,
41425,96,,
41807,327.3,,
41514,170.94,,
41975,141.96,,
40569,256.14,,
41962,212.52,,
41102,383.607,,
41147,291.792,,
40788,405.92,,
41814,262.95,,
41760,767.34,,
41724,100.0611,,
41978,363.75,,
41127,193.2,,
41180,113,,
40970,131.301,,
41859,292.11,,
41277,83.4,,
41439,242.16,,
41479,274.8,,
41159,225.612,,
41738,230.526,,
41710,61.2,,
40757,157.68,,
41453,116.04,,
41890,289.71,,
41226,113.4,,
41060,146.367,,
41611,510.12,,
41691,246.48,,
41454,121.96,,
41479,115.136,,
40575,309.6,,
41222,147,,
40682,238.32,,
41774,89.97,,
40907,648.24,,
41223,328.185,,
41569,127.656,,
41961,287.58,,
41016,93.06,,
41443,213.444,,
40816,143.88,,
41246,207.432,,
41732,300.402,,
41754,297.6,,
40793,200.795,,
41428,55.74,,
41813,132.972,,
40774,242.55,,
41722,211.84,,
41548,139.44,,
40945,59.184,,
41226,100.5,,
41408,147.84,,
40806,258.54,,
40801,281.34,,
40651,241.65,,
41446,241.893,,
41828,99.6,,
41928,346.44,,
41218,272.7,,
41467,208.53,,
41996,300.72,,
41296,99,,
40618,49.5,,
41383,140.9922,,
41236,335.52,,
41530,92.64,,
41814,218.79,,
41844,241.968,,
41775,235.24,,
41747,95.28,,
41997,262.74,,
40892,125.82,,
40707,218.76,,
41921,239.96,,
40854,50.88,,
41414,305.235,,
41731,482.664,,
41135,511.68,,
41774,138.18,,
40717,142.623,,
41127,103.59,,
40805,68.72,,
40744,78.75,,
41352,595.6578,,
41873,277.4,,
41284,126.15,,
41089,344.034,,
41999,125.064,,
40780,429.48,,
40603,115.74,,
41584,121.776,,
41301,518.88,,
41211,56.916,,
41865,150,,
41177,307.136,,
41876,75.72,,
40598,612.48,,
41817,272.94,,
41897,62.13,,
41925,129.519,,
41654,260.28,,
41884,169.047,,
41953,96.53,,
41365,327.996,,
41061,100.44,,
40759,282.8,,
41169,128.34,,
41976,94.35,,
41603,309.042,,
41534,167.28,,
40897,88.86,,
41474,50.34,,
40820,224.37648,,
41606,634.23,,
41228,250.272,,
41712,140.736,,
41500,118.44,,
41569,318.18,,
40851,141.44,,
41984,284.19048,,
41731,359.64,,
41089,292.95,,
41060,121.8,,
41673,428.706,,
41181,168.81,,
41586,143.52,,
40989,295.456,,
41457,75.06,,
41100,298.8,,
41811,429.12,,
41191,285.20844,,
41893,96.6,,
41687,111.12,,
41516,253.8,,
41515,203.16,,
41523,86.058,,
41115,175.8,,
41355,135.48,,
41624,658.24,,
41526,256.74,,
41027,224.937,,
41416,174.12,,
41771,211.62,,
41871,153.24,,
41274,391.0164,,
41438,249.12,,
40820,292.68,,
41221,311.58,,
41664,185.46,,
41226,377.97,,
41351,84.784,,
41520,347.88,,
41156,274.8,,
41885,79.8,,
40767,327.402,,
41254,333.42,,
41822,299.85,,
41652,365.52,,
40807,61.44,,
40792,282.948,,
41128,227.8314,,
41978,239.96,,
40948,479.952,,
40718,391.86,,
41374,124.14,,
41677,82.08,,
40886,235.332,,
41221,344.034,,
41274,88.2,,
41905,219.84,,
40791,264.32,,
41366,90.558,,
41626,1105.76,,
41923,303.912,,
40788,80.1,,
41789,193.104,,
41584,89.97,,
40905,138.456,,
41456,255.45,,
41899,177.48,,
41956,236.7,,
41528,57.12,,
41701,199.08,,
41561,329.1,,
41796,475.794,,
41603,339.92,,
41818,49.47,,
41683,248.292,,
40574,333.9,,
41201,444.88,,
40716,353.76,,
41255,200.64,,
40655,401.646,,
40897,122.48,,
40830,79.45,,
41632,1499.97,,
41113,122.49,,
41338,319.984,,
41562,222.624,,
41075,134.64,,
41101,344.61,,
41984,220.2156,,
41332,106.02,,
41178,263.96,,
41989,89.73,,
41971,245.13,,
41695,198.024,,
41999,191.984,,
41492,172.224,,
41141,123.12,,
41702,227.8872,,
41086,202.0635,,
41782,396.9,,
40708,93.048,,
41492,221.85,,
41600,275.7,,
41477,102.675,,
41848,52.08,,
41835,76.05,,
41974,500.22,,
41725,257.568,,
41260,135.984,,
41345,172.62,,
41423,145.68,,
41010,392.4,,
41589,182.385,,
41311,313.5204,,
41173,103.68,,
40940,192.88,,
40880,74.64,,
41624,153.657,,
41956,562.68,,
41533,421.7,,
40934,141.12,,
41885,379.87872,,
41704,339.36,,
40689,254.934,,
41871,412.02,,
41914,110.3103,,
41954,95.994,,
41632,287.88,,
41780,245.13,,
41439,196.8,,
40575,139.65,,
40620,175.824,,
41451,293.7,,
41453,192.2382,,
41948,56.7,,
41963,233.058,,
41740,286.15,,
41615,271.96,,
41398,170.34,,
41148,192.618,,
41946,209.088,,
41934,291.456,,
40830,385.2,,
40850,244.2069,,
40982,263.73,,
40898,572.16,,
42004,245.16,,
41500,57.06,,
41764,183.96,,
41660,108.6,,
41956,151.01892,,
41881,142.68,,
41537,117.525,,
41040,289.8,,
41612,136.59,,
41933,99.3,,
40896,304.2,,
41795,356.508,,
40573,191.034,,
41981,201.312,,
41913,350.37784,,
41988,115.02,,
41130,94.5,,
41759,143.475,,
41727,193.32,,
41723,221.92,,
41311,132.224,,
40675,232.2,,
41981,244.728,,
40900,117.03,,
41082,224.82,,
40810,198.84,,
41593,80.46,,
41436,127.28,,
40911,116.22,,
41066,151.56,,
41915,157.74,,
41995,71,,
41676,164.2,,
40987,268.512,,
41958,133.02,,
40899,121.2,,
41933,284.364,,
41965,108.84,,
41897,162.84,,
40961,204.96,,
40974,141.912,,
41495,127.44,,
41866,119.052,,
41922,224.98,,
41751,115.02,,
41253,141.288,,
40920,161.109,,
41044,292.2,,
40897,331.8,,
41716,363.68,,
40654,89.24,,
41976,238.2,,
41929,110.16,,
40564,182.32,,
40840,144,,
41836,718.97916,,
41325,428.544,,
41873,135.84,,
41186,226.608,,
41134,218.16,,
41549,122.4,,
41893,336.24,,
40886,112.32,,
41977,1114.854,,
40870,250.4046,,
41608,93.7236,,
41950,148.98,,
41603,88.4,,
41877,151.98,,
41067,426.04,,
40964,131.52,,
41708,46.08,,
40891,955.8675,,
41620,204.984,,
40703,79.14,,
40582,64.96,,
40849,136.68,,
41418,193.68,,
41745,106.56,,
41815,58.98,,
41902,145.98,,
41466,256.77,,
40638,55.48,,
40716,170.058,,
41490,81.54,,
41538,58.644,,
41807,460.08,,
41171,279.86,,
41729,308.34,,
41792,163.92,,
41915,72.54,,
41984,241.056,,
41615,173.448,,
41122,208.332,,
40665,161.94,,
41889,321.03,,
41853,271.96,,
41215,80.55,,
41265,246.78,,
41981,214.8,,
41962,159.408,,
41582,222.44,,
41989,173.16,,
41155,145.8,,
40921,240.669,,
40800,449.15,,
41920,174.56,,
41453,194.4,,
41235,82.14,,
41846,165.42,,
40687,190.512,,
41207,253.176,,
41093,126.96,,
41475,165.24,,
41158,258.93,,
41197,623.43,,
40835,519.3,,
41723,271.764,,
41398,224.937,,
40827,242.8,,
41619,391.86,,
41800,138.45,,
41401,89.4906,,
41726,206.1,,
41871,321.3,,
42000,269.088,,
40882,125.856,,
41674,170.24,,
41432,153.42,,
40701,205.524,,
41975,330.12,,
41788,763.92,,
41141,726.39,,
41320,108.405,,
40903,185.472,,
40693,231.936,,
41942,279.72,,
41580,232.2,,
41865,243.8424,,
41157,130.44,,
41436,248.64,,
41800,336.393,,
40764,502.92,,
40565,202.2,,
41149,492.42,,
41857,239.28,,
41963,78.3,,
41968,220.56,,
40703,259.146,,
40900,279.576,,
41084,188.192,,
41661,259.248,,
41220,124.32,,
41664,771.39,,
41885,742.59,,
41228,70.95,,
40998,49.26,,
41928,201.14,,
41246,270.3,,
40766,303.66,,
41916,180.6,,
41936,169.068,,
41276,292.8,,
41032,49.568,,
41474,284.08,,
41912,126.9,,
41815,175.92,,
41101,102.088,,
41955,163.2,,
41836,207.33,,
41736,175.608,,
41523,175.68,,
41948,548.865,,
41477,338.04,,
41341,169.95,,
41436,329.4,,
40701,145.17,,
41627,95.04,,
41235,218.178,,
41642,216.72,,
40897,273.48,,
41521,389.16,,
41372,260.064,,
41274,124.29,,
41829,163.35,,
41882,86.76,,
40837,140.192,,
40753,164.46,,
41778,238.32,,
40842,90.18,,
41547,408.42,,
41041,37.752,,
41808,305.3625,,
41166,247.5,,
41260,262.86,,
40876,164.28,,
41767,383.22,,
41387,81.2,,
41971,136.5,,
41274,152.688,,
41677,274.68,,
40852,120.66,,
40905,73.52,,
41946,226.4,,
41981,193.872,,
41661,86.4,,
40828,62.64,,
41973,227.61,,
41068,283.14,,
41745,399.52,,
41703,145.95,,
40655,98.88,,
41617,229.2,,
41240,104.97,,
41361,292.176,,
41860,259.605,,
41620,373.194,,
41974,407.862,,
41877,192.16,,
40847,405.64,,
41913,164.88,,
41897,70.98,,
41982,243,,
41543,81.69,,
40778,199.344,,
41458,105.6,,
41647,98.8875,,
40820,95.648,,
41080,125.976,,
41055,107.1,,
40885,420.81732,,
41256,79.506,,
40760,135.99,,
41516,556.3,,
40712,234.2,,
41234,55.62,,
41281,328.698,,
41766,122.12,,
41221,145.356,,
41983,170.92,,
40771,268.32,,
41511,87.84,,
41458,211.293,,
41296,110.376,,
41205,445.6,,
41632,262.956,,
41941,131.4876,,
41764,99.954,,
41024,128.058,,
41743,58.83,,
41487,283.14,,
41488,45.75,,
41442,58.05,,
41428,258.72,,
41837,78.327,,
41577,104.112,,
41380,143.7,,
41934,329.988,,
41498,108,,
41625,173.17296,,
41432,211.89,,
40976,132.288,,
41423,193.158,,
41049,163.136,,
40908,195.64,,
41592,152.04,,
40599,97.74,,
40711,131.74,,
41890,73.152,,
41746,246.3,,
41379,286.008,,
41736,247.212,,
41537,108.3393,,
40835,321.552,,
41914,246.21,,
41983,301.77,,
40572,369.468,,
41267,116.544,,
40918,193.18,,
41996,192.78,,
41702,155.34,,
41512,388.62,,
41153,243.54,,
41859,138.693,,
41586,188.192,,
41047,296.55,,
41090,241.488,,
41318,724.8,,
41718,80.64,,
41596,177.69,,
41173,200.16,,
40711,210.24,,
41485,196.8,,
41358,51.63,,
41954,141.4,,
40736,191.31,,
41232,163.968,,
40912,183.6,,
41666,333.48,,
41222,254.94,,
40835,109.152,,
40595,183.951,,
41670,89.76,,
41311,170.1168,,
41705,161.352,,
41520,249.84,,
41559,129.12,,
41436,126.75,,
41740,138.51,,
40891,254.34,,
41738,262.872,,
41397,214.7,,
41263,298.62,,
41339,230.04,,
41578,164.32,,
42003,166.12,,
41814,127.1,,
41817,186.69,,
40602,119.5425,,
41873,97.68,,
41834,170.64,,
40555,290.1,,
41778,220.644,,
41602,70.448,,
41665,132.48,,
41338,289.32,,
41019,201.5775,,
41089,118.44,,
40759,247.44,,
41170,456.42948,,
41382,126.88,,
41348,145.544,,
40568,147.582,,
41856,314.22,,
41041,170.04,,
41503,111.72,,
41978,147.63,,
41872,129.1224,,
40791,264.9942,,
41089,146.88,,
41291,371.97,,
40936,75.96,,
41192,297.09,,
41919,110.12,,
40745,146.064,,
41759,148.014,,
41305,149.526,,
41878,184.0902,,
41501,145.728,,
41494,84.96,,
41948,201.96,,
41486,487.2285,,
41988,48.789,,
41551,90.96,,
41979,92.94,,
40731,172.186,,
41211,210.84,,
40675,174.66,,
41246,44.1,,
41552,321.636,,
41181,72,,
41458,195.184,,
41885,193.8,,
41977,138.48,,
41428,132.336,,
41931,174.42,,
41620,302.376,,
41388,124.32,,
40792,319.842,,
41918,136.404,,
41495,53.952,,
40586,332.94,,
41043,187.92,,
41291,95.712,,
40716,182.214,,
41774,120.288,,
40729,324.06,,
41260,56.448,,
41515,125.4045,,
41498,173.46,,
41321,211.68,,
41603,94.992,,
40778,223.056,,
41971,184.76,,
41509,83.4,,
41698,92.556,,
41449,269.22,,
41317,241.65,,
41994,279.9,,
41282,97.2,,
41478,235.32,,
41512,250.72,,
41580,158.58,,
41680,79.29,,
41506,245.052,,
41384,166.68,,
40890,72.09,,
41790,156.792,,
41765,228.36,,
41158,238.448,,
40635,153.52452,,
41516,373.896,,
41068,148.5,,
41120,238.464,,
41809,492.12,,
41369,52.92,,
41435,258.96,,
41577,513.45104,,
41554,688.73976,,
41156,228.6,,
41929,287.1,,
41608,254.16,,
40803,182.94,,
41554,98.04,,
41885,102.84,,
41596,165.9,,
41766,297.84,,
40648,261.24,,
41058,191.88,,
41461,416.64,,
41131,192.1284,,
40875,191.28,,
41437,123.543,,
41865,124.92,,
41969,338.7,,
41635,212.94,,
41346,676.55,,
41890,310.24,,
41919,333.66,,
41645,148.014,,
40913,373.248,,
40778,261.78,,
41999,178.884,,
41199,77.88,,
41673,210.58,,
41820,105.84,,
41979,134.16,,
41966,497.64,,
40652,132.03,,
40871,197.58,,
41540,85.92,,
41587,94.86,,
41590,357.102,,
41927,88.44,,
41680,160.992,,
40564,495.42,,
41421,101.4,,
41211,254.85,,
40871,120.712,,
41828,252,,
41566,307.92,,
41989,196.776,,
40977,197.94,,
41989,260.793,,
41410,96.78,,
41083,190.269,,
41893,172.08,,
41618,273.915,,
41645,418.7682,,
40903,191.88,,
40669,435.99,,
41710,279.72,,
41156,274.32,,
41149,136.701,,
40763,155.456,,
41369,272.28,,
41842,71.928,,
41894,228.24,,
41829,263.31,,
40857,318.2,,
41631,154.98,,
41205,148.32,,
40910,293.88,,
40904,52.98,,
40793,711.84,,
41081,212.22,,
40960,157.464,,
41500,73.44,,
41134,86.4,,
40997,160.416,,
41142,171.99,,
41146,70.308,,
40997,55.8,,
41885,207.36,,
41971,195.84,,
41079,138.105,,
40809,71.118,,
40792,193.41,,
41620,119.52,,
41878,154.413,,
41131,244.35,,
40561,108.24,,
41620,316,,
42003,209.7,,
40758,262.86,,
41705,110.48,,
41479,272.16,,
41379,89.127,,
41199,140.664,,
41536,244.74,,
40721,131.64,,
42000,177.3,,
41423,131.6,,
41414,284.37012,,
41892,55.296,,
41202,773.865,,
41079,153.09,,
41250,283.92,,
40644,217.44,,
41662,227.1,,
41493,162.54,,
41249,182.898,,
40900,339.6,,
41277,180.96,,
41220,287.91,,
40619,73.2,,
41940,60.24,,
41159,87.12,,
40894,799.83,,
41715,169.4445,,
41757,123.92,,
41716,189.44,,
41530,181.44,,
41865,124.7424,,
41708,125.685,,
41836,95.1,,
40800,198.432,,
41578,215.856,,
41606,128.88,,
41591,196.92,,
41999,1248.912,,
40669,47.6,,
41845,179.442,,
41507,227.853,,
41122,153.81,,
40723,110.5062,,
40694,635.6262,,
40931,159.894,,
41906,568.332,,
40885,257.094,,
41505,461.106,,
40891,142.803,,
41060,299.1,,
41534,196.98,,
41541,515.7,,
41171,124.32,,
41800,194.8,,
41081,678.592,,
41639,117.66,,
40718,204.63,,
41803,182.4048,,
41202,239.97,,
41738,168.12,,
41185,172.08,,
40904,251.0676,,
41702,90.981,,
41092,159.84,,
41604,211.2,,
41957,88.06,,
41162,69.84,,
40927,227.4315,,
41906,549.54,,
41891,116.832,,
41430,166.89,,
41985,237.072,,
41154,216.99,,
41304,315.36,,
41884,213.84,,
41556,138.4,,
41541,207.36,,
41615,157.86,,
41898,288.192,,
40792,254.88,,
41470,232.65,,
41676,243.992,,
40774,344.91,,
41530,95.16,,
41661,206.01,,
41530,119.88,,
41936,160.2,,
40935,248.82,,
41839,801.6,,
41080,550.144,,
41859,264.816,,
41410,111.96,,
41971,203.952,,
41274,209.508,,
41746,245.04,,
40603,493.2,,
41981,64.242,,
40831,336.96,,
40891,232.203,,
40794,96.66,,
40709,81.99,,
41885,166.83,,
41038,286.092,,
41271,241.2774,,
41387,185.376,,
41961,165.312,,
40893,181.536,,
41991,273.24,,
41531,379.47,,
41659,145.35,,
41117,254.934,,
41959,220.064,,
41101,321.87496,,
41626,246.12,,
41786,437.481,,
41982,281.34,,
41614,149.97,,
41194,71.76,,
41130,382.806,,
41802,241.8,,
41855,246.12,,
41880,102.9,,
40876,283.26,,
41561,169.5,,
41080,117.072,,
41087,206.976,,
41879,73.2,,
41434,264.303,,
41082,144.6,,
41471,177.48,,
41136,323.1,,
40904,230.28,,
41481,95.2,,
40952,99.792,,
41040,153.27,,
41263,118.8,,
40872,352.98,,
41859,244.55,,
40775,896.99,,
41439,124.26,,
41778,203.52,,
40812,422.352,,
41306,305.472,,
40764,207.84,,
40919,113.76,,
41356,49.104,,
40904,222.855,,
41898,206.9535,,
40865,145.98,,
41974,383.976,,
41781,121.5,,
41601,170.92,,
41537,267.392,,
41505,344.547,,
41728,130.56,,
41933,112.35,,
40651,287.968,,
41506,131.94,,
41995,258.75,,
40833,177.48,,
41454,275.88,,
41396,136.95,,
41834,116.235,,
40674,132.921,,
41149,246.21,,
40891,98.2,,
41025,193.158,,
40605,731.07,,
41055,197.76,,
41941,294.66,,
41514,164.88,,
41755,257.1,,
41933,295.05,,
41533,336,,
41642,251.01,,
41170,637.7,,
41523,107.94,,
41634,269.97,,
41430,524.28,,
41709,111.96,,
41792,322.2,,
41313,208.53,,
41995,317.88,,
42002,117.74,,
41548,89.04,,
41614,101.01,,
41080,125.944,,
40959,162.54,,
41844,103.86,,
41948,239.96,,
41144,151.632,,
41505,252.84,,
40786,93.18,,
41519,233.766,,
40682,457.11,,
41849,279.54,,
41597,191.85552,,
41246,96,,
41976,153.84,,
41912,200.44,,
41067,92.46,,
40757,87.156,,
41606,159.84,,
41684,222.36,,
40887,228.48,,
41537,84.132,,
41102,293.4,,
40695,109.104,,
41079,121.92,,
41802,98.808,,
41993,182.295,,
40983,166.92,,
41208,131.0058,,
41894,184.66,,
41312,176.22,,
40920,217.1,,
41497,355.5,,
41608,215.25,,
41531,612.825,,
41782,289.32,,
41250,121.44,,
41937,140.94,,
41965,132.972,,
40780,150.48,,
41144,251.91,,
41824,129.39,,
40975,69.28,,
41702,170.352,,
41242,196.92,,
41989,49.2,,
41955,124.14,,
41697,223.92,,
41423,182.72,,
41373,159.92,,
40866,281.97,,
41129,51.6,,
41060,390.72,,
41963,61.392,,
41114,166.536,,
41594,54.54,,
41912,72.784,,
41522,87.168,,
41923,239.358,,
41216,182.61,,
41927,237.504,,
41513,114.84,,
41718,64.08,,
41934,698.64,,
40984,172.89,,
41974,77.5,,
41752,146.22,,
40903,159,,
41878,58.32,,
41566,195.78,,
41373,554.16,,
41748,113.4,,
41246,198.504,,
41911,94.5,,
41932,259.4712,,
41535,215.01,,
40989,274.59,,
41606,309.987,,
40876,575.92,,
41857,133.2,,
41939,251.58,,
41961,238.08,,
41954,275.12,,
41220,292.64,,
41606,256.35,,
41926,145.584,,
41085,333.48,,
40583,367.56,,
41060,105.52,,
41955,101.76,,
41587,138.096,,
40880,179.48,,
40933,296.64,,
40697,160.866,,
41781,520.05,,
41956,113.568,,
41024,272.4,,
41613,891.12,,
41475,183.12,,
41835,166.1,,
41212,93.06,,
40701,120.87,,
41807,104.856,,
41199,298.68,,
41796,247.14,,
41285,188.16,,
41274,65.34,,
41307,8749.95,,
41431,53.4,,
41922,71.46,,
40751,267.3,,
40788,174.33,,
40897,231,,
41750,283.2,,
41397,156.624,,
41304,230.733,,
40817,231.97512,,
41221,51.21,,
41521,131.88,,
41444,381.78,,
41514,219.78,,
40799,199.98,,
41987,287.976,,
41982,276.858,,
41375,96.84,,
41418,148.344,,
41968,235.32,,
41447,188.472,,
41808,677.46,,
41998,293.64,,
41969,262.14,,
41947,252,,
41142,83.31,,
41675,101.76,,
41606,334.74,,
41647,202.6845,,
41291,322.59,,
41402,199.95,,
40646,194.016,,
41594,141.15,,
41729,227.28,,
41408,145.98,,
40686,208.16,,
41974,322.44,,
40935,172.8,,
41968,115.92,,
41648,174.06,,
41997,109.92,,
41985,345.303,,
41144,200.79,,
41481,133.596,,
41379,226.24,,
41274,65.88,,
41627,136.736,,
41737,233.86,,
40903,97.224,,
41880,67.815,,
41907,427.14,,
41183,311.98,,
41246,184.66,,
41879,166.92,,
41505,188.84,,
41982,99.48,,
41732,63.3297,,
40894,45.45,,
40679,288.54,,
40596,489.81,,
41415,146.76,,
40712,147.712,,
41523,89.52,,
41106,84.6,,
41785,298.68,,
41929,389.28,,
41939,71.91,,
41723,172.152,,
41620,83.42,,
40684,56.064,,
41422,50.4,,
41776,161.91,,
41677,311.688,,
41439,346.68,,
40870,117.96,,
41307,250.8,,
41838,220.08,,
40912,46.62,,
41510,266.49,,
41800,263.7,,
40803,250.8,,
41165,396.495,,
40744,535.41,,
41289,173.82,,
41464,124.26,,
41011,171.87,,
41766,89.46,,
41006,124.68,,
40684,476.3619,,
41964,269.46,,
41982,60.12,,
41919,344.91,,
41446,154.2,,
41754,204.15,,
40611,50.79,,
40926,89.472,,
41306,306.32,,
40772,102.312,,
40654,91.824,,
41901,50.97,,
41911,99.432,,
41172,47.01,,
41953,138.56,,
41362,168.78,,
41612,387.9825,,
40703,145.98,,
40570,187.98,,
41606,116.1,,
41446,162.84,,
41740,79.29,,
41562,90.7854,,
41957,171.51,,
41353,179.28,,
40886,98.568,,
41163,97.02,,
41691,167.751,,
41837,141.882,,
41159,508.4082,,
40696,138.672,,
41985,185.28,,
40677,333.66,,
41628,143.22,,
40997,136.584,,
41426,126.208,,
41579,96.64,,
41677,122.4,,
41180,43.56,,
41649,503.4,,
40842,301.5,,
41121,277.6,,
41808,90.855,,
41137,380.538,,
41888,89.568,,
41762,235.332,,
41900,50.4,,
40898,301.041,,
41121,235.6965,,
40570,366.87,,
41416,55.176,,
40793,104.85,,
41264,103.26,,
41822,162,,
40717,79.695,,
41395,173.124,,
41214,300.024,,
40759,101.64,,
41465,71.64,,
40960,49.12,,
41055,153.728,,
40786,195.5082,,
41501,313.488,,
40716,321.84,,
41120,279.72,,
41690,130.95,,
41905,364.9815,,
40792,160.704,,
41667,241.6008,,
41995,166.44,,
41617,100.14,,
40889,236.4,,
41795,91.04,,
40929,231,,
40814,176.88,,
41865,346.248,,
41586,197.72376,,
41091,712.2,,
41788,184.437,,
41043,145.5,,
40736,189.54,,
41764,304.32,,
41395,111.84,,
40990,144,,
41046,141.912,,
40917,234.864,,
40872,341.55552,,
41600,147.33,,
40997,287.94,,
40766,139.14,,
41426,119.568,,
40711,95.28,,
41717,260.28,,
41275,242.25,,
40905,61.02,,
41685,221.832,,
41191,414.72,,
41057,535.41,,
41228,137.79,,
40913,194.4,,
41795,244.98,,
41223,96.12,,
41836,496.044,,
41844,108.864,,
41739,251.64,,
41885,235.92,,
41906,169.68,,
41702,261.84,,
41710,393.96,,
40983,197.28,,
41509,89.01,,
41642,308.556,,
41453,90.828,,
41745,79.14,,
41379,204.18,,
41956,248.08284,,
41889,249.06,,
41082,272.28,,
41885,197.352,,
41957,131.904,,
41794,79.68,,
40813,122.04,,
41085,188.775,,
41410,224.748,,
41485,333.66,,
41982,128.9,,
41168,256.17,,
41995,202.92,,
41983,494.1,,
41201,217.4,,
41221,127.008,,
41176,106.95,,
41263,211.716,,
40634,83.691,,
41790,248.937,,
41624,106.8,,
40623,218.376,,
41588,479.97,,
41488,326.18632,,
40747,124.26,,
41163,338.94,,
40889,348.687,,
41137,382.41,,
41547,210.6,,
41782,142.9758,,
41670,207,,
41150,61.392,,
41966,565.8,,
41247,88.074,,
41369,83.64,,
41908,244.14,,
41570,166.12,,
41627,283.32,,
41180,267.57,,
41416,111.96,,
40787,137.94,,
41178,268.848,,
40755,72.2178,,
41187,291.168,,
41913,159.98,,
41430,166.68,,
41374,108.56,,
41155,300.09996,,
41467,133.2,,
41857,107.595,,
40945,56.943,,
40632,205.666,,
41855,169.5,,
40620,177.876,,
41914,310.14,,
41979,61.44,,
40996,166.24,,
41501,279.96,,
41174,138.6,,
41633,104.166,,
41157,221.346,,
41510,100.92,,
40892,162.18,,
41128,102.84,,
41872,92.592,,
41999,119.763,,
41340,206.658,,
41823,163.96,,
41758,109.52,,
41866,309.555,,
41537,109.8,,
41981,162.4476,,
41684,551.4,,
41438,47.04,,
41465,408.006,,
41906,291.96,,
41513,209.97,,
41534,219.78,,
40926,165.24,,
40904,110.856,,
41782,124.32,,
41096,353.22,,
41975,235.0755,,
41584,158.6025,,
41864,219.9,,
41811,83.82,,
41234,498.24,,
40666,98.88,,
41639,181.62,,
41051,169.128,,
41015,143.0754,,
41559,368.532,,
41752,230.016,,
40837,142.848,,
41544,341.52,,
40816,169.236,,
41648,63.99,,
41065,339.48,,
41947,228.78,,
40931,86.4174,,
40717,222.56,,
41709,383.04,,
41146,105.088,,
40673,220.0905,,
41123,91.92,,
41129,132.336,,
41894,87.96,,
41227,151.56,,
40870,147,,
40815,117.36,,
40813,104.712,,
41163,169.68,,
41044,338.1,,
41303,181.35,,
41563,150.84,,
41442,346.92,,
41024,102.576,,
41884,203.98,,
41614,59.58,,
40645,221.76,,
41621,197.856,,
41808,123.93,,
41992,76.368,,
41715,118.88,,
40793,457.7,,
41180,67.92,,
41958,158.22,,
41598,177.768,,
41093,168.464,,
40897,413.1,,
41514,195.72,,
41246,84,,
40688,255.744,,
41869,325.68,,
40746,170.352,,
41492,267.072,,
41853,61.92,,
41296,243.78,,
40795,285.66,,
41561,251.64,,
41967,118.584,,
41890,113.52,,
41801,56.76,,
41443,111.96,,
41802,68.448,,
41598,88.74,,
40666,423.24,,
41089,119.85,,
41832,132.6,,
41873,129.92,,
41899,227.96,,
41269,150.255,,
41796,181.0977,,
40709,231.48,,
41991,161.22,,
41306,156.18456,,
40798,246.9,,
41464,78.84,,
41410,380.64,,
41794,136.5,,
41999,342.624,,
41277,165.6,,
41674,190.344,,
41863,125.5,,
41815,99,,
41443,262.602,,
41596,166.0815,,
40898,80.46,,
40708,205.74,,
41917,55.032,,
40849,199.584,,
41139,388.773,,
40906,182.08,,
40647,396.9,,
41472,92.5,,
41715,165.96,,
41941,136.1781,,
41719,265.93,,
40893,395,,
41304,48.58,,
41807,255.78,,
41058,328.14,,
40701,144.06,,
41864,189,,
41759,132.912,,
40905,692.03316,,
41487,264.384,,
41830,58.464,,
41613,207.36,,
41416,239.04,,
41218,119.94,,
41524,58.44,,
41961,53.7,,
41144,131.76,,
41607,205.8,,
41920,49.44,,
41547,131.84,,
41317,407.04,,
41207,390.72,,
41900,231.12,,
41466,184.68,,
40721,306.2,,
41032,62.496,,
40873,247.02,,
41900,171.84,,
40887,350.07,,
40889,254.9745,,
41631,299.16,,
40569,124.29,,
41967,47.61,,
41264,103.88,,
40780,378.6,,
40595,179.46,,
41248,221.4,,
40683,139.86,,
41873,203.52,,
41801,229.392,,
41879,259.248,,
41792,99.66,,
41744,200.16,,
41438,89.1918,,
40721,133.5,,
40641,172.11,,
41815,105.84,,
41426,285.36,,
41418,205.1,,
40921,96.012,,
41579,75.195,,
41852,168.21,,
41229,216.96,,
40969,189.63,,
41729,155.925,,
41746,222.66,,
40759,242.55,,
41879,841.568,,
41372,125.22,,
41341,210.12,,
41010,52.74,,
40808,205.6,,
41625,87.16,,
41453,145.68,,
40766,64.08,,
41540,106.8,,
40552,176.6808,,
41701,196.776,,
41421,211.168,,
41435,103.26,,
41834,86.94,,
40563,195.648,,
41515,153.81,,
41975,79.12,,
41868,142.8,,
41297,135.297,,
41933,264.384,,
40718,268.596,,
40977,190.92,,
40742,304.74,,
41886,88.74,,
41784,88.3722,,
42002,114.156,,
41990,189.95,,
41757,224.82,,
41941,53.82,,
41004,379.809,,
41788,137.34,,
41638,73.536,,
41986,241.488,,
41677,46.53,,
41292,199.26,,
41536,350.98,,
40677,85.71,,
41431,136.68,,
41771,168.18,,
41649,193.68,,
41757,109.92,,
41986,206.4,,
41258,84.3,,
40842,306.774,,
41026,133.02,,
41460,375.76,,
41710,96.42,,
41108,159.6,,
40829,429.32,,
41935,281.52,,
41260,69.066,,
41750,332.704,,
41379,244.98,,
40843,415.62,,
41905,121.5,,
41411,81.48,,
41515,275.616,,
41421,181.26,,
41276,111.84,,
41863,88.53,,
41653,214.92,,
40967,482.328,,
41166,163.5,,
41600,404.94,,
41167,47.1,,
41083,89.46,,
41092,268.65,,
41081,610.35,,
41450,146.34,,
41011,391.22748,,
41499,244.98,,
41821,148.17,,
41061,339.48,,
41961,226.56,,
41163,109.2,,
41717,163.32,,
41620,64.96,,
41433,345.384,,
41578,246.48,,
41857,359.64,,
41526,72.09,,
41740,195.104,,
41876,114.84,,
41558,101.94,,
41867,175.44,,
41324,118.65,,
41452,78.312,,
41811,239.97,,
41165,44.67,,
40906,40.98,,
41603,231.97512,,
41934,246.6,,
40900,95.55,,
40660,333.84,,
40568,177.66,,
40939,212.49,,
40693,203.58,,
41708,218.76,,
41825,401.94,,
41756,121.52,,
41351,208.44,,
41626,57.6,,
40858,89.04,,
41618,121.584,,
41541,263.67,,
40815,438.27,,
41316,145.26,,
41063,133.29,,
41906,306.24,,
40567,219.96,,
41989,147.888,,
41818,248.5,,
40732,249,,
40892,166.5,,
41324,242.94,,
41240,85.5,,
41435,279.72,,
41494,369.72,,
41934,165.8,,
41998,204.876,,
41226,332.748,,
41409,256.392,,
41813,92.934,,
42003,232.4133,,
40840,142.884,,
41988,365.52,,
41425,194.292,,
41169,47.1,,
41451,101.6,,
41766,41.64,,
40946,232.44,,
41631,37.98,,
41877,103.425,,
40872,209.1,,
41902,191.976,,
41604,194.352,,
41240,153.192,,
41892,130.104,,
40933,91.44,,
41660,556.632,,
41233,139.86,,
40926,284.55,,
41263,357.36,,
41508,293.16,,
41439,347.58,,
41638,66.9,,
41951,84.375,,
40788,57.75,,
41839,198.744,,
41026,559.68,,
41166,181.8,,
41816,158.76,,
41738,42.66,,
41971,169.6188,,
40848,255.45,,
41381,57.87,,
41614,199.68,,
41451,180.6,,
41565,257.688,,
41750,155.763,,
40627,61.38,,
41041,201.584,,
41634,175.26,,
41892,205.8,,
40832,153.36,,
41852,72,,
41557,713.79,,
41344,106.56,,
41516,286.47,,
41002,213.552,,
41484,217.6,,
41715,190.98,,
41155,100.49,,
41777,124.836,,
41953,244.8,,
41131,170.46,,
41631,451.8,,
41389,167.37,,
40897,251.79,,
40654,123.36,,
41950,396.9,,
41663,231.984,,
41330,97.578,,
41615,165.24,,
41613,113.79,,
41220,185.28,,
41869,206.685,,
41303,103.68,,
41211,91.53,,
41591,107.184,,
41953,215.424,,
41945,290.85,,
41603,143.127,,
41400,86.94,,
41612,213.228,,
41614,171.55,,
41475,245.94,,
41498,186.96,,
41925,65.3013,,
41830,150.894,,
40723,166.6557,,
41179,146.82,,
41808,326.18632,,
40749,8187.65,,
41947,167.34,,
40984,171.96,,
40809,139.44,,
41640,106.92,,
41155,166.12,,
41271,168.21,,
41001,50.4,,
41521,344.94,,
41141,96.96,,
40666,88.86,,
40999,274.8,,
41520,222.64,,
41740,244.48,,
41145,150.6,,
41505,248.85,,
40931,409.95,,
40660,218.16,,
41414,110.916,,
41221,218.52,,
41760,170.73,,
41090,284.634,,
40892,141.48,,
40700,225.396,,
41928,270.96,,
41339,82.16,,
41905,245.94,,
41239,241.5,,
41424,84.51,,
41940,142.56,,
41509,256.932,,
41999,270.62,,
40978,89.82,,
41199,284.16,,
41866,186,,
41849,240.57,,
40791,68.94,,
41648,336.528,,
41585,253.53,,
41298,227.82,,
40715,132.256,,
41514,562.68,,
41732,69.04,,
41670,64.08,,
41688,155.7528,,
41632,203.184,,
41698,170.28,,
41332,232.62,,
41918,348.66,,
41902,471.92,,
41705,57.39,,
41655,197.1,,
41205,195.1884,,
41918,75.792,,
41228,321.858,,
41424,206.64,,
41382,123.552,,
41200,204.54,,
41908,188.84,,
41475,222.52,,
41956,97.89,,
41660,161.94,,
40990,108.864,,
41137,264.276,,
41789,465.16,,
41145,99,,
41778,183.735,,
41474,338.04,,
41043,211.69576,,
40890,190.54,,
41967,79.76,,
41025,173.94,,
41269,94.815,,
41150,257.25,,
41071,245.673,,
41165,108.24,,
42004,171.99,,
41767,156.06,,
41193,97.44,,
41258,180.096,,
41579,456.654,,
41711,62.4,,
41589,129.92,,
40850,945.036,,
40770,195.136,,
41796,264.6,,
40954,129.76,,
41904,124.32,,
41876,78.9828,,
41495,102.54,,
40886,271.3554,,
40753,106.56,,
41241,97.86,,
41977,163.56,,
41233,389.52,,
41491,84.66,,
41943,78,,
41036,173.68,,
41319,237.75,,
41767,191.34,,
41814,146.52,,
40788,239.976,,
41568,146.16,,
41313,178.32,,
40628,92.43,,
41572,317.952,,
41030,172.704,,
41698,217.98,,
41617,81.84,,
41736,346.74,,
40802,654.102,,
41640,203.31,,
41040,191.968,,
41138,178.32,,
41130,133.14,,
41970,79.9,,
40787,348.36,,
41653,80.1,,
41873,298.7325,,
40776,204.21,,
40700,58.23,,
41867,48.42,,
41005,227.4,,
41865,163.98,,
41467,223.12,,
41914,341.72,,
41498,202.8,,
41259,236.1,,
41724,368.97,,
40570,76.26,,
40801,121.32,,
41073,165.38856,,
41036,38.736,,
41810,82.89,,
41800,155.52,,
41585,80.82,,
41149,52.704,,
41703,103.5,,
40683,66.96,,
40585,444.96,,
40756,279.21,,
40865,116.937,,
40695,140.4,,
40856,137.2986,,
40812,310.12,,
41206,268.32,,
40576,86.265,,
41068,104.4,,
40908,245.673,,
40873,119.718,,
41589,215.55,,
40764,219.168,,
40843,266.61,,
41985,149.6,,
41397,259.74,,
41236,383.616,,
40980,239.76,,
41117,167.751,,
41549,126.51,,
41957,204.63,,
40913,147.15,,
40813,201.816,,
41062,129.438,,
40961,132.87,,
41743,169.2,,
41015,165.8,,
40913,308.22,,
41258,149.58,,
41275,416.664,,
40799,116.1,,
41271,347.88,,
40794,275.928,,
41526,57.584,,
41899,71.976,,
41826,332.028,,
40807,170.88,,
41690,213.12,,
41513,166.71,,
41024,520.5,,
41180,97.86,,
41969,223.68,,
41599,314.55,,
41353,173.796,,
41729,382.32,,
41442,59.25,,
41597,493.68,,
41467,191.61,,
41163,87.8316,,
41041,248.58,,
41207,291.1,,
41944,182.88,,
40770,245.13,,
41030,99.54,,
40879,119.96,,
41626,124.53,,
41808,345.597,,
41947,124.86,,
41632,247.212,,
41981,99.48,,
40603,106.8,,
41457,134.514,,
41882,50.94,,
41273,271.44,,
41585,161,,
41520,286.9204,,
40906,273.12,,
41620,155.34,,
41764,151.83,,
41968,229.544,,
41918,221.382,,
41747,295.92,,
41474,127.467,,
41163,161.64,,
41862,231.39,,
40788,86.4,,
41233,100.1925,,
41114,120.825,,
40931,146.88,,
41253,118.8,,
41830,274.8,,
41334,84.978,,
41766,295.65,,
41955,224.82,,
41607,100.02,,
40896,183.6,,
41387,483.462,,
41829,370.251,,
41961,50.94,,
41075,255.84,,
41442,100.26,,
40897,190.8,,
41845,184.14,,
41717,116.3,,
41670,59.4,,
41694,123.24,,
41428,89.88,,
41450,263.92,,
40723,333.48,,
42003,217.2,,
41580,125.46,,
40995,127.44,,
41782,169.092,,
40778,143.64,,
41808,267.96,,
41914,56.88,,
40987,132.72,,
41362,412.2,,
41211,200.64,,
40589,136.935,,
41870,85.5,,
41587,141.9,,
41480,323.595,,
41206,257.25,,
41453,31.68,,
41155,152.28,,
41759,119.55,,
41520,231.6,,
41421,463.077,,
40976,69.0945,,
41440,188.7,,
41446,327.96,,
41872,248.52,,
41296,137.16,,
41148,56.3,,
40547,185.76,,
41291,88.56,,
40808,160.65,,
41508,115.2,,
40721,122.22,,
41865,84.9,,
41253,178.02,,
41871,387.99,,
41842,271.0155,,
40798,357.93,,
41292,100.68,,
41271,291.56,,
41424,369.84,,
41406,163.656,,
41491,129,,
40875,328.266,,
41518,143.16,,
41970,145.5,,
41223,1171.97136,,
41962,242.512,,
40681,155.8,,
41131,213.57,,
41524,178.605,,
41895,63.84,,
41093,294.93,,
41179,99.2,,
40801,110.9776,,
41248,355.32,,
41164,230.13,,
41249,206.112,,
41599,289.568,,
41197,247.98,,
41398,186.9,,
41176,166.74,,
41718,159.3,,
41957,60.864,,
40715,206.991,,
41215,117.488,,
41897,74.352,,
41841,63.48,,
41278,97.632,,
41229,214.11,,
41997,182.94,,
41726,211.68,,
41208,107.46,,
41131,159.066,,
40809,56.736,,
40954,117,,
41640,152.19,,
41502,92.304,,
40602,114.81,,
41080,156.492,,
41870,218.025,,
41768,72.72,,
40977,139.34676,,
41125,226.8,,
41608,303.3,,
41957,154.26,,
40980,219.96,,
41831,298.464,,
41768,150.6,,
41631,95.94,,
41818,191.646,,
41425,111.98,,
41690,141.63,,
41409,146.475,,
41820,286.32,,
40588,253.95,,
41145,255.564,,
41877,117.6,,
41449,197.92,,
41872,80.1,,
41885,274.5,,
40808,239.28,,
41778,298.56,,
41370,241.488,,
41493,53.01,,
41569,98.88,,
41136,264.672,,
41974,126.96,,
41813,84.84,,
41817,146.6,,
41655,285.20844,,
41955,360,,
41256,124.56,,
41120,116.64,,
41432,62.12,,
41748,170.73,,
41071,325.8,,
41565,187.83,,
41141,172.53,,
41940,191.205,,
41654,118.8,,
40885,132.88,,
41920,315.36,,
41418,152.28,,
41151,973.12,,
41017,106.5,,
40907,47.984,,
40966,105.98,,
40854,134.61,,
41589,678.72,,
41683,211.65,,
41402,143.97,,
41951,206.26,,
41955,297.84,,
41954,242.04,,
41253,191.96,,
41233,89.696,,
41781,148.68,,
41975,444.88,,
41992,171.828,,
40851,237.75,,
41012,205.6491,,
40603,266.25,,
41801,112.49576,,
41661,377.6,,
40653,186.36,,
41921,176.4,,
41947,201.816,,
41754,113.568,,
40658,50.784,,
40610,143.52,,
41401,112.563,,
41597,103.968,,
41534,273.666,,
41263,476.208,,
41463,286.8,,
41218,176.144,,
41393,119.5,,
41779,71.94,,
41997,119.64,,
41145,94.5,,
40987,134.298,,
41880,146.34,,
40759,164.07,,
41181,113.2452,,
41281,302.616,,
40900,243.18,,
41849,295.8,,
41911,182.07,,
41921,81.69,,
41110,258.9,,
41478,83.7,,
40920,166.56,,
41974,237.72,,
41886,90.801,,
41842,225.296,,
41461,89.73,,
41591,262.14,,
41332,138,,
40826,290.7,,
40889,210.392,,
41857,125.88,,
41940,71.96,,
41235,59.94,,
41853,163.32,,
40926,94.08,,
41712,62.34,,
40711,132.87,,
41584,63.84,,
40864,135.96,,
41815,286.008,,
41939,137.8962,,
41123,110.98,,
41766,68.541,,
41142,258.75,,
40735,211.65,,
40978,54.544,,
40917,169.956,,
41626,208.95,,
40778,253.692,,
41194,135.72,,
41475,185.58,,
40721,67.36,,
41696,297.96,,
41264,248.85,,
41501,311.07,,
41645,286.92,,
41773,142.074,,
41530,329.4,,
41515,97.02,,
41946,59.92,,
41009,223.2,,
41663,43.344,,
41226,250.68,,
40887,338.352,,
40928,212.22,,
41274,242.046,,
41961,196.65,,
40661,298.62,,
41180,307.98,,
41220,136.14,,
41291,98.88,,
40623,56.28,,
41412,77.28,,
41206,163.92,,
41615,145.071,,
41335,329.103,,
41015,252.6,,
41087,139.5,,
40898,145.89,,
41141,96.84,,
41969,120.6,,
41626,54.552,,
41543,153,,
41918,162.18,,
41677,111.06,,
41720,168.8625,,
41185,129.06,,
40885,132.15,,
41235,206.962,,
40827,201.432,,
41941,180.12,,
41804,248.82,,
41254,258.90312,,
41537,72.9,,
41286,333.36,,
40892,107.325,,
41421,63.992,,
41469,190.32,,
41737,126.45,,
41197,253.8,,
41319,264.18,,
41717,195.72,,
41827,170.04,,
41338,210.64,,
40725,61.84,,
40738,424.2,,
41654,312.21,,
41053,127.71,,
41541,458.298,,
40953,323.982,,
40990,150.408,,
41796,191.28,,
40553,53.16,,
41611,272.52,,
41814,164.724,,
41771,224.289,,
41311,62.64,,
40595,163.62,,
41467,240.3306,,
41660,207.846,,
40861,43.8,,
41321,318.08,,
40988,164.48,,
41338,128.484,,
41737,150.66,,
41836,63.24,,
40858,173.5,,
40716,112.32,,
40609,107.94,,
40767,100.56,,
41391,101.46,,
41270,442.8,,
41428,123.12,,
41661,180,,
40858,112.648,,
41970,436.4,,
41585,175.24,,
41181,181.26,,
41568,164.88,,
41080,106.32,,
40893,167.16,,
41971,107.424,,
41949,109.38,,
41492,254.16,,
41992,268.32,,
41336,205.9038,,
41950,59.94,,
41655,62.592,,
41578,191.8,,
41587,180.12,,
40776,56.58,,
40854,107.55,,
40770,191.73,,
41688,101.97,,
40988,326.97,,
40881,129.98,,
41862,97.32,,
41199,498.528,,
40877,205.578,,
40784,163.98,,
40618,158.76,,
41397,187.056,,
41363,54.66,,
41890,249.57,,
40896,119.08,,
41972,128.25,,
40803,117,,
41277,333.84,,
40907,46.44,,
40672,158.8845,,
40960,124.14,,
41807,134.496,,
41538,146.22,,
41622,196.032,,
41904,109.64,,
41627,370.4,,
41815,70.2,,
41005,212.445,,
40851,573.728,,
40927,199.304,,
41061,218.844,,
41870,86.592,,
41907,311.62,,
41436,104.1,,
41803,130.944,,
41449,245.7,,
40869,95.718,,
41998,90.48,,
41373,54.696,,
41513,232.62,,
40633,124.44,,
41562,210,,
41846,67.86,,
41089,269.98,,
41890,411.75,,
41305,165.96,,
41963,170.9,,
41834,220.59,,
41781,155.85,,
41468,173.34,,
41356,104.6925,,
41096,155.82,,
41579,368.97,,
41502,165.6,,
40973,74.49,,
41801,86.688,,
41887,53.4,,
41940,80.04,,
41906,280.665,,
41611,113.916,,
41869,162.864,,
40784,97.776,,
41514,122.97,,
40870,70.2,,
41858,287.78328,,
41655,784.74,,
41528,113.64,,
41709,222.36,,
41639,118.71,,
41285,167.832,,
41863,178.119,,
40603,351.75,,
41924,257.256,,
41930,194.34,,
41958,119.94,,
41591,64.08,,
41689,95.04,,
41443,87.504,,
41702,146.988,,
40927,239.733,,
41811,126.6912,,
41886,117.288,,
41053,228.75,,
41920,307.666,,
40809,192.36,,
41469,201.36,,
41709,137.16,,
41801,132.52,,
40666,107.04,,
40623,56.46,,
41219,64.44,,
41436,111.12,,
41956,74.88,,
41786,117.234,,
40771,180.12,,
41741,176.22,,
41795,60.6,,
41725,173.6,,
40668,297.84,,
41955,126.27,,
41520,113.1975,,
40850,286.344,,
41915,726.78,,
40848,128.43,,
41472,127.08,,
40720,54.96,,
40708,219.6,,
41864,203.52,,
41703,57.645,,
41908,488.646,,
40928,115.74,,
41997,171.36,,
41523,103.302,,
40574,373.896,,
41626,181.92,,
41839,599.97,,
41863,71.076,,
41621,68.076,,
41218,159.12,,
41448,896.025,,
40632,248.274,,
41526,103.56,,
41759,398.16,,
41978,380.916,,
40711,126.64,,
41044,114.3,,
41101,76.08,,
40910,85.52,,
40793,161.96,,
40796,81.92,,
41505,94.068,,
41809,774.18,,
41040,343.656,,
41023,108.24,,
40658,52.2,,
40759,109.6845,,
41621,144.096,,
41156,194.76,,
41689,568.32,,
41466,99.54,,
42004,260.82,,
41120,156.744,,
41267,258.39,,
41900,272.4,,
41508,136.584,,
40711,83.56,,
41282,105.48,,
41570,164.52,,
41942,233.7,,
41919,100.62,,
40816,89.358,,
41795,109.6305,,
41971,158.28,,
40608,127.2,,
41152,53.64,,
40554,187.5735,,
41642,372.144,,
41302,197.1,,
42002,40.416,,
41158,127.47,,
41569,103.56,,
41880,197.28,,
41908,85.644,,
41877,258.426,,
41235,149.931,,
41922,314.352,,
41749,148.5,,
41492,90.24,,
40668,311.04,,
41512,207.45,,
41863,99.036,,
41543,318.276,,
41828,87.21,,
41862,177.2,,
40711,50.4,,
41537,147.9,,
40896,270.96,,
41942,164.46,,
41667,91.84,,
41080,163.56,,
41681,124.68,,
41820,100.08,,
41502,122.58,,
41982,62.4,,
41842,160.704,,
41940,53.7,,
40812,236.88,,
41812,100.5039,,
41887,47.82,,
41905,90.3,,
41687,90.48,,
41004,116.85,,
40789,437.67,,
41134,64.68,,
41593,129.56,,
41866,55.26,,
41429,235.2,,
41024,97.2,,
41144,248.292,,
40905,63.96,,
41080,153.864,,
41627,104.02,,
41099,76.16,,
41447,382.806,,
41165,446.4,,
40983,218.025,,
40886,142.35,,
40862,164.88,,
41873,191.28,,
41634,343.85,,
41256,44.7,,
41914,147.94,,
41387,227.745,,
41401,128.628,,
41060,401.436,,
41943,280.7361,,
41152,389.691,,
40798,166.84,,
41174,61.44,,
41266,97.68,,
41802,49.62,,
41814,95.013,,
41484,189.96,,
41372,146.79,,
41908,73.95,,
40767,41.958,,
40823,220.2,,
41389,258.696,,
40847,80.3,,
41244,146.73,,
40897,192.186,,
41054,207.984,,
41369,42.24,,
40835,183,,
40787,185.568,,
41323,87.04,,
41366,107.4,,
41615,249.584,,
41700,196.98,,
41156,218.4,,
41145,138.51,,
40841,77.025,,
41180,182.214,,
41775,47.844,,
41409,134.55,,
41781,149.04,,
41837,71.372,,
41460,71.976,,
41521,303.96,,
40798,316.2,,
41821,156.249,,
41785,109.74,,
40674,302.454,,
41956,310.0797,,
41092,189.72,,
40766,68.28,,
41269,98.388,,
41438,180.792,,
41892,258.48,,
41906,211.04,,
41137,140.67,,
41723,52.104,,
40889,168.81,,
41220,157.68,,
41308,338.31,,
41918,91.5,,
41389,149.4,,
41769,201.7647,,
41500,118.0629,,
41750,51.354,,
41597,70.44,,
41149,107.28,,
40866,206.43,,
41237,204.6,,
41585,219.84,,
40554,141.57,,
41619,378.45,,
40808,385.02,,
41534,114.66,,
41593,87.84,,
40596,333,,
41887,149.22,,
42000,341.94,,
41124,437.94,,
41968,112.509,,
41939,61.02,,
41494,135.84,,
41684,163.908,,
41502,256.72552,,
40878,111.888,,
41162,180.12,,
40780,330.399,,
41779,195.64,,
40981,140.6,,
41957,288.3556,,
41963,59.24,,
41256,134.48,,
41107,195.466,,
41675,41.904,,
41950,226.56,,
41950,184.8,,
40945,246.3,,
41911,99.0522,,
41261,150.012,,
41417,257.98,,
41239,599.99,,
40873,93.15,,
41722,78.288,,
40870,270.144,,
41542,157.12,,
41963,165.8,,
41903,212.8,,
41398,132.52,,
41537,146.22,,
41430,166.89,,
40864,301.77,,
40858,50.76,,
41513,190.88,,
41964,58.3,,
41965,164,,
41976,99.696,,
41915,246.3,,
41821,771.336,,
41051,242.109,,
40612,83.168,,
41543,220.08,,
41850,231.92,,
41263,180.64,,
42003,216,,
41922,125.865,,
40953,123.7032,,
41429,146.04,,
41540,113.4,,
41897,551.76,,
41278,137.016,,
41809,284.37012,,
41526,69.04,,
41127,220.8045,,
40875,243.54,,
41229,79.59,,
41012,416.058,,
40941,773.28,,
41312,159.12,,
41628,55.32,,
41141,102.9,,
40819,290.142,,
41115,188.895,,
41325,153.6,,
41089,194.0625,,
41817,239.97,,
41891,61.68,,
41886,101.58,,
41715,246.48,,
41955,174.465,,
40785,103.2,,
41432,43.5,,
40761,199.98,,
41430,145.8,,
41866,112.92,,
41953,266.688,,
40897,130.458,,
41101,98.352,,
41561,99.87,,
41064,198,,
41689,192.84,,
41423,102.84,,
41265,160.956,,
41153,135.45,,
40756,99.252,,
40904,262.95,,
41905,257.04,,
41790,121.419,,
41831,128.7,,
40697,66.36,,
40948,757.755,,
40989,231.255,,
40750,162.89,,
41134,113.04,,
40585,137.88,,
40889,223.12,,
41937,285.7,,
41886,46.92,,
41753,230.256,,
41925,130.44,,
41157,293.199,,
40882,172.736,,
41108,103.572,,
41178,154.48,,
41963,63.792,,
41226,98.04,,
41836,171.42,,
41901,143.7,,
41992,119.98,,
41260,168.6,,
41309,154.143,,
41542,207.12,,
41193,319.83,,
41423,71.208,,
41193,422.9775,,
41440,329.28,,
41984,52.83,,
41121,239.7,,
41447,186.144,,
41080,101.4,,
41167,98.96,,
41976,393.84,,
41853,600.3,,
41052,121.792,,
41686,144.42,,
41551,122.37,,
41507,176.88,,
40884,271.92,,
41282,88.032,,
41772,145.557,,
41311,109.98,,
41982,182.24,,
41411,113.16,,
41991,199.12,,
41110,127.116,,
41817,318.96,,
41703,61.47,,
41977,252.585,,
41499,209.175,,
41418,134.595,,
41947,105.552,,
40784,174.0585,,
41421,484.704,,
40990,241.68,,
41708,446.658,,
41494,168.96,,
41226,115.296,,
41905,198.72,,
41465,116.31,,
41544,137.856,,
40985,103.68,,
41947,62.7,,
41496,209.736,,
40897,229.176,,
41069,113.1,,
41863,114.192,,
41990,719.88,,
41774,204.408,,
41667,107.28,,
40877,96.768,,
41967,82.296,,
41789,337.104,,
41422,228.6,,
41134,81.162,,
40848,98.592,,
41401,248.64,,
41558,120.784,,
41207,278.304,,
41429,224.4,,
41822,144.342,,
40722,272.79,,
41837,242.352,,
41241,135.744,,
41493,44.08,,
41603,145.8,,
41608,359.1,,
41853,215.64,,
41401,83.43,,
40720,433.92,,
41233,198.45,,
41660,198.42,,
40683,129.68,,
41771,187.54416,,
41508,196.1,,
41450,47.92,,
41808,268.164,,
41799,73.53,,
41729,98.88,,
41788,219.33,,
40901,292.272,,
41895,45.36,,
40771,148.224,,
41191,131.64,,
40980,157.23,,
41982,138.3,,
41942,115.68,,
41979,83.92,,
40978,138.429,,
40798,111,,
41151,256.8,,
41423,185.88,,
41339,394.56,,
41438,97.656,,
41395,97.02,,
40751,347,,
41078,142.464,,
41178,291.42,,
41563,264.9,,
41086,158.848,,
41976,370.737,,
41311,543.3507,,
41790,212.355,,
41260,141.9,,
41781,166.92,,
41975,114.96,,
41992,43.56,,
41301,278.88,,
41999,142.848,,
41454,325.8,,
41891,157.95,,
40755,160.2,,
41619,80.58,,
40849,154.26,,
40905,136.65,,
42002,131.274,,
40625,193.32,,
41374,130.815,,
41864,60.48,,
40689,290.666,,
41020,469.95,,
41792,82.5,,
41535,165.24,,
41905,58.02,,
41254,173.2,,
41764,85.44,,
41886,53.136,,
40854,74.352,,
41960,139.92,,
41842,231.72,,
41505,207.81,,
41442,239.28,,
40548,89.55,,
41848,158.1,,
41045,295.95,,
41932,123.256,,
41513,159.984,,
41990,158.9,,
40987,217.32,,
41219,193.245,,
40852,149.9,,
41943,164.7,,
41939,170.92,,
41876,133.2,,
41676,78.3,,
41793,341.46,,
41411,71.361,,
40774,51.96,,
41234,124.056,,
40787,87.9,,
41015,118.782,,
41263,255.968,,
41684,90.64,,
41972,229.2,,
40795,197.92,,
40652,194.8,,
41293,240.16,,
41635,738.63,,
41998,67.284,,
41971,166.16,,
41365,509.88,,
40815,230.48,,
40562,47.52,,
41244,203.22,,
41606,62.4,,
40588,77.1,,
41872,117.6,,
41247,207.35004,,
41222,134.72,,
41690,85.32,,
40878,181.3266,,
41458,283.2,,
40589,209.16,,
41432,163.38,,
41929,195.72,,
41803,65.22,,
41633,198.96,,
41475,207.12,,
40794,82.56,,
40758,58.104,,
41212,342.54,,
41793,49.95,,
40793,191.1,,
41750,151.2,,
41918,124.32,,
41706,61.12,,
41747,128.385,,
41975,170.91,,
40983,206.685,,
41446,75.9,,
41902,104.004,,
41466,241.056,,
41412,173.24,,
41151,239.04,,
41220,100.26,,
40757,101.52,,
41562,139.152,,
41436,276.15,,
41273,113.7,,
41767,148.56,,
41187,245.862,,
41625,146.7,,
41216,89.97,,
41723,40.608,,
40695,50.8,,
40960,209.76,,
40794,177.98,,
41572,359.98,,
41121,199.08,,
41148,156.64,,
41558,189.72,,
40659,175.68,,
41847,50.7,,
40919,123.48,,
40673,256.784,,
41983,195.12,,
40813,136.38,,
40648,64.5,,
40567,133.11,,
41300,268.32,,
41626,183.8,,
41396,312.6555,,
41831,73.71,,
41775,305.532,,
41310,80.98,,
41249,70.686,,
41156,134.376,,
41165,123.57,,
41351,225,,
41995,111.72,,
41227,189.58008,,
41577,124.32,,
41881,123.84,,
41789,210.36,,
40893,275.4198,,
42002,245.16,,
41461,226.92,,
40995,304.248,,
41606,133.2,,
41096,226.32,,
41864,103.224,,
41811,142.89,,
41375,96.6,,
41558,113.169,,
41011,647.595,,
41438,165.375,,
41871,110.7702,,
40753,183.2475,,
41988,110.7,,
41850,137.62,,
41982,178.11,,
41534,110.3103,,
41860,137.136,,
40759,158.9,,
41718,362.4,,
41836,109.8,,
41855,124.86,,
41961,148.59,,
41899,87.06,,
41949,110.96,,
41891,99.672,,
41951,140.232,,
41570,177.888,,
40558,248.94,,
41887,48.06,,
41262,85.14,,
41251,145.89,,
41131,127.47,,
41284,263.31,,
41590,170.96,,
40801,121.28,,
41283,137.88,,
41792,181.008,,
41194,243.33,,
40688,204.63,,
41891,244.48,,
41977,40.8,,
40696,345.24,,
41731,252.3,,
41986,125.4,,
41274,123.24,,
41409,111.888,,
41669,169.92,,
41855,88.02,,
40858,274.24,,
40943,381.76,,
41694,224.01,,
41783,193.32,,
41647,306.225,,
40828,73.782,,
41535,197.36448,,
41799,96,,
41857,161.59616,,
40813,149.49,,
41144,101.76,,
41857,79.78,,
41627,141.33,,
41785,192.0288,,
40760,340.144,,
40997,212.64,,
41826,79.96,,
41940,107.4,,
41859,258.75,,
41233,345.28,,
40924,107.4,,
41908,80.475,,
41607,106.65,,
41926,475.86,,
41738,170.208,,
41486,125.1,,
41816,217.4,,
41517,72.0606,,
40603,238.929,,
41536,134.0955,,
41229,239.976,,
41411,282.84,,
41033,60.96,,
41239,111.12,,
40648,57.36,,
40813,999.09,,
41888,111.51,,
41764,300.904,,
41493,197.76,,
41558,170.487,,
40703,271.88,,
40898,258.56184,,
41523,103.6,,
41822,304.384,,
41050,46.65,,
41271,121.59,,
41787,194.67,,
41019,180.96,,
40660,281.34,,
41261,171.288,,
41024,299.16,,
41366,2636.85,,
41142,178.68,,
41109,102.48,,
41242,95.256,,
40905,99.136,,
41995,375.34,,
41821,204.95,,
41992,144.66,,
41212,148.392,,
41136,239.4,,
40578,148.878,,
41177,223.38,,
41584,104.9,,
41075,79.5,,
41817,189.58008,,
41433,208.6,,
41576,83.88,,
41908,151.52,,
41740,68.6,,
41082,167.34,,
40802,99.5004,,
40844,141.4,,
41586,276.784,,
41859,247.71,,
40949,116.28,,
40766,120.84,,
41474,253.64768,,
41757,412.896,,
41948,265.26,,
40828,90.72,,
41869,186.93,,
41576,165.048,,
40936,266.22,,
41257,101.76,,
41437,72.252,,
41221,345.303,,
41939,141.48,,
40773,139.8,,
40681,126.948,,
41800,108.925,,
40942,28.4,,
41529,364.74,,
41347,78.288,,
40657,165.816,,
40996,192.807,,
41813,151.5,,
41804,131.76,,
41467,88.56,,
41167,291.36,,
41936,151.38,,
41284,204.768,,
41220,177.648,,
41614,194.34,,
41325,89.25,,
40753,62.805,,
41281,174.06,,
41481,255.76,,
41243,177.48,,
41715,140.67,,
41374,175.44,,
41848,47.58,,
40687,200.76,,
41628,228.744,,
40644,293.58,,
41334,120.96,,
41327,427.59,,
41387,231.525,,
41407,146.94,,
40819,143.432,,
41075,82.368,,
41092,74.24,,
41633,96.84,,
41450,161.28,,
41223,186.06,,
41695,237.6,,
41811,91.53,,
41060,80.88,,
41197,131.376,,
41654,234,,
41493,229.02204,,
41261,165,,
41934,199.9,,
41025,52.86,,
41633,246.402,,
41780,57.984,,
41246,59.28,,
41274,169.74,,
41907,566.4,,
41960,338.88,,
41429,71.84,,
41802,207.9,,
41989,139.0914,,
41718,134.64,,
41435,153.82952,,
41596,224.91,,
41963,291.654,,
41551,165.6516,,
41592,140.75,,
41081,107.976,,
41137,301.47,,
41443,98.04,,
41216,195.93,,
41801,127.968,,
41759,128.32284,,
41137,110.08,,
41985,130.26,,
41921,144.9678,,
41753,122.71,,
41036,244.006,,
41469,248.22,,
41017,171.09,,
41970,119.28,,
40782,267.36,,
41422,193.68,,
41709,207.36,,
41018,125.64,,
41061,206.4,,
41463,253.372,,
41850,60.12,,
41576,110.721,,
41954,209.76,,
41600,123.52,,
41879,150,,
41738,44.388,,
41165,170.072,,
41961,98.64,,
41184,120.08,,
41086,124.59,,
41268,220.44,,
41513,138.69,,
41662,93.87,,
41529,136.2,,
41170,102.5868,,
41805,185.58,,
41152,182.736,,
41999,273.06,,
41869,186.48,,
40882,107.1,,
40836,328.59,,
41858,160.2,,
41201,147.712,,
41176,195.6,,
40582,159.75,,
41208,327.24,,
41390,66.45,,
41785,207.33,,
41253,242.838,,
40929,88.44,,
41457,56.268,,
41870,227.04,,
41276,76.11,,
41165,191.205,,
41814,302.22,,
41401,127,,
41975,195.52816,,
41673,78.304,,
41225,523.92,,
40770,91.36,,
41158,58.83,,
41809,158.912,,
41847,129.132,,
41466,216,,
41785,66.528,,
41520,208.08,,
40864,241.44,,
41288,62.61,,
41885,387.09,,
41564,168.464,,
41991,185.13,,
41480,285.804,,
41785,287.136,,
41610,182.268,,
41248,168.3,,
41996,273.18,,
41636,74.64,,
41953,272.2,,
41977,143.475,,
41814,91.26,,
41650,117.5625,,
41086,181.989,,
40782,213.48,,
40897,190.848,,
41635,165.312,,
41438,35.7,,
41060,195,,
41290,88.965,,
41461,308.52,,
40753,70.44,,
40760,112.16,,
41254,173.376,,
41076,108.24,,
42002,196.884,,
40974,271.215,,
41011,96.9,,
41739,166.83,,
41327,352.86,,
40903,191.85,,
41698,204.66,,
41885,126.9,,
41555,191.96,,
41617,104.58,,
41992,315.252,,
41990,98.7471,,
41542,304.9,,
40702,98.28,,
40925,243.81,,
41873,83.97,,
41978,157.77,,
41403,85.9548,,
41758,433.3098,,
41975,470.376,,
41839,161.568,,
41268,160.98,,
41269,56.73,,
41191,182.61,,
41589,165.68,,
41703,238.272,,
41214,164.7,,
40815,204.6,,
40970,207.36,,
41510,192.87,,
40957,140.94,,
41061,176.268,,
41433,80.32,,
41698,95.904,,
41273,261.954,,
41891,80.28,,
41943,378.92064,,
41717,178.32,,
41590,195.84,,
41317,246.105,,
41554,166.176,,
41967,1401.84,,
42001,164.388,,
40866,166.44,,
41018,123.9,,
41723,207.846,,
41389,634.96752,,
41618,225.8025,,
40553,205.965,,
40896,152.76,,
40910,71.52,,
40770,158.912,,
41619,93.66,,
41344,55.908,,
41873,177.952,,
40970,151.5,,
40700,321.84,,
40696,275.502,,
41261,137.58,,
41554,67.96,,
41915,115.74,,
41614,245.04,,
41540,202.38,,
41698,287.24436,,
41905,204.96,,
40583,91.125,,
41527,314.1135,,
41873,175.4703,,
40775,139.68,,
41335,108.486,,
41880,484.596,,
40880,144.342,,
40901,100.008,,
41085,141.63,,
40708,136.74,,
41921,58.83,,
41823,146.72,,
41562,189.46032,,
41497,109.8,,
41339,220.185,,
41508,91.96,,
41602,192.128,,
41790,215.872,,
40851,45.12,,
41449,53.76,,
40872,250.614,,
41234,141.96,,
41149,307.666,,
41055,104.93,,
40710,738.288,,
40913,230.5,,
41542,192,,
40830,50.7,,
41967,138.672,,
41920,281.151,,
41983,128.43,,
40716,161.94,,
40807,136.152,,
41859,374.4,,
41878,198.64,,
41562,253.2924,,
41094,97.2,,
40603,109.1853,,
41284,92.82,,
41453,47.43,,
41397,274.62,,
41887,216.72,,
41628,63.68,,
41027,160.692,,
41649,90.9,,
40991,156.87,,
41206,101.1,,
41478,86.2,,
41488,153.6,,
40865,116.52,,
41738,243.33,,
40802,169.74,,
41971,102.09,,
41990,97.184,,
40868,74.052,,
41965,97.74,,
41808,192.528,,
40636,163.32,,
41717,403.785,,
41157,299.16,,
41978,182.37,,
40799,149.184,,
41453,90.63,,
41136,149.31,,
41654,203.52,,
41484,238.6503,,
40669,387.36,,
41142,59.94,,
41610,172.5,,
41249,198.272,,
41221,67.15,,
41426,180.12,,
41442,218.64,,
41536,221.76,,
41961,225.828,,
40556,198.42,,
41184,88.2,,
41450,88.965,,
40886,195.534,,
40564,247.716,,
40611,50.46,,
41988,174.06,,
41075,259.56,,
41516,134.7,,
41852,148.512,,
40759,101.96,,
41256,114.78,,
41248,147.45,,
41361,173.88,,
41289,180.96,,
41768,111.84,,
41961,224.82,,
42003,154.953,,
41934,262.11,,
41397,44.94,,
41647,318.03,,
41226,165.312,,
41061,173.94,,
41271,142.68,,
41615,109.12,,
40826,70.08,,
41864,86.4,,
41575,231.12,,
41454,215.46,,
41971,87.9504,,
41288,113.832,,
41604,384.5738,,
40563,56.064,,
41113,93.18,,
41367,78.57,,
41410,164.7135,,
40903,156.654,,
40687,116.28,,
41688,89.0664,,
41669,94.85,,
41648,432.16,,
41037,186.3,,
41235,114.84,,
41916,135.72,,
41820,312.552,,
41072,155.916,,
41111,106.56,,
41908,169.3,,
41494,46.152,,
41346,217.12,,
40955,170.55,,
40799,340.116,,
41865,272.048,,
41015,276.224,,
41185,77,,
41069,161.16,,
41682,220.482,,
41214,186.705,,
40921,84.45,,
41697,95.16,,
40809,409.26,,
41562,97.26,,
41764,70.65,,
41317,189.72,,
41200,90.9,,
41442,203.76,,
41876,99.09,,
41829,198.46,,
41473,242.94,,
40819,55.984,,
41163,265.86,,
41228,492.96,,
41830,144.42,,
41778,226.6,,
41197,209.01296,,
41887,57.12,,
41074,113.4,,
41267,161.04,,
41152,176.148,,
41246,186.84,,
41258,111.88,,
41445,101.85,,
41638,69.3,,
41562,100.65,,
41194,163.68,,
40637,99.98,,
40750,111.93,,
40770,187.56,,
41709,152.1,,
41043,200.984,,
41306,63.04,,
41535,93.84,,
41631,149.1,,
40952,105.18,,
40829,35.34,,
41319,70.56,,
41704,77.56,,
40744,123.21,,
41487,175.77,,
41827,449.3475,,
40718,154.278,,
40905,109.89,,
41276,173.94,,
41454,149.1,,
41442,53.472,,
41511,158.94,,
41927,60.9,,
41243,207.144,,
41750,54.54,,
40750,135.54,,
41943,93.3,,
41814,252.585,,
41877,104.22,,
41530,146.952,,
41607,385.86,,
41593,88.02,,
41162,106.2,,
41146,266.814,,
41132,59.88,,
41263,159.984,,
41654,81.27,,
40779,158.22,,
41437,170.92,,
41282,193.68,,
40707,111.84,,
41821,153.36,,
41813,190.08,,
41085,169.28,,
41584,174.312,,
41855,194.4,,
41877,126.18,,
41232,100.5,,
40701,232.875,,
41715,155.8989,,
41149,39.852,,
40668,139.032,,
41885,78.4188,,
41137,171.51,,
41999,269.28,,
41492,169.5,,
41291,44.28,,
41529,73.2,,
41279,265.5,,
40695,289.2,,
40890,182.07,,
41957,360.96,,
41974,303.66,,
40944,55.86,,
40681,172.044,,
41176,145.86,,
41316,169.74,,
40872,143.64,,
41439,234,,
40724,75.87,,
41730,64.12,,
41802,176.22,,
40600,144.096,,
41627,184.68,,
40855,167.832,,
41443,109.9485,,
41795,83.592,,
40808,397.74,,
41474,99.7326,,
41586,108.48,,
41435,1124.1,,
41231,118.8,,
41729,43.2,,
40802,168.93,,
41788,106.869,,
41514,76.32,,
41507,76.32,,
41856,62.46,,
40766,109.8,,
41036,57.96,,
41527,219.75,,
40925,171.045,,
41813,61.47,,
42003,129.033,,
41240,329.94,,
41890,111.738,,
41613,212.88,,
41586,314.088,,
41177,93.48,,
41428,132.48,,
41274,92.6,,
41677,204.57,,
41572,103.32,,
41800,213.975,,
41578,286.32,,
40995,119.799,,
41797,109.8054,,
41961,145.216,,
41176,130.44,,
41569,180.285,,
41143,582.912,,
41512,45.6,,
40599,231.97512,,
41522,187.38,,
40854,1234.56,,
40726,171.288,,
41373,388.704,,
41447,146.79,,
41453,49.728,,
40865,298.68,,
41808,245.04,,
41484,270.288,,
41516,145.76,,
41537,147.28,,
40758,65.37,,
41929,56.64,,
41605,265.26,,
40745,148.8,,
41795,362.733,,
40961,174.66,,
41940,184.92,,
40716,247.02,,
41026,153.40752,,
40876,101.808,,
41606,81.6,,
41470,231.39,,
41500,82.6182,,
41998,230.1033,,
41941,59.004,,
41277,114.46,,
41465,104.274,,
41901,107.82,,
41934,86.19,,
41709,126.72,,
41717,263.676,,
41905,125.79,,
40603,151.362,,
40915,111.96,,
42003,288.54,,
41611,63.315,,
41340,145.98,,
41086,105.84,,
41739,139.032,,
41547,129.12712,,
41269,96.02756,,
40701,126.819,,
41995,163.4436,,
41230,720.3348,,
40861,348.93,,
41483,94.71,,
41822,260.64,,
40661,177.568,,
41893,149.46,,
40930,108.51,,
41592,255.96,,
40697,54.12,,
41979,133.35,,
41717,62.34,,
41051,103.437,,
40788,352.59,,
41974,68.472,,
41523,94.8,,
41390,271.488,,
41965,285.89184,,
41817,184.86,,
40711,105.525,,
41547,204.975,,
40822,424.71,,
41029,213.115,,
41259,122.4,,
40639,122.76,,
41853,53.784,,
41563,121.6,,
41471,230.28,,
41467,278.88,,
41494,118.56,,
40899,61.44,,
40812,163.15304,,
41757,215.46,,
41459,94.4,,
41338,130.24,,
41925,340.41,,
41277,372.897,,
41179,89.37,,
41670,120.784,,
41983,189,,
41519,86.76,,
41780,92.544,,
41799,268.2,,
41454,414.72,,
41803,88.92,,
41989,122.031,,
41220,219.51,,
41848,93.51,,
40694,253.4862,,
40697,125.22,,
41988,41.28,,
41971,151.92,,
41019,121.263,,
41963,74.7747,,
40651,149.352,,
41688,438.336,,
41764,65.88,,
41437,109.2,,
40724,230.22,,
41439,185.28,,
41061,376.86,,
41248,263.7,,
41403,45.3678,,
40632,218.4,,
41083,175.17,,
41712,33,,
41087,120.48,,
41341,98.85,,
40987,139.14,,
40730,174.6,,
41892,145.86,,
41542,176.256,,
41169,659.9,,
41662,79.74,,
41465,180.12,,
40978,81.816,,
41130,232.389,,
41772,127.92,,
41099,181.96,,
40651,56.61,,
40723,95.85,,
40925,248.82,,
41934,134.61,,
41950,117.6,,
41177,102.582,,
40842,137.772,,
41607,122.25,,
41488,103.8,,
41611,203.14,,
41102,264.816,,
41846,167.496,,
41175,414,,
41881,105.24,,
41967,176.4,,
40879,145.98,,
41720,346.32,,
40892,198.045,,
41206,418.2,,
41606,167.292,,
40920,107.118,,
41864,249.18,,
41704,231.12,,
41649,148.23,,
41864,233.28,,
40703,214.83,,
41221,159.354,,
41498,401.76,,
40830,164.4975,,
40970,101.88,,
41450,75.12,,
41932,209.763,,
41788,158.1,,
41627,113.82,,
41446,46.76,,
41680,252.784,,
41830,257.98,,
41260,92.96,,
41631,128.43,,
41427,74.79,,
41887,97.32,,
41429,158.58,,
40833,236.952,,
41869,158.58,,
41950,169.296,,
41750,147.663,,
40897,78.32,,
41902,47.96,,
41612,291.96,,
41394,224.55,,
41023,102.7776,,
41814,164.754,,
41915,217.764,,
40815,77.52,,
40855,112.2,,
40817,103.56,,
41799,58.68,,
41219,130.34,,
41377,245.7,,
41492,204.15,,
41833,187.572,,
41498,137.07,,
41977,432.6615,,
41487,509.22,,
41017,97.968,,
41933,77.46,,
41763,80.55,,
40712,85.428,,
41627,49.32,,
41091,229.86,,
41719,190.89,,
41709,90.3,,
41844,159.75,,
41886,44.037,,
41859,65.24,,
41576,85.32,,
41484,199.26,,
41250,236.1,,
41712,68.6,,
41475,140.24,,
41607,191.49,,
41464,68.3,,
41961,218.16,,
41792,155.7744,,
40829,72.504,,
40767,158.928,,
41904,115.5,,
41569,212.4,,
40868,105.324,,
41048,114.057,,
41424,129.033,,
41746,206.76,,
41800,159.354,,
41709,139.59,,
41243,152.991,,
41141,144.54,,
41766,180.6,,
40673,43.83,,
41789,184.167,,
41163,181.35,,
41506,276.784,,
41983,146.45,,
40704,92.502,,
41668,73.926,,
41775,142.89,,
40795,137.136,,
41246,57.45,,
41424,124.44,,
40883,112.98,,
41180,97.3674,,
41597,233.568,,
41681,102.72,,
41425,200.544,,
41928,218.736,,
41715,250.44,,
41257,198,,
40788,147.96,,
40808,186.8895,,
41858,196.92,,
41390,277.14,,
40603,91.872,,
41506,234.3,,
41963,272.28,,
41229,105.72,,
42002,172.788,,
41894,55.92,,
40856,174.24,,
41920,154.764,,
41513,249.95,,
41556,48.87,,
40782,280.26,,
40718,173.46,,
41146,218.4,,
41612,261.09,,
41136,262.14,,
41922,449.9154,,
41478,143.82,,
41380,46.98,,
41453,60.03,,
40750,134.01,,
41830,119.04,,
40763,265.74,,
40716,152.19,,
42000,200.16,,
42002,112.158,,
41867,113.4,,
41869,98.16,,
41881,148.02,,
41400,177.48,,
41202,74.76,,
41501,220.08,,
40669,166.83,,
41543,78.78,,
41429,217.2,,
41552,286.9204,,
40731,194.01512,,
41850,355,,
41452,157.584,,
40869,131.85,,
41958,127.008,,
41625,41.85,,
41082,195.93,,
41974,305.91,,
41369,49.77,,
40695,102.54,,
41711,126,,
40890,121.5,,
41071,356.562,,
40991,55.92,,
41886,245.43,,
41370,100.008,,
40630,204.96,,
41176,136.782,,
41936,71.28,,
41021,205.44,,
40701,164.808,,
42003,67.74,,
41284,134.9829,,
40900,207.24,,
41879,120.576,,
41156,108.24,,
41486,258.33,,
41418,127.50556,,
40773,346.3656,,
41785,50.4,,
41534,121.78,,
41871,73.02,,
41080,298.62,,
41695,94.35,,
41585,180.72,,
41438,145.0674,,
40751,65.96,,
41702,272.88,,
41886,199.71,,
42002,161.0034,,
41781,184.536,,
41397,185.1645,,
41892,141.372,,
41716,197.94,,
40718,132.26,,
41834,106.4,,
41383,178.08,,
41998,42.48,,
41908,152.712,,
40715,104.01,,
40896,78.372,,
41747,114.372,,
41955,146.52,,
41989,196.884,,
41778,114.95,,
41984,87.92,,
41170,74.784,,
41901,137.34,,
41652,47.64,,
41696,189.69,,
41577,90.336,,
41929,203.20272,,
41424,80.52,,
41985,102.546,,
41213,87.42,,
41725,136.08,,
41936,201.648,,
41845,166,,
41545,107.4,,
41909,44.7,,
41633,119.88,,
40896,101.754,,
41809,136.728,,
41265,214.8,,
41900,147.663,,
40569,79.38,,
41320,89.46,,
40550,755.96,,
41164,113.76,,
41507,308.16,,
40959,218.76,,
41997,220.2,,
41436,144.42,,
41533,272.84,,
41596,79.68,,
41653,130.95,,
41968,167.96,,
41841,183.92,,
41806,188.4,,
40598,308.7,,
41038,54.6,,
41863,217.89,,
41989,157.86,,
41033,221.16,,
41870,200.064,,
40712,139.8,,
41057,109.44,,
41433,219.84,,
41876,258.96,,
41443,304.2,,
41445,108.48,,
41438,139,,
41173,122.76,,
41044,509.868,,
41668,212.16,,
41484,268.1535,,
40776,210.24,,
41709,192.807,,
40800,39.096,,
41317,209.37,,
41409,53.01,,
40875,85.96,,
41652,63.9,,
41229,74.48,,
41719,199.44,,
41400,116.52,,
41863,277.56,,
41881,47.36,,
41734,119.02,,
40980,400.032,,
41362,267.36,,
41556,171.828,,
41778,297.36,,
41170,160.72,,
41218,207,,
41289,103.56,,
41782,81.672,,
41934,185.28,,
41679,127.89,,
41626,297.3,,
41180,57.6,,
40980,500.1666,,
41438,365.22,,
40673,134.73,,
41347,160.32,,
41922,45.888,,
41083,217.584,,
41726,110.96,,
40858,102.13,,
41883,134.91,,
41880,255.78,,
41103,98.64,,
41745,301.77,,
41159,184.47,,
41988,155.34,,
41135,78.57,,
41880,73.44,,
41153,187.83,,
41820,143.4,,
41908,99.3012,,
41078,146.4,,
41915,80.64,,
41432,272.3,,
40765,140.94,,
41771,168.3,,
41789,204.39,,
41502,52.65,,
40766,156.87,,
41641,310.744,,
41715,44.376,,
41793,139.08,,
41792,48.93,,
41116,225.28,,
41122,118.71,,
41159,97.32,,
41711,52.86,,
41020,209.88,,
42004,173.76,,
41458,41.742,,
41507,207.24,,
41417,59.12,,
40900,127.296,,
41209,173.34,,
41660,138.6,,
41842,189.42,,
41149,1227.717,,
41753,54.9,,
41548,46.224,,
41242,82.16,,
41185,140.448,,
41549,94.22,,
41676,146.1,,
41750,143.856,,
41865,256.74,,
41514,100.65,,
41884,116.397,,
40690,205.038,,
41137,267.3,,
41523,347.802,,
40550,44.7,,
41696,146.6,,
41141,123.48,,
41383,246.3,,
40732,250.02,,
41437,131.76,,
41703,148.878,,
41123,193.05,,
41962,199.584,,
41518,74.85,,
41218,106.128,,
42001,116.04,,
41379,216.72,,
41590,100.8,,
41172,135.0573,,
41155,1195.56,,
41474,279,,
42002,98.04,,
40844,217.89,,
41179,164.7,,
41955,153.657,,
41243,95.22,,
41403,108.42,,
41907,199.8,,
41895,175.92,,
41778,83.6,,
41368,39.78,,
40851,135.882,,
41996,84.99,,
40803,137.24,,
41852,155.88,,
41569,113.22,,
41954,241.424,,
41461,58.176,,
40980,35.088,,
41639,157.464,,
40996,85.482,,
41810,122.328,,
41052,63.12,,
41632,166.74,,
41087,152.22,,
40868,231.417,,
40904,273.87,,
41593,169.38,,
41788,149.58,,
41037,123.96,,
41849,155.052,,
41719,188.88,,
41238,149.31,,
41942,42.66,,
40642,71.04,,
41136,117.558,,
40723,78.75,,
41097,144.54,,
41177,128.744,,
41584,204.15,,
41449,70.56,,
41886,149.184,,
41217,198.2,,
41169,228.33,,
40583,256.74,,
41432,213.0942,,
41427,121.248,,
41165,199.96,,
41450,146.22,,
40900,105.84,,
41801,200.88,,
40875,135.54,,
41950,277.65,,
40730,34.02,,
41963,101.64,,
40886,178.875,,
40850,172.368,,
40870,58.83,,
41519,115.0131,,
40932,253.02,,
41943,86.895,,
41375,252.06,,
41736,122.97,,
40808,104.94,,
41870,194.4,,
41046,143.22,,
41053,46.32,,
41162,159,,
41534,157.95,,
41193,58.8,,
40548,272.736,,
41213,96.9,,
40836,234.6,,
41828,242.56,,
40878,173.61,,
40974,47.61,,
41855,139.68,,
41617,249.584,,
41104,54.69,,
40630,100.5,,
41873,154.35,,
42004,293.6208,,
41227,139.35,,
41096,124.95,,
41633,100.68,,
41549,204.21,,
41438,44.4087,,
41197,339.96,,
41899,47.984,,
41747,274.89,,
41864,299.99,,
41464,263.92,,
41906,145.17,,
40738,350.88,,
41963,47.04,,
41914,135.72,,
40659,90.024,,
41876,219.78,,
41949,128.124,,
41226,106.92,,
41893,248.64,,
41813,113.64,,
41422,84.6,,
40906,87.96,,
41521,137.136,,
41220,125.7,,
41492,171,,
41719,100.92,,
41808,118.0629,,
40843,224.24,,
41675,1715.91,,
41792,158.376,,
41543,201.96,,
41271,102,,
41900,266.736,,
41955,119.9,,
41304,122.16,,
41201,95.13,,
41255,45.96,,
40813,81.27,,
41815,182.994,,
40890,93.18,,
40933,215.19,,
40758,298.8,,
41602,139.86,,
41951,359.97,,
41450,107.76,,
41914,97.02,,
40809,49.86,,
41786,83.754,,
41258,78.372,,
41037,86.4,,
41042,222.384,,
41374,113.88,,
41698,163.5,,
42002,198.09,,
41544,140.22,,
40781,130.977,,
40983,102.18,,
40576,104.8764,,
41197,195.78,,
41006,192.78,,
40899,309.042,,
41374,743.04,,
41934,154.2,,
41919,227.84,,
41251,97.86,,
41876,149.436,,
41803,169.74,,
40689,185.4,,
41926,99.54,,
41918,172.86,,
40794,83.88,,
40850,89.97,,
40861,48.84,,
41622,333.48,,
41610,220.56,,
41373,123.34,,
40708,60.156,,
41910,73.08,,
41733,96.6,,
41992,119.833,,
40584,115.2,,
41040,185.376,,
42003,173.52,,
41521,114.34,,
41960,289.17,,
41570,251.73,,
41274,76.3,,
41304,113.52,,
41752,55.584,,
41825,585.456,,
41503,96.9,,
41519,83.754,,
41713,245.484,,
41279,84.159,,
41184,102.87,,
41255,36.3474,,
40959,186.948,,
41400,246.168,,
40589,239.97,,
40731,38.52,,
41197,252.16,,
41538,48.72,,
41808,138.768,,
41248,295.424,,
41627,83.07,,
40898,43.65,,
40774,147.45,,
40855,53.76,,
41987,201.04,,
41657,265.65,,
41801,122.25,,
41646,170.34,,
41079,198.45,,
41535,437.85,,
41618,273.92,,
41716,178.776,,
41576,96.9,,
41686,216.72,,
40935,161.19,,
40990,42.84,,
41141,39.36,,
41725,94.98,,
41983,88.26,,
41870,75.24,,
41205,245.268,,
41992,211.65,,
41816,120.933,,
41535,191.82,,
41626,38.4,,
41915,157,,
41891,42.96,,
40674,49.02,,
41286,73.44,,
41871,130.221,,
41791,148.68,,
41163,78.8,,
41775,102.8,,
41165,82.28,,
41102,172.62,,
41801,129.843,,
40952,73.2336,,
41199,333.84,,
41402,255.744,,
41907,184.59,,
41135,182.7,,
41194,51.84,,
40732,63.882,,
41127,86.97,,
40637,92.88,,
41661,145.53,,
41694,162.54,,
41751,86.562,,
41204,281.82,,
41674,232.848,,
41059,128.85,,
41617,138.6,,
41949,206.664,,
40887,51.84,,
41593,95.76,,
41438,91.44,,
40655,159.6,,
40709,183.924,,
40863,79.968,,
41258,246.168,,
41449,76.74,,
41576,175.46836,,
41523,129.06,,
41614,139.77,,
40791,195.786,,
41810,103.12,,
41432,179.94,,
41067,40.2,,
41146,127.2,,
41968,66.4976,,
41136,77.4,,
41830,100.26,,
41555,163.5,,
41814,41.2596,,
41561,116.04,,
41629,138.4,,
41163,153.36,,
41507,95.64,,
41871,102.72,,
41961,166.89,,
41999,80.736,,
40805,417.59536,,
40640,235.344,,
40588,76.92,,
41789,290.7,,
41445,176.256,,
41933,43.936,,
41156,101.52,,
41509,93.6,,
41543,168,,
41771,107.4,,
41432,44.94,,
41200,87.84,,
41661,63.2025,,
41990,56.52,,
41912,243.92,,
41897,35.24,,
41167,94.08,,
41529,269.19,,
40935,140.49,,
41669,73.89,,
41894,79.96,,
40676,114.81,,
41864,244.74,,
41498,285.376,,
40826,781.7208,,
41934,227.328,,
40992,166.8,,
41981,80.9205,,
41563,232.96,,
41484,109.92,,
41898,99.3,,
40907,122.94,,
40901,62.61,,
41173,139.77,,
41278,59.84,,
40933,362.46,,
40896,99.48,,
41604,221.13,,
41013,71.04,,
41159,171.9744,,
40735,197.97,,
41373,95.984,,
41934,161.568,,
41808,146.352,,
41407,262.89,,
41612,152.32,,
41538,40.464,,
41142,136.68,,
41540,131.88,,
41812,221.535,,
41598,133.3341,,
41149,185.265,,
40935,327.3,,
41009,194.64,,
41186,77.472,,
41191,174.27076,,
40667,111.6,,
41732,112.92,,
41698,171.45,,
41114,155.88,,
41755,137.4,,
41859,188.532,,
41995,70.32,,
40792,2472.66,,
41985,143.046,,
41134,294.0795,,
40813,223.104,,
41206,140.2,,
41634,172,,
41261,66.6,,
41316,780.75,,
41617,352.38,,
40879,146.82,,
41155,84.66,,
41365,93.42,,
41879,78.12,,
41038,106.542,,
41401,284.97,,
41995,58.98,,
41507,145.26,,
41522,129.92,,
41734,383.84,,
40714,115.5,,
41148,169.8,,
41079,79.08,,
41526,131.1,,
41990,101.9445,,
40569,342.51,,
41304,204.552,,
41860,145.05,,
40897,71.976,,
41871,67.98,,
41556,49.74,,
41316,262.72,,
40828,59.52,,
41537,221.508,,
41246,122.49,,
40592,128.52,,
41619,61.398,,
41928,173.61,,
41742,39.96,,
41612,394.816,,
40951,131.94,,
41634,467.1,,
41930,144.42,,
41536,107.304,,
41948,215.856,,
41895,114.28,,
40774,75.75,,
41320,90.585,,
40711,265.26,,
41332,95.1,,
41599,122.92,,
41246,95.97,,
41640,99.48,,
40922,123.24,,
41045,256.52592,,
41078,152.442,,
40667,99,,
41345,223.668,,
41433,108.66,,
41617,212.583,,
40697,66.852,,
41488,195.72,,
41449,93.68,,
41606,274.8,,
41970,145.5,,
41738,63.66,,
40819,97.68,,
41816,216.04,,
41222,118.752,,
41247,56.052,,
41060,102.45,,
41094,146.79,,
41073,44.64,,
41051,104.79,,
41632,131.88,,
41953,128.37,,
41937,171.16,,
41856,191.6,,
41558,156.528,,
41699,278.64,,
41760,129.762,,
41135,159.84,,
40817,104.76,,
41895,111.06,,
41009,49.848,,
40707,91.68,,
41751,708.96,,
42000,179.5878,,
41197,193.05,,
41941,209.655,,
41256,48.492,,
40677,84.12,,
41808,302.04,,
41305,125.36,,
41543,158.04,,
41808,130.455,,
41961,295.326,,
41499,250.38,,
41582,45.0288,,
41430,145.05,,
40711,118.92,,
41381,125.4,,
41808,226.08,,
40798,159.48,,
41418,54.12,,
40867,50.64,,
41986,177.792,,
40953,59.184,,
40865,292.1,,
41745,41.472,,
41418,101.52,,
41076,64.8,,
41087,91.728,,
41324,142.05,,
41886,351.864,,
41658,194.04,,
41180,289.32,,
40612,200.76,,
41881,48.84,,
41449,251.1,,
41612,62.1,,
41696,145.35,,
40938,135.351,,
41899,85.464,,
41080,163.05,,
41699,185.64,,
41390,129.54,,
41859,119.448,,
41976,381.96,,
41502,62.61,,
41121,132.72,,
41964,50.22,,
40700,103.95,,
41754,129.87,,
41934,205.08,,
41446,295.95,,
41123,98.88,,
40702,170.352,,
41283,54.18,,
41943,42.6,,
41963,358.668,,
41981,94.98,,
41799,90.6,,
41180,213.795,,
40802,169.047,,
41397,39.15,,
41176,126.9,,
41623,81.424,,
40900,83.92,,
41184,206.4,,
41541,90.3,,
41590,76.356,,
40770,55.98,,
41499,143.22,,
41964,103.95,,
40925,254.744,,
41544,93.032,,
40553,41.7,,
40589,134.61,,
41206,207.06,,
41526,183.72,,
41702,76.56,,
41983,205.44,,
41668,215.73,,
41135,223.938,,
41185,463.563,,
41386,102.336,,
41597,122.49,,
41989,124.26,,
41439,76.62,,
41154,192,,
41551,74.64,,
41313,97.6,,
41064,292.34,,
40914,162.54,,
41143,163.296,,
41436,106.9704,,
41755,107.97,,
41946,54.336,,
41853,87.84,,
41884,171,,
41865,136.485,,
40597,97.83,,
40794,167.328,,
41075,47.04,,
41299,171.42,,
41241,95.92776,,
40701,172.3,,
41585,229.44,,
41626,95.76,,
41712,216.432,,
41999,98.82,,
41274,94.74,,
41558,48.93,,
40829,96.806,,
40952,188.8,,
41164,170.28,,
40828,90.72,,
40655,79.92,,
41485,84.784,,
41891,85.2,,
41261,111.72,,
41794,136.26,,
41453,57,,
41072,67.44,,
41157,61.44,,
41584,935.76,,
41545,67.23,,
40862,146.88,,
41200,121.86,,
40747,242.7252,,
41854,740.6685,,
41633,152.1,,
40973,180.98,,
41605,78.759,,
40905,187.2,,
41134,97.92,,
41487,97.02,,
41013,85.36,,
41874,46.2,,
41079,142.02,,
41823,147.75,,
41885,110.7,,
41059,100.08,,
41464,199.2,,
41043,305.06,,
41075,229.62,,
41982,140.784,,
40878,103.38,,
41052,90.828,,
40635,154.9,,
41745,40.56,,
41949,156.24,,
41520,80.352,,
41246,118.26,,
40801,187.83,,
40632,126.63,,
41145,170.73,,
41183,177.48,,
41114,90.06,,
41673,239.984,,
40946,102.54,,
41253,174.96,,
41395,63.24,,
41035,139.18856,,
40795,144.56,,
41888,42.768,,
41628,29.736,,
41233,130.56,,
41893,148.41,,
41071,183.42,,
41794,202.716,,
41340,136.1781,,
41758,80.109,,
41718,102.114,,
41268,153.3555,,
40732,196.704,,
40676,71.7,,
41941,248.856,,
41356,225.54,,
41411,119.64,,
41467,206.784,,
41712,214.95,,
41677,79.2,,
41037,135.72,,
41551,292.944,,
41495,250.83,,
41886,102.54,,
41525,74.0304,,
41610,50.94,,
41696,231.92,,
40927,217.02,,
41906,251.93512,,
41942,164.724,,
41524,162.54,,
41435,122.352,,
40925,536.52,,
40835,123.696,,
41389,164.2,,
41362,181.248,,
40814,137.22,,
40781,84.3,,
41079,103.86,,
41964,96.78,,
41401,314.388,,
40689,48.4,,
40945,112.2,,
41493,176.1,,
41704,200.52,,
41634,172.32,,
41267,97.56,,
41824,56.46,,
41785,127.8,,
41645,155.7,,
41771,157.59,,
41663,181.134,,
41233,186.048,,
41177,125.1,,
41505,129.78,,
41536,119.568,,
40719,136.14,,
41159,194.106,,
40576,88.83,,
41208,131.904,,
41520,159.56,,
41961,84.978,,
41806,187.56,,
41899,464.52,,
41397,130.56,,
41197,246.9,,
41893,69.648,,
40721,138.72,,
41492,60.48,,
41877,133.245,,
40794,188.784,,
40703,136.242,,
40805,122.625,,
41603,182.52,,
41707,171.2,,
40693,39.96,,
40648,99.9,,
41953,195.84,,
41827,165.24,,
41337,121.92,,
40722,319.2,,
41229,153.2,,
41570,183.18,,
40653,359.64,,
41271,140.76,,
41226,92.16,,
41488,209.508,,
41967,220.464,,
41584,133.7877,,
41090,112.86,,
41299,51.42,,
41124,64.44416,,
41211,200.544,,
41779,35.94,,
40907,31.14,,
41831,43.2,,
40882,167.968,,
40767,85.44,,
40637,145.98,,
41115,105.84,,
41806,96.84,,
41795,118.2,,
41758,86.265,,
40620,138.3942,,
41971,117.488,,
41477,126.15,,
41842,41.202,,
41330,79.5,,
40667,41.832,,
41948,84.672,,
40861,63.948,,
41975,115.5006,,
41970,220.752,,
40806,164.22,,
41983,148.32,,
41704,84.18,,
40712,136.1,,
40766,224.82,,
41150,221.4,,
41303,135.3,,
41127,195.156,,
40714,169.8678,,
41034,113.76,,
41922,95.64,,
41913,277.7166,,
41615,156.792,,
41822,89.248,,
40831,123.42,,
41180,151.65,,
40898,65.22,,
41691,124.011,,
41538,27.765,,
41787,120.45,,
41844,243.495,,
41558,197.3985,,
41200,130.74,,
41262,276.9378,,
41443,131.7708,,
41227,217.02,,
41988,58.68,,
41717,152.1,,
41233,131.94,,
40991,159.624,,
41404,273.888,,
41877,65.16,,
41604,88.26,,
41855,123.96,,
41499,108.48,,
40889,204.15,,
41780,263.376,,
40823,80.32,,
41599,74.64,,
41204,84.3,,
41526,148.014,,
40999,102.18,,
41970,86.4,,
41925,178.56,,
40928,225.747,,
41332,364.32,,
40802,252.06,,
41058,172.44,,
41792,194.4,,
41873,118.5,,
41549,63.072,,
41811,149.95,,
41681,203.983,,
41922,67.144,,
40693,70.368,,
41583,59.58,,
41676,81,,
41730,63.504,,
40903,120.128,,
40948,219.84,,
41275,85.428,,
41309,145.836,,
41081,113.76,,
41478,72.36,,
41162,51.9,,
40673,39.06,,
41925,217.728,,
41996,131.868,,
41876,241.299,,
41941,90.45,,
41402,146.736,,
41528,89.88,,
41619,158.04,,
41215,159.4,,
41587,58.94,,
41934,141.12,,
41296,144.99,,
40926,56.124,,
41985,146.88,,
40906,141.28,,
41795,90,,
40779,119.034,,
41477,86.292,,
41555,253.8,,
41053,83.4,,
41830,198.4797,,
41893,170.586,,
41179,207.33,,
41757,183.24,,
42004,155.392,,
41507,149.58,,
41639,304.08,,
41438,30.84,,
41274,116.4,,
41218,180.12,,
41437,88.11,,
41998,285.48,,
41957,96.714,,
41023,129.45,,
40855,82.98,,
41576,96.9,,
41888,179.352,,
41295,145.5,,
42000,248.08284,,
40887,274.68,,
41899,253.56,,
41760,194.64,,
41790,150.084,,
41900,164.88,,
41215,344.704,,
41780,278.28,,
41038,97.8,,
40759,105.48,,
40648,33.264,,
41820,63.2502,,
41474,140.81,,
41898,108.96,,
40911,170.46,,
41432,224.04,,
41726,290.73,,
41878,155.43,,
41193,50.04,,
41612,232.95,,
41401,95.688,,
40919,93.45,,
40852,273.568,,
40892,181.884,,
41606,38.784,,
40816,70.95,,
40567,69.228,,
41751,67.92,,
41800,61.95,,
41964,150.12,,
41477,115.83,,
41271,37.476,,
41761,153.738,,
41435,177.48,,
41337,287.91,,
40623,59.2,,
41111,176.43,,
40828,90.02,,
40574,35.22,,
41008,98.76,,
40799,86.4,,
40799,77.76,,
40829,222.345,,
41586,180.6,,
41172,81.9882,,
41914,156.87,,
40766,267.54,,
41270,129.696,,
41961,347.88,,
40887,33.939,,
41325,187.758,,
41639,170.964,,
41925,340.08,,
41144,542.94,,
40882,179.94,,
40562,40.92,,
41969,306.78,,
40805,52.6,,
41708,40.28,,
41855,155.34,,
41876,63.3456,,
41271,200.943,,
41508,172.14,,
41376,175.29,,
41766,318.03,,
41635,94.56,,
41408,254.33856,,
40981,139.563,,
41443,48.057,,
41038,71.199,,
41908,210.24,,
40557,50.94,,
42000,160.32,,
41718,253.32,,
41779,100.8,,
41782,37.5,,
40800,96.064,,
41815,315.936,,
40795,137.25,,
41439,103.38,,
41066,80.22,,
40836,171.4116,,
41712,152.604,,
41249,37.376,,
41916,171.288,,
41310,159.968,,
41883,193.95,,
41078,143.76,,
40813,94.02,,
41227,160.992,,
41587,167.4,,
41211,112.86,,
41346,57.42,,
41975,166.74,,
41754,62.64,,
41290,44.037,,
40885,112.14,,
40590,291.654,,
41871,3410.82,,
40806,75.18,,
40792,90.24,,
41907,165.92,,
41018,124.62,,
41935,81.96,,
41997,79.11,,
40904,79.29,,
41538,134.784,,
41155,68.1156,,
41114,82.6068,,
40858,148.48,,
41879,198.46,,
41208,105.584,,
41158,337.98,,
40897,198.09,,
41174,158.76,,
41862,107.4,,
41229,139.68,,
41914,434.91,,
41713,147.258,,
41228,164.088,,
41901,193.68,,
40745,90.06,,
40816,251.73,,
41878,170.73,,
40821,244.728,,
40813,173.34,,
41733,194.52,,
41820,63.504,,
41989,164.016,,
41996,220.98,,
40672,83.25,,
40744,25.984,,
40674,104.58,,
40750,100.152,,
41586,107.28,,
41218,158.4,,
40757,179.88,,
41401,156.04,,
40781,259.248,,
40887,66.744,,
41936,111.84,,
40926,170.928,,
40582,115.36,,
41738,273.96,,
41478,66.6,,
41935,60.42,,
41963,162.12,,
40996,66.96,,
40786,76.68,,
40894,95.04,,
41240,168.96,,
42002,56.652,,
41631,139.68,,
41643,116.04,,
41066,122.432,,
41306,225.728,,
40794,60.6,,
41069,248.88,,
41723,221.7,,
41894,94.08,,
41502,68.88,,
41988,167.58,,
40848,131.94,,
41444,179.46,,
40687,111.72,,
41879,63.84,,
41241,151.96,,
41585,60.75,,
41321,141.33,,
41934,168.03,,
41596,175.17,,
41883,252.16,,
41761,64.638,,
41206,234.36,,
41409,221.184,,
41941,177.525,,
40932,231.36,,
41869,267.96,,
41528,81.98,,
41747,90.48,,
41197,105.4,,
40824,47.904,,
41680,152.28,,
40546,854.49,,
41072,97.86,,
41492,35.196,,
41835,182.625,,
41127,207.18,,
41137,517.59,,
40805,92.52,,
41061,299.98,,
41086,273,,
41177,146.82,,
41228,89.4,,
40847,129.12,,
41970,207.12,,
41424,134.55,,
41450,132.165,,
41916,94.122,,
41562,93.024,,
41019,117.456,,
41228,166.92,,
40854,417.456,,
41436,162.24,,
41498,268.74,,
40976,141.192,,
41717,82.524,,
41061,57.12,,
41962,93.636,,
41424,147.45,,
41789,155.34,,
40903,126.198,,
41216,146.79,,
41437,131.84,,
41422,45.216,,
41523,195.84,,
41814,256.16664,,
41716,113.82,,
41830,61.56,,
41961,79.68,,
41705,127.413,,
41358,333.78,,
40669,140.736,,
40795,166.44,,
41407,110.88,,
41778,84.3,,
40714,325.16,,
41604,202.608,,
41411,303.57,,
41549,79.512,,
41166,156.456,,
40905,88.096,,
41223,172.17,,
41959,41.94,,
41181,186.39,,
41576,63.968,,
41808,56.64,,
41794,58.04,,
40701,130.896,,
41883,122.325,,
41866,146.9052,,
41522,164.025,,
41908,307.557,,
41218,84.2274,,
41689,137.772,,
41337,166.44,,
40586,48,,
41226,304.56,,
41290,251.46,,
41611,59.64,,
41814,68.04,,
41089,99.48,,
41265,71.361,,
41742,156.006,,
41886,166.05,,
41446,228.36,,
41123,59.8794,,
41240,129.15,,
41925,62.4,,
40781,65.6352,,
41599,151.192,,
41450,104.85,,
41597,74.52,,
40702,78.75,,
40569,345.33,,
41131,169.29,,
41962,95.94,,
40788,70.71,,
41327,249.72,,
41628,74.34,,
41947,61.04,,
41877,161.514,,
40700,237.51,,
41992,212.1,,
41607,95.85,,
41533,227.718,,
41804,181.86,,
41886,83.46,,
40554,156.96,,
41134,142.08,,
41409,162,,
41052,292.176,,
41702,127.9,,
41542,322.8,,
40800,116.64,,
40766,95.28,,
41444,138.834,,
40617,131.904,,
41619,123.92,,
41875,161.376,,
41096,170.352,,
40788,131.07,,
41065,61.44,,
41477,154.304,,
40962,48.24,,
41862,122.22,,
41969,374.058,,
41473,93.51,,
41166,87.381,,
41485,54.72,,
40823,42.15,,
41978,272.544,,
41267,232.4,,
41090,188.8,,
41600,174.636,,
41238,100.272,,
41397,83.28,,
41761,310.5,,
41440,284.25,,
41761,88.128,,
41731,94.2,,
41779,133.12,,
41999,120,,
41737,85.104,,
40836,137.31,,
41928,282.24,,
40700,60,,
41681,126.684,,
41967,27.5706,,
41991,166.72,,
40883,136.256,,
41963,137.07,,
41263,154.89,,
41773,63.504,,
41960,107.82,,
40698,122.88,,
41032,216.1125,,
41906,87.804,,
41820,45.0288,,
41340,128.628,,
41913,162.1488,,
41780,131.94,,
40780,95.1,,
41978,142.8,,
41377,129.552,,
41447,60.24,,
41559,309.24,,
41432,173.92,,
41565,56.448,,
41815,158.76,,
40584,123.9,,
40674,196.74,,
41685,63.27,,
41978,447.876,,
41810,153.584,,
41615,189.7,,
41736,128.34,,
41165,127.824,,
41124,108.42,,
40995,136.36,,
41506,248.892,,
41374,105.84,,
41318,72.75,,
41227,33.96,,
40854,245.88,,
41846,187.92,,
41522,26.64,,
41912,124.53,,
41999,133.6455,,
40767,187.02,,
41542,47.61,,
41562,135.48,,
40770,96.84,,
41814,121.074,,
41674,99.5181,,
41530,53.91,,
41893,286.29,,
41902,89.584,,
41584,72,,
41801,49.02,,
41900,151.44,,
41108,141.192,,
41709,108.7,,
41542,190.815,,
41202,185.58,,
41876,334.611,,
41171,150.633,,
41015,314.22,,
41375,99.24,,
41943,54.192,,
41775,48.9,,
41870,180.84,,
41257,113.64,,
41135,52.86,,
40716,113.004,,
40672,139.35,,
41655,145.32,,
40700,44.1,,
41821,174.42,,
41855,62.46,,
41300,80.7756,,
41068,173.488,,
41263,136.5,,
40603,196.74,,
41596,337.68,,
41817,76.068,,
40878,583.8,,
41478,134.56,,
41974,225.9,,
41106,306.24,,
41318,92.46,,
41935,279.936,,
41750,500.4,,
41971,90.558,,
41946,76.58,,
41499,209.148,,
41114,41.43,,
41764,353.76,,
41732,76.5,,
41239,175.56,,
40838,163.2,,
41963,48.86,,
41806,175.68,,
40904,97.92,,
41523,194.94,,
41012,239.976,,
41914,169.2,,
41866,295.1,,
41250,111.2,,
41738,33.57,,
41089,84.8625,,
41843,41.22,,
40584,201.48,,
41639,179.9658,,
41592,169.2,,
41229,234.276,,
41891,149.112,,
41230,81.69,,
40933,164.07,,
41580,74.55,,
41662,203.55,,
41873,169.44,,
41411,229.5612,,
41159,355.48,,
40590,239.3,,
41044,99,,
41732,115.992,,
40712,103.68,,
41239,246.84,,
41628,110.376,,
41250,126,,
41455,191.88,,
41953,99.99,,
40908,341.96,,
41887,148.32,,
41635,137.16,,
41862,96.78,,
41813,109.44,,
40878,220.08,,
40823,95.2,,
41955,88.074,,
41684,126.45,,
41864,344.82,,
40712,170.07,,
41905,245.7,,
40897,184.92,,
41214,163.62,,
40627,99.45,,
41122,104.247,,
41676,104.4,,
41229,62.85,,
41683,454.6242,,
41169,4228.704,,
40845,75.88,,
41698,141.6,,
40994,48.63,,
40927,128.43,,
41719,134.3,,
41154,204.36,,
41774,148.41,,
40711,206.4,,
41701,125.1,,
41885,167.58,,
41156,76.14,,
41233,133.812,,
40659,61.116,,
41731,66.6,,
41509,221.94,,
41610,88.08,,
41215,109.764,,
41173,113.73,,
41347,51.897,,
40661,108.912,,
41804,153.576,,
40569,141.7059,,
41829,95.04,,
40865,64.152,,
40613,108.92,,
41071,140.192,,
41739,41.04,,
41820,139.8,,
40892,76.8,,
40994,319.56,,
40872,213.3,,
40592,300.42,,
40718,189.54,,
41054,49.35,,
41886,108.4,,
41918,206.352,,
41955,35.184,,
41935,50.13,,
41888,65.82,,
41570,211.62,,
41638,109.8,,
41395,163.62,,
41737,148.23,,
41872,47.64,,
41547,144.9,,
41796,129.12,,
41632,111.22,,
41815,54.82,,
40870,65.6,,
41971,117,,
41752,75.36,,
41402,33.9,,
41384,419.4,,
40891,186.304,,
41107,109.38,,
41761,128.43,,
41521,48.16,,
41770,93.68,,
41536,155.4,,
41389,99.72,,
41963,45.45,,
40941,244.8,,
41654,143.1,,
41930,152.2584,,
41705,61.8,,
41264,99.6,,
41463,64.56,,
41969,105.2,,
41782,77.49,,
41346,54.9,,
41767,93.15,,
40763,60.9,,
41795,108.08,,
41461,89.88,,
40711,126.9,,
41597,54.96,,
41706,125.36,,
42001,124.08,,
41527,59.52,,
41579,293.52,,
41813,84.6,,
41120,201.6,,
41683,195.048,,
41792,208.032,,
41449,253.944,,
41291,97.56,,
41779,54.72,,
41422,154.08,,
40795,204.93,,
40749,89.91,,
41627,151.362,,
41241,27.6,,
41269,275.058,,
41123,45.78,,
40829,107.072,,
41706,73.52,,
41883,179.9,,
41960,72.88,,
41892,98.46,,
40933,231.15,,
40645,97.44,,
41062,140.5854,,
41620,81.81,,
41963,305.01,,
41375,150.66,,
41144,102.15,,
41633,94.68,,
41661,348.208,,
41400,79.14,,
41615,248.08,,
41481,37.17,,
41342,207.144,,
41900,142.38,,
41877,47.61,,
41794,4363.35,,
40949,54.24,,
41270,158.208,,
41960,115.6356,,
41478,138.24,,
41345,76.92,,
41894,71.28,,
41180,186.15,,
41512,174.08,,
41972,355.38,,
41463,91.53,,
41222,194.4,,
40763,143.43,,
41765,115.857,,
41244,336.63,,
41673,289.92,,
41180,43.26,,
41810,146.176,,
41149,103.481,,
40988,83.92,,
41437,74.64,,
41528,82.59,,
41225,194.6,,
40786,59.4,,
41183,211.41,,
41549,219.78,,
41893,301.77,,
41213,146.88,,
41142,106.32,,
41904,71.98,,
41036,108.84,,
41052,49.2,,
41863,130.458,,
41871,153.2844,,
41975,118.08,,
41517,54.224,,
40857,330.04,,
41436,121.5,,
41635,98.5,,
41520,43.92,,
40905,197.61,,
40883,48.33,,
41213,240.3,,
40617,47.736,,
41267,58.8,,
41726,138.348,,
40882,98.64,,
41816,252.27,,
41020,191.96,,
41946,155.372,,
41848,228.24,,
40919,56.652,,
41855,295.65,,
41614,47.8,,
40957,65.34,,
41424,267.36,,
41551,100.32,,
41549,121.5,,
41982,146.9598,,
41458,123.24,,
41931,217.02,,
40765,193.92,,
41144,99.396,,
41821,248.82,,
41089,73.53,,
40758,93.024,,
41824,59.98,,
40630,143.4,,
41297,90.402,,
41596,72.672,,
41589,53.28,,
40647,113.28,,
41410,91.68,,
41388,85.455,,
41867,154.116,,
41274,60.64,,
40795,60.672,,
41433,148.92,,
41800,77.688,,
41371,128.8,,
40900,101.136,,
41515,315.24168,,
40676,109.08,,
41079,150.66,,
41848,115.71,,
40809,126.927,,
41818,52.857,,
40757,101.1,,
41979,226.12,,
40835,86.94,,
41617,457.056,,
40995,100.8,,
41222,177.66,,
41930,163.65,,
40614,285.36,,
41943,235.8528,,
41118,115.2,,
41216,163.62,,
41474,44.712,,
40842,161.244,,
41570,68.76,,
41528,131.58,,
41443,151.92,,
41982,69.48,,
41520,168,,
41557,132.72,,
40819,27.44,,
41848,142.83,,
41255,57.3,,
41213,73.92,,
41356,193.41,,
41015,114.5151,,
40617,142.776,,
41988,73.85,,
41767,117.024,,
41931,166.92,,
41243,44.64,,
41115,162,,
41799,146.4,,
41949,199.92,,
41620,175.725,,
40794,128.9322,,
41526,35.952,,
41887,175.8,,
41956,55.104,,
41907,73.68,,
41611,148.392,,
41811,68.1,,
40781,154.3374,,
41528,215.541,,
41970,146.592,,
41842,302.94,,
41454,30.81,,
41719,122.94,,
41620,59.1,,
41432,168.96,,
41097,84.48,,
40623,96.78,,
41102,148.48,,
41692,139.5,,
41599,142.74,,
41270,113.8599,,
41248,94.5,,
40879,119.8,,
41531,149.95,,
41803,256.17,,
41176,111.027,,
41362,154.044,,
41009,190.512,,
41877,254.88,,
41158,111.024,,
40763,327.76,,
41964,46.76,,
41326,296.37,,
41201,270,,
40875,56.907,,
41587,257.25,,
40660,123.9,,
41719,74.76,,
40768,164.7,,
41432,105.52,,
41957,205.9992,,
41432,114.39,,
41596,252.672,,
41254,136.584,,
41015,143.91,,
41925,93.03,,
41764,70.065,,
41860,218.64,,
41349,83.976,,
41256,36.24,,
41988,227.976,,
41452,139.96,,
41228,156.744,,
40688,193.008,,
41421,258.336,,
41246,75.825,,
41278,92.583,,
41348,56.565,,
40570,155.35,,
40850,143.856,,
41892,66.112,,
41064,146.1,,
41940,63.39,,
40761,239.28,,
41362,183.6,,
41766,94.65,,
41844,73.44,,
41162,152.25,,
40990,129.06,,
40583,202.776,,
41579,149.985,,
41388,120.96,,
40567,139.2,,
40803,148.704,,
41444,179.064,,
41864,146.28,,
41482,81.69,,
40759,204.63,,
40714,109.38,,
41229,334.88,,
41852,130.56,,
40848,144.27,,
41729,104.004,,
41893,147.168,,
41568,191.98,,
40871,144.12,,
41244,114.2,,
41814,244.08,,
41240,194.528,,
41872,141.4,,
41032,134.4,,
41600,71.52,,
41862,121.3,,
41663,95.984,,
41030,91,,
40707,224.4,,
41717,240.3,,
40735,140.265,,
41223,87.03,,
41262,154.26,,
41546,99.136,,
41600,81.576,,
41883,149.73,,
41611,415.176,,
41977,102.336,,
41239,107.94,,
40946,69.624,,
40565,259.44,,
41115,204.96,,
41353,72.294,,
41955,71.67,,
41447,174.396,,
41472,86,,
41071,110.76,,
40616,42.84,,
41180,535.782,,
41753,224.565,,
41131,139.944,,
41873,165.408,,
40907,48.78,,
41820,194.616,,
41582,77.1,,
41326,54.12,,
41998,125.685,,
41577,102.9,,
41449,128.43,,
41645,77.14,,
40557,245.52,,
41661,157.14,,
41443,212.976,,
40776,111.7263,,
41661,84.98,,
41071,78.6,,
41585,287.64,,
40606,90.56,,
41129,196.8,,
41985,213.84,,
41925,32.346,,
41858,140.22,,
41531,704.76,,
41949,173.94,,
41834,30.21,,
41715,55.14,,
41263,180.81,,
40848,160.65,,
41110,97.82,,
41130,144.12,,
41775,169.38,,
41216,310.32,,
41271,144.68,,
41157,199.12,,
41008,68.28,,
41851,94.08,,
40988,166.311,,
40913,158.76,,
41029,117.612,,
41250,166.89,,
41932,229.68,,
41358,107.4,,
40827,281.904,,
41368,259.96,,
40822,386.34,,
41815,48.33,,
41328,82.98,,
41165,221.4,,
41173,126.45,,
41869,243.81,,
40813,117.3,,
41314,80.46,,
41584,113.888,,
40854,120.768,,
41961,206.1,,
41366,51.6,,
40885,84.12,,
41765,131.568,,
41083,136.272,,
40732,116.1,,
41854,55.98,,
41232,220.6206,,
41038,119.52,,
41715,169.68,,
41307,99.6,,
41488,73.95,,
41018,92.2,,
41886,239.5,,
41424,239.76,,
41931,71.46,,
40851,125.895,,
41753,129.8871,,
40897,206.52,,
41382,144.66,,
41537,47.25,,
41221,91.68,,
41059,151.96,,
41652,391.86,,
40793,200.52,,
41458,110.124,,
41036,73.8,,
41579,77.445,,
41811,76.005,,
41996,178.2,,
41964,84.056,,
41520,84.272,,
41868,67.136,,
41527,109.44,,
41127,148.92,,
41626,89.4,,
41879,108.36,,
41027,173.61,,
40813,117.45,,
41395,86.913,,
41155,120.33,,
41960,76.56,,
40785,146.367,,
40961,106.38,,
41667,66.672,,
41760,64.96,,
41629,86.04,,
41748,70.08,,
41800,146.79,,
41301,163.8,,
41684,79.35,,
41267,113.91,,
41865,139.44,,
41536,99.108,,
41562,240.1,,
41535,123.72,,
41979,73.92,,
41853,108.54,,
41499,62.625,,
41729,110.7,,
41491,143.16,,
41526,33.024,,
40793,377.97,,
40704,491.55,,
40585,189.93936,,
41577,243.06,,
41667,67.56,,
41533,115.821,,
41258,151.02,,
41122,65.34,,
41408,177.5844,,
41369,37.8,,
41834,119.16,,
40785,115.032,,
41221,176.49,,
41135,139.8,,
41494,55.8885,,
41144,56.4,,
40935,155.37,,
41506,123.03,,
41746,193.2,,
41597,82.8,,
41897,140.94,,
41579,122.4,,
41737,100.02,,
41653,58.56,,
41576,103.5,,
40667,65.13,,
40974,79.38,,
41500,71.98,,
41806,239.976,,
41993,84.402,,
41556,182.37,,
41986,192.6,,
41527,73.76,,
41572,193.32,,
40869,97.56,,
41103,117,,
41729,82.035,,
41802,53.136,,
41494,49.8465,,
40801,232.5,,
41975,338.4,,
41803,91.2,,
41542,63.2,,
41997,72.704,,
40968,312.09,,
41565,53.28,,
41121,184.464,,
41587,81.168,,
41087,82.84,,
41680,161.4,,
41808,222.24,,
41971,68.25,,
41278,102.45,,
41395,104.76,,
41879,48.492,,
41296,166.8,,
41977,351.84,,
41523,242.94,,
41872,107.88,,
42004,378.3,,
41892,95.616,,
41450,119.28,,
41850,74.88,,
41921,136.72,,
41068,32.5,,
41950,34.425,,
41810,153.684,,
41044,40.26,,
41012,199.96,,
41816,148.48,,
40708,58.194,,
40906,105.96,,
41480,66.015,,
41304,196.92,,
41766,37.566,,
40925,110.25,,
41178,61.44,,
41178,239.8,,
40676,279.456,,
40791,31.984,,
41795,94.02,,
41197,77.16,,
42000,228.48,,
41732,78.72,,
40728,171.2,,
41146,130.896,,
41983,145.44,,
41242,85.14,,
41485,137.808,,
41586,568.608,,
41060,50.64,,
40886,270.594,,
41085,69.3,,
40926,131.94,,
41218,62.8,,
40721,156.024,,
41220,102.72,,
41908,173.21288,,
41996,67.86,,
40973,78.64,,
41800,126.84,,
41943,70.56,,
41939,76.815,,
41478,109.95,,
41591,58.68,,
41232,215.82,,
41742,29.88,,
41509,105.12,,
41096,258.12,,
40843,185.55,,
41978,49.44,,
41775,220.96,,
41613,105.66,,
41530,183,,
41394,194.04,,
41915,35.88,,
41844,63.375,,
41547,60.57,,
41222,167.34,,
40709,117.504,,
41052,186.69,,
40862,333.056,,
41596,49.5,,
41562,1091.93,,
41893,41.931,,
41032,195.36,,
41992,332.28,,
41778,111.06,,
41739,160,,
40848,48.93,,
41874,227.07,,
41641,139.23,,
41925,101.84,,
41846,138.588,,
40989,243.69,,
40563,48.51,,
41159,136.736,,
41144,126.927,,
40926,201.48,,
40740,244.08,,
41450,154.278,,
41273,342.792,,
41891,183.136,,
41017,189.5,,
41942,74.97,,
40785,130.734,,
41218,78.12,,
40660,119.61,,
41409,148.2516,,
41720,64.384,,
41897,129.87,,
40788,44.97,,
41885,164.32,,
41863,127.12524,,
41348,189.65992,,
41301,221.7,,
41670,243.864,,
41542,108.6,,
41953,192.6,,
40779,61.446,,
41922,213.12,,
41601,168.237,,
41902,75.114,,
41803,63.92,,
41807,59.52,,
41348,202.86,,
41999,71.04,,
40932,90.63,,
40906,219.33,,
41836,64.7625,,
41943,46.59,,
40811,150.255,,
41975,131.98,,
40864,99.98,,
40647,96.96,,
41793,168.12,,
40800,107.4,,
41468,100.92,,
41353,200.6888,,
41475,74.08,,
41593,245.016,,
41894,39.96,,
41659,54.75,,
41428,64.784,,
41057,77.55,,
41060,62.18,,
40982,103.56,,
41845,45.03,,
40893,113.52,,
41925,56.1,,
41955,228.45,,
41055,117.18,,
41766,174.42,,
41135,69.15,,
41206,94.08,,
40717,102.339,,
41348,143.58,,
41950,108.96,,
40816,115.722,,
41348,64.44,,
41796,84.48,,
41324,96.78,,
41068,583.872,,
40634,85.536,,
41773,55.944,,
41582,87.71,,
41516,163.88,,
41321,89.97,,
40899,94.4,,
41555,58.96,,
41614,74.48,,
41502,90.9,,
40810,107.28,,
41901,109.8,,
41215,140.1,,
41873,197.637,,
41444,79.695,,
40787,125.22,,
41071,167.30472,,
41095,97.632,,
40798,60,,
41991,55.62,,
41221,173.25,,
40872,183.885,,
40887,132.51,,
40795,97.6,,
40813,148.68,,
40681,87.3,,
40701,146.4,,
41173,191.241,,
41402,271.44,,
40588,146.61,,
41830,228.92,,
41740,99.99,,
41804,47.64,,
41862,333.6,,
40557,109.848,,
41578,65.92,,
40949,123.24,,
41845,175.9914,,
40623,93.24,,
41058,85.056,,
41634,379.242,,
41079,64.2,,
41239,116.712,,
41022,332.64,,
41894,90.072,,
41820,84.186,,
41270,106.96,,
41612,166.68,,
41584,40.26,,
41319,217.7,,
41268,171.396,,
41358,137.25,,
41317,122.94,,
41863,157.95,,
40863,97.2,,
41606,239.28,,
41750,51.84,,
41584,53.248,,
41912,97.84,,
40992,65.31,,
41253,234.3,,
42004,126.72,,
41963,38.76,,
41667,48.86,,
41921,144.732,,
41873,128.22,,
41516,239.166,,
41747,57.06,,
41692,153.6,,
41570,222.24,,
41162,106.974,,
41675,107.676,,
41858,134.352,,
41759,55.029,,
40708,212.94,,
40623,104.82,,
41092,173.16,,
41795,181.44,,
41716,54.6,,
41795,101.358,,
41076,197.372,,
41584,158.13,,
41543,83.46,,
41234,137.04,,
41693,112.5,,
41601,58.752,,
41211,80.55,,
41613,99.972,,
41214,35.36,,
41731,121.68,,
40658,42.336,,
41638,253.92,,
41820,152.652,,
40835,130.272,,
41480,94.96,,
41817,115.2,,
41200,241.5,,
41005,57.096,,
41446,176.88,,
41992,173.64,,
41758,89.248,,
41695,233.7,,
41992,205.6065,,
41606,118.68,,
40949,95.2674,,
41510,135.9,,
40584,197.49,,
41921,88.56,,
41367,233.04,,
40660,67.8,,
41856,78.08,,
41596,119.04,,
40603,117.504,,
41260,44.94,,
41478,280.44,,
41276,217.32,,
41611,104.184,,
41160,103.2,,
41606,71.04,,
41268,243.5,,
41247,142.08,,
41709,59.24,,
41271,98.64,,
41969,164.7,,
40848,112.212,,
41955,148.17,,
40803,126.54,,
41230,80.96,,
41151,127.47,,
41781,100.008,,
41529,147.09,,
41516,49.83,,
41044,35.44,,
41953,203.616,,
41320,97.632,,
40813,241.92,,
41384,205.176,,
40645,438.368,,
41101,84.192,,
41761,40.26,,
41187,172.38,,
41528,109.32,,
41980,134.13,,
41614,223.632,,
40855,61.28,,
41130,102.54,,
40875,254.13072,,
41397,89.28,,
41522,166.05,,
41827,121.68,,
41803,198.7644,,
41702,463.2225,,
40618,89.046,,
41817,98.64,,
41639,50.5,,
41379,138.9,,
41087,247.158,,
41810,88.896,,
41625,204.12,,
41547,47.88,,
40863,96.39,,
41474,43.038,,
41438,83.664,,
41015,157.968,,
41068,57.4308,,
41683,105.18,,
40933,31.95,,
41206,126,,
41418,173.7,,
41620,109.08,,
41900,113.256,,
41754,134.82,,
41183,561.54,,
40591,67.1,,
41205,161.532,,
41529,73.494,,
41900,93.48,,
40973,58.32,,
41512,197.28,,
41486,136.65,,
40780,122.13,,
41972,88.768,,
40658,303.25,,
41697,258.576,,
41858,102.48,,
41634,259.74,,
41866,197.352,,
41957,168.03,,
41634,118.8,,
41933,24.55,,
41813,148.32,,
41068,211.65,,
41292,269.22,,
41905,48,,
41806,45.09,,
41885,253.65,,
41135,39.75,,
41709,449.874,,
40689,83.984,,
41158,191.82,,
40905,141.76,,
41794,110.4,,
42002,118.25,,
40697,61.544,,
40696,126.348,,
41754,50.73,,
41089,45.2,,
41869,201.285,,
41379,42.976,,
40823,62.16,,
41242,246.78,,
41220,65.16,,
41256,145.76,,
40767,58.59,,
41950,84.9,,
41222,143.1,,
41270,129.6,,
41032,62.1,,
41572,234.792,,
41779,84.75,,
41712,34.36,,
41476,89.95,,
41419,141.63,,
41309,153.568,,
41578,47.36,,
41393,58.9,,
41204,719.85,,
41497,197.88,,
41653,87.48,,
40987,104.94,,
41281,158.472,,
41230,42.525,,
41065,105.4011,,
41228,115.02,,
41993,48.96,,
41018,138.08,,
40885,134.61,,
40682,138.6,,
41556,410.346,,
40684,113.7486,,
41383,71.4378,,
41898,98.028,,
41900,106.32,,
40756,40.158,,
41786,309.78,,
41100,71.34,,
41530,127.5,,
41891,77.472,,
41121,111.04,,
41797,107.82,,
41864,145.98,,
41344,110.187,,
40756,80.43,,
40646,192.726,,
40801,108.48,,
41844,121.536,,
41704,122.58,,
41692,76.44,,
41982,146.61,,
41356,100.68,,
41359,142.08,,
41867,114.3,,
40971,173.61,,
41232,147.69,,
42000,185.0688,,
41687,46.512,,
41867,116.64,,
41740,62.3712,,
41085,304.23,,
40865,137.54,,
41645,169.38,,
41541,47.58,,
41739,135.96,,
40812,272.2,,
41218,70.56,,
41066,135.92,,
41869,162.6,,
41584,128.22,,
41898,140.265,,
41871,207.33,,
41229,231,,
40741,166.92,,
41943,42.675,,
41583,114.78,,
41629,118.2,,
41484,128.5515,,
41705,85.293,,
41113,128.82,,
40695,138.56,,
41860,170.19,,
41613,91,,
41563,235.116,,
41766,94.98,,
41254,86.94,,
41988,179.232,,
41995,126.927,,
40767,143.37,,
41793,38.88,,
41790,241.96,,
41810,129.3,,
41917,156.8,,
40644,130.62,,
41411,39.32,,
40987,71.82,,
41748,81.69,,
40770,191.13,,
41557,135.9333,,
41907,77.1,,
41273,136.89,,
41920,128.744,,
40900,64.784,,
40688,115.56,,
41584,107.46,,
40957,436.32,,
41894,156.24,,
41205,130.34,,
41768,87.99,,
41831,219.78,,
41981,101.76,,
41893,112.8,,
41669,119.616,,
41892,148.74,,
40854,56.628,,
41540,163.2,,
41887,69.92,,
40584,87.22,,
41451,204.084,,
40646,171.639,,
41075,101.412,,
41285,63.312,,
40794,182.112,,
41949,173.88,,
41492,520.98,,
40843,86.96,,
41144,82.08,,
40999,258.9,,
40985,88.128,,
41226,96.798,,
40801,254.07,,
41208,163.92,,
40834,241.6446,,
40894,40.05,,
42003,207.12,,
41834,105.32,,
41535,76.8,,
41940,43.12,,
41492,100.44,,
41975,117.396,,
41247,96.75,,
41960,123.12,,
41120,118.2,,
41536,34.2,,
41715,54.224,,
40934,182.72,,
41611,130.944,,
41744,87.84,,
41403,81.66,,
41863,93.555,,
40634,123.12,,
41402,122.94,,
41913,147.987,,
41255,412.02,,
40581,252.0378,,
40669,252,,
41145,65.5557,,
41226,121.104,,
41932,116.88,,
41141,103.56,,
41949,98.4,,
41824,144.9,,
41614,111.72,,
41695,61.62,,
41808,43.95,,
41495,95.004,,
41226,25.47,,
41955,138.96,,
41909,158.22,,
41589,211.05,,
41752,96.552,,
41610,111,,
40569,114.864,,
41418,94.192,,
41309,114.78,,
41928,47.04,,
41092,211.41,,
41638,42.03,,
41977,92.43,,
40567,55.17,,
41701,46.5,,
41082,221.508,,
41310,206.388,,
41332,85.5414,,
41537,159.88,,
40765,137.79,,
41759,60.96,,
41624,132.84,,
41827,149.82,,
41429,146.1,,
41841,114.528,,
41957,254.88,,
41045,28.96,,
41999,128.8,,
41621,156.6,,
41521,64.38,,
40920,187.515,,
41634,103.584,,
41170,109.65,,
40954,134.97,,
41887,421.1,,
41626,165.6,,
41642,130.62,,
40767,28.68,,
40800,158.4,,
41480,67.44,,
41145,153.42,,
41899,146.9052,,
41822,139.77,,
41821,248.57,,
40991,221.568,,
41079,77,,
40920,174.84,,
41515,95.04,,
41957,289.35,,
40575,40.68,,
40799,110.28,,
41148,124.338,,
41927,325.92,,
41332,49.44,,
41943,59.4,,
41337,563.43,,
40609,48.712,,
41736,137.31,,
40725,34.02,,
41313,107.1,,
41931,109.8,,
41076,124.32,,
40694,98.46,,
41127,69.516,,
41271,54.384,,
40838,129.92,,
41398,51.968,,
41773,189.12,,
41036,38.28,,
41331,192.128,,
41603,199.44,,
41814,168.12,,
41124,151.38,,
41452,98.46,,
41215,147.9,,
41825,132.867,,
41782,266.688,,
41877,75.492,,
41942,93.18,,
41431,66.744,,
40812,32.85,,
41893,141.9,,
41155,52.512,,
41316,69.93,,
41956,221.024,,
41801,257.85,,
41076,140.52,,
41813,44.94,,
41250,147.9,,
41802,111.78,,
41306,303.858,,
41096,160.5366,,
41512,114.66,,
41499,130.41,,
41071,77.526,,
41085,38.88,,
41257,154.7784,,
41970,96.3,,
41893,296.85,,
41895,166.44,,
40995,83.7,,
40812,143.1,,
40710,130.56,,
40886,66.72,,
41816,253.44,,
41723,185.28,,
40775,145.35,,
41097,178.74,,
41793,158.94,,
41372,37.94,,
41189,96,,
40605,139.8,,
41493,74.64,,
40654,85.62,,
40785,80.1,,
40945,111.84,,
41152,108.42,,
41949,166.5,,
41464,116.88,,
40904,54,,
41228,117.15,,
41148,96.18,,
41458,126.8,,
41709,659.424,,
41844,170.64,,
41968,226.9,,
40784,110.6,,
41338,75.15,,
40896,178.56,,
41642,69.498,,
42003,101.12,,
41310,186.54,,
41550,40.4,,
41218,187.848,,
41769,96.66,,
41180,147.45,,
40569,108,,
40669,166.74,,
41598,167.268,,
40830,112.2,,
41200,109.32,,
41122,196.884,,
41792,95.85,,
41426,191.079,,
40697,62.61,,
41273,171,,
41457,130.68,,
41977,35.8,,
41934,145.152,,
41660,144.096,,
41895,190.44,,
41253,92.052,,
40804,88.35,,
41375,65.052,,
41124,73.26,,
40781,149.97,,
41788,115.96,,
41986,65.31,,
41576,34.68,,
41402,38.58,,
40878,102.33,,
41414,149.28,,
41667,137.94,,
40854,49.47,,
40905,124.56,,
41847,149.38,,
41681,210.69,,
41732,168.3,,
41773,53.406,,
41130,99.6,,
40984,91.134,,
41443,32.4,,
41620,50.22,,
40815,31.752,,
41750,162.96,,
41243,132.87,,
42002,108.36,,
40741,80.32,,
40764,88.44,,
40913,200.088,,
40885,123.8664,,
41557,276.2613,,
41087,181.8,,
41305,109.592,,
41753,92.88,,
40844,84.672,,
41488,238.08,,
41583,63.84,,
41124,85.47,,
41713,146.121,,
41720,169.68,,
41324,70.88,,
41157,48.96,,
41314,120,,
41284,122.58,,
41879,98.4,,
41628,161.1,,
41268,129.6,,
41890,121.92,,
41010,88.83,,
41814,138.96,,
41410,81.408,,
41881,156.1032,,
41634,145.32,,
40754,177.93,,
41969,195.72,,
41719,61.96,,
41802,124.32,,
41450,40.32,,
41750,169.68,,
41692,123.12,,
41970,91.68,,
41691,63.24,,
41163,99.2,,
41869,86.4,,
41127,154.5,,
41394,165.888,,
41614,73.92,,
41736,208.2375,,
41873,121.6116,,
40876,248.688,,
41528,273.3,,
41052,58.32,,
41323,160.92,,
41822,222.81,,
41582,41.463,,
40788,43.83,,
41240,133.488,,
41492,200.04,,
40935,179.46,,
41114,52.0566,,
41502,122.328,,
41537,249.95,,
40903,81.552,,
41809,74.352,,
40658,110.1,,
41228,74.49,,
41219,161.5,,
41936,67.92,,
40624,89.94,,
40904,55.86,,
41446,99.84,,
40591,70.2,,
41607,101.7,,
41227,91.176,,
41381,123.088,,
41516,105.72,,
41739,65.043,,
41038,63.504,,
40838,68.985,,
40974,435.26,,
40558,61.96,,
41132,138,,
41864,174.95,,
41956,61.44,,
41361,93.84,,
41527,217.32,,
41831,112.86,,
41158,92.04,,
41898,95.42,,
41888,94.32,,
41907,92.88,,
41185,185.8,,
41929,114.17,,
41809,146.58,,
41617,231.642,,
40836,256.5,,
41162,83.88,,
41635,146.352,,
41142,99.588,,
41305,75.48,,
41825,158.736,,
41371,99.3,,
41926,167.4,,
41946,126.96,,
41531,64,,
41977,74.208,,
40912,97.92,,
41565,85.5,,
41498,275.13,,
41222,117.126,,
41580,445.5,,
40838,93.888,,
41892,99.87,,
41395,48.6,,
41577,97.56,,
41898,144.2,,
40722,246.9,,
41214,84.9,,
41408,193.68,,
41768,169.44,,
41976,242.352,,
41039,36.784,,
41898,300.904,,
41442,91.475,,
41267,297.09,,
41738,121.84,,
41561,81.84,,
42004,135.48,,
41576,97.56,,
41304,188.76,,
41436,123.66,,
41611,133.29,,
41968,82.5,,
41942,42.84,,
41857,1113.264,,
40990,129.568,,
40846,115.74,,
41729,77.52,,
41914,168.2,,
40900,32.576,,
41795,184.76,,
40872,52.72,,
41614,118.2,,
40854,227.82,,
41788,190.296,,
41222,109.62,,
41806,145.557,,
41600,95.64,,
41902,95.616,,
41782,136.5,,
40610,124.146,,
41485,93.42,,
40970,136.38,,
41213,54.9,,
41052,62.72,,
40733,133.392,,
41935,88.68,,
41786,78.246,,
41572,80.46,,
41439,244.26,,
41693,34.101,,
41962,169.68,,
41173,85.3,,
41412,65.17,,
40719,71.632,,
41961,239.96,,
41898,184.752,,
41873,237.096,,
41626,82.32,,
41500,141.33,,
41240,93.84,,
41211,105.952,,
41864,166.92,,
41596,291,,
41533,192.375,,
41078,119.799,,
40669,107.94,,
41543,120.96,,
40767,68.892,,
41786,186,,
41311,134.91,,
40753,43.08,,
41237,96.84,,
41330,161.16,,
41179,55.5,,
41664,144.9,,
41473,162.64,,
41088,140.75,,
41746,115.89,,
40897,103.92,,
40777,224.82,,
41946,117.504,,
41522,88.3,,
41387,88.3,,
41487,57.3,,
41801,172.53,,
40841,78.84,,
41800,93.195,,
41898,94.38,,
40873,54.18,,
40651,57.528,,
40782,275.16,,
40821,53.9325,,
41275,94.98,,
41591,85.14,,
40952,152.118,,
41510,130.56,,
41682,88.776,,
40729,180.96,,
41689,109.53,,
40833,119.976,,
40837,194.7,,
41823,178.5,,
41397,96.256,,
41191,68.6,,
41072,158.6,,
41561,154.8,,
41499,123.93,,
41355,101.4135,,
41726,62.04,,
41977,70.308,,
41208,99.198,,
41713,128.9025,,
41432,163.3275,,
41971,169.56,,
41855,101.46,,
41072,66.48,,
41575,177.75,,
41332,67.92,,
41540,61.86,,
40635,177.68,,
41614,142.68,,
41625,124.416,,
41447,98.64,,
41963,64.8,,
42003,167.58,,
41239,137.44,,
41537,35.28,,
40714,80.1,,
41086,149.931,,
41992,118.32,,
41180,145.719,,
41542,155.372,,
41344,176.784,,
41753,155.34,,
41589,67.71,,
41852,36.792,,
41793,88.86,,
41794,107.82,,
40868,107.48,,
40882,78.8,,
40813,135.54,,
41757,137.16,,
41228,54.513,,
41557,140.436,,
41337,291.78,,
41682,186.786,,
41306,201.123,,
41080,257.64,,
41712,174.3,,
41611,60.75,,
41614,45,,
41614,49.6,,
40784,154.08,,
41647,95.28,,
40856,187.839,,
40707,73.35,,
41569,94.875,,
41337,101.412,,
41205,145.2168,,
41970,205.7286,,
41233,141.552,,
41145,214.656,,
40646,96.12,,
41440,169.28,,
41429,128,,
41026,121.5,,
41598,206.16,,
41592,104.16,,
41760,101.4,,
41991,131.49,,
41597,163.68,,
40848,147.96,,
41129,68.526,,
41534,324.48,,
41515,156.3728,,
41346,145.356,,
40959,200.04,,
41473,61.71,,
40714,52.86,,
41344,160,,
41813,83.016,,
41916,171.36,,
41493,79.11,,
40991,134.1,,
41589,195.39,,
41576,61.56,,
41991,155.04,,
41031,162.6093,,
41638,120.96,,
41535,157.8,,
41617,103.68,,
40721,223.96,,
40973,99.372,,
40998,114.72,,
41988,151.2,,
41405,56.76,,
40798,173.31268,,
41164,107.44,,
40547,139.77,,
40995,99.12,,
41526,125.82,,
41970,213.136,,
41704,221.16,,
41807,110.28,,
40805,72.567,,
41993,62.28,,
41991,67.36,,
41600,151.56,,
41080,155.34,,
41542,103.2,,
40970,206.712,,
40694,138.69,,
41730,75.04,,
41173,151.2,,
41962,172.98,,
40838,80.46,,
41502,101.88,,
40984,231.9,,
41079,118.713,,
41486,41.13,,
41984,53.91,,
40731,186.462,,
41893,96.42,,
40813,87.54,,
41681,52.08,,
41934,72.45,,
41820,148.17,,
41449,146.4,,
41529,40.32,,
41339,184.38,,
41664,109.92,,
41810,118.746,,
41200,313.56,,
41720,276.4656,,
41177,104.625,,
41909,103.77,,
41738,25.2,,
41857,176.4,,
40928,70.434,,
41361,98.64,,
41484,318.2544,,
41572,100,,
41774,46.2,,
41907,89.9,,
41970,59.82,,
41527,70.992,,
41988,178.38,,
41605,33.72,,
41205,135.2,,
40940,94.02,,
40890,82.6,,
40890,285.48,,
41171,31.08,,
41621,73.8,,
41512,49.08,,
40813,78.246,,
40899,118.1943,,
41977,49.02,,
41332,79.5,,
41969,112.92,,
40870,29.99,,
40836,98.352,,
40977,123.36,,
40570,229.56,,
41645,234.92,,
41726,154.624,,
41999,944.2,,
41199,125.36,,
41808,161.4,,
41356,284.16,,
41961,143.04,,
40814,89.55,,
40642,57.825,,
40773,60.696,,
41723,137.88,,
41513,108,,
41800,100.2,,
41904,90.99,,
41249,63.207,,
41514,38.46,,
41506,48.93,,
41808,76.96,,
41550,75.6,,
41235,296.73,,
41725,145.35,,
41162,143.79,,
41684,106.8,,
41555,59.16,,
41095,45.69,,
40806,118.44,,
41960,69.861,,
41036,31.74,,
41909,130.24,,
41899,333.234,,
41627,158.976,,
41718,115.5,,
40970,209.16,,
40889,85.905,,
41155,129.45,,
41869,102.93,,
41985,116.98,,
41541,184.752,,
40759,141.45,,
41143,87.76,,
41715,60.372,,
41453,164.7,,
40802,173.85,,
41041,57.84,,
41270,532.3992,,
41334,111.104,,
41228,34.944,,
41461,94.38,,
41992,87.96,,
41753,78.288,,
41176,62.34,,
41982,64.692,,
41067,77.4,,
41299,74.601,,
41775,85.995,,
40649,199.92,,
41816,94.5,,
41208,41.16,,
41927,168.372,,
40901,173.656,,
41313,101.328,,
41521,110.16,,
41360,69.04,,
41183,108.36,,
41533,80.1,,
41104,105.3375,,
41790,79.29,,
41824,34.2,,
40752,48.944,,
41411,128.52,,
41536,349.32,,
40831,136.64,,
41537,95.16,,
40574,163.98,,
41501,118.1565,,
41296,128.898,,
41618,83.862,,
40673,158.13,,
41901,101.34,,
40605,176.772,,
40609,204.9,,
41999,48.6,,
41430,98.52,,
41869,74.16,,
41033,130,,
41625,104.328,,
41951,152.28,,
41281,339.48,,
40631,110.2572,,
41806,57.825,,
41248,45.04,,
41381,103.68,,
41688,137.16,,
41925,415.71,,
40850,174.5184,,
41943,199.98,,
41264,47.976,,
40866,213.08,,
41617,68.112,,
40936,217.6,,
41418,76.544,,
41269,84.18,,
40870,266.22,,
41135,277.92,,
41610,24.12,,
41723,188.58,,
41116,72.675,,
41538,114.912,,
41199,158.571,,
41004,130.815,,
40774,76.776,,
41395,111.888,,
41768,128.058,,
41439,159.6,,
41794,76.51152,,
41866,382.21404,,
40807,77.472,,
41961,51.4,,
41850,200.97,,
41628,145.044,,
41332,204.66,,
41949,235.32,,
41523,82.8,,
41858,145.74,,
41895,90.86,,
40649,134.946,,
40920,37.296,,
41114,129.6,,
41072,154.044,,
41941,39.96,,
41467,164.025,,
40779,75.96,,
42002,121.905,,
41036,139.44,,
41218,91.512,,
41562,61.8,,
41775,170.28,,
40828,52.8,,
40765,69.15,,
41271,139.59,,
41865,73.92,,
41802,151.56,,
41831,139.968,,
40820,105.36,,
41905,124.62,,
41635,141.57,,
41084,100.95,,
41947,95.22,,
40980,115.83,,
41208,252.54,,
41963,219.075,,
41178,119.904,,
42001,108.66,,
41053,88.992,,
40976,75,,
41948,600.36,,
41450,58.44,,
41661,115.8,,
41184,122.985,,
40850,168.6825,,
41589,178.92,,
40925,111.84,,
41961,30.72,,
41608,176.94,,
41786,39.39,,
41460,55.74,,
41908,132.44,,
40669,91.08,,
41432,97.92,,
41863,90,,
41040,103.56,,
40776,67.86,,
40898,46.725,,
41144,125.73,,
41967,69.57,,
41138,200.88,,
41061,111.834,,
41274,54.6,,
41913,143.22,,
41444,68.4018,,
41778,154.08,,
41554,175.77,,
41208,89.64,,
40662,99.92,,
41606,115.02,,
41961,155.712,,
40861,88.224,,
41716,37.8,,
41463,74.08,,
40787,77.5,,
40669,151.38,,
41316,111.96,,
41929,93.18,,
41864,138.69,,
41411,66.96,,
41218,33.444,,
41705,71.97,,
41541,118.25,,
41892,177.536,,
41181,75.18,,
40806,103.04,,
41446,99.288,,
41958,134.46,,
41620,97.74,,
41066,129.285,,
41152,298.62,,
40830,161.64,,
41891,50.46,,
41709,124.02,,
40899,216.4,,
41457,175.95,,
41541,180.48,,
41092,73.1,,
41040,171.18,,
40864,123.579,,
41736,101.4408,,
41772,81.8712,,
40800,43.146,,
40772,83.34,,
41234,48.96,,
40623,319.56,,
41841,58.8,,
41562,50.8,,
41935,213.108,,
41010,163.44,,
40807,79.632,,
41860,126.48,,
41148,49.32,,
41710,242.25,,
41648,82.8,,
40861,138.6,,
41297,39.825,,
41969,113.04,,
40554,114.768,,
41941,147.184,,
41116,161.22,,
41563,154.98,,
41543,115.44,,
40869,67.1,,
41956,132.8319,,
40750,170.97,,
41838,99.9,,
41611,115.84,,
40805,87.78,,
41788,65.28,,
41576,40.368,,
41382,303.0664,,
41766,232.389,,
41887,116.8425,,
41447,23.16,,
41450,34.92,,
41184,190.98,,
41453,164.46,,
40971,115.74,,
41767,1371.42,,
41506,35.607,,
41208,203.88,,
40835,117.576,,
40852,192.5,,
41201,214.2,,
41918,123.12,,
41218,132.108,,
41892,142.592,,
41943,131.96,,
41374,87.3,,
41856,67.98,,
41872,87.156,,
41221,111.48,,
41310,70.794,,
41226,93.18,,
41668,82.386,,
41232,138.48,,
41951,305.472,,
41854,108.216,,
41268,42.16,,
41017,274.6407,,
41877,35.175,,
41834,95.904,,
41804,47.984,,
41909,181.68,,
41475,98.5,,
40941,97.578,,
41676,49.95,,
41639,143.37,,
41969,99.84,,
40701,85.32,,
40800,77.16,,
41660,160.776,,
41815,102.93,,
41614,109.69,,
41852,109.8,,
41956,124.32,,
41479,99.36,,
41626,132.15,,
40581,207.825,,
41960,186.84,,
41464,152.442,,
41250,130.59,,
41269,73.26,,
41388,78.304,,
41970,162.84,,
41691,138.48,,
40681,122.88,,
40851,167.58,,
41940,93.18,,
41816,99.4,,
41797,200.51816,,
41261,39.7,,
41089,152.766,,
40869,43.2,,
41646,116.1675,,
41373,121.104,,
40879,60.72,,
41249,117.48,,
40788,79.884,,
41234,32.96,,
41731,70.88,,
40723,78.96,,
41855,106.08,,
41144,49.929,,
40899,145.65,,
40646,71.928,,
41933,127.47,,
41141,158.58,,
41852,98.64,,
41856,158.76,,
41815,277.08,,
41955,90.3,,
41513,252,,
41886,309.12,,
41659,63.18,,
41947,105.312,,
41523,116,,
40747,77.98,,
40837,92.88,,
41800,158.328,,
41612,49.32,,
41855,194.1867,,
41515,147.96,,
41977,132.3,,
41163,209.6,,
41933,44.4,,
41575,101.76,,
41596,113.76,,
41150,112.92,,
41783,273.45,,
40546,192.87,,
41757,47.3,,
40885,60.54,,
41036,25.74,,
41338,137.208,,
41352,146.58,,
40794,64.824,,
40758,77.36,,
41911,107.4,,
41955,71.28,,
41122,178.605,,
41812,214.656,,
40832,94.2,,
41183,126.9,,
41977,77.52,,
41627,194.528,,
40563,108.72,,
41863,126.9,,
41884,171.968,,
41067,174,,
41027,52.38,,
41347,168,,
41024,91.152,,
40547,148.96,,
41527,75.78,,
41887,97.02,,
41931,79.38,,
41870,34.83,,
41948,112.725,,
41306,88.83,,
41438,120.024,,
40883,115.68,,
40794,143.976,,
41167,79.872,,
41596,51.63,,
41989,123.24,,
41148,258.24,,
41072,473.84,,
41869,84.69,,
41443,166.83,,
41604,124.95,,
40781,160.089,,
40695,58.104,,
41425,79.96,,
40925,163.62,,
41458,127.32,,
41528,251.008,,
41914,148.5,,
41768,178.78,,
41698,51.57,,
40719,108.2736,,
40988,98.88,,
41436,97.68,,
41814,33.66,,
41936,69.08,,
41463,48.94,,
41816,220.56,,
40938,165.12,,
41075,80.58,,
41507,52.104,,
40614,194.64,,
41306,201.84,,
40716,268.11,,
41907,108.36,,
41544,166.14,,
41259,151.2,,
41226,238.896,,
41423,54.9,,
41366,166.83,,
40725,29.268,,
41985,178.56,,
40737,137.472,,
41914,173.16,,
41731,4799.984,,
41608,311.04,,
40887,117.12,,
41514,93.18,,
41820,50.46,,
41963,116.88,,
41570,31.4,,
41771,37.44,,
41654,159.8,,
41941,156.744,,
41304,166.48,,
41369,145.8,,
40849,177.84,,
41523,78.57,,
41150,80.01,,
41478,53.676,,
41549,85.59,,
41885,146.82,,
41591,182.07,,
41484,52.2,,
40900,526.40508,,
41372,103.56,,
41597,144.75,,
41869,178.2,,
41438,230.5098,,
41795,90.9321,,
41885,169.725,,
40880,74.0781,,
41619,361.92,,
41414,454.9,,
41471,105.52,,
41921,32.19,,
41639,81.78,,
41620,195.264,,
40756,52.47,,
41677,88.74,,
41138,130.23,,
41606,116.76,,
41555,165.51,,
41353,141.04,,
41600,156.168,,
41110,141.825,,
41570,122.76,,
41589,111.9525,,
41150,337.23,,
41642,66.96,,
41642,157.41,,
41946,168.1,,
40969,55.328,,
40702,107.46,,
41734,90.36,,
40788,35.04,,
41806,63.808,,
41093,66,,
41517,33.57,,
41221,53.217,,
41955,188.37,,
41443,162.3228,,
41521,251.01,,
42003,247.59,,
41983,104.88,,
41775,278.7,,
40927,136.38,,
41359,81.45,,
41624,74.655,,
40995,86.94,,
41436,90.4617,,
40901,142.86,,
40938,227.36,,
41808,97.56,,
41960,141.48,,
41695,101.16,,
41499,98.82,,
41725,64.8,,
41312,30.352,,
41375,113.76,,
41029,209.5,,
41513,87.264,,
40961,88.44,,
40998,182.16,,
40852,256.8,,
41039,115.92,,
40913,146.79,,
42002,73.656,,
41999,302.2908,,
41185,137.916,,
41226,123.24,,
40990,80.16,,
40862,168.2,,
40751,117.92,,
40827,125.82,,
41885,34.02,,
40890,100.74,,
41614,105.96,,
41820,55.4751,,
41739,51.138,,
41800,147.33,,
41536,39.54,,
41052,166.92,,
41977,75.92,,
41320,167.34,,
41593,54.432,,
40837,247.5,,
41957,222.6,,
41587,66.9,,
41762,129.93,,
40623,122.94,,
41529,148.65,,
41318,86.604,,
41453,27.864,,
40565,219.28,,
42002,148.284,,
40835,72.99,,
41312,127.26,,
41907,129.15,,
41559,98.22,,
41860,87.96,,
41960,86.352,,
40807,198.9,,
41691,60.6,,
41919,421.47536,,
40983,99.108,,
41997,382.14,,
40785,134.37,,
41591,316.3275,,
41430,144.72,,
41638,283.662,,
41841,76.7169,,
41709,81.324,,
41636,35.1,,
41561,139.92,,
41921,42.76,,
41526,146.04,,
41962,37.76,,
41687,350.58,,
41647,101.76,,
41670,96.84,,
41831,72,,
40921,67.05,,
40626,33.3,,
41143,114.075,,
41803,127.08,,
40655,69.516,,
40926,58.752,,
41999,90.48,,
41187,53.04,,
41832,168.1,,
40647,143.97,,
41514,96.6,,
41044,50.52,,
41535,195.76,,
41099,156.624,,
41863,57.78,,
41954,103.356,,
41635,80.1,,
41884,155.88,,
41834,93.03,,
41988,112.08,,
41764,89.4408,,
41738,75.708,,
41213,79.96,,
41997,181.95,,
41031,158.376,,
41952,109.9,,
41246,105.584,,
40708,200.64,,
41607,121.92,,
41823,141.354,,
41381,169.92,,
41498,223.87136,,
41851,88.56,,
41467,122.13,,
41680,173.556,,
41683,109.9485,,
41288,120.96,,
41071,60.768,,
41251,119.96,,
41829,818.02,,
41026,125.44,,
41176,145.32,,
41942,146.523,,
41157,146.7,,
41726,76.482,,
41433,62.925,,
41976,114.9384,,
41443,48.48,,
40889,142.08,,
41395,43.95,,
41550,63.168,,
41773,87.78,,
41552,77.94,,
40926,53.04,,
41499,159.624,,
41662,253.95,,
41331,109.998,,
40990,114.84,,
40837,160.38,,
41642,87.9,,
41183,61.632,,
40560,30.072,,
41975,104.68,,
41951,350.352,,
41262,116.28,,
41985,128.85,,
41214,108.66,,
41495,275.58,,
41908,126.8,,
41541,64.84,,
40735,522.51288,,
41850,84.564,,
41936,74.556,,
41158,55.188,,
41532,81.84,,
41660,121.08,,
40894,56.82,,
41302,86.76,,
41687,202.1808,,
41804,108,,
41358,158.4,,
41968,43.86,,
41101,43.176,,
40589,158.22,,
41811,97.56,,
41179,58.56,,
41779,137.58,,
41060,157.23,,
41376,100.404,,
41996,199.95,,
41225,64.784,,
41057,199.44,,
41631,97.36,,
41516,60.06,,
41908,75.536,,
41169,59.4,,
41333,110.1,,
41936,318.5622,,
41606,125.73,,
41617,73.224,,
41487,123.93,,
41703,89.4,,
41415,105.24,,
40885,253.206,,
41876,91.962,,
41867,297.432,,
40607,97.82,,
41908,93.6,,
41408,64.4,,
41914,747.18,,
41990,75.36,,
41593,62.46,,
40983,26.76,,
41240,99.792,,
41715,138.8241,,
41781,164.349,,
41374,287.9436,,
41509,134.288,,
40697,143.1,,
41228,137.34,,
41008,94.44,,
41565,136.64,,
41801,175.875,,
41603,41.92,,
41226,84.96,,
41362,193.56,,
41540,52.92,,
40773,55.824,,
41344,54.6,,
41188,141.288,,
41537,34.7,,
41859,103.14,,
41848,83.4,,
41012,82.89,,
41529,70.05,,
41060,65.28,,
41520,34.29,,
41949,51.111,,
41501,159.165,,
41958,96.36,,
41478,75.96,,
41557,54.18,,
41451,48.06,,
41879,128.8,,
41894,60.39,,
41040,268.812,,
41492,124.44,,
40852,121.275,,
41537,104.463,,
41047,88.74,,
41685,118.935,,
40655,175.9176,,
41888,84.96,,
41604,137.58,,
41934,122.76,,
40855,84.48,,
41774,36.32,,
41170,121.92,,
41592,132.15,,
41876,77.7,,
41950,244.8,,
40623,47.25,,
40906,78.327,,
41648,37.38,,
40921,68.607,,
40552,157.8225,,
41456,178.32,,
40800,142.4,,
41894,78.99,,
40733,127.8,,
41558,341.94,,
41408,66.88,,
40885,55.92,,
40858,85.62,,
41801,105.72,,
41957,216,,
41886,119.25,,
41547,168.3,,
40546,159.444,,
41975,70.68,,
40586,60.89,,
40960,73.2,,
41215,147.663,,
40751,380.916,,
41740,338.6616,,
40854,53.16,,
41425,123.92,,
41950,41.4,,
41047,206.4,,
41796,77.472,,
41183,97.236,,
40702,146.736,,
40822,194.4,,
41795,121.9212,,
41619,36.288,,
41060,74.79,,
41635,89.97,,
41505,85.32,,
41834,43.92,,
40701,130.32,,
41799,85.464,,
41817,201,,
41617,114.78,,
40924,67.8,,
41312,142.2,,
41058,136.95,,
41615,149.58,,
41198,149.28,,
41740,95.736,,
40744,27.36,,
41954,111.79,,
41808,101.34,,
40639,65.568,,
41921,102.696,,
41803,64.3,,
40872,76.08,,
41207,54.12,,
40892,112.62,,
41883,101.58,,
41800,162.54,,
40637,50.7,,
41450,120.5658,,
41239,122.94,,
41167,111.3,,
41599,255.984,,
40733,119.833,,
41839,156.456,,
41982,56.46,,
41741,121.32,,
40904,25.29,,
41853,88.155,,
41053,35.44,,
41796,109.848,,
41586,143.325,,
41292,151.875,,
41338,262.14,,
41144,97.88,,
40744,43.02,,
41769,66.96,,
41991,150.744,,
41899,112.32,,
40812,79.74,,
41815,124.593,,
41785,74.655,,
41516,95.976,,
41166,170.136,,
40663,96.42,,
40627,109.98,,
41603,126.375,,
41666,72.009,,
41877,74.565,,
40756,253.3635,,
41844,56.448,,
41284,69.98,,
41934,58.08,,
41982,230.22,,
41911,194.4,,
41947,109.272,,
41667,255.45,,
41680,123.6534,,
41564,142.182,,
40828,89.442,,
41030,51.9,,
41334,44.496,,
40756,196.02,,
41765,123.93,,
41216,172.98,,
40589,132.84,,
40980,95.418,,
41918,64.233,,
41950,31.0365,,
41891,155.7,,
41738,54.918,,
41768,81.08,,
41826,109.74,,
41965,122.88,,
41526,175.32,,
41223,139.572,,
41207,170.3,,
40875,73.44,,
41503,29.55,,
41426,179.172,,
41041,315.18,,
41692,94.65,,
41590,92.94,,
40763,96.9,,
41432,64.68,,
41992,117.4472,,
41405,51.68,,
41556,86.688,,
41443,149.58,,
41718,39.54,,
40892,168.318,,
41954,136.5,,
41430,136.784,,
41901,56.736,,
41799,266.895,,
41636,41.352,,
41023,59.85,,
40780,115.425,,
40812,102.42,,
41661,99.696,,
41338,128.4,,
41817,68.52,,
41604,59.98,,
41647,61.02,,
41085,47.952,,
41804,136.74,,
41053,46.41,,
41900,37.5,,
40760,124.32,,
41729,115.08,,
41822,79.74,,
41300,125.37,,
41593,64.2765,,
42000,192.555,,
41778,236.97,,
41962,166.92,,
41590,74.72,,
41712,48.7,,
41815,123.76,,
41867,88.11,,
40849,85.23,,
41936,462.132,,
41030,170.88,,
41315,106.1055,,
41039,70.08,,
40822,56.64,,
40668,127.869,,
40823,162.54,,
41522,70.95,,
41468,100.8,,
40567,110.808,,
40784,260.88,,
41267,111.984,,
41848,98.88,,
41069,84.978,,
41799,45.216,,
42002,176.94,,
41353,142.2,,
40941,122.892,,
41209,24.72,,
41600,51.81,,
41558,102.1149,,
41591,110.096,,
41425,125.99,,
41696,196.784,,
41142,145.32,,
40876,84.84,,
41841,53.64,,
41163,163.32,,
41897,138.36,,
41585,152.704,,
41401,80.01,,
41432,172.692,,
41123,77.67,,
41405,126.78,,
41320,226.08,,
41271,132.15,,
41215,343.77,,
41808,135.594,,
40787,31.104,,
41873,103.14,,
40771,133.2,,
41552,145.26,,
41536,114.34,,
40792,153.6,,
41859,87.42,,
41867,105.552,,
41992,99.95,,
41338,159.98,,
41556,45.75,,
40912,41.73,,
40665,97.74,,
41355,136.5936,,
41382,132.048,,
41439,172.8,,
41648,94.05,,
41768,78.57,,
41618,122.12,,
41099,153.36,,
41190,145.9,,
41432,152.22,,
40701,104.02,,
40644,82.84,,
40581,111.84,,
40884,155.7,,
41478,146.85,,
40593,118.35,,
41123,120.096,,
41947,137.088,,
41989,94.788,,
41404,93.98,,
41247,110.352,,
41538,83.7,,
41492,197.05,,
40953,96.6,,
41820,94.896,,
40688,102.72,,
40973,67.176,,
41591,23.94,,
41443,128.88,,
41626,157.2848,,
41513,55.36,,
40673,166.1,,
41188,42.72,,
41863,107.82,,
41896,151.56,,
40636,58.56,,
41383,127.88,,
40974,65.22,,
41085,117.96,,
41358,63.84,,
41612,183.92,,
41626,114.3,,
41415,65.28,,
41227,146.736,,
41088,82.35,,
41543,187.986,,
41157,74.52,,
40920,126.9135,,
41688,74.6505,,
41071,84.06,,
41366,59.52,,
41995,69.5,,
41730,61,,
41916,83.92,,
41383,203.92,,
41163,61.2,,
40849,102.84,,
41967,168.3,,
41484,146.736,,
41907,104.196,,
41299,107.64,,
41628,48.632,,
40857,64.68,,
41660,382.51668,,
41380,85.14,,
41274,52.74,,
41772,39.555,,
41936,280.125,,
41780,116.55,,
40902,81.66,,
41422,63.18,,
41697,81.92,,
41690,44.67,,
40890,87.96,,
41431,61.38,,
41141,97.32,,
41285,142.08,,
41988,57,,
40753,127.47,,
41488,65.28,,
41913,49.968,,
41975,143.04,,
41073,83.88,,
41562,97.578,,
41825,95.49,,
40610,143.316,,
40955,87.71,,
40877,102.24,,
41911,74.55,,
41929,44.784,,
40920,148.104,,
41458,66.015,,
41956,120.888,,
41762,102.9,,
40841,150.09,,
40571,132.0495,,
41183,53.676,,
41491,109.8,,
41127,27.216,,
40849,89.34,,
41862,46.98,,
41439,30.4,,
41628,82.22,,
40733,49.296,,
40826,119.55,,
41074,84.159,,
41246,116.4,,
41982,174.96,,
41523,289.26,,
41236,73.3785,,
41894,100.116,,
41970,189.432,,
42004,43.8,,
40635,230.67252,,
41017,112.54,,
41960,96,,
41557,219.996,,
40744,36.882,,
41975,105.584,,
41954,38.388,,
41600,195.136,,
41234,66.048,,
41795,101.58,,
41703,91.424,,
41282,79.44,,
41577,97.8,,
40635,114.76728,,
41101,147.712,,
40889,135.57856,,
41969,98.76,,
41164,109.38,,
41228,149.22,,
41856,127.17,,
41604,101.412,,
41186,87.2496,,
41530,51.81,,
41061,56.46,,
41948,94.38,,
41793,272.5,,
41514,124.5,,
41937,102.32,,
40702,152.28,,
41487,37.26,,
41852,87.84,,
40666,116.64,,
41535,109.48,,
41690,49.842,,
40974,108.42,,
41197,100.864,,
41584,122.43,,
41814,82.32,,
41799,125.064,,
41629,33.9,,
41536,146.364,,
41705,100.2,,
41778,272.24,,
41761,154.89,,
41665,313.4205,,
41501,110.784,,
40919,142.68,,
41338,37.395,,
41566,51.48,,
40861,69.264,,
41902,149.95,,
41174,69.84,,
40597,49.32,,
40610,79.875,,
41157,48,,
41426,80.952,,
41613,59.52,,
41590,325.08,,
40847,253.92,,
41515,56.124,,
40829,245.98,,
41831,41.91,,
41831,64.02,,
41596,89.6,,
41009,132.84,,
41845,116.76,,
41527,97.6,,
41877,114.66,,
41199,114.75,,
40892,135.999,,
41934,57.6,,
40897,51.968,,
41694,71.96,,
40703,169.74,,
41269,95,,
41644,150.72,,
40805,311.4,,
41333,70.05,,
40550,33.39,,
41542,61.8,,
41300,190.8,,
41207,68.4,,
41606,34.95,,
41893,259.896,,
40637,75.76,,
41792,74.88,,
40970,89.73,,
41213,72.765,,
41914,269.244,,
40544,120.366,,
41939,118.65,,
40931,90.24,,
40880,158.4,,
41743,114,,
40870,100.26,,
41430,98.04,,
41424,134.136,,
40557,98.7525,,
41073,60.8334,,
41222,94.8,,
41751,109.095,,
40661,159.98,,
40704,101.016,,
41506,28.26,,
40835,98.46,,
41568,146.064,,
41229,159.84,,
41867,113.304,,
41332,137.22,,
41493,95.22,,
40897,88.128,,
41930,115.11,,
41537,201.447,,
40952,39.816,,
41523,192.16,,
40921,246.3,,
41461,115.92,,
41505,122.61,,
41949,174.24,,
41135,173.76,,
41413,101.76,,
41323,168.24,,
40981,98.4,,
40961,147.492,,
40610,117.18,,
41780,82.89,,
41221,125.793,,
41873,322.1271,,
41143,50.112,,
41858,115.296,,
41054,32.368,,
41137,62.07,,
41271,37.2,,
41934,154.7,,
41929,117.6,,
41627,115.56,,
41723,47.01,,
41167,135.28,,
41218,73.2,,
41178,136.62,,
40821,65.16,,
41589,225.84,,
40890,88.35,,
41864,76.32,,
42004,90.93,,
41528,67.56,,
41204,70.7,,
41172,197.7,,
41992,47.82,,
41477,58.4073,,
41639,115.44,,
41986,76.9401,,
40757,262.935,,
41908,119.96,,
41627,66.976,,
41822,197.91,,
41706,151.2,,
40969,506.6,,
41893,82.86,,
41010,97.26,,
40985,100.62,,
41180,59.7,,
41631,244.08,,
41213,71.685,,
40773,161.94,,
41537,49.53,,
40799,79.4,,
41514,79.92,,
41253,134.99,,
40700,100.24,,
40848,76.12,,
41816,50.46,,
41515,100.26,,
41578,80.3,,
41626,79.456,,
41932,114.92,,
41920,108.48,,
41523,150.304,,
41103,54.216,,
40980,191.49,,
41288,89.568,,
40988,49.848,,
41885,254.58,,
41701,43.164,,
41718,75.6,,
41281,44.1,,
41144,77.91,,
41402,204.9,,
40868,193.95,,
40904,118.16,,
40636,159.98,,
41154,55.776,,
41663,90.3,,
40953,75.36,,
41197,193.28,,
41467,180.736,,
41231,59.4,,
41227,195.78,,
41382,83.79,,
40659,158.58,,
41327,96.66,,
41373,108.396,,
41164,80.01,,
40750,123.552,,
41901,113.94,,
41813,52.59,,
41956,121.05,,
41660,206.4,,
41268,150.804,,
41872,121.32,,
40588,81.6,,
41965,158.58,,
41905,92.7,,
40596,62.85,,
40876,60.42,,
41043,42.45,,
41180,72,,
41978,70.308,,
41680,31.935,,
41996,97.713,,
41237,51.408,,
41177,103.3461,,
41912,65.124,,
41905,79.984,,
40770,62.94,,
41201,102.54,,
41989,90.96,,
41520,100.92,,
41545,122.91,,
41579,146.52,,
41141,122.91,,
41243,51.4,,
41989,129.06,,
41584,166.8,,
40815,89.58,,
41711,83.88,,
41148,87.534,,
40851,134.37,,
41963,196.83,,
41524,77.88,,
41824,167.968,,
41600,127.554,,
41114,135.09,,
40816,144.27,,
41403,90.936,,
41283,74.7,,
41926,149.13,,
41725,91.44,,
40701,69.3,,
41517,37.764,,
41337,42.784,,
41611,59.7,,
41999,153.552,,
40871,151.92,,
41083,143.976,,
41233,50.12,,
40625,124.29,,
41044,144.56,,
41351,89.4,,
41851,88.65,,
41022,60.6,,
41893,133.5,,
40676,138.96,,
40772,138.915,,
41530,70.875,,
41162,106.68,,
41864,242.624,,
41926,71.22,,
41633,55.14,,
41436,98.86188,,
41803,100.992,,
40752,120.64,,
41167,27.36,,
41416,219.672,,
41766,58.44,,
40708,58.44,,
41955,38.85,,
40618,83.4,,
41763,118.224,,
41906,31.44,,
41943,33.94,,
40821,99.98,,
40759,148.59,,
41830,63,,
40761,196.968,,
41953,84.52,,
41313,99.54,,
41844,229.446,,
40809,122.115,,
40733,102.78,,
41152,66.75,,
40955,150.66,,
41927,322.1271,,
40610,316.764,,
41065,251.7,,
40675,34.79,,
41916,196.8,,
41904,57.402,,
41906,111.552,,
40834,130.26,,
41540,87.42,,
41262,60.6,,
41451,84.78,,
41675,92.82,,
41617,155.25,,
41139,82.7595,,
41537,69.52,,
40937,214.2,,
41667,65.22,,
40808,100.08,,
41066,139.77,,
41029,387.224,,
41183,84.8,,
42002,90.848,,
40974,136.38,,
40668,88.83,,
40935,91.35,,
40928,249.1344,,
41544,159.4098,,
40856,42.1191,,
41388,108.336,,
41174,55.6,,
41542,28.23,,
41800,137.16,,
41919,54.636,,
40547,165.54824,,
41919,127.296,,
41717,38.34,,
41862,49.5,,
41473,47.52,,
41454,149.76,,
40730,180.396,,
40778,143.37,,
40781,176.8,,
41366,88.04,,
41887,68.07,,
41603,161.22,,
41975,29.55,,
41928,287.24436,,
41895,90.3,,
41778,144.48,,
41261,131.2,,
41968,142.2,,
41963,100.17,,
40724,176.49,,
40885,132.9075,,
41808,51.312,,
41501,105.552,,
41472,60.12,,
41810,103.08,,
41997,220.536,,
41074,108.42,,
41225,61.38,,
41221,105.06,,
41673,54.18,,
41193,46.2,,
41374,47.856,,
40940,57,,
41446,136.2,,
41442,134.9478,,
41528,41.58,,
40672,128.334,,
40749,48.804,,
41239,123.72,,
41893,46.9974,,
41760,57.6,,
40871,111.79,,
41890,81.568,,
40605,113.28,,
41577,97.26,,
41351,30.48,,
40875,103.68,,
41789,153.81,,
41851,107.4,,
40890,254.6772,,
41258,103.92,,
40812,145.568,,
41988,56.328,,
41723,40.32,,
41587,79.29,,
41978,56.58,,
41054,683.25,,
41870,76.14,,
41200,504.36,,
41907,96.66,,
40812,87.6,,
41538,109.8,,
41218,30.564,,
41974,155.94,,
41731,38.16,,
41807,70.47,,
41079,180.72,,
41461,130.5,,
41953,84.672,,
41352,356.16,,
41152,121.2,,
41636,80.865,,
41399,85.05,,
41288,387,,
41321,92.064,,
41234,246.1328,,
41165,129.93,,
41163,111.04,,
41029,203.16,,
41718,170.19,,
40766,46.494,,
41075,146.94,,
40918,95.76,,
41774,70.596,,
41187,171.2,,
40851,79.92,,
41510,143.046,,
41716,107.44,,
41240,100.5,,
41969,125.34,,
41806,78.12,,
40976,118.2,,
41831,80,,
41579,191.85552,,
41010,130.56,,
41655,67.584,,
41418,141.288,,
40984,57.4,,
40956,135.7,,
41176,102.72,,
40851,171.153,,
41026,109.8,,
41761,53.568,,
41785,147.69,,
41086,118.746,,
41726,144.1458,,
41718,80.622,,
40744,57.8925,,
41187,66.294,,
41969,87.84,,
41899,32.64,,
41356,161.1,,
41422,47.776,,
40860,144.27,,
41729,72.27,,
40583,136.566,,
41068,54.6405,,
41844,61.92,,
40809,83.984,,
41348,241.332,,
41585,35.568,,
41150,114.52,,
41715,70.464,,
41793,128.22,,
41916,76.85496,,
41241,85.44,,
40569,136.35,,
41447,51.63,,
41929,176.4,,
41765,162.84,,
41992,117.288,,
41906,160.96,,
41192,31.05,,
41162,97.56,,
41821,121.5,,
40658,81.42,,
41211,37.08,,
41607,107.82,,
41016,88.68,,
41087,59.64,,
40851,102.87,,
40854,165.9,,
41869,53.91,,
41459,105.72,,
41862,157.464,,
41634,304.2405,,
40557,79.992,,
41290,109.998,,
41883,229.544,,
41956,57.96,,
41016,54.12,,
41356,146.82,,
41384,121.08,,
41934,41.7,,
41695,198.732,,
41953,30.528,,
41698,205.92,,
41474,111.28,,
41864,34.38,,
40718,125.1,,
41258,113.64,,
41681,267.3,,
41325,124.092,,
40829,145.89,,
41747,40.68,,
41873,83.88,,
41905,101.976,,
41527,81.28,,
41464,52.44,,
41886,117.12,,
40812,130.62,,
41499,106.68,,
40864,124.41,,
40850,113.952,,
41937,112.86,,
41486,81.9,,
41772,44.928,,
41132,26.22,,
40654,61.62,,
41950,45.36,,
41774,74,,
41898,81.96,,
40630,330.588,,
41087,38.112,,
41806,203.52,,
41897,29.85,,
41908,144.096,,
40900,40.576,,
41536,131.58,,
41935,122.067,,
41491,100.92,,
41479,175.92,,
41015,124.68,,
40605,119.07,,
40616,218.64,,
41072,86.22,,
41428,132,,
41904,159.2,,
41218,97.24,,
41908,80.28,,
41626,112.35,,
41290,303.825,,
40838,135.72,,
40744,33.66,,
41484,88.128,,
41078,140.7597,,
41242,71.172,,
41359,58.0509,,
41507,96.66,,
41905,40.176,,
41610,85.246,,
40770,92.94,,
41640,54,,
41878,363.06,,
41302,30.48,,
41263,64.96,,
40794,156.28032,,
41264,69.12,,
41184,102.9,,
41264,130.458,,
41253,125.25,,
41841,62.4,,
41317,188.16,,
41450,71.52,,
41794,136.242,,
41501,98.9175,,
40991,85.32,,
41989,110.04,,
41020,126.4,,
41393,40.14,,
41565,127.7,,
41394,97.2,,
41739,111.06,,
41380,126.45,,
41946,184.8,,
41102,58.2,,
41513,180.6,,
41979,205.03,,
41335,159.984,,
40815,55.44,,
41654,111.984,,
41593,52.86,,
41611,213.528,,
41354,55.92,,
41940,561,,
41737,112.824,,
41611,49.08,,
41649,86.4,,
41445,73.95,,
41459,123.48,,
41535,151.236,,
41369,33.18,,
40984,47.682,,
41124,67.5,,
41130,54.72,,
41228,109.665,,
41751,97.264,,
41688,166.45,,
41233,62.88,,
41838,83.46,,
41801,86.96,,
41617,169.92,,
41166,252.3,,
41542,283.2,,
41450,61.84,,
41150,263.655,,
41124,152.82,,
40860,88.74,,
40752,49.0779,,
41769,127.584,,
41421,115.416,,
41557,91.152,,
41521,30.288,,
41389,48.84,,
41859,47.04,,
41822,96.6,,
41933,42.18,,
41628,105.52,,
40707,238.68,,
40913,136.152,,
41296,173.79,,
41173,52.218,,
41185,120.666,,
41425,167.84,,
41747,195.136,,
41879,62.16,,
40903,116.04,,
41522,29.28,,
41071,110.48,,
41123,116.025,,
41963,193.68,,
41207,102.69,,
41710,91.2024,,
41388,86.94,,
40717,64.557,,
41799,85.056,,
41859,79.992,,
41608,58.416,,
41957,206.76,,
40635,81.03,,
41592,120.84,,
40806,111.84,,
41149,137.088,,
41087,141.678,,
41621,171.9096,,
41985,125.19,,
41514,133.02,,
41913,116.388,,
41638,81.96,,
41038,93,,
41591,44.13,,
41214,151.52,,
41005,37.32,,
41491,219.6,,
40911,50.25,,
41086,151.74,,
41906,135.324,,
41606,133.65,,
41802,174.42,,
41766,191.968,,
41174,88.44,,
41565,130.62,,
41899,43.92,,
41445,229.12,,
41604,225.24,,
41834,109.08,,
41197,126.75,,
40635,149.58,,
40672,134.217,,
41268,83.439,,
40988,98.07,,
41999,105.912,,
41157,146.7,,
41158,144.18,,
41663,83.4,,
40600,177.36,,
40875,77.52,,
41226,118.86,,
41425,155.52,,
41083,47.304,,
41173,87.7476,,
40788,52.8,,
41985,47.52,,
40819,122.352,,
41999,158.928,,
40646,100.02,,
40900,70.728,,
41766,97.74,,
41500,110.16,,
41122,53.28,,
41073,74.094,,
40614,93.96,,
41569,106.08,,
41437,166.89,,
41663,95.04,,
41841,70.34252,,
41409,73.536,,
41506,124.8,,
40848,125.37,,
41218,27.2,,
41081,79.356,,
40779,30.744,,
41199,285.12,,
41749,143.13,,
40653,109.95,,
41523,54.66,,
41634,97.02,,
40711,93.06,,
41712,164.6,,
41807,42.96,,
40820,211.992,,
41619,66.22,,
41371,62.64,,
41793,170.52,,
41878,455.49,,
41173,148.8,,
41170,38.31,,
40721,88.53,,
41801,144.096,,
41955,99.72,,
41745,121.2,,
41099,54.48,,
40812,99.72,,
41124,103.95,,
41255,135.63,,
42003,49.3515,,
41873,89.16,,
41685,76.896,,
41502,34.47,,
41976,55.35,,
41720,90.9348,,
41526,83.7894,,
41886,42.616,,
41853,95.984,,
41859,159.96,,
41540,340.38,,
40721,131.568,,
41808,101.04,,
41606,178.56,,
41596,176.84,,
41950,106.816,,
41953,116.712,,
41773,100.4,,
41634,64.26,,
41715,75.006,,
41274,83.28,,
41680,185.598,,
41396,49.59,,
41661,164.99,,
41304,156.512,,
40893,99.98,,
41803,118.8,,
41953,140.76,,
41306,53.12,,
41986,65.7,,
41736,68.67,,
41120,121.8,,
41608,146.475,,
41619,133.29,,
41827,368.55,,
41197,100.2,,
41939,29.28,,
40921,82.863,,
41916,79.08,,
41158,46.32,,
41550,54.792,,
41993,102.018,,
40604,151.2,,
41033,142.74,,
41932,73.44,,
42000,67.28,,
40640,80.352,,
41522,69.444,,
41417,180.0837,,
41302,55.506,,
41900,261.74,,
41061,84.96,,
41506,59.6,,
40716,151.68,,
41429,96.165,,
41844,83.67,,
41591,286.8,,
41261,108.276,,
41985,94.284,,
41758,106.542,,
41597,148.41,,
41085,204.85,,
41240,113.82,,
41128,106.8,,
41793,76.176,,
40987,319.77,,
41862,113.76,,
40589,99.48,,
41979,58.8,,
41788,69.12,,
41081,94.08,,
41150,126.45,,
41409,93.6006,,
41985,77.72,,
41334,97.8,,
41072,609.48,,
41267,94.9,,
41205,109.008,,
40698,79.596,,
41911,135.09,,
40715,159.732,,
41500,157.32,,
41043,97.696,,
41620,35.808,,
40936,49.32,,
41716,134.16,,
40684,103.584,,
41754,148.44,,
41103,60.92,,
41541,195.66,,
41492,91.38,,
41139,85.35,,
40854,106.32,,
41880,136.14,,
41808,122.148,,
41974,143.13,,
41955,88.2,,
41584,112.68,,
40885,74.624,,
40894,116.55,,
40596,184.95,,
41635,84.96,,
41665,74.763,,
41992,79.56,,
41820,110.25,,
41655,141.507,,
41705,169.65,,
41589,103.92,,
41771,99,,
41873,51.75,,
41710,130.32,,
41584,95.16,,
41251,60.66,,
41885,68.56,,
41505,181.116,,
41883,129.519,,
40861,70.2,,
41577,170.91,,
41234,44.55,,
41148,114.2,,
41262,88.832,,
41383,230.376,,
41982,90.48,,
41071,37.59,,
41176,163.38,,
41584,336.24,,
41529,190.62,,
41976,229.44,,
41068,146.448,,
41066,69.3399,,
41920,172.206,,
41313,1127.976,,
41971,244.55,,
41523,93.456,,
41043,97.568,,
41976,67.86,,
41972,62.65,,
41085,113.76,,
41389,100.5,,
41968,461.3,,
41993,132.132,,
41899,163.38,,
41568,54.456,,
40830,114.24,,
41988,122.22,,
40612,74.49,,
40701,53.4,,
41999,201.84,,
41487,67.86,,
41310,33.48,,
41869,77.4,,
40611,102.546,,
40875,147.69,,
41911,157.59,,
41027,283.608,,
41654,154.9,,
41377,36.624,,
41771,76.452,,
40892,143.13,,
41004,66.24,,
41150,44.752,,
41239,87.984,,
41463,53.496,,
41974,146.79,,
41570,108.24,,
41339,149.352,,
41609,36.192,,
41614,81.94,,
41744,198.272,,
41604,40.5,,
40744,38.52,,
41442,138.432,,
41743,118.65,,
40785,75.96,,
41778,146.79,,
41670,136.344,,
40824,123.06,,
40623,103.302,,
41499,91.476,,
41629,47.385,,
41920,37.92,,
40875,97.86,,
41480,142.74,,
41432,96.984,,
41500,45.7662,,
40900,87.582,,
41949,129.276,,
40703,63.984,,
41379,81.2,,
41351,32.54,,
41499,145.764,,
41879,56.58,,
41055,128.88,,
41167,96,,
40987,109.92,,
41688,53.208,,
41522,43.164,,
40773,72.144,,
40785,41.16,,
41957,90.96,,
41158,112.62,,
41073,126.24,,
41419,52.272,,
41109,53.622,,
41872,226.56,,
41835,71.92,,
41967,127.785,,
41233,198.45,,
41909,94.08,,
41737,83.2,,
41986,129.12,,
41544,136.608,,
40639,122.7,,
41642,106.218,,
41958,321.568,,
41831,265.11,,
41054,189.6,,
41417,137.34,,
41625,175.36856,,
41696,103.08,,
41204,44.2,,
41427,83.52,,
41830,155.52,,
41437,71.1,,
41809,274.8,,
42000,189.96,,
41429,50.46,,
41625,76.923,,
41856,123.8526,,
41162,51.624,,
41780,39.3324,,
41433,32.4,,
41769,65.232,,
41184,53.04,,
41440,103.77,,
41864,51.54,,
41390,78.816,,
40658,212.94,,
41081,62.136,,
40799,59.78,,
41947,84.1,,
41968,151.875,,
40943,104.463,,
40785,63.27,,
41859,62.64,,
41775,129.843,,
41298,31.36,,
41739,270.9,,
41988,76.74,,
41137,99.7248,,
40988,173.37,,
41377,40.99,,
41494,65.13,,
40985,51.66,,
41598,52.02,,
42003,84.84,,
41790,132.39,,
41923,69.84,,
40807,36.27,,
41562,102.592,,
40633,79.984,,
41656,27.92,,
41930,52.792,,
41948,194.352,,
41500,48.96,,
40631,220.08,,
41349,126.384,,
41352,115.86,,
40701,151.92,,
41857,175.56,,
41723,100.2,,
40990,87.318,,
41556,139.125,,
41747,60.312,,
41963,58.408,,
40715,110.232,,
41670,70.56,,
40679,115.065,,
41927,52.2,,
41583,108.216,,
41332,166.131,,
41873,56.85,,
41610,137.94,,
41891,65.12,,
41991,142.152,,
40868,68.172,,
41380,110.28,,
41292,113.04,,
41353,101.46,,
40609,58.2,,
40565,108.92,,
41621,494.64,,
41761,105.72,,
42002,74.205,,
40641,107.76,,
41431,90.5877,,
41184,66.9312,,
41075,32.4,,
41234,110.97,,
41976,151.188,,
41600,273.48,,
41250,103.2,,
41869,146.1,,
41914,252.3,,
41954,81.45,,
41453,79.74,,
40888,134.622,,
41012,75.84,,
40814,141.63,,
41198,112,,
41194,69.3,,
41167,51.16,,
41886,103.5,,
41429,68.67,,
41898,114.84,,
41663,54.6,,
41531,89.46,,
41204,62.568,,
41808,48.195,,
41978,166.284,,
40875,411.332,,
41260,180.016,,
41936,35,,
41948,95.976,,
41788,125.13,,
41901,57.6,,
41474,166.92,,
41542,49.32,,
41164,90.24,,
41894,143.36,,
41536,41.44,,
41816,204.75,,
41495,110.484,,
41971,80.676,,
41813,121.8855,,
41417,95.1,,
40887,91.36,,
41599,44.604,,
41596,54.18,,
40586,26.46,,
40586,57.39,,
41001,108.912,,
41968,70.38,,
41120,88.47,,
41979,42.09,,
41732,258,,
41968,93.18,,
41950,128.37,,
41221,63.87,,
41830,155.1165,,
41878,30.51,,
41267,106.232,,
41407,120,,
40638,115.36,,
40704,67.572,,
41914,58.74,,
41982,178.24,,
41569,74.4,,
41536,50.96,,
41933,96.6,,
41883,48.357,,
40584,26.325,,
40714,119.46,,
40744,147.69,,
41178,121.104,,
41885,79.92,,
41818,22.8,,
41376,117.12,,
40911,80.832,,
41446,175.68,,
41453,50.58,,
41159,75.8,,
41389,74.07,,
41983,90.45,,
40568,132.9,,
41199,141.03,,
41633,48.96,,
41145,98.64,,
41943,64.8,,
41880,101.04,,
41068,114.225,,
41533,43.362,,
41529,183.0648,,
41502,48.96,,
40718,116.883,,
40841,220.2,,
41205,55.944,,
41792,126.09,,
41946,65.22,,
40826,110.04,,
40717,110.04,,
41591,254.94,,
41079,75.42,,
40809,46.1,,
40905,55.36,,
41700,61.18,,
41898,795.2064,,
41972,103.2,,
41964,138.96,,
40850,146.88,,
40961,131.22,,
41793,207.36,,
41170,56.412,,
40553,113.82,,
40564,107.4,,
41970,107.55,,
41723,121.08,,
41594,205.74,,
40697,49.59,,
41586,142.02,,
41004,109.296,,
41222,144.42,,
41933,49.02,,
41367,102.84,,
41752,79.74,,
40890,261.78,,
41432,47.52,,
40830,61.56,,
41717,1048.8,,
41582,99.528,,
41290,135.45,,
41417,174.286,,
40640,122.97,,
40826,101.994,,
41864,52.59,,
41437,95.28,,
40904,44.82,,
41416,217.98,,
41974,103.896,,
41691,133.2,,
41229,123.072,,
41324,262.089,,
41589,80.757,,
41967,75.6,,
40883,46.44,,
40822,88.404,,
41167,62.4,,
40719,58.9632,,
41619,80.28,,
41169,110.96,,
41604,23.4,,
40785,35.76,,
41268,151.68,,
40897,65.28,,
41072,49.56,,
41795,61.08,,
41900,194.74,,
41787,101.7,,
40887,112.6755,,
41584,55.0539,,
41935,180.48,,
41641,454.56,,
41792,83.97,,
41065,151.98,,
41827,41.7,,
41040,96.9,,
41962,90.048,,
41969,106.05,,
40874,47.49,,
41440,109.095,,
41269,107.46,,
40682,85.32,,
41249,86.304,,
40878,46.64,,
40865,60.312,,
41359,59.52,,
41951,38.16,,
40890,127.89,,
40715,44.256,,
40743,108.6288,,
41772,87.4,,
41208,146.544,,
41426,179.7,,
41967,113.76,,
40941,146.76,,
41138,43.011,,
40747,48.576,,
40788,75,,
41447,272.7,,
41906,80.1,,
41815,120,,
41665,118.86,,
40954,57.87,,
41766,62.55,,
41878,141.66,,
41262,112.05,,
41540,225.99,,
41152,97.038,,
41620,119.8,,
41731,218.352,,
40908,65.28,,
41173,232.62,,
41796,73.08,,
41159,84.5,,
41806,100.764,,
41968,146.688,,
41905,73.52,,
41963,102.78,,
41199,102.78,,
41684,55.92,,
41221,63.3,,
41398,139.14,,
41937,62.58,,
41674,174.24,,
41218,103.08,,
41591,44.64,,
41778,88.1,,
41616,82.16,,
41962,94.2,,
41832,109.32,,
40595,93.33,,
41649,222.282,,
41340,75.5988,,
41947,73.656,,
40906,70.56,,
41647,110.11,,
41235,91.71,,
41226,444.88,,
41453,119.472,,
41554,87.3,,
41295,511.264,,
41271,101.52,,
41209,39.6,,
40952,88.2,,
41375,57.195,,
41919,103.2,,
40767,127.71,,
40912,47.1753,,
41958,167.952,,
41174,47.98,,
40667,37.84,,
41621,94.68,,
41451,197.28,,
41026,93.42,,
41144,95.85,,
40578,83.84,,
41425,133.696,,
41164,66.768,,
41586,35.712,,
41934,108.04,,
41176,156.546,,
41628,27.06,,
41806,191.835,,
41596,29.1,,
41738,82.56,,
41808,175.4703,,
41858,140.67,,
40892,160.272,,
41402,63.84,,
41229,76.68,,
41004,157.794,,
41625,34.944,,
41802,229.56,,
41509,133.11,,
41673,23.34,,
41908,69.804,,
41767,320.6115,,
41191,29.4,,
40816,48.5109,,
41237,74.55,,
41186,69.012,,
41739,88.83,,
41178,166.8,,
41120,49.44,,
41033,49.95,,
41395,117,,
41786,109.35,,
41886,134.73,,
41892,159.96,,
41967,78.304,,
41803,71.976,,
40875,40.122,,
41584,57.36,,
40938,61.92,,
41157,56.112,,
41557,26.88,,
40851,137.84,,
41089,59.94,,
40655,90.12,,
41876,168.63,,
41978,91.692,,
41491,78.66,,
41157,80.52,,
40926,86.96,,
41619,87.84,,
40862,72.24,,
41964,112.35,,
40876,152.4,,
40563,58.44,,
41735,45.846,,
41064,34.5114,,
41319,40.095,,
41229,179.82,,
41024,206.43,,
41879,96.96,,
40814,50.46,,
41240,123.6,,
41243,264.06,,
40638,47.4,,
41869,85.26,,
41451,68.72,,
41018,50.52,,
41921,31.86,,
41730,67.776,,
41813,85.32,,
41180,136.9,,
40969,63.48,,
41799,56.97,,
41226,73.425,,
41991,69.84,,
40719,84.3972,,
41731,32.508,,
41620,85.224,,
41888,147.184,,
41078,51.98,,
41598,18.48,,
41850,115.96,,
40942,90.882,,
41771,86.928,,
41444,90.96,,
41520,105.6,,
40878,58.32,,
41403,58.02,,
41613,48.06,,
41045,135.72,,
41797,171.84,,
40758,47.4,,
41180,66.36,,
41480,94.08,,
41786,255.42,,
41137,155.88,,
41499,228.96,,
41852,92.7,,
41207,79.36,,
41912,60.6,,
41949,196.98,,
41962,99.96,,
40866,51.948,,
41851,78.048,,
41916,252.41416,,
41121,82.032,,
41086,27,,
40857,67.92,,
41173,47.64,,
41435,58.752,,
41453,26.73,,
40708,111.375,,
40758,41.85,,
40934,266.04,,
41233,60.45,,
41914,61.776,,
41032,59.904,,
41169,209.97,,
41255,97.88,,
41688,175.44,,
41254,110.528,,
40639,70.95,,
41521,134.61,,
41976,124.5,,
40870,138.24,,
41702,57.96,,
40764,58.8,,
41507,176.88,,
41830,84.84,,
40939,215.541,,
41146,38.556,,
41830,195.64,,
41634,100.8,,
40939,53.7,,
40681,76.74,,
40641,218.592,,
41953,67.92,,
41221,70.2,,
41856,56.97,,
41542,139.125,,
41634,136.2,,
41533,65.772,,
40788,131.76,,
40890,94.428,,
40921,77.6,,
41908,190.896,,
40953,70.74,,
41829,77.616,,
41628,188.256,,
41599,90,,
41346,63.36,,
41830,43.83,,
40838,101.4,,
41512,97.68,,
41575,94.65,,
41508,130.284,,
41608,73.8,,
41534,95.64,,
41282,184.464,,
40921,52.776,,
41926,96.784,,
40774,69.456,,
41940,48.87,,
41422,62.16,,
41814,98.88,,
41786,146.64,,
40689,51.7,,
40686,185.856,,
41809,40.008,,
40850,181.17,,
41085,249.9,,
41844,127.71,,
41401,71.199,,
41044,31.92,,
41444,79.533,,
41075,50.22,,
41484,59.04,,
40759,204.15,,
41096,80.736,,
40651,133.12,,
41774,80.58,,
41435,102.72,,
40829,97.52,,
41453,106.16,,
42002,52.488,,
41158,53.28,,
41729,52.86,,
41438,100.74,,
41989,81.375,,
41772,67.23,,
41612,152.442,,
41779,60.3,,
41908,221.85,,
41817,147.78,,
41626,68.796,,
41017,89.99,,
40709,99.918,,
40899,124.032,,
41319,91.098,,
41118,54.66,,
41338,84.256,,
41542,174.12,,
41618,33,,
41138,93.69,,
41891,64.2,,
40723,86.535,,
41169,74.9988,,
41585,43.8,,
40808,642.78,,
41971,49.1787,,
41956,101.61,,
41589,89.568,,
41337,134.85,,
41589,61.4,,
41039,70.97,,
41568,90.612,,
41949,144.33,,
41625,69.96,,
41438,58.716,,
41444,137.22,,
41902,131.76,,
40776,396.252,,
41461,154.872,,
41054,123.72,,
41907,99.12,,
41583,45.248,,
40711,62.016,,
41577,65.16,,
40767,41.43,,
41510,118.2,,
41787,114.78,,
41127,73.08,,
41185,57.28,,
41353,213.78,,
41470,51.78,,
41865,81.42,,
41435,186.36,,
40673,92.421,,
41824,143.1,,
41129,50.94,,
41969,146.79,,
41397,131.223,,
40925,68.67,,
41201,98.22,,
41410,84.56,,
41078,25.12,,
41900,20.2,,
41080,199.392,,
41633,103.38,,
41261,55.566,,
40861,165.42,,
41248,101.1,,
41547,135.168,,
41620,111.3,,
40885,108.42,,
41223,549.99,,
41342,108.576,,
41829,141.9,,
41344,195.444,,
40926,97.92,,
41929,105.44,,
41394,80.82,,
40700,79.2,,
40973,137.34,,
41696,123.9405,,
41275,115.236,,
41599,86.97,,
41296,109.9,,
41842,25.99,,
41999,112.92,,
40878,117.66,,
41505,93.94,,
41958,1245.6,,
40584,50.16,,
41214,99.3012,,
41214,53.55,,
41071,166.5,,
41680,71.2161,,
40807,67.35,,
41169,124.2,,
41841,163.764,,
41242,52.59,,
41570,65.136,,
41397,88.68,,
41162,51.12,,
41632,82.863,,
41929,56.52,,
41900,177.3,,
41799,59.994,,
41634,121.9848,,
40828,90.504,,
40630,188.76,,
41129,39.66,,
41241,48.45,,
41425,172.08,,
41802,141.63,,
41353,72.54,,
41348,167.86,,
41530,105.12,,
41879,84.159,,
41522,184.437,,
41152,122.796,,
41177,249.7257,,
40700,50.868,,
41246,131.7708,,
41589,120.816,,
41947,54.648,,
41246,67.98,,
41095,67.9,,
41877,64.68,,
41215,80.28,,
41963,84.69,,
41081,98.64,,
40756,53.4,,
40791,876.231,,
41981,109.38,,
40935,101.88,,
41480,108.756,,
41594,99.39,,
41815,47.88,,
41093,143.13,,
41131,30.69,,
40771,63.2,,
41045,43.11,,
41330,142.905,,
41051,73.2,,
41122,131.85,,
41493,116.04,,
41438,153.12,,
41526,22.05,,
41543,46.17,,
41603,101.268,,
41865,59.52,,
41431,58.24,,
41104,127.764,,
41949,164.688,,
41562,111.96,,
40742,268.32,,
41992,121.536,,
41396,336.36,,
41092,109.08,,
40917,87.72,,
41884,107.94,,
41173,52.98,,
40695,57.6,,
40748,39.6,,
41180,106.1775,,
41430,61.12,,
40893,114.2,,
40653,44.84,,
41700,53.76,,
41766,169.76,,
41708,45.2,,
40800,23.6,,
40899,136.5,,
41064,229.5,,
41448,50.625,,
41674,54.45,,
41478,54.864,,
41577,108.99,,
41816,117.18,,
40795,153.657,,
41549,103.572,,
41933,145.85,,
41635,65.16,,
41299,157.68,,
41524,26.28,,
41953,133.2,,
41633,77.28,,
41377,164.2,,
41795,146.79,,
41240,105.408,,
40758,66.45,,
41181,28.23,,
41246,112.896,,
41941,127.413,,
41815,60.9765,,
41711,35.478,,
41194,19.9,,
41920,50.454,,
41523,96.08,,
40825,144.6,,
40714,49.32,,
41857,45.69,,
41974,127.92,,
40653,86.04,,
40654,150.12,,
41457,119.16,,
41816,56.76,,
41002,102.192,,
40684,62.316,,
41963,147.888,,
41899,125.22,,
41803,169.92,,
41702,81.315,,
41171,52.86,,
41806,78.66,,
41586,119.976,,
41226,62.31,,
41860,197.49,,
41241,228.78,,
41156,75.28,,
41193,63.488,,
41816,32.22,,
41317,103.2,,
41975,45.72,,
40785,95.94,,
41012,211.372,,
41624,105.72,,
41960,118.32,,
41610,98.3,,
41597,126.72,,
41982,83.97,,
41038,71.361,,
41611,170.34,,
40589,127.26,,
41800,95.04,,
41030,55.98,,
41955,51.66,,
41664,76.62,,
41501,108.3648,,
40735,124.11,,
40890,90.24,,
41848,91.032,,
41586,101.46,,
41772,58.14,,
41457,101.4,,
41631,107.856,,
40676,98.64,,
41479,99.32,,
41223,252.71356,,
41500,92.12,,
40854,110.952,,
41415,80.5,,
41144,147.672,,
40662,56.46,,
41922,73.41,,
41701,59.94,,
41174,77.3394,,
41787,38.7693,,
41683,55.56,,
41808,103.599,,
41935,63.9,,
41242,56.3,,
41725,143.96,,
41377,194.352,,
41487,101.208,,
40574,84.672,,
41045,59.96,,
41418,193.4124,,
41415,232.62,,
40930,150.57,,
40868,115.11,,
41985,114.3,,
41404,87.912,,
41976,701.96,,
41302,66.24,,
40638,116.25,,
40841,87.72,,
41221,227.7,,
41907,151.36,,
41877,91.314,,
41736,218.16,,
41219,105.72,,
41985,29.079,,
40883,28.8,,
40792,149.34,,
41974,81.99,,
41989,62.8,,
41194,62.56,,
41050,79.2,,
40784,86.52,,
41506,65.7,,
41684,225.471,,
40760,99.54,,
41767,101.952,,
40603,137.352,,
41919,143.7,,
41017,74.352,,
41974,79.29,,
41240,36.6,,
41957,72.96,,
41697,56.64,,
40799,27.3,,
41619,74.97,,
41550,110.76,,
40590,150.03,,
40768,78.75,,
41753,121.94,,
41873,50.52,,
41773,92.64,,
41428,94.38,,
40886,137.31,,
40806,40.16,,
41940,303.3,,
41576,82.8,,
41699,59.4,,
40868,94.35,,
41565,151.2,,
41674,65.584,,
41802,61.44,,
41078,28.98,,
41436,110.7,,
41260,43.008,,
41803,42.92,,
40977,63.9,,
41209,140.76,,
41983,100.8,,
41711,45.36,,
40980,177.7275,,
40791,71.94,,
41589,81.0975,,
41936,507.12,,
40931,75.78,,
41426,79.884,,
41589,70.008,,
40641,49.792,,
41897,127.936,,
41816,68.13,,
41596,304.2,,
41312,115.008,,
41557,100.48,,
41491,54.32,,
41983,48.3,,
41450,33.36,,
41246,75.78,,
40889,278.424,,
41519,73.2336,,
41183,52.947,,
40760,90.84,,
41403,109.8,,
41946,25.02,,
41623,134.8,,
41941,144.33,,
40709,69.264,,
40836,82.86,,
42002,31.08,,
40662,150.066,,
41873,99.12,,
40875,45.66,,
41765,89.991,,
40942,74.52,,
41983,141.09,,
41143,74.61,,
41488,109.98,,
41473,41.16,,
40829,40.96,,
41606,65.48,,
41241,46.6,,
40546,195.2,,
41366,59.36,,
41507,112.95,,
41074,61.236,,
41696,53.568,,
41870,386.856,,
40610,100.8,,
41262,76.128,,
41899,139.5,,
41996,86.7,,
41494,42.48,,
41562,43.2,,
42000,55.36,,
41886,50.4,,
41609,336.72,,
40558,169.5,,
41029,101.76,,
40959,100.26,,
41477,113.7,,
41663,56.52,,
41239,146.7,,
40625,48.4632,,
41736,101.04,,
41984,21.9,,
41627,183.84,,
40638,52.096,,
40603,98.94,,
41506,97.74,,
41225,123.36,,
40911,134.16,,
41716,99.72,,
41422,36.288,,
41509,160.224,,
41769,88.26,,
41900,413.451,,
41964,119.07,,
41487,109.95,,
41998,97.86,,
41929,124.75,,
41083,63.18,,
40848,50.436,,
40546,122.58,,
41451,311.4,,
40639,69.78,,
41038,88.02,,
41427,134.7,,
41999,98.4,,
40614,166.8,,
40830,107.775,,
41670,83.8248,,
40849,227.82,,
40597,168.6,,
41808,101.52,,
41921,45.4176,,
41304,187.0239,,
41267,72.704,,
40564,66.58,,
41968,33.29,,
41674,99.72,,
41596,133.2,,
41911,110.784,,
41726,41.6,,
41971,88.032,,
41197,65.6,,
41453,93.42,,
41323,23.64,,
41968,109.08,,
41855,295.56,,
41046,84.69,,
41542,127.95,,
41763,61.2,,
41638,50.58,,
40822,124.41,,
41711,97.02,,
40834,248.28,,
41779,100.8,,
41522,59.136,,
40882,49.68,,
40822,203.14,,
41257,51.72,,
41130,58.65,,
40723,250.2732,,
41017,61.96,,
41543,68.64,,
40737,108.66,,
41137,76.905,,
41577,55.86,,
41867,45.72,,
40588,77.28,,
41671,97.2,,
41737,151.38,,
41536,163.704,,
41627,50.5,,
40824,92.64,,
41815,41.472,,
40883,180.252,,
41187,81.7218,,
41907,94.05,,
41776,109.7895,,
41949,117.18,,
40897,62.31,,
41125,125.22,,
41893,21.222,,
41367,172.89,,
41473,54.66,,
41450,59.4,,
41975,118.8,,
41899,61.392,,
41232,40.36,,
41473,119.16,,
41562,117.6,,
41878,52.704,,
41494,55.74,,
41446,76.86,,
41065,196.7715,,
40708,137.565,,
40716,82.782,,
41618,205.08,,
40892,84.24,,
41846,41.16,,
41698,110.025,,
40752,73.65,,
41067,34.98,,
41002,80.244,,
41094,99,,
41691,114.3,,
41277,72.45,,
41589,170.1,,
40801,36.882,,
40982,123.21,,
41250,46.26,,
41612,112.8,,
41764,116.04,,
41387,78.272,,
41778,113.94,,
40854,46.32,,
41900,40.4,,
40850,82.26,,
41962,49.76,,
41986,36,,
41439,76.05,,
41453,148.5,,
41393,174.33,,
40863,91.935,,
41913,95.616,,
40546,69.3,,
40689,225.296,,
41145,40.032,,
41589,191.898,,
40974,85.32,,
41704,200.88,,
41934,120.08,,
41863,131.52,,
41564,41.6,,
41403,133.02,,
41338,74.48,,
41376,85.48,,
41789,52,,
41925,37.44,,
40892,68.04,,
41893,54.75,,
40872,73.872,,
41911,108.7881,,
40952,69.786,,
41242,284.4,,
41694,99,,
41242,49.98,,
41974,50.1,,
41789,58.74,,
41480,93.12,,
41526,97.26,,
40858,78.44,,
41091,157.86,,
41816,88.695,,
40794,97.68,,
40669,161.16,,
41561,107.784,,
41047,100.38,,
42004,209.3,,
41990,80.46,,
40851,97.68,,
40933,79.08,,
41613,90.42,,
40946,105.06,,
41080,100.54,,
41948,101.1,,
40864,154.92984,,
41975,64.88,,
41215,32.208,,
41736,123.456,,
41123,79.8,,
40773,303.66,,
41442,53.217,,
41094,66.36,,
41471,160.5741,,
41284,191.808,,
40700,82.98,,
41254,46.344,,
41912,51.168,,
41796,41.364,,
41159,124.011,,
40987,71.1,,
41913,96.42,,
41412,52.98,,
41934,102.88,,
41515,134.92,,
40666,175.7,,
41680,88.47,,
41815,66.6,,
41004,26.1,,
41502,74.0658,,
41185,103.2,,
41213,85.752,,
41332,130.896,,
41899,55.992,,
40974,40.32,,
41668,36.459,,
41473,44.7,,
40885,53.64,,
40703,62.4,,
41912,55.44,,
41261,64.38,,
41021,241.38,,
41565,52.4223,,
41691,315.252,,
41520,80.0415,,
41617,114.95,,
41015,43.56,,
40691,136.96,,
41589,31.104,,
41638,129.6,,
41883,155.142,,
40697,24.09,,
41155,49,,
41478,232.32,,
41706,111.06,,
41905,141.12,,
40854,84.36,,
41390,137.16,,
41768,56.9214,,
41067,50.16,,
40784,78,,
41500,119.3772,,
41500,141.15,,
41957,43.6,,
41620,100.26,,
41538,705.072,,
40770,88.536,,
40873,150.93,,
41811,98.055,,
41316,308.718,,
41760,47.0799,,
41765,69.0945,,
41753,110.646,,
41103,41.568,,
40688,75.6,,
41943,16.192,,
41767,244.5,,
41781,181.884,,
41718,53.28,,
41327,32.19,,
40799,63.04,,
41992,89.504,,
41246,78.48,,
41985,88.1,,
41955,154.2,,
41978,123.6,,
40864,82.35,,
40771,111.72,,
40962,317.4003,,
41254,101.76,,
41793,207.684,,
41353,37.7982,,
41947,43.5,,
41996,141.96,,
41118,46.656,,
41817,100.74,,
41865,200.88,,
41163,97.86,,
41486,59.19,,
41369,29.98,,
41788,117.6,,
41556,108.6288,,
41437,85.14,,
40945,156.744,,
41538,65.79,,
41903,104.85,,
40903,72,,
41037,97.12,,
41886,87.456,,
41891,95.06948,,
41583,158.1,,
41093,88.76,,
41213,84.12,,
41688,280.92,,
41023,84.375,,
41068,228.744,,
41451,113.04,,
41015,62.9004,,
41315,96.2505,,
41916,52.74,,
41501,39.42,,
41905,98.16,,
41569,154.44,,
41043,122.91,,
41430,262.14,,
41177,78.309,,
41220,100.32,,
41885,79.74,,
41436,140.56,,
41996,54,,
40661,87.3,,
41199,131.67,,
41503,85.14,,
41513,31.482,,
41117,87.42,,
41542,53.7,,
41992,134.46,,
41920,114.84,,
40703,114.9,,
41947,139.86,,
41590,83.36,,
41186,64.944,,
41976,79.47,,
41774,76.864,,
41381,44.79,,
41500,25.38,,
41603,100.02,,
41997,121.14,,
41283,84.32,,
41977,60.16,,
40686,464.64,,
41058,53.64,,
40603,63.36,,
41873,153.972,,
41989,105.3,,
41912,90.36,,
41926,105.48,,
40704,75.24,,
41439,136.62,,
41444,158.4198,,
41250,102.9,,
41871,146.412,,
40718,95.688,,
40676,149.97,,
41083,165.98,,
40908,34.77,,
41066,65.592,,
41876,104.88,,
41245,96.78,,
40773,102.27,,
41753,78.288,,
41523,58.98,,
41760,140.76,,
41402,39,,
41200,97.335,,
41725,139.23,,
41167,68.64,,
41887,149.445,,
41468,95.76,,
40674,100.792,,
40848,69.52,,
41997,70.92,,
41942,101.46,,
41605,52.92,,
40600,58.28,,
40659,48.96,,
41835,72.54,,
41804,90.84,,
41767,101.97,,
41862,185.76,,
41901,95.904,,
40840,69.039,,
41509,60.6,,
41051,67.752,,
41284,29.01,,
41127,82.044,,
40850,35.397,,
41847,163.1448,,
41085,78.256,,
41918,61.96,,
41921,145.764,,
41349,45.68,,
41114,47.76,,
41137,53.52,,
41599,162.06,,
41737,109.04,,
41131,73.53,,
40900,133.5,,
40947,141.33,,
41124,50.4,,
41815,248.22,,
41510,95.28,,
40902,70.92,,
40906,119.8,,
41001,71.976,,
40632,129.3,,
40788,107.28,,
41838,50.52,,
41305,30.204,,
41376,79.62,,
41410,131.28,,
40807,85.6284,,
40892,159.296,,
41941,88.8,,
41716,22.005,,
41982,68.295,,
41368,34.65,,
41071,44.52,,
41167,110.7,,
40903,99.6135,,
41454,97.32,,
41527,145.53,,
41523,70.95,,
40984,85.9,,
41620,30.98,,
41804,36.384,,
40740,107.28,,
41071,137.16,,
41774,51.6,,
41536,45.48,,
41815,104.1,,
41907,137.712,,
41001,143.91,,
41528,163.8,,
40546,68.868,,
41536,64.26,,
41435,121.05,,
40544,66.12,,
41228,97.92,,
42002,188.16,,
41942,82.7,,
40864,131.94,,
41999,93.42,,
41571,32.04,,
41877,103.62,,
40855,83.79,,
41227,44.28,,
40891,65.34,,
41683,150.606,,
41051,213.705,,
41345,45.98,,
41073,36.624,,
40870,62.808,,
40794,172.764,,
41605,128.37,,
41331,98.1,,
41587,38.904,,
40906,55.56,,
41431,84.69,,
40855,85.02,,
41757,139.23,,
40806,34.74,,
41750,113.46,,
41743,131.868,,
41416,82.656,,
41521,198.744,,
41488,34.92,,
41893,107.07,,
41607,136.38,,
40823,43.86,,
40705,74.2,,
41956,288.08268,,
40793,19.332,,
41295,133.584,,
41250,375.9,,
41205,65.34,,
41158,65.934,,
41632,23.841,,
40893,30.7665,,
41058,167.76,,
41935,177.225,,
41589,29.74,,
41949,49.86,,
41587,44.964,,
42000,53.5,,
41233,176.64,,
41006,94.72,,
41577,69.84,,
41053,67.84,,
41960,96,,
41796,55.86,,
41155,102.72,,
41958,163.62,,
41968,87.966,,
41137,33.615,,
40742,111.024,,
40900,166.14,,
41696,53.97,,
41317,86.5926,,
40949,47.412,,
40893,35.9976,,
41970,43.47,,
41983,56.46,,
41731,102.9,,
41166,92.817,,
41520,85.68,,
41815,105.84,,
41985,58.6,,
40764,66.48,,
40732,50.949,,
40627,71.3433,,
41480,112.8,,
41971,46.94,,
41641,141.42,,
41665,103.56,,
41085,106.044,,
41136,244.98,,
41135,109.2,,
41989,112.62,,
41072,96.42,,
41409,219.78,,
41194,54.12,,
41040,110.16,,
41153,136.26,,
40781,116.508,,
41879,40.176,,
40695,166.72,,
41463,59.994,,
41306,105.52,,
41779,103.572,,
41152,118.8,,
41597,504,,
41375,44.94,,
41950,55.14,,
40756,90.234,,
41450,65.92,,
40807,133.344,,
41926,53.28,,
41810,109.52,,
41802,154.26,,
41691,29.01,,
41598,21.48,,
41270,105.42,,
41571,54.816,,
41715,46.51,,
40620,122.352,,
41587,98.64,,
41052,174.96,,
41227,157.2848,,
40835,66.72,,
41145,183.15,,
41999,189.756,,
41869,96.84,,
40808,115.11,,
40774,66.33,,
41673,157.302,,
40640,81.18,,
41101,77.535,,
41976,43.98,,
40675,143.046,,
41171,66.36,,
41145,24.48,,
41517,66.684,,
41606,94.02,,
40793,100.2,,
41981,89.248,,
41163,96.95,,
41585,163.05,,
41545,37.8,,
41602,24.84,,
41811,75.87,,
41569,70.308,,
40696,182.7546,,
41971,149.931,,
41201,213.12,,
41538,117.126,,
41060,35.154,,
41589,56.304,,
41318,146.82,,
41167,55.968,,
41834,91.008,,
41965,55.176,,
41544,48.33,,
41973,95.28,,
41538,112.92,,
41905,96.12,,
41711,44.24,,
41996,130,,
41498,50.04,,
41438,137.4,,
41871,125.8485,,
41361,47.52,,
41491,117.6,,
41377,63.9,,
41239,104.9,,
40834,61.96,,
41565,120.666,,
41397,90.48,,
40900,152.652,,
41739,175.83,,
40940,95.517,,
40760,107.94,,
41722,52.38,,
41890,119.52,,
41964,132.84,,
41807,104.328,,
41072,74.115,,
40806,100.38,,
41871,60.2928,,
41418,165.9,,
41808,133.44,,
41866,177.6,,
41422,65.92,,
41582,124.32,,
41918,51.78,,
40880,35.55,,
41533,93.6,,
41437,214.14,,
41388,187.785,,
41739,35.97,,
41159,47.516,,
41915,95.144,,
41974,95.976,,
41522,63.84,,
41970,71.6,,
41424,132.58,,
40886,113.82,,
41970,103.2,,
41497,88.128,,
41963,188.16,,
40756,38.367,,
41305,107.07,,
41948,42.48,,
41855,26.64,,
41408,104.112,,
40822,63.84,,
41632,58.52,,
41111,145.472,,
41928,63.552,,
41702,123.06,,
41164,85.46,,
41220,70.56,,
41495,57.12,,
40866,147.96,,
40785,84.6,,
41856,174.7728,,
40704,82.944,,
41250,44.46,,
41184,53.568,,
41347,86.928,,
40717,135.84,,
42004,138.24,,
41491,118.24,,
40703,110.88,,
41225,40.92,,
41226,70.48,,
41874,119.472,,
41978,248.022,,
41271,1010.94,,
41940,64.56,,
41660,192.06,,
41641,58.5,,
41361,50.6892,,
41576,47.952,,
41584,171.96,,
40607,59.52,,
41894,67.9,,
41124,119.64,,
41597,65.2,,
40809,61.308,,
40864,102.9,,
41877,51.45,,
40883,141.8055,,
41708,46.9368,,
41956,62.88,,
41391,37.35,,
41626,111.93568,,
41085,75.69,,
41590,185.76,,
41811,24.72,,
41886,25.137,,
41934,71.376,,
40652,58.05,,
40603,129.552,,
41870,174.33,,
40927,47.4,,
41554,79.92,,
41187,29.6,,
41999,33.5,,
41962,77.04,,
41245,84.06,,
40858,193.89144,,
41071,52.92,,
41862,96.84,,
41901,99.96,,
40554,97.02,,
41622,34.2,,
41410,91.98,,
41978,121.8,,
41358,61.4376,,
41813,67.89,,
40803,55.14,,
40810,211.96,,
41576,49.536,,
41859,104.8,,
41282,96,,
41135,53.91,,
40893,75.96,,
40897,116.34,,
41958,61.68,,
41818,74.55,,
41845,48,,
41767,95.688,,
41744,102.54,,
41159,144.42,,
40771,97.86,,
41145,88.47,,
41152,58.32,,
41466,44.856,,
40824,123.92,,
41570,171.09,,
41215,52.866,,
40767,64.488,,
41926,79.368,,
40838,52.2,,
41453,52.74,,
41498,116.25,,
41907,95.22,,
41569,78.354,,
40635,111.84,,
41521,29.565,,
41766,88.254,,
41516,64.624,,
40991,107.772,,
41949,67.8,,
40764,87.84,,
40681,148.8,,
41220,68.67,,
40689,122.985,,
41944,58.98,,
40758,102.3,,
40782,29.12,,
40805,67.344,,
40850,48.896,,
40812,137.208,,
41956,48.66,,
41135,126.96,,
41572,95.04,,
40954,153.192,,
41066,54.18,,
41379,131.66,,
41595,95.88,,
41191,22.05,,
40890,47.52,,
41246,137.0262,,
41688,30.144,,
41055,123.066,,
41129,110.1,,
41708,49.848,,
41846,99.54,,
41798,60.24,,
41330,87.96,,
41155,73.92,,
41778,227.12,,
41992,67.72,,
41812,65.28,,
41134,108.48,,
41463,268.5,,
41103,45.846,,
40735,54.1824,,
41976,29.79,,
41281,44.4,,
41529,63.64848,,
40900,68.676,,
41731,59.1,,
40666,54.66,,
41760,71.28,,
41341,52.38,,
41438,33.45,,
40721,50.46,,
40898,40.38,,
41218,86.256,,
41214,120.06,,
41430,71.4,,
41998,80.2314,,
40552,123.753,,
41164,105.98,,
41270,131.104,,
41313,48.87,,
41606,59.82,,
41949,84.3,,
41634,54.711,,
41996,86.04,,
41745,130.48,,
40970,97.92,,
41500,154.953,,
41579,157.59,,
41982,86.115,,
41857,148.17,,
41597,61.192,,
41414,87.84,,
40563,48,,
41852,33.18,,
41703,104.412,,
41441,140.94,,
41935,50.46,,
41206,127.68,,
41380,81,,
41143,37.44,,
41451,66.48,,
41180,111.96,,
41273,49.77,,
41963,56.16,,
40700,88.668,,
40904,79.5804,,
41432,116.391,,
40855,90.414,,
41761,81.48,,
40690,88.08,,
41163,177.282,,
41871,80.865,,
41544,154.953,,
40860,90.99,,
41515,81.27,,
40774,176.19,,
41039,36.72,,
41302,113.949,,
41769,63.24,,
41827,122.136,,
40906,88.8,,
41978,182.22,,
41715,50.73,,
41440,59.82,,
41043,144.64,,
40666,62.4,,
40850,73.1,,
41943,35.1,,
40702,112.833,,
41530,88.11,,
41915,65.99,,
41878,54.18,,
40681,47.64,,
41164,39.36,,
40905,175.68,,
41612,46.17,,
40905,39.56,,
41928,70.096,,
41537,97.92,,
41039,454.24,,
41950,75.42,,
40701,117.6,,
41519,103.2,,
41317,100.92,,
41687,62.6142,,
41589,201.3165,,
41373,52.56,,
40777,80.1,,
40823,129.92,,
41088,119.56,,
41216,39.4,,
40738,103.08,,
41582,122.28,,
41579,94.02,,
41188,31.512,,
41320,128.385,,
41133,59.58,,
41870,76.44,,
41804,84.78,,
40752,42.6786,,
40961,85.23,,
41165,54.54,,
41736,82.2,,
41144,65.55,,
41104,47.7,,
41489,61.344,,
41974,173.8,,
41451,85.246,,
40714,66.6,,
41575,81.744,,
41339,45.09,,
41820,43.68,,
41628,65.6613,,
41684,123.12,,
40647,55.92,,
41178,49.68,,
40693,25.584,,
41962,127.386,,
40835,146.73,,
41240,241.32,,
41808,49.74,,
41786,55.14,,
41527,82.656,,
41778,121.12,,
41124,65.7,,
41040,341.46,,
40912,28.779,,
41820,81.672,,
41233,268.4538,,
41615,119.1,,
41902,93.042,,
41808,96.39,,
40697,99,,
41075,26.94,,
40807,78.35,,
41585,36.112,,
40821,91.92,,
41893,68.04,,
41815,97.74,,
41436,74.52,,
41740,48,,
41514,164,,
41596,78.44,,
41820,129.04,,
41563,170.112,,
41948,82.35,,
41883,93.24,,
41477,109.9485,,
41100,78.507,,
40780,143.7678,,
41898,163.96,,
41068,173.208,,
40723,74.16,,
41191,59.22,,
41505,131.283,,
40904,70.74,,
41632,40.92,,
41631,132.03,,
41771,92.64,,
40837,117.18,,
40626,30.84,,
41159,99.63,,
41384,73.2,,
41906,73.176,,
41612,81.69,,
41687,109.08,,
40791,51.84,,
41254,105.96,,
41841,29.88,,
40900,100.26,,
41264,172.029,,
41687,86.346,,
41120,146.61,,
40804,71.1,,
41233,99.765,,
41562,94.44,,
41671,84.78,,
41964,77.6,,
40683,38.52,,
41744,242.352,,
41230,541.24,,
41601,134.272,,
41844,58.32,,
41365,204.54,,
41162,36.882,,
41718,30.45,,
41794,20.292,,
41043,50,,
41495,51.36,,
40876,90.2,,
41529,131.52,,
41380,36.4,,
41520,91.38,,
40885,59.22,,
41850,178.551,,
41193,81.42,,
41961,84.078,,
41443,40.74,,
40800,68.46,,
41766,84.416,,
41180,55.98,,
41717,119.88,,
41578,30.15,,
41928,106.32,,
41901,27.936,,
41021,100.176,,
41542,90.666,,
41356,136.38,,
41488,95.4954,,
40858,113.64,,
41361,33.9465,,
41641,83.808,,
42002,72.45,,
41618,79.974,,
41802,102.96,,
41165,25.032,,
41029,58.08,,
41228,27.297,,
41933,31.2,,
41906,126.348,,
41957,46.32,,
41898,127.92,,
41501,118.48,,
41983,150.3,,
40961,97.5,,
41779,148.5,,
41883,75.6,,
41334,116.34,,
41118,315.981,,
40690,99.54,,
41492,80.1,,
41128,73.5,,
41399,120.717,,
41271,123.504,,
41617,141.75,,
40851,65.5875,,
41060,58.38,,
41197,263.88,,
41865,83.79,,
41922,35.2,,
40854,46.74,,
41788,106.56,,
40788,105.3,,
40623,87.912,,
41066,57.75,,
40857,206.4,,
41620,87.21,,
40804,72.93,,
41653,68.352,,
41998,113.76,,
41131,54.4416,,
41026,103.56,,
41810,97.82,,
41903,80.991,,
41604,59.976,,
40944,128.43,,
41691,69.84,,
40677,96,,
40847,67,,
41962,102.4,,
40771,205.44,,
41127,95.64,,
41535,89.19,,
41277,176.88,,
41833,22.14,,
41067,80.3772,,
40894,119.88,,
41985,101.493,,
41795,129,,
41054,60.156,,
41089,78.84,,
40812,143.952,,
40865,67.15,,
41384,139.968,,
41131,85.68,,
41739,113.7,,
40830,167.34,,
41924,81.27,,
41795,67.08,,
41955,86.625,,
41080,95.76,,
41027,83.25,,
40673,71.91,,
41179,33.39,,
41064,73.35,,
41694,83.58,,
40836,142.992,,
41284,79.92,,
41653,209.94,,
40655,58.17,,
41768,166.14,,
41524,229.3,,
41815,121.716,,
41965,102.72,,
41659,73.52,,
41829,30.816,,
40890,122.4,,
41082,48.3,,
41493,52.47,,
41627,144,,
41813,72.708,,
41383,59.8158,,
41162,51.52,,
40859,49.632,,
41912,97.3,,
41455,106.2,,
41942,90.96,,
40904,41.28,,
40854,104.904,,
41507,56.94,,
40920,52.86,,
41839,36.024,,
41243,146.7,,
40600,119.61,,
41234,103.302,,
41176,219.3,,
40546,135.1182,,
41930,109.89,,
40868,94.99,,
41649,118.05,,
42002,78.12,,
41233,48.3,,
41522,37.716,,
41388,31.8,,
41214,50.12,,
41487,113.28,,
41900,79.28,,
41318,63.32,,
40954,52.86,,
40631,37.98,,
41962,29.91,,
41983,41.514,,
41936,65.55,,
41121,60.654,,
41515,108.576,,
41327,84.96,,
41775,47.49,,
41584,76.74,,
41157,101.43,,
41702,38.1,,
41905,166.8,,
41999,83.4,,
41857,67.92,,
41680,143.52,,
41603,61.47,,
41410,99.828,,
40974,32.64,,
41965,87.36,,
41213,427.59,,
41864,132.84,,
41907,72,,
41935,184.76,,
41050,193.98,,
40848,94.128,,
41601,75.76,,
41956,124.26,,
40721,113.88,,
40880,50.31,,
41621,74.25,,
41225,150.606,,
40602,125.3325,,
41804,125.235,,
41762,99,,
41894,34.504,,
41928,152.65,,
40931,99.72,,
40875,98.64,,
41506,140.76,,
41976,71.85,,
41592,175.68,,
40823,47.04,,
41913,70.08,,
41453,73.2,,
41822,100.68,,
40955,34.236,,
40611,93.84,,
41780,80.58,,
41632,131.85,,
40963,162.06,,
40770,32.736,,
41564,54,,
41943,30,,
41613,104.85,,
41369,89.97,,
41793,39.042,,
41206,47.49,,
41738,97.44,,
41086,100.92,,
41647,67.44,,
40644,107.1,,
41866,92.82,,
41815,133.164,,
40861,84.96,,
42002,294.3,,
40591,126.6912,,
41446,37.485,,
41051,133.785,,
41558,177.3,,
41410,91.96,,
41170,65.08,,
41597,48.848,,
41921,103.192,,
41226,63.98,,
40799,93.18,,
41726,73.02,,
41191,102.54,,
41907,81.62,,
40737,67.28,,
41801,220.92,,
41863,90.63,,
41862,102.195,,
41878,91.98,,
41557,174.33,,
41769,101.016,,
40763,121.376,,
41361,56.46,,
41449,206.4,,
41445,54.54,,
41985,117.72,,
41468,48.45,,
40788,50.28,,
41940,42.84,,
41934,102.54,,
41975,94.92,,
40826,113.64,,
41874,289.8,,
41920,88.02,,
40624,118.665,,
41390,82.8,,
41431,124.608,,
40792,41.88,,
41891,42.616,,
41668,36.432,,
41394,132.84,,
41538,98.5,,
41492,110.592,,
41311,84.9,,
41303,20.25,,
40745,51.63,,
41226,88.785,,
41927,97.8,,
41135,106.08,,
41925,78.66,,
40604,106.704,,
41626,90.0384,,
41509,113.552,,
40672,167.97,,
40826,46.872,,
41604,73.36,,
41055,105.686,,
40702,101.832,,
41512,40.104,,
40680,43.173,,
41548,115.68,,
41757,82.26,,
41820,82.8,,
41570,114.324,,
40755,25.62,,
40922,407.133,,
41879,51.9,,
41188,77.49,,
40982,47.04,,
41893,72.66,,
41463,174.51,,
40842,108.8355,,
41374,85.05,,
41465,165.28,,
41794,241.568,,
40702,28.23,,
41870,171.42,,
41992,36.9,,
41977,450.117,,
41137,88.47,,
41645,45.6,,
41474,98.88,,
41806,111.72,,
41404,53.28,,
41907,73.08,,
41702,88.47,,
40903,48,,
41554,121.23,,
41565,72.66,,
41760,62.96,,
41970,89.98,,
41172,37.68,,
41664,110.352,,
41829,90.96,,
40851,44.448,,
41135,201.84,,
40756,85.02,,
41447,42.12,,
41155,44.736,,
41172,88.1,,
41477,103.68,,
41834,274.32,,
40751,42.16,,
41968,132.6,,
41579,46.17,,
41477,79.056,,
40655,304.7166,,
41575,74.22,,
41521,48.16,,
41982,29.79,,
41933,45.528,,
41575,67.136,,
40750,206.4,,
41560,52.74,,
41191,43.56,,
41257,183.92,,
41694,17.73,,
41282,56.76,,
40857,136.728,,
40869,58.176,,
40999,56.88,,
41509,132.72,,
41062,44.28,,
41211,102.15,,
40759,124.011,,
40821,77.04,,
41656,87.3,,
41346,258.9,,
40943,94.896,,
41568,111.12,,
41624,78.12,,
41057,258.33,,
41934,50.52,,
41200,145.32,,
40883,75.8,,
41169,112.92,,
41836,304.38,,
41859,119.232,,
41274,200.34,,
41124,361.557,,
40862,59.82,,
40757,115.11,,
41964,69.96,,
41957,138.5436,,
41540,125.064,,
40687,49.626,,
41617,49.926,,
41971,240.6591,,
41020,61.02,,
41481,119.616,,
41332,56.82,,
41556,60.144,,
41021,64.14,,
41613,48.66,,
41263,168.12,,
41976,89.127,,
41757,109.2,,
40742,42.24,,
40673,85.02,,
41239,97.92,,
41544,35.76,,
41907,62.58,,
41807,52.866,,
41137,73.458,,
40878,75.72,,
41124,43.254,,
41048,50.796,,
41657,74.49,,
41128,76.8924,,
41167,147.184,,
41906,72.96,,
41888,125.73,,
41145,44.568,,
41071,18.36,,
40779,141.9,,
41214,114.8,,
40690,60.012,,
40816,113.52,,
41450,144.3,,
41982,55.6,,
41204,99.72,,
40630,167.76,,
41970,80.85,,
40942,61.32,,
41701,108.594,,
42002,72,,
41933,71.82,,
41893,72.684,,
40833,125.496,,
41691,68.704,,
41898,47.4,,
41659,79.92,,
41264,115.02,,
41487,98.46,,
40648,39.36,,
41327,72.36,,
41268,96.806,,
41937,89.64,,
41731,236.52,,
41969,97.86,,
41601,38.772,,
40625,44.1228,,
40898,198.66,,
41477,70.467,,
41226,60.588,,
40675,258,,
41862,50.436,,
40633,49.83,,
41218,44.208,,
41967,29.61,,
41792,41.664,,
41394,75.36,,
40737,94.08,,
41292,104.166,,
41984,118.4232,,
41809,69.2286,,
41913,52.8,,
41045,114.345,,
40829,61.128,,
41177,104.98,,
41988,43.7,,
41449,111.84,,
41967,88.26,,
41131,58.98,,
40681,149.58,,
41710,101.388,,
41978,147.3,,
41978,52.92,,
41578,58.64,,
41271,94.704,,
41523,75.69,,
41495,56.4768,,
41275,105.3,,
41898,66.87,,
41647,121.1634,,
40880,40.587,,
41801,54.18,,
40662,51.96,,
41950,127.372,,
41234,19.75,,
41853,186.54,,
41751,47.976,,
40956,44.028,,
41885,83.4,,
41043,47.7,,
40634,80.064,,
41230,60.544,,
41436,338.94,,
41982,144.825,,
41794,78.3,,
41960,87.03,,
41431,99.495,,
41243,155.7,,
41527,157.68,,
41912,336.51,,
41475,77.56,,
41134,31.56,,
41599,111.12,,
41606,50.52,,
41256,174.66,,
41647,92.64,,
41501,54.18,,
41772,32.88,,
41339,49.02,,
41618,32.8,,
40912,108.36,,
40766,113.88,,
41041,32.04,,
40905,183.951,,
41821,119.43,,
41516,79.11,,
41387,86.62,,
40954,139.95,,
41943,35.06,,
40953,71.976,,
41418,122.382,,
41472,75.98,,
40644,105.584,,
41688,57.594,,
41915,48.45,,
41444,101.328,,
41866,84.768,,
41139,51.81,,
41344,96.36,,
40598,56.91,,
41223,63.76,,
40787,100.68,,
41754,77.7,,
41166,119.04,,
41183,217.2375,,
41685,80.433,,
41038,57.3,,
41169,86.304,,
40745,99.2,,
40807,25.96,,
41384,71.96,,
41885,40.68,,
40866,221.16,,
40970,143.04,,
40978,73.224,,
41612,130.24,,
41604,86.265,,
40868,65.7,,
41685,82.95,,
41517,31.17,,
41992,43.65,,
41872,57.753,,
41397,181.8945,,
41877,68.79,,
41537,67.662,,
41639,171.36,,
40778,45.92,,
40992,46.9,,
40607,49.632,,
40688,101.58,,
40903,52.62,,
41910,93.06,,
41615,52.5,,
41566,78.312,,
41918,116.592,,
41720,78.64,,
40763,54.18,,
40784,63.792,,
41547,40.88,,
41879,321.92,,
41078,31.14,,
40794,86.994,,
41342,165.38856,,
41778,43.74,,
41557,35.2,,
41131,118.575,,
41249,89.55,,
40721,112.62,,
41860,117.1545,,
40929,346.74,,
41793,227.28,,
41012,54.816,,
40990,105.52,,
41365,54.66,,
41354,89.4,,
40815,66.684,,
40834,34.2,,
40685,44.96,,
41449,103.56,,
41897,118.59536,,
40672,53.28,,
41887,217.1,,
41899,645.711,,
41285,56.8905,,
40809,207.36,,
41839,74.91,,
41493,59.85,,
41939,63.7938,,
41766,54.66,,
41872,146.4,,
41688,67.2,,
41596,48.66,,
41355,48.45,,
40772,53.52,,
41436,49.08,,
41579,55.52,,
41423,65.34,,
40915,271.39,,
41893,39.48,,
41880,45.6,,
41234,89.28,,
41421,96.714,,
40670,171.36,,
41222,122.13,,
41815,95.92,,
41619,42.12,,
40718,100.26,,
40729,70.74,,
41871,81.9,,
40590,294.0108,,
40826,53.55,,
40985,60.6,,
40915,56.106,,
40877,61.8,,
41177,91.56,,
41046,47.952,,
41043,190.944,,
41234,108.96,,
41382,79.12,,
41543,60.048,,
41726,39.992,,
41865,90.96,,
41787,122.496,,
40605,126.15,,
40757,87.96,,
41415,36.44,,
41983,34.02,,
40546,35.883,,
41325,37.08,,
41242,89.208,,
41844,67.92,,
41073,114.21,,
41802,95.28,,
41089,66,,
40941,162.864,,
41240,38.97,,
40854,43.2,,
40889,50.94,,
41366,62.61,,
40945,104.364,,
40876,86.04,,
40850,89.504,,
41072,20.04,,
41534,86.25,,
41320,206.85,,
41985,111.078,,
41200,101.94,,
40904,226.8,,
41185,123.72,,
41801,88.776,,
41888,71.96,,
40848,68.704,,
41449,142.08,,
41773,121.86,,
41079,146.08,,
41453,23.1,,
41445,158.25936,,
40900,27.92,,
41529,95.94,,
41300,131.58,,
40945,155.22,,
40758,160.992,,
40592,81.54,,
41852,19.71,,
41428,51.648,,
41540,63.968,,
41614,143.4,,
41062,56.82,,
41911,159.66,,
41821,83.664,,
41640,34.56,,
41858,93,,
41904,66.672,,
40760,95.94,,
41718,29.61,,
41185,276.192,,
41163,87.936,,
41451,220.08,,
41893,71.328,,
41963,144.9,,
41291,78.84,,
41854,105.12,,
40991,50.28,,
41325,96.57,,
41624,27.81,,
41808,94.77,,
40893,110.0757,,
41869,155.007,,
41624,44.22,,
41123,154.278,,
41513,154.9,,
41535,113.888,,
41774,58.17,,
41890,135.3,,
41242,51.42,,
41865,52.53,,
40756,102.762,,
41353,61.0791,,
41052,51.45,,
41968,223.58,,
41692,277.14,,
41583,60.96,,
41963,113.46,,
41414,51.3084,,
41036,110.64,,
41897,230.05896,,
42002,64.2,,
41501,228.825,,
41452,57.96,,
41562,30.96,,
41081,144,,
41955,92.34,,
40812,105.57,,
41470,70.38,,
41837,56.052,,
40633,223.074,,
41086,122.88,,
40617,66.45,,
41188,113.76,,
41725,81.9,,
40616,37.68,,
41110,106.75,,
41977,83.92,,
41710,154.764,,
41304,50.784,,
41347,23.16,,
41297,103.68,,
41992,109.38,,
40592,37.2,,
41907,103.76496,,
41576,60.288,,
41047,55.14,,
41172,43.497,,
41962,512.622,,
41229,49.608,,
40882,109.8,,
41402,81.9,,
41544,100,,
41454,33.568,,
41983,29.36,,
40809,34.5,,
41449,109.8,,
40695,58.83,,
41781,19.02,,
41817,65.36,,
41611,141.36,,
41723,88.02,,
41235,102.54,,
40710,86.535,,
41718,132.03,,
41597,47.025,,
41016,102.84,,
41312,182.76,,
41871,86.496,,
40652,94.284,,
42002,95.364,,
40987,61.2,,
40960,75.75,,
41801,49.104,,
41798,280.44,,
41562,170.37,,
41984,185.0175,,
41683,124.092,,
41250,96,,
41367,102.024,,
40639,44.91,,
41984,49.08,,
41229,304.776,,
41960,33.29,,
40603,63.552,,
41806,120.96,,
41550,96.84,,
41957,41.58,,
41155,94.34192,,
41516,177.888,,
41124,74.22,,
41797,97.632,,
40791,104.04,,
41642,216.27,,
41543,103.275,,
41155,200.984,,
40731,69.008,,
40709,36.544,,
41859,55.76,,
41975,24.36,,
40932,98.82,,
41400,143.22,,
41895,82.8,,
41797,134.1,,
41075,248.022,,
41982,72.765,,
41404,76.95,,
41493,97.2345,,
41956,135.03,,
41915,58.05,,
41409,79.384,,
41604,160,,
41569,170.19,,
41215,199.08,,
40851,75.06,,
41845,112.92,,
41746,50.4,,
41478,131.64,,
41192,133.272,,
41535,105.14036,,
41949,67.92,,
41169,129.06,,
40779,84.672,,
40704,489.96,,
41590,68.04,,
40767,61.128,,
41215,316.035,,
40704,59.22,,
41795,77.6133,,
41996,48.7812,,
41234,130.32,,
40794,60.876,,
41383,76.2,,
41102,95.28,,
41227,122.04,,
41530,62.199,,
41908,82.548,,
41043,101.8,,
41677,50.94,,
41897,45.576,,
40822,258,,
41851,61.44,,
41179,42.24,,
40667,55.6017,,
41814,45.225,,
41992,75.24,,
41513,55.08,,
41013,99.21,,
40806,58.6044,,
41964,87.48,,
41248,97.424,,
41991,235.536,,
41656,128.16,,
41890,42.24,,
40653,127.89,,
41437,169.92,,
41890,109.32,,
40712,67.28,,
40710,93.18,,
41264,148.224,,
41583,100.22,,
41594,83.34,,
41173,162.12,,
41895,36.12,,
41855,75.96,,
40732,60.48,,
41958,52.83,,
41836,73.53,,
41079,83.088,,
41403,66.57,,
40560,84.375,,
41284,160.356,,
40847,140.22,,
41982,179.95,,
41907,103.056,,
41687,74.52,,
41484,56.652,,
41334,168.2,,
41432,55.92,,
41885,79.5,,
41064,98.4,,
41708,54.24,,
41600,106.56,,
41932,97.56,,
41578,67.77,,
41492,90.9,,
41082,50.94,,
41528,70.95,,
41681,104.706,,
40729,727.6878,,
40795,135.516,,
41173,121.96,,
41142,95.28,,
41801,56.73,,
41870,83.91,,
41279,207.12,,
41604,34.8,,
41439,35.76,,
41932,49.5,,
41089,32.1,,
40598,107.448,,
40858,105.18,,
41816,29.98,,
40982,101.94,,
40798,97.12,,
42004,74.8,,
40915,49.44,,
40704,132.3,,
40555,33.93,,
40751,121.2534,,
41025,72.784,,
41597,102.72,,
41545,39,,
41541,122.58,,
41170,109.32,,
41673,49.56,,
41898,169.344,,
41223,440.28,,
41526,135.96,,
41967,146.4,,
41661,171.99,,
41974,135.09,,
40947,107.982,,
41368,71.12,,
40772,73.02,,
41843,99,,
41260,87.732,,
41080,74.016,,
41929,89.76,,
41083,18.048,,
41696,46.74,,
40674,40.32,,
41249,187.029,,
40607,102.384,,
41276,164.34,,
41354,73.56,,
40819,82.161,,
40823,151.68,,
40757,143.1,,
41624,87.168,,
41004,71.04,,
41892,72.32,,
41352,52.22,,
41005,56.64,,
41550,53.84,,
40809,85.14,,
41155,42.039,,
40555,256.8,,
41950,67.41,,
41858,163.38,,
41038,104.166,,
41626,76.32,,
41551,56.214,,
41789,53.424,,
41639,100.872,,
41537,50.34,,
41332,47.1,,
40883,142.83,,
41572,40.62,,
41572,30.45,,
41099,40.98,,
41730,330.24,,
40736,92.64,,
41422,50.26,,
41586,33.075,,
41276,46.44,,
41823,119.64,,
41550,82.593,,
41201,59.58,,
40600,59.25,,
41052,81.99,,
41369,82.64,,
40883,46.23,,
41439,180.432,,
41992,163.68,,
41372,141.144,,
41708,162.2,,
41024,104.76,,
41537,119.52,,
41521,386.37,,
41165,23.91,,
41768,98.85,,
41985,80.2314,,
41488,113.0697,,
41534,101.64,,
41787,152.46,,
41858,35.892,,
40959,75.6,,
41730,84.95,,
40689,102.624,,
41470,151.62,,
41358,107.7,,
41221,59.1,,
41877,84.6,,
40864,82.69428,,
41180,37.98,,
41864,115.8,,
40806,43.65,,
41337,75.006,,
40927,142.2,,
41921,27.6888,,
41915,49.12,,
41788,92.34,,
41817,123.24,,
41538,55.24,,
41117,53.82,,
41053,97.92,,
41099,52.56,,
41943,68.736,,
41404,158.76,,
41401,22.47,,
41457,21.96,,
41732,71.28,,
41888,71.73,,
41939,59.6604,,
41456,52.86,,
41121,19.44,,
40815,67.176,,
41815,75.888,,
41582,124.29,,
41335,33.12,,
41572,110.592,,
41867,171,,
41767,31.76,,
41893,33.42,,
41824,95.16,,
40924,168.18,,
41215,47.88,,
41242,40.905,,
41926,173.61,,
40905,25.23,,
41340,106.164,,
40772,37.17,,
40815,66.45,,
41334,53.64,,
41582,75.96,,
40816,48.94,,
41201,149.95,,
40886,100.704,,
41009,142.04,,
41523,43.6,,
41859,51.75,,
41821,66.42,,
41137,50.55,,
41801,59.517,,
41489,171.69,,
41813,70.92,,
41311,33.3,,
41178,197.3,,
41846,78.84,,
41947,72.9,,
41558,51.66,,
41904,35.34,,
40941,108,,
41592,74.16,,
41565,49.5,,
41915,80.1,,
41132,60.39,,
41948,33.6,,
41594,38.136,,
41806,84.55,,
41794,44.75,,
40651,227.976,,
40623,122.97,,
41812,82.4,,
41138,252.8,,
41038,114.144,,
40911,39.156,,
41942,100.92,,
41493,50.048,,
41698,56.97,,
41716,110.25,,
41515,138.96,,
41661,75.39,,
41463,165.42,,
41856,53.901,,
41970,88.2,,
41858,28.512,,
41236,111.888,,
42004,52.776,,
40885,45.68,,
41225,146.136,,
41145,79.96,,
41979,31.176,,
40702,193.8,,
41969,60.24,,
41229,88.56,,
41583,30.48,,
41983,128.304,,
41594,104.496,,
40735,61.281,,
41312,169.38,,
41612,33.63,,
41508,67.572,,
41864,86.928,,
40714,159.68,,
41387,67.2,,
41912,65.92,,
41247,62.85,,
41040,56.49,,
41977,53.7,,
41880,127.47,,
41598,71.96,,
41120,61.792,,
41169,87.71,,
41734,41.22,,
41342,69.456,,
41715,51.264,,
41109,97.8,,
41900,48.93,,
41961,39.816,,
41848,40.71,,
41533,51.63,,
41726,55.56,,
40731,163.38,,
40652,55.36,,
41689,92.304,,
41907,103.302,,
41152,100.08,,
40832,47.82,,
41799,77.04,,
41156,151.0182,,
41607,85.698,,
41144,193.8,,
41589,81.96,,
41673,139.04,,
41388,197.94,,
40718,79.5,,
41361,133.38,,
41260,45.456,,
41523,100.44,,
41722,65.584,,
41278,108.42,,
41778,115.968,,
41449,26.28,,
41197,60.54,,
41188,123.756,,
41736,160.92,,
41610,28.95,,
41898,21.825,,
41615,122.49,,
40828,43.65,,
41498,114.03,,
40859,127.984,,
41247,128.37,,
41627,52.68,,
41645,50.88,,
41837,95.28,,
41601,96.84,,
41830,44,,
41183,106.08,,
41578,86.416,,
41600,59.22,,
40689,163.98,,
41176,268.5,,
41552,487.62,,
40957,61.128,,
41918,140.403,,
41234,22.98,,
41270,79.59,,
41333,61.47,,
41435,37.2,,
41908,76.869,,
41941,17.226,,
41668,62.316,,
41738,56.28,,
41627,45.24,,
41941,77.952,,
41374,59.64,,
41180,145.32,,
40781,71.28,,
40662,65.79,,
41223,59.16,,
41715,395.901,,
41619,65.34,,
41950,26.4,,
40797,127.95,,
41174,71.76,,
41900,79.368,,
41128,106.56,,
41177,134.13,,
41990,32.84,,
41183,146.1,,
40702,179.52,,
41961,111.51,,
40569,88.44,,
41621,94.08,,
41124,68.0652,,
41877,39.6,,
41045,163.839,,
41963,41.28,,
41178,50,,
40666,23.82,,
40771,105.52,,
41126,83.592,,
41738,59.913,,
41268,74.1258,,
40820,272.3562,,
41960,119.94,,
41164,86.85,,
41150,110.232,,
41487,49.77,,
41268,20.292,,
41290,94.98,,
41107,38.64,,
41379,97.632,,
41929,108.48,,
41383,96.78,,
41071,66.48,,
41533,57,,
41229,103.86,,
41866,162.56,,
40592,61.53,,
41653,92.7,,
41954,112.158,,
41383,39.87,,
41808,50.94,,
41135,26.58,,
41933,91.14,,
41562,45.2682,,
41992,46.672,,
41522,63.94,,
41508,124.62,,
41352,96.66,,
41973,59.616,,
41477,120.072,,
41547,131.456,,
41836,50.5,,
40801,51.27,,
41739,79.2,,
41593,98.4,,
40696,125.46,,
41956,125.19,,
41617,166.83,,
41839,54.1326,,
41396,60.7698,,
41055,65.0628,,
40788,105.6,,
40718,85.455,,
41123,81.324,,
41957,107.448,,
41786,44.4564,,
41438,68.04,,
41759,227.16,,
40865,33,,
40694,67.28,,
41472,64.152,,
41438,67.8,,
40876,97.92,,
41124,88.209,,
41796,239.3139,,
41361,26.8173,,
41354,84.784,,
41905,27.72,,
41159,140.736,,
41990,47.82,,
41985,328.56,,
40610,40.92,,
41507,41.43,,
40676,57.33,,
41648,160.65,,
41226,174.23084,,
41226,96.84,,
41542,99.408,,
41872,72.6,,
41382,78.273,,
41865,117,,
41814,71.37,,
41158,51.948,,
41211,41.6898,,
41843,25.08,,
41452,110.3103,,
41807,53.46,,
40813,224.01,,
40554,77.715,,
41166,74.28,,
41373,64.96,,
40756,78.304,,
41760,163.96,,
41993,53.01,,
40875,109.95,,
40949,139.68,,
41457,121.32,,
41050,59.84,,
41578,81.48,,
41942,75.28,,
41935,30.93,,
40696,90.18,,
41068,40.2135,,
41246,77.952,,
41950,70.368,,
41710,42.96,,
41962,51.93,,
41236,123.3,,
41575,22.26,,
41430,111.28,,
41614,74.232,,
41858,80.1,,
41037,143.616,,
41989,53.568,,
41627,71.1,,
41961,40.2,,
41330,111.72,,
41925,103.95,,
41052,45.0288,,
41550,38.5659,,
41085,31.623,,
41436,65.52,,
41017,75.18,,
41092,32.784,,
41674,115.296,,
41859,29.268,,
40741,71.46,,
41314,91.04,,
41013,208.96,,
40702,55.62,,
41270,53.28,,
41653,39.3,,
41193,71.1,,
41862,116.31,,
40620,56.52,,
41943,65.025,,
40646,108.405,,
41215,94.65,,
41949,78.003,,
41988,44.75,,
40852,47.79,,
41965,78.12,,
41811,113.664,,
41480,35.36,,
41009,140.52,,
41940,82.572,,
41256,44.8,,
41283,30.96,,
40936,164.46,,
41401,43.2,,
40696,56.448,,
41654,106.128,,
41669,210.996,,
41585,38.2077,,
41961,41.958,,
41750,271.44,,
41169,87.168,,
41227,76.14,,
41243,80.96,,
41518,50.22,,
41757,116.88,,
41652,96,,
41772,124.68,,
41878,105.06,,
41775,92.76,,
41759,35.34,,
41639,81.8,,
40547,74.304,,
40876,67.872,,
41477,84.3,,
41855,98.442,,
41437,27.39,,
41645,71.1,,
41325,41.19,,
41582,52.65,,
41458,93.0969,,
41228,24.402,,
41365,130.2528,,
40821,122.724,,
41779,67.8,,
41961,431.16,,
40647,85.68,,
41711,51.78,,
41589,107.52,,
41351,151.92,,
41075,53.73,,
41057,57.72,,
41244,50.28,,
41708,66.15,,
41556,26.775,,
41449,149.4,,
41647,31.05,,
41960,154.8,,
41208,62.613,,
41399,89.478,,
41782,20.46,,
41968,27.76,,
41124,105.24,,
41590,59.58,,
41628,51.276,,
41136,99.192,,
41127,27.6,,
40690,130.4,,
41431,70.44,,
41491,69.6,,
41578,81.45,,
41808,133.2,,
40696,112.08,,
41240,83.976,,
41169,32.4,,
41241,46.32,,
41401,79.5,,
41530,44.448,,
40858,35.6,,
41648,137.136,,
41002,48.84,,
41148,99.12,,
41113,112.95,,
41908,49.734,,
41390,33.96,,
41695,155.34,,
41922,77.76,,
41996,60.48,,
41355,99.372,,
41968,89.988,,
41037,79.44,,
41520,94.68,,
40788,97.56,,
41382,99.72,,
41890,109.89,,
41598,29.28,,
41834,204.68,,
41271,63.04,,
41285,101.04,,
41496,84.24,,
41584,39.51,,
40759,41.49,,
41354,76.56,,
41491,21.3219,,
41771,63,,
41240,86.88,,
41415,68.04,,
41977,47.992,,
40613,146.76,,
41949,99.98,,
41702,108.6,,
41215,50.985,,
41040,166.92,,
40910,46.56,,
41451,66.78,,
40927,145.35,,
41798,22.74,,
41596,107.76,,
41786,104.76,,
40809,118.935,,
40675,101.0904,,
41150,49.194,,
41205,84.75,,
40638,49.632,,
41160,41.88,,
41290,25.44,,
41872,84.96,,
41752,79.368,,
41885,40.656,,
41019,44.82,,
41422,151.76,,
41648,181.696,,
41173,52.224,,
41204,87.48,,
41407,139.8,,
41544,89.64,,
40884,87.3,,
41237,368.91,,
40869,53.82,,
41522,31.744,,
41780,41.28,,
41909,71.88,,
41527,40.71,,
41961,122.148,,
41876,103.56,,
41596,83.088,,
41579,42.384,,
41824,42.72,,
40814,88.16,,
41381,51.28,,
41446,51.84,,
41817,59.1,,
41809,27.4125,,
41650,67.032,,
40729,56.61,,
41792,98.172,,
41901,47.584,,
41436,136.12,,
41197,77.312,,
41261,57.15,,
41905,70.5,,
41360,63.36,,
41449,122.12,,
41360,67.64,,
41343,199.75,,
40779,109.08,,
41038,187.02,,
41397,205.08,,
41890,66.684,,
41573,63.24,,
41607,51.28,,
41983,28.38,,
41311,153.63,,
40998,83.79,,
41115,42.3,,
41633,50.94,,
40824,58.9548,,
41234,57.96,,
41449,146.73,,
41524,95.952,,
41249,173.94,,
41421,47.92,,
41312,141.9,,
41853,33.18,,
41493,34.02,,
41278,87.9,,
41802,97.2,,
41218,111.156,,
41180,25.4,,
40809,85.92,,
41384,53.55,,
41122,108.36,,
40907,142.884,,
41957,71.28,,
40834,175.56,,
41180,69,,
41746,102.833,,
40665,26.136,,
41981,52,,
40775,59.1,,
41403,114.66,,
41611,48,,
41766,46.8,,
41947,100.44,,
40793,109.95,,
40646,84.256,,
41384,78.78,,
41583,78.3,,
41552,100.68,,
40964,33.8,,
41509,83.07,,
41451,66.348,,
40581,50.28,,
41704,40.32,,
41942,412.8,,
41214,72.27,,
41621,75.18,,
41997,68.4,,
41187,31.59,,
41956,98.1558,,
41702,180.98,,
41885,74,,
41722,34.76,,
40917,163.44,,
41591,22.752,,
41591,115.2,,
41677,66.672,,
40865,60.9,,
41220,48.9,,
41438,34.128,,
41071,56.196,,
40679,52.5,,
40835,101.6,,
40901,94.1,,
41548,66.4,,
41530,55.872,,
41085,111.84,,
41981,33.75,,
41046,41.553,,
41432,128.0745,,
41725,58.35,,
41912,35.7075,,
41593,47.88,,
41446,95.968,,
41547,62.94,,
41174,32.4,,
41795,61.71,,
41830,102.624,,
41930,28.5,,
40596,115.38,,
41218,21.876,,
41961,52.056,,
40841,86.88,,
41766,130.44,,
40878,102.18,,
41731,83.016,,
41877,69.3,,
40791,118.2,,
40728,44.9295,,
40796,65.0628,,
40588,156,,
41330,46.72,,
41772,87.6,,
41785,18.84,,
40740,40.26,,
41312,44.28,,
41712,27.44,,
40779,94.7,,
41565,49.28,,
40831,142.848,,
41815,66.464,,
41162,90.48,,
41430,38.68,,
41807,145.8,,
41155,83.34,,
41849,217.35,,
41991,151.38,,
41755,121.5,,
41177,90.81,,
41717,120.3624,,
41002,34.722,,
41165,110.6955,,
40721,85.98,,
41772,238.62,,
41806,91.36,,
40945,29.9,,
41822,64.2,,
40854,97.56,,
41882,48.93,,
41197,51.84,,
41350,35.34,,
41200,58.66,,
41185,58.68,,
40605,57.6,,
41346,72.03,,
40590,89.82,,
41130,88.83,,
41931,90.9,,
40700,134.61,,
41163,59.31,,
40710,63.24,,
41960,125.6454,,
41163,155.52,,
40865,76.792,,
41977,45.216,,
40802,33.552,,
41985,64.784,,
41717,90.86,,
40647,57.6,,
41799,50.01,,
41906,40.56,,
41563,85.44,,
41162,89.388,,
41192,21.18,,
41788,79.56,,
41972,124.24,,
40875,23.4,,
41911,39,,
41211,47.56,,
40896,101.7,,
41453,56.82,,
41653,180.672,,
41528,51.78,,
41862,33.312,,
41792,127.0896,,
41971,52.9788,,
41099,75.519,,
40991,89.676,,
41440,29.29,,
40882,98.376,,
40899,132.16,,
41687,63.9,,
41900,140.67,,
41512,49.62,,
41276,52.44,,
40592,96.99,,
41243,148.8,,
41915,32.92,,
41624,93.3,,
40764,52.86,,
40870,63.9,,
41218,217.512,,
41690,27.36,,
41093,36.36,,
41179,154.9,,
41542,56.46,,
41384,71.7,,
41783,56.46,,
41992,57.36,,
41772,39.168,,
41761,50.988,,
40603,221.16,,
41694,48.96,,
40829,87.264,,
41706,49.944,,
41613,102.9,,
41959,49.9,,
41544,97.36,,
41814,58.56,,
41088,109.8,,
41628,88.128,,
41379,42.21,,
41359,59.22,,
41586,176.61,,
41859,26.46,,
40682,34.2,,
41217,133.2,,
41154,58.752,,
41548,45.48,,
41788,85.92,,
41516,37.86,,
41036,25.272,,
41841,92.4,,
40694,146.52,,
41765,75.33,,
41890,43.335,,
41108,43.68,,
42000,87.48,,
41814,38.43,,
41174,34.14,,
41747,125.4045,,
41303,38.4,,
41738,47.466,,
41947,361.376,,
41731,58.02,,
41954,34.92,,
41537,44.16,,
41801,75.72,,
41143,91.944,,
40930,65.37,,
41851,39.44,,
41505,59.44,,
41883,97.272,,
41127,75.36,,
41893,110.7,,
41374,98.8344,,
41577,67,,
41810,38.784,,
41551,97.82,,
41953,177.06,,
41191,104.76,,
41442,50.46,,
41436,123.39,,
41928,70.944,,
41127,296.76528,,
41124,47.856,,
40843,22,,
41894,140.56,,
41600,44.112,,
40809,23.94,,
41021,100.926,,
40925,145.44,,
41813,140.028,,
41875,119.85,,
40631,170.04,,
41668,20.52,,
41428,17.712,,
41516,148.5,,
40823,33.24,,
41318,121.2822,,
40773,70.308,,
40890,67.752,,
40728,32.432,,
41578,114.95,,
40865,51.81,,
41102,41.28,,
41527,67.28,,
41904,43.1,,
41942,103.8,,
41239,100.92,,
41348,133.488,,
40681,43.2,,
41019,62.7,,
41666,84,,
40826,149.4,,
41869,79.92,,
41597,52.2315,,
41304,138.348,,
41606,39,,
40703,70.368,,
40823,63.84,,
40655,44.784,,
41858,34.8,,
41712,16.98,,
40900,67.28,,
41071,35.616,,
41169,105.552,,
41374,64.78,,
41769,130.212,,
41677,86.52,,
41409,75.15,,
41660,61.56,,
41862,21.72,,
41004,88.128,,
41999,95.94,,
41772,42.85,,
40928,88.44,,
40989,76.74,,
40585,48.96,,
41871,50.04,,
40778,71.55,,
41716,30.816,,
41183,67.8,,
41801,40.896,,
40952,140.5,,
41310,56.43,,
41584,108.36,,
41976,427.41,,
40858,107.55,,
41785,122.88,,
41712,29.76,,
40652,71.28,,
40784,36,,
41095,56.268,,
41934,59.52,,
41618,79.56,,
41652,27.12,,
40666,101.1,,
40913,60.4,,
41536,61.8,,
41887,41.2,,
41036,51.4,,
41843,124.72,,
41720,59.5,,
40709,80.32,,
41597,81.2,,
41213,89.76,,
41753,64.44,,
41572,40.64,,
41502,86.16,,
41626,109.92,,
41388,37.86,,
41180,78.33,,
40948,71.4,,
41791,64.2,,
41493,56.7,,
40771,69.15,,
41941,178.3098,,
40924,184.32,,
41510,115.89,,
41975,37.392,,
41620,23.32,,
41586,116.82,,
41521,37.128,,
41523,102.54,,
41912,51.94,,
41523,45.6,,
41830,85.5,,
41590,81.66,,
41478,71.37,,
41925,36,,
41947,57.708,,
41526,173.94,,
41915,84.784,,
41858,70.12,,
40586,64.96,,
41726,118.44,,
41961,50.04,,
41993,60,,
41955,74.64,,
41209,158.868,,
41792,149.6,,
41240,60.264,,
40843,59.22,,
41153,61.08,,
41571,67.14,,
40904,51.6,,
41089,40.86,,
41371,19.08,,
41555,62.775,,
41370,126.9675,,
41827,50.22,,
41621,56.52,,
41726,45.68,,
41807,57.78,,
40654,33.18,,
40698,21.96,,
40811,101.58,,
40707,137.52,,
41986,107.184,,
41590,327.96,,
41577,96.064,,
40786,113.58,,
41998,62.3475,,
41320,47.175,,
41710,74.925,,
41598,136.869,,
41606,84.78,,
40894,196.98,,
41279,59.184,,
41914,104.85,,
40849,46.384,,
41555,93.36,,
41611,93.96,,
41229,70.8,,
40798,108.56,,
41163,34.8,,
41078,95.04,,
41510,85.92,,
41369,37.8,,
41439,151.11,,
41394,88.398,,
41402,29.799,,
40893,69.8328,,
40788,80.64,,
41949,76.23,,
41381,62.64,,
40982,93.8259,,
40835,99,,
41509,59.82,,
40876,101.304,,
41972,79.96,,
40640,58.32,,
41753,66.36,,
41457,30.53,,
40892,69.864,,
40697,25.464,,
41087,39.96,,
41393,18.68,,
41949,73.872,,
40773,75.36,,
40780,75.9,,
40849,71.34,,
41083,84.78,,
41863,473.31,,
41522,76.32,,
41982,127.74,,
41253,66.6,,
41806,83.484,,
41661,31.08,,
41361,31.3866,,
40852,53.655,,
41025,111.06,,
41242,96.84,,
40794,51.184,,
41253,41.28,,
41852,56.56,,
40927,102.438,,
41973,101.52,,
41506,168.96,,
41730,24.024,,
41101,95.94,,
41246,140.32,,
41262,104.496,,
41298,55.65,,
41984,93.2283,,
41024,50.7,,
41235,33.63,,
41887,97.184,,
41986,95.796,,
41961,98.94,,
41023,105.72,,
41848,65.232,,
41333,62.72,,
40661,115.64,,
40576,45.975,,
40900,66.69,,
41234,82.08,,
41647,61.44,,
41454,51.78,,
40782,66.906,,
40970,65.04,,
40847,64.74,,
41212,59.994,,
41347,41.24,,
41270,72.744,,
41989,54.32,,
40891,94.2,,
41484,62.16,,
41829,29.88,,
41534,47.49,,
41640,40.83,,
41422,29.2,,
41426,49.696,,
41187,78.4917,,
40848,47.1,,
41719,300.132,,
41954,60.021,,
41326,68.95,,
41446,57.69,,
41669,158.76,,
41052,94.68,,
41820,102.3,,
40820,77.856,,
41793,36.864,,
41163,77.16,,
41286,118.48,,
41582,66.352,,
41145,88.83,,
41541,68.97,,
41950,90.936,,
41174,267.84,,
41269,48.789,,
41127,105.06,,
40630,93.3,,
41825,113.562,,
41356,100.92,,
40759,141.474,,
41471,121.1634,,
41765,28.1112,,
40588,57.69,,
40763,76.12,,
40897,47.3,,
41970,93.344,,
41240,40.08,,
40603,30.48,,
41074,49.26,,
41992,50.13,,
41757,84.84,,
41633,67.92,,
41584,163.2,,
41359,45.312,,
41199,80,,
41426,86.016,,
40570,30.68,,
41457,37.86,,
41116,188.8,,
41136,102.4,,
41969,94.9,,
41719,88.56,,
41561,83.88,,
41639,70.8,,
41589,132.63,,
41333,66,,
41699,87.84,,
40840,55.404,,
41467,209.16,,
41256,29.2,,
40551,76.728,,
41220,76.64,,
40829,36.4,,
41529,99.568,,
41808,116.883,,
41771,51.36,,
41859,48.87,,
41657,29.7,,
41823,116.31,,
41768,143.22,,
41626,22.68,,
41537,164.36,,
41225,77.4,,
41934,77.4,,
41764,50.58,,
41431,23.436,,
41520,75.48,,
41458,41.472,,
41331,141.63,,
41851,62.496,,
41647,164.4,,
40733,90.2,,
41775,59.58,,
40913,434.4,,
41110,82.17,,
41898,174.42,,
41418,67.5,,
40763,95.976,,
41226,89.98,,
41912,63.686,,
40921,70.008,,
41178,79.056,,
41963,79.974,,
41241,71.12,,
40896,34.506,,
40764,56.91,,
41159,69.84,,
41134,73.95,,
41219,82.86,,
41356,64.56,,
41986,19.968,,
41197,53.34,,
41514,53.7,,
41788,135.6,,
40627,84.015,,
40897,96.6,,
41871,71.424,,
41642,73.44,,
41402,26.5815,,
40766,56.85,,
40728,29.238,,
40829,189.576,,
41583,38.88,,
41067,67.44,,
41659,64.488,,
41149,60.48,,
41241,142.848,,
41386,166.176,,
41820,78.144,,
40723,65.76,,
41346,37.38,,
41437,123.984,,
41992,37.08,,
40736,56.52,,
41064,46.44,,
41758,129.978,,
41806,47.976,,
41521,83.952,,
41502,37.98,,
41985,59.82,,
40892,44.2,,
41430,183.12,,
41712,609.52,,
41295,159.408,,
41293,100.26,,
41799,38.46,,
41888,39.78,,
41962,59.58,,
40577,90.63,,
40568,71.1,,
40931,45.252,,
41942,293.4,,
41167,54.54,,
40907,106.92,,
40883,37.26,,
41971,49.248,,
41579,69.39,,
41813,22.0365,,
41138,52.2,,
40779,60.858,,
41080,49.77,,
40862,39.76,,
41347,97.86,,
40614,65.24,,
41404,26.448,,
41767,162.76,,
41831,77.76,,
41795,67.2,,
40762,37.86,,
41821,59.22,,
41925,107.82,,
41523,169.992,,
41226,118.965,,
41984,77.1705,,
41862,102.72,,
41366,35.12,,
40637,79.36,,
41638,62.16,,
41228,81.288,,
41522,81.24,,
41960,60.48,,
40584,41.12,,
41179,64.4,,
41502,51.27,,
40761,186.624,,
41164,127.2,,
42002,91.44,,
41982,75.51,,
40847,67.068,,
41205,26.874,,
41967,24.048,,
41912,46.672,,
41230,106.32,,
41976,79.38,,
41611,22.29,,
41836,103.56,,
41389,77.46,,
40715,110.64,,
40953,50.58,,
41074,91.77,,
41613,116.31,,
41950,53.082,,
40760,59.7,,
41369,86.94,,
41794,69.174,,
41572,54.1326,,
41383,54.537,,
41976,60.579,,
41625,61.86,,
41206,19.152,,
41523,91.36,,
41995,124.36,,
41891,45.92,,
40871,111.15,,
40736,35.856,,
41999,44.688,,
40808,169.45,,
41343,51.8,,
41949,167.94,,
41309,93.02,,
41926,48.48,,
40949,58.56,,
40747,41.12,,
40887,192.3,,
40800,77.532,,
40746,147.42,,
41067,36.12,,
41443,96.32,,
40843,101.208,,
40823,124.62,,
40890,59.775,,
41919,55.8,,
41968,50.7,,
41971,47.88,,
41421,162.432,,
40693,55.044,,
41934,87,,
41292,72.45,,
41216,34.92,,
40998,29.58,,
41065,102.18,,
41737,64.6,,
41779,40.96,,
41968,221.2,,
41908,112.24,,
41866,91.8,,
41310,225.495,,
41925,45.45,,
42000,207.33,,
41027,24.3522,,
41657,41.985,,
41487,137.88,,
41538,48.64,,
41257,56.3,,
41787,35,,
40912,37.8,,
41536,39.6,,
41059,119.34,,
41470,97.66428,,
41506,106.02,,
41953,44.48,,
40711,66.56,,
41879,61.76,,
41401,41.4,,
41864,53.55,,
40767,583.92,,
41603,43.29,,
41286,117.6,,
41269,87.03,,
41159,53.4,,
40898,99.42,,
41065,78.66,,
40859,30.456,,
41003,108.4,,
40715,21.4,,
41773,180.96,,
41974,25.83,,
41697,91.96,,
41807,56.916,,
41887,38.7,,
41293,88.6,,
40877,72.32,,
41776,89.37,,
40868,68.58,,
41199,48,,
41967,131.7708,,
40897,140.67,,
41526,73.02,,
40877,42.075,,
41450,71.442,,
41153,124.36,,
41670,129.3,,
42002,64.784,,
41055,40.5,,
41228,131.598,,
40786,183,,
41732,267.12,,
41855,96.9,,
41963,62.352,,
41597,52.8,,
41746,66.36,,
41649,75.6,,
40855,34.29,,
41891,45.15,,
40560,95.04,,
41829,48.5523,,
41977,69,,
41902,75.978,,
41684,107.53,,
41981,82.38,,
41932,91.275,,
41964,93.24,,
41458,101.76,,
41486,60,,
41450,79.24,,
40865,154.24,,
41824,73.944,,
41814,98.16,,
40672,61.536,,
41555,77.04,,
40682,63.76,,
41948,50.25,,
41695,64.56,,
41547,174.51,,
41246,86.94,,
41359,60.48,,
41757,88.74,,
41052,165.456,,
41911,36.6168,,
41537,63.4005,,
41401,40.5,,
41891,26.88,,
40970,1034.964,,
41877,70.02,,
41516,131.382,,
41911,68.76,,
41358,115.86,,
41946,126.9,,
41948,26.7,,
41794,54.42,,
41346,138.132,,
41292,54.66,,
41928,95.28,,
41480,97.86,,
41467,143.7,,
40606,89.58,,
40786,40.032,,
41494,103.68,,
41928,70.38,,
41418,117.234,,
41804,66.6,,
40801,75.87,,
41627,105.24,,
40736,61.215,,
41233,122.49,,
41822,102.42,,
41491,150.1278,,
40708,123.9975,,
41961,70.83,,
41087,79.8,,
41808,72.9,,
41964,23.968,,
41249,41.86,,
41520,46.53,,
41296,55.176,,
40714,39,,
41852,22.26,,
41477,35.97,,
41827,141.6,,
40813,55.38,,
41066,63.52,,
41898,158.58,,
41464,180.36,,
41437,79.11,,
41790,39.78,,
41688,33.9624,,
41109,36.855,,
41594,48.45,,
41519,24.56,,
41586,26.976,,
41213,46.84,,
41237,91.392,,
41107,108.66,,
40568,45.48,,
41618,83.34,,
41492,86.04,,
41386,22.32,,
41953,108.92,,
41512,90.112,,
40890,22.86,,
41418,88.224,,
41393,35.94,,
41904,17.112,,
41888,53,,
41878,106.65,,
41227,26.76,,
41565,73.2,,
40947,27.69,,
41511,57.6,,
41936,62.7255,,
40875,179.334,,
41213,29.8,,
40674,46.864,,
40800,44.82,,
41965,51.84,,
41719,56.704,,
41731,96.84,,
41948,31.482,,
41629,79.722,,
41881,128.736,,
41813,55.56,,
41268,96.96,,
41888,78.048,,
41002,38.62,,
41585,87.03,,
41502,59.7,,
41453,58.74,,
41880,114.78,,
41989,49.5,,
41870,107.424,,
40807,59.52,,
40865,51.12,,
41906,51.84,,
41962,41.72,,
40862,52.08,,
41278,131.8,,
40926,42.84,,
41527,40.56,,
41851,61.32,,
41842,30.48,,
41269,70.575,,
41513,88.65,,
41152,73.47,,
41563,38.412,,
41859,88.0215,,
41802,40.14,,
40838,44.496,,
41808,75.519,,
41702,42.255,,
41093,282.888,,
41032,76.752,,
40767,47.96,,
40795,148.5,,
40772,97.32,,
41963,19.224,,
41078,21.84,,
41855,90.624,,
40613,155,,
41071,126.336,,
41949,109.242,,
41130,51.651,,
42002,147.849,,
40737,193.8,,
41318,43.65,,
41986,123.21,,
41942,122.76,,
40693,31.788,,
41432,75.24,,
41982,109.48,,
41191,29.16,,
41024,57.75,,
41799,89.544,,
41158,475.2,,
41422,16.86,,
41963,87.6,,
41955,120.312,,
41795,170.52,,
41242,111.72,,
41208,103.356,,
41389,91.62,,
40770,466.128,,
41736,106.02,,
41829,32.34,,
41114,78.288,,
40822,43.08,,
41989,30.348,,
41802,88.04,,
41099,98.21,,
41597,67.84,,
41127,57.51,,
41873,33.9,,
40876,62.86,,
41947,127.68,,
41543,46.4,,
41785,67.968,,
41065,75.216,,
41968,113.12,,
41813,66.72,,
41544,22.536,,
41534,68.4,,
41268,136.26,,
40758,79.92,,
41712,90.8,,
41634,94.032,,
40907,84.39,,
41254,144.54,,
40554,139.8,,
42002,99.96,,
41794,191.2,,
41248,138.16,,
41536,113.68,,
40703,143.76,,
41851,61.2,,
41425,83.592,,
40560,45.846,,
41858,77.1,,
41773,32.04,,
41028,44.52,,
41397,71.55,,
41586,35.52,,
41886,239.666,,
41453,79.14,,
41872,127.26,,
41475,66.57,,
40834,76.68,,
41911,33.64,,
41669,109.32,,
41983,88.938,,
41956,44.235,,
41911,103.5,,
41533,56.43,,
41009,23.64,,
40957,65.1,,
40780,127.6989,,
41229,60.102,,
40896,247.8,,
41953,63.56,,
41590,95.968,,
41703,89.568,,
41177,159.98,,
41241,37.44,,
41964,29.91,,
40925,92.817,,
41849,44.43,,
41990,52.182,,
41542,124.32,,
41634,50.52,,
41072,97.74,,
41619,43.56,,
41824,91.332,,
41981,75.36,,
41578,58.32,,
41639,55.92,,
41612,114.78,,
41223,63.45,,
41522,67.788,,
41446,131.598,,
41745,93.744,,
40828,71.928,,
41967,109.35,,
41282,47.25,,
41848,30.348,,
41915,56.98,,
41887,91.96,,
41667,71.976,,
41950,47.952,,
41632,61.96,,
40609,107.648,,
40859,67.9932,,
41782,68.46,,
41901,95.68,,
41992,91.36,,
41796,122.07,,
41936,94.08,,
41411,50.088,,
41036,182.58,,
41593,71.736,,
41442,30.3,,
40938,33.39,,
41799,86.4,,
41653,29.04,,
41718,95.16,,
41496,37.827,,
41390,107.325,,
40722,78.99,,
41585,81.424,,
41983,57.576,,
41183,139.424,,
41853,54.896,,
40736,123.136,,
41514,81.54,,
40836,24.424,,
41740,48.96,,
41612,160.5,,
41621,100.26,,
41992,109.28,,
41732,87.96,,
40973,119.133,,
40880,36.18,,
41558,66.51,,
41673,88.86,,
41655,101.58,,
41410,87.48,,
41783,67.92,,
40667,55.38,,
41870,54.36,,
41474,200.16,,
41726,72.54,,
41742,29.7,,
41680,127.984,,
40893,44.46,,
40665,58.56,,
41703,112.872,,
40709,16.74,,
40674,33.42,,
41817,48.06,,
40987,73.104,,
41862,117.99,,
40954,30.3,,
41537,18.24,,
41836,47.55,,
41844,48.96,,
41296,59.34,,
41614,48.42,,
41975,55.242,,
41956,67.992,,
41285,54.992,,
41968,64.848,,
41432,82.64,,
41864,168.18,,
40779,72,,
41918,81.66,,
40973,61.2,,
41345,141.12,,
41970,73.32,,
41150,84.84,,
41152,499.44,,
41407,29.6,,
41485,142.592,,
41373,60.24,,
41612,206.01,,
41620,94.02,,
41603,166.89,,
41795,70.956,,
41733,153.657,,
41004,123.33,,
41716,39.123,,
41746,125.34,,
41180,115.506,,
41249,219.184,,
41473,51.84,,
41620,91.38,,
40717,30.132,,
41765,103.104,,
41880,61.68,,
41967,166.83,,
40848,37.32,,
41968,31.536,,
41153,49.14,,
41815,68.8,,
41543,39.04,,
40854,75.72,,
41647,57.75,,
40907,42.36,,
41984,82.17,,
41614,36,,
41982,113.568,,
41661,89.52,,
41806,142.776,,
41671,52.92,,
41487,115.728,,
41627,82.32,,
41506,45.09,,
41717,57.096,,
40770,32.04,,
41157,72.252,,
41379,121.32,,
41844,73.8,,
41029,62.72,,
41333,29.96,,
41068,130.734,,
40932,96.66,,
41061,65.772,,
41971,42.822,,
41829,21.48,,
41218,26.43,,
41516,53.16,,
41263,23.1,,
40609,74.61,,
41451,101.94,,
41607,129.45156,,
41915,37,,
41369,17.84,,
41498,142.688,,
41074,129.6,,
41135,47.49,,
41676,162,,
41655,93.48,,
41537,44.835,,
41801,74.304,,
41355,34.02,,
41332,69.336,,
40773,93.7125,,
41172,44.1228,,
41934,45.696,,
40973,60.69,,
41289,52.34,,
41778,55.98,,
41169,94.6,,
40744,22.83,,
41401,41.6,,
41587,38.76,,
41914,29.58,,
40709,96.78,,
40876,50.176,,
41577,44,,
41090,126.4,,
41857,467.586,,
41225,87.84,,
41134,62.775,,
41531,95.796,,
41620,89.16,,
41596,54.2826,,
41017,81.0738,,
40824,75.78,,
41800,134.19,,
41702,99.98,,
40990,91.96,,
41346,154.9,,
41273,68.52,,
41712,30.88,,
41281,73.968,,
40906,44.6,,
41919,94.86,,
41451,97.56,,
41146,97.74,,
41321,50.382,,
40889,141.75,,
41408,57.6,,
41996,184.896,,
41437,61.1667,,
41769,102.168,,
40955,65.232,,
40805,33.75,,
41432,55.572,,
41912,473.04,,
40959,94.932,,
41576,93.06,,
41806,44.4,,
41983,120.78,,
41909,142.47,,
41617,46.2,,
41519,130.56,,
41011,46.08,,
41583,29.28,,
41337,53.55,,
41654,74.28,,
41442,91.38,,
40808,325.8,,
40826,246.3,,
41956,82.6164,,
41642,58.8,,
40588,73.05,,
41493,70.88,,
40763,38.34,,
40767,27.24,,
41148,57.87,,
41726,49.06,,
41245,40.38,,
42004,58.74,,
41542,76.7,,
41884,165.54824,,
41247,40.26,,
41176,68.4,,
42002,112.14,,
41946,67.8,,
41925,73.53,,
41880,47.76,,
41772,33.72,,
41929,92.205,,
41138,82.65,,
41432,51.45,,
41240,44.1702,,
41850,90.57,,
41741,41.86,,
40743,70.56,,
41054,21.24,,
41718,30.93,,
41240,59.94,,
41982,83.988,,
41461,39.81,,
41547,61.08,,
40857,54.54,,
41954,87.768,,
41379,74.736,,
41541,58.608,,
41971,265.74,,
41147,51.084,,
40904,54.56,,
41816,74.7,,
41627,58.2,,
41493,115.71,,
41142,49.568,,
41442,58.344,,
41771,52.59,,
41510,102.48,,
41795,44.58,,
41449,42.24,,
41247,123.2,,
40718,62.976,,
41706,69.12,,
41807,120.84,,
41986,94.5,,
41632,81.36,,
41320,87.9,,
41102,30.3,,
40840,46.44,,
41250,79.92,,
41212,87.96,,
41254,23,,
41878,53.72,,
41129,79.99,,
41120,44.43,,
41176,26.88,,
41786,30.93,,
41879,38.31,,
41134,123.9,,
40885,52.78,,
41846,79.4,,
41880,207.15,,
41062,53.52,,
41155,27.324,,
40696,100.92,,
40886,152.766,,
41425,40.98,,
40758,50.85,,
41822,169.99,,
41099,84.09,,
41974,71.976,,
41688,124.792,,
41895,45.78,,
41018,310.392,,
41435,78.624,,
40819,101.268,,
41949,39.96,,
41435,39.54,,
41015,73.95,,
41274,46.08,,
40882,40.995,,
41639,85.5,,
41473,224.4,,
41523,141.66,,
40961,209.952,,
41131,20.7,,
41779,57.024,,
41356,58.58,,
41170,41.96,,
40874,199.9,,
40757,43.767,,
41824,84.48,,
41194,30.12,,
41283,55.2,,
41232,88.74,,
40648,99,,
41936,160.23888,,
41027,49.62,,
41246,49.68,,
40905,56.7,,
41076,46.32,,
41426,55.458,,
40812,42.39,,
40788,221.4,,
41562,60.6,,
41897,47.25,,
41972,43.605,,
41499,19.332,,
41619,63.3615,,
41030,88.752,,
41397,45.576,,
41829,83.92,,
41597,61.12,,
40584,67.44,,
41829,56.652,,
40905,97.92,,
40647,62.343,,
41299,97.8,,
40852,65.4,,
41533,65.232,,
41554,25.936,,
41100,50.52,,
41472,26.955,,
41747,86.94,,
41696,47.5728,,
41523,105.18,,
41687,31.845,,
41820,41.04,,
40908,93.03,,
41590,59.97,,
41177,68.62,,
41957,82.95,,
41488,25.38,,
41264,123.3,,
41692,49.74,,
41253,41.832,,
41632,33.18,,
41975,61.92,,
41986,45.69,,
40646,43.44,,
40724,14.6,,
41117,65.9,,
40637,85.95,,
41458,48.78,,
41925,84.3,,
40848,87.264,,
41675,43.44,,
41061,48.09,,
41918,72,,
41765,93.48,,
41947,115.5,,
41677,85.2876,,
41299,93.24,,
40910,62.982,,
40997,73.28,,
41552,52.68,,
41017,56.686,,
40852,58.416,,
41839,34.2,,
40899,55.35,,
41093,109.32,,
41261,82.56,,
41716,92.82,,
41213,68.32,,
40809,38.46,,
41209,93.42,,
41991,19.48,,
40671,167.724,,
40760,58.275,,
41807,45.72,,
41176,294.3,,
41888,61.8,,
41227,77.7,,
41823,112.92,,
41299,110.1,,
41434,114.048,,
40967,60.48,,
41965,70.98,,
40798,63.924,,
41598,31.96,,
41799,50.46,,
41668,92.16,,
41877,81.96,,
40864,47.64,,
41208,114.96,,
41617,86.1,,
41998,72.56,,
41416,100.92,,
41325,53.55,,
40669,34.47,,
40576,44.13,,
41961,44.82,,
41183,59.211,,
41396,132.5178,,
41880,99.68,,
41894,22.18,,
41092,19.44,,
41426,28.62,,
41876,106.32,,
40800,137.88,,
41149,107.1,,
41215,100.44,,
41500,73.864,,
41352,64.4,,
41128,108.36,,
40805,81.27,,
41334,61.74,,
41769,66.54,,
41682,60.1656,,
41708,35.865,,
40903,27.552,,
40667,27.46,,
40870,34.176,,
41824,87.92,,
41878,64.96,,
41342,146.352,,
41606,48.69,,
40625,58.98,,
41607,279.3,,
40801,206.2,,
41772,39.32,,
41319,151.02,,
41743,36.765,,
41490,44.64,,
40928,17.82,,
41657,116.97,,
41729,40.527,,
41226,102.36,,
41519,49.12,,
41487,118.99,,
41551,38.08,,
40736,115.86,,
40886,97.32,,
41563,99.96,,
41551,70.68,,
41005,99.696,,
41716,52.56,,
41067,92.304,,
41268,112.86,,
40575,81.984,,
41793,37.04,,
40710,99.252,,
41428,106.05,,
41516,77.16,,
41606,56.85,,
41374,52.98,,
40904,96.57,,
41316,81.27,,
41020,200.25,,
41992,83.5704,,
41033,73.71,,
41097,82.23,,
41783,16.0605,,
40694,69.84,,
41781,124.14,,
40856,138.024,,
40683,33.28,,
41178,64.17,,
41767,87.444,,
41982,42.76,,
41971,101.16,,
41978,93,,
40997,45.09,,
40676,142.944,,
40947,64.08,,
41487,60.9,,
41795,112.12,,
41487,131.868,,
41089,76.92,,
41930,132.64,,
41863,50.16,,
41887,49.7,,
41236,1047.948,,
41114,96.12,,
41978,83.55,,
41914,85.59,,
41608,96.6,,
40549,50.1984,,
40975,58.806,,
41055,90.42,,
41539,93.18,,
40784,109.92,,
40906,37.59,,
41086,52.92,,
41143,51.93,,
41731,136.08,,
41879,73.28,,
41949,87.072,,
41955,14.976,,
40969,82.77412,,
41376,95.1,,
41936,639.96,,
41857,45.72,,
41317,79.62,,
41859,138.4689,,
40693,29.322,,
41877,51.921,,
41779,314.352,,
40589,95.16,,
41453,70.48,,
41164,49.248,,
41616,90.18,,
41985,158.94,,
40576,44.1,,
41773,59.724,,
41977,53.19,,
40949,49.5126,,
41528,85.5414,,
41821,75.792,,
41010,85.14,,
41446,21.78,,
41257,55.264,,
40854,57,,
40574,95.04,,
40663,69.804,,
41164,57.88,,
41543,139.328,,
41701,84,,
41801,41.04,,
41534,69.516,,
41991,100.764,,
41836,28.917,,
41526,42.309,,
41880,48.84,,
41909,25.08,,
41872,36.12,,
41856,60.48,,
41837,148.104,,
41870,59.25,,
41064,47.52,,
41209,36.1566,,
40991,31.5,,
41948,70.128,,
41900,160.146,,
41362,78.336,,
41438,65.16,,
41389,56.98,,
41505,227.47788,,
41766,92.34,,
41944,90.99,,
42003,147.84,,
41890,335.664,,
41072,100.278,,
40935,94.68,,
40704,50.94,,
41401,133.2,,
40822,83.92,,
41155,62.4,,
41214,83.07,,
41527,37.5,,
40716,44.7,,
41477,78.24,,
41065,32.06,,
41487,92.448,,
41324,71.73,,
40899,165.9,,
40730,90.96,,
40911,44.0847,,
40809,80.22,,
41211,382.98,,
41397,86.352,,
41605,70.98,,
40570,62.82,,
40726,73.98,,
41875,49.568,,
41235,42.8,,
41901,114.848,,
41960,139.96,,
41570,111.9,,
41219,34.8,,
40639,91.71,,
41996,115.74,,
41862,63.18,,
41543,56.2,,
40885,58.52028,,
41195,61.38,,
41670,46.872,,
41250,104.82,,
41265,61.86,,
41400,147.9,,
41537,123.12,,
41326,48.06,,
41880,66.3,,
41410,50.166,,
41927,64.656,,
40761,62.91,,
40906,48.36,,
41186,94.86,,
41431,167.44,,
41968,58.56,,
40702,58.698,,
41653,32.544,,
41235,29.88,,
41337,101.283,,
40617,47.586,,
41565,34.11,,
41403,25.12,,
41057,46.38,,
41232,61.56,,
40770,57.72,,
41502,45.3,,
40779,87.08,,
40684,64.4,,
41379,74.4,,
41754,178.08,,
41074,59.13,,
41142,19.665,,
41675,87.03,,
41719,77.1756,,
41772,94.86,,
41038,68.4,,
41037,83.952,,
41890,98.352,,
41755,86.88,,
41576,50.96,,
41561,34.7,,
41307,73.784,,
41508,33.44,,
41494,50.52,,
41718,26.22,,
41878,73.35,,
41936,221.9552,,
41478,50.48,,
41236,52.128,,
41949,86.96,,
41372,138.8,,
41979,43.8,,
41937,154.7,,
40892,94.77,,
41992,224.289,,
40662,93.48,,
41025,88.224,,
41304,90.9726,,
41290,37.26,,
41905,67.4,,
41282,106.05,,
41064,41.544,,
41767,106.08,,
41078,102.9,,
40855,31.5,,
41976,49.47,,
41536,284.166,,
41311,29.67,,
42004,22.923,,
40557,109.38,,
41626,123.72,,
41026,62.72,,
41901,94.608,,
40750,79,,
40773,44.6,,
41439,52.224,,
40908,468.18,,
41415,39.78,,
41232,98.442,,
41026,38.76,,
41406,46.92,,
41615,151.38,,
41240,179.46,,
41424,52.353,,
41813,103.9326,,
41963,35.6094,,
41625,106.56,,
41221,87.42,,
40857,53.2,,
41904,80.48,,
41037,43.98,,
41191,29.403,,
40974,15.15,,
40912,20.13,,
41771,109.95,,
41294,47.49,,
41806,54.18,,
41953,111.08,,
40603,46.53,,
41110,97.038,,
41907,94.2,,
41404,39.096,,
41328,57.576,,
41939,81.438,,
41585,97.32,,
41319,50.436,,
41442,107.4,,
41073,100.02,,
41953,93.48,,
41132,94.8,,
41977,15.68,,
41165,46.62,,
41270,52.86,,
41894,81.66,,
40894,40.86,,
41302,90.96,,
41755,78.12,,
41370,118.782,,
41715,56.7,,
40563,37.44,,
41452,89.88,,
41985,83.88,,
40851,118.656,,
40848,46.41,,
41845,166.8,,
41356,64.44,,
40869,70.32,,
41765,60.12,,
41225,84.462,,
40898,38.4,,
41491,114,,
41052,63.474,,
41886,84.18,,
41447,73.35,,
41917,131.382,,
41957,81.1965,,
41867,50.4,,
41456,35.97,,
41058,41.568,,
41586,57.584,,
41317,140.952,,
41563,61.92,,
41826,27.738,,
40598,62.16,,
41719,78.66,,
41547,41.28,,
40974,44.88,,
40708,89.1,,
41523,144.56,,
41515,65.96,,
41794,139.328,,
40862,25.06,,
41884,100.152,,
40973,131.85,,
41176,131.88,,
40950,82.86,,
41176,268.5,,
41580,56.7,,
41449,29.97,,
40843,94.02,,
41656,76.86,,
41589,40.23,,
41409,47.4,,
41260,120.48,,
41962,74.95,,
40578,58.98,,
41638,55.35,,
41717,23.76,,
40564,84.6,,
41281,136.164,,
41026,76.51152,,
40704,336.36,,
40833,77.12,,
41940,37.44,,
41108,163.15304,,
41759,45.06,,
41240,59.31,,
41041,23.88,,
41135,96.9,,
41333,54.432,,
41680,74.25,,
41076,29.862,,
41450,67.32,,
40863,78.35,,
41730,34.54,,
41226,96.08,,
41753,24.14,,
41052,75.33,,
41687,31.95,,
41001,120.06,,
41220,50.46,,
41458,58.8,,
40994,69.54,,
41516,51.78,,
41771,95.64,,
41211,60.6,,
41416,105.894,,
41860,152.928,,
40953,97.86,,
41517,156.15,,
41519,25.92,,
41837,26.73,,
41146,105.96,,
41348,41.904,,
41021,88.776,,
41817,102.368,,
41522,239.5,,
41492,47.68,,
41522,105.12,,
41046,40.98,,
41870,95.04,,
40688,59.7,,
41694,75.84,,
41492,72.6,,
40575,78.3,,
40696,49.77,,
41976,91.53,,
41598,148.878,,
41146,43.2,,
41178,141.76,,
41178,77.031,,
41563,60.12,,
41947,52.4,,
40563,32.34,,
41750,51.336,,
41591,24,,
40695,48.48,,
41842,103.32,,
41254,55.888,,
41393,73.5,,
41883,66.36,,
41937,64.24,,
41085,43.072,,
41851,48.42,,
42003,39.42,,
41652,87.03,,
41507,45.72,,
41495,88.2,,
41608,76.68,,
41542,47.142,,
40837,80.595,,
41946,97.92,,
41311,98.46,,
41078,75.36,,
41344,104.696,,
40813,45.45,,
41585,91.989,,
41957,51.75,,
41871,47.97,,
41632,29.34,,
41781,73.04,,
41388,22.704,,
41383,38.64,,
40623,100.692,,
40752,65.28,,
41492,36.4,,
40662,144.9,,
41263,150.501,,
41857,101.58,,
41197,98.388,,
40701,91.56,,
41258,172.14,,
41820,60.9,,
41810,84.24,,
41158,60.48,,
41164,149.13,,
41048,37.842,,
41138,168.03,,
41443,30,,
41239,61.04,,
41374,50.52,,
41985,44.28,,
40885,87.966,,
41138,50.22,,
40926,78.696,,
41013,275.88,,
40988,156.88,,
41397,99.6,,
41068,23.76,,
42004,135.96,,
40634,47.56,,
41114,150.3,,
41215,81.03,,
41634,36.0801,,
41847,102.4386,,
41998,78.66,,
41409,51.66,,
41996,67.04,,
40685,135.98,,
41417,95.22,,
41656,123.34,,
41365,103.36,,
41502,91.935,,
41212,42.984,,
40674,34.5,,
41821,113.64,,
41936,148.5,,
41540,68.79,,
41933,56.79,,
40596,207.18,,
40581,66.96,,
40852,48.87,,
41332,82.89,,
41948,94.5,,
41241,82.368,,
40885,103.92,,
41214,205.164,,
41884,14.43,,
41165,71.496,,
41878,55.32,,
41710,24.48,,
41446,53.28,,
41744,87.84,,
40585,66.852,,
41307,52.92,,
41635,47.58,,
41908,58.74,,
41633,55.56,,
40772,48.45,,
40813,77.28,,
41514,66.96,,
41992,58.716,,
41775,58.5,,
42002,601.32,,
41997,45.36,,
41495,39.528,,
41680,103.356,,
41260,87.96,,
41449,219.78,,
41911,54.9,,
41564,64.152,,
41130,70.35,,
40780,44.649,,
40865,35.808,,
41978,67.4,,
40876,42.528,,
41988,33.96,,
41817,84.78,,
41708,26.4,,
41416,63,,
40856,50.94,,
41233,78.246,,
41688,1324.0224,,
41978,108.216,,
41144,227.64,,
41082,120.9,,
41507,45.432,,
40772,39.78,,
41655,145.98,,
41253,53.088,,
41936,43.44,,
41265,33.568,,
41314,89.97,,
41914,104.75,,
41589,54.66,,
40889,25.38,,
41891,110.22,,
40729,182.76,,
41792,49.44,,
41830,235.32,,
41297,58.44,,
41018,85.2,,
41814,23.616,,
41953,43.7,,
41974,115.416,,
41786,69.624,,
41032,80,,
41691,48.16,,
41942,94.77,,
40576,56.88,,
42002,99.54,,
40718,45.72,,
40866,273,,
41965,86.805,,
40857,17.88,,
41276,129.6,,
41565,49.47,,
40999,96.36,,
40632,62.073,,
41807,51.84,,
41688,27.2745,,
41984,38.97,,
41225,100.792,,
41369,27.81,,
40863,169.45,,
41180,81.792,,
40991,43.05,,
41415,137.16,,
41317,198.45,,
41803,15.96,,
41443,107.28,,
40623,34.92,,
41957,40.4,,
41655,37.38,,
41223,85.904,,
40877,17.22,,
41745,105.12,,
41981,555.741,,
40808,65.1,,
41269,158.352,,
41537,52.44,,
41899,88.398,,
41683,53.037,,
41987,106.596,,
41648,73.305,,
41740,88.101,,
41228,33.372,,
40709,26.4,,
41836,47.331,,
41728,39.9,,
41338,24.3,,
41659,42.636,,
41996,57.384,,
41789,65.424,,
40961,79.36,,
41128,28.4,,
41369,31.752,,
41226,58.32,,
41716,83.67,,
41807,51.45,,
41356,37.59,,
41739,75.168,,
40903,45.504,,
41247,64.88,,
41563,49.38,,
41379,157.584,,
41101,63.36,,
41012,43.29,,
41289,103.68,,
41656,87.21,,
41548,84.24,,
41212,55.278,,
41259,65.34,,
41785,29.97,,
40927,42.2802,,
40730,90.018,,
41088,44.82,,
41969,67.344,,
41906,47.984,,
41415,40.635,,
41558,90.882,,
41079,228.92,,
40883,47.7,,
41435,40.29,,
41550,31.88,,
41078,53.109,,
40823,22.47,,
41185,79.29,,
41513,68.04,,
41964,80.16,,
41069,54.66,,
40892,49.02,,
41850,51.03,,
40964,23.82,,
41045,88.47,,
41426,46.26,,
41569,23.2,,
40885,60.416,,
41241,62.24,,
40646,69.84,,
41556,163.5,,
41309,128.52,,
41418,114.816,,
41536,38.88,,
40987,48.736,,
41948,21.96,,
40878,76.62,,
41968,100.404,,
40644,44.22,,
41990,101.1,,
41870,53.568,,
40924,71.55,,
40667,34.92,,
41208,111.51,,
41859,46.71,,
41990,49.8465,,
41055,28.32,,
41003,43.02,,
41225,64.08,,
41674,42.12,,
41962,78.288,,
41372,56.76,,
41153,44.496,,
41103,58.8,,
40878,26.49,,
40856,50.13,,
40896,18.954,,
41955,84.5778,,
41004,98.112,,
41755,67.92,,
41978,74.352,,
41844,67.32,,
40546,51.84,,
41145,65.88,,
40667,97.17,,
41148,93,,
41869,80.58,,
40771,51.3,,
40980,115.38,,
41421,136.242,,
40962,79.68,,
41463,95.64,,
41773,50.04,,
41720,100.5,,
41584,249.2658,,
41528,59.48,,
40793,42.81,,
40998,180.96,,
41172,45.584,,
41515,86.58,,
41411,48.66,,
41246,53.28,,
41294,65.13,,
41404,105.4,,
41849,26.24,,
41799,14.364,,
41635,74.592,,
41255,28.08,,
41426,74.34,,
41258,77.4,,
41395,80.1,,
41985,62.25,,
41816,78,,
41640,38.376,,
41794,78.66,,
40885,79.44,,
40598,36.909,,
41439,27.09,,
41057,54.69,,
41618,195.84,,
41562,47.4,,
41243,54.78,,
41477,53.652,,
41915,72.608,,
41796,62.4,,
41598,39.68,,
41551,78.7,,
40765,104.625,,
41929,23.16,,
41176,26.7,,
41603,59.4,,
41310,30.78,,
41491,23.598,,
41830,29.5812,,
40988,141.9,,
41201,61.74,,
41622,80.136,,
41897,70.95,,
41754,72.784,,
41956,62.352,,
41745,51.39,,
41824,48.72,,
41901,134.82,,
41610,92.16,,
40611,41.28,,
41134,124.59,,
41962,74.22,,
41932,38.016,,
41075,86.04,,
41467,68.58,,
41856,59.82,,
41766,39.78,,
41158,115.101,,
41215,139.59,,
41081,120,,
41334,59.22,,
41208,59.7102,,
41904,100.6524,,
41918,46.68,,
41932,96.8112,,
41959,29.835,,
40926,35.28,,
41907,40.29,,
41750,42.408,,
40913,56.16,,
41864,46.32,,
41540,48.87,,
41901,99.54,,
41065,66.132,,
41871,55.584,,
41845,320.49,,
40668,78.99,,
41228,57.288,,
41688,52.08,,
41271,66.456,,
41515,50.412,,
41729,69.624,,
40854,39.64,,
41832,65.8,,
41831,147.072,,
41227,79.08,,
41359,88.032,,
41262,84.6,,
41432,76.05,,
41799,44.1,,
41983,62.208,,
41127,71.1,,
41127,118.56,,
41452,46.62,,
41736,154.08,,
40553,25.92,,
41388,71.97,,
41515,86.4,,
41079,70.068,,
41543,42.096,,
41227,42.84,,
41669,80.256,,
41712,19.48,,
41501,86.256,,
40735,111.96,,
41836,69.552,,
40703,130.32,,
41408,66.96,,
41583,72.24,,
41174,48.93,,
41976,81.27,,
41526,1147.203,,
41564,53.4,,
40666,49.32,,
41226,139.806,,
41159,45.981,,
40574,121.92,,
40987,40.14,,
41724,16.02,,
40817,66.42,,
41879,29.67,,
41489,72.93,,
40759,143.79,,
41809,96,,
41485,54.72,,
41027,78.4,,
41883,79.36,,
41720,71.296,,
41808,143.736,,
41425,23.16,,
41537,79.4682,,
40941,41.58,,
41941,126.279,,
41244,108.7881,,
41261,103.194,,
41228,47.04,,
41134,117.7872,,
41950,57.6,,
41544,29.9,,
41977,47.32,,
40878,45.84,,
41926,31.984,,
41360,17.64,,
41767,114.12,,
40900,39.84,,
41816,132.96,,
41852,49.86,,
41249,29.61,,
40898,116.775,,
40977,24.72,,
40557,79.368,,
41578,84,,
41559,54,,
41796,63.12,,
41897,167.724,,
41472,34.3,,
41940,37.776,,
41451,55.32,,
40611,96.57,,
41873,57.852,,
41139,56.7,,
41053,96.9,,
40554,54.9,,
41215,96.18,,
40590,104.8815,,
40973,50.52,,
41435,125.793,,
40940,69.5544,,
40964,40.95,,
40851,35.34,,
41899,22.512,,
41792,27.744,,
41568,125.7,,
41064,119.98,,
41986,59.373,,
41010,81.12,,
41268,95.6,,
41990,130.74,,
41400,27.96,,
40766,111.078,,
41788,101.46,,
41640,137.808,,
41934,78.048,,
41874,76.059,,
41005,53.136,,
40548,48.78,,
41059,30.48,,
40987,111.72,,
41729,49.44,,
41500,22.5,,
40970,164.46,,
41563,75.348,,
41225,63.072,,
41171,27.32,,
41629,57,,
41389,96.6,,
41358,117.12,,
41690,63,,
41870,145.98,,
41701,85.05,,
40772,107.325,,
41970,49.68,,
41971,75.15,,
41403,58.112,,
41934,28.4,,
41773,58.48,,
40857,39.88,,
41731,42.93,,
41600,77.952,,
40638,26.7,,
40850,75.96,,
41774,29.94,,
41129,67.98,,
41934,29.01,,
41681,19.8,,
41131,31.95,,
41963,40.64,,
41414,85.44,,
40875,36.12,,
40701,65.712,,
41162,31.28,,
41177,117.12,,
41972,126.75,,
41874,60.804,,
41716,57.06,,
41101,29.97,,
41887,43.176,,
41220,84.784,,
40695,65.52,,
41585,111.12,,
41890,22.41,,
41626,24.597,,
41754,106.92,,
41744,69.3,,
41955,155.7,,
40742,110.64,,
41810,96.6,,
41933,62,,
41465,21.024,,
41125,150.255,,
40690,44.1,,
41440,19.98,,
41924,25.2,,
41933,78.84,,
41268,54.855,,
40836,82.6944,,
41782,119.88,,
41932,56.56,,
41807,65.99,,
41460,27.92,,
41951,100.94,,
41783,48.816,,
41659,52.08,,
41529,56.76,,
41165,34.56,,
41131,30.45,,
41941,18.336,,
42002,88.224,,
41745,67.36,,
41529,56.46,,
41125,79.2,,
40962,82.89,,
41436,69.84,,
41044,36.48,,
40892,83.88,,
40620,102.28,,
41879,17.88,,
40992,93.048,,
41969,211.44,,
41898,101.25,,
41966,115.02,,
41962,245.13,,
41557,139.806,,
40861,57.2949,,
41842,50.352,,
41612,48.72,,
41589,48.63,,
41514,32.319,,
40829,71.34,,
41257,75.48,,
41389,68.56,,
40778,148.662,,
40836,56.52,,
41312,49.68,,
40673,50.58,,
41554,45.54,,
41128,105.12,,
41886,92.16,,
41506,25.32,,
41288,51.381,,
40709,50.652,,
41379,113.76,,
41037,91.1,,
41401,59.7,,
41785,60.16,,
41521,30.84,,
41177,133.6455,,
40801,90,,
40674,41.25,,
41691,44.28,,
40691,54.18,,
41042,74.07,,
41580,24.696,,
41761,73.4052,,
41547,58.59,,
41437,45.4104,,
41136,38.772,,
41264,60.984,,
41730,33.62,,
41498,77.56,,
41746,13.68,,
41976,58.128,,
41584,24.327,,
41215,48.78,,
41873,58.32,,
41512,137.22,,
41893,133.2,,
41229,139.44,,
41947,78,,
41509,43.4,,
41541,102.16,,
41929,39.72,,
41225,106.488,,
41515,145.584,,
41992,82.5,,
41743,27.45,,
41768,71.172,,
41169,33.93,,
41880,25.8,,
41536,42,,
41152,138.753,,
41202,82.2,,
41142,97.5,,
41947,94.8,,
40966,71.28,,
41971,422.5032,,
41786,72.675,,
41604,37.08,,
40968,58.72,,
40652,76.14,,
41711,40.41,,
40917,81.852,,
41170,24,,
41085,115.74,,
40856,86,,
41759,33.48,,
41297,66.6,,
41842,13.59,,
41985,59.46,,
40904,51.3,,
40764,14.52,,
41229,50.94,,
41561,111.537,,
41989,83.25,,
41515,152.352,,
41466,70.4529,,
41212,74.4756,,
41783,136.26,,
41193,127.1325,,
41999,33.372,,
41354,86.45,,
41136,104.23,,
40626,40.48,,
41460,30.12,,
41533,66.948,,
41898,140.52,,
41704,23.7,,
41246,58.416,,
41890,88.2,,
40550,155.358,,
40820,76.788,,
41153,203.88,,
41600,77.04,,
41705,81.48,,
40850,70.56,,
40680,91.68,,
41816,50.76,,
40717,73.95,,
41989,105.72,,
41249,41.571,,
41534,97.86,,
41892,41.08,,
41254,100.54,,
41708,20.5,,
41375,135.48,,
41432,60.92,,
41858,38.58,,
41379,351.36,,
41760,30.69,,
41983,47.46,,
40583,54.78,,
40738,62.04,,
41880,89.64,,
40759,41.88,,
41547,129.114,,
41089,75.429,,
40893,64.53,,
41998,92.2995,,
41828,58.83,,
40819,61.568,,
41286,92.34,,
41711,59.376,,
40885,29.01,,
41982,49.77,,
41591,57.36,,
41290,79.44,,
41543,26.28,,
41507,88.704,,
40798,58.2,,
40814,53.84,,
41851,28.48,,
41545,66.636,,
41933,104.976,,
41538,20.574,,
40920,45.42,,
41891,110.88,,
41036,62.7,,
41375,44.94,,
41965,56.56,,
41113,68.94,,
41099,79.36,,
41855,39.816,,
41999,158.76,,
41691,66.93,,
41729,169.68,,
41818,27.72,,
41670,89.82,,
41920,45,,
41185,113.2,,
41046,37.38,,
41050,100.32,,
41449,68.904,,
40857,30.48,,
41225,87.06,,
41933,82.5192,,
41642,49.56,,
41954,45.3678,,
41598,100.704,,
41208,68.72,,
41060,51.56,,
41767,57.264,,
41443,97.332,,
40819,82.674,,
40589,55.14,,
41935,95.28,,
40837,96,,
41891,77.7,,
41218,60.552,,
41848,141.12,,
40981,123.8535,,
41090,91.35,,
41387,42.039,,
41167,49.1946,,
40927,42.7707,,
41213,17.45,,
40864,57.75,,
40628,66.3,,
41340,68.238,,
40805,73.915,,
40658,69.3,,
41272,97.92,,
40666,50.7,,
41964,53.7,,
41687,37.71,,
41543,42.3,,
41507,114.336,,
41148,47.19,,
40947,19.77,,
41472,57.8925,,
40975,26.946,,
41023,84.42,,
41297,97.038,,
40570,82.0599,,
40815,62.18,,
41865,31.44,,
40714,202.2,,
41106,48.24,,
40902,66.44,,
41947,32.8,,
41405,58.536,,
41835,67.84,,
41473,90.76,,
41178,57.36,,
40956,39.2,,
41124,139.68,,
41900,65.55,,
41344,41.04,,
41985,39.98,,
40672,67.8,,
41027,186.732,,
41264,51.756,,
41236,38.88,,
40628,28.784,,
41260,101.4,,
41900,215.52,,
41698,76.56,,
41698,71.1,,
40551,49.7,,
41276,67.68,,
40929,68.12,,
40634,67.608,,
41956,131.94,,
40813,117.46,,
41271,57.072,,
41624,54.36,,
40655,80.1,,
41293,39.285,,
41874,45.06,,
41688,25.0266,,
41576,59.76,,
41702,72.8,,
41963,31.968,,
41404,79.36,,
41057,45.36,,
40912,32.34,,
41634,106.32,,
40702,68.48,,
41569,74.16,,
40717,81.756,,
41979,74.49,,
41475,140.67,,
41201,95.6,,
40798,93.42,,
40584,66.48,,
41927,95.44,,
40913,42.96,,
41816,57.36,,
41569,55.944,,
41519,92.5275,,
40695,214.3791,,
41317,60.48,,
41316,38.04,,
41963,70.467,,
41025,79.08,,
41829,86.376,,
40694,55.32,,
40708,64.242,,
40675,58.32,,
42004,72.32,,
41164,35.06,,
40843,56.94,,
41404,113.46,,
41745,65.28,,
41065,85.608,,
41070,49.42,,
41806,68.816,,
40766,118.2,,
40633,110.28,,
41951,66.51,,
41975,121.905,,
41772,33.048,,
41913,510.57,,
41167,41.58,,
41589,122.283,,
41505,97.2,,
40885,93.51,,
40786,169.092,,
41153,60.74,,
41136,70.26,,
41976,39.992,,
41795,25.8,,
40925,128.88,,
41740,40.08,,
40889,73.536,,
40869,93.06,,
41862,125.82,,
41458,97.8,,
41437,132.15,,
40715,141.12,,
41066,47.025,,
40971,84.15,,
41640,39.87,,
40756,62.92,,
41772,34.24,,
41712,15.552,,
41660,59.52,,
40716,62.16,,
41604,54.936,,
41534,37.17,,
41408,81.66,,
41361,97.656,,
41263,65.24,,
41491,46.272,,
41404,127.7,,
40906,114.66,,
40875,121.905,,
41666,109.728,,
41692,23.1,,
41954,34.14,,
41515,56.76,,
41757,138.69,,
40837,59.508,,
40624,51.465,,
41249,113.92,,
41261,55.936,,
41230,36.6,,
41173,85.96,,
41439,33.568,,
41750,146.86,,
40585,84.978,,
41816,22.956,,
41542,54.18,,
41383,126.03,,
40813,57.84,,
40736,85.92,,
41209,111.312,,
41628,73.5,,
41412,117.96,,
41744,126.4,,
41944,69.18,,
41040,15.32,,
41346,86.7,,
41324,60.48,,
41327,57.9,,
41871,72.675,,
41698,59.34,,
41478,89.4,,
40793,29.268,,
41621,46.53,,
41184,34.5861,,
41528,138.24,,
40835,63.729,,
40908,29.68,,
40818,230.376,,
41998,48.3,,
41456,49.6,,
41163,29.88,,
41626,78,,
40913,52.59,,
41416,115.83,,
41444,46.845,,
41253,92.64,,
41263,55.48,,
40794,56.65,,
41886,82.56,,
41655,47.984,,
41624,134.61,,
41541,29.76,,
41256,27.3,,
41934,107.928,,
41547,76.08,,
41830,35.2,,
41802,22.68,,
41373,177.3,,
40662,29.01,,
41919,74.25,,
41964,65.925,,
41982,76.41,,
41232,55.95,,
41907,46.845,,
40862,44.781,,
41446,17.712,,
41836,41.9,,
41727,21.56,,
41762,159.56,,
41513,31.008,,
40605,69.15,,
41435,30.3,,
41099,64.3,,
41522,126.96,,
41633,47.16,,
41115,131.28,,
40635,172.43928,,
41548,90.18,,
41384,45.846,,
41422,142.53,,
41542,73.95,,
41571,25.29,,
41717,1001.1366,,
41215,57,,
41289,40.425,,
41675,78.246,,
41926,125.19,,
41842,53.703,,
41801,90.0576,,
41101,25.344,,
40858,67.56,,
41582,116.28,,
41474,55.992,,
40750,67.88,,
40900,45.528,,
40770,46.44,,
41961,74.52,,
40973,71.52,,
41883,142.08,,
41527,49.32,,
41264,112.92,,
40823,102.48,,
41871,53.7,,
40996,59.526,,
40701,84.276,,
41960,46.59,,
40798,132.96,,
41543,46.848,,
41529,190.4,,
41006,68.076,,
41547,70.88,,
41617,45.84,,
41963,95.72,,
40721,36.3,,
41907,130.72,,
40862,77.16,,
41869,105.24,,
41981,45.72,,
41150,62.16,,
41460,55.56,,
41801,45.72,,
41012,37.68,,
41227,31.92,,
41661,67.128,,
41157,75.18,,
41339,27.392,,
41446,196.08,,
41905,75.6,,
41760,97.824,,
41961,81.18,,
41808,121.86,,
40582,109.62,,
40668,55.98,,
41486,148.92,,
41452,78.12,,
41964,50.4,,
41289,132.1425,,
41937,73.1022,,
41804,45.36,,
40552,51.6285,,
41996,71.82,,
41549,41.85,,
40948,40.096,,
40700,149.544,,
41030,35.06,,
41864,46.74,,
41681,45.69,,
41829,51.78,,
41897,62.31,,
40566,47.96,,
41188,40.64,,
41808,130.08232,,
41628,73.8,,
41590,36,,
41803,66.6,,
41725,35.82,,
40569,88.2,,
41779,33.6,,
41076,47.88,,
41962,45.48,,
41632,62.2965,,
41638,58.212,,
41459,71.4,,
40950,64.719,,
40583,92.64,,
41598,59.778,,
40950,56.349,,
41990,40.2522,,
40834,173.76,,
40553,30.456,,
41092,71.9361,,
41507,58.02,,
41243,94.92,,
41471,44.4,,
41890,73.008,,
40903,34.656,,
41704,42.68,,
41739,65.584,,
41558,14,,
40929,46.74,,
41767,166.8,,
41337,107.28,,
41992,69.84,,
41934,76.08,,
41628,50.79,,
41465,38.61,,
40859,39.072,,
41257,87.3,,
40918,53.22,,
41677,66.96,,
40879,94.6305,,
41692,120.366,,
41800,115.56,,
41510,40.1475,,
41023,42.7869,,
41593,54.36,,
41746,61.8,,
41396,48.852,,
40749,53.72,,
41632,47.9,,
41190,72.78,,
41775,52.5,,
41955,59.52,,
40984,57.75,,
41054,142.848,,
41986,16.716,,
41270,50.58,,
40880,76.5,,
41450,105.568,,
41451,252,,
41872,66.936,,
41948,46.98,,
40870,46.98,,
41911,78.9,,
41949,111.42,,
41918,39.92,,
41898,50.292,,
41635,26.4,,
41162,34.98,,
41911,97.92,,
41970,59.76,,
41596,103.26,,
41636,54.82,,
41831,68.88,,
41611,65.88,,
41449,16.48,,
40920,78.84,,
42002,55.74,,
40645,65.784,,
41395,89.94,,
41729,47.7,,
41773,36.96,,
41394,85.02,,
40927,26.712,,
41368,35.7,,
41733,58.392,,
41591,37.68,,
41496,30.816,,
41530,67.9,,
41832,71.952,,
40598,26.64,,
40904,32.19,,
40733,80.55,,
40849,64.824,,
41633,53.28,,
41632,22.29,,
41030,32.88,,
41933,27.5,,
41246,26.04,,
41137,61.92,,
41890,62.72,,
41528,71.361,,
41164,59.292,,
41516,62.16,,
40751,42.84,,
41818,41.04,,
41767,51.273,,
41199,26.91,,
41528,75.69,,
41856,90.6222,,
40886,80.838,,
41653,59.4,,
40610,75.9,,
41907,60.96,,
41516,63.18,,
41820,28.0125,,
41213,29.7,,
40703,37.4,,
41712,19.456,,
41538,98.392,,
40808,97.44,,
41597,195.6,,
41395,51.84,,
41001,73.2,,
41177,82.84,,
41989,61.86,,
41946,217.32,,
40823,32.68,,
41225,106.8,,
41819,87.84,,
41187,76.2,,
41900,49.44,,
40992,64.26,,
41645,97.2,,
41536,73.35,,
41445,49.44,,
41326,46.92,,
41716,83.88,,
41179,23.25,,
40893,93,,
41923,171.036,,
41226,63.77,,
41248,164.646,,
41254,54.9,,
41226,70.26,,
41632,60,,
41808,44.4,,
41458,25.308,,
41138,58.83,,
41066,44.2,,
41524,248.22,,
40814,36.84,,
41955,79.08,,
41233,80.1,,
41452,82.89,,
41029,60.42,,
41561,49.5,,
41876,79.92,,
41608,125.22,,
41087,44.22,,
41562,40.8312,,
40560,37.152,,
41057,47.82,,
41716,71.6,,
41570,39.92,,
41157,69.12,,
41599,27.88,,
41470,110.376,,
41680,44.7,,
41233,51.72,,
41002,39.12,,
41299,48.39,,
41691,83.46,,
40868,82.08,,
41054,55.56,,
41554,65.68,,
41236,81.66,,
41871,37.62,,
41962,68.364,,
41716,40,,
41187,52.86,,
40758,47.952,,
41380,145.05,,
41820,40.05,,
41696,38.4,,
41493,90.42,,
41607,187.986,,
40884,43.2,,
41928,87.92,,
41432,59.94,,
41263,36.27,,
41806,18.96,,
40721,61.392,,
40969,81.852,,
41590,153.42,,
41810,72.864,,
41008,28.24,,
40623,49.356,,
41192,70.56,,
41788,39.4,,
40880,56.352,,
40982,26.76,,
41379,66.948,,
41991,43.2,,
41985,78.75,,
41823,79.11,,
41610,31.488,,
41863,56.97,,
41516,90.81,,
41983,99.72,,
41680,83.4,,
41702,163.56,,
41680,60.588,,
40926,69.336,,
41223,79.9,,
41515,26.49,,
41558,23.4,,
41456,61.6,,
41035,70.64,,
41767,38.04,,
40838,98.88,,
41537,34.06,,
41731,105.18,,
41744,113.94,,
41494,65.61,,
41422,60.6,,
40940,139.59,,
40810,56.52,,
41164,78.354,,
40789,51.36,,
41484,83.8248,,
41984,84.5604,,
41915,127.1076,,
40850,51.03,,
40815,127.32,,
41866,17.712,,
41813,37.608,,
40850,23.97,,
41073,25.05,,
41226,64.2,,
41894,59.76,,
41923,87.408,,
41152,62.61,,
41690,218.592,,
40821,100.4,,
41376,100.7,,
41561,42.12,,
41855,75.33,,
41113,98.388,,
41493,58.2,,
40640,119.07,,
40619,80.865,,
41124,42.66,,
40603,24.354,,
41144,152.4,,
41054,30.12,,
41580,89.46,,
41767,79.99,,
40872,51.016,,
40659,45.21,,
41300,98.04,,
41974,97.38,,
40752,26.88,,
41527,46.32,,
41201,58,,
41263,61.668,,
40899,47.268,,
41645,31.66,,
41169,19.88,,
41878,60.2,,
41097,77.1,,
41900,39.72,,
41933,34.92,,
41778,31.84,,
41936,90.64,,
41595,82.08,,
41021,36.08,,
40921,80.28,,
40661,113.68,,
41388,14.256,,
41749,114.81,,
41613,82.35,,
41344,75.6,,
41534,18.99,,
40632,66.462,,
41099,122.94,,
41523,58.248,,
41871,56.76,,
41677,45.84,,
41285,80.46,,
40788,49.248,,
41740,59.16,,
41513,116.52,,
41957,102.45,,
41720,71.1,,
41974,53.526,,
41705,26.38,,
41920,85.52,,
40917,106.32,,
41893,14.4,,
41969,141.6,,
41645,30.3,,
41131,75.68,,
41162,101.94,,
41614,72,,
41486,84.48,,
41920,40.635,,
41950,60.24,,
41356,59.4,,
40904,53.04,,
41773,45.252,,
41356,94.8,,
41856,90.0576,,
41629,159.66,,
41474,15.96,,
41565,111.48,,
41999,40.296,,
40750,110.22,,
40673,86.112,,
41264,91.44,,
41726,105.72,,
40634,121.5,,
41778,88.68,,
40634,44.94,,
41604,76.48,,
41806,48.7,,
41612,41.74,,
41940,36.8,,
41346,80.192,,
41492,44.16,,
41867,61.44,,
41834,51.48,,
40865,74.952,,
41817,83.76,,
41890,37.68,,
41865,31.92,,
41037,127.764,,
41237,53.91,,
41452,57.87,,
41849,29.58,,
41228,69.15,,
41236,117.4472,,
41572,104.472,,
40885,45.927,,
41632,56.349,,
41438,42.12,,
41836,43.83,,
41827,50.7,,
41660,97.32,,
41867,57.8925,,
40824,87.06,,
41081,23.4,,
41698,121.5,,
41625,106.32,,
41528,155.7,,
41078,23.652,,
40902,59.328,,
41727,20.04,,
41549,30.976,,
41925,39.984,,
40913,87.36,,
40756,40.704,,
41015,59.04,,
41502,50.28,,
41358,50.94,,
41520,34.074,,
40696,72.88,,
41759,104.44,,
41576,57.864,,
41206,53.68,,
41263,77.1,,
41655,63.76,,
41913,83.34,,
40736,63,,
41888,76.8,,
41999,158.58,,
41045,85.92,,
41191,33.876,,
41279,63.9975,,
40701,109.08,,
40778,25.92,,
40897,43.512,,
40854,123.144,,
41706,91.59,,
41948,52.752,,
41682,57.87,,
41802,124.272,,
41507,42.96,,
41129,164.76,,
41628,103.5,,
41417,43.52,,
41779,60.9,,
41928,46.44,,
41516,41.64,,
41248,53.34,,
41898,27.96,,
41498,23.97,,
41778,103.56,,
41418,49.5,,
41344,39.992,,
40794,45,,
41646,33.74,,
40789,14.4,,
40640,200.97,,
41561,37.94,,
41561,82.26,,
41235,17.12,,
40903,45.75,,
40709,40.752,,
41186,49.152,,
41534,84.36,,
41253,99.54,,
41789,38.04,,
41318,98.46,,
41527,43.47,,
41865,60.75,,
41899,15.76,,
41232,99.96,,
41295,64,,
41502,49.8,,
41272,52.38,,
41803,42.96,,
41713,56.7,,
41269,95.16,,
41029,46.116,,
41241,154.4208,,
41985,409.32,,
41914,91.84,,
41438,92.94,,
41427,51.63,,
40770,31.74,,
41471,24.92,,
41036,33.36,,
41866,67.7,,
41614,96.8,,
41885,45.216,,
41977,172.08,,
41599,90.72,,
41735,57.15,,
41493,68.148,,
40829,27.6,,
41586,104.7045,,
40632,44.46,,
41445,73.26,,
41054,130.41,,
41397,59.5455,,
41807,180.66,,
41642,28.854,,
41887,17.76,,
40760,79.47,,
41001,87.8,,
40637,48.06,,
41540,35.304,,
41018,58.17,,
41807,46.74,,
41663,52.98,,
41166,58.2,,
41115,138.6,,
41227,57.984,,
41961,37.86,,
41211,138.04,,
41701,78.78,,
41226,122.88,,
40613,59.1,,
41550,48.78,,
41948,79.974,,
41905,110.76,,
41645,258.9,,
41179,114.03,,
41381,86.88,,
41803,46.5,,
41557,72.4245,,
41044,210.12,,
41908,64.764,,
41123,66.96,,
41963,82.296,,
41619,83.358,,
40654,38.16,,
42003,27.5892,,
42003,113.2452,,
41081,149.73,,
41799,23.76,,
40722,41.472,,
41864,17.52,,
41948,143.928,,
40799,57.78,,
41853,24.36,,
41601,50.4,,
40596,57.87,,
41892,86.256,,
40934,66.88,,
41577,263.6,,
41928,98.22,,
41899,169.92,,
40849,33.18,,
41207,58.02,,
41236,96.36,,
41507,107.55,,
41570,58.44,,
41498,32.4,,
41194,42.66,,
41535,57.84,,
41905,34.95,,
41992,47.82,,
41803,101.88,,
41789,37.62,,
41134,43.02,,
41579,42.384,,
41617,32.448,,
41225,74.4,,
41253,56.988,,
41795,53.01,,
41589,55.98,,
41870,56.43,,
40689,44.58,,
40858,26.2944,,
41757,62.34,,
41904,287.4,,
40780,34.2,,
40812,44.2338,,
41079,33.6,,
41971,44.388,,
41988,64.96,,
41169,25.032,,
41240,107.97,,
40763,53.88,,
41205,36.288,,
41687,50.352,,
41561,14.52,,
41887,24,,
41809,56.34,,
41969,99.288,,
41673,32.32,,
41190,146.4,,
41506,65.1,,
41857,57.72,,
41204,26.92,,
41822,44.624,,
41564,48.9,,
41979,73.875,,
41837,68.025,,
41863,64.26,,
41226,26.04,,
40689,42.66,,
41619,93.24,,
41613,142.56,,
41746,81.99,,
41780,71.37,,
40897,86.4,,
41110,49.68,,
40866,149.95,,
41542,41.7,,
41585,84.84,,
40822,15.36,,
41663,86.352,,
41806,119.96,,
40704,79.533,,
40740,61.38,,
41759,51.36,,
41607,86.31,,
41820,51.6,,
40715,51.08,,
41719,84.84,,
41932,151.236,,
41968,64.56,,
41729,79.11,,
41642,58.08,,
41270,2039.796,,
41578,57.87,,
40842,75.78,,
41893,83.6976,,
41137,46.305,,
41813,87.9504,,
41718,51.975,,
41490,78.66,,
41905,86.97,,
41296,64.864,,
41425,62.1,,
41473,69.52,,
41354,64.08,,
41969,45.03,,
41860,19.908,,
41358,28.89,,
40684,58.66,,
41449,67.84,,
40812,51.24,,
40724,14.24,,
40982,67.96,,
41855,94.5,,
41522,23.355,,
40794,95.04,,
40931,210.84,,
41341,124.65,,
40897,66.24,,
41982,115.71,,
40575,22.65,,
41031,71.4378,,
41200,76.2,,
40831,68.22,,
41402,94.02,,
41892,47.52,,
40906,38.976,,
41569,98.4,,
41569,51.63,,
41415,158.58,,
41743,23.25,,
41726,133.2,,
41866,50.12,,
41136,21.96,,
40812,60.06,,
41204,67.2152,,
41628,139.152,,
40792,54,,
41430,25.14,,
41123,70.815,,
41790,27.4752,,
41892,95.88,,
40729,281.424,,
41221,44.43,,
41582,72,,
41527,72.048,,
41816,50.73,,
41894,38.7,,
41970,42.6,,
41522,120.08,,
41968,109.8,,
41922,60.264,,
41561,60.032,,
41166,38.4,,
41998,183.87,,
41429,107.775,,
41871,103.56,,
40874,51.6,,
41537,48.96,,
40983,36.288,,
41907,38.34,,
40658,99.924,,
41172,1654.668,,
40946,82.242,,
40988,51.84,,
41881,27.44,,
41771,74.416,,
41202,24.56,,
41288,79.11,,
41080,25.8,,
41285,50.76,,
41900,59.76,,
41856,54,,
40798,56.46,,
41199,121.44,,
41748,42.12,,
41551,68.184,,
41785,78.84,,
41736,66.672,,
41430,185.26,,
41120,66.51,,
41450,27.18,,
41569,81.378,,
41907,223.722,,
41395,87.72,,
40553,34.29,,
41222,61.32,,
41948,124.92,,
41744,89.856,,
40560,18.588,,
41242,21.48,,
41583,38.29,,
41535,105.584,,
40823,107.44,,
40807,20.808,,
41782,49.56,,
41969,54.24,,
41811,42.06,,
41191,84.6,,
41135,48.45,,
41975,16.59,,
40700,64.89,,
41656,44.34,,
40904,26.8,,
41561,66.6,,
41289,94.8,,
41115,56.52,,
41955,88.44,,
41698,62.1,,
41831,26.37,,
41789,80.73,,
40786,27.9522,,
41785,16.8,,
41087,64.557,,
41213,92.205,,
41229,50.298,,
41290,90.57,,
41926,59.712,,
41221,52.272,,
41891,21.184,,
41729,40.68,,
41989,50.4,,
41127,30.54,,
41487,73.2,,
41243,51.27,,
41206,51.2,,
40612,63.2,,
41464,30.64,,
41132,133.344,,
41257,35.24,,
41319,81.9,,
41953,42.48,,
41426,78.57,,
40567,41.16,,
41948,39.609,,
41929,46.71,,
41943,66.87,,
41984,167.34,,
40897,25.92,,
41963,31.776,,
40825,88.768,,
41619,62.82,,
41670,69.375,,
41228,39.96,,
41981,88.44,,
41570,136.59,,
41659,134.688,,
41544,50.52,,
41990,15.54,,
41384,75.18,,
41913,117.32,,
41239,45.408,,
41918,72.54,,
40879,70.56,,
41870,40.86,,
41954,56.94,,
40898,32.25,,
41717,85.32,,
40815,115.92,,
41275,99.48,,
41533,62.4,,
41312,61.47,,
41221,92.1825,,
41431,129.978,,
41121,61.62,,
41073,74.9988,,
41767,67.95,,
41186,26.96,,
41361,114.78,,
41338,61.56,,
41498,49.32,,
40890,44.595,,
40829,53.01,,
41883,87.792,,
41963,31.34,,
41701,56.5,,
41610,30.684,,
41860,258.9,,
41415,49.08,,
41375,28.08,,
41145,103.68,,
40704,57.6,,
40999,69.6,,
40942,56.16,,
41157,170.34,,
42004,39.6,,
40700,41.055,,
40815,41.19,,
41794,45.36,,
41806,77.728,,
40668,59.76,,
41362,43.86,,
41411,77.472,,
41561,56.032,,
41271,41.94,,
41040,74.48,,
40564,60.96,,
40758,24,,
40871,172.6,,
40733,64.38,,
41026,172.8,,
41193,27.702,,
41985,79.2,,
41929,91.14,,
41015,57.96,,
41894,19.44,,
41713,49.616,,
41500,185.376,,
41601,70.74,,
41131,51.372,,
41888,66.93,,
41961,55.92,,
41246,149.6,,
41767,61.32,,
40729,115.58,,
41075,161.59616,,
41393,47.82,,
41900,20.72,,
41157,30.528,,
40697,121.932,,
41988,70.92,,
41823,67.5,,
41510,17.4,,
41612,148.32,,
40638,127.05,,
41162,50.7,,
40933,28.908,,
40723,87.3372,,
41898,39.99,,
41818,15.84,,
41870,81.54,,
41551,61.29,,
40996,48.573,,
41482,123.72,,
41216,37.11,,
41530,58.8,,
41801,36.66,,
41980,82.88,,
41618,61.368,,
41929,21.408,,
41068,86.88,,
41137,76.05,,
41323,79.5,,
40851,30.618,,
40795,87.6,,
41767,52.245,,
41899,45.09,,
41929,96.45,,
41185,270.54,,
41586,141.03,,
41316,44.82,,
41094,46.5,,
41877,33.06,,
41535,33.39,,
41415,92.46,,
41880,91.6,,
41501,72,,
41785,36.018,,
41236,95.16,,
41467,162.96,,
41907,46.32,,
40949,49.296,,
41919,101.58,,
41131,132.84,,
40680,32,,
41218,39.48,,
40794,40.64,,
41917,109.28,,
41344,56.16,,
41508,50.7,,
41240,120.42,,
41100,80.2395,,
41083,152.28,,
41681,48.33,,
41509,96.9,,
40574,62.1,,
41195,28.692,,
41898,38.62,,
41621,60.35,,
41228,106.32,,
41803,74.76,,
41642,61.776,,
41730,42.96,,
41535,47.64,,
41936,52.736,,
41796,64.8,,
41045,50.84,,
41914,46.62,,
41248,161.73,,
40985,42.18,,
41183,34.44,,
41899,55.38,,
41992,56.55,,
41897,72.99,,
41904,54,,
41855,82.704,,
41879,56.52,,
41438,38.61,,
40583,84.78,,
41964,40.5,,
41579,71.55,,
41177,61.29,,
41639,59.4,,
41569,89.352,,
41950,46.26,,
41870,88.02,,
40901,30.36,,
41178,33.48,,
40802,48,,
40672,105.492,,
41717,59.58,,
41141,54.336,,
41537,118.8,,
40854,70.4,,
41830,36.12,,
40835,56.76,,
41817,78.312,,
41022,72.576,,
41317,56.97,,
40751,57.159,,
40710,42.21,,
41968,21.6,,
40782,46.62,,
41459,74.655,,
41054,68.16,,
40994,74.352,,
41478,965.85,,
41460,43.96,,
41976,114.288,,
41041,127.904,,
40812,153.824,,
41111,48.6,,
41894,39.6,,
41294,60.54,,
40819,43.29,,
40546,62.34,,
41565,94.02,,
41855,53.88,,
40753,55.2,,
41173,95.04,,
41152,50.46,,
41843,80.685,,
41730,29.78,,
41976,69.456,,
41787,25.92,,
41079,186.69,,
41568,61.1,,
40852,51.56,,
41961,79.99,,
41906,74.7,,
40973,69.36,,
41961,96.6,,
41570,71.04,,
41829,82.008,,
41761,30.27,,
41501,60.696,,
41382,12.6,,
41248,48.4,,
41982,50.82,,
41212,82.1,,
41278,189.46032,,
41716,65.2,,
41822,50.79,,
41863,56.76,,
41858,26.22,,
41993,106.974,,
41492,44.064,,
41221,51.66,,
41815,71.73,,
42000,100.4964,,
40752,43.7568,,
41076,46.6875,,
41250,56.9214,,
40780,40.096,,
41536,99.372,,
41233,72.744,,
41072,55.984,,
41894,51.156,,
41054,186.12,,
40674,46.92,,
40836,61.76,,
41150,152.352,,
40798,33.66,,
40565,53.91,,
41984,41.85,,
41128,99,,
41803,61.503,,
40592,24.03,,
41509,74.4759,,
41538,71.766,,
41271,46.62,,
41171,61.96,,
41615,47.208,,
40862,20.46,,
41255,166.5,,
41592,71.76,,
41429,72.828,,
41908,46.92,,
41608,29.862,,
41376,21.52,,
41831,84.3,,
40906,56.46,,
41887,40.32,,
40828,15.76,,
40624,40.584,,
41061,112.584,,
40712,70.56,,
41089,56.2,,
41380,52.56,,
41929,29.88,,
41654,59.598,,
40632,50.625,,
40900,68.25,,
41331,50.328,,
41530,49.71,,
41173,37.665,,
41788,208.5,,
40987,33.36,,
41152,36.51,,
41176,35.12,,
40795,30.816,,
41958,21.99,,
41808,23.592,,
41999,30.624,,
40819,28.38,,
41617,135.744,,
41131,21.36,,
40813,25.36,,
41219,77.04,,
41207,78.66,,
41589,44.688,,
41521,54,,
41965,76.224,,
41577,41.49,,
41590,51.6,,
41124,37.86,,
41606,44.469,,
41173,86.04,,
41135,80.757,,
41829,153.72,,
41540,55.98,,
41606,41.55,,
41123,67.5,,
41908,39.9,,
41432,26.85,,
41069,72.6,,
41500,58.924,,
40638,40.2,,
41712,63.24,,
41591,55.26,,
40546,81.24,,
40829,53.4,,
41967,49.74,,
41193,63.432,,
41196,86.52,,
41726,107.4,,
41909,32.4,,
41043,32,,
41753,50.988,,
41939,50.72,,
41950,98.172,,
41076,35.73,,
41925,52.86,,
41684,79.56,,
41820,39.45,,
41218,30.735,,
41881,46.62,,
41471,48.2088,,
41556,62.28,,
41610,23.92,,
41177,63.96,,
40812,19.44,,
41150,30.384,,
41991,32.19,,
41384,81.99,,
41305,26.37,,
41841,59.16,,
41163,60.42,,
41773,65.16,,
41530,296.88504,,
40899,33.6,,
41159,55.5,,
41730,84.672,,
40816,84.96,,
41698,80.64,,
41183,80.76,,
41820,30.66,,
41150,87.84,,
41212,36.72,,
41240,84.321,,
41803,42.735,,
40711,29.88,,
41149,53.46,,
40894,23.7,,
40823,97.92,,
41653,57.996,,
41334,36.972,,
41850,34.848,,
40813,81.98,,
41963,59.913,,
41915,105.996,,
41915,61.2,,
40939,50.022,,
41260,48.93,,
41544,137.772,,
41247,98.7,,
41808,80,,
41357,28.96,,
41562,85.59,,
41624,55.92,,
40995,73.62,,
40809,44.91,,
40668,106.8,,
41857,379.242,,
41126,66.45,,
41907,31.806,,
41780,126.5382,,
40722,30.861,,
41783,35.883,,
41515,114.39,,
40869,50.148,,
41943,88.752,,
41838,32.4,,
40623,32.952,,
41856,113.04,,
41247,98.592,,
40906,40.64,,
41745,87.76,,
41905,77.48,,
41429,41.52,,
40738,41.232,,
41258,107.82,,
41908,75.0321,,
41820,55.3161,,
41606,33.36,,
41489,34.092,,
41071,28.44,,
41254,52.416,,
41013,35.208,,
41990,39.861,,
41141,49.5,,
40653,19.464,,
41508,114.03,,
41503,45.69,,
41586,60.42,,
41731,18.36,,
41261,59.16,,
41036,33.336,,
40684,57.6,,
40890,41.36,,
41778,29,,
41820,86.346,,
41687,44.94,,
41059,24.6,,
41997,30.96,,
40730,76.41,,
40807,21.36,,
41571,75.69,,
41181,48.0321,,
41143,41.202,,
41873,56.97,,
41443,76.275,,
41767,50.274,,
41984,34.5,,
40840,11.85,,
41969,109.98,,
41688,33.9,,
41929,62.13,,
40854,17.88,,
40913,48.78,,
41040,53.34,,
41531,21.144,,
41356,37.9,,
41457,77.04,,
41167,35.76,,
41216,37,,
40866,58.608,,
41201,48.3,,
41738,28.64,,
41512,35.136,,
41190,100.7,,
41583,49.02,,
41430,54.12,,
41641,54.56,,
41932,53.76,,
41906,58.32,,
41103,53.82,,
41401,53.19,,
41888,80.46,,
41668,53.217,,
41116,28.611,,
40869,17.4324,,
41664,88.47,,
41027,40.6368,,
41166,85.56,,
41696,58.68,,
41943,43.86,,
41766,59.2,,
41754,69.98,,
41806,76.608,,
41766,54.576,,
41820,58.68,,
41783,90.18,,
40658,18.816,,
41193,33,,
41457,85.968,,
41767,38.961,,
41509,112.0791,,
41081,43.71,,
40800,55.8,,
41894,90.72,,
40885,66,,
41025,97.04,,
41481,69.3,,
41473,55.48,,
41005,42.048,,
40562,64.864,,
41473,87.71,,
41869,71.976,,
40988,29.304,,
41520,65.94,,
41885,25.05,,
41689,55.14,,
41760,38.52,,
40736,20.16,,
41707,39.36,,
41785,58.48,,
41514,111.56,,
41428,52.92,,
41423,63.18,,
41824,17.088,,
41808,45.024,,
41107,59.76,,
41960,71.715,,
41130,53.28,,
41715,41.25,,
41302,98.46,,
41888,31.35,,
41626,81.27,,
41677,228.831,,
41482,21.54,,
41831,90.24,,
41411,50.88,,
41520,81.54,,
41345,40.29,,
41738,28.512,,
41995,40.32,,
40843,28.12,,
41253,82.16,,
41375,161.1,,
41277,47.88,,
41198,36.8,,
41905,27,,
41527,42.96,,
41565,50.46,,
41976,101.85,,
41268,208.332,,
41520,81.27,,
41416,54.42,,
41402,117.504,,
41733,78.246,,
41608,13.5786,,
41943,106.02,,
41894,58.0635,,
41926,22.41,,
41222,81.324,,
41627,38.88,,
41802,15.872,,
41457,58.34,,
41590,55.008,,
41138,62.16,,
40717,48.93,,
41613,29.37,,
40779,13.851,,
41688,48.93,,
40612,52.428,,
41290,76.11,,
40835,41.568,,
41185,108.48,,
41867,65.952,,
41200,99.972,,
41529,46.32,,
41080,121.74,,
41635,31.536,,
41456,96.9,,
41221,58.7,,
41768,74.64,,
41183,57.15,,
41225,97.2,,
40886,49.95,,
41062,133.65,,
41951,68.55,,
41870,29.88,,
42000,90.24,,
40574,105.66,,
40617,43.188,,
40871,196.62,,
40597,19.44,,
41799,72.588,,
41663,40.83,,
41926,118.2,,
41962,101.208,,
41397,94.02,,
41943,49.872,,
40987,63.18,,
41247,49.28,,
40701,39.33,,
41496,40.38,,
41857,185.28,,
41050,69.444,,
41907,110.25,,
41492,49.425,,
41490,58.671,,
41960,45.633,,
40838,66.744,,
40973,29.34,,
41902,72.588,,
41945,45.75,,
41521,84.3,,
40610,59.82,,
41435,84.72,,
41214,63.9,,
41745,59.9,,
41430,55.36,,
41554,45.28,,
41927,65.22,,
41536,90.624,,
40900,15.072,,
41934,31.92,,
41808,89.73,,
40948,38.16,,
41323,24.42,,
41799,22.05,,
41655,93.7236,,
41590,70.6035,,
41880,49.83,,
41222,105.84,,
41167,15.552,,
41976,34.65,,
40803,57.93,,
40997,53.25,,
41519,72.48,,
41253,56.3,,
41543,286.256,,
40883,42.208,,
41969,67.84,,
40577,180.96,,
40637,35.928,,
40658,120.9,,
41990,65.4,,
41997,56.76,,
41880,54.69,,
41136,109.8,,
40788,34.3,,
40898,43.7,,
40705,68.8,,
41921,279.6,,
40901,84.52,,
41848,79.56,,
40755,49.95,,
41955,96.6,,
41960,55.5,,
41843,45.288,,
40701,35.64,,
40865,50.997,,
41523,62.79,,
40859,79.512,,
41976,57.36,,
41918,72.9,,
40869,83.28,,
41501,68.184,,
41565,67.86,,
41820,33.468,,
40653,32.58,,
41576,26.64,,
41297,47.472,,
41902,21.48,,
40598,524.58,,
40938,35.46,,
41856,58.05,,
41883,42.84,,
41495,67.662,,
41082,77.49,,
40721,25.029,,
41569,33.3105,,
41912,51.55,,
41789,43.41,,
41853,29.196,,
41456,66.42,,
41075,28.02,,
41260,43.26,,
41089,15.51,,
40868,60.24,,
40791,93.1,,
41585,29.4,,
41240,37.696,,
41872,40.5,,
41373,73.44,,
41530,80.01,,
41808,35.406,,
41579,87.03,,
41888,99.54,,
41253,18,,
41814,22.29,,
41116,233.6625,,
41400,66.2838,,
41600,40.32,,
40910,89.584,,
41957,163.96,,
41369,46.62,,
41439,96.78,,
41138,43.47,,
41869,89.04,,
41578,44,,
41204,46.44,,
41595,144.528,,
40709,27,,
41715,55.56,,
41968,48.006,,
40886,46.656,,
41572,67.86,,
40833,59.664,,
41689,153.171,,
40729,19.44,,
40795,103.6,,
41654,168.624,,
41226,50.97,,
41530,40.48,,
41915,55.26,,
40808,109.74,,
41977,92.88,,
41075,30.78,,
41169,45,,
41711,57.39,,
41087,63.66,,
41813,50.73,,
41934,79.5,,
40871,50.5,,
41597,35.32,,
41431,54.54,,
41811,54.252,,
41935,53.04,,
41372,59.76,,
41491,108.36,,
41321,22.38,,
41265,58.428,,
41577,40.71,,
40767,69.0696,,
41908,32.25,,
41808,79.47,,
41927,37.66,,
41668,37.74,,
40729,19.52,,
41568,56.686,,
41207,158.99,,
41956,96.3,,
41801,47.61,,
41397,50.79,,
41673,34.968,,
41130,49.8,,
40956,98,,
41772,84.3,,
41439,66.96,,
41985,60.6,,
41991,61.128,,
41177,26.28,,
41709,98.388,,
41670,48.15,,
41842,33.966,,
41060,14.94,,
41089,33.264,,
41510,27.4752,,
41761,58.4166,,
41302,84.1005,,
41999,81.54,,
41431,71.34,,
41334,97.92,,
41237,146.73,,
41030,63.552,,
41691,51.168,,
41015,127.764,,
41194,81.96,,
41626,51.84,,
41445,44.73,,
41631,29.55,,
41535,73.95,,
41867,19.86,,
41436,112.2,,
40838,37.92,,
41478,46.38,,
41374,189.36,,
40795,37.98,,
41969,56.28,,
41633,75.744,,
40812,37.872,,
41982,31.2,,
41745,21,,
41066,77.4,,
41562,409.968,,
40780,19.35,,
41975,69.9,,
41401,25.704,,
41124,47.1753,,
41654,53.823,,
41670,34.58,,
41413,104.28,,
41655,34.384,,
41605,13.36,,
41480,73.2,,
41234,18.176,,
41585,33.3,,
41296,66,,
40723,52.62,,
41131,44.802,,
41596,77.04,,
41572,26.22,,
40724,54.18,,
41618,62.92,,
41372,97.152,,
41614,32,,
40800,81.99,,
40920,94.38,,
40894,55.14,,
40995,52.56,,
41942,44.22,,
41115,48.15,,
41402,53.298,,
41982,34.251,,
41289,85.5,,
41029,58.56,,
40729,63.0912,,
42002,103.86,,
41884,114.9,,
41621,49.12,,
41273,74.94,,
41255,25.76,,
41955,25.5,,
41688,100.74,,
41804,11.832,,
41522,97.92,,
41639,40.14,,
41562,35.52,,
40882,30.72,,
41722,64.44,,
40684,66.636,,
41978,138.24,,
41957,65.016,,
41582,30.6,,
41171,51.3,,
41101,15.24,,
41597,47.04,,
41250,60.6411,,
41440,201.36,,
41622,63.88,,
41922,66.645,,
41184,94.85,,
41116,99.2,,
41432,99.9,,
41465,35.46,,
41852,74.76,,
41928,141.888,,
41591,57.504,,
41754,107.4,,
41222,108.768,,
41831,108.45,,
41897,64.44,,
40736,81,,
41872,24.96,,
41983,45.18,,
41228,141.831,,
40687,22.26,,
40967,161.568,,
41809,38.88,,
41452,17.9,,
41813,31.17,,
41708,42.66,,
41276,45.06,,
41905,54,,
41526,61.92,,
41885,29.016,,
41566,77.24,,
41593,63.36,,
41020,26.976,,
40751,29.4,,
42003,161.3,,
40707,47.88,,
41942,46.62,,
41502,110.16,,
40569,51.6,,
41506,74.7,,
41337,17.28,,
41793,88.074,,
41661,48.705,,
40849,66.45,,
41996,47.574,,
40686,55.188,,
41893,18.76,,
41978,54.768,,
40564,43.92,,
40613,32.96,,
41611,30.816,,
41620,110.52,,
41324,9.84,,
41853,40.83,,
41830,102.744,,
41519,39.54,,
41668,19.05,,
41761,48.33,,
41936,59.136,,
40901,49.84,,
40897,49.824,,
41593,26.36,,
41674,41.352,,
41577,27.264,,
41828,39.42,,
41857,78.66,,
41150,39.15,,
41956,62.328,,
41234,74.34,,
41396,80.352,,
41633,54,,
41299,110.28,,
41950,31.104,,
41654,67.4,,
41573,41.28,,
41129,19.572,,
41620,53.76,,
41871,49.47,,
41305,29.052,,
41919,41.16,,
41156,74.9,,
41452,118.2,,
41376,74.08,,
41989,67.86,,
40662,37.044,,
41436,63.18,,
41246,48.96,,
41075,27.96,,
41593,13.23,,
40780,19.98,,
41892,45,,
40571,90.2325,,
41996,34.128,,
41782,79.2,,
41380,33.488,,
40644,87.08,,
41155,27.87,,
41057,38.04,,
40733,51.78,,
41421,48.66,,
41754,87.3,,
40868,15.534,,
41155,20.712,,
40901,49.2,,
40600,55.04,,
40652,50.46,,
41596,85.92,,
41983,44.112,,
41234,132.552,,
40613,80.52,,
41014,73.488,,
41754,36.828,,
41873,104.76,,
41974,86.52,,
41660,25.08,,
41436,36.3474,,
41501,57.618,,
41051,92.988,,
41299,64.11,,
41227,75.78,,
40655,85.23,,
41766,42.408,,
40800,54,,
41592,52.136,,
40948,203.92,,
41526,59.96,,
41183,108.768,,
41346,55.35,,
41907,57.42,,
41502,41.04,,
41591,48.66,,
41053,65.88,,
41951,43.98,,
41008,37.92,,
41079,51.6,,
41428,64.38,,
41383,73.2,,
41998,114.72,,
40840,65.22,,
41733,39.888,,
40816,80.36,,
41976,115.89,,
40877,82.08,,
41483,32.208,,
41673,86.26,,
41677,227.46,,
40709,58.374,,
41174,54,,
41442,41.304,,
41170,47.4,,
41292,58.56,,
40807,56.82,,
41562,56.46,,
41334,953.84848,,
40888,29.8,,
40711,87.16,,
40683,26.88,,
41625,85.46,,
41680,139.56,,
41178,14.28,,
41586,20.07,,
41907,66.84,,
41838,80.58,,
41731,27.6024,,
40954,28.7595,,
41162,61.96,,
40849,88.776,,
41925,45,,
41606,47.49,,
41815,17.04,,
40813,44.046,,
41137,65.592,,
41983,54.96,,
41435,57.6,,
41931,41.7,,
41905,54.936,,
41815,97.32,,
41493,13.44,,
41961,23.94,,
41807,58.14,,
41918,41.42,,
40679,52.092,,
40544,44.865,,
40569,31.5,,
41893,20.52,,
41176,59.52,,
41296,43.86,,
40646,90.153,,
40618,47.142,,
40836,50.2281,,
41450,122.256,,
40823,72.45,,
41673,28.98,,
41983,27.24,,
40690,99.99,,
41260,29.52,,
41633,40.98,,
40955,55.3,,
41946,59.78,,
41892,29.76,,
41012,30.51,,
41729,30.69,,
41901,49.5,,
41883,39.69,,
41871,61.8,,
41950,74.34,,
40638,61.155,,
41996,80.244,,
41543,56.88,,
40827,31.92,,
41177,45.68,,
41617,22.392,,
41048,59.535,,
41128,27.09,,
41079,18.39,,
41986,49.176,,
41167,25.84,,
41320,60.704,,
40709,93.1,,
41533,36.78,,
41137,63.9,,
41715,37.35,,
41096,34.65,,
41608,49.98,,
41444,78.156,,
41883,79.128,,
40780,34.11,,
41188,52.35,,
41206,54.27,,
40675,89.2308,,
41450,49.734,,
41936,55.2,,
41617,34.05,,
41654,67.8,,
41736,48.42,,
40989,48.96,,
41521,61.74,,
41919,59.832,,
41997,51.84,,
41988,51.96,,
41356,58.52,,
40646,64.4,,
41971,48.36,,
40983,47.58,,
41996,50.1,,
41619,28.395,,
40682,31.68,,
41576,24.12,,
41992,26.352,,
40878,58.2,,
41916,22.58,,
42003,68.46,,
41257,50,,
41863,19.14,,
41241,27.63,,
41632,59.25,,
41130,17.772,,
40627,29.49,,
41902,50.04,,
40724,53.408,,
41388,24.408,,
40757,96.8,,
41522,92.736,,
41177,49.44,,
41088,47.52,,
41325,73.05,,
41253,89.73,,
41494,36.48,,
41729,50.4,,
41206,67.35,,
40696,81.42,,
41794,65.1582,,
41956,134.892,,
41920,79.92,,
41712,45.36,,
41767,26.64,,
41475,87.92,,
41501,15.552,,
41681,50.79,,
41969,55.26,,
41563,52.92,,
41781,45.75,,
41891,69.4,,
41929,51.68,,
41030,41.424,,
41824,115.536,,
41550,24.12,,
41886,51.66,,
41325,61.56,,
41655,145.2,,
41271,15.795,,
41154,40.02,,
40887,33.939,,
41122,46.44,,
41534,34.506,,
41232,95.16,,
41459,22.0752,,
41795,119.07,,
41586,27.68,,
41416,66.26,,
40854,26.046,,
41085,88.752,,
41016,99.6,,
41425,34.02,,
41346,54.552,,
40994,25.86,,
41690,50.16,,
40633,64.44,,
41989,52.74,,
41808,76.392,,
40579,59.4,,
41829,17.664,,
41232,67.2,,
41388,15.984,,
41965,62.64,,
40623,131.58,,
41507,37.62,,
41497,111.888,,
41255,133.68,,
41989,74.25,,
41542,50.8956,,
41226,85.752,,
40819,47.736,,
41428,72.24,,
41807,50.625,,
41206,43.065,,
40696,59.808,,
41544,51.45,,
41691,31.992,,
41971,69.144,,
41687,117.045,,
41450,52.8,,
41113,33.96,,
41626,97.92,,
41338,51.6,,
41408,60.192,,
41079,25.26,,
41653,34.38,,
40816,31.455,,
41333,84.96,,
41823,61.32,,
41296,60.06,,
40885,114.0825,,
41674,30.6,,
41100,61.695,,
41612,37.44,,
40910,20.04,,
41960,52.44,,
41961,43.8,,
41228,60.42,,
41873,77.172,,
41227,67.86,,
41920,31.14,,
41062,84.75,,
41841,168.18,,
40623,38.376,,
41457,75.44,,
41170,106.272,,
41473,56.76,,
41815,81.144,,
41265,41.985,,
41981,78.288,,
41591,77.49,,
41975,79.47,,
41086,68.985,,
41158,42.03,,
41156,88.884,,
41859,55.3605,,
41467,54.18,,
41598,55.86,,
41982,55.98,,
41366,31.56,,
41043,47.36,,
40877,62.28,,
41787,98.16,,
41838,57.9,,
41508,31.984,,
41351,71.67,,
41870,34.056,,
41520,93.18,,
41535,49.32,,
41551,43.68,,
40774,51.42,,
40600,66.88,,
41426,29.76,,
41017,50.12436,,
41970,60.732,,
41572,46.56,,
41239,43.84,,
41808,125.37,,
41176,98.04,,
41046,62.37,,
42002,293.22,,
41264,521.856,,
41337,56.34,,
41061,20.52,,
41534,953.94,,
40831,44.76,,
41530,59.184,,
41968,79.1,,
41305,56.7,,
40883,35.168,,
41750,51.968,,
41835,62.04,,
41962,81.36,,
40698,56.96,,
41540,97.98,,
41447,49.23,,
41618,56.58,,
41327,19.02,,
40995,40.248,,
40868,81.78,,
41765,69.456,,
41943,47.184,,
40898,107.4,,
41846,54.75,,
41542,65.79,,
41341,34.56,,
40567,54,,
41408,109.38,,
40656,44.874,,
41255,237.84,,
41557,64.3314,,
41715,43.1526,,
41425,54.36,,
41912,42.795,,
40996,141.912,,
41561,76.176,,
40798,69.99,,
41842,222.32,,
41485,44.22,,
41537,28.026,,
41137,110.052,,
40959,169.59,,
40930,56.88,,
41197,56.12,,
41505,56.82,,
41912,63.192,,
41748,53,,
41929,44.784,,
41756,29.32,,
41163,79.296,,
41955,144.18,,
41953,66.72,,
41782,31.68,,
41823,61.92,,
40987,100.8,,
41810,105.894,,
41857,159.12,,
41508,72,,
41771,51.45,,
41586,44.46,,
41666,62.72,,
41842,94.192,,
40589,81.96,,
40917,50.52,,
41537,100.68,,
40723,77.1,,
41083,12.96,,
41117,61.36,,
41353,62.316,,
41141,53.4,,
41443,20.964,,
40561,38.4,,
40576,116.04,,
41464,44.4,,
41887,30.96,,
41253,60.12,,
41344,133.29,,
40726,34.875,,
40640,53.16,,
41060,21.285,,
40544,113.67,,
41575,88.65,,
41012,50.1984,,
41226,95.22,,
41194,60.948,,
41248,47.984,,
41261,20.736,,
41025,63.936,,
40799,48.94,,
40891,42.06,,
41743,68.928,,
41649,73.944,,
41908,83.25,,
41285,95.364,,
41221,44.22,,
40896,61.236,,
41714,42.984,,
41880,27.04,,
41515,36.18,,
41864,87.3,,
41982,76.74,,
41767,34.11,,
41785,50.286,,
41717,133.407,,
40620,139.68,,
41155,31.44,,
41879,37.008,,
41513,47.984,,
41142,80.98,,
41568,51.016,,
41918,87.8,,
41729,94.2,,
41883,52.2,,
41325,54.636,,
41339,92.16,,
41432,65.6,,
41767,133.392,,
41915,37.992,,
41824,50.436,,
41716,47.64,,
41426,73.68,,
41960,45.6,,
41752,25,,
41537,39.56,,
41232,74.34,,
41415,105.3,,
40652,82.89,,
41535,105.8001,,
41976,51.651,,
41865,27.12,,
41565,46.2,,
41348,96.18,,
40878,95.968,,
41289,60.12,,
41262,25.488,,
41751,51.27,,
41781,21.588,,
40753,43.56,,
41436,48.66,,
41383,80.16,,
41492,35.712,,
40913,25.84,,
41239,58.02,,
41365,44.16,,
41885,79.5,,
41241,75.88,,
41268,97.038,,
40967,42.66,,
41085,124.08,,
41144,32.4,,
40680,62.34,,
40800,210.78,,
40870,56.46,,
41527,107.2275,,
41482,43.038,,
40669,78.12,,
41977,37.584,,
41346,29.889,,
40806,67.635,,
41618,44.022,,
40842,23.175,,
41093,63,,
41220,22.815,,
41061,42.24,,
41264,50.88,,
41255,36.44,,
41023,77.22,,
40798,81.432,,
41022,52.74,,
41698,48.39,,
41173,34.96,,
40871,44.432,,
40878,64.824,,
41339,37.152,,
41796,32.96,,
41968,29.232,,
41529,66.48,,
41977,43.128,,
41516,92.64,,
41241,53.16,,
41541,49.728,,
41415,51.408,,
40869,29.0334,,
41261,19.8,,
41529,43.2087,,
41951,22.53,,
41870,47.844,,
41606,136.998,,
41134,50.8,,
41226,111.96,,
41333,36.48,,
40660,66.6,,
41482,50.76,,
41730,45.6,,
41885,95.64,,
41079,39.6,,
41848,54.66,,
40994,38.736,,
41197,39.8,,
41452,132.912,,
41887,40.32,,
41453,56.2,,
41596,66.36,,
41551,26.016,,
41968,93.744,,
41964,96.81,,
41905,48.42,,
41746,60.48,,
40700,28.998,,
41227,65.52,,
40872,33.8415,,
41187,46.2,,
40717,86.376,,
41374,49.44,,
41031,13.38,,
41984,24.93,,
41908,51.69,,
41900,29.1,,
41016,60.96,,
41962,53.4,,
41453,31.716,,
40751,111.12,,
40787,44.28,,
40897,26.43,,
41631,34.14,,
41223,78.12,,
40884,105.57,,
41873,17.58,,
41221,29.58,,
41883,55.92,,
41508,70.56,,
41508,132.48,,
40689,99.84,,
40697,86.76,,
41657,45.885,,
40957,85.14,,
41003,82.344,,
41857,13.76,,
41103,38.88,,
40994,40.032,,
40973,33.568,,
41779,95.992,,
40744,41.94,,
41899,51.36,,
41744,82.704,,
41934,27.96,,
41499,50.94,,
41229,59.76,,
41947,173.16,,
40870,22,,
41171,41.2,,
40964,45.4,,
40711,48,,
41317,277.9245,,
41813,57.9,,
40956,73.35,,
41998,108.96,,
41094,54.999,,
41310,27.96,,
41153,80.25,,
40861,84.06,,
40848,47.43,,
41563,36.072,,
41801,65.016,,
41053,78.12,,
41794,165.078,,
41108,41.04,,
40954,41.72,,
41787,58.34,,
41440,39.936,,
41038,48.81,,
41659,16.8,,
41928,116.64,,
41752,78.3,,
41363,88.38,,
41227,56.04,,
41450,113,,
41894,23.36,,
40814,41.568,,
40751,192.8,,
40721,35.976,,
41226,75.216,,
41950,46.92,,
41643,45.54,,
41993,71.3502,,
41769,21.36,,
41969,64.11,,
41890,42.84,,
41808,70.8504,,
41725,54.9,,
40939,53.34,,
41652,37.68,,
41915,34.236,,
41947,26.4,,
41307,36.4,,
41757,139.58,,
41521,30.96,,
40609,30.96,,
41075,42.624,,
41845,34.8,,
40731,14.103,,
41340,43.98,,
41218,82.032,,
41996,34.68,,
41799,54.72,,
40974,44.22,,
41990,51.6,,
41892,48.4,,
41535,63.52,,
41513,68.1,,
40709,348.3045,,
41409,77.85,,
41708,101.46,,
40668,70.2,,
41633,17.46,,
40714,73.05,,
41214,97.56,,
41135,68.121,,
41983,29.2401,,
41893,33.99,,
41701,57.96,,
40854,25.92,,
40564,61.2,,
41508,59.4,,
41081,60.24,,
41267,57.12,,
41017,58.6,,
41981,58.28,,
42002,61.08,,
40905,18.48,,
41890,22.64,,
40800,59.78,,
41004,28.38,,
40813,115.2,,
41270,26.22,,
40653,66.33,,
41369,79.08,,
41800,55.92,,
41867,33.78,,
41842,59.76,,
41799,250.38,,
41256,27.72,,
41966,79.29,,
41604,73.4103,,
42004,20.9244,,
41720,56.067,,
40707,67.455,,
40885,54.582,,
41232,70.488,,
41975,91.99,,
41222,63.87,,
41579,61.92,,
41744,50.22,,
41613,67.64,,
41828,54.66,,
41737,72.9,,
41579,54.64,,
41518,59.88,,
41897,132.96,,
41270,73.53,,
41069,59.82,,
40899,131.76,,
41759,39.6,,
41635,145.98,,
41888,99.6,,
41913,45.6012,,
41317,87.6,,
41307,31.212,,
41529,78.3552,,
40828,49.5,,
41967,74.112,,
40760,110.96,,
41982,31.92,,
41549,28.352,,
41824,30.96,,
41460,25.4,,
41523,85.246,,
41597,25.824,,
41991,71.52,,
40633,63.84,,
41307,35.76,,
40947,24.69,,
41746,48.93,,
41738,45.48,,
41951,45.216,,
41947,33.78,,
40701,52.56,,
41100,76.92,,
41170,28.02,,
41738,67.68,,
41957,73.344,,
41748,30.66,,
40943,58.536,,
41827,70.416,,
41768,51.111,,
41950,138.39,,
41670,75.75,,
40981,55.98,,
41780,139.95,,
41187,60.48,,
40898,115.74,,
40854,17.7126,,
41773,120.7899,,
41176,35.96,,
40870,44.58,,
41788,36.396,,
41842,48,,
40715,47.4,,
41533,78.92,,
40673,70.56,,
41499,192.9,,
41170,89.64,,
41500,25.84,,
41432,51.84,,
41774,57.36,,
41911,78.192,,
41799,26.67,,
41213,112.05,,
41165,41.49,,
40995,43.65,,
41698,63.072,,
40984,31.83,,
41488,78.7845,,
41807,61.2,,
41439,30.69,,
40823,33.72,,
41438,52.704,,
40617,45.696,,
41800,23.976,,
41582,43.584,,
41950,16.95,,
41115,98.46,,
41299,45.98,,
41276,136.38,,
41177,24.96,,
41282,38.376,,
41800,73.44,,
41578,35.12,,
40907,81.4,,
41885,84.84,,
41601,94.704,,
41626,62.8,,
41089,52.992,,
41544,58.752,,
41290,57.15,,
40809,21.438,,
41851,59.34,,
41435,60.84,,
40659,45.072,,
41982,32.4,,
41712,52.5,,
41115,213.759,,
40836,58.3848,,
40757,18.9,,
41600,201.6,,
40808,62.31,,
41635,29.04,,
41772,43.404,,
41264,128.37,,
40892,37.5,,
41358,396.576,,
40920,76.08,,
41429,89.16,,
41996,26,,
41529,19.272,,
41814,133.5,,
41929,20.16,,
41593,51.78,,
41513,540.54,,
40983,40.35,,
41811,135.432,,
41996,102.357,,
41929,33.96,,
41684,87.912,,
41226,79.56,,
41402,117,,
41093,65.01,,
41908,42.3576,,
41583,35.892,,
41167,46.384,,
41778,43.19,,
41774,24.784,,
41011,40.74,,
41873,56.88,,
41914,40.6,,
41379,44.928,,
41593,81.408,,
41799,15.12,,
40666,97.264,,
40660,41.76,,
41568,64.26,,
41626,36.666,,
41218,151.038,,
41963,100.26,,
41751,17.55,,
40794,50.625,,
41761,81.525,,
41023,28.2,,
41127,57.42,,
41970,26.82,,
41325,43.902,,
40638,76.14,,
41177,46.6032,,
41813,44.2179,,
41240,81.9486,,
41437,62.0646,,
41816,144.27,,
40581,285.12,,
41865,69.48,,
41862,70.08,,
40616,82.8,,
41852,36.96,,
41435,56.34,,
41494,46.77,,
41093,55.908,,
41572,48.45,,
40855,53.04,,
40858,18.87,,
40903,51.36,,
41866,48.18,,
40901,41.64,,
41087,88.128,,
40905,36.72,,
41944,16.5,,
40694,101.628,,
41918,59.16,,
41537,29.58,,
40707,51.03,,
41150,43.8,,
41000,41.6898,,
41593,89.97,,
40645,39.68,,
41151,108.42,,
41127,65.82,,
41876,73.05,,
41102,22.68,,
41813,42.3,,
41167,111.96,,
41807,25.308,,
40843,24.72,,
41744,48.6,,
41919,31.968,,
41191,23.7,,
41324,34.32,,
41542,41.088,,
41897,140.24,,
40833,38.664,,
41884,61.11,,
41932,97.2,,
41288,28.8,,
41831,94.05,,
41438,72.45,,
41445,141.426,,
41187,15.6,,
41188,74.79,,
41006,33.96,,
41843,40.824,,
40694,65.16,,
41043,18.588,,
41221,92.94,,
40893,56.568,,
41912,99.2,,
40684,18.24,,
41606,34.65,,
41843,138.57,,
41618,55.92,,
41474,43.92,,
41040,98.85,,
41619,48.708,,
41782,20.496,,
41523,44,,
41939,48.912,,
41694,26.36,,
41522,50.784,,
41282,79.9,,
41997,55.92,,
41510,52.2,,
41432,44.82,,
41533,63,,
41341,113.58,,
41310,46.17,,
41354,40.26,,
41261,35.52,,
41262,55.323,,
41435,30.36,,
40574,113.4,,
41808,64.5,,
41983,47.4345,,
41639,85.932,,
41880,25.344,,
41890,29.24,,
41158,85.98,,
41676,47.64,,
40765,72.672,,
40721,52.587,,
40975,104.1,,
40675,92.352,,
41950,27.32,,
41985,30.9,,
41271,47.4,,
40920,30.32,,
41731,72,,
41320,48.33,,
41230,39.54,,
41746,157.98,,
41437,50.4,,
41633,39.375,,
41495,53.838,,
42002,53.46,,
41534,27.42,,
41200,22.2,,
41978,46.02,,
41037,37.94,,
41200,73.164,,
41947,40.416,,
41186,151.932,,
41283,105.12,,
41144,55.908,,
41909,46.53,,
40774,69.84,,
41520,59.31,,
40974,48.42,,
41095,41.04,,
41117,65.34,,
41796,45.36,,
41948,58.968,,
40696,57.024,,
40948,41.55,,
41558,31.95,,
41443,68.25,,
40819,54.36,,
41769,52.2792,,
40710,52.5,,
41768,26.064,,
41032,78.75,,
41785,58.41,,
41636,54.6324,,
41479,35.216,,
41213,19.98,,
41244,63.96,,
41157,67.96,,
41221,47.94,,
41885,53.97,,
41577,69.864,,
41150,22.62,,
41899,58.56,,
41712,29.04,,
41156,44.76,,
41376,20.466,,
41438,39.168,,
40780,60.336,,
41601,65.6,,
41709,40.416,,
41446,83.16,,
41921,96.6,,
41603,76.14,,
41999,20.43,,
41491,70.56,,
41812,20.97,,
40904,21.3,,
41908,38.502,,
41526,45.6417,,
41972,53.082,,
41781,47.682,,
41304,80.3772,,
41998,39.717,,
41979,99.39,,
41178,72.588,,
41584,39.68,,
41842,101.94,,
41985,73.568,,
41435,54.6,,
41967,25.08,,
41177,41.337,,
41788,22.29,,
41034,19.332,,
41246,80.46,,
41562,19.8,,
40557,73.92,,
41899,22.29,,
41204,75.76,,
41276,21.072,,
41905,97.74,,
41915,18.12,,
40708,29.052,,
41860,68.4,,
41444,48,,
41963,43.335,,
41590,64.8,,
41495,40.86,,
41096,33.3,,
41547,24.84,,
41384,129.6,,
41981,95.85,,
41302,60.6,,
40848,87.48,,
40932,152.28,,
40885,34.182,,
40900,33.72,,
41613,33.93,,
41902,54.432,,
41120,10.92,,
40690,17.46,,
41130,47.04,,
40772,114.2,,
41584,51.75,,
40912,39.9,,
40667,25.38,,
41891,16.98,,
41858,110.34,,
41425,24.48,,
41704,98.64,,
40793,51.6,,
41953,41.2,,
41770,54.6,,
41159,32,,
41962,69,,
41136,63.24,,
42004,30.27,,
41734,25.23,,
41127,61.02,,
41827,41.877,,
41304,49.8465,,
41423,20.52,,
41642,54.66,,
41872,53.838,,
40744,32.121,,
41667,60.696,,
41731,28.4,,
41409,57.582,,
41522,60.6,,
41517,47.04,,
41429,71.088,,
41499,79.92,,
41848,53.64,,
41211,42.84,,
41946,35.104,,
41605,41.16,,
41338,18.528,,
41061,16.72,,
40722,66.36,,
40707,117.18,,
40568,31.72,,
41192,122.76,,
41719,129.519,,
41710,20.034,,
41006,72.84,,
41131,14.4,,
41957,34.344,,
41509,210.357,,
41816,71.04,,
41978,61.568,,
40668,35.44,,
41597,151.752,,
41237,31.17,,
41998,53.73,,
41935,14.34,,
41576,23.61,,
41611,50.16,,
41283,12.66,,
41974,40,,
40826,143.52,,
41260,147.1,,
41814,47.96,,
40812,54.432,,
41892,217.98,,
41264,48.384,,
41536,27.216,,
41836,24.462,,
41249,120.15,,
41216,42.6,,
40857,62.24,,
41247,85.96,,
40639,33.9,,
41979,41.96,,
41239,40.248,,
41159,28.8,,
40701,35.37,,
41705,52.2,,
41513,41.28,,
41498,43.92,,
41899,38.064,,
41453,63.04,,
41976,17.78,,
41422,465,,
41447,43.04,,
40773,36.8,,
41677,38.07,,
41096,75.24,,
41870,49.35,,
40914,100.44,,
41799,34.47,,
41564,58.608,,
41388,70.848,,
41167,39.54,,
41235,68.81,,
40816,43.176,,
41538,77.52,,
40760,45.98,,
41728,81.4,,
40856,56.52,,
41529,68.31,,
41443,48.72,,
41219,32.28,,
40669,24.78,,
41676,43.2,,
41631,26.4,,
40976,29.52,,
41806,30.21,,
40786,49.68,,
40766,13.032,,
41717,43.794,,
41451,52.59,,
41729,25.62,,
41808,64.64,,
40771,96.48,,
41108,179.52,,
41626,51.68,,
41850,17.028,,
41530,45.52,,
41078,29.64,,
41981,38.88,,
41156,56.82,,
41131,85.59,,
41220,26.18,,
41636,40,,
41078,60.84,,
41220,64.96,,
41064,31.896,,
41135,38.7,,
40903,48.48,,
41124,166.12,,
41375,107.4,,
40837,63.54,,
41191,31.14,,
41911,54.44,,
41596,58.3,,
41856,58.716,,
40920,37.08,,
41481,62.61,,
41991,27.84,,
40772,36.882,,
40646,47.709,,
41551,54.675,,
41073,101.535,,
41527,46.71,,
41637,59.16,,
41528,81.84,,
41594,25.92,,
41997,29.312,,
41083,75,,
41067,25.92,,
41932,39.624,,
40870,17.49,,
41026,26.67,,
41044,22.86,,
41949,20.64,,
41550,37.68,,
41180,50.48,,
41887,24.48,,
41087,58.98,,
41061,79.44,,
41808,59.88,,
40917,43.98,,
41879,29.55,,
41975,195.21,,
41304,76.92,,
40949,111.3279,,
41870,47.19,,
41235,53.217,,
41828,113.04,,
41190,127.92,,
41654,33,,
40883,80.1,,
41344,50.2758,,
41594,30.96,,
41898,31.872,,
41227,59.9,,
40863,37.296,,
41545,13.89,,
41159,90,,
40648,28.38,,
41793,93.96,,
40700,48.492,,
41542,62.5,,
41472,25.56,,
40827,53.9,,
41447,41.4,,
41998,47.4,,
41846,25.38,,
41999,48.66,,
41495,18.873,,
42003,68.31,,
41078,79.29,,
41760,88.938,,
41786,51.165,,
41296,34.02,,
41825,90.18,,
40822,53.64,,
41225,63.54,,
41661,27.936,,
41167,24.672,,
40738,55.92,,
41230,32.4,,
41451,32.712,,
41976,49.616,,
41864,100.704,,
41554,51.021,,
41808,90.891,,
40963,24.51,,
41048,391.68,,
40800,32.3,,
40590,79.5,,
41898,118.752,,
40855,31.248,,
41050,111.12,,
41859,44.048,,
40961,46.98,,
41074,25.08,,
41878,46.65,,
41813,77.67,,
40565,64.6425,,
41936,55.26,,
40793,34.56,,
41682,57.51,,
41601,35.721,,
41807,43.56,,
41452,93.03,,
41926,17.01,,
41603,144.576,,
40696,73.32,,
41967,47.82,,
40647,29.04,,
40694,85.02,,
41975,25.38,,
40763,42.18,,
41887,63.6,,
40935,96.012,,
40662,66.48,,
41963,66.384,,
40880,102.6168,,
41354,130.56,,
40841,82.76,,
41817,15.1,,
40814,36.8,,
41409,97.12,,
41366,26.46,,
41075,56.25,,
40690,141.3,,
41883,55.296,,
41494,26.64,,
41600,37.2,,
40889,27.63,,
41561,43.146,,
41997,74.16,,
41306,22.11,,
41794,53.25,,
41632,141.9,,
41395,31.14,,
41603,17.216,,
41716,119.7,,
40550,19.44,,
40779,25.5,,
41969,48.87,,
41509,78.96,,
41351,113.76,,
41962,51.6,,
40653,44.595,,
41204,33.18,,
41358,26.46,,
41438,79.38,,
41712,70.208,,
41184,51.264,,
40823,44.7,,
41245,30.78,,
40707,323.064,,
41972,26.736,,
41435,55.152,,
40721,136.272,,
41071,59.34,,
41449,121.72,,
41988,32.04,,
41273,39.78,,
41269,20.9244,,
41837,41.6295,,
41197,67.8,,
41674,35.64,,
40765,39.15,,
41519,57.33,,
40884,25.29,,
41610,42.1986,,
41951,47.5092,,
41593,59.025,,
41771,52.452,,
41358,22.48,,
40751,65.78,,
41620,13.52,,
40778,49.568,,
41179,25.92,,
40550,91.38,,
41270,48.66,,
40708,45.36,,
41912,24.84,,
41327,46.62,,
41583,32.112,,
41080,60.192,,
40843,37.28,,
40826,53.088,,
41228,60.48,,
41884,48.3,,
40689,46.44,,
41246,75.411,,
41769,110.28,,
41939,74.85,,
40983,30.78,,
41744,50.9952,,
41050,54.747,,
41633,61.38,,
41669,27.66,,
41332,60.96,,
41086,41.9,,
41481,21.48,,
41001,47.976,,
41523,23.472,,
40906,33.29,,
40639,33.11,,
41768,41.472,,
41015,44.46,,
40799,54.864,,
41066,12.648,,
41911,54.9,,
41704,55.92,,
41551,29.91,,
41844,39.76,,
41914,34.52,,
41961,83.04,,
41979,43,,
41632,35.16,,
40906,139.296,,
41255,23.31,,
41150,45.675,,
41891,16.32,,
41279,39.72,,
41596,39.5661,,
41851,81.36,,
40929,39.96,,
40791,16.02,,
41215,114.0315,,
41380,20.4156,,
41701,59.52,,
40656,48.91,,
41859,105.408,,
41499,33.32,,
41061,845.904,,
41023,48.3,,
41953,53.568,,
41899,25.08,,
40701,85.23,,
41734,54.432,,
41856,123.36,,
41172,79.2297,,
40628,67.68,,
40682,35.4411,,
41627,40.905,,
40828,26.163,,
41226,97.86,,
41403,99.72,,
41965,39.296,,
41778,34.75,,
41493,38.34,,
41502,53.28,,
41233,48.66,,
41240,13.26,,
41432,16.224,,
41590,52.2,,
41537,12.24,,
41008,20.724,,
41941,47.94,,
41618,93.915,,
41972,33.3,,
41968,50.4,,
41104,89.37,,
41094,33.72,,
41446,23.9085,,
40636,33.21,,
40904,32.3406,,
41386,44.848,,
41841,60.83,,
40816,69.216,,
41541,18.9,,
41638,70.56,,
41994,34.02,,
41996,59.24,,
41642,16.59,,
41820,34.5,,
40582,49.5,,
41165,51.6,,
40553,37.11,,
40877,64.4,,
42002,34.92,,
41577,46.08,,
41991,52.8,,
40637,59.4,,
41750,10.824,,
41523,23.472,,
41909,78.96,,
41333,42.6,,
40732,51.678,,
41909,30.6,,
41684,39.33,,
40640,47.58,,
41969,52.08,,
40982,53.28,,
41229,32.121,,
41719,45.414,,
41736,43.47,,
41654,52.305,,
41642,91.98,,
41829,42.828,,
41473,77.88,,
41195,83.72,,
41963,99.136,,
40756,44.128,,
41935,52.99,,
41904,15.51,,
41879,12.672,,
40567,40.08,,
41912,53.28,,
41715,48.48,,
41920,27.09,,
41345,50.16,,
41129,51.6,,
40843,29.28,,
41412,34.16,,
41345,51.156,,
41043,66,,
41810,164.7,,
41002,26.64,,
40913,101.04,,
41089,67.92,,
41118,48.384,,
41850,137.07,,
40707,56.52,,
41402,26.91,,
41750,54.24,,
40687,26.88,,
41446,118.38,,
42002,33.264,,
41120,155.88,,
41945,40.99,,
41176,17.12,,
40889,20.421,,
40984,75.8,,
40757,13.296,,
41260,55.92,,
41495,37.64,,
41195,56.2,,
41117,122.22,,
41530,63.84,,
41542,90.828,,
41802,53.046,,
40674,55.65,,
41290,88.44,,
40997,31.2,,
41717,103.2,,
41258,52.8,,
41975,32.22,,
41451,60.81,,
40682,57.42,,
40609,17.94,,
41039,46.688,,
41779,54.18,,
41422,30.456,,
41754,59.82,,
40981,52.86,,
40849,24.72,,
41904,48.09,,
41992,123.36,,
41400,49.56,,
41264,48.9,,
41638,24.36,,
41561,67.344,,
41900,42,,
41694,16.62,,
40920,63.27,,
41988,53.76,,
41984,28.08,,
41046,122.985,,
41939,24.2526,,
40919,42.93,,
41674,37.908,,
41250,79.8294,,
41584,72.459,,
41976,56.46,,
41190,64.7364,,
40954,32.1,,
41898,29.76,,
41159,20.19,,
41446,52.86,,
41628,56.84,,
41613,48.4,,
41612,243.1,,
40891,45.408,,
41519,52.224,,
40833,47.52,,
41956,32.55,,
41044,80.28,,
41600,31.14,,
41544,83.58,,
41485,11.61,,
40567,59.25,,
41922,24.984,,
40695,47.88,,
41270,21.56,,
41187,77.55,,
41583,47.952,,
41611,72.42,,
41681,49.44,,
41927,45.528,,
41842,37.14,,
40793,56.16,,
41576,54.88,,
40901,85.12,,
41502,38.1,,
41997,49.248,,
41849,56.652,,
40729,50.4,,
41713,39.168,,
41869,67.08,,
41568,46.98,,
41754,43.104,,
41975,47.52,,
40750,27.702,,
41698,33.6,,
41698,31.92,,
41237,64.56,,
41660,44.1,,
41438,73.62,,
41214,48.78,,
41801,39.78,,
41545,53.1,,
42001,41.37,,
41971,54.2322,,
41936,161.1,,
41241,63.6444,,
40955,127.74,,
41947,20.559,,
41806,24.3,,
41967,33.9885,,
41538,52.596,,
41000,69.471,,
40883,23.976,,
41774,22.58,,
40873,279.96,,
41215,96.96,,
40659,36.72,,
41097,29.34,,
41530,15.54,,
41162,14.526,,
41149,23.46,,
41821,31.068,,
41995,17.88,,
40835,52.2,,
41766,44.76,,
41801,41.904,,
40547,38.26,,
40849,36.6,,
41439,43.5,,
41506,33.54,,
41760,44.91,,
40806,21.54,,
41976,78.3,,
41180,79.02,,
40809,51.03,,
41907,107.28,,
41780,92.43,,
41253,70.272,,
41997,28.672,,
41890,25.16,,
41914,33.93,,
41571,33.96,,
41993,25.29,,
41876,61.71,,
40931,38.28,,
41185,24.588,,
41745,22.6,,
41486,60.9,,
41347,61.76,,
41883,47.76,,
40651,38.82,,
41199,54.18,,
41086,39.123,,
40849,44.064,,
41785,47.4138,,
41606,434.64,,
41618,59.98,,
41705,67.78,,
40806,59.98,,
41993,78.256,,
41585,26.37,,
40570,50.7,,
40852,78.99,,
41982,52.92,,
41120,74.7,,
41964,79.68,,
40703,34.064,,
41346,37.82,,
41781,40.44,,
41897,58.536,,
40721,88.83,,
41026,33.795,,
40906,104.166,,
41898,33.075,,
41969,27.96,,
41919,48.384,,
41955,28.95,,
42000,44.75,,
41613,40.56,,
41173,194.32,,
41946,136.2,,
41855,23.22,,
41796,43.65,,
41207,26.37,,
41793,49.86,,
41652,17.49,,
41032,14.949,,
41058,28,,
41943,50.4,,
41439,17.28,,
40824,63.36,,
41852,46.44,,
41600,37.98,,
41983,51.63,,
41144,44.94,,
40721,56.448,,
41859,54.27,,
41559,27.888,,
41240,66.84,,
41302,22.275,,
41065,37.71,,
41090,45,,
40793,57.69,,
41763,69.52,,
41589,148.288,,
41617,20.034,,
41253,57.48,,
41844,39.384,,
41888,59.4,,
41226,48.3,,
41849,50.52,,
41409,65.28,,
41946,39.87,,
41996,92.4,,
41521,40.64,,
40981,67.12,,
41732,60.72,,
41964,57.96,,
41885,65.76,,
41869,59.31,,
40651,64.8,,
41982,94.2,,
41998,50.34,,
40821,85.32,,
40717,71.04,,
41991,27.06,,
41864,61.8,,
41764,38.0472,,
41617,137.268,,
41916,45.36,,
41521,15.072,,
41582,43.32,,
41709,48.784,,
41954,26.352,,
41158,46.62,,
41890,39.96,,
41795,121.08,,
40896,16.848,,
41795,27.24,,
41887,194.34,,
41719,66.24,,
41871,31.17,,
41624,47.04,,
40994,34.98,,
41431,18.99,,
41909,133.02,,
41485,19.992,,
41740,55.6,,
41772,44.52,,
41395,100.44,,
41977,34.38,,
40675,24.894,,
40624,39.96,,
40703,31.68,,
41912,74.7,,
41733,62.325,,
41982,57.93,,
41503,82.08,,
41335,43.8,,
41079,43.38,,
41902,89.4,,
41515,34.47,,
41261,94.86,,
41919,53.082,,
40649,18.09,,
41899,53.76,,
41188,38.0184,,
41494,15.0672,,
41452,51.66,,
41222,87.03,,
40800,66.168,,
41998,35.91,,
40814,46.26,,
41046,33.28,,
41912,21.248,,
41165,42.096,,
41541,60.6,,
41787,41.04,,
41633,81.09,,
40843,129.528,,
41515,48.66,,
41408,80.736,,
41996,53.97,,
40868,30.48,,
41492,13.344,,
40619,43.44,,
40820,54.44,,
41816,45.6,,
41390,31.1,,
41110,88.912,,
41310,44.55,,
41467,30.24,,
41055,208.95,,
41724,44.01,,
41853,80.1,,
40847,12.24,,
41866,72.1605,,
41661,81.27,,
41772,50.274,,
40780,65.475,,
40757,116.0775,,
40701,43.164,,
41253,44.75,,
41278,104.58,,
41977,23.376,,
41610,20.388,,
40714,95.994,,
41596,49.92,,
40905,68.28,,
40707,26.36,,
41639,44.4,,
40823,21.34,,
41944,73.52,,
41855,23.22,,
41579,60.57,,
40896,41.04,,
41229,44.82,,
41591,66.42,,
41857,39.33,,
41971,39.96,,
41523,30.564,,
40695,62.7,,
41648,47.586,,
41579,69.876,,
41408,38.8944,,
41880,85.32,,
40996,82.8258,,
41771,100.8,,
41999,41.96,,
41015,45.216,,
41296,44.4,,
41725,74.352,,
41447,53.91,,
41496,45.18,,
41226,31.95,,
41992,23.64,,
41176,38.52,,
41529,35.664,,
41596,52.86,,
41543,72.92,,
41793,58.816,,
40984,52.2,,
41166,34.6,,
41513,23.4,,
41408,42.96,,
41976,34.56,,
41579,29.04,,
42003,70.956,,
41792,86.4,,
41639,33.96,,
40924,64.719,,
41991,54.78,,
40848,137.25,,
41662,66.339,,
41670,40.3,,
41384,39.96,,
41850,22,,
41307,117.96,,
41121,52.59,,
41668,18.27,,
40756,44.088,,
41863,16.26,,
41129,17.01,,
41522,43.56,,
41535,63.036,,
40808,18.58,,
42004,22.6,,
40896,55.44,,
40737,37.64,,
41817,60.6,,
41516,34.146,,
40576,37.8,,
41917,45.24,,
41215,60.54,,
41125,52.74,,
41438,49.32,,
40828,99.54,,
41946,22.86,,
41933,86.04,,
41472,135.0576,,
41302,57.75,,
41790,71.442,,
40988,42.57,,
41866,28.224,,
41811,31.104,,
41586,14.96,,
40875,13.12,,
40990,15.984,,
41990,149.95,,
41591,60.24,,
41236,57.372,,
41270,38.2,,
41890,67.7,,
41361,48.48,,
41578,35.52,,
41963,29.82,,
41717,50.7,,
41260,59.76,,
41078,53.64,,
40872,51.3888,,
41226,29.535,,
41779,26.52,,
40850,77.16,,
41900,25.584,,
40788,14.94,,
41025,59.52,,
41307,18.69,,
40765,23.79,,
41982,34.32,,
41299,47.52,,
40598,64.02,,
41428,43.02,,
41593,45.75,,
41431,31.36,,
41829,20.48,,
41155,124.064,,
41813,41.42,,
41164,47.88,,
41450,65.16,,
41885,35.04,,
40918,79.29,,
41589,44.34,,
41613,49.02,,
41866,78.3,,
41163,43.86,,
41985,45.36,,
41212,43.65,,
41102,51.78,,
41701,39.33,,
40920,78.6825,,
41909,43.329,,
40576,94.65,,
40723,43.2,,
41248,42.0714,,
41421,23.724,,
41752,34.992,,
41979,58.68,,
40795,64.704,,
41522,42.6,,
41284,24.85,,
41999,40.98,,
41151,52.74,,
41444,30.21,,
41122,58.02,,
41949,49.056,,
41619,59.1,,
40926,34.98,,
40835,41.424,,
41239,54.976,,
41582,47.34,,
41731,51.45,,
41614,72,,
41533,40.86,,
40722,36.882,,
41471,92.34,,
41986,90.36,,
40785,26.82,,
41402,63.68,,
41556,51.712,,
41366,20.7,,
40724,25.92,,
41977,28.782,,
41844,15.192,,
41771,154.344,,
40701,28.14,,
40850,60.966,,
41893,24.09,,
41708,22.05,,
41264,45,,
41400,31.28,,
41111,38.256,,
41108,98.46,,
41180,49.6,,
40829,35.55,,
40558,54.6,,
41258,44.1,,
40949,38.5878,,
42004,364.59,,
41409,111.96,,
41849,40.4178,,
41786,41.94,,
41970,52.272,,
41627,18.688,,
41173,63.96,,
41725,87.168,,
41527,30.21,,
41863,97.8,,
41067,75.132,,
41442,86.24,,
41530,23.184,,
41687,43.86,,
42003,44.64,,
41852,44.736,,
41230,52.668,,
41762,56.76,,
40983,46.08,,
41129,50.16,,
41290,54.42,,
41692,54.78,,
41085,39.447,,
41432,28.86,,
41864,35.64,,
41046,74.52,,
41429,28.107,,
41176,33.75,,
40873,53.28,,
41725,111.06,,
41550,13.53,,
41947,59.652,,
41856,60.336,,
41763,52.272,,
41806,68.28,,
41463,45.584,,
41470,51.75,,
41677,46.24,,
40592,54.208,,
40799,300.66,,
40779,66.42,,
40616,47.97,,
41544,56.12,,
41932,43.52,,
41064,44.34,,
41878,22.512,,
41807,83.65236,,
41725,56.052,,
40617,100.26,,
41842,62.36,,
41593,25.84,,
40562,52.72,,
41541,88.53,,
40611,125.85,,
41156,27.39,,
41631,67.8,,
41900,61.2,,
41857,35.82,,
41853,60.183,,
40850,83.25,,
41550,59.94,,
41713,165.2364,,
41111,43.68,,
41673,59.97,,
40619,93.78,,
41905,33.04,,
41016,62.296,,
40801,103.936,,
41906,12.96,,
41134,30.21,,
41625,39.96,,
41729,49.74,,
41387,58.9,,
41953,30.96,,
41701,47.3,,
41795,80.64,,
40711,23.1,,
41145,57.87,,
41521,27,,
41026,82.5,,
41761,52.83,,
41869,70.95,,
41157,17.226,,
41903,67.2,,
41666,39.69,,
42002,18.468,,
41156,22.8,,
41530,65.25,,
41713,29.9796,,
41310,102.9,,
41159,83.664,,
40800,52.448,,
41885,23.1,,
41477,18.656,,
41596,67.176,,
41347,51.184,,
41438,15.24,,
41710,11.43,,
41110,53.7,,
41738,16.02,,
41803,75.72,,
41036,59.25,,
41842,78.996,,
41593,86.352,,
41795,58.56,,
40911,53.5,,
40984,30.144,,
41193,19.056,,
41498,66.072,,
40954,51.904,,
41171,72.792,,
40758,33.06,,
41795,55.08,,
41101,13.62,,
41949,52.2,,
40740,29.04,,
41243,66.177,,
41634,54.39,,
41926,51.1344,,
41305,126.96,,
41472,37.224,,
40674,58.112,,
41755,73.344,,
41730,29.7,,
41044,51.968,,
41228,36.558,,
41986,77.256,,
41947,378.81,,
41215,65.76,,
41057,50.13,,
41548,41.28,,
41761,44.832,,
41603,59.4,,
40781,54.9,,
41302,77.16,,
41529,109.26,,
41854,85.041,,
41911,57.36,,
41123,21.42,,
40887,100.32,,
41959,51.651,,
41979,38.9,,
41526,64.704,,
41590,245.646,,
41804,50.31,,
41493,29.76,,
40705,25.29,,
40606,94.44,,
40721,50.094,,
41450,38.4,,
41960,48,,
40813,78.96,,
41268,48.86,,
40814,23.96,,
40610,16.236,,
41999,35.856,,
41359,56.32,,
41242,34.64,,
41221,62.4,,
40795,54.4,,
41544,63.84,,
41479,59.44,,
41929,56.384,,
41073,60.32,,
41453,49.2,,
41576,50.7,,
41981,44.52,,
41898,73.98,,
41435,30.96,,
41191,75.5988,,
41242,64.1088,,
41908,129.33,,
40997,26.892,,
42004,67.2,,
40823,51.48,,
40908,22.41,,
41447,139.08,,
41951,46.41,,
40821,49.2,,
41768,51.63,,
41865,48.6,,
40905,29.79,,
41628,85.26,,
41906,24.408,,
40683,22.32,,
41464,61.848,,
41282,81.96,,
41371,85.5,,
41226,21.856,,
41738,53.28,,
41678,30.66,,
41753,53.4,,
41438,41.04,,
41401,88.074,,
40885,39.6,,
41863,69.84,,
41576,55.14,,
41991,46.8,,
41962,30.96,,
40711,65.97,,
41960,73.68,,
41297,59.99,,
41502,37.52,,
40997,55.44,,
41580,42.51,,
41915,46.296,,
41157,29.49,,
41668,49.842,,
41991,71.64,,
41800,53.307,,
41900,49.176,,
41905,12.24,,
41165,34.8,,
40956,54.28,,
41538,102.96,,
41081,52.08,,
41004,48.4,,
41612,97.2,,
41321,38.88,,
41066,37.125,,
41394,32.1,,
40897,55.26,,
41508,85.05,,
40814,94.8,,
41278,14.445,,
40869,27.2844,,
41485,46.41,,
41563,28.8,,
41159,42,,
41436,74.79,,
41744,74.45,,
40738,39.48,,
40955,36.84,,
41848,26.7,,
41982,56.34,,
41934,65.22,,
41692,33.96,,
41800,48.852,,
41220,26.46,,
41719,63.072,,
41565,20.82,,
41974,29.34,,
41151,43.2,,
41505,36.135,,
41976,43.56,,
41513,64.08,,
41442,28.98,,
41890,76.65,,
41406,138.96,,
41537,26.43,,
41967,26.37,,
41838,42.42,,
41528,25.326,,
41858,64.3665,,
41936,66,,
41443,17.145,,
41634,67.716,,
40630,99.84,,
41410,48.6,,
40798,35.856,,
41256,37.88,,
41424,44.76,,
40830,22.92,,
40884,105.52,,
41890,53.04,,
41089,101.04,,
41261,30.432,,
41704,48.66,,
41695,56.832,,
41221,46.1,,
41563,98.64,,
41526,109.92,,
41442,53.136,,
41192,45,,
41510,47.43,,
41142,97.2,,
41233,33.57,,
41740,39.33,,
41661,86.94,,
41544,46.17,,
41971,24.3,,
41226,201.6,,
40700,29.4,,
41438,16.74,,
41576,37.425,,
41023,25.99,,
41269,51.588,,
41634,33.568,,
40858,30.48,,
41004,23.84,,
41499,32.64,,
40677,27.66,,
41208,45.06,,
40805,16.398,,
41284,100.98,,
41978,32.676,,
41494,53.64,,
41438,29.244,,
41187,56.46,,
41124,46.77,,
41127,16.02,,
41757,60.54,,
41578,41.088,,
41731,28.912,,
41541,22.5,,
41080,55.52,,
41614,50.2,,
40829,30.42,,
41673,250.38,,
40788,23.16,,
40826,34.29,,
41764,27.96,,
40668,53.136,,
41515,54.27,,
41037,42.75,,
41799,51.75,,
40906,51.5478,,
40863,44.8857,,
41900,55.92,,
41374,70.755,,
41595,28.4,,
41598,58.368,,
41592,77.55,,
40849,50.232,,
41634,47.968,,
40641,99.592,,
41519,31.716,,
41808,12.69,,
40847,33.44,,
41424,44.08,,
41577,49.56,,
41209,56.304,,
41915,60.66,,
41260,85.185,,
41346,69.66,,
41997,75.573,,
40792,73.08,,
41730,40.38,,
41892,55.44,,
41414,25.029,,
41437,99.3822,,
41092,55.86,,
41859,40.5,,
41537,36.045,,
40921,35.532,,
41975,83.92,,
41670,32.35,,
41267,21.56,,
41972,25.344,,
41589,69.888,,
40571,57.23,,
41774,64.4,,
41999,96.08,,
41472,23.52,,
41767,78.288,,
41863,21.915,,
41097,27.36,,
41599,29.58,,
41968,74.016,,
41430,61.62,,
41542,45.264,,
41853,19.04,,
41894,38.28,,
41768,74.16,,
41089,20.232,,
41327,26.82,,
41625,38.52,,
41390,76.14,,
42003,45.45,,
40760,60,,
41087,55.35,,
41841,44.571,,
41538,49.26,,
41689,39.42,,
41069,35.16,,
42003,13.284,,
41605,33.75,,
41155,129.568,,
41368,99.846,,
41974,83.56,,
41478,51.84,,
41048,30.312,,
40695,12.72,,
40913,33.72,,
40854,85.752,,
41940,58.02,,
40863,74.7,,
41842,59.24,,
41066,78.048,,
41590,108.48,,
41468,31.36,,
41366,39.36,,
41143,117.855,,
41800,54.75,,
41785,38.4,,
40569,41.49,,
42003,30.36,,
41082,44.31,,
40872,48.951,,
41956,36.1725,,
41983,48.3945,,
41949,47.4,,
40924,340.14,,
41601,49.44,,
41026,43.56,,
41099,43.68,,
41610,31.96,,
40858,46.35,,
40720,63,,
41451,35.94,,
40743,55.44,,
40848,18.768,,
41484,47.82,,
41374,72.84,,
41766,66.672,,
40655,41.08,,
41501,65.36,,
41738,69.18,,
41577,58.8,,
41628,14.6,,
40875,52.596,,
41152,28.716,,
41681,19.08,,
41958,79.38,,
41148,48.63,,
41079,49.221,,
41232,12.096,,
41137,56.25,,
40933,46.143,,
41984,46.6188,,
41926,23.7546,,
41633,73.2,,
41303,26.52,,
40597,16.62,,
41407,96.6,,
41466,39.132,,
41324,44.46,,
41563,66.54,,
40595,62.31,,
41775,56.704,,
41765,34.5,,
40690,48.87,,
41618,39.222,,
41879,86.07,,
41743,46.32,,
41880,125.34,,
41620,27.09,,
41529,22.2,,
41967,114.6,,
41089,48.768,,
41542,66.84,,
41039,85.12,,
41613,57.6,,
40848,49.344,,
41537,66.6,,
41920,29.64,,
41592,97.56,,
41998,22.2,,
41101,38.7,,
41517,57.4875,,
41412,36.855,,
41904,50.9454,,
41205,46.4634,,
40560,18.576,,
40609,121.59,,
41513,72,,
41863,29.664,,
40865,21.98,,
41154,117.12,,
41263,53.73,,
41074,50.22,,
41059,42.201,,
40995,149.94,,
41536,51.12,,
41453,69.49956,,
41507,35.664,,
41234,42.984,,
41870,60.096,,
41571,59.592,,
41583,14.19,,
41918,31.14,,
41858,59.22,,
41278,65.22,,
41094,44.874,,
40935,68.61,,
41133,207.6,,
40826,87.45,,
41510,125.307,,
41954,36.45,,
41449,44.307,,
41576,56.91,,
41557,23.976,,
40875,43.68,,
41633,39.76,,
41502,40.176,,
41367,44.4,,
41665,19.29,,
41891,20.676,,
40871,56.88,,
41204,71.67,,
41809,37.8,,
41340,51.96,,
41922,32.508,,
41541,65.2,,
41698,41.94,,
41516,88.2,,
41885,51.9,,
41359,28.23,,
41408,37.86,,
41430,39.42,,
41228,28.998,,
41538,177.471,,
41598,68.6,,
41984,45.84,,
41529,39.872,,
41725,53.25,,
40621,26.16,,
40653,59.92,,
41869,38.864,,
41368,10.272,,
41859,31.128,,
41885,43.1,,
41239,15.066,,
41347,46.32,,
41772,63.39,,
40740,65.13,,
41428,47.04,,
41524,47.97,,
41964,70.32,,
41471,18.64,,
41983,15.74,,
40550,43.04,,
40547,37.84,,
41918,81.168,,
41559,46.488,,
41887,27.18,,
41075,48.87,,
41704,84.96,,
41802,102.48,,
41179,837.48,,
41513,56.916,,
41997,50.34,,
41996,51.27,,
40651,24,,
41338,33.18,,
41433,28.8,,
40912,41.43,,
41242,56.79,,
42000,52.9872,,
40846,17.52,,
41481,61.56,,
41795,33.48,,
41902,43.794,,
41134,27.72,,
41996,46.864,,
40929,29.61,,
40906,48.9,,
42003,77.52,,
41128,111.84,,
41283,95.1,,
41975,21.72,,
41505,21.504,,
41320,67.98,,
41023,50.58,,
41792,14.92,,
40724,51.63,,
41631,37.9,,
41030,32.568,,
41222,23.616,,
41010,72.24,,
40701,149.3,,
40898,34.6,,
41619,34.92,,
40862,48.72,,
42000,94.08,,
41325,47.88,,
41050,32.28,,
41523,47.94,,
40901,24.219,,
41439,59.34,,
40889,75.573,,
41895,101.3625,,
40704,54,,
41535,73.584,,
40619,53.4,,
41464,33.488,,
41248,44.46,,
40616,62.048,,
41400,71.088,,
40697,51.84,,
41900,87.72,,
41509,28.02,,
40894,48.42,,
40592,29.73,,
41688,61.254,,
41770,37.38,,
41555,25.12,,
41382,90.64,,
41314,53.4,,
40635,18.48,,
41893,61.44,,
41974,72.288,,
41893,56.82,,
41990,62.64,,
41976,43.47,,
40551,115.8,,
40680,78.156,,
41199,77.463,,
41680,49.77,,
40820,85.05,,
40955,68.3505,,
41759,95.9088,,
40998,50.85,,
40786,14.2464,,
41729,53.946,,
41452,65.664,,
41481,65.5,,
41540,40.776,,
40849,52.792,,
41488,45.96,,
41302,39.68,,
40884,27.18,,
40945,24,,
41855,50.58,,
41547,68.61,,
41992,45.12,,
41886,315.648,,
41890,37.632,,
41159,66.208,,
41810,65.28,,
40679,40.968,,
41900,47.82,,
41908,37.824,,
41500,55.92,,
41451,40.5,,
41949,80.7,,
41493,45.15,,
40834,25.11,,
41988,40.8,,
41865,144.45,,
41811,21.78,,
41896,53.55,,
40907,46.53,,
41799,37.71,,
40869,44.1942,,
40820,37.8,,
40603,23.868,,
41970,45.72,,
41908,47.12,,
41401,26.176,,
41235,37.94,,
41913,20.664,,
41899,18,,
40584,51.75,,
41724,26.4,,
41228,48.45,,
41043,49.104,,
41389,31.62,,
41641,56.2,,
41449,64.4,,
41576,27,,
40600,46.92,,
41596,47.616,,
41894,68.84,,
40991,21.3,,
41600,28.44,,
41355,55.86,,
41617,39.672,,
41208,34.38,,
41471,74.52,,
41411,38.5659,,
41178,86.272,,
41982,48.21,,
41950,80.97,,
40666,28.02,,
41843,49.44,,
41428,31.92,,
40900,39.8,,
40812,67.72,,
41439,83.97,,
41969,53.4,,
41219,44.4,,
41988,24.93,,
40748,22.56,,
41793,42.66,,
40779,50.76,,
40889,46.98,,
41431,52.4892,,
42004,72,,
41163,22.7052,,
41620,43.8,,
41213,73.656,,
41128,98.6436,,
41397,86.1,,
41895,39.9,,
40889,43.31,,
40710,41.4,,
41757,33.12,,
41887,54.32,,
41337,35.28,,
41186,56.988,,
41040,19.5,,
41180,131.8,,
40816,70.128,,
41922,46.224,,
41023,27.9,,
40701,59.4,,
41371,44.28,,
41381,50.4,,
41121,93.048,,
41233,247.158,,
41968,26.52,,
41092,50.04,,
40764,48.93,,
41529,46.08,,
41885,49.2,,
41427,52.47,,
40792,59.616,,
41961,50.22,,
40788,86.58,,
40906,87.3372,,
41213,70.12,,
41384,22.72,,
41235,55.104,,
40885,52.68,,
41494,179.97,,
41010,54.528,,
41992,130.112,,
41138,36.288,,
41736,34.08,,
41988,27.78,,
40819,78.408,,
41972,49.44,,
41283,21.4,,
41725,36.5,,
41555,49.52,,
41240,31.968,,
41613,32.98,,
41977,41.568,,
41906,64.68,,
41212,43.58,,
41172,42.768,,
40798,26.64,,
41238,45.9,,
41594,74.34,,
41755,450.36,,
41918,28.95,,
40835,102.54,,
41562,98.7,,
41403,27.432,,
41723,76.608,,
41395,31.74,,
40902,70.0395,,
41429,45.12,,
41877,36.435,,
41097,89.58,,
41162,35.9976,,
40675,47.58,,
41326,31.248,,
40786,92.52,,
41687,37.94,,
41562,35.008,,
40715,19.65,,
41192,45.36,,
41611,165.6,,
41340,159.04,,
41573,113.91,,
41773,96.78,,
41704,24.42,,
41803,48.87,,
41997,12.654,,
41529,68.796,,
41117,41.04,,
41533,44.632,,
41957,36,,
40742,26.24,,
41823,37.9,,
41729,77.4,,
41701,63.9,,
41789,52.92,,
41794,44.82,,
41769,19.23,,
40751,72.3096,,
41643,20.43,,
41583,40.068,,
41263,88.8,,
40681,15.936,,
40738,41.584,,
40913,59.52,,
41163,24.64,,
40866,47.496,,
41780,64.9,,
40661,61.92,,
41601,27.99,,
41936,46.44,,
41990,33.384,,
41258,125.504,,
41627,59.7,,
41904,12.276,,
41928,54.64,,
41722,40.64,,
41015,61.02,,
41436,43.56,,
41904,26.76,,
41788,54.6,,
41519,27.93,,
40802,53.424,,
40651,80.55,,
41305,43.2,,
41234,21.72,,
41715,45.45,,
40780,101.628,,
41327,32.13,,
41152,22.17,,
41946,32.724,,
40961,76.356,,
41246,45.468,,
41702,70.884,,
41857,43.2,,
41661,57.42,,
41736,47.46,,
41156,45.414,,
41907,43.74,,
41064,32.5314,,
41856,43.128,,
40715,36.84,,
40749,77.92,,
40798,57.4,,
40858,15.858,,
41515,42.66,,
41149,29.28,,
41587,26.64,,
41062,45.09,,
41127,52.2,,
40960,43.299,,
41876,43.92,,
40596,24.672,,
40700,76.968,,
41898,49.224,,
41443,57.432,,
41899,30.3,,
40717,53.82,,
41792,79.28,,
41323,12.348,,
40863,31.14,,
41265,51.72,,
41989,10.92,,
41744,75.39,,
41197,68.88,,
41171,34.8,,
41957,52.377,,
41332,49.59,,
40649,67.86,,
41702,26.88,,
41513,24.15,,
41502,19.14,,
41751,22.92,,
40906,21.9,,
41206,81.9,,
41731,35.04,,
41389,66.6,,
40807,27.42,,
41435,34.2,,
41067,29.64,,
41768,69.3,,
41618,51.66,,
41528,44.37,,
40648,35.76,,
41824,42.57,,
41029,72.15,,
41964,54.36,,
41206,81.81,,
40875,31.536,,
41764,31.644,,
41428,64.2546,,
41943,71.992,,
41694,37.44,,
41363,41.328,,
40831,7.968,,
41233,63.824,,
41610,111.15,,
41603,42.384,,
41848,46.92,,
41976,12.324,,
41947,40.29,,
41435,52.86,,
41957,58.08,,
41499,47.49,,
41849,22.2,,
40851,59.34,,
41578,43.08,,
41053,42.432,,
41745,44.28,,
40837,23.1,,
41765,34.2,,
41991,61.056,,
41954,59.64,,
41436,96.18,,
41953,32.22,,
41288,88.83,,
41661,65.22,,
41407,68.796,,
41982,40.014,,
41713,61.6026,,
41730,62.82,,
41963,81,,
40803,27.96,,
41758,36.9234,,
40778,62.802,,
40948,20.8,,
41362,31.4,,
41580,68.112,,
40780,48.84,,
40792,58.48,,
41159,70.26,,
40712,50.7,,
41149,24.72,,
40750,33.012,,
41683,118.68,,
41452,48.66,,
41409,32.16,,
41180,33.232,,
41656,84.06,,
40882,48.608,,
41172,60.372,,
41267,41.25,,
40807,35.82,,
41003,95.16,,
41618,43.11,,
41458,52.44,,
41958,25.38,,
41325,38.412,,
41288,33.42,,
41261,62.964,,
41179,24.288,,
41537,25.632,,
41131,64.75,,
41987,38.88,,
41558,16.392,,
40709,11.37,,
41921,87.96,,
40695,10.116,,
41400,53.04,,
41040,48.84,,
41432,50.24,,
41908,40.872,,
41626,23.1,,
41409,86.4,,
41851,49.088,,
41372,98.6,,
41356,60.04,,
41934,48.96,,
41408,56.988,,
40917,59.64,,
41866,40.68,,
40880,41.472,,
41089,55.968,,
41208,93.51,,
41379,40.53,,
40945,26.76,,
40901,45.96,,
41631,31.14,,
41655,106.8,,
41423,62.192,,
40848,47.808,,
40663,47.79,,
41221,265.86,,
41343,354.9,,
40799,22.66,,
40913,16.56,,
41873,20.112,,
41843,45.48,,
41500,69.57,,
41428,51.9,,
41228,40.29,,
41174,27.36,,
41235,40.5,,
41371,101.58,,
41197,71.6,,
41432,60.3,,
41858,41.4,,
41249,32.52,,
41962,22.144,,
41071,24.12,,
41920,50.412,,
41108,18.09,,
41820,40.26,,
40974,15.48,,
41221,46.44,,
41256,22.428,,
41122,31.92,,
41853,66.42,,
41788,53.28,,
41958,46.92,,
41214,62.46,,
40575,20.34,,
41913,42.876,,
41818,50.004,,
41856,33.1515,,
41729,50.46,,
41443,79.68,,
40970,851.67,,
41426,30.96,,
41985,13.62,,
41561,43.12,,
41153,14.368,,
41220,24.4,,
40697,30.48,,
41430,125.22,,
41535,74.08,,
40633,34.11,,
40605,41.796,,
40988,64.02,,
41920,107.775,,
41012,13.86,,
41236,72.84,,
41078,43.2,,
40786,39.48,,
41438,93.6006,,
41247,22.896,,
41569,58.65,,
41878,55.458,,
41394,40.62,,
41093,70.98,,
40758,39.96,,
41003,12.76,,
41247,36.96,,
40819,31.776,,
40907,39.128,,
40896,16.95,,
41533,22.29,,
41303,25.05,,
41577,47.34,,
41855,39.75,,
41011,52.65,,
41509,40.872,,
40661,64.4,,
41509,44.22,,
41212,30.375,,
41830,32.535,,
40578,30.24,,
41885,93.84,,
41075,73.26,,
41996,54.054,,
41067,84.6,,
41491,22.0056,,
40610,87.66,,
40813,51.36,,
41940,37.0152,,
41954,29.07,,
42003,10.854,,
41936,26.4,,
41145,26,,
40638,28.99,,
41454,61.96,,
41991,35.22,,
41354,96.84,,
41114,29.64,,
41711,26.28,,
40697,15.87,,
41327,37.8,,
41065,84.096,,
41564,11.32,,
41632,82.86,,
41552,23.55,,
41452,48.9,,
41942,90.855,,
41794,594.36,,
41206,58.56,,
41192,49.32,,
41409,24.96,,
40729,49.8,,
41629,66.3,,
40901,62.85,,
40897,65.44,,
41998,19.44,,
41442,21.564,,
41162,61.2,,
40849,45.684,,
41295,39.39,,
41333,26.1,,
41073,53.46,,
41054,66,,
41687,48.51,,
40833,43.52,,
41935,59.1,,
41116,44.4,,
41145,63.42,,
41233,43.29,,
41878,86.292,,
41862,46.5,,
41925,61.92,,
41864,84,,
41064,26.6166,,
40890,19.656,,
40954,41.22,,
41338,23.1702,,
41856,21.54,,
41788,54.368,,
40848,155.976,,
41582,24.1,,
41934,38.82,,
40713,57.9,,
40563,23.616,,
41583,58.968,,
41722,20.316,,
41652,49.44,,
41923,59.472,,
41548,33.3,,
41529,60.42,,
41148,12.92,,
41918,103.232,,
41178,89.1,,
40817,52.332,,
41981,74.9,,
41908,77.7,,
41197,50.004,,
41033,55.6,,
41982,47.36,,
41984,68.796,,
40781,157.86,,
41897,53.16,,
41710,44.793,,
41080,72.315,,
41632,27.12,,
41863,100.8,,
41167,24.32,,
41071,36.26,,
41030,41.376,,
41299,18,,
41589,49.848,,
40700,62.016,,
41890,161.568,,
41456,16.74,,
41009,88.26,,
41027,63.66,,
40570,20.13,,
40714,76.482,,
41907,60.048,,
41808,104.4,,
41697,53.28,,
41237,20.82,,
41711,145.35,,
41421,50.7,,
41051,62.61,,
40603,61.74,,
41956,14.706,,
41489,31.14,,
41878,28.896,,
41167,43.12,,
41691,40,,
41422,39.32,,
41802,48,,
41138,87.03,,
40850,29.1,,
41694,50.58,,
41612,45.45,,
40836,25.92,,
40876,53.325,,
41115,62.424,,
41402,96.66,,
41773,16.5,,
41675,53.946,,
41304,42.2802,,
41138,98.85,,
41375,38.76,,
41925,31.68,,
41591,20.58,,
41802,37.94,,
40883,35.04,,
41104,441.92,,
40920,26.376,,
41184,76.26,,
41331,54.648,,
41484,44.28,,
41731,31.06,,
41914,39.7,,
40751,22.16,,
41628,19.74,,
41984,38.28,,
41925,107.4,,
41128,41.55,,
41667,51.66,,
41704,27.06,,
41900,29.85,,
41857,29.61,,
41302,36.12,,
41500,30.3,,
41248,11.394,,
41979,32.67,,
41919,66.69,,
41093,23.34,,
41407,21.6,,
40880,24.8004,,
41942,46.96,,
41681,23.12,,
41401,49.568,,
41824,258.9,,
41755,42.048,,
41792,53.9,,
40798,51.6,,
41549,54.18,,
40715,28.26,,
41077,35.76,,
41205,26.76,,
40857,57.68,,
41800,168.93,,
41159,40.32,,
40639,47.4,,
41063,44.856,,
41941,89.52,,
41437,55.5,,
40701,14.958,,
41464,47.616,,
41914,108.608,,
40619,155.04,,
41775,39.96,,
41780,25.92,,
40975,30.44,,
41443,22.5,,
41975,41.86,,
41803,33.6,,
40969,45.432,,
41458,65.448,,
41653,25.83,,
40851,17.688,,
41593,13.47,,
40785,30.816,,
41999,52.64,,
41453,16.884,,
40903,30.72,,
41836,38.928,,
41983,31,,
40690,63.24,,
41809,46.416,,
40550,18.54,,
40899,42.4,,
41677,46.5,,
41450,53.28,,
41177,42.2304,,
41438,77.3508,,
41432,76.2564,,
41261,61.236,,
41610,85.9872,,
41976,43.2957,,
41478,99.54,,
41752,36.972,,
40902,39.888,,
41580,21.8,,
41603,14.04,,
41491,35.06,,
41092,68.6,,
41244,61.68,,
41545,17.94,,
41990,44.4,,
41599,87.948,,
40904,15.48,,
41169,42.984,,
41305,68.88,,
41541,48.312,,
41544,58.8,,
41589,38.28,,
40794,52.2,,
41170,21.504,,
41070,31.328,,
41563,45,,
41807,82.56,,
41604,51.84,,
41628,10.65,,
41997,28.08,,
41238,27.87,,
41168,35.64,,
41753,73.278,,
41851,104.976,,
41506,30.87,,
41157,62.775,,
41620,44.22,,
41807,37.38,,
41179,28.026,,
41163,33.708,,
41095,62.3712,,
41534,22.8,,
41992,76.707,,
40736,52.812,,
41110,34.76,,
41760,30.56,,
41886,100.8,,
41590,41.96,,
41961,75.36,,
41995,55.53,,
41618,48.42,,
41163,39.45,,
41747,19.68,,
41811,43.47,,
40963,74.112,,
41081,54.69,,
41446,71.28,,
40600,51.96,,
41709,74.56,,
41597,30.52,,
41926,35.784,,
41899,58.14,,
41093,249,,
41268,37.62,,
41340,31.482,,
40905,69.12,,
41127,28.44,,
41066,40.14,,
41232,14.832,,
41508,33.102,,
41960,32.412,,
41913,44.4087,,
41919,319.96,,
41477,11.088,,
40873,17.088,,
41786,25.76,,
41701,107.648,,
40806,30.98,,
41453,16.512,,
41335,135.84,,
41741,28.35,,
40665,49.23,,
41635,27.39,,
41992,53.7,,
41911,43.344,,
41541,53.844,,
41841,26.22,,
41582,32.58,,
41173,30.42,,
41897,48.4,,
40731,24.156,,
41446,35.12,,
41827,58.536,,
41379,39.6,,
41947,17.28,,
41397,40.98,,
40596,41.04,,
41430,52.2,,
41824,45.42,,
41801,21.6,,
41341,18.81,,
40633,46.98,,
41470,84,,
41585,24.42,,
41801,65.772,,
40823,137.88,,
41955,18.336,,
41305,15.552,,
41897,18.312,,
41991,124.36,,
41795,30.336,,
41610,47.9,,
41481,20.62,,
41800,18.804,,
41513,114.39,,
41582,26.43,,
40987,48.609,,
41951,44.7,,
41579,34.29,,
41844,12.81,,
41652,105.18,,
40864,55.56,,
41074,47.16,,
42000,44.01,,
41816,37.86,,
40634,20.112,,
41178,16.64,,
41620,55.072,,
41502,43.752,,
41545,95.6,,
41122,13.032,,
41033,45.216,,
41449,70.88,,
41768,58.32,,
41470,49.26,,
40904,207.72,,
41808,70.56,,
41704,43.92,,
41571,24,,
40700,13.68,,
41768,55.98,,
40774,76.95,,
41409,48.7494,,
40632,30.4425,,
41808,22.6092,,
41724,26.136,,
41425,17.46,,
41930,33.1992,,
41874,23.4987,,
41992,39.204,,
41988,26.25,,
41873,117.144,,
41906,251.64,,
41725,60.84,,
42003,258.75,,
40968,61.62,,
40896,11.565,,
41288,35.136,,
41600,73.2,,
41703,40.92,,
40796,51.6,,
41964,23.52,,
41548,29.34,,
41785,22.72,,
41894,30.4,,
41914,47.7,,
41492,33.44,,
41551,47.8,,
40830,33.768,,
41599,194.04,,
41313,36.44,,
41158,62.496,,
41502,51.16,,
41808,100.26,,
40814,28.14,,
40868,50.76,,
41157,47.0004,,
41488,51.9453,,
41930,63.27,,
41683,50.4,,
40851,43.57,,
41615,19.44,,
41623,133.38,,
41057,45.99,,
41169,67.8,,
40565,25.248,,
41333,21.3,,
41579,51.09,,
41943,29.91,,
41432,29.49,,
41275,23.4,,
41354,34.54,,
40707,61.056,,
41725,49.704,,
41430,39.72,,
41866,41.2,,
41227,21.72,,
41443,42.84,,
41786,66.33,,
41853,25.62,,
41885,180.72,,
41071,87.156,,
41863,43.83,,
41226,43.416,,
41739,57.84,,
41054,69.039,,
41978,71.37,,
40946,72.75,,
41570,94.2,,
41974,43.95,,
41095,20.9403,,
41365,63.5319,,
41991,66.284,,
40999,79.96,,
41472,22.32,,
41762,59.52,,
40694,113.73,,
41499,37.312,,
41176,39.98,,
41450,24.48,,
41187,14.43,,
41893,30.36,,
41461,30.816,,
40905,50.067,,
41290,47.04,,
41830,17.76,,
40731,59.64,,
41463,28.08,,
41680,98.568,,
41864,43.04,,
40854,36,,
41502,79.5,,
41162,35.1,,
41498,16.794,,
40793,28.02,,
41992,382.401,,
41124,27.66,,
41038,34.74,,
41862,42.432,,
41542,50.4,,
41761,72.21,,
41426,54.36,,
40884,107.73,,
41439,34.8,,
41719,26.82,,
40549,89.9886,,
41676,49.5,,
40970,37.5,,
41797,26.4,,
41171,22.96,,
41996,75.88,,
41619,22.92,,
41585,45.36,,
41187,29.67,,
41661,26.67,,
41075,48.96,,
40644,56.82,,
41509,40.272,,
41719,45.48,,
41363,27.09,,
41563,42.912,,
41934,25.08,,
41614,58.716,,
41157,444.312,,
40900,36.304,,
41179,71.38,,
40557,65.92,,
41712,49.6,,
40905,44.048,,
41522,42.048,,
41940,15.16,,
41974,23.88,,
40566,25.8,,
41154,79.29,,
41235,24.81,,
40883,72.954,,
41918,35.9976,,
41817,33.57,,
41807,71.73,,
41795,71.984,,
40908,47.53,,
40619,34.86,,
41306,56.45,,
41540,63.936,,
41030,37.32,,
41629,55.944,,
41150,33.3,,
41998,49.653,,
41488,53.7,,
40959,56.34,,
41022,30.12,,
41233,105.24,,
41933,55.3,,
41330,27.8,,
41171,108.576,,
40926,25.36,,
41142,86.805,,
40899,32.4,,
40651,48.384,,
41951,31.122,,
41825,44.01,,
41857,61.8,,
41793,100.44,,
41169,29.88,,
41565,33.966,,
41905,86.346,,
41885,103.92,,
41992,31.5774,,
41871,38.1966,,
41505,152.28,,
41510,22.608,,
40788,21.24,,
41963,13.04,,
41844,41.4,,
40620,111,,
41008,17.808,,
41808,12.9,,
40880,48.72,,
40574,63,,
40877,58.02,,
40858,63.66,,
41356,58.02,,
40912,35.1,,
40829,26.752,,
41730,45.184,,
40982,32.22,,
41369,74.208,,
41936,79.5,,
41520,9.495,,
41590,20.58,,
41611,79.212,,
40764,61.236,,
41506,83.07,,
40927,35.64,,
41277,31.68,,
41542,28.38,,
41216,44.58,,
41836,87.9,,
40892,24.084,,
40735,51.7275,,
41505,71.442,,
41957,69.5475,,
41332,120.84,,
41871,40.8312,,
41054,14.73,,
41402,85.232,,
40850,25.984,,
41634,45.12,,
40953,26.424,,
40663,174.95,,
41457,30.84,,
41264,45.408,,
41338,29.61,,
41200,50.7,,
41066,54.69,,
40855,27.96,,
41929,34.32,,
41967,24.96,,
41884,29.88,,
41628,58.08,,
41700,17.36,,
41796,63.612,,
41379,57.96,,
41507,48.93,,
40581,31.41,,
41089,56.133,,
41085,88.92,,
41659,27.33,,
41183,131.4,,
40760,59.328,,
41401,83.55,,
41082,48.42,,
41715,71.82,,
41918,67.44,,
40948,40.784,,
40644,10.368,,
41526,70.368,,
40745,87.92,,
41638,27.96,,
40859,45.6,,
41711,44.82,,
40699,37.392,,
41978,64.812,,
41932,23.472,,
41605,68.3,,
41963,34.92,,
41397,32.68,,
41529,43.296,,
40814,106.296,,
41529,116.08,,
41228,63.48,,
41695,54.18,,
41247,57.42,,
40641,63.84,,
41410,31.482,,
41471,22.26,,
41891,22.26,,
41423,18.765,,
40886,34.884,,
41589,31.14,,
41501,43.659,,
41965,43.9734,,
41423,43.5024,,
41633,36.72,,
41929,31.68,,
41621,18.693,,
41907,38.71,,
41041,36.63,,
40917,51.55,,
41425,47.4,,
41457,33.192,,
40567,41.76,,
41775,84.3,,
40546,47.43,,
40754,101.4,,
41262,31.22,,
40835,31.96,,
41470,78.92,,
41083,36.14,,
41986,58.2,,
41071,68.832,,
41897,43.98,,
41447,32.52,,
40908,52.224,,
41169,51.651,,
41684,28.8,,
40738,66.87,,
41454,40.56,,
41604,29.76,,
41150,41.37,,
41823,46.17,,
41768,34.164,,
41975,45.36,,
41915,20.736,,
41817,28.4,,
41939,61.542,,
41636,20.16,,
40829,22.96,,
41927,62.07,,
40864,29.82,,
41956,28.98,,
41376,42.84,,
41873,28.35,,
40848,32.508,,
41856,25.6,,
40705,18.384,,
41554,11.568,,
41981,34.92,,
41456,42.44,,
40751,46.5,,
41899,54.72,,
40603,37.08,,
41503,23.82,,
41666,35.46,,
41479,78.84,,
41801,27.81,,
41946,49.56,,
41876,26.352,,
41409,31.7046,,
40904,65.8314,,
40675,51.435,,
40821,42,,
41611,40.46,,
41421,41.37,,
40633,12.645,,
41906,81.99,,
41802,26.43,,
41087,46.32,,
41036,38.52,,
41614,33.96,,
41823,25.236,,
40711,46.52,,
40890,49.8,,
41053,63.648,,
40933,30.144,,
41397,50.1,,
41670,27.72,,
40637,18.68,,
41045,73.92,,
41636,42.624,,
41587,33.564,,
40856,643.365,,
40562,48.42,,
41062,24.192,,
40896,90.84,,
40815,30.51,,
40882,42.12,,
41673,29.52,,
41622,33.48,,
41597,21.36,,
40897,41.58,,
41440,60.615,,
41768,39.8772,,
41628,142.02,,
41619,57.996,,
41131,32.64,,
41894,83.88,,
41904,66.87,,
41897,85.4784,,
40811,51.273,,
40852,47.4138,,
41437,53.984,,
41526,43.13,,
41473,45.96,,
41747,14.28,,
40963,42.21,,
41499,46.38,,
41757,10.56,,
40868,22.296,,
41254,74.16,,
41876,57.6,,
41934,27.33,,
41589,46.44,,
41500,59.832,,
41744,149.96016,,
40823,44.2,,
41689,39.44,,
41459,49.392,,
41475,20.8,,
40883,67.8,,
41442,45.42,,
41934,66.464,,
40819,35.6,,
41877,150.39,,
40987,32.04,,
40644,64.26,,
41438,17.46,,
41684,102.312,,
41030,48.78,,
41272,40.32,,
41767,150.12,,
41864,50.52,,
41417,145.74,,
40848,10.5,,
41907,31.2,,
41866,45.06,,
41526,26.298,,
41575,43.92,,
40984,17.52,,
41897,29.95,,
41790,35.1,,
41111,56.88,,
41144,59.19,,
41829,19.08,,
41148,49.44,,
41971,40.239,,
41800,59.373,,
41422,20.16,,
41218,42.36,,
41027,28.98,,
41117,59.52,,
41464,15.52,,
41934,34.4,,
40709,48.16,,
41932,31.488,,
41193,51.84,,
41677,35.19,,
41880,33.96,,
40753,30.285,,
41164,50.52,,
41667,76.32,,
41026,49.95,,
41411,120.744,,
40935,25.866,,
41911,32.571,,
41859,34.4367,,
40631,28.23,,
41764,29.4,,
41346,30.51,,
40952,17.64,,
41740,21.84,,
40554,51.94,,
41386,48.792,,
41563,45.68,,
41912,15.552,,
41337,41.72,,
40586,51.9,,
41540,35.56,,
41342,18.768,,
41696,50.88,,
41802,46.32,,
41137,48.42,,
41081,39.2,,
41540,28.512,,
41375,31.5,,
40547,38.58,,
41071,35.832,,
41080,49.56,,
41577,71.28,,
41425,37.26,,
41813,33.06,,
41358,39.48,,
41127,50.04,,
40829,19.2,,
41911,43.83,,
41946,42.3,,
41431,228.096,,
40709,84.3,,
41598,40.968,,
41774,48.69,,
40619,47.18,,
40826,15.28,,
41347,28.28,,
40996,22.92,,
40550,12.78,,
41180,47.19,,
40849,26.04,,
41502,18.66,,
41237,52.53,,
41631,40.83,,
41507,97.56,,
41589,28.86,,
41254,60.576,,
41163,48.84,,
41731,59.076,,
41271,44.568,,
41486,43.8,,
41715,42.36,,
41101,94.128,,
41705,15.584,,
41362,23.56,,
40592,34.56,,
41953,27,,
41281,31.266,,
41977,85.536,,
41143,42.9,,
41893,22.4667,,
41766,73.764,,
41860,30.72,,
40651,54.18,,
41932,29.472,,
41895,94.85,,
41778,36.048,,
40842,63.92,,
41337,25.35,,
41729,59.76,,
41381,28.8,,
41962,55.584,,
41925,40.48,,
41606,39.808,,
41239,17.46,,
41062,43.86,,
41455,203.52,,
41468,30.56,,
41320,28.8,,
41418,32.676,,
40656,48.9,,
41429,37.44,,
41906,20.124,,
41017,34.98,,
41043,70.065,,
41884,49.56,,
40845,117,,
40815,53.55,,
41225,39.6,,
41948,51.696,,
41613,34.29,,
41225,30.3,,
41226,43.857,,
41123,47.04,,
41806,33.93,,
40886,136.242,,
41547,25.6626,,
41589,36.354,,
41912,30.756,,
41071,65.142,,
41962,38.76,,
41270,113.328,,
41615,35.89,,
41086,43.056,,
41236,44.1,,
41915,21.984,,
41806,24.51,,
41823,42.966,,
40669,30.81,,
41502,54.66,,
41544,19.356,,
41802,58.2,,
41817,69.96,,
40695,20.712,,
40905,47.28,,
41912,86.52,,
40739,23.184,,
41793,33.48,,
41620,69.07688,,
41423,45.6,,
41209,59.46,,
41767,26.88,,
41810,23.7,,
41801,49.38,,
41547,55.86,,
41026,31.2,,
41543,55.38,,
41607,33.3,,
40800,273.3,,
40851,13.14,,
41367,120.48,,
40660,52.5,,
40794,77.3892,,
41984,59.64,,
41066,16.8,,
41478,63.018,,
41061,20.574,,
41961,55.8,,
41650,57.852,,
40897,48.96,,
41920,83.16,,
41396,31.86,,
40926,49.284,,
41153,114.6,,
41602,15.8,,
41880,26.72,,
40896,32.592,,
41946,40.83,,
41456,72,,
41584,8.181,,
40709,29.16,,
41989,18.96,,
41804,30.69,,
40870,54.9,,
41141,16.14,,
41543,48.48,,
41408,42.09,,
40663,52.236,,
41933,48.5,,
41964,26.628,,
41828,33.232,,
41898,52.44,,
41841,26.82,,
41214,44.1,,
40812,31.96,,
41841,36.96,,
41905,27.78,,
41830,9.51,,
40716,31.32,,
41562,30.93,,
41533,22.8,,
40642,16.11,,
41579,42.12,,
41906,30.213,,
41074,40.83,,
40794,34.6302,,
41519,66,,
41017,38.22,,
41661,35.784,,
41103,11.808,,
40738,29.932,,
41510,43.1,,
40863,29.12,,
41373,25.92,,
40867,34.74,,
41137,31.176,,
41451,134.82,,
41874,54.18,,
41242,26.37,,
41752,34.56,,
41073,52.92,,
41846,93.84,,
41033,42,,
41892,73.044,,
41862,74.49,,
41230,20.496,,
41167,31.248,,
41907,62.36,,
41879,31.08,,
41234,39.096,,
41186,50.4,,
41612,39.4,,
41725,457.8,,
41538,44.37,,
42004,22.86,,
41305,47.88,,
40870,30,,
41661,39.285,,
40681,53.568,,
41753,45.492,,
41898,80.028,,
41532,16.74,,
41133,45.045,,
41975,21.465,,
41360,94.8,,
41586,37.44,,
41524,31.86,,
41421,10.368,,
40656,281.372,,
41176,24.424,,
41557,109.74,,
40801,39.96,,
41992,15.51,,
41075,28.47,,
41157,58.44,,
41870,29.52,,
41867,58.32,,
41054,49.26,,
40627,25.8,,
41988,21.18,,
41915,40.44,,
41534,61.8,,
41429,44.856,,
41096,22.68,,
41877,131.85,,
41675,21.96,,
41914,42.714,,
41107,98.388,,
41617,43.56,,
41078,63.27,,
41934,69.6,,
41227,88.2,,
41336,62.0646,,
40780,46.134,,
41886,17.712,,
40814,44.34,,
41366,30.48,,
41015,55.47,,
41387,31.56,,
41961,35.04,,
41774,37.2,,
41559,27.72,,
41585,52.2,,
41282,48.93,,
41369,48.87,,
41446,47.61,,
40680,14.4,,
40907,53.28,,
40764,42.48,,
41378,82.98,,
41876,32.328,,
41403,27.96,,
41813,26.94,,
42004,35.2,,
41554,33.312,,
41883,99.36,,
41778,41.52,,
41617,22.12,,
41884,32,,
41922,47.58,,
41859,50.25,,
40704,45.45,,
41864,122.55,,
40716,27.09,,
40801,59.616,,
40786,50.28,,
41902,25.776,,
41983,27.9015,,
41523,25.065,,
41701,54.0918,,
41934,76.65,,
41169,21.936,,
41976,45.66,,
40834,52.512,,
41193,31.95,,
41396,11.16,,
40849,41.94,,
41149,41.36,,
40584,169.68,,
40570,16.59,,
41143,50.28,,
41002,37.608,,
40914,24.69,,
40969,39.68,,
40777,33.56,,
41837,17.028,,
40697,60.56,,
41998,23.73,,
41878,53.64,,
41876,119.43,,
41127,11.49,,
41648,145.962,,
41235,46.35,,
41642,30.03,,
41631,59.25,,
41152,95.472,,
41528,27.6378,,
40686,38.88,,
41643,29.49,,
41149,49.842,,
41468,16.74,,
40985,33.82,,
41001,50.12,,
40798,40.56,,
41919,40.99,,
41508,47.52,,
41234,16.52,,
40558,44.874,,
41767,127.89,,
41617,22.74,,
41825,22.8,,
41470,10.71,,
41760,50.004,,
40785,42.96,,
41179,16.14,,
41921,30.852,,
40871,44.352,,
41432,60.576,,
41634,15.76,,
40854,35.08,,
41961,16.74,,
41418,58.2,,
41618,31.62,,
42002,36.14,,
41223,72.6,,
40777,20.97,,
40948,236.1,,
41241,42.1575,,
41708,21.96,,
41780,51.3,,
41078,67.365,,
41757,53.352,,
41553,30.213,,
41806,30.3,,
40975,42.039,,
41424,22.75,,
41600,40.46,,
41363,45.528,,
41873,91.92,,
41998,37.93,,
41403,17.94,,
40832,14.352,,
41903,59.97,,
41046,55.6,,
40702,12.69,,
41645,56.808,,
41900,46.59,,
41230,69.84,,
41793,34.92,,
41862,37.86,,
41996,33.6,,
41872,52.98,,
40885,27,,
41626,12.21,,
41173,26.08,,
41459,19.92,,
41940,34.08,,
41523,29.22,,
41227,52.8,,
40724,86.96,,
41355,46.98,,
40613,44.46,,
41603,40.2,,
41599,67.536,,
41344,62.56,,
41547,44.48,,
41956,21,,
41761,36.72,,
41970,70.05,,
41771,21.06,,
40718,54.432,,
40642,16.95,,
41827,36.51,,
41863,55.98,,
40883,54.99,,
41929,85.59,,
41274,41.67,,
41664,45.69,,
40842,48.195,,
41440,57.45,,
41828,29.904,,
41485,83.28,,
41829,50,,
41999,39.312,,
41225,15.7,,
41500,241.96,,
41241,68.16,,
41569,111.672,,
41343,17.94,,
41515,18.432,,
41941,21.93,,
41127,56.704,,
41769,27.66,,
41767,29.58,,
41179,21.864,,
41995,47.28,,
41036,26.46,,
41512,74.808,,
41940,29.01,,
41218,20.808,,
41885,65.76,,
41143,51.9,,
41055,42.039,,
40708,36.936,,
41235,27.3,,
41001,14.877,,
41565,26.928,,
41803,67.716,,
41393,21.0675,,
41549,76.74,,
40683,70.785,,
40893,100.32,,
41624,91.08,,
41237,79.76,,
41764,32.4,,
41075,40.256,,
41599,128.4,,
41069,38.52,,
41550,33.96,,
41790,35.36,,
42004,32.592,,
41859,25.8,,
41663,44.7,,
40721,40.32,,
41785,43.8,,
41390,34.29,,
41451,41.9,,
41019,24.78,,
41324,33.8,,
41474,69.12,,
41411,111.06,,
41557,157,,
41197,22.448,,
41506,56.52,,
41869,83.88,,
41130,33.93,,
40632,42.795,,
40891,28.08,,
40822,34.92,,
40988,93.6,,
41602,50.4,,
41467,48.384,,
41241,53.92,,
41872,40.29,,
40638,22.96,,
41592,36.63,,
40875,41.4,,
41977,16.192,,
40793,83.92,,
41947,55.984,,
41614,28.38,,
40761,79.92,,
41383,33,,
40766,37.14,,
40684,28.23,,
41304,31.95,,
41823,8.568,,
41795,52.92,,
42002,11.92,,
41416,18.06,,
40809,9.66,,
41911,30.64,,
40813,78.12,,
41498,108.78,,
41199,89.73,,
41407,43.92,,
41653,72.471,,
41857,31.02,,
41823,22.092,,
40885,45.99,,
40747,42.1308,,
41260,40.32,,
41781,38.28,,
41929,31.5456,,
41872,28.8108,,
41775,23.787,,
41814,40.92,,
41618,57.168,,
41984,10.368,,
41994,50.352,,
41449,21.93,,
41885,18.72,,
40602,19.456,,
40746,26.632,,
41817,40.14,,
41500,48,,
41817,43.8,,
41997,13.716,,
41170,35.34,,
41832,12.54,,
41520,30.312,,
41827,23.928,,
41527,42.408,,
40690,67.44,,
41257,32.26,,
41206,23.88,,
41531,47.68,,
41341,40.608,,
41038,79.296,,
41500,44.48,,
40875,27.15,,
41766,33.18,,
41015,83.34,,
40920,38.43,,
40878,55.0128,,
40675,53.5035,,
41584,41.2344,,
41040,105.6,,
41999,98.7471,,
41180,41.553,,
41373,15.876,,
42003,393.568,,
40857,39.84,,
41582,20,,
40873,81.98,,
41522,12.192,,
40659,21.4,,
41674,22.2,,
40579,17.248,,
41820,21.392,,
41415,35.04,,
41746,59.64,,
41793,66.6,,
41179,38.28,,
41537,47.28,,
41634,37.5,,
40914,65.88,,
41734,35.06,,
41920,34.68,,
40743,16.76,,
40633,23.46,,
41167,31.6,,
41253,35.34,,
40842,48.93,,
40654,38.7,,
41400,30.66,,
41086,22.47,,
41081,25.08,,
40961,156.897,,
41941,31.08,,
41029,66,,
41916,34.4925,,
41148,91.152,,
40655,25.056,,
41086,45.972,,
40715,95.968,,
41795,9.54,,
40733,41.904,,
41221,39.879,,
41907,31.08,,
41820,54.69,,
41625,57.516,,
41073,14.88,,
41446,22.8,,
41428,39.75,,
41368,32.22,,
41030,21.96,,
40829,66.88,,
41703,53.472,,
41638,42.08,,
41691,34.4,,
41255,39.22,,
41900,97.392,,
41009,23.85,,
41144,87.3,,
41863,117.96,,
40603,146.52,,
41964,28.98,,
41786,67.23,,
41829,87.42,,
40742,34.0326,,
41197,103.38,,
40715,50.67,,
41162,56.76,,
41890,58.536,,
41310,9.45,,
41403,10.688,,
40793,42.368,,
41589,41.86,,
41226,42.28,,
40674,35.91,,
40984,43.13,,
41988,39.264,,
41970,46.41,,
41820,39.54,,
41349,26.1,,
41093,37.86,,
41983,44.4,,
41442,23.25,,
40572,43.92,,
40875,22.11,,
41823,20.016,,
41711,40.4,,
41389,24.408,,
40862,32.62,,
41534,76.368,,
41940,39.54,,
41940,33.88,,
41227,45.1,,
41550,25.356,,
40613,27.036,,
41186,48.72,,
41857,58.56,,
41738,14.82,,
41633,37.98,,
41858,59.4,,
40975,64.719,,
41487,68.04,,
40575,21.39,,
41543,42.03,,
40891,37.8102,,
41911,49.44,,
41957,22.7052,,
41800,60.57,,
40652,29.04,,
41211,59.22,,
41689,28.917,,
41897,160.1985,,
41470,41.86,,
40788,19.9,,
41724,90.99,,
41431,21.552,,
41165,69.93,,
41100,39.92,,
40628,27.936,,
41299,43.12,,
41657,44.964,,
41083,37.128,,
41167,38.7,,
41294,42.06,,
40577,25.488,,
41773,37.66,,
41983,36.9,,
41557,52.68,,
40886,27.2,,
40708,50.76,,
40578,27.36,,
41212,78.3,,
40567,27.63,,
41593,21.96,,
40892,46.53,,
41888,18.6348,,
40891,28.302,,
41498,33.39,,
41403,36.78,,
40781,45.633,,
41250,42.1308,,
41655,32.31,,
41794,35.168,,
41950,13.272,,
41618,61.929,,
41600,38.432,,
41282,47.616,,
41025,50.352,,
41185,18.816,,
41667,12,,
41956,29.28,,
40758,26.58,,
41200,51.75,,
41522,47.34,,
41088,51.3,,
40960,34.8,,
41891,61.38,,
41536,30.24,,
41633,21.48,,
41052,32.06,,
41832,62.72,,
41634,27.96,,
41894,36.936,,
41061,67.616,,
41094,40.8,,
41170,10.044,,
41869,44.037,,
41166,87.732,,
41517,25.56,,
41358,40.23,,
41509,39.4956,,
41198,26.7675,,
41006,637.44,,
41985,23.36,,
41258,51.312,,
41421,34.848,,
41457,14.2,,
41523,25.92,,
41132,46.152,,
41332,16.192,,
41753,45.408,,
41638,37.408,,
41241,27.99,,
41053,47.232,,
41837,31.83,,
41428,28.56,,
41905,29.61,,
41953,35.52,,
41795,49.83,,
41712,42.444,,
41726,147.84,,
40884,20.484,,
40843,36.48,,
40792,38.68,,
41452,38.8,,
41953,50.112,,
41820,79.92,,
41990,30.96,,
41498,37.89,,
41677,46.74,,
41914,83.79,,
41281,35.64,,
40552,45.1935,,
41971,85.212,,
41484,35.7846,,
41226,49.365,,
40988,1648.998,,
41978,62.136,,
41375,8.904,,
41382,36.792,,
41990,18.96,,
41960,48.86,,
41205,11.824,,
41783,171.288,,
41436,23.616,,
41438,52.56,,
41229,18.9,,
41717,46.2,,
41469,50.55,,
41376,29.22,,
41964,31.17,,
40963,19.332,,
41227,43.44,,
41648,29.67,,
41227,35.37,,
41899,40.98,,
41799,51.68,,
41185,20.76,,
41038,8.84,,
41347,33.57,,
40603,102.438,,
41579,48.09,,
40968,42.9,,
41816,42.12,,
41242,32.01,,
41955,26.76,,
41005,17.82,,
40771,32.3883,,
41635,29.52,,
41095,38.52,,
40904,80.178,,
41250,30.69,,
40780,23.976,,
41691,22.23,,
41619,35.1,,
40632,44.4,,
41432,64.14,,
41807,20.544,,
41961,13.38,,
41173,37.86,,
41773,48.39,,
41961,29.73,,
41536,24.72,,
40996,20.421,,
41876,34.92,,
41001,158.328,,
41962,23.32,,
41045,23.84,,
41432,32.9,,
41815,32.832,,
41834,66.15,,
41260,19.8,,
41269,80.892,,
41810,19.41,,
41755,62.37,,
41862,31.95,,
41883,16.68,,
41647,38.16,,
41310,18.87,,
41604,107.055,,
40826,54.36,,
40837,51.354,,
41120,71.28,,
41835,58.716,,
41872,38.961,,
41943,20.736,,
41012,12.88,,
41167,59.97,,
41373,30,,
41701,68.04,,
41736,27.45,,
40916,54.54,,
41127,15.66,,
41285,26.88,,
41080,47.55,,
41429,49.572,,
41733,54.36,,
40856,27.18,,
41359,45.72,,
40661,85.536,,
41475,63.24,,
41200,82.848,,
41206,56.628,,
41768,59.325,,
41244,42.57,,
41808,27.864,,
41815,21.96,,
40703,43.752,,
41873,46.53,,
41667,45.18,,
41510,73.2,,
40788,68.22,,
41639,84.78,,
40805,22.248,,
41514,21.285,,
41975,34.875,,
41886,26.64,,
41142,23.92,,
41716,59.1,,
41032,27.552,,
41412,14.62,,
41254,58.08,,
41904,55.86,,
41400,93.248,,
41433,36.072,,
41900,14.49,,
41885,33.84,,
41521,23.004,,
41598,14.52,,
41576,100.92,,
41741,28.56,,
41249,74.664,,
40954,63.3,,
41855,29.91,,
41301,74.32,,
41962,18.28,,
41050,33.36,,
41815,34.92,,
41375,40.4,,
41071,55.5,,
41671,29.208,,
41750,66.177,,
41437,19.935,,
41871,43.2,,
41292,46.98,,
40851,17.19,,
42000,23.55,,
41879,24.48,,
41634,71.8116,,
41151,36.882,,
41209,29.7648,,
40767,134.6094,,
41760,54.66,,
41661,350.973,,
41878,71.98,,
40863,31.68,,
41915,39.072,,
40747,40.7,,
41345,30.336,,
41753,27.09,,
41381,15.48,,
41510,37.35,,
41668,17.334,,
41704,44.4,,
41450,47.4,,
41634,32.19,,
40566,23.84,,
41429,23.32,,
41983,92.82,,
41246,44.48,,
41234,43.2,,
40864,102.78,,
41871,17.73,,
41160,132.57,,
40681,50.868,,
41045,21.285,,
41148,13.11,,
41648,58.608,,
41153,43.254,,
41669,22.92,,
41883,63.9,,
41591,28.08,,
40587,129.568,,
41003,10.95,,
41310,18.84,,
41075,11.672,,
41523,25.06,,
41902,18.18,,
41806,43.8,,
41178,20.7,,
41851,51.102,,
42003,18.36,,
41450,44.34,,
40641,22.392,,
41432,48.762,,
41910,31.92,,
41632,30.24,,
41310,61.3,,
41548,37.82,,
40905,47.7,,
40705,46.64,,
41631,34.824,,
41437,248.32236,,
41615,18.96,,
41733,38.24,,
41260,29.4,,
41879,27.6,,
41786,53.76,,
41317,69.975,,
41995,58.3416,,
41535,41.472,,
41621,35.856,,
41956,63.87,,
41836,18.546,,
41170,19.68,,
41261,86.184,,
41775,36.18,,
41036,26.37,,
41619,44.75,,
41388,55.92,,
40571,36.44,,
41911,32.776,,
41127,35.52,,
41500,13.95,,
40707,63.84,,
41079,25.23,,
41568,35.352,,
41880,89.04,,
41135,26.49,,
41964,15.75,,
41956,43.404,,
40878,57.12,,
41937,15.56,,
41081,23.076,,
40661,71.64,,
40653,41.088,,
41977,15.144,,
41177,27.568,,
41873,17.556,,
41802,22.74,,
41150,34.08,,
41242,73.944,,
41145,19.776,,
41988,54.96,,
41553,42.7074,,
41337,34.182,,
41370,84.78,,
41071,31.8645,,
41208,23.7,,
41487,52.2,,
41437,41.835,,
40991,30.024,,
41975,20.37,,
41983,33.45,,
41611,54.96,,
41255,32.4,,
41779,23.25,,
41598,27.6,,
41933,51.27,,
40848,28.62,,
41815,17.928,,
41493,100.74,,
41355,41.19,,
40995,26.448,,
41544,10.728,,
41599,31.68,,
40837,45.1,,
41331,35.532,,
41934,67.32,,
41605,56.88,,
40596,22.86,,
40778,75.573,,
41075,37.05,,
41464,94.05,,
41862,55.944,,
41850,50.76,,
41853,84.9,,
41838,58.14,,
41262,49.41,,
41939,55.65,,
41373,38.7,,
41248,55.98,,
41998,73.0146,,
41984,29.85,,
41565,18.16,,
40756,19.752,,
41253,101.94,,
41720,30.576,,
41898,60.6,,
41873,26.544,,
41031,17.46,,
41969,100.44,,
41614,38.37,,
41838,22.5,,
41953,128.37,,
41510,148.74,,
41837,47.43,,
40847,30.21,,
41170,100.32,,
40799,28.24,,
41838,35.04,,
41456,29.2,,
41226,93.84,,
40995,60.624,,
41984,137.6,,
41139,54.42,,
41376,53.9,,
41914,60,,
41612,44,,
41439,44.46,,
41243,56.94,,
41124,66.15,,
41128,39,,
41886,31.428,,
41907,48,,
41429,54.18,,
40711,43.8,,
41852,76.032,,
41712,33.048,,
41579,63.936,,
41925,33.984,,
40934,66.6,,
41969,57.996,,
41800,36.352,,
41347,70.08,,
41946,8.8,,
41326,39.98,,
41901,50.96,,
41317,15.92,,
40616,91.056,,
41453,13.608,,
40730,18.27,,
41324,10.584,,
41053,25.596,,
41382,144.18,,
41750,74.16,,
41716,62.31,,
41207,13.26,,
41332,14.28,,
41631,34.848,,
41221,18.06,,
40681,43.65,,
41431,44.604,,
41717,23.268,,
41081,33.84,,
41263,30.84,,
41822,21.4,,
41251,33.48,,
40882,23.3,,
41382,28.62,,
41115,66.87,,
41394,26.82,,
40982,323.82,,
41642,52.44,,
42000,41.3034,,
41831,15.6456,,
40550,27.456,,
41827,31.68,,
41865,35.2665,,
40696,50.94,,
42003,16.92,,
41857,37.872,,
40782,22.72,,
40649,39.072,,
41510,34.68,,
41954,28.792,,
40952,33.936,,
41787,33.96,,
41086,29.88,,
41510,46.77,,
41873,18.99,,
41804,43.92,,
41488,54.24,,
40723,10.296,,
41061,37.536,,
41129,26.88,,
41533,43.488,,
41765,44.9,,
40711,36.36,,
41634,19.36,,
41771,30.15,,
41291,27.99,,
41789,25.8,,
40989,41.976,,
40695,27.99,,
41132,42.336,,
41302,88.47,,
41898,25.23,,
41998,78.327,,
40891,46.044,,
41939,25.149,,
40749,27.702,,
41897,29.799,,
40786,23.733,,
40801,29.484,,
41603,33.52,,
41584,29.12,,
41704,25.06,,
41396,19.44,,
41638,27.792,,
41750,36.56,,
41710,63.88,,
41603,82.26,,
41829,52.76,,
41718,8.94,,
41134,38.61,,
41674,43.53,,
41836,17.874,,
41584,20.19,,
41580,58.32,,
40767,46.74,,
41629,27.3,,
41738,22.26,,
41372,79.744,,
40728,102.576,,
41766,29.4,,
41397,15.84,,
41504,8.36,,
41756,24,,
41667,31.76,,
40858,50.1,,
41176,40.3155,,
41998,100.92,,
41533,33.93,,
41918,33.21,,
40890,29.28,,
41519,38.76,,
40645,53.55,,
41493,93.915,,
41562,22.74,,
40901,19.44,,
41423,31.8,,
41551,38.8437,,
41093,36.36,,
41890,47.94,,
41085,31.104,,
41515,13.14,,
41760,43.372,,
41425,26.55,,
41829,39.98,,
41697,28.08,,
41947,84.75,,
41945,28.26,,
41827,19.908,,
41818,13.86,,
41750,34.812,,
41765,26.82,,
41937,41.28,,
41324,48.72,,
41269,19.48,,
41746,31.536,,
41464,50.816,,
41128,146.7,,
41884,105.72,,
40939,22.14,,
41443,47.208,,
41578,26.94,,
41825,30.348,,
41502,44.1,,
41506,151.875,,
41215,38.64,,
41954,20.7,,
41165,68.22,,
40870,97.944,,
41192,18.126,,
41287,46.116,,
41156,82.7118,,
42004,61.974,,
41744,53.91,,
41962,38.664,,
41183,52.74,,
41505,39.99,,
41898,59.98,,
41404,48.784,,
41908,37.11,,
41885,15.66,,
41544,58.32,,
40969,59.736,,
41192,22.38,,
41436,30,,
41970,27.252,,
41823,15.039,,
41302,26.4,,
40791,31.8,,
41523,65.76,,
41935,44.56,,
41513,44.01,,
41800,31.92,,
41600,58.59,,
40897,25.8,,
41990,35.46,,
41073,24.84,,
41934,26.73,,
40920,51.03,,
41800,46.494,,
40568,98.22,,
40752,33.18,,
41669,89.46,,
41899,17.568,,
40633,52.98,,
40684,31.84,,
40869,6.928,,
40819,14.48,,
41947,40.776,,
40767,14.04,,
41526,53.73,,
40938,49.104,,
40892,27.39,,
41584,31.14,,
41492,11.31,,
41628,21.024,,
41484,45.21,,
41625,16.14,,
41389,29.04,,
41857,48,,
41447,28.8,,
40630,120.4,,
41961,52.74,,
40841,26.24,,
41628,61.632,,
41072,18.08,,
40890,36.75,,
41124,27.018,,
41270,34.83,,
41625,47.304,,
41170,38.088,,
41853,8.532,,
41155,36.336,,
41201,34.44,,
40579,34.24,,
41521,54.5,,
41221,119.9,,
40735,49.12,,
41523,21.204,,
40679,56.4,,
41605,64.96,,
41368,13.14,,
41220,49.32,,
41285,28.5,,
41859,10.32,,
41633,65.448,,
41634,10.512,,
41614,134.544,,
41394,22,,
41450,20.68,,
41604,45.5,,
40721,55.78,,
41595,27.96,,
41579,55.296,,
40714,17.04,,
41135,49.08,,
41436,25.0992,,
41598,86.076,,
41621,54.9045,,
41031,41.76,,
41443,56.79,,
41845,23.628,,
41710,38.5452,,
41383,53.295,,
41860,31.95,,
41905,35.964,,
40683,29.106,,
41541,33.57,,
41320,35.52,,
41347,127.88,,
41248,26.064,,
40744,19.92,,
41579,32.064,,
41498,41.86,,
41248,39,,
41990,29.95,,
41540,68.432,,
40596,37.86,,
41964,17.88,,
40905,82.98,,
41507,29.4,,
41436,49.2,,
41635,24.684,,
41418,35.12,,
41536,80.112,,
41620,68.6,,
41439,83.97,,
40851,55.35,,
41974,46.44,,
41261,64.692,,
41905,51.45,,
41655,50.9832,,
41156,35.46,,
41934,35.19,,
41911,43.56,,
41171,27.96,,
41452,41.0352,,
41963,54.513,,
41388,99.99,,
40879,46.72,,
40879,58.36,,
41932,30.56,,
41547,25.92,,
41562,22.704,,
41941,47.98,,
41160,26.4,,
41870,65.94,,
41740,36.672,,
41636,17.184,,
41659,53.91,,
41859,51.54,,
41267,121.92,,
40598,15.96,,
41206,29.58,,
41737,42.15,,
41750,94.02,,
40618,32.04,,
41307,42.75,,
41630,54.54,,
41438,21.36,,
41698,52,,
41627,285.66,,
40823,16.32,,
41397,53.28,,
41194,27.864,,
41593,18.48,,
41228,28.08,,
41074,38.88,,
40826,31.536,,
40590,61.56,,
41289,21.219,,
41771,31.59,,
41095,24.327,,
40812,46.32,,
40577,29.82,,
41148,67.92,,
41387,28.485,,
41971,18.84,,
41366,63.84,,
40621,20.016,,
41968,71.088,,
41124,55.74,,
41463,52.428,,
41705,50.76,,
41625,25.47,,
40898,204.3,,
41432,14.448,,
41820,21.096,,
41044,22.86,,
41451,26.784,,
41082,52,,
41326,41.2,,
41435,101.04,,
41008,24.72,,
40900,981.36,,
41879,26.82,,
41811,26.88,,
41768,40.005,,
41277,43.92,,
41593,40.86,,
41939,17.4051,,
41409,34.9596,,
41064,24.93,,
41958,35.91,,
41889,48.45,,
41801,29.6,,
41178,60.672,,
41144,31.68,,
40827,63.47,,
41032,18.2,,
41782,22.344,,
40925,88.96,,
41745,15.57,,
41999,39.582,,
40864,34.44,,
40702,46.08,,
41942,18.639,,
41556,26.7,,
41066,44.7,,
41243,14.52,,
41876,26.1,,
41371,32.96,,
40953,28.52,,
41981,17.216,,
41414,56.76,,
41556,17.68,,
40703,18.112,,
41513,114.8,,
41540,47.16,,
41997,45.168,,
41815,43.515,,
40872,25.29,,
41201,22.2,,
41534,81.18,,
41514,43.65,,
41725,61.83,,
41115,46.26,,
41542,19.5,,
41684,44.1,,
41853,39.06,,
41914,49.5,,
41975,45.15,,
41607,47.88,,
40665,49.1775,,
41507,19.098,,
41995,44.58,,
41543,43.65,,
41717,27.816,,
41324,25.71,,
41254,85.056,,
40780,25.92,,
41583,50.496,,
41017,41.424,,
41653,19.35,,
40703,42.18,,
40925,43.95,,
41503,39.12,,
40714,66.168,,
41251,20.37,,
41298,30.48,,
41076,52.08,,
41866,38.58,,
40630,28.23,,
41688,27.69,,
41521,19.264,,
41045,25.92,,
41270,46.224,,
41429,36.66,,
41236,35.712,,
41795,48.72,,
41793,33.088,,
41389,44.46,,
41817,92.82,,
40605,58.98,,
41971,63.99,,
41248,48.384,,
41575,42.84,,
41215,61.47,,
41984,21.96,,
41850,47.01,,
40920,43.956,,
40787,64.35,,
41926,22.659,,
41719,83.6976,,
41565,21.12,,
41095,86.4174,,
41814,29.49,,
41044,26.325,,
40889,44.202,,
41243,32.562,,
41976,47.96,,
41627,28.68,,
40691,57.408,,
41695,123.92,,
41961,38.88,,
41792,39.89,,
40878,25.272,,
41335,43.98,,
40603,12.36,,
41247,43.89,,
41768,62.16,,
41921,49.83,,
41813,46.44,,
41179,71.4,,
41909,28.8,,
41036,20.7,,
40813,47.58,,
40584,43.92,,
41593,21.96,,
40721,38.46,,
41058,91.86,,
41374,27.6,,
41245,30.348,,
40903,173.76,,
41044,32,,
41955,70.992,,
41437,22.56,,
40833,244.72956,,
41190,61.6,,
41633,54.18,,
41864,31.02,,
41858,35.52,,
41089,64.26,,
40770,103.95,,
40781,189.42,,
41738,52.92,,
41236,75.69,,
41183,62.28,,
41729,24.51,,
41534,45.72,,
41526,45,,
41307,86.67,,
41877,34.5,,
41110,44.496,,
41788,37.68,,
40637,32.4,,
41598,56.43,,
41073,38.07,,
41736,34.11,,
41085,21.9867,,
41620,12.42,,
41515,27.3,,
40620,49.32,,
41828,17.472,,
41706,49.08,,
41593,48.576,,
41069,64.2,,
41887,14.82,,
41590,35.232,,
41633,43.96,,
41962,20.232,,
41309,90.48,,
41520,30.45,,
40757,29.232,,
41487,98.052,,
41752,48,,
41871,19.68,,
41961,50.988,,
40759,49.41,,
41593,15.36,,
41262,22.4,,
41606,89.88,,
41267,48,,
40827,51.6,,
41824,67.05,,
40903,37.86,,
40990,26.7,,
41780,65.22,,
41478,22.26,,
41941,17.7828,,
41386,64.0356,,
41538,27.42,,
41930,49.96,,
41956,15.92,,
41993,36.672,,
41744,8.76,,
41955,121.6,,
40883,53.424,,
41765,23.16,,
40809,28.8,,
41947,35.88,,
41816,29.1,,
41820,9.51,,
40976,13.26,,
41974,32.19,,
41834,48.42,,
41521,72.84,,
40569,33.888,,
41929,54.6,,
41591,18.639,,
41542,43.44,,
41920,38.82,,
40722,48.6,,
40707,39.54,,
40997,42.6,,
41870,27.936,,
40726,46.08,,
41606,17.568,,
41864,82.22,,
41968,19.08,,
41970,26,,
41873,21.3,,
41572,52.65,,
41774,72.612,,
41608,52.74,,
41788,43.02,,
41723,80.01,,
41962,24.75,,
41781,42.453,,
41808,25.4718,,
41444,50.1984,,
41977,43.65,,
41624,20.82,,
41775,42.624,,
41722,25.68,,
40715,59.7,,
40616,80.98,,
40793,32.06,,
41498,32.4,,
41681,47.1,,
41110,49.74,,
40658,46.224,,
41668,14.97,,
41558,23.22,,
40822,31.632,,
41423,50.88,,
41367,58.98,,
41397,60.24,,
41061,46.416,,
41081,23.8,,
41009,35.64,,
41541,72,,
41536,15.66,,
41141,98.49,,
41608,62.55,,
40900,151.56,,
41989,37.86,,
41969,50.088,,
41561,65.88,,
40619,35.88,,
41281,34.58,,
41393,41.568,,
41971,43.584,,
41012,31.104,,
41912,8.448,,
41611,24.704,,
41969,39.96,,
41184,26.9,,
41954,16.5,,
40669,60.6,,
40997,15.48,,
40646,50.46,,
41818,12.06,,
41302,31.95,,
41795,16.08,,
41952,28.8,,
41488,45.21,,
41184,196.2,,
41941,53.91,,
41358,29.61,,
41918,120.66,,
40870,21.156,,
41557,28.98,,
41239,51.744,,
40649,30.92,,
41905,44.82,,
41372,32.768,,
40795,58.2,,
41073,50.46,,
41920,26.22,,
41172,35.6,,
41928,40.68,,
41403,88.44,,
41856,52.86,,
41206,24.12,,
41891,21.573,,
41657,29.55,,
41205,30.66,,
40789,38.13,,
41808,45.792,,
41085,177.633,,
40634,43.8,,
41579,46.98,,
41450,133.8966,,
41780,56.94,,
41579,567.5208,,
40610,71.9316,,
40682,65.4921,,
41977,45.15,,
41541,94.68,,
40686,64.08,,
41962,15.084,,
40729,14.62,,
41576,38.19,,
40793,46.688,,
41036,45.68,,
41855,99.87,,
40780,25.68,,
41981,50.04,,
41066,37.755,,
40826,55.2,,
41863,42.15,,
41801,51.27,,
41981,16.5,,
41188,36.768,,
40716,8.24,,
41814,35.24,,
41703,42.528,,
41619,28.34,,
41544,38.944,,
41500,63.27,,
42002,30.96,,
41169,51.6,,
41498,52.8,,
41544,45.846,,
41632,158.787,,
41275,45.96,,
41606,18.54,,
40857,44.46,,
40729,88.0215,,
41579,21.84,,
41951,20.331,,
41859,33.84,,
41718,26.415,,
41643,29.889,,
41733,26.4,,
41956,18.544,,
41627,72.64,,
41891,20.736,,
41807,23.92,,
41893,37.056,,
41853,39.54,,
41430,45.12,,
40779,44.94,,
41502,50.1,,
41373,10.5,,
41222,44.1,,
41808,42.72,,
40892,58.74,,
41924,43.299,,
41619,104.96,,
41155,35.184,,
41972,18.256,,
41534,22.536,,
41086,39.16,,
41039,34.98,,
40896,28.8,,
41606,120.48,,
40808,28.89,,
41197,56.79,,
41085,22.248,,
41497,25.38,,
41772,23.004,,
41065,34.0101,,
41488,41.6826,,
41454,53.4,,
41556,87.156,,
41190,42.21,,
41078,21.96,,
41085,27.72,,
41222,19.2939,,
40773,21.06,,
41225,422.73,,
40557,19.9,,
41029,34.65,,
40808,40.68,,
41205,60.736,,
41967,36.288,,
41788,27.46,,
40885,54.21,,
41521,16.836,,
41313,18.528,,
41284,18.81,,
41967,526.62,,
40823,52.65,,
41601,29.01,,
41191,38.48,,
40683,18.4,,
41346,75.168,,
40838,51.66,,
41641,30.96,,
40726,25.184,,
40865,52.92,,
41107,50.34,,
41222,55.65,,
41687,38.4,,
41975,43.65,,
41621,30.15,,
41963,17.97,,
41423,44.55,,
41260,24,,
41801,16.2348,,
40553,161.514,,
41707,20.7,,
40624,74.352,,
41072,43.296,,
41071,56.3,,
41779,36.32,,
41718,14.624,,
41432,11.67,,
41401,54.48,,
41763,64.2,,
41429,33.786,,
41820,27.78,,
41947,19.8,,
41011,53.46,,
41509,28.416,,
41877,41.76,,
40606,43.281,,
41292,26.5,,
40623,38.9,,
41596,58.2,,
41019,15.24,,
41449,161.36,,
40758,87.84,,
41862,110.64,,
41971,39.6,,
40882,21.414,,
41627,35.748,,
41986,31.9272,,
41725,66.84,,
41059,33.3,,
41961,45.216,,
41446,38.88,,
41811,51.312,,
40634,29.6,,
41520,39.98,,
41191,37.376,,
41948,70.72,,
40893,8.624,,
41461,26.4,,
41484,31.2,,
41395,15.12,,
41918,11.37,,
41538,28.52,,
41281,32.868,,
41249,33.52,,
41953,23.84,,
41592,51.424,,
41194,55.584,,
41536,16.7,,
41274,15.444,,
40760,49.44,,
41207,62.12,,
41956,64.3,,
41387,16.08,,
41729,31.59,,
40885,50.4,,
40801,49.59,,
41862,30.456,,
41403,14.76,,
41949,34.83,,
41141,31.323,,
41731,40.59,,
41865,22.29,,
41366,30.144,,
41556,61.96,,
40564,67.194,,
41820,16.74,,
41458,15.408,,
41731,47.82,,
41648,24.828,,
40668,24,,
40673,54.9,,
41544,22.365,,
41901,26.46,,
41915,30.94,,
41611,28.32,,
41807,65.28,,
40841,43.7,,
41355,56.2,,
41197,28.64,,
40598,67.86,,
41645,18.288,,
41074,27.96,,
41435,24.42,,
41606,28.02,,
40639,24,,
41303,37.35,,
41535,26.406,,
41699,39.48,,
40634,25.344,,
41856,323.3601,,
41907,20.58,,
41209,27.4896,,
40904,46.4385,,
41520,21.3975,,
41759,50.085,,
41751,57.96,,
41775,26.136,,
40793,32.382,,
41513,8.26,,
41552,30.4,,
41484,24.7,,
42003,20.16,,
41270,29.07,,
41839,22.11,,
40821,9.585,,
40697,11.43,,
41616,29.04,,
41221,58.08,,
41885,40.04,,
40724,16.656,,
41817,56.76,,
41792,16.65,,
41759,43.8,,
41738,19.98,,
41150,37.08,,
41919,33.6,,
41122,33.96,,
41559,50.625,,
41142,24.72,,
41538,67.2,,
41611,51.03,,
41767,36.63,,
41680,57.996,,
41209,41.0352,,
41982,274.9545,,
41713,23.157,,
41869,69.57,,
41760,15.66,,
41988,52.5195,,
40844,38.5575,,
41170,19.92,,
41184,51.12,,
41529,37.52,,
41997,62.04,,
41988,25.71,,
41890,16.9,,
41776,15.87,,
41883,22.41,,
41682,41.7,,
41428,102.54,,
41821,20.43,,
40967,73.032,,
40980,41.004,,
41895,53.91,,
41099,34.824,,
40836,35.24,,
41951,39.024,,
40875,21.08,,
41637,18.24,,
41612,28.3,,
41919,39.456,,
41702,51.392,,
41863,23.1,,
41798,25.56,,
40920,35.52,,
40792,39.33,,
41894,21.42,,
41991,41.04,,
40931,40.86,,
41061,315.936,,
40995,74.682,,
42004,39.42,,
41683,22.26,,
41315,55.0935,,
41177,56.97,,
41558,42.0525,,
41271,30.96,,
41593,33.642,,
40647,1840.68,,
41446,29.718,,
41803,64.14,,
41409,30.192,,
41523,15.808,,
41763,26.388,,
41892,50.25,,
41848,53.97,,
41974,38.37,,
41532,70.68,,
41254,47.04,,
41417,29.88,,
41001,38.1,,
41802,50.16,,
41002,20.208,,
40693,53.88,,
41976,21.024,,
41731,43.368,,
41408,263.136,,
41739,80,,
41599,72.9,,
41121,35.196,,
40701,42,,
41732,35.304,,
41021,27.96,,
41449,44.8,,
41918,25.08,,
41176,44.1,,
41303,27.975,,
41971,23.22,,
40638,28.23,,
41376,26.2986,,
41729,48.63,,
41471,63.9,,
41964,58.56,,
41493,38.4345,,
41064,26.58,,
41817,23.3892,,
40595,25.14,,
41519,33.9,,
41960,30.3,,
41727,68.742,,
40872,26.76,,
41947,41.37,,
41852,41.424,,
41654,36.288,,
41544,35.4,,
41806,17.94,,
41557,19.136,,
41611,35.232,,
41710,43.28,,
41926,25.92,,
41901,122.91,,
41509,12.36,,
41971,36.984,,
40635,18.93,,
40903,30.69,,
41579,26.88,,
41419,121.2,,
41499,51.78,,
42002,54.48,,
40843,29.2,,
40862,40.32,,
40718,28.224,,
41974,32.3,,
41248,12.128,,
40812,14.56,,
41530,46.5,,
41899,28.38,,
40981,56.544,,
41505,21.78,,
41163,45.216,,
41891,15.948,,
41884,70.56,,
41755,47.46,,
41527,44.1,,
41683,40.905,,
41498,26.94,,
41657,30.024,,
41664,28.8,,
41445,25.8,,
41271,14.28,,
40988,72.48,,
40666,54.0579,,
41775,31.92,,
41145,31.74,,
41631,31.32,,
41627,39.92,,
41921,36,,
41449,19.98,,
40778,31.104,,
41262,29.9,,
41500,22.32,,
40807,66.03,,
41890,25.98,,
40835,20.064,,
41606,16.44,,
41102,54.69,,
41983,26.67,,
41461,9.774,,
41993,20.52,,
41079,16.44,,
41148,27,,
40639,33.084,,
41453,44.58,,
41233,43.8,,
41687,47.04,,
41958,57.4,,
41932,48.58,,
41543,436.16,,
40600,70.944,,
41979,26.64,,
41262,13.344,,
41941,27.9,,
41144,9.06,,
41879,34.83,,
41422,11.55,,
40705,17.73,,
40806,23.49,,
41810,45.468,,
41947,21.384,,
41185,24,,
41633,27.882,,
41612,29.98,,
41956,76.12,,
40824,23.472,,
41842,124.404,,
41779,45.72,,
41311,24.51,,
41978,18.612,,
41127,23.46,,
41901,128.43,,
40766,32.13,,
41576,36.096,,
41429,99.48,,
41694,10.368,,
40610,30.654,,
41473,25.08,,
41243,24.96,,
41459,53.08,,
41951,20.304,,
41615,24.96,,
41536,41,,
41878,73.8,,
41579,40.16,,
41586,24.48,,
41874,35.64,,
41281,21.564,,
41061,101.58,,
41442,33.96,,
41880,20.97,,
40956,32.328,,
40616,16.62,,
41542,29.4,,
41106,28.053,,
41718,33.39,,
41220,34.2,,
41269,24.984,,
41178,31.104,,
41934,23.992,,
41510,29.34,,
41473,20.784,,
41360,17.04,,
40954,27.84,,
41633,40.95,,
41750,51.78,,
41982,58.59,,
41892,86.256,,
40970,51.9,,
41843,27.33,,
41788,38.16,,
41268,90.76,,
41204,77.5,,
41449,32.42,,
41380,28.02,,
41920,14.92,,
41464,30.9,,
41067,52,,
40854,42.384,,
41855,10.92,,
41589,48.6,,
40863,20.385,,
41682,39.42,,
40585,21.78,,
42002,74.655,,
41453,64.638,,
41816,95.58,,
41299,126,,
40749,46.116,,
41170,21.816,,
41373,20.04,,
41214,42.95,,
41542,41.96,,
40779,12.672,,
41346,29.34,,
40815,20.928,,
41643,38.88,,
41583,104.784,,
41639,27.99,,
41062,26.58,,
41540,56.82,,
41584,29.28,,
41997,10.188,,
41988,49.47,,
40612,37.632,,
41036,29.4,,
41803,12.36,,
41899,69.3,,
41732,39.06,,
41442,19.2,,
41002,56.096,,
41506,35.56,,
41201,27.12,,
41040,31.02,,
41900,26.88,,
41062,33.75,,
40613,72.27,,
41955,125.4,,
41520,38.4,,
41890,156.654,,
41323,55.86,,
41123,51.1446,,
41349,23.64,,
40869,33.7398,,
40703,48.86,,
41234,15.88,,
41210,36.63,,
41913,11.76,,
41899,20.544,,
41607,18.33,,
41249,40.32,,
41403,27.09,,
40848,28.62,,
41834,41.28,,
40799,23.22,,
41229,33.42,,
41999,35.04,,
41956,31.32,,
41776,78.304,,
41792,31.02,,
41610,22.5,,
41771,11.2,,
41398,51.84,,
41900,27.96,,
41362,158.556,,
41214,30.24,,
41548,67.92,,
41548,11.43,,
41968,19.05,,
41539,40.95,,
40959,43.416,,
40870,21.84,,
42001,13.248,,
41628,34.248,,
41530,68.52,,
41708,30.84,,
40873,40.54,,
41402,21.588,,
41068,25.92,,
41808,39.96,,
41169,49.764,,
41164,46.356,,
41884,53.76,,
41515,29.1,,
41706,21.024,,
41859,38.64,,
41428,31,,
41820,51.2,,
40857,39.16,,
40661,21.96,,
41726,66.8,,
41624,28.14,,
40987,56.1,,
41984,19.72,,
41274,20.48,,
41865,14.04,,
41767,26.22,,
40639,381.96,,
41962,23.616,,
41043,52.47,,
41890,40.95,,
41158,18.954,,
40869,9.36,,
41289,34.65,,
41822,53.64,,
41415,60.42,,
41162,159.444,,
41576,77.6,,
41450,38.24,,
41240,29.79,,
41384,54.9,,
41605,59.97,,
41128,25.06,,
40926,10.656,,
41822,56.82,,
41802,55.2,,
41652,61.74,,
41949,66.24,,
41905,19.7,,
41471,38.1,,
41543,19.24,,
41508,23.22,,
41324,20.256,,
41877,29.7,,
40787,37.08,,
41767,28.107,,
40766,43.632,,
41103,20.46,,
40666,145.98,,
41655,40.014,,
41281,54.99,,
41982,37.7235,,
40808,31.92,,
41156,110.4855,,
41807,49.8,,
41383,21.3696,,
40557,11.36,,
40886,34.68,,
41990,81.568,,
40818,12.768,,
41977,24.448,,
41906,39.984,,
41369,31.02,,
41502,17.94,,
41894,195.68,,
41488,49.44,,
40767,12.9,,
40680,25.038,,
40550,26.43,,
41465,36.75,,
40861,23.208,,
40798,26.49,,
40812,27.96,,
40712,16,,
41566,193.1,,
41810,35.28,,
40757,62.16,,
41610,31.656,,
41598,30.816,,
41172,66.68,,
40831,14.895,,
41686,42.3,,
41857,178.146,,
40767,189.72,,
40857,25.8,,
41811,28.56,,
41704,46.872,,
41984,48.8565,,
40663,44.496,,
41071,29.7,,
40830,29.04,,
41802,21.84,,
41173,20.52,,
41283,53.526,,
41414,33.72,,
41401,40.995,,
40882,24.816,,
40670,16.14,,
41068,42.24,,
41712,9.636,,
41453,30.3,,
41239,21.852,,
41547,26.25,,
41487,27.06,,
41669,39.792,,
41837,46.59,,
41620,18.72,,
41585,55.136,,
41355,39.84,,
40810,26.88,,
41438,24.88,,
41369,56.94,,
41746,31.536,,
41944,65.84,,
41302,45.24,,
41510,70.35,,
41863,50.28,,
41801,55.17,,
41299,22.86,,
41352,22.5,,
40924,36.855,,
41886,17.235,,
41538,44.928,,
40911,54.351,,
40784,43.56,,
41649,27.3,,
40639,10.304,,
41927,9.46,,
41523,10.272,,
41337,36.6,,
40849,34.86,,
41673,46.8,,
41542,21.44,,
41806,31.168,,
41639,72.224,,
41145,26.982,,
41157,27.24,,
41955,51.84,,
41932,24,,
40754,43.02,,
41463,19.896,,
41960,40.92,,
41843,38.96,,
41891,17.556,,
41979,31.904,,
41991,14.32,,
41973,21.12,,
40887,29.22,,
41155,27.2,,
41929,77.56,,
41198,41.72,,
41115,65.24,,
41809,31.4,,
40724,40.92,,
41617,66.3,,
41964,18.6,,
41507,53.7,,
41689,60.54,,
41978,27.48,,
40583,59.616,,
41957,32.22,,
41786,17.982,,
41992,65.988,,
41820,27.36,,
41585,18.9585,,
41963,44.415,,
41902,39.528,,
41867,22.92,,
41720,45.99,,
41247,39.96,,
41859,63.96,,
41243,17.48,,
41927,46.36,,
41554,11.976,,
41818,19.44,,
41979,21.6,,
40584,53.4,,
41702,42.3,,
41174,53.88,,
40677,59.22,,
41541,104.772,,
41654,27.96,,
41427,24.63,,
41167,41.43,,
41983,46.44,,
41498,48.45,,
41293,24.78,,
41067,21.96,,
41829,43.8,,
41067,52.551,,
41179,52.86,,
41618,15.16,,
41486,46,,
41891,99.6,,
40793,12.36,,
41011,31.08,,
40716,66.88,,
41999,33.825,,
41996,32.94,,
41188,77.55,,
40767,50.25,,
41564,43.4265,,
40821,30.051,,
40843,33.57,,
41646,23.76,,
41985,63.686,,
41618,40.68,,
40841,49.408,,
41747,28.14,,
41915,15.224,,
40647,21.54,,
41179,24.552,,
41254,48.42,,
41891,49.812,,
41908,32.796,,
41909,43.8,,
41772,27.18,,
41919,26.1,,
41080,33.3,,
41250,37.9,,
41611,39.16,,
41883,31.08,,
41717,30.96,,
40684,46.62,,
41704,49.5,,
41858,26.748,,
40995,46.02,,
41929,58.08,,
41612,44.064,,
40788,18.063,,
41660,34.2126,,
41978,60.156,,
40665,24.156,,
40831,56.46,,
40850,47.0958,,
41193,22.368,,
41926,10.476,,
41254,54.92,,
41765,21.24,,
41626,46.53,,
40848,167.94,,
41554,17.904,,
41372,36.744,,
40613,35.97,,
41774,34.02,,
41072,103.56,,
41523,15.84,,
40778,23.01,,
41486,47.49,,
41039,50.01,,
40611,16.86,,
40813,29.01,,
41095,13.05,,
41796,14.1,,
41777,35.9,,
40707,36.336,,
41680,47.64,,
41387,17.68,,
40847,49.4,,
41530,28.26,,
41344,16.938,,
41541,29.82,,
41347,54,,
41073,43.68,,
41065,35.73,,
41563,85.365,,
40855,42.3,,
41411,40.32,,
42000,26.22,,
40789,92.16,,
41666,37.368,,
40921,58.563,,
41554,44.2815,,
40824,84.18,,
41409,45.96,,
40654,68.19,,
41288,24.6,,
41802,63,,
41848,12.384,,
41403,10.368,,
41951,59.97,,
40851,58.24,,
41901,19.44,,
41656,56.07,,
41976,32.776,,
41061,41.9,,
40636,62.31,,
41513,13.2,,
41286,51.78,,
41736,18.936,,
41488,19.71,,
41905,12.24,,
41498,34.104,,
41066,20.64,,
41824,41.4,,
40703,38.4,,
41916,70.74,,
41065,21.264,,
41584,163.656,,
41437,33.84,,
41450,24.88,,
40848,33.18,,
40613,43.42,,
41636,96.3,,
40645,38.1,,
41769,173.17296,,
40841,25.32,,
41562,58.74,,
41970,43.752,,
41536,71.536,,
41815,39.69,,
41159,44.064,,
41520,26.28,,
41729,53.7,,
41878,148.05,,
41179,47.88,,
41862,37.476,,
41060,17.775,,
41766,36.7263,,
41445,30.7824,,
41750,50.328,,
40765,50.94,,
41259,110.1,,
41653,33.3,,
41813,50.3712,,
40945,71.712,,
41027,38.016,,
41543,34.416,,
41983,18.288,,
40798,28.206,,
41922,31.2,,
41969,60.66,,
41575,40.2,,
41239,14.73,,
41164,28.9,,
41425,38.88,,
41054,22.368,,
40913,33.36,,
41136,20.49,,
41926,25.05,,
41001,29.22,,
40785,18.99,,
41849,22.14,,
41074,40.74,,
40782,88.2,,
41880,48.4,,
41081,43.38,,
41530,61.824,,
41710,44,,
40626,13.38,,
41520,77.52,,
41860,27.78,,
41615,26.88,,
41145,26.58,,
41522,132.804,,
41050,31.7,,
40970,126.45,,
40773,25.11,,
40897,42.3,,
41087,14.505,,
41533,43.2,,
41411,24.57,,
41823,21.96,,
41751,31.14,,
41106,53.595,,
41250,26.64,,
40896,38.0805,,
41835,70.7409,,
41852,45.36,,
41989,24.7086,,
41529,44.1228,,
41382,34.47,,
41538,42.21,,
41388,36.24,,
41221,66.69,,
41846,37.752,,
41249,14.832,,
40803,55.92,,
41865,31.984,,
41142,35.76,,
41596,15.232,,
41149,15.33,,
41064,15.138,,
41681,25.47,,
41366,16.8,,
41808,30.132,,
41225,24.381,,
40903,14.076,,
41416,59.88,,
41508,71.64,,
41086,40.2,,
41442,12,,
41109,48.6,,
41771,51.648,,
41925,35.9,,
41066,84.02,,
41635,19.152,,
41548,14.76,,
40712,15.68,,
41507,26.1,,
40805,71.1,,
41061,45.36,,
41786,27.96,,
41660,101.412,,
41103,24,,
41956,18.3645,,
41688,11.517,,
41213,46.8765,,
41867,38.6925,,
41495,40.74,,
41173,23.52,,
41452,58.752,,
41267,22.704,,
41354,20.736,,
41513,47.97,,
41630,52.59,,
42002,9.876,,
41177,48.06,,
41894,26.784,,
41928,62.58,,
41536,53.408,,
40666,27.18,,
41206,132.44,,
41612,56.5,,
41702,23.8,,
41556,36.8,,
41862,39.4,,
41792,64.38,,
41807,36.72,,
40633,40.008,,
40935,43.2,,
41277,37.71,,
41708,48.87,,
42000,29.382,,
41281,21.78,,
41973,41.04,,
40957,43.56,,
40729,26.235,,
40761,29.04,,
41870,51.624,,
41953,30.525,,
41815,33.804,,
41106,30.276,,
41527,14.624,,
41879,116.28,,
41780,21.5,,
41771,43.92,,
41799,35.168,,
41498,31.17,,
41954,49.23,,
41407,42.15,,
41558,41.52,,
41458,31.56,,
41911,74.448,,
40937,75.18,,
41983,11.844,,
41414,47.01,,
41591,56.7,,
41618,52.59,,
41484,19.056,,
41223,78.264,,
41591,18.28,,
41955,26.28,,
40833,30.816,,
41814,18.16,,
41786,82.24,,
41274,30.08,,
41759,87.08,,
41841,25.72,,
41219,11.52,,
41803,17.412,,
41452,24.72,,
41830,26.94,,
41018,25.4,,
41226,30.3,,
41983,40.88,,
41192,93.84,,
41876,28.98,,
41030,15.48,,
41797,18.93,,
41948,26.811,,
41359,36.3,,
41443,47.232,,
40844,31.266,,
41498,26.76,,
40592,23.64,,
41540,13.02,,
41823,44.79,,
41909,38.3625,,
41038,22.059,,
41750,92.61,,
40899,48.84,,
40864,63.36,,
40812,42.57,,
41638,56.52,,
41814,27.81,,
41843,11.97,,
40910,9.84,,
41590,47.992,,
41747,21.594,,
41268,73.98,,
40848,44.4,,
40639,91.96,,
41349,22.386,,
41888,26.22,,
41997,21,,
41871,56.76,,
41949,47.94,,
41997,43.56,,
40721,50.472,,
41477,80.496,,
40794,51.66,,
41092,40.152,,
41808,49.41,,
41897,85.608,,
40771,90.448,,
41939,38.16,,
41978,41.76,,
41972,46.32,,
41957,34.14,,
41585,37.86,,
41898,25.14,,
41793,47.64,,
41292,50.88,,
41853,67.5,,
41227,17.1,,
41519,44.46,,
41877,12.6,,
40701,31.125,,
40834,46.44,,
41886,27,,
40920,69.255,,
41514,59.97,,
41892,25.92,,
41530,21.816,,
41681,32.13,,
41591,20.49,,
41508,78.822,,
41389,30.12,,
41250,42.68,,
41850,54.28,,
41899,37.8,,
41814,12.44,,
41822,34.2,,
40690,43.56,,
41766,126.42,,
40813,38.64,,
41240,16.17,,
41281,35.76,,
41992,64.44,,
41836,65.37,,
41114,49.77,,
41506,39.69,,
40983,47.04,,
41141,65.394,,
41248,47.574,,
41640,43.29,,
40879,23.31,,
41464,46.4634,,
40932,73.02,,
41443,28.44,,
41961,41.6328,,
40730,42.57,,
41184,57.504,,
40873,11.52,,
40973,60.416,,
40799,14.19,,
41687,28.032,,
40850,77.424,,
41890,29.88,,
41640,19.35,,
41888,39.864,,
41341,32.1,,
41800,96.408,,
41170,22.05,,
41883,94.8,,
41048,11.628,,
41565,41.148,,
41043,12.4,,
41627,21.06,,
41723,14.8,,
41604,16.8,,
42000,24.93,,
41215,26.52,,
41912,30.24,,
41137,13.5786,,
41144,34.848,,
41034,46.7784,,
41363,66.825,,
41992,25.6626,,
41932,23.68,,
40931,29.04,,
41463,23.688,,
41178,124.46,,
41956,44.784,,
41984,95.84,,
40991,31.56,,
41232,31.08,,
41946,11.76,,
41172,61.4,,
40628,18.75,,
41606,25.92,,
40968,41.88,,
41239,8.127,,
41589,61.08,,
41879,52.8,,
40717,19.728,,
41819,30.69,,
41814,39.48,,
41543,15.16,,
41432,39.48,,
40953,29.316,,
41801,43.264,,
41943,27.76,,
40843,39.6,,
41620,49.872,,
41966,40.02,,
41131,83.34,,
41190,37.86,,
41881,37.08,,
41936,35.4,,
41719,35.22,,
40969,45.99,,
41894,59.1,,
41457,12.96,,
41470,36.4,,
41029,31.4,,
41631,55.36,,
41452,12.48,,
41260,16.4,,
41176,33.568,,
41061,37.536,,
40637,16.86,,
41164,14.64,,
41083,21.48,,
41285,15.57,,
41505,37.59,,
41141,26.43,,
41928,28.416,,
41801,30.72,,
40841,17.04,,
40731,16.407,,
41593,32.508,,
40890,32.26,,
40800,47.772,,
41919,155.008,,
41680,27.24,,
41603,24.528,,
41522,15.24,,
41415,35.94,,
41537,108.24,,
40817,22,,
41914,19.16,,
41907,42.45,,
41544,27.36,,
41130,106.65,,
40816,13.32,,
41600,45,,
41886,24.72,,
41619,56.52,,
41497,20.97,,
41494,29.22,,
41315,22.2282,,
41957,21.0516,,
40814,34.38,,
40919,22.68,,
41347,46,,
41407,82.368,,
40872,52.96,,
41771,26.032,,
41223,29.22,,
41520,19.456,,
41869,74.592,,
41956,26.72,,
41900,34.05,,
41639,51.156,,
41067,13.32,,
41859,29.16,,
40900,82.176,,
41884,17.4,,
41831,29.61,,
41576,50.46,,
40708,28.53,,
41858,47.58,,
41022,26.25,,
41762,11.358,,
41501,32.121,,
41708,18.75,,
41221,11.052,,
41463,21.024,,
41524,28.08,,
41376,54.12,,
41058,67.72,,
41514,33.18,,
41155,10.752,,
41430,62.68,,
40865,42.56,,
41145,36.75,,
40805,57.96,,
41508,25.47,,
41090,34.56,,
41423,60.39,,
41296,21.96,,
41934,33.78,,
41577,40.56,,
41977,38.7,,
41184,37.7994,,
41267,12.96,,
40717,20.016,,
41593,9.84,,
41502,13.65,,
41461,26.46,,
41788,30.96,,
40637,27.27,,
41762,16.056,,
40758,27.45,,
41981,29.052,,
41013,72.24,,
40889,41.58,,
41787,42.58,,
41761,28.17,,
41701,11.19,,
41953,31.23,,
41932,39.69,,
41498,49.38,,
40933,68.07,,
41499,80.55,,
41682,47.844,,
41702,75.39,,
41053,15.48,,
40970,28.098,,
41086,20.5746,,
41093,39.312,,
41651,33.516,,
41276,30.66,,
41886,24.448,,
41661,18.72,,
41222,12.24,,
41902,32.4,,
40914,29.6,,
41311,27.93,,
41536,59.472,,
41110,32.67,,
40793,35.76,,
41626,15.96,,
41559,22.64,,
41767,29.6,,
41661,36.72,,
41163,31.456,,
41909,49.104,,
40851,27.5,,
41543,48,,
41834,32.655,,
41468,51.45,,
40813,32.25,,
41125,44.76,,
41821,122.43,,
41433,34.38,,
41434,42.78,,
41493,18.12,,
41534,40.338,,
41674,54.432,,
40830,44.76,,
41722,15.363,,
41578,18.66,,
41947,34.38,,
41204,123.39,,
41443,14.56,,
40555,9.94,,
41496,44.784,,
41955,45.92,,
41918,19.936,,
41460,25.4,,
41965,40.736,,
41523,71.246,,
41543,44.736,,
41522,24.27,,
41593,29.01,,
41780,28.02,,
41894,19.464,,
41499,34.65,,
40779,15.327,,
40927,51.6,,
41269,23.52,,
41967,50.88,,
41451,14.19,,
40616,49.26,,
40682,17.82,,
41381,41.28,,
41332,44.76,,
41759,37.08,,
41119,33.96,,
40739,36.984,,
41603,16.128,,
40824,35.7,,
40651,30.6,,
40588,26.43,,
40781,52.65,,
40994,48.96,,
40801,35.64,,
40872,39.42,,
40900,33.5154,,
40842,347.49,,
41865,53.04,,
40865,62.4,,
41828,67.05,,
41032,60,,
41800,33.72,,
41490,24.72,,
41502,23.652,,
40695,22.2,,
40710,39.552,,
40854,40.712,,
41218,7.218,,
41586,27.39,,
41922,26.22,,
41695,35.85,,
41729,49.23,,
40764,34.8,,
41738,17.757,,
41243,31.62,,
41393,26.67,,
41811,20.01,,
40900,77.42,,
40624,22.24,,
40743,45.36,,
41605,27.3,,
41852,14.752,,
40823,13.056,,
41610,36.144,,
41978,26.19,,
41580,62.16,,
40886,12.66,,
40914,18.09,,
41755,44.22,,
40751,28.08,,
41446,26.88,,
41233,33.39,,
41180,41.16,,
41267,27.168,,
41709,35.91,,
41953,9.64,,
41474,33.8,,
41289,49.536,,
41004,41.988,,
40803,35.34,,
41589,37.3,,
41344,14.9,,
41577,11.744,,
41015,9.14,,
41894,25.542,,
41870,52.92,,
41438,18.954,,
41942,22.08,,
41159,10.08,,
41079,39.144,,
41700,38.52,,
41615,30.96,,
40875,18.36,,
41593,25.47,,
41537,14.28,,
41230,44.08,,
41489,63.696,,
41055,46.9,,
41611,34.38,,
41970,68.6,,
41550,21.684,,
40983,30.15,,
40936,379.38,,
41744,43.515,,
41233,62.4,,
41978,35.04,,
41837,28.02,,
41316,32.5791,,
40876,68.8311,,
41544,73.2,,
41601,51.354,,
41925,20.25,,
41879,27.819,,
40637,18.9,,
41478,32.4,,
41915,19.76,,
41296,26.336,,
41935,31.68,,
41282,30.828,,
41177,26.4,,
41226,93,,
40556,37.5,,
41596,31.68,,
40672,11.628,,
41842,19.17,,
41584,18.564,,
41389,10.41,,
41982,20.72,,
41975,35.56,,
41229,49.28,,
40742,44.736,,
40887,23.36,,
40981,22.98,,
41916,40.32,,
40795,15.876,,
41806,23.84,,
41905,41.54,,
41452,60.096,,
41118,44.28,,
41646,19.02,,
41897,26.82,,
41246,29.64,,
41824,33.75,,
41254,14.58,,
40569,85.59,,
41905,44.28,,
41809,27.1413,,
41760,43.08,,
41615,66.33,,
41813,25.8462,,
41629,34.98,,
41250,30.87,,
41976,12.096,,
40829,25.78,,
41873,37.24,,
41452,13.616,,
40814,96.256,,
41218,25.344,,
41197,17.14,,
41632,37.94,,
41568,25.248,,
41530,83.136,,
41926,11.07,,
41807,48,,
41513,25.05,,
41703,21.168,,
40849,38.466,,
41296,49.77,,
41493,11.46,,
41788,25.47,,
40771,58.11,,
41704,96.84,,
41620,27.63,,
40627,46.72,,
41983,97.8,,
41983,49.02,,
40885,33.024,,
41570,35.84,,
40926,48.72,,
41234,15.2,,
41072,37.008,,
40716,30.24,,
41955,25.2,,
41448,15.957,,
41865,37.74,,
41832,42.1032,,
41881,41.2923,,
41162,27.8631,,
41874,31.644,,
40778,104.679,,
40800,27.216,,
41285,15.552,,
41387,23.952,,
41321,62.958,,
41864,20.736,,
41523,28.44,,
40957,61.06,,
41779,38.016,,
41233,24.192,,
40990,19.56,,
41488,19.312,,
41078,47.64,,
41247,40.2,,
41718,14.52,,
41863,34.98,,
41498,46.32,,
40611,10.98,,
41676,11.196,,
41643,18.72,,
40758,19.404,,
41227,64.008,,
41864,27.504,,
41453,34.2,,
41156,16.56,,
41794,43.128,,
41890,8.84,,
40705,23.968,,
41907,57.3,,
41429,100.68,,
41949,103.26,,
41061,33.93,,
40999,257.85,,
40961,54.75,,
41103,45.54,,
41969,42.84,,
41886,157.464,,
40549,40.7358,,
40906,61.512,,
41106,20.79,,
41699,28.8,,
40902,25.308,,
41936,35.88,,
40661,27.096,,
40987,10.9,,
40841,40.776,,
40875,64.02,,
40780,20.088,,
41263,31.68,,
41458,40.26,,
41162,7.92,,
40765,14.64,,
41398,29.88,,
41135,17.64,,
41038,25.002,,
41935,36.456,,
40906,22.92,,
40868,62.4,,
41813,22.224,,
41246,57.36,,
41887,15.984,,
41850,41.64,,
41839,20.052,,
41918,39.44,,
41156,24.156,,
41114,33.42,,
41632,14.01,,
41369,42.615,,
41600,13.95,,
41953,62.964,,
41451,29.01,,
41341,62.64,,
41094,29.322,,
40653,26.1,,
41498,28.8,,
41668,31.59,,
41844,96.96,,
41214,30.48,,
41542,27.96,,
41825,36.936,,
41598,36.288,,
41905,8.904,,
41188,76.32,,
41401,67.95,,
41369,33.96,,
40726,31.968,,
41058,32.4,,
41395,22.608,,
41950,13.9,,
40913,61.584,,
41969,34.08,,
41901,24.99,,
41554,68.748,,
41887,24.96,,
41228,58.74,,
40761,18.93,,
41719,81.84,,
40815,51.372,,
41829,18.648,,
41473,16.65,,
40809,12.432,,
41169,24.54,,
41984,49.92,,
41708,38.4,,
41121,163.62,,
41587,43.536,,
40835,36.4,,
40697,35.532,,
41409,30.96,,
41729,80.52,,
41466,47.1,,
41888,18.45,,
41775,21.573,,
40963,94.68,,
41612,43.47,,
41878,48.672,,
41155,31.95,,
41500,37.011,,
40887,13.536,,
41977,136.99,,
41843,29.97,,
40672,20.65,,
41778,17.24,,
40616,33.088,,
41893,14.88,,
40917,42.76,,
41326,34.86,,
41438,64.384,,
41545,22.224,,
41052,19.704,,
41499,17.85,,
41780,19.776,,
40707,16.08,,
41808,24.51,,
40694,46.92,,
41968,65.28,,
41361,68.112,,
41590,17.592,,
41404,100.68,,
41183,44.58,,
41418,14.56,,
41745,26.8,,
41339,19.296,,
40856,30.528,,
41933,43.98,,
41451,28.64,,
40582,50.26,,
41727,33.72,,
41506,52.02,,
41800,27.27,,
41919,66.33,,
41281,38.718,,
40878,29.61,,
41718,41.55,,
41522,49.5,,
41921,28.182,,
40570,39.96,,
40564,23.34,,
41697,23.12,,
41186,20.736,,
41563,41.72,,
41144,12.032,,
41178,34.44,,
41684,25.02,,
41774,47.952,,
41067,18.312,,
40812,29.88,,
40849,32.19,,
40724,38.808,,
41079,29.55,,
41154,30.3,,
41368,32.796,,
41837,11.43,,
41437,26.52,,
40702,21.08,,
41974,31.32,,
41148,19.2,,
40850,37.92,,
40942,73.536,,
41526,94.42,,
41940,10.16,,
41191,71.64,,
40793,37.2,,
40690,23.6,,
41087,18.432,,
41919,41.2,,
41978,29.916,,
42003,44.64,,
41183,66.6,,
40709,14.88,,
40995,116.04,,
41542,52.62,,
41078,35.73,,
40630,39.12,,
41390,19.71,,
40669,40.86,,
41229,54.216,,
41507,57.7647,,
41996,15.8046,,
41998,15.228,,
41479,23.696,,
41955,10.44,,
41214,7.88,,
40807,38.52,,
41207,60.45,,
41513,33,,
41255,15.52,,
41233,22.14,,
41941,47.952,,
41569,35.88,,
41631,25.584,,
40826,18.264,,
40553,11.37,,
41498,65.7,,
41606,29.4,,
41327,28.02,,
41599,73.16,,
41942,33.6,,
41628,7.896,,
40865,18.24,,
41858,40.152,,
40759,14.8,,
41071,112.92,,
41453,31.92,,
41450,23.928,,
41584,35.64,,
41822,50.76,,
41845,26.28,,
41344,99.87984,,
41530,13.296,,
41094,14.86,,
41808,32,,
41559,17.82,,
41223,80.43,,
41185,40.14,,
40716,13.62,,
40776,29.52,,
41661,38.16,,
41427,15.12,,
41909,52.8825,,
41865,16.5,,
41837,20.7825,,
41493,38.3985,,
41633,78.084,,
41159,14.04,,
40614,43.95,,
41563,24.84,,
40701,16.6632,,
41569,31.32,,
41360,33.06,,
41268,27.36,,
41446,45,,
41390,20.724,,
40869,16.23,,
41807,16.68,,
41950,28.272,,
41473,21.93,,
41184,90,,
40624,16.28,,
41592,30.36,,
41520,29.24,,
41702,47.58,,
41694,30.21,,
41850,24,,
40995,123.3,,
41170,35.76,,
41135,19.488,,
41328,20.49,,
41794,19.44,,
41607,25.05,,
41663,48.09,,
41505,37.88,,
41964,40.8,,
41243,78.32,,
41572,35.712,,
41184,30.02,,
41163,38.992,,
40802,12.924,,
41521,36.936,,
40554,40.35,,
41430,18.09,,
41122,18.12,,
41877,27.33,,
41104,40.98,,
41996,45.99,,
41655,53.568,,
41670,21.1311,,
42000,21.9,,
41428,62.1,,
41033,15.066,,
41828,20.34,,
41738,49.0032,,
41456,40.2,,
41933,665.408,,
41975,31.152,,
40564,38.6,,
40875,17.248,,
41935,36.44,,
41254,27.696,,
41166,25.9,,
41060,10.272,,
41983,15.14,,
41800,49.12,,
41533,26.4,,
41239,26.352,,
40820,30.3,,
40865,15.723,,
41801,30.096,,
41066,30.69,,
40907,25.2,,
41977,37.008,,
41920,8.58,,
41997,59.892,,
41071,33,,
41430,62.5,,
41943,36.76,,
40805,43.728,,
41979,28.26,,
41955,115.065,,
41505,23.205,,
41265,29.01,,
40967,29.04,,
41789,44.64,,
41606,18.99,,
41492,14.4,,
41640,51.45,,
41131,109.92,,
41786,20.25,,
41579,23.6385,,
41802,45.99,,
42003,43.6995,,
41731,22.8,,
41190,25.8534,,
41652,40.08,,
41688,29.16,,
41032,23.696,,
41627,112.776,,
41550,32.48,,
41527,36.72,,
41170,11.07,,
41785,11.94,,
41401,49.05,,
41106,34.524,,
41635,17.58,,
41869,23.04,,
41327,75.96,,
41796,38.16,,
40812,43.524,,
41209,43.368,,
41619,33.18,,
41797,28.64,,
41116,43.56,,
41498,20.232,,
41930,107.016,,
41202,45.12,,
41137,40.932,,
41587,41.85,,
41295,45.885,,
41919,31.164,,
41164,30.15,,
41888,40.02,,
41283,18.99,,
40956,23.868,,
41978,57.69,,
41745,65.2905,,
40830,22.74,,
41632,52.5654,,
41792,44.7204,,
41684,28.0953,,
41722,31.164,,
41801,12.636,,
41185,47.984,,
41992,38.82,,
40579,82.896,,
41417,26.88,,
41915,9.656,,
40809,18.464,,
41705,63.488,,
40747,45,,
41866,55.776,,
41807,38.367,,
41862,8.37,,
41254,50.4,,
40953,44.34,,
41792,16.8,,
40970,21.84,,
41894,695.16,,
40907,24.45,,
40952,32.04,,
40758,28.98,,
41246,65.12,,
41446,24.48,,
40981,96.88,,
41656,79.08,,
41799,61.2,,
41173,45.09,,
41124,39.54,,
41068,52.2,,
41891,52.8,,
41555,11.61,,
41226,53.64,,
41956,32.28,,
40595,35.964,,
41830,15.15,,
41764,48.06,,
41969,47.25,,
41190,29.1924,,
41716,46.53,,
41420,24.96,,
40666,40.176,,
41159,27.414,,
41365,31.984,,
40859,36.288,,
41762,34.4,,
41361,39.92,,
41438,29.91,,
41723,43.92,,
41398,42.24,,
40647,31.44,,
41305,17.88,,
41535,57.72,,
41111,59.535,,
41226,54.21,,
41876,82.14,,
41421,44.16,,
41597,20.052,,
41928,13.32,,
41222,22.64,,
41942,22.16,,
41537,23.88,,
41478,33.3,,
41376,28.38,,
41795,35.664,,
41058,25.32,,
40561,25.545,,
41673,21.96,,
41862,27.81,,
41966,24.72,,
41443,48.06,,
41158,16.02,,
41977,23.82,,
41647,49.92,,
41232,26.46,,
41934,38.55,,
41947,61.2468,,
41029,33.96,,
40638,46.089,,
40800,13,,
41984,65.568,,
41003,5.84,,
41803,17.088,,
41757,12.39,,
41753,77.952,,
41940,44.784,,
41499,50.52,,
41447,25.296,,
41933,49.47,,
41716,27.09,,
41222,102.48,,
41541,30.78,,
41061,31.62,,
41604,24.828,,
41971,37.65,,
41158,48,,
40919,18.312,,
41703,30.3,,
41801,36.54,,
41340,46.344,,
40591,28.52,,
41540,36.54,,
41628,121.58,,
41060,44.13,,
41076,24,,
41432,24.15,,
41052,49.83,,
41081,49.221,,
41363,54,,
41230,26.5848,,
40627,37.668,,
41921,47.583,,
40872,55.7136,,
41417,69.255,,
41949,33.18,,
41500,17.34,,
41877,25.696,,
41094,22.848,,
41999,31.744,,
41478,37.68,,
41965,29.4,,
40863,25.8,,
41584,30.93,,
41499,22.89,,
41695,31.56,,
41941,56.34,,
40960,34.56,,
41563,26.112,,
40890,55.104,,
40995,63.48,,
40787,60.54,,
41741,24.45,,
41963,102.54,,
41976,28.56,,
41753,28.53,,
41999,23.676,,
41260,37.62,,
41744,58.23,,
41732,61.884,,
40809,48.168,,
40861,41.25,,
41886,23.652,,
41345,30.348,,
41057,56.6475,,
40695,25.92,,
40847,19.296,,
40997,9.87,,
40997,19.92,,
41666,18.16,,
40907,27.968,,
41304,26.01,,
41282,108.784,,
41824,24,,
41598,44.75,,
41528,39.624,,
41788,13.872,,
41811,32.4,,
41097,26.4,,
41075,46.524,,
40661,41.58,,
40787,24,,
41165,17.73,,
41328,57.42,,
41997,46.176,,
41620,29.07,,
41716,37.9,,
41970,45.408,,
41858,46.9,,
41157,29.1,,
41601,53.4,,
41246,20,,
41194,46.332,,
41817,1107.2,,
41051,51.8,,
40841,18.24,,
41716,24.24,,
41449,42.1,,
41150,13.752,,
41079,22.416,,
41127,38.16,,
41966,37.35,,
41438,34.11,,
40935,17.88,,
40936,26.67,,
41540,47.61,,
41051,24.057,,
40861,33.75,,
41239,59.7,,
40754,21.6,,
41444,126,,
41517,37.011,,
41047,37.62,,
40949,41.715,,
41809,30.24,,
41607,26.811,,
41163,25.14,,
41854,14.112,,
40757,34.02,,
40906,21.12,,
41953,47.12,,
41726,17.64,,
41767,33.648,,
41763,12.18,,
40885,14.208,,
41865,28.56,,
40941,11.52,,
41804,20.37,,
41993,17.1,,
41299,410.616,,
41989,39.492,,
41306,24.72,,
41709,501.248,,
41600,22.38,,
41128,30.9,,
41631,33.42,,
41599,44.784,,
40697,27.66,,
41582,36.036,,
40850,15.96,,
41127,65.16,,
41080,21.06,,
41237,73.5,,
41292,37.875,,
40957,30.375,,
41982,23.73,,
40661,15.51,,
41788,37.86,,
41499,40.248,,
40801,26.82,,
41778,29.052,,
40849,28.08,,
41296,26.82,,
41926,37.32,,
41985,52.56,,
40729,36.9234,,
41418,417.06,,
41342,102.36,,
40667,46.8,,
41131,41.4,,
41191,23.92,,
41996,37.32,,
41756,39.28,,
41635,11.328,,
41912,23.34,,
41603,40.752,,
41438,67.536,,
41533,35.4,,
41327,44.94,,
40676,53.1,,
41520,49.32,,
41946,17.85,,
40827,19.23,,
41697,30.36,,
41656,10.416,,
41818,17.622,,
41141,24.72,,
41967,24.45,,
41801,40.83,,
41715,34.08,,
40646,19.36,,
41194,32.832,,
41827,51.168,,
41942,30.92,,
41379,21.312,,
41436,17.46,,
41705,31.88,,
41444,11.92,,
41145,86.76,,
41511,28.38,,
41986,20.64,,
40674,18.66,,
41579,87.84,,
41520,18.93,,
41071,46.83,,
40771,32.04,,
40760,35.7,,
41834,21.285,,
41080,34.38,,
41037,38.28,,
41988,15.84,,
42003,27.945,,
41030,11.13,,
41876,44.064,,
41847,41.6421,,
41974,54.351,,
40605,25.32,,
41885,26.432,,
41463,60.288,,
41920,18.936,,
40871,35.168,,
41903,72.64,,
41933,14.352,,
41979,9.296,,
40561,14.19,,
41601,52.53,,
41969,29.91,,
41218,18.36,,
41788,19.314,,
41978,18.75,,
41050,120,,
41613,37.32,,
41954,31.68,,
41606,69.84,,
41235,14.48,,
41575,20.232,,
41555,9.32,,
41477,98.22,,
41200,16.32,,
41249,83.97,,
41997,33.912,,
40897,18.93,,
41318,29.91,,
41778,31.92,,
41498,13.56,,
40667,30.96,,
41135,20.925,,
41579,32.7186,,
41886,20.52,,
40876,10.29,,
41310,73.2,,
41968,27.1572,,
41051,42.57,,
41052,28.0794,,
41577,40.74,,
41400,14.352,,
41956,77.952,,
40672,45.36,,
41270,53.352,,
41815,54.21,,
41377,31.068,,
41229,46.5,,
40696,48.366,,
40688,81.69,,
41505,79.368,,
40752,56.28,,
41730,8.184,,
40892,56.64,,
41754,29.808,,
41660,39,,
41894,227.82,,
41216,14.8,,
41712,28.188,,
41953,46.08,,
41242,58.212,,
41880,36.096,,
40899,54.72,,
41478,30.384,,
41271,35.184,,
41029,44.6,,
41765,38.016,,
41094,23.82,,
41186,76.2,,
41530,20.574,,
41268,13.446,,
41967,26.2944,,
40716,23.1,,
41437,48.9,,
41236,64.11,,
41974,45.837,,
40794,42.7074,,
40694,31.59,,
41865,75.87,,
41234,14.472,,
41562,27.36,,
41130,41.96,,
41414,35.92,,
41155,17.9,,
40987,14.62,,
40807,19.35,,
41417,14.73,,
41941,24,,
41698,32.13,,
40940,33.12,,
41970,13.158,,
41977,41.73,,
41191,11.688,,
41412,9.76,,
41270,37.86,,
41157,16.72,,
41619,19.2,,
41691,59.58,,
41831,29.88,,
40975,27.27,,
41895,386.64,,
41412,34.29,,
41789,59.22,,
41813,29.25,,
41303,36.75,,
41368,19.98,,
41958,49.77,,
41354,30.06,,
41246,28.971,,
41898,73.26,,
41436,53.52,,
41870,17.64,,
40549,38.7693,,
41501,23.166,,
41036,29.268,,
41937,47.58,,
41709,13.23,,
41270,23.436,,
41100,18.9,,
41912,58.17,,
41069,20.16,,
41943,38.88,,
41956,16.056,,
40688,29.32,,
40795,26.2,,
40715,24.896,,
40861,20.736,,
40638,22.96,,
41983,33.72,,
40803,30.28,,
40900,53.316,,
41481,10.44,,
41243,25.92,,
41590,31.504,,
41642,31.744,,
40799,7.3,,
40673,39.96,,
40853,43.68,,
41946,33.6,,
40775,16.8,,
41197,53.16,,
41803,21.6,,
40917,40.476,,
41532,17.01,,
41083,38.664,,
41904,17.49,,
41808,33,,
41228,28.98,,
41138,20.49,,
40953,21.582,,
41017,32.48,,
41955,17.2,,
41918,26.52,,
41995,9.04,,
41430,56,,
41403,27.776,,
41134,26.4,,
40834,65.48,,
41344,29.7,,
41757,46.41,,
41242,29.07,,
41289,56.25,,
41488,45.846,,
40660,30.87,,
40778,47.64,,
41579,77.436,,
41851,36,,
40625,29.079,,
41135,52.32,,
41559,40.26,,
40906,26.1,,
41778,26.82,,
41737,29.7,,
41033,32.76,,
40784,29.808,,
41965,27.42,,
41956,30.56,,
41610,16.74,,
41968,16.38,,
41257,29.22,,
41425,49.76,,
41412,30.528,,
41907,15.75,,
41314,31.86,,
41630,27.3,,
41085,43.92,,
41008,44.451,,
41530,16.98,,
40813,38.529,,
41747,27.78,,
41726,17.88,,
41716,16.11,,
41541,21.864,,
41263,36.4,,
41887,82.86,,
41796,21.84,,
41701,28.08,,
41955,32.96,,
41171,28.44,,
41760,15.96,,
40910,61.32,,
41992,20.28,,
41748,116.76,,
41612,40.77,,
41558,36.72,,
41943,12.36,,
40645,21.06,,
41972,72.6,,
40925,21.78,,
41807,36.855,,
41844,31.644,,
41926,24.84,,
41950,26.38,,
40901,23.99,,
41044,17.94,,
41570,6.68,,
41243,17.088,,
41447,24.36,,
41064,28.98,,
40880,29.85,,
40865,17.01,,
41649,24.99,,
41509,10.656,,
41228,32.4,,
41089,22.98,,
41537,43.52,,
41936,31.98,,
40948,48.5,,
40823,22.92,,
41884,37.44,,
40715,31.59,,
41522,46.44,,
41009,26.82,,
40850,53.775,,
41533,23.85,,
41487,32.58,,
41423,40.6368,,
41191,27,,
41477,19.764,,
41017,44.793,,
41190,42.2802,,
40919,16.812,,
41427,31.104,,
40871,25.92,,
41589,38.976,,
41894,32.36,,
41915,11.808,,
41873,33.18,,
41260,26.4,,
41592,51.6,,
41444,22.74,,
41989,32.13,,
40766,28.8,,
40962,51.84,,
40793,51.63,,
41059,16.758,,
41881,23.52,,
41965,39.576,,
41227,33.9,,
41456,53.34,,
41554,17.072,,
41194,32.04,,
41730,16.016,,
41739,56.12,,
40814,11.82,,
41584,29.24,,
41449,13.392,,
41803,53.55,,
41158,30.168,,
41638,46.44,,
41235,66.42,,
40850,25.191,,
41677,60.96,,
41026,43.08,,
41291,36.828,,
41393,30.105,,
41723,42.36,,
41591,29.7,,
40595,29.664,,
41317,38.07,,
41058,19.74,,
41685,41.07,,
41764,36.96,,
41780,47.52,,
41816,32.616,,
41683,11.61,,
41373,34.4,,
41351,39.68,,
41760,23.68,,
41824,32.896,,
41917,19.98,,
41078,20.736,,
40590,21.36,,
41835,18.84,,
41851,89.95,,
41412,22.608,,
41426,32.064,,
41669,14.91,,
41800,9.876,,
40807,55.14,,
40758,48.66,,
40807,20.88,,
40771,26.22,,
41906,114.24,,
41894,15.84,,
41135,44.13,,
41505,35.34,,
41328,20.49,,
41974,21.816,,
41023,38.064,,
41570,21.6,,
41431,61.28,,
41205,37.86,,
41897,24.96,,
41550,24,,
41186,26.46,,
41629,43.48,,
41267,33.96,,
40722,44.037,,
41169,162.54,,
41925,13.65,,
41478,12.48,,
41648,26.58,,
41516,32.4,,
41246,33.75,,
40712,28.89,,
41822,26.712,,
41561,156.168,,
41583,20.16,,
41340,47.1,,
41949,16.164,,
41589,32.4,,
41807,19.44,,
40668,24.56,,
41205,10.688,,
41230,40.92,,
40991,27.92,,
41955,18.24,,
40994,16.776,,
41229,34.504,,
41908,42.96,,
41173,16.11,,
41309,31.95,,
40707,39.39,,
41795,25.35,,
40669,18.96,,
41603,23.97,,
41682,20.16,,
41962,54.21,,
41849,26.37,,
41808,59.19,,
41789,22.788,,
41928,20.184,,
41222,17.85,,
41572,21.48,,
41799,21.3,,
40780,31.62,,
41900,33.48,,
41542,35.104,,
41667,13.14,,
41438,28.86,,
41549,18.18,,
41948,30.3,,
41094,30.68,,
41500,13.44,,
41527,15.648,,
41901,31.92,,
41309,50.472,,
41527,11.472,,
41887,48.9,,
41824,67.84,,
41864,42.039,,
41115,37.35,,
41645,32.85,,
41967,27.09,,
40990,19.224,,
41984,31.0527,,
41023,14.5008,,
41779,46.08,,
41059,30.51,,
41694,13.095,,
41989,31.56,,
41926,18.176,,
41191,30.84,,
40835,13.44,,
41401,54.712,,
40908,49.568,,
41247,36.4,,
41635,53.97,,
40893,36.288,,
40957,35.544,,
41508,28.048,,
41982,22.424,,
41964,50.97,,
41971,34.98,,
41634,25.038,,
41031,6.33,,
41040,16.26,,
40767,13.29,,
41425,48.51,,
41764,12.048,,
41731,31.95,,
41325,49.836,,
40756,24,,
41216,13.62,,
41341,33.92,,
41281,29.916,,
41823,43.5,,
41452,28.48,,
41620,20.34,,
41898,19.68,,
41859,1809.78,,
41942,45.78,,
41544,12.51,,
41122,144.48,,
41173,39.795,,
41136,132.192,,
41047,34.74,,
41188,79.2,,
41519,23.49,,
41718,12.24,,
41650,14.355,,
41226,24.48,,
41815,27.216,,
41418,37.05,,
41563,43.26,,
41773,20.768,,
41800,14.004,,
40889,37.86,,
40981,23.16,,
40591,8.181,,
41111,57.384,,
41964,11.24,,
40741,36.3,,
41710,75.216,,
41710,16.98,,
41520,38.08,,
41890,36.576,,
41628,11.064,,
41356,15.24,,
41813,20.82,,
41897,36.96,,
41731,28.908,,
41534,35.1,,
40667,25.92,,
41437,93,,
41932,66.69,,
41983,88.47,,
41507,42.039,,
41079,24.21,,
41565,41.85,,
41967,94.77,,
40829,15.984,,
41317,36.96,,
41402,52.5,,
40875,22.2,,
40674,66.112,,
40620,30.768,,
40879,39.96,,
41072,29.9,,
40847,14.76,,
40973,31.92,,
40599,32.896,,
40879,15.66,,
40787,23.744,,
41386,51.84,,
41226,29.96,,
41046,31.5,,
41613,39.6,,
40772,21.384,,
41520,37.74,,
41313,35.28,,
41947,15.54,,
41519,38.04,,
40779,54.69,,
41656,23.532,,
40925,39.186,,
41535,32.04,,
41607,35.97,,
41834,91,,
41893,45.5,,
41008,22.24,,
41765,17.96,,
41507,39.48,,
41515,23.64,,
41633,25.2,,
41632,59.4,,
40943,53.838,,
41816,29.01,,
41865,26.94,,
41712,25.44,,
41390,11.91,,
42002,44.7426,,
41624,54.5748,,
41031,30.4776,,
41052,31.4025,,
41908,23.49,,
41600,23.94,,
41206,49.248,,
41599,14.62,,
40959,29.99,,
41919,37.94,,
41873,17.12,,
41627,15.936,,
41940,56.784,,
40565,77.472,,
41974,47.34,,
41941,47.97,,
41758,33.912,,
40711,29.61,,
40573,18.18,,
40905,42.78,,
41772,25.14,,
41489,19.14,,
40991,22.347,,
40785,11.4,,
41543,31.08,,
41270,29.04,,
41587,19.56,,
41800,27.24,,
41599,57.68,,
41796,66.732,,
41316,28.92,,
41274,8.96,,
41127,48.93,,
41895,50.67,,
41991,14.01,,
40983,21.54,,
40894,53.622,,
40590,39.87,,
40816,37.887,,
41444,26.649,,
41634,67.878,,
41528,36,,
40763,27.96,,
41530,15.136,,
41598,64.96,,
41956,23.12,,
41541,13.68,,
41599,39,,
41992,12.672,,
40904,37.056,,
41848,23.88,,
41682,20.7,,
41879,14.336,,
41654,18.76,,
41442,11.25,,
40729,48.96,,
40779,43.416,,
41983,12.69,,
40905,95.1,,
41522,43.56,,
41435,20.088,,
41956,16.98,,
41846,24.12,,
41885,48.69,,
41170,31.17,,
41082,31.62,,
40784,31.95,,
41263,25.38,,
41918,86.96,,
41035,28.256,,
41671,21.672,,
41221,16.34,,
41858,31.8,,
41058,5724.54,,
41816,43.146,,
41510,48.63,,
41787,39.54,,
40995,41.7,,
40675,52.5,,
41493,15.282,,
40595,29.088,,
40583,47.88,,
41732,22.575,,
41876,24.192,,
41747,173.6451,,
41124,39.285,,
40884,15.9,,
41937,48.276,,
41575,31.05,,
41615,42.21,,
41907,32.88,,
40883,50.46,,
41433,21.1788,,
41076,39.132,,
41594,22.14,,
41374,35.352,,
41768,47.992,,
41033,22.288,,
40760,46.23,,
41606,25.2,,
41502,36.552,,
40658,20.28,,
41393,14.1,,
41993,41.28,,
40806,16.65,,
41820,59.64,,
41767,19.2,,
40954,21.39,,
41530,48.42,,
41700,18.84,,
42004,15,,
42002,39.456,,
41732,32.64,,
41863,15.2,,
40799,29.04,,
41053,38.46,,
41030,25.08,,
41254,21.4,,
41790,11.52,,
40887,28.16,,
41937,34.14,,
41731,40.02,,
41595,40.248,,
41515,23.424,,
41600,25.344,,
40640,23.98,,
41458,87.84,,
40721,41.28,,
41438,30.24,,
41856,21.6,,
41821,17.46,,
41590,42.714,,
41096,16.3134,,
41604,97.74,,
41076,114.66,,
41598,26.7438,,
41883,27.258,,
41772,19.635,,
42003,8.5407,,
41739,15.12,,
40707,14.52,,
41017,21.93,,
41524,41.92,,
41740,12.32,,
41996,25.92,,
41233,17.44,,
40896,22.55,,
41463,45.98,,
40938,8.955,,
41816,59.82,,
40780,31.95,,
41579,9.33,,
41660,28.5,,
41106,33.9,,
41630,17.97,,
41835,18.54,,
41605,23.64,,
41563,12.9,,
41430,4.044,,
40882,17.472,,
41017,15.552,,
41226,87.22,,
41971,28.728,,
41209,37.62,,
41576,10.8,,
41778,65.448,,
41890,11,,
41554,58.68,,
41425,59.328,,
41221,42.024,,
41669,25.36,,
41601,27.36,,
41990,47.1,,
41011,25.596,,
41971,29.76,,
40766,27.36,,
41025,11.04,,
41401,30.888,,
40780,47.25,,
41891,51.96,,
40807,25.2,,
41733,41.04,,
41617,43.38,,
41354,11.992,,
41353,20.32,,
41726,17.76,,
40705,17.1,,
41354,25.29,,
40977,23.73,,
41453,38.112,,
41249,30.564,,
41747,44.43,,
40959,45.72,,
41828,38.76,,
41186,24,,
41268,5.796,,
41356,92.4,,
41270,24.936,,
41976,14.958,,
41857,40.98,,
41271,78.996,,
40630,29.72,,
41816,30.64,,
41132,45.52,,
41885,18.16,,
41156,12.24,,
41260,34.722,,
41263,26.88,,
41150,43.41,,
41617,31.08,,
41436,60.57,,
41836,29.88,,
41631,125.25,,
41955,115.2,,
41332,35.478,,
41442,35.0343,,
41924,30.942,,
40827,21.7035,,
41289,21.573,,
41809,13.47,,
40806,59.94,,
40872,54.918,,
41837,25.14,,
41542,45.42,,
41508,45.657,,
41871,32.4,,
41936,25.4718,,
41733,26.22,,
41963,13.36,,
41602,14.368,,
41746,32.544,,
41822,25.92,,
40966,4.419,,
41718,27.496,,
40898,18.24,,
41024,21.34,,
40835,18.75,,
41244,19.44,,
41771,21.312,,
41618,28.38,,
41067,33.66,,
41254,37.056,,
41022,14.34,,
41698,27.3,,
41229,27.36,,
41281,22.224,,
41786,17.7,,
40746,30.222,,
41012,38.46,,
41582,16.08,,
41122,43.56,,
41969,46.2,,
40658,39.15,,
40766,48.096,,
41088,39.15,,
41275,64.26,,
41066,19.062,,
41141,15.903,,
41517,35.4888,,
41005,48.09,,
41666,28.2864,,
40954,20.2248,,
41879,41.25,,
41922,18.768,,
40722,31.086,,
41906,29.328,,
41925,79.872,,
40807,15.56,,
40980,30.88,,
41373,24.7,,
41970,58.73,,
40621,11.808,,
40736,22.288,,
41419,16.656,,
40862,10.95,,
41954,27.93,,
41610,63.36,,
41145,16.26,,
40845,50.022,,
41221,29.58,,
41528,62.61,,
40708,15.33,,
41738,19.593,,
41366,27.27,,
41883,27.6,,
41152,26.7,,
41774,89.064,,
41828,57.39,,
40851,20.96,,
41597,24.6,,
41536,20.16,,
41051,20.72,,
41547,10.56,,
41387,35.32,,
41971,24.32,,
41005,31.59,,
41885,43.659,,
41451,18.99,,
41880,17.73,,
41129,48.06,,
41957,39.57,,
41500,17.04,,
40869,25.065,,
41142,34.8,,
41977,22.62,,
41303,46.08,,
41621,45.4425,,
41358,21.6081,,
41575,29.07,,
41720,25.6221,,
41590,39.6,,
41793,27.44,,
41893,24.18,,
40683,20.784,,
41638,25.344,,
41222,10.74,,
41518,13.23,,
41180,8.4,,
41961,14.448,,
41628,20.16,,
41888,26.04,,
41107,26.568,,
40936,22.29,,
41314,19.152,,
40901,72.48,,
41197,21.34,,
41044,19.008,,
41744,28.96,,
41468,39.072,,
41450,22.48,,
41954,28,,
41587,49.296,,
41750,28.566,,
41500,24.72,,
40779,51.03,,
40829,26.7,,
41827,22.923,,
40716,31.23,,
41942,44.94,,
41890,28.998,,
41968,25.815,,
41615,39.06,,
41887,13.14,,
40863,26.865,,
41051,20.34,,
41660,33.24,,
41683,35.748,,
40747,297.9036,,
41028,16.56,,
41214,36.126,,
41516,36.882,,
41373,12.96,,
41601,20.82,,
41235,14.94,,
41535,33.4,,
41106,11.52,,
40873,12.912,,
40639,55.48,,
41152,20.96,,
41741,20.992,,
41505,9.552,,
41792,17.38,,
40823,25.35,,
40987,31.95,,
40717,14.4,,
41815,14.7,,
41975,18.72,,
41884,12.36,,
41815,23.64,,
41799,17.61,,
40914,14.376,,
41432,44.64,,
41199,35.648,,
41319,54.432,,
41003,7.416,,
40833,18.06,,
41152,30.016,,
41978,36.08,,
40645,32.508,,
40942,24.6,,
42004,22.26,,
41597,27.66,,
41549,20.1,,
40884,53.06,,
40801,30.32,,
41934,31.14,,
41793,22.704,,
40875,16.83,,
41942,38.43,,
41807,117.6,,
41461,31.92,,
41661,26.1,,
40795,45,,
41633,85.59,,
41614,33.96,,
41621,35.7189,,
41386,30.3,,
40701,12.462,,
41906,6.88,,
40581,15,,
41005,25.488,,
41990,33.376,,
40953,14.952,,
41982,87.92,,
40815,18.9,,
41393,30.344,,
41670,31.68,,
41715,19.68,,
41247,30.84,,
40573,41.85,,
40911,28.23,,
41885,52.62,,
41403,17.34,,
41641,25.35,,
41746,28.56,,
40966,15.138,,
40881,25.83,,
41773,41.4,,
41801,27.06,,
41799,26.136,,
40798,61.02,,
41479,47.12,,
41597,25.32,,
40718,91.128,,
41279,101.376,,
41606,25.376,,
41198,37.28,,
41817,23.616,,
41972,25.408,,
41914,18.64,,
41715,32.112,,
41575,50.24,,
40856,33,,
41600,8.856,,
41562,45.48,,
40721,16.5,,
41748,24.48,,
41779,29.97,,
40885,59.1,,
41648,22.473,,
41033,19.845,,
41156,33.372,,
41316,15.585,,
40578,13.272,,
41227,37.6,,
41866,16.68,,
41382,29.05,,
40847,49.25,,
41828,13.392,,
41892,31.104,,
41888,15.552,,
41919,19.152,,
41061,38.112,,
41505,16.86,,
41605,14.01,,
41884,49.332,,
40852,60.6,,
40889,25.14,,
41962,45.408,,
42003,165.864,,
41543,13.29,,
41988,25.776,,
41432,25.62,,
41562,65.92,,
40906,17.84,,
41885,28.48,,
41246,37.04,,
41185,17.832,,
41841,25.392,,
41635,13.656,,
41540,41.34,,
41185,77.22,,
41293,14.67,,
41411,42.84,,
41124,26.04,,
41898,26.85,,
41372,25.11,,
41288,7.62,,
41818,23.22,,
41963,61.236,,
40632,29.9556,,
41631,25.08,,
41564,16.038,,
41156,29.565,,
41828,22.98,,
41817,29.9238,,
41947,16.596,,
41576,32.4,,
40996,33.4,,
41841,43,,
41880,35.168,,
41963,16.74,,
41963,191.058,,
40889,23.472,,
40697,15.28,,
41540,16.52,,
41177,20.04,,
41915,19.92,,
41722,21.501,,
40675,29.052,,
41179,26.88,,
41694,33.36,,
41263,20.832,,
41551,17.88,,
41772,29.55,,
41759,31.968,,
41941,158.184,,
41165,41.58,,
40890,30.3,,
41961,23.46,,
41152,27,,
40878,38.68,,
40604,35.52,,
40750,15.872,,
41542,33.72,,
41079,36.28,,
41998,52.74,,
40661,49.8,,
41236,26.604,,
40893,27.72,,
41382,26.604,,
41964,38.736,,
41471,16.72,,
41237,22.62,,
41169,12.24,,
41953,18.54,,
41317,122.85,,
41142,41.85,,
41491,18.66,,
40584,19.14,,
41867,33.45,,
40645,24,,
41767,36.66,,
41649,30.6711,,
41395,27.36,,
41352,18.8244,,
41873,116.5152,,
41787,42.207,,
41753,44.874,,
40703,23.1,,
41775,29.592,,
41912,27.968,,
41932,31.5,,
40685,44.95,,
41076,27.216,,
41519,26.4,,
41116,10.368,,
41154,27.27,,
41585,45.03,,
40717,7.2,,
41820,10.74,,
41986,42.489,,
40603,11.76,,
40792,49.02,,
41009,9.204,,
40715,55.92,,
41368,14.274,,
40693,13.83,,
41876,48.42,,
41065,56.46,,
41604,64.28,,
40673,37.62,,
41278,30.24,,
40977,15.824,,
41132,22.512,,
41996,28.64,,
41880,92.4,,
40712,70.08,,
41638,24.768,,
41170,21.52,,
41242,25.92,,
41565,9.72,,
41985,29.01,,
41142,29.79,,
40827,44.46,,
41757,18.27,,
41961,67.5,,
41736,30.03,,
41446,45.056,,
41527,55.36,,
41261,20.32,,
41473,24.75,,
41050,24.588,,
41032,8.82,,
41078,34.6,,
41887,30.384,,
41829,28.91,,
41092,9.392,,
41248,12.224,,
40905,51.15,,
41505,15.12,,
41986,16.368,,
41909,37.017,,
41447,19.584,,
41674,49.92,,
41051,26.7,,
41236,34.08,,
41768,12.492,,
40806,31.428,,
41860,11.52,,
41799,26.86,,
40772,21.888,,
41856,41.36,,
41798,16.08,,
41353,26.22,,
41430,35.36,,
41759,49.38,,
41899,138.672,,
41425,46.17,,
41050,15.24,,
40794,22.14,,
40861,79.29,,
41576,42.57,,
41085,39.15,,
41901,23.598,,
41248,88.65,,
41488,45.45,,
41037,43.2,,
41604,31.14,,
41257,32.25,,
41904,23.922,,
41490,58.0668,,
41246,46.5552,,
41780,30.213,,
41027,23.832,,
41870,37.91,,
41185,32.07,,
41413,17.94,,
41892,56.45,,
41709,53.982,,
41911,54.384,,
41222,13.98,,
40736,23.84,,
41779,26.16,,
40645,32.4,,
41905,27.09,,
41768,29.55,,
41080,13.5,,
41990,25.812,,
41990,22.032,,
41610,11.55,,
41767,13.02,,
41085,18.18,,
41044,48,,
40579,19.584,,
41781,27.87,,
41822,30.14,,
41814,9.06,,
40848,8.84,,
41632,42.72,,
41254,18.6,,
41844,35.5,,
40711,20.16,,
41908,26.36,,
41603,32.88,,
41561,26.88,,
41586,15,,
41817,34.29,,
42004,32.25,,
40966,20.88,,
41023,50.64,,
41602,19.56,,
40667,75.78,,
40934,131.64,,
40760,26.676,,
41894,7.02,,
41250,23.406,,
41892,39.48,,
40784,13.36,,
41561,24.96,,
41550,61.44,,
41726,15.008,,
41510,21.3,,
40829,15.18,,
41956,9.27,,
41381,18.81,,
41222,28.98,,
41502,48.51,,
40944,13.65,,
40603,48.45,,
41229,48,,
41747,22.86,,
41786,32.52,,
40855,89.264,,
41808,30.784,,
40556,26.4,,
41354,28.26,,
41176,23.787,,
40835,33.9,,
41741,26.19,,
41949,97.32,,
41497,21.78,,
41423,28.1868,,
41899,51.264,,
41718,47.844,,
41374,26.3304,,
41206,21.54,,
41464,19.968,,
41990,24.32,,
41095,19,,
41589,41.958,,
41879,28.4,,
41820,25.16,,
41727,26.48,,
42003,34.58,,
40859,25.128,,
40935,21.54,,
40605,31.17,,
41892,39.12,,
41738,15.237,,
40760,46.32,,
41855,27.09,,
41827,11.604,,
41892,18.432,,
41526,29.16,,
41554,24.51,,
40658,13.5,,
41503,31.35,,
41858,26.04,,
41279,31.428,,
41066,68.58,,
41158,29.7,,
41562,29.04,,
41502,25.8,,
41863,59.31,,
41947,17.82,,
41199,28.08,,
41932,14.64,,
40953,11.313,,
41548,39.735,,
41655,21.48,,
41218,37.8,,
41562,26.64,,
40892,547.11,,
41032,21.942,,
41810,27,,
41450,55.1286,,
41684,23.817,,
41194,35.802,,
41278,10.08,,
41029,34.02,,
41955,15.606,,
41998,82.2,,
41191,31.23,,
40973,16.98,,
41592,44.02,,
41738,41.95,,
40550,31.12,,
41472,13.38,,
41820,30.12,,
40681,19.23,,
41773,27.9,,
41285,14.43,,
41813,23.25,,
41554,16.08,,
40882,28.56,,
41766,12.408,,
41540,15.33,,
41522,15.228,,
41794,32,,
41116,33.6,,
41167,13.72,,
40834,23.98,,
41851,15.48,,
41984,23.1,,
41159,30.96,,
40672,25.83,,
41356,93.42,,
41871,41.475,,
41032,39.1572,,
41214,35.9658,,
41985,10.3455,,
41589,32.7684,,
41429,23.7,,
41905,46.17,,
41190,23.3016,,
41502,27.864,,
41927,37.59,,
41774,18.28,,
40870,23.68,,
41826,31.104,,
40604,36.4,,
41142,25.984,,
41449,25.83,,
41977,76.752,,
41612,21.92,,
41172,24.448,,
40744,11.96,,
40904,23.92,,
41982,13.248,,
41150,16.5,,
41422,30.48,,
41822,26.94,,
41083,27.96,,
41599,34.956,,
41220,34.98,,
41989,49.23,,
41268,23.16,,
41536,12.24,,
41852,18.93,,
40795,23.7,,
41551,40.29,,
41809,34.416,,
41072,48.5,,
41963,25.536,,
41334,32.44,,
41986,40.592,,
41964,39.864,,
41390,128.76,,
41817,32.64,,
41736,16.76,,
40961,29.52,,
41656,17.28,,
41477,406.5309,,
41188,26.169,,
41562,31.62,,
42002,26.298,,
41453,31.14,,
41960,34.6896,,
41720,28.74,,
40964,26.37,,
41520,35.55,,
41869,81.7575,,
40666,59.52,,
41982,27.15,,
41957,9.324,,
41733,7.056,,
41897,12.585,,
41240,25.23,,
41864,69.264,,
41520,16.11,,
41402,18.936,,
41040,52.89,,
40919,7.14,,
41159,30.66,,
41086,116.04,,
40718,23.85,,
41893,50.76,,
41495,27.96,,
41885,21.42,,
41066,15,,
41956,20.02,,
41068,22.68,,
41268,34.56,,
40992,38.7,,
41809,38.22,,
41347,12.096,,
40842,19.056,,
41236,93.18,,
41869,26.28,,
41600,71.361,,
40556,30.9,,
41956,52.56,,
41328,57.12,,
41152,17.01,,
40701,37.962,,
41942,147.51,,
41796,64.7649,,
41428,90.96,,
41923,25.002,,
41187,74.772,,
40785,44.55,,
41353,22.659,,
41282,33.696,,
41767,17.568,,
40794,49.98,,
41516,27.93,,
41453,37.464,,
41949,16.03,,
41689,9.82,,
41268,12.6,,
41941,26.176,,
41521,58.48,,
40991,33.36,,
40780,20.856,,
40901,13.97,,
41631,41.96,,
41508,28.08,,
41232,26.4,,
41288,22.644,,
41374,19.77,,
41337,23.4,,
41881,47.4,,
41502,16.05,,
41884,52.104,,
41442,12.42,,
41141,24.09,,
41349,32.04,,
40647,22.74,,
41693,13.65,,
41910,33.96,,
40775,16.05,,
40959,33.9,,
41859,9.888,,
41481,41.07,,
41887,20.13,,
41933,12.04,,
41344,34.704,,
41758,18.72,,
41450,57.72,,
41632,15.84,,
41885,15.072,,
41964,21.48,,
41855,35.44,,
40780,39.48,,
41222,37.68,,
41263,33.96,,
41122,47.52,,
41946,24.192,,
41500,41.796,,
41955,26.82,,
41676,17.1,,
41974,56.52,,
41530,114.39,,
40602,18.162,,
41857,19.98,,
41199,32.64,,
42003,53.493,,
41030,22.5,,
41480,61.704,,
40850,25.2,,
41635,33.9,,
41222,26.22,,
41326,18.56,,
41984,18.24,,
40851,52.064,,
41501,15.54,,
41475,35.984,,
40877,47.992,,
41669,12.96,,
41502,48,,
41194,33.93,,
41757,26.4,,
41830,29.04,,
40960,38.52,,
42004,49.5,,
40903,41.664,,
41214,50.82,,
41247,26.88,,
41934,20.88,,
40653,20.44,,
40834,11.12,,
41759,22.96,,
41131,95.76,,
41759,26.955,,
41244,38.4,,
41425,26.01,,
41748,30.3,,
41485,32.13,,
41435,11.34,,
41587,23.04,,
41146,27.24,,
41865,24.96,,
41516,54.27,,
41460,19.41,,
41015,54,,
41602,23.787,,
41928,43.83,,
41150,16.68,,
41452,22.86,,
41040,16.86,,
41467,17.88,,
41220,10.335,,
41334,30.24,,
41105,26.892,,
41780,6.9642,,
41983,37.208,,
41591,31.984,,
40857,10.99,,
41593,19.92,,
41233,145.764,,
41281,23.076,,
41978,11.76,,
41892,17.712,,
41975,15.92,,
40733,32.4,,
41810,50.32,,
40912,57.816,,
41351,29.49,,
40809,36.384,,
41261,19.296,,
40599,8.37,,
41452,45.048,,
40708,10.467,,
40843,21.68,,
40910,27.2,,
41372,28.62,,
41394,25.6,,
41804,50.22,,
41716,31.72,,
41428,9.84,,
41451,40.176,,
40801,19.02,,
41016,23.928,,
40873,28.2,,
41941,13.66,,
41486,42.6,,
41614,39.36,,
41704,22.86,,
40775,32.304,,
41671,96.12,,
41932,32.31,,
41613,37.026,,
41174,14.97,,
41795,31.5,,
41722,35.91,,
40674,14.04,,
41793,29.04,,
41135,28.08,,
41797,15.6,,
41992,27.18,,
41494,28.02,,
40962,23.6592,,
40758,70.38,,
40711,714.8004,,
41491,64.2,,
41683,27.18,,
41768,35.532,,
41667,14.016,,
41129,7.28,,
40966,16.032,,
41250,21.36,,
41223,74.76,,
41818,20.07,,
41590,28.14,,
41488,19.648,,
41470,30.8,,
41531,16.9,,
41869,23.36,,
40667,12.18,,
41632,45.36,,
40683,10.368,,
40806,11.12,,
41164,21.98,,
41551,40.26,,
40773,48.21,,
40680,7.605,,
40712,8.127,,
41961,32.736,,
41587,17.61,,
40959,9.216,,
41796,11.82,,
41611,27,,
41582,16.48,,
41949,18.44,,
41103,21.9,,
41919,24.024,,
41731,27.936,,
41785,8.328,,
40890,106.32,,
41641,53.9,,
40920,7.572,,
41485,50.34,,
41894,13.293,,
41155,36.72,,
41535,18.66,,
41431,43.551,,
41296,46.26,,
41493,29.8059,,
41233,52.2315,,
41568,30.402,,
40833,25.11,,
41146,14.418,,
41682,47.925,,
41999,13.104,,
41815,33.36,,
41886,26.37,,
41446,32.04,,
41932,32.7,,
41870,40.48,,
40848,43.176,,
41421,14.352,,
41146,40.784,,
41905,13.392,,
41946,18.24,,
40876,30.4,,
41980,10.68,,
41176,6.732,,
41029,19.35,,
41138,30.96,,
40696,22.632,,
40949,13.56,,
41508,26.82,,
41813,13.5,,
41398,43.752,,
40638,140.94,,
40574,23.79,,
41771,21.72,,
41719,28.86,,
41768,49.83,,
41116,61.62,,
41169,31.5,,
41884,14.82,,
41192,22.76,,
41248,17.76,,
41979,44.94,,
41972,19.2,,
41420,43.86,,
41176,40.632,,
41387,31.52,,
41058,15.76,,
41990,37.08,,
40999,25.38,,
40547,26.64,,
41306,17.1,,
41823,17.1,,
41509,23.2566,,
41885,23.832,,
41569,28.08,,
41422,61.02,,
41460,31.7046,,
40821,17.244,,
40588,26.76,,
41115,12.96,,
40904,30.016,,
41725,19.83,,
41955,35.48,,
41834,13.56,,
40639,19.44,,
40619,30.44,,
41635,25.05,,
40714,28.512,,
41668,14.283,,
41495,12.582,,
41370,18.87,,
40609,23.97,,
41957,20.07,,
41171,20.112,,
41579,45.4,,
41919,47.52,,
40795,22.056,,
41028,14.04,,
41418,32.52,,
41484,41.2,,
41347,39.48,,
41114,47.52,,
41096,14.91,,
41627,35.85,,
40651,33.24,,
40696,26.5848,,
41508,51.84,,
41258,13.428,,
41140,33.96,,
41935,31.1355,,
41940,35.9976,,
41967,80.676,,
41974,51.624,,
41918,12.672,,
41997,13.48,,
41249,19.92,,
41723,26,,
41808,9.36,,
41956,22.848,,
41633,33.4,,
40903,18.264,,
40882,36.738,,
41253,27.36,,
41897,56.7,,
41659,31.968,,
41928,30.45,,
41688,115.44,,
41522,11.172,,
41227,23.34,,
41956,51.6,,
41984,8.46,,
41138,14.832,,
41002,14.994,,
41421,52.8,,
41150,11.184,,
40654,51.6,,
41008,33.648,,
41414,32.82,,
41584,32.04,,
41573,20.58,,
41045,23.2,,
41878,62.028,,
41748,31.68,,
41036,12.92,,
40647,16.8,,
41316,37,,
41534,43.164,,
41188,34.4,,
41897,35.9,,
41243,53.64,,
41380,27.81,,
41556,13.8,,
41173,27.48,,
41799,43.2,,
41457,51.678,,
40801,53.64,,
41837,56.364,,
41233,230.364,,
40906,9.75,,
40792,33.3,,
40948,32.157,,
41408,27.7614,,
41852,32.754,,
41867,47.5251,,
41395,44.55,,
41520,35.442,,
41962,31.185,,
41191,47.28,,
41526,17.928,,
41502,30.564,,
41907,17.88,,
41670,18.28,,
41815,35.82,,
40772,17.96,,
41115,9.42,,
40868,36.99,,
41519,24.1,,
41510,37.59,,
41692,47.904,,
40703,13.56,,
41447,28.8,,
41888,18.75,,
41584,154.656,,
41324,13.584,,
41934,23.7,,
41862,113.04,,
41526,16.8,,
41465,27,,
40788,17.88,,
41999,17.88,,
41813,40.032,,
41717,30.024,,
41570,20.4,,
41568,15,,
41796,35.16,,
41430,39.144,,
41542,40.64,,
41942,22.6,,
40869,191.85552,,
40891,54.576,,
40884,168.512,,
41379,30.88,,
40871,34.02,,
41537,69.18,,
41453,9.216,,
41379,23.664,,
41975,50.412,,
41586,14.04,,
40555,16.74,,
40991,29.64,,
40715,11.1,,
40627,17.01,,
41445,13.98,,
41614,39.96,,
41318,22.38,,
41108,34.074,,
41769,43.146,,
41444,39.5412,,
40900,44.649,,
41549,53.568,,
41836,23.52,,
41213,14.75,,
41222,11.352,,
41561,15.872,,
41205,11.56,,
40976,14.98,,
41907,14.28,,
41583,66.112,,
41398,6,,
40988,23.99,,
41576,49.2,,
41381,20.49,,
41992,20.16,,
40605,57.168,,
41960,15.15,,
41906,12.108,,
41494,14.52,,
40749,23.82,,
41002,26.148,,
41455,29.04,,
41591,15.156,,
41008,44.112,,
41586,14.88,,
41335,56.12,,
40892,50.4,,
41928,32.2,,
41254,30.192,,
40849,32.52,,
41627,15.912,,
40600,22.016,,
41872,21.84,,
41877,18.54,,
41990,37.68,,
41963,40.5,,
40629,20.58,,
41645,45,,
41226,28.8585,,
41904,31.3866,,
40624,25.92,,
41863,39.495,,
41470,29.67,,
40814,38.28,,
41982,28.35,,
41716,17.456,,
41852,54.816,,
41064,35.28,,
41983,34.7,,
41887,19.04,,
40858,23.968,,
41601,24.032,,
40998,23.52,,
41407,54.9,,
41232,33,,
40756,8.973,,
41469,124.26,,
41865,28.98,,
41430,13.86,,
41351,30.9,,
41527,8.46,,
41685,29.64,,
40766,7.227,,
41233,53.7,,
41593,24.768,,
41712,35.3,,
41372,39.456,,
41939,21.06,,
41271,16.776,,
41083,48.32,,
41633,27.96,,
40869,22.2,,
41197,19.02,,
41467,33.648,,
41551,15,,
41968,23.84,,
41512,12.78,,
40894,17.52,,
41492,35.91,,
40879,30.51,,
41269,17.7921,,
41794,24.93,,
40807,84.7092,,
41037,41.148,,
41508,306.072,,
41236,45.15,,
41782,19.23,,
42004,20.72,,
40840,34.272,,
41481,15.712,,
40906,24.9,,
41946,19.44,,
40744,8.704,,
41114,20.94,,
40750,25.71,,
41248,22.68,,
41228,33.18,,
41048,41.364,,
41871,13.26,,
41544,16.11,,
41863,15.36,,
41172,40.98,,
41303,23.01,,
40967,17.88,,
41136,34.2,,
41204,54.96,,
41613,23.712,,
41973,14.868,,
41541,97.2,,
41883,24.93,,
41618,13.68,,
41199,22.74,,
41626,32.28,,
41579,15.912,,
40903,71.1,,
40722,19.152,,
41798,18.66,,
41331,18.84,,
41925,24,,
41394,21.96,,
41645,21.3,,
41174,10.05,,
41212,83.16,,
41655,50.04,,
40840,22.14,,
40807,13.32,,
41801,102.9,,
41907,23.544,,
40784,31.08,,
41514,51.52,,
41514,55.168,,
40880,25.92,,
41820,11.68,,
41774,14.7,,
41988,17.28,,
40603,18.84,,
41629,29.28,,
41569,17.52,,
41228,21.96,,
41072,29.67,,
41636,68.22,,
41226,34.92,,
40865,11.88,,
41620,36.72,,
41135,10.05,,
41418,56.46,,
41955,25.14,,
40563,10.32,,
41302,34.92,,
41591,17.361,,
41170,18.66,,
41523,11.08,,
40672,71.94,,
41898,25.8,,
41628,32.64,,
41463,93.84,,
41631,40.56,,
41344,74.48,,
41698,45.28,,
41073,31.2,,
41768,26.76,,
41879,38.08,,
41485,18.08,,
40706,26.76,,
41593,29.244,,
41950,34.02,,
41876,31.68,,
40857,49.95,,
41524,36.072,,
41806,29.25,,
40982,10.8,,
40891,15.228,,
41258,33.3,,
41473,18.444,,
40718,25.38,,
41424,39.852,,
40753,17.04,,
41702,17.0595,,
41654,21.744,,
41943,19.9,,
40779,13.28,,
41253,25.92,,
41409,43.6,,
41635,26.49,,
40700,24.588,,
41211,33.4,,
41531,40.74,,
41236,16.56,,
41220,23.64,,
41016,14.88,,
41216,14.52,,
41612,24.09,,
41351,18.72,,
41984,25.23,,
41079,18.564,,
41353,23.208,,
41428,22.2,,
41786,6.03,,
40655,20.49,,
41883,77.04,,
41383,44.58,,
41632,11.76,,
41837,6.75,,
41526,35,,
41449,26.88,,
40842,21.744,,
42002,172.212,,
41708,19.4,,
41526,54.28,,
41908,16.5,,
41183,37.32,,
40875,39.48,,
41083,19.08,,
41562,18.99,,
41684,35.55,,
40877,40.677,,
41729,42.21,,
41817,32.25,,
41499,26.19,,
41241,156.915,,
41260,23.571,,
41761,19.35,,
41409,12.96,,
41906,12.852,,
40906,12.096,,
41939,19.99,,
40738,38.272,,
41005,47.952,,
41741,27.12,,
40883,14.016,,
41921,40.68,,
41772,17,,
41675,32.67,,
41029,24.3,,
40778,19.44,,
41163,31.05,,
40627,25.44,,
41899,17.9,,
41985,40.2,,
41239,13.716,,
41969,193.8,,
41489,22.128,,
41780,19.776,,
41186,29.34,,
40588,15.66,,
40588,27.09,,
40891,17.82,,
41788,48.72,,
40553,10.53,,
41908,28.416,,
41877,9.27,,
42000,47.49,,
40858,20.58,,
41857,34.08,,
41475,25.24,,
41955,36.48,,
40694,17.96,,
41534,13.056,,
41565,29.76,,
41965,29.68,,
41871,19.08,,
40707,17.984,,
41942,29.808,,
41505,37.86,,
41172,28.56,,
41124,15.975,,
41544,24.48,,
41106,15.66,,
40564,51.5796,,
41127,16.4565,,
41201,26.37,,
41628,21.84,,
40843,25.6221,,
41825,6.48,,
41526,15.741,,
41442,31.0368,,
41971,43.0254,,
41932,26.7438,,
41930,12.96,,
40984,46.74,,
41341,21.072,,
41979,24.816,,
41842,33.93,,
41447,36.56,,
40686,17.96,,
41634,19.89,,
41848,29.79,,
40712,12.501,,
40976,13.56,,
41148,18.81,,
40974,9.216,,
41952,30.3,,
42003,25.98,,
41772,25.6,,
41184,34.176,,
40822,39.36,,
41541,129.276,,
41960,53.5,,
40840,23.52,,
41148,37.86,,
41725,30.072,,
40900,22.64,,
41278,29.88,,
41301,18.52,,
41633,24.9,,
40723,23.34,,
40936,71.2,,
41382,76.52,,
41390,14.32,,
40851,36.72,,
41531,23.4,,
41589,38.4,,
41425,16.155,,
41689,20.16,,
42003,80.85,,
40892,103.572,,
41416,40.38,,
41855,31.5,,
41226,28.809,,
41157,80.676,,
40961,22.761,,
41948,44.97,,
41148,52.47,,
41803,40.68,,
41783,14.04,,
40990,39,,
41402,45.45,,
41201,24.2316,,
42002,33.231,,
41430,31.984,,
41033,26.8,,
41364,11.34,,
41178,45.894,,
40885,27.888,,
41409,31.104,,
40865,11.808,,
41260,41.552,,
41902,35.4,,
41747,23.04,,
40819,15.072,,
40785,25.3,,
41361,32.54,,
41859,24.56,,
41544,6.816,,
41839,29.76,,
41109,50.7,,
41177,46.23,,
41852,34.317,,
41746,25.86,,
40709,14.103,,
41430,14.37,,
41064,23.148,,
41625,50.37,,
41268,30.816,,
41356,30.51,,
41996,17.52,,
41988,29.7,,
41937,17.484,,
41599,20.952,,
41429,21.5,,
41115,33.36,,
41719,19.58,,
40843,21.84,,
41745,46,,
41360,31.36,,
41780,13.44,,
41323,47.82,,
40781,16.71,,
41884,42.048,,
41002,9.78,,
40617,28.836,,
40903,38.7,,
42002,7.875,,
41962,18.54,,
41517,27.6,,
41654,24.66,,
41846,41.0697,,
41786,15.0096,,
41797,18.0456,,
40887,106.344,,
41996,18.45,,
41523,4.36,,
40703,18.06,,
41655,21.4,,
41939,33.282,,
41262,6.912,,
41411,27.72,,
41906,9.248,,
41346,33.876,,
41461,32.67,,
40675,32.22,,
41655,17.52,,
41891,20.52,,
41163,231.48,,
41150,38.448,,
41948,25.32,,
41692,14.7,,
41993,14.52,,
40549,28.32,,
41170,57.87,,
41367,58.4,,
41852,29.2,,
41389,40.14,,
41496,26.88,,
41907,30.72,,
41963,22.86,,
41562,28.96,,
41530,27.36,,
40574,30.464,,
40875,79.92,,
41228,26.04,,
41863,39.15,,
41883,25.89,,
41101,16.62,,
40883,27.99,,
41591,75.24,,
41493,31.95,,
41464,27.648,,
41093,30.3,,
41450,44.28,,
40882,16.62,,
40703,38.28,,
41747,32.6688,,
41108,26.3781,,
41397,33.4656,,
41405,28.053,,
40805,12.852,,
41971,10.287,,
41718,17.721,,
41408,20.412,,
40637,40.5,,
41903,29.799,,
40917,27.36,,
41074,16.5,,
41626,16.812,,
41561,35.44,,
41830,8.84,,
41393,29.472,,
40793,64.784,,
41853,36.288,,
41227,37,,
41940,95.84,,
41254,69.576,,
40882,49.12,,
40812,41.376,,
40799,5.7,,
41578,28.752,,
41137,44.688,,
40607,26.22,,
41800,16.98,,
41942,17.16,,
41977,134.61,,
41825,8.91,,
41949,16.86,,
41796,21.984,,
41981,17.01,,
41824,7.26,,
40868,19.29,,
41005,47.97,,
41985,23.64,,
41962,12.9,,
41810,14.04,,
41597,50.816,,
40982,45.2,,
41680,22.68,,
40819,38.88,,
41506,26.1,,
41977,48.63,,
41122,1639.089,,
41086,508.38,,
40976,43.65,,
40844,35.586,,
41993,47.34,,
41960,45.45,,
41269,18.522,,
41661,26.5815,,
41984,51.7704,,
41911,51.6,,
41786,27.96,,
41243,10.56,,
41226,36.882,,
41975,52.29,,
40901,9.568,,
41627,18.84,,
41624,1652.94,,
41603,11.56,,
40954,11.52,,
41338,10.08,,
41946,27.78,,
41366,10.95,,
41327,36.24,,
40564,29.7,,
41592,19.54,,
41887,11.808,,
41404,27.86,,
41452,37.74,,
41683,21.816,,
41820,15,,
41578,14.796,,
40684,31.932,,
41079,13.83,,
40687,29.37,,
41127,40.05,,
41234,15.12,,
41787,27,,
41152,64.44,,
41157,11.07,,
41459,35.12,,
41060,49.52,,
41915,33.48,,
40570,34.56,,
41088,18.72,,
42002,15.136,,
41600,19.38,,
41178,38.58,,
41514,37.584,,
41869,26.76,,
41985,24.72,,
40695,25.23,,
41830,17.1,,
41849,43.98,,
41742,21.09,,
41878,38.28,,
41223,35.73,,
41569,36,,
41551,133.2,,
40794,23.5305,,
41471,26.4258,,
41149,6.48,,
41722,28.479,,
41137,20.13,,
41211,21,,
41501,38.1717,,
41146,17.88,,
41744,27.99,,
41276,76.2,,
41115,25.176,,
41603,24.784,,
41143,16.52,,
41750,44.4,,
41617,45.36,,
40906,14.352,,
41055,12.224,,
40599,22.776,,
40829,18.94,,
41739,37.896,,
41859,11.952,,
41600,32.4,,
40704,16.119,,
41659,11.31,,
41998,50.76,,
41988,19.224,,
41163,49.62,,
41493,28.44,,
40740,14.55,,
41772,38.31,,
41700,27.24,,
40792,11.94,,
40997,15.06,,
40800,13.02,,
41767,17.04,,
41978,16.08,,
41724,21.3,,
40673,23.91,,
40722,20.712,,
42003,38.3,,
41084,21.008,,
41845,46.96,,
41926,25.776,,
41062,21.54,,
42003,16.864,,
40878,27.32,,
41956,26.88,,
41487,41.58,,
40813,37,,
41640,29.55,,
41181,90.12,,
41522,45.96,,
41542,28.56,,
41935,33.3,,
41449,22.38,,
41492,56.52,,
40549,30.54,,
41302,21.615,,
41093,27.36,,
41769,20.952,,
41599,14.427,,
41244,55.424,,
41754,7.518,,
41571,16.156,,
40715,11.088,,
41555,27.264,,
41246,36.784,,
40616,21.36,,
41904,79.98,,
40757,26.7,,
41909,17.04,,
41221,31.504,,
41150,27.69,,
41836,12.96,,
41241,11.37,,
41512,14.13,,
40848,33.18,,
41575,31.08,,
41507,29.01,,
41944,14.013,,
42003,21.978,,
41054,32.22,,
41211,53.76,,
41452,27.16,,
40634,17.8,,
41614,14.48,,
41213,33.3,,
40890,56.7,,
41809,27.504,,
41935,27.52,,
41209,17.028,,
41536,38.24,,
41863,8.7,,
41834,32.19,,
40920,53.4,,
41159,14.49,,
41538,57.6,,
41514,33.18,,
40782,18.912,,
41022,21.141,,
40752,13.674,,
41590,13.872,,
41013,36.375,,
41289,18.711,,
41363,24.7995,,
41464,31.212,,
41787,39.567,,
40673,25.776,,
41785,29.22,,
41926,11.648,,
41898,35.56,,
41470,29,,
41956,41.6,,
41046,14.088,,
41179,15.51,,
40613,14.94,,
41422,25.176,,
40627,45.48,,
41907,11.424,,
41032,13.848,,
41983,54.9,,
41934,23.76,,
40817,12.9,,
41586,45.09,,
41214,28.41,,
41855,12.78,,
41940,24.354,,
40816,30.276,,
41186,38.736,,
41162,8.46,,
41514,22.128,,
41788,30.276,,
41856,26.43,,
40589,31.2,,
40800,19.2,,
40596,47.1,,
41488,27.072,,
41358,20.28,,
40660,11.292,,
41857,31.88,,
40788,21.924,,
40900,18.08,,
41057,17.4,,
41498,23.52,,
40707,15.192,,
40737,17.2,,
41491,40.32,,
41527,18.765,,
41902,31.92,,
40836,30.132,,
41433,33.93,,
41652,24,,
41648,36.63,,
41663,16.8,,
41950,15.471,,
41888,46.59,,
41502,11.1552,,
41642,39.447,,
41017,37.011,,
40756,24.651,,
40666,28.431,,
41816,21.36,,
41418,33.48,,
41450,23.166,,
41594,15.24,,
41796,19.8,,
40829,11.52,,
41285,15.588,,
41885,17.12,,
41751,11.54,,
41995,15.92,,
41911,14.352,,
41050,26.976,,
41541,10.528,,
41820,30.69,,
40603,17.472,,
41902,12.624,,
40605,44.672,,
41526,34.24,,
41586,12.96,,
41998,12.3,,
41215,29.372,,
41390,27.144,,
41503,19.896,,
41407,26.46,,
40848,28.23,,
40603,13.32,,
41324,17.58,,
40921,15.84,,
41417,25.47,,
41542,92.64,,
41044,72.9,,
41209,26.448,,
41928,58.536,,
40737,13.32,,
41330,43.7,,
41652,77.5,,
41072,17.84,,
41983,22.4,,
40699,28.692,,
40975,26.32,,
41209,21.72,,
41127,29.28,,
41815,16.875,,
41872,24.72,,
41523,20.07,,
41911,28.89,,
41766,21.54,,
41123,48.39,,
41641,117.4716,,
41442,11.988,,
40763,13.32,,
41442,58.02,,
40655,11.46,,
41876,9.9057,,
40613,12.21,,
41443,28.476,,
41812,41.256,,
40774,9.184,,
41400,16.72,,
41540,16.56,,
41253,26.4,,
41954,11.52,,
41520,35.168,,
41125,22.29,,
41663,13.29,,
41009,51.84,,
41650,14.43,,
41967,14.832,,
41342,17.49,,
41970,10.548,,
41311,66.84,,
41100,62.244,,
41577,9.28,,
41397,31.92,,
41495,20.784,,
41928,39.16,,
41627,26.04,,
41191,22.82,,
41918,22.26,,
40656,28.53,,
41586,34.24,,
40807,16.368,,
41069,159.03,,
41062,42.84,,
41851,59.31,,
41540,21,,
41862,21.84,,
41942,44.82,,
41307,34.11,,
41929,136.59,,
41871,18.81,,
41498,47.52,,
41444,43.578,,
40898,31.92,,
41425,32.792,,
42002,14.85,,
41586,14.62,,
41167,15.712,,
40700,13.36,,
40900,56.52,,
41741,16.768,,
41592,24.88,,
41526,35.168,,
41160,21.36,,
40746,11.52,,
40662,19.98,,
41388,18.088,,
41533,50.34,,
40951,24.6,,
41968,10.08,,
40865,13.725,,
41890,13.95,,
40875,13.626,,
41036,11.07,,
41978,9.51,,
41120,34.92,,
40954,24.768,,
40994,37.62,,
41244,18.684,,
41400,15.24,,
41118,40.32,,
41908,39.1,,
41960,9.888,,
41167,35.46,,
41367,40.38,,
41897,16.02,,
41515,11.4,,
41948,23.976,,
41109,67.86,,
41821,13.32,,
41641,29.4,,
41290,14.1192,,
41919,59.94,,
41947,49.926,,
41460,30.1941,,
41470,28.32,,
41948,33,,
41436,32.4,,
41024,13.944,,
41718,28.91,,
41164,27.18,,
41903,45.4,,
41179,16.4,,
41961,19.608,,
41015,569.64,,
41194,17.9,,
40607,18.62,,
41107,14.432,,
41829,23.28,,
41815,15.252,,
41027,15.18,,
41321,30.69,,
41531,23.82,,
41816,16.53,,
41229,29.37,,
41911,29.01,,
40766,95.22,,
41002,12.285,,
40566,34.44,,
41933,7.416,,
41611,39.6,,
40966,17.136,,
41058,29.91,,
41501,24.72,,
41572,44.58,,
41262,47.22,,
41611,21.54,,
41379,65.1,,
41817,12.012,,
41708,15.08,,
40995,33.64,,
41955,19.23,,
41009,27.54,,
41663,44.4,,
41451,13.83,,
41333,14.04,,
41533,27.93,,
41477,17.967,,
40791,29.4,,
40901,20.34,,
41184,27.2685,,
41716,20.8662,,
41149,20.574,,
40574,32.1,,
41276,32.16,,
40959,17.028,,
41519,21.88,,
41096,13.96,,
41173,7.9,,
40662,17.94,,
41201,38.28,,
40623,16.272,,
41117,29.97,,
41663,25.92,,
41901,34.48,,
41520,17.22,,
40848,31.68,,
41950,30.56,,
41599,54.24,,
41865,51.36,,
41570,24.78,,
41597,10.248,,
40807,29.76,,
40893,30.69,,
41225,19.8,,
41717,20.49,,
40966,14.85,,
41974,48.9,,
41908,55.86,,
41770,40.2,,
41565,17.388,,
40831,52.92,,
41765,25.28,,
41236,62.496,,
41809,57.6,,
40702,25.191,,
41125,17.28,,
41907,22.92,,
41452,27.96,,
41005,43.173,,
41570,31.95,,
41652,44.76,,
40627,14.7,,
41936,28.95,,
41950,28.728,,
41214,23.706,,
41791,24.33,,
40980,21.681,,
41934,28.836,,
41366,9.84,,
40990,18.392,,
41547,18.97,,
41858,15.4,,
40854,22.58,,
40691,27.6,,
41583,17.584,,
41163,19.99,,
41083,27.42,,
40973,11.212,,
40793,27.36,,
41997,27.46,,
40731,69.18,,
40990,13.392,,
41789,48.42,,
40886,24,,
41228,29.952,,
41509,23.46,,
41892,16.68,,
41961,39.42,,
41506,25.8,,
41846,22.47,,
40658,14.04,,
40941,47.19,,
41267,22.428,,
40898,27.9,,
41835,14.43,,
41089,12.36,,
41850,29.92,,
41634,26.4,,
41591,33.516,,
41327,27.72,,
41662,28.86,,
41801,23.4,,
41611,56.16,,
41584,48.612,,
40903,10.584,,
41234,37.8,,
41194,40.032,,
40991,15.816,,
41079,12.21,,
41983,32.52,,
41589,46.44,,
41499,43.659,,
41429,30.288,,
40778,25.62,,
41647,46.62,,
41496,20.43,,
41857,45.684,,
41398,38.7,,
41502,13.38,,
41627,35.865,,
40932,25.08,,
41793,25.344,,
41089,24.96,,
41903,38.52,,
41960,17.31,,
40945,18.528,,
41996,31.16,,
41991,32.56,,
40879,18.96,,
40931,19.77,,
41411,19.38,,
41761,32.19,,
40696,21.864,,
41592,9.51,,
41264,29.91,,
40870,19.23,,
41961,143.34,,
40911,16.938,,
41827,19.464,,
41236,29.61,,
41502,24.48,,
41859,25.536,,
41653,12.68,,
41801,19.284,,
41596,10.336,,
41495,52.44,,
41922,18.48,,
41989,36,,
41883,38.16,,
41541,226.2,,
41318,21.6,,
41536,10.74,,
41715,37.746,,
41964,21.6,,
40696,28.1868,,
41537,175.176,,
41989,20.352,,
40925,33.42,,
41502,71.976,,
41792,17.48,,
41867,97.84,,
41991,28.16,,
41072,20.736,,
41170,24.4,,
41363,29.8,,
41946,20.136,,
41037,19.44,,
41996,26.16,,
41855,16.52,,
41853,27.45,,
41192,15.48,,
41739,37.92,,
41101,11.064,,
41953,27.87,,
40716,50.88,,
41834,29.1,,
41170,30.48,,
40718,10.95,,
41950,24.96,,
41376,124.41,,
40984,16.95,,
40774,15.232,,
41885,11.296,,
41885,41.6,,
41902,8.74,,
40748,39.32,,
40600,20.784,,
41346,11.92,,
41221,23.48,,
41359,18.624,,
41082,23.2,,
41775,14.84,,
41176,44.64,,
40974,22.62,,
41543,185.76,,
41222,22.128,,
41551,15.6,,
41785,23.28,,
41276,22.2,,
41855,30.051,,
41969,17.1,,
41397,25.92,,
40575,21.06,,
41996,29.91,,
41859,36.63,,
41218,42.03,,
41529,17.76,,
41571,10.41,,
41460,23.112,,
40898,51.246,,
41221,28.44,,
41187,30.024,,
41514,14.433,,
41289,39.8475,,
41601,39.88,,
41538,11.76,,
41614,33.92,,
41600,30.345,,
41982,27.52,,
40738,23.988,,
41865,24.32,,
41474,18.496,,
41877,18.54,,
40916,16.05,,
41464,12.9,,
41892,9.6,,
41285,15.57,,
41319,28.23,,
41928,21.84,,
41591,14.652,,
41829,14.94,,
41801,37.32,,
40759,35.8,,
40875,33.44,,
41973,20.58,,
40897,21.132,,
41408,20.088,,
41790,23.4,,
40900,31.64,,
41962,58.3,,
41268,30.3,,
41169,16.48,,
41071,5.124,,
41794,14,,
41612,37.86,,
41771,23.55,,
41956,23.385,,
41502,27.45,,
41907,16.08,,
41947,13.2,,
41531,33.21,,
41498,25.8,,
40823,41.49,,
41626,22.68,,
41190,21.942,,
41793,31.968,,
41901,22.72,,
41591,19.98,,
41130,10.65,,
40549,19.536,,
41101,6.48,,
41495,23.34,,
41970,33.568,,
40865,14.48,,
40626,24.9,,
41872,17.22,,
41599,39.72,,
40686,12.96,,
41901,25.92,,
41610,11.648,,
41180,26.88,,
41687,43.95,,
41934,14.88,,
41962,26.43,,
41267,30.024,,
41171,25.23,,
42000,12.36,,
40865,16.11,,
41799,16.992,,
41170,27.45,,
41535,32.88,,
41409,32.04,,
41418,19.272,,
41052,21.22,,
41457,27.696,,
41822,35.16,,
41150,37.08,,
41628,30.564,,
41898,16.62,,
41739,15.336,,
41268,36.78,,
41481,22.3245,,
41429,17.61,,
40785,25.8216,,
41892,22.0116,,
41807,42.525,,
41657,14.61,,
41549,65.628,,
41967,17.982,,
41662,51.45,,
40766,22.96,,
41863,12.864,,
41972,20.9,,
41928,13.05,,
40752,14.32,,
41727,12.96,,
41146,7.88,,
40908,14.94,,
41865,19.2,,
41501,13.11,,
41359,33.24,,
41346,13.26,,
40697,24.42,,
41421,13.86,,
41813,20.184,,
41977,18.98,,
41564,10.056,,
41940,82.272,,
40576,13.185,,
41021,29.04,,
40849,22.734,,
40770,41.4,,
41793,48.51,,
40814,14.64,,
41734,25.4916,,
41700,11.253,,
41418,63.9,,
40932,31.08,,
41956,56.1588,,
41716,21.54,,
41948,33.96,,
41615,59.808,,
40851,21.936,,
40878,36.288,,
41004,23.904,,
41530,20.704,,
41104,18.496,,
41989,22.83,,
41767,50.37,,
41652,10.548,,
41506,25.35,,
41444,27.387,,
41264,27.63,,
41628,10.89,,
41543,12,,
41607,26.64,,
41520,10.224,,
41566,31.716,,
41591,41.58,,
41475,66.92,,
41226,39.48,,
41006,15.912,,
40988,25.8,,
41768,20.9,,
41147,39.68,,
40715,20.432,,
41792,19.08,,
41648,26.58,,
41062,28.16,,
41271,36,,
40864,28.512,,
41086,17.712,,
41997,36.66,,
41596,22.53,,
41263,17.88,,
41898,48.66,,
41255,46.71,,
41886,17.58,,
41211,59.82,,
40894,40.14,,
41971,55.14,,
41913,36.0612,,
40676,55.5,,
41812,17.92,,
41064,9.26,,
41255,24.448,,
41411,17.34,,
40848,15.696,,
41519,29.52,,
41362,5.98,,
40547,16.448,,
41528,14.256,,
41975,15.936,,
41907,47.04,,
41787,26.4,,
41442,29.4,,
41363,24.588,,
41894,12.36,,
41250,12.36,,
41871,56.82,,
41498,16.332,,
41586,24,,
41785,12.78,,
41331,38.664,,
40759,51.78,,
41129,22.41,,
41632,39.984,,
41908,32.84,,
41619,4.56,,
41239,29.28,,
41395,32.448,,
41987,29.664,,
41717,17.58,,
40956,28.5,,
41949,77.1,,
41927,31.72,,
41598,15.408,,
40805,34.38,,
41867,32.58,,
41646,15.96,,
41529,20.52,,
41027,18.87,,
41454,29.22,,
41409,22.86,,
40802,16.68,,
41803,15.54,,
41257,35.97,,
41619,35.616,,
41969,24.354,,
41255,25.002,,
41026,20.58,,
40758,22.5,,
40872,25.6467,,
41351,20.16,,
41954,15.3882,,
41493,23.976,,
41752,26.676,,
40847,23.076,,
41709,58.98,,
40760,20.94,,
41519,30.48,,
41537,25.44,,
41398,27.384,,
41865,17.544,,
41142,12.828,,
40619,32.67,,
40738,17.94,,
41236,13.12,,
41872,35.96,,
41894,19.44,,
40905,26.22,,
41998,10.74,,
41866,130.44,,
41852,17.01,,
40870,18.336,,
41746,29.61,,
41193,10.44,,
41941,20.52,,
40987,9.984,,
41182,20.44,,
41773,18.22,,
41538,26.82,,
41019,15.06,,
41120,25.44,,
41505,18.06,,
40595,21.18,,
41493,14.31,,
41375,26.82,,
41975,40.74,,
41988,37.08,,
41648,63.18,,
41922,13.5,,
41537,11.82,,
41051,14.97,,
40544,55.242,,
41911,29.7,,
40632,23.5125,,
41150,48.48,,
41770,25.218,,
41780,88.56,,
41633,14.28,,
41408,19.8114,,
41751,21.99,,
41947,15.992,,
41440,8.64,,
40787,53.94,,
40891,35.016,,
40620,18.936,,
41908,10.608,,
41520,8.26,,
41249,14.94,,
41745,20.736,,
41346,30.56,,
41601,23.616,,
41234,10.92,,
41384,25.98,,
40659,12.6,,
42002,25.9,,
41925,17.9,,
41176,14.576,,
40673,41.04,,
40991,22.41,,
41106,6.444,,
40745,49.71,,
41044,36.51,,
41296,17.67,,
41767,19.8,,
41163,40.32,,
40625,19.176,,
40742,31.428,,
41909,29.79,,
40891,24.534,,
41907,19.78,,
41662,32.72,,
41426,33.336,,
42002,19.7,,
41996,26.88,,
41426,27.216,,
41998,32.68,,
41498,27.9,,
40792,10.32,,
41794,35.64,,
41949,33,,
41563,15.255,,
40763,37.08,,
41971,59.94,,
41639,27.96,,
41627,13.32,,
41051,10.74,,
41988,32.193,,
41403,12.852,,
41435,35.97,,
41332,35.559,,
41433,33.6,,
40696,30.51,,
41804,10.965,,
40977,146.9052,,
41411,43.5501,,
41752,16.794,,
41130,21.98,,
41739,8.64,,
41598,17.712,,
41611,33.87,,
41412,27.018,,
40638,12.96,,
40651,10.75,,
41533,48.664,,
41607,182.67,,
40800,16.99,,
41720,10.896,,
41846,20.736,,
41358,18.656,,
41803,19.44,,
41168,31.12,,
41354,15.15,,
41368,13.56,,
41369,7.26,,
41442,19.44,,
41692,11.16,,
40925,29.592,,
41892,14.856,,
41538,7.956,,
41957,12.9,,
40987,16.5,,
40793,26.43,,
40984,23.76,,
40780,26.496,,
41449,20.94,,
41495,15.192,,
40831,32.58,,
41766,25.5,,
41263,33.42,,
41600,21.864,,
41324,42,,
40653,127.52,,
40703,29.664,,
41963,9.74,,
41710,27.12,,
41475,29.32,,
40588,13.76,,
41774,55.272,,
41911,19.6,,
41117,32.96,,
41222,23.76,,
40771,28.998,,
41533,60.24,,
41458,19.26,,
41598,11.214,,
41953,52.2,,
40905,17.037,,
41866,14.4,,
40576,43.5024,,
40627,24.696,,
41810,24.381,,
41674,89.397,,
41201,11.3844,,
41843,12.18,,
41901,25.08,,
40902,14.724,,
41897,19.05,,
40847,12.39,,
41915,27.36,,
41900,9.912,,
41955,34.92,,
41737,16.256,,
40779,47.55,,
40648,14.88,,
41600,25.05,,
40684,18.984,,
41367,16.632,,
40743,542.34,,
41804,20.16,,
41849,7.83,,
40925,24.165,,
41782,29.01,,
41071,47.82,,
41894,40.872,,
41963,4.572,,
41477,23.724,,
41013,30.4,,
41501,24.64,,
41166,32.292,,
41895,18.92,,
41500,26.34,,
41908,11.7,,
41893,43,,
41278,13.184,,
40595,32.4,,
41087,25.8,,
41748,34.125,,
41827,61.32,,
41897,23.274,,
40799,19.8,,
41121,29.01,,
41628,26.64,,
41551,21.1401,,
41736,385.86,,
40673,25.704,,
40576,34.02,,
40728,51.711,,
40977,11.8524,,
41992,17.1,,
40565,6.318,,
40799,18.648,,
41270,28.9,,
41976,10.86,,
41176,15.24,,
41663,19.68,,
41901,20.32,,
41979,9.45,,
41377,19.44,,
41918,14.9,,
41377,51.984,,
40578,52.86,,
41093,19.89,,
41750,57.48,,
41582,19.74,,
41221,10.596,,
41228,45.72,,
41970,17.64,,
41344,24.975,,
40974,31.2,,
41919,29.04,,
41841,11.952,,
41866,30.68,,
41363,19.548,,
41268,55.8,,
41151,17.52,,
40568,17.64,,
40878,28.48,,
41829,9,,
40785,17.136,,
41892,12.096,,
41955,36.24,,
41677,33.12,,
41172,40.32,,
41290,28.56,,
41263,20.7,,
41962,26.67,,
41955,61.56,,
41023,14.685,,
41269,11.637,,
41370,26.433,,
41911,36.72,,
41025,33.39,,
41962,24.462,,
40887,11.6388,,
41187,15.822,,
41898,12.312,,
40886,22.14,,
41723,31.14,,
41529,26.064,,
40764,15.552,,
40662,17.46,,
41808,14.03,,
41898,16.28,,
41885,11.54,,
41808,12.224,,
40809,32.4,,
41379,25.06,,
41443,9.84,,
41717,19.4,,
41905,21.96,,
41180,36.784,,
40770,17.856,,
41281,15.84,,
41228,34.68,,
41694,21.3,,
42002,18.99,,
40745,19.2,,
41334,9.306,,
40799,57.06,,
40791,17.49,,
41737,14.22,,
41263,37.44,,
41542,7.62,,
40886,37.38,,
41704,61.86,,
41340,19.184,,
41397,15.24,,
41178,26,,
41972,30.48,,
41537,17.76,,
41595,27.82,,
42000,11.68,,
40693,22.26,,
41453,13.88,,
41587,24.552,,
41167,11.712,,
41162,10.08,,
41760,25.83,,
40908,26.64,,
41988,22.08,,
41899,45.96,,
41855,79.44,,
41774,28.86,,
41090,23.52,,
41429,14.55,,
41277,27.36,,
40569,11.7,,
41801,24.246,,
41038,9.936,,
41677,20.7168,,
41068,22.56,,
41038,12.72,,
41668,26.88,,
41956,89.6148,,
41694,24.12,,
40889,98.8185,,
41122,25.92,,
42002,21.4014,,
40686,27.24,,
41443,22.716,,
41589,37.476,,
41836,29.22,,
41582,27.24,,
41982,19.44,,
41593,5.28,,
41221,17.94,,
41071,53.7,,
40795,17.472,,
41772,19.168,,
41410,15.232,,
40861,32.4,,
41505,5.344,,
41569,45.568,,
41604,52.44,,
41970,18.84,,
41529,29.4,,
41493,19.566,,
41817,10.92,,
41752,22.41,,
41722,6.804,,
41597,15.9,,
41233,65.31,,
41953,22.14,,
41381,8.82,,
41260,23.832,,
41157,16.98,,
41915,26.28,,
41141,22.68,,
41639,6.966,,
40718,9.12,,
40934,30.9,,
41443,64.26,,
41117,24.08,,
41930,29.88,,
40906,31.68,,
41739,38.2,,
41710,22.2,,
41371,21.96,,
41606,18,,
41414,69.2,,
41622,37.056,,
41872,25.14,,
41061,19.35,,
41325,41.49,,
41746,76.224,,
41935,26.88,,
40812,29.808,,
41068,15.96,,
41794,36,,
40569,59.58,,
41480,33.21,,
41657,24.552,,
41752,18.28,,
41873,15.28,,
40882,24.56,,
40637,19.44,,
40857,62.94,,
41200,27.696,,
41753,5.344,,
41954,7.8,,
41725,32.232,,
41746,40.74,,
41503,32.4,,
40973,19.593,,
41288,25.254,,
40797,12.21,,
41687,17.4,,
41897,18.93,,
41962,15.12,,
41849,30.48,,
41635,49.71,,
41211,84.42,,
41972,23.148,,
41607,47.01,,
40753,42.06,,
41261,14.576,,
40920,45.528,,
40605,16.308,,
41165,33.64,,
41003,15.7,,
41603,45.912,,
41450,21.54,,
41596,66.528,,
41613,30.6,,
41963,29.4,,
41907,55.14,,
41225,19.8,,
40684,24.48,,
41992,73.26,,
41371,11.55,,
41852,28.875,,
41435,16.632,,
41767,27.27,,
41503,28.755,,
40801,25.2,,
41243,56.7,,
41179,13.32,,
41139,23.91,,
40773,99.66,,
41393,15.712,,
41829,23.168,,
41177,17.48,,
41813,31.155,,
41366,14.352,,
41640,47.616,,
41600,21.568,,
40745,35.98,,
40873,14.94,,
41404,76.64,,
41786,23.08,,
41520,18.69,,
40858,22.98,,
41734,7.04,,
41212,11.43,,
41054,97.74,,
41632,29.04,,
40724,19.608,,
41232,33.516,,
41200,20.448,,
41110,95.552,,
41501,15.912,,
41262,41.28,,
41578,27.18,,
41961,67.36,,
41492,22.23,,
41755,25.26,,
41173,15.75,,
41866,28.38,,
41815,28.4928,,
41946,27,,
41909,27.3735,,
41627,14.904,,
41038,112.671,,
41926,22.05,,
40863,11.9886,,
41053,48.78,,
41093,19.224,,
41093,6.72,,
41563,29.46,,
40710,35,,
41173,25.99,,
41887,12.96,,
40818,15.36,,
41887,25.56,,
41873,25.16,,
41597,19.648,,
41544,29.9,,
41718,657.504,,
40854,36.63,,
41821,19.52,,
41705,23.88,,
40803,29.925,,
41432,22.05,,
41176,23.2,,
41968,11.673,,
41218,45.21,,
41814,40.98,,
41515,93.24,,
41511,20.316,,
41901,18.54,,
41048,24.525,,
41278,17.7,,
40779,23.52,,
40894,8.937,,
41612,14.76,,
41936,19.5,,
40700,25.101,,
41676,16.836,,
41530,28.352,,
41937,21.528,,
41745,15.06,,
41904,35.52,,
41750,50.76,,
41285,12.636,,
41239,14.624,,
41817,20.54,,
41798,11.172,,
40910,26.37,,
41526,32.1,,
40903,14.28,,
41500,39.6,,
41502,14.787,,
41530,19.1754,,
40781,38.3985,,
40878,44.1228,,
41941,13.716,,
41888,32.88,,
41401,14.76,,
41926,22.86,,
41764,27.72,,
41010,21.99,,
41775,15.552,,
41515,15.48,,
40907,12.984,,
41092,15.552,,
41884,19.99,,
41618,19.04,,
40897,19.432,,
41561,24.9,,
41540,35.88,,
41956,11.56,,
41754,14.52,,
40954,22.728,,
40827,10.26,,
41505,44.43,,
41631,19.128,,
41331,21.555,,
40877,28.02,,
41722,53.802,,
41943,23.25,,
40911,25.344,,
41920,14.4,,
40752,98.46,,
41241,19.128,,
41001,15.96,,
41810,15.543,,
41521,43.884,,
41997,74.4,,
41599,42.12,,
40805,28.08,,
41410,15.66,,
41542,16.92,,
41194,22.056,,
40702,89.76,,
40970,21.54,,
40917,35.76,,
41246,16.512,,
41087,18.76,,
41165,21.48,,
41733,13.05,,
41313,32.025,,
40882,990.45,,
41495,46.32,,
41041,24.246,,
41964,42.6,,
41711,69.93,,
40770,30.96,,
41562,39.152,,
41144,21.4,,
41509,26.352,,
40794,17.904,,
41518,23.968,,
41534,12.96,,
40733,23.92,,
41452,20.97,,
41927,39.816,,
41615,19.536,,
41725,27.27,,
41505,8.64,,
42004,27.84,,
41311,14.7,,
41960,24,,
41345,44.752,,
40998,13.18,,
41436,11.32,,
41451,22.04,,
41968,46.4,,
41734,23.94,,
41773,46.02,,
41165,33.42,,
41247,20.24,,
41568,18.66,,
41820,16.71,,
41204,40.74,,
41716,53.64,,
41094,27.243,,
41115,30.024,,
41197,54.36,,
41985,37.38,,
41670,42.903,,
41990,27.813,,
41073,45.684,,
40907,31.482,,
41815,21.744,,
40723,32.76,,
41870,21.38,,
41933,20.928,,
41824,7.992,,
41670,8.82,,
41095,38.976,,
41982,61.06,,
41229,21.488,,
40870,23.472,,
41057,16.24,,
40668,11.88,,
40731,32.28,,
41284,57.39,,
40876,6.048,,
41039,47.49,,
41296,22.8,,
41804,17.49,,
41044,43.368,,
40907,46.41,,
41948,20.1,,
41234,18.639,,
41922,21.5,,
41600,18,,
41232,22.788,,
41199,35.22,,
41929,17.48,,
41461,16.128,,
40896,19.8,,
41600,20.376,,
41705,21.48,,
41963,22.716,,
41009,33.3,,
41676,113.04,,
41653,18,,
41638,91.98,,
41522,20.19,,
40619,21.15,,
41495,28.56,,
41666,77.67,,
41587,33.21,,
41778,22.86,,
41016,33.9,,
41857,13.38,,
41939,17.3886,,
41626,25.8,,
41086,15.42,,
41086,43.04,,
41873,35,,
41551,15.648,,
40772,15.552,,
41850,124.792,,
41764,16.91,,
41964,22,,
41995,23.88,,
41237,19.44,,
40865,9.588,,
41590,36,,
40667,5.472,,
40867,25.92,,
40803,40.24,,
40921,9.82,,
41659,21.696,,
41229,17.19,,
41808,14.28,,
41612,218.544,,
41934,15.48,,
41766,19.56,,
41215,8.703,,
41982,19.35,,
41478,13.5,,
41621,79.38,,
41997,65.31,,
41831,13.65,,
41787,11.34,,
41990,30.24,,
41072,17.4,,
41417,25.2,,
41633,19.548,,
41809,17.76,,
41976,22.704,,
41577,14.88,,
41436,12.3,,
41699,15.2,,
40836,12.32,,
40801,52.704,,
41246,50.4,,
41908,28.584,,
41628,18.52,,
41974,9.74,,
41145,27.36,,
41424,39.78,,
41978,16.86,,
40896,82.944,,
41254,33.6,,
41978,90.36,,
40920,51.051,,
41403,8.5407,,
40740,51.12,,
41775,25.26,,
41526,18.09,,
41684,21.6,,
41836,23.01,,
41841,69.712,,
41060,22.2,,
41984,10.86,,
41304,17.456,,
41793,43.92,,
41705,14.976,,
41846,20.096,,
41787,12.06,,
41985,22.75,,
41915,10.8,,
41145,21.36,,
41782,60.75,,
41253,10.74,,
41194,169.68,,
41517,12.624,,
40969,22.152,,
41325,41.52,,
41428,31.92,,
41503,25.05,,
41893,25.38,,
41901,20.1,,
41900,21.879,,
41583,29.49,,
41948,45.24,,
40996,38.664,,
41920,15.624,,
41953,24,,
41755,33.552,,
40987,12.78,,
41740,52.56,,
41004,20.78,,
41507,60.42,,
41964,47.94,,
41540,32.25,,
40938,41.49,,
40798,13.32,,
40830,41.04,,
41465,6.66,,
41277,48.66,,
41408,20.952,,
41233,26.04,,
41680,22.74,,
41691,31.425,,
41793,11.259,,
41554,21.06,,
40693,21.456,,
41600,28.4607,,
41853,13.44,,
41808,30.213,,
41977,31.518,,
41359,18.432,,
41970,38.04,,
41210,33.11,,
41524,722.352,,
41536,60.72,,
41894,20.544,,
41621,33.48,,
41576,12.42,,
40760,15.96,,
41558,20.608,,
40803,38.256,,
41552,119.1,,
41625,21.21,,
41163,38.88,,
41426,18.496,,
40577,18.336,,
41782,9.84,,
40870,43.02,,
41991,19.512,,
41206,14.94,,
41510,25.23,,
41687,45.18,,
41630,12.54,,
41593,16.98,,
41113,9.75,,
41929,16.32,,
40813,19.04,,
41884,32.664,,
41003,18.54,,
41501,72.32,,
41808,39.024,,
41263,21.96,,
41533,22.704,,
41864,22.23,,
41321,10.65,,
41909,15.405,,
41444,21.78,,
41225,30.06,,
40827,30.96,,
41809,42,,
41449,27.864,,
41670,25.92,,
41934,11.607,,
41254,22.68,,
41921,24.381,,
41270,18.144,,
41155,17.4582,,
40863,18.3168,,
41558,29.304,,
40821,45.576,,
41470,11.21,,
41962,8.448,,
41247,17.94,,
40714,15.552,,
40806,43.92,,
41884,22.92,,
41706,25.92,,
41206,15.552,,
41842,16.34,,
41620,5.872,,
41916,20.64,,
41785,50.136,,
40793,13.16,,
41421,26.94,,
40823,9.69,,
41087,21.864,,
41789,57.42,,
41526,21.456,,
41709,50.454,,
41597,18.39,,
41068,21.72,,
41327,10.32,,
41540,27.33,,
41908,19.452,,
41740,27.3,,
40886,26.43,,
41403,16.98,,
41045,24.09,,
41824,18.9,,
41040,38.76,,
40861,20.82,,
41258,18,,
41150,16.884,,
41215,9.32,,
41423,66.88,,
41431,20.34,,
41131,34.02,,
41869,45.666,,
40612,28.14,,
41178,29.7,,
41333,14.55,,
41729,24.69,,
40759,25.014,,
41962,27.825,,
41207,10.68,,
41956,22.3104,,
40890,17.6967,,
41807,21.573,,
40864,92.4,,
41957,39.8295,,
41805,30.6,,
40836,21.942,,
40899,44.865,,
41185,35.49,,
41187,28.84,,
40793,12.96,,
41106,80.88,,
41902,23.832,,
41319,10.56,,
40920,10.368,,
41068,18.264,,
41543,29.6,,
41820,19.584,,
41767,17.208,,
41690,16.02,,
40885,6.828,,
40848,15.75,,
41430,17.1,,
41718,14.391,,
41159,7.353,,
41620,19.008,,
41622,35.2,,
40936,31.76,,
40823,77.24,,
41366,11.44,,
41637,62.72,,
41358,39.6,,
41247,11.712,,
41852,15.324,,
40683,13.32,,
41380,42.15,,
40753,19.665,,
41502,42.66,,
41545,34.47,,
41071,20.58,,
41929,24.54,,
41202,17.46,,
41488,12.6882,,
41523,222.993,,
41998,39,,
41177,9.9,,
41103,9.96,,
41449,18.45,,
41947,8.56,,
41905,27.18,,
41821,14.224,,
41126,23.04,,
41006,11.736,,
41425,14.7,,
40962,26.88,,
41790,37.52,,
41547,36.24,,
41782,26.4,,
40868,24.381,,
41639,16.836,,
41501,25.74,,
41813,13.86,,
41815,25.173,,
41578,33.48,,
41577,16.32,,
41800,21.6,,
41089,11.184,,
41982,46.08,,
41206,15.948,,
40751,9.6,,
41409,29.376,,
41260,28.35,,
41872,22.05,,
41997,12.9,,
41744,15.57,,
41933,38.76,,
40695,22.14,,
40863,29.55,,
41445,15.048,,
40658,26.4,,
41315,38.1717,,
41564,27.27,,
41417,22.788,,
40635,11.8524,,
41975,10.56,,
41829,24,,
41387,23.56,,
41236,27.056,,
40676,7.104,,
40987,17.568,,
41849,14.98,,
41666,15.47,,
41459,12.96,,
41983,15.984,,
41636,23.68,,
40637,7.184,,
41523,11.68,,
41794,24.472,,
41983,15.92,,
41926,33.18,,
41513,14.19,,
41426,31.44,,
42001,23.16,,
40809,11.46,,
41148,16.68,,
41703,35.184,,
41297,26.52,,
41698,25.74,,
41895,8.55,,
41750,33.48,,
41827,16.032,,
41905,16.29,,
40772,23.46,,
41625,11.91,,
41900,39.906,,
41905,39.552,,
41223,57.096,,
41591,35.136,,
41922,38.808,,
40623,21.216,,
40885,19.32,,
41941,22.04,,
41789,33.6,,
41830,10.992,,
41916,17.52,,
41761,38.784,,
41242,17.48,,
41934,23.148,,
40885,13.656,,
41465,30.288,,
41694,27.76,,
41053,15.6,,
41492,32.22,,
41893,24.48,,
41369,285.66,,
41336,21.06,,
41449,26.1,,
40948,18.66,,
40794,52.1655,,
40834,14.5644,,
41708,20.16,,
41960,29.1555,,
40928,57.456,,
41534,13.86,,
41429,17.7126,,
41739,9.82,,
41440,7.04,,
41338,16.99,,
41555,10.56,,
41510,25.2,,
41253,25.488,,
41593,23.65,,
40885,39.88,,
41664,25.86,,
41299,20.916,,
41740,10.92,,
41486,30.744,,
41879,19.584,,
40815,16.8,,
41743,31.824,,
41667,35.37,,
41300,25.05,,
40914,14.94,,
41614,30.48,,
41689,18.66,,
41499,21.366,,
41292,32.22,,
41620,12.663,,
40647,12.44,,
40820,18.96,,
41722,26.1,,
41214,22.8,,
41954,38.74,,
41867,22.92,,
41451,18.84,,
40778,16.14,,
41416,26.88,,
41579,30.3,,
41204,13.11,,
41291,41.4,,
40794,56.46,,
40757,22.74,,
41438,31.23,,
40617,23.976,,
40630,21.735,,
41911,244.65,,
41885,25.542,,
41059,24.7008,,
41730,21.84,,
40666,31.995,,
41499,40.446,,
41963,65.7438,,
41625,30.132,,
41339,12.992,,
41478,6.3,,
41962,38.864,,
40744,16.74,,
41989,22.77,,
41613,15.528,,
41042,16,,
41710,26.72,,
40850,6.72,,
41615,18.69,,
40991,43.95,,
41946,14.61,,
41639,23.532,,
41173,18.36,,
41530,30.21,,
40995,26.43,,
41075,8.76,,
41270,55.74,,
41403,14.55,,
40962,13.896,,
41477,19.056,,
40696,29.1,,
41367,23.592,,
40635,27.72,,
41246,36.28,,
41338,27.66,,
41577,19.84,,
41947,18.784,,
41039,7.98,,
41599,35.712,,
41170,9.2,,
41920,25.14,,
40858,17.2,,
41270,27.36,,
41736,33.21,,
41986,16.74,,
41341,22.68,,
41825,14.64,,
41332,16.32,,
41096,11.13,,
41527,28.08,,
41984,66.852,,
41260,27.135,,
41633,56.52,,
42002,13.5468,,
41857,18.522,,
40920,26.946,,
41464,107.984,,
40803,47.984,,
41906,25.824,,
41591,16.752,,
41760,23.24,,
41607,32.544,,
41010,52.76,,
41138,30.08,,
41432,26.96,,
40653,14.61,,
41901,20.13,,
41495,33.03,,
41652,23.52,,
41799,167.76,,
41212,51.1,,
41541,20.18,,
41965,10.944,,
41859,21.312,,
41488,31.35,,
40684,11.4,,
41223,30.96,,
41786,39,,
41946,28.53,,
41862,22.14,,
41624,38.28,,
41624,40.95,,
41443,27,,
41659,162.1737,,
41697,12.609,,
41015,14.7234,,
41862,31.152,,
41746,31.14,,
41788,35.25,,
41806,12.402,,
40794,34.02,,
41656,40.32,,
41240,18.5553,,
41975,13.44,,
41510,64.8,,
41522,40.338,,
40782,8.56,,
41673,21.456,,
41599,19.096,,
41733,25.472,,
40661,20.86,,
41451,38.088,,
40632,49.65,,
41690,11.22,,
41966,35.712,,
40953,14.352,,
41829,18.24,,
41073,67.98,,
40849,19.242,,
41790,13.592,,
41848,26.2,,
40635,33.488,,
41659,12.28,,
41605,37.17,,
41925,9.96,,
41621,35.52,,
41545,20.148,,
41411,29.91,,
41963,22.08,,
40961,23.7,,
41713,22.14,,
41345,18.66,,
41949,75.24,,
40564,27,,
41863,15.858,,
41223,28.188,,
41045,17.07,,
41947,38.28,,
41706,17.52,,
41348,19.04,,
40779,22.716,,
41383,24.384,,
41822,10.02,,
40858,15.96,,
40750,17.46,,
40800,24.72,,
41858,15.48,,
41225,34.2,,
41150,42.48,,
41127,15.615,,
41988,59.22,,
41533,13.14,,
41864,39.87,,
41900,19.89,,
41569,23.01,,
41106,26.649,,
41269,15.984,,
40975,27.864,,
40759,13.184,,
41503,10.86,,
41041,12.84,,
41438,23.12,,
40844,7.184,,
41919,17.04,,
41842,19.68,,
41985,17.94,,
41116,23.136,,
41763,25.92,,
41604,17.3,,
41836,12.96,,
40634,66.96,,
40583,14.56,,
41222,37.827,,
40794,20.952,,
41347,29.28,,
40828,18.99,,
41591,12.24,,
40901,40.14,,
41520,29.55,,
41242,17.694,,
41327,16.74,,
41619,14.64,,
40847,17.97,,
41965,13.284,,
40765,38.96,,
41963,19.74,,
41632,40.8,,
41080,18.22,,
41800,18.32,,
41584,37.86,,
41206,16.92,,
40988,221.34,,
41865,14.01,,
41771,11.235,,
41789,19.332,,
41876,21.06,,
41823,12.96,,
41821,11.52,,
41856,15.54,,
40784,21.78,,
41947,11.4,,
41769,74.592,,
41145,15.06,,
41169,15.76,,
41642,15.66,,
41064,7.38,,
41885,18.9,,
40897,662.88,,
41957,8.904,,
41227,19.96,,
41085,20.96,,
40668,45.248,,
40893,29.46,,
41068,143.128,,
41976,4.36,,
41654,18.96,,
41589,19.56,,
40695,21.18,,
40651,5.364,,
41535,27.27,,
41734,18.84,,
41976,11.19,,
41988,42.273,,
41605,17.48,,
40757,28.96,,
41983,20.88,,
41236,22.788,,
41885,18.12,,
41335,50.28,,
40827,20.16,,
41661,14.688,,
41523,32.26,,
41234,27.648,,
41950,17.84,,
41064,25.24,,
41908,21.456,,
41185,18.24,,
41635,36.68,,
41360,35.584,,
41915,23.1,,
41453,21.75,,
41820,33.3,,
41505,13.32,,
41477,13.59,,
41064,31.32,,
41316,19.2,,
41046,50.13,,
41375,14.955,,
41883,15.75,,
41726,11.37,,
41802,24.48,,
41639,46.53,,
40627,19.3344,,
40902,77.04,,
41013,18.9,,
40841,32.28,,
41912,14.01,,
41374,24.5496,,
41291,29.99,,
42002,78.8528,,
41249,32.75,,
41256,19.44,,
41956,10.848,,
40885,39.072,,
40641,19.008,,
40794,16.78,,
41640,23.48,,
41956,27.93,,
41634,21.12,,
41550,34.37,,
40812,21.184,,
41541,13.216,,
40870,14.67,,
41540,18.96,,
40750,16.784,,
41809,24.51,,
41620,16.71,,
40779,13.98,,
41222,40.248,,
41961,31.17,,
41811,13.98,,
41370,14.19,,
41890,19.2,,
41908,22.26,,
41519,9.585,,
41535,28.41,,
41477,282.6,,
41598,27.33,,
41733,9.69,,
42002,23.79,,
41509,21.54,,
41767,21.42,,
41438,35.04,,
41577,20.484,,
41951,456.96,,
40847,22.5,,
41449,16.86,,
41015,18.28,,
41362,23.328,,
41949,23.184,,
41502,14.4,,
40595,18.45,,
41260,15.363,,
41085,30.618,,
40851,25.8,,
41862,17.01,,
41593,21.72,,
41395,23.2458,,
41877,7.4094,,
41513,7.5198,,
41271,23.3064,,
41212,22.4508,,
41650,96.84,,
40730,19.38,,
40957,26.5848,,
40547,27.36,,
40877,122.148,,
41221,25.488,,
40841,53.4,,
40828,21.39,,
41472,20.016,,
41598,14.352,,
41892,17.024,,
41709,43.872,,
41963,15.992,,
41893,16.2,,
40659,18.288,,
41951,21.792,,
41991,13.98,,
41222,17.94,,
41128,19.152,,
41731,20.808,,
41428,30.18,,
41763,32.448,,
41976,19.728,,
41732,14.94,,
41088,20.64,,
41697,16.65,,
40785,8.37,,
41503,27.288,,
41540,20.124,,
41997,19.5,,
40681,48.93,,
40814,18.702,,
41402,47.4,,
41787,17.52,,
41860,45.072,,
41430,22.38,,
41936,17.136,,
41463,36.336,,
41426,22.32,,
41223,16.68,,
41803,144.1778,,
40872,13.32,,
40708,28.62,,
41885,38.68,,
41870,39.16,,
41452,22.92,,
40787,19.3,,
41702,18,,
41474,13.32,,
41592,10.76,,
40892,25.36,,
41936,20.16,,
41869,24.408,,
41199,42.03,,
41545,52.86,,
41862,685.131,,
41942,29.0175,,
41831,20.142,,
41090,12.663,,
40799,7.695,,
40883,25.56,,
41360,13.47,,
41703,15.25,,
41972,15.552,,
40570,19.44,,
41956,7.92,,
40724,32.4,,
41717,23.832,,
40847,17.67,,
41484,9.48,,
41342,13.9,,
41257,34.248,,
41647,18.93,,
41288,18.636,,
41463,27.72,,
40873,14.1,,
41891,16.71,,
40702,11.94,,
41087,19.68,,
41275,15.507,,
41871,9.84,,
40959,19.896,,
41032,12.81,,
40785,8.31,,
41311,19.2,,
41914,20.34,,
41389,11.1,,
41747,11.37,,
41738,17.84,,
41247,17.76,,
41418,20.72,,
41226,14.04,,
40862,21.76,,
41957,11.12,,
40820,38.144,,
41435,65.52,,
41608,8.6,,
41795,13.992,,
41544,22.608,,
40910,13.608,,
41565,16.256,,
41976,21.76,,
41985,26.76,,
40681,14.016,,
41178,37.94,,
40686,39.552,,
41493,28.95,,
41801,31.92,,
41103,12.24,,
41598,40.95,,
41448,48.51,,
41774,17.28,,
40623,26.4,,
40789,26.64,,
41546,13.95,,
40582,58.17,,
41908,34.434,,
41912,7.6725,,
41039,17.442,,
41789,25.92,,
41984,19.936,,
41162,14.94,,
40976,19.44,,
41533,21.4,,
41522,22.72,,
41627,11.648,,
40793,19.86,,
41600,12.96,,
41375,48.032,,
41755,19.05,,
40982,19.44,,
40812,16.704,,
41726,8.26,,
40848,22.428,,
41121,11.85,,
41030,6.9,,
41990,15.57,,
40917,17.76,,
41669,21.48,,
40676,25.29,,
41660,14.274,,
41083,18.528,,
41988,15.84,,
41781,389.25,,
41652,10.74,,
41901,26.88,,
41610,35.28,,
40758,23.32,,
41568,18.08,,
41332,33.72,,
40696,21.9,,
41732,13.32,,
41535,8.7,,
41347,19.7,,
41930,53.056,,
40702,17.856,,
40848,23.64,,
40758,73.926,,
40991,32.346,,
40556,49.8,,
41366,23.64,,
41235,14.4,,
41232,14.91,,
41677,22.86,,
41544,25.353,,
41221,21.351,,
40797,15.72,,
41052,13.6422,,
41554,22.68,,
41780,64.08,,
41358,138.402,,
41888,21.204,,
41005,23.652,,
41237,25.824,,
41430,25.92,,
41895,8.36,,
41242,8.784,,
41470,14.16,,
41936,11.56,,
41075,9.568,,
41227,47.984,,
41489,12.544,,
41978,23.92,,
41684,17.94,,
41073,3.424,,
41753,18.688,,
41142,21.728,,
41886,19.548,,
40807,19.776,,
41369,13.932,,
40981,10.92,,
41251,26.082,,
41856,28.35,,
40905,7.536,,
41998,17.568,,
40872,13.68,,
41040,26.22,,
41905,12.9,,
41971,24.696,,
41522,212.139,,
41148,50.76,,
41933,18.54,,
41665,20.52,,
41223,60.54,,
41024,31.995,,
41744,35.2335,,
41589,6.54,,
41569,62.502,,
41827,30.8385,,
41907,23.652,,
40910,26.67,,
41082,33.39,,
41635,17.16,,
41733,17.46,,
41684,27.36,,
40844,22.2282,,
41052,46.8,,
41346,12.96,,
41793,25.344,,
40861,11.36,,
41983,11.16,,
41478,29.2,,
41997,12.264,,
41570,8.34,,
40616,8.448,,
41907,35.568,,
41387,23.46,,
41926,19.71,,
41407,9.84,,
41829,39.75,,
41170,18.39,,
41474,23.52,,
41700,44.43,,
41428,23.55,,
41842,18.576,,
41596,12.992,,
41454,8.96,,
41215,19.24,,
40699,20.016,,
41081,11.184,,
41600,15.9,,
41384,13.12,,
41077,30.96,,
41726,14.472,,
41780,16.48,,
41542,62.8,,
41050,91.44,,
41263,18.72,,
40880,17.16,,
41461,20.232,,
41424,20.07,,
41429,29.7,,
41975,25.35,,
41256,20.25,,
41522,21.78,,
41603,26.712,,
41808,13.8,,
41712,41.115,,
40583,25.35,,
41471,21.6399,,
41534,25.11,,
41641,19.3185,,
41856,20.6064,,
41517,51.8976,,
41611,16.65,,
41147,123.72,,
41043,63.45,,
41466,30.96,,
41964,28.728,,
41591,17.38,,
41801,16.4,,
41423,22.72,,
41740,10.368,,
41410,13.776,,
41653,32.4,,
41530,11.34,,
41534,17.48,,
41204,9.952,,
41870,23.18,,
40638,13.89,,
41526,26.25,,
41638,21.72,,
40779,26.64,,
41415,21.72,,
41716,23.46,,
41452,22.29,,
41745,13.41,,
41954,27.06,,
41365,11.205,,
40785,5.04,,
41153,28.188,,
41311,17.01,,
41113,20.31,,
41542,17.68,,
41824,28.98,,
40899,13.8,,
41901,24.44,,
41906,13.68,,
40851,19.488,,
40777,10.8,,
41905,59.6,,
41197,31.968,,
41764,17.4,,
40718,22,,
41645,23.712,,
41500,19.04,,
41618,35.04,,
41039,16.818,,
41516,7.98,,
41380,41.472,,
41444,40.2,,
41395,25.11,,
41997,48.78,,
41156,11.61,,
40814,26.04,,
41496,7.98,,
40954,16.968,,
41666,33.534,,
41215,43.38,,
40597,44.73,,
40794,31.872,,
41767,23.76,,
40612,22.38,,
40869,9.98,,
41968,19.008,,
41575,25.032,,
41957,61.792,,
41126,33.488,,
41928,22.72,,
41404,32.04,,
41543,24.224,,
41438,15.552,,
41969,18.688,,
40784,18.66,,
41493,14.19,,
40989,20.16,,
41791,22.23,,
41899,15.96,,
40708,11.025,,
41044,19.32,,
41808,26.64,,
40563,11.37,,
41625,18.12,,
40723,19.08,,
41405,26.48,,
41502,205.24,,
41577,8.512,,
41204,24.6,,
41368,21.18,,
41201,18.76,,
40775,16.104,,
41925,17.7,,
41806,33.64,,
41579,20.064,,
40723,51.28,,
41502,16.24,,
41961,39,,
40822,94.3,,
41860,18,,
41884,20.64,,
41595,33.9,,
41250,15.24,,
41899,14.4,,
41019,47.58,,
41984,52.98,,
41746,26.82,,
40861,18.87,,
40862,26.64,,
41163,34.2,,
41964,27.18,,
41197,23.31,,
41579,29.28,,
41638,40.338,,
41336,25.5474,,
41577,21.6,,
41038,20.574,,
41438,14.62,,
41947,14.94,,
41095,34.8,,
40586,17.46,,
41940,15.84,,
40887,25.92,,
41660,11.52,,
40673,22.32,,
40841,13.698,,
41088,25.56,,
40770,13.38,,
41652,19.896,,
41421,19.23,,
41989,10.32,,
40921,10.92,,
41962,19.14,,
41464,6.78,,
41363,14.922,,
41786,11.46,,
41233,14.49,,
41215,25.88,,
40801,22.428,,
41788,58.4,,
41682,13.32,,
41918,16.3,,
41825,11.82,,
41568,13.488,,
40798,28.2,,
40662,20.82,,
41507,23.4,,
41609,41.463,,
40764,27.81,,
41767,10.449,,
40780,31.32,,
40780,39.78,,
41447,12.3,,
41670,22.059,,
41172,22.68,,
40964,21.48,,
41974,14.2146,,
40604,45.684,,
41102,36.234,,
41320,13.8,,
41969,12.816,,
41204,22.5,,
40906,24.56,,
41976,8.56,,
41243,3.882,,
41887,11.52,,
41946,5.58,,
40670,8.64,,
41691,10.64,,
40557,37.408,,
41435,16.05,,
40668,21.93,,
40558,18.522,,
41878,11.07,,
41461,13.53,,
40938,10.26,,
41066,32.88,,
41589,32.01,,
41181,14.7,,
41438,38.64,,
41258,22.76,,
42002,14.36,,
41949,21.3,,
41774,42.3,,
41913,113.81136,,
41906,20.736,,
41430,23.6,,
41339,14.592,,
41948,16.8,,
41617,17.4,,
41677,18.18,,
40812,27.72,,
41911,14.43,,
41597,18.777,,
41347,27.825,,
40823,17.46,,
40744,23.775,,
41086,9.3375,,
41213,14.28,,
41242,19.92,,
41500,10.272,,
41629,18.92,,
41635,18.72,,
40644,6.912,,
41790,8.01,,
40955,35.88,,
41520,22.911,,
41976,36.624,,
40882,26.46,,
41796,20.736,,
41478,27.42,,
41353,31.086,,
41317,40.32,,
41111,18.96,,
41346,20.64,,
41346,15.66,,
41914,10.41,,
41910,40.26,,
40765,4.428,,
41261,13.509,,
41018,11.604,,
40724,11.604,,
41915,13.38,,
41795,12.21,,
41559,14.64,,
40878,13.86,,
41286,17.88,,
41498,20.712,,
41857,24.3,,
41998,21.144,,
41813,27.68,,
41359,13.56,,
40655,31.32,,
41715,20.76,,
41508,22.176,,
41547,14.7,,
41079,54.44,,
41220,29.52,,
40873,40.96,,
40875,29.232,,
41082,8.24,,
41515,20.64,,
40898,50.58,,
41820,37.44,,
41436,12.24,,
41884,20.376,,
40760,11.46,,
41681,9.135,,
41996,20.7,,
41696,26.82,,
41997,36.465,,
40792,9.78,,
41026,26.52,,
40584,18.93,,
41809,20.67,,
41178,18.27,,
41236,18.09,,
40955,22.3713,,
41786,18.69,,
40665,22.908,,
41084,21.42,,
41480,16.68,,
41915,17.712,,
41841,14.787,,
40810,70.44,,
41937,50.1,,
41733,36.936,,
41360,25.92,,
41969,10.962,,
41535,20.1,,
41914,81.088,,
41354,16.821,,
40725,19.92,,
41589,13.216,,
41906,14.352,,
41071,48.672,,
41514,29,,
40866,22.5,,
41421,45.36,,
41264,59.904,,
41361,20.24,,
41912,7.98,,
41771,20.22,,
41663,26.58,,
41725,29.28,,
41281,20.82,,
41850,17.88,,
41759,15.84,,
40609,10.77,,
41277,12.9,,
41356,25.8,,
41463,11.58,,
41592,5.76,,
41813,18.66,,
41983,15.12,,
41565,18.24,,
40875,9.32,,
41934,29.6,,
41900,21.14,,
40903,17.568,,
41808,26.016,,
41998,18.96,,
41194,15.312,,
41918,11.13,,
41500,21.6,,
41177,15.06,,
41115,30.54,,
41157,15.66,,
40987,57.6,,
41536,73.44,,
41887,7.05,,
41434,17.55,,
41893,21.2742,,
41648,16.2,,
41830,50.274,,
41491,8.7399,,
41775,45.45,,
41547,15.012,,
41794,260.3664,,
41757,21.96,,
41870,18.954,,
41562,23.0823,,
41131,15.984,,
41446,21.8,,
40799,15.552,,
41519,23.988,,
40715,25.164,,
41955,19.44,,
41247,28.44,,
41732,11.12,,
41753,11.76,,
41801,14.13,,
41934,21.9,,
40789,7.68,,
41962,17.88,,
40779,18.324,,
41705,12.264,,
41913,8.328,,
40569,8.76,,
41858,26.94,,
41302,49.77,,
41835,21.12,,
40730,23.97,,
40974,11.31,,
40988,11.46,,
41003,6.28,,
42002,20.64,,
40911,9.792,,
41281,19.92,,
40892,20.94,,
40837,12.888,,
41871,22.224,,
41527,10.416,,
41387,22.04,,
41355,10.72,,
41440,19.86,,
41869,18.36,,
41589,97.74,,
41145,31.17,,
40815,36,,
40617,10.746,,
40989,10.8,,
41888,27.3,,
41824,47.1357,,
40792,48.96,,
40889,27.783,,
41928,23.1702,,
40919,16.326,,
41026,22.74,,
41603,4.344,,
40869,11.36,,
40696,8.56,,
41515,10.024,,
41612,18.192,,
41802,18.288,,
41157,36.84,,
41606,31.56,,
41890,19.76,,
41030,12.176,,
41614,11.952,,
41617,10.584,,
41626,11.416,,
41949,11.424,,
41061,19.38,,
41747,13.53,,
41608,20.07,,
40698,14.49,,
41750,23.25,,
41885,16.98,,
41759,14.4,,
41844,15.777,,
40819,25.62,,
40810,13.2,,
41655,7.56,,
41883,112.52,,
41922,13.992,,
41919,11.424,,
41565,8.64,,
40613,17.52,,
41985,10.26,,
40717,9.36,,
40820,27.968,,
41411,15.48,,
41226,28.032,,
41960,41.475,,
41089,13.11,,
41505,31.428,,
41920,10.26,,
41853,17.82,,
41961,9.9,,
40702,24.12,,
41898,21.06,,
41697,15.48,,
40646,28.032,,
41171,42.03,,
41619,23.4684,,
42004,79.47,,
40837,19.44,,
41886,6.615,,
41852,12.6246,,
41877,26.34,,
41774,17.7,,
41583,12.636,,
41599,18.496,,
40820,14.45,,
40844,6.28,,
41381,25.3,,
41916,15.552,,
41838,39.08,,
41855,51.75,,
41571,17.05,,
41987,31.44,,
41623,23.12,,
41579,21.96,,
41902,23.32,,
41179,12.96,,
41221,27.9,,
41778,22.608,,
40795,10.896,,
40968,15.984,,
40828,22.24,,
41743,20.1,,
41324,9.408,,
41347,26.88,,
41053,15.138,,
40809,18.99,,
40801,12.24,,
41639,16.668,,
41939,35.76,,
41177,25.668,,
41745,18.6,,
41802,22.6,,
40984,131.52,,
41956,17.52,,
40913,35.84,,
40956,11.4,,
41960,19.76,,
41143,10.2,,
41635,18.576,,
41132,16.248,,
41071,17.832,,
41432,49.52,,
41864,13.905,,
41071,30.24,,
41232,11.88,,
41746,12.24,,
41814,13.14,,
41946,49.2,,
41270,17.73,,
41446,13.6422,,
41564,27.666,,
40707,32.4,,
40948,26.4,,
41094,30.564,,
41229,41.256,,
41513,10.23,,
41239,10.95,,
41233,19.65,,
40779,8.288,,
40897,31.05,,
41052,19.194,,
41936,10.272,,
40806,20.232,,
41794,11.96,,
41772,5.904,,
41985,13.584,,
41145,14.91,,
41387,32.13,,
40674,17.472,,
41885,23.94,,
41520,40.152,,
41656,22.26,,
41275,15.75,,
40562,16.29,,
41969,24.78,,
41851,15.144,,
41619,12.69,,
41794,6.3,,
41193,24.48,,
41830,10.17,,
41451,12.56,,
41585,23.2,,
41561,13.344,,
41269,16.92,,
41946,16.84,,
40763,16.8,,
41983,16.3,,
41550,18.54,,
41207,8.58,,
40884,18.16,,
40841,7.12,,
40791,11.3,,
41599,21,,
41611,20.004,,
41006,13.14,,
41152,22.86,,
41080,23.22,,
40680,34.65,,
41233,18.66,,
41942,38.88,,
41631,17.28,,
41085,8.8395,,
41414,125.6841,,
41697,36.576,,
40910,23.68,,
41269,22.2,,
40758,21.36,,
41885,12.98,,
41610,17.31,,
41836,26.55,,
40700,17.14,,
41264,27.312,,
40673,43.6,,
41876,10.368,,
40593,25.16,,
40782,13.36,,
41623,21.48,,
40570,10.68,,
41226,14.52,,
40807,36.51,,
41250,10.35,,
40585,12.078,,
41815,21.978,,
41261,15.9,,
41716,26.22,,
41429,30.42,,
41047,16.5,,
41272,29.01,,
40974,5.679,,
40861,10.584,,
41813,13.2,,
41155,11.52,,
41803,8.58,,
40630,16.128,,
41596,8.616,,
41008,15,,
41711,11,,
41935,19.02,,
41488,17.064,,
41814,25.2,,
41979,40.635,,
41274,14.43,,
41346,12.24,,
41228,14.97,,
41575,590.94,,
41272,62.34,,
41345,13.26,,
41922,9.675,,
41328,28.17,,
41925,17.4,,
41659,17.496,,
41107,9.6672,,
41053,21,,
41789,11.628,,
41583,15.12,,
41085,87.3372,,
41414,30.564,,
41138,21.6,,
41045,16.335,,
41078,21.816,,
41586,11.36,,
41885,12.192,,
41764,17.61,,
40873,15.552,,
41144,25.86,,
41718,19.824,,
41963,22.96,,
41984,14.76,,
41979,11.07,,
41961,11.43,,
41627,24.36,,
41165,11.376,,
41788,20.28,,
41506,66,,
41367,11.826,,
41506,11.43,,
41282,22.5,,
41261,16.47,,
41087,21.84,,
41808,17.61,,
41984,12.69,,
41698,20.16,,
41924,13.14,,
41869,11.46,,
40742,32.04,,
41157,33.72,,
40981,16.48,,
41680,14.6,,
41939,20.288,,
41883,15.24,,
41197,35.44,,
41235,15.28,,
41914,26.28,,
41873,17.73,,
41871,19.386,,
41890,27.975,,
41834,8.82,,
41316,13.38,,
40592,13.986,,
40988,78.12,,
40935,1585.71,,
41261,23.058,,
41803,26.955,,
41234,24.69,,
41990,83.913,,
41543,18.954,,
41975,15.92,,
41851,26.25,,
41543,15.936,,
41611,25.92,,
41632,24.85,,
40733,14.352,,
41283,15.168,,
40847,34.08,,
41543,16.56,,
41688,11.76,,
41255,22.368,,
41787,31.44,,
41173,23.92,,
41908,8.595,,
40605,15.12,,
41236,17.94,,
40830,19.136,,
40746,19.68,,
40968,16.68,,
41642,10.404,,
41779,22.29,,
41879,17.28,,
41849,22.53,,
41178,21.42,,
40991,19.971,,
41284,10.08,,
40582,30.3,,
41534,18.24,,
41227,7.488,,
41965,25.4,,
41822,35.088,,
40634,10.944,,
41766,67.34,,
41757,19.32,,
41885,23.088,,
40820,56.76,,
41631,17.52,,
41899,24.24,,
41204,22.68,,
41817,48.357,,
41967,18.36,,
41698,17.091,,
41880,25.56,,
41596,26.37,,
41269,100.65,,
40800,24.7506,,
41066,12.1476,,
40799,6.96,,
41722,17.1435,,
41271,76.41,,
41921,21.78,,
40875,21.648,,
41233,12.9903,,
40813,240,,
40788,20.52,,
40620,17.4,,
41759,17.739,,
40876,22.815,,
40721,12.78,,
41651,40.86,,
41745,15.552,,
41745,4.89,,
40800,13.128,,
41932,16.68,,
41943,148.48,,
41157,28.752,,
41893,13.71,,
41563,20.16,,
41258,101.988,,
41988,52.68,,
41159,13.96,,
41670,12.74,,
41206,10.368,,
41887,13.344,,
40875,7.36,,
41584,11.84,,
41617,16.56,,
41941,15.552,,
41530,20.7,,
40807,6.57,,
41677,29.9,,
41281,25.92,,
41535,14.82,,
41984,3.273,,
41810,24.56,,
41887,42.51,,
41134,24.84,,
40952,20.88,,
41127,15.96,,
41692,26.01,,
41716,22.08,,
41057,17.88,,
41338,17.64,,
41421,19.71,,
41815,12.348,,
41268,22.104,,
41842,4.815,,
40612,19.512,,
41455,21.09,,
41794,20.184,,
41831,15.9,,
41040,22.92,,
40898,18.16,,
41078,21.48,,
41676,13.76,,
41439,22.2,,
41838,22.76,,
40697,19.836,,
40707,22.788,,
41115,13.68,,
41909,23.4,,
41736,8.88,,
41209,22.464,,
41162,12.06,,
40857,22.2,,
41222,86.94,,
41635,23.88,,
41209,15.9,,
41206,22.7052,,
41970,11.607,,
41236,47.25,,
41221,28.4325,,
41514,13.4832,,
41933,49.932,,
41973,27.42,,
40841,14.094,,
40873,19.3,,
40695,45.48,,
41829,24.56,,
41414,39.76,,
41803,13.128,,
40795,15.552,,
41454,7.752,,
40859,16.656,,
41903,13.76,,
41183,22.45,,
41868,13.428,,
41519,12.78,,
40623,14.4,,
41208,14.301,,
40627,14.88,,
41669,13.48,,
41568,23.04,,
40865,18.144,,
41318,19.98,,
40779,7.92,,
41829,11.172,,
41814,24.03,,
41971,17.49,,
40637,26.628,,
41924,14.28,,
41452,11.34,,
41215,11.43,,
41463,21.48,,
41260,12.276,,
41464,13.584,,
41639,17.88,,
40847,12.54,,
40982,30.78,,
41477,21.144,,
40901,11.184,,
40953,24.72,,
41479,20.94,,
41967,13.644,,
41947,18.42,,
41946,8.952,,
41234,21.96,,
41268,20.1,,
41353,25.16,,
41453,27.18,,
41426,15.732,,
41543,20.64,,
41173,21.12,,
41648,15.96,,
41249,15.66,,
41079,11.1045,,
41582,15.423,,
40654,33.048,,
40754,18.54,,
40590,123.45,,
41662,20.58,,
40875,20.427,,
40893,23.745,,
41771,22.5,,
41772,25.407,,
41283,11.6325,,
40813,16.305,,
41583,26.4,,
41857,13.932,,
41561,20.04,,
41807,14.016,,
41569,22.92,,
40973,23.92,,
41430,14.94,,
41900,14.4,,
41016,11.96,,
41582,15.26,,
42000,16.032,,
41520,23.67,,
41905,12.07,,
41848,14.01,,
40917,27.504,,
41649,21.69,,
41002,28.56,,
41850,83.28,,
41974,15.102,,
41118,20.58,,
41282,11.28,,
40869,26.46,,
41757,14.4,,
41596,17.4,,
41874,24.48,,
41809,16.82,,
41128,9.6,,
40681,21.088,,
41941,13.88,,
42002,247.68,,
40948,23.25,,
41353,18.36,,
41523,79.92,,
41366,32.4,,
40903,12.87,,
41753,29.97,,
41103,187.83,,
40652,12.57,,
41232,49.302,,
41515,20.43,,
41634,13.26,,
41530,19.368,,
40800,20.16,,
41523,22.05,,
42002,27.168,,
41795,31.984,,
41213,9.728,,
41634,45.36,,
40620,21.376,,
41962,19.76,,
41940,27.184,,
41504,15.712,,
41218,19.824,,
41968,12.96,,
40619,15.552,,
40637,12.96,,
41020,21.3,,
41149,43.176,,
41892,4.86,,
41894,14.2,,
41720,22.14,,
41575,33.48,,
41467,17.19,,
40925,14.07,,
41971,8.127,,
41808,26.25,,
41333,19.764,,
41570,40.83,,
41087,8.73,,
41173,27.27,,
41934,13.05,,
41261,10.152,,
41568,23.4,,
41772,19.056,,
41325,13.968,,
41541,25.38,,
40646,16.65,,
40880,20.16,,
41012,25.16,,
41629,28.12,,
41619,27.36,,
40655,20.68,,
41207,16.32,,
41739,6.34,,
42004,16.74,,
41230,33.58,,
41613,17.48,,
41530,9.144,,
40690,13.76,,
41229,20.2,,
41297,12.012,,
40800,21.42,,
41648,18,,
40945,44.34,,
41242,16.56,,
40590,38.28,,
41961,34.02,,
41079,17.19,,
41998,88.101,,
41547,26.64,,
41904,43.02,,
41508,21.546,,
40626,30.024,,
41807,19.08,,
41520,21.648,,
41507,21.546,,
41569,7.36,,
41156,15.28,,
40815,6.48,,
40896,7.27,,
41131,29.79,,
41631,22.784,,
40818,4.672,,
41691,13.11,,
41958,45.04,,
41694,8.4,,
41983,5.76,,
40876,25.06,,
41977,16.72,,
41438,12.96,,
41610,23.04,,
40584,14.28,,
41610,28.8,,
40799,13.86,,
41943,18.69,,
41746,13.83,,
41515,11.67,,
41890,14.7,,
41194,16.5,,
41698,17.52,,
41166,52.038,,
41092,16.476,,
41649,17.1,,
40855,76.08,,
41597,20.112,,
41514,15.16,,
41340,22.08,,
41295,25.6,,
41831,31.6,,
41412,20.412,,
41537,13.545,,
41766,15.42,,
41860,8.0136,,
41395,32.13,,
41499,23.571,,
41859,31.536,,
41463,23.85,,
41502,12.06,,
41847,41.817,,
41449,56.5677,,
41233,16.1544,,
41417,35.28,,
40978,55.92,,
41304,23.22,,
40794,32.064,,
41899,5.98,,
41887,13.12,,
41348,21.88,,
41491,9.82,,
40847,15.968,,
41510,15.88,,
41899,3.444,,
40606,15.552,,
40988,18.864,,
41915,17.46,,
40801,14.56,,
41263,17.12,,
41996,23.128,,
41257,6.48,,
41467,16.5,,
41933,15.15,,
41052,13.5,,
41150,8.844,,
41585,20.358,,
41656,9.51,,
41555,15.51,,
40647,8.4,,
40847,8.91,,
41342,9.984,,
41548,13.26,,
41723,14.55,,
41899,14.22,,
41155,22.2,,
41590,18.996,,
40718,20.388,,
41527,15.516,,
41619,18.9,,
41311,18.24,,
41627,7.12,,
41218,28.458,,
41878,34.35,,
41680,44.73,,
41527,20.4,,
41535,21.06,,
41104,21.735,,
41975,20.64,,
41508,42.57,,
41010,22.8,,
41569,13.29,,
41585,23.61,,
41827,41.1345,,
41183,10.314,,
41989,19.4934,,
41493,20.5425,,
40902,33.876,,
41345,17.46,,
41415,15.424,,
41904,20.16,,
40876,12.624,,
41414,47.744,,
41701,12.222,,
41507,14.78,,
41222,17.22,,
41213,5.04,,
41326,12.99,,
41905,11.228,,
41464,19.296,,
41922,18.98,,
41778,8.928,,
41098,21.12,,
41582,19.44,,
41032,7.968,,
41069,12.96,,
40862,10.11,,
41811,4.464,,
41197,5.344,,
41342,12.96,,
41346,19.98,,
41142,17.52,,
41738,15.417,,
41569,20.52,,
41327,16.53,,
40669,23.7,,
41032,19.29,,
41212,16.86,,
40889,17.88,,
41856,16.53,,
41583,15.48,,
40894,4.149,,
41863,10.152,,
41948,19.08,,
41781,18.72,,
41625,13.68,,
41527,12.36,,
41898,10.95,,
41067,13.2,,
41093,12.36,,
41554,16.86,,
41214,22.68,,
41137,77.84,,
41940,13.272,,
41949,32.12,,
41985,21.3,,
41561,16.62,,
41988,19.176,,
41926,24.36,,
40806,30.88,,
40564,17.76,,
40556,21.9,,
40704,48,,
41330,22.92,,
41726,26.52,,
41215,24,,
41212,14.1,,
40744,10.8,,
41723,16.65,,
41946,27.24,,
41296,15.66,,
41060,30.375,,
41557,26.5185,,
41683,15.0147,,
41188,16.0605,,
41804,10.2795,,
41580,27.24,,
40857,14.418,,
41600,35.748,,
41529,8.448,,
40815,8.72,,
41576,17.616,,
41173,4.928,,
41741,11.364,,
41529,22.428,,
41976,12.16,,
41647,7.89,,
41383,29.56,,
41426,10.368,,
41171,60.84,,
41957,22,,
40913,13.59,,
41455,26.04,,
41111,17.34,,
41502,16.944,,
40976,6.45,,
41300,16.98,,
40785,53.28,,
40911,25.47,,
40865,7.8,,
41699,22.11,,
41792,17.46,,
40553,16.65,,
41968,26.4,,
41218,13.26,,
41666,14.97,,
40854,22.788,,
41005,28.89,,
41500,33.6,,
41599,33.88,,
41855,30.96,,
41655,13.56,,
41565,214.14,,
41041,4.272,,
41035,23.46,,
40788,13.32,,
41866,22.32,,
41969,15.552,,
41656,24.48,,
41579,52.44,,
41578,15.06,,
41744,79.11,,
41023,14.82,,
41810,17.415,,
41708,18,,
41824,27,,
41785,28.44,,
40910,17.4582,,
40802,21.72,,
41516,22,,
41890,15.552,,
40609,242.94,,
41227,8.72,,
41903,11.784,,
41933,15.984,,
41780,8.288,,
41697,10.53,,
41782,53.97,,
41390,43.05,,
41986,23.73,,
41624,8.127,,
41502,16.74,,
41537,13.545,,
41155,16.5,,
41891,20.136,,
40760,10.47,,
41516,22.86,,
41520,21.6,,
41484,14.55,,
41253,31.572,,
40708,34.65,,
40569,16.296,,
41855,28.38,,
41862,15.66,,
41506,17.32,,
41887,10.64,,
41201,13.16,,
41400,132.58,,
41633,21.06,,
41800,9.28,,
41928,27.072,,
41014,10.32,,
40592,55.2,,
41253,12.36,,
41137,91.584,,
41960,34.92,,
40787,21.42,,
41457,83.37,,
41997,19.14,,
40583,25.725,,
41902,15.714,,
41766,12.42,,
40582,38.88,,
41856,21.7035,,
41603,22.74,,
41129,15.75,,
41793,50.1,,
41976,8.752,,
41746,25.98,,
41001,32.192,,
41963,25.06,,
41099,48.632,,
41780,7.41,,
40901,20.34,,
41540,7.506,,
40589,16.176,,
40815,6.16,,
41477,6.264,,
40947,5.81,,
41872,25.92,,
40878,9.82,,
40767,31.104,,
41583,11.376,,
41957,11.82,,
41631,13.563,,
41369,17.46,,
41988,23.16,,
41596,6.996,,
41191,18.72,,
41162,26.136,,
40555,15.282,,
40555,15.552,,
41982,6.03,,
41039,12.81,,
41848,5.91,,
41865,34.92,,
40820,10.76,,
41712,28,,
41914,66.96,,
41194,17.64,,
41542,20.064,,
41986,11.84,,
41068,33.22,,
41751,18.564,,
41737,20.352,,
41263,13.068,,
40842,17.604,,
41221,18.44,,
41813,16,,
40795,16.62,,
41820,41.52,,
41579,29.52,,
41863,18.24,,
41066,16.08,,
41864,15.12,,
40814,13.44,,
41947,18.522,,
41131,13.68,,
40660,24.72,,
41957,20.58,,
41683,12.8733,,
41557,27.288,,
41871,22.0374,,
41429,10.449,,
41274,22.92,,
40682,10.206,,
41796,37.26,,
41904,23.5554,,
41095,46.41,,
41965,18.72,,
40794,76.797,,
41312,46.32,,
41452,27.18,,
41683,26.76,,
40686,21.168,,
41563,71.6,,
41254,12.828,,
41846,20.23,,
40904,32.952,,
40794,14.97,,
41824,24.56,,
41522,62.376,,
41962,44.384,,
41271,24.816,,
41126,14.76,,
41779,27.888,,
40997,17.64,,
40711,17.9,,
41244,32.4,,
41896,15.92,,
41722,32.48,,
40907,35.448,,
41485,27.396,,
41907,15.51,,
40833,5.312,,
41897,8.56,,
41961,12.9,,
41878,12.57,,
41241,13.185,,
41102,51.66,,
41615,18.564,,
40696,12.384,,
41731,14.28,,
40756,13.26,,
40889,20.49,,
41492,9.684,,
41393,10.836,,
41529,26.368,,
41877,9.408,,
41309,19.8,,
41379,27,,
41396,21.144,,
41312,25.6,,
41207,19.68,,
40860,21.76,,
40799,18.72,,
40904,31.52,,
41949,13.932,,
41767,45.36,,
41640,13.8,,
41323,33.57,,
41746,31.2,,
41524,19.77,,
41993,49.56,,
41634,18.54,,
41240,15.768,,
41858,43.515,,
41442,18.6507,,
41778,31.8,,
41443,33,,
41865,23.22,,
41222,11.5911,,
40931,30.3,,
41867,22.5225,,
41516,22.437,,
40766,40.97,,
40811,33.792,,
41963,18.7,,
41919,41.96,,
41474,15.576,,
41792,3.798,,
41544,7.83,,
40793,21.864,,
41235,32.985,,
41531,17.64,,
40994,13.11,,
41615,13.86,,
41191,29.04,,
40872,36.36,,
41346,25.02,,
41283,11.13,,
41768,29.322,,
40848,11.664,,
41214,13.38,,
41990,19.68,,
40896,7.929,,
41356,17.52,,
41602,19.86,,
41098,12.864,,
41942,16,,
41963,14.952,,
41963,14.952,,
41382,21.552,,
41268,20.4,,
41968,26.76,,
41348,6.336,,
41962,30.52,,
41008,20.58,,
41645,16.86,,
40771,48,,
41520,22.86,,
41687,8.37,,
41635,265.3785,,
41853,20.82,,
42000,16.875,,
41115,13.95,,
40989,47.64,,
41948,12.852,,
41198,11.808,,
41500,26.55,,
41519,15.282,,
40899,40.26,,
41915,22.5,,
41053,31.92,,
41037,23.16,,
41205,10.044,,
41250,3.96,,
41887,16.784,,
41236,23.912,,
41222,17.34,,
41593,8.26,,
41353,14.98,,
41414,21.4,,
40983,16.776,,
41583,15.176,,
41785,29.84,,
41885,10.9,,
41484,18.9,,
41869,16.784,,
41977,10.32,,
40667,57.68,,
41758,28.08,,
41933,4.768,,
41960,12.42,,
41905,21.96,,
41792,54.96,,
41786,29.04,,
41900,13.68,,
41949,25.44,,
41447,21.408,,
41858,16.02,,
41700,23.79,,
41765,23.244,,
41080,9.564,,
40677,31.4,,
41879,9.74,,
41479,41.2,,
41262,14.4,,
40766,16.08,,
41946,14.72,,
41612,15.76,,
40605,7.848,,
41739,54.18,,
41380,8.94,,
41759,78.84,,
41299,17.37,,
41991,20.64,,
41880,20.196,,
40898,23.6274,,
40563,138.753,,
41932,15.6933,,
40806,21.72,,
41817,15.92,,
41739,12.96,,
41983,12.96,,
40616,10.56,,
41590,6.96,,
41899,20.736,,
41901,9.82,,
40724,21.312,,
41635,17.76,,
41589,14.7,,
40883,10.776,,
41523,10.368,,
41592,14.94,,
41134,11.36,,
41990,13.36,,
41378,6.12,,
40733,14.304,,
40809,9.84,,
41949,101.4,,
42000,13.32,,
40827,23.232,,
42001,8.76,,
41808,13.95,,
41075,9.12,,
41522,29.01,,
41708,11.94,,
41757,16.65,,
41908,13.29,,
40848,6.984,,
40772,29.79,,
41409,12.36,,
41799,10.77,,
41593,31.68,,
41627,10.72,,
41358,19.84,,
41003,25.12,,
41495,12.696,,
41408,34.68,,
41430,39.5,,
41953,17.16,,
41502,18.04,,
41356,6.096,,
40826,21.552,,
40772,31.59,,
41491,21.105,,
41244,6.48,,
41008,21.285,,
40999,20.7,,
41668,15.96,,
41929,40.56,,
41206,33.372,,
41459,17.88,,
41863,16.1415,,
41772,11.28,,
41178,24.948,,
41111,30.48,,
41827,16.056,,
41991,13.23,,
41015,7.872,,
40564,22.96,,
41470,14.07,,
41983,41.54,,
41536,13.08,,
40908,63.2,,
41789,23.55,,
41076,28.752,,
40684,17.94,,
41309,14.368,,
41568,20.86,,
41177,10.76,,
41842,14.94,,
41029,19.8,,
41472,24.1,,
41572,15.552,,
41174,25.424,,
41609,33.36,,
41069,15.768,,
40873,9.84,,
41836,4.788,,
40885,25.35,,
41227,18.84,,
41870,24.192,,
40785,20.664,,
41199,21.078,,
41348,4.185,,
41575,10.68,,
40654,49.47,,
41149,30.21,,
41852,12.012,,
40854,35.136,,
40989,20.064,,
40812,25.8,,
41751,65.712,,
41737,23.616,,
41547,7.504,,
41397,14.76,,
40809,16.76,,
41522,15.74,,
41687,27.3,,
40983,16.785,,
41769,177.12,,
41984,11.82,,
41557,17.388,,
40788,14.6916,,
40875,19.332,,
41419,14.5008,,
40830,13.794,,
41313,10.9281,,
40833,18.513,,
41968,13.7376,,
41408,14.6916,,
41906,26.676,,
41744,13.872,,
41877,9.728,,
40666,21.56,,
41746,26.046,,
40848,10.272,,
41470,29.61,,
41327,10.65,,
41915,22.638,,
40564,19.05,,
41624,14.76,,
41970,27.46,,
41246,9.344,,
41626,13.488,,
41645,29.1,,
41534,13.968,,
41912,15.48,,
40684,20.208,,
41578,8.541,,
41470,9.45,,
41138,4.194,,
40941,17.946,,
41684,18.69,,
41904,23.97,,
40666,16.98,,
41802,18.33,,
41228,16.98,,
41437,17.82,,
41676,5.808,,
41999,17.622,,
41121,13.608,,
41960,14.64,,
41999,11.64,,
40630,30,,
41216,5.448,,
40630,44.82,,
41858,13.68,,
42002,14.04,,
41816,29.28,,
40913,15.24,,
41941,22.536,,
41383,15.768,,
41910,7.98,,
41964,16.24,,
41096,40.368,,
40974,29.22,,
40569,12.78,,
41879,34.02,,
41885,19.2,,
41540,26.88,,
41821,9.045,,
41579,43.578,,
41730,33.7875,,
40567,11.8773,,
41493,23.532,,
40911,15.255,,
41731,93.51,,
41908,20.142,,
41841,14.0934,,
41403,13.8444,,
41971,16.0605,,
40907,9.84,,
41914,19.44,,
41335,26.38,,
41682,21.336,,
40847,11.34,,
41073,32.4,,
40870,6.368,,
41582,8.75,,
40987,11.96,,
41724,11.05,,
40574,10.56,,
41997,44.96,,
40738,31.984,,
41905,17.94,,
40655,9.912,,
41428,11.232,,
40947,9.54,,
41951,7.88,,
40698,13.96,,
40896,14.62,,
41569,28.752,,
41723,14.28,,
41807,11.712,,
41585,10.92,,
41415,14.28,,
41369,6.072,,
41968,48.45,,
41164,27.33,,
40646,18.36,,
40928,14.55,,
41853,5.931,,
41347,18.06,,
40865,10.404,,
41432,6.636,,
40778,12.9,,
40794,24.09,,
41809,14.553,,
41967,15.72,,
40868,6.48,,
41278,25.62,,
41920,10.12,,
41383,25.056,,
41621,21.36,,
41450,17.964,,
40634,15.28,,
41911,18.48,,
41209,13.24,,
41223,21.16,,
41305,13.92,,
41019,25.86,,
41897,618.084,,
41969,13.83,,
41024,155.4,,
41321,8.64,,
41709,27,,
41898,15.24,,
41974,16.173,,
41407,34.92,,
41569,48.84,,
41767,14.628,,
41390,11.484,,
41052,18.444,,
40632,22.05,,
40703,18.504,,
40808,4.608,,
41252,34.02,,
41342,9.702,,
40872,15.696,,
41071,32.4,,
41514,11.68,,
41123,6.368,,
40635,15.84,,
41041,14.592,,
40700,13.984,,
41605,17.856,,
41177,10.48,,
41184,10.944,,
40683,10.332,,
41697,29.6,,
40631,4.53,,
41499,25.26,,
40779,13.74,,
41872,10.14,,
41843,26.37,,
41655,19.56,,
41174,12.06,,
40862,14.7,,
41319,16.092,,
41816,16.68,,
41484,18.66,,
41704,13.8,,
41453,10.224,,
41344,34.92,,
41543,15.3,,
41792,19.14,,
41491,29.196,,
40987,11.31,,
41886,48.66,,
41952,13.05,,
40725,5.148,,
40814,33.96,,
41121,6.336,,
41792,18.72,,
41436,14.24,,
41463,8.6,,
41027,9.88,,
41062,52.9,,
41859,17.61,,
41050,94.8,,
41382,24.84,,
41264,22.4,,
41432,41.6,,
41592,17.58,,
41045,9.54,,
40841,11.58,,
41865,11.25,,
40627,6.855,,
41695,84.18,,
41767,144.045,,
40625,275.3442,,
41432,17.46,,
40872,160.644,,
41418,20.628,,
41978,28.44,,
41901,10.86,,
41478,11.648,,
41715,6.48,,
41821,22.23,,
40982,16.52,,
41838,10.56,,
41927,27.396,,
40899,11.76,,
41908,24.448,,
41977,13.344,,
41999,21,,
41508,11.94,,
40647,18.54,,
40757,10.566,,
40742,13.47,,
41295,24.45,,
41177,10.05,,
41601,14.43,,
41832,7.26,,
41038,29.664,,
41645,7.35,,
41975,11.46,,
41641,14.37,,
41137,22.47,,
41905,12.876,,
41074,15.15,,
41820,16.44,,
41542,7.209,,
41122,6.69,,
41213,19.764,,
41418,21,,
41316,38.58,,
41436,21.9,,
41798,10.72,,
41054,21.36,,
41495,46.536,,
41271,47.3,,
40747,9.66,,
41066,20.68,,
41355,22.48,,
41165,12.66,,
41631,14.2,,
41864,18.36,,
41935,936.27,,
41474,13.2,,
41953,27.96,,
41527,83.07,,
40836,27.108,,
41360,13.527,,
41514,66.6,,
41072,11.61,,
41784,7.5684,,
41998,37.86,,
41417,6,,
41971,26.892,,
41432,29.6535,,
41854,44.352,,
41807,191.98,,
40858,21.72,,
41936,13.72,,
41638,38.088,,
41398,26.406,,
41102,6.912,,
40834,10.048,,
40735,10.368,,
41145,7.152,,
41999,18.18,,
40949,12.096,,
41513,13.26,,
41536,10.584,,
41949,15.39,,
41435,9.33,,
41048,21.465,,
41139,16.98,,
41169,8.25,,
41425,16.74,,
41894,14.19,,
40941,14.64,,
41951,27.78,,
41552,19.14,,
40765,12.528,,
41891,6.228,,
41503,13.2,,
41326,14.382,,
40842,12.36,,
40637,8.16,,
41906,20.316,,
41814,20.78,,
41885,19.344,,
41839,8.514,,
41704,13.584,,
41421,13.66,,
40799,19.32,,
41771,20.4,,
41570,13.56,,
41386,36.78,,
41449,14.4,,
41957,20.82,,
41422,8.86,,
41213,18.04,,
41253,28.35,,
41855,11.43,,
41502,45.15,,
41853,27.72,,
41243,44.01,,
41932,8.25,,
40655,17.52,,
41879,15.54,,
41922,24.72,,
41499,24.48,,
41064,13.959,,
41258,17.88,,
41604,15.2322,,
41960,21.96,,
41802,11.988,,
40822,8.34,,
41039,39.6,,
41620,14.8,,
41739,17.43,,
41005,7.968,,
41060,15.75,,
41778,14.56,,
41771,37.59,,
41299,9.21,,
41801,8.4,,
41780,6.98,,
41146,20.104,,
41634,35.445,,
41508,12.96,,
41400,5.728,,
41701,18.528,,
41848,12.96,,
41788,15.552,,
41939,55.616,,
40808,13.04,,
41613,45.21,,
41911,21.888,,
41144,6.858,,
40658,14.679,,
41909,10.05,,
41367,8.874,,
41599,19.56,,
41498,27.9,,
41079,13.86,,
41207,13.68,,
40753,16.02,,
41947,13.29,,
41723,24,,
41934,38.64,,
41752,17.184,,
40747,22.92,,
41305,19.56,,
40849,14.49,,
41171,26.88,,
41827,17.07,,
41660,16.5,,
41653,54.12,,
40571,27.648,,
40568,20.13,,
41659,12.66,,
41310,21.96,,
41836,17.73,,
41177,19.98,,
41625,15.378,,
40869,10.6848,,
41942,24.084,,
41471,18.0783,,
41984,18.0783,,
41242,33.231,,
41123,30.6711,,
40809,12.96,,
40875,34.287,,
41789,19.278,,
41212,14.04,,
40747,8.16,,
41806,19.56,,
41795,6.37,,
41979,14.976,,
40851,19.44,,
41590,9.888,,
41856,8.784,,
41260,13.12,,
41425,45.36,,
40949,77.24,,
40882,15,,
41928,11.68,,
41722,20.04,,
41254,10.332,,
41832,29.8,,
41522,16.56,,
41949,12.96,,
41433,9.648,,
41467,23.01,,
41627,42.192,,
41753,8.37,,
41808,7.812,,
41075,25.044,,
40905,110.7,,
41541,14.43,,
41914,19.764,,
41264,10.77,,
41145,10.98,,
41845,27.12,,
41740,12.8,,
41536,15.4,,
41246,26,,
40876,16.056,,
40714,8.208,,
41767,9.3,,
40843,19.68,,
41755,18.036,,
40712,11.32,,
41222,39.8,,
41976,17.37,,
41661,26.52,,
41501,16.875,,
41026,43.65,,
41027,40.26,,
41960,17.52,,
41146,11.31,,
41697,5.04,,
41408,11.13,,
41896,31.5,,
41898,11.4,,
40638,13.26,,
41365,20.8449,,
41443,16.74,,
40794,14.31,,
41234,9.9216,,
41842,18.468,,
40876,12.384,,
40777,12.3,,
41561,11.52,,
40646,17.856,,
41445,17.12,,
41243,10.584,,
40885,13.88,,
41442,46.35,,
40807,11.352,,
41985,10.368,,
41495,10.56,,
40564,13.98,,
41794,15.552,,
41463,9.42,,
41529,20.736,,
41898,12.42,,
40595,12.96,,
41962,7.38,,
41017,7.872,,
41058,8.04,,
41712,8.328,,
41947,11.646,,
40756,3.321,,
41264,9.6,,
40862,38.52,,
41894,6.687,,
41956,8.79,,
41584,28.35,,
40603,16.53,,
41898,18.528,,
40999,11.58,,
41376,11.1,,
41739,14.112,,
41908,19.94,,
41307,40.4,,
41744,16,,
40920,8.136,,
41885,19.04,,
41418,12.848,,
40645,22.4,,
40759,16.4,,
41544,12.06,,
41381,17.28,,
40751,54.9,,
41415,6.4,,
41584,10.944,,
41021,6.04,,
41570,23.148,,
41547,9.52,,
41624,14.76,,
41708,18.09,,
41808,10.74,,
41597,18.99,,
41187,20.9244,,
41654,14.01,,
41856,41.7216,,
41764,22.38,,
41899,16.155,,
41817,13.8807,,
41887,21.708,,
41047,24.966,,
41073,15.066,,
41969,24.96,,
41148,12.456,,
41106,19.98,,
40553,31.2,,
41618,9.392,,
40570,16.68,,
41933,39.96,,
41144,10.368,,
41992,18.704,,
41983,14.94,,
41766,11.06,,
40619,4.448,,
41731,23.976,,
41544,12.96,,
40550,6.54,,
41907,12.72,,
41225,15.56,,
40858,10.984,,
41626,13.95,,
40816,13.194,,
41764,5.772,,
41579,22.41,,
41726,20.58,,
41298,13.11,,
41788,12.24,,
41586,10.38,,
41501,12.51,,
41229,19.02,,
41170,10.26,,
41871,13.056,,
40599,8.88,,
41972,14.944,,
41814,9.52,,
41780,22.64,,
41866,11,,
41077,14.04,,
41953,28.12,,
41002,21.48,,
41355,18.792,,
41094,33.64,,
41003,12.18,,
41089,15.633,,
41953,14.76,,
40875,17.85,,
41409,21.96,,
41661,11.82,,
41806,6.39,,
41918,40.05,,
41211,64.44,,
41468,13.38,,
41507,23.64,,
41844,13.128,,
41440,8.73,,
41979,20.94,,
40743,20.88,,
41589,22.248,,
41639,13.712,,
41850,33.48,,
41720,8.544,,
41801,15.58,,
41817,13.872,,
41521,14.76,,
41948,7.536,,
40586,14.94,,
40750,17.496,,
41865,8.883,,
41724,10.95,,
41668,17.046,,
40911,155.358,,
41374,5.76,,
41365,12.663,,
41846,18.75,,
41941,14.688,,
41814,11.37,,
40966,10.215,,
41863,59.52,,
40837,25.416,,
41206,18.52,,
41647,17.28,,
41907,31.52,,
41200,19.236,,
41537,10.572,,
40697,7.6,,
41194,7.68,,
40724,14.64,,
41815,18.528,,
41752,40.98,,
41061,16.64,,
41071,33.78,,
41271,17.56,,
41416,26.82,,
41898,17.73,,
41438,11.1,,
40894,13.38,,
40764,23.34,,
41747,28.2366,,
41194,7.2,,
41163,30.348,,
41984,14.1192,,
40701,190.89,,
41943,18.5076,,
41621,33.15,,
40863,21.3696,,
41131,23.616,,
42002,13.96,,
41832,8.67,,
40613,10.464,,
41528,6.69,,
41110,141.4,,
41410,8.34,,
41940,7.056,,
41536,5.352,,
40906,23.976,,
41960,23.36,,
41638,11.232,,
40621,4.992,,
41869,8.56,,
41438,11.264,,
41061,28.91,,
41787,27.192,,
41937,11.68,,
41372,33.528,,
41887,19.2,,
41767,24.48,,
41642,12.456,,
41064,7.173,,
41909,14.976,,
41687,16.938,,
41485,12.771,,
41863,10.572,,
41491,8.928,,
41919,12.408,,
40756,13.38,,
41908,42.912,,
41998,13.44,,
41817,14.64,,
41436,19.98,,
40782,17.88,,
41954,15.21,,
41943,14.22,,
41997,7.62,,
42001,31.848,,
41124,18.8,,
41794,15.84,,
41850,11.184,,
41941,13.32,,
41570,7.992,,
41946,17.244,,
41179,26.912,,
41564,14.08,,
41984,16.218,,
41267,15.92,,
41986,14.6,,
41992,18.564,,
41114,3.496,,
41860,42.45,,
41722,27.96,,
41746,39.54,,
41176,11.61,,
41417,51.6,,
41871,10.707,,
41404,12.57,,
41916,22.6008,,
41786,22.32,,
41210,24.1,,
40807,6.48,,
41179,15.08,,
41639,6.924,,
41479,11.416,,
41760,5.76,,
41783,18.32,,
41018,19.568,,
40854,30.18,,
41233,7.23,,
40796,21.728,,
41977,10.368,,
41438,6.984,,
41297,99.98,,
41950,18.16,,
41638,14.22,,
41949,17.4,,
41177,16.668,,
40813,8.58,,
41251,10.95,,
40763,16.62,,
41220,10.26,,
41239,16.71,,
41442,26.052,,
41901,11.292,,
41766,10.65,,
41675,11.4,,
41982,15.624,,
40922,11.43,,
41294,14.52,,
41417,25.05,,
40847,13.29,,
41806,18.92,,
41447,7.92,,
41418,21.84,,
41815,17.62,,
41677,14.04,,
40596,9.78,,
41667,122.13,,
41300,13.992,,
40554,22.05,,
41914,9.6,,
41956,13.11,,
41123,11.55,,
41642,78.246,,
41079,20.07,,
41753,10.761,,
41528,19.764,,
41509,13.8012,,
40669,11.196,,
41549,8.73,,
41527,6.57,,
41452,14.9,,
41908,8.26,,
41992,32.4,,
41267,19.936,,
41009,12.832,,
41844,11.68,,
41704,18.69,,
41654,18.336,,
40984,7.38,,
41177,6.336,,
41609,13.76,,
41520,8.608,,
41638,14.03,,
41586,12.81,,
41255,13.14,,
41922,22.2,,
41274,22.2,,
41228,15.33,,
41717,13.68,,
41137,15.54,,
40889,18.9,,
41863,49.32,,
40669,14.088,,
40788,12.3,,
41992,15.48,,
41801,10.26,,
41926,12.93,,
40749,14.22,,
41659,19.584,,
40877,19.16,,
41211,18.2,,
41920,12.9,,
41172,17.2,,
41178,181.116,,
41272,17.28,,
41306,22.912,,
40841,27.72,,
41714,25.84,,
41922,10.044,,
40652,22.144,,
41304,9.144,,
41941,17.16,,
41946,18.76,,
41069,11.88,,
41463,188.76,,
41736,13.62,,
40983,37.875,,
41069,20.97,,
41110,19.5,,
40889,26.82,,
41246,22.47,,
41537,15.48,,
40807,24.2526,,
40854,22.3713,,
41190,18.7605,,
41936,31.482,,
41956,12.7836,,
41446,18.4617,,
41590,9.063,,
40990,17.28,,
41187,22.572,,
41399,30.51,,
40777,53.703,,
41983,9.708,,
40794,32.97,,
41110,26.4,,
41849,9.984,,
41661,14.4,,
41669,8.34,,
40827,7.31,,
41603,25.35,,
41233,13.98,,
41234,23.344,,
41624,19.44,,
41720,8.856,,
41317,10.68,,
41779,18.693,,
40756,11.73,,
41999,3.411,,
41510,31.17,,
41458,15.768,,
41702,12.3,,
40766,15.57,,
41299,16.02,,
41698,15.6,,
41583,19.2,,
40898,22.41,,
41774,16.71,,
40767,18.66,,
41089,13.38,,
41750,17.334,,
41638,6.192,,
41905,14.26,,
40872,124.56,,
41167,28.64,,
41155,8.96,,
40605,12.372,,
40892,14.64,,
41383,10.176,,
41597,12.18,,
41418,13.2,,
40938,26.88,,
40892,103.56,,
41081,23.7,,
40996,83.2158,,
41712,21.0705,,
41943,10.3455,,
41806,30.699,,
41528,13.59,,
41376,26.946,,
40859,7.2,,
41662,11.96,,
41885,15.072,,
41233,19.46,,
41998,17.88,,
41421,19.44,,
41900,12.96,,
41660,24.2,,
40645,18.088,,
40715,44.416,,
41915,8.94,,
41481,20.936,,
41078,13.632,,
41554,28.85,,
41985,14.952,,
41928,14.73,,
40886,10.688,,
41486,9.248,,
41751,20.736,,
41547,10.496,,
41998,21.312,,
41761,4.608,,
41654,12.12,,
40659,14.28,,
41138,21.48,,
40761,16.14,,
41152,17.55,,
41506,13.5,,
41540,12.81,,
41295,17.88,,
40697,22.29,,
40991,9.162,,
40981,95.22,,
41144,8.73,,
40771,13.53,,
41160,13.329,,
41663,21.99,,
41206,19.86,,
41549,12.44,,
41794,8.86,,
41587,5.328,,
41197,14.176,,
41062,11.4,,
41179,18.84,,
41079,13.456,,
41789,30.24,,
41825,18.56,,
41428,9.432,,
41066,5.94,,
41593,16.72,,
41213,23.296,,
41187,35.24,,
41082,24.3,,
41919,15.9,,
41827,21.54,,
41470,19.044,,
40921,10.86,,
41076,15.48,,
41290,23.355,,
40614,242.028,,
41426,24.93,,
41746,17.46,,
41484,26.712,,
41983,15.114,,
41452,114.81,,
41618,60.34,,
41956,10.56,,
41829,12.96,,
40904,11.56,,
41402,44.4,,
41005,9.648,,
40818,9.408,,
41839,16.096,,
41268,17.34,,
40719,9.328,,
40889,12.54,,
41836,7.83,,
41473,12.816,,
41835,9.248,,
41404,19.136,,
41342,27.96,,
41397,12.56,,
41680,8.469,,
41519,11.64,,
41545,20.736,,
41957,15.15,,
41362,9.87,,
41694,30.45,,
40610,16.53,,
41442,12.24,,
40712,3.6,,
41214,5.58,,
41741,17.55,,
40882,16.398,,
41106,18.936,,
41724,16.62,,
40799,10.74,,
41823,12.636,,
41411,27.32,,
40871,9.06,,
41813,15.072,,
41538,16.92,,
41458,5.64,,
41986,15.96,,
41887,14.7,,
40952,7.98,,
41864,19.68,,
41101,28.8,,
41145,17.145,,
41513,27.06,,
40924,17.73,,
41642,24.72,,
41869,42.12,,
41060,11.025,,
40603,12.636,,
41764,13.41,,
41766,17.946,,
41638,19.656,,
41564,31.212,,
41404,13.05,,
41904,20.46,,
40781,6.0261,,
41935,12.936,,
41419,33.1668,,
40605,19.456,,
40766,12.35,,
41811,5.248,,
41598,17.28,,
41526,14.76,,
41382,18.624,,
41992,6.63,,
41194,12.56,,
41355,13.392,,
40987,14.496,,
41004,14.85,,
41957,8.64,,
40837,36.36,,
40764,5.98,,
41010,67.36,,
41176,16.464,,
40843,11.952,,
41233,32.04,,
41346,16.668,,
41134,15.96,,
41866,16.152,,
40873,15.33,,
40854,10.92,,
41716,8.442,,
41425,23.25,,
41135,14.19,,
40870,114,,
41863,13.38,,
41596,11.88,,
41522,17.52,,
41107,14.82,,
41072,14.58,,
41541,9.996,,
41878,7.536,,
41067,12.32,,
41799,15.24,,
41974,11.92,,
41408,17.376,,
40609,15.88,,
41121,13.608,,
41634,8.84,,
41114,5.244,,
41575,15.48,,
41400,24.44,,
41966,160.92,,
40711,26.88,,
41653,31.56,,
40766,32.28,,
41632,13.68,,
41894,8.55,,
40890,10.38,,
40969,50.94,,
41654,34.11,,
41550,14.55,,
41846,45.96,,
41570,13.23,,
41859,22.0374,,
41675,14.19,,
41281,45.117,,
41365,21.2106,,
40989,29.16,,
40553,12.4974,,
41022,28.512,,
41954,6.45,,
40945,16.236,,
41975,221.55,,
41373,17.04,,
41452,14.7,,
41586,14.82,,
41716,18.75,,
41747,12.03,,
40809,12.94,,
40820,29.24,,
41618,20.568,,
41373,17.92,,
41173,14.6,,
40728,21.84,,
40619,12.96,,
41835,13.12,,
40613,7.98,,
41184,11.032,,
40777,7.632,,
41277,11.88,,
41956,14.04,,
41545,149.544,,
40653,8.91,,
41009,13.38,,
41655,12.36,,
41999,11.904,,
40598,9.27,,
40750,32.13,,
41444,34.2,,
41373,6.66,,
41905,12.36,,
40991,12.048,,
41584,13.83,,
40630,21.48,,
41858,8.49,,
41641,15.15,,
40765,15.84,,
41990,14.076,,
41961,16.65,,
41940,24.72,,
41695,12.732,,
41152,11.43,,
41144,41.76,,
41008,11,,
41905,14.256,,
41077,16.836,,
41652,12.36,,
40826,11.28,,
40981,22.76,,
41914,13.08,,
41382,11.472,,
41965,9.588,,
41360,11.12,,
41976,25.14,,
41964,24.72,,
40633,20.64,,
41094,56.943,,
41288,16.02,,
40985,42.795,,
41915,15.714,,
41510,6,,
41752,21.6,,
41242,29.28,,
41060,11.91,,
41996,28.998,,
40812,12.78,,
41443,12.672,,
41120,5.28,,
41950,15.28,,
41320,8.72,,
41795,12.48,,
41824,23.99,,
41984,19.104,,
41831,18.84,,
40656,22.336,,
41582,7.98,,
40945,5.68,,
41913,3.89,,
40632,10.5,,
41750,15.76,,
41950,8.505,,
40865,11.076,,
41455,19.08,,
41631,15.42,,
41716,9.24,,
41177,14.55,,
41254,13.992,,
41591,5.412,,
41591,22.68,,
41876,8.82,,
41817,23.7,,
41992,51.93,,
40679,10.752,,
40870,15.924,,
41611,19.56,,
41862,28.56,,
41087,28.72,,
41311,19.86,,
41813,15.036,,
41719,13.824,,
41760,13.248,,
41907,32,,
41020,43.68,,
41215,23.82,,
41353,39.2,,
41764,16.8,,
40805,43.632,,
41816,13.98,,
41584,15.9,,
41502,19.77,,
40719,17.955,,
41954,26.94,,
41883,33.21,,
41151,25.08,,
41898,14.88,,
41137,12.3,,
41565,11.97,,
40711,19.2,,
41123,10.5,,
40603,21.546,,
40652,15.444,,
41418,32.472,,
40736,7.712,,
41446,15.552,,
41629,15.42,,
40859,7.872,,
41265,17.12,,
41978,13.392,,
40689,13.392,,
41997,13.84,,
41907,15.57,,
41202,16.02,,
40904,4.984,,
41715,5.193,,
41753,11.664,,
41386,15.48,,
41958,34.24,,
41548,44.82,,
40558,14.706,,
41855,14.52,,
41104,6.192,,
41885,4.77,,
41933,14.88,,
41940,13.644,,
40605,23.88,,
41955,22.32,,
40787,18.24,,
41201,15.84,,
41643,8.208,,
41701,7.929,,
40722,8.904,,
41241,11.58,,
40837,38.4,,
41796,6.04,,
41925,15.28,,
41462,51.52,,
41099,28.04,,
41320,13.61,,
41796,6.4,,
41821,21.9,,
41566,19.3,,
41754,8.64,,
41511,22.38,,
41080,14.07,,
41814,29.988,,
41115,21.825,,
41981,20.16,,
41432,13.44,,
41747,17.0316,,
41806,29.79,,
41190,32.58,,
41227,21.54,,
41971,21.7035,,
41971,37.08,,
41893,24.9,,
41274,14.76,,
41934,17.856,,
41744,10.776,,
41495,15.24,,
41500,8.52,,
41464,15.984,,
41890,7.857,,
41684,10.71,,
40997,5.56,,
41220,16.146,,
40735,18.28,,
41443,7.96,,
41137,10.368,,
40698,15.56,,
40716,8.226,,
41863,25.92,,
41082,11.34,,
40573,5.022,,
41065,13.518,,
41326,9,,
40801,12.9,,
41842,3.654,,
41232,13.68,,
40812,29.85,,
40854,9.666,,
42002,16.98,,
41899,49.77,,
41538,9.76,,
41027,26.016,,
40644,13.14,,
41291,17.12,,
40897,9.648,,
41044,12.096,,
41914,13.18,,
41068,11.22,,
41341,25.06,,
41410,23.724,,
41541,20.16,,
41410,22.92,,
41120,8.01,,
41899,13.38,,
41072,19.77,,
41755,17.28,,
40792,33.21,,
41290,324.06,,
41761,22.68,,
41694,14.355,,
40903,197.64,,
41586,130.62,,
41641,36.45,,
41795,25.6149,,
40716,36.66,,
40920,13.392,,
41558,14.112,,
41947,10.116,,
41760,13.896,,
41537,17.04,,
40954,13.36,,
41841,14.62,,
41071,29.16,,
41885,9.4,,
41381,12.84,,
41724,23.1,,
41405,11.96,,
41750,14.56,,
40738,13.494,,
41531,14.4,,
41666,11.84,,
40800,6.848,,
41047,10.86,,
41072,24.56,,
40812,32.896,,
41108,7.38,,
41915,18.24,,
41193,12.852,,
41202,18.93,,
41969,13.56,,
41466,8.748,,
41932,8.76,,
41436,19.35,,
41901,20.82,,
41949,19.2,,
40794,24.576,,
41417,22.56,,
41901,6.72,,
41547,11.37,,
41803,10.26,,
40884,48.48,,
41983,17.52,,
41759,14.19,,
40798,15.84,,
41115,10.68,,
41238,44.82,,
41285,17.7,,
41719,13.04,,
40901,62.46,,
41962,18.66,,
41579,16.24,,
41944,9,,
41960,9.456,,
41597,14.56,,
41121,13.2,,
41841,10.728,,
41026,12.9,,
41647,21.6,,
40878,11.67,,
40736,23.88,,
41226,9.54,,
41524,13.98,,
41990,6.81,,
40682,14.94,,
41925,13.23,,
40651,8.04,,
40794,11.8026,,
41879,12.69,,
41806,11.6034,,
41946,10.5078,,
41530,6.264,,
41027,12.176,,
41466,16.768,,
40548,11.784,,
40605,9.99,,
41407,10.96,,
40985,15.02,,
40872,24.672,,
41599,7.068,,
41834,39.594,,
41789,7.98,,
41655,4.276,,
41521,12.76,,
40801,14.94,,
40988,25.23,,
41767,9.888,,
41221,13.44,,
40817,8.91,,
41461,3.87,,
41634,7.95,,
41677,19.932,,
41704,14.28,,
41526,22.2,,
41543,19.5,,
41745,5.316,,
41775,11.37,,
41815,18.84,,
41204,13.65,,
41663,13.2,,
41443,12.57,,
41139,15.75,,
41438,4.632,,
41538,32.04,,
40760,6.18,,
40729,19.6,,
41638,13.608,,
40794,13.296,,
41769,22.4,,
41895,14.4,,
41904,11.64,,
40640,14.32,,
41939,31.168,,
41999,20.97,,
41999,20.004,,
40688,24.09,,
41648,71.04,,
41135,35.1,,
41513,14.07,,
41959,40.068,,
40584,9.165,,
41442,9.774,,
41569,12.69,,
41272,21.4968,,
40921,4.41,,
41030,13.284,,
41425,14.952,,
41948,23.68,,
41500,11.232,,
40724,5.248,,
41747,20.736,,
41998,14.376,,
40904,12.84,,
41485,2.214,,
41856,7.968,,
41906,20.736,,
41484,20.44,,
41257,15.24,,
41687,14.99,,
41991,24.816,,
41078,33.02,,
41892,6.258,,
41786,12.96,,
41964,43.128,,
41766,15.624,,
41873,10.08,,
41711,14.661,,
41386,8.73,,
42003,58.8,,
42002,13.32,,
40698,21.6,,
41053,14.49,,
41953,21.54,,
41233,7.02,,
41730,12.9,,
41208,61.254,,
40898,15.12,,
41512,9.135,,
41530,14.157,,
41949,14.7,,
40620,14.4,,
41233,13.5,,
41327,13.83,,
41074,22.74,,
41435,21.12,,
40700,8.928,,
41417,32.19,,
41477,11.712,,
40975,3.84,,
41604,9.68,,
41956,12.348,,
41087,19.6,,
41489,12.24,,
41426,32.736,,
41542,17.92,,
40800,17.52,,
41372,11.824,,
41891,29.6,,
41956,10.548,,
40876,7.36,,
41347,10.8,,
41206,9.33,,
41585,70.434,,
40603,17.82,,
40995,23.64,,
41988,12.375,,
41438,11.43,,
41219,37.08,,
40842,17.2755,,
40875,16.02,,
40767,24.462,,
41898,21.69,,
41934,19.77,,
41508,22.29,,
41879,18.306,,
41790,14.4,,
41244,7.26,,
41071,11.907,,
41547,8.3316,,
41600,14.94,,
40970,13.356,,
41845,45.225,,
41418,18.414,,
40586,13.83,,
41996,9.381,,
41612,6.3,,
40654,16.52,,
41057,13.05,,
41803,19.04,,
41622,9.84,,
41375,12.96,,
41621,26.86,,
41765,9.552,,
41169,14.9,,
41623,14.62,,
41184,7.38,,
41108,5.76,,
41474,11.264,,
40593,12.624,,
41933,6.672,,
41967,4.36,,
40756,16.116,,
41983,15.57,,
41891,16.71,,
40781,12.54,,
40772,11.172,,
41576,10.26,,
40925,29.22,,
41250,21.012,,
41367,22.17,,
41163,12.192,,
41149,12,,
41409,19.2,,
41014,13.824,,
41935,13.32,,
41538,21.9,,
41603,8.928,,
40745,11.544,,
41953,17.48,,
41426,19.24,,
40906,14.56,,
41617,28.72,,
41793,20.16,,
41754,17.632,,
41989,22.2,,
41192,34.428,,
41633,17.892,,
41269,14.7,,
41008,17.2,,
41363,17.2,,
41505,16.86,,
41591,11.32,,
40935,13.68,,
41873,17.82,,
41641,8.85,,
41660,146.79,,
40897,40.2,,
41940,7.62,,
41409,16.74,,
41317,14.55,,
41639,18.66,,
40649,16.8,,
41801,146.88,,
41031,42.1308,,
40766,14.61,,
41215,162.69,,
41376,6.318,,
42002,21.8784,,
41600,18.432,,
41148,32.94,,
41732,25.11,,
40996,15.552,,
40992,6.992,,
41526,14.136,,
41607,7.434,,
41100,3.366,,
40651,11.62,,
41261,18.432,,
41541,4.08,,
40850,11.64,,
41858,24.64,,
41905,12.96,,
41526,14.88,,
40736,16.032,,
41673,30.96,,
40962,10.896,,
40843,10.368,,
41559,5.344,,
41614,13.4,,
41642,16.11,,
41624,39.54,,
42002,10.53,,
41515,23.1,,
40977,5.34,,
41482,14.55,,
41263,198.09,,
41228,7.908,,
41667,4.41,,
41970,12.57,,
41159,3.258,,
41646,5.91,,
40905,12.96,,
40952,24.78,,
41768,5.076,,
41633,7.335,,
41733,8.688,,
40709,13.44,,
41475,20.184,,
41806,16.84,,
41550,7.38,,
41921,17.76,,
41627,18.92,,
41732,20.064,,
41212,27.36,,
41932,8.904,,
41859,12.64,,
40775,27.78,,
41400,18.68,,
41038,10.95,,
41713,58.212,,
41961,16.02,,
41735,22.11,,
41570,18.93,,
41275,10.08,,
41884,14.094,,
41909,33.924,,
40829,27.918,,
41862,12.72,,
41502,73.02,,
41911,27.24,,
41102,16.29,,
41501,16.9335,,
41576,30.078,,
41374,13.5468,,
41755,33.36,,
40714,11.648,,
41092,11.952,,
41964,27.58,,
41605,3.744,,
41801,11.56,,
41589,9.98,,
41935,32.7,,
40904,10.98,,
41641,12.736,,
41251,15.696,,
41593,13.98,,
40567,5.94,,
41897,11.25,,
41873,5.352,,
40959,15.57,,
41767,11.196,,
41547,15.57,,
41493,21.933,,
41433,46.92,,
41586,13.29,,
41330,4.8,,
41858,166.89,,
41482,9.84,,
41687,14.04,,
41587,38.55,,
41842,18.288,,
40589,30.06,,
41625,8.7,,
41888,5.91,,
41591,8.79,,
41492,8.85,,
41438,10.968,,
40737,12.16,,
41067,21.024,,
41495,33.6,,
41953,16.48,,
41543,107.1,,
41730,12.888,,
41218,19.032,,
40746,16.776,,
41709,9.3,,
41425,21.816,,
41071,13.44,,
41871,14.688,,
41303,20.97,,
41302,9.6,,
41417,11.43,,
41995,11.85,,
41889,11.82,,
40862,14.2146,,
41374,18.126,,
41438,10.2588,,
41913,11.52,,
41808,16.686,,
41052,14.4171,,
41625,78.264,,
41250,2.61,,
41074,51.072,,
41893,7.184,,
40872,23.88,,
41238,13.12,,
40875,14.67,,
41089,20.104,,
41992,12.96,,
41164,12.6,,
41879,5.952,,
41716,10.272,,
41431,11.16,,
41262,5.04,,
41936,9.762,,
40878,8.128,,
41967,11.52,,
40564,19.36,,
40604,11.36,,
40621,33.57,,
40757,21.2,,
40836,8.682,,
41078,6.129,,
41983,13.005,,
41799,17.52,,
41528,7.38,,
41234,24.588,,
41200,17.94,,
41575,40.67,,
41346,15.156,,
41597,13.2,,
41618,9,,
41263,10.95,,
41753,14.52,,
41165,20.304,,
41438,20.544,,
41901,117.18,,
41892,10.92,,
41908,11.58,,
41879,7.065,,
40567,15.36,,
41541,13.02,,
41319,9.405,,
41406,5.592,,
40869,16.384,,
41782,25.088,,
41304,9.744,,
41887,24,,
41669,13.44,,
41010,27.6,,
41258,172.832,,
41191,12.8,,
41247,56.832,,
41706,27.32,,
41544,18.24,,
41205,12.816,,
40896,14.2,,
40691,54.18,,
41418,10.416,,
40724,11,,
41360,19.02,,
40849,7.6,,
40890,63.76,,
41856,9.78,,
40597,47.352,,
41453,40.26,,
40575,11.82,,
40905,14.97,,
41288,14.52,,
41684,79.29,,
40639,14.58,,
41628,12.852,,
41031,11.6781,,
41248,22.626,,
41632,36.729,,
41005,11.46,,
40939,32.96,,
41153,4.752,,
41267,14.04,,
40756,17.544,,
41420,19.36,,
41617,12.957,,
40818,7.16,,
41724,6.848,,
41363,13.48,,
40777,3.912,,
41375,23.2,,
41537,11.952,,
40857,12.84,,
41623,17.15,,
41263,11.696,,
41531,17.61,,
41762,15.7,,
41957,11.21,,
41803,8.856,,
41568,12.9,,
40771,16.05,,
41767,13.056,,
41620,13.68,,
41138,16.65,,
41149,6,,
41885,11.1,,
41383,6.72,,
41359,22.86,,
41984,18.84,,
41709,17.496,,
41997,15.912,,
41253,9.135,,
41887,13.2,,
41241,8.34,,
41229,26.28,,
41162,45.69,,
41199,17.13,,
41227,11.84,,
40992,7.38,,
41572,33.12,,
41810,7.9,,
41430,25.42,,
41333,6.84,,
41933,7.62,,
41075,26.505,,
41618,21.12,,
41712,13.14,,
40869,6.9642,,
41052,7.3953,,
41954,18.81,,
40899,12.615,,
41579,11.58,,
41641,13.788,,
41547,15.936,,
40591,7.96,,
41255,7.86,,
40859,11.96,,
41523,9.555,,
41452,22.14,,
41589,20.368,,
41050,20.768,,
41755,8.896,,
41971,57.568,,
40848,21.4,,
40858,7.78,,
41541,11.952,,
41712,27.12,,
41902,4.842,,
41865,14.76,,
41844,63.312,,
41552,11.568,,
40777,11.56,,
41200,249.584,,
40775,20.12,,
41950,19.728,,
41703,7.656,,
41502,11.94,,
41492,5.7,,
41495,11.862,,
41170,9.912,,
41902,15.33,,
41971,79.704,,
41089,17.04,,
40871,19.572,,
40701,21.492,,
41074,556.92,,
41129,23.16,,
40774,14.816,,
40792,7.02,,
41814,15.64,,
40936,37.64,,
40810,12.44,,
41363,17.22,,
41570,8.472,,
40823,13.072,,
41491,11.25,,
41646,20.97,,
41844,16.71,,
41820,133.56,,
41836,10.08,,
40875,24.48,,
41445,7.26,,
41131,21.5922,,
41408,33.12,,
41449,24.192,,
41908,23.43,,
41582,39.204,,
41229,23.85,,
41439,9.27,,
41606,10.74,,
41222,10.08,,
41890,13.896,,
41766,32.382,,
41775,4.752,,
41598,10.78,,
40613,8.32,,
41716,13.776,,
41170,11.68,,
41636,10.368,,
41254,13.12,,
41886,5.56,,
41473,12.42,,
41405,7.072,,
41145,6.912,,
41060,8.28,,
40855,11.28,,
41615,16.284,,
41873,14.208,,
41884,28.062,,
41229,29.49,,
40708,11.55,,
41808,5.91,,
41226,39.48,,
41503,21.78,,
41829,22.455,,
41327,25.38,,
41704,10.95,,
41223,15.24,,
41225,15.6,,
40699,61.8,,
40703,35.84,,
41596,12.8,,
41246,12.48,,
41890,44.8,,
41975,7.7,,
41199,8.56,,
41759,9.06,,
41974,15.615,,
41852,8.34,,
41061,10.08,,
40547,17.01,,
41736,11.46,,
41904,17.01,,
41723,21.84,,
41569,14.784,,
41284,11.8524,,
41331,12.474,,
41684,410.22,,
41155,11.85,,
40861,11.1936,,
40926,14.256,,
40780,4.72,,
41967,28.4,,
41436,20.7,,
41582,8.82,,
40619,19.68,,
41167,12.96,,
41095,7.23,,
41900,11.784,,
41680,12.992,,
41225,11.76,,
40666,10.896,,
40911,10.368,,
41491,11.784,,
41890,13.48,,
41595,8.32,,
40977,4.608,,
41464,12.96,,
41641,13.748,,
40767,5.552,,
41221,4.712,,
41404,13.184,,
41873,32.088,,
41668,10.77,,
41859,15.18,,
40870,11.52,,
41313,8.28,,
41246,14.022,,
41677,9.564,,
41540,20.208,,
41869,13.5,,
41879,14.7,,
41799,14.04,,
40938,6.03,,
41436,11.82,,
40809,8.55,,
41219,11.232,,
41067,25.308,,
41264,16.092,,
40913,23.48,,
41803,5.72,,
41425,10.92,,
41897,13.68,,
41745,13.26,,
41067,12,,
40833,17.28,,
41425,21.84,,
40553,16.1,,
41877,7.38,,
41406,12.312,,
41996,30.3,,
41874,19.665,,
41003,56.61,,
41859,29.76,,
41632,15.48,,
41584,9.6,,
40629,9.234,,
41438,10.53,,
41295,14.13,,
41479,29.22,,
40957,9.12,,
40550,17.76,,
41978,39.33,,
41079,8.43,,
41208,72.954,,
41702,11.934,,
41246,10.752,,
42004,13.904,,
41185,15.008,,
41214,13.52,,
41067,7.52,,
41756,20.34,,
41541,28,,
41418,10.368,,
41734,16.98,,
40811,14.576,,
41310,14.73,,
41978,12.99,,
40890,12.39,,
41582,4.158,,
40898,17.28,,
41575,9.728,,
41619,6.48,,
41751,12.24,,
41874,21.48,,
40866,14.19,,
41055,26.46,,
41515,10.86,,
41228,3.888,,
41596,49.32,,
41911,6.03,,
41668,5.688,,
41722,3.012,,
40653,4.5,,
41008,7.353,,
41730,8.328,,
41548,9.51,,
40771,8.58,,
41990,27.93,,
41275,15.51,,
41809,9.912,,
41191,12.24,,
41535,20.08,,
41593,33.44,,
41600,21.204,,
41911,14.144,,
41344,14,,
41984,21.336,,
40898,19.2,,
41419,11.44,,
41619,6.4,,
40714,33.92,,
41768,8.64,,
41249,10.71,,
41060,13.32,,
40898,5.745,,
41026,27,,
41631,18.522,,
41867,11.61,,
41784,9.4128,,
41562,246.9,,
41934,12.225,,
41187,29.37,,
41786,12.9,,
42000,10.95,,
41976,9.84,,
41418,15.714,,
41968,10.824,,
41037,8.352,,
41220,7.3,,
41970,12.84,,
41214,3.168,,
41716,7.31,,
41268,9.216,,
41409,10.38,,
40729,9.81,,
41540,13.28,,
40852,20.04,,
41902,16.74,,
41961,13.904,,
41422,13.38,,
41662,15.12,,
41095,11.784,,
41642,5.432,,
41079,5.904,,
41226,11.37,,
41892,10.17,,
40720,13.32,,
41935,98.46,,
40637,7.83,,
41668,6.57,,
41261,14.598,,
41053,13.956,,
41552,40.26,,
41759,14.94,,
41873,9.51,,
41495,17.52,,
40569,10.98,,
41157,6.03,,
41772,11.37,,
40701,10.26,,
41851,16.02,,
41457,9.84,,
41900,17.496,,
41795,5.7,,
40654,23.91,,
41635,12.768,,
40822,6.132,,
41963,12.528,,
41966,11.04,,
41177,13.64,,
41841,607.36,,
41605,18.684,,
41597,6.4,,
41372,65.136,,
40659,31.88,,
40724,14.624,,
41244,12.78,,
41491,12.36,,
41956,7.335,,
40926,14.31,,
41963,28.02,,
41982,45.6,,
40879,13.14,,
41857,30.15,,
41939,11.8773,,
41261,14.688,,
41996,18.249,,
41340,13.11,,
41925,8.16,,
41352,12.5745,,
41374,13.095,,
41901,8.82,,
41576,14.28,,
41523,12.22,,
41256,9.96,,
41019,12.96,,
41589,14.72,,
41129,6.608,,
40864,12.448,,
41381,9.96,,
40857,15.84,,
41547,27.24,,
41960,107.88,,
42002,7.968,,
41055,20.24,,
41793,10.688,,
41319,7.98,,
41873,22.752,,
41309,6.12,,
41677,8.436,,
41813,10.08,,
41994,17.76,,
41818,21.48,,
41441,14.22,,
41052,8.94,,
41584,19.14,,
40798,22.98,,
41627,16.32,,
41205,25.08,,
41543,14.32,,
41029,13.88,,
41914,24.92,,
41204,12.888,,
41436,22.76,,
40673,14.7,,
41977,6.672,,
40862,15.9,,
40849,21.68,,
41318,14,,
41271,6.34,,
41515,15.03,,
41495,60.42,,
40764,5.7,,
41222,13.05,,
41898,52.56,,
41925,16.02,,
41908,12.06,,
41252,10.71,,
41793,5.325,,
41477,34.2,,
41303,13.83,,
41061,9.99,,
41939,7.6479,,
41292,32.67,,
40886,15.873,,
40781,22.419,,
41253,11.61,,
41071,12.1953,,
41338,6.6462,,
41271,17.73,,
41682,9.585,,
41437,13.47,,
40975,26.532,,
41613,10.152,,
41817,4.54,,
40735,14.4,,
40862,24.896,,
40861,12.72,,
40749,15.52,,
41099,12.39,,
41930,10.64,,
41632,8.82,,
41998,8.544,,
40781,10.68,,
40796,9.64,,
41191,11.214,,
41270,19.872,,
41174,12,,
41662,7.872,,
40896,13.68,,
40717,16.407,,
41292,20.16,,
41482,13.38,,
40959,4.392,,
41149,24,,
41591,10.056,,
41831,15.228,,
41754,27.3,,
41267,14.4,,
41974,10.05,,
41543,14.61,,
41852,2.808,,
40899,11.43,,
40771,11.07,,
41408,13.02,,
41794,3.384,,
41822,8.847,,
41636,18.168,,
41862,12.69,,
40876,6.6,,
41828,23.04,,
41542,13.38,,
41606,44.4,,
41020,29.3,,
41797,15.72,,
40975,3.84,,
41556,20.112,,
41909,9.56,,
41414,10.32,,
40920,13.68,,
41820,22.428,,
40850,13.66,,
41843,5.328,,
41820,12.51,,
41724,30.48,,
41125,14.61,,
41292,41.535,,
40927,21.645,,
41661,107.28,,
40638,14.7393,,
40849,22.23,,
41186,12.735,,
41604,15.6456,,
41434,10.989,,
41719,29.7648,,
40812,39.6,,
41431,23.436,,
41482,10.74,,
41053,74.34,,
41138,13.8,,
41204,79.5,,
41430,11.688,,
40557,5.64,,
41533,5.344,,
41963,16.896,,
41384,9.336,,
41943,7.168,,
41561,8.288,,
41437,8.272,,
41955,10.89,,
41270,7.92,,
41589,9.216,,
40723,13.92,,
41158,3.444,,
41911,10.368,,
41703,8.72,,
41192,8.016,,
41885,16,,
40867,12.96,,
41496,11.88,,
41987,12.96,,
41145,9,,
40805,14.04,,
41026,49.74,,
41933,13.83,,
41340,16.416,,
41804,7.173,,
41879,15.54,,
40635,9.36,,
41978,13.98,,
41786,13.23,,
40807,9.3,,
41268,19.608,,
41613,18.816,,
41880,7.656,,
41267,14.706,,
41648,18.12,,
40870,6.192,,
41527,10.92,,
41851,11.868,,
41978,16.48,,
40869,9.1,,
41505,15.87,,
41382,16.128,,
41218,10.728,,
41494,10.048,,
41559,8.76,,
41432,26.76,,
41513,8.304,,
41190,13.72,,
41197,40.032,,
41814,24.75,,
41584,11.85,,
41929,11.82,,
41625,12.474,,
40702,38.955,,
41228,22.8,,
41955,9.27,,
41071,15.039,,
41495,10.368,,
41148,17.52,,
40867,16.8,,
40703,7.36,,
41943,7.42,,
41992,18.96,,
41464,8.736,,
40736,11.264,,
41829,13.12,,
40633,8.134,,
40911,7.056,,
41596,10.776,,
41015,12.576,,
41832,30.32,,
40778,15.552,,
40913,13.168,,
40932,13.12,,
41551,8.56,,
40886,30.672,,
40742,13.904,,
41985,7.28,,
41615,13.376,,
41807,18.54,,
41618,6.66,,
41791,12.48,,
41734,21.588,,
41885,10.74,,
40709,9.03,,
41682,36.24,,
40625,9.384,,
41345,13.8,,
41138,13.38,,
41863,24.72,,
41176,14.67,,
41596,10.26,,
41586,11.25,,
41224,18.996,,
41270,13.8,,
40584,8.37,,
41710,17.6,,
42000,15.948,,
41965,11.58,,
41850,6.408,,
41593,9.376,,
41935,7.56,,
41361,10.8,,
40747,23.2,,
41030,22.76,,
40660,10.704,,
41826,31.836,,
41753,26.595,,
41977,8.985,,
41484,20.3184,,
41955,21.12,,
41405,10.233,,
41435,17.5725,,
41746,33.24,,
41618,25.872,,
40831,100.68,,
40982,14.4,,
41923,11.88,,
41544,8.928,,
41866,5.76,,
41383,9.664,,
41563,12.96,,
41144,5.768,,
41975,10.128,,
41424,11.277,,
41690,12.84,,
41261,6.848,,
41263,14.368,,
40595,20.32,,
41221,10.476,,
40889,9.24,,
40760,16.36,,
40619,16,,
41892,11.176,,
41687,18.368,,
40584,13.11,,
40959,12.06,,
41444,12.69,,
40757,4.14,,
41698,17.49,,
41649,10.77,,
41458,4.896,,
41465,9.12,,
41080,8.748,,
41751,39.072,,
41900,12.078,,
41500,9.924,,
40889,20.88,,
41988,13.176,,
40756,13.14,,
41657,14.82,,
41907,8.8,,
40791,19.66,,
41992,16.104,,
41940,8.6,,
40861,20.34,,
41446,48.02,,
41753,101.25,,
40746,11.61,,
40820,361.08,,
41942,11.664,,
41056,11.448,,
41029,5.967,,
41872,10.5894,,
40954,43.65,,
41814,33.36,,
41401,6.84,,
41820,7.884,,
41221,11.65,,
41486,9.264,,
41036,15.936,,
41891,9.096,,
41513,5.472,,
41157,16.27,,
41975,19.44,,
41828,15.552,,
41472,10.2,,
41710,12.294,,
40764,9.345,,
41977,13.592,,
40886,20.388,,
41842,2.864,,
41343,11.21,,
41992,29.34,,
41061,11.76,,
41176,15.84,,
40750,8.88,,
41771,21.168,,
40551,4.698,,
41064,8.199,,
41991,19.548,,
40547,15.48,,
41975,7.224,,
41345,9.09,,
41228,12.276,,
41862,5.787,,
41907,10.572,,
40905,12.348,,
40763,13.47,,
41170,15.57,,
40697,12.96,,
40718,23.25,,
41970,9.564,,
41356,14.7,,
41813,8,,
41933,12.68,,
41418,13.2,,
41887,13.12,,
41849,10.224,,
41477,9.3,,
41111,6.768,,
41584,26.64,,
40613,13.32,,
41406,25.344,,
40575,9.576,,
40970,10.74,,
41988,48.6,,
41841,5.91,,
40780,10.005,,
41300,15.96,,
41513,14.205,,
41708,13.41,,
41869,30.855,,
41906,19.2,,
41262,7.04,,
41956,14.016,,
41925,5.88,,
41463,10.08,,
41799,12.176,,
41107,6.264,,
41017,4.312,,
41999,31.8,,
40684,4.832,,
41702,17.88,,
41953,6.66,,
41767,9.84,,
41835,13.26,,
41502,17.184,,
40781,5.91,,
41716,10.53,,
41759,10.26,,
40756,10.416,,
40850,111.72,,
41432,4.356,,
40851,5.064,,
41299,9.792,,
40603,31.14,,
41596,14.19,,
41704,17.46,,
41433,10.092,,
40953,12.213,,
41870,9.288,,
41229,9.072,,
41583,14.6,,
40820,53.928,,
41225,13.2,,
40995,16.74,,
40901,13.44,,
40883,19.2,,
41346,13.98,,
40611,104.49,,
40879,26.49,,
41976,20.28,,
41799,17.82,,
41704,13.185,,
41479,18.24,,
41274,31.23,,
40693,11.4,,
40696,7.5198,,
41026,18.009,,
40546,6.006,,
41536,13.23,,
41495,17.28,,
41619,11.196,,
41428,6.45,,
40871,12.096,,
41887,10.192,,
41099,15.8,,
41778,6.874,,
41324,8.67,,
41586,12.9,,
40619,5.184,,
41257,8.096,,
41848,14.89,,
41247,25.08,,
41274,5.888,,
41975,7.712,,
41870,9.912,,
41053,7.656,,
40892,8.544,,
41479,13.344,,
40728,15.6,,
41060,7.56,,
41137,10.272,,
41051,8.26,,
41234,7.98,,
41444,6.848,,
40852,13.194,,
41615,13.36,,
40849,8.91,,
41545,5.64,,
40773,18.48,,
41535,7.98,,
41865,19.08,,
41972,5.304,,
41677,6.228,,
41233,23.76,,
41048,16.53,,
41076,17.532,,
41827,9.216,,
41970,6.996,,
41780,4.104,,
41219,24,,
40577,9.06,,
41155,4.32,,
41562,14.28,,
41632,22.2,,
41962,11.844,,
41874,12.12,,
41946,7.56,,
41778,40.5,,
41443,5.82,,
41589,13.62,,
40588,9.234,,
41618,19.77,,
41239,15.606,,
41344,10.26,,
41975,14.04,,
41971,11.6283,,
41664,9.03,,
41208,9.06,,
41061,12.69,,
40875,23.529,,
41366,8.82,,
41971,14.0397,,
41786,13.545,,
41267,19.776,,
40887,11.36,,
41603,6.48,,
41176,6.848,,
41244,6.688,,
41177,14.46,,
41267,7.712,,
41268,10.368,,
41932,24.368,,
41956,12.224,,
40749,6.48,,
41826,15.552,,
41584,12.588,,
41409,13.392,,
40871,15.96,,
41177,6.7,,
41583,7.712,,
40899,17.904,,
41997,175.872,,
41839,9.184,,
41591,203.976,,
41531,29.97,,
41397,18.936,,
40793,20.56,,
41225,15.552,,
41736,106.32,,
41948,4.144,,
41058,12.39,,
40633,4.032,,
40959,13.38,,
41800,23.46,,
41271,10.41,,
41942,16.5,,
40750,14.61,,
41851,10.74,,
40863,7.14,,
41114,21.18,,
41519,6.174,,
41600,6.69,,
41601,29.79,,
41208,10.056,,
40930,14.82,,
41059,6.786,,
41457,6.96,,
41435,11.67,,
40603,25.317,,
40775,10.872,,
41584,17.424,,
41513,16.84,,
41415,7.4,,
41039,16.48,,
41934,29.7,,
41565,8.688,,
41497,12.18,,
41241,28.56,,
41908,9,,
41248,20.82,,
41542,15.48,,
41277,8.025,,
41438,12,,
41404,8.343,,
41891,11.4,,
41830,85.212,,
41649,22.1487,,
40799,4.77,,
40896,11.7342,,
40991,29.7648,,
41536,12.9,,
40866,29,,
40703,7.992,,
41603,9.94,,
41943,11.168,,
41885,4.92,,
41977,14.624,,
41244,13.9,,
41584,23.988,,
40640,8.96,,
40885,6.456,,
41516,10.584,,
41176,14.952,,
41676,7.12,,
41870,10.782,,
41962,20.736,,
41407,10.02,,
41815,6.408,,
41631,16.98,,
40680,6.102,,
41967,5.79,,
41731,88.8,,
41510,145.35,,
41766,26.58,,
41507,20.1,,
41808,127.44,,
41143,10.548,,
41668,25.26,,
41976,12.96,,
41856,10.74,,
41794,5.076,,
41309,13.32,,
41568,6.792,,
41915,8.184,,
41477,12.72,,
41587,9.96,,
41785,18.54,,
40977,9.12,,
41815,24.012,,
40631,18.54,,
41818,16.08,,
41087,7.46,,
41583,17.76,,
41928,8.82,,
41477,48.9,,
41831,25.84,,
41375,30.3,,
41515,9.7,,
41817,16.86,,
41464,113.46,,
41454,44.16,,
40763,8.76,,
41744,10.5,,
41626,33.3,,
41936,56.85,,
41260,16.98,,
41858,15.858,,
41219,10.6848,,
41197,9.3,,
41148,9.765,,
41617,18.27,,
40928,7.968,,
41971,15.12,,
41655,22.0692,,
41583,10.74,,
41470,9.144,,
41421,12.7,,
40764,20.88,,
41078,9.156,,
40756,5.68,,
41170,16.9,,
41348,5.184,,
41894,10.528,,
41880,21.81,,
41450,8.712,,
41892,17.48,,
41836,8.96,,
41377,13.208,,
41740,4.419,,
41852,17.52,,
40833,10.78,,
41519,11.96,,
41384,9.28,,
41148,5.104,,
41754,10.43,,
41543,10.9,,
41453,17.16,,
41609,16.56,,
41754,6.792,,
40742,28.44,,
41957,11.58,,
41152,16.89,,
41774,31.83,,
41821,7.776,,
41498,14.55,,
41905,16.98,,
41132,4.536,,
41688,6.975,,
41761,13.2,,
40930,10.8,,
41794,12.192,,
41799,9.87,,
41452,16.092,,
41468,11.12,,
41921,6.192,,
41544,12.08,,
41457,8.04,,
41397,16.8,,
41250,10.76,,
41660,22.14,,
41587,9.885,,
41821,53.55,,
40558,20.7,,
41834,25.92,,
41664,8.04,,
40975,25.23,,
41611,80.7,,
41546,9.87,,
40896,13.05,,
41996,27.225,,
40788,11.1552,,
41492,32.31,,
41677,32.472,,
41244,21.2742,,
41636,9.7149,,
41404,18.39,,
41190,10.2873,,
41508,13.38,,
41219,4.401,,
41654,7.92,,
41404,9.344,,
41235,11.61,,
41237,14.7,,
41925,7.968,,
40794,5.88,,
41904,12.294,,
40989,12.843,,
41582,9.248,,
41130,10.02,,
41607,12.672,,
41523,8.952,,
41523,7.872,,
40976,8.568,,
40781,8.64,,
41012,10.744,,
41270,22.512,,
41663,4.938,,
40866,5.88,,
41614,4.98,,
41909,11.511,,
41439,14.13,,
40696,9.888,,
40633,15.75,,
41794,11.97,,
41884,14.61,,
40962,11.07,,
41086,22.2,,
41960,50.1,,
41327,16.02,,
40926,3.732,,
40868,3.42,,
40984,6.66,,
40873,22.88,,
40887,7.56,,
41904,13.72,,
41523,12.24,,
41443,8.208,,
41731,4.576,,
41251,10.68,,
41206,13.44,,
40849,40.152,,
41813,20.16,,
41570,13.38,,
41230,11,,
41485,21.36,,
41684,32.28,,
41801,196.11,,
41858,11.4,,
41989,12.3,,
41712,9.705,,
41445,16.416,,
40961,11.718,,
40843,10.8,,
41050,11.979,,
41432,97.2,,
40795,15.12,,
41169,9.618,,
41824,9.552,,
40656,2.502,,
41996,7.824,,
41400,6.72,,
41092,11.168,,
41004,7.584,,
41935,3.168,,
41956,9.96,,
40848,5.64,,
41848,234.95,,
41991,13.68,,
41990,47.82,,
41501,10.05,,
41743,6.66,,
41967,5.88,,
41879,51.27,,
41411,16.11,,
41901,6.84,,
41131,16.116,,
41163,6.45,,
41586,8.76,,
41002,8.307,,
41964,36.96,,
41752,4.806,,
41666,4.284,,
41863,8.883,,
41079,7.488,,
40886,14.37,,
40656,5.856,,
41018,15.96,,
41892,10.416,,
41561,9.66,,
41890,9.192,,
41562,11.616,,
41949,8.688,,
41990,11.68,,
41703,11.04,,
41253,12.456,,
40956,8.96,,
40943,7.044,,
41254,7.092,,
40701,8.68,,
41451,5.856,,
41698,26.32,,
41634,12.76,,
41173,4.832,,
41800,16.32,,
41150,14.04,,
41890,12.06,,
41215,11.25,,
41079,12.9,,
41586,11.6781,,
40761,12.24,,
41750,12.69,,
41209,17.0766,,
41390,4.896,,
41908,20.7,,
41950,5.78,,
40990,14.112,,
40876,5.04,,
41963,6.672,,
41537,27.93,,
41389,3.984,,
41073,24.78,,
41159,9.522,,
41384,7.76,,
40619,11.43,,
41823,5.232,,
41386,8.32,,
40635,26.72,,
41348,16.74,,
41720,13.02,,
41407,8.67,,
40992,13.29,,
41915,8.352,,
41284,6.81,,
40695,10.86,,
41243,8.52,,
41801,21.456,,
41202,10.32,,
41159,35.04,,
40768,10.41,,
41632,3.078,,
40836,13.44,,
41422,5.04,,
41848,12.81,,
41311,10.8,,
41346,21.09,,
41432,10.008,,
41495,49.572,,
40897,28.74,,
41099,17.84,,
41779,9.78,,
41965,4.56,,
41795,32.208,,
40630,10.72,,
41883,9.06,,
41578,12.312,,
41869,18,,
41970,20.88,,
41470,5.88,,
41634,20.82,,
41621,22.05,,
40623,49.68,,
41892,16.86,,
41332,8.856,,
41208,39.285,,
41604,13.3464,,
41617,21.6081,,
40623,7.408,,
41870,9.94,,
41842,6.48,,
41965,8.62,,
41296,14.272,,
40840,10.368,,
41617,8.56,,
41004,10.428,,
41597,6.368,,
40973,10.312,,
40630,6.12,,
41440,18.464,,
41163,8.92,,
41590,14.112,,
41655,11.31,,
41473,6.03,,
41173,8.49,,
42003,18.528,,
41587,10.32,,
40658,5.376,,
41783,13.5,,
41759,53.652,,
40967,10.824,,
41388,10.56,,
41382,10.74,,
41436,38.37,,
41659,7.248,,
41297,20.19,,
41630,7.98,,
40903,8.592,,
41095,6.84,,
40777,5.376,,
40800,299.1,,
41432,24.48,,
41972,9.288,,
41542,14.48,,
41839,10.64,,
41627,15.9,,
41014,12.8,,
41537,5.88,,
41618,4.56,,
41730,5.456,,
41638,29.32,,
41918,28.92,,
40983,22.14,,
41636,11.82,,
41987,98.388,,
40879,8.94,,
41484,16.5126,,
41449,9.774,,
40556,15.93,,
41359,8.904,,
41683,333.6,,
41026,6.63,,
40841,11.1,,
41425,22.62,,
41568,7.152,,
40798,10.368,,
41740,7.16,,
41760,15.528,,
41325,16.496,,
40870,5.544,,
41508,12.672,,
41319,4.77,,
41137,3.762,,
41249,8.96,,
41933,4.448,,
41165,13.092,,
41670,9.344,,
40850,5.76,,
41377,10.272,,
41968,13.762,,
41603,10.528,,
41613,27.63,,
41878,6.75,,
41305,16.56,,
41947,5.304,,
41134,6.72,,
41835,7.95,,
41517,42.624,,
41529,11.13,,
41667,8.76,,
40756,7.884,,
41611,12.264,,
40865,7.569,,
42002,20.052,,
41745,13.11,,
41170,7.14,,
41628,8.49,,
40973,6.984,,
41899,6.69,,
41438,5.628,,
41062,59.52,,
40899,12.324,,
41921,7.092,,
40858,19.72,,
41603,69.92,,
41969,5.352,,
41907,8.88,,
40648,2.592,,
41426,20.52,,
40771,12.06,,
41237,118.8,,
41085,16.59,,
41967,13.98,,
41639,13.41,,
41590,18.06,,
41670,23.22,,
41983,7.56,,
41905,66.45,,
40625,11.259,,
41710,10.26,,
40766,8.94,,
41547,7.3935,,
40897,27.99,,
41990,13.2129,,
41971,13.3878,,
40746,5.96,,
41156,4.36,,
40970,10.16,,
40892,40.68,,
41760,11.952,,
41881,3.24,,
41270,12.672,,
41826,11.394,,
41155,6.368,,
41829,15.84,,
41123,8.4,,
42003,19.6,,
40829,7.752,,
40564,14.73,,
40946,12.96,,
41049,6.408,,
41530,10.47,,
41842,17.48,,
41096,11.12,,
40906,8.736,,
40884,8.64,,
41865,36.024,,
41918,15.8,,
41243,6.048,,
40819,4.928,,
41852,11.54,,
41699,7.78,,
41621,11.2,,
41926,9.87,,
40675,13.572,,
41149,9.27,,
41415,28.38,,
41686,8.94,,
41681,5.04,,
40702,4.5,,
41526,9.528,,
40661,11.55,,
41668,8.469,,
41596,15.18,,
40702,9.69,,
41249,27.93,,
41452,26.52,,
40966,11.19,,
41627,8.688,,
41978,10.32,,
40891,8.91,,
41890,9.4,,
41621,28.34,,
41831,14.176,,
41628,15.76,,
41201,7.88,,
41961,5.952,,
41793,11.232,,
41544,10.88,,
41909,17.08,,
41016,32.768,,
41948,28.48,,
41995,136.368,,
40590,10.72,,
41904,8.76,,
41929,5.92,,
41225,7.872,,
41348,16.08,,
41866,14.04,,
40666,15.39,,
41873,42.579,,
41650,7.3755,,
41580,7.416,,
41703,9.32,,
40816,15.552,,
41005,6.9,,
41532,25.92,,
40596,8.85,,
40787,3.648,,
40957,9.24,,
41799,10.36,,
41589,5.184,,
41775,11.12,,
41519,10.95,,
41774,7.992,,
41772,6.16,,
40809,11.12,,
41184,11.808,,
41886,8.904,,
41619,18.54,,
41537,8.928,,
41631,11.56,,
41699,9.84,,
41837,16.938,,
41804,12.69,,
41330,8.811,,
41554,12.768,,
40704,8.064,,
41852,7.515,,
41751,24.78,,
41460,8.4,,
41716,4.203,,
41065,10.566,,
41108,30.69,,
41883,11.19,,
41792,15.75,,
41379,37.68,,
41808,57.69,,
41831,24.96,,
41302,22.17,,
41928,13.032,,
41970,4.14,,
41970,5.928,,
41894,8.85,,
40599,6.66,,
40868,23.88,,
41961,10.29,,
40841,6.06,,
41934,24.768,,
40747,46.56,,
40886,7.12,,
41194,8.88,,
40724,6.768,,
41216,3.84,,
41842,12.36,,
41793,6.18,,
41338,8.304,,
41753,10.88,,
41207,16.56,,
41593,16.416,,
41591,5.824,,
41767,14.84,,
40831,15.36,,
40805,19.692,,
41830,6.69,,
41999,6.66,,
41506,10.65,,
41498,9.342,,
41275,22.23,,
41011,4.53,,
41570,32.4,,
41228,14.01,,
40552,9.3225,,
41831,17.16,,
41237,13.98,,
41057,6.63,,
41373,8.26,,
41502,18.882,,
41233,11.52,,
40725,5.184,,
41169,6.588,,
41221,5,,
41999,13.023,,
40879,16.464,,
41289,16.52,,
41562,12.768,,
41599,9.08,,
41956,9.21,,
41170,18.54,,
40925,6.68,,
41892,6.368,,
41012,17.43,,
41538,17.088,,
41296,12.96,,
40964,22.72,,
41747,10.9,,
41519,8.78,,
41900,5.8,,
41523,8.856,,
41404,18.528,,
41855,16.06,,
41535,12.32,,
40896,15.552,,
41453,26.976,,
41291,6.024,,
40773,7.8,,
41969,11.49,,
41816,4.17,,
41936,13.5,,
40618,3.834,,
41327,12.6,,
40870,6.45,,
41971,4.842,,
40851,17.19,,
40998,5.472,,
41802,9.27,,
41803,14.7,,
40870,6.192,,
41067,10.092,,
40632,15.6,,
41505,10.24,,
41542,12.24,,
40608,7.88,,
40706,10.704,,
41954,18,,
41801,96.3,,
40814,4.5,,
41829,10.2,,
41964,8.01,,
41870,15.96,,
41933,13.83,,
41419,9.0312,,
41687,25.0665,,
41991,15.24,,
41142,4.28,,
41094,15.48,,
41773,14.94,,
40897,4.13,,
41797,4.95,,
41205,11.8,,
40854,12.39,,
41635,4.992,,
40780,6.28,,
41146,3.798,,
41243,23.66,,
41624,2.214,,
41929,18.528,,
40779,10.26,,
40900,9.744,,
41558,15.48,,
41845,11.352,,
41254,6.6,,
41530,13.29,,
40632,6.651,,
41316,3.195,,
41508,7.416,,
41711,8.592,,
41590,13.5,,
41946,12.06,,
41543,48.96,,
40695,6.99,,
41561,12.46,,
41104,9.34,,
41591,8.568,,
41934,12.192,,
41815,12.352,,
40830,17.2,,
41393,11.24,,
41929,13.536,,
41600,3.84,,
41495,11.08,,
41360,71.7,,
40702,10.422,,
41604,9.45,,
41005,11.4,,
41522,15.957,,
41082,11.8296,,
41909,28.035,,
41593,10.296,,
41683,9.4122,,
41956,17.6967,,
41572,10.8,,
41456,17.1,,
41274,7.314,,
41169,6.858,,
41519,3.048,,
41943,13.904,,
41321,5.184,,
41618,9.328,,
41971,8.76,,
41242,4.304,,
41001,9.156,,
40868,12.96,,
41113,10.512,,
41249,7.78,,
41727,26.72,,
41912,51.75,,
41522,5.28,,
41579,12.39,,
41871,19.44,,
41897,3.882,,
41593,16.45,,
41947,18.368,,
40800,8.552,,
40805,5.67,,
41983,11.088,,
41221,5.04,,
41897,11.56,,
41272,6.36,,
41537,14.88,,
41369,52.08,,
40865,6.714,,
41844,9.6,,
41624,143.79,,
41212,8.694,,
41974,9.06,,
41154,7.515,,
41710,14.208,,
41884,10.26,,
40864,10.29,,
41973,7.191,,
41670,15.75,,
41746,13.68,,
41456,8.04,,
40974,13.24,,
41809,12.12,,
41920,7.056,,
41270,3.18,,
41443,22.416,,
41593,8.208,,
41925,22.86,,
41178,12.18,,
41464,8.94,,
41534,4.536,,
41463,13.44,,
41836,6.51,,
40684,4.53,,
40886,10.53,,
41177,13.95,,
41594,7.854,,
41207,8.154,,
42003,18.396,,
41439,3.975,,
41976,63.1215,,
41853,9.78,,
40871,25.149,,
40829,18.36,,
41610,7.092,,
41995,5.88,,
41601,12.192,,
41883,10.744,,
41934,5.184,,
40715,9.006,,
41459,3.96,,
41073,19.14,,
41543,5.022,,
41969,10.48,,
41909,9.24,,
40826,11.98,,
40877,6.642,,
41205,6.08,,
41913,11.646,,
41634,11.352,,
41890,11.46,,
40925,8.25,,
41442,17.952,,
40714,8.766,,
41257,9.6,,
41962,11.088,,
41544,25.344,,
41051,10.71,,
40801,19.98,,
40940,8.964,,
41604,5.208,,
41631,8.256,,
41911,10.08,,
41801,10.8,,
41626,16.08,,
41990,2.7,,
41435,7.98,,
41767,6.86,,
41566,7.72,,
41992,10.5,,
41584,11.616,,
41236,18.72,,
41813,6.636,,
41627,9.96,,
41507,14.1,,
41582,11.32,,
41758,15.06,,
41890,9.684,,
41234,17.82,,
41663,10.692,,
40708,8.481,,
41282,9.072,,
40903,8.69,,
41549,194.848,,
40634,17.088,,
41883,8.376,,
41984,12.96,,
40807,8.544,,
41927,13.456,,
41669,5.22,,
41674,5.184,,
41598,8.74,,
41067,8.016,,
40879,15.24,,
40891,9.264,,
41586,6.57,,
41799,33.24,,
41072,9.33,,
41888,6.66,,
41449,6.45,,
41999,12.96,,
41591,21.99,,
41435,4.428,,
41719,9.063,,
41499,11.19,,
41439,49.212,,
40763,56.73,,
40885,6.714,,
41626,8.514,,
41765,10.836,,
41487,19.29,,
41338,20.76,,
41337,11.32,,
40761,9.3,,
40600,11.06,,
41667,16.52,,
41986,8.208,,
40890,6.81,,
41040,48.87,,
41941,46.08,,
41424,9,,
41996,25.26,,
41222,11.82,,
40791,40.26,,
40863,4.245,,
41127,9.54,,
41936,57.2082,,
41073,13.08,,
40666,15.39,,
41989,35.5656,,
41744,23.58,,
40833,20.88,,
40778,11.448,,
41782,10.836,,
41421,18.576,,
41296,7.56,,
41982,9.68,,
41984,14.2,,
41521,8.808,,
40861,11.52,,
42002,7.4,,
40851,8.376,,
41071,3.768,,
40903,11.91,,
41859,13.76,,
41253,7.31,,
41881,9.408,,
41901,10.08,,
41156,7.656,,
41404,8,,
40564,19.3,,
41663,6.48,,
41774,3.76,,
41641,3.6,,
40999,22.38,,
40745,4.992,,
41936,2.22,,
41967,10.688,,
41967,6.104,,
41267,9.68,,
40825,15.992,,
41127,6.23,,
40858,7.3,,
41919,9.344,,
40760,11.25,,
41823,5.823,,
40868,4.56,,
41998,264.96,,
40772,9.78,,
41715,11.28,,
41083,6.204,,
41584,24.78,,
41997,8.325,,
41849,5.91,,
40911,6.822,,
41170,9.84,,
41558,9.612,,
41625,13.68,,
41892,10.8,,
41837,26.37,,
40798,7.38,,
40718,8.592,,
41213,19.26,,
41488,13.488,,
41960,18.48,,
41484,11.3,,
41268,8.72,,
41023,6.4,,
41401,7.632,,
41529,35.04,,
41744,7.215,,
41999,28.56,,
41965,19.5,,
41557,7.524,,
41435,8.4588,,
41781,17.97,,
41625,3.68,,
41249,6.48,,
41990,10.8,,
41887,8.256,,
41544,9.99,,
41524,10.784,,
41529,11.09,,
41901,15.96,,
40882,29.94,,
41956,18.24,,
40850,14.301,,
41887,10.368,,
40551,10.43,,
41944,9.912,,
40744,13.12,,
41029,9.48,,
41366,12.99,,
40817,4.71,,
40806,8.56,,
41260,16.98,,
40865,7.938,,
41374,15.3,,
41991,8.232,,
41680,15.66,,
41955,20.82,,
40890,6.48,,
41565,4.116,,
41704,6.72,,
41082,8.44,,
41608,5.68,,
41547,39.312,,
41041,39.48,,
41263,5.54,,
41968,9.36,,
41269,8.12,,
41949,9.52,,
41067,67.032,,
41400,18.06,,
41050,9.216,,
41629,4.44,,
40751,9.6,,
40567,11.43,,
40959,92.43,,
41335,9.12,,
40851,18.24,,
41505,21.6,,
41931,9.2856,,
41891,13.47,,
41488,4.5156,,
41390,23.76,,
41360,11.616,,
41618,19.46,,
41170,7.3,,
41717,2.688,,
41210,10.67,,
41962,2.96,,
41975,62.958,,
40831,15.384,,
41932,8.96,,
40885,11.52,,
41431,14.94,,
41655,12.7,,
41876,24.672,,
41366,7.04,,
41437,14.62,,
41542,6.48,,
41965,11.76,,
41790,3.89,,
41747,7.38,,
41764,9.396,,
40872,7.44,,
41215,11.952,,
41184,19.44,,
40800,6.048,,
41277,30.08,,
40758,10.65,,
41500,13.83,,
41634,6.336,,
41631,3.996,,
41970,11.76,,
40736,10.86,,
41127,25.23,,
40763,11.85,,
41501,9.27,,
41873,9.912,,
41667,17.46,,
41331,17.028,,
40555,12.672,,
40780,8.94,,
41659,7.56,,
41176,8.397,,
41698,16.05,,
41558,7.866,,
41822,8.973,,
41572,11.52,,
41031,10.77,,
41750,23.787,,
41155,11.82,,
41447,6.45,,
41674,9.68,,
41349,19.7,,
41072,11.08,,
41803,10.836,,
41947,21.06,,
41529,8.704,,
41612,14.12,,
41918,9.536,,
41383,6.176,,
41496,30.69,,
41027,21.42,,
41631,10.59,,
40569,177.36,,
41262,14.4,,
40747,13.5456,,
40939,12.96,,
41446,10.368,,
41037,5.248,,
41078,11.952,,
41743,5.28,,
41795,8.64,,
40816,15.24,,
41887,5.56,,
41999,3.62,,
41249,6.48,,
41458,7.7,,
41342,8.856,,
41948,4.3,,
41299,8.88,,
41128,9.804,,
41101,16.53,,
41820,12.096,,
41330,10.41,,
41827,9.27,,
41985,41.544,,
41537,23.97,,
41552,4.38,,
41604,19.404,,
40925,18.414,,
41967,7.83,,
41667,32.1,,
41596,17.49,,
41900,21.42,,
41923,10.728,,
41794,2.532,,
41177,25.38,,
41905,17.52,,
40870,5.712,,
41561,10.08,,
41542,9.168,,
41887,15.12,,
41478,7.1,,
41498,6.42,,
41220,4.48,,
41932,17.592,,
41885,15.872,,
41731,3.432,,
41694,13.88,,
41907,8.24,,
40901,8.76,,
41892,95.85,,
41892,11.49,,
41104,14.745,,
41698,41.931,,
41663,8.31,,
41986,27.36,,
40820,49.26,,
40747,9.24,,
41958,3.648,,
41958,8.64,,
41885,6.57,,
41577,11.67,,
41312,7.83,,
41513,6.48,,
40774,10.72,,
41963,21.96,,
40651,13.12,,
41156,9.762,,
41916,17.92,,
41934,8.559,,
41846,3.304,,
40976,3.408,,
41975,10.368,,
41184,7.38,,
41569,19.96,,
41390,11.796,,
41226,18.18,,
41947,21.84,,
40919,89.16,,
40573,3.789,,
41596,20.28,,
41709,7.164,,
41184,6.66,,
41325,18.99,,
41327,25.2,,
41521,7.86,,
41631,17.52,,
41798,6.33,,
41794,6.012,,
41729,13.11,,
41689,8.784,,
40999,5.292,,
40948,9.6,,
41215,11.08,,
41823,8.64,,
41426,22.608,,
41542,13.32,,
41301,14.32,,
41655,4.88,,
41876,10.05,,
40861,7.26,,
41527,28.8,,
41807,13.7532,,
41977,7.524,,
40758,2.6,,
41470,11.632,,
41746,16.52,,
41262,3.552,,
41659,6,,
41373,8.872,,
41166,12.96,,
41771,7.996,,
41989,10.192,,
41993,13.36,,
41257,6.16,,
40743,6.096,,
41789,6.24,,
41454,7.96,,
41088,5.904,,
40778,6.8,,
41479,5.184,,
41526,30.87,,
41918,7.992,,
40973,4.712,,
41544,15.624,,
41992,5.76,,
41220,32.06,,
41643,9.12,,
41750,8.7,,
41634,9.096,,
41255,26.46,,
41639,10.08,,
41222,15.57,,
41996,28.8,,
41982,10.56,,
41802,6.804,,
41589,7.8,,
40750,12.627,,
41009,4.416,,
41590,8.64,,
40903,8.34,,
41429,8.6,,
41038,32.508,,
41841,37.24,,
41068,7.2,,
41306,19.936,,
41897,13.356,,
41985,6.84,,
41661,7.98,,
41919,10.41,,
41116,52.983,,
40631,8.07,,
40623,20.466,,
41962,13.68,,
41878,8.5158,,
41995,19.35,,
41286,4.56,,
41877,22.545,,
41968,7.938,,
41421,38.664,,
40623,6.048,,
40617,7.218,,
41204,5.176,,
41395,7.712,,
41720,5.78,,
41437,12.544,,
41396,3.984,,
41041,25.68,,
41946,23.85,,
41527,15.008,,
41278,4.672,,
41505,2.068,,
41233,4.896,,
40903,8.016,,
41006,22.58,,
41958,15.28,,
41397,13.08,,
40731,11.1,,
41156,6.75,,
40675,18.639,,
41884,5.094,,
40760,8.25,,
41008,8.928,,
41303,12.93,,
41405,12.57,,
41885,10.8,,
41808,12.36,,
40566,8.91,,
41170,51.78,,
41229,11.55,,
41617,8.736,,
41309,11.4,,
40772,4.8,,
40912,23.28,,
41206,10.16,,
41309,7.752,,
41793,11.952,,
41974,5.76,,
41356,10.08,,
40957,5.92,,
41768,23.64,,
40857,19.08,,
41814,27.72,,
40954,16.71,,
41665,14.04,,
41914,7.0596,,
41089,9.9,,
41596,5.6127,,
41549,18.576,,
41814,9.69,,
40836,8.154,,
41950,8.73,,
40698,16.224,,
40726,5.58,,
41933,13.36,,
41520,1.81,,
41839,7.656,,
41009,14.67,,
41813,3.036,,
41412,7.896,,
41510,14.97,,
40780,12.384,,
41463,12.96,,
41939,14.76,,
41947,10.688,,
41992,7.236,,
41987,8.64,,
41346,16.092,,
41915,4.776,,
41563,8.568,,
41767,9,,
41596,48.09,,
41325,6.9,,
41668,8.883,,
41150,21.168,,
41493,12.36,,
40780,17.16,,
40708,8.04,,
40708,8.919,,
41022,12.9,,
41150,14.7,,
41747,14.01,,
41171,18.72,,
40998,5.124,,
41852,6,,
41491,4.194,,
40966,4.392,,
41018,8.82,,
41892,5.112,,
41586,9.92,,
40903,11.16,,
41420,9.06,,
41185,16,,
41793,17.52,,
41268,6.216,,
41820,76.464,,
41429,24.084,,
41373,22.11,,
41397,8.94,,
40776,8.25,,
41246,34.992,,
40824,4.8,,
41449,6.45,,
41449,6.48,,
41627,14.832,,
41962,11.0556,,
41423,9.51,,
41996,57.9396,,
41993,4.41,,
41967,27.992,,
41430,7.408,,
41975,6.783,,
41641,48.896,,
40709,8.568,,
41380,8.04,,
41631,11.84,,
41816,11.304,,
41810,11.184,,
41414,9.584,,
41886,5.96,,
41922,12.816,,
40668,9.42,,
41548,1.964,,
41582,9.296,,
40889,8.94,,
41410,7.764,,
41618,4.356,,
41389,15.552,,
41883,6.672,,
41755,13.904,,
40866,9.96,,
41978,8.8,,
41583,4.176,,
40942,12.144,,
41375,13.568,,
41909,2.224,,
41717,13.9,,
40807,13.59,,
41977,11.352,,
41274,5.91,,
41463,5.121,,
40779,9.063,,
41661,9.51,,
41452,7.803,,
41920,25.35,,
41813,2.88,,
41801,17.07,,
41342,4.8,,
40591,6.21,,
41278,8.6,,
41926,5.56,,
41033,19.82,,
41119,8.86,,
40814,3.18,,
41941,7.464,,
41043,10.056,,
41911,7.072,,
41305,30.24,,
41730,3.088,,
41278,10.58,,
41437,17.76,,
41050,14.56,,
41905,12.36,,
41196,11.92,,
41591,23.292,,
41687,11.28,,
41134,21.3,,
41963,22.68,,
41981,18.9,,
41901,11.43,,
41537,32.325,,
40662,14.58,,
41995,25.8,,
41925,11.43,,
41452,11.19,,
41030,5.8194,,
41626,6.795,,
41380,4.768,,
40800,11.07,,
40798,15.216,,
40548,3.54,,
41470,8.544,,
40814,10.688,,
41850,4.368,,
41955,10.368,,
41822,443.92,,
41965,8.448,,
41968,20.724,,
41568,19.296,,
40646,7.83,,
41529,9.568,,
41305,23.36,,
41041,21.968,,
41985,5.4,,
41383,6.84,,
41907,7.3,,
41681,22.8,,
41746,12.36,,
41649,7.236,,
41687,6,,
41829,7.947,,
41908,3.87,,
41557,7.86,,
41663,6.33,,
41069,6.528,,
41781,7.02,,
40851,6.432,,
41523,6,,
40579,8.028,,
41999,5.304,,
41976,10.14,,
41689,4.44,,
40630,8.34,,
41732,5.792,,
41554,6.16,,
40707,6.34,,
41121,22.848,,
40639,5.968,,
41953,46.08,,
41360,11.36,,
40926,4.76,,
41802,1.956,,
41562,7.88,,
41176,40.26,,
41236,28.026,,
41136,6.63,,
41883,24,,
41442,9.222,,
41572,10.32,,
41927,7.8,,
41418,8.154,,
41641,7.524,,
41870,6.744,,
41905,5.607,,
41746,13.71,,
40799,5.46,,
40847,10.16,,
41635,7.9,,
41892,8.832,,
41157,6.16,,
40760,4.56,,
41794,3.912,,
41472,6.46,,
40900,5.184,,
41835,4.96,,
41177,12.6,,
42002,4.28,,
41760,4.842,,
41177,2.946,,
41852,11.01,,
41457,2.496,,
41802,10.32,,
40570,5.34,,
41538,9.33,,
41971,2.178,,
41810,9.84,,
41932,3.99,,
40759,11.604,,
41808,6.12,,
40848,3.936,,
40708,12.42,,
41928,7.548,,
41167,10.65,,
40596,5.952,,
40546,16.71,,
41779,10.89,,
41064,6.84,,
40795,10.1,,
41740,6.52,,
41619,10.7,,
41543,14.32,,
41796,5.64,,
41614,7.72,,
41499,8.84,,
41426,6.912,,
40770,9.92,,
40819,21.06,,
41444,24.75,,
41768,6.66,,
41897,63.24,,
40897,12.36,,
41804,14.388,,
41668,16.2,,
41354,10.368,,
41472,5.84,,
41754,1.188,,
41208,5.76,,
41945,25.12,,
41813,8.928,,
40672,9.45,,
41250,6.688,,
41705,11.52,,
41918,63.824,,
41513,11.56,,
41008,17.94,,
41992,4.824,,
41632,7.968,,
41537,26.4,,
41444,7.95,,
40690,13.26,,
41814,10.26,,
41048,29.376,,
41457,13.98,,
41187,3.336,,
41891,10.242,,
41051,10.494,,
40799,15.66,,
41270,4.203,,
41036,5.91,,
41978,10.71,,
41946,5.772,,
41897,6.78,,
40872,3.94,,
41930,5.22,,
41844,37.9,,
41555,9.6,,
40869,43.7,,
40960,4.1,,
41869,13.296,,
41895,8.34,,
41164,12.26,,
41584,10.512,,
41998,9.693,,
41135,6.27,,
41278,18.66,,
41961,155.25,,
41764,12.474,,
41346,12.87,,
41718,3.075,,
41558,6.642,,
41535,6.48,,
41003,9.088,,
41598,10.368,,
40938,14.304,,
40739,6.54,,
41569,7.92,,
40800,7.16,,
41863,9.184,,
41079,6.48,,
41102,7.76,,
40819,6.192,,
41946,5.32,,
41654,5.97,,
41164,20.7,,
40550,5.48,,
40886,8.448,,
41155,7.5,,
41509,5.76,,
40609,20.65,,
41069,10.206,,
41800,6.84,,
41589,6.78,,
41652,7.26,,
42000,14.97,,
42003,10.41,,
41738,3.6,,
41284,9.24,,
41974,7.14,,
41825,8.4,,
41464,8.31,,
40891,13.284,,
41923,7.335,,
40700,5.004,,
40700,14.661,,
41567,3.888,,
41961,8.4,,
40858,33.8,,
41387,23.56,,
40770,11.064,,
41454,6.4,,
41227,12.312,,
41331,21,,
41194,7.056,,
41766,12.66,,
41997,9.08,,
41710,8.88,,
41936,6.128,,
41682,12,,
41288,3.99,,
41163,14.31,,
41768,4.65,,
41424,9.78,,
41492,21.06,,
41446,8.04,,
41862,4.89,,
40932,6.66,,
41445,16.7805,,
41169,8.712,,
41955,13.5,,
40697,8.208,,
41111,7.968,,
41638,10.242,,
41981,33.12,,
40794,9.936,,
41747,8.964,,
41163,8.64,,
41879,2.896,,
41761,48.9,,
40863,5.22,,
40827,8.92,,
40973,7.104,,
41898,31.744,,
41894,10.272,,
41964,2.97,,
41326,3.762,,
40581,8.952,,
41975,8.001,,
41138,10.272,,
41999,4.272,,
40714,6.039,,
41886,6.318,,
41414,7.875,,
40547,5.91,,
41323,11.91,,
41921,10.38,,
41747,6.948,,
41141,12.288,,
41141,9.636,,
41936,16.128,,
41810,7.227,,
41606,23.4,,
41397,8.289,,
41429,11.82,,
41796,5.64,,
41340,8.848,,
40873,7.12,,
41236,6.318,,
40906,5.54,,
42000,18.8,,
41269,240.94,,
41890,20.64,,
41740,11.64,,
40861,8.79,,
41579,5.92,,
40820,16.92,,
41596,6.792,,
41125,8.856,,
40660,4.8,,
41652,11.319,,
40791,6.9,,
41190,10.251,,
41437,5.5173,,
40686,6.588,,
40794,5.8989,,
40906,4.95,,
40715,3.76,,
41709,6.696,,
41079,12.56,,
41946,8.856,,
40598,6.936,,
41523,9.248,,
41116,9.144,,
40873,7.312,,
41092,2.892,,
40780,6.528,,
41978,11.352,,
41244,18.54,,
40878,3.933,,
41746,7.98,,
41443,6.192,,
41807,13.65,,
41533,8.73,,
41257,93.18,,
41926,14.256,,
41374,3.96,,
41991,7.464,,
41808,84.72,,
41530,4.41,,
40785,4.8,,
41489,17.61,,
41522,9,,
41976,21.696,,
41973,3.708,,
40611,29.1,,
41794,7.296,,
40996,7.965,,
40914,4.608,,
41348,13.96,,
40812,19.52,,
41214,6.792,,
41960,7.18,,
41035,9.384,,
41956,7.2,,
40864,8.064,,
41264,7.12,,
41550,10.4,,
41765,5.488,,
40858,23.49,,
41825,22.248,,
41964,5.355,,
41438,23.9454,,
40883,9.33,,
41095,130.95,,
40831,11.37,,
40703,7.28,,
41620,15.26,,
41912,7.968,,
41983,10.4,,
41167,190.86,,
41491,3.98,,
41604,5.08,,
41826,6.316,,
41263,7.92,,
41593,40.44,,
40897,8.448,,
40799,2.502,,
41812,6.24,,
41785,3.29,,
40714,3.52,,
41452,8.02,,
41068,9,,
41961,18.75,,
40828,2.799,,
41498,6.75,,
41417,5.58,,
41563,8.64,,
41624,11.19,,
41824,9.27,,
41901,7.02,,
40779,13.26,,
41730,5.34,,
41705,6.426,,
42004,3.99,,
41647,4.53,,
40774,10.5,,
41457,10.056,,
41843,6.72,,
41495,19.452,,
41340,22.68,,
41254,6.96,,
40835,18.12,,
41169,10.48,,
41234,9.888,,
41636,13.716,,
41940,3.44,,
40967,4.52,,
41887,4.44,,
41750,26.928,,
41173,10.1,,
41066,20.94,,
41152,44.7,,
40722,33.21,,
41982,55.44,,
41908,6.57,,
41068,6.09,,
41831,5.481,,
41794,13.284,,
41505,13.965,,
40890,7.632,,
40672,14.5008,,
41662,8.82,,
40715,10.08,,
41543,14.76,,
41290,11.648,,
40646,30.992,,
41841,8.792,,
41811,9.82,,
41015,10.416,,
41820,11.54,,
40891,5.104,,
40798,5.18,,
40980,8.688,,
41540,7.872,,
41691,9.432,,
41085,4.608,,
41248,12.6,,
41796,8.64,,
41754,6.888,,
40716,3.132,,
41523,10.95,,
41618,11.712,,
41470,3.573,,
40633,6.84,,
41080,9.063,,
40778,9.12,,
41796,8.82,,
41268,9.396,,
41933,8.37,,
41514,6.78,,
41785,13.032,,
41795,189.58008,,
40724,11.208,,
41583,8.88,,
40795,325.36,,
41731,5.712,,
41443,19.404,,
41975,19.644,,
41188,8.904,,
40878,6.34,,
40709,35.64,,
41806,2.955,,
41808,18.2214,,
40715,21.6,,
41814,15.48,,
41879,4.89,,
41948,9.664,,
41425,3.282,,
40564,6.63,,
41888,2.78,,
41491,4.13,,
41401,7.216,,
41764,9.11,,
41473,7.64,,
41578,11.68,,
40656,7.488,,
41760,10.368,,
41971,6.99,,
40854,5.92,,
40733,2.88,,
41788,3.564,,
41969,5.16,,
41736,8.1,,
41006,25.92,,
41925,10.368,,
40794,8.608,,
40750,4.836,,
41907,4.89,,
41544,3.528,,
41997,8.712,,
40835,10.032,,
41228,10.41,,
41102,20.64,,
41454,6.528,,
41977,5.676,,
41554,8.478,,
41411,6.228,,
41941,7.62,,
41544,8.4,,
41355,18.24,,
41802,5.91,,
41884,7.524,,
41724,8.76,,
41221,10.36,,
41930,12.94,,
40920,3.618,,
41565,18.64,,
40890,111.08,,
41345,11.82,,
41316,11.43,,
41711,49.5,,
41974,53.9964,,
41009,16.5,,
40956,44.46,,
41260,6.264,,
41076,6.208,,
41640,3.64,,
41674,5.229,,
41766,6.408,,
40872,6.096,,
41730,13.468,,
41887,6.912,,
41433,4.784,,
41543,3.04,,
41529,6,,
41509,19.44,,
41165,7.824,,
41065,10.56,,
41962,5.82,,
40627,6.56,,
41477,5.91,,
41866,5.976,,
41793,7.05,,
40676,15.75,,
41898,8.208,,
41734,13.86,,
41333,6.792,,
41435,4.56,,
41948,13.17,,
41962,9.63,,
41253,3.285,,
41232,8.592,,
41403,7.749,,
41276,5.112,,
41017,11.06,,
41766,5.44,,
41242,8.232,,
41432,6.792,,
41761,18.912,,
40994,59.76,,
41031,22.464,,
41320,8.16,,
41884,75.96,,
41766,43.56,,
41677,6.804,,
41059,51.354,,
41846,42.39,,
41792,5.2041,,
41144,6.75,,
40861,17.0766,,
41937,14.4,,
41816,7.26,,
41653,8.388,,
40828,14.9,,
40984,8.34,,
41947,12.39,,
41446,5.16,,
41599,15.696,,
41684,6.63,,
41802,3.76,,
41875,8.72,,
41632,5.553,,
41731,6.264,,
41611,14.52,,
41916,6.63,,
40812,5.97,,
41177,3.264,,
40819,4.344,,
41948,4.928,,
41654,11.34,,
41255,6.66,,
41965,6.09,,
40801,5.91,,
41754,5.208,,
41487,7.8,,
40917,10.32,,
41520,23.7,,
40916,13.11,,
41215,7.344,,
40892,4.992,,
41544,8.235,,
41256,6.687,,
41107,11.19,,
41887,4.8,,
41698,6.81,,
41229,3.87,,
41509,5.76,,
41620,11.064,,
41428,26.58,,
41218,5.304,,
41360,8.6,,
41793,10.752,,
41320,65.12,,
41999,10.728,,
41736,8.34,,
40781,10.26,,
41089,9.075,,
40872,20.4,,
41460,7.632,,
40721,58.674,,
41241,12.132,,
41228,8.72,,
41751,2.694,,
41943,9.64,,
41701,6.976,,
41976,9.024,,
40885,10.368,,
40717,3.104,,
41632,4.2,,
41180,4.512,,
40793,2.92,,
41016,10.71,,
41758,8.384,,
41828,16.776,,
40864,7.08,,
40869,9.96,,
41558,15.992,,
41641,15.224,,
41940,6.576,,
41444,4.626,,
41793,3.933,,
41052,7.191,,
41642,3.231,,
41638,6.12,,
41901,6.03,,
41752,4.89,,
41365,4.203,,
41082,4.53,,
41648,4.452,,
41520,4.65,,
41043,28.86,,
41521,20.64,,
40961,3.204,,
41825,9.12,,
41394,7.7,,
40795,3.3,,
41003,35.52,,
41502,6.88,,
41474,8.6,,
41389,58.006,,
41247,7.104,,
40556,9.045,,
40988,103.56,,
40915,25.74,,
40973,7.965,,
41510,6.9006,,
41547,425.7225,,
41796,16.9818,,
41443,1.68,,
41892,4.503,,
40658,6.24,,
40570,12.42,,
42003,6.03,,
40894,5.484,,
41884,7.58,,
41158,7.24,,
41623,5.76,,
41463,5.715,,
41883,6.208,,
41422,5.584,,
41885,11.696,,
41890,80.96,,
41743,7.92,,
41237,8.874,,
41354,4.89,,
40868,3.48,,
41274,13.92,,
41729,6.9,,
41577,10.65,,
41117,9.54,,
41828,10.8,,
41710,4.53,,
41085,5.412,,
41107,4.944,,
40555,4.554,,
41170,11.13,,
41170,10.74,,
41802,5.304,,
40557,79.152,,
41268,5.436,,
41900,8.82,,
41360,5.058,,
41730,5.931,,
41216,5.7,,
40746,5.52,,
41703,5.436,,
41930,5.176,,
41941,10.188,,
41771,24.984,,
41225,29.2,,
41222,25.32,,
41389,7.68,,
41510,8.52,,
40968,19.38,,
40782,9.12,,
41089,5.3295,,
41071,6.5175,,
41051,15.768,,
40843,62.3598,,
41808,23.598,,
41925,7.74,,
41047,7.884,,
41789,9.54,,
41908,5.56,,
40871,2.624,,
40822,9.09,,
40858,3.392,,
40658,10.368,,
41996,1.641,,
41813,10.332,,
41472,9.552,,
41981,15.552,,
40603,5.94,,
41652,9.78,,
41996,6.33,,
40836,3.808,,
41425,5.56,,
41446,6.9,,
41397,12.672,,
41639,16.52,,
41841,13.36,,
41442,9.45,,
41061,4.968,,
41948,3.6,,
41488,4.56,,
41404,13.2,,
41933,7.29,,
41578,28.062,,
41870,15.87,,
41793,6.99,,
41002,4.095,,
41316,4.086,,
41772,13.11,,
41628,7.848,,
41659,4.356,,
41528,6.84,,
41848,16.53,,
41923,8.712,,
41015,27.06,,
41521,5.238,,
41281,7.62,,
41362,2.848,,
40779,15.144,,
40653,9.612,,
41178,14.752,,
41626,40,,
40889,16.36,,
41225,5.868,,
40737,9.344,,
41155,60.6,,
40694,7.184,,
41541,9.54,,
41446,44.838,,
41406,5.98,,
40896,4.812,,
41670,7.71,,
40759,16.4,,
41620,6.672,,
41384,5.46,,
41078,4.536,,
41541,4.912,,
41536,2.672,,
41779,5.58,,
41669,12.128,,
41102,1.928,,
41536,3,,
41079,5.792,,
41934,6.216,,
41946,3.312,,
41628,10.44,,
41794,5.2,,
41961,4.158,,
41726,11.94,,
41426,7.152,,
41416,3.798,,
40604,3.424,,
41156,7.326,,
41768,10.53,,
41642,3.816,,
41569,6.78,,
41942,16.542,,
41496,3.141,,
41870,17.49,,
41625,8.064,,
41156,11.85,,
41687,4.644,,
41794,4.545,,
40658,11.76,,
41681,29.01,,
40931,15.72,,
40719,17.01,,
41221,4.44,,
41051,4.122,,
41171,4.26,,
41085,54.378,,
41495,5.58,,
41460,8.136,,
41449,5.76,,
41788,3.18,,
41550,4.41,,
41941,5.598,,
41613,6.72,,
41610,7.044,,
41715,8.6,,
41129,25.2,,
41648,40.008,,
41352,306.612,,
40560,17.055,,
41484,16.02,,
41281,7.479,,
40989,8.07,,
41911,6.6555,,
40701,11.934,,
41657,44.685,,
40812,35.73,,
41183,8.64,,
40976,2.88,,
41267,5.584,,
41240,6.24,,
41418,4.98,,
40616,3.38,,
41965,5.56,,
41214,4.95,,
41289,4.66,,
41933,3.75,,
40907,2.286,,
41801,40.032,,
41110,2.88,,
41542,6.38,,
41601,4.488,,
41452,5.304,,
40794,3.52,,
41321,5.8,,
41142,3.488,,
41200,10.11,,
40815,10.048,,
41433,5.472,,
41808,5.004,,
40658,27.054,,
41990,16.86,,
41240,6.66,,
41428,50.37,,
41439,3.348,,
41746,8.28,,
41130,17.52,,
41379,11.52,,
41738,14.535,,
41332,9,,
40591,5.679,,
40779,3.807,,
41590,13.896,,
40701,5.316,,
41923,6.714,,
41983,13.71,,
41182,5.52,,
41339,14.4,,
41995,33.6,,
41212,6.408,,
41906,32.04,,
41601,4.36,,
41929,4.224,,
40616,13.95,,
41892,9.9351,,
41813,10.5894,,
41955,6.615,,
41809,27.48,,
40823,23.64,,
41442,8.8086,,
41114,3.495,,
41740,7.61,,
41808,2.304,,
41731,5.78,,
41221,5.04,,
41374,5.28,,
41967,7.476,,
41589,4.624,,
41522,3.912,,
41225,4.662,,
40897,3.69,,
41807,5.936,,
41892,14.136,,
41815,2.88,,
41729,5.715,,
40883,4.6,,
40781,17.34,,
41530,11.07,,
41869,5.552,,
41514,9.216,,
41801,14.7,,
41558,4.095,,
41835,4.448,,
41551,6.16,,
41828,5.94,,
41857,26.52,,
40584,3.438,,
41910,19.56,,
41158,3.483,,
40573,20.142,,
41985,3.99,,
41659,10.572,,
40680,6.021,,
41669,38.16,,
41138,13.32,,
40605,13.95,,
40823,7.488,,
40690,22.92,,
41704,16.896,,
40673,6.5,,
41897,8.208,,
40724,5.904,,
41798,7.448,,
41451,8.784,,
40813,8.12,,
41796,7.3,,
40785,9.54,,
41680,6,,
41274,11.31,,
40904,89.16,,
41982,6.72,,
41137,10.86,,
41908,8.16,,
41103,8.2335,,
41431,30.888,,
41709,5.248,,
40772,12.67,,
41267,45.92,,
40733,10.368,,
41890,4.896,,
41180,12.536,,
41709,13.092,,
41836,6.56,,
41628,5.214,,
40711,6.24,,
41381,35.168,,
41729,6.08,,
40947,5.76,,
41264,3.008,,
41233,9.612,,
41095,4.928,,
41520,7.312,,
41442,5.712,,
41232,4.41,,
40842,4.284,,
41333,4.944,,
41888,6.72,,
41539,30.48,,
41940,4.482,,
40917,22.14,,
41069,5.736,,
41626,5.31,,
41251,5.238,,
41036,3.516,,
41978,4.248,,
41542,11.04,,
41351,13.194,,
40701,6.612,,
40819,4.329,,
41733,4.095,,
40693,45.69,,
41544,4.632,,
41587,52.5,,
41820,10.92,,
41450,9.972,,
40820,28.992,,
41408,5.744,,
41389,2.364,,
41574,25.704,,
41771,10.68,,
41855,18.45,,
41901,6.318,,
40759,8.25,,
41599,8.01,,
41040,27.66,,
41970,23.5956,,
40627,9.153,,
41528,5.706,,
41550,7.092,,
40862,4.224,,
40931,14.62,,
41449,3.96,,
41996,4.17,,
40714,3.392,,
41246,16.448,,
41225,5.238,,
41144,8.64,,
41934,4.064,,
41206,3.592,,
41349,4.544,,
41137,2.724,,
41177,2.469,,
40921,7.62,,
41169,3.324,,
40684,9.588,,
40969,8.232,,
40658,17.88,,
41582,6.48,,
41069,10.68,,
41342,16.824,,
41268,4.728,,
41130,4.8,,
40708,2.016,,
41750,5.931,,
41667,5.094,,
41023,6.45,,
41810,9.954,,
41794,76.48,,
41027,74.08,,
40908,52.332,,
41304,6.096,,
41761,4.644,,
41088,5.54,,
41886,5.56,,
41456,16.48,,
40876,4.4,,
41608,2.272,,
40970,26.67,,
41104,4.5,,
40774,52.02,,
41997,7.3617,,
41839,7.9818,,
41243,58.9632,,
41529,7.61,,
41027,8.652,,
40803,5.892,,
41499,6.48,,
41519,16.688,,
40572,3.928,,
41026,5.84,,
41099,5.16,,
40815,4.224,,
41771,5.248,,
41704,7.9,,
41911,9.24,,
41864,54.92,,
41772,7.77,,
41765,6.68,,
41221,11.82,,
41029,6.48,,
41940,5.607,,
41060,5.904,,
41873,6.672,,
41767,6.228,,
41503,3.573,,
41067,25.83,,
40658,6.444,,
41563,3.618,,
41807,13.2,,
41977,13.56,,
41439,4.572,,
41190,3.576,,
41075,4.476,,
41813,4.53,,
41433,6.72,,
41793,7.83,,
41907,5.532,,
40652,5.256,,
41044,8.076,,
41499,5.04,,
40952,7.29,,
41989,8.49,,
41059,12.78,,
40708,4.524,,
41488,2.496,,
40630,6.4,,
41634,7.008,,
40746,6.528,,
41387,7.072,,
41968,8.64,,
41953,6.444,,
41900,3.26,,
41963,3.144,,
42004,26.4,,
41515,30.15,,
41541,15.96,,
41793,21.72,,
41592,4.455,,
41837,81.828,,
40889,4.56,,
41438,5.6763,,
41429,4.8,,
40875,8.2335,,
41043,22.8,,
41017,6.16,,
41914,6.672,,
41618,3.69,,
41099,6.58,,
41274,3.656,,
41561,6.286,,
40996,5.232,,
41716,9.144,,
41900,10.776,,
40980,6.408,,
41618,10.9,,
41947,11.673,,
41879,5.184,,
41057,6.096,,
40693,13.62,,
41409,4.768,,
41871,2.296,,
41176,14.91,,
41418,6.294,,
42002,2.96,,
40865,2.892,,
41909,35.88,,
41397,5.04,,
40767,2.952,,
41159,7.24,,
41687,7.692,,
40879,5.95,,
41968,7.78,,
41688,5.715,,
41630,10.08,,
41076,2.349,,
40779,2.934,,
40697,55.92,,
40807,4.8,,
40578,6.822,,
41767,10.14,,
41187,7.62,,
41228,4.548,,
41628,7.872,,
40885,3.438,,
41976,10.98,,
41508,4.761,,
41307,6.444,,
41873,6.456,,
41700,4.89,,
41214,3.99,,
41710,7.152,,
41799,7.164,,
41734,5.712,,
41635,9.528,,
41809,6.192,,
41040,8.04,,
41719,14.82,,
40646,10.26,,
41730,2.316,,
40698,27.6,,
41304,6.496,,
41531,7.104,,
41802,126.174,,
41448,4.8,,
40844,34.98,,
41468,14.28,,
41857,13.9761,,
41410,16.206,,
41762,8.964,,
41493,109.593,,
41819,61.47,,
41617,12,,
41537,2.308,,
41043,4.896,,
41744,14.592,,
41502,3.15,,
41751,2.934,,
41213,2.78,,
41880,5.56,,
40865,1.944,,
40668,6.56,,
41128,3.304,,
41073,29.84,,
41932,2.072,,
41639,6.384,,
40890,5.214,,
41892,9.856,,
41083,5.43,,
40634,6.24,,
41456,50.12,,
41297,8.04,,
40835,2.992,,
40793,3.828,,
41985,6.54,,
41927,4.77,,
41346,7.308,,
41989,4.095,,
41999,5.304,,
41823,6.12,,
40917,3.348,,
41801,5.238,,
41403,11.4,,
40872,134.13,,
40569,5.052,,
40596,10.8,,
41822,5.931,,
41270,7.02,,
40596,3.708,,
41584,10.572,,
41234,3.96,,
41103,6.096,,
40876,3.888,,
40807,29.988,,
41897,45.36,,
41582,6.592,,
41537,5.32,,
41990,9.52,,
41956,162.112,,
41156,5.08,,
41544,4.824,,
41808,6.81,,
41666,38.97,,
41865,6.993,,
41258,3.28,,
41607,7.16,,
41228,11.364,,
41279,5.248,,
41613,1.728,,
41122,6.72,,
40624,7.644,,
41563,5.5,,
41016,5.56,,
40848,7.52,,
41031,8.856,,
40669,5.78,,
41055,18.272,,
40830,3.16,,
41073,6.48,,
41725,3.76,,
40827,7.64,,
40778,4.224,,
41479,4.448,,
41549,5.388,,
41869,13.92,,
41669,4.768,,
41782,2.78,,
40586,9.64,,
40812,3.152,,
41068,4.448,,
41632,4.104,,
41915,4.884,,
41353,10.32,,
41177,3.582,,
41150,6.684,,
41072,4.884,,
40940,18.54,,
41866,10.53,,
40970,8.91,,
41848,69.96,,
41064,3.996,,
40708,12.9,,
41985,2.808,,
41973,3.15,,
40623,55.14,,
41368,4.473,,
41261,6.756,,
40816,6.984,,
41815,11.28,,
41156,9.024,,
41499,5.628,,
41907,40.74,,
41992,14.7,,
41740,3.552,,
41193,4.18,,
41039,15.732,,
41487,3.264,,
41069,7.785,,
41082,26.4,,
41163,9.78,,
40634,10.08,,
41844,5.319,,
41159,10.707,,
41599,2.628,,
41591,4.368,,
41877,3.424,,
40661,5.34,,
41695,4.956,,
41994,6.48,,
40803,4.624,,
41253,3.9,,
41134,5.64,,
41545,2.907,,
40892,6.16,,
41703,2.464,,
41190,3.44,,
41479,4.752,,
40800,9.96,,
41172,2.808,,
40718,4.272,,
41810,11.568,,
41543,4.98,,
41543,5.76,,
41969,4.347,,
41779,4.644,,
41228,1.71,,
41645,5.148,,
41736,11.148,,
41862,3.429,,
40702,5.715,,
40939,4.95,,
41377,5.643,,
40573,11.817,,
41452,3.231,,
41961,7.884,,
40835,3.18,,
41530,2.673,,
41772,3.132,,
41226,6.192,,
41514,26.46,,
41894,5.292,,
41635,11.184,,
41912,6.33,,
41449,14.56,,
40634,8.784,,
41064,19.88,,
41522,6.714,,
41400,11.14,,
41627,14.928,,
41955,6.72,,
41925,26.712,,
41741,3.492,,
41226,415.44,,
40906,23.88,,
41871,31.17,,
41772,25.515,,
41857,4.788,,
41519,6.79,,
41991,11.808,,
41603,4.416,,
41591,6.27,,
41249,2.772,,
41994,6.984,,
41137,5.04,,
41247,8.226,,
41887,4.368,,
41621,13.9,,
41342,5.984,,
41842,8.8,,
40945,2.934,,
40688,14.62,,
40920,10.384,,
40914,11.412,,
41991,11.58,,
41288,6.975,,
41625,5.85,,
41766,11.43,,
41698,4.89,,
41954,7.614,,
41667,3.708,,
41632,6.03,,
41228,51.24,,
41158,6.12,,
41802,4.8,,
41073,8.82,,
41059,2.736,,
41591,1.989,,
41991,12.18,,
41997,4.944,,
41059,29.412,,
41016,4.584,,
41799,7.88,,
41197,8.904,,
41787,81.12,,
41605,3.68,,
41599,13.968,,
41376,7.5,,
41522,5.856,,
41361,3.048,,
41381,6.88,,
41238,4.392,,
41676,7.38,,
41883,11.13,,
41169,62.208,,
41800,7.812,,
41956,63.0276,,
41956,340.65,,
41585,21.7635,,
40554,4.9053,,
41178,2.08,,
41082,4.96,,
41431,7.56,,
41816,5.344,,
41838,7.904,,
41696,1.788,,
41584,3.564,,
40857,3.9,,
40868,1.632,,
41763,22.96,,
40904,7.86,,
41641,6.47,,
41270,4.728,,
40908,18.9,,
41496,4.338,,
41330,4.032,,
41156,11.871,,
41873,4.62,,
41320,8.928,,
41961,3.264,,
41909,4.473,,
41439,3.576,,
41884,5.52,,
41366,4.41,,
41871,4.89,,
41981,7.308,,
41111,7.569,,
41325,5.328,,
41484,10.56,,
41251,8.478,,
41638,6.432,,
41270,4.5,,
41074,26.19,,
41636,4.632,,
41452,5.16,,
41592,25.14,,
41088,4.32,,
41143,5.2,,
41904,67.86,,
40865,22.89,,
40690,45.705,,
41941,5.436,,
41312,36.3,,
41470,7.77,,
41538,26.43,,
41169,3.264,,
41995,6.63,,
40577,12.35,,
41605,7.312,,
41610,4.704,,
40811,3.264,,
41806,4.26,,
40794,4.02,,
41936,3.564,,
41255,8.22,,
41627,772.47,,
40760,15.78,,
41680,21.12,,
41794,4.554,,
42002,1.68,,
41607,6.888,,
41174,2.816,,
41960,1.824,,
41614,3.536,,
41990,5.984,,
41659,2.04,,
41893,3.438,,
41569,6.69,,
41048,21.96,,
41956,4.884,,
41709,3.222,,
41505,3.24,,
41298,12.72,,
41604,24.993,,
41626,20.124,,
41477,5.16,,
41618,3.528,,
41709,5.22,,
41187,6.18,,
41270,78.3,,
40836,13.47,,
41859,28.575,,
40550,5.025,,
41977,11.34,,
41956,13.29,,
41311,11.4,,
40754,3.3231,,
41922,10.816,,
41478,4.16,,
41760,4.608,,
41914,1.44,,
41463,2.632,,
41593,7.38,,
40743,3.81,,
41433,4.73,,
41974,2.368,,
41424,4.448,,
41268,3.28,,
41660,3.52,,
41296,20.65,,
41772,10.272,,
41898,2.688,,
41197,3.96,,
41962,41.472,,
41911,2.655,,
41802,4.572,,
40733,5.56,,
41500,12.36,,
41429,6.384,,
41064,7.056,,
41264,15.15,,
40568,3.96,,
41969,6.99,,
41563,4.122,,
40794,3.708,,
41520,5.592,,
41677,2.016,,
41677,3.936,,
41331,5.304,,
41338,4.884,,
41111,3.87,,
40875,3.915,,
41897,3.86,,
41540,7.716,,
41660,8.064,,
41438,7.78,,
41914,5.232,,
41667,13.545,,
41883,12.36,,
40565,11.58,,
40646,8.7132,,
41816,122.55,,
41865,61.128,,
41670,7.155,,
41899,8.82,,
40945,5.28,,
41964,4.656,,
41412,2.952,,
41235,27.168,,
40890,2.92,,
41061,5.728,,
41707,3.36,,
41758,6.848,,
41514,14.16,,
40891,2.624,,
41149,4.16,,
41253,5.76,,
41753,3,,
41478,5.4,,
41234,5.344,,
41947,4.086,,
41948,3.564,,
41712,7.992,,
40557,3.438,,
40598,4.032,,
41652,21.48,,
41880,4.383,,
41871,4.212,,
41962,5.103,,
41325,3.396,,
40653,2.286,,
41925,2.952,,
41228,4.452,,
41473,8.76,,
40859,2.58,,
41061,7.152,,
40926,1.908,,
42003,5.247,,
41853,12.4,,
40788,16.152,,
41080,6.948,,
41225,6.93,,
41897,4.08,,
41800,24.57,,
41211,7.884,,
40877,9.4869,,
41038,180.6,,
41536,4.616,,
40806,2.816,,
41965,9.02,,
40872,5.904,,
41537,5.04,,
40953,2.286,,
41159,4.923,,
41366,3.592,,
41475,8.6,,
41274,3.488,,
41903,4.36,,
41944,5.248,,
41513,8.64,,
41946,5.56,,
41810,6.888,,
41137,6.12,,
40773,100.404,,
41493,3.456,,
41103,3.375,,
41579,9.639,,
41885,2.718,,
41031,36.684,,
41996,1.935,,
40709,2.652,,
41275,9.27,,
41620,2.556,,
41941,8.88,,
41432,5.004,,
41826,6.612,,
41136,13.956,,
41990,8.91,,
41458,17.88,,
40798,4.8,,
40842,14.784,,
40907,8.31,,
40786,374.856,,
41835,6.2646,,
40552,9.6114,,
41317,12.5769,,
41519,44.76,,
41235,2.544,,
41975,17.52,,
41109,2.025,,
40874,3.76,,
40661,3.15,,
41664,5.67,,
41978,5.346,,
41355,3.168,,
41130,4.608,,
41691,6.56,,
40868,5.46,,
41981,3.552,,
41674,3.882,,
41876,3.744,,
41028,7.968,,
41601,6.216,,
41132,11.96,,
40868,6.58,,
41833,3.816,,
41723,12.768,,
41429,4.347,,
40756,1.602,,
41523,5.7,,
41502,5.052,,
41986,3.159,,
41986,3.429,,
41690,7.911,,
41614,5.91,,
40555,3.087,,
41919,12.06,,
41762,4.428,,
41962,4.692,,
41086,4.56,,
41495,5.352,,
41148,27.58,,
40735,24.6,,
40875,3.84,,
41814,78.44,,
41209,6.09,,
41209,3.336,,
41746,11.19,,
41424,10.32,,
41284,4.731,,
41134,7.7385,,
41509,3.318,,
40722,3.168,,
41400,5.98,,
41859,11.68,,
41212,15.488,,
40637,5.47,,
41638,2.808,,
41205,3.592,,
40850,7.856,,
41508,9.216,,
40851,2.94,,
41191,1.872,,
40803,5.248,,
40819,1.788,,
41919,6.48,,
40636,11.16,,
41878,3.231,,
41796,1.809,,
41453,4.272,,
40779,12.096,,
41624,48.708,,
41493,3.438,,
41162,4.329,,
41325,3.324,,
40555,17.361,,
41709,3.393,,
41251,44.37,,
41762,1.962,,
41501,2.475,,
40806,3.258,,
41620,3.222,,
41547,16.92,,
41967,3.624,,
41596,5.12,,
41418,6.944,,
41785,22.3,,
41891,4.48,,
41080,6.324,,
41906,4.704,,
41808,16.98,,
41821,4.8,,
41907,48.96,,
41660,21,,
41209,5.724,,
41162,5.8194,,
40788,9.3,,
41844,40.464,,
41939,6.16,,
41967,3.304,,
41561,4.02,,
41915,2.88,,
41622,6.096,,
41976,10.08,,
41920,4.24,,
41639,5.904,,
41254,4.224,,
41957,2.064,,
41754,1.81,,
41779,13.216,,
40879,2.394,,
40598,4.428,,
41999,3.856,,
40764,4.464,,
41949,12.96,,
41844,13.92,,
41197,4.464,,
41763,8,,
41159,6.096,,
41610,40.7,,
40845,1.98,,
40580,2.688,,
41226,10.92,,
41599,3.744,,
41008,2.796,,
41848,8.58,,
41814,29.4,,
41299,3.24,,
41500,4.38,,
41999,2.07,,
41224,10.116,,
42003,4.203,,
41111,4.512,,
41570,3.3,,
41593,4.688,,
41953,2.364,,
41466,3.708,,
41747,2.955,,
41450,12.96,,
40875,50.5155,,
41949,2.388,,
40554,2.89,,
40891,2.896,,
40620,8.016,,
41820,5.184,,
41481,7.89,,
41778,3.048,,
41491,20.952,,
41509,4.312,,
41593,2.296,,
41967,6.464,,
40632,15.84,,
40781,3.38,,
42002,1.188,,
41477,3.15,,
40999,98.376,,
41222,2.48,,
41759,4.91,,
41162,6.08,,
40886,237.096,,
41268,9.96,,
40873,4.32,,
41716,4.608,,
41304,1.728,,
41387,2.88,,
40808,3.984,,
41842,2.112,,
41642,2.58,,
40757,10.41,,
41444,3.294,,
40973,5.91,,
41038,4.944,,
41043,20.52,,
41825,13.41,,
40890,3.978,,
41184,3.951,,
41164,2.94,,
41718,42.784,,
40702,8.928,,
41737,5.328,,
41829,7.56,,
40553,9.344,,
41911,1.744,,
41892,4.672,,
41495,11.168,,
41321,6.976,,
41760,2.376,,
41355,1.344,,
41962,2.944,,
41771,6.848,,
41856,3.318,,
41760,9.78,,
40837,2.84,,
41412,2.89,,
41632,2.328,,
40830,2.946,,
41171,8.4,,
41949,4.41,,
40739,3.024,,
41989,2.448,,
41785,2.448,,
41982,4.77,,
41186,9.912,,
41578,2.925,,
40994,46.71,,
41331,3.888,,
41808,3.216,,
41148,2.592,,
41491,7.56,,
41995,2.384,,
40942,3.804,,
41968,5.72,,
40841,4.46,,
41040,5.94,,
41814,175.42,,
41410,6.672,,
41120,7.26,,
41604,2.838,,
41614,3.768,,
41824,9.78,,
41529,74.88,,
40995,128.37,,
41038,8.694,,
41122,79.47,,
41066,4.5705,,
40686,3.282,,
41043,2.696,,
40806,9.96,,
41003,11.16,,
41158,6.096,,
41095,4.928,,
41894,12.96,,
40906,274.77,,
41439,18.9,,
41972,1.64,,
41398,2.182,,
40724,6.6,,
41892,6.56,,
41255,2.21,,
40623,9.32,,
41232,5.984,,
41183,2.992,,
41060,3.564,,
41250,12.96,,
40681,3.984,,
41447,2.448,,
40815,5.532,,
41517,1.935,,
41048,3.438,,
41884,2.052,,
41880,2.547,,
41054,12.51,,
40823,9.84,,
41519,3.015,,
41251,4.014,,
41923,13.329,,
42004,7.12,,
41487,16.74,,
40837,19.2,,
41891,12.06,,
41789,2.238,,
41232,12.62,,
41506,34.02,,
41819,66.57,,
41480,106.9725,,
41904,12.06,,
41361,21.72,,
41516,1.788,,
41950,5.68,,
41524,3.204,,
41925,0.99,,
41764,2.313,,
41968,2.88,,
41779,3.52,,
41415,2.694,,
41778,1.996,,
41537,6.24,,
41654,2.508,,
41669,8.57,,
41454,8.74,,
40904,51.45,,
40628,3.36,,
41429,2.07,,
40578,4.41,,
41967,97.32,,
41942,15.894,,
40868,6.696,,
40728,7.77,,
41793,14.28,,
40773,5.472,,
41999,8.784,,
41844,3.99,,
40969,2.808,,
41475,6.12,,
41043,6.4,,
41382,2.364,,
41604,12,,
41717,26.94,,
41606,4.56,,
40773,16.62,,
41089,3.33,,
41858,26.1,,
41807,11.49,,
41992,8.1174,,
41846,12.045,,
41719,2.91,,
41145,2.724,,
41219,7.08,,
41892,3.036,,
41992,3.2,,
41592,4.18,,
41977,3.15,,
41957,11.22,,
40811,2.724,,
40893,1.984,,
41099,269.982,,
40729,4.368,,
41234,11.696,,
41073,8.26,,
41555,4.928,,
41774,5.04,,
41842,3.52,,
41384,3.28,,
41167,3.576,,
40913,17.48,,
41999,3.168,,
41778,1.892,,
40736,3.488,,
41068,2.376,,
41589,3.64,,
41654,2.52,,
41226,9.872,,
41873,2.364,,
41503,2.94,,
41681,3.15,,
40970,1.908,,
41068,4.347,,
41687,3.744,,
41983,2.052,,
41397,24.336,,
41911,5.552,,
41155,4.352,,
41939,59.16,,
41439,33.72,,
40862,5.32,,
41993,15.392,,
41501,25.6,,
41984,20.16,,
41137,47.88,,
41122,9.072,,
41950,5.682,,
41827,2.946,,
40805,7.16,,
41514,4.624,,
41598,2.328,,
41756,1.988,,
41257,3.76,,
41101,2.502,,
41396,2.742,,
40715,3.984,,
42004,3.024,,
40633,1.869,,
41782,1.592,,
41601,2.088,,
41529,2.912,,
40865,8.544,,
41174,3.204,,
41761,3.328,,
40780,2.862,,
41340,1.728,,
41017,1.476,,
41705,4.928,,
40697,15.936,,
41950,16.398,,
40822,2.286,,
41953,8.478,,
41330,4.248,,
41288,1.773,,
41117,6.684,,
41984,5.79,,
41585,1.161,,
40661,4.194,,
41940,2.052,,
41428,8.76,,
41962,5.808,,
41365,1.845,,
41772,2.808,,
41989,2.628,,
41911,43.752,,
41284,12.36,,
40700,5.022,,
41092,19.464,,
41286,93,,
41477,8.54,,
41170,5.352,,
41808,23.1,,
41634,26.37,,
40920,17.16,,
41156,9.12,,
41823,89.4,,
41687,6.777,,
40722,83.0664,,
40906,4.9053,,
41971,12.1158,,
41647,2.808,,
40722,6.08,,
41235,2.946,,
40641,2.368,,
41389,3.108,,
41915,10.16,,
40850,3.488,,
41158,8.39,,
41636,2.61,,
41201,1.72,,
41340,2.334,,
41241,45.28,,
41244,3.64,,
40582,331.02,,
41852,8.361,,
41659,8.688,,
41813,4.518,,
41458,5.688,,
40854,4.548,,
41855,4.56,,
41928,60.264,,
41243,6.81,,
41307,5.058,,
41808,3.456,,
41885,16.8,,
41978,2.808,,
41281,12.12,,
41604,91.424,,
40820,2.4,,
41544,22.448,,
41648,48.75,,
41137,2.304,,
41983,2.624,,
40973,2.556,,
40724,2.688,,
41247,16.9,,
40676,8,,
41940,8.448,,
42002,2.48,,
41628,1.8,,
41088,15.552,,
41383,6.99,,
41578,3.62,,
41108,3.328,,
41723,2.664,,
40970,4.32,,
40893,25.98,,
41751,2.928,,
41233,12.93,,
41295,3.348,,
41501,5.859,,
41251,1.602,,
40938,2.592,,
41899,6.99,,
40956,3.584,,
41337,28.12,,
41541,59.085,,
41934,9.54,,
41939,19.9863,,
41425,2.376,,
41793,2.97,,
41421,9.64,,
41850,2.896,,
41401,3.208,,
40661,6.912,,
41875,2.784,,
41157,4.47,,
41516,3.486,,
41337,2.304,,
41164,9.26,,
40700,1.365,,
41985,1.392,,
41557,1.408,,
40980,5.04,,
41085,0.984,,
41438,1.524,,
41606,79.95,,
41780,14.7,,
41489,1.668,,
40757,4.788,,
41512,7.14,,
41526,2.364,,
41810,2.808,,
40959,3.516,,
41487,8.91,,
40882,2.358,,
41639,13.02,,
40885,27.42,,
40829,3.36,,
41108,3.696,,
41611,23.84,,
40843,16.82,,
41379,8.616,,
41625,4.788,,
41384,5.84,,
41437,1.344,,
41421,1.504,,
40739,2.97,,
41253,2.61,,
41922,18.24,,
41253,1.78,,
41893,2.78,,
40625,9.912,,
41885,5.588,,
40914,1.938,,
41025,2.624,,
41741,1.752,,
41372,3.64,,
41999,4.944,,
41065,14.652,,
41891,1.899,,
41803,4.41,,
41943,4.53,,
41533,4.644,,
41438,7.18,,
41816,6.34,,
41577,4.32,,
41130,2.2,,
41514,3.528,,
41015,1.448,,
40872,2.52,,
41666,7.16,,
41592,3.136,,
40644,9.584,,
41783,1.824,,
41416,1.964,,
41510,1.98,,
41061,1.44,,
41928,3.99,,
41899,1.359,,
41968,4.032,,
41048,1.197,,
41851,1.548,,
40573,1.161,,
40744,31.077,,
40905,7.335,,
41505,15.948,,
40764,2.16,,
41018,11.49,,
41883,9.516,,
40820,7.872,,
41674,5.595,,
41946,6.27,,
41044,61.08,,
41474,1.872,,
40591,1.08,,
41131,3.75,,
42000,3.132,,
40988,2.512,,
41164,1.24,,
41529,1.908,,
41421,5.94,,
41764,2.202,,
41894,1.556,,
41340,2.043,,
41234,1.696,,
41950,1.248,,
41241,3.008,,
41543,4.464,,
41513,4.26,,
40828,22.98,,
41999,1.86,,
40814,19.14,,
41911,2.776,,
41554,3.18,,
41936,11.616,,
41355,4.288,,
41406,38.07,,
41813,18.72,,
41983,1.248,,
40984,2.74,,
41256,12.96,,
41148,3.08,,
41901,8.928,,
40903,3.48,,
41988,2.032,,
41599,4.91,,
40633,0.852,,
40854,1.476,,
41126,1.362,,
41165,2.412,,
40651,2.688,,
41865,1.584,,
40745,1.044,,
40969,3.552,,
41241,8.28,,
40900,1.344,,
40848,3.132,,
40871,5.742,,
41066,4.302,,
40640,80.97,,
41670,2.385,,
41960,7.62,,
41513,1.956,,
40987,2.16,,
41561,4.248,,
41501,5.265,,
41294,10.65,,
41820,3.096,,
41173,7.344,,
41587,5.085,,
41698,43.65,,
40891,58.44,,
41598,1.192,,
41130,6.16,,
40812,0.876,,
41237,3.168,,
40964,3.15,,
41628,3.52,,
41259,4.98,,
41947,16.272,,
41569,12.39,,
41722,4.077,,
41465,3.375,,
41062,8.04,,
41305,3.465,,
41505,4.095,,
41641,173.46,,
41961,20.664,,
40721,1.809,,
41813,5.952,,
40708,37.632,,
40716,1.788,,
41223,32.8,,
41001,14.931,,
41246,2.96,,
41830,1.08,,
41968,5.88,,
41216,6.608,,
40858,1.234,,
41541,12.201,,
41869,8.016,,
41948,1.408,,
41701,0.556,,
41346,1.44,,
40799,15.51,,
40647,1.935,,
41431,1.935,,
41165,15.5,,
41610,110.34,,
41128,45.45,,
40990,136.08,,
41101,11.12,,
41807,18.54,,
41837,2.912,,
40893,1.167,,
41815,10.272,,
41810,2.264,,
40859,2.672,,
41655,32.784,,
40686,5.04,,
41991,1.161,,
40799,12.5,,
41363,49.653,,
41288,38.9709,,
41250,59.31,,
40978,1.112,,
40954,19.44,,
41491,302.384,,
41904,1.908,,
41180,1.08,,
42003,12.53,,
41447,0.836,,
41986,4.02,,
40866,10.8,,
40729,3.99,,
41985,2.448,,
41967,1.197,,
41551,1.323,,
41236,1.566,,
40761,21.264,,
41624,48.93,,
40922,59.1,,
41955,6.9,,
40850,17.28,,
41481,30.618,,
41801,279.96,,
41347,1.272,,
41680,3.984,,
41618,2.946,,
41783,1.188,,
41226,17.496,,
41481,25.83,,
40896,4.05,,
41069,4.644,,
41439,7.476,,
41985,2.673,,
41991,2.781,,
41232,24.648,,
41995,36.68,,
41782,27.3,,
41505,4.56,,
41828,18.36,,
41530,15.232,,
41477,1.941,,
41746,2.896,,
41912,35,,
40826,0.898,,
41344,26.85,,
41533,20.416,,
41990,53.73,,
41996,6.69,,
40899,36.48,,
41856,17.88,,
40673,200.4,,
41968,47.142,,
41131,49.302,,
41064,30.44,,
41432,12.96,,
40834,1.344,,
41738,5.34,,
41746,19.32,,
41547,41.64,,
41893,5.92,,
40880,52.59,,
41799,1.624,,
41268,17.94,,
40794,5.364,,
40623,9.612,,
41972,34.128,,
41799,84,,
41271,18.64,,
41789,26.94,,
41856,58.05,,
41809,65.1,,
41810,0.444,,
41610,22.92,,
40957,13.44,,
41051,61.38,,
